WATER_BODY,PSN,STN_DATE,YEAR,SEASON,PARAMETER_CLASS,CODE,ABBREV,FULL_NAME,VALUE_MG_L,INTEGRATION_METHOD,DEPTH_COUNT,MIN_DEPTH_M,MAX_DEPTH_M,SAMPLED_INTERVAL_M,SOUNDING_M,SAMPLED_FRACTION_OF_SOUNDING,CRUISE_PLAN,CSN,LATITUDE_DD,LONGITUDE_DD
LAKE ERIE,1156,2012-05-11 14:32:00,2012,Spring,"Phosphorus, soluble reactive",1838,SRP-P-F,SOLUBLE REACTIVE PHOSPHOROUS,0.00025,TRAPEZOIDAL_DEPTH_AVERAGE,2,1,5,4,5.6,0.714285714286,201201003,36,42.04861,-83.13639
LAKE ERIE,1163,2012-05-09 20:21:00,2012,Spring,"Phosphorus, soluble reactive",1838,SRP-P-F,SOLUBLE REACTIVE PHOSPHOROUS,0.04565,TRAPEZOIDAL_DEPTH_AVERAGE,2,1,6.5,5.5,8.7,0.632183908046,201201003,12,41.46972,-82.71417
LAKE ERIE,1207,2012-05-08 11:23:00,2012,Spring,"Phosphorus, soluble reactive",1838,SRP-P-F,SOLUBLE REACTIVE PHOSPHOROUS,0.0003,TRAPEZOIDAL_DEPTH_AVERAGE,2,1,2.5,1.5,4.5,0.333333333333,201201003,5,42.65056,-81.00778
LAKE ERIE,1236,2012-05-04 02:53:00,2012,Spring,"Phosphorus, soluble reactive",1838,SRP-P-F,SOLUBLE REACTIVE PHOSPHOROUS,0.0008,TRAPEZOIDAL_DEPTH_AVERAGE,2,1,14.5,13.5,16.6,0.813253012048,201201002,46,42.81056,-79.56389
LAKE ERIE,1237,2012-05-04 03:46:00,2012,Spring,"Phosphorus, soluble reactive",1838,SRP-P-F,SOLUBLE REACTIVE PHOSPHOROUS,0.00085,TRAPEZOIDAL_DEPTH_AVERAGE,2,1,18,17,20.2,0.841584158416,201201002,47,42.76639,-79.55583
LAKE ERIE,1238,2012-05-02 23:35:00,2012,Spring,"Phosphorus, soluble reactive",1838,SRP-P-F,SOLUBLE REACTIVE PHOSPHOROUS,0.00115,TRAPEZOIDAL_DEPTH_AVERAGE,2,1,9,8,11.2,0.714285714286,201201002,28,42.63278,-81.21028
LAKE ERIE,1239,2012-05-03 00:20:00,2012,Spring,"Phosphorus, soluble reactive",1838,SRP-P-F,SOLUBLE REACTIVE PHOSPHOROUS,0.00255,TRAPEZOIDAL_DEPTH_AVERAGE,2,1,11,10,13.2,0.757575757576,201201002,29,42.61500,-81.20889
LAKE ERIE,1240,2012-05-03 00:53:00,2012,Spring,"Phosphorus, soluble reactive",1838,SRP-P-F,SOLUBLE REACTIVE PHOSPHOROUS,0.0009,TRAPEZOIDAL_DEPTH_AVERAGE,2,1,13.5,12.5,15.6,0.801282051282,201201002,30,42.56972,-81.20222
LAKE ERIE,1257,2012-05-02 23:09:00,2012,Spring,"Phosphorus, soluble reactive",1838,SRP-P-F,SOLUBLE REACTIVE PHOSPHOROUS,0.00065,TRAPEZOIDAL_DEPTH_AVERAGE,2,1,5.5,4.5,7.7,0.584415584416,201201002,27,42.65028,-81.21083
LAKE ERIE,1262,2012-05-08 14:26:00,2012,Spring,"Phosphorus, soluble reactive",1838,SRP-P-F,SOLUBLE REACTIVE PHOSPHOROUS,0.000325,TRAPEZOIDAL_DEPTH_AVERAGE,2,1,5,4,8.2,0.487804878049,201201003,6,42.65056,-81.21278
LAKE ERIE,1292,2012-05-08 09:20:00,2012,Spring,"Phosphorus, soluble reactive",1838,SRP-P-F,SOLUBLE REACTIVE PHOSPHOROUS,0.0005,SINGLE_DEPTH,1,1,1,0,5.9,0,201201003,4,42.62667,-80.80278
LAKE ERIE,1326,2012-05-09 06:02:00,2012,Spring,"Phosphorus, soluble reactive",1838,SRP-P-F,SOLUBLE REACTIVE PHOSPHOROUS,0.0005,TRAPEZOIDAL_DEPTH_AVERAGE,2,1,19,18,21.1,0.85308056872,201201003,9,41.73361,-81.69750
LAKE ERIE,445,2012-05-04 00:43:00,2012,Spring,"Phosphorus, soluble reactive",1838,SRP-P-F,SOLUBLE REACTIVE PHOSPHOROUS,0.0004249749499,TRAPEZOIDAL_DEPTH_AVERAGE,3,1,999,998,16,62.375,201201002,43,42.80028,-79.69944
LAKE ERIE,449,2012-05-03 23:06:00,2012,Spring,"Phosphorus, soluble reactive",1838,SRP-P-F,SOLUBLE REACTIVE PHOSPHOROUS,0.0015,SINGLE_DEPTH,1,1,1,0,13.4,0,201201002,42,42.76694,-79.96750
LAKE ERIE,67,2012-05-04 01:49:00,2012,Spring,"Phosphorus, soluble reactive",1838,SRP-P-F,SOLUBLE REACTIVE PHOSPHOROUS,0.00065,TRAPEZOIDAL_DEPTH_AVERAGE,2,1,7.5,6.5,9.43,0.689289501591,201201002,44,42.84500,-79.57528
LAKE ERIE,67,2012-05-07 18:48:00,2012,Spring,"Phosphorus, soluble reactive",1838,SRP-P-F,SOLUBLE REACTIVE PHOSPHOROUS,0.0004,SINGLE_DEPTH,1,1,1,0,3.5,0,201201003,1,42.85028,-79.58056
LAKE ERIE,727,2012-05-04 14:43:00,2012,Spring,"Phosphorus, soluble reactive",1838,SRP-P-F,SOLUBLE REACTIVE PHOSPHOROUS,0.0003,SINGLE_DEPTH,1,1,1,0,19.8,0,201201002,54,42.81639,-79.38361
LAKE ERIE,733,2012-05-11 11:24:00,2012,Spring,"Phosphorus, soluble reactive",1838,SRP-P-F,SOLUBLE REACTIVE PHOSPHOROUS,0.0002,TRAPEZOIDAL_DEPTH_AVERAGE,2,1,5,4,6.9,0.579710144928,201201003,35,41.87222,-83.27028
LAKE ERIE,879,2012-05-03 16:49:00,2012,Spring,"Phosphorus, soluble reactive",1838,SRP-P-F,SOLUBLE REACTIVE PHOSPHOROUS,0.00308898305085,TRAPEZOIDAL_DEPTH_AVERAGE,5,1,60,59,62.3,0.947030497592,201201002,38,42.50722,-79.90000
LAKE ERIE,879,2012-05-08 02:30:00,2012,Spring,"Phosphorus, soluble reactive",1838,SRP-P-F,SOLUBLE REACTIVE PHOSPHOROUS,0.0029,TRAPEZOIDAL_DEPTH_AVERAGE,2,1,59,58,61.6,0.941558441558,201201003,3,42.50694,-79.90028
LAKE ERIE,880,2012-05-02 11:32:00,2012,Spring,"Phosphorus, soluble reactive",1838,SRP-P-F,SOLUBLE REACTIVE PHOSPHOROUS,0.00212142857143,TRAPEZOIDAL_DEPTH_AVERAGE,3,1,22,21,24.1,0.871369294606,201201002,23,41.93611,-81.65389
LAKE ERIE,880,2012-05-08 22:07:00,2012,Spring,"Phosphorus, soluble reactive",1838,SRP-P-F,SOLUBLE REACTIVE PHOSPHOROUS,0.00025,TRAPEZOIDAL_DEPTH_AVERAGE,2,1,22.5,21.5,24.7,0.87044534413,201201003,8,41.93889,-81.65333
LAKE ERIE,881,2012-04-30 19:52:00,2012,Spring,"Phosphorus, soluble reactive",1838,SRP-P-F,SOLUBLE REACTIVE PHOSPHOROUS,0.0005,TRAPEZOIDAL_DEPTH_AVERAGE,2,1,3,2,5.4,0.37037037037,201201002,1,41.96806,-83.20833
LAKE ERIE,881,2012-05-15 08:00:00,2012,Spring,"Phosphorus, soluble reactive",1838,SRP-P-F,SOLUBLE REACTIVE PHOSPHOROUS,0.00085,TRAPEZOIDAL_DEPTH_AVERAGE,2,1,4,3,5.8,0.51724137931,201201004,2,41.96917,-83.20972
LAKE ERIE,882,2012-05-10 09:48:00,2012,Spring,"Phosphorus, soluble reactive",1838,SRP-P-F,SOLUBLE REACTIVE PHOSPHOROUS,0.00055,TRAPEZOIDAL_DEPTH_AVERAGE,2,1,4.5,3.5,6.5,0.538461538462,201201003,22,41.76611,-83.30833
LAKE ERIE,885,2012-05-01 16:23:00,2012,Spring,"Phosphorus, soluble reactive",1838,SRP-P-F,SOLUBLE REACTIVE PHOSPHOROUS,0.03135,TRAPEZOIDAL_DEPTH_AVERAGE,2,1,8.5,7.5,11.3,0.663716814159,201201002,11,41.51889,-82.64167
LAKE ERIE,886,2012-05-04 09:21:00,2012,Spring,"Phosphorus, soluble reactive",1838,SRP-P-F,SOLUBLE REACTIVE PHOSPHOROUS,0.0034,SINGLE_DEPTH,1,1,1,0,49.1,0,201201002,51,42.53917,-79.61722
LAKE ERIE,887,2012-05-04 06:08:00,2012,Spring,"Phosphorus, soluble reactive",1838,SRP-P-F,SOLUBLE REACTIVE PHOSPHOROUS,0.000515384615385,TRAPEZOIDAL_DEPTH_AVERAGE,4,1,33.5,32.5,35.6,0.912921348315,201201002,49,42.64778,-79.69194
LAKE ERIE,888,2012-05-02 05:42:00,2012,Spring,"Phosphorus, soluble reactive",1838,SRP-P-F,SOLUBLE REACTIVE PHOSPHOROUS,0.0013,SINGLE_DEPTH,1,1,1,0,22.2,0,201201002,19,42.28028,-81.67056
LAKE ERIE,889,2012-05-02 08:39:00,2012,Spring,"Phosphorus, soluble reactive",1838,SRP-P-F,SOLUBLE REACTIVE PHOSPHOROUS,0.0006,SINGLE_DEPTH,1,1,1,0,24.3,0,201201002,21,42.11028,-81.57500
LAKE ERIE,932,2012-05-04 13:16:00,2012,Spring,"Phosphorus, soluble reactive",1838,SRP-P-F,SOLUBLE REACTIVE PHOSPHOROUS,0.000401428571429,TRAPEZOIDAL_DEPTH_AVERAGE,3,1,18.5,17.5,20.6,0.849514563107,201201002,53,42.79139,-79.20778
LAKE ERIE,933,2012-05-04 02:18:00,2012,Spring,"Phosphorus, soluble reactive",1838,SRP-P-F,SOLUBLE REACTIVE PHOSPHOROUS,0.00075,TRAPEZOIDAL_DEPTH_AVERAGE,2,1,9,8,11.4,0.701754385965,201201002,45,42.82500,-79.56722
LAKE ERIE,934,2012-05-04 04:47:00,2012,Spring,"Phosphorus, soluble reactive",1838,SRP-P-F,SOLUBLE REACTIVE PHOSPHOROUS,0.0006,SINGLE_DEPTH,1,1,1,0,27.7,0,201201002,48,42.70861,-79.50833
LAKE ERIE,935,2012-05-04 07:52:00,2012,Spring,"Phosphorus, soluble reactive",1838,SRP-P-F,SOLUBLE REACTIVE PHOSPHOROUS,0.000501477955912,TRAPEZOIDAL_DEPTH_AVERAGE,6,1,999,998,33,30.2424242424,201201002,50,42.59194,-79.46583
LAKE ERIE,936,2012-05-04 10:38:00,2012,Spring,"Phosphorus, soluble reactive",1838,SRP-P-F,SOLUBLE REACTIVE PHOSPHOROUS,0.0006,SINGLE_DEPTH,1,1,1,0,6.7,0,201201002,52,42.47500,-79.40861
LAKE ERIE,937,2012-05-03 21:10:00,2012,Spring,"Phosphorus, soluble reactive",1838,SRP-P-F,SOLUBLE REACTIVE PHOSPHOROUS,0.0007,TRAPEZOIDAL_DEPTH_AVERAGE,2,1,6,5,8.2,0.609756097561,201201002,41,42.71694,-80.24861
LAKE ERIE,937,2012-05-07 23:43:00,2012,Spring,"Phosphorus, soluble reactive",1838,SRP-P-F,SOLUBLE REACTIVE PHOSPHOROUS,0.00085,TRAPEZOIDAL_DEPTH_AVERAGE,2,1,5.5,4.5,7.5,0.6,201201003,2,42.71694,-80.25028
LAKE ERIE,938,2012-05-03 19:37:00,2012,Spring,"Phosphorus, soluble reactive",1838,SRP-P-F,SOLUBLE REACTIVE PHOSPHOROUS,0.00142382264529,TRAPEZOIDAL_DEPTH_AVERAGE,3,1,999,998,35.8,27.8770949721,201201002,40,42.63333,-80.05833
LAKE ERIE,939,2012-05-03 18:25:00,2012,Spring,"Phosphorus, soluble reactive",1838,SRP-P-F,SOLUBLE REACTIVE PHOSPHOROUS,0.0021,SINGLE_DEPTH,1,1,1,0,56.5,0,201201002,39,42.56556,-79.91528
LAKE ERIE,940,2012-05-03 15:43:00,2012,Spring,"Phosphorus, soluble reactive",1838,SRP-P-F,SOLUBLE REACTIVE PHOSPHOROUS,0.0009,SINGLE_DEPTH,1,1,1,0,48.1,0,201201002,37,42.44139,-79.83306
LAKE ERIE,941,2012-05-03 14:28:00,2012,Spring,"Phosphorus, soluble reactive",1838,SRP-P-F,SOLUBLE REACTIVE PHOSPHOROUS,0.0008,SINGLE_DEPTH,1,1,1,0,35.9,0,201201002,36,42.32472,-79.83444
LAKE ERIE,942,2012-05-03 12:50:00,2012,Spring,"Phosphorus, soluble reactive",1838,SRP-P-F,SOLUBLE REACTIVE PHOSPHOROUS,0.00045253006012,TRAPEZOIDAL_DEPTH_AVERAGE,5,1,999,998,15.2,65.6578947368,201201002,35,42.25861,-79.83306
LAKE ERIE,943,2012-05-03 03:46:00,2012,Spring,"Phosphorus, soluble reactive",1838,SRP-P-F,SOLUBLE REACTIVE PHOSPHOROUS,0.000524774549098,TRAPEZOIDAL_DEPTH_AVERAGE,3,1,999,998,11.4,87.5438596491,201201002,31,42.57500,-80.64167
LAKE ERIE,944,2012-05-03 04:32:00,2012,Spring,"Phosphorus, soluble reactive",1838,SRP-P-F,SOLUBLE REACTIVE PHOSPHOROUS,0.00103571428571,TRAPEZOIDAL_DEPTH_AVERAGE,3,1,15,14,16.9,0.828402366864,201201002,32,42.53361,-80.64306
LAKE ERIE,945,2012-05-03 06:06:00,2012,Spring,"Phosphorus, soluble reactive",1838,SRP-P-F,SOLUBLE REACTIVE PHOSPHOROUS,0.0011,SINGLE_DEPTH,1,1,1,0,20.1,0,201201002,33,42.40028,-80.64250
LAKE ERIE,946,2012-05-03 07:56:00,2012,Spring,"Phosphorus, soluble reactive",1838,SRP-P-F,SOLUBLE REACTIVE PHOSPHOROUS,0.00158846153846,TRAPEZOIDAL_DEPTH_AVERAGE,3,1,20.5,19.5,22.7,0.859030837004,201201002,34,42.16639,-80.64250
LAKE ERIE,949,2012-05-08 17:33:00,2012,Spring,"Phosphorus, soluble reactive",1838,SRP-P-F,SOLUBLE REACTIVE PHOSPHOROUS,0.00075,TRAPEZOIDAL_DEPTH_AVERAGE,2,1,20,19,21.8,0.871559633028,201201003,7,42.25000,-81.10889
LAKE ERIE,950,2012-05-02 21:44:00,2012,Spring,"Phosphorus, soluble reactive",1838,SRP-P-F,SOLUBLE REACTIVE PHOSPHOROUS,0.0009,SINGLE_DEPTH,1,1,1,0,8.3,0,201201002,26,42.58778,-81.44167
LAKE ERIE,951,2012-05-02 20:22:00,2012,Spring,"Phosphorus, soluble reactive",1838,SRP-P-F,SOLUBLE REACTIVE PHOSPHOROUS,0.000957690380762,TRAPEZOIDAL_DEPTH_AVERAGE,5,1,999,998,19.9,50.1507537688,201201002,25,42.47500,-81.44167
LAKE ERIE,952,2012-05-02 19:28:00,2012,Spring,"Phosphorus, soluble reactive",1838,SRP-P-F,SOLUBLE REACTIVE PHOSPHOROUS,0.0014,SINGLE_DEPTH,1,1,1,0,22.4,0,201201002,24,42.35889,-81.44111
LAKE ERIE,953,2012-05-02 07:16:00,2012,Spring,"Phosphorus, soluble reactive",1838,SRP-P-F,SOLUBLE REACTIVE PHOSPHOROUS,0.000624624248497,TRAPEZOIDAL_DEPTH_AVERAGE,3,1,999,998,23.2,43.0172413793,201201002,20,42.20806,-81.44194
LAKE ERIE,954,2012-05-02 09:58:00,2012,Spring,"Phosphorus, soluble reactive",1838,SRP-P-F,SOLUBLE REACTIVE PHOSPHOROUS,0.0014,SINGLE_DEPTH,1,1,1,0,23.6,0,201201002,22,42.02528,-81.44111
LAKE ERIE,956,2012-05-09 09:01:00,2012,Spring,"Phosphorus, soluble reactive",1838,SRP-P-F,SOLUBLE REACTIVE PHOSPHOROUS,0.0067,TRAPEZOIDAL_DEPTH_AVERAGE,2,1,8,7,10.6,0.660377358491,201201003,10,41.69194,-81.44139
LAKE ERIE,958,2012-05-09 11:15:00,2012,Spring,"Phosphorus, soluble reactive",1838,SRP-P-F,SOLUBLE REACTIVE PHOSPHOROUS,0.0092,TRAPEZOIDAL_DEPTH_AVERAGE,2,1,9,8,11.2,0.714285714286,201201003,11,41.52389,-81.70667
LAKE ERIE,959,2012-05-02 02:48:00,2012,Spring,"Phosphorus, soluble reactive",1838,SRP-P-F,SOLUBLE REACTIVE PHOSPHOROUS,0.0012,SINGLE_DEPTH,1,1,1,0,10.4,0,201201002,18,42.19500,-82.18361
LAKE ERIE,960,2012-05-02 01:10:00,2012,Spring,"Phosphorus, soluble reactive",1838,SRP-P-F,SOLUBLE REACTIVE PHOSPHOROUS,0.000925,TRAPEZOIDAL_DEPTH_AVERAGE,3,1,19,18,20.9,0.861244019139,201201002,17,42.10028,-82.18250
LAKE ERIE,961,2012-05-01 23:41:00,2012,Spring,"Phosphorus, soluble reactive",1838,SRP-P-F,SOLUBLE REACTIVE PHOSPHOROUS,0.0008,SINGLE_DEPTH,1,1,1,0,20.7,0,201201002,16,41.90806,-82.18139
LAKE ERIE,962,2012-05-01 22:12:00,2012,Spring,"Phosphorus, soluble reactive",1838,SRP-P-F,SOLUBLE REACTIVE PHOSPHOROUS,0.000674674348697,TRAPEZOIDAL_DEPTH_AVERAGE,3,1,999,998,19.6,50.9183673469,201201002,15,41.71694,-82.18111
LAKE ERIE,963,2012-05-01 20:32:00,2012,Spring,"Phosphorus, soluble reactive",1838,SRP-P-F,SOLUBLE REACTIVE PHOSPHOROUS,0.00343695652174,TRAPEZOIDAL_DEPTH_AVERAGE,3,1,12.5,11.5,14.8,0.777027027027,201201002,14,41.57444,-82.18056
LAKE ERIE,964,2012-05-01 19:40:00,2012,Spring,"Phosphorus, soluble reactive",1838,SRP-P-F,SOLUBLE REACTIVE PHOSPHOROUS,0.0076,SINGLE_DEPTH,1,1,1,0,9.4,0,201201002,13,41.48306,-82.18389
LAKE ERIE,965,2012-05-01 17:54:00,2012,Spring,"Phosphorus, soluble reactive",1838,SRP-P-F,SOLUBLE REACTIVE PHOSPHOROUS,0.0013,SINGLE_DEPTH,1,1,1,0,13.6,0,201201002,12,41.49972,-82.50028
LAKE ERIE,966,2012-05-01 11:46:00,2012,Spring,"Phosphorus, soluble reactive",1838,SRP-P-F,SOLUBLE REACTIVE PHOSPHOROUS,0.001,SINGLE_DEPTH,1,1,1,0,10.1,0,201201002,9,41.98333,-82.61833
LAKE ERIE,966,2012-05-10 23:58:00,2012,Spring,"Phosphorus, soluble reactive",1838,SRP-P-F,SOLUBLE REACTIVE PHOSPHOROUS,0.0002,TRAPEZOIDAL_DEPTH_AVERAGE,2,1,5,4,10.3,0.388349514563,201201003,29,41.98333,-82.62528
LAKE ERIE,967,2012-05-01 12:47:00,2012,Spring,"Phosphorus, soluble reactive",1838,SRP-P-F,SOLUBLE REACTIVE PHOSPHOROUS,0.000574774549098,TRAPEZOIDAL_DEPTH_AVERAGE,3,1,999,998,11.4,87.5438596491,201201002,10,41.89028,-82.66667
LAKE ERIE,968,2012-05-01 05:10:00,2012,Spring,"Phosphorus, soluble reactive",1838,SRP-P-F,SOLUBLE REACTIVE PHOSPHOROUS,0.005,SINGLE_DEPTH,1,1,1,0,9.8,0,201201002,6,41.74139,-82.73222
LAKE ERIE,968,2012-05-10 01:09:00,2012,Spring,"Phosphorus, soluble reactive",1838,SRP-P-F,SOLUBLE REACTIVE PHOSPHOROUS,0.00055,TRAPEZOIDAL_DEPTH_AVERAGE,2,1,4.3,3.3,6.3,0.52380952381,201201003,15,41.74083,-82.73306
LAKE ERIE,969,2012-05-01 03:12:00,2012,Spring,"Phosphorus, soluble reactive",1838,SRP-P-F,SOLUBLE REACTIVE PHOSPHOROUS,0.00129894789579,TRAPEZOIDAL_DEPTH_AVERAGE,3,1,999,998,7.4,134.864864865,201201002,5,41.60861,-82.92417
LAKE ERIE,969,2012-05-09 22:55:00,2012,Spring,"Phosphorus, soluble reactive",1838,SRP-P-F,SOLUBLE REACTIVE PHOSPHOROUS,0.0005,TRAPEZOIDAL_DEPTH_AVERAGE,2,1,5,4,7.1,0.56338028169,201201003,13,41.60833,-82.91333
LAKE ERIE,970,2012-05-01 06:54:00,2012,Spring,"Phosphorus, soluble reactive",1838,SRP-P-F,SOLUBLE REACTIVE PHOSPHOROUS,0.00065,TRAPEZOIDAL_DEPTH_AVERAGE,2,1,8,7,10.1,0.693069306931,201201002,7,41.82389,-82.97306
LAKE ERIE,970,2012-05-10 16:38:00,2012,Spring,"Phosphorus, soluble reactive",1838,SRP-P-F,SOLUBLE REACTIVE PHOSPHOROUS,0.00035,TRAPEZOIDAL_DEPTH_AVERAGE,2,1,8,7,10.3,0.679611650485,201201003,23,41.82306,-82.97306
LAKE ERIE,971,2012-05-01 09:29:00,2012,Spring,"Phosphorus, soluble reactive",1838,SRP-P-F,SOLUBLE REACTIVE PHOSPHOROUS,0.0008,SINGLE_DEPTH,1,1,1,0,8.3,0,201201002,8,41.95000,-83.05000
LAKE ERIE,971,2012-05-10 06:33:00,2012,Spring,"Phosphorus, soluble reactive",1838,SRP-P-F,SOLUBLE REACTIVE PHOSPHOROUS,0.0003,TRAPEZOIDAL_DEPTH_AVERAGE,2,4.3,6.5,2.2,8.8,0.25,201201003,19,41.95056,-83.05028
LAKE ERIE,972,2012-04-30 21:45:00,2012,Spring,"Phosphorus, soluble reactive",1838,SRP-P-F,SOLUBLE REACTIVE PHOSPHOROUS,0.0014,SINGLE_DEPTH,1,1,1,0,8.2,0,201201002,2,41.86639,-83.19917
LAKE ERIE,972,2012-05-10 07:53:00,2012,Spring,"Phosphorus, soluble reactive",1838,SRP-P-F,SOLUBLE REACTIVE PHOSPHOROUS,0.0006,TRAPEZOIDAL_DEPTH_AVERAGE,2,1,6,5,7.9,0.632911392405,201201003,20,41.86667,-83.19944
LAKE ERIE,973,2012-04-30 23:02:00,2012,Spring,"Phosphorus, soluble reactive",1838,SRP-P-F,SOLUBLE REACTIVE PHOSPHOROUS,0.0024,TRAPEZOIDAL_DEPTH_AVERAGE,2,1,3.5,2.5,5.8,0.431034482759,201201002,3,41.79194,-83.33278
LAKE ERIE,973,2012-05-10 09:02:00,2012,Spring,"Phosphorus, soluble reactive",1838,SRP-P-F,SOLUBLE REACTIVE PHOSPHOROUS,0.00075,TRAPEZOIDAL_DEPTH_AVERAGE,2,1,4,3,5.9,0.508474576271,201201003,21,41.79194,-83.33333
LAKE ERIE,973,2012-05-15 00:42:00,2012,Spring,"Phosphorus, soluble reactive",1838,SRP-P-F,SOLUBLE REACTIVE PHOSPHOROUS,0.0008,TRAPEZOIDAL_DEPTH_AVERAGE,2,1,3.5,2.5,6.3,0.396825396825,201201004,1,41.79139,-83.33250
LAKE ERIE,974,2012-05-01 00:54:00,2012,Spring,"Phosphorus, soluble reactive",1838,SRP-P-F,SOLUBLE REACTIVE PHOSPHOROUS,0.0023,SINGLE_DEPTH,1,1,1,0,8.1,0,201201002,4,41.72500,-83.14944
LAKE ERIE,1163,2012-07-27 05:40:00,2012,Summer,"Phosphorus, soluble reactive",1838,SRP-P-F,SOLUBLE REACTIVE PHOSPHOROUS,0.0136,SINGLE_DEPTH,1,1,1,0,7,0,201201007,37,41.46972,-82.71333
LAKE ERIE,1236,2012-07-25 23:48:00,2012,Summer,"Phosphorus, soluble reactive",1838,SRP-P-F,SOLUBLE REACTIVE PHOSPHOROUS,0.000489130434783,TRAPEZOIDAL_DEPTH_AVERAGE,3,1,12.5,11.5,14.5,0.793103448276,201201007,25,42.81056,-79.56389
LAKE ERIE,1237,2012-07-25 22:33:00,2012,Summer,"Phosphorus, soluble reactive",1838,SRP-P-F,SOLUBLE REACTIVE PHOSPHOROUS,0.00225882352941,TRAPEZOIDAL_DEPTH_AVERAGE,4,1,18,17,19.8,0.858585858586,201201007,24,42.76583,-79.55583
LAKE ERIE,1238,2012-07-25 00:41:00,2012,Summer,"Phosphorus, soluble reactive",1838,SRP-P-F,SOLUBLE REACTIVE PHOSPHOROUS,0.0002,TRAPEZOIDAL_DEPTH_AVERAGE,4,1,9,8,11,0.727272727273,201201007,16,42.63333,-81.21000
LAKE ERIE,1239,2012-07-24 23:38:00,2012,Summer,"Phosphorus, soluble reactive",1838,SRP-P-F,SOLUBLE REACTIVE PHOSPHOROUS,0.0002,TRAPEZOIDAL_DEPTH_AVERAGE,3,1,11,10,12.8,0.78125,201201007,15,42.61417,-81.20833
LAKE ERIE,1240,2012-07-24 22:59:00,2012,Summer,"Phosphorus, soluble reactive",1838,SRP-P-F,SOLUBLE REACTIVE PHOSPHOROUS,0.0002,TRAPEZOIDAL_DEPTH_AVERAGE,2,1,13,12,15,0.8,201201007,14,42.56972,-81.20167
LAKE ERIE,1257,2012-07-25 02:18:00,2012,Summer,"Phosphorus, soluble reactive",1838,SRP-P-F,SOLUBLE REACTIVE PHOSPHOROUS,0.0002,TRAPEZOIDAL_DEPTH_AVERAGE,2,1,5.5,4.5,7.8,0.576923076923,201201007,17,42.65000,-81.21111
LAKE ERIE,445,2012-07-25 20:24:00,2012,Summer,"Phosphorus, soluble reactive",1838,SRP-P-F,SOLUBLE REACTIVE PHOSPHOROUS,0.000292307692308,TRAPEZOIDAL_DEPTH_AVERAGE,4,1,14,13,16.2,0.802469135802,201201007,23,42.79972,-79.70028
LAKE ERIE,449,2012-07-25 15:59:00,2012,Summer,"Phosphorus, soluble reactive",1838,SRP-P-F,SOLUBLE REACTIVE PHOSPHOROUS,0.0002125,TRAPEZOIDAL_DEPTH_AVERAGE,4,1,11,10,13.4,0.746268656716,201201007,21,42.76639,-79.96639
LAKE ERIE,486,2012-07-26 02:05:00,2012,Summer,"Phosphorus, soluble reactive",1838,SRP-P-F,SOLUBLE REACTIVE PHOSPHOROUS,0.00035,TRAPEZOIDAL_DEPTH_AVERAGE,2,1,6.5,5.5,8.8,0.625,201201007,27,42.84361,-79.58694
LAKE ERIE,67,2012-07-26 03:18:00,2012,Summer,"Phosphorus, soluble reactive",1838,SRP-P-F,SOLUBLE REACTIVE PHOSPHOROUS,0.0002,TRAPEZOIDAL_DEPTH_AVERAGE,2,1,6.5,5.5,8.6,0.639534883721,201201007,28,42.84500,-79.57417
LAKE ERIE,727,2012-07-26 04:42:00,2012,Summer,"Phosphorus, soluble reactive",1838,SRP-P-F,SOLUBLE REACTIVE PHOSPHOROUS,0.000277272727273,TRAPEZOIDAL_DEPTH_AVERAGE,5,1,17.5,16.5,19.6,0.841836734694,201201007,29,42.81528,-79.38417
LAKE ERIE,879,2012-07-25 13:08:00,2012,Summer,"Phosphorus, soluble reactive",1838,SRP-P-F,SOLUBLE REACTIVE PHOSPHOROUS,0.000319418254764,TRAPEZOIDAL_DEPTH_AVERAGE,7,1,998,997,61.9,16.1066235864,201201007,20,42.50722,-79.89944
LAKE ERIE,880,2012-07-24 12:43:00,2012,Summer,"Phosphorus, soluble reactive",1838,SRP-P-F,SOLUBLE REACTIVE PHOSPHOROUS,0.000636585365854,TRAPEZOIDAL_DEPTH_AVERAGE,5,1,21.5,20.5,23.6,0.868644067797,201201007,8,41.93528,-81.65417
LAKE ERIE,881,2012-07-23 20:21:00,2012,Summer,"Phosphorus, soluble reactive",1838,SRP-P-F,SOLUBLE REACTIVE PHOSPHOROUS,0.0002,SINGLE_DEPTH,1,1,1,0,4.7,0,201201007,1,41.96833,-83.20750
LAKE ERIE,885,2012-07-27 04:23:00,2012,Summer,"Phosphorus, soluble reactive",1838,SRP-P-F,SOLUBLE REACTIVE PHOSPHOROUS,0.0116,TRAPEZOIDAL_DEPTH_AVERAGE,2,1,8.5,7.5,10.5,0.714285714286,201201007,36,41.51917,-82.63972
LAKE ERIE,887,2012-07-25 18:26:00,2012,Summer,"Phosphorus, soluble reactive",1838,SRP-P-F,SOLUBLE REACTIVE PHOSPHOROUS,0.00115,TRAPEZOIDAL_DEPTH_AVERAGE,5,1,33,32,35.6,0.898876404494,201201007,22,42.64722,-79.69111
LAKE ERIE,889,2012-07-24 16:41:00,2012,Summer,"Phosphorus, soluble reactive",1838,SRP-P-F,SOLUBLE REACTIVE PHOSPHOROUS,0.00025,TRAPEZOIDAL_DEPTH_AVERAGE,2,1,998,997,23.8,41.8907563025,201201007,10,42.10972,-81.57417
LAKE ERIE,933,2012-07-26 00:45:00,2012,Summer,"Phosphorus, soluble reactive",1838,SRP-P-F,SOLUBLE REACTIVE PHOSPHOROUS,0.000250639418255,TRAPEZOIDAL_DEPTH_AVERAGE,3,1,998,997,11.5,86.6956521739,201201007,26,42.82306,-79.56528
LAKE ERIE,935,2012-07-26 07:02:00,2012,Summer,"Phosphorus, soluble reactive",1838,SRP-P-F,SOLUBLE REACTIVE PHOSPHOROUS,0.0002,SINGLE_DEPTH,1,1,1,0,33.2,0,201201007,30,42.59194,-79.46611
LAKE ERIE,942,2012-07-26 10:24:00,2012,Summer,"Phosphorus, soluble reactive",1838,SRP-P-F,SOLUBLE REACTIVE PHOSPHOROUS,0.0002,TRAPEZOIDAL_DEPTH_AVERAGE,4,1,13,12,15.5,0.774193548387,201201007,31,42.25944,-79.83306
LAKE ERIE,944,2012-07-25 09:02:00,2012,Summer,"Phosphorus, soluble reactive",1838,SRP-P-F,SOLUBLE REACTIVE PHOSPHOROUS,0.0002,TRAPEZOIDAL_DEPTH_AVERAGE,4,1,14,13,16.4,0.792682926829,201201007,19,42.53278,-80.64194
LAKE ERIE,946,2012-07-26 14:44:00,2012,Summer,"Phosphorus, soluble reactive",1838,SRP-P-F,SOLUBLE REACTIVE PHOSPHOROUS,0.000376315789474,TRAPEZOIDAL_DEPTH_AVERAGE,5,1,20,19,22.5,0.844444444444,201201007,32,42.16667,-80.64139
LAKE ERIE,949,2012-07-25 05:26:00,2012,Summer,"Phosphorus, soluble reactive",1838,SRP-P-F,SOLUBLE REACTIVE PHOSPHOROUS,0.000705555555556,TRAPEZOIDAL_DEPTH_AVERAGE,4,1,19,18,21.9,0.821917808219,201201007,18,42.24972,-81.10889
LAKE ERIE,951,2012-07-24 20:36:00,2012,Summer,"Phosphorus, soluble reactive",1838,SRP-P-F,SOLUBLE REACTIVE PHOSPHOROUS,0.00109375,TRAPEZOIDAL_DEPTH_AVERAGE,4,1,17,16,19.5,0.820512820513,201201007,13,42.47444,-81.44111
LAKE ERIE,952,2012-07-24 19:28:00,2012,Summer,"Phosphorus, soluble reactive",1838,SRP-P-F,SOLUBLE REACTIVE PHOSPHOROUS,0.0007,SINGLE_DEPTH,1,1,1,0,21.9,0,201201007,12,42.35806,-81.44111
LAKE ERIE,953,2012-07-24 18:03:00,2012,Summer,"Phosphorus, soluble reactive",1838,SRP-P-F,SOLUBLE REACTIVE PHOSPHOROUS,0.0002,SINGLE_DEPTH,1,1,1,0,22.9,0,201201007,11,42.20778,-81.44056
LAKE ERIE,954,2012-07-24 15:17:00,2012,Summer,"Phosphorus, soluble reactive",1838,SRP-P-F,SOLUBLE REACTIVE PHOSPHOROUS,0.0002,SINGLE_DEPTH,1,1,1,0,23.5,0,201201007,9,42.02444,-81.44139
LAKE ERIE,956,2012-07-26 20:19:00,2012,Summer,"Phosphorus, soluble reactive",1838,SRP-P-F,SOLUBLE REACTIVE PHOSPHOROUS,0.0002,SINGLE_DEPTH,1,1,1,0,9.9,0,201201007,33,41.69167,-81.44139
LAKE ERIE,958,2012-07-26 22:28:00,2012,Summer,"Phosphorus, soluble reactive",1838,SRP-P-F,SOLUBLE REACTIVE PHOSPHOROUS,0.0002,TRAPEZOIDAL_DEPTH_AVERAGE,2,1,9,8,10.8,0.740740740741,201201007,34,41.52528,-81.70861
LAKE ERIE,959,2012-07-24 09:23:00,2012,Summer,"Phosphorus, soluble reactive",1838,SRP-P-F,SOLUBLE REACTIVE PHOSPHOROUS,0.0018,SINGLE_DEPTH,1,1,1,0,9.3,0,201201007,7,42.19528,-82.18222
LAKE ERIE,960,2012-07-24 07:25:00,2012,Summer,"Phosphorus, soluble reactive",1838,SRP-P-F,SOLUBLE REACTIVE PHOSPHOROUS,0.000508823529412,TRAPEZOIDAL_DEPTH_AVERAGE,4,1,18,17,20.6,0.825242718447,201201007,6,42.10028,-82.18222
LAKE ERIE,961,2012-07-24 05:39:00,2012,Summer,"Phosphorus, soluble reactive",1838,SRP-P-F,SOLUBLE REACTIVE PHOSPHOROUS,0.0002,TRAPEZOIDAL_DEPTH_AVERAGE,2,1,998,997,20.4,48.8725490196,201201007,5,41.90806,-82.18278
LAKE ERIE,963,2012-07-27 01:26:00,2012,Summer,"Phosphorus, soluble reactive",1838,SRP-P-F,SOLUBLE REACTIVE PHOSPHOROUS,0.0002,TRAPEZOIDAL_DEPTH_AVERAGE,4,1,998,997,14.3,69.7202797203,201201007,35,41.57500,-82.18306
LAKE ERIE,967,2012-07-24 02:35:00,2012,Summer,"Phosphorus, soluble reactive",1838,SRP-P-F,SOLUBLE REACTIVE PHOSPHOROUS,0.0002,SINGLE_DEPTH,1,8.5,8.5,0,10.7,0,201201007,4,41.89111,-82.66667
LAKE ERIE,969,2012-07-27 08:07:00,2012,Summer,"Phosphorus, soluble reactive",1838,SRP-P-F,SOLUBLE REACTIVE PHOSPHOROUS,0.0005,SINGLE_DEPTH,1,1,1,0,7.1,0,201201007,38,41.60806,-82.92444
LAKE ERIE,970,2012-07-24 00:00:00,2012,Summer,"Phosphorus, soluble reactive",1838,SRP-P-F,SOLUBLE REACTIVE PHOSPHOROUS,0.0002,TRAPEZOIDAL_DEPTH_AVERAGE,2,1,8,7,10,0.7,201201007,3,41.82500,-82.97611
LAKE ERIE,971,2012-07-23 22:40:00,2012,Summer,"Phosphorus, soluble reactive",1838,SRP-P-F,SOLUBLE REACTIVE PHOSPHOROUS,0.0003,SINGLE_DEPTH,1,1,1,0,8.6,0,201201007,2,41.94972,-83.04972
LAKE ERIE,973,2012-07-27 11:10:00,2012,Summer,"Phosphorus, soluble reactive",1838,SRP-P-F,SOLUBLE REACTIVE PHOSPHOROUS,0.00921,TRAPEZOIDAL_DEPTH_AVERAGE,3,1,3.5,2.5,5.4,0.462962962963,201201007,39,41.79167,-83.33278
LAKE ERIE,1208,2013-02-22 08:59:00,2013,Spring,"Phosphorus, soluble reactive",1838,SRP-P-F,SOLUBLE REACTIVE PHOSPHOROUS,0.01085,TRAPEZOIDAL_DEPTH_AVERAGE,2,1,8,7,10,0.7,201301801,7,42.64194,-81.00889
LAKE ERIE,1210,2013-02-22 07:02:00,2013,Spring,"Phosphorus, soluble reactive",1838,SRP-P-F,SOLUBLE REACTIVE PHOSPHOROUS,0.0051,TRAPEZOIDAL_DEPTH_AVERAGE,2,1,12,11,15.4,0.714285714286,201301801,6,42.59000,-80.80639
LAKE ERIE,1240,2013-02-22 10:29:00,2013,Spring,"Phosphorus, soluble reactive",1838,SRP-P-F,SOLUBLE REACTIVE PHOSPHOROUS,0.006,SINGLE_DEPTH,1,1,1,0,12.5,0,201301801,8,42.60556,-81.20583
LAKE ERIE,1326,2013-02-22 21:45:00,2013,Spring,"Phosphorus, soluble reactive",1838,SRP-P-F,SOLUBLE REACTIVE PHOSPHOROUS,0.0081,TRAPEZOIDAL_DEPTH_AVERAGE,2,1,19,18,24.5,0.734693877551,201301801,11,41.73250,-81.70139
LAKE ERIE,1365,2013-02-22 10:42:00,2013,Spring,"Phosphorus, soluble reactive",1838,SRP-P-F,SOLUBLE REACTIVE PHOSPHOROUS,0.00475,TRAPEZOIDAL_DEPTH_AVERAGE,2,1,17,16,20.2,0.792079207921,201301801,9,42.09694,-82.14278
LAKE ERIE,341,2013-02-23 00:45:00,2013,Spring,"Phosphorus, soluble reactive",1838,SRP-P-F,SOLUBLE REACTIVE PHOSPHOROUS,0.00485,TRAPEZOIDAL_DEPTH_AVERAGE,2,1,15,14,17.9,0.782122905028,201301801,12,41.80000,-82.28944
LAKE ERIE,67,2013-02-21 14:43:00,2013,Spring,"Phosphorus, soluble reactive",1838,SRP-P-F,SOLUBLE REACTIVE PHOSPHOROUS,0.01235,TRAPEZOIDAL_DEPTH_AVERAGE,2,1,8,7,10.6,0.660377358491,201301801,1,42.84472,-79.57389
LAKE ERIE,879,2013-02-21 23:18:00,2013,Spring,"Phosphorus, soluble reactive",1838,SRP-P-F,SOLUBLE REACTIVE PHOSPHOROUS,0.0112,TRAPEZOIDAL_DEPTH_AVERAGE,2,1,58,57,63.5,0.897637795276,201301801,4,42.50694,-79.90444
LAKE ERIE,880,2013-02-22 18:56:00,2013,Spring,"Phosphorus, soluble reactive",1838,SRP-P-F,SOLUBLE REACTIVE PHOSPHOROUS,0.00625910230692,TRAPEZOIDAL_DEPTH_AVERAGE,3,1,998,997,23.8,41.8907563025,201301801,10,41.91583,-81.63000
LAKE ERIE,937,2013-02-21 21:15:00,2013,Spring,"Phosphorus, soluble reactive",1838,SRP-P-F,SOLUBLE REACTIVE PHOSPHOROUS,0.0115,TRAPEZOIDAL_DEPTH_AVERAGE,2,1,6,5,8.5,0.588235294118,201301801,3,42.71556,-80.25139
LAKE ERIE,938,2013-02-21 19:09:00,2013,Spring,"Phosphorus, soluble reactive",1838,SRP-P-F,SOLUBLE REACTIVE PHOSPHOROUS,0.0111,TRAPEZOIDAL_DEPTH_AVERAGE,2,1,33,32,35.1,0.911680911681,201301801,2,42.63444,-80.06167
LAKE ERIE,943,2013-02-22 05:12:00,2013,Spring,"Phosphorus, soluble reactive",1838,SRP-P-F,SOLUBLE REACTIVE PHOSPHOROUS,0.00332387161484,TRAPEZOIDAL_DEPTH_AVERAGE,3,1,998,997,11.7,85.2136752137,201301801,5,42.57583,-80.64250
LAKE ERIE,966,2013-02-24 01:45:00,2013,Spring,"Phosphorus, soluble reactive",1838,SRP-P-F,SOLUBLE REACTIVE PHOSPHOROUS,0.00715,TRAPEZOIDAL_DEPTH_AVERAGE,2,1,8,7,10.6,0.660377358491,201301801,14,41.98194,-82.62583
LAKE ERIE,970,2013-02-23 13:00:00,2013,Spring,"Phosphorus, soluble reactive",1838,SRP-P-F,SOLUBLE REACTIVE PHOSPHOROUS,0.0055,TRAPEZOIDAL_DEPTH_AVERAGE,2,1,8,7,11,0.636363636364,201301801,13,41.82722,-82.95806
LAKE ERIE,1236,2013-08-06 18:33:00,2013,Summer,"Phosphorus, soluble reactive",1838,SRP-P-F,SOLUBLE REACTIVE PHOSPHOROUS,0.0003,TRAPEZOIDAL_DEPTH_AVERAGE,2,1,13.4,12.4,15.4,0.805194805195,201301008,48,42.81056,-79.56444
LAKE ERIE,1237,2013-08-06 17:43:00,2013,Summer,"Phosphorus, soluble reactive",1838,SRP-P-F,SOLUBLE REACTIVE PHOSPHOROUS,0.00025,TRAPEZOIDAL_DEPTH_AVERAGE,2,1,17.5,16.5,19.6,0.841836734694,201301008,47,42.76694,-79.55556
LAKE ERIE,1238,2013-07-30 22:31:00,2013,Summer,"Phosphorus, soluble reactive",1838,SRP-P-F,SOLUBLE REACTIVE PHOSPHOROUS,0.000725,TRAPEZOIDAL_DEPTH_AVERAGE,2,1,9,8,11.3,0.70796460177,201301008,16,42.63194,-81.20889
LAKE ERIE,1239,2013-07-30 21:57:00,2013,Summer,"Phosphorus, soluble reactive",1838,SRP-P-F,SOLUBLE REACTIVE PHOSPHOROUS,0.0007,TRAPEZOIDAL_DEPTH_AVERAGE,2,1,10.5,9.5,12.6,0.753968253968,201301008,15,42.61444,-81.20806
LAKE ERIE,1240,2013-07-30 21:13:00,2013,Summer,"Phosphorus, soluble reactive",1838,SRP-P-F,SOLUBLE REACTIVE PHOSPHOROUS,0.0033,TRAPEZOIDAL_DEPTH_AVERAGE,2,1,11.5,10.5,13.6,0.772058823529,201301008,14,42.56972,-81.20167
LAKE ERIE,1257,2013-07-30 23:10:00,2013,Summer,"Phosphorus, soluble reactive",1838,SRP-P-F,SOLUBLE REACTIVE PHOSPHOROUS,0.00105,TRAPEZOIDAL_DEPTH_AVERAGE,2,1,6,5,8.3,0.602409638554,201301008,17,42.65000,-81.21000
LAKE ERIE,445,2013-07-30 02:01:00,2013,Summer,"Phosphorus, soluble reactive",1838,SRP-P-F,SOLUBLE REACTIVE PHOSPHOROUS,0.0002,SINGLE_DEPTH,1,1,1,0,16.2,0,201301008,4,42.79972,-79.70000
LAKE ERIE,449,2013-07-30 03:50:00,2013,Summer,"Phosphorus, soluble reactive",1838,SRP-P-F,SOLUBLE REACTIVE PHOSPHOROUS,0.0005,SINGLE_DEPTH,1,1,1,0,13.3,0,201301008,5,42.76667,-79.96611
LAKE ERIE,67,2013-08-06 19:57:00,2013,Summer,"Phosphorus, soluble reactive",1838,SRP-P-F,SOLUBLE REACTIVE PHOSPHOROUS,0.0004,TRAPEZOIDAL_DEPTH_AVERAGE,2,1,7,6,9,0.666666666667,201301008,50,42.84444,-79.57500
LAKE ERIE,727,2013-08-06 16:36:00,2013,Summer,"Phosphorus, soluble reactive",1838,SRP-P-F,SOLUBLE REACTIVE PHOSPHOROUS,0.0002,SINGLE_DEPTH,1,1,1,0,20.1,0,201301008,46,42.81694,-79.38333
LAKE ERIE,879,2013-07-30 09:17:00,2013,Summer,"Phosphorus, soluble reactive",1838,SRP-P-F,SOLUBLE REACTIVE PHOSPHOROUS,0.00279576271186,TRAPEZOIDAL_DEPTH_AVERAGE,6,1,60,59,62.1,0.950080515298,201301008,9,42.50694,-79.89889
LAKE ERIE,880,2013-07-31 10:22:00,2013,Summer,"Phosphorus, soluble reactive",1838,SRP-P-F,SOLUBLE REACTIVE PHOSPHOROUS,0.000286538461538,TRAPEZOIDAL_DEPTH_AVERAGE,5,1,21.8,20.8,23.8,0.873949579832,201301008,25,41.93472,-81.65389
LAKE ERIE,881,2013-08-01 05:12:00,2013,Summer,"Phosphorus, soluble reactive",1838,SRP-P-F,SOLUBLE REACTIVE PHOSPHOROUS,0.00055,TRAPEZOIDAL_DEPTH_AVERAGE,2,1,3,2,5,0.4,201301008,31,41.96861,-83.20778
LAKE ERIE,885,2013-08-01 12:47:00,2013,Summer,"Phosphorus, soluble reactive",1838,SRP-P-F,SOLUBLE REACTIVE PHOSPHOROUS,0.0002,TRAPEZOIDAL_DEPTH_AVERAGE,2,1,9,8,10.8,0.740740740741,201301008,36,41.51917,-82.64028
LAKE ERIE,886,2013-08-07 00:39:00,2013,Summer,"Phosphorus, soluble reactive",1838,SRP-P-F,SOLUBLE REACTIVE PHOSPHOROUS,0.0004,SINGLE_DEPTH,1,1,1,0,49.3,0,201301008,53,42.53889,-79.61722
LAKE ERIE,887,2013-07-29 00:05:00,2013,Summer,"Phosphorus, soluble reactive",1838,SRP-P-F,SOLUBLE REACTIVE PHOSPHOROUS,0.002209375,TRAPEZOIDAL_DEPTH_AVERAGE,5,1,33,32,35.4,0.90395480226,201301008,3,42.64694,-79.69000
LAKE ERIE,888,2013-07-31 05:01:00,2013,Summer,"Phosphorus, soluble reactive",1838,SRP-P-F,SOLUBLE REACTIVE PHOSPHOROUS,0.000231578947368,TRAPEZOIDAL_DEPTH_AVERAGE,5,1,20,19,21.9,0.867579908676,201301008,21,42.28083,-81.67083
LAKE ERIE,889,2013-07-31 07:51:00,2013,Summer,"Phosphorus, soluble reactive",1838,SRP-P-F,SOLUBLE REACTIVE PHOSPHOROUS,0.0002,SINGLE_DEPTH,1,1,1,0,24,0,201301008,23,42.11000,-81.57417
LAKE ERIE,931,2013-07-29 18:21:00,2013,Summer,"Phosphorus, soluble reactive",1838,SRP-P-F,SOLUBLE REACTIVE PHOSPHOROUS,0.0488,TRAPEZOIDAL_DEPTH_AVERAGE,2,1,7.8,6.8,9.8,0.69387755102,201301008,1,42.84889,-78.94139
LAKE ERIE,932,2013-08-02 13:28:00,2013,Summer,"Phosphorus, soluble reactive",1838,SRP-P-F,SOLUBLE REACTIVE PHOSPHOROUS,0.0009,SINGLE_DEPTH,1,1,1,0,20.8,0,201301008,45,42.79167,-79.20667
LAKE ERIE,933,2013-08-06 19:08:00,2013,Summer,"Phosphorus, soluble reactive",1838,SRP-P-F,SOLUBLE REACTIVE PHOSPHOROUS,0.0002,TRAPEZOIDAL_DEPTH_AVERAGE,4,1,999,998,13.1,76.1832061069,201301008,49,42.82500,-79.56528
LAKE ERIE,934,2013-07-29 22:41:00,2013,Summer,"Phosphorus, soluble reactive",1838,SRP-P-F,SOLUBLE REACTIVE PHOSPHOROUS,0.006,SINGLE_DEPTH,1,1,1,0,27.8,0,201301008,2,42.70917,-79.50694
LAKE ERIE,935,2013-08-06 22:05:00,2013,Summer,"Phosphorus, soluble reactive",1838,SRP-P-F,SOLUBLE REACTIVE PHOSPHOROUS,0.00038,TRAPEZOIDAL_DEPTH_AVERAGE,4,1,31,30,33.3,0.900900900901,201301008,51,42.59167,-79.46639
LAKE ERIE,936,2013-08-06 23:19:00,2013,Summer,"Phosphorus, soluble reactive",1838,SRP-P-F,SOLUBLE REACTIVE PHOSPHOROUS,0.0003,SINGLE_DEPTH,1,1,1,0,6.9,0,201301008,52,42.47444,-79.40861
LAKE ERIE,937,2013-07-30 05:46:00,2013,Summer,"Phosphorus, soluble reactive",1838,SRP-P-F,SOLUBLE REACTIVE PHOSPHOROUS,0.0008,TRAPEZOIDAL_DEPTH_AVERAGE,2,1,6,5,7.9,0.632911392405,201301008,6,42.71667,-80.25000
LAKE ERIE,938,2013-07-30 07:14:00,2013,Summer,"Phosphorus, soluble reactive",1838,SRP-P-F,SOLUBLE REACTIVE PHOSPHOROUS,0.0031,SINGLE_DEPTH,1,1,1,0,35.6,0,201301008,7,42.63389,-80.05778
LAKE ERIE,939,2013-07-30 08:20:00,2013,Summer,"Phosphorus, soluble reactive",1838,SRP-P-F,SOLUBLE REACTIVE PHOSPHOROUS,0.0009,SINGLE_DEPTH,1,1,1,0,56.2,0,201301008,8,42.56694,-79.91694
LAKE ERIE,940,2013-08-07 02:02:00,2013,Summer,"Phosphorus, soluble reactive",1838,SRP-P-F,SOLUBLE REACTIVE PHOSPHOROUS,0.0004,SINGLE_DEPTH,1,1,1,0,47.4,0,201301008,54,42.44194,-79.83333
LAKE ERIE,941,2013-08-07 03:03:00,2013,Summer,"Phosphorus, soluble reactive",1838,SRP-P-F,SOLUBLE REACTIVE PHOSPHOROUS,0.0002,SINGLE_DEPTH,1,1,1,0,35.9,0,201301008,55,42.32528,-79.83333
LAKE ERIE,942,2013-08-07 03:44:00,2013,Summer,"Phosphorus, soluble reactive",1838,SRP-P-F,SOLUBLE REACTIVE PHOSPHOROUS,0.0003375,TRAPEZOIDAL_DEPTH_AVERAGE,3,1,13,12,15.2,0.789473684211,201301008,56,42.25889,-79.83389
LAKE ERIE,943,2013-07-30 13:55:00,2013,Summer,"Phosphorus, soluble reactive",1838,SRP-P-F,SOLUBLE REACTIVE PHOSPHOROUS,0.000924373747495,TRAPEZOIDAL_DEPTH_AVERAGE,3,1,999,998,12,83.1666666667,201301008,10,42.57417,-80.64139
LAKE ERIE,944,2013-07-30 14:25:00,2013,Summer,"Phosphorus, soluble reactive",1838,SRP-P-F,SOLUBLE REACTIVE PHOSPHOROUS,0.00121724137931,TRAPEZOIDAL_DEPTH_AVERAGE,4,1,15.5,14.5,16.8,0.863095238095,201301008,11,42.53306,-80.64139
LAKE ERIE,945,2013-07-30 15:55:00,2013,Summer,"Phosphorus, soluble reactive",1838,SRP-P-F,SOLUBLE REACTIVE PHOSPHOROUS,0.0002,SINGLE_DEPTH,1,1,1,0,20,0,201301008,12,42.39972,-80.64278
LAKE ERIE,946,2013-08-07 08:19:00,2013,Summer,"Phosphorus, soluble reactive",1838,SRP-P-F,SOLUBLE REACTIVE PHOSPHOROUS,0.000389473684211,TRAPEZOIDAL_DEPTH_AVERAGE,4,1,20,19,22.7,0.837004405286,201301008,57,42.16667,-80.64139
LAKE ERIE,947,2013-08-07 09:59:00,2013,Summer,"Phosphorus, soluble reactive",1838,SRP-P-F,SOLUBLE REACTIVE PHOSPHOROUS,0.0002,SINGLE_DEPTH,1,1,1,0,15.7,0,201301008,58,41.99222,-80.64167
LAKE ERIE,948,2013-08-07 10:26:00,2013,Summer,"Phosphorus, soluble reactive",1838,SRP-P-F,SOLUBLE REACTIVE PHOSPHOROUS,0.0004,SINGLE_DEPTH,1,1,1,0,9.7,0,201301008,59,41.95722,-80.64194
LAKE ERIE,949,2013-07-30 18:34:00,2013,Summer,"Phosphorus, soluble reactive",1838,SRP-P-F,SOLUBLE REACTIVE PHOSPHOROUS,0.000673684210526,TRAPEZOIDAL_DEPTH_AVERAGE,4,1,20,19,22.2,0.855855855856,201301008,13,42.25028,-81.10833
LAKE ERIE,950,2013-07-31 00:51:00,2013,Summer,"Phosphorus, soluble reactive",1838,SRP-P-F,SOLUBLE REACTIVE PHOSPHOROUS,0.0002,SINGLE_DEPTH,1,1,1,0,8.1,0,201301008,18,42.58778,-81.44139
LAKE ERIE,951,2013-07-31 01:57:00,2013,Summer,"Phosphorus, soluble reactive",1838,SRP-P-F,SOLUBLE REACTIVE PHOSPHOROUS,0.000346875,TRAPEZOIDAL_DEPTH_AVERAGE,5,1,17,16,19.5,0.820512820513,201301008,19,42.47500,-81.44139
LAKE ERIE,952,2013-07-31 03:32:00,2013,Summer,"Phosphorus, soluble reactive",1838,SRP-P-F,SOLUBLE REACTIVE PHOSPHOROUS,0.000299899799599,TRAPEZOIDAL_DEPTH_AVERAGE,3,1,999,998,21.8,45.7798165138,201301008,20,42.35833,-81.44167
LAKE ERIE,953,2013-07-31 06:43:00,2013,Summer,"Phosphorus, soluble reactive",1838,SRP-P-F,SOLUBLE REACTIVE PHOSPHOROUS,0.0002,SINGLE_DEPTH,1,1,1,0,22.9,0,201301008,22,42.20778,-81.44139
LAKE ERIE,954,2013-07-31 08:56:00,2013,Summer,"Phosphorus, soluble reactive",1838,SRP-P-F,SOLUBLE REACTIVE PHOSPHOROUS,0.0002,SINGLE_DEPTH,1,1,1,0,23.4,0,201301008,24,42.02444,-81.44167
LAKE ERIE,955,2013-08-02 01:07:00,2013,Summer,"Phosphorus, soluble reactive",1838,SRP-P-F,SOLUBLE REACTIVE PHOSPHOROUS,0.0002,SINGLE_DEPTH,1,1,1,0,19.6,0,201301008,44,41.79972,-81.44056
LAKE ERIE,956,2013-08-02 00:11:00,2013,Summer,"Phosphorus, soluble reactive",1838,SRP-P-F,SOLUBLE REACTIVE PHOSPHOROUS,0.0002,SINGLE_DEPTH,1,1,1,0,9.9,0,201301008,43,41.69139,-81.44111
LAKE ERIE,957,2013-08-01 22:31:00,2013,Summer,"Phosphorus, soluble reactive",1838,SRP-P-F,SOLUBLE REACTIVE PHOSPHOROUS,0.0002,SINGLE_DEPTH,1,1,1,0,20.3,0,201301008,42,41.68278,-81.74222
LAKE ERIE,958,2013-08-01 21:02:00,2013,Summer,"Phosphorus, soluble reactive",1838,SRP-P-F,SOLUBLE REACTIVE PHOSPHOROUS,0.0002,TRAPEZOIDAL_DEPTH_AVERAGE,2,1,9,8,10.9,0.733944954128,201301008,41,41.52472,-81.70861
LAKE ERIE,959,2013-07-31 14:15:00,2013,Summer,"Phosphorus, soluble reactive",1838,SRP-P-F,SOLUBLE REACTIVE PHOSPHOROUS,0.0002,SINGLE_DEPTH,1,1,1,0,9.7,0,201301008,26,42.19333,-82.18333
LAKE ERIE,960,2013-07-31 15:15:00,2013,Summer,"Phosphorus, soluble reactive",1838,SRP-P-F,SOLUBLE REACTIVE PHOSPHOROUS,0.000238888888889,TRAPEZOIDAL_DEPTH_AVERAGE,5,1,19,18,20.9,0.861244019139,201301008,27,42.10000,-82.18306
LAKE ERIE,961,2013-08-07 18:14:00,2013,Summer,"Phosphorus, soluble reactive",1838,SRP-P-F,SOLUBLE REACTIVE PHOSPHOROUS,0.000299899799599,TRAPEZOIDAL_DEPTH_AVERAGE,3,1,999,998,20.9,47.7511961722,201301008,60,41.90861,-82.18306
LAKE ERIE,962,2013-08-01 18:10:00,2013,Summer,"Phosphorus, soluble reactive",1838,SRP-P-F,SOLUBLE REACTIVE PHOSPHOROUS,0.000349849699399,TRAPEZOIDAL_DEPTH_AVERAGE,3,1,999,998,19.2,51.9791666667,201301008,40,41.71583,-82.18333
LAKE ERIE,963,2013-08-01 16:45:00,2013,Summer,"Phosphorus, soluble reactive",1838,SRP-P-F,SOLUBLE REACTIVE PHOSPHOROUS,0.0002,TRAPEZOIDAL_DEPTH_AVERAGE,3,1,13.5,12.5,15.1,0.827814569536,201301008,39,41.57417,-82.18306
LAKE ERIE,964,2013-08-01 15:51:00,2013,Summer,"Phosphorus, soluble reactive",1838,SRP-P-F,SOLUBLE REACTIVE PHOSPHOROUS,0.0002,SINGLE_DEPTH,1,1,1,0,9.1,0,201301008,38,41.48361,-82.18306
LAKE ERIE,965,2013-08-01 13:59:00,2013,Summer,"Phosphorus, soluble reactive",1838,SRP-P-F,SOLUBLE REACTIVE PHOSPHOROUS,0.0022,SINGLE_DEPTH,1,1,1,0,13.2,0,201301008,37,41.49944,-82.49972
LAKE ERIE,966,2013-07-31 19:44:00,2013,Summer,"Phosphorus, soluble reactive",1838,SRP-P-F,SOLUBLE REACTIVE PHOSPHOROUS,0.0002,SINGLE_DEPTH,1,1,1,0,10,0,201301008,28,41.98333,-82.62472
LAKE ERIE,967,2013-08-07 21:18:00,2013,Summer,"Phosphorus, soluble reactive",1838,SRP-P-F,SOLUBLE REACTIVE PHOSPHOROUS,0.0005,SINGLE_DEPTH,1,1,1,0,11.2,0,201301008,61,41.89139,-82.66667
LAKE ERIE,968,2013-08-07 22:33:00,2013,Summer,"Phosphorus, soluble reactive",1838,SRP-P-F,SOLUBLE REACTIVE PHOSPHOROUS,0.0005,SINGLE_DEPTH,1,1,1,0,10,0,201301008,62,41.74167,-82.73306
LAKE ERIE,969,2013-08-01 10:52:00,2013,Summer,"Phosphorus, soluble reactive",1838,SRP-P-F,SOLUBLE REACTIVE PHOSPHOROUS,0.0003,SINGLE_DEPTH,1,1,1,0,7.1,0,201301008,35,41.60750,-82.92444
LAKE ERIE,970,2013-07-31 22:02:00,2013,Summer,"Phosphorus, soluble reactive",1838,SRP-P-F,SOLUBLE REACTIVE PHOSPHOROUS,0.0002,TRAPEZOIDAL_DEPTH_AVERAGE,4,1,999,998,10.5,95.0476190476,201301008,29,41.82583,-82.97444
LAKE ERIE,971,2013-07-31 23:27:00,2013,Summer,"Phosphorus, soluble reactive",1838,SRP-P-F,SOLUBLE REACTIVE PHOSPHOROUS,0.00025,SINGLE_DEPTH,1,1,1,0,8.6,0,201301008,30,41.94972,-83.04889
LAKE ERIE,972,2013-08-01 06:23:00,2013,Summer,"Phosphorus, soluble reactive",1838,SRP-P-F,SOLUBLE REACTIVE PHOSPHOROUS,0.0002,SINGLE_DEPTH,1,1,1,0,7.8,0,201301008,32,41.86639,-83.19972
LAKE ERIE,973,2013-08-01 07:31:00,2013,Summer,"Phosphorus, soluble reactive",1838,SRP-P-F,SOLUBLE REACTIVE PHOSPHOROUS,0.0038,TRAPEZOIDAL_DEPTH_AVERAGE,2,1,3.5,2.5,5.4,0.462962962963,201301008,33,41.79194,-83.33278
LAKE ERIE,974,2013-08-01 09:01:00,2013,Summer,"Phosphorus, soluble reactive",1838,SRP-P-F,SOLUBLE REACTIVE PHOSPHOROUS,0.0002,SINGLE_DEPTH,1,1,1,0,7.7,0,201301008,34,41.72444,-83.15028
LAKE ERIE,1238,2014-03-05 16:10:00,2014,Spring,"Phosphorus, soluble reactive",1838,SRP-P-F,SOLUBLE REACTIVE PHOSPHOROUS,0.0015,TRAPEZOIDAL_DEPTH_AVERAGE,2,1,10,9,11.3,0.796460176991,201401801,4,42.63333,-81.20056
LAKE ERIE,1370,2014-03-05 14:52:00,2014,Spring,"Phosphorus, soluble reactive",1838,SRP-P-F,SOLUBLE REACTIVE PHOSPHOROUS,0.00805,TRAPEZOIDAL_DEPTH_AVERAGE,2,1,21,20,23,0.869565217391,201401801,3,42.19944,-81.41167
LAKE ERIE,879,2014-03-05 18:30:00,2014,Spring,"Phosphorus, soluble reactive",1838,SRP-P-F,SOLUBLE REACTIVE PHOSPHOROUS,0.01305,TRAPEZOIDAL_DEPTH_AVERAGE,2,1,59,58,61,0.950819672131,201401801,5,42.50694,-79.90000
LAKE ERIE,880,2014-03-04 19:25:00,2014,Spring,"Phosphorus, soluble reactive",1838,SRP-P-F,SOLUBLE REACTIVE PHOSPHOROUS,0.00385,TRAPEZOIDAL_DEPTH_AVERAGE,2,1,21,20,23,0.869565217391,201401801,2,41.91667,-81.63333
LAKE ERIE,970,2014-03-04 17:30:00,2014,Spring,"Phosphorus, soluble reactive",1838,SRP-P-F,SOLUBLE REACTIVE PHOSPHOROUS,0.0026,TRAPEZOIDAL_DEPTH_AVERAGE,2,1,9,8,9.5,0.842105263158,201401801,1,41.82500,-82.97500
LAKE ERIE,1236,2014-07-24 20:29:00,2014,Summer,"Phosphorus, soluble reactive",1838,SRP-P-F,SOLUBLE REACTIVE PHOSPHOROUS,0.00025125250501,TRAPEZOIDAL_DEPTH_AVERAGE,4,1,999,998,16.3,61.226993865,201401005,40,42.81056,-79.56472
LAKE ERIE,1237,2014-07-24 19:42:00,2014,Summer,"Phosphorus, soluble reactive",1838,SRP-P-F,SOLUBLE REACTIVE PHOSPHOROUS,0.00035,TRAPEZOIDAL_DEPTH_AVERAGE,2,1,18,17,20,0.85,201401005,39,42.76583,-79.55583
LAKE ERIE,1238,2014-07-25 23:20:00,2014,Summer,"Phosphorus, soluble reactive",1838,SRP-P-F,SOLUBLE REACTIVE PHOSPHOROUS,0.0005,TRAPEZOIDAL_DEPTH_AVERAGE,2,1,9.5,8.5,11.5,0.739130434783,201401005,56,42.63222,-81.20889
LAKE ERIE,1239,2014-07-25 22:35:00,2014,Summer,"Phosphorus, soluble reactive",1838,SRP-P-F,SOLUBLE REACTIVE PHOSPHOROUS,0.000275,TRAPEZOIDAL_DEPTH_AVERAGE,2,1,11,10,13.3,0.751879699248,201401005,55,42.61528,-81.20833
LAKE ERIE,1240,2014-07-25 21:48:00,2014,Summer,"Phosphorus, soluble reactive",1838,SRP-P-F,SOLUBLE REACTIVE PHOSPHOROUS,0.0003,TRAPEZOIDAL_DEPTH_AVERAGE,2,1,14,13,15.7,0.828025477707,201401005,54,42.56972,-81.20250
LAKE ERIE,1257,2014-07-26 00:01:00,2014,Summer,"Phosphorus, soluble reactive",1838,SRP-P-F,SOLUBLE REACTIVE PHOSPHOROUS,0.00095,TRAPEZOIDAL_DEPTH_AVERAGE,2,1,6,5,8.6,0.581395348837,201401005,57,42.65028,-81.21028
LAKE ERIE,445,2014-07-25 00:26:00,2014,Summer,"Phosphorus, soluble reactive",1838,SRP-P-F,SOLUBLE REACTIVE PHOSPHOROUS,0.000282142857143,TRAPEZOIDAL_DEPTH_AVERAGE,3,1,15,14,16.9,0.828402366864,201401005,44,42.80000,-79.69944
LAKE ERIE,449,2014-07-25 04:28:00,2014,Summer,"Phosphorus, soluble reactive",1838,SRP-P-F,SOLUBLE REACTIVE PHOSPHOROUS,0.0002,TRAPEZOIDAL_DEPTH_AVERAGE,2,1,11.5,10.5,13.5,0.777777777778,201401005,45,42.76639,-79.96611
LAKE ERIE,67,2014-07-24 22:22:00,2014,Summer,"Phosphorus, soluble reactive",1838,SRP-P-F,SOLUBLE REACTIVE PHOSPHOROUS,0.00035,TRAPEZOIDAL_DEPTH_AVERAGE,2,1,7,6,9,0.666666666667,201401005,42,42.84472,-79.57500
LAKE ERIE,727,2014-07-24 17:25:00,2014,Summer,"Phosphorus, soluble reactive",1838,SRP-P-F,SOLUBLE REACTIVE PHOSPHOROUS,0.00045,TRAPEZOIDAL_DEPTH_AVERAGE,3,1,17.5,16.5,19.7,0.837563451777,201401005,37,42.81667,-79.38278
LAKE ERIE,879,2014-07-24 01:35:00,2014,Summer,"Phosphorus, soluble reactive",1838,SRP-P-F,SOLUBLE REACTIVE PHOSPHOROUS,0.000455210420842,TRAPEZOIDAL_DEPTH_AVERAGE,8,1,999,998,62.4,15.9935897436,201401005,30,42.50667,-79.89944
LAKE ERIE,880,2014-07-23 01:59:00,2014,Summer,"Phosphorus, soluble reactive",1838,SRP-P-F,SOLUBLE REACTIVE PHOSPHOROUS,0.000857142857143,TRAPEZOIDAL_DEPTH_AVERAGE,5,1,22,21,24.9,0.843373493976,201401005,18,41.93611,-81.65361
LAKE ERIE,881,2014-07-21 22:31:00,2014,Summer,"Phosphorus, soluble reactive",1838,SRP-P-F,SOLUBLE REACTIVE PHOSPHOROUS,0.00105,TRAPEZOIDAL_DEPTH_AVERAGE,2,1,3.5,2.5,5.5,0.454545454545,201401005,2,41.96889,-83.20861
LAKE ERIE,885,2014-07-22 09:07:00,2014,Summer,"Phosphorus, soluble reactive",1838,SRP-P-F,SOLUBLE REACTIVE PHOSPHOROUS,0.00075,TRAPEZOIDAL_DEPTH_AVERAGE,3,1,9,8,11.2,0.714285714286,201401005,9,41.51944,-82.64000
LAKE ERIE,886,2014-07-24 05:33:00,2014,Summer,"Phosphorus, soluble reactive",1838,SRP-P-F,SOLUBLE REACTIVE PHOSPHOROUS,0.000591397849462,TRAPEZOIDAL_DEPTH_AVERAGE,6,1,47.5,46.5,49,0.948979591837,201401005,32,42.53778,-79.61694
LAKE ERIE,887,2014-07-25 00:14:00,2014,Summer,"Phosphorus, soluble reactive",1838,SRP-P-F,SOLUBLE REACTIVE PHOSPHOROUS,0.000381818181818,TRAPEZOIDAL_DEPTH_AVERAGE,6,1,34,33,36,0.916666666667,201401005,43,42.64694,-79.69139
LAKE ERIE,888,2014-07-26 06:29:00,2014,Summer,"Phosphorus, soluble reactive",1838,SRP-P-F,SOLUBLE REACTIVE PHOSPHOROUS,0.000443421052632,TRAPEZOIDAL_DEPTH_AVERAGE,5,1,20,19,22,0.863636363636,201401005,61,42.28056,-81.67056
LAKE ERIE,889,2014-07-26 09:47:00,2014,Summer,"Phosphorus, soluble reactive",1838,SRP-P-F,SOLUBLE REACTIVE PHOSPHOROUS,0.000611904761905,TRAPEZOIDAL_DEPTH_AVERAGE,5,1,22,21,24.2,0.867768595041,201401005,63,42.11000,-81.57417
LAKE ERIE,931,2014-07-24 12:27:00,2014,Summer,"Phosphorus, soluble reactive",1838,SRP-P-F,SOLUBLE REACTIVE PHOSPHOROUS,0.00045,TRAPEZOIDAL_DEPTH_AVERAGE,2,1,6,5,8.8,0.568181818182,201401005,35,42.84917,-78.94111
LAKE ERIE,932,2014-07-24 16:08:00,2014,Summer,"Phosphorus, soluble reactive",1838,SRP-P-F,SOLUBLE REACTIVE PHOSPHOROUS,0.00047972972973,TRAPEZOIDAL_DEPTH_AVERAGE,4,1,19.5,18.5,20.5,0.90243902439,201401005,36,42.79111,-79.20778
LAKE ERIE,933,2014-07-24 21:25:00,2014,Summer,"Phosphorus, soluble reactive",1838,SRP-P-F,SOLUBLE REACTIVE PHOSPHOROUS,0.0003,TRAPEZOIDAL_DEPTH_AVERAGE,2,1,9,8,11.5,0.695652173913,201401005,41,42.82444,-79.56639
LAKE ERIE,934,2014-07-24 18:47:00,2014,Summer,"Phosphorus, soluble reactive",1838,SRP-P-F,SOLUBLE REACTIVE PHOSPHOROUS,0.000346,TRAPEZOIDAL_DEPTH_AVERAGE,5,1,26,25,28,0.892857142857,201401005,38,42.70750,-79.50833
LAKE ERIE,935,2014-07-24 06:57:00,2014,Summer,"Phosphorus, soluble reactive",1838,SRP-P-F,SOLUBLE REACTIVE PHOSPHOROUS,0.00075,TRAPEZOIDAL_DEPTH_AVERAGE,5,1,31,30,33,0.909090909091,201401005,33,42.59083,-79.46667
LAKE ERIE,936,2014-07-24 08:31:00,2014,Summer,"Phosphorus, soluble reactive",1838,SRP-P-F,SOLUBLE REACTIVE PHOSPHOROUS,0.0006,TRAPEZOIDAL_DEPTH_AVERAGE,2,1,5,4,7.3,0.547945205479,201401005,34,42.47417,-79.40861
LAKE ERIE,937,2014-07-25 06:36:00,2014,Summer,"Phosphorus, soluble reactive",1838,SRP-P-F,SOLUBLE REACTIVE PHOSPHOROUS,0.0003,TRAPEZOIDAL_DEPTH_AVERAGE,2,1,6,5,8,0.625,201401005,46,42.71722,-80.24944
LAKE ERIE,938,2014-07-25 08:10:00,2014,Summer,"Phosphorus, soluble reactive",1838,SRP-P-F,SOLUBLE REACTIVE PHOSPHOROUS,0.000636363636364,TRAPEZOIDAL_DEPTH_AVERAGE,5,1,34,33,35.9,0.91922005571,201401005,47,42.63333,-80.05833
LAKE ERIE,939,2014-07-25 09:41:00,2014,Summer,"Phosphorus, soluble reactive",1838,SRP-P-F,SOLUBLE REACTIVE PHOSPHOROUS,0.000384905660377,TRAPEZOIDAL_DEPTH_AVERAGE,6,1,54,53,56.1,0.944741532977,201401005,48,42.56639,-79.91667
LAKE ERIE,940,2014-07-24 00:05:00,2014,Summer,"Phosphorus, soluble reactive",1838,SRP-P-F,SOLUBLE REACTIVE PHOSPHOROUS,0.000654444444444,TRAPEZOIDAL_DEPTH_AVERAGE,6,1,46,45,47.8,0.941422594142,201401005,29,42.44167,-79.83333
LAKE ERIE,941,2014-07-23 22:32:00,2014,Summer,"Phosphorus, soluble reactive",1838,SRP-P-F,SOLUBLE REACTIVE PHOSPHOROUS,0.000468181818182,TRAPEZOIDAL_DEPTH_AVERAGE,6,1,34,33,35.8,0.921787709497,201401005,28,42.32472,-79.83222
LAKE ERIE,942,2014-07-23 21:07:00,2014,Summer,"Phosphorus, soluble reactive",1838,SRP-P-F,SOLUBLE REACTIVE PHOSPHOROUS,0.00050625,TRAPEZOIDAL_DEPTH_AVERAGE,3,1,13,12,15.3,0.78431372549,201401005,27,42.25917,-79.83194
LAKE ERIE,943,2014-07-25 14:44:00,2014,Summer,"Phosphorus, soluble reactive",1838,SRP-P-F,SOLUBLE REACTIVE PHOSPHOROUS,0.000200851703407,TRAPEZOIDAL_DEPTH_AVERAGE,4,1,999,998,11.5,86.7826086957,201401005,50,42.57500,-80.64139
LAKE ERIE,944,2014-07-25 15:30:00,2014,Summer,"Phosphorus, soluble reactive",1838,SRP-P-F,SOLUBLE REACTIVE PHOSPHOROUS,0.0002,TRAPEZOIDAL_DEPTH_AVERAGE,4,1,15,14,17,0.823529411765,201401005,51,42.53333,-80.64139
LAKE ERIE,945,2014-07-25 17:07:00,2014,Summer,"Phosphorus, soluble reactive",1838,SRP-P-F,SOLUBLE REACTIVE PHOSPHOROUS,0.000214705882353,TRAPEZOIDAL_DEPTH_AVERAGE,4,1,18,17,20,0.85,201401005,52,42.39972,-80.64139
LAKE ERIE,946,2014-07-23 12:25:00,2014,Summer,"Phosphorus, soluble reactive",1838,SRP-P-F,SOLUBLE REACTIVE PHOSPHOROUS,0.000444736842105,TRAPEZOIDAL_DEPTH_AVERAGE,4,1,20,19,22.8,0.833333333333,201401005,22,42.16639,-80.64139
LAKE ERIE,947,2014-07-23 14:23:00,2014,Summer,"Phosphorus, soluble reactive",1838,SRP-P-F,SOLUBLE REACTIVE PHOSPHOROUS,0.000330769230769,TRAPEZOIDAL_DEPTH_AVERAGE,3,1,14,13,15,0.866666666667,201401005,23,41.99111,-80.64111
LAKE ERIE,948,2014-07-23 15:15:00,2014,Summer,"Phosphorus, soluble reactive",1838,SRP-P-F,SOLUBLE REACTIVE PHOSPHOROUS,0.00045,TRAPEZOIDAL_DEPTH_AVERAGE,2,1,8,7,10.5,0.666666666667,201401005,24,41.95694,-80.64083
LAKE ERIE,949,2014-07-23 09:03:00,2014,Summer,"Phosphorus, soluble reactive",1838,SRP-P-F,SOLUBLE REACTIVE PHOSPHOROUS,0.000396668336673,TRAPEZOIDAL_DEPTH_AVERAGE,7,1,999,998,22.1,45.1583710407,201401005,21,42.25000,-81.10750
LAKE ERIE,950,2014-07-26 01:44:00,2014,Summer,"Phosphorus, soluble reactive",1838,SRP-P-F,SOLUBLE REACTIVE PHOSPHOROUS,0.0005,TRAPEZOIDAL_DEPTH_AVERAGE,2,1,6,5,8.3,0.602409638554,201401005,58,42.58778,-81.44167
LAKE ERIE,951,2014-07-26 02:59:00,2014,Summer,"Phosphorus, soluble reactive",1838,SRP-P-F,SOLUBLE REACTIVE PHOSPHOROUS,0.000497058823529,TRAPEZOIDAL_DEPTH_AVERAGE,5,1,18,17,20,0.85,201401005,59,42.47500,-81.44139
LAKE ERIE,952,2014-07-26 04:34:00,2014,Summer,"Phosphorus, soluble reactive",1838,SRP-P-F,SOLUBLE REACTIVE PHOSPHOROUS,0.000457236842105,TRAPEZOIDAL_DEPTH_AVERAGE,5,1,20,19,22,0.863636363636,201401005,60,42.35833,-81.44139
LAKE ERIE,953,2014-07-26 08:13:00,2014,Summer,"Phosphorus, soluble reactive",1838,SRP-P-F,SOLUBLE REACTIVE PHOSPHOROUS,0.00052,TRAPEZOIDAL_DEPTH_AVERAGE,5,1,21,20,23.3,0.858369098712,201401005,62,42.20861,-81.44139
LAKE ERIE,954,2014-07-23 04:49:00,2014,Summer,"Phosphorus, soluble reactive",1838,SRP-P-F,SOLUBLE REACTIVE PHOSPHOROUS,0.000258536585366,TRAPEZOIDAL_DEPTH_AVERAGE,5,1,21.5,20.5,23.5,0.872340425532,201401005,19,42.02556,-81.44139
LAKE ERIE,955,2014-07-22 23:26:00,2014,Summer,"Phosphorus, soluble reactive",1838,SRP-P-F,SOLUBLE REACTIVE PHOSPHOROUS,0.000225,TRAPEZOIDAL_DEPTH_AVERAGE,4,1,19,18,20,0.9,201401005,17,41.80000,-81.44194
LAKE ERIE,956,2014-07-22 20:20:00,2014,Summer,"Phosphorus, soluble reactive",1838,SRP-P-F,SOLUBLE REACTIVE PHOSPHOROUS,0.0002,TRAPEZOIDAL_DEPTH_AVERAGE,2,1,9,8,10.9,0.733944954128,201401005,16,41.69139,-81.44194
LAKE ERIE,957,2014-07-22 18:39:00,2014,Summer,"Phosphorus, soluble reactive",1838,SRP-P-F,SOLUBLE REACTIVE PHOSPHOROUS,0.0002,TRAPEZOIDAL_DEPTH_AVERAGE,5,1,18.5,17.5,20.5,0.853658536585,201401005,14,41.68306,-81.74167
LAKE ERIE,958,2014-07-22 20:05:00,2014,Summer,"Phosphorus, soluble reactive",1838,SRP-P-F,SOLUBLE REACTIVE PHOSPHOROUS,0.0002,TRAPEZOIDAL_DEPTH_AVERAGE,2,1,9,8,11.8,0.677966101695,201401005,15,41.52444,-81.70917
LAKE ERIE,959,2014-07-26 13:30:00,2014,Summer,"Phosphorus, soluble reactive",1838,SRP-P-F,SOLUBLE REACTIVE PHOSPHOROUS,0.000657142857143,TRAPEZOIDAL_DEPTH_AVERAGE,4,1,8,7,10.1,0.693069306931,201401005,64,42.19500,-82.18306
LAKE ERIE,960,2014-07-26 14:40:00,2014,Summer,"Phosphorus, soluble reactive",1838,SRP-P-F,SOLUBLE REACTIVE PHOSPHOROUS,0.000655882352941,TRAPEZOIDAL_DEPTH_AVERAGE,5,1,18,17,20.8,0.817307692308,201401005,65,42.10000,-82.18278
LAKE ERIE,961,2014-07-26 16:34:00,2014,Summer,"Phosphorus, soluble reactive",1838,SRP-P-F,SOLUBLE REACTIVE PHOSPHOROUS,0.000428571428571,TRAPEZOIDAL_DEPTH_AVERAGE,5,1,18.5,17.5,20.5,0.853658536585,201401005,66,41.90833,-82.18333
LAKE ERIE,962,2014-07-22 15:51:00,2014,Summer,"Phosphorus, soluble reactive",1838,SRP-P-F,SOLUBLE REACTIVE PHOSPHOROUS,0.0002,TRAPEZOIDAL_DEPTH_AVERAGE,5,1,17,16,19.4,0.824742268041,201401005,13,41.71639,-82.18361
LAKE ERIE,963,2014-07-22 14:15:00,2014,Summer,"Phosphorus, soluble reactive",1838,SRP-P-F,SOLUBLE REACTIVE PHOSPHOROUS,0.0002,TRAPEZOIDAL_DEPTH_AVERAGE,3,1,13,12,15.2,0.789473684211,201401005,12,41.57500,-82.18333
LAKE ERIE,964,2014-07-22 13:09:00,2014,Summer,"Phosphorus, soluble reactive",1838,SRP-P-F,SOLUBLE REACTIVE PHOSPHOROUS,0.0002,TRAPEZOIDAL_DEPTH_AVERAGE,2,1,7.5,6.5,9.5,0.684210526316,201401005,11,41.48306,-82.18306
LAKE ERIE,965,2014-07-22 10:47:00,2014,Summer,"Phosphorus, soluble reactive",1838,SRP-P-F,SOLUBLE REACTIVE PHOSPHOROUS,0.000300651302605,TRAPEZOIDAL_DEPTH_AVERAGE,6,1,999,998,13.7,72.8467153285,201401005,10,41.49972,-82.50000
LAKE ERIE,966,2014-07-27 02:02:00,2014,Summer,"Phosphorus, soluble reactive",1838,SRP-P-F,SOLUBLE REACTIVE PHOSPHOROUS,0.000785714285714,TRAPEZOIDAL_DEPTH_AVERAGE,3,1,8,7,10.4,0.673076923077,201401005,71,41.98333,-82.62500
LAKE ERIE,967,2014-07-27 00:48:00,2014,Summer,"Phosphorus, soluble reactive",1838,SRP-P-F,SOLUBLE REACTIVE PHOSPHOROUS,0.000401853707415,TRAPEZOIDAL_DEPTH_AVERAGE,4,1,999,998,11.3,88.3185840708,201401005,70,41.89167,-82.66694
LAKE ERIE,968,2014-07-26 23:08:00,2014,Summer,"Phosphorus, soluble reactive",1838,SRP-P-F,SOLUBLE REACTIVE PHOSPHOROUS,0.00145,TRAPEZOIDAL_DEPTH_AVERAGE,2,1,8,7,10.3,0.679611650485,201401005,69,41.74083,-82.73278
LAKE ERIE,969,2014-07-22 06:59:00,2014,Summer,"Phosphorus, soluble reactive",1838,SRP-P-F,SOLUBLE REACTIVE PHOSPHOROUS,0.00085,TRAPEZOIDAL_DEPTH_AVERAGE,2,1,5.5,4.5,7.5,0.6,201401005,8,41.60833,-82.92472
LAKE ERIE,970,2014-07-27 12:13:00,2014,Summer,"Phosphorus, soluble reactive",1838,SRP-P-F,SOLUBLE REACTIVE PHOSPHOROUS,0.00025,TRAPEZOIDAL_DEPTH_AVERAGE,2,1,8,7,10.1,0.693069306931,201401005,72,41.82528,-82.97472
LAKE ERIE,971,2014-07-21 20:57:00,2014,Summer,"Phosphorus, soluble reactive",1838,SRP-P-F,SOLUBLE REACTIVE PHOSPHOROUS,0.00055,TRAPEZOIDAL_DEPTH_AVERAGE,2,1,7,6,9,0.666666666667,201401005,1,41.94889,-83.05056
LAKE ERIE,972,2014-07-21 23:41:00,2014,Summer,"Phosphorus, soluble reactive",1838,SRP-P-F,SOLUBLE REACTIVE PHOSPHOROUS,0.0012,TRAPEZOIDAL_DEPTH_AVERAGE,2,1,6,5,8.3,0.602409638554,201401005,3,41.86667,-83.20000
LAKE ERIE,973,2014-07-22 02:05:00,2014,Summer,"Phosphorus, soluble reactive",1838,SRP-P-F,SOLUBLE REACTIVE PHOSPHOROUS,0.000725,TRAPEZOIDAL_DEPTH_AVERAGE,2,1,4,3,6,0.5,201401005,5,41.79167,-83.33306
LAKE ERIE,974,2014-07-22 04:21:00,2014,Summer,"Phosphorus, soluble reactive",1838,SRP-P-F,SOLUBLE REACTIVE PHOSPHOROUS,0.00075,TRAPEZOIDAL_DEPTH_AVERAGE,2,1,6,5,8,0.625,201401005,6,41.72417,-83.15028
LAKE ERIE,1236,2015-07-23 21:12:00,2015,Summer,"Phosphorus, soluble reactive",1838,SRP-P-F,SOLUBLE REACTIVE PHOSPHOROUS,0.0002,TRAPEZOIDAL_DEPTH_AVERAGE,2,1,15,14,16.63,0.841852074564,201501006,49,42.81111,-79.56528
LAKE ERIE,1237,2015-07-23 22:10:00,2015,Summer,"Phosphorus, soluble reactive",1838,SRP-P-F,SOLUBLE REACTIVE PHOSPHOROUS,0.00035,TRAPEZOIDAL_DEPTH_AVERAGE,2,1,19,18,20.55,0.875912408759,201501006,50,42.76611,-79.55583
LAKE ERIE,1238,2015-07-22 22:46:00,2015,Summer,"Phosphorus, soluble reactive",1838,SRP-P-F,SOLUBLE REACTIVE PHOSPHOROUS,0.0005,TRAPEZOIDAL_DEPTH_AVERAGE,2,1,10,9,11.86,0.758853288364,201501006,34,42.63222,-81.21000
LAKE ERIE,1239,2015-07-22 22:11:00,2015,Summer,"Phosphorus, soluble reactive",1838,SRP-P-F,SOLUBLE REACTIVE PHOSPHOROUS,0.0005,TRAPEZOIDAL_DEPTH_AVERAGE,2,1,12,11,13.83,0.795372378886,201501006,33,42.61472,-81.20778
LAKE ERIE,1240,2015-07-22 21:24:00,2015,Summer,"Phosphorus, soluble reactive",1838,SRP-P-F,SOLUBLE REACTIVE PHOSPHOROUS,0.0005,TRAPEZOIDAL_DEPTH_AVERAGE,2,1,14,13,16.09,0.807955251709,201501006,32,42.57000,-81.20222
LAKE ERIE,1257,2015-07-22 23:21:00,2015,Summer,"Phosphorus, soluble reactive",1838,SRP-P-F,SOLUBLE REACTIVE PHOSPHOROUS,0.0006,TRAPEZOIDAL_DEPTH_AVERAGE,2,1,7,6,8.76,0.684931506849,201501006,35,42.64944,-81.21056
LAKE ERIE,445,2015-07-23 19:13:00,2015,Summer,"Phosphorus, soluble reactive",1838,SRP-P-F,SOLUBLE REACTIVE PHOSPHOROUS,0.0002,SINGLE_DEPTH,1,1,1,0,17.28,0,201501006,46,42.79917,-79.69917
LAKE ERIE,449,2015-07-23 17:42:00,2015,Summer,"Phosphorus, soluble reactive",1838,SRP-P-F,SOLUBLE REACTIVE PHOSPHOROUS,0.0002,SINGLE_DEPTH,1,1,1,0,14.17,0,201501006,45,42.76667,-79.96583
LAKE ERIE,67,2015-07-23 20:06:00,2015,Summer,"Phosphorus, soluble reactive",1838,SRP-P-F,SOLUBLE REACTIVE PHOSPHOROUS,0.0002,TRAPEZOIDAL_DEPTH_AVERAGE,2,1,7,6,9.29,0.645855758881,201501006,47,42.84472,-79.57500
LAKE ERIE,879,2015-07-23 12:46:00,2015,Summer,"Phosphorus, soluble reactive",1838,SRP-P-F,SOLUBLE REACTIVE PHOSPHOROUS,0.00052375,TRAPEZOIDAL_DEPTH_AVERAGE,6,1,61,60,62.35,0.962309542903,201501006,42,42.50722,-79.89917
LAKE ERIE,880,2015-07-22 03:36:00,2015,Summer,"Phosphorus, soluble reactive",1838,SRP-P-F,SOLUBLE REACTIVE PHOSPHOROUS,0.000418181818182,TRAPEZOIDAL_DEPTH_AVERAGE,4,1,23,22,24.73,0.88960776385,201501006,21,41.93500,-81.66278
LAKE ERIE,881,2015-07-20 21:18:00,2015,Summer,"Phosphorus, soluble reactive",1838,SRP-P-F,SOLUBLE REACTIVE PHOSPHOROUS,0.01015,TRAPEZOIDAL_DEPTH_AVERAGE,2,1,3.5,2.5,5.69,0.439367311072,201501006,1,41.96889,-83.20806
LAKE ERIE,882,2015-07-21 07:29:00,2015,Summer,"Phosphorus, soluble reactive",1838,SRP-P-F,SOLUBLE REACTIVE PHOSPHOROUS,0.06405,TRAPEZOIDAL_DEPTH_AVERAGE,2,1,5,4,6.92,0.578034682081,201501006,8,41.76667,-83.30806
LAKE ERIE,885,2015-07-21 12:24:00,2015,Summer,"Phosphorus, soluble reactive",1838,SRP-P-F,SOLUBLE REACTIVE PHOSPHOROUS,0.00185,TRAPEZOIDAL_DEPTH_AVERAGE,2,1,9.5,8.5,11.55,0.735930735931,201501006,11,41.51861,-82.64056
LAKE ERIE,886,2015-07-24 01:41:00,2015,Summer,"Phosphorus, soluble reactive",1838,SRP-P-F,SOLUBLE REACTIVE PHOSPHOROUS,0.0002,SINGLE_DEPTH,1,1,1,0,49.3,0,201501006,53,42.53833,-79.61722
LAKE ERIE,887,2015-07-24 00:18:00,2015,Summer,"Phosphorus, soluble reactive",1838,SRP-P-F,SOLUBLE REACTIVE PHOSPHOROUS,0.000254545454545,TRAPEZOIDAL_DEPTH_AVERAGE,6,1,34,33,36.13,0.913368391918,201501006,52,42.64639,-79.69083
LAKE ERIE,888,2015-07-22 00:24:00,2015,Summer,"Phosphorus, soluble reactive",1838,SRP-P-F,SOLUBLE REACTIVE PHOSPHOROUS,0.000852631578947,TRAPEZOIDAL_DEPTH_AVERAGE,4,1,20,19,22.45,0.846325167038,201501006,19,42.28056,-81.66972
LAKE ERIE,889,2015-07-22 02:04:00,2015,Summer,"Phosphorus, soluble reactive",1838,SRP-P-F,SOLUBLE REACTIVE PHOSPHOROUS,0.0004,TRAPEZOIDAL_DEPTH_AVERAGE,3,1,999,998,24.38,40.935192781,201501006,20,42.11028,-81.57583
LAKE ERIE,931,2015-07-24 06:10:00,2015,Summer,"Phosphorus, soluble reactive",1838,SRP-P-F,SOLUBLE REACTIVE PHOSPHOROUS,0.0002,TRAPEZOIDAL_DEPTH_AVERAGE,2,1,6,5,8.19,0.610500610501,201501006,55,42.84972,-78.94167
LAKE ERIE,932,2015-07-24 07:46:00,2015,Summer,"Phosphorus, soluble reactive",1838,SRP-P-F,SOLUBLE REACTIVE PHOSPHOROUS,0.0002,SINGLE_DEPTH,1,1,1,0,21.43,0,201501006,56,42.79139,-79.20806
LAKE ERIE,933,2015-07-23 20:41:00,2015,Summer,"Phosphorus, soluble reactive",1838,SRP-P-F,SOLUBLE REACTIVE PHOSPHOROUS,0.00025,TRAPEZOIDAL_DEPTH_AVERAGE,2,1,10,9,12.27,0.733496332518,201501006,48,42.82583,-79.56667
LAKE ERIE,934,2015-07-23 23:00:00,2015,Summer,"Phosphorus, soluble reactive",1838,SRP-P-F,SOLUBLE REACTIVE PHOSPHOROUS,0.000200450901804,TRAPEZOIDAL_DEPTH_AVERAGE,3,1,999,998,28.04,35.5920114123,201501006,51,42.70833,-79.50778
LAKE ERIE,935,2015-07-24 02:46:00,2015,Summer,"Phosphorus, soluble reactive",1838,SRP-P-F,SOLUBLE REACTIVE PHOSPHOROUS,0.0002,TRAPEZOIDAL_DEPTH_AVERAGE,5,1,32,31,33.62,0.922070196312,201501006,54,42.59167,-79.46583
LAKE ERIE,937,2015-07-23 16:03:00,2015,Summer,"Phosphorus, soluble reactive",1838,SRP-P-F,SOLUBLE REACTIVE PHOSPHOROUS,0.0002,TRAPEZOIDAL_DEPTH_AVERAGE,2,1,6.5,5.5,8.69,0.632911392405,201501006,44,42.71667,-80.24944
LAKE ERIE,938,2015-07-23 14:36:00,2015,Summer,"Phosphorus, soluble reactive",1838,SRP-P-F,SOLUBLE REACTIVE PHOSPHOROUS,0.0002,SINGLE_DEPTH,1,1,1,0,36.42,0,201501006,43,42.63278,-80.04917
LAKE ERIE,941,2015-07-23 11:16:00,2015,Summer,"Phosphorus, soluble reactive",1838,SRP-P-F,SOLUBLE REACTIVE PHOSPHOROUS,0.0002,SINGLE_DEPTH,1,1,1,0,36.22,0,201501006,41,42.32500,-79.83278
LAKE ERIE,942,2015-07-23 10:13:00,2015,Summer,"Phosphorus, soluble reactive",1838,SRP-P-F,SOLUBLE REACTIVE PHOSPHOROUS,0.000201102204409,TRAPEZOIDAL_DEPTH_AVERAGE,5,1,999,998,15.88,62.8463476071,201501006,40,42.25806,-79.83333
LAKE ERIE,943,2015-07-23 02:29:00,2015,Summer,"Phosphorus, soluble reactive",1838,SRP-P-F,SOLUBLE REACTIVE PHOSPHOROUS,0.00045,SINGLE_DEPTH,1,1,1,0,12.26,0,201501006,36,42.57417,-80.64111
LAKE ERIE,944,2015-07-23 03:01:00,2015,Summer,"Phosphorus, soluble reactive",1838,SRP-P-F,SOLUBLE REACTIVE PHOSPHOROUS,0.000332142857143,TRAPEZOIDAL_DEPTH_AVERAGE,3,1,15,14,17.36,0.806451612903,201501006,37,42.53333,-80.64139
LAKE ERIE,945,2015-07-23 04:18:00,2015,Summer,"Phosphorus, soluble reactive",1838,SRP-P-F,SOLUBLE REACTIVE PHOSPHOROUS,0.0002,SINGLE_DEPTH,1,1,1,0,20.74,0,201501006,38,42.40000,-80.64194
LAKE ERIE,946,2015-07-23 05:59:00,2015,Summer,"Phosphorus, soluble reactive",1838,SRP-P-F,SOLUBLE REACTIVE PHOSPHOROUS,0.0002,TRAPEZOIDAL_DEPTH_AVERAGE,4,1,21,20,23.36,0.856164383562,201501006,39,42.16667,-80.64139
LAKE ERIE,949,2015-07-22 15:25:00,2015,Summer,"Phosphorus, soluble reactive",1838,SRP-P-F,SOLUBLE REACTIVE PHOSPHOROUS,0.0002975,TRAPEZOIDAL_DEPTH_AVERAGE,5,1,21,20,22.51,0.888494002665,201501006,28,42.24972,-81.10917
LAKE ERIE,950,2015-07-22 19:56:00,2015,Summer,"Phosphorus, soluble reactive",1838,SRP-P-F,SOLUBLE REACTIVE PHOSPHOROUS,0.0005,SINGLE_DEPTH,1,1,1,0,8.98,0,201501006,31,42.58750,-81.44111
LAKE ERIE,951,2015-07-22 18:34:00,2015,Summer,"Phosphorus, soluble reactive",1838,SRP-P-F,SOLUBLE REACTIVE PHOSPHOROUS,0.000449123246493,TRAPEZOIDAL_DEPTH_AVERAGE,6,1,999,998,20.41,48.8975992161,201501006,30,42.47444,-81.44139
LAKE ERIE,952,2015-07-22 17:38:00,2015,Summer,"Phosphorus, soluble reactive",1838,SRP-P-F,SOLUBLE REACTIVE PHOSPHOROUS,0.0004,SINGLE_DEPTH,1,1,1,0,22.49,0,201501006,29,42.35806,-81.44083
LAKE ERIE,953,2015-07-22 13:34:00,2015,Summer,"Phosphorus, soluble reactive",1838,SRP-P-F,SOLUBLE REACTIVE PHOSPHOROUS,0.0002,SINGLE_DEPTH,1,1,1,0,23.71,0,201501006,27,42.20778,-81.44222
LAKE ERIE,954,2015-07-22 12:09:00,2015,Summer,"Phosphorus, soluble reactive",1838,SRP-P-F,SOLUBLE REACTIVE PHOSPHOROUS,0.0003,SINGLE_DEPTH,1,1,1,0,23.9,0,201501006,26,42.02500,-81.44306
LAKE ERIE,955,2015-07-22 10:24:00,2015,Summer,"Phosphorus, soluble reactive",1838,SRP-P-F,SOLUBLE REACTIVE PHOSPHOROUS,0.0004,SINGLE_DEPTH,1,1,1,0,20.3,0,201501006,25,41.79972,-81.44222
LAKE ERIE,956,2015-07-22 09:18:00,2015,Summer,"Phosphorus, soluble reactive",1838,SRP-P-F,SOLUBLE REACTIVE PHOSPHOROUS,0.0005,SINGLE_DEPTH,1,1,1,0,10.87,0,201501006,24,41.69167,-81.44194
LAKE ERIE,957,2015-07-22 05:56:00,2015,Summer,"Phosphorus, soluble reactive",1838,SRP-P-F,SOLUBLE REACTIVE PHOSPHOROUS,0.0005,SINGLE_DEPTH,1,1,1,0,20.74,0,201501006,22,41.68278,-81.74056
LAKE ERIE,958,2015-07-22 07:10:00,2015,Summer,"Phosphorus, soluble reactive",1838,SRP-P-F,SOLUBLE REACTIVE PHOSPHOROUS,0.00065,TRAPEZOIDAL_DEPTH_AVERAGE,2,1,10,9,11.93,0.754400670578,201501006,23,41.52500,-81.70833
LAKE ERIE,959,2015-07-21 21:40:00,2015,Summer,"Phosphorus, soluble reactive",1838,SRP-P-F,SOLUBLE REACTIVE PHOSPHOROUS,0.0003,SINGLE_DEPTH,1,1,1,0,10.18,0,201501006,18,42.19444,-82.18278
LAKE ERIE,960,2015-07-21 20:20:00,2015,Summer,"Phosphorus, soluble reactive",1838,SRP-P-F,SOLUBLE REACTIVE PHOSPHOROUS,0.000472222222222,TRAPEZOIDAL_DEPTH_AVERAGE,4,1,19,18,21.18,0.849858356941,201501006,17,42.10000,-82.18333
LAKE ERIE,961,2015-07-21 18:53:00,2015,Summer,"Phosphorus, soluble reactive",1838,SRP-P-F,SOLUBLE REACTIVE PHOSPHOROUS,0.0003,SINGLE_DEPTH,1,1,1,0,20.89,0,201501006,16,41.90806,-82.18306
LAKE ERIE,962,2015-07-21 17:25:00,2015,Summer,"Phosphorus, soluble reactive",1838,SRP-P-F,SOLUBLE REACTIVE PHOSPHOROUS,0.0005,SINGLE_DEPTH,1,1,1,0,19.5,0,201501006,15,41.71611,-82.18333
LAKE ERIE,963,2015-07-21 16:11:00,2015,Summer,"Phosphorus, soluble reactive",1838,SRP-P-F,SOLUBLE REACTIVE PHOSPHOROUS,0.0005,TRAPEZOIDAL_DEPTH_AVERAGE,2,1,14,13,15.42,0.843060959792,201501006,14,41.57389,-82.18361
LAKE ERIE,964,2015-07-21 15:24:00,2015,Summer,"Phosphorus, soluble reactive",1838,SRP-P-F,SOLUBLE REACTIVE PHOSPHOROUS,0.0066,SINGLE_DEPTH,1,1,1,0,10.14,0,201501006,13,41.48472,-82.18361
LAKE ERIE,965,2015-07-21 13:27:00,2015,Summer,"Phosphorus, soluble reactive",1838,SRP-P-F,SOLUBLE REACTIVE PHOSPHOROUS,0.0004,SINGLE_DEPTH,1,1,1,0,14.02,0,201501006,12,41.50028,-82.50083
LAKE ERIE,966,2015-07-21 01:00:00,2015,Summer,"Phosphorus, soluble reactive",1838,SRP-P-F,SOLUBLE REACTIVE PHOSPHOROUS,0.0007,SINGLE_DEPTH,1,1,1,0,10.69,0,201501006,3,41.98333,-82.62500
LAKE ERIE,967,2015-07-21 01:50:00,2015,Summer,"Phosphorus, soluble reactive",1838,SRP-P-F,SOLUBLE REACTIVE PHOSPHOROUS,0.0007,SINGLE_DEPTH,1,1,1,0,11.68,0,201501006,4,41.89167,-82.66667
LAKE ERIE,968,2015-07-21 03:05:00,2015,Summer,"Phosphorus, soluble reactive",1838,SRP-P-F,SOLUBLE REACTIVE PHOSPHOROUS,0.0079,SINGLE_DEPTH,1,1,1,0,10.91,0,201501006,5,41.74167,-82.73389
LAKE ERIE,969,2015-07-21 10:31:00,2015,Summer,"Phosphorus, soluble reactive",1838,SRP-P-F,SOLUBLE REACTIVE PHOSPHOROUS,0.0159093937876,TRAPEZOIDAL_DEPTH_AVERAGE,3,1,999,998,8.03,124.283935243,201501006,10,41.60833,-82.92528
LAKE ERIE,970,2015-07-21 04:46:00,2015,Summer,"Phosphorus, soluble reactive",1838,SRP-P-F,SOLUBLE REACTIVE PHOSPHOROUS,0.0005,TRAPEZOIDAL_DEPTH_AVERAGE,2,1,9,8,10.78,0.742115027829,201501006,6,41.82583,-82.97500
LAKE ERIE,971,2015-07-20 21:41:00,2015,Summer,"Phosphorus, soluble reactive",1838,SRP-P-F,SOLUBLE REACTIVE PHOSPHOROUS,0.0005,SINGLE_DEPTH,1,1,1,0,9.16,0,201501006,2,41.95000,-83.05000
LAKE ERIE,972,2015-07-21 06:24:00,2015,Summer,"Phosphorus, soluble reactive",1838,SRP-P-F,SOLUBLE REACTIVE PHOSPHOROUS,0.0196,SINGLE_DEPTH,1,1,1,0,8.66,0,201501006,7,41.86667,-83.19972
LAKE ERIE,974,2015-07-21 08:42:00,2015,Summer,"Phosphorus, soluble reactive",1838,SRP-P-F,SOLUBLE REACTIVE PHOSPHOROUS,0.0002,SINGLE_DEPTH,1,1,1,0,8.35,0,201501006,9,41.72444,-83.14944
LAKE ERIE,1057,2016-02-17 18:35:00,2016,Spring,"Phosphorus, soluble reactive",1838,SRP-P-F,SOLUBLE REACTIVE PHOSPHOROUS,0.0097,TRAPEZOIDAL_DEPTH_AVERAGE,2,1,19,18,21,0.857142857143,201601801,6,42.36333,-81.12333
LAKE ERIE,1156,2016-02-15 21:35:00,2016,Spring,"Phosphorus, soluble reactive",1838,SRP-P-F,SOLUBLE REACTIVE PHOSPHOROUS,0.00185,TRAPEZOIDAL_DEPTH_AVERAGE,2,1,8,7,9.9,0.707070707071,201601801,1,42.04583,-83.13611
LAKE ERIE,1208,2016-02-17 22:15:00,2016,Spring,"Phosphorus, soluble reactive",1838,SRP-P-F,SOLUBLE REACTIVE PHOSPHOROUS,0.01065,TRAPEZOIDAL_DEPTH_AVERAGE,2,1,8.5,7.5,10.5,0.714285714286,201601801,7,42.64222,-81.00389
LAKE ERIE,1210,2016-02-18 12:45:00,2016,Spring,"Phosphorus, soluble reactive",1838,SRP-P-F,SOLUBLE REACTIVE PHOSPHOROUS,0.0121,TRAPEZOIDAL_DEPTH_AVERAGE,2,1,12,11,14,0.785714285714,201601801,8,42.59306,-80.80333
LAKE ERIE,218,2016-02-16 23:35:00,2016,Spring,"Phosphorus, soluble reactive",1838,SRP-P-F,SOLUBLE REACTIVE PHOSPHOROUS,0.00405,TRAPEZOIDAL_DEPTH_AVERAGE,2,1,10.5,9.5,12.5,0.76,201601801,4,42.05056,-82.43361
LAKE ERIE,67,2016-02-18 21:40:00,2016,Spring,"Phosphorus, soluble reactive",1838,SRP-P-F,SOLUBLE REACTIVE PHOSPHOROUS,0.0127991232465,TRAPEZOIDAL_DEPTH_AVERAGE,5,1,999,998,10,99.8,201601801,11,42.84472,-79.57306
LAKE ERIE,879,2016-02-18 16:40:00,2016,Spring,"Phosphorus, soluble reactive",1838,SRP-P-F,SOLUBLE REACTIVE PHOSPHOROUS,0.010225,TRAPEZOIDAL_DEPTH_AVERAGE,2,1,60,59,61.5,0.959349593496,201601801,10,42.50667,-79.90000
LAKE ERIE,880,2016-02-17 13:30:00,2016,Spring,"Phosphorus, soluble reactive",1838,SRP-P-F,SOLUBLE REACTIVE PHOSPHOROUS,0.00855,TRAPEZOIDAL_DEPTH_AVERAGE,2,1,22,21,25,0.84,201601801,5,41.91667,-81.63444
LAKE ERIE,931,2016-02-19 03:25:00,2016,Spring,"Phosphorus, soluble reactive",1838,SRP-P-F,SOLUBLE REACTIVE PHOSPHOROUS,0.00673031062124,TRAPEZOIDAL_DEPTH_AVERAGE,4,1,999,998,8.8,113.409090909,201601801,12,42.84750,-78.94250
LAKE ERIE,937,2016-02-18 13:12:00,2016,Spring,"Phosphorus, soluble reactive",1838,SRP-P-F,SOLUBLE REACTIVE PHOSPHOROUS,0.00653103707415,TRAPEZOIDAL_DEPTH_AVERAGE,4,1,999,998,8.5,117.411764706,201601801,9,42.71639,-80.24972
LAKE ERIE,966,2016-02-16 17:00:00,2016,Spring,"Phosphorus, soluble reactive",1838,SRP-P-F,SOLUBLE REACTIVE PHOSPHOROUS,0.00405,TRAPEZOIDAL_DEPTH_AVERAGE,2,1,9,8,10.3,0.776699029126,201601801,3,41.98667,-82.62556
LAKE ERIE,970,2016-02-16 12:56:00,2016,Spring,"Phosphorus, soluble reactive",1838,SRP-P-F,SOLUBLE REACTIVE PHOSPHOROUS,0.00075,TRAPEZOIDAL_DEPTH_AVERAGE,2,1,8.5,7.5,10,0.75,201601801,2,41.82556,-82.97639
LAKE ERIE,445,2016-07-13 20:55:00,2016,Summer,"Phosphorus, soluble reactive",1838,SRP-P-F,SOLUBLE REACTIVE PHOSPHOROUS,0.000824674348697,TRAPEZOIDAL_DEPTH_AVERAGE,3,1,999,998,16.5,60.4848484848,201601002,29,42.79972,-79.69917
LAKE ERIE,449,2016-07-13 19:20:00,2016,Summer,"Phosphorus, soluble reactive",1838,SRP-P-F,SOLUBLE REACTIVE PHOSPHOROUS,0.0003,SINGLE_DEPTH,1,1,1,0,13.67,0,201601002,28,42.76694,-79.96583
LAKE ERIE,727,2016-07-14 02:03:00,2016,Summer,"Phosphorus, soluble reactive",1838,SRP-P-F,SOLUBLE REACTIVE PHOSPHOROUS,0.0025,SINGLE_DEPTH,1,1,1,0,20,0,201601002,33,42.81667,-79.38278
LAKE ERIE,879,2016-07-13 12:12:00,2016,Summer,"Phosphorus, soluble reactive",1838,SRP-P-F,SOLUBLE REACTIVE PHOSPHOROUS,0.00381610169492,TRAPEZOIDAL_DEPTH_AVERAGE,6,1,60,59,62.2,0.948553054662,201601002,23,42.50611,-79.89972
LAKE ERIE,880,2016-07-12 12:26:00,2016,Summer,"Phosphorus, soluble reactive",1838,SRP-P-F,SOLUBLE REACTIVE PHOSPHOROUS,0.00027380952381,TRAPEZOIDAL_DEPTH_AVERAGE,5,1,22,21,24.3,0.864197530864,201601002,10,41.93694,-81.65444
LAKE ERIE,881,2016-07-11 18:47:00,2016,Summer,"Phosphorus, soluble reactive",1838,SRP-P-F,SOLUBLE REACTIVE PHOSPHOROUS,0.00055,TRAPEZOIDAL_DEPTH_AVERAGE,2,1,3.5,2.5,5.47,0.457038391225,201601002,1,41.96889,-83.20806
LAKE ERIE,887,2016-07-13 22:19:00,2016,Summer,"Phosphorus, soluble reactive",1838,SRP-P-F,SOLUBLE REACTIVE PHOSPHOROUS,0.0015390625,TRAPEZOIDAL_DEPTH_AVERAGE,5,1,33,32,35.5,0.901408450704,201601002,30,42.64694,-79.69222
LAKE ERIE,888,2016-07-12 17:29:00,2016,Summer,"Phosphorus, soluble reactive",1838,SRP-P-F,SOLUBLE REACTIVE PHOSPHOROUS,0.000539473684211,TRAPEZOIDAL_DEPTH_AVERAGE,6,1,20,19,22.27,0.853165693758,201601002,13,42.28028,-81.67000
LAKE ERIE,889,2016-07-12 15:57:00,2016,Summer,"Phosphorus, soluble reactive",1838,SRP-P-F,SOLUBLE REACTIVE PHOSPHOROUS,0.0002,SINGLE_DEPTH,1,1,1,0,24.4,0,201601002,12,42.11000,-81.57417
LAKE ERIE,931,2016-07-14 04:54:00,2016,Summer,"Phosphorus, soluble reactive",1838,SRP-P-F,SOLUBLE REACTIVE PHOSPHOROUS,0.00045,TRAPEZOIDAL_DEPTH_AVERAGE,2,1,6,5,8.45,0.591715976331,201601002,35,42.84972,-78.94083
LAKE ERIE,932,2016-07-14 03:14:00,2016,Summer,"Phosphorus, soluble reactive",1838,SRP-P-F,SOLUBLE REACTIVE PHOSPHOROUS,0.0005,SINGLE_DEPTH,1,1,1,0,20.8,0,201601002,34,42.79167,-79.20833
LAKE ERIE,933,2016-07-14 01:04:00,2016,Summer,"Phosphorus, soluble reactive",1838,SRP-P-F,SOLUBLE REACTIVE PHOSPHOROUS,0.00247368421053,TRAPEZOIDAL_DEPTH_AVERAGE,3,1,10.5,9.5,12.6,0.753968253968,201601002,32,42.82472,-79.56583
LAKE ERIE,934,2016-07-13 23:37:00,2016,Summer,"Phosphorus, soluble reactive",1838,SRP-P-F,SOLUBLE REACTIVE PHOSPHOROUS,0.0007,SINGLE_DEPTH,1,1,1,0,27.75,0,201601002,31,42.70778,-79.50750
LAKE ERIE,935,2016-07-14 08:31:00,2016,Summer,"Phosphorus, soluble reactive",1838,SRP-P-F,SOLUBLE REACTIVE PHOSPHOROUS,0.000477049180328,TRAPEZOIDAL_DEPTH_AVERAGE,5,1,31.5,30.5,33.5,0.910447761194,201601002,36,42.59278,-79.46583
LAKE ERIE,937,2016-07-13 17:20:00,2016,Summer,"Phosphorus, soluble reactive",1838,SRP-P-F,SOLUBLE REACTIVE PHOSPHOROUS,0.002,TRAPEZOIDAL_DEPTH_AVERAGE,3,1,6,5,8.27,0.604594921403,201601002,27,42.71722,-80.24917
LAKE ERIE,938,2016-07-13 15:43:00,2016,Summer,"Phosphorus, soluble reactive",1838,SRP-P-F,SOLUBLE REACTIVE PHOSPHOROUS,0.00025,SINGLE_DEPTH,1,1,1,0,35.8,0,201601002,26,42.63333,-80.05778
LAKE ERIE,939,2016-07-13 13:36:00,2016,Summer,"Phosphorus, soluble reactive",1838,SRP-P-F,SOLUBLE REACTIVE PHOSPHOROUS,0.0008,SINGLE_DEPTH,1,1,1,0,56.3,0,201601002,24,42.56611,-79.91583
LAKE ERIE,940,2016-07-13 11:11:00,2016,Summer,"Phosphorus, soluble reactive",1838,SRP-P-F,SOLUBLE REACTIVE PHOSPHOROUS,0.0017,SINGLE_DEPTH,1,1,1,0,48,0,201601002,22,42.44167,-79.83250
LAKE ERIE,942,2016-07-14 12:07:00,2016,Summer,"Phosphorus, soluble reactive",1838,SRP-P-F,SOLUBLE REACTIVE PHOSPHOROUS,0.0009,TRAPEZOIDAL_DEPTH_AVERAGE,2,1,13,12,15.6,0.769230769231,201601002,37,42.25861,-79.83278
LAKE ERIE,943,2016-07-13 05:02:00,2016,Summer,"Phosphorus, soluble reactive",1838,SRP-P-F,SOLUBLE REACTIVE PHOSPHOROUS,0.0004000501002,TRAPEZOIDAL_DEPTH_AVERAGE,3,1,999,998,11.45,87.1615720524,201601002,19,42.57444,-80.64167
LAKE ERIE,944,2016-07-13 05:36:00,2016,Summer,"Phosphorus, soluble reactive",1838,SRP-P-F,SOLUBLE REACTIVE PHOSPHOROUS,0.00093125,TRAPEZOIDAL_DEPTH_AVERAGE,5,1,15,14,16.9,0.828402366864,201601002,20,42.53333,-80.64278
LAKE ERIE,945,2016-07-13 07:05:00,2016,Summer,"Phosphorus, soluble reactive",1838,SRP-P-F,SOLUBLE REACTIVE PHOSPHOROUS,0.0007,SINGLE_DEPTH,1,1,1,0,20.36,0,201601002,21,42.40028,-80.64000
LAKE ERIE,949,2016-07-12 20:48:00,2016,Summer,"Phosphorus, soluble reactive",1838,SRP-P-F,SOLUBLE REACTIVE PHOSPHOROUS,0.000352631578947,TRAPEZOIDAL_DEPTH_AVERAGE,4,1,20,19,22,0.863636363636,201601002,15,42.25000,-81.10833
LAKE ERIE,950,2016-07-13 12:58:00,2016,Summer,"Phosphorus, soluble reactive",1838,SRP-P-F,SOLUBLE REACTIVE PHOSPHOROUS,0.0003,SINGLE_DEPTH,1,1,1,0,8.4,0,201601002,18,42.58750,-81.44194
LAKE ERIE,951,2016-07-12 23:55:00,2016,Summer,"Phosphorus, soluble reactive",1838,SRP-P-F,SOLUBLE REACTIVE PHOSPHOROUS,0.000979411764706,TRAPEZOIDAL_DEPTH_AVERAGE,5,1,18,17,19.93,0.852985449072,201601002,17,42.47444,-81.44306
LAKE ERIE,952,2016-07-12 22:52:00,2016,Summer,"Phosphorus, soluble reactive",1838,SRP-P-F,SOLUBLE REACTIVE PHOSPHOROUS,0.0004,SINGLE_DEPTH,1,1,1,0,22,0,201601002,16,42.35833,-81.44083
LAKE ERIE,953,2016-07-12 18:55:00,2016,Summer,"Phosphorus, soluble reactive",1838,SRP-P-F,SOLUBLE REACTIVE PHOSPHOROUS,0.0006,SINGLE_DEPTH,1,1,1,0,23.47,0,201601002,14,42.20833,-81.44167
LAKE ERIE,954,2016-07-12 14:34:00,2016,Summer,"Phosphorus, soluble reactive",1838,SRP-P-F,SOLUBLE REACTIVE PHOSPHOROUS,0.0006,SINGLE_DEPTH,1,1,1,0,23.77,0,201601002,11,42.02472,-81.44056
LAKE ERIE,959,2016-07-12 08:54:00,2016,Summer,"Phosphorus, soluble reactive",1838,SRP-P-F,SOLUBLE REACTIVE PHOSPHOROUS,0.001,TRAPEZOIDAL_DEPTH_AVERAGE,3,1,999,998,10,99.8,201601002,9,42.19528,-82.18139
LAKE ERIE,960,2016-07-12 07:40:00,2016,Summer,"Phosphorus, soluble reactive",1838,SRP-P-F,SOLUBLE REACTIVE PHOSPHOROUS,0.000855555555556,TRAPEZOIDAL_DEPTH_AVERAGE,5,1,19,18,21.14,0.85146641438,201601002,8,42.09972,-82.18333
LAKE ERIE,961,2016-07-12 06:10:00,2016,Summer,"Phosphorus, soluble reactive",1838,SRP-P-F,SOLUBLE REACTIVE PHOSPHOROUS,0.0003,SINGLE_DEPTH,1,1,1,0,20.82,0,201601002,7,41.90889,-82.18250
LAKE ERIE,966,2016-07-12 02:26:00,2016,Summer,"Phosphorus, soluble reactive",1838,SRP-P-F,SOLUBLE REACTIVE PHOSPHOROUS,0.002,SINGLE_DEPTH,1,1,1,0,10.6,0,201601002,6,41.98361,-82.62528
LAKE ERIE,967,2016-07-12 01:04:00,2016,Summer,"Phosphorus, soluble reactive",1838,SRP-P-F,SOLUBLE REACTIVE PHOSPHOROUS,0.0006,SINGLE_DEPTH,1,1,1,0,11.42,0,201601002,5,41.89083,-82.66694
LAKE ERIE,968,2016-07-11 23:45:00,2016,Summer,"Phosphorus, soluble reactive",1838,SRP-P-F,SOLUBLE REACTIVE PHOSPHOROUS,0.0005,SINGLE_DEPTH,1,1,1,0,10.5,0,201601002,4,41.74222,-82.73361
LAKE ERIE,970,2016-07-11 21:38:00,2016,Summer,"Phosphorus, soluble reactive",1838,SRP-P-F,SOLUBLE REACTIVE PHOSPHOROUS,0.00045,TRAPEZOIDAL_DEPTH_AVERAGE,2,1,8.5,7.5,10.4,0.721153846154,201601002,3,41.82472,-82.97528
LAKE ERIE,971,2016-07-11 20:19:00,2016,Summer,"Phosphorus, soluble reactive",1838,SRP-P-F,SOLUBLE REACTIVE PHOSPHOROUS,0.0006,SINGLE_DEPTH,1,1,1,0,9.01,0,201601002,2,41.94944,-83.05028
LAKE ERIE,107,2017-05-10 18:10:00,2017,Spring,"Phosphorus, soluble reactive",1838,SRP-P-F,SOLUBLE REACTIVE PHOSPHOROUS,0.001025,TRAPEZOIDAL_DEPTH_AVERAGE,3,1,7,6,9,0.666666666667,201701008,22,42.01639,-82.66639
LAKE ERIE,1163,2017-04-10 11:06:00,2017,Spring,"Phosphorus, soluble reactive",1838,SRP-P-F,SOLUBLE REACTIVE PHOSPHOROUS,0.0006,TRAPEZOIDAL_DEPTH_AVERAGE,2,1,6.5,5.5,8.47,0.649350649351,201701008,11,41.47028,-82.71278
LAKE ERIE,1297,2017-06-10 10:59:00,2017,Spring,"Phosphorus, soluble reactive",1838,SRP-P-F,SOLUBLE REACTIVE PHOSPHOROUS,0.0005,TRAPEZOIDAL_DEPTH_AVERAGE,2,1,7.5,6.5,9.95,0.653266331658,201701008,27,42.03667,-83.13444
LAKE ERIE,1461,2017-05-10 11:27:00,2017,Spring,"Phosphorus, soluble reactive",1838,SRP-P-F,SOLUBLE REACTIVE PHOSPHOROUS,0.0009,TRAPEZOIDAL_DEPTH_AVERAGE,2,1,7.5,6.5,9.43,0.689289501591,201701008,18,41.94806,-82.98167
LAKE ERIE,1462,2017-05-10 13:27:00,2017,Spring,"Phosphorus, soluble reactive",1838,SRP-P-F,SOLUBLE REACTIVE PHOSPHOROUS,0.00075017552658,TRAPEZOIDAL_DEPTH_AVERAGE,3,1,998,997,9.87,101.013171226,201701008,19,41.96000,-82.86278
LAKE ERIE,1463,2017-05-10 15:10:00,2017,Spring,"Phosphorus, soluble reactive",1838,SRP-P-F,SOLUBLE REACTIVE PHOSPHOROUS,0.00115,TRAPEZOIDAL_DEPTH_AVERAGE,2,1,8,7,10.16,0.688976377953,201701008,20,41.97389,-82.80444
LAKE ERIE,1464,2017-05-10 21:30:00,2017,Spring,"Phosphorus, soluble reactive",1838,SRP-P-F,SOLUBLE REACTIVE PHOSPHOROUS,0.00085,TRAPEZOIDAL_DEPTH_AVERAGE,2,1,6,5,7.99,0.625782227785,201701008,24,42.00972,-82.74694
LAKE ERIE,1465,2017-05-10 22:50:00,2017,Spring,"Phosphorus, soluble reactive",1838,SRP-P-F,SOLUBLE REACTIVE PHOSPHOROUS,0.00055,TRAPEZOIDAL_DEPTH_AVERAGE,2,1,5.5,4.5,7.51,0.599201065246,201701008,25,41.98611,-82.85444
LAKE ERIE,1466,2017-06-10 00:29:00,2017,Spring,"Phosphorus, soluble reactive",1838,SRP-P-F,SOLUBLE REACTIVE PHOSPHOROUS,0.00045,TRAPEZOIDAL_DEPTH_AVERAGE,2,1,5.5,4.5,7.6,0.592105263158,201701008,26,41.99722,-82.98056
LAKE ERIE,215,2017-03-10 12:50:00,2017,Spring,"Phosphorus, soluble reactive",1838,SRP-P-F,SOLUBLE REACTIVE PHOSPHOROUS,0.00195,TRAPEZOIDAL_DEPTH_AVERAGE,2,1,7.5,6.5,9.49,0.684931506849,201701008,5,41.73389,-83.38472
LAKE ERIE,216,2017-05-10 19:35:00,2017,Spring,"Phosphorus, soluble reactive",1838,SRP-P-F,SOLUBLE REACTIVE PHOSPHOROUS,0.001281,TRAPEZOIDAL_DEPTH_AVERAGE,3,1,6,5,8.21,0.609013398295,201701008,23,41.97806,-82.55139
LAKE ERIE,365,2017-03-10 01:11:00,2017,Spring,"Phosphorus, soluble reactive",1838,SRP-P-F,SOLUBLE REACTIVE PHOSPHOROUS,0.00035,TRAPEZOIDAL_DEPTH_AVERAGE,2,1,8.5,7.5,10.53,0.712250712251,201701008,3,41.92417,-82.75778
LAKE ERIE,387,2017-04-10 22:21:00,2017,Spring,"Phosphorus, soluble reactive",1838,SRP-P-F,SOLUBLE REACTIVE PHOSPHOROUS,0.0042,TRAPEZOIDAL_DEPTH_AVERAGE,2,1,4.5,3.5,6.7,0.522388059701,201701008,16,41.67556,-83.17333
LAKE ERIE,478,2017-04-10 18:06:00,2017,Spring,"Phosphorus, soluble reactive",1838,SRP-P-F,SOLUBLE REACTIVE PHOSPHOROUS,0.0036,TRAPEZOIDAL_DEPTH_AVERAGE,2,1,5,4,6.88,0.581395348837,201701008,14,41.65833,-82.81667
LAKE ERIE,56,2017-05-10 16:28:00,2017,Spring,"Phosphorus, soluble reactive",1838,SRP-P-F,SOLUBLE REACTIVE PHOSPHOROUS,0.00126666666667,TRAPEZOIDAL_DEPTH_AVERAGE,3,1,8.5,7.5,10.33,0.726040658277,201701008,21,41.98306,-82.75056
LAKE ERIE,574,2017-04-10 20:22:00,2017,Spring,"Phosphorus, soluble reactive",1838,SRP-P-F,SOLUBLE REACTIVE PHOSPHOROUS,0.0009,TRAPEZOIDAL_DEPTH_AVERAGE,2,1,7,6,9.16,0.655021834061,201701008,15,41.72028,-83.03639
LAKE ERIE,582,2017-04-10 00:18:00,2017,Spring,"Phosphorus, soluble reactive",1838,SRP-P-F,SOLUBLE REACTIVE PHOSPHOROUS,0.00065,TRAPEZOIDAL_DEPTH_AVERAGE,2,1,5.5,4.5,7.55,0.596026490066,201701008,10,41.76000,-82.73667
LAKE ERIE,585,2017-04-10 23:37:00,2017,Spring,"Phosphorus, soluble reactive",1838,SRP-P-F,SOLUBLE REACTIVE PHOSPHOROUS,0.0016,TRAPEZOIDAL_DEPTH_AVERAGE,2,1,6,5,7.96,0.628140703518,201701008,17,41.75639,-83.21694
LAKE ERIE,741,2017-03-10 14:57:00,2017,Spring,"Phosphorus, soluble reactive",1838,SRP-P-F,SOLUBLE REACTIVE PHOSPHOROUS,0.0527,TRAPEZOIDAL_DEPTH_AVERAGE,2,1,5,4,6.81,0.587371512482,201701008,6,41.65806,-83.51750
LAKE ERIE,885,2017-04-10 12:42:00,2017,Spring,"Phosphorus, soluble reactive",1838,SRP-P-F,SOLUBLE REACTIVE PHOSPHOROUS,0.0039,TRAPEZOIDAL_DEPTH_AVERAGE,2,1,9.5,8.5,11.31,0.751547303271,201701008,12,41.51861,-82.63972
LAKE ERIE,966,2017-03-10 02:47:00,2017,Spring,"Phosphorus, soluble reactive",1838,SRP-P-F,SOLUBLE REACTIVE PHOSPHOROUS,0.0006,TRAPEZOIDAL_DEPTH_AVERAGE,2,1,8.5,7.5,10.82,0.693160813309,201701008,4,41.98333,-82.62500
LAKE ERIE,969,2017-04-10 15:37:00,2017,Spring,"Phosphorus, soluble reactive",1838,SRP-P-F,SOLUBLE REACTIVE PHOSPHOROUS,0.0058,TRAPEZOIDAL_DEPTH_AVERAGE,2,1,6,5,8.04,0.621890547264,201701008,13,41.60861,-82.92361
LAKE ERIE,970,2017-03-10 22:00:00,2017,Spring,"Phosphorus, soluble reactive",1838,SRP-P-F,SOLUBLE REACTIVE PHOSPHOROUS,0.0004,TRAPEZOIDAL_DEPTH_AVERAGE,2,1,8.5,7.5,10.48,0.715648854962,201701008,9,41.82556,-82.97500
LAKE ERIE,971,2017-02-10 20:54:00,2017,Spring,"Phosphorus, soluble reactive",1838,SRP-P-F,SOLUBLE REACTIVE PHOSPHOROUS,0.00055,TRAPEZOIDAL_DEPTH_AVERAGE,2,1,4.5,3.5,6.56,0.533536585366,201701008,1,41.99972,-83.05750
LAKE ERIE,971,2017-02-10 22:27:00,2017,Spring,"Phosphorus, soluble reactive",1838,SRP-P-F,SOLUBLE REACTIVE PHOSPHOROUS,0.00085,TRAPEZOIDAL_DEPTH_AVERAGE,2,1,7,6,9.06,0.662251655629,201701008,2,41.95028,-83.05056
LAKE ERIE,972,2017-03-10 19:57:00,2017,Spring,"Phosphorus, soluble reactive",1838,SRP-P-F,SOLUBLE REACTIVE PHOSPHOROUS,0.00229818181818,TRAPEZOIDAL_DEPTH_AVERAGE,3,1,6.5,5.5,8.52,0.645539906103,201701008,8,41.86611,-83.19944
LAKE ERIE,973,2017-03-10 17:57:00,2017,Spring,"Phosphorus, soluble reactive",1838,SRP-P-F,SOLUBLE REACTIVE PHOSPHOROUS,0.0009,TRAPEZOIDAL_DEPTH_AVERAGE,2,1,4,3,6.12,0.490196078431,201701008,7,41.79167,-83.33306
LAKE ERIE,1237,2017-08-02 20:22:00,2017,Summer,"Phosphorus, soluble reactive",1838,SRP-P-F,SOLUBLE REACTIVE PHOSPHOROUS,0.001,SINGLE_DEPTH,1,1,1,0,20.4,0,201701006,27,42.76611,-79.55500
LAKE ERIE,445,2017-08-02 16:38:00,2017,Summer,"Phosphorus, soluble reactive",1838,SRP-P-F,SOLUBLE REACTIVE PHOSPHOROUS,0.0019,SINGLE_DEPTH,1,1,1,0,17.35,0,201701006,24,42.79972,-79.69944
LAKE ERIE,449,2017-08-02 14:57:00,2017,Summer,"Phosphorus, soluble reactive",1838,SRP-P-F,SOLUBLE REACTIVE PHOSPHOROUS,0.0002,SINGLE_DEPTH,1,1,1,0,14.24,0,201701006,23,42.76722,-79.96722
LAKE ERIE,67,2017-08-02 21:50:00,2017,Summer,"Phosphorus, soluble reactive",1838,SRP-P-F,SOLUBLE REACTIVE PHOSPHOROUS,0.0009,SINGLE_DEPTH,1,1,1,0,9.51,0,201701006,29,42.84472,-79.57472
LAKE ERIE,727,2017-08-02 23:15:00,2017,Summer,"Phosphorus, soluble reactive",1838,SRP-P-F,SOLUBLE REACTIVE PHOSPHOROUS,0.00572151803607,TRAPEZOIDAL_DEPTH_AVERAGE,3,1,999,998,20.5,48.6829268293,201701006,30,42.81667,-79.38333
LAKE ERIE,879,2017-08-02 09:26:00,2017,Summer,"Phosphorus, soluble reactive",1838,SRP-P-F,SOLUBLE REACTIVE PHOSPHOROUS,0.00349524048096,TRAPEZOIDAL_DEPTH_AVERAGE,8,1,999,998,62.6,15.9424920128,201701006,20,42.50722,-79.89889
LAKE ERIE,880,2017-08-01 10:01:00,2017,Summer,"Phosphorus, soluble reactive",1838,SRP-P-F,SOLUBLE REACTIVE PHOSPHOROUS,0.00102045454545,TRAPEZOIDAL_DEPTH_AVERAGE,5,1,23,22,25.01,0.879648140744,201701006,7,41.93583,-81.65417
LAKE ERIE,887,2017-08-02 17:53:00,2017,Summer,"Phosphorus, soluble reactive",1838,SRP-P-F,SOLUBLE REACTIVE PHOSPHOROUS,0.00222424242424,TRAPEZOIDAL_DEPTH_AVERAGE,5,1,34,33,36.43,0.905846829536,201701006,25,42.64694,-79.69083
LAKE ERIE,888,2017-08-01 16:10:00,2017,Summer,"Phosphorus, soluble reactive",1838,SRP-P-F,SOLUBLE REACTIVE PHOSPHOROUS,0.00527105263158,TRAPEZOIDAL_DEPTH_AVERAGE,5,1,20,19,22.72,0.836267605634,201701006,11,42.28139,-81.67028
LAKE ERIE,889,2017-08-01 13:23:00,2017,Summer,"Phosphorus, soluble reactive",1838,SRP-P-F,SOLUBLE REACTIVE PHOSPHOROUS,0.0002,SINGLE_DEPTH,1,1,1,0,24.72,0,201701006,9,42.11000,-81.57417
LAKE ERIE,933,2017-08-02 21:10:00,2017,Summer,"Phosphorus, soluble reactive",1838,SRP-P-F,SOLUBLE REACTIVE PHOSPHOROUS,0.0011,TRAPEZOIDAL_DEPTH_AVERAGE,2,1,11,10,13.05,0.766283524904,201701006,28,42.82472,-79.56611
LAKE ERIE,934,2017-08-02 19:32:00,2017,Summer,"Phosphorus, soluble reactive",1838,SRP-P-F,SOLUBLE REACTIVE PHOSPHOROUS,0.0029,SINGLE_DEPTH,1,1,1,0,28.37,0,201701006,26,42.70778,-79.50694
LAKE ERIE,937,2017-08-02 13:08:00,2017,Summer,"Phosphorus, soluble reactive",1838,SRP-P-F,SOLUBLE REACTIVE PHOSPHOROUS,0.0011,TRAPEZOIDAL_DEPTH_AVERAGE,2,1,6.5,5.5,8.8,0.625,201701006,22,42.71667,-80.24889
LAKE ERIE,938,2017-08-02 11:45:00,2017,Summer,"Phosphorus, soluble reactive",1838,SRP-P-F,SOLUBLE REACTIVE PHOSPHOROUS,0.0007,SINGLE_DEPTH,1,1,1,0,36.16,0,201701006,21,42.63361,-80.05750
LAKE ERIE,939,2017-08-02 08:38:00,2017,Summer,"Phosphorus, soluble reactive",1838,SRP-P-F,SOLUBLE REACTIVE PHOSPHOROUS,0.0008,SINGLE_DEPTH,1,1,1,0,56.63,0,201701006,19,42.56750,-79.91694
LAKE ERIE,943,2017-08-02 04:47:00,2017,Summer,"Phosphorus, soluble reactive",1838,SRP-P-F,SOLUBLE REACTIVE PHOSPHOROUS,0.0016,SINGLE_DEPTH,1,1,1,0,12.34,0,201701006,18,42.57389,-80.64111
LAKE ERIE,944,2017-08-02 03:45:00,2017,Summer,"Phosphorus, soluble reactive",1838,SRP-P-F,SOLUBLE REACTIVE PHOSPHOROUS,0.00154137931034,TRAPEZOIDAL_DEPTH_AVERAGE,3,1,15.5,14.5,17.56,0.825740318907,201701006,17,42.53278,-80.64222
LAKE ERIE,945,2017-08-02 02:34:00,2017,Summer,"Phosphorus, soluble reactive",1838,SRP-P-F,SOLUBLE REACTIVE PHOSPHOROUS,0.0002,SINGLE_DEPTH,1,1,1,0,20.87,0,201701006,16,42.40056,-80.64056
LAKE ERIE,949,2017-08-01 23:22:00,2017,Summer,"Phosphorus, soluble reactive",1838,SRP-P-F,SOLUBLE REACTIVE PHOSPHOROUS,0.00100375,TRAPEZOIDAL_DEPTH_AVERAGE,5,1,21,20,22.73,0.87989441267,201701006,15,42.25111,-81.10694
LAKE ERIE,950,2017-08-01 20:16:00,2017,Summer,"Phosphorus, soluble reactive",1838,SRP-P-F,SOLUBLE REACTIVE PHOSPHOROUS,0.0008,SINGLE_DEPTH,1,1,1,0,8.96,0,201701006,14,42.58750,-81.44111
LAKE ERIE,951,2017-08-01 19:04:00,2017,Summer,"Phosphorus, soluble reactive",1838,SRP-P-F,SOLUBLE REACTIVE PHOSPHOROUS,0.00129117647059,TRAPEZOIDAL_DEPTH_AVERAGE,4,1,18,17,20.44,0.831702544031,201701006,13,42.47472,-81.44083
LAKE ERIE,952,2017-08-01 17:59:00,2017,Summer,"Phosphorus, soluble reactive",1838,SRP-P-F,SOLUBLE REACTIVE PHOSPHOROUS,0.0015,SINGLE_DEPTH,1,1,1,0,22.81,0,201701006,12,42.35889,-81.43722
LAKE ERIE,953,2017-08-01 14:32:00,2017,Summer,"Phosphorus, soluble reactive",1838,SRP-P-F,SOLUBLE REACTIVE PHOSPHOROUS,0.0007,TRAPEZOIDAL_DEPTH_AVERAGE,2,1,998,997,23.8,41.8907563025,201701006,10,42.20833,-81.44083
LAKE ERIE,954,2017-08-01 11:59:00,2017,Summer,"Phosphorus, soluble reactive",1838,SRP-P-F,SOLUBLE REACTIVE PHOSPHOROUS,0.0009,SINGLE_DEPTH,1,1,1,0,24.2,0,201701006,8,42.02500,-81.44167
LAKE ERIE,959,2017-08-01 06:42:00,2017,Summer,"Phosphorus, soluble reactive",1838,SRP-P-F,SOLUBLE REACTIVE PHOSPHOROUS,0.0027,SINGLE_DEPTH,1,1,1,0,10.86,0,201701006,6,42.19444,-82.18278
LAKE ERIE,960,2017-08-01 05:08:00,2017,Summer,"Phosphorus, soluble reactive",1838,SRP-P-F,SOLUBLE REACTIVE PHOSPHOROUS,0.00087,TRAPEZOIDAL_DEPTH_AVERAGE,5,1,18.5,17.5,21.54,0.812441968431,201701006,5,42.10000,-82.18278
LAKE ERIE,961,2017-08-01 03:28:00,2017,Summer,"Phosphorus, soluble reactive",1838,SRP-P-F,SOLUBLE REACTIVE PHOSPHOROUS,0.0009,SINGLE_DEPTH,1,1,1,0,21.28,0,201701006,4,41.90917,-82.18333
LAKE ERIE,966,2017-07-31 23:35:00,2017,Summer,"Phosphorus, soluble reactive",1838,SRP-P-F,SOLUBLE REACTIVE PHOSPHOROUS,0.0009,SINGLE_DEPTH,1,1,1,0,10.9,0,201701006,2,41.98306,-82.62500
LAKE ERIE,967,2017-08-01 00:33:00,2017,Summer,"Phosphorus, soluble reactive",1838,SRP-P-F,SOLUBLE REACTIVE PHOSPHOROUS,0.0006,SINGLE_DEPTH,1,1,1,0,11.77,0,201701006,3,41.89222,-82.66667
LAKE ERIE,971,2017-07-31 21:15:00,2017,Summer,"Phosphorus, soluble reactive",1838,SRP-P-F,SOLUBLE REACTIVE PHOSPHOROUS,0.001,SINGLE_DEPTH,1,1,1,0,9.45,0,201701006,1,41.95000,-83.04944
LAKE ERIE,727,2018-08-27 16:06:00,2018,Summer,"Phosphorus, soluble reactive",1838,SRP-P-F,SOLUBLE REACTIVE PHOSPHOROUS,0.0002,SINGLE_DEPTH,1,1,1,0,19.49,0,201801004,1,42.81583,-79.38278
LAKE ERIE,879,2018-08-28 10:31:00,2018,Summer,"Phosphorus, soluble reactive",1838,SRP-P-F,SOLUBLE REACTIVE PHOSPHOROUS,0.00111335559265,TRAPEZOIDAL_DEPTH_AVERAGE,6,0.1,60,59.9,62.08,0.964884020619,201801004,11,42.50722,-79.89944
LAKE ERIE,880,2018-08-30 22:30:00,2018,Summer,"Phosphorus, soluble reactive",1838,SRP-P-F,SOLUBLE REACTIVE PHOSPHOROUS,0.000274200913242,TRAPEZOIDAL_DEPTH_AVERAGE,5,0.1,22,21.9,23.96,0.914023372287,201801004,36,41.93722,-81.65861
LAKE ERIE,881,2018-08-30 06:47:00,2018,Summer,"Phosphorus, soluble reactive",1838,SRP-P-F,SOLUBLE REACTIVE PHOSPHOROUS,0.000400888477325,TRAPEZOIDAL_DEPTH_AVERAGE,4,0.1,999,998.9,5.11,195.479452055,201801004,30,41.96833,-83.20833
LAKE ERIE,882,2018-08-30 03:47:00,2018,Summer,"Phosphorus, soluble reactive",1838,SRP-P-F,SOLUBLE REACTIVE PHOSPHOROUS,0.0005,TRAPEZOIDAL_DEPTH_AVERAGE,2,0.1,4,3.9,5.99,0.651085141903,201801004,27,41.76639,-83.30972
LAKE ERIE,885,2018-08-29 16:43:00,2018,Summer,"Phosphorus, soluble reactive",1838,SRP-P-F,SOLUBLE REACTIVE PHOSPHOROUS,0.00105,TRAPEZOIDAL_DEPTH_AVERAGE,2,0.1,9,8.9,10.69,0.832553788587,201801004,22,41.51806,-82.63944
LAKE ERIE,931,2018-08-27 19:10:00,2018,Summer,"Phosphorus, soluble reactive",1838,SRP-P-F,SOLUBLE REACTIVE PHOSPHOROUS,0.0002,TRAPEZOIDAL_DEPTH_AVERAGE,2,1,6.8,5.8,8.76,0.662100456621,201801004,2,42.85000,-78.94139
LAKE ERIE,932,2018-08-27 21:24:00,2018,Summer,"Phosphorus, soluble reactive",1838,SRP-P-F,SOLUBLE REACTIVE PHOSPHOROUS,0.0002,SINGLE_DEPTH,1,1,1,0,20.53,0,201801004,3,42.79194,-79.20778
LAKE ERIE,933,2018-08-28 00:14:00,2018,Summer,"Phosphorus, soluble reactive",1838,SRP-P-F,SOLUBLE REACTIVE PHOSPHOROUS,0.0002,TRAPEZOIDAL_DEPTH_AVERAGE,2,1,10,9,12.03,0.74812967581,201801004,4,42.82472,-79.56639
LAKE ERIE,934,2018-08-28 01:56:00,2018,Summer,"Phosphorus, soluble reactive",1838,SRP-P-F,SOLUBLE REACTIVE PHOSPHOROUS,0.00025,SINGLE_DEPTH,1,1,1,0,27.32,0,201801004,5,42.70806,-79.50833
LAKE ERIE,935,2018-08-28 03:11:00,2018,Summer,"Phosphorus, soluble reactive",1838,SRP-P-F,SOLUBLE REACTIVE PHOSPHOROUS,0.0002,TRAPEZOIDAL_DEPTH_AVERAGE,4,1,31,30,32.96,0.910194174757,201801004,6,42.59167,-79.46639
LAKE ERIE,936,2018-08-28 04:32:00,2018,Summer,"Phosphorus, soluble reactive",1838,SRP-P-F,SOLUBLE REACTIVE PHOSPHOROUS,0.0002,SINGLE_DEPTH,1,1,1,0,7.55,0,201801004,7,42.47528,-79.40806
LAKE ERIE,939,2018-08-28 12:29:00,2018,Summer,"Phosphorus, soluble reactive",1838,SRP-P-F,SOLUBLE REACTIVE PHOSPHOROUS,0.0002,SINGLE_DEPTH,1,1,1,0,55.79,0,201801004,12,42.56694,-79.91667
LAKE ERIE,940,2018-08-28 09:32:00,2018,Summer,"Phosphorus, soluble reactive",1838,SRP-P-F,SOLUBLE REACTIVE PHOSPHOROUS,0.0002249749499,TRAPEZOIDAL_DEPTH_AVERAGE,3,1,999,998,47.44,21.0370994941,201801004,10,42.44194,-79.83278
LAKE ERIE,941,2018-08-28 08:26:00,2018,Summer,"Phosphorus, soluble reactive",1838,SRP-P-F,SOLUBLE REACTIVE PHOSPHOROUS,0.0002,SINGLE_DEPTH,1,1,1,0,35.72,0,201801004,9,42.32528,-79.83333
LAKE ERIE,942,2018-08-28 07:35:00,2018,Summer,"Phosphorus, soluble reactive",1838,SRP-P-F,SOLUBLE REACTIVE PHOSPHOROUS,0.0002,TRAPEZOIDAL_DEPTH_AVERAGE,3,1,13,12,15.19,0.789993416722,201801004,8,42.25861,-79.83333
LAKE ERIE,947,2018-08-28 22:35:00,2018,Summer,"Phosphorus, soluble reactive",1838,SRP-P-F,SOLUBLE REACTIVE PHOSPHOROUS,0.0002,SINGLE_DEPTH,1,1,1,0,15.45,0,201801004,13,41.99167,-80.64194
LAKE ERIE,948,2018-08-28 23:11:00,2018,Summer,"Phosphorus, soluble reactive",1838,SRP-P-F,SOLUBLE REACTIVE PHOSPHOROUS,0.0004,SINGLE_DEPTH,1,1,1,0,9.2,0,201801004,14,41.95722,-80.64056
LAKE ERIE,955,2018-08-29 03:44:00,2018,Summer,"Phosphorus, soluble reactive",1838,SRP-P-F,SOLUBLE REACTIVE PHOSPHOROUS,0.0002,SINGLE_DEPTH,1,1,1,0,19.72,0,201801004,15,41.80000,-81.44222
LAKE ERIE,956,2018-08-29 05:10:00,2018,Summer,"Phosphorus, soluble reactive",1838,SRP-P-F,SOLUBLE REACTIVE PHOSPHOROUS,0.0002,SINGLE_DEPTH,1,1,1,0,10.1,0,201801004,16,41.69194,-81.44139
LAKE ERIE,957,2018-08-29 07:05:00,2018,Summer,"Phosphorus, soluble reactive",1838,SRP-P-F,SOLUBLE REACTIVE PHOSPHOROUS,0.0002,SINGLE_DEPTH,1,1,1,0,20.21,0,201801004,17,41.68333,-81.74139
LAKE ERIE,958,2018-08-29 08:37:00,2018,Summer,"Phosphorus, soluble reactive",1838,SRP-P-F,SOLUBLE REACTIVE PHOSPHOROUS,0.0002,TRAPEZOIDAL_DEPTH_AVERAGE,2,1,9.5,8.5,11.38,0.746924428822,201801004,18,41.52528,-81.70778
LAKE ERIE,960,2018-08-30 16:41:00,2018,Summer,"Phosphorus, soluble reactive",1838,SRP-P-F,SOLUBLE REACTIVE PHOSPHOROUS,0.00044347826087,TRAPEZOIDAL_DEPTH_AVERAGE,5,0.1,18.5,18.4,20.53,0.896249391135,201801004,34,42.10083,-82.18417
LAKE ERIE,961,2018-08-30 18:35:00,2018,Summer,"Phosphorus, soluble reactive",1838,SRP-P-F,SOLUBLE REACTIVE PHOSPHOROUS,0.0008,SINGLE_DEPTH,1,0.1,0.1,0,20.49,0,201801004,35,41.90861,-82.18333
LAKE ERIE,962,2018-08-31 03:04:00,2018,Summer,"Phosphorus, soluble reactive",1838,SRP-P-F,SOLUBLE REACTIVE PHOSPHOROUS,0.0003,SINGLE_DEPTH,1,0.1,0.1,0,19.01,0,201801004,37,41.71583,-82.18389
LAKE ERIE,963,2018-08-29 12:42:00,2018,Summer,"Phosphorus, soluble reactive",1838,SRP-P-F,SOLUBLE REACTIVE PHOSPHOROUS,0.000697249474422,TRAPEZOIDAL_DEPTH_AVERAGE,5,0.1,999,998.9,14.66,68.1377899045,201801004,20,41.57556,-82.18250
LAKE ERIE,964,2018-08-29 11:43:00,2018,Summer,"Phosphorus, soluble reactive",1838,SRP-P-F,SOLUBLE REACTIVE PHOSPHOROUS,0.0006,SINGLE_DEPTH,1,0.1,0.1,0,9,0,201801004,19,41.48500,-82.18222
LAKE ERIE,965,2018-08-29 15:21:00,2018,Summer,"Phosphorus, soluble reactive",1838,SRP-P-F,SOLUBLE REACTIVE PHOSPHOROUS,0.0008,SINGLE_DEPTH,1,0.1,0.1,0,13.14,0,201801004,21,41.50889,-82.50000
LAKE ERIE,966,2018-08-30 10:35:00,2018,Summer,"Phosphorus, soluble reactive",1838,SRP-P-F,SOLUBLE REACTIVE PHOSPHOROUS,0.0012,TRAPEZOIDAL_DEPTH_AVERAGE,2,0.1,8,7.9,10.2,0.774509803922,201801004,32,41.98306,-82.62472
LAKE ERIE,967,2018-08-30 11:54:00,2018,Summer,"Phosphorus, soluble reactive",1838,SRP-P-F,SOLUBLE REACTIVE PHOSPHOROUS,0.0003,SINGLE_DEPTH,1,0.1,0.1,0,10.97,0,201801004,33,41.89222,-82.66444
LAKE ERIE,968,2018-08-29 19:56:00,2018,Summer,"Phosphorus, soluble reactive",1838,SRP-P-F,SOLUBLE REACTIVE PHOSPHOROUS,0.0003,SINGLE_DEPTH,1,0.1,0.1,0,10.15,0,201801004,23,41.74222,-82.74111
LAKE ERIE,969,2018-08-30 00:30:00,2018,Summer,"Phosphorus, soluble reactive",1838,SRP-P-F,SOLUBLE REACTIVE PHOSPHOROUS,0.00045,SINGLE_DEPTH,1,0.1,0.1,0,7.4,0,201801004,25,41.60750,-82.92389
LAKE ERIE,970,2018-08-29 21:59:00,2018,Summer,"Phosphorus, soluble reactive",1838,SRP-P-F,SOLUBLE REACTIVE PHOSPHOROUS,0.0006,TRAPEZOIDAL_DEPTH_AVERAGE,2,0.1,8,7.9,9.88,0.7995951417,201801004,24,41.82500,-82.97444
LAKE ERIE,971,2018-08-30 08:00:00,2018,Summer,"Phosphorus, soluble reactive",1838,SRP-P-F,SOLUBLE REACTIVE PHOSPHOROUS,0.0003,SINGLE_DEPTH,1,0.1,0.1,0,8.4,0,201801004,31,41.94944,-83.04972
LAKE ERIE,972,2018-08-30 05:34:00,2018,Summer,"Phosphorus, soluble reactive",1838,SRP-P-F,SOLUBLE REACTIVE PHOSPHOROUS,0.001,SINGLE_DEPTH,1,0.1,0.1,0,7.79,0,201801004,29,41.86639,-83.19972
LAKE ERIE,973,2018-08-30 04:23:00,2018,Summer,"Phosphorus, soluble reactive",1838,SRP-P-F,SOLUBLE REACTIVE PHOSPHOROUS,0.0009,SINGLE_DEPTH,1,0.1,0.1,0,5.45,0,201801004,28,41.79139,-83.33306
LAKE ERIE,974,2018-08-30 02:32:00,2018,Summer,"Phosphorus, soluble reactive",1838,SRP-P-F,SOLUBLE REACTIVE PHOSPHOROUS,0.0003,SINGLE_DEPTH,1,0.1,0.1,0,7.63,0,201801004,26,41.72417,-83.14944
LAKE ERIE,1431,2019-08-02 00:00:00,2019,Summer,"Phosphorus, soluble reactive",1838,SRP-P-F,SOLUBLE REACTIVE PHOSPHOROUS,0.00298375,TRAPEZOIDAL_DEPTH_AVERAGE,5,1,21,20,23.31,0.858000858001,201901002,34,42.50000,-79.42472
LAKE ERIE,445,2019-07-29 00:00:00,2019,Summer,"Phosphorus, soluble reactive",1838,SRP-P-F,SOLUBLE REACTIVE PHOSPHOROUS,0.0002,SINGLE_DEPTH,1,1,1,0,17.29,0,201901002,3,42.80000,-79.69917
LAKE ERIE,449,2019-07-29 00:00:00,2019,Summer,"Phosphorus, soluble reactive",1838,SRP-P-F,SOLUBLE REACTIVE PHOSPHOROUS,0.0002,TRAPEZOIDAL_DEPTH_AVERAGE,2,1,12,11,13.94,0.789096126255,201901002,4,42.76667,-79.96556
LAKE ERIE,727,2019-07-29 00:00:00,2019,Summer,"Phosphorus, soluble reactive",1838,SRP-P-F,SOLUBLE REACTIVE PHOSPHOROUS,0.0002,SINGLE_DEPTH,1,1,1,0,20.74,0,201901002,1,42.81694,-79.38250
LAKE ERIE,879,2019-07-30 00:00:00,2019,Summer,"Phosphorus, soluble reactive",1838,SRP-P-F,SOLUBLE REACTIVE PHOSPHOROUS,0.0026,TRAPEZOIDAL_DEPTH_AVERAGE,6,1,61,60,62.91,0.953743443014,201901002,6,42.50750,-79.90000
LAKE ERIE,880,2019-07-31 00:00:00,2019,Summer,"Phosphorus, soluble reactive",1838,SRP-P-F,SOLUBLE REACTIVE PHOSPHOROUS,0.00108636363636,TRAPEZOIDAL_DEPTH_AVERAGE,4,1,23,22,25.02,0.87929656275,201901002,14,41.93528,-81.65417
LAKE ERIE,882,2019-07-31 00:00:00,2019,Summer,"Phosphorus, soluble reactive",1838,SRP-P-F,SOLUBLE REACTIVE PHOSPHOROUS,0.000499879867855,TRAPEZOIDAL_DEPTH_AVERAGE,4,0.1,999,998.9,7.28,137.211538462,201901002,20,41.76611,-83.30944
LAKE ERIE,885,2019-07-31 00:00:00,2019,Summer,"Phosphorus, soluble reactive",1838,SRP-P-F,SOLUBLE REACTIVE PHOSPHOROUS,0.0006,SINGLE_DEPTH,1,1,1,0,11.83,0,201901002,17,41.51889,-82.64000
LAKE ERIE,888,2019-08-01 00:00:00,2019,Summer,"Phosphorus, soluble reactive",1838,SRP-P-F,SOLUBLE REACTIVE PHOSPHOROUS,0.0002,TRAPEZOIDAL_DEPTH_AVERAGE,5,1,20,19,22.7,0.837004405286,201901002,27,42.28028,-81.67028
LAKE ERIE,931,2019-08-02 00:00:00,2019,Summer,"Phosphorus, soluble reactive",1838,SRP-P-F,SOLUBLE REACTIVE PHOSPHOROUS,0.0002,SINGLE_DEPTH,1,1,1,0,10.04,0,201901002,36,42.84972,-78.94056
LAKE ERIE,933,2019-07-29 00:00:00,2019,Summer,"Phosphorus, soluble reactive",1838,SRP-P-F,SOLUBLE REACTIVE PHOSPHOROUS,0.0002,TRAPEZOIDAL_DEPTH_AVERAGE,2,1,11,10,13.23,0.755857898715,201901002,2,42.82500,-79.56611
LAKE ERIE,934,2019-08-02 00:00:00,2019,Summer,"Phosphorus, soluble reactive",1838,SRP-P-F,SOLUBLE REACTIVE PHOSPHOROUS,0.0002,TRAPEZOIDAL_DEPTH_AVERAGE,4,1,26,25,28.59,0.874431619447,201901002,32,42.70833,-79.50889
LAKE ERIE,935,2019-08-02 00:00:00,2019,Summer,"Phosphorus, soluble reactive",1838,SRP-P-F,SOLUBLE REACTIVE PHOSPHOROUS,0.000574193548387,TRAPEZOIDAL_DEPTH_AVERAGE,5,1,32,31,33.89,0.914724107406,201901002,33,42.59222,-79.46722
LAKE ERIE,936,2019-08-02 00:00:00,2019,Summer,"Phosphorus, soluble reactive",1838,SRP-P-F,SOLUBLE REACTIVE PHOSPHOROUS,0.0002,TRAPEZOIDAL_DEPTH_AVERAGE,4,1,999,998,8.55,116.725146199,201901002,35,42.47528,-79.40861
LAKE ERIE,938,2019-07-30 00:00:00,2019,Summer,"Phosphorus, soluble reactive",1838,SRP-P-F,SOLUBLE REACTIVE PHOSPHOROUS,0.0002,TRAPEZOIDAL_DEPTH_AVERAGE,8,1,999,998,36.14,27.614831212,201901002,5,42.63333,-80.05833
LAKE ERIE,941,2019-07-30 00:00:00,2019,Summer,"Phosphorus, soluble reactive",1838,SRP-P-F,SOLUBLE REACTIVE PHOSPHOROUS,0.000295454545455,TRAPEZOIDAL_DEPTH_AVERAGE,5,1,34,33,36.71,0.898937619177,201901002,7,42.32556,-79.83306
LAKE ERIE,942,2019-07-30 00:00:00,2019,Summer,"Phosphorus, soluble reactive",1838,SRP-P-F,SOLUBLE REACTIVE PHOSPHOROUS,0.00055,TRAPEZOIDAL_DEPTH_AVERAGE,2,1,14,13,16,0.8125,201901002,8,42.25861,-79.83417
LAKE ERIE,944,2019-08-01 00:00:00,2019,Summer,"Phosphorus, soluble reactive",1838,SRP-P-F,SOLUBLE REACTIVE PHOSPHOROUS,0.0002,TRAPEZOIDAL_DEPTH_AVERAGE,6,1,999,998,17.59,56.7367822626,201901002,30,42.53361,-80.64056
LAKE ERIE,945,2019-08-01 00:00:00,2019,Summer,"Phosphorus, soluble reactive",1838,SRP-P-F,SOLUBLE REACTIVE PHOSPHOROUS,0.0002,TRAPEZOIDAL_DEPTH_AVERAGE,4,1,19,18,21.2,0.849056603774,201901002,31,42.40083,-80.64139
LAKE ERIE,946,2019-07-30 00:00:00,2019,Summer,"Phosphorus, soluble reactive",1838,SRP-P-F,SOLUBLE REACTIVE PHOSPHOROUS,0.0002,TRAPEZOIDAL_DEPTH_AVERAGE,2,1,21,20,23.73,0.842815002107,201901002,11,42.16667,-80.64139
LAKE ERIE,947,2019-07-30 00:00:00,2019,Summer,"Phosphorus, soluble reactive",1838,SRP-P-F,SOLUBLE REACTIVE PHOSPHOROUS,0.0002,TRAPEZOIDAL_DEPTH_AVERAGE,4,1,999,998,16.7,59.7604790419,201901002,10,41.99250,-80.64139
LAKE ERIE,948,2019-07-30 00:00:00,2019,Summer,"Phosphorus, soluble reactive",1838,SRP-P-F,SOLUBLE REACTIVE PHOSPHOROUS,0.0002,TRAPEZOIDAL_DEPTH_AVERAGE,2,1,9,8,10.8,0.740740740741,201901002,9,41.95722,-80.64056
LAKE ERIE,949,2019-08-01 00:00:00,2019,Summer,"Phosphorus, soluble reactive",1838,SRP-P-F,SOLUBLE REACTIVE PHOSPHOROUS,0.0002,TRAPEZOIDAL_DEPTH_AVERAGE,3,1,20,19,22.91,0.829332169358,201901002,29,42.25083,-81.10889
LAKE ERIE,950,2019-08-01 00:00:00,2019,Summer,"Phosphorus, soluble reactive",1838,SRP-P-F,SOLUBLE REACTIVE PHOSPHOROUS,0.0002,TRAPEZOIDAL_DEPTH_AVERAGE,3,0.1,6,5.9,8.09,0.729295426452,201901002,28,42.58750,-81.44250
LAKE ERIE,955,2019-07-31 00:00:00,2019,Summer,"Phosphorus, soluble reactive",1838,SRP-P-F,SOLUBLE REACTIVE PHOSPHOROUS,0.0002,TRAPEZOIDAL_DEPTH_AVERAGE,5,1,18,17,20.61,0.824842309558,201901002,13,41.80000,-81.44222
LAKE ERIE,956,2019-07-31 00:00:00,2019,Summer,"Phosphorus, soluble reactive",1838,SRP-P-F,SOLUBLE REACTIVE PHOSPHOROUS,0.0002,TRAPEZOIDAL_DEPTH_AVERAGE,2,1,9,8,10.94,0.73126142596,201901002,12,41.69139,-81.44139
LAKE ERIE,960,2019-08-01 00:00:00,2019,Summer,"Phosphorus, soluble reactive",1838,SRP-P-F,SOLUBLE REACTIVE PHOSPHOROUS,0.0002,SINGLE_DEPTH,1,1,1,0,21.62,0,201901002,26,42.09972,-82.18444
LAKE ERIE,963,2019-07-31 00:00:00,2019,Summer,"Phosphorus, soluble reactive",1838,SRP-P-F,SOLUBLE REACTIVE PHOSPHOROUS,0.0002,TRAPEZOIDAL_DEPTH_AVERAGE,3,1,999,998,15.81,63.1246046806,201901002,15,41.57444,-82.18278
LAKE ERIE,965,2019-07-31 00:00:00,2019,Summer,"Phosphorus, soluble reactive",1838,SRP-P-F,SOLUBLE REACTIVE PHOSPHOROUS,0.0002,SINGLE_DEPTH,1,1,1,0,14.39,0,201901002,16,41.50000,-82.49972
LAKE ERIE,966,2019-08-01 00:00:00,2019,Summer,"Phosphorus, soluble reactive",1838,SRP-P-F,SOLUBLE REACTIVE PHOSPHOROUS,0.0002,TRAPEZOIDAL_DEPTH_AVERAGE,2,1,9,8,11.05,0.723981900452,201901002,24,41.98250,-82.62583
LAKE ERIE,967,2019-08-01 00:00:00,2019,Summer,"Phosphorus, soluble reactive",1838,SRP-P-F,SOLUBLE REACTIVE PHOSPHOROUS,0.0002,TRAPEZOIDAL_DEPTH_AVERAGE,3,1,999,998,12.11,82.4112303881,201901002,25,41.89194,-82.66722
LAKE ERIE,969,2019-07-31 00:00:00,2019,Summer,"Phosphorus, soluble reactive",1838,SRP-P-F,SOLUBLE REACTIVE PHOSPHOROUS,0.00034296875,TRAPEZOIDAL_DEPTH_AVERAGE,3,0.1,6.5,6.4,8.38,0.763723150358,201901002,18,41.60806,-82.92444
LAKE ERIE,970,2019-07-31 00:00:00,2019,Summer,"Phosphorus, soluble reactive",1838,SRP-P-F,SOLUBLE REACTIVE PHOSPHOROUS,0.0002,TRAPEZOIDAL_DEPTH_AVERAGE,3,0.1,9,8.9,10.85,0.820276497696,201901002,23,41.82611,-82.97528
LAKE ERIE,971,2019-07-31 00:00:00,2019,Summer,"Phosphorus, soluble reactive",1838,SRP-P-F,SOLUBLE REACTIVE PHOSPHOROUS,0.0002,TRAPEZOIDAL_DEPTH_AVERAGE,2,1,7.5,6.5,9.39,0.692225772098,201901002,22,41.94917,-83.05139
LAKE ERIE,972,2019-07-31 00:00:00,2019,Summer,"Phosphorus, soluble reactive",1838,SRP-P-F,SOLUBLE REACTIVE PHOSPHOROUS,0.0002,TRAPEZOIDAL_DEPTH_AVERAGE,3,0.1,7,6.9,9.01,0.765815760266,201901002,21,41.86583,-83.20111
LAKE ERIE,974,2019-07-31 00:00:00,2019,Summer,"Phosphorus, soluble reactive",1838,SRP-P-F,SOLUBLE REACTIVE PHOSPHOROUS,0.00079296875,TRAPEZOIDAL_DEPTH_AVERAGE,3,0.1,6.5,6.4,8.84,0.723981900452,201901002,19,41.72528,-83.15000
LAKE ERIE,1236,2022-08-15 21:53:00,2022,Summer,"Phosphorus, soluble reactive",1838,SRP-P-F,SOLUBLE REACTIVE PHOSPHOROUS,0.0002,SINGLE_DEPTH,1,1,1,0,14,0,202201002,6,42.81083,-79.56583
LAKE ERIE,1237,2022-08-16 00:06:00,2022,Summer,"Phosphorus, soluble reactive",1838,SRP-P-F,SOLUBLE REACTIVE PHOSPHOROUS,0.0002,SINGLE_DEPTH,1,1,1,0,20,0,202201002,8,42.76639,-79.55583
LAKE ERIE,1533,2022-08-16 02:08:00,2022,Summer,"Phosphorus, soluble reactive",1838,SRP-P-F,SOLUBLE REACTIVE PHOSPHOROUS,0.000200751503006,TRAPEZOIDAL_DEPTH_AVERAGE,7,1,999,998,33,30.2424242424,202201002,10,42.68000,-79.69139
LAKE ERIE,445,2022-08-15 22:58:00,2022,Summer,"Phosphorus, soluble reactive",1838,SRP-P-F,SOLUBLE REACTIVE PHOSPHOROUS,0.0002,SINGLE_DEPTH,1,1,1,0,16.5,0,202201002,7,42.80000,-79.69972
LAKE ERIE,449,2022-08-16 16:46:00,2022,Summer,"Phosphorus, soluble reactive",1838,SRP-P-F,SOLUBLE REACTIVE PHOSPHOROUS,0.0002,SINGLE_DEPTH,1,1,1,0,13.5,0,202201002,19,42.76639,-79.96667
LAKE ERIE,67,2022-08-15 20:29:00,2022,Summer,"Phosphorus, soluble reactive",1838,SRP-P-F,SOLUBLE REACTIVE PHOSPHOROUS,0.0003,SINGLE_DEPTH,1,1,1,0,9,0,202201002,4,42.84472,-79.57528
LAKE ERIE,727,2022-08-15 18:59:00,2022,Summer,"Phosphorus, soluble reactive",1838,SRP-P-F,SOLUBLE REACTIVE PHOSPHOROUS,0.0002,SINGLE_DEPTH,1,1,1,0,20,0,202201002,3,42.81639,-79.38278
LAKE ERIE,879,2022-08-16 13:35:00,2022,Summer,"Phosphorus, soluble reactive",1838,SRP-P-F,SOLUBLE REACTIVE PHOSPHOROUS,0.000347457627119,TRAPEZOIDAL_DEPTH_AVERAGE,6,1,60,59,62,0.951612903226,202201002,17,42.50667,-79.89972
LAKE ERIE,880,2022-08-18 09:48:00,2022,Summer,"Phosphorus, soluble reactive",1838,SRP-P-F,SOLUBLE REACTIVE PHOSPHOROUS,0.0002,TRAPEZOIDAL_DEPTH_AVERAGE,5,1,22,21,24.3,0.864197530864,202201002,40,41.93611,-81.65444
LAKE ERIE,881,2022-08-20 03:51:00,2022,Summer,"Phosphorus, soluble reactive",1838,SRP-P-F,SOLUBLE REACTIVE PHOSPHOROUS,0.00025,TRAPEZOIDAL_DEPTH_AVERAGE,2,1,3.5,2.5,5.7,0.438596491228,202201002,66,41.96861,-83.20861
LAKE ERIE,882,2022-08-20 01:16:00,2022,Summer,"Phosphorus, soluble reactive",1838,SRP-P-F,SOLUBLE REACTIVE PHOSPHOROUS,0.00075,TRAPEZOIDAL_DEPTH_AVERAGE,2,1,4.5,3.5,6.7,0.522388059701,202201002,64,41.76694,-83.31000
LAKE ERIE,885,2022-08-19 11:13:00,2022,Summer,"Phosphorus, soluble reactive",1838,SRP-P-F,SOLUBLE REACTIVE PHOSPHOROUS,0.0002,TRAPEZOIDAL_DEPTH_AVERAGE,2,1,9,8,11.3,0.70796460177,202201002,55,41.51889,-82.63944
LAKE ERIE,886,2022-08-16 05:30:00,2022,Summer,"Phosphorus, soluble reactive",1838,SRP-P-F,SOLUBLE REACTIVE PHOSPHOROUS,0.0003,SINGLE_DEPTH,1,1,1,0,49.5,0,202201002,12,42.53917,-79.61778
LAKE ERIE,888,2022-08-18 02:05:00,2022,Summer,"Phosphorus, soluble reactive",1838,SRP-P-F,SOLUBLE REACTIVE PHOSPHOROUS,0.000340131578947,TRAPEZOIDAL_DEPTH_AVERAGE,5,1,20,19,22.1,0.859728506787,202201002,35,42.28056,-81.66972
LAKE ERIE,889,2022-08-18 05:17:00,2022,Summer,"Phosphorus, soluble reactive",1838,SRP-P-F,SOLUBLE REACTIVE PHOSPHOROUS,0.0003,SINGLE_DEPTH,1,1,1,0,24.2,0,202201002,37,42.11056,-81.57417
LAKE ERIE,931,2022-08-15 15:53:00,2022,Summer,"Phosphorus, soluble reactive",1838,SRP-P-F,SOLUBLE REACTIVE PHOSPHOROUS,0.0002,TRAPEZOIDAL_DEPTH_AVERAGE,2,1,8,7,10.2,0.686274509804,202201002,1,42.84917,-78.94139
LAKE ERIE,932,2022-08-15 17:47:00,2022,Summer,"Phosphorus, soluble reactive",1838,SRP-P-F,SOLUBLE REACTIVE PHOSPHOROUS,0.0002,SINGLE_DEPTH,1,1,1,0,21,0,202201002,2,42.79167,-79.20750
LAKE ERIE,933,2022-08-15 20:57:00,2022,Summer,"Phosphorus, soluble reactive",1838,SRP-P-F,SOLUBLE REACTIVE PHOSPHOROUS,0.0002,TRAPEZOIDAL_DEPTH_AVERAGE,2,1,11,10,13,0.769230769231,202201002,5,42.82556,-79.56639
LAKE ERIE,934,2022-08-16 00:53:00,2022,Summer,"Phosphorus, soluble reactive",1838,SRP-P-F,SOLUBLE REACTIVE PHOSPHOROUS,0.0002,SINGLE_DEPTH,1,1,1,0,27.8,0,202201002,9,42.70806,-79.50833
LAKE ERIE,935,2022-08-16 04:02:00,2022,Summer,"Phosphorus, soluble reactive",1838,SRP-P-F,SOLUBLE REACTIVE PHOSPHOROUS,0.000311475409836,TRAPEZOIDAL_DEPTH_AVERAGE,5,1,31.5,30.5,33.5,0.910447761194,202201002,11,42.59167,-79.46750
LAKE ERIE,936,2022-08-16 07:44:00,2022,Summer,"Phosphorus, soluble reactive",1838,SRP-P-F,SOLUBLE REACTIVE PHOSPHOROUS,0.0002,SINGLE_DEPTH,1,1,1,0,8.5,0,202201002,13,42.47528,-79.40861
LAKE ERIE,937,2022-08-16 18:40:00,2022,Summer,"Phosphorus, soluble reactive",1838,SRP-P-F,SOLUBLE REACTIVE PHOSPHOROUS,0.000250200400802,TRAPEZOIDAL_DEPTH_AVERAGE,4,1,999,998,8.3,120.240963855,202201002,20,42.71639,-80.24944
LAKE ERIE,938,2022-08-16 20:11:00,2022,Summer,"Phosphorus, soluble reactive",1838,SRP-P-F,SOLUBLE REACTIVE PHOSPHOROUS,0.0003,SINGLE_DEPTH,1,1,1,0,36,0,202201002,21,42.63306,-80.05861
LAKE ERIE,939,2022-08-16 15:00:00,2022,Summer,"Phosphorus, soluble reactive",1838,SRP-P-F,SOLUBLE REACTIVE PHOSPHOROUS,0.0002,SINGLE_DEPTH,1,1,1,0,55.8,0,202201002,18,42.56611,-79.91667
LAKE ERIE,940,2022-08-16 12:45:00,2022,Summer,"Phosphorus, soluble reactive",1838,SRP-P-F,SOLUBLE REACTIVE PHOSPHOROUS,0.0002,SINGLE_DEPTH,1,1,1,0,47.5,0,202201002,16,42.44167,-79.83306
LAKE ERIE,941,2022-08-16 11:39:00,2022,Summer,"Phosphorus, soluble reactive",1838,SRP-P-F,SOLUBLE REACTIVE PHOSPHOROUS,0.00025,SINGLE_DEPTH,1,1,1,0,36,0,202201002,15,42.32472,-79.83278
LAKE ERIE,942,2022-08-16 10:36:00,2022,Summer,"Phosphorus, soluble reactive",1838,SRP-P-F,SOLUBLE REACTIVE PHOSPHOROUS,0.000214,TRAPEZOIDAL_DEPTH_AVERAGE,3,1,13.5,12.5,15.5,0.806451612903,202201002,14,42.25861,-79.83306
LAKE ERIE,943,2022-08-17 16:06:00,2022,Summer,"Phosphorus, soluble reactive",1838,SRP-P-F,SOLUBLE REACTIVE PHOSPHOROUS,0.000299899799599,TRAPEZOIDAL_DEPTH_AVERAGE,3,1,999,998,12,83.1666666667,202201002,30,42.57472,-80.64167
LAKE ERIE,944,2022-08-17 15:20:00,2022,Summer,"Phosphorus, soluble reactive",1838,SRP-P-F,SOLUBLE REACTIVE PHOSPHOROUS,0.000235714285714,TRAPEZOIDAL_DEPTH_AVERAGE,3,1,15,14,17.2,0.813953488372,202201002,29,42.53278,-80.64194
LAKE ERIE,945,2022-08-17 14:08:00,2022,Summer,"Phosphorus, soluble reactive",1838,SRP-P-F,SOLUBLE REACTIVE PHOSPHOROUS,0.0003,SINGLE_DEPTH,1,1,1,0,20.5,0,202201002,28,42.40028,-80.64139
LAKE ERIE,946,2022-08-17 04:48:00,2022,Summer,"Phosphorus, soluble reactive",1838,SRP-P-F,SOLUBLE REACTIVE PHOSPHOROUS,0.00028625,TRAPEZOIDAL_DEPTH_AVERAGE,5,1,21,20,23,0.869565217391,202201002,24,42.16611,-80.64194
LAKE ERIE,947,2022-08-17 03:04:00,2022,Summer,"Phosphorus, soluble reactive",1838,SRP-P-F,SOLUBLE REACTIVE PHOSPHOROUS,0.0003,SINGLE_DEPTH,1,1,1,0,16,0,202201002,23,41.99111,-80.64194
LAKE ERIE,948,2022-08-17 02:28:00,2022,Summer,"Phosphorus, soluble reactive",1838,SRP-P-F,SOLUBLE REACTIVE PHOSPHOROUS,0.0004,SINGLE_DEPTH,1,1,1,0,10.7,0,202201002,22,41.95694,-80.64389
LAKE ERIE,949,2022-08-17 10:53:00,2022,Summer,"Phosphorus, soluble reactive",1838,SRP-P-F,SOLUBLE REACTIVE PHOSPHOROUS,0.00025,TRAPEZOIDAL_DEPTH_AVERAGE,5,1,20,19,22,0.863636363636,202201002,27,42.24944,-81.10694
LAKE ERIE,950,2022-08-17 21:57:00,2022,Summer,"Phosphorus, soluble reactive",1838,SRP-P-F,SOLUBLE REACTIVE PHOSPHOROUS,0.0006,SINGLE_DEPTH,1,1,1,0,8.5,0,202201002,32,42.58778,-81.44139
LAKE ERIE,951,2022-08-17 23:14:00,2022,Summer,"Phosphorus, soluble reactive",1838,SRP-P-F,SOLUBLE REACTIVE PHOSPHOROUS,0.00039,TRAPEZOIDAL_DEPTH_AVERAGE,4,1,18.5,17.5,20,0.875,202201002,33,42.47500,-81.44194
LAKE ERIE,952,2022-08-18 00:28:00,2022,Summer,"Phosphorus, soluble reactive",1838,SRP-P-F,SOLUBLE REACTIVE PHOSPHOROUS,0.0004,SINGLE_DEPTH,1,1,1,0,22.2,0,202201002,34,42.35861,-81.44194
LAKE ERIE,953,2022-08-18 03:58:00,2022,Summer,"Phosphorus, soluble reactive",1838,SRP-P-F,SOLUBLE REACTIVE PHOSPHOROUS,0.0004,SINGLE_DEPTH,1,1,1,0,23,0,202201002,36,42.20833,-81.44194
LAKE ERIE,954,2022-08-18 06:41:00,2022,Summer,"Phosphorus, soluble reactive",1838,SRP-P-F,SOLUBLE REACTIVE PHOSPHOROUS,0.0002,TRAPEZOIDAL_DEPTH_AVERAGE,3,1,999,998,23.5,42.4680851064,202201002,38,42.02528,-81.44194
LAKE ERIE,955,2022-08-18 12:42:00,2022,Summer,"Phosphorus, soluble reactive",1838,SRP-P-F,SOLUBLE REACTIVE PHOSPHOROUS,0.0002,SINGLE_DEPTH,1,1,1,0,20,0,202201002,42,41.80000,-81.44167
LAKE ERIE,956,2022-08-18 13:31:00,2022,Summer,"Phosphorus, soluble reactive",1838,SRP-P-F,SOLUBLE REACTIVE PHOSPHOROUS,0.0002,SINGLE_DEPTH,1,1,1,0,11,0,202201002,43,41.69222,-81.44139
LAKE ERIE,957,2022-08-18 17:06:00,2022,Summer,"Phosphorus, soluble reactive",1838,SRP-P-F,SOLUBLE REACTIVE PHOSPHOROUS,0.0002,SINGLE_DEPTH,1,1,1,0,20.5,0,202201002,45,41.68278,-81.74111
LAKE ERIE,958,2022-08-18 15:37:00,2022,Summer,"Phosphorus, soluble reactive",1838,SRP-P-F,SOLUBLE REACTIVE PHOSPHOROUS,0.0002,TRAPEZOIDAL_DEPTH_AVERAGE,2,1,9.5,8.5,11.6,0.73275862069,202201002,44,41.52500,-81.70750
LAKE ERIE,959,2022-08-18 22:50:00,2022,Summer,"Phosphorus, soluble reactive",1838,SRP-P-F,SOLUBLE REACTIVE PHOSPHOROUS,0.0002,SINGLE_DEPTH,1,1,1,0,10.5,0,202201002,48,42.19500,-82.18222
LAKE ERIE,960,2022-08-18 23:38:00,2022,Summer,"Phosphorus, soluble reactive",1838,SRP-P-F,SOLUBLE REACTIVE PHOSPHOROUS,0.000254285714286,TRAPEZOIDAL_DEPTH_AVERAGE,5,1,18.5,17.5,20.5,0.853658536585,202201002,49,42.10028,-82.18278
LAKE ERIE,961,2022-08-19 01:47:00,2022,Summer,"Phosphorus, soluble reactive",1838,SRP-P-F,SOLUBLE REACTIVE PHOSPHOROUS,0.0002,TRAPEZOIDAL_DEPTH_AVERAGE,3,1,999,998,20.7,48.2125603865,202201002,50,41.90861,-82.18306
LAKE ERIE,962,2022-08-19 04:02:00,2022,Summer,"Phosphorus, soluble reactive",1838,SRP-P-F,SOLUBLE REACTIVE PHOSPHOROUS,0.0002,SINGLE_DEPTH,1,1,1,0,19.1,0,202201002,51,41.71694,-82.18333
LAKE ERIE,963,2022-08-19 05:34:00,2022,Summer,"Phosphorus, soluble reactive",1838,SRP-P-F,SOLUBLE REACTIVE PHOSPHOROUS,0.00025,TRAPEZOIDAL_DEPTH_AVERAGE,3,1,13,12,15.2,0.789473684211,202201002,52,41.57556,-82.18306
LAKE ERIE,964,2022-08-19 07:00:00,2022,Summer,"Phosphorus, soluble reactive",1838,SRP-P-F,SOLUBLE REACTIVE PHOSPHOROUS,0.0002,SINGLE_DEPTH,1,1,1,0,9.5,0,202201002,53,41.48361,-82.18333
LAKE ERIE,965,2022-08-19 09:51:00,2022,Summer,"Phosphorus, soluble reactive",1838,SRP-P-F,SOLUBLE REACTIVE PHOSPHOROUS,0.0002,SINGLE_DEPTH,1,1,1,0,13.5,0,202201002,54,41.50000,-82.49917
LAKE ERIE,966,2022-08-19 15:47:00,2022,Summer,"Phosphorus, soluble reactive",1838,SRP-P-F,SOLUBLE REACTIVE PHOSPHOROUS,0.0002,SINGLE_DEPTH,1,1,1,0,10.5,0,202201002,58,41.98306,-82.62472
LAKE ERIE,967,2022-08-19 14:54:00,2022,Summer,"Phosphorus, soluble reactive",1838,SRP-P-F,SOLUBLE REACTIVE PHOSPHOROUS,0.0002,SINGLE_DEPTH,1,1,1,0,11.3,0,202201002,57,41.89167,-82.66639
LAKE ERIE,968,2022-08-19 13:33:00,2022,Summer,"Phosphorus, soluble reactive",1838,SRP-P-F,SOLUBLE REACTIVE PHOSPHOROUS,0.0002,SINGLE_DEPTH,1,1,1,0,10.4,0,202201002,56,41.74167,-82.73306
LAKE ERIE,969,2022-08-19 21:37:00,2022,Summer,"Phosphorus, soluble reactive",1838,SRP-P-F,SOLUBLE REACTIVE PHOSPHOROUS,0.0002,TRAPEZOIDAL_DEPTH_AVERAGE,2,0.5,1,0.5,8,0.0625,202201002,62,41.60833,-82.92500
LAKE ERIE,970,2022-08-19 19:00:00,2022,Summer,"Phosphorus, soluble reactive",1838,SRP-P-F,SOLUBLE REACTIVE PHOSPHOROUS,0.0002,TRAPEZOIDAL_DEPTH_AVERAGE,5,0.5,999,998.5,10.3,96.9417475728,202201002,60,41.82528,-82.97444
LAKE ERIE,971,2022-08-20 05:05:00,2022,Summer,"Phosphorus, soluble reactive",1838,SRP-P-F,SOLUBLE REACTIVE PHOSPHOROUS,0.0002,SINGLE_DEPTH,1,1,1,0,8.8,0,202201002,67,41.94972,-83.05028
LAKE ERIE,972,2022-08-20 02:35:00,2022,Summer,"Phosphorus, soluble reactive",1838,SRP-P-F,SOLUBLE REACTIVE PHOSPHOROUS,0.0002,SINGLE_DEPTH,1,1,1,0,8.3,0,202201002,65,41.86667,-83.20000
LAKE ERIE,974,2022-08-20 00:00:00,2022,Summer,"Phosphorus, soluble reactive",1838,SRP-P-F,SOLUBLE REACTIVE PHOSPHOROUS,0.0002,SINGLE_DEPTH,1,1,1,0,8,0,202201002,63,41.72472,-83.15000
LAKE ERIE,1533,2024-04-20 12:00:00,2024,Spring,"Phosphorus, soluble reactive",1838,SRP-P-F,SOLUBLE REACTIVE PHOSPHOROUS,0.000270695364238,TRAPEZOIDAL_DEPTH_AVERAGE,6,1.8,32,30.2,42.2,0.715639810427,202401201,21,42.68000,-79.69167
LAKE ERIE,1534,2024-04-19 12:00:00,2024,Spring,"Phosphorus, soluble reactive",1838,SRP-P-F,SOLUBLE REACTIVE PHOSPHOROUS,0.0008,SINGLE_DEPTH,1,1.2,1.2,0,21.7,0,202401201,14,42.43000,-81.20500
LAKE ERIE,1535,2024-04-19 12:00:00,2024,Spring,"Phosphorus, soluble reactive",1838,SRP-P-F,SOLUBLE REACTIVE PHOSPHOROUS,0.0002,SINGLE_DEPTH,1,1.2,1.2,0,23.5,0,202401201,17,42.08167,-81.01167
LAKE ERIE,1536,2024-04-18 12:00:00,2024,Spring,"Phosphorus, soluble reactive",1838,SRP-P-F,SOLUBLE REACTIVE PHOSPHOROUS,0.0005,SINGLE_DEPTH,1,0.9,0.9,0,24.1,0,202401201,10,41.93500,-81.47833
LAKE ERIE,1537,2024-04-18 12:00:00,2024,Spring,"Phosphorus, soluble reactive",1838,SRP-P-F,SOLUBLE REACTIVE PHOSPHOROUS,0.0008,SINGLE_DEPTH,1,1.2,1.2,0,23.1,0,202401201,8,41.96500,-82.04167
LAKE ERIE,1538,2024-04-18 12:00:00,2024,Spring,"Phosphorus, soluble reactive",1838,SRP-P-F,SOLUBLE REACTIVE PHOSPHOROUS,0.000225,TRAPEZOIDAL_DEPTH_AVERAGE,2,1.1,998,996.9,22.9,43.5327510917,202401201,9,41.78833,-81.94500
LAKE ERIE,1539,2024-04-17 12:00:00,2024,Spring,"Phosphorus, soluble reactive",1838,SRP-P-F,SOLUBLE REACTIVE PHOSPHOROUS,0.0018,SINGLE_DEPTH,1,1.1,1.1,0,0.8,0,202401201,7,41.68500,-82.93333
LAKE ERIE,1540,2024-04-18 12:00:00,2024,Spring,"Phosphorus, soluble reactive",1838,SRP-P-F,SOLUBLE REACTIVE PHOSPHOROUS,0.0005,SINGLE_DEPTH,1,1,1,0,25.1,0,202401201,11,41.97778,-81.75694
LAKE ERIE,1541,2024-04-19 12:00:00,2024,Spring,"Phosphorus, soluble reactive",1838,SRP-P-F,SOLUBLE REACTIVE PHOSPHOROUS,0.0007,SINGLE_DEPTH,1,1.4,1.4,0,23.8,0,202401201,16,42.11667,-81.25000
LAKE ERIE,1542,2024-04-17 12:00:00,2024,Spring,"Phosphorus, soluble reactive",1838,SRP-P-F,SOLUBLE REACTIVE PHOSPHOROUS,0.0018665672016,TRAPEZOIDAL_DEPTH_AVERAGE,4,1,998,997,10.5,94.9523809524,202401201,4,41.84083,-82.91667
LAKE ERIE,879,2024-04-20 12:00:00,2024,Spring,"Phosphorus, soluble reactive",1838,SRP-P-F,SOLUBLE REACTIVE PHOSPHOROUS,0.0015296327212,TRAPEZOIDAL_DEPTH_AVERAGE,8,1.7,61.6,59.9,65.8,0.910334346505,202401201,20,42.51667,-79.89333
LAKE ERIE,886,2024-04-20 12:00:00,2024,Spring,"Phosphorus, soluble reactive",1838,SRP-P-F,SOLUBLE REACTIVE PHOSPHOROUS,0.0008,SINGLE_DEPTH,1,1.2,1.2,0,51.3,0,202401201,19,42.53833,-79.61667
LAKE ERIE,888,2024-04-18 12:00:00,2024,Spring,"Phosphorus, soluble reactive",1838,SRP-P-F,SOLUBLE REACTIVE PHOSPHOROUS,0.000915909090909,TRAPEZOIDAL_DEPTH_AVERAGE,4,1,20.8,19.8,22.2,0.891891891892,202401201,13,42.28167,-81.67167
LAKE ERIE,889,2024-04-18 12:00:00,2024,Spring,"Phosphorus, soluble reactive",1838,SRP-P-F,SOLUBLE REACTIVE PHOSPHOROUS,0.0004,SINGLE_DEPTH,1,2,2,0,24.9,0,202401201,12,42.11000,-81.57500
LAKE ERIE,940,2024-04-19 12:00:00,2024,Spring,"Phosphorus, soluble reactive",1838,SRP-P-F,SOLUBLE REACTIVE PHOSPHOROUS,0.000925,TRAPEZOIDAL_DEPTH_AVERAGE,2,1.2,998,996.8,46.5,21.4365591398,202401201,18,42.41667,-79.80000
LAKE ERIE,949,2024-04-19 12:00:00,2024,Spring,"Phosphorus, soluble reactive",1838,SRP-P-F,SOLUBLE REACTIVE PHOSPHOROUS,0.000854271356784,TRAPEZOIDAL_DEPTH_AVERAGE,4,1.1,21,19.9,22.8,0.872807017544,202401201,15,42.25333,-81.10667
LAKE ERIE,967,2024-04-17 12:00:00,2024,Spring,"Phosphorus, soluble reactive",1838,SRP-P-F,SOLUBLE REACTIVE PHOSPHOROUS,0.003,SINGLE_DEPTH,1,1,1,0,10.2,0,202401201,3,41.95000,-82.68667
LAKE ERIE,971,2024-04-17 12:00:00,2024,Spring,"Phosphorus, soluble reactive",1838,SRP-P-F,SOLUBLE REACTIVE PHOSPHOROUS,0.0424,SINGLE_DEPTH,1,1.5,1.5,0,9.4,0,202401201,1,41.94667,-83.04500
LAKE ERIE,972,2024-04-17 12:00:00,2024,Spring,"Phosphorus, soluble reactive",1838,SRP-P-F,SOLUBLE REACTIVE PHOSPHOROUS,0.00503596491228,TRAPEZOIDAL_DEPTH_AVERAGE,3,1.4,7.1,5.7,9.1,0.626373626374,202401201,2,41.89167,-83.19667
LAKE ERIE,974,2024-04-17 12:00:00,2024,Spring,"Phosphorus, soluble reactive",1838,SRP-P-F,SOLUBLE REACTIVE PHOSPHOROUS,0.0019,SINGLE_DEPTH,1,1.3,1.3,0,8.1,0,202401201,6,41.72667,-83.15000
LAKE ERIE,1236,2025-08-18 08:28:00,2025,Summer,"Phosphorus, soluble reactive",1838,SRP-P-F,SOLUBLE REACTIVE PHOSPHOROUS,0.0005,SINGLE_DEPTH,1,1,1,0,15,0,202501002,4,42.81056,-79.56500
LAKE ERIE,1237,2025-08-18 09:08:00,2025,Summer,"Phosphorus, soluble reactive",1838,SRP-P-F,SOLUBLE REACTIVE PHOSPHOROUS,0.00025,SINGLE_DEPTH,1,1,1,0,20,0,202501002,5,42.76611,-79.55583
LAKE ERIE,1533,2025-08-18 13:14:00,2025,Summer,"Phosphorus, soluble reactive",1838,SRP-P-F,SOLUBLE REACTIVE PHOSPHOROUS,0.0004,SINGLE_DEPTH,1,1,1,0,33.5,0,202501002,8,42.67639,-79.69861
LAKE ERIE,1537,2025-08-20 21:48:00,2025,Summer,"Phosphorus, soluble reactive",1838,SRP-P-F,SOLUBLE REACTIVE PHOSPHOROUS,0.000399799599198,TRAPEZOIDAL_DEPTH_AVERAGE,3,1,999,998,22,45.3636363636,202501002,30,41.96472,-82.04139
LAKE ERIE,1539,2025-08-22 02:08:00,2025,Summer,"Phosphorus, soluble reactive",1838,SRP-P-F,SOLUBLE REACTIVE PHOSPHOROUS,0.0027,SINGLE_DEPTH,1,1,1,0,9,0,202501002,42,41.68472,-82.93333
LAKE ERIE,1540,2025-08-20 19:45:00,2025,Summer,"Phosphorus, soluble reactive",1838,SRP-P-F,SOLUBLE REACTIVE PHOSPHOROUS,0.0002,SINGLE_DEPTH,1,1,1,0,24,0,202501002,29,41.97722,-81.75694
LAKE ERIE,1542,2025-08-21 16:15:00,2025,Summer,"Phosphorus, soluble reactive",1838,SRP-P-F,SOLUBLE REACTIVE PHOSPHOROUS,0.0002,SINGLE_DEPTH,1,1,1,0,10,0,202501002,34,41.84083,-82.91639
LAKE ERIE,445,2025-08-18 19:35:00,2025,Summer,"Phosphorus, soluble reactive",1838,SRP-P-F,SOLUBLE REACTIVE PHOSPHOROUS,0.0004,SINGLE_DEPTH,1,1,1,0,16.5,0,202501002,12,42.80000,-79.70000
LAKE ERIE,449,2025-08-18 21:28:00,2025,Summer,"Phosphorus, soluble reactive",1838,SRP-P-F,SOLUBLE REACTIVE PHOSPHOROUS,0.0004,SINGLE_DEPTH,1,1,1,0,13.5,0,202501002,13,42.76639,-79.96694
LAKE ERIE,67,2025-08-18 18:23:00,2025,Summer,"Phosphorus, soluble reactive",1838,SRP-P-F,SOLUBLE REACTIVE PHOSPHOROUS,0.0002,SINGLE_DEPTH,1,1,1,0,8.5,0,202501002,11,42.84472,-79.57500
LAKE ERIE,727,2025-08-18 07:11:00,2025,Summer,"Phosphorus, soluble reactive",1838,SRP-P-F,SOLUBLE REACTIVE PHOSPHOROUS,0.0003,SINGLE_DEPTH,1,1,1,0,20,0,202501002,3,42.81667,-79.38333
LAKE ERIE,879,2025-08-19 15:35:00,2025,Summer,"Phosphorus, soluble reactive",1838,SRP-P-F,SOLUBLE REACTIVE PHOSPHOROUS,0.000441949152542,TRAPEZOIDAL_DEPTH_AVERAGE,6,1,60,59,62,0.951612903226,202501002,17,42.50667,-79.89972
LAKE ERIE,880,2025-08-20 17:21:00,2025,Summer,"Phosphorus, soluble reactive",1838,SRP-P-F,SOLUBLE REACTIVE PHOSPHOROUS,0.0104071428571,TRAPEZOIDAL_DEPTH_AVERAGE,5,1,22,21,24,0.875,202501002,28,41.93500,-81.65306
LAKE ERIE,881,2025-08-21 19:53:00,2025,Summer,"Phosphorus, soluble reactive",1838,SRP-P-F,SOLUBLE REACTIVE PHOSPHOROUS,0.00135,TRAPEZOIDAL_DEPTH_AVERAGE,2,1,3.5,2.5,5.5,0.454545454545,202501002,37,41.96861,-83.20833
LAKE ERIE,882,2025-08-21 22:59:00,2025,Summer,"Phosphorus, soluble reactive",1838,SRP-P-F,SOLUBLE REACTIVE PHOSPHOROUS,0.0020875,TRAPEZOIDAL_DEPTH_AVERAGE,3,0.5,4.5,4,6.5,0.615384615385,202501002,40,41.76639,-83.31000
LAKE ERIE,885,2025-08-22 05:40:00,2025,Summer,"Phosphorus, soluble reactive",1838,SRP-P-F,SOLUBLE REACTIVE PHOSPHOROUS,0.004,TRAPEZOIDAL_DEPTH_AVERAGE,2,1,9,8,11,0.727272727273,202501002,44,41.51917,-82.64056
LAKE ERIE,887,2025-08-18 13:59:00,2025,Summer,"Phosphorus, soluble reactive",1838,SRP-P-F,SOLUBLE REACTIVE PHOSPHOROUS,0.000330769230769,TRAPEZOIDAL_DEPTH_AVERAGE,5,1,33.5,32.5,35.5,0.915492957746,202501002,9,42.64694,-79.69139
LAKE ERIE,931,2025-08-18 04:00:00,2025,Summer,"Phosphorus, soluble reactive",1838,SRP-P-F,SOLUBLE REACTIVE PHOSPHOROUS,0.0005,TRAPEZOIDAL_DEPTH_AVERAGE,2,1,7,6,9,0.666666666667,202501002,1,42.84972,-78.94361
LAKE ERIE,932,2025-08-18 05:56:00,2025,Summer,"Phosphorus, soluble reactive",1838,SRP-P-F,SOLUBLE REACTIVE PHOSPHOROUS,0.0002,SINGLE_DEPTH,1,1,1,0,21,0,202501002,2,42.79167,-79.20833
LAKE ERIE,933,2025-08-18 17:45:00,2025,Summer,"Phosphorus, soluble reactive",1838,SRP-P-F,SOLUBLE REACTIVE PHOSPHOROUS,0.000300801603206,TRAPEZOIDAL_DEPTH_AVERAGE,4,1,999,998,12,83.1666666667,202501002,10,42.82500,-79.56694
LAKE ERIE,934,2025-08-18 10:02:00,2025,Summer,"Phosphorus, soluble reactive",1838,SRP-P-F,SOLUBLE REACTIVE PHOSPHOROUS,0.0002,SINGLE_DEPTH,1,1,1,0,27.5,0,202501002,6,42.70806,-79.50806
LAKE ERIE,935,2025-08-18 11:18:00,2025,Summer,"Phosphorus, soluble reactive",1838,SRP-P-F,SOLUBLE REACTIVE PHOSPHOROUS,0.000266666666667,TRAPEZOIDAL_DEPTH_AVERAGE,6,1,31,30,33,0.909090909091,202501002,7,42.59139,-79.46667
LAKE ERIE,937,2025-08-18 23:32:00,2025,Summer,"Phosphorus, soluble reactive",1838,SRP-P-F,SOLUBLE REACTIVE PHOSPHOROUS,0.00035,TRAPEZOIDAL_DEPTH_AVERAGE,2,1,6,5,8,0.625,202501002,14,42.71639,-80.25000
LAKE ERIE,938,2025-08-19 13:26:00,2025,Summer,"Phosphorus, soluble reactive",1838,SRP-P-F,SOLUBLE REACTIVE PHOSPHOROUS,0.00025,SINGLE_DEPTH,1,1,1,0,35,0,202501002,15,42.63333,-80.05806
LAKE ERIE,939,2025-08-19 14:44:00,2025,Summer,"Phosphorus, soluble reactive",1838,SRP-P-F,SOLUBLE REACTIVE PHOSPHOROUS,0.0002,SINGLE_DEPTH,1,1,1,0,56,0,202501002,16,42.56667,-79.91639
LAKE ERIE,940,2025-08-19 17:05:00,2025,Summer,"Phosphorus, soluble reactive",1838,SRP-P-F,SOLUBLE REACTIVE PHOSPHOROUS,0.0004,SINGLE_DEPTH,1,1,1,0,47.5,0,202501002,18,42.44194,-79.83306
LAKE ERIE,941,2025-08-19 18:16:00,2025,Summer,"Phosphorus, soluble reactive",1838,SRP-P-F,SOLUBLE REACTIVE PHOSPHOROUS,0.0003,SINGLE_DEPTH,1,1,1,0,35.5,0,202501002,19,42.32528,-79.83306
LAKE ERIE,942,2025-08-19 19:07:00,2025,Summer,"Phosphorus, soluble reactive",1838,SRP-P-F,SOLUBLE REACTIVE PHOSPHOROUS,0.000350651302605,TRAPEZOIDAL_DEPTH_AVERAGE,5,1,999,998,15.5,64.3870967742,202501002,20,42.25833,-79.83361
LAKE ERIE,944,2025-08-20 05:39:00,2025,Summer,"Phosphorus, soluble reactive",1838,SRP-P-F,SOLUBLE REACTIVE PHOSPHOROUS,0.000232142857143,TRAPEZOIDAL_DEPTH_AVERAGE,3,1,15,14,17,0.823529411765,202501002,24,42.53333,-80.64139
LAKE ERIE,945,2025-08-20 04:22:00,2025,Summer,"Phosphorus, soluble reactive",1838,SRP-P-F,SOLUBLE REACTIVE PHOSPHOROUS,0.0003,SINGLE_DEPTH,1,1,1,0,20,0,202501002,23,42.40000,-80.64167
LAKE ERIE,946,2025-08-20 02:12:00,2025,Summer,"Phosphorus, soluble reactive",1838,SRP-P-F,SOLUBLE REACTIVE PHOSPHOROUS,0.000295,TRAPEZOIDAL_DEPTH_AVERAGE,3,1,21,20,23,0.869565217391,202501002,22,42.16667,-80.64167
LAKE ERIE,947,2025-08-20 00:14:00,2025,Summer,"Phosphorus, soluble reactive",1838,SRP-P-F,SOLUBLE REACTIVE PHOSPHOROUS,0.0002,SINGLE_DEPTH,1,1,1,0,16,0,202501002,21,41.99111,-80.64194
LAKE ERIE,949,2025-08-20 09:27:00,2025,Summer,"Phosphorus, soluble reactive",1838,SRP-P-F,SOLUBLE REACTIVE PHOSPHOROUS,0.0136447368421,TRAPEZOIDAL_DEPTH_AVERAGE,4,1,20,19,22,0.863636363636,202501002,25,42.24972,-81.10806
LAKE ERIE,955,2025-08-20 15:28:00,2025,Summer,"Phosphorus, soluble reactive",1838,SRP-P-F,SOLUBLE REACTIVE PHOSPHOROUS,0.0004,SINGLE_DEPTH,1,1,1,0,20,0,202501002,27,41.79972,-81.44194
LAKE ERIE,956,2025-08-20 14:20:00,2025,Summer,"Phosphorus, soluble reactive",1838,SRP-P-F,SOLUBLE REACTIVE PHOSPHOROUS,0.0004,SINGLE_DEPTH,1,1,1,0,10.5,0,202501002,26,41.69167,-81.44139
LAKE ERIE,961,2025-08-20 23:00:00,2025,Summer,"Phosphorus, soluble reactive",1838,SRP-P-F,SOLUBLE REACTIVE PHOSPHOROUS,0.0002,SINGLE_DEPTH,1,1,1,0,20.5,0,202501002,31,41.90806,-82.18389
LAKE ERIE,965,2025-08-22 06:40:00,2025,Summer,"Phosphorus, soluble reactive",1838,SRP-P-F,SOLUBLE REACTIVE PHOSPHOROUS,0.0086,SINGLE_DEPTH,1,1,1,0,13,0,202501002,45,41.50000,-82.50028
LAKE ERIE,966,2025-08-21 13:22:00,2025,Summer,"Phosphorus, soluble reactive",1838,SRP-P-F,SOLUBLE REACTIVE PHOSPHOROUS,0.0003,SINGLE_DEPTH,1,1,1,0,10,0,202501002,32,41.98306,-82.62500
LAKE ERIE,967,2025-08-21 14:29:00,2025,Summer,"Phosphorus, soluble reactive",1838,SRP-P-F,SOLUBLE REACTIVE PHOSPHOROUS,0.0005,SINGLE_DEPTH,1,1,1,0,11,0,202501002,33,41.89111,-82.66556
LAKE ERIE,968,2025-08-22 11:29:00,2025,Summer,"Phosphorus, soluble reactive",1838,SRP-P-F,SOLUBLE REACTIVE PHOSPHOROUS,0.0002,SINGLE_DEPTH,1,1,1,0,10.5,0,202501002,46,41.74139,-82.73333
LAKE ERIE,969,2025-08-22 03:08:00,2025,Summer,"Phosphorus, soluble reactive",1838,SRP-P-F,SOLUBLE REACTIVE PHOSPHOROUS,0.0054,SINGLE_DEPTH,1,1,1,0,7.5,0,202501002,43,41.60833,-82.92528
LAKE ERIE,970,2025-08-21 17:01:00,2025,Summer,"Phosphorus, soluble reactive",1838,SRP-P-F,SOLUBLE REACTIVE PHOSPHOROUS,0.0002,TRAPEZOIDAL_DEPTH_AVERAGE,2,1,8,7,10,0.7,202501002,35,41.82444,-82.97472
LAKE ERIE,971,2025-08-21 18:35:00,2025,Summer,"Phosphorus, soluble reactive",1838,SRP-P-F,SOLUBLE REACTIVE PHOSPHOROUS,0.0002,SINGLE_DEPTH,1,1,1,0,8.5,0,202501002,36,41.94944,-83.04972
LAKE ERIE,972,2025-08-21 21:00:00,2025,Summer,"Phosphorus, soluble reactive",1838,SRP-P-F,SOLUBLE REACTIVE PHOSPHOROUS,0.0002,SINGLE_DEPTH,1,1,1,0,8,0,202501002,38,41.86667,-83.20028
LAKE ERIE,973,2025-08-21 22:14:00,2025,Summer,"Phosphorus, soluble reactive",1838,SRP-P-F,SOLUBLE REACTIVE PHOSPHOROUS,0.00075,TRAPEZOIDAL_DEPTH_AVERAGE,2,0.5,1,0.5,6,0.0833333333333,202501002,39,41.79139,-83.33306
LAKE ERIE,974,2025-08-22 00:25:00,2025,Summer,"Phosphorus, soluble reactive",1838,SRP-P-F,SOLUBLE REACTIVE PHOSPHOROUS,0.00229789579158,TRAPEZOIDAL_DEPTH_AVERAGE,3,1,999,998,8,124.75,202501002,41,41.72472,-83.15000
LAKE HURON,1,2012-08-09 21:01:00,2012,Summer,"Phosphorus, soluble reactive",1838,SRP-P-F,SOLUBLE REACTIVE PHOSPHOROUS,0.00025,TRAPEZOIDAL_DEPTH_AVERAGE,2,1,8,7,10.2,0.686274509804,201202003,66,43.09000,-82.39167
LAKE HURON,10,2012-08-09 11:05:00,2012,Summer,"Phosphorus, soluble reactive",1838,SRP-P-F,SOLUBLE REACTIVE PHOSPHOROUS,0.00075,TRAPEZOIDAL_DEPTH_AVERAGE,2,1,8.5,7.5,10.7,0.700934579439,201202003,62,43.75361,-81.78167
LAKE HURON,11,2012-08-09 07:21:00,2012,Summer,"Phosphorus, soluble reactive",1838,SRP-P-F,SOLUBLE REACTIVE PHOSPHOROUS,0.0002,TRAPEZOIDAL_DEPTH_AVERAGE,3,1,998,997,8.9,112.02247191,201202003,60,43.95639,-81.78694
LAKE HURON,12,2012-08-09 09:00:00,2012,Summer,"Phosphorus, soluble reactive",1838,SRP-P-F,SOLUBLE REACTIVE PHOSPHOROUS,0.000240119760479,TRAPEZOIDAL_DEPTH_AVERAGE,6,1,84.5,83.5,86.9,0.96087456847,201202003,61,43.89028,-82.05667
LAKE HURON,29,2012-08-09 03:49:00,2012,Summer,"Phosphorus, soluble reactive",1838,SRP-P-F,SOLUBLE REACTIVE PHOSPHOROUS,0.0002,TRAPEZOIDAL_DEPTH_AVERAGE,6,1,121,120,123.4,0.97244732577,201202003,59,44.36667,-81.83361
LAKE HURON,3,2012-08-09 18:47:00,2012,Summer,"Phosphorus, soluble reactive",1838,SRP-P-F,SOLUBLE REACTIVE PHOSPHOROUS,0.0003,TRAPEZOIDAL_DEPTH_AVERAGE,3,1,998,997,14.7,67.8231292517,201202003,65,43.25694,-82.03833
LAKE HURON,30,2012-08-09 01:34:00,2012,Summer,"Phosphorus, soluble reactive",1838,SRP-P-F,SOLUBLE REACTIVE PHOSPHOROUS,0.0002,TRAPEZOIDAL_DEPTH_AVERAGE,3,1,17.5,16.5,19.6,0.841836734694,201202003,58,44.46694,-81.45444
LAKE HURON,38,2012-08-08 19:55:00,2012,Summer,"Phosphorus, soluble reactive",1838,SRP-P-F,SOLUBLE REACTIVE PHOSPHOROUS,0.0002,TRAPEZOIDAL_DEPTH_AVERAGE,7,1,131,130,133.6,0.973053892216,201202003,56,44.73944,-82.05611
LAKE HURON,39,2012-08-08 23:56:00,2012,Summer,"Phosphorus, soluble reactive",1838,SRP-P-F,SOLUBLE REACTIVE PHOSPHOROUS,0.0002,TRAPEZOIDAL_DEPTH_AVERAGE,3,1,23,22,25.4,0.866141732283,201202003,57,44.65639,-81.37917
LAKE HURON,4,2012-08-09 17:16:00,2012,Summer,"Phosphorus, soluble reactive",1838,SRP-P-F,SOLUBLE REACTIVE PHOSPHOROUS,0.0002,TRAPEZOIDAL_DEPTH_AVERAGE,2,1,7,6,9.1,0.659340659341,201202003,64,43.32500,-81.78917
LAKE HURON,40,2012-08-08 16:24:00,2012,Summer,"Phosphorus, soluble reactive",1838,SRP-P-F,SOLUBLE REACTIVE PHOSPHOROUS,0.0002,TRAPEZOIDAL_DEPTH_AVERAGE,4,1,998,997,16.5,60.4242424242,201202003,55,44.89944,-81.43667
LAKE HURON,41,2012-08-08 14:44:00,2012,Summer,"Phosphorus, soluble reactive",1838,SRP-P-F,SOLUBLE REACTIVE PHOSPHOROUS,0.0002,TRAPEZOIDAL_DEPTH_AVERAGE,3,1,19.5,18.5,21.5,0.860465116279,201202003,54,45.08278,-81.53667
LAKE HURON,43,2012-08-08 11:49:00,2012,Summer,"Phosphorus, soluble reactive",1838,SRP-P-F,SOLUBLE REACTIVE PHOSPHOROUS,0.000208529411765,TRAPEZOIDAL_DEPTH_AVERAGE,7,1,171,170,173.4,0.980392156863,201202003,53,45.01333,-82.00917
LAKE HURON,47,2012-08-08 05:17:00,2012,Summer,"Phosphorus, soluble reactive",1838,SRP-P-F,SOLUBLE REACTIVE PHOSPHOROUS,0.000269444444444,TRAPEZOIDAL_DEPTH_AVERAGE,3,1,19,18,21.8,0.825688073394,201202003,52,45.25444,-83.34694
LAKE HURON,5,2012-08-09 15:30:00,2012,Summer,"Phosphorus, soluble reactive",1838,SRP-P-F,SOLUBLE REACTIVE PHOSPHOROUS,0.0003,TRAPEZOIDAL_DEPTH_AVERAGE,2,1,8.5,7.5,10.7,0.700934579439,201202003,63,43.54861,-81.74528
LAKE HURON,54,2012-08-08 00:29:00,2012,Summer,"Phosphorus, soluble reactive",1838,SRP-P-F,SOLUBLE REACTIVE PHOSPHOROUS,0.000281304347826,TRAPEZOIDAL_DEPTH_AVERAGE,7,1,116,115,118.1,0.973751058425,201202003,50,45.51639,-83.41694
LAKE HURON,55,2012-08-08 03:05:00,2012,Summer,"Phosphorus, soluble reactive",1838,SRP-P-F,SOLUBLE REACTIVE PHOSPHOROUS,0.0003125,TRAPEZOIDAL_DEPTH_AVERAGE,4,1,37,36,39.4,0.913705583756,201202003,51,45.42500,-83.65000
LAKE HURON,56,2012-08-07 11:27:00,2012,Summer,"Phosphorus, soluble reactive",1838,SRP-P-F,SOLUBLE REACTIVE PHOSPHOROUS,0.000420588235294,TRAPEZOIDAL_DEPTH_AVERAGE,4,1,18,17,20.6,0.825242718447,201202003,43,45.51694,-84.08361
LAKE HURON,58,2012-08-07 20:09:00,2012,Summer,"Phosphorus, soluble reactive",1838,SRP-P-F,SOLUBLE REACTIVE PHOSPHOROUS,0.00025,TRAPEZOIDAL_DEPTH_AVERAGE,3,1,13,12,15.2,0.789473684211,201202003,48,45.86611,-83.26667
LAKE HURON,59,2012-08-07 21:45:00,2012,Summer,"Phosphorus, soluble reactive",1838,SRP-P-F,SOLUBLE REACTIVE PHOSPHOROUS,0.000646551724138,TRAPEZOIDAL_DEPTH_AVERAGE,3,1,15.5,14.5,17.5,0.828571428571,201202003,49,45.76667,-83.02833
LAKE HURON,60,2012-08-07 16:07:00,2012,Summer,"Phosphorus, soluble reactive",1838,SRP-P-F,SOLUBLE REACTIVE PHOSPHOROUS,0.000447191574724,TRAPEZOIDAL_DEPTH_AVERAGE,6,1,998,997,25.6,38.9453125,201202003,45,45.90139,-83.51944
LAKE HURON,61,2012-08-07 13:26:00,2012,Summer,"Phosphorus, soluble reactive",1838,SRP-P-F,SOLUBLE REACTIVE PHOSPHOROUS,0.00137111111111,TRAPEZOIDAL_DEPTH_AVERAGE,6,1,113.5,112.5,115.6,0.973183391003,201202003,44,45.75000,-83.91639
LAKE HURON,62,2012-08-07 09:57:00,2012,Summer,"Phosphorus, soluble reactive",1838,SRP-P-F,SOLUBLE REACTIVE PHOSPHOROUS,0.0008125,TRAPEZOIDAL_DEPTH_AVERAGE,5,1,41,40,43.4,0.921658986175,201202003,42,45.67500,-84.18667
LAKE HURON,63,2012-08-07 08:13:00,2012,Summer,"Phosphorus, soluble reactive",1838,SRP-P-F,SOLUBLE REACTIVE PHOSPHOROUS,0.00065,TRAPEZOIDAL_DEPTH_AVERAGE,2,1,11.5,10.5,13.8,0.760869565217,201202003,41,45.70361,-84.51194
LAKE HURON,64,2012-08-07 06:07:00,2012,Summer,"Phosphorus, soluble reactive",1838,SRP-P-F,SOLUBLE REACTIVE PHOSPHOROUS,0.0002,TRAPEZOIDAL_DEPTH_AVERAGE,5,1,998,997,35.3,28.2436260623,201202003,40,45.81333,-84.75361
LAKE HURON,65,2012-08-07 04:33:00,2012,Summer,"Phosphorus, soluble reactive",1838,SRP-P-F,SOLUBLE REACTIVE PHOSPHOROUS,0.000309090909091,TRAPEZOIDAL_DEPTH_AVERAGE,6,1,56,55,58,0.948275862069,201202003,39,45.84583,-84.56611
LAKE HURON,76,2012-08-07 17:25:00,2012,Summer,"Phosphorus, soluble reactive",1838,SRP-P-F,SOLUBLE REACTIVE PHOSPHOROUS,0.000384545454545,TRAPEZOIDAL_DEPTH_AVERAGE,6,1,56,55,58.2,0.945017182131,201202003,46,46.00000,-83.43306
LAKE HURON,77,2012-08-07 18:59:00,2012,Summer,"Phosphorus, soluble reactive",1838,SRP-P-F,SOLUBLE REACTIVE PHOSPHOROUS,0.000471621621622,TRAPEZOIDAL_DEPTH_AVERAGE,6,1,75,74,76.9,0.962288686606,201202003,47,45.97000,-83.19861
LAKE HURON,1,2015-09-22 05:08:00,2015,Summer,"Phosphorus, soluble reactive",1838,SRP-P-F,SOLUBLE REACTIVE PHOSPHOROUS,0.00235,TRAPEZOIDAL_DEPTH_AVERAGE,2,1,9,8,10.82,0.739371534196,201502005,5,43.08944,-82.39306
LAKE HURON,10,2015-09-21 22:12:00,2015,Summer,"Phosphorus, soluble reactive",1838,SRP-P-F,SOLUBLE REACTIVE PHOSPHOROUS,0.0014,SINGLE_DEPTH,1,1,1,0,12.38,0,201502005,1,43.75333,-81.78167
LAKE HURON,11,2015-09-25 13:03:00,2015,Summer,"Phosphorus, soluble reactive",1838,SRP-P-F,SOLUBLE REACTIVE PHOSPHOROUS,0.0009,SINGLE_DEPTH,1,1,1,0,10.79,0,201502005,39,43.95694,-81.78722
LAKE HURON,12,2015-09-25 11:24:00,2015,Summer,"Phosphorus, soluble reactive",1838,SRP-P-F,SOLUBLE REACTIVE PHOSPHOROUS,0.0012,SINGLE_DEPTH,1,1,1,0,87.42,0,201502005,38,43.88972,-82.05722
LAKE HURON,13,2015-09-22 12:43:00,2015,Summer,"Phosphorus, soluble reactive",1838,SRP-P-F,SOLUBLE REACTIVE PHOSPHOROUS,0.0006,SINGLE_DEPTH,1,1,1,0,17.11,0,201502005,9,43.75361,-82.56861
LAKE HURON,14,2015-09-22 14:13:00,2015,Summer,"Phosphorus, soluble reactive",1838,SRP-P-F,SOLUBLE REACTIVE PHOSPHOROUS,0.0008,SINGLE_DEPTH,1,1,1,0,11.82,0,201502005,10,43.94194,-82.66861
LAKE HURON,17,2015-09-22 15:56:00,2015,Summer,"Phosphorus, soluble reactive",1838,SRP-P-F,SOLUBLE REACTIVE PHOSPHOROUS,0.000599123246493,TRAPEZOIDAL_DEPTH_AVERAGE,5,1,999,998,15.42,64.7211413748,201502005,11,44.10028,-82.86611
LAKE HURON,20,2015-09-23 01:23:00,2015,Summer,"Phosphorus, soluble reactive",1838,SRP-P-F,SOLUBLE REACTIVE PHOSPHOROUS,0.0004,SINGLE_DEPTH,1,1,1,0,45.9,0,201502005,15,44.21722,-83.08472
LAKE HURON,23,2015-09-23 02:55:00,2015,Summer,"Phosphorus, soluble reactive",1838,SRP-P-F,SOLUBLE REACTIVE PHOSPHOROUS,0.0003,SINGLE_DEPTH,1,1,1,0,9.78,0,201502005,16,44.33306,-83.29917
LAKE HURON,27,2015-09-22 18:19:00,2015,Summer,"Phosphorus, soluble reactive",1838,SRP-P-F,SOLUBLE REACTIVE PHOSPHOROUS,0.0002,SINGLE_DEPTH,1,1,1,0,55.52,0,201502005,12,44.19778,-82.50278
LAKE HURON,29,2015-09-25 07:39:00,2015,Summer,"Phosphorus, soluble reactive",1838,SRP-P-F,SOLUBLE REACTIVE PHOSPHOROUS,0.00207295081967,TRAPEZOIDAL_DEPTH_AVERAGE,6,1,123,122,124.78,0.977720788588,201502005,37,44.36722,-81.83333
LAKE HURON,3,2015-09-22 03:01:00,2015,Summer,"Phosphorus, soluble reactive",1838,SRP-P-F,SOLUBLE REACTIVE PHOSPHOROUS,0.0012,SINGLE_DEPTH,1,1,1,0,15.3,0,201502005,4,43.25694,-82.03889
LAKE HURON,30,2015-09-25 05:36:00,2015,Summer,"Phosphorus, soluble reactive",1838,SRP-P-F,SOLUBLE REACTIVE PHOSPHOROUS,0.0007,SINGLE_DEPTH,1,1,1,0,20.88,0,201502005,36,44.46667,-81.45389
LAKE HURON,32,2015-09-22 20:24:00,2015,Summer,"Phosphorus, soluble reactive",1838,SRP-P-F,SOLUBLE REACTIVE PHOSPHOROUS,0.0005,SINGLE_DEPTH,1,1,1,0,83.1,0,201502005,13,44.45278,-82.34194
LAKE HURON,33,2015-09-22 22:57:00,2015,Summer,"Phosphorus, soluble reactive",1838,SRP-P-F,SOLUBLE REACTIVE PHOSPHOROUS,0.0011,SINGLE_DEPTH,1,1,1,0,72.73,0,201502005,14,44.50028,-82.83389
LAKE HURON,34,2015-09-23 05:06:00,2015,Summer,"Phosphorus, soluble reactive",1838,SRP-P-F,SOLUBLE REACTIVE PHOSPHOROUS,0.0007,SINGLE_DEPTH,1,1,1,0,9.27,0,201502005,17,44.64000,-83.23222
LAKE HURON,36,2015-09-23 08:05:00,2015,Summer,"Phosphorus, soluble reactive",1838,SRP-P-F,SOLUBLE REACTIVE PHOSPHOROUS,0.001,TRAPEZOIDAL_DEPTH_AVERAGE,2,1,7.5,6.5,9.6,0.677083333333,201502005,18,45.04000,-83.37861
LAKE HURON,38,2015-09-25 00:36:00,2015,Summer,"Phosphorus, soluble reactive",1838,SRP-P-F,SOLUBLE REACTIVE PHOSPHOROUS,0.0004,SINGLE_DEPTH,1,1,1,0,135.19,0,201502005,34,44.74000,-82.05722
LAKE HURON,39,2015-09-25 04:07:00,2015,Summer,"Phosphorus, soluble reactive",1838,SRP-P-F,SOLUBLE REACTIVE PHOSPHOROUS,0.00025,SINGLE_DEPTH,1,1,1,0,26.41,0,201502005,35,44.65639,-81.37944
LAKE HURON,4,2015-09-22 01:30:00,2015,Summer,"Phosphorus, soluble reactive",1838,SRP-P-F,SOLUBLE REACTIVE PHOSPHOROUS,0.0028,SINGLE_DEPTH,1,1,1,0,10.23,0,201502005,3,43.32472,-81.78889
LAKE HURON,40,2015-09-24 19:22:00,2015,Summer,"Phosphorus, soluble reactive",1838,SRP-P-F,SOLUBLE REACTIVE PHOSPHOROUS,0.0004,SINGLE_DEPTH,1,1,1,0,20.83,0,201502005,32,44.89778,-81.43861
LAKE HURON,41,2015-09-24 17:46:00,2015,Summer,"Phosphorus, soluble reactive",1838,SRP-P-F,SOLUBLE REACTIVE PHOSPHOROUS,0.0008,SINGLE_DEPTH,1,1,1,0,22.75,0,201502005,31,45.08167,-81.53806
LAKE HURON,42,2015-09-24 15:55:00,2015,Summer,"Phosphorus, soluble reactive",1838,SRP-P-F,SOLUBLE REACTIVE PHOSPHOROUS,0.0002999498998,TRAPEZOIDAL_DEPTH_AVERAGE,3,1,999,998,43.89,22.7386648439,201502005,30,45.22139,-81.82028
LAKE HURON,43,2015-09-24 22:11:00,2015,Summer,"Phosphorus, soluble reactive",1838,SRP-P-F,SOLUBLE REACTIVE PHOSPHOROUS,0.00200325443787,TRAPEZOIDAL_DEPTH_AVERAGE,7,1,170,169,171.74,0.984045650402,201502005,33,45.01333,-82.00944
LAKE HURON,44,2015-09-23 11:40:00,2015,Summer,"Phosphorus, soluble reactive",1838,SRP-P-F,SOLUBLE REACTIVE PHOSPHOROUS,0.0015274691358,TRAPEZOIDAL_DEPTH_AVERAGE,7,1,163,162,164.87,0.982592345484,201502005,19,45.01639,-82.68417
LAKE HURON,47,2015-09-23 16:19:00,2015,Summer,"Phosphorus, soluble reactive",1838,SRP-P-F,SOLUBLE REACTIVE PHOSPHOROUS,0.0003749749499,TRAPEZOIDAL_DEPTH_AVERAGE,3,1,999,998,23.83,41.8799832144,201502005,20,45.25500,-83.34694
LAKE HURON,48,2015-09-24 12:34:00,2015,Summer,"Phosphorus, soluble reactive",1838,SRP-P-F,SOLUBLE REACTIVE PHOSPHOROUS,0.0002,SINGLE_DEPTH,1,1,1,0,111.63,0,201502005,29,45.27639,-82.45028
LAKE HURON,5,2015-09-21 23:48:00,2015,Summer,"Phosphorus, soluble reactive",1838,SRP-P-F,SOLUBLE REACTIVE PHOSPHOROUS,0.0008,SINGLE_DEPTH,1,1,1,0,11.8,0,201502005,2,43.54833,-81.74500
LAKE HURON,50,2015-09-24 09:55:00,2015,Summer,"Phosphorus, soluble reactive",1838,SRP-P-F,SOLUBLE REACTIVE PHOSPHOROUS,0.0004,SINGLE_DEPTH,1,1,1,0,28.64,0,201502005,28,45.53444,-82.04611
LAKE HURON,52,2015-09-24 06:38:00,2015,Summer,"Phosphorus, soluble reactive",1838,SRP-P-F,SOLUBLE REACTIVE PHOSPHOROUS,0.0011,SINGLE_DEPTH,1,1,1,0,65.49,0,201502005,27,45.65139,-82.64833
LAKE HURON,54,2015-09-23 18:21:00,2015,Summer,"Phosphorus, soluble reactive",1838,SRP-P-F,SOLUBLE REACTIVE PHOSPHOROUS,0.000833771929825,TRAPEZOIDAL_DEPTH_AVERAGE,6,1,115,114,117.34,0.971535708198,201502005,21,45.51639,-83.41778
LAKE HURON,58,2015-09-24 02:49:00,2015,Summer,"Phosphorus, soluble reactive",1838,SRP-P-F,SOLUBLE REACTIVE PHOSPHOROUS,0.00045,SINGLE_DEPTH,1,1,1,0,15.78,0,201502005,25,45.86611,-83.26611
LAKE HURON,59,2015-09-24 04:19:00,2015,Summer,"Phosphorus, soluble reactive",1838,SRP-P-F,SOLUBLE REACTIVE PHOSPHOROUS,0.0002,SINGLE_DEPTH,1,1,1,0,18.84,0,201502005,26,45.76639,-83.02861
LAKE HURON,60,2015-09-24 00:59:00,2015,Summer,"Phosphorus, soluble reactive",1838,SRP-P-F,SOLUBLE REACTIVE PHOSPHOROUS,0.0007,SINGLE_DEPTH,1,1,1,0,26.12,0,201502005,24,45.90056,-83.51917
LAKE HURON,61,2015-09-23 21:28:00,2015,Summer,"Phosphorus, soluble reactive",1838,SRP-P-F,SOLUBLE REACTIVE PHOSPHOROUS,0.00135175438596,TRAPEZOIDAL_DEPTH_AVERAGE,6,1,115,114,117.09,0.973610043556,201502005,22,45.75000,-83.91639
LAKE HURON,67,2015-09-23 23:04:00,2015,Summer,"Phosphorus, soluble reactive",1838,SRP-P-F,SOLUBLE REACTIVE PHOSPHOROUS,0.0009,SINGLE_DEPTH,1,1,1,0,31.38,0,201502005,23,45.93417,-83.90056
LAKE HURON,7,2015-09-22 07:12:00,2015,Summer,"Phosphorus, soluble reactive",1838,SRP-P-F,SOLUBLE REACTIVE PHOSPHOROUS,0.0005,SINGLE_DEPTH,1,1,1,0,10.88,0,201502005,6,43.34139,-82.50722
LAKE HURON,8,2015-09-22 08:46:00,2015,Summer,"Phosphorus, soluble reactive",1838,SRP-P-F,SOLUBLE REACTIVE PHOSPHOROUS,0.001,SINGLE_DEPTH,1,1,1,0,29.99,0,201502005,7,43.56667,-82.48556
LAKE HURON,9,2015-09-22 10:14:00,2015,Summer,"Phosphorus, soluble reactive",1838,SRP-P-F,SOLUBLE REACTIVE PHOSPHOROUS,0.00168392857143,TRAPEZOIDAL_DEPTH_AVERAGE,6,1,57,56,58.99,0.949313442956,201502005,8,43.63333,-82.21639
LAKE ONTARIO,1,2013-08-26 17:11:00,2013,Summer,"Phosphorus, soluble reactive",1838,SRP-P-F,SOLUBLE REACTIVE PHOSPHOROUS,0.0005,SINGLE_DEPTH,1,1,1,0,26.3,0,201300006,1,43.31333,-79.75139
LAKE ONTARIO,10,2013-09-04 03:13:00,2013,Summer,"Phosphorus, soluble reactive",1838,SRP-P-F,SOLUBLE REACTIVE PHOSPHOROUS,0.0017,SINGLE_DEPTH,1,1,1,0,10.7,0,201300006,74,43.66806,-79.26583
LAKE ONTARIO,1001,2013-09-05 14:06:00,2013,Summer,"Phosphorus, soluble reactive",1838,SRP-P-F,SOLUBLE REACTIVE PHOSPHOROUS,0.0015,SINGLE_DEPTH,1,1,1,0,22.6,0,201300006,86,43.28639,-79.84306
LAKE ONTARIO,11,2013-09-04 02:26:00,2013,Summer,"Phosphorus, soluble reactive",1838,SRP-P-F,SOLUBLE REACTIVE PHOSPHOROUS,0.0007,SINGLE_DEPTH,1,1,1,0,90.5,0,201300006,73,43.58444,-79.31111
LAKE ONTARIO,12,2013-09-03 20:40:00,2013,Summer,"Phosphorus, soluble reactive",1838,SRP-P-F,SOLUBLE REACTIVE PHOSPHOROUS,0.0002,SINGLE_DEPTH,1,1,1,0,105.2,0,201300006,68,43.50222,-79.35250
LAKE ONTARIO,13,2013-08-26 22:20:00,2013,Summer,"Phosphorus, soluble reactive",1838,SRP-P-F,SOLUBLE REACTIVE PHOSPHOROUS,0.000259223300971,TRAPEZOIDAL_DEPTH_AVERAGE,6,1,104,103,106.2,0.969868173258,201300006,6,43.41667,-79.40111
LAKE ONTARIO,1490,2013-08-27 04:29:00,2013,Summer,"Phosphorus, soluble reactive",1838,SRP-P-F,SOLUBLE REACTIVE PHOSPHOROUS,0.000394038076152,TRAPEZOIDAL_DEPTH_AVERAGE,4,1,999,998,62,16.0967741935,201300006,10,43.27361,-79.25278
LAKE ONTARIO,15,2013-08-26 21:18:00,2013,Summer,"Phosphorus, soluble reactive",1838,SRP-P-F,SOLUBLE REACTIVE PHOSPHOROUS,0.0005,SINGLE_DEPTH,1,1,1,0,86.5,0,201300006,5,43.31611,-79.44278
LAKE ONTARIO,16,2013-08-27 01:20:00,2013,Summer,"Phosphorus, soluble reactive",1838,SRP-P-F,SOLUBLE REACTIVE PHOSPHOROUS,0.0004,SINGLE_DEPTH,1,1,1,0,65.3,0,201300006,7,43.27194,-79.35972
LAKE ONTARIO,17,2013-08-27 02:13:00,2013,Summer,"Phosphorus, soluble reactive",1838,SRP-P-F,SOLUBLE REACTIVE PHOSPHOROUS,0.0002,TRAPEZOIDAL_DEPTH_AVERAGE,4,1,11,10,13.3,0.751879699248,201300006,8,43.22556,-79.27167
LAKE ONTARIO,18,2013-08-27 05:41:00,2013,Summer,"Phosphorus, soluble reactive",1838,SRP-P-F,SOLUBLE REACTIVE PHOSPHOROUS,0.0003,TRAPEZOIDAL_DEPTH_AVERAGE,2,1,83,82,85.1,0.96357226792,201300006,11,43.30222,-79.27667
LAKE ONTARIO,19,2013-08-27 06:39:00,2013,Summer,"Phosphorus, soluble reactive",1838,SRP-P-F,SOLUBLE REACTIVE PHOSPHOROUS,0.0002,SINGLE_DEPTH,1,1,1,0,106.3,0,201300006,12,43.38389,-79.28444
LAKE ONTARIO,2,2013-08-26 17:54:00,2013,Summer,"Phosphorus, soluble reactive",1838,SRP-P-F,SOLUBLE REACTIVE PHOSPHOROUS,0.0003,SINGLE_DEPTH,1,1,1,0,59.4,0,201300006,2,43.33944,-79.66472
LAKE ONTARIO,20,2013-08-27 07:31:00,2013,Summer,"Phosphorus, soluble reactive",1838,SRP-P-F,SOLUBLE REACTIVE PHOSPHOROUS,0.0002,TRAPEZOIDAL_DEPTH_AVERAGE,2,1,90.5,89.5,92.7,0.96548004315,201300006,13,43.33833,-79.19639
LAKE ONTARIO,21,2013-08-27 08:27:00,2013,Summer,"Phosphorus, soluble reactive",1838,SRP-P-F,SOLUBLE REACTIVE PHOSPHOROUS,0.0003,SINGLE_DEPTH,1,1,1,0,13.1,0,201300006,14,43.30028,-79.11972
LAKE ONTARIO,22,2013-08-27 09:22:00,2013,Summer,"Phosphorus, soluble reactive",1838,SRP-P-F,SOLUBLE REACTIVE PHOSPHOROUS,0.0003,TRAPEZOIDAL_DEPTH_AVERAGE,2,1,10,9,12.3,0.731707317073,201300006,15,43.29611,-79.00611
LAKE ONTARIO,23,2013-08-27 10:34:00,2013,Summer,"Phosphorus, soluble reactive",1838,SRP-P-F,SOLUBLE REACTIVE PHOSPHOROUS,0.0002,SINGLE_DEPTH,1,1,1,0,96.6,0,201300006,16,43.37000,-79.06611
LAKE ONTARIO,24,2013-08-27 11:23:00,2013,Summer,"Phosphorus, soluble reactive",1838,SRP-P-F,SOLUBLE REACTIVE PHOSPHOROUS,0.0002,SINGLE_DEPTH,1,1,1,0,121,0,201300006,17,43.43944,-79.12778
LAKE ONTARIO,25,2013-08-27 12:15:00,2013,Summer,"Phosphorus, soluble reactive",1838,SRP-P-F,SOLUBLE REACTIVE PHOSPHOROUS,0.0002,SINGLE_DEPTH,1,1,1,0,136.1,0,201300006,18,43.51611,-79.07944
LAKE ONTARIO,26,2013-09-04 04:46:00,2013,Summer,"Phosphorus, soluble reactive",1838,SRP-P-F,SOLUBLE REACTIVE PHOSPHOROUS,0.0003,SINGLE_DEPTH,1,1,1,0,118.1,0,201300006,75,43.60861,-79.01694
LAKE ONTARIO,27,2013-09-04 05:49:00,2013,Summer,"Phosphorus, soluble reactive",1838,SRP-P-F,SOLUBLE REACTIVE PHOSPHOROUS,0.0002,SINGLE_DEPTH,1,1,1,0,98.2,0,201300006,76,43.70361,-78.95556
LAKE ONTARIO,28,2013-09-04 08:40:00,2013,Summer,"Phosphorus, soluble reactive",1838,SRP-P-F,SOLUBLE REACTIVE PHOSPHOROUS,0.0005,SINGLE_DEPTH,1,1,1,0,62.6,0,201300006,78,43.77472,-78.85389
LAKE ONTARIO,29,2013-09-04 09:11:00,2013,Summer,"Phosphorus, soluble reactive",1838,SRP-P-F,SOLUBLE REACTIVE PHOSPHOROUS,0.0007,SINGLE_DEPTH,1,1,1,0,22.2,0,201300006,79,43.83028,-78.86833
LAKE ONTARIO,3,2013-08-26 18:40:00,2013,Summer,"Phosphorus, soluble reactive",1838,SRP-P-F,SOLUBLE REACTIVE PHOSPHOROUS,0.00044625,TRAPEZOIDAL_DEPTH_AVERAGE,5,1,21,20,23.7,0.84388185654,201300006,3,43.26806,-79.61944
LAKE ONTARIO,30,2013-09-04 10:20:00,2013,Summer,"Phosphorus, soluble reactive",1838,SRP-P-F,SOLUBLE REACTIVE PHOSPHOROUS,0.000374824649299,TRAPEZOIDAL_DEPTH_AVERAGE,3,1,999,998,42.4,23.5377358491,201300006,80,43.82889,-78.66111
LAKE ONTARIO,31,2013-09-04 11:34:00,2013,Summer,"Phosphorus, soluble reactive",1838,SRP-P-F,SOLUBLE REACTIVE PHOSPHOROUS,0.0007625,TRAPEZOIDAL_DEPTH_AVERAGE,5,1,17,16,19.1,0.837696335079,201300006,81,43.88611,-78.45889
LAKE ONTARIO,32,2013-09-04 17:10:00,2013,Summer,"Phosphorus, soluble reactive",1838,SRP-P-F,SOLUBLE REACTIVE PHOSPHOROUS,0.0005,SINGLE_DEPTH,1,1,1,0,76.5,0,201300006,84,43.78306,-78.43778
LAKE ONTARIO,33,2013-08-27 14:06:00,2013,Summer,"Phosphorus, soluble reactive",1838,SRP-P-F,SOLUBLE REACTIVE PHOSPHOROUS,0.000453566121842,TRAPEZOIDAL_DEPTH_AVERAGE,6,1,135.6,134.6,137.7,0.977487291213,201300006,19,43.59528,-78.80194
LAKE ONTARIO,34,2013-08-27 15:56:00,2013,Summer,"Phosphorus, soluble reactive",1838,SRP-P-F,SOLUBLE REACTIVE PHOSPHOROUS,0.0003499498998,TRAPEZOIDAL_DEPTH_AVERAGE,3,1,999,998,135.5,7.36531365314,201300006,20,43.46139,-78.75972
LAKE ONTARIO,35,2013-08-27 18:03:00,2013,Summer,"Phosphorus, soluble reactive",1838,SRP-P-F,SOLUBLE REACTIVE PHOSPHOROUS,0.0002,SINGLE_DEPTH,1,1,1,0,25.2,0,201300006,22,43.35917,-78.72944
LAKE ONTARIO,36,2013-08-27 21:01:00,2013,Summer,"Phosphorus, soluble reactive",1838,SRP-P-F,SOLUBLE REACTIVE PHOSPHOROUS,0.0003,SINGLE_DEPTH,1,1,1,0,160,0,201300006,24,43.49111,-78.38694
LAKE ONTARIO,37,2013-08-27 20:03:00,2013,Summer,"Phosphorus, soluble reactive",1838,SRP-P-F,SOLUBLE REACTIVE PHOSPHOROUS,0.0002,SINGLE_DEPTH,1,1,1,0,22,0,201300006,23,43.39139,-78.37000
LAKE ONTARIO,38,2013-08-28 01:59:00,2013,Summer,"Phosphorus, soluble reactive",1838,SRP-P-F,SOLUBLE REACTIVE PHOSPHOROUS,0.0002,TRAPEZOIDAL_DEPTH_AVERAGE,3,1,16.5,15.5,18.5,0.837837837838,201300006,27,43.38306,-77.98972
LAKE ONTARIO,39,2013-08-28 01:04:00,2013,Summer,"Phosphorus, soluble reactive",1838,SRP-P-F,SOLUBLE REACTIVE PHOSPHOROUS,0.0002,SINGLE_DEPTH,1,1,1,0,154.4,0,201300006,26,43.48694,-78.00000
LAKE ONTARIO,40,2013-08-27 23:15:00,2013,Summer,"Phosphorus, soluble reactive",1838,SRP-P-F,SOLUBLE REACTIVE PHOSPHOROUS,0.000296666666667,TRAPEZOIDAL_DEPTH_AVERAGE,6,1,181,180,183,0.983606557377,201300006,25,43.59000,-78.01194
LAKE ONTARIO,41,2013-08-30 03:35:00,2013,Summer,"Phosphorus, soluble reactive",1838,SRP-P-F,SOLUBLE REACTIVE PHOSPHOROUS,0.00112341269841,TRAPEZOIDAL_DEPTH_AVERAGE,6,1,127,126,129.3,0.974477958237,201300006,64,43.71639,-78.02583
LAKE ONTARIO,42,2013-08-30 05:50:00,2013,Summer,"Phosphorus, soluble reactive",1838,SRP-P-F,SOLUBLE REACTIVE PHOSPHOROUS,0.0005,SINGLE_DEPTH,1,1,1,0,67.3,0,201300006,65,43.83972,-78.03750
LAKE ONTARIO,43,2013-09-04 14:18:00,2013,Summer,"Phosphorus, soluble reactive",1838,SRP-P-F,SOLUBLE REACTIVE PHOSPHOROUS,0.0009,SINGLE_DEPTH,1,1,1,0,17.3,0,201300006,83,43.94972,-78.05000
LAKE ONTARIO,45,2013-08-30 02:00:00,2013,Summer,"Phosphorus, soluble reactive",1838,SRP-P-F,SOLUBLE REACTIVE PHOSPHOROUS,0.0003,SINGLE_DEPTH,1,1,1,0,80.4,0,201300006,63,43.82000,-77.78361
LAKE ONTARIO,46,2013-08-30 01:10:00,2013,Summer,"Phosphorus, soluble reactive",1838,SRP-P-F,SOLUBLE REACTIVE PHOSPHOROUS,0.0004,SINGLE_DEPTH,1,1,1,0,48.6,0,201300006,62,43.88556,-77.68917
LAKE ONTARIO,47,2013-08-30 00:17:00,2013,Summer,"Phosphorus, soluble reactive",1838,SRP-P-F,SOLUBLE REACTIVE PHOSPHOROUS,0.0002,SINGLE_DEPTH,1,1,1,0,17.6,0,201300006,61,43.95083,-77.58750
LAKE ONTARIO,49,2013-08-29 23:37:00,2013,Summer,"Phosphorus, soluble reactive",1838,SRP-P-F,SOLUBLE REACTIVE PHOSPHOROUS,0.000449749498998,TRAPEZOIDAL_DEPTH_AVERAGE,3,1,999,998,47.1,21.1889596603,201300006,60,43.77167,-77.43667
LAKE ONTARIO,5,2013-09-03 18:04:00,2013,Summer,"Phosphorus, soluble reactive",1838,SRP-P-F,SOLUBLE REACTIVE PHOSPHOROUS,0.0002,SINGLE_DEPTH,1,1,1,0,22.5,0,201300006,66,43.42472,-79.65833
LAKE ONTARIO,52,2013-08-28 03:58:00,2013,Summer,"Phosphorus, soluble reactive",1838,SRP-P-F,SOLUBLE REACTIVE PHOSPHOROUS,0.0002,SINGLE_DEPTH,1,1,1,0,121.8,0,201300006,28,43.43389,-77.71222
LAKE ONTARIO,53,2013-08-28 04:41:00,2013,Summer,"Phosphorus, soluble reactive",1838,SRP-P-F,SOLUBLE REACTIVE PHOSPHOROUS,0.0002,SINGLE_DEPTH,1,1,1,0,19.4,0,201300006,29,43.35000,-77.71083
LAKE ONTARIO,54,2013-08-28 05:45:00,2013,Summer,"Phosphorus, soluble reactive",1838,SRP-P-F,SOLUBLE REACTIVE PHOSPHOROUS,0.0002499498998,TRAPEZOIDAL_DEPTH_AVERAGE,3,1,999,998,150.1,6.64890073284,201300006,30,43.41306,-77.57472
LAKE ONTARIO,55,2013-08-28 09:11:00,2013,Summer,"Phosphorus, soluble reactive",1838,SRP-P-F,SOLUBLE REACTIVE PHOSPHOROUS,0.0002,SINGLE_DEPTH,1,1,1,0,193,0,201300006,33,43.44167,-77.43750
LAKE ONTARIO,57,2013-08-28 06:53:00,2013,Summer,"Phosphorus, soluble reactive",1838,SRP-P-F,SOLUBLE REACTIVE PHOSPHOROUS,0.00025,TRAPEZOIDAL_DEPTH_AVERAGE,2,1,11,10,13,0.769230769231,201300006,31,43.27556,-77.59139
LAKE ONTARIO,58,2013-08-28 08:09:00,2013,Summer,"Phosphorus, soluble reactive",1838,SRP-P-F,SOLUBLE REACTIVE PHOSPHOROUS,0.0003,SINGLE_DEPTH,1,1,1,0,88,0,201300006,32,43.32750,-77.43694
LAKE ONTARIO,59,2013-08-28 14:03:00,2013,Summer,"Phosphorus, soluble reactive",1838,SRP-P-F,SOLUBLE REACTIVE PHOSPHOROUS,0.00055,SINGLE_DEPTH,1,1,1,0,177.6,0,201300006,35,43.38167,-77.29833
LAKE ONTARIO,6,2013-09-03 19:27:00,2013,Summer,"Phosphorus, soluble reactive",1838,SRP-P-F,SOLUBLE REACTIVE PHOSPHOROUS,0.0002,SINGLE_DEPTH,1,1,1,0,66.7,0,201300006,67,43.46611,-79.53028
LAKE ONTARIO,60,2013-08-28 10:49:00,2013,Summer,"Phosphorus, soluble reactive",1838,SRP-P-F,SOLUBLE REACTIVE PHOSPHOROUS,0.00123422818792,TRAPEZOIDAL_DEPTH_AVERAGE,6,1,150,149,152.5,0.977049180328,201300006,34,43.57972,-77.19972
LAKE ONTARIO,61,2013-08-29 20:07:00,2013,Summer,"Phosphorus, soluble reactive",1838,SRP-P-F,SOLUBLE REACTIVE PHOSPHOROUS,0.0004285,TRAPEZOIDAL_DEPTH_AVERAGE,6,1,51,50,53.5,0.934579439252,201300006,59,43.78611,-77.15806
LAKE ONTARIO,62,2013-08-29 17:52:00,2013,Summer,"Phosphorus, soluble reactive",1838,SRP-P-F,SOLUBLE REACTIVE PHOSPHOROUS,0.0002,SINGLE_DEPTH,1,1,1,0,9.9,0,201300006,57,43.87944,-76.99944
LAKE ONTARIO,63,2013-08-29 19:08:00,2013,Summer,"Phosphorus, soluble reactive",1838,SRP-P-F,SOLUBLE REACTIVE PHOSPHOROUS,0.0003,SINGLE_DEPTH,1,1,1,0,87.2,0,201300006,58,43.73222,-77.01694
LAKE ONTARIO,66,2013-08-28 17:32:00,2013,Summer,"Phosphorus, soluble reactive",1838,SRP-P-F,SOLUBLE REACTIVE PHOSPHOROUS,0.0002,SINGLE_DEPTH,1,1,1,0,17.6,0,201300006,38,43.33278,-76.84028
LAKE ONTARIO,67,2013-08-28 18:45:00,2013,Summer,"Phosphorus, soluble reactive",1838,SRP-P-F,SOLUBLE REACTIVE PHOSPHOROUS,0.0002,SINGLE_DEPTH,1,1,1,0,71.2,0,201300006,39,43.40778,-76.79528
LAKE ONTARIO,68,2013-08-28 19:33:00,2013,Summer,"Phosphorus, soluble reactive",1838,SRP-P-F,SOLUBLE REACTIVE PHOSPHOROUS,0.0003999498998,TRAPEZOIDAL_DEPTH_AVERAGE,3,1,999,998,190.9,5.22786799371,201300006,40,43.52944,-76.73222
LAKE ONTARIO,69,2013-08-28 20:28:00,2013,Summer,"Phosphorus, soluble reactive",1838,SRP-P-F,SOLUBLE REACTIVE PHOSPHOROUS,0.0002,SINGLE_DEPTH,1,1,1,0,186.7,0,201300006,41,43.60639,-76.71333
LAKE ONTARIO,70,2013-08-28 21:36:00,2013,Summer,"Phosphorus, soluble reactive",1838,SRP-P-F,SOLUBLE REACTIVE PHOSPHOROUS,0.0002,SINGLE_DEPTH,1,1,1,0,169.5,0,201300006,42,43.54167,-76.61861
LAKE ONTARIO,71,2013-08-28 22:22:00,2013,Summer,"Phosphorus, soluble reactive",1838,SRP-P-F,SOLUBLE REACTIVE PHOSPHOROUS,0.00125,TRAPEZOIDAL_DEPTH_AVERAGE,2,1,10,9,12.4,0.725806451613,201300006,43,43.47750,-76.52639
LAKE ONTARIO,72,2013-08-28 23:35:00,2013,Summer,"Phosphorus, soluble reactive",1838,SRP-P-F,SOLUBLE REACTIVE PHOSPHOROUS,0.0002,SINGLE_DEPTH,1,1,1,0,109.3,0,201300006,44,43.54972,-76.52500
LAKE ONTARIO,725,2013-09-04 00:42:00,2013,Summer,"Phosphorus, soluble reactive",1838,SRP-P-F,SOLUBLE REACTIVE PHOSPHOROUS,0.0024,TRAPEZOIDAL_DEPTH_AVERAGE,2,1,7,6,9.4,0.63829787234,201300006,72,43.63806,-79.36167
LAKE ONTARIO,726,2013-09-04 00:08:00,2013,Summer,"Phosphorus, soluble reactive",1838,SRP-P-F,SOLUBLE REACTIVE PHOSPHOROUS,0.0011,SINGLE_DEPTH,1,1,1,0,12,0,201300006,71,43.63167,-79.37833
LAKE ONTARIO,73,2013-08-29 01:01:00,2013,Summer,"Phosphorus, soluble reactive",1838,SRP-P-F,SOLUBLE REACTIVE PHOSPHOROUS,0.00065,SINGLE_DEPTH,1,1,1,0,39,0,201300006,45,43.63278,-76.28778
LAKE ONTARIO,74,2013-08-29 02:41:00,2013,Summer,"Phosphorus, soluble reactive",1838,SRP-P-F,SOLUBLE REACTIVE PHOSPHOROUS,0.000433846153846,TRAPEZOIDAL_DEPTH_AVERAGE,6,1,66,65,68.2,0.953079178886,201300006,46,43.74944,-76.51778
LAKE ONTARIO,75,2013-08-29 04:50:00,2013,Summer,"Phosphorus, soluble reactive",1838,SRP-P-F,SOLUBLE REACTIVE PHOSPHOROUS,0.0002,SINGLE_DEPTH,1,1,1,0,29.8,0,201300006,47,43.84306,-76.35500
LAKE ONTARIO,76,2013-08-29 06:33:00,2013,Summer,"Phosphorus, soluble reactive",1838,SRP-P-F,SOLUBLE REACTIVE PHOSPHOROUS,0.0002,SINGLE_DEPTH,1,1,1,0,19.2,0,201300006,49,43.94972,-76.17472
LAKE ONTARIO,77,2013-08-29 07:57:00,2013,Summer,"Phosphorus, soluble reactive",1838,SRP-P-F,SOLUBLE REACTIVE PHOSPHOROUS,0.000474774549098,TRAPEZOIDAL_DEPTH_AVERAGE,3,1,999,998,28,35.6428571429,201300006,50,43.95667,-76.40833
LAKE ONTARIO,79,2013-08-29 09:16:00,2013,Summer,"Phosphorus, soluble reactive",1838,SRP-P-F,SOLUBLE REACTIVE PHOSPHOROUS,0.0003,SINGLE_DEPTH,1,1,1,0,20.9,0,201300006,51,44.07528,-76.52111
LAKE ONTARIO,8,2013-09-03 22:16:00,2013,Summer,"Phosphorus, soluble reactive",1838,SRP-P-F,SOLUBLE REACTIVE PHOSPHOROUS,0.000450375751503,TRAPEZOIDAL_DEPTH_AVERAGE,7,1,999,998,15,66.5333333333,201300006,70,43.62306,-79.45250
LAKE ONTARIO,80,2013-08-29 10:13:00,2013,Summer,"Phosphorus, soluble reactive",1838,SRP-P-F,SOLUBLE REACTIVE PHOSPHOROUS,0.0003,SINGLE_DEPTH,1,1,1,0,21.8,0,201300006,52,44.14139,-76.60972
LAKE ONTARIO,81,2013-08-29 14:37:00,2013,Summer,"Phosphorus, soluble reactive",1838,SRP-P-F,SOLUBLE REACTIVE PHOSPHOROUS,0.000462878787879,TRAPEZOIDAL_DEPTH_AVERAGE,5,1,34,33,36.3,0.909090909091,201300006,55,44.01694,-76.67250
LAKE ONTARIO,82,2013-08-29 13:26:00,2013,Summer,"Phosphorus, soluble reactive",1838,SRP-P-F,SOLUBLE REACTIVE PHOSPHOROUS,0.0003,SINGLE_DEPTH,1,1,1,0,27.3,0,201300006,54,44.06722,-76.81167
LAKE ONTARIO,84,2013-08-29 16:29:00,2013,Summer,"Phosphorus, soluble reactive",1838,SRP-P-F,SOLUBLE REACTIVE PHOSPHOROUS,0.0002,SINGLE_DEPTH,1,1,1,0,36.5,0,201300006,56,43.88694,-76.73389
LAKE ONTARIO,85,2013-09-04 06:50:00,2013,Summer,"Phosphorus, soluble reactive",1838,SRP-P-F,SOLUBLE REACTIVE PHOSPHOROUS,0.000304761904762,TRAPEZOIDAL_DEPTH_AVERAGE,6,1,43,42,45.1,0.931263858093,201300006,77,43.75000,-79.08222
LAKE ONTARIO,86,2013-08-27 03:34:00,2013,Summer,"Phosphorus, soluble reactive",1838,SRP-P-F,SOLUBLE REACTIVE PHOSPHOROUS,0.00035,TRAPEZOIDAL_DEPTH_AVERAGE,2,1,10.4,9.4,12.4,0.758064516129,201300006,9,43.25500,-79.19472
LAKE ONTARIO,9,2013-09-03 21:44:00,2013,Summer,"Phosphorus, soluble reactive",1838,SRP-P-F,SOLUBLE REACTIVE PHOSPHOROUS,0.0002,SINGLE_DEPTH,1,1,1,0,60.2,0,201300006,69,43.58611,-79.39389
LAKE ONTARIO,90,2013-08-29 12:10:00,2013,Summer,"Phosphorus, soluble reactive",1838,SRP-P-F,SOLUBLE REACTIVE PHOSPHOROUS,0.0013202247191,TRAPEZOIDAL_DEPTH_AVERAGE,6,1,45.5,44.5,47.5,0.936842105263,201300006,53,44.13583,-76.82472
LAKE ONTARIO,909,2013-09-05 13:39:00,2013,Summer,"Phosphorus, soluble reactive",1838,SRP-P-F,SOLUBLE REACTIVE PHOSPHOROUS,0.00185,SINGLE_DEPTH,1,1,1,0,12.3,0,201300006,85,43.28056,-79.87306
LAKE ONTARIO,91,2013-09-04 12:52:00,2013,Summer,"Phosphorus, soluble reactive",1838,SRP-P-F,SOLUBLE REACTIVE PHOSPHOROUS,0.0004,SINGLE_DEPTH,1,1,1,0,23.5,0,201300006,82,43.91972,-78.30639
LAKE ONTARIO,918,2013-09-05 15:17:00,2013,Summer,"Phosphorus, soluble reactive",1838,SRP-P-F,SOLUBLE REACTIVE PHOSPHOROUS,0.0036,SINGLE_DEPTH,1,1,1,0,21.6,0,201300006,88,43.28556,-79.79417
LAKE ONTARIO,926,2013-09-05 14:38:00,2013,Summer,"Phosphorus, soluble reactive",1838,SRP-P-F,SOLUBLE REACTIVE PHOSPHOROUS,0.002475,TRAPEZOIDAL_DEPTH_AVERAGE,4,1,10,9,12.1,0.743801652893,201300006,87,43.30389,-79.81500
LAKE ONTARIO,93,2013-08-27 17:06:00,2013,Summer,"Phosphorus, soluble reactive",1838,SRP-P-F,SOLUBLE REACTIVE PHOSPHOROUS,0.0002,SINGLE_DEPTH,1,1,1,0,18.2,0,201300006,21,43.32667,-78.86806
LAKE ONTARIO,94,2013-08-28 14:46:00,2013,Summer,"Phosphorus, soluble reactive",1838,SRP-P-F,SOLUBLE REACTIVE PHOSPHOROUS,0.0003,SINGLE_DEPTH,1,1,1,0,54.6,0,201300006,36,43.32500,-77.21667
LAKE ONTARIO,95,2013-08-28 16:20:00,2013,Summer,"Phosphorus, soluble reactive",1838,SRP-P-F,SOLUBLE REACTIVE PHOSPHOROUS,0.000207746478873,TRAPEZOIDAL_DEPTH_AVERAGE,5,1,36.5,35.5,38.8,0.914948453608,201300006,37,43.31333,-77.00056
LAKE ONTARIO,96,2013-08-26 20:20:00,2013,Summer,"Phosphorus, soluble reactive",1838,SRP-P-F,SOLUBLE REACTIVE PHOSPHOROUS,0.0005,SINGLE_DEPTH,1,1,1,0,20,0,201300006,4,43.22278,-79.44583
LAKE ONTARIO,98,2013-08-29 05:56:00,2013,Summer,"Phosphorus, soluble reactive",1838,SRP-P-F,SOLUBLE REACTIVE PHOSPHOROUS,0.0011625,TRAPEZOIDAL_DEPTH_AVERAGE,3,1,21,20,23.2,0.862068965517,201300006,48,43.93444,-76.23194
LAKE ONTARIO,1,2015-07-27 21:29:00,2015,Summer,"Phosphorus, soluble reactive",1838,SRP-P-F,SOLUBLE REACTIVE PHOSPHOROUS,0.0002,SINGLE_DEPTH,1,1,1,0,25.91,0,201500003,1,43.31222,-79.75222
LAKE ONTARIO,10,2015-07-28 06:58:00,2015,Summer,"Phosphorus, soluble reactive",1838,SRP-P-F,SOLUBLE REACTIVE PHOSPHOROUS,0.0002,SINGLE_DEPTH,1,1,1,0,11.14,0,201500003,11,43.66833,-79.26750
LAKE ONTARIO,1001,2015-07-31 15:19:00,2015,Summer,"Phosphorus, soluble reactive",1838,SRP-P-F,SOLUBLE REACTIVE PHOSPHOROUS,0.0007,SINGLE_DEPTH,1,1,1,0,23.35,0,201500003,68,43.28722,-79.84167
LAKE ONTARIO,11,2015-07-28 05:59:00,2015,Summer,"Phosphorus, soluble reactive",1838,SRP-P-F,SOLUBLE REACTIVE PHOSPHOROUS,0.0003,TRAPEZOIDAL_DEPTH_AVERAGE,3,1,999,998,92.61,10.7763740417,201500003,10,43.58333,-79.31083
LAKE ONTARIO,12,2015-07-28 02:55:00,2015,Summer,"Phosphorus, soluble reactive",1838,SRP-P-F,SOLUBLE REACTIVE PHOSPHOROUS,0.0002,SINGLE_DEPTH,1,1,1,0,104.97,0,201500003,7,43.50278,-79.35306
LAKE ONTARIO,13,2015-07-31 10:58:00,2015,Summer,"Phosphorus, soluble reactive",1838,SRP-P-F,SOLUBLE REACTIVE PHOSPHOROUS,0.000881553398058,TRAPEZOIDAL_DEPTH_AVERAGE,6,1,104,103,105.96,0.972064930162,201500003,65,43.41667,-79.40361
LAKE ONTARIO,17,2015-07-31 08:18:00,2015,Summer,"Phosphorus, soluble reactive",1838,SRP-P-F,SOLUBLE REACTIVE PHOSPHOROUS,0.00045,TRAPEZOIDAL_DEPTH_AVERAGE,2,1,12,11,14.08,0.78125,201500003,62,43.22583,-79.27111
LAKE ONTARIO,18,2015-07-31 09:11:00,2015,Summer,"Phosphorus, soluble reactive",1838,SRP-P-F,SOLUBLE REACTIVE PHOSPHOROUS,0.0006,SINGLE_DEPTH,1,1,1,0,85.59,0,201500003,63,43.30306,-79.27694
LAKE ONTARIO,19,2015-07-31 10:03:00,2015,Summer,"Phosphorus, soluble reactive",1838,SRP-P-F,SOLUBLE REACTIVE PHOSPHOROUS,0.0004,SINGLE_DEPTH,1,1,1,0,106.32,0,201500003,64,43.38306,-79.28556
LAKE ONTARIO,2,2015-07-27 22:15:00,2015,Summer,"Phosphorus, soluble reactive",1838,SRP-P-F,SOLUBLE REACTIVE PHOSPHOROUS,0.0002,SINGLE_DEPTH,1,1,1,0,59.21,0,201500003,2,43.33917,-79.66556
LAKE ONTARIO,21,2015-07-31 07:06:00,2015,Summer,"Phosphorus, soluble reactive",1838,SRP-P-F,SOLUBLE REACTIVE PHOSPHOROUS,0.0004,SINGLE_DEPTH,1,1,1,0,13.82,0,201500003,61,43.30028,-79.12028
LAKE ONTARIO,22,2015-07-31 06:05:00,2015,Summer,"Phosphorus, soluble reactive",1838,SRP-P-F,SOLUBLE REACTIVE PHOSPHOROUS,0.00183672344689,TRAPEZOIDAL_DEPTH_AVERAGE,4,1,999,998,12.74,78.3359497645,201500003,60,43.29667,-79.00333
LAKE ONTARIO,25,2015-07-28 11:38:00,2015,Summer,"Phosphorus, soluble reactive",1838,SRP-P-F,SOLUBLE REACTIVE PHOSPHOROUS,0.00075,SINGLE_DEPTH,1,1,1,0,136.07,0,201500003,15,43.51722,-79.08083
LAKE ONTARIO,26,2015-07-28 10:41:00,2015,Summer,"Phosphorus, soluble reactive",1838,SRP-P-F,SOLUBLE REACTIVE PHOSPHOROUS,0.0002,SINGLE_DEPTH,1,1,1,0,120.85,0,201500003,14,43.60083,-79.01528
LAKE ONTARIO,27,2015-07-28 09:39:00,2015,Summer,"Phosphorus, soluble reactive",1838,SRP-P-F,SOLUBLE REACTIVE PHOSPHOROUS,0.0002,SINGLE_DEPTH,1,1,1,0,99.13,0,201500003,13,43.70306,-78.95722
LAKE ONTARIO,28,2015-07-28 15:17:00,2015,Summer,"Phosphorus, soluble reactive",1838,SRP-P-F,SOLUBLE REACTIVE PHOSPHOROUS,0.0002,SINGLE_DEPTH,1,1,1,0,62.77,0,201500003,17,43.77472,-78.85500
LAKE ONTARIO,29,2015-07-28 15:58:00,2015,Summer,"Phosphorus, soluble reactive",1838,SRP-P-F,SOLUBLE REACTIVE PHOSPHOROUS,0.0003,SINGLE_DEPTH,1,1,1,0,22.7,0,201500003,18,43.82972,-78.87111
LAKE ONTARIO,3,2015-07-31 13:17:00,2015,Summer,"Phosphorus, soluble reactive",1838,SRP-P-F,SOLUBLE REACTIVE PHOSPHOROUS,0.000568181818182,TRAPEZOIDAL_DEPTH_AVERAGE,5,1,23,22,25.45,0.864440078585,201500003,66,43.26833,-79.62194
LAKE ONTARIO,30,2015-07-28 17:09:00,2015,Summer,"Phosphorus, soluble reactive",1838,SRP-P-F,SOLUBLE REACTIVE PHOSPHOROUS,0.0002,SINGLE_DEPTH,1,1,1,0,42.23,0,201500003,19,43.82972,-78.66444
LAKE ONTARIO,31,2015-07-28 19:27:00,2015,Summer,"Phosphorus, soluble reactive",1838,SRP-P-F,SOLUBLE REACTIVE PHOSPHOROUS,0.00025,TRAPEZOIDAL_DEPTH_AVERAGE,2,1,17,16,19.24,0.831600831601,201500003,21,43.88667,-78.46111
LAKE ONTARIO,32,2015-07-28 18:29:00,2015,Summer,"Phosphorus, soluble reactive",1838,SRP-P-F,SOLUBLE REACTIVE PHOSPHOROUS,0.000300400801603,TRAPEZOIDAL_DEPTH_AVERAGE,3,1,999,998,76.17,13.1022712354,201500003,20,43.78194,-78.43806
LAKE ONTARIO,33,2015-07-28 13:25:00,2015,Summer,"Phosphorus, soluble reactive",1838,SRP-P-F,SOLUBLE REACTIVE PHOSPHOROUS,0.0002156133829,TRAPEZOIDAL_DEPTH_AVERAGE,6,1,135.5,134.5,137.41,0.978822502001,201500003,16,43.59694,-78.80250
LAKE ONTARIO,35,2015-07-31 04:22:00,2015,Summer,"Phosphorus, soluble reactive",1838,SRP-P-F,SOLUBLE REACTIVE PHOSPHOROUS,0.0005,SINGLE_DEPTH,1,1,1,0,26.44,0,201500003,59,43.36000,-78.73028
LAKE ONTARIO,37,2015-07-31 02:07:00,2015,Summer,"Phosphorus, soluble reactive",1838,SRP-P-F,SOLUBLE REACTIVE PHOSPHOROUS,0.000478571428571,TRAPEZOIDAL_DEPTH_AVERAGE,3,1,22,21,24.11,0.871007880547,201500003,58,43.39306,-78.37000
LAKE ONTARIO,40,2015-07-30 22:45:00,2015,Summer,"Phosphorus, soluble reactive",1838,SRP-P-F,SOLUBLE REACTIVE PHOSPHOROUS,0.000426388888889,TRAPEZOIDAL_DEPTH_AVERAGE,6,1,181,180,183,0.983606557377,201500003,57,43.58694,-78.01556
LAKE ONTARIO,41,2015-07-29 00:29:00,2015,Summer,"Phosphorus, soluble reactive",1838,SRP-P-F,SOLUBLE REACTIVE PHOSPHOROUS,0.0002,TRAPEZOIDAL_DEPTH_AVERAGE,6,1,127,126,129.08,0.976138828633,201500003,25,43.71667,-78.02556
LAKE ONTARIO,42,2015-07-28 23:00:00,2015,Summer,"Phosphorus, soluble reactive",1838,SRP-P-F,SOLUBLE REACTIVE PHOSPHOROUS,0.0005,SINGLE_DEPTH,1,1,1,0,67.32,0,201500003,24,43.83889,-78.03861
LAKE ONTARIO,43,2015-07-28 21:59:00,2015,Summer,"Phosphorus, soluble reactive",1838,SRP-P-F,SOLUBLE REACTIVE PHOSPHOROUS,0.0002,SINGLE_DEPTH,1,1,1,0,18.6,0,201500003,23,43.94972,-78.05139
LAKE ONTARIO,45,2015-07-29 02:49:00,2015,Summer,"Phosphorus, soluble reactive",1838,SRP-P-F,SOLUBLE REACTIVE PHOSPHOROUS,0.0003,SINGLE_DEPTH,1,1,1,0,80.58,0,201500003,26,43.81944,-77.78472
LAKE ONTARIO,46,2015-07-29 03:44:00,2015,Summer,"Phosphorus, soluble reactive",1838,SRP-P-F,SOLUBLE REACTIVE PHOSPHOROUS,0.0002,SINGLE_DEPTH,1,1,1,0,48.88,0,201500003,27,43.88500,-77.69028
LAKE ONTARIO,47,2015-07-29 04:41:00,2015,Summer,"Phosphorus, soluble reactive",1838,SRP-P-F,SOLUBLE REACTIVE PHOSPHOROUS,0.0002,SINGLE_DEPTH,1,1,1,0,17.91,0,201500003,28,43.95167,-77.58806
LAKE ONTARIO,49,2015-07-29 06:40:00,2015,Summer,"Phosphorus, soluble reactive",1838,SRP-P-F,SOLUBLE REACTIVE PHOSPHOROUS,0.0002,SINGLE_DEPTH,1,1,1,0,48.67,0,201500003,29,43.77194,-77.43806
LAKE ONTARIO,5,2015-07-27 23:09:00,2015,Summer,"Phosphorus, soluble reactive",1838,SRP-P-F,SOLUBLE REACTIVE PHOSPHOROUS,0.0002,SINGLE_DEPTH,1,1,1,0,22.51,0,201500003,3,43.42556,-79.65778
LAKE ONTARIO,53,2015-07-30 20:14:00,2015,Summer,"Phosphorus, soluble reactive",1838,SRP-P-F,SOLUBLE REACTIVE PHOSPHOROUS,0.0003,SINGLE_DEPTH,1,1,1,0,19.06,0,201500003,56,43.34889,-77.71222
LAKE ONTARIO,57,2015-07-30 18:56:00,2015,Summer,"Phosphorus, soluble reactive",1838,SRP-P-F,SOLUBLE REACTIVE PHOSPHOROUS,0.000425,TRAPEZOIDAL_DEPTH_AVERAGE,2,1,11.5,10.5,12.82,0.81903276131,201500003,55,43.27472,-77.59083
LAKE ONTARIO,6,2015-07-28 00:03:00,2015,Summer,"Phosphorus, soluble reactive",1838,SRP-P-F,SOLUBLE REACTIVE PHOSPHOROUS,0.0006,SINGLE_DEPTH,1,1,1,0,66.75,0,201500003,4,43.46694,-79.53028
LAKE ONTARIO,60,2015-07-29 10:25:00,2015,Summer,"Phosphorus, soluble reactive",1838,SRP-P-F,SOLUBLE REACTIVE PHOSPHOROUS,0.000385,TRAPEZOIDAL_DEPTH_AVERAGE,5,1,151,150,153.08,0.979879801411,201500003,31,43.58000,-77.19944
LAKE ONTARIO,61,2015-07-29 08:18:00,2015,Summer,"Phosphorus, soluble reactive",1838,SRP-P-F,SOLUBLE REACTIVE PHOSPHOROUS,0.000392985971944,TRAPEZOIDAL_DEPTH_AVERAGE,7,1,999,998,52.49,19.013145361,201500003,30,43.78667,-77.15750
LAKE ONTARIO,62,2015-07-29 13:58:00,2015,Summer,"Phosphorus, soluble reactive",1838,SRP-P-F,SOLUBLE REACTIVE PHOSPHOROUS,0.0002,SINGLE_DEPTH,1,1,1,0,10.3,0,201500003,33,43.87944,-77.00000
LAKE ONTARIO,63,2015-07-29 12:42:00,2015,Summer,"Phosphorus, soluble reactive",1838,SRP-P-F,SOLUBLE REACTIVE PHOSPHOROUS,0.0002,SINGLE_DEPTH,1,1,1,0,87.3,0,201500003,32,43.73167,-77.01750
LAKE ONTARIO,66,2015-07-30 14:11:00,2015,Summer,"Phosphorus, soluble reactive",1838,SRP-P-F,SOLUBLE REACTIVE PHOSPHOROUS,0.0004,SINGLE_DEPTH,1,1,1,0,17.89,0,201500003,52,43.33278,-76.83889
LAKE ONTARIO,67,2015-07-30 13:18:00,2015,Summer,"Phosphorus, soluble reactive",1838,SRP-P-F,SOLUBLE REACTIVE PHOSPHOROUS,0.0004,SINGLE_DEPTH,1,1,1,0,70.82,0,201500003,51,43.40861,-76.79528
LAKE ONTARIO,68,2015-07-30 12:03:00,2015,Summer,"Phosphorus, soluble reactive",1838,SRP-P-F,SOLUBLE REACTIVE PHOSPHOROUS,0.000425075150301,TRAPEZOIDAL_DEPTH_AVERAGE,3,1,999,998,190.74,5.23225332914,201500003,50,43.53000,-76.73056
LAKE ONTARIO,69,2015-07-30 11:02:00,2015,Summer,"Phosphorus, soluble reactive",1838,SRP-P-F,SOLUBLE REACTIVE PHOSPHOROUS,0.0005,SINGLE_DEPTH,1,1,1,0,186.21,0,201500003,49,43.60611,-76.71333
LAKE ONTARIO,70,2015-07-30 09:56:00,2015,Summer,"Phosphorus, soluble reactive",1838,SRP-P-F,SOLUBLE REACTIVE PHOSPHOROUS,0.0005,SINGLE_DEPTH,1,1,1,0,168.49,0,201500003,48,43.54167,-76.61889
LAKE ONTARIO,71,2015-07-30 08:55:00,2015,Summer,"Phosphorus, soluble reactive",1838,SRP-P-F,SOLUBLE REACTIVE PHOSPHOROUS,0.001,TRAPEZOIDAL_DEPTH_AVERAGE,2,1,10,9,11.86,0.758853288364,201500003,47,43.47750,-76.52778
LAKE ONTARIO,72,2015-07-30 07:54:00,2015,Summer,"Phosphorus, soluble reactive",1838,SRP-P-F,SOLUBLE REACTIVE PHOSPHOROUS,0.0004,SINGLE_DEPTH,1,1,1,0,108.73,0,201500003,46,43.55028,-76.52444
LAKE ONTARIO,725,2015-07-28 04:44:00,2015,Summer,"Phosphorus, soluble reactive",1838,SRP-P-F,SOLUBLE REACTIVE PHOSPHOROUS,0.0002,TRAPEZOIDAL_DEPTH_AVERAGE,2,1,7,6,8.85,0.677966101695,201500003,9,43.63639,-79.36583
LAKE ONTARIO,726,2015-07-28 04:20:00,2015,Summer,"Phosphorus, soluble reactive",1838,SRP-P-F,SOLUBLE REACTIVE PHOSPHOROUS,0.0002,SINGLE_DEPTH,1,1,1,0,11.95,0,201500003,8,43.63139,-79.37917
LAKE ONTARIO,73,2015-07-30 06:18:00,2015,Summer,"Phosphorus, soluble reactive",1838,SRP-P-F,SOLUBLE REACTIVE PHOSPHOROUS,0.0002,SINGLE_DEPTH,1,1,1,0,39.55,0,201500003,45,43.63000,-76.28778
LAKE ONTARIO,74,2015-07-30 04:02:00,2015,Summer,"Phosphorus, soluble reactive",1838,SRP-P-F,SOLUBLE REACTIVE PHOSPHOROUS,0.000352272727273,TRAPEZOIDAL_DEPTH_AVERAGE,5,1,56,55,66.32,0.829312424608,201500003,44,43.75028,-76.51806
LAKE ONTARIO,75,2015-07-30 02:47:00,2015,Summer,"Phosphorus, soluble reactive",1838,SRP-P-F,SOLUBLE REACTIVE PHOSPHOROUS,0.0002,SINGLE_DEPTH,1,1,1,0,28.86,0,201500003,43,43.84389,-76.35389
LAKE ONTARIO,76,2015-07-30 01:24:00,2015,Summer,"Phosphorus, soluble reactive",1838,SRP-P-F,SOLUBLE REACTIVE PHOSPHOROUS,0.0005,SINGLE_DEPTH,1,1,1,0,19.48,0,201500003,42,43.95000,-76.17556
LAKE ONTARIO,77,2015-07-29 23:23:00,2015,Summer,"Phosphorus, soluble reactive",1838,SRP-P-F,SOLUBLE REACTIVE PHOSPHOROUS,0.0002,TRAPEZOIDAL_DEPTH_AVERAGE,3,1,999,998,28.24,35.3399433428,201500003,40,43.95639,-76.40833
LAKE ONTARIO,79,2015-07-29 22:03:00,2015,Summer,"Phosphorus, soluble reactive",1838,SRP-P-F,SOLUBLE REACTIVE PHOSPHOROUS,0.0002,SINGLE_DEPTH,1,1,1,0,22.92,0,201500003,39,44.07472,-76.52000
LAKE ONTARIO,8,2015-07-28 01:22:00,2015,Summer,"Phosphorus, soluble reactive",1838,SRP-P-F,SOLUBLE REACTIVE PHOSPHOROUS,0.0002,TRAPEZOIDAL_DEPTH_AVERAGE,2,1,13,12,14.92,0.804289544236,201500003,5,43.62361,-79.45444
LAKE ONTARIO,80,2015-07-29 21:14:00,2015,Summer,"Phosphorus, soluble reactive",1838,SRP-P-F,SOLUBLE REACTIVE PHOSPHOROUS,0.0002,SINGLE_DEPTH,1,1,1,0,22.44,0,201500003,38,44.14083,-76.61028
LAKE ONTARIO,81,2015-07-29 16:45:00,2015,Summer,"Phosphorus, soluble reactive",1838,SRP-P-F,SOLUBLE REACTIVE PHOSPHOROUS,0.0002,TRAPEZOIDAL_DEPTH_AVERAGE,2,1,34.5,33.5,36.69,0.913055328427,201500003,35,44.01694,-76.67222
LAKE ONTARIO,82,2015-07-29 17:56:00,2015,Summer,"Phosphorus, soluble reactive",1838,SRP-P-F,SOLUBLE REACTIVE PHOSPHOROUS,0.0002,SINGLE_DEPTH,1,1,1,0,27.35,0,201500003,36,44.06611,-76.81056
LAKE ONTARIO,84,2015-07-29 15:35:00,2015,Summer,"Phosphorus, soluble reactive",1838,SRP-P-F,SOLUBLE REACTIVE PHOSPHOROUS,0.0003,SINGLE_DEPTH,1,1,1,0,37.19,0,201500003,34,43.88667,-76.73306
LAKE ONTARIO,85,2015-07-28 08:19:00,2015,Summer,"Phosphorus, soluble reactive",1838,SRP-P-F,SOLUBLE REACTIVE PHOSPHOROUS,0.000643023255814,TRAPEZOIDAL_DEPTH_AVERAGE,5,1,44,43,45.81,0.938659681292,201500003,12,43.75056,-79.08444
LAKE ONTARIO,9,2015-07-28 02:06:00,2015,Summer,"Phosphorus, soluble reactive",1838,SRP-P-F,SOLUBLE REACTIVE PHOSPHOROUS,0.0002,SINGLE_DEPTH,1,1,1,0,59.31,0,201500003,6,43.58750,-79.39556
LAKE ONTARIO,90,2015-07-29 18:48:00,2015,Summer,"Phosphorus, soluble reactive",1838,SRP-P-F,SOLUBLE REACTIVE PHOSPHOROUS,0.000412280701754,TRAPEZOIDAL_DEPTH_AVERAGE,4,1,58,57,67.88,0.839717147908,201500003,37,44.13639,-76.82611
LAKE ONTARIO,909,2015-07-31 15:43:00,2015,Summer,"Phosphorus, soluble reactive",1838,SRP-P-F,SOLUBLE REACTIVE PHOSPHOROUS,0.0007,SINGLE_DEPTH,1,1,1,0,13,0,201500003,69,43.28056,-79.87167
LAKE ONTARIO,91,2015-07-28 20:34:00,2015,Summer,"Phosphorus, soluble reactive",1838,SRP-P-F,SOLUBLE REACTIVE PHOSPHOROUS,0.0002,SINGLE_DEPTH,1,1,1,0,22.46,0,201500003,22,43.92028,-78.30722
LAKE ONTARIO,918,2015-07-31 14:52:00,2015,Summer,"Phosphorus, soluble reactive",1838,SRP-P-F,SOLUBLE REACTIVE PHOSPHOROUS,0.0007,SINGLE_DEPTH,1,1,1,0,22.21,0,201500003,67,43.28639,-79.79417
LAKE ONTARIO,926,2015-07-31 16:18:00,2015,Summer,"Phosphorus, soluble reactive",1838,SRP-P-F,SOLUBLE REACTIVE PHOSPHOROUS,0.00079879759519,TRAPEZOIDAL_DEPTH_AVERAGE,4,1,999,998,11.9,83.8655462185,201500003,70,43.30500,-79.81472
LAKE ONTARIO,94,2015-07-30 16:50:00,2015,Summer,"Phosphorus, soluble reactive",1838,SRP-P-F,SOLUBLE REACTIVE PHOSPHOROUS,0.0004,SINGLE_DEPTH,1,1,1,0,53.9,0,201500003,54,43.32472,-77.21528
LAKE ONTARIO,95,2015-07-30 15:12:00,2015,Summer,"Phosphorus, soluble reactive",1838,SRP-P-F,SOLUBLE REACTIVE PHOSPHOROUS,0.000707142857143,TRAPEZOIDAL_DEPTH_AVERAGE,5,1,36,35,38.71,0.904159132007,201500003,53,43.31333,-76.99889
LAKE ONTARIO,98,2015-07-30 00:42:00,2015,Summer,"Phosphorus, soluble reactive",1838,SRP-P-F,SOLUBLE REACTIVE PHOSPHOROUS,0.000273684210526,TRAPEZOIDAL_DEPTH_AVERAGE,3,1,20,19,22.37,0.84935181046,201500003,41,43.93556,-76.23250
LAKE ONTARIO,12,2018-05-24 11:58:00,2018,Spring,"Phosphorus, soluble reactive",1838,SRP-P-F,SOLUBLE REACTIVE PHOSPHOROUS,0.001,SINGLE_DEPTH,1,58,58,0,107,0,201800501,3,43.50333,-79.35333
LAKE ONTARIO,17,2018-05-24 15:35:00,2018,Spring,"Phosphorus, soluble reactive",1838,SRP-P-F,SOLUBLE REACTIVE PHOSPHOROUS,0.0003,SINGLE_DEPTH,1,998,998,0,13.3,0,201800501,6,43.22500,-79.27167
LAKE ONTARIO,18,2018-05-24 14:26:00,2018,Spring,"Phosphorus, soluble reactive",1838,SRP-P-F,SOLUBLE REACTIVE PHOSPHOROUS,0.0009,SINGLE_DEPTH,1,58,58,0,87.7,0,201800501,5,43.30333,-79.27833
LAKE ONTARIO,19,2018-05-24 13:20:00,2018,Spring,"Phosphorus, soluble reactive",1838,SRP-P-F,SOLUBLE REACTIVE PHOSPHOROUS,0.0006,SINGLE_DEPTH,1,58,58,0,110,0,201800501,4,43.38333,-79.28500
LAKE ONTARIO,9,2018-05-24 10:58:00,2018,Spring,"Phosphorus, soluble reactive",1838,SRP-P-F,SOLUBLE REACTIVE PHOSPHOROUS,0.0016,SINGLE_DEPTH,1,58,58,0,61,0,201800501,2,43.58667,-79.39500
LAKE ONTARIO,12,2022-08-12 19:54:00,2022,Summer,"Phosphorus, soluble reactive",1838,SRP-P-F,SOLUBLE REACTIVE PHOSPHOROUS,0.000875726452906,TRAPEZOIDAL_DEPTH_AVERAGE,7,1,999,998,104.5,9.55023923445,202200002,15,43.50306,-79.35250
LAKE ONTARIO,17,2022-08-10 20:31:00,2022,Summer,"Phosphorus, soluble reactive",1838,SRP-P-F,SOLUBLE REACTIVE PHOSPHOROUS,0.00025,TRAPEZOIDAL_DEPTH_AVERAGE,2,1,11,10,13,0.769230769231,202200002,2,43.22472,-79.27194
LAKE ONTARIO,22,2022-08-10 23:04:00,2022,Summer,"Phosphorus, soluble reactive",1838,SRP-P-F,SOLUBLE REACTIVE PHOSPHOROUS,0.00025,TRAPEZOIDAL_DEPTH_AVERAGE,2,1,10,9,12.8,0.703125,202200002,3,43.29611,-79.00528
LAKE ONTARIO,26,2022-08-12 16:56:00,2022,Summer,"Phosphorus, soluble reactive",1838,SRP-P-F,SOLUBLE REACTIVE PHOSPHOROUS,0.000770689655172,TRAPEZOIDAL_DEPTH_AVERAGE,6,1,117,116,119,0.974789915966,202200002,14,43.60833,-79.01528
LAKE ONTARIO,3,2022-08-10 17:23:00,2022,Summer,"Phosphorus, soluble reactive",1838,SRP-P-F,SOLUBLE REACTIVE PHOSPHOROUS,0.00100975609756,TRAPEZOIDAL_DEPTH_AVERAGE,5,1,21.5,20.5,23.5,0.872340425532,202200002,1,43.26806,-79.61944
LAKE ONTARIO,33,2022-08-11 02:03:00,2022,Summer,"Phosphorus, soluble reactive",1838,SRP-P-F,SOLUBLE REACTIVE PHOSPHOROUS,0.00137406716418,TRAPEZOIDAL_DEPTH_AVERAGE,6,1,135,134,137,0.978102189781,202200002,4,43.59889,-78.80139
LAKE ONTARIO,38,2022-08-11 09:50:00,2022,Summer,"Phosphorus, soluble reactive",1838,SRP-P-F,SOLUBLE REACTIVE PHOSPHOROUS,0.0002,TRAPEZOIDAL_DEPTH_AVERAGE,3,1,16.5,15.5,18.5,0.837837837838,202200002,6,43.38361,-77.99028
LAKE ONTARIO,40,2022-08-11 07:15:00,2022,Summer,"Phosphorus, soluble reactive",1838,SRP-P-F,SOLUBLE REACTIVE PHOSPHOROUS,0.00219614228457,TRAPEZOIDAL_DEPTH_AVERAGE,8,1,999,998,182,5.48351648352,202200002,5,43.59000,-78.01028
LAKE ONTARIO,41,2022-08-12 10:00:00,2022,Summer,"Phosphorus, soluble reactive",1838,SRP-P-F,SOLUBLE REACTIVE PHOSPHOROUS,0.000918951612903,TRAPEZOIDAL_DEPTH_AVERAGE,6,1,125,124,128,0.96875,202200002,13,43.71778,-78.02806
LAKE ONTARIO,57,2022-08-11 12:40:00,2022,Summer,"Phosphorus, soluble reactive",1838,SRP-P-F,SOLUBLE REACTIVE PHOSPHOROUS,0.0002,TRAPEZOIDAL_DEPTH_AVERAGE,2,1,11,10,13,0.769230769231,202200002,7,43.27444,-77.59056
LAKE ONTARIO,61,2022-08-12 04:53:00,2022,Summer,"Phosphorus, soluble reactive",1838,SRP-P-F,SOLUBLE REACTIVE PHOSPHOROUS,0.000543,TRAPEZOIDAL_DEPTH_AVERAGE,6,1,51,50,53,0.943396226415,202200002,12,43.78667,-77.15806
LAKE ONTARIO,64,2022-08-11 17:24:00,2022,Summer,"Phosphorus, soluble reactive",1838,SRP-P-F,SOLUBLE REACTIVE PHOSPHOROUS,0.00157432432432,TRAPEZOIDAL_DEPTH_AVERAGE,6,1,223,222,225,0.986666666667,202200002,8,43.52500,-76.92583
LAKE ONTARIO,70,2022-08-11 20:23:00,2022,Summer,"Phosphorus, soluble reactive",1838,SRP-P-F,SOLUBLE REACTIVE PHOSPHOROUS,0.00157872670807,TRAPEZOIDAL_DEPTH_AVERAGE,6,1,162,161,165,0.975757575758,202200002,9,43.54167,-76.61722
LAKE ONTARIO,74,2022-08-11 23:14:00,2022,Summer,"Phosphorus, soluble reactive",1838,SRP-P-F,SOLUBLE REACTIVE PHOSPHOROUS,0.000935671342685,TRAPEZOIDAL_DEPTH_AVERAGE,8,1,999,998,67,14.8955223881,202200002,10,43.74972,-76.51750
LAKE ONTARIO,84,2022-08-12 01:42:00,2022,Summer,"Phosphorus, soluble reactive",1838,SRP-P-F,SOLUBLE REACTIVE PHOSPHOROUS,0.000489705882353,TRAPEZOIDAL_DEPTH_AVERAGE,5,1,35,34,37,0.918918918919,202200002,11,43.88583,-76.73306
LAKE ONTARIO,1,2025-08-16 23:59:00,2025,Summer,"Phosphorus, soluble reactive",1838,SRP-P-F,SOLUBLE REACTIVE PHOSPHOROUS,0.0006,SINGLE_DEPTH,1,1,1,0,26.2,0,202500002,94,43.31333,-79.75139
LAKE ONTARIO,10,2025-08-16 10:48:00,2025,Summer,"Phosphorus, soluble reactive",1838,SRP-P-F,SOLUBLE REACTIVE PHOSPHOROUS,0.0004,SINGLE_DEPTH,1,1,1,0,13,0,202500002,81,43.66611,-79.26361
LAKE ONTARIO,1001,2025-08-17 01:59:00,2025,Summer,"Phosphorus, soluble reactive",1838,SRP-P-F,SOLUBLE REACTIVE PHOSPHOROUS,0.0005,SINGLE_DEPTH,1,1,1,0,23.2,0,202500002,97,43.28667,-79.84222
LAKE ONTARIO,11,2025-08-16 11:47:00,2025,Summer,"Phosphorus, soluble reactive",1838,SRP-P-F,SOLUBLE REACTIVE PHOSPHOROUS,0.0005,SINGLE_DEPTH,1,1,1,0,91,0,202500002,82,43.58472,-79.31111
LAKE ONTARIO,12,2025-08-16 17:39:00,2025,Summer,"Phosphorus, soluble reactive",1838,SRP-P-F,SOLUBLE REACTIVE PHOSPHOROUS,0.0004,SINGLE_DEPTH,1,1,1,0,104.5,0,202500002,88,43.50333,-79.35361
LAKE ONTARIO,13,2025-08-16 18:44:00,2025,Summer,"Phosphorus, soluble reactive",1838,SRP-P-F,SOLUBLE REACTIVE PHOSPHOROUS,0.00125873786408,TRAPEZOIDAL_DEPTH_AVERAGE,6,1,104,103,106.2,0.969868173258,202500002,89,43.41694,-79.39972
LAKE ONTARIO,14,2025-08-16 19:52:00,2025,Summer,"Phosphorus, soluble reactive",1838,SRP-P-F,SOLUBLE REACTIVE PHOSPHOROUS,0.000449749498998,TRAPEZOIDAL_DEPTH_AVERAGE,3,1,999,998,97.5,10.2358974359,202500002,90,43.39333,-79.48667
LAKE ONTARIO,15,2025-08-11 19:07:00,2025,Summer,"Phosphorus, soluble reactive",1838,SRP-P-F,SOLUBLE REACTIVE PHOSPHOROUS,0.0002,SINGLE_DEPTH,1,1,1,0,86.5,0,202500002,2,43.31611,-79.44306
LAKE ONTARIO,16,2025-08-11 21:13:00,2025,Summer,"Phosphorus, soluble reactive",1838,SRP-P-F,SOLUBLE REACTIVE PHOSPHOROUS,0.0002,SINGLE_DEPTH,1,1,1,0,65.5,0,202500002,4,43.27139,-79.35972
LAKE ONTARIO,17,2025-08-12 00:44:00,2025,Summer,"Phosphorus, soluble reactive",1838,SRP-P-F,SOLUBLE REACTIVE PHOSPHOROUS,0.0002,TRAPEZOIDAL_DEPTH_AVERAGE,2,1,11,10,12.9,0.77519379845,202500002,7,43.22472,-79.27139
LAKE ONTARIO,18,2025-08-11 23:42:00,2025,Summer,"Phosphorus, soluble reactive",1838,SRP-P-F,SOLUBLE REACTIVE PHOSPHOROUS,0.0002,SINGLE_DEPTH,1,1,1,0,85.5,0,202500002,6,43.30306,-79.27806
LAKE ONTARIO,19,2025-08-11 22:35:00,2025,Summer,"Phosphorus, soluble reactive",1838,SRP-P-F,SOLUBLE REACTIVE PHOSPHOROUS,0.0011,SINGLE_DEPTH,1,1,1,0,106,0,202500002,5,43.38389,-79.28556
LAKE ONTARIO,2,2025-08-16 23:06:00,2025,Summer,"Phosphorus, soluble reactive",1838,SRP-P-F,SOLUBLE REACTIVE PHOSPHOROUS,0.0004,SINGLE_DEPTH,1,1,1,0,59,0,202500002,93,43.34000,-79.66556
LAKE ONTARIO,20,2025-08-12 03:32:00,2025,Summer,"Phosphorus, soluble reactive",1838,SRP-P-F,SOLUBLE REACTIVE PHOSPHOROUS,0.0002,TRAPEZOIDAL_DEPTH_AVERAGE,3,1,999,998,92.8,10.7543103448,202500002,10,43.33806,-79.19583
LAKE ONTARIO,21,2025-08-12 02:45:00,2025,Summer,"Phosphorus, soluble reactive",1838,SRP-P-F,SOLUBLE REACTIVE PHOSPHOROUS,0.0002,SINGLE_DEPTH,1,1,1,0,13.5,0,202500002,9,43.30056,-79.11972
LAKE ONTARIO,22,2025-08-12 06:57:00,2025,Summer,"Phosphorus, soluble reactive",1838,SRP-P-F,SOLUBLE REACTIVE PHOSPHOROUS,0.0002,TRAPEZOIDAL_DEPTH_AVERAGE,2,1,11,10,13,0.769230769231,202500002,13,43.29667,-79.00500
LAKE ONTARIO,23,2025-08-12 05:51:00,2025,Summer,"Phosphorus, soluble reactive",1838,SRP-P-F,SOLUBLE REACTIVE PHOSPHOROUS,0.0002,SINGLE_DEPTH,1,1,1,0,96,0,202500002,12,43.37000,-79.06639
LAKE ONTARIO,24,2025-08-12 04:45:00,2025,Summer,"Phosphorus, soluble reactive",1838,SRP-P-F,SOLUBLE REACTIVE PHOSPHOROUS,0.0002,SINGLE_DEPTH,1,1,1,0,121.5,0,202500002,11,43.43972,-79.12806
LAKE ONTARIO,25,2025-08-16 08:44:00,2025,Summer,"Phosphorus, soluble reactive",1838,SRP-P-F,SOLUBLE REACTIVE PHOSPHOROUS,0.000449749498998,TRAPEZOIDAL_DEPTH_AVERAGE,3,1,999,998,136,7.33823529412,202500002,80,43.51639,-79.08000
LAKE ONTARIO,26,2025-08-16 07:29:00,2025,Summer,"Phosphorus, soluble reactive",1838,SRP-P-F,SOLUBLE REACTIVE PHOSPHOROUS,0.0005,SINGLE_DEPTH,1,1,1,0,118.5,0,202500002,79,43.60833,-79.01611
LAKE ONTARIO,27,2025-08-16 03:48:00,2025,Summer,"Phosphorus, soluble reactive",1838,SRP-P-F,SOLUBLE REACTIVE PHOSPHOROUS,0.0004,SINGLE_DEPTH,1,1,1,0,98.9,0,202500002,77,43.70361,-78.95722
LAKE ONTARIO,28,2025-08-16 00:58:00,2025,Summer,"Phosphorus, soluble reactive",1838,SRP-P-F,SOLUBLE REACTIVE PHOSPHOROUS,0.0002,SINGLE_DEPTH,1,1,1,0,62.6,0,202500002,75,43.77528,-78.85528
LAKE ONTARIO,29,2025-08-16 00:06:00,2025,Summer,"Phosphorus, soluble reactive",1838,SRP-P-F,SOLUBLE REACTIVE PHOSPHOROUS,0.0003,SINGLE_DEPTH,1,1,1,0,21.5,0,202500002,74,43.83000,-78.87028
LAKE ONTARIO,3,2025-08-11 17:25:00,2025,Summer,"Phosphorus, soluble reactive",1838,SRP-P-F,SOLUBLE REACTIVE PHOSPHOROUS,0.000885714285714,TRAPEZOIDAL_DEPTH_AVERAGE,3,1,22,21,24,0.875,202500002,1,43.26806,-79.61917
LAKE ONTARIO,30,2025-08-15 21:54:00,2025,Summer,"Phosphorus, soluble reactive",1838,SRP-P-F,SOLUBLE REACTIVE PHOSPHOROUS,0.0002,SINGLE_DEPTH,1,1,1,0,43,0,202500002,73,43.83000,-78.66167
LAKE ONTARIO,31,2025-08-15 19:22:00,2025,Summer,"Phosphorus, soluble reactive",1838,SRP-P-F,SOLUBLE REACTIVE PHOSPHOROUS,0.0004,TRAPEZOIDAL_DEPTH_AVERAGE,3,1,17,16,19,0.842105263158,202500002,71,43.88667,-78.46000
LAKE ONTARIO,32,2025-08-15 20:16:00,2025,Summer,"Phosphorus, soluble reactive",1838,SRP-P-F,SOLUBLE REACTIVE PHOSPHOROUS,0.0002,SINGLE_DEPTH,1,1,1,0,76,0,202500002,72,43.78333,-78.43889
LAKE ONTARIO,33,2025-08-16 05:22:00,2025,Summer,"Phosphorus, soluble reactive",1838,SRP-P-F,SOLUBLE REACTIVE PHOSPHOROUS,0.00103111111111,TRAPEZOIDAL_DEPTH_AVERAGE,6,1,136,135,138,0.978260869565,202500002,78,43.59500,-78.80139
LAKE ONTARIO,34,2025-08-12 10:47:00,2025,Summer,"Phosphorus, soluble reactive",1838,SRP-P-F,SOLUBLE REACTIVE PHOSPHOROUS,0.0002,SINGLE_DEPTH,1,1,1,0,136,0,202500002,16,43.46167,-78.76000
LAKE ONTARIO,35,2025-08-12 09:22:00,2025,Summer,"Phosphorus, soluble reactive",1838,SRP-P-F,SOLUBLE REACTIVE PHOSPHOROUS,0.0002,SINGLE_DEPTH,1,1,1,0,26,0,202500002,15,43.36000,-78.72972
LAKE ONTARIO,36,2025-08-12 14:22:00,2025,Summer,"Phosphorus, soluble reactive",1838,SRP-P-F,SOLUBLE REACTIVE PHOSPHOROUS,0.0002,SINGLE_DEPTH,1,1,1,0,160,0,202500002,18,43.49139,-78.38639
LAKE ONTARIO,37,2025-08-12 13:22:00,2025,Summer,"Phosphorus, soluble reactive",1838,SRP-P-F,SOLUBLE REACTIVE PHOSPHOROUS,0.0002,SINGLE_DEPTH,1,1,1,0,22.6,0,202500002,17,43.39167,-78.36972
LAKE ONTARIO,38,2025-08-12 17:05:00,2025,Summer,"Phosphorus, soluble reactive",1838,SRP-P-F,SOLUBLE REACTIVE PHOSPHOROUS,0.0002,TRAPEZOIDAL_DEPTH_AVERAGE,3,1,16.5,15.5,18.5,0.837837837838,202500002,19,43.38306,-77.98972
LAKE ONTARIO,39,2025-08-12 18:25:00,2025,Summer,"Phosphorus, soluble reactive",1838,SRP-P-F,SOLUBLE REACTIVE PHOSPHOROUS,0.0002,TRAPEZOIDAL_DEPTH_AVERAGE,3,1,999,998,154.5,6.45954692557,202500002,20,43.48639,-78.00000
LAKE ONTARIO,40,2025-08-12 19:45:00,2025,Summer,"Phosphorus, soluble reactive",1838,SRP-P-F,SOLUBLE REACTIVE PHOSPHOROUS,0.00324164345404,TRAPEZOIDAL_DEPTH_AVERAGE,6,1,180.5,179.5,182.7,0.982484948002,202500002,21,43.59000,-78.01222
LAKE ONTARIO,41,2025-08-15 13:06:00,2025,Summer,"Phosphorus, soluble reactive",1838,SRP-P-F,SOLUBLE REACTIVE PHOSPHOROUS,0.0016171314741,TRAPEZOIDAL_DEPTH_AVERAGE,6,1,126.5,125.5,128.7,0.975135975136,202500002,67,43.71639,-78.02667
LAKE ONTARIO,42,2025-08-15 14:57:00,2025,Summer,"Phosphorus, soluble reactive",1838,SRP-P-F,SOLUBLE REACTIVE PHOSPHOROUS,0.0004,SINGLE_DEPTH,1,1,1,0,65.7,0,202500002,68,43.84000,-78.03833
LAKE ONTARIO,43,2025-08-15 16:06:00,2025,Summer,"Phosphorus, soluble reactive",1838,SRP-P-F,SOLUBLE REACTIVE PHOSPHOROUS,0.0004,SINGLE_DEPTH,1,1,1,0,17.5,0,202500002,69,43.95000,-78.05000
LAKE ONTARIO,45,2025-08-15 11:12:00,2025,Summer,"Phosphorus, soluble reactive",1838,SRP-P-F,SOLUBLE REACTIVE PHOSPHOROUS,0.0003,SINGLE_DEPTH,1,1,1,0,80.4,0,202500002,66,43.82000,-77.78306
LAKE ONTARIO,47,2025-08-15 09:18:00,2025,Summer,"Phosphorus, soluble reactive",1838,SRP-P-F,SOLUBLE REACTIVE PHOSPHOROUS,0.0003,SINGLE_DEPTH,1,1,1,0,18,0,202500002,65,43.95139,-77.58833
LAKE ONTARIO,48,2025-08-15 08:15:00,2025,Summer,"Phosphorus, soluble reactive",1838,SRP-P-F,SOLUBLE REACTIVE PHOSPHOROUS,0.0005,SINGLE_DEPTH,1,1,1,0,21.5,0,202500002,64,43.86167,-77.52528
LAKE ONTARIO,49,2025-08-15 06:52:00,2025,Summer,"Phosphorus, soluble reactive",1838,SRP-P-F,SOLUBLE REACTIVE PHOSPHOROUS,0.0004,SINGLE_DEPTH,1,1,1,0,49,0,202500002,63,43.77167,-77.43833
LAKE ONTARIO,5,2025-08-16 22:08:00,2025,Summer,"Phosphorus, soluble reactive",1838,SRP-P-F,SOLUBLE REACTIVE PHOSPHOROUS,0.0005,SINGLE_DEPTH,1,1,1,0,22,0,202500002,92,43.42500,-79.65722
LAKE ONTARIO,52,2025-08-12 22:41:00,2025,Summer,"Phosphorus, soluble reactive",1838,SRP-P-F,SOLUBLE REACTIVE PHOSPHOROUS,0.0002,SINGLE_DEPTH,1,1,1,0,122.5,0,202500002,22,43.43333,-77.71194
LAKE ONTARIO,53,2025-08-12 23:47:00,2025,Summer,"Phosphorus, soluble reactive",1838,SRP-P-F,SOLUBLE REACTIVE PHOSPHOROUS,0.0002,SINGLE_DEPTH,1,1,1,0,19,0,202500002,23,43.35000,-77.71139
LAKE ONTARIO,54,2025-08-13 04:41:00,2025,Summer,"Phosphorus, soluble reactive",1838,SRP-P-F,SOLUBLE REACTIVE PHOSPHOROUS,0.0002,SINGLE_DEPTH,1,1,1,0,150.5,0,202500002,28,43.41333,-77.57472
LAKE ONTARIO,55,2025-08-13 05:57:00,2025,Summer,"Phosphorus, soluble reactive",1838,SRP-P-F,SOLUBLE REACTIVE PHOSPHOROUS,0.0002,SINGLE_DEPTH,1,1,1,0,192,0,202500002,29,43.44333,-77.43806
LAKE ONTARIO,56,2025-08-13 03:44:00,2025,Summer,"Phosphorus, soluble reactive",1838,SRP-P-F,SOLUBLE REACTIVE PHOSPHOROUS,0.0002,SINGLE_DEPTH,1,1,1,0,104.6,0,202500002,27,43.36028,-77.51500
LAKE ONTARIO,57,2025-08-13 00:55:00,2025,Summer,"Phosphorus, soluble reactive",1838,SRP-P-F,SOLUBLE REACTIVE PHOSPHOROUS,0.00025,TRAPEZOIDAL_DEPTH_AVERAGE,2,1,10.5,9.5,12.7,0.748031496063,202500002,24,43.27472,-77.59167
LAKE ONTARIO,58,2025-08-13 02:48:00,2025,Summer,"Phosphorus, soluble reactive",1838,SRP-P-F,SOLUBLE REACTIVE PHOSPHOROUS,0.0002,SINGLE_DEPTH,1,1,1,0,91.3,0,202500002,26,43.32861,-77.43778
LAKE ONTARIO,59,2025-08-13 07:26:00,2025,Summer,"Phosphorus, soluble reactive",1838,SRP-P-F,SOLUBLE REACTIVE PHOSPHOROUS,0.0002,TRAPEZOIDAL_DEPTH_AVERAGE,3,1,999,998,178.5,5.59103641457,202500002,30,43.38167,-77.29806
LAKE ONTARIO,6,2025-08-16 20:56:00,2025,Summer,"Phosphorus, soluble reactive",1838,SRP-P-F,SOLUBLE REACTIVE PHOSPHOROUS,0.0005,SINGLE_DEPTH,1,1,1,0,66,0,202500002,91,43.46722,-79.53028
LAKE ONTARIO,60,2025-08-15 04:05:00,2025,Summer,"Phosphorus, soluble reactive",1838,SRP-P-F,SOLUBLE REACTIVE PHOSPHOROUS,0.000977852348993,TRAPEZOIDAL_DEPTH_AVERAGE,6,1,150,149,152,0.980263157895,202500002,62,43.57972,-77.20000
LAKE ONTARIO,61,2025-08-15 01:53:00,2025,Summer,"Phosphorus, soluble reactive",1838,SRP-P-F,SOLUBLE REACTIVE PHOSPHOROUS,0.000267676767677,TRAPEZOIDAL_DEPTH_AVERAGE,6,1,50.5,49.5,52.5,0.942857142857,202500002,61,43.78611,-77.15833
LAKE ONTARIO,62,2025-08-14 22:39:00,2025,Summer,"Phosphorus, soluble reactive",1838,SRP-P-F,SOLUBLE REACTIVE PHOSPHOROUS,0.0002,SINGLE_DEPTH,1,1,1,0,10,0,202500002,59,43.88000,-77.00028
LAKE ONTARIO,63,2025-08-15 00:21:00,2025,Summer,"Phosphorus, soluble reactive",1838,SRP-P-F,SOLUBLE REACTIVE PHOSPHOROUS,0.0002,TRAPEZOIDAL_DEPTH_AVERAGE,3,1,999,998,87,11.4712643678,202500002,60,43.73167,-77.01583
LAKE ONTARIO,64,2025-08-13 15:28:00,2025,Summer,"Phosphorus, soluble reactive",1838,SRP-P-F,SOLUBLE REACTIVE PHOSPHOROUS,0.0003,SINGLE_DEPTH,1,1,1,0,218,0,202500002,36,43.52500,-76.92639
LAKE ONTARIO,65,2025-08-13 14:04:00,2025,Summer,"Phosphorus, soluble reactive",1838,SRP-P-F,SOLUBLE REACTIVE PHOSPHOROUS,0.0002,SINGLE_DEPTH,1,1,1,0,146.6,0,202500002,35,43.42333,-76.88306
LAKE ONTARIO,66,2025-08-13 11:36:00,2025,Summer,"Phosphorus, soluble reactive",1838,SRP-P-F,SOLUBLE REACTIVE PHOSPHOROUS,0.0002,SINGLE_DEPTH,1,1,1,0,18,0,202500002,33,43.33333,-76.84028
LAKE ONTARIO,67,2025-08-13 12:33:00,2025,Summer,"Phosphorus, soluble reactive",1838,SRP-P-F,SOLUBLE REACTIVE PHOSPHOROUS,0.0002,SINGLE_DEPTH,1,1,1,0,71.4,0,202500002,34,43.40778,-76.79500
LAKE ONTARIO,68,2025-08-13 17:13:00,2025,Summer,"Phosphorus, soluble reactive",1838,SRP-P-F,SOLUBLE REACTIVE PHOSPHOROUS,0.0002,SINGLE_DEPTH,1,1,1,0,191,0,202500002,37,43.52972,-76.73167
LAKE ONTARIO,69,2025-08-13 18:29:00,2025,Summer,"Phosphorus, soluble reactive",1838,SRP-P-F,SOLUBLE REACTIVE PHOSPHOROUS,0.0002,SINGLE_DEPTH,1,1,1,0,186.2,0,202500002,38,43.60639,-76.71306
LAKE ONTARIO,7,2025-08-16 16:35:00,2025,Summer,"Phosphorus, soluble reactive",1838,SRP-P-F,SOLUBLE REACTIVE PHOSPHOROUS,0.0004,SINGLE_DEPTH,1,1,1,0,42.2,0,202500002,87,43.54583,-79.48722
LAKE ONTARIO,70,2025-08-13 19:51:00,2025,Summer,"Phosphorus, soluble reactive",1838,SRP-P-F,SOLUBLE REACTIVE PHOSPHOROUS,0.0002,SINGLE_DEPTH,1,1,1,0,166.5,0,202500002,39,43.54139,-76.61778
LAKE ONTARIO,71,2025-08-13 21:28:00,2025,Summer,"Phosphorus, soluble reactive",1838,SRP-P-F,SOLUBLE REACTIVE PHOSPHOROUS,0.0002,TRAPEZOIDAL_DEPTH_AVERAGE,4,1,999,998,13,76.7692307692,202500002,40,43.47639,-76.52639
LAKE ONTARIO,72,2025-08-13 22:07:00,2025,Summer,"Phosphorus, soluble reactive",1838,SRP-P-F,SOLUBLE REACTIVE PHOSPHOROUS,0.0003,SINGLE_DEPTH,1,1,1,0,108.5,0,202500002,41,43.54972,-76.52472
LAKE ONTARIO,725,2025-08-16 13:18:00,2025,Summer,"Phosphorus, soluble reactive",1838,SRP-P-F,SOLUBLE REACTIVE PHOSPHOROUS,0.00165,TRAPEZOIDAL_DEPTH_AVERAGE,2,1,7.5,6.5,9.7,0.670103092784,202500002,84,43.63833,-79.36139
LAKE ONTARIO,726,2025-08-16 12:53:00,2025,Summer,"Phosphorus, soluble reactive",1838,SRP-P-F,SOLUBLE REACTIVE PHOSPHOROUS,0.0004,SINGLE_DEPTH,1,1,1,0,7.8,0,202500002,83,43.63278,-79.37639
LAKE ONTARIO,73,2025-08-14 00:33:00,2025,Summer,"Phosphorus, soluble reactive",1838,SRP-P-F,SOLUBLE REACTIVE PHOSPHOROUS,0.0002,SINGLE_DEPTH,1,1,1,0,39,0,202500002,43,43.63333,-76.28806
LAKE ONTARIO,74,2025-08-14 03:07:00,2025,Summer,"Phosphorus, soluble reactive",1838,SRP-P-F,SOLUBLE REACTIVE PHOSPHOROUS,0.000388043478261,TRAPEZOIDAL_DEPTH_AVERAGE,6,1,70,69,67,1.02985074627,202500002,45,43.74972,-76.51750
LAKE ONTARIO,75,2025-08-14 04:57:00,2025,Summer,"Phosphorus, soluble reactive",1838,SRP-P-F,SOLUBLE REACTIVE PHOSPHOROUS,0.0002,SINGLE_DEPTH,1,1,1,0,29.5,0,202500002,46,43.84333,-76.35500
LAKE ONTARIO,76,2025-08-14 07:35:00,2025,Summer,"Phosphorus, soluble reactive",1838,SRP-P-F,SOLUBLE REACTIVE PHOSPHOROUS,0.0002,SINGLE_DEPTH,1,1,1,0,19,0,202500002,48,43.94972,-76.17500
LAKE ONTARIO,77,2025-08-14 09:37:00,2025,Summer,"Phosphorus, soluble reactive",1838,SRP-P-F,SOLUBLE REACTIVE PHOSPHOROUS,0.0002,TRAPEZOIDAL_DEPTH_AVERAGE,3,1,999,998,28,35.6428571429,202500002,50,43.95639,-76.40833
LAKE ONTARIO,78,2025-08-14 10:56:00,2025,Summer,"Phosphorus, soluble reactive",1838,SRP-P-F,SOLUBLE REACTIVE PHOSPHOROUS,0.0002,SINGLE_DEPTH,1,1,1,0,25.5,0,202500002,51,44.08306,-76.40639
LAKE ONTARIO,79,2025-08-14 11:52:00,2025,Summer,"Phosphorus, soluble reactive",1838,SRP-P-F,SOLUBLE REACTIVE PHOSPHOROUS,0.0003,SINGLE_DEPTH,1,1,1,0,21.2,0,202500002,52,44.07472,-76.52167
LAKE ONTARIO,8,2025-08-16 15:28:00,2025,Summer,"Phosphorus, soluble reactive",1838,SRP-P-F,SOLUBLE REACTIVE PHOSPHOROUS,0.000475,TRAPEZOIDAL_DEPTH_AVERAGE,3,1,13,12,15.1,0.794701986755,202500002,86,43.62333,-79.45361
LAKE ONTARIO,80,2025-08-14 12:51:00,2025,Summer,"Phosphorus, soluble reactive",1838,SRP-P-F,SOLUBLE REACTIVE PHOSPHOROUS,0.0002,SINGLE_DEPTH,1,1,1,0,22,0,202500002,53,44.14139,-76.61000
LAKE ONTARIO,81,2025-08-14 19:11:00,2025,Summer,"Phosphorus, soluble reactive",1838,SRP-P-F,SOLUBLE REACTIVE PHOSPHOROUS,0.000234848484848,TRAPEZOIDAL_DEPTH_AVERAGE,6,1,34,33,36.3,0.909090909091,202500002,57,44.01667,-76.67194
LAKE ONTARIO,82,2025-08-14 16:47:00,2025,Summer,"Phosphorus, soluble reactive",1838,SRP-P-F,SOLUBLE REACTIVE PHOSPHOROUS,0.0002,SINGLE_DEPTH,1,1,1,0,27,0,202500002,55,44.06667,-76.81194
LAKE ONTARIO,83,2025-08-14 17:59:00,2025,Summer,"Phosphorus, soluble reactive",1838,SRP-P-F,SOLUBLE REACTIVE PHOSPHOROUS,0.0002,SINGLE_DEPTH,1,1,1,0,31.2,0,202500002,56,44.00000,-76.84333
LAKE ONTARIO,84,2025-08-14 20:41:00,2025,Summer,"Phosphorus, soluble reactive",1838,SRP-P-F,SOLUBLE REACTIVE PHOSPHOROUS,0.0002,SINGLE_DEPTH,1,1,1,0,36.5,0,202500002,58,43.88667,-76.73333
LAKE ONTARIO,85,2025-08-16 02:33:00,2025,Summer,"Phosphorus, soluble reactive",1838,SRP-P-F,SOLUBLE REACTIVE PHOSPHOROUS,0.000394117647059,TRAPEZOIDAL_DEPTH_AVERAGE,6,1,43.5,42.5,45.5,0.934065934066,202500002,76,43.74944,-79.08333
LAKE ONTARIO,86,2025-08-12 01:51:00,2025,Summer,"Phosphorus, soluble reactive",1838,SRP-P-F,SOLUBLE REACTIVE PHOSPHOROUS,0.0002,SINGLE_DEPTH,1,1,1,0,12.7,0,202500002,8,43.25500,-79.19444
LAKE ONTARIO,87,2025-08-13 01:47:00,2025,Summer,"Phosphorus, soluble reactive",1838,SRP-P-F,SOLUBLE REACTIVE PHOSPHOROUS,0.0002,SINGLE_DEPTH,1,1,1,0,36.6,0,202500002,25,43.29833,-77.51806
LAKE ONTARIO,88,2025-08-13 23:19:00,2025,Summer,"Phosphorus, soluble reactive",1838,SRP-P-F,SOLUBLE REACTIVE PHOSPHOROUS,0.0002,SINGLE_DEPTH,1,1,1,0,76,0,202500002,42,43.58778,-76.41639
LAKE ONTARIO,89,2025-08-14 02:04:00,2025,Summer,"Phosphorus, soluble reactive",1838,SRP-P-F,SOLUBLE REACTIVE PHOSPHOROUS,0.0008,SINGLE_DEPTH,1,1,1,0,81.8,0,202500002,44,43.69833,-76.41611
LAKE ONTARIO,9,2025-08-16 14:26:00,2025,Summer,"Phosphorus, soluble reactive",1838,SRP-P-F,SOLUBLE REACTIVE PHOSPHOROUS,0.00135,SINGLE_DEPTH,1,1,1,0,59.3,0,202500002,85,43.58639,-79.39528
LAKE ONTARIO,90,2025-08-14 15:06:00,2025,Summer,"Phosphorus, soluble reactive",1838,SRP-P-F,SOLUBLE REACTIVE PHOSPHOROUS,0.00145388349515,TRAPEZOIDAL_DEPTH_AVERAGE,7,0.5,52,51.5,54,0.953703703704,202500002,54,44.13611,-76.82500
LAKE ONTARIO,909,2025-08-17 02:26:00,2025,Summer,"Phosphorus, soluble reactive",1838,SRP-P-F,SOLUBLE REACTIVE PHOSPHOROUS,0.0007,SINGLE_DEPTH,1,1,1,0,12.5,0,202500002,98,43.28028,-79.87194
LAKE ONTARIO,91,2025-08-15 17:59:00,2025,Summer,"Phosphorus, soluble reactive",1838,SRP-P-F,SOLUBLE REACTIVE PHOSPHOROUS,0.000349849699399,TRAPEZOIDAL_DEPTH_AVERAGE,3,1,999,998,22.8,43.7719298246,202500002,70,43.92000,-78.30611
LAKE ONTARIO,918,2025-08-17 00:46:00,2025,Summer,"Phosphorus, soluble reactive",1838,SRP-P-F,SOLUBLE REACTIVE PHOSPHOROUS,0.0006,SINGLE_DEPTH,1,1,1,0,21.8,0,202500002,95,43.28583,-79.79472
LAKE ONTARIO,926,2025-08-17 01:20:00,2025,Summer,"Phosphorus, soluble reactive",1838,SRP-P-F,SOLUBLE REACTIVE PHOSPHOROUS,0.00145,TRAPEZOIDAL_DEPTH_AVERAGE,2,1,10,9,12,0.75,202500002,96,43.30444,-79.81472
LAKE ONTARIO,93,2025-08-12 08:17:00,2025,Summer,"Phosphorus, soluble reactive",1838,SRP-P-F,SOLUBLE REACTIVE PHOSPHOROUS,0.0002,SINGLE_DEPTH,1,1,1,0,18,0,202500002,14,43.32667,-78.86806
LAKE ONTARIO,94,2025-08-13 08:38:00,2025,Summer,"Phosphorus, soluble reactive",1838,SRP-P-F,SOLUBLE REACTIVE PHOSPHOROUS,0.0002,SINGLE_DEPTH,1,1,1,0,53.5,0,202500002,31,43.32472,-77.21639
LAKE ONTARIO,95,2025-08-13 10:09:00,2025,Summer,"Phosphorus, soluble reactive",1838,SRP-P-F,SOLUBLE REACTIVE PHOSPHOROUS,0.0002,TRAPEZOIDAL_DEPTH_AVERAGE,4,1,36,35,38,0.921052631579,202500002,32,43.31333,-76.99972
LAKE ONTARIO,96,2025-08-11 20:11:00,2025,Summer,"Phosphorus, soluble reactive",1838,SRP-P-F,SOLUBLE REACTIVE PHOSPHOROUS,0.0002,SINGLE_DEPTH,1,1,1,0,21,0,202500002,3,43.22333,-79.44639
LAKE ONTARIO,97,2025-08-14 06:54:00,2025,Summer,"Phosphorus, soluble reactive",1838,SRP-P-F,SOLUBLE REACTIVE PHOSPHOROUS,0.0002,SINGLE_DEPTH,1,1,1,0,13,0,202500002,47,43.96139,-76.12167
LAKE ONTARIO,98,2025-08-14 08:14:00,2025,Summer,"Phosphorus, soluble reactive",1838,SRP-P-F,SOLUBLE REACTIVE PHOSPHOROUS,0.00025875,TRAPEZOIDAL_DEPTH_AVERAGE,5,1,21,20,23,0.869565217391,202500002,49,43.93472,-76.23167
LAKE SUPERIOR,2,2016-08-17 08:43:00,2016,Summer,"Phosphorus, soluble reactive",1838,SRP-P-F,SOLUBLE REACTIVE PHOSPHOROUS,0.0009,SINGLE_DEPTH,1,1,1,0,97.8,0,201603002,83,46.54361,-84.74833
LAKE SUPERIOR,31,2016-08-15 10:54:00,2016,Summer,"Phosphorus, soluble reactive",1838,SRP-P-F,SOLUBLE REACTIVE PHOSPHOROUS,0.00104292929293,TRAPEZOIDAL_DEPTH_AVERAGE,6,1,100,99,101.9,0.971540726202,201603002,69,47.91861,-84.91333
LAKE SUPERIOR,39,2016-08-15 20:38:00,2016,Summer,"Phosphorus, soluble reactive",1838,SRP-P-F,SOLUBLE REACTIVE PHOSPHOROUS,0.000649899799599,TRAPEZOIDAL_DEPTH_AVERAGE,3,1,999,998,132.4,7.53776435045,201603002,72,47.69000,-85.96639
LAKE SUPERIOR,43,2016-08-16 16:07:00,2016,Summer,"Phosphorus, soluble reactive",1838,SRP-P-F,SOLUBLE REACTIVE PHOSPHOROUS,0.001,SINGLE_DEPTH,1,1,1,0,195,0,201603002,80,47.08000,-86.47833
LAKE SUPERIOR,84,2016-08-15 02:22:00,2016,Summer,"Phosphorus, soluble reactive",1838,SRP-P-F,SOLUBLE REACTIVE PHOSPHOROUS,0.00055,SINGLE_DEPTH,1,1,1,0,184.51,0,201603002,67,48.11250,-86.30111
LAKE SUPERIOR,221,2024-05-10 12:00:00,2024,Spring,"Phosphorus, soluble reactive",1838,SRP-P-F,SOLUBLE REACTIVE PHOSPHOROUS,0.000224456521739,TRAPEZOIDAL_DEPTH_AVERAGE,4,2,20.4,18.4,22.7,0.810572687225,202403201,14,46.78194,-92.05389
LAKE SUPERIOR,638,2024-05-07 12:00:00,2024,Spring,"Phosphorus, soluble reactive",1838,SRP-P-F,SOLUBLE REACTIVE PHOSPHOROUS,0.0002,TRAPEZOIDAL_DEPTH_AVERAGE,9,2,90.4,88.4,92.4,0.95670995671,202403201,1,46.99333,-85.16111
LAKE SUPERIOR,639,2024-05-08 12:00:00,2024,Spring,"Phosphorus, soluble reactive",1838,SRP-P-F,SOLUBLE REACTIVE PHOSPHOROUS,0.0002,SINGLE_DEPTH,1,2,2,0,149.1,0,202403201,2,47.36056,-85.62056
LAKE SUPERIOR,640,2024-05-13 12:00:00,2024,Spring,"Phosphorus, soluble reactive",1838,SRP-P-F,SOLUBLE REACTIVE PHOSPHOROUS,0.0002,SINGLE_DEPTH,1,2,2,0,147.5,0,202403201,20,46.89444,-85.85139
LAKE SUPERIOR,642,2024-05-13 12:00:00,2024,Spring,"Phosphorus, soluble reactive",1838,SRP-P-F,SOLUBLE REACTIVE PHOSPHOROUS,0.0002,SINGLE_DEPTH,1,2,2,0,145.8,0,202403201,19,46.77472,-86.55556
LAKE SUPERIOR,643,2024-05-08 12:00:00,2024,Spring,"Phosphorus, soluble reactive",1838,SRP-P-F,SOLUBLE REACTIVE PHOSPHOROUS,0.0002,SINGLE_DEPTH,1,2.1,2.1,0,165.1,0,202403201,6,48.55861,-86.37694
LAKE SUPERIOR,644,2024-05-08 12:00:00,2024,Spring,"Phosphorus, soluble reactive",1838,SRP-P-F,SOLUBLE REACTIVE PHOSPHOROUS,0.000224974924774,TRAPEZOIDAL_DEPTH_AVERAGE,3,2,999,997,196.8,5.06605691057,202403201,5,48.07417,-86.59139
LAKE SUPERIOR,645,2024-05-08 12:00:00,2024,Spring,"Phosphorus, soluble reactive",1838,SRP-P-F,SOLUBLE REACTIVE PHOSPHOROUS,0.000608415147265,TRAPEZOIDAL_DEPTH_AVERAGE,11,2,287.2,285.2,289.2,0.986168741355,202403201,4,47.60583,-86.81778
LAKE SUPERIOR,646,2024-05-08 12:00:00,2024,Spring,"Phosphorus, soluble reactive",1838,SRP-P-F,SOLUBLE REACTIVE PHOSPHOROUS,0.0002,SINGLE_DEPTH,1,2,2,0,231.7,0,202403201,7,48.43667,-87.08611
LAKE SUPERIOR,647,2024-05-12 12:00:00,2024,Spring,"Phosphorus, soluble reactive",1838,SRP-P-F,SOLUBLE REACTIVE PHOSPHOROUS,0.0002,TRAPEZOIDAL_DEPTH_AVERAGE,3,2,999,997,151.4,6.58520475561,202403201,18,47.51417,-87.54611
LAKE SUPERIOR,649,2024-05-12 12:00:00,2024,Spring,"Phosphorus, soluble reactive",1838,SRP-P-F,SOLUBLE REACTIVE PHOSPHOROUS,0.000203487358326,TRAPEZOIDAL_DEPTH_AVERAGE,6,2,231.4,229.4,233.4,0.982862039417,202403201,17,47.85611,-88.04194
LAKE SUPERIOR,651,2024-05-12 12:00:00,2024,Spring,"Phosphorus, soluble reactive",1838,SRP-P-F,SOLUBLE REACTIVE PHOSPHOROUS,0.0002,SINGLE_DEPTH,1,2,2,0,232.5,0,202403201,16,47.74083,-88.73750
LAKE SUPERIOR,652,2024-05-09 12:00:00,2024,Spring,"Phosphorus, soluble reactive",1838,SRP-P-F,SOLUBLE REACTIVE PHOSPHOROUS,0.0002,TRAPEZOIDAL_DEPTH_AVERAGE,7,2.2,228.2,226,230.3,0.981328701693,202403201,10,48.08278,-89.25333
LAKE SUPERIOR,653,2024-05-09 12:00:00,2024,Spring,"Phosphorus, soluble reactive",1838,SRP-P-F,SOLUBLE REACTIVE PHOSPHOROUS,0.0002,SINGLE_DEPTH,1,2,2,0,178.9,0,202403201,11,47.62139,-89.46306
LAKE SUPERIOR,654,2024-05-12 12:00:00,2024,Spring,"Phosphorus, soluble reactive",1838,SRP-P-F,SOLUBLE REACTIVE PHOSPHOROUS,0.00029016563147,TRAPEZOIDAL_DEPTH_AVERAGE,10,1.9,195.1,193.2,197.1,0.980213089802,202403201,15,47.16444,-89.66194
LAKE SUPERIOR,655,2024-05-09 12:00:00,2024,Spring,"Phosphorus, soluble reactive",1838,SRP-P-F,SOLUBLE REACTIVE PHOSPHOROUS,0.002,SINGLE_DEPTH,1,2,2,0,151.3,0,202403201,12,47.51444,-90.15194
LAKE SUPERIOR,656,2024-05-09 12:00:00,2024,Spring,"Phosphorus, soluble reactive",1838,SRP-P-F,SOLUBLE REACTIVE PHOSPHOROUS,0.00037482447342,TRAPEZOIDAL_DEPTH_AVERAGE,3,2,999,997,182.8,5.45404814004,202403201,13,47.37028,-90.85389
