CRUISE_PLAN,LAST_DATE_UPDATED,SHIP_NAME,WATER_BODY,CSN,LATITUDE,LONGITUDE,PSN,SOUNDING,STN_DATE,CODE,DEPTH_FROM,DEPTH_TO,DETECTION,FLAG,SEQ_NO,VALUE,ABBREV,FULL_NAME,UNITS,LATITUDE_DD,LONGITUDE_DD
200302003,2003-06-10 00:00:00,CCGS LIMNOS,LAKE HURON,1,430245,-822449,1167,6.5,2003-05-14 19:06:00,30,.00,.00,,,0,6.500000,SECCHI,SECCHI DISC DEPTH,METRE,43.04583,-82.41361
200302003,2003-06-10 00:00:00,CCGS LIMNOS,LAKE HURON,2,430522,-822334,1,11.0,2003-05-14 19:49:00,30,.00,.00,,,0,10.500000,SECCHI,SECCHI DISC DEPTH,METRE,43.08944,-82.39278
200302003,2003-06-10 00:00:00,CCGS LIMNOS,LAKE HURON,3,433800,-821259,9,58.6,2003-05-14 23:44:00,30,.00,.00,,,0,12.000000,SECCHI,SECCHI DISC DEPTH,METRE,43.63333,-82.21639
200302003,2003-06-10 00:00:00,CCGS LIMNOS,LAKE HURON,6,453100,-832459,54,131.6,2003-05-15 13:24:00,30,.00,.00,,,0,9.000000,SECCHI,SECCHI DISC DEPTH,METRE,45.51667,-83.41639
200302003,2003-06-10 00:00:00,CCGS LIMNOS,LAKE HURON,7,454500,-835501,61,116.0,2003-05-15 16:39:00,30,.00,.00,,,0,12.000000,SECCHI,SECCHI DISC DEPTH,METRE,45.75000,-83.91694
200302003,2003-06-10 00:00:00,CCGS LIMNOS,LAKE HURON,1,430245,-822449,1167,6.5,2003-05-14 19:06:00,31,.00,.00,,,0,4.000000,FOREL-UL,SECCHI DISC COLOUR,SCALE,43.04583,-82.41361
200302003,2003-06-10 00:00:00,CCGS LIMNOS,LAKE HURON,2,430522,-822334,1,11.0,2003-05-14 19:49:00,31,.00,.00,,,0,3.000000,FOREL-UL,SECCHI DISC COLOUR,SCALE,43.08944,-82.39278
200302003,2003-06-10 00:00:00,CCGS LIMNOS,LAKE HURON,3,433800,-821259,9,58.6,2003-05-14 23:44:00,31,.00,.00,,,0,13.000000,FOREL-UL,SECCHI DISC COLOUR,SCALE,43.63333,-82.21639
200302003,2003-06-10 00:00:00,CCGS LIMNOS,LAKE HURON,6,453100,-832459,54,131.6,2003-05-15 13:24:00,31,.00,.00,,,0,5.000000,FOREL-UL,SECCHI DISC COLOUR,SCALE,45.51667,-83.41639
200302003,2003-06-10 00:00:00,CCGS LIMNOS,LAKE HURON,7,454500,-835501,61,116.0,2003-05-15 16:39:00,31,.00,.00,,,0,4.000000,FOREL-UL,SECCHI DISC COLOUR,SCALE,45.75000,-83.91694
200302003,2003-06-10 00:00:00,CCGS LIMNOS,LAKE HURON,1,430245,-822449,1167,6.5,2003-05-14 19:06:00,100,.00,.00,,,0,9.000000,TEMP,TEMPERATURE (OF WATER),DEG C,43.04583,-82.41361
200302003,2003-06-10 00:00:00,CCGS LIMNOS,LAKE HURON,2,430522,-822334,1,11.0,2003-05-14 19:49:00,100,.00,.00,,,0,7.300000,TEMP,TEMPERATURE (OF WATER),DEG C,43.08944,-82.39278
200302003,2003-06-10 00:00:00,CCGS LIMNOS,LAKE HURON,3,433800,-821259,9,58.6,2003-05-14 23:44:00,100,.00,.00,,,0,2.900000,TEMP,TEMPERATURE (OF WATER),DEG C,43.63333,-82.21639
200302003,2003-06-10 00:00:00,CCGS LIMNOS,LAKE HURON,4,442712,-822032,32,80.0,2003-05-15 04:53:00,100,.00,.00,,,0,3.100000,TEMP,TEMPERATURE (OF WATER),DEG C,44.45333,-82.34222
200302003,2003-06-10 00:00:00,CCGS LIMNOS,LAKE HURON,5,450059,-824108,44,164.8,2003-05-15 09:01:00,100,.00,.00,,,0,2.100000,TEMP,TEMPERATURE (OF WATER),DEG C,45.01639,-82.68556
200302003,2003-06-10 00:00:00,CCGS LIMNOS,LAKE HURON,6,453100,-832459,54,131.6,2003-05-15 13:24:00,100,.00,.00,,,0,2.200000,TEMP,TEMPERATURE (OF WATER),DEG C,45.51667,-83.41639
200302003,2003-06-10 00:00:00,CCGS LIMNOS,LAKE HURON,7,454500,-835501,61,116.0,2003-05-15 16:39:00,100,.00,.00,,,0,6.100000,TEMP,TEMPERATURE (OF WATER),DEG C,45.75000,-83.91694
200302003,2003-06-10 00:00:00,CCGS LIMNOS,LAKE HURON,8,454500,-835500,61,116.3,2003-05-23 21:41:00,102,.00,.00,0.00000000,,0,2.630000,T PROF,"TEMPERATURE PROFILER, WQP",DEG C,45.75000,-83.91667
200302003,2003-06-10 00:00:00,CCGS LIMNOS,LAKE HURON,8,454500,-835500,61,116.3,2003-05-23 21:41:00,102,.50,.00,0.00000000,,0,2.610000,T PROF,"TEMPERATURE PROFILER, WQP",DEG C,45.75000,-83.91667
200302003,2003-06-10 00:00:00,CCGS LIMNOS,LAKE HURON,8,454500,-835500,61,116.3,2003-05-23 21:41:00,102,1.00,.00,0.00000000,,0,2.600000,T PROF,"TEMPERATURE PROFILER, WQP",DEG C,45.75000,-83.91667
200302003,2003-06-10 00:00:00,CCGS LIMNOS,LAKE HURON,8,454500,-835500,61,116.3,2003-05-23 21:41:00,102,1.50,.00,0.00000000,,0,2.600000,T PROF,"TEMPERATURE PROFILER, WQP",DEG C,45.75000,-83.91667
200302003,2003-06-10 00:00:00,CCGS LIMNOS,LAKE HURON,8,454500,-835500,61,116.3,2003-05-23 21:41:00,102,2.00,.00,0.00000000,,0,2.600000,T PROF,"TEMPERATURE PROFILER, WQP",DEG C,45.75000,-83.91667
200302003,2003-06-10 00:00:00,CCGS LIMNOS,LAKE HURON,8,454500,-835500,61,116.3,2003-05-23 21:41:00,102,2.50,.00,0.00000000,,0,2.570000,T PROF,"TEMPERATURE PROFILER, WQP",DEG C,45.75000,-83.91667
200302003,2003-06-10 00:00:00,CCGS LIMNOS,LAKE HURON,8,454500,-835500,61,116.3,2003-05-23 21:41:00,102,3.00,.00,0.00000000,,0,2.540000,T PROF,"TEMPERATURE PROFILER, WQP",DEG C,45.75000,-83.91667
200302003,2003-06-10 00:00:00,CCGS LIMNOS,LAKE HURON,8,454500,-835500,61,116.3,2003-05-23 21:41:00,102,3.50,.00,0.00000000,,0,2.540000,T PROF,"TEMPERATURE PROFILER, WQP",DEG C,45.75000,-83.91667
200302003,2003-06-10 00:00:00,CCGS LIMNOS,LAKE HURON,8,454500,-835500,61,116.3,2003-05-23 21:41:00,102,4.00,.00,0.00000000,,0,2.540000,T PROF,"TEMPERATURE PROFILER, WQP",DEG C,45.75000,-83.91667
200302003,2003-06-10 00:00:00,CCGS LIMNOS,LAKE HURON,8,454500,-835500,61,116.3,2003-05-23 21:41:00,102,4.50,.00,0.00000000,,0,2.540000,T PROF,"TEMPERATURE PROFILER, WQP",DEG C,45.75000,-83.91667
200302003,2003-06-10 00:00:00,CCGS LIMNOS,LAKE HURON,8,454500,-835500,61,116.3,2003-05-23 21:41:00,102,5.00,.00,0.00000000,,0,2.540000,T PROF,"TEMPERATURE PROFILER, WQP",DEG C,45.75000,-83.91667
200302003,2003-06-10 00:00:00,CCGS LIMNOS,LAKE HURON,8,454500,-835500,61,116.3,2003-05-23 21:41:00,102,5.50,.00,0.00000000,,0,2.540000,T PROF,"TEMPERATURE PROFILER, WQP",DEG C,45.75000,-83.91667
200302003,2003-06-10 00:00:00,CCGS LIMNOS,LAKE HURON,8,454500,-835500,61,116.3,2003-05-23 21:41:00,102,6.00,.00,0.00000000,,0,2.540000,T PROF,"TEMPERATURE PROFILER, WQP",DEG C,45.75000,-83.91667
200302003,2003-06-10 00:00:00,CCGS LIMNOS,LAKE HURON,8,454500,-835500,61,116.3,2003-05-23 21:41:00,102,6.50,.00,0.00000000,,0,2.540000,T PROF,"TEMPERATURE PROFILER, WQP",DEG C,45.75000,-83.91667
200302003,2003-06-10 00:00:00,CCGS LIMNOS,LAKE HURON,8,454500,-835500,61,116.3,2003-05-23 21:41:00,102,7.00,.00,0.00000000,,0,2.540000,T PROF,"TEMPERATURE PROFILER, WQP",DEG C,45.75000,-83.91667
200302003,2003-06-10 00:00:00,CCGS LIMNOS,LAKE HURON,8,454500,-835500,61,116.3,2003-05-23 21:41:00,102,7.50,.00,0.00000000,,0,2.540000,T PROF,"TEMPERATURE PROFILER, WQP",DEG C,45.75000,-83.91667
200302003,2003-06-10 00:00:00,CCGS LIMNOS,LAKE HURON,8,454500,-835500,61,116.3,2003-05-23 21:41:00,102,8.00,.00,0.00000000,,0,2.540000,T PROF,"TEMPERATURE PROFILER, WQP",DEG C,45.75000,-83.91667
200302003,2003-06-10 00:00:00,CCGS LIMNOS,LAKE HURON,8,454500,-835500,61,116.3,2003-05-23 21:41:00,102,8.50,.00,0.00000000,,0,2.540000,T PROF,"TEMPERATURE PROFILER, WQP",DEG C,45.75000,-83.91667
200302003,2003-06-10 00:00:00,CCGS LIMNOS,LAKE HURON,8,454500,-835500,61,116.3,2003-05-23 21:41:00,102,9.00,.00,0.00000000,,0,2.540000,T PROF,"TEMPERATURE PROFILER, WQP",DEG C,45.75000,-83.91667
200302003,2003-06-10 00:00:00,CCGS LIMNOS,LAKE HURON,8,454500,-835500,61,116.3,2003-05-23 21:41:00,102,9.50,.00,0.00000000,,0,2.540000,T PROF,"TEMPERATURE PROFILER, WQP",DEG C,45.75000,-83.91667
200302003,2003-06-10 00:00:00,CCGS LIMNOS,LAKE HURON,8,454500,-835500,61,116.3,2003-05-23 21:41:00,102,10.00,.00,0.00000000,,0,2.540000,T PROF,"TEMPERATURE PROFILER, WQP",DEG C,45.75000,-83.91667
200302003,2003-06-10 00:00:00,CCGS LIMNOS,LAKE HURON,8,454500,-835500,61,116.3,2003-05-23 21:41:00,102,10.50,.00,0.00000000,,0,2.540000,T PROF,"TEMPERATURE PROFILER, WQP",DEG C,45.75000,-83.91667
200302003,2003-06-10 00:00:00,CCGS LIMNOS,LAKE HURON,8,454500,-835500,61,116.3,2003-05-23 21:41:00,102,11.00,.00,0.00000000,,0,2.540000,T PROF,"TEMPERATURE PROFILER, WQP",DEG C,45.75000,-83.91667
200302003,2003-06-10 00:00:00,CCGS LIMNOS,LAKE HURON,8,454500,-835500,61,116.3,2003-05-23 21:41:00,102,11.50,.00,0.00000000,,0,2.540000,T PROF,"TEMPERATURE PROFILER, WQP",DEG C,45.75000,-83.91667
200302003,2003-06-10 00:00:00,CCGS LIMNOS,LAKE HURON,8,454500,-835500,61,116.3,2003-05-23 21:41:00,102,12.00,.00,0.00000000,,0,2.540000,T PROF,"TEMPERATURE PROFILER, WQP",DEG C,45.75000,-83.91667
200302003,2003-06-10 00:00:00,CCGS LIMNOS,LAKE HURON,8,454500,-835500,61,116.3,2003-05-23 21:41:00,102,12.50,.00,0.00000000,,0,2.540000,T PROF,"TEMPERATURE PROFILER, WQP",DEG C,45.75000,-83.91667
200302003,2003-06-10 00:00:00,CCGS LIMNOS,LAKE HURON,8,454500,-835500,61,116.3,2003-05-23 21:41:00,102,13.00,.00,0.00000000,,0,2.540000,T PROF,"TEMPERATURE PROFILER, WQP",DEG C,45.75000,-83.91667
200302003,2003-06-10 00:00:00,CCGS LIMNOS,LAKE HURON,8,454500,-835500,61,116.3,2003-05-23 21:41:00,102,13.50,.00,0.00000000,,0,2.540000,T PROF,"TEMPERATURE PROFILER, WQP",DEG C,45.75000,-83.91667
200302003,2003-06-10 00:00:00,CCGS LIMNOS,LAKE HURON,8,454500,-835500,61,116.3,2003-05-23 21:41:00,102,14.00,.00,0.00000000,,0,2.540000,T PROF,"TEMPERATURE PROFILER, WQP",DEG C,45.75000,-83.91667
200302003,2003-06-10 00:00:00,CCGS LIMNOS,LAKE HURON,8,454500,-835500,61,116.3,2003-05-23 21:41:00,102,14.50,.00,0.00000000,,0,2.540000,T PROF,"TEMPERATURE PROFILER, WQP",DEG C,45.75000,-83.91667
200302003,2003-06-10 00:00:00,CCGS LIMNOS,LAKE HURON,8,454500,-835500,61,116.3,2003-05-23 21:41:00,102,15.00,.00,0.00000000,,0,2.540000,T PROF,"TEMPERATURE PROFILER, WQP",DEG C,45.75000,-83.91667
200302003,2003-06-10 00:00:00,CCGS LIMNOS,LAKE HURON,8,454500,-835500,61,116.3,2003-05-23 21:41:00,102,15.50,.00,0.00000000,,0,2.540000,T PROF,"TEMPERATURE PROFILER, WQP",DEG C,45.75000,-83.91667
200302003,2003-06-10 00:00:00,CCGS LIMNOS,LAKE HURON,8,454500,-835500,61,116.3,2003-05-23 21:41:00,102,16.00,.00,0.00000000,,0,2.540000,T PROF,"TEMPERATURE PROFILER, WQP",DEG C,45.75000,-83.91667
200302003,2003-06-10 00:00:00,CCGS LIMNOS,LAKE HURON,8,454500,-835500,61,116.3,2003-05-23 21:41:00,102,16.50,.00,0.00000000,,0,2.550000,T PROF,"TEMPERATURE PROFILER, WQP",DEG C,45.75000,-83.91667
200302003,2003-06-10 00:00:00,CCGS LIMNOS,LAKE HURON,8,454500,-835500,61,116.3,2003-05-23 21:41:00,102,17.00,.00,0.00000000,,0,2.540000,T PROF,"TEMPERATURE PROFILER, WQP",DEG C,45.75000,-83.91667
200302003,2003-06-10 00:00:00,CCGS LIMNOS,LAKE HURON,8,454500,-835500,61,116.3,2003-05-23 21:41:00,102,17.50,.00,0.00000000,,0,2.550000,T PROF,"TEMPERATURE PROFILER, WQP",DEG C,45.75000,-83.91667
200302003,2003-06-10 00:00:00,CCGS LIMNOS,LAKE HURON,8,454500,-835500,61,116.3,2003-05-23 21:41:00,102,18.00,.00,0.00000000,,0,2.550000,T PROF,"TEMPERATURE PROFILER, WQP",DEG C,45.75000,-83.91667
200302003,2003-06-10 00:00:00,CCGS LIMNOS,LAKE HURON,8,454500,-835500,61,116.3,2003-05-23 21:41:00,102,18.50,.00,0.00000000,,0,2.540000,T PROF,"TEMPERATURE PROFILER, WQP",DEG C,45.75000,-83.91667
200302003,2003-06-10 00:00:00,CCGS LIMNOS,LAKE HURON,8,454500,-835500,61,116.3,2003-05-23 21:41:00,102,19.00,.00,0.00000000,,0,2.550000,T PROF,"TEMPERATURE PROFILER, WQP",DEG C,45.75000,-83.91667
200302003,2003-06-10 00:00:00,CCGS LIMNOS,LAKE HURON,8,454500,-835500,61,116.3,2003-05-23 21:41:00,102,19.50,.00,0.00000000,,0,2.540000,T PROF,"TEMPERATURE PROFILER, WQP",DEG C,45.75000,-83.91667
200302003,2003-06-10 00:00:00,CCGS LIMNOS,LAKE HURON,8,454500,-835500,61,116.3,2003-05-23 21:41:00,102,20.00,.00,0.00000000,,0,2.550000,T PROF,"TEMPERATURE PROFILER, WQP",DEG C,45.75000,-83.91667
200302003,2003-06-10 00:00:00,CCGS LIMNOS,LAKE HURON,8,454500,-835500,61,116.3,2003-05-23 21:41:00,102,20.50,.00,0.00000000,,0,2.550000,T PROF,"TEMPERATURE PROFILER, WQP",DEG C,45.75000,-83.91667
200302003,2003-06-10 00:00:00,CCGS LIMNOS,LAKE HURON,8,454500,-835500,61,116.3,2003-05-23 21:41:00,102,21.00,.00,0.00000000,,0,2.550000,T PROF,"TEMPERATURE PROFILER, WQP",DEG C,45.75000,-83.91667
200302003,2003-06-10 00:00:00,CCGS LIMNOS,LAKE HURON,8,454500,-835500,61,116.3,2003-05-23 21:41:00,102,21.50,.00,0.00000000,,0,2.550000,T PROF,"TEMPERATURE PROFILER, WQP",DEG C,45.75000,-83.91667
200302003,2003-06-10 00:00:00,CCGS LIMNOS,LAKE HURON,8,454500,-835500,61,116.3,2003-05-23 21:41:00,102,22.00,.00,0.00000000,,0,2.550000,T PROF,"TEMPERATURE PROFILER, WQP",DEG C,45.75000,-83.91667
200302003,2003-06-10 00:00:00,CCGS LIMNOS,LAKE HURON,8,454500,-835500,61,116.3,2003-05-23 21:41:00,102,22.50,.00,0.00000000,,0,2.550000,T PROF,"TEMPERATURE PROFILER, WQP",DEG C,45.75000,-83.91667
200302003,2003-06-10 00:00:00,CCGS LIMNOS,LAKE HURON,8,454500,-835500,61,116.3,2003-05-23 21:41:00,102,23.00,.00,0.00000000,,0,2.550000,T PROF,"TEMPERATURE PROFILER, WQP",DEG C,45.75000,-83.91667
200302003,2003-06-10 00:00:00,CCGS LIMNOS,LAKE HURON,8,454500,-835500,61,116.3,2003-05-23 21:41:00,102,23.50,.00,0.00000000,,0,2.550000,T PROF,"TEMPERATURE PROFILER, WQP",DEG C,45.75000,-83.91667
200302003,2003-06-10 00:00:00,CCGS LIMNOS,LAKE HURON,8,454500,-835500,61,116.3,2003-05-23 21:41:00,102,24.00,.00,0.00000000,,0,2.550000,T PROF,"TEMPERATURE PROFILER, WQP",DEG C,45.75000,-83.91667
200302003,2003-06-10 00:00:00,CCGS LIMNOS,LAKE HURON,8,454500,-835500,61,116.3,2003-05-23 21:41:00,102,24.50,.00,0.00000000,,0,2.550000,T PROF,"TEMPERATURE PROFILER, WQP",DEG C,45.75000,-83.91667
200302003,2003-06-10 00:00:00,CCGS LIMNOS,LAKE HURON,8,454500,-835500,61,116.3,2003-05-23 21:41:00,102,25.00,.00,0.00000000,,0,2.550000,T PROF,"TEMPERATURE PROFILER, WQP",DEG C,45.75000,-83.91667
200302003,2003-06-10 00:00:00,CCGS LIMNOS,LAKE HURON,8,454500,-835500,61,116.3,2003-05-23 21:41:00,102,25.50,.00,0.00000000,,0,2.550000,T PROF,"TEMPERATURE PROFILER, WQP",DEG C,45.75000,-83.91667
200302003,2003-06-10 00:00:00,CCGS LIMNOS,LAKE HURON,8,454500,-835500,61,116.3,2003-05-23 21:41:00,102,26.00,.00,0.00000000,,0,2.550000,T PROF,"TEMPERATURE PROFILER, WQP",DEG C,45.75000,-83.91667
200302003,2003-06-10 00:00:00,CCGS LIMNOS,LAKE HURON,8,454500,-835500,61,116.3,2003-05-23 21:41:00,102,26.50,.00,0.00000000,,0,2.550000,T PROF,"TEMPERATURE PROFILER, WQP",DEG C,45.75000,-83.91667
200302003,2003-06-10 00:00:00,CCGS LIMNOS,LAKE HURON,8,454500,-835500,61,116.3,2003-05-23 21:41:00,102,27.00,.00,0.00000000,,0,2.550000,T PROF,"TEMPERATURE PROFILER, WQP",DEG C,45.75000,-83.91667
200302003,2003-06-10 00:00:00,CCGS LIMNOS,LAKE HURON,8,454500,-835500,61,116.3,2003-05-23 21:41:00,102,27.50,.00,0.00000000,,0,2.550000,T PROF,"TEMPERATURE PROFILER, WQP",DEG C,45.75000,-83.91667
200302003,2003-06-10 00:00:00,CCGS LIMNOS,LAKE HURON,8,454500,-835500,61,116.3,2003-05-23 21:41:00,102,28.00,.00,0.00000000,,0,2.550000,T PROF,"TEMPERATURE PROFILER, WQP",DEG C,45.75000,-83.91667
200302003,2003-06-10 00:00:00,CCGS LIMNOS,LAKE HURON,8,454500,-835500,61,116.3,2003-05-23 21:41:00,102,28.50,.00,0.00000000,,0,2.560000,T PROF,"TEMPERATURE PROFILER, WQP",DEG C,45.75000,-83.91667
200302003,2003-06-10 00:00:00,CCGS LIMNOS,LAKE HURON,8,454500,-835500,61,116.3,2003-05-23 21:41:00,102,29.00,.00,0.00000000,,0,2.560000,T PROF,"TEMPERATURE PROFILER, WQP",DEG C,45.75000,-83.91667
200302003,2003-06-10 00:00:00,CCGS LIMNOS,LAKE HURON,8,454500,-835500,61,116.3,2003-05-23 21:41:00,102,29.50,.00,0.00000000,,0,2.560000,T PROF,"TEMPERATURE PROFILER, WQP",DEG C,45.75000,-83.91667
200302003,2003-06-10 00:00:00,CCGS LIMNOS,LAKE HURON,8,454500,-835500,61,116.3,2003-05-23 21:41:00,102,30.00,.00,0.00000000,,0,2.560000,T PROF,"TEMPERATURE PROFILER, WQP",DEG C,45.75000,-83.91667
200302003,2003-06-10 00:00:00,CCGS LIMNOS,LAKE HURON,8,454500,-835500,61,116.3,2003-05-23 21:41:00,102,30.50,.00,0.00000000,,0,2.570000,T PROF,"TEMPERATURE PROFILER, WQP",DEG C,45.75000,-83.91667
200302003,2003-06-10 00:00:00,CCGS LIMNOS,LAKE HURON,8,454500,-835500,61,116.3,2003-05-23 21:41:00,102,31.00,.00,0.00000000,,0,2.570000,T PROF,"TEMPERATURE PROFILER, WQP",DEG C,45.75000,-83.91667
200302003,2003-06-10 00:00:00,CCGS LIMNOS,LAKE HURON,8,454500,-835500,61,116.3,2003-05-23 21:41:00,102,31.50,.00,0.00000000,,0,2.580000,T PROF,"TEMPERATURE PROFILER, WQP",DEG C,45.75000,-83.91667
200302003,2003-06-10 00:00:00,CCGS LIMNOS,LAKE HURON,8,454500,-835500,61,116.3,2003-05-23 21:41:00,102,32.00,.00,0.00000000,,0,2.570000,T PROF,"TEMPERATURE PROFILER, WQP",DEG C,45.75000,-83.91667
200302003,2003-06-10 00:00:00,CCGS LIMNOS,LAKE HURON,8,454500,-835500,61,116.3,2003-05-23 21:41:00,102,32.50,.00,0.00000000,,0,2.580000,T PROF,"TEMPERATURE PROFILER, WQP",DEG C,45.75000,-83.91667
200302003,2003-06-10 00:00:00,CCGS LIMNOS,LAKE HURON,8,454500,-835500,61,116.3,2003-05-23 21:41:00,102,33.00,.00,0.00000000,,0,2.590000,T PROF,"TEMPERATURE PROFILER, WQP",DEG C,45.75000,-83.91667
200302003,2003-06-10 00:00:00,CCGS LIMNOS,LAKE HURON,8,454500,-835500,61,116.3,2003-05-23 21:41:00,102,33.50,.00,0.00000000,,0,2.590000,T PROF,"TEMPERATURE PROFILER, WQP",DEG C,45.75000,-83.91667
200302003,2003-06-10 00:00:00,CCGS LIMNOS,LAKE HURON,8,454500,-835500,61,116.3,2003-05-23 21:41:00,102,34.00,.00,0.00000000,,0,2.590000,T PROF,"TEMPERATURE PROFILER, WQP",DEG C,45.75000,-83.91667
200302003,2003-06-10 00:00:00,CCGS LIMNOS,LAKE HURON,8,454500,-835500,61,116.3,2003-05-23 21:41:00,102,34.50,.00,0.00000000,,0,2.590000,T PROF,"TEMPERATURE PROFILER, WQP",DEG C,45.75000,-83.91667
200302003,2003-06-10 00:00:00,CCGS LIMNOS,LAKE HURON,8,454500,-835500,61,116.3,2003-05-23 21:41:00,102,35.00,.00,0.00000000,,0,2.600000,T PROF,"TEMPERATURE PROFILER, WQP",DEG C,45.75000,-83.91667
200302003,2003-06-10 00:00:00,CCGS LIMNOS,LAKE HURON,8,454500,-835500,61,116.3,2003-05-23 21:41:00,102,35.50,.00,0.00000000,,0,2.600000,T PROF,"TEMPERATURE PROFILER, WQP",DEG C,45.75000,-83.91667
200302003,2003-06-10 00:00:00,CCGS LIMNOS,LAKE HURON,8,454500,-835500,61,116.3,2003-05-23 21:41:00,102,36.00,.00,0.00000000,,0,2.600000,T PROF,"TEMPERATURE PROFILER, WQP",DEG C,45.75000,-83.91667
200302003,2003-06-10 00:00:00,CCGS LIMNOS,LAKE HURON,8,454500,-835500,61,116.3,2003-05-23 21:41:00,102,36.50,.00,0.00000000,,0,2.600000,T PROF,"TEMPERATURE PROFILER, WQP",DEG C,45.75000,-83.91667
200302003,2003-06-10 00:00:00,CCGS LIMNOS,LAKE HURON,8,454500,-835500,61,116.3,2003-05-23 21:41:00,102,37.00,.00,0.00000000,,0,2.600000,T PROF,"TEMPERATURE PROFILER, WQP",DEG C,45.75000,-83.91667
200302003,2003-06-10 00:00:00,CCGS LIMNOS,LAKE HURON,8,454500,-835500,61,116.3,2003-05-23 21:41:00,102,37.50,.00,0.00000000,,0,2.600000,T PROF,"TEMPERATURE PROFILER, WQP",DEG C,45.75000,-83.91667
200302003,2003-06-10 00:00:00,CCGS LIMNOS,LAKE HURON,8,454500,-835500,61,116.3,2003-05-23 21:41:00,102,38.00,.00,0.00000000,,0,2.610000,T PROF,"TEMPERATURE PROFILER, WQP",DEG C,45.75000,-83.91667
200302003,2003-06-10 00:00:00,CCGS LIMNOS,LAKE HURON,8,454500,-835500,61,116.3,2003-05-23 21:41:00,102,38.50,.00,0.00000000,,0,2.610000,T PROF,"TEMPERATURE PROFILER, WQP",DEG C,45.75000,-83.91667
200302003,2003-06-10 00:00:00,CCGS LIMNOS,LAKE HURON,8,454500,-835500,61,116.3,2003-05-23 21:41:00,102,39.00,.00,0.00000000,,0,2.610000,T PROF,"TEMPERATURE PROFILER, WQP",DEG C,45.75000,-83.91667
200302003,2003-06-10 00:00:00,CCGS LIMNOS,LAKE HURON,8,454500,-835500,61,116.3,2003-05-23 21:41:00,102,39.50,.00,0.00000000,,0,2.640000,T PROF,"TEMPERATURE PROFILER, WQP",DEG C,45.75000,-83.91667
200302003,2003-06-10 00:00:00,CCGS LIMNOS,LAKE HURON,8,454500,-835500,61,116.3,2003-05-23 21:41:00,102,40.00,.00,0.00000000,,0,2.640000,T PROF,"TEMPERATURE PROFILER, WQP",DEG C,45.75000,-83.91667
200302003,2003-06-10 00:00:00,CCGS LIMNOS,LAKE HURON,8,454500,-835500,61,116.3,2003-05-23 21:41:00,102,40.50,.00,0.00000000,,0,2.630000,T PROF,"TEMPERATURE PROFILER, WQP",DEG C,45.75000,-83.91667
200302003,2003-06-10 00:00:00,CCGS LIMNOS,LAKE HURON,8,454500,-835500,61,116.3,2003-05-23 21:41:00,102,41.00,.00,0.00000000,,0,2.670000,T PROF,"TEMPERATURE PROFILER, WQP",DEG C,45.75000,-83.91667
200302003,2003-06-10 00:00:00,CCGS LIMNOS,LAKE HURON,8,454500,-835500,61,116.3,2003-05-23 21:41:00,102,41.50,.00,0.00000000,,0,2.680000,T PROF,"TEMPERATURE PROFILER, WQP",DEG C,45.75000,-83.91667
200302003,2003-06-10 00:00:00,CCGS LIMNOS,LAKE HURON,8,454500,-835500,61,116.3,2003-05-23 21:41:00,102,42.00,.00,0.00000000,,0,2.690000,T PROF,"TEMPERATURE PROFILER, WQP",DEG C,45.75000,-83.91667
200302003,2003-06-10 00:00:00,CCGS LIMNOS,LAKE HURON,8,454500,-835500,61,116.3,2003-05-23 21:41:00,102,42.50,.00,0.00000000,,0,2.700000,T PROF,"TEMPERATURE PROFILER, WQP",DEG C,45.75000,-83.91667
200302003,2003-06-10 00:00:00,CCGS LIMNOS,LAKE HURON,8,454500,-835500,61,116.3,2003-05-23 21:41:00,102,43.00,.00,0.00000000,,0,2.790000,T PROF,"TEMPERATURE PROFILER, WQP",DEG C,45.75000,-83.91667
200302003,2003-06-10 00:00:00,CCGS LIMNOS,LAKE HURON,8,454500,-835500,61,116.3,2003-05-23 21:41:00,102,43.50,.00,0.00000000,,0,2.790000,T PROF,"TEMPERATURE PROFILER, WQP",DEG C,45.75000,-83.91667
200302003,2003-06-10 00:00:00,CCGS LIMNOS,LAKE HURON,8,454500,-835500,61,116.3,2003-05-23 21:41:00,102,44.00,.00,0.00000000,,0,2.790000,T PROF,"TEMPERATURE PROFILER, WQP",DEG C,45.75000,-83.91667
200302003,2003-06-10 00:00:00,CCGS LIMNOS,LAKE HURON,8,454500,-835500,61,116.3,2003-05-23 21:41:00,102,44.50,.00,0.00000000,,0,2.800000,T PROF,"TEMPERATURE PROFILER, WQP",DEG C,45.75000,-83.91667
200302003,2003-06-10 00:00:00,CCGS LIMNOS,LAKE HURON,8,454500,-835500,61,116.3,2003-05-23 21:41:00,102,45.00,.00,0.00000000,,0,2.830000,T PROF,"TEMPERATURE PROFILER, WQP",DEG C,45.75000,-83.91667
200302003,2003-06-10 00:00:00,CCGS LIMNOS,LAKE HURON,8,454500,-835500,61,116.3,2003-05-23 21:41:00,102,45.50,.00,0.00000000,,0,2.830000,T PROF,"TEMPERATURE PROFILER, WQP",DEG C,45.75000,-83.91667
200302003,2003-06-10 00:00:00,CCGS LIMNOS,LAKE HURON,8,454500,-835500,61,116.3,2003-05-23 21:41:00,102,46.00,.00,0.00000000,,0,2.840000,T PROF,"TEMPERATURE PROFILER, WQP",DEG C,45.75000,-83.91667
200302003,2003-06-10 00:00:00,CCGS LIMNOS,LAKE HURON,8,454500,-835500,61,116.3,2003-05-23 21:41:00,102,46.50,.00,0.00000000,,0,2.840000,T PROF,"TEMPERATURE PROFILER, WQP",DEG C,45.75000,-83.91667
200302003,2003-06-10 00:00:00,CCGS LIMNOS,LAKE HURON,8,454500,-835500,61,116.3,2003-05-23 21:41:00,102,47.00,.00,0.00000000,,0,2.840000,T PROF,"TEMPERATURE PROFILER, WQP",DEG C,45.75000,-83.91667
200302003,2003-06-10 00:00:00,CCGS LIMNOS,LAKE HURON,8,454500,-835500,61,116.3,2003-05-23 21:41:00,102,47.50,.00,0.00000000,,0,2.840000,T PROF,"TEMPERATURE PROFILER, WQP",DEG C,45.75000,-83.91667
200302003,2003-06-10 00:00:00,CCGS LIMNOS,LAKE HURON,8,454500,-835500,61,116.3,2003-05-23 21:41:00,102,48.00,.00,0.00000000,,0,2.840000,T PROF,"TEMPERATURE PROFILER, WQP",DEG C,45.75000,-83.91667
200302003,2003-06-10 00:00:00,CCGS LIMNOS,LAKE HURON,8,454500,-835500,61,116.3,2003-05-23 21:41:00,102,48.50,.00,0.00000000,,0,2.850000,T PROF,"TEMPERATURE PROFILER, WQP",DEG C,45.75000,-83.91667
200302003,2003-06-10 00:00:00,CCGS LIMNOS,LAKE HURON,8,454500,-835500,61,116.3,2003-05-23 21:41:00,102,49.00,.00,0.00000000,,0,2.850000,T PROF,"TEMPERATURE PROFILER, WQP",DEG C,45.75000,-83.91667
200302003,2003-06-10 00:00:00,CCGS LIMNOS,LAKE HURON,8,454500,-835500,61,116.3,2003-05-23 21:41:00,102,49.50,.00,0.00000000,,0,2.850000,T PROF,"TEMPERATURE PROFILER, WQP",DEG C,45.75000,-83.91667
200302003,2003-06-10 00:00:00,CCGS LIMNOS,LAKE HURON,8,454500,-835500,61,116.3,2003-05-23 21:41:00,102,50.00,.00,0.00000000,,0,2.850000,T PROF,"TEMPERATURE PROFILER, WQP",DEG C,45.75000,-83.91667
200302003,2003-06-10 00:00:00,CCGS LIMNOS,LAKE HURON,8,454500,-835500,61,116.3,2003-05-23 21:41:00,102,50.50,.00,0.00000000,,0,2.850000,T PROF,"TEMPERATURE PROFILER, WQP",DEG C,45.75000,-83.91667
200302003,2003-06-10 00:00:00,CCGS LIMNOS,LAKE HURON,8,454500,-835500,61,116.3,2003-05-23 21:41:00,102,51.00,.00,0.00000000,,0,2.860000,T PROF,"TEMPERATURE PROFILER, WQP",DEG C,45.75000,-83.91667
200302003,2003-06-10 00:00:00,CCGS LIMNOS,LAKE HURON,8,454500,-835500,61,116.3,2003-05-23 21:41:00,102,51.50,.00,0.00000000,,0,2.850000,T PROF,"TEMPERATURE PROFILER, WQP",DEG C,45.75000,-83.91667
200302003,2003-06-10 00:00:00,CCGS LIMNOS,LAKE HURON,8,454500,-835500,61,116.3,2003-05-23 21:41:00,102,52.00,.00,0.00000000,,0,2.850000,T PROF,"TEMPERATURE PROFILER, WQP",DEG C,45.75000,-83.91667
200302003,2003-06-10 00:00:00,CCGS LIMNOS,LAKE HURON,8,454500,-835500,61,116.3,2003-05-23 21:41:00,102,52.50,.00,0.00000000,,0,2.850000,T PROF,"TEMPERATURE PROFILER, WQP",DEG C,45.75000,-83.91667
200302003,2003-06-10 00:00:00,CCGS LIMNOS,LAKE HURON,8,454500,-835500,61,116.3,2003-05-23 21:41:00,102,53.00,.00,0.00000000,,0,2.840000,T PROF,"TEMPERATURE PROFILER, WQP",DEG C,45.75000,-83.91667
200302003,2003-06-10 00:00:00,CCGS LIMNOS,LAKE HURON,8,454500,-835500,61,116.3,2003-05-23 21:41:00,102,53.50,.00,0.00000000,,0,2.850000,T PROF,"TEMPERATURE PROFILER, WQP",DEG C,45.75000,-83.91667
200302003,2003-06-10 00:00:00,CCGS LIMNOS,LAKE HURON,8,454500,-835500,61,116.3,2003-05-23 21:41:00,102,54.00,.00,0.00000000,,0,2.850000,T PROF,"TEMPERATURE PROFILER, WQP",DEG C,45.75000,-83.91667
200302003,2003-06-10 00:00:00,CCGS LIMNOS,LAKE HURON,8,454500,-835500,61,116.3,2003-05-23 21:41:00,102,54.50,.00,0.00000000,,0,2.840000,T PROF,"TEMPERATURE PROFILER, WQP",DEG C,45.75000,-83.91667
200302003,2003-06-10 00:00:00,CCGS LIMNOS,LAKE HURON,8,454500,-835500,61,116.3,2003-05-23 21:41:00,102,55.00,.00,0.00000000,,0,2.840000,T PROF,"TEMPERATURE PROFILER, WQP",DEG C,45.75000,-83.91667
200302003,2003-06-10 00:00:00,CCGS LIMNOS,LAKE HURON,8,454500,-835500,61,116.3,2003-05-23 21:41:00,102,55.50,.00,0.00000000,,0,2.840000,T PROF,"TEMPERATURE PROFILER, WQP",DEG C,45.75000,-83.91667
200302003,2003-06-10 00:00:00,CCGS LIMNOS,LAKE HURON,8,454500,-835500,61,116.3,2003-05-23 21:41:00,102,56.00,.00,0.00000000,,0,2.840000,T PROF,"TEMPERATURE PROFILER, WQP",DEG C,45.75000,-83.91667
200302003,2003-06-10 00:00:00,CCGS LIMNOS,LAKE HURON,8,454500,-835500,61,116.3,2003-05-23 21:41:00,102,56.50,.00,0.00000000,,0,2.850000,T PROF,"TEMPERATURE PROFILER, WQP",DEG C,45.75000,-83.91667
200302003,2003-06-10 00:00:00,CCGS LIMNOS,LAKE HURON,8,454500,-835500,61,116.3,2003-05-23 21:41:00,102,57.00,.00,0.00000000,,0,2.870000,T PROF,"TEMPERATURE PROFILER, WQP",DEG C,45.75000,-83.91667
200302003,2003-06-10 00:00:00,CCGS LIMNOS,LAKE HURON,8,454500,-835500,61,116.3,2003-05-23 21:41:00,102,57.50,.00,0.00000000,,0,2.870000,T PROF,"TEMPERATURE PROFILER, WQP",DEG C,45.75000,-83.91667
200302003,2003-06-10 00:00:00,CCGS LIMNOS,LAKE HURON,8,454500,-835500,61,116.3,2003-05-23 21:41:00,102,58.00,.00,0.00000000,,0,2.880000,T PROF,"TEMPERATURE PROFILER, WQP",DEG C,45.75000,-83.91667
200302003,2003-06-10 00:00:00,CCGS LIMNOS,LAKE HURON,8,454500,-835500,61,116.3,2003-05-23 21:41:00,102,58.50,.00,0.00000000,,0,2.890000,T PROF,"TEMPERATURE PROFILER, WQP",DEG C,45.75000,-83.91667
200302003,2003-06-10 00:00:00,CCGS LIMNOS,LAKE HURON,8,454500,-835500,61,116.3,2003-05-23 21:41:00,102,59.00,.00,0.00000000,,0,2.900000,T PROF,"TEMPERATURE PROFILER, WQP",DEG C,45.75000,-83.91667
200302003,2003-06-10 00:00:00,CCGS LIMNOS,LAKE HURON,8,454500,-835500,61,116.3,2003-05-23 21:41:00,102,59.50,.00,0.00000000,,0,2.900000,T PROF,"TEMPERATURE PROFILER, WQP",DEG C,45.75000,-83.91667
200302003,2003-06-10 00:00:00,CCGS LIMNOS,LAKE HURON,8,454500,-835500,61,116.3,2003-05-23 21:41:00,102,60.00,.00,0.00000000,,0,2.910000,T PROF,"TEMPERATURE PROFILER, WQP",DEG C,45.75000,-83.91667
200302003,2003-06-10 00:00:00,CCGS LIMNOS,LAKE HURON,8,454500,-835500,61,116.3,2003-05-23 21:41:00,102,60.50,.00,0.00000000,,0,2.910000,T PROF,"TEMPERATURE PROFILER, WQP",DEG C,45.75000,-83.91667
200302003,2003-06-10 00:00:00,CCGS LIMNOS,LAKE HURON,8,454500,-835500,61,116.3,2003-05-23 21:41:00,102,61.00,.00,0.00000000,,0,2.910000,T PROF,"TEMPERATURE PROFILER, WQP",DEG C,45.75000,-83.91667
200302003,2003-06-10 00:00:00,CCGS LIMNOS,LAKE HURON,8,454500,-835500,61,116.3,2003-05-23 21:41:00,102,61.50,.00,0.00000000,,0,2.920000,T PROF,"TEMPERATURE PROFILER, WQP",DEG C,45.75000,-83.91667
200302003,2003-06-10 00:00:00,CCGS LIMNOS,LAKE HURON,8,454500,-835500,61,116.3,2003-05-23 21:41:00,102,62.00,.00,0.00000000,,0,2.930000,T PROF,"TEMPERATURE PROFILER, WQP",DEG C,45.75000,-83.91667
200302003,2003-06-10 00:00:00,CCGS LIMNOS,LAKE HURON,8,454500,-835500,61,116.3,2003-05-23 21:41:00,102,62.50,.00,0.00000000,,0,2.950000,T PROF,"TEMPERATURE PROFILER, WQP",DEG C,45.75000,-83.91667
200302003,2003-06-10 00:00:00,CCGS LIMNOS,LAKE HURON,8,454500,-835500,61,116.3,2003-05-23 21:41:00,102,63.00,.00,0.00000000,,0,2.960000,T PROF,"TEMPERATURE PROFILER, WQP",DEG C,45.75000,-83.91667
200302003,2003-06-10 00:00:00,CCGS LIMNOS,LAKE HURON,8,454500,-835500,61,116.3,2003-05-23 21:41:00,102,63.50,.00,0.00000000,,0,2.960000,T PROF,"TEMPERATURE PROFILER, WQP",DEG C,45.75000,-83.91667
200302003,2003-06-10 00:00:00,CCGS LIMNOS,LAKE HURON,8,454500,-835500,61,116.3,2003-05-23 21:41:00,102,64.00,.00,0.00000000,,0,2.960000,T PROF,"TEMPERATURE PROFILER, WQP",DEG C,45.75000,-83.91667
200302003,2003-06-10 00:00:00,CCGS LIMNOS,LAKE HURON,8,454500,-835500,61,116.3,2003-05-23 21:41:00,102,64.50,.00,0.00000000,,0,2.960000,T PROF,"TEMPERATURE PROFILER, WQP",DEG C,45.75000,-83.91667
200302003,2003-06-10 00:00:00,CCGS LIMNOS,LAKE HURON,8,454500,-835500,61,116.3,2003-05-23 21:41:00,102,65.00,.00,0.00000000,,0,2.970000,T PROF,"TEMPERATURE PROFILER, WQP",DEG C,45.75000,-83.91667
200302003,2003-06-10 00:00:00,CCGS LIMNOS,LAKE HURON,8,454500,-835500,61,116.3,2003-05-23 21:41:00,102,65.50,.00,0.00000000,,0,2.970000,T PROF,"TEMPERATURE PROFILER, WQP",DEG C,45.75000,-83.91667
200302003,2003-06-10 00:00:00,CCGS LIMNOS,LAKE HURON,8,454500,-835500,61,116.3,2003-05-23 21:41:00,102,66.00,.00,0.00000000,,0,2.970000,T PROF,"TEMPERATURE PROFILER, WQP",DEG C,45.75000,-83.91667
200302003,2003-06-10 00:00:00,CCGS LIMNOS,LAKE HURON,8,454500,-835500,61,116.3,2003-05-23 21:41:00,102,66.50,.00,0.00000000,,0,2.970000,T PROF,"TEMPERATURE PROFILER, WQP",DEG C,45.75000,-83.91667
200302003,2003-06-10 00:00:00,CCGS LIMNOS,LAKE HURON,8,454500,-835500,61,116.3,2003-05-23 21:41:00,102,67.00,.00,0.00000000,,0,2.970000,T PROF,"TEMPERATURE PROFILER, WQP",DEG C,45.75000,-83.91667
200302003,2003-06-10 00:00:00,CCGS LIMNOS,LAKE HURON,8,454500,-835500,61,116.3,2003-05-23 21:41:00,102,67.50,.00,0.00000000,,0,2.970000,T PROF,"TEMPERATURE PROFILER, WQP",DEG C,45.75000,-83.91667
200302003,2003-06-10 00:00:00,CCGS LIMNOS,LAKE HURON,8,454500,-835500,61,116.3,2003-05-23 21:41:00,102,68.00,.00,0.00000000,,0,2.970000,T PROF,"TEMPERATURE PROFILER, WQP",DEG C,45.75000,-83.91667
200302003,2003-06-10 00:00:00,CCGS LIMNOS,LAKE HURON,8,454500,-835500,61,116.3,2003-05-23 21:41:00,102,68.50,.00,0.00000000,,0,2.970000,T PROF,"TEMPERATURE PROFILER, WQP",DEG C,45.75000,-83.91667
200302003,2003-06-10 00:00:00,CCGS LIMNOS,LAKE HURON,8,454500,-835500,61,116.3,2003-05-23 21:41:00,102,69.00,.00,0.00000000,,0,2.970000,T PROF,"TEMPERATURE PROFILER, WQP",DEG C,45.75000,-83.91667
200302003,2003-06-10 00:00:00,CCGS LIMNOS,LAKE HURON,8,454500,-835500,61,116.3,2003-05-23 21:41:00,102,69.50,.00,0.00000000,,0,2.970000,T PROF,"TEMPERATURE PROFILER, WQP",DEG C,45.75000,-83.91667
200302003,2003-06-10 00:00:00,CCGS LIMNOS,LAKE HURON,8,454500,-835500,61,116.3,2003-05-23 21:41:00,102,70.00,.00,0.00000000,,0,2.970000,T PROF,"TEMPERATURE PROFILER, WQP",DEG C,45.75000,-83.91667
200302003,2003-06-10 00:00:00,CCGS LIMNOS,LAKE HURON,8,454500,-835500,61,116.3,2003-05-23 21:41:00,102,70.50,.00,0.00000000,,0,2.970000,T PROF,"TEMPERATURE PROFILER, WQP",DEG C,45.75000,-83.91667
200302003,2003-06-10 00:00:00,CCGS LIMNOS,LAKE HURON,8,454500,-835500,61,116.3,2003-05-23 21:41:00,102,71.00,.00,0.00000000,,0,2.980000,T PROF,"TEMPERATURE PROFILER, WQP",DEG C,45.75000,-83.91667
200302003,2003-06-10 00:00:00,CCGS LIMNOS,LAKE HURON,8,454500,-835500,61,116.3,2003-05-23 21:41:00,102,71.50,.00,0.00000000,,0,2.980000,T PROF,"TEMPERATURE PROFILER, WQP",DEG C,45.75000,-83.91667
200302003,2003-06-10 00:00:00,CCGS LIMNOS,LAKE HURON,8,454500,-835500,61,116.3,2003-05-23 21:41:00,102,72.00,.00,0.00000000,,0,2.980000,T PROF,"TEMPERATURE PROFILER, WQP",DEG C,45.75000,-83.91667
200302003,2003-06-10 00:00:00,CCGS LIMNOS,LAKE HURON,8,454500,-835500,61,116.3,2003-05-23 21:41:00,102,72.50,.00,0.00000000,,0,2.980000,T PROF,"TEMPERATURE PROFILER, WQP",DEG C,45.75000,-83.91667
200302003,2003-06-10 00:00:00,CCGS LIMNOS,LAKE HURON,8,454500,-835500,61,116.3,2003-05-23 21:41:00,102,73.00,.00,0.00000000,,0,2.990000,T PROF,"TEMPERATURE PROFILER, WQP",DEG C,45.75000,-83.91667
200302003,2003-06-10 00:00:00,CCGS LIMNOS,LAKE HURON,8,454500,-835500,61,116.3,2003-05-23 21:41:00,102,73.50,.00,0.00000000,,0,2.990000,T PROF,"TEMPERATURE PROFILER, WQP",DEG C,45.75000,-83.91667
200302003,2003-06-10 00:00:00,CCGS LIMNOS,LAKE HURON,8,454500,-835500,61,116.3,2003-05-23 21:41:00,102,74.00,.00,0.00000000,,0,2.990000,T PROF,"TEMPERATURE PROFILER, WQP",DEG C,45.75000,-83.91667
200302003,2003-06-10 00:00:00,CCGS LIMNOS,LAKE HURON,8,454500,-835500,61,116.3,2003-05-23 21:41:00,102,74.50,.00,0.00000000,,0,2.990000,T PROF,"TEMPERATURE PROFILER, WQP",DEG C,45.75000,-83.91667
200302003,2003-06-10 00:00:00,CCGS LIMNOS,LAKE HURON,8,454500,-835500,61,116.3,2003-05-23 21:41:00,102,75.00,.00,0.00000000,,0,2.990000,T PROF,"TEMPERATURE PROFILER, WQP",DEG C,45.75000,-83.91667
200302003,2003-06-10 00:00:00,CCGS LIMNOS,LAKE HURON,8,454500,-835500,61,116.3,2003-05-23 21:41:00,102,75.50,.00,0.00000000,,0,2.990000,T PROF,"TEMPERATURE PROFILER, WQP",DEG C,45.75000,-83.91667
200302003,2003-06-10 00:00:00,CCGS LIMNOS,LAKE HURON,8,454500,-835500,61,116.3,2003-05-23 21:41:00,102,76.00,.00,0.00000000,,0,2.990000,T PROF,"TEMPERATURE PROFILER, WQP",DEG C,45.75000,-83.91667
200302003,2003-06-10 00:00:00,CCGS LIMNOS,LAKE HURON,8,454500,-835500,61,116.3,2003-05-23 21:41:00,102,76.50,.00,0.00000000,,0,2.990000,T PROF,"TEMPERATURE PROFILER, WQP",DEG C,45.75000,-83.91667
200302003,2003-06-10 00:00:00,CCGS LIMNOS,LAKE HURON,8,454500,-835500,61,116.3,2003-05-23 21:41:00,102,77.00,.00,0.00000000,,0,3.000000,T PROF,"TEMPERATURE PROFILER, WQP",DEG C,45.75000,-83.91667
200302003,2003-06-10 00:00:00,CCGS LIMNOS,LAKE HURON,8,454500,-835500,61,116.3,2003-05-23 21:41:00,102,77.50,.00,0.00000000,,0,3.020000,T PROF,"TEMPERATURE PROFILER, WQP",DEG C,45.75000,-83.91667
200302003,2003-06-10 00:00:00,CCGS LIMNOS,LAKE HURON,8,454500,-835500,61,116.3,2003-05-23 21:41:00,102,78.00,.00,0.00000000,,0,3.020000,T PROF,"TEMPERATURE PROFILER, WQP",DEG C,45.75000,-83.91667
200302003,2003-06-10 00:00:00,CCGS LIMNOS,LAKE HURON,8,454500,-835500,61,116.3,2003-05-23 21:41:00,102,78.50,.00,0.00000000,,0,3.020000,T PROF,"TEMPERATURE PROFILER, WQP",DEG C,45.75000,-83.91667
200302003,2003-06-10 00:00:00,CCGS LIMNOS,LAKE HURON,8,454500,-835500,61,116.3,2003-05-23 21:41:00,102,79.00,.00,0.00000000,,0,3.020000,T PROF,"TEMPERATURE PROFILER, WQP",DEG C,45.75000,-83.91667
200302003,2003-06-10 00:00:00,CCGS LIMNOS,LAKE HURON,8,454500,-835500,61,116.3,2003-05-23 21:41:00,102,79.50,.00,0.00000000,,0,3.030000,T PROF,"TEMPERATURE PROFILER, WQP",DEG C,45.75000,-83.91667
200302003,2003-06-10 00:00:00,CCGS LIMNOS,LAKE HURON,8,454500,-835500,61,116.3,2003-05-23 21:41:00,102,80.00,.00,0.00000000,,0,3.030000,T PROF,"TEMPERATURE PROFILER, WQP",DEG C,45.75000,-83.91667
200302003,2003-06-10 00:00:00,CCGS LIMNOS,LAKE HURON,8,454500,-835500,61,116.3,2003-05-23 21:41:00,102,80.50,.00,0.00000000,,0,3.030000,T PROF,"TEMPERATURE PROFILER, WQP",DEG C,45.75000,-83.91667
200302003,2003-06-10 00:00:00,CCGS LIMNOS,LAKE HURON,8,454500,-835500,61,116.3,2003-05-23 21:41:00,102,81.00,.00,0.00000000,,0,3.040000,T PROF,"TEMPERATURE PROFILER, WQP",DEG C,45.75000,-83.91667
200302003,2003-06-10 00:00:00,CCGS LIMNOS,LAKE HURON,8,454500,-835500,61,116.3,2003-05-23 21:41:00,102,81.50,.00,0.00000000,,0,3.040000,T PROF,"TEMPERATURE PROFILER, WQP",DEG C,45.75000,-83.91667
200302003,2003-06-10 00:00:00,CCGS LIMNOS,LAKE HURON,8,454500,-835500,61,116.3,2003-05-23 21:41:00,102,82.00,.00,0.00000000,,0,3.040000,T PROF,"TEMPERATURE PROFILER, WQP",DEG C,45.75000,-83.91667
200302003,2003-06-10 00:00:00,CCGS LIMNOS,LAKE HURON,8,454500,-835500,61,116.3,2003-05-23 21:41:00,102,82.50,.00,0.00000000,,0,3.040000,T PROF,"TEMPERATURE PROFILER, WQP",DEG C,45.75000,-83.91667
200302003,2003-06-10 00:00:00,CCGS LIMNOS,LAKE HURON,8,454500,-835500,61,116.3,2003-05-23 21:41:00,102,83.00,.00,0.00000000,,0,3.040000,T PROF,"TEMPERATURE PROFILER, WQP",DEG C,45.75000,-83.91667
200302003,2003-06-10 00:00:00,CCGS LIMNOS,LAKE HURON,8,454500,-835500,61,116.3,2003-05-23 21:41:00,102,83.50,.00,0.00000000,,0,3.040000,T PROF,"TEMPERATURE PROFILER, WQP",DEG C,45.75000,-83.91667
200302003,2003-06-10 00:00:00,CCGS LIMNOS,LAKE HURON,8,454500,-835500,61,116.3,2003-05-23 21:41:00,102,84.00,.00,0.00000000,,0,3.040000,T PROF,"TEMPERATURE PROFILER, WQP",DEG C,45.75000,-83.91667
200302003,2003-06-10 00:00:00,CCGS LIMNOS,LAKE HURON,8,454500,-835500,61,116.3,2003-05-23 21:41:00,102,84.50,.00,0.00000000,,0,3.040000,T PROF,"TEMPERATURE PROFILER, WQP",DEG C,45.75000,-83.91667
200302003,2003-06-10 00:00:00,CCGS LIMNOS,LAKE HURON,8,454500,-835500,61,116.3,2003-05-23 21:41:00,102,85.00,.00,0.00000000,,0,3.040000,T PROF,"TEMPERATURE PROFILER, WQP",DEG C,45.75000,-83.91667
200302003,2003-06-10 00:00:00,CCGS LIMNOS,LAKE HURON,8,454500,-835500,61,116.3,2003-05-23 21:41:00,102,85.50,.00,0.00000000,,0,3.040000,T PROF,"TEMPERATURE PROFILER, WQP",DEG C,45.75000,-83.91667
200302003,2003-06-10 00:00:00,CCGS LIMNOS,LAKE HURON,8,454500,-835500,61,116.3,2003-05-23 21:41:00,102,86.00,.00,0.00000000,,0,3.040000,T PROF,"TEMPERATURE PROFILER, WQP",DEG C,45.75000,-83.91667
200302003,2003-06-10 00:00:00,CCGS LIMNOS,LAKE HURON,8,454500,-835500,61,116.3,2003-05-23 21:41:00,102,86.50,.00,0.00000000,,0,3.040000,T PROF,"TEMPERATURE PROFILER, WQP",DEG C,45.75000,-83.91667
200302003,2003-06-10 00:00:00,CCGS LIMNOS,LAKE HURON,8,454500,-835500,61,116.3,2003-05-23 21:41:00,102,87.00,.00,0.00000000,,0,3.040000,T PROF,"TEMPERATURE PROFILER, WQP",DEG C,45.75000,-83.91667
200302003,2003-06-10 00:00:00,CCGS LIMNOS,LAKE HURON,8,454500,-835500,61,116.3,2003-05-23 21:41:00,102,87.50,.00,0.00000000,,0,3.040000,T PROF,"TEMPERATURE PROFILER, WQP",DEG C,45.75000,-83.91667
200302003,2003-06-10 00:00:00,CCGS LIMNOS,LAKE HURON,8,454500,-835500,61,116.3,2003-05-23 21:41:00,102,88.00,.00,0.00000000,,0,3.050000,T PROF,"TEMPERATURE PROFILER, WQP",DEG C,45.75000,-83.91667
200302003,2003-06-10 00:00:00,CCGS LIMNOS,LAKE HURON,8,454500,-835500,61,116.3,2003-05-23 21:41:00,102,88.50,.00,0.00000000,,0,3.050000,T PROF,"TEMPERATURE PROFILER, WQP",DEG C,45.75000,-83.91667
200302003,2003-06-10 00:00:00,CCGS LIMNOS,LAKE HURON,8,454500,-835500,61,116.3,2003-05-23 21:41:00,102,89.00,.00,0.00000000,,0,3.050000,T PROF,"TEMPERATURE PROFILER, WQP",DEG C,45.75000,-83.91667
200302003,2003-06-10 00:00:00,CCGS LIMNOS,LAKE HURON,8,454500,-835500,61,116.3,2003-05-23 21:41:00,102,89.50,.00,0.00000000,,0,3.060000,T PROF,"TEMPERATURE PROFILER, WQP",DEG C,45.75000,-83.91667
200302003,2003-06-10 00:00:00,CCGS LIMNOS,LAKE HURON,8,454500,-835500,61,116.3,2003-05-23 21:41:00,102,90.00,.00,0.00000000,,0,3.060000,T PROF,"TEMPERATURE PROFILER, WQP",DEG C,45.75000,-83.91667
200302003,2003-06-10 00:00:00,CCGS LIMNOS,LAKE HURON,8,454500,-835500,61,116.3,2003-05-23 21:41:00,102,90.50,.00,0.00000000,,0,3.060000,T PROF,"TEMPERATURE PROFILER, WQP",DEG C,45.75000,-83.91667
200302003,2003-06-10 00:00:00,CCGS LIMNOS,LAKE HURON,8,454500,-835500,61,116.3,2003-05-23 21:41:00,102,91.00,.00,0.00000000,,0,3.060000,T PROF,"TEMPERATURE PROFILER, WQP",DEG C,45.75000,-83.91667
200302003,2003-06-10 00:00:00,CCGS LIMNOS,LAKE HURON,8,454500,-835500,61,116.3,2003-05-23 21:41:00,102,91.50,.00,0.00000000,,0,3.060000,T PROF,"TEMPERATURE PROFILER, WQP",DEG C,45.75000,-83.91667
200302003,2003-06-10 00:00:00,CCGS LIMNOS,LAKE HURON,8,454500,-835500,61,116.3,2003-05-23 21:41:00,102,92.00,.00,0.00000000,,0,3.070000,T PROF,"TEMPERATURE PROFILER, WQP",DEG C,45.75000,-83.91667
200302003,2003-06-10 00:00:00,CCGS LIMNOS,LAKE HURON,8,454500,-835500,61,116.3,2003-05-23 21:41:00,102,92.50,.00,0.00000000,,0,3.070000,T PROF,"TEMPERATURE PROFILER, WQP",DEG C,45.75000,-83.91667
200302003,2003-06-10 00:00:00,CCGS LIMNOS,LAKE HURON,8,454500,-835500,61,116.3,2003-05-23 21:41:00,102,93.00,.00,0.00000000,,0,3.070000,T PROF,"TEMPERATURE PROFILER, WQP",DEG C,45.75000,-83.91667
200302003,2003-06-10 00:00:00,CCGS LIMNOS,LAKE HURON,8,454500,-835500,61,116.3,2003-05-23 21:41:00,102,93.50,.00,0.00000000,,0,3.080000,T PROF,"TEMPERATURE PROFILER, WQP",DEG C,45.75000,-83.91667
200302003,2003-06-10 00:00:00,CCGS LIMNOS,LAKE HURON,8,454500,-835500,61,116.3,2003-05-23 21:41:00,102,94.00,.00,0.00000000,,0,3.080000,T PROF,"TEMPERATURE PROFILER, WQP",DEG C,45.75000,-83.91667
200302003,2003-06-10 00:00:00,CCGS LIMNOS,LAKE HURON,8,454500,-835500,61,116.3,2003-05-23 21:41:00,102,94.50,.00,0.00000000,,0,3.080000,T PROF,"TEMPERATURE PROFILER, WQP",DEG C,45.75000,-83.91667
200302003,2003-06-10 00:00:00,CCGS LIMNOS,LAKE HURON,8,454500,-835500,61,116.3,2003-05-23 21:41:00,102,95.00,.00,0.00000000,,0,3.090000,T PROF,"TEMPERATURE PROFILER, WQP",DEG C,45.75000,-83.91667
200302003,2003-06-10 00:00:00,CCGS LIMNOS,LAKE HURON,8,454500,-835500,61,116.3,2003-05-23 21:41:00,102,95.50,.00,0.00000000,,0,3.080000,T PROF,"TEMPERATURE PROFILER, WQP",DEG C,45.75000,-83.91667
200302003,2003-06-10 00:00:00,CCGS LIMNOS,LAKE HURON,8,454500,-835500,61,116.3,2003-05-23 21:41:00,102,96.00,.00,0.00000000,,0,3.090000,T PROF,"TEMPERATURE PROFILER, WQP",DEG C,45.75000,-83.91667
200302003,2003-06-10 00:00:00,CCGS LIMNOS,LAKE HURON,8,454500,-835500,61,116.3,2003-05-23 21:41:00,102,96.50,.00,0.00000000,,0,3.090000,T PROF,"TEMPERATURE PROFILER, WQP",DEG C,45.75000,-83.91667
200302003,2003-06-10 00:00:00,CCGS LIMNOS,LAKE HURON,8,454500,-835500,61,116.3,2003-05-23 21:41:00,102,97.00,.00,0.00000000,,0,3.100000,T PROF,"TEMPERATURE PROFILER, WQP",DEG C,45.75000,-83.91667
200302003,2003-06-10 00:00:00,CCGS LIMNOS,LAKE HURON,8,454500,-835500,61,116.3,2003-05-23 21:41:00,102,97.50,.00,0.00000000,,0,3.100000,T PROF,"TEMPERATURE PROFILER, WQP",DEG C,45.75000,-83.91667
200302003,2003-06-10 00:00:00,CCGS LIMNOS,LAKE HURON,8,454500,-835500,61,116.3,2003-05-23 21:41:00,102,98.00,.00,0.00000000,,0,3.100000,T PROF,"TEMPERATURE PROFILER, WQP",DEG C,45.75000,-83.91667
200302003,2003-06-10 00:00:00,CCGS LIMNOS,LAKE HURON,8,454500,-835500,61,116.3,2003-05-23 21:41:00,102,98.50,.00,0.00000000,,0,3.100000,T PROF,"TEMPERATURE PROFILER, WQP",DEG C,45.75000,-83.91667
200302003,2003-06-10 00:00:00,CCGS LIMNOS,LAKE HURON,8,454500,-835500,61,116.3,2003-05-23 21:41:00,102,99.00,.00,0.00000000,,0,3.100000,T PROF,"TEMPERATURE PROFILER, WQP",DEG C,45.75000,-83.91667
200302003,2003-06-10 00:00:00,CCGS LIMNOS,LAKE HURON,8,454500,-835500,61,116.3,2003-05-23 21:41:00,102,99.50,.00,0.00000000,,0,3.100000,T PROF,"TEMPERATURE PROFILER, WQP",DEG C,45.75000,-83.91667
200302003,2003-06-10 00:00:00,CCGS LIMNOS,LAKE HURON,8,454500,-835500,61,116.3,2003-05-23 21:41:00,102,100.00,.00,0.00000000,,0,3.100000,T PROF,"TEMPERATURE PROFILER, WQP",DEG C,45.75000,-83.91667
200302003,2003-06-10 00:00:00,CCGS LIMNOS,LAKE HURON,8,454500,-835500,61,116.3,2003-05-23 21:41:00,102,100.50,.00,0.00000000,,0,3.110000,T PROF,"TEMPERATURE PROFILER, WQP",DEG C,45.75000,-83.91667
200302003,2003-06-10 00:00:00,CCGS LIMNOS,LAKE HURON,8,454500,-835500,61,116.3,2003-05-23 21:41:00,102,101.00,.00,0.00000000,,0,3.110000,T PROF,"TEMPERATURE PROFILER, WQP",DEG C,45.75000,-83.91667
200302003,2003-06-10 00:00:00,CCGS LIMNOS,LAKE HURON,8,454500,-835500,61,116.3,2003-05-23 21:41:00,102,101.50,.00,0.00000000,,0,3.110000,T PROF,"TEMPERATURE PROFILER, WQP",DEG C,45.75000,-83.91667
200302003,2003-06-10 00:00:00,CCGS LIMNOS,LAKE HURON,8,454500,-835500,61,116.3,2003-05-23 21:41:00,102,102.00,.00,0.00000000,,0,3.110000,T PROF,"TEMPERATURE PROFILER, WQP",DEG C,45.75000,-83.91667
200302003,2003-06-10 00:00:00,CCGS LIMNOS,LAKE HURON,8,454500,-835500,61,116.3,2003-05-23 21:41:00,102,102.50,.00,0.00000000,,0,3.120000,T PROF,"TEMPERATURE PROFILER, WQP",DEG C,45.75000,-83.91667
200302003,2003-06-10 00:00:00,CCGS LIMNOS,LAKE HURON,8,454500,-835500,61,116.3,2003-05-23 21:41:00,102,103.00,.00,0.00000000,,0,3.120000,T PROF,"TEMPERATURE PROFILER, WQP",DEG C,45.75000,-83.91667
200302003,2003-06-10 00:00:00,CCGS LIMNOS,LAKE HURON,8,454500,-835500,61,116.3,2003-05-23 21:41:00,102,103.50,.00,0.00000000,,0,3.120000,T PROF,"TEMPERATURE PROFILER, WQP",DEG C,45.75000,-83.91667
200302003,2003-06-10 00:00:00,CCGS LIMNOS,LAKE HURON,8,454500,-835500,61,116.3,2003-05-23 21:41:00,102,104.00,.00,0.00000000,,0,3.120000,T PROF,"TEMPERATURE PROFILER, WQP",DEG C,45.75000,-83.91667
200302003,2003-06-10 00:00:00,CCGS LIMNOS,LAKE HURON,8,454500,-835500,61,116.3,2003-05-23 21:41:00,102,104.50,.00,0.00000000,,0,3.120000,T PROF,"TEMPERATURE PROFILER, WQP",DEG C,45.75000,-83.91667
200302003,2003-06-10 00:00:00,CCGS LIMNOS,LAKE HURON,8,454500,-835500,61,116.3,2003-05-23 21:41:00,102,105.00,.00,0.00000000,,0,3.120000,T PROF,"TEMPERATURE PROFILER, WQP",DEG C,45.75000,-83.91667
200302003,2003-06-10 00:00:00,CCGS LIMNOS,LAKE HURON,8,454500,-835500,61,116.3,2003-05-23 21:41:00,102,105.50,.00,0.00000000,,0,3.130000,T PROF,"TEMPERATURE PROFILER, WQP",DEG C,45.75000,-83.91667
200302003,2003-06-10 00:00:00,CCGS LIMNOS,LAKE HURON,8,454500,-835500,61,116.3,2003-05-23 21:41:00,102,106.00,.00,0.00000000,,0,3.140000,T PROF,"TEMPERATURE PROFILER, WQP",DEG C,45.75000,-83.91667
200302003,2003-06-10 00:00:00,CCGS LIMNOS,LAKE HURON,8,454500,-835500,61,116.3,2003-05-23 21:41:00,102,106.50,.00,0.00000000,,0,3.140000,T PROF,"TEMPERATURE PROFILER, WQP",DEG C,45.75000,-83.91667
200302003,2003-06-10 00:00:00,CCGS LIMNOS,LAKE HURON,8,454500,-835500,61,116.3,2003-05-23 21:41:00,102,107.00,.00,0.00000000,,0,3.140000,T PROF,"TEMPERATURE PROFILER, WQP",DEG C,45.75000,-83.91667
200302003,2003-06-10 00:00:00,CCGS LIMNOS,LAKE HURON,8,454500,-835500,61,116.3,2003-05-23 21:41:00,102,107.50,.00,0.00000000,,0,3.140000,T PROF,"TEMPERATURE PROFILER, WQP",DEG C,45.75000,-83.91667
200302003,2003-06-10 00:00:00,CCGS LIMNOS,LAKE HURON,8,454500,-835500,61,116.3,2003-05-23 21:41:00,102,108.00,.00,0.00000000,,0,3.140000,T PROF,"TEMPERATURE PROFILER, WQP",DEG C,45.75000,-83.91667
200302003,2003-06-10 00:00:00,CCGS LIMNOS,LAKE HURON,8,454500,-835500,61,116.3,2003-05-23 21:41:00,102,108.50,.00,0.00000000,,0,3.160000,T PROF,"TEMPERATURE PROFILER, WQP",DEG C,45.75000,-83.91667
200302003,2003-06-10 00:00:00,CCGS LIMNOS,LAKE HURON,8,454500,-835500,61,116.3,2003-05-23 21:41:00,102,109.00,.00,0.00000000,,0,3.170000,T PROF,"TEMPERATURE PROFILER, WQP",DEG C,45.75000,-83.91667
200302003,2003-06-10 00:00:00,CCGS LIMNOS,LAKE HURON,8,454500,-835500,61,116.3,2003-05-23 21:41:00,102,109.50,.00,0.00000000,,0,3.180000,T PROF,"TEMPERATURE PROFILER, WQP",DEG C,45.75000,-83.91667
200302003,2003-06-10 00:00:00,CCGS LIMNOS,LAKE HURON,8,454500,-835500,61,116.3,2003-05-23 21:41:00,102,110.00,.00,0.00000000,,0,3.190000,T PROF,"TEMPERATURE PROFILER, WQP",DEG C,45.75000,-83.91667
200302003,2003-06-10 00:00:00,CCGS LIMNOS,LAKE HURON,8,454500,-835500,61,116.3,2003-05-23 21:41:00,102,110.50,.00,0.00000000,,0,3.200000,T PROF,"TEMPERATURE PROFILER, WQP",DEG C,45.75000,-83.91667
200302003,2003-06-10 00:00:00,CCGS LIMNOS,LAKE HURON,8,454500,-835500,61,116.3,2003-05-23 21:41:00,102,111.00,.00,0.00000000,,0,3.210000,T PROF,"TEMPERATURE PROFILER, WQP",DEG C,45.75000,-83.91667
200302003,2003-06-10 00:00:00,CCGS LIMNOS,LAKE HURON,8,454500,-835500,61,116.3,2003-05-23 21:41:00,102,111.50,.00,0.00000000,,0,3.220000,T PROF,"TEMPERATURE PROFILER, WQP",DEG C,45.75000,-83.91667
200302003,2003-06-10 00:00:00,CCGS LIMNOS,LAKE HURON,8,454500,-835500,61,116.3,2003-05-23 21:41:00,102,112.00,.00,0.00000000,,0,3.240000,T PROF,"TEMPERATURE PROFILER, WQP",DEG C,45.75000,-83.91667
200302003,2003-06-10 00:00:00,CCGS LIMNOS,LAKE HURON,8,454500,-835500,61,116.3,2003-05-23 21:41:00,102,112.50,.00,0.00000000,,0,3.250000,T PROF,"TEMPERATURE PROFILER, WQP",DEG C,45.75000,-83.91667
200302003,2003-06-10 00:00:00,CCGS LIMNOS,LAKE HURON,8,454500,-835500,61,116.3,2003-05-23 21:41:00,102,113.00,.00,0.00000000,,0,3.240000,T PROF,"TEMPERATURE PROFILER, WQP",DEG C,45.75000,-83.91667
200302003,2003-06-10 00:00:00,CCGS LIMNOS,LAKE HURON,8,454500,-835500,61,116.3,2003-05-23 21:41:00,102,113.50,.00,0.00000000,,0,3.250000,T PROF,"TEMPERATURE PROFILER, WQP",DEG C,45.75000,-83.91667
200302003,2003-06-10 00:00:00,CCGS LIMNOS,LAKE HURON,8,454500,-835500,61,116.3,2003-05-23 21:41:00,102,114.00,.00,0.00000000,,0,3.250000,T PROF,"TEMPERATURE PROFILER, WQP",DEG C,45.75000,-83.91667
200302003,2003-06-10 00:00:00,CCGS LIMNOS,LAKE HURON,8,454500,-835500,61,116.3,2003-05-23 21:41:00,102,114.50,.00,0.00000000,,0,3.250000,T PROF,"TEMPERATURE PROFILER, WQP",DEG C,45.75000,-83.91667
200302003,2003-06-10 00:00:00,CCGS LIMNOS,LAKE HURON,8,454500,-835500,61,116.3,2003-05-23 21:41:00,102,115.00,.00,0.00000000,,0,3.250000,T PROF,"TEMPERATURE PROFILER, WQP",DEG C,45.75000,-83.91667
200302003,2003-06-10 00:00:00,CCGS LIMNOS,LAKE HURON,8,454500,-835500,61,116.3,2003-05-23 21:41:00,102,115.50,.00,0.00000000,,0,3.250000,T PROF,"TEMPERATURE PROFILER, WQP",DEG C,45.75000,-83.91667
200302003,2003-06-10 00:00:00,CCGS LIMNOS,LAKE HURON,8,454500,-835500,61,116.3,2003-05-23 21:41:00,102,116.00,.00,0.00000000,,0,3.250000,T PROF,"TEMPERATURE PROFILER, WQP",DEG C,45.75000,-83.91667
200302003,2003-06-10 00:00:00,CCGS LIMNOS,LAKE HURON,9,453059,-832502,54,120.4,2003-05-24 00:23:00,102,.00,.00,0.00000000,,0,2.170000,T PROF,"TEMPERATURE PROFILER, WQP",DEG C,45.51639,-83.41722
200302003,2003-06-10 00:00:00,CCGS LIMNOS,LAKE HURON,9,453059,-832502,54,120.4,2003-05-24 00:23:00,102,.50,.00,0.00000000,,0,2.120000,T PROF,"TEMPERATURE PROFILER, WQP",DEG C,45.51639,-83.41722
200302003,2003-06-10 00:00:00,CCGS LIMNOS,LAKE HURON,9,453059,-832502,54,120.4,2003-05-24 00:23:00,102,1.00,.00,0.00000000,,0,2.100000,T PROF,"TEMPERATURE PROFILER, WQP",DEG C,45.51639,-83.41722
200302003,2003-06-10 00:00:00,CCGS LIMNOS,LAKE HURON,9,453059,-832502,54,120.4,2003-05-24 00:23:00,102,1.50,.00,0.00000000,,0,2.100000,T PROF,"TEMPERATURE PROFILER, WQP",DEG C,45.51639,-83.41722
200302003,2003-06-10 00:00:00,CCGS LIMNOS,LAKE HURON,9,453059,-832502,54,120.4,2003-05-24 00:23:00,102,2.00,.00,0.00000000,,0,2.100000,T PROF,"TEMPERATURE PROFILER, WQP",DEG C,45.51639,-83.41722
200302003,2003-06-10 00:00:00,CCGS LIMNOS,LAKE HURON,9,453059,-832502,54,120.4,2003-05-24 00:23:00,102,2.50,.00,0.00000000,,0,2.100000,T PROF,"TEMPERATURE PROFILER, WQP",DEG C,45.51639,-83.41722
200302003,2003-06-10 00:00:00,CCGS LIMNOS,LAKE HURON,9,453059,-832502,54,120.4,2003-05-24 00:23:00,102,3.00,.00,0.00000000,,0,2.100000,T PROF,"TEMPERATURE PROFILER, WQP",DEG C,45.51639,-83.41722
200302003,2003-06-10 00:00:00,CCGS LIMNOS,LAKE HURON,9,453059,-832502,54,120.4,2003-05-24 00:23:00,102,3.50,.00,0.00000000,,0,2.100000,T PROF,"TEMPERATURE PROFILER, WQP",DEG C,45.51639,-83.41722
200302003,2003-06-10 00:00:00,CCGS LIMNOS,LAKE HURON,9,453059,-832502,54,120.4,2003-05-24 00:23:00,102,4.00,.00,0.00000000,,0,2.100000,T PROF,"TEMPERATURE PROFILER, WQP",DEG C,45.51639,-83.41722
200302003,2003-06-10 00:00:00,CCGS LIMNOS,LAKE HURON,9,453059,-832502,54,120.4,2003-05-24 00:23:00,102,4.50,.00,0.00000000,,0,2.110000,T PROF,"TEMPERATURE PROFILER, WQP",DEG C,45.51639,-83.41722
200302003,2003-06-10 00:00:00,CCGS LIMNOS,LAKE HURON,9,453059,-832502,54,120.4,2003-05-24 00:23:00,102,5.00,.00,0.00000000,,0,2.110000,T PROF,"TEMPERATURE PROFILER, WQP",DEG C,45.51639,-83.41722
200302003,2003-06-10 00:00:00,CCGS LIMNOS,LAKE HURON,9,453059,-832502,54,120.4,2003-05-24 00:23:00,102,5.50,.00,0.00000000,,0,2.110000,T PROF,"TEMPERATURE PROFILER, WQP",DEG C,45.51639,-83.41722
200302003,2003-06-10 00:00:00,CCGS LIMNOS,LAKE HURON,9,453059,-832502,54,120.4,2003-05-24 00:23:00,102,6.00,.00,0.00000000,,0,2.110000,T PROF,"TEMPERATURE PROFILER, WQP",DEG C,45.51639,-83.41722
200302003,2003-06-10 00:00:00,CCGS LIMNOS,LAKE HURON,9,453059,-832502,54,120.4,2003-05-24 00:23:00,102,6.50,.00,0.00000000,,0,2.100000,T PROF,"TEMPERATURE PROFILER, WQP",DEG C,45.51639,-83.41722
200302003,2003-06-10 00:00:00,CCGS LIMNOS,LAKE HURON,9,453059,-832502,54,120.4,2003-05-24 00:23:00,102,7.00,.00,0.00000000,,0,2.090000,T PROF,"TEMPERATURE PROFILER, WQP",DEG C,45.51639,-83.41722
200302003,2003-06-10 00:00:00,CCGS LIMNOS,LAKE HURON,9,453059,-832502,54,120.4,2003-05-24 00:23:00,102,7.50,.00,0.00000000,,0,2.090000,T PROF,"TEMPERATURE PROFILER, WQP",DEG C,45.51639,-83.41722
200302003,2003-06-10 00:00:00,CCGS LIMNOS,LAKE HURON,9,453059,-832502,54,120.4,2003-05-24 00:23:00,102,8.00,.00,0.00000000,,0,2.090000,T PROF,"TEMPERATURE PROFILER, WQP",DEG C,45.51639,-83.41722
200302003,2003-06-10 00:00:00,CCGS LIMNOS,LAKE HURON,9,453059,-832502,54,120.4,2003-05-24 00:23:00,102,8.50,.00,0.00000000,,0,2.090000,T PROF,"TEMPERATURE PROFILER, WQP",DEG C,45.51639,-83.41722
200302003,2003-06-10 00:00:00,CCGS LIMNOS,LAKE HURON,9,453059,-832502,54,120.4,2003-05-24 00:23:00,102,9.00,.00,0.00000000,,0,2.090000,T PROF,"TEMPERATURE PROFILER, WQP",DEG C,45.51639,-83.41722
200302003,2003-06-10 00:00:00,CCGS LIMNOS,LAKE HURON,9,453059,-832502,54,120.4,2003-05-24 00:23:00,102,9.50,.00,0.00000000,,0,2.090000,T PROF,"TEMPERATURE PROFILER, WQP",DEG C,45.51639,-83.41722
200302003,2003-06-10 00:00:00,CCGS LIMNOS,LAKE HURON,9,453059,-832502,54,120.4,2003-05-24 00:23:00,102,10.00,.00,0.00000000,,0,2.090000,T PROF,"TEMPERATURE PROFILER, WQP",DEG C,45.51639,-83.41722
200302003,2003-06-10 00:00:00,CCGS LIMNOS,LAKE HURON,9,453059,-832502,54,120.4,2003-05-24 00:23:00,102,10.50,.00,0.00000000,,0,2.090000,T PROF,"TEMPERATURE PROFILER, WQP",DEG C,45.51639,-83.41722
200302003,2003-06-10 00:00:00,CCGS LIMNOS,LAKE HURON,9,453059,-832502,54,120.4,2003-05-24 00:23:00,102,11.00,.00,0.00000000,,0,2.090000,T PROF,"TEMPERATURE PROFILER, WQP",DEG C,45.51639,-83.41722
200302003,2003-06-10 00:00:00,CCGS LIMNOS,LAKE HURON,9,453059,-832502,54,120.4,2003-05-24 00:23:00,102,11.50,.00,0.00000000,,0,2.090000,T PROF,"TEMPERATURE PROFILER, WQP",DEG C,45.51639,-83.41722
200302003,2003-06-10 00:00:00,CCGS LIMNOS,LAKE HURON,9,453059,-832502,54,120.4,2003-05-24 00:23:00,102,12.00,.00,0.00000000,,0,2.090000,T PROF,"TEMPERATURE PROFILER, WQP",DEG C,45.51639,-83.41722
200302003,2003-06-10 00:00:00,CCGS LIMNOS,LAKE HURON,9,453059,-832502,54,120.4,2003-05-24 00:23:00,102,12.50,.00,0.00000000,,0,2.090000,T PROF,"TEMPERATURE PROFILER, WQP",DEG C,45.51639,-83.41722
200302003,2003-06-10 00:00:00,CCGS LIMNOS,LAKE HURON,9,453059,-832502,54,120.4,2003-05-24 00:23:00,102,13.00,.00,0.00000000,,0,2.090000,T PROF,"TEMPERATURE PROFILER, WQP",DEG C,45.51639,-83.41722
200302003,2003-06-10 00:00:00,CCGS LIMNOS,LAKE HURON,9,453059,-832502,54,120.4,2003-05-24 00:23:00,102,13.50,.00,0.00000000,,0,2.090000,T PROF,"TEMPERATURE PROFILER, WQP",DEG C,45.51639,-83.41722
200302003,2003-06-10 00:00:00,CCGS LIMNOS,LAKE HURON,9,453059,-832502,54,120.4,2003-05-24 00:23:00,102,14.00,.00,0.00000000,,0,2.090000,T PROF,"TEMPERATURE PROFILER, WQP",DEG C,45.51639,-83.41722
200302003,2003-06-10 00:00:00,CCGS LIMNOS,LAKE HURON,9,453059,-832502,54,120.4,2003-05-24 00:23:00,102,14.50,.00,0.00000000,,0,2.090000,T PROF,"TEMPERATURE PROFILER, WQP",DEG C,45.51639,-83.41722
200302003,2003-06-10 00:00:00,CCGS LIMNOS,LAKE HURON,9,453059,-832502,54,120.4,2003-05-24 00:23:00,102,15.00,.00,0.00000000,,0,2.090000,T PROF,"TEMPERATURE PROFILER, WQP",DEG C,45.51639,-83.41722
200302003,2003-06-10 00:00:00,CCGS LIMNOS,LAKE HURON,9,453059,-832502,54,120.4,2003-05-24 00:23:00,102,15.50,.00,0.00000000,,0,2.090000,T PROF,"TEMPERATURE PROFILER, WQP",DEG C,45.51639,-83.41722
200302003,2003-06-10 00:00:00,CCGS LIMNOS,LAKE HURON,9,453059,-832502,54,120.4,2003-05-24 00:23:00,102,16.00,.00,0.00000000,,0,2.090000,T PROF,"TEMPERATURE PROFILER, WQP",DEG C,45.51639,-83.41722
200302003,2003-06-10 00:00:00,CCGS LIMNOS,LAKE HURON,9,453059,-832502,54,120.4,2003-05-24 00:23:00,102,16.50,.00,0.00000000,,0,2.090000,T PROF,"TEMPERATURE PROFILER, WQP",DEG C,45.51639,-83.41722
200302003,2003-06-10 00:00:00,CCGS LIMNOS,LAKE HURON,9,453059,-832502,54,120.4,2003-05-24 00:23:00,102,17.00,.00,0.00000000,,0,2.090000,T PROF,"TEMPERATURE PROFILER, WQP",DEG C,45.51639,-83.41722
200302003,2003-06-10 00:00:00,CCGS LIMNOS,LAKE HURON,9,453059,-832502,54,120.4,2003-05-24 00:23:00,102,17.50,.00,0.00000000,,0,2.090000,T PROF,"TEMPERATURE PROFILER, WQP",DEG C,45.51639,-83.41722
200302003,2003-06-10 00:00:00,CCGS LIMNOS,LAKE HURON,9,453059,-832502,54,120.4,2003-05-24 00:23:00,102,18.00,.00,0.00000000,,0,2.090000,T PROF,"TEMPERATURE PROFILER, WQP",DEG C,45.51639,-83.41722
200302003,2003-06-10 00:00:00,CCGS LIMNOS,LAKE HURON,9,453059,-832502,54,120.4,2003-05-24 00:23:00,102,18.50,.00,0.00000000,,0,2.090000,T PROF,"TEMPERATURE PROFILER, WQP",DEG C,45.51639,-83.41722
200302003,2003-06-10 00:00:00,CCGS LIMNOS,LAKE HURON,9,453059,-832502,54,120.4,2003-05-24 00:23:00,102,19.00,.00,0.00000000,,0,2.090000,T PROF,"TEMPERATURE PROFILER, WQP",DEG C,45.51639,-83.41722
200302003,2003-06-10 00:00:00,CCGS LIMNOS,LAKE HURON,9,453059,-832502,54,120.4,2003-05-24 00:23:00,102,19.50,.00,0.00000000,,0,2.090000,T PROF,"TEMPERATURE PROFILER, WQP",DEG C,45.51639,-83.41722
200302003,2003-06-10 00:00:00,CCGS LIMNOS,LAKE HURON,9,453059,-832502,54,120.4,2003-05-24 00:23:00,102,20.00,.00,0.00000000,,0,2.090000,T PROF,"TEMPERATURE PROFILER, WQP",DEG C,45.51639,-83.41722
200302003,2003-06-10 00:00:00,CCGS LIMNOS,LAKE HURON,9,453059,-832502,54,120.4,2003-05-24 00:23:00,102,20.50,.00,0.00000000,,0,2.090000,T PROF,"TEMPERATURE PROFILER, WQP",DEG C,45.51639,-83.41722
200302003,2003-06-10 00:00:00,CCGS LIMNOS,LAKE HURON,9,453059,-832502,54,120.4,2003-05-24 00:23:00,102,21.00,.00,0.00000000,,0,2.090000,T PROF,"TEMPERATURE PROFILER, WQP",DEG C,45.51639,-83.41722
200302003,2003-06-10 00:00:00,CCGS LIMNOS,LAKE HURON,9,453059,-832502,54,120.4,2003-05-24 00:23:00,102,21.50,.00,0.00000000,,0,2.090000,T PROF,"TEMPERATURE PROFILER, WQP",DEG C,45.51639,-83.41722
200302003,2003-06-10 00:00:00,CCGS LIMNOS,LAKE HURON,9,453059,-832502,54,120.4,2003-05-24 00:23:00,102,22.00,.00,0.00000000,,0,2.090000,T PROF,"TEMPERATURE PROFILER, WQP",DEG C,45.51639,-83.41722
200302003,2003-06-10 00:00:00,CCGS LIMNOS,LAKE HURON,9,453059,-832502,54,120.4,2003-05-24 00:23:00,102,22.50,.00,0.00000000,,0,2.090000,T PROF,"TEMPERATURE PROFILER, WQP",DEG C,45.51639,-83.41722
200302003,2003-06-10 00:00:00,CCGS LIMNOS,LAKE HURON,9,453059,-832502,54,120.4,2003-05-24 00:23:00,102,23.00,.00,0.00000000,,0,2.090000,T PROF,"TEMPERATURE PROFILER, WQP",DEG C,45.51639,-83.41722
200302003,2003-06-10 00:00:00,CCGS LIMNOS,LAKE HURON,9,453059,-832502,54,120.4,2003-05-24 00:23:00,102,23.50,.00,0.00000000,,0,2.090000,T PROF,"TEMPERATURE PROFILER, WQP",DEG C,45.51639,-83.41722
200302003,2003-06-10 00:00:00,CCGS LIMNOS,LAKE HURON,9,453059,-832502,54,120.4,2003-05-24 00:23:00,102,24.00,.00,0.00000000,,0,2.090000,T PROF,"TEMPERATURE PROFILER, WQP",DEG C,45.51639,-83.41722
200302003,2003-06-10 00:00:00,CCGS LIMNOS,LAKE HURON,9,453059,-832502,54,120.4,2003-05-24 00:23:00,102,24.50,.00,0.00000000,,0,2.090000,T PROF,"TEMPERATURE PROFILER, WQP",DEG C,45.51639,-83.41722
200302003,2003-06-10 00:00:00,CCGS LIMNOS,LAKE HURON,9,453059,-832502,54,120.4,2003-05-24 00:23:00,102,25.00,.00,0.00000000,,0,2.090000,T PROF,"TEMPERATURE PROFILER, WQP",DEG C,45.51639,-83.41722
200302003,2003-06-10 00:00:00,CCGS LIMNOS,LAKE HURON,9,453059,-832502,54,120.4,2003-05-24 00:23:00,102,25.50,.00,0.00000000,,0,2.090000,T PROF,"TEMPERATURE PROFILER, WQP",DEG C,45.51639,-83.41722
200302003,2003-06-10 00:00:00,CCGS LIMNOS,LAKE HURON,9,453059,-832502,54,120.4,2003-05-24 00:23:00,102,26.00,.00,0.00000000,,0,2.090000,T PROF,"TEMPERATURE PROFILER, WQP",DEG C,45.51639,-83.41722
200302003,2003-06-10 00:00:00,CCGS LIMNOS,LAKE HURON,9,453059,-832502,54,120.4,2003-05-24 00:23:00,102,26.50,.00,0.00000000,,0,2.090000,T PROF,"TEMPERATURE PROFILER, WQP",DEG C,45.51639,-83.41722
200302003,2003-06-10 00:00:00,CCGS LIMNOS,LAKE HURON,9,453059,-832502,54,120.4,2003-05-24 00:23:00,102,27.00,.00,0.00000000,,0,2.090000,T PROF,"TEMPERATURE PROFILER, WQP",DEG C,45.51639,-83.41722
200302003,2003-06-10 00:00:00,CCGS LIMNOS,LAKE HURON,9,453059,-832502,54,120.4,2003-05-24 00:23:00,102,27.50,.00,0.00000000,,0,2.090000,T PROF,"TEMPERATURE PROFILER, WQP",DEG C,45.51639,-83.41722
200302003,2003-06-10 00:00:00,CCGS LIMNOS,LAKE HURON,9,453059,-832502,54,120.4,2003-05-24 00:23:00,102,28.00,.00,0.00000000,,0,2.090000,T PROF,"TEMPERATURE PROFILER, WQP",DEG C,45.51639,-83.41722
200302003,2003-06-10 00:00:00,CCGS LIMNOS,LAKE HURON,9,453059,-832502,54,120.4,2003-05-24 00:23:00,102,28.50,.00,0.00000000,,0,2.090000,T PROF,"TEMPERATURE PROFILER, WQP",DEG C,45.51639,-83.41722
200302003,2003-06-10 00:00:00,CCGS LIMNOS,LAKE HURON,9,453059,-832502,54,120.4,2003-05-24 00:23:00,102,29.00,.00,0.00000000,,0,2.090000,T PROF,"TEMPERATURE PROFILER, WQP",DEG C,45.51639,-83.41722
200302003,2003-06-10 00:00:00,CCGS LIMNOS,LAKE HURON,9,453059,-832502,54,120.4,2003-05-24 00:23:00,102,29.50,.00,0.00000000,,0,2.090000,T PROF,"TEMPERATURE PROFILER, WQP",DEG C,45.51639,-83.41722
200302003,2003-06-10 00:00:00,CCGS LIMNOS,LAKE HURON,9,453059,-832502,54,120.4,2003-05-24 00:23:00,102,30.00,.00,0.00000000,,0,2.090000,T PROF,"TEMPERATURE PROFILER, WQP",DEG C,45.51639,-83.41722
200302003,2003-06-10 00:00:00,CCGS LIMNOS,LAKE HURON,9,453059,-832502,54,120.4,2003-05-24 00:23:00,102,30.50,.00,0.00000000,,0,2.090000,T PROF,"TEMPERATURE PROFILER, WQP",DEG C,45.51639,-83.41722
200302003,2003-06-10 00:00:00,CCGS LIMNOS,LAKE HURON,9,453059,-832502,54,120.4,2003-05-24 00:23:00,102,31.00,.00,0.00000000,,0,2.090000,T PROF,"TEMPERATURE PROFILER, WQP",DEG C,45.51639,-83.41722
200302003,2003-06-10 00:00:00,CCGS LIMNOS,LAKE HURON,9,453059,-832502,54,120.4,2003-05-24 00:23:00,102,31.50,.00,0.00000000,,0,2.090000,T PROF,"TEMPERATURE PROFILER, WQP",DEG C,45.51639,-83.41722
200302003,2003-06-10 00:00:00,CCGS LIMNOS,LAKE HURON,9,453059,-832502,54,120.4,2003-05-24 00:23:00,102,32.00,.00,0.00000000,,0,2.090000,T PROF,"TEMPERATURE PROFILER, WQP",DEG C,45.51639,-83.41722
200302003,2003-06-10 00:00:00,CCGS LIMNOS,LAKE HURON,9,453059,-832502,54,120.4,2003-05-24 00:23:00,102,32.50,.00,0.00000000,,0,2.090000,T PROF,"TEMPERATURE PROFILER, WQP",DEG C,45.51639,-83.41722
200302003,2003-06-10 00:00:00,CCGS LIMNOS,LAKE HURON,9,453059,-832502,54,120.4,2003-05-24 00:23:00,102,33.00,.00,0.00000000,,0,2.090000,T PROF,"TEMPERATURE PROFILER, WQP",DEG C,45.51639,-83.41722
200302003,2003-06-10 00:00:00,CCGS LIMNOS,LAKE HURON,9,453059,-832502,54,120.4,2003-05-24 00:23:00,102,33.50,.00,0.00000000,,0,2.090000,T PROF,"TEMPERATURE PROFILER, WQP",DEG C,45.51639,-83.41722
200302003,2003-06-10 00:00:00,CCGS LIMNOS,LAKE HURON,9,453059,-832502,54,120.4,2003-05-24 00:23:00,102,34.00,.00,0.00000000,,0,2.090000,T PROF,"TEMPERATURE PROFILER, WQP",DEG C,45.51639,-83.41722
200302003,2003-06-10 00:00:00,CCGS LIMNOS,LAKE HURON,9,453059,-832502,54,120.4,2003-05-24 00:23:00,102,34.50,.00,0.00000000,,0,2.090000,T PROF,"TEMPERATURE PROFILER, WQP",DEG C,45.51639,-83.41722
200302003,2003-06-10 00:00:00,CCGS LIMNOS,LAKE HURON,9,453059,-832502,54,120.4,2003-05-24 00:23:00,102,35.00,.00,0.00000000,,0,2.090000,T PROF,"TEMPERATURE PROFILER, WQP",DEG C,45.51639,-83.41722
200302003,2003-06-10 00:00:00,CCGS LIMNOS,LAKE HURON,9,453059,-832502,54,120.4,2003-05-24 00:23:00,102,35.50,.00,0.00000000,,0,2.090000,T PROF,"TEMPERATURE PROFILER, WQP",DEG C,45.51639,-83.41722
200302003,2003-06-10 00:00:00,CCGS LIMNOS,LAKE HURON,9,453059,-832502,54,120.4,2003-05-24 00:23:00,102,36.00,.00,0.00000000,,0,2.090000,T PROF,"TEMPERATURE PROFILER, WQP",DEG C,45.51639,-83.41722
200302003,2003-06-10 00:00:00,CCGS LIMNOS,LAKE HURON,9,453059,-832502,54,120.4,2003-05-24 00:23:00,102,36.50,.00,0.00000000,,0,2.090000,T PROF,"TEMPERATURE PROFILER, WQP",DEG C,45.51639,-83.41722
200302003,2003-06-10 00:00:00,CCGS LIMNOS,LAKE HURON,9,453059,-832502,54,120.4,2003-05-24 00:23:00,102,37.00,.00,0.00000000,,0,2.090000,T PROF,"TEMPERATURE PROFILER, WQP",DEG C,45.51639,-83.41722
200302003,2003-06-10 00:00:00,CCGS LIMNOS,LAKE HURON,9,453059,-832502,54,120.4,2003-05-24 00:23:00,102,37.50,.00,0.00000000,,0,2.090000,T PROF,"TEMPERATURE PROFILER, WQP",DEG C,45.51639,-83.41722
200302003,2003-06-10 00:00:00,CCGS LIMNOS,LAKE HURON,9,453059,-832502,54,120.4,2003-05-24 00:23:00,102,38.00,.00,0.00000000,,0,2.090000,T PROF,"TEMPERATURE PROFILER, WQP",DEG C,45.51639,-83.41722
200302003,2003-06-10 00:00:00,CCGS LIMNOS,LAKE HURON,9,453059,-832502,54,120.4,2003-05-24 00:23:00,102,38.50,.00,0.00000000,,0,2.100000,T PROF,"TEMPERATURE PROFILER, WQP",DEG C,45.51639,-83.41722
200302003,2003-06-10 00:00:00,CCGS LIMNOS,LAKE HURON,9,453059,-832502,54,120.4,2003-05-24 00:23:00,102,39.00,.00,0.00000000,,0,2.100000,T PROF,"TEMPERATURE PROFILER, WQP",DEG C,45.51639,-83.41722
200302003,2003-06-10 00:00:00,CCGS LIMNOS,LAKE HURON,9,453059,-832502,54,120.4,2003-05-24 00:23:00,102,39.50,.00,0.00000000,,0,2.100000,T PROF,"TEMPERATURE PROFILER, WQP",DEG C,45.51639,-83.41722
200302003,2003-06-10 00:00:00,CCGS LIMNOS,LAKE HURON,9,453059,-832502,54,120.4,2003-05-24 00:23:00,102,40.00,.00,0.00000000,,0,2.100000,T PROF,"TEMPERATURE PROFILER, WQP",DEG C,45.51639,-83.41722
200302003,2003-06-10 00:00:00,CCGS LIMNOS,LAKE HURON,9,453059,-832502,54,120.4,2003-05-24 00:23:00,102,40.50,.00,0.00000000,,0,2.090000,T PROF,"TEMPERATURE PROFILER, WQP",DEG C,45.51639,-83.41722
200302003,2003-06-10 00:00:00,CCGS LIMNOS,LAKE HURON,9,453059,-832502,54,120.4,2003-05-24 00:23:00,102,41.00,.00,0.00000000,,0,2.090000,T PROF,"TEMPERATURE PROFILER, WQP",DEG C,45.51639,-83.41722
200302003,2003-06-10 00:00:00,CCGS LIMNOS,LAKE HURON,9,453059,-832502,54,120.4,2003-05-24 00:23:00,102,41.50,.00,0.00000000,,0,2.100000,T PROF,"TEMPERATURE PROFILER, WQP",DEG C,45.51639,-83.41722
200302003,2003-06-10 00:00:00,CCGS LIMNOS,LAKE HURON,9,453059,-832502,54,120.4,2003-05-24 00:23:00,102,42.00,.00,0.00000000,,0,2.090000,T PROF,"TEMPERATURE PROFILER, WQP",DEG C,45.51639,-83.41722
200302003,2003-06-10 00:00:00,CCGS LIMNOS,LAKE HURON,9,453059,-832502,54,120.4,2003-05-24 00:23:00,102,42.50,.00,0.00000000,,0,2.090000,T PROF,"TEMPERATURE PROFILER, WQP",DEG C,45.51639,-83.41722
200302003,2003-06-10 00:00:00,CCGS LIMNOS,LAKE HURON,9,453059,-832502,54,120.4,2003-05-24 00:23:00,102,43.00,.00,0.00000000,,0,2.090000,T PROF,"TEMPERATURE PROFILER, WQP",DEG C,45.51639,-83.41722
200302003,2003-06-10 00:00:00,CCGS LIMNOS,LAKE HURON,9,453059,-832502,54,120.4,2003-05-24 00:23:00,102,43.50,.00,0.00000000,,0,2.090000,T PROF,"TEMPERATURE PROFILER, WQP",DEG C,45.51639,-83.41722
200302003,2003-06-10 00:00:00,CCGS LIMNOS,LAKE HURON,9,453059,-832502,54,120.4,2003-05-24 00:23:00,102,44.00,.00,0.00000000,,0,2.090000,T PROF,"TEMPERATURE PROFILER, WQP",DEG C,45.51639,-83.41722
200302003,2003-06-10 00:00:00,CCGS LIMNOS,LAKE HURON,9,453059,-832502,54,120.4,2003-05-24 00:23:00,102,44.50,.00,0.00000000,,0,2.090000,T PROF,"TEMPERATURE PROFILER, WQP",DEG C,45.51639,-83.41722
200302003,2003-06-10 00:00:00,CCGS LIMNOS,LAKE HURON,9,453059,-832502,54,120.4,2003-05-24 00:23:00,102,45.00,.00,0.00000000,,0,2.090000,T PROF,"TEMPERATURE PROFILER, WQP",DEG C,45.51639,-83.41722
200302003,2003-06-10 00:00:00,CCGS LIMNOS,LAKE HURON,9,453059,-832502,54,120.4,2003-05-24 00:23:00,102,45.50,.00,0.00000000,,0,2.090000,T PROF,"TEMPERATURE PROFILER, WQP",DEG C,45.51639,-83.41722
200302003,2003-06-10 00:00:00,CCGS LIMNOS,LAKE HURON,9,453059,-832502,54,120.4,2003-05-24 00:23:00,102,46.00,.00,0.00000000,,0,2.090000,T PROF,"TEMPERATURE PROFILER, WQP",DEG C,45.51639,-83.41722
200302003,2003-06-10 00:00:00,CCGS LIMNOS,LAKE HURON,9,453059,-832502,54,120.4,2003-05-24 00:23:00,102,46.50,.00,0.00000000,,0,2.090000,T PROF,"TEMPERATURE PROFILER, WQP",DEG C,45.51639,-83.41722
200302003,2003-06-10 00:00:00,CCGS LIMNOS,LAKE HURON,9,453059,-832502,54,120.4,2003-05-24 00:23:00,102,47.00,.00,0.00000000,,0,2.090000,T PROF,"TEMPERATURE PROFILER, WQP",DEG C,45.51639,-83.41722
200302003,2003-06-10 00:00:00,CCGS LIMNOS,LAKE HURON,9,453059,-832502,54,120.4,2003-05-24 00:23:00,102,47.50,.00,0.00000000,,0,2.090000,T PROF,"TEMPERATURE PROFILER, WQP",DEG C,45.51639,-83.41722
200302003,2003-06-10 00:00:00,CCGS LIMNOS,LAKE HURON,9,453059,-832502,54,120.4,2003-05-24 00:23:00,102,48.00,.00,0.00000000,,0,2.090000,T PROF,"TEMPERATURE PROFILER, WQP",DEG C,45.51639,-83.41722
200302003,2003-06-10 00:00:00,CCGS LIMNOS,LAKE HURON,9,453059,-832502,54,120.4,2003-05-24 00:23:00,102,48.50,.00,0.00000000,,0,2.090000,T PROF,"TEMPERATURE PROFILER, WQP",DEG C,45.51639,-83.41722
200302003,2003-06-10 00:00:00,CCGS LIMNOS,LAKE HURON,9,453059,-832502,54,120.4,2003-05-24 00:23:00,102,49.00,.00,0.00000000,,0,2.090000,T PROF,"TEMPERATURE PROFILER, WQP",DEG C,45.51639,-83.41722
200302003,2003-06-10 00:00:00,CCGS LIMNOS,LAKE HURON,9,453059,-832502,54,120.4,2003-05-24 00:23:00,102,49.50,.00,0.00000000,,0,2.090000,T PROF,"TEMPERATURE PROFILER, WQP",DEG C,45.51639,-83.41722
200302003,2003-06-10 00:00:00,CCGS LIMNOS,LAKE HURON,9,453059,-832502,54,120.4,2003-05-24 00:23:00,102,50.00,.00,0.00000000,,0,2.100000,T PROF,"TEMPERATURE PROFILER, WQP",DEG C,45.51639,-83.41722
200302003,2003-06-10 00:00:00,CCGS LIMNOS,LAKE HURON,9,453059,-832502,54,120.4,2003-05-24 00:23:00,102,50.50,.00,0.00000000,,0,2.100000,T PROF,"TEMPERATURE PROFILER, WQP",DEG C,45.51639,-83.41722
200302003,2003-06-10 00:00:00,CCGS LIMNOS,LAKE HURON,9,453059,-832502,54,120.4,2003-05-24 00:23:00,102,51.00,.00,0.00000000,,0,2.110000,T PROF,"TEMPERATURE PROFILER, WQP",DEG C,45.51639,-83.41722
200302003,2003-06-10 00:00:00,CCGS LIMNOS,LAKE HURON,9,453059,-832502,54,120.4,2003-05-24 00:23:00,102,51.50,.00,0.00000000,,0,2.110000,T PROF,"TEMPERATURE PROFILER, WQP",DEG C,45.51639,-83.41722
200302003,2003-06-10 00:00:00,CCGS LIMNOS,LAKE HURON,9,453059,-832502,54,120.4,2003-05-24 00:23:00,102,52.00,.00,0.00000000,,0,2.110000,T PROF,"TEMPERATURE PROFILER, WQP",DEG C,45.51639,-83.41722
200302003,2003-06-10 00:00:00,CCGS LIMNOS,LAKE HURON,9,453059,-832502,54,120.4,2003-05-24 00:23:00,102,52.50,.00,0.00000000,,0,2.110000,T PROF,"TEMPERATURE PROFILER, WQP",DEG C,45.51639,-83.41722
200302003,2003-06-10 00:00:00,CCGS LIMNOS,LAKE HURON,9,453059,-832502,54,120.4,2003-05-24 00:23:00,102,53.00,.00,0.00000000,,0,2.110000,T PROF,"TEMPERATURE PROFILER, WQP",DEG C,45.51639,-83.41722
200302003,2003-06-10 00:00:00,CCGS LIMNOS,LAKE HURON,9,453059,-832502,54,120.4,2003-05-24 00:23:00,102,53.50,.00,0.00000000,,0,2.110000,T PROF,"TEMPERATURE PROFILER, WQP",DEG C,45.51639,-83.41722
200302003,2003-06-10 00:00:00,CCGS LIMNOS,LAKE HURON,9,453059,-832502,54,120.4,2003-05-24 00:23:00,102,54.00,.00,0.00000000,,0,2.110000,T PROF,"TEMPERATURE PROFILER, WQP",DEG C,45.51639,-83.41722
200302003,2003-06-10 00:00:00,CCGS LIMNOS,LAKE HURON,9,453059,-832502,54,120.4,2003-05-24 00:23:00,102,54.50,.00,0.00000000,,0,2.110000,T PROF,"TEMPERATURE PROFILER, WQP",DEG C,45.51639,-83.41722
200302003,2003-06-10 00:00:00,CCGS LIMNOS,LAKE HURON,9,453059,-832502,54,120.4,2003-05-24 00:23:00,102,55.00,.00,0.00000000,,0,2.110000,T PROF,"TEMPERATURE PROFILER, WQP",DEG C,45.51639,-83.41722
200302003,2003-06-10 00:00:00,CCGS LIMNOS,LAKE HURON,9,453059,-832502,54,120.4,2003-05-24 00:23:00,102,55.50,.00,0.00000000,,0,2.110000,T PROF,"TEMPERATURE PROFILER, WQP",DEG C,45.51639,-83.41722
200302003,2003-06-10 00:00:00,CCGS LIMNOS,LAKE HURON,9,453059,-832502,54,120.4,2003-05-24 00:23:00,102,56.00,.00,0.00000000,,0,2.110000,T PROF,"TEMPERATURE PROFILER, WQP",DEG C,45.51639,-83.41722
200302003,2003-06-10 00:00:00,CCGS LIMNOS,LAKE HURON,9,453059,-832502,54,120.4,2003-05-24 00:23:00,102,56.50,.00,0.00000000,,0,2.110000,T PROF,"TEMPERATURE PROFILER, WQP",DEG C,45.51639,-83.41722
200302003,2003-06-10 00:00:00,CCGS LIMNOS,LAKE HURON,9,453059,-832502,54,120.4,2003-05-24 00:23:00,102,57.00,.00,0.00000000,,0,2.110000,T PROF,"TEMPERATURE PROFILER, WQP",DEG C,45.51639,-83.41722
200302003,2003-06-10 00:00:00,CCGS LIMNOS,LAKE HURON,9,453059,-832502,54,120.4,2003-05-24 00:23:00,102,57.50,.00,0.00000000,,0,2.110000,T PROF,"TEMPERATURE PROFILER, WQP",DEG C,45.51639,-83.41722
200302003,2003-06-10 00:00:00,CCGS LIMNOS,LAKE HURON,9,453059,-832502,54,120.4,2003-05-24 00:23:00,102,58.00,.00,0.00000000,,0,2.110000,T PROF,"TEMPERATURE PROFILER, WQP",DEG C,45.51639,-83.41722
200302003,2003-06-10 00:00:00,CCGS LIMNOS,LAKE HURON,9,453059,-832502,54,120.4,2003-05-24 00:23:00,102,58.50,.00,0.00000000,,0,2.110000,T PROF,"TEMPERATURE PROFILER, WQP",DEG C,45.51639,-83.41722
200302003,2003-06-10 00:00:00,CCGS LIMNOS,LAKE HURON,9,453059,-832502,54,120.4,2003-05-24 00:23:00,102,59.00,.00,0.00000000,,0,2.110000,T PROF,"TEMPERATURE PROFILER, WQP",DEG C,45.51639,-83.41722
200302003,2003-06-10 00:00:00,CCGS LIMNOS,LAKE HURON,9,453059,-832502,54,120.4,2003-05-24 00:23:00,102,59.50,.00,0.00000000,,0,2.110000,T PROF,"TEMPERATURE PROFILER, WQP",DEG C,45.51639,-83.41722
200302003,2003-06-10 00:00:00,CCGS LIMNOS,LAKE HURON,9,453059,-832502,54,120.4,2003-05-24 00:23:00,102,60.00,.00,0.00000000,,0,2.110000,T PROF,"TEMPERATURE PROFILER, WQP",DEG C,45.51639,-83.41722
200302003,2003-06-10 00:00:00,CCGS LIMNOS,LAKE HURON,9,453059,-832502,54,120.4,2003-05-24 00:23:00,102,60.50,.00,0.00000000,,0,2.110000,T PROF,"TEMPERATURE PROFILER, WQP",DEG C,45.51639,-83.41722
200302003,2003-06-10 00:00:00,CCGS LIMNOS,LAKE HURON,9,453059,-832502,54,120.4,2003-05-24 00:23:00,102,61.00,.00,0.00000000,,0,2.110000,T PROF,"TEMPERATURE PROFILER, WQP",DEG C,45.51639,-83.41722
200302003,2003-06-10 00:00:00,CCGS LIMNOS,LAKE HURON,9,453059,-832502,54,120.4,2003-05-24 00:23:00,102,61.50,.00,0.00000000,,0,2.110000,T PROF,"TEMPERATURE PROFILER, WQP",DEG C,45.51639,-83.41722
200302003,2003-06-10 00:00:00,CCGS LIMNOS,LAKE HURON,9,453059,-832502,54,120.4,2003-05-24 00:23:00,102,62.00,.00,0.00000000,,0,2.110000,T PROF,"TEMPERATURE PROFILER, WQP",DEG C,45.51639,-83.41722
200302003,2003-06-10 00:00:00,CCGS LIMNOS,LAKE HURON,9,453059,-832502,54,120.4,2003-05-24 00:23:00,102,62.50,.00,0.00000000,,0,2.110000,T PROF,"TEMPERATURE PROFILER, WQP",DEG C,45.51639,-83.41722
200302003,2003-06-10 00:00:00,CCGS LIMNOS,LAKE HURON,9,453059,-832502,54,120.4,2003-05-24 00:23:00,102,63.00,.00,0.00000000,,0,2.110000,T PROF,"TEMPERATURE PROFILER, WQP",DEG C,45.51639,-83.41722
200302003,2003-06-10 00:00:00,CCGS LIMNOS,LAKE HURON,9,453059,-832502,54,120.4,2003-05-24 00:23:00,102,63.50,.00,0.00000000,,0,2.110000,T PROF,"TEMPERATURE PROFILER, WQP",DEG C,45.51639,-83.41722
200302003,2003-06-10 00:00:00,CCGS LIMNOS,LAKE HURON,9,453059,-832502,54,120.4,2003-05-24 00:23:00,102,64.00,.00,0.00000000,,0,2.110000,T PROF,"TEMPERATURE PROFILER, WQP",DEG C,45.51639,-83.41722
200302003,2003-06-10 00:00:00,CCGS LIMNOS,LAKE HURON,9,453059,-832502,54,120.4,2003-05-24 00:23:00,102,64.50,.00,0.00000000,,0,2.110000,T PROF,"TEMPERATURE PROFILER, WQP",DEG C,45.51639,-83.41722
200302003,2003-06-10 00:00:00,CCGS LIMNOS,LAKE HURON,9,453059,-832502,54,120.4,2003-05-24 00:23:00,102,65.00,.00,0.00000000,,0,2.110000,T PROF,"TEMPERATURE PROFILER, WQP",DEG C,45.51639,-83.41722
200302003,2003-06-10 00:00:00,CCGS LIMNOS,LAKE HURON,9,453059,-832502,54,120.4,2003-05-24 00:23:00,102,65.50,.00,0.00000000,,0,2.110000,T PROF,"TEMPERATURE PROFILER, WQP",DEG C,45.51639,-83.41722
200302003,2003-06-10 00:00:00,CCGS LIMNOS,LAKE HURON,9,453059,-832502,54,120.4,2003-05-24 00:23:00,102,66.00,.00,0.00000000,,0,2.110000,T PROF,"TEMPERATURE PROFILER, WQP",DEG C,45.51639,-83.41722
200302003,2003-06-10 00:00:00,CCGS LIMNOS,LAKE HURON,9,453059,-832502,54,120.4,2003-05-24 00:23:00,102,66.50,.00,0.00000000,,0,2.110000,T PROF,"TEMPERATURE PROFILER, WQP",DEG C,45.51639,-83.41722
200302003,2003-06-10 00:00:00,CCGS LIMNOS,LAKE HURON,9,453059,-832502,54,120.4,2003-05-24 00:23:00,102,67.00,.00,0.00000000,,0,2.110000,T PROF,"TEMPERATURE PROFILER, WQP",DEG C,45.51639,-83.41722
200302003,2003-06-10 00:00:00,CCGS LIMNOS,LAKE HURON,9,453059,-832502,54,120.4,2003-05-24 00:23:00,102,67.50,.00,0.00000000,,0,2.110000,T PROF,"TEMPERATURE PROFILER, WQP",DEG C,45.51639,-83.41722
200302003,2003-06-10 00:00:00,CCGS LIMNOS,LAKE HURON,9,453059,-832502,54,120.4,2003-05-24 00:23:00,102,68.00,.00,0.00000000,,0,2.110000,T PROF,"TEMPERATURE PROFILER, WQP",DEG C,45.51639,-83.41722
200302003,2003-06-10 00:00:00,CCGS LIMNOS,LAKE HURON,9,453059,-832502,54,120.4,2003-05-24 00:23:00,102,68.50,.00,0.00000000,,0,2.110000,T PROF,"TEMPERATURE PROFILER, WQP",DEG C,45.51639,-83.41722
200302003,2003-06-10 00:00:00,CCGS LIMNOS,LAKE HURON,9,453059,-832502,54,120.4,2003-05-24 00:23:00,102,69.00,.00,0.00000000,,0,2.110000,T PROF,"TEMPERATURE PROFILER, WQP",DEG C,45.51639,-83.41722
200302003,2003-06-10 00:00:00,CCGS LIMNOS,LAKE HURON,9,453059,-832502,54,120.4,2003-05-24 00:23:00,102,69.50,.00,0.00000000,,0,2.110000,T PROF,"TEMPERATURE PROFILER, WQP",DEG C,45.51639,-83.41722
200302003,2003-06-10 00:00:00,CCGS LIMNOS,LAKE HURON,9,453059,-832502,54,120.4,2003-05-24 00:23:00,102,70.00,.00,0.00000000,,0,2.110000,T PROF,"TEMPERATURE PROFILER, WQP",DEG C,45.51639,-83.41722
200302003,2003-06-10 00:00:00,CCGS LIMNOS,LAKE HURON,9,453059,-832502,54,120.4,2003-05-24 00:23:00,102,70.50,.00,0.00000000,,0,2.110000,T PROF,"TEMPERATURE PROFILER, WQP",DEG C,45.51639,-83.41722
200302003,2003-06-10 00:00:00,CCGS LIMNOS,LAKE HURON,9,453059,-832502,54,120.4,2003-05-24 00:23:00,102,71.00,.00,0.00000000,,0,2.110000,T PROF,"TEMPERATURE PROFILER, WQP",DEG C,45.51639,-83.41722
200302003,2003-06-10 00:00:00,CCGS LIMNOS,LAKE HURON,9,453059,-832502,54,120.4,2003-05-24 00:23:00,102,71.50,.00,0.00000000,,0,2.110000,T PROF,"TEMPERATURE PROFILER, WQP",DEG C,45.51639,-83.41722
200302003,2003-06-10 00:00:00,CCGS LIMNOS,LAKE HURON,9,453059,-832502,54,120.4,2003-05-24 00:23:00,102,72.00,.00,0.00000000,,0,2.110000,T PROF,"TEMPERATURE PROFILER, WQP",DEG C,45.51639,-83.41722
200302003,2003-06-10 00:00:00,CCGS LIMNOS,LAKE HURON,9,453059,-832502,54,120.4,2003-05-24 00:23:00,102,72.50,.00,0.00000000,,0,2.110000,T PROF,"TEMPERATURE PROFILER, WQP",DEG C,45.51639,-83.41722
200302003,2003-06-10 00:00:00,CCGS LIMNOS,LAKE HURON,9,453059,-832502,54,120.4,2003-05-24 00:23:00,102,73.00,.00,0.00000000,,0,2.110000,T PROF,"TEMPERATURE PROFILER, WQP",DEG C,45.51639,-83.41722
200302003,2003-06-10 00:00:00,CCGS LIMNOS,LAKE HURON,9,453059,-832502,54,120.4,2003-05-24 00:23:00,102,73.50,.00,0.00000000,,0,2.110000,T PROF,"TEMPERATURE PROFILER, WQP",DEG C,45.51639,-83.41722
200302003,2003-06-10 00:00:00,CCGS LIMNOS,LAKE HURON,9,453059,-832502,54,120.4,2003-05-24 00:23:00,102,74.00,.00,0.00000000,,0,2.110000,T PROF,"TEMPERATURE PROFILER, WQP",DEG C,45.51639,-83.41722
200302003,2003-06-10 00:00:00,CCGS LIMNOS,LAKE HURON,9,453059,-832502,54,120.4,2003-05-24 00:23:00,102,74.50,.00,0.00000000,,0,2.110000,T PROF,"TEMPERATURE PROFILER, WQP",DEG C,45.51639,-83.41722
200302003,2003-06-10 00:00:00,CCGS LIMNOS,LAKE HURON,9,453059,-832502,54,120.4,2003-05-24 00:23:00,102,75.00,.00,0.00000000,,0,2.110000,T PROF,"TEMPERATURE PROFILER, WQP",DEG C,45.51639,-83.41722
200302003,2003-06-10 00:00:00,CCGS LIMNOS,LAKE HURON,9,453059,-832502,54,120.4,2003-05-24 00:23:00,102,75.50,.00,0.00000000,,0,2.110000,T PROF,"TEMPERATURE PROFILER, WQP",DEG C,45.51639,-83.41722
200302003,2003-06-10 00:00:00,CCGS LIMNOS,LAKE HURON,9,453059,-832502,54,120.4,2003-05-24 00:23:00,102,76.00,.00,0.00000000,,0,2.110000,T PROF,"TEMPERATURE PROFILER, WQP",DEG C,45.51639,-83.41722
200302003,2003-06-10 00:00:00,CCGS LIMNOS,LAKE HURON,9,453059,-832502,54,120.4,2003-05-24 00:23:00,102,76.50,.00,0.00000000,,0,2.110000,T PROF,"TEMPERATURE PROFILER, WQP",DEG C,45.51639,-83.41722
200302003,2003-06-10 00:00:00,CCGS LIMNOS,LAKE HURON,9,453059,-832502,54,120.4,2003-05-24 00:23:00,102,77.00,.00,0.00000000,,0,2.110000,T PROF,"TEMPERATURE PROFILER, WQP",DEG C,45.51639,-83.41722
200302003,2003-06-10 00:00:00,CCGS LIMNOS,LAKE HURON,9,453059,-832502,54,120.4,2003-05-24 00:23:00,102,77.50,.00,0.00000000,,0,2.110000,T PROF,"TEMPERATURE PROFILER, WQP",DEG C,45.51639,-83.41722
200302003,2003-06-10 00:00:00,CCGS LIMNOS,LAKE HURON,9,453059,-832502,54,120.4,2003-05-24 00:23:00,102,78.00,.00,0.00000000,,0,2.110000,T PROF,"TEMPERATURE PROFILER, WQP",DEG C,45.51639,-83.41722
200302003,2003-06-10 00:00:00,CCGS LIMNOS,LAKE HURON,9,453059,-832502,54,120.4,2003-05-24 00:23:00,102,78.50,.00,0.00000000,,0,2.110000,T PROF,"TEMPERATURE PROFILER, WQP",DEG C,45.51639,-83.41722
200302003,2003-06-10 00:00:00,CCGS LIMNOS,LAKE HURON,9,453059,-832502,54,120.4,2003-05-24 00:23:00,102,79.00,.00,0.00000000,,0,2.110000,T PROF,"TEMPERATURE PROFILER, WQP",DEG C,45.51639,-83.41722
200302003,2003-06-10 00:00:00,CCGS LIMNOS,LAKE HURON,9,453059,-832502,54,120.4,2003-05-24 00:23:00,102,79.50,.00,0.00000000,,0,2.110000,T PROF,"TEMPERATURE PROFILER, WQP",DEG C,45.51639,-83.41722
200302003,2003-06-10 00:00:00,CCGS LIMNOS,LAKE HURON,9,453059,-832502,54,120.4,2003-05-24 00:23:00,102,80.00,.00,0.00000000,,0,2.110000,T PROF,"TEMPERATURE PROFILER, WQP",DEG C,45.51639,-83.41722
200302003,2003-06-10 00:00:00,CCGS LIMNOS,LAKE HURON,9,453059,-832502,54,120.4,2003-05-24 00:23:00,102,80.50,.00,0.00000000,,0,2.110000,T PROF,"TEMPERATURE PROFILER, WQP",DEG C,45.51639,-83.41722
200302003,2003-06-10 00:00:00,CCGS LIMNOS,LAKE HURON,9,453059,-832502,54,120.4,2003-05-24 00:23:00,102,81.00,.00,0.00000000,,0,2.110000,T PROF,"TEMPERATURE PROFILER, WQP",DEG C,45.51639,-83.41722
200302003,2003-06-10 00:00:00,CCGS LIMNOS,LAKE HURON,9,453059,-832502,54,120.4,2003-05-24 00:23:00,102,81.50,.00,0.00000000,,0,2.110000,T PROF,"TEMPERATURE PROFILER, WQP",DEG C,45.51639,-83.41722
200302003,2003-06-10 00:00:00,CCGS LIMNOS,LAKE HURON,9,453059,-832502,54,120.4,2003-05-24 00:23:00,102,82.00,.00,0.00000000,,0,2.110000,T PROF,"TEMPERATURE PROFILER, WQP",DEG C,45.51639,-83.41722
200302003,2003-06-10 00:00:00,CCGS LIMNOS,LAKE HURON,9,453059,-832502,54,120.4,2003-05-24 00:23:00,102,82.50,.00,0.00000000,,0,2.110000,T PROF,"TEMPERATURE PROFILER, WQP",DEG C,45.51639,-83.41722
200302003,2003-06-10 00:00:00,CCGS LIMNOS,LAKE HURON,9,453059,-832502,54,120.4,2003-05-24 00:23:00,102,83.00,.00,0.00000000,,0,2.110000,T PROF,"TEMPERATURE PROFILER, WQP",DEG C,45.51639,-83.41722
200302003,2003-06-10 00:00:00,CCGS LIMNOS,LAKE HURON,9,453059,-832502,54,120.4,2003-05-24 00:23:00,102,83.50,.00,0.00000000,,0,2.120000,T PROF,"TEMPERATURE PROFILER, WQP",DEG C,45.51639,-83.41722
200302003,2003-06-10 00:00:00,CCGS LIMNOS,LAKE HURON,9,453059,-832502,54,120.4,2003-05-24 00:23:00,102,84.00,.00,0.00000000,,0,2.110000,T PROF,"TEMPERATURE PROFILER, WQP",DEG C,45.51639,-83.41722
200302003,2003-06-10 00:00:00,CCGS LIMNOS,LAKE HURON,9,453059,-832502,54,120.4,2003-05-24 00:23:00,102,84.50,.00,0.00000000,,0,2.110000,T PROF,"TEMPERATURE PROFILER, WQP",DEG C,45.51639,-83.41722
200302003,2003-06-10 00:00:00,CCGS LIMNOS,LAKE HURON,9,453059,-832502,54,120.4,2003-05-24 00:23:00,102,85.00,.00,0.00000000,,0,2.120000,T PROF,"TEMPERATURE PROFILER, WQP",DEG C,45.51639,-83.41722
200302003,2003-06-10 00:00:00,CCGS LIMNOS,LAKE HURON,9,453059,-832502,54,120.4,2003-05-24 00:23:00,102,85.50,.00,0.00000000,,0,2.120000,T PROF,"TEMPERATURE PROFILER, WQP",DEG C,45.51639,-83.41722
200302003,2003-06-10 00:00:00,CCGS LIMNOS,LAKE HURON,9,453059,-832502,54,120.4,2003-05-24 00:23:00,102,86.00,.00,0.00000000,,0,2.120000,T PROF,"TEMPERATURE PROFILER, WQP",DEG C,45.51639,-83.41722
200302003,2003-06-10 00:00:00,CCGS LIMNOS,LAKE HURON,9,453059,-832502,54,120.4,2003-05-24 00:23:00,102,86.50,.00,0.00000000,,0,2.120000,T PROF,"TEMPERATURE PROFILER, WQP",DEG C,45.51639,-83.41722
200302003,2003-06-10 00:00:00,CCGS LIMNOS,LAKE HURON,9,453059,-832502,54,120.4,2003-05-24 00:23:00,102,87.00,.00,0.00000000,,0,2.120000,T PROF,"TEMPERATURE PROFILER, WQP",DEG C,45.51639,-83.41722
200302003,2003-06-10 00:00:00,CCGS LIMNOS,LAKE HURON,9,453059,-832502,54,120.4,2003-05-24 00:23:00,102,87.50,.00,0.00000000,,0,2.120000,T PROF,"TEMPERATURE PROFILER, WQP",DEG C,45.51639,-83.41722
200302003,2003-06-10 00:00:00,CCGS LIMNOS,LAKE HURON,9,453059,-832502,54,120.4,2003-05-24 00:23:00,102,88.00,.00,0.00000000,,0,2.120000,T PROF,"TEMPERATURE PROFILER, WQP",DEG C,45.51639,-83.41722
200302003,2003-06-10 00:00:00,CCGS LIMNOS,LAKE HURON,9,453059,-832502,54,120.4,2003-05-24 00:23:00,102,88.50,.00,0.00000000,,0,2.120000,T PROF,"TEMPERATURE PROFILER, WQP",DEG C,45.51639,-83.41722
200302003,2003-06-10 00:00:00,CCGS LIMNOS,LAKE HURON,9,453059,-832502,54,120.4,2003-05-24 00:23:00,102,89.00,.00,0.00000000,,0,2.130000,T PROF,"TEMPERATURE PROFILER, WQP",DEG C,45.51639,-83.41722
200302003,2003-06-10 00:00:00,CCGS LIMNOS,LAKE HURON,9,453059,-832502,54,120.4,2003-05-24 00:23:00,102,89.50,.00,0.00000000,,0,2.140000,T PROF,"TEMPERATURE PROFILER, WQP",DEG C,45.51639,-83.41722
200302003,2003-06-10 00:00:00,CCGS LIMNOS,LAKE HURON,9,453059,-832502,54,120.4,2003-05-24 00:23:00,102,90.00,.00,0.00000000,,0,2.140000,T PROF,"TEMPERATURE PROFILER, WQP",DEG C,45.51639,-83.41722
200302003,2003-06-10 00:00:00,CCGS LIMNOS,LAKE HURON,9,453059,-832502,54,120.4,2003-05-24 00:23:00,102,90.50,.00,0.00000000,,0,2.140000,T PROF,"TEMPERATURE PROFILER, WQP",DEG C,45.51639,-83.41722
200302003,2003-06-10 00:00:00,CCGS LIMNOS,LAKE HURON,9,453059,-832502,54,120.4,2003-05-24 00:23:00,102,91.00,.00,0.00000000,,0,2.140000,T PROF,"TEMPERATURE PROFILER, WQP",DEG C,45.51639,-83.41722
200302003,2003-06-10 00:00:00,CCGS LIMNOS,LAKE HURON,9,453059,-832502,54,120.4,2003-05-24 00:23:00,102,91.50,.00,0.00000000,,0,2.130000,T PROF,"TEMPERATURE PROFILER, WQP",DEG C,45.51639,-83.41722
200302003,2003-06-10 00:00:00,CCGS LIMNOS,LAKE HURON,9,453059,-832502,54,120.4,2003-05-24 00:23:00,102,92.00,.00,0.00000000,,0,2.130000,T PROF,"TEMPERATURE PROFILER, WQP",DEG C,45.51639,-83.41722
200302003,2003-06-10 00:00:00,CCGS LIMNOS,LAKE HURON,9,453059,-832502,54,120.4,2003-05-24 00:23:00,102,92.50,.00,0.00000000,,0,2.130000,T PROF,"TEMPERATURE PROFILER, WQP",DEG C,45.51639,-83.41722
200302003,2003-06-10 00:00:00,CCGS LIMNOS,LAKE HURON,9,453059,-832502,54,120.4,2003-05-24 00:23:00,102,93.00,.00,0.00000000,,0,2.130000,T PROF,"TEMPERATURE PROFILER, WQP",DEG C,45.51639,-83.41722
200302003,2003-06-10 00:00:00,CCGS LIMNOS,LAKE HURON,9,453059,-832502,54,120.4,2003-05-24 00:23:00,102,93.50,.00,0.00000000,,0,2.130000,T PROF,"TEMPERATURE PROFILER, WQP",DEG C,45.51639,-83.41722
200302003,2003-06-10 00:00:00,CCGS LIMNOS,LAKE HURON,9,453059,-832502,54,120.4,2003-05-24 00:23:00,102,94.00,.00,0.00000000,,0,2.130000,T PROF,"TEMPERATURE PROFILER, WQP",DEG C,45.51639,-83.41722
200302003,2003-06-10 00:00:00,CCGS LIMNOS,LAKE HURON,9,453059,-832502,54,120.4,2003-05-24 00:23:00,102,94.50,.00,0.00000000,,0,2.140000,T PROF,"TEMPERATURE PROFILER, WQP",DEG C,45.51639,-83.41722
200302003,2003-06-10 00:00:00,CCGS LIMNOS,LAKE HURON,9,453059,-832502,54,120.4,2003-05-24 00:23:00,102,95.00,.00,0.00000000,,0,2.140000,T PROF,"TEMPERATURE PROFILER, WQP",DEG C,45.51639,-83.41722
200302003,2003-06-10 00:00:00,CCGS LIMNOS,LAKE HURON,9,453059,-832502,54,120.4,2003-05-24 00:23:00,102,95.50,.00,0.00000000,,0,2.140000,T PROF,"TEMPERATURE PROFILER, WQP",DEG C,45.51639,-83.41722
200302003,2003-06-10 00:00:00,CCGS LIMNOS,LAKE HURON,9,453059,-832502,54,120.4,2003-05-24 00:23:00,102,96.00,.00,0.00000000,,0,2.140000,T PROF,"TEMPERATURE PROFILER, WQP",DEG C,45.51639,-83.41722
200302003,2003-06-10 00:00:00,CCGS LIMNOS,LAKE HURON,9,453059,-832502,54,120.4,2003-05-24 00:23:00,102,96.50,.00,0.00000000,,0,2.140000,T PROF,"TEMPERATURE PROFILER, WQP",DEG C,45.51639,-83.41722
200302003,2003-06-10 00:00:00,CCGS LIMNOS,LAKE HURON,9,453059,-832502,54,120.4,2003-05-24 00:23:00,102,97.00,.00,0.00000000,,0,2.140000,T PROF,"TEMPERATURE PROFILER, WQP",DEG C,45.51639,-83.41722
200302003,2003-06-10 00:00:00,CCGS LIMNOS,LAKE HURON,9,453059,-832502,54,120.4,2003-05-24 00:23:00,102,97.50,.00,0.00000000,,0,2.140000,T PROF,"TEMPERATURE PROFILER, WQP",DEG C,45.51639,-83.41722
200302003,2003-06-10 00:00:00,CCGS LIMNOS,LAKE HURON,9,453059,-832502,54,120.4,2003-05-24 00:23:00,102,98.00,.00,0.00000000,,0,2.140000,T PROF,"TEMPERATURE PROFILER, WQP",DEG C,45.51639,-83.41722
200302003,2003-06-10 00:00:00,CCGS LIMNOS,LAKE HURON,9,453059,-832502,54,120.4,2003-05-24 00:23:00,102,98.50,.00,0.00000000,,0,2.140000,T PROF,"TEMPERATURE PROFILER, WQP",DEG C,45.51639,-83.41722
200302003,2003-06-10 00:00:00,CCGS LIMNOS,LAKE HURON,9,453059,-832502,54,120.4,2003-05-24 00:23:00,102,99.00,.00,0.00000000,,0,2.140000,T PROF,"TEMPERATURE PROFILER, WQP",DEG C,45.51639,-83.41722
200302003,2003-06-10 00:00:00,CCGS LIMNOS,LAKE HURON,9,453059,-832502,54,120.4,2003-05-24 00:23:00,102,99.50,.00,0.00000000,,0,2.140000,T PROF,"TEMPERATURE PROFILER, WQP",DEG C,45.51639,-83.41722
200302003,2003-06-10 00:00:00,CCGS LIMNOS,LAKE HURON,9,453059,-832502,54,120.4,2003-05-24 00:23:00,102,100.00,.00,0.00000000,,0,2.140000,T PROF,"TEMPERATURE PROFILER, WQP",DEG C,45.51639,-83.41722
200302003,2003-06-10 00:00:00,CCGS LIMNOS,LAKE HURON,9,453059,-832502,54,120.4,2003-05-24 00:23:00,102,100.50,.00,0.00000000,,0,2.140000,T PROF,"TEMPERATURE PROFILER, WQP",DEG C,45.51639,-83.41722
200302003,2003-06-10 00:00:00,CCGS LIMNOS,LAKE HURON,9,453059,-832502,54,120.4,2003-05-24 00:23:00,102,101.00,.00,0.00000000,,0,2.140000,T PROF,"TEMPERATURE PROFILER, WQP",DEG C,45.51639,-83.41722
200302003,2003-06-10 00:00:00,CCGS LIMNOS,LAKE HURON,9,453059,-832502,54,120.4,2003-05-24 00:23:00,102,101.50,.00,0.00000000,,0,2.140000,T PROF,"TEMPERATURE PROFILER, WQP",DEG C,45.51639,-83.41722
200302003,2003-06-10 00:00:00,CCGS LIMNOS,LAKE HURON,9,453059,-832502,54,120.4,2003-05-24 00:23:00,102,102.00,.00,0.00000000,,0,2.140000,T PROF,"TEMPERATURE PROFILER, WQP",DEG C,45.51639,-83.41722
200302003,2003-06-10 00:00:00,CCGS LIMNOS,LAKE HURON,9,453059,-832502,54,120.4,2003-05-24 00:23:00,102,102.50,.00,0.00000000,,0,2.140000,T PROF,"TEMPERATURE PROFILER, WQP",DEG C,45.51639,-83.41722
200302003,2003-06-10 00:00:00,CCGS LIMNOS,LAKE HURON,9,453059,-832502,54,120.4,2003-05-24 00:23:00,102,103.00,.00,0.00000000,,0,2.140000,T PROF,"TEMPERATURE PROFILER, WQP",DEG C,45.51639,-83.41722
200302003,2003-06-10 00:00:00,CCGS LIMNOS,LAKE HURON,9,453059,-832502,54,120.4,2003-05-24 00:23:00,102,103.50,.00,0.00000000,,0,2.140000,T PROF,"TEMPERATURE PROFILER, WQP",DEG C,45.51639,-83.41722
200302003,2003-06-10 00:00:00,CCGS LIMNOS,LAKE HURON,9,453059,-832502,54,120.4,2003-05-24 00:23:00,102,104.00,.00,0.00000000,,0,2.140000,T PROF,"TEMPERATURE PROFILER, WQP",DEG C,45.51639,-83.41722
200302003,2003-06-10 00:00:00,CCGS LIMNOS,LAKE HURON,9,453059,-832502,54,120.4,2003-05-24 00:23:00,102,104.50,.00,0.00000000,,0,2.140000,T PROF,"TEMPERATURE PROFILER, WQP",DEG C,45.51639,-83.41722
200302003,2003-06-10 00:00:00,CCGS LIMNOS,LAKE HURON,9,453059,-832502,54,120.4,2003-05-24 00:23:00,102,105.00,.00,0.00000000,,0,2.130000,T PROF,"TEMPERATURE PROFILER, WQP",DEG C,45.51639,-83.41722
200302003,2003-06-10 00:00:00,CCGS LIMNOS,LAKE HURON,9,453059,-832502,54,120.4,2003-05-24 00:23:00,102,105.50,.00,0.00000000,,0,2.140000,T PROF,"TEMPERATURE PROFILER, WQP",DEG C,45.51639,-83.41722
200302003,2003-06-10 00:00:00,CCGS LIMNOS,LAKE HURON,9,453059,-832502,54,120.4,2003-05-24 00:23:00,102,106.00,.00,0.00000000,,0,2.140000,T PROF,"TEMPERATURE PROFILER, WQP",DEG C,45.51639,-83.41722
200302003,2003-06-10 00:00:00,CCGS LIMNOS,LAKE HURON,9,453059,-832502,54,120.4,2003-05-24 00:23:00,102,106.50,.00,0.00000000,,0,2.140000,T PROF,"TEMPERATURE PROFILER, WQP",DEG C,45.51639,-83.41722
200302003,2003-06-10 00:00:00,CCGS LIMNOS,LAKE HURON,9,453059,-832502,54,120.4,2003-05-24 00:23:00,102,107.00,.00,0.00000000,,0,2.140000,T PROF,"TEMPERATURE PROFILER, WQP",DEG C,45.51639,-83.41722
200302003,2003-06-10 00:00:00,CCGS LIMNOS,LAKE HURON,9,453059,-832502,54,120.4,2003-05-24 00:23:00,102,107.50,.00,0.00000000,,0,2.140000,T PROF,"TEMPERATURE PROFILER, WQP",DEG C,45.51639,-83.41722
200302003,2003-06-10 00:00:00,CCGS LIMNOS,LAKE HURON,9,453059,-832502,54,120.4,2003-05-24 00:23:00,102,108.00,.00,0.00000000,,0,2.140000,T PROF,"TEMPERATURE PROFILER, WQP",DEG C,45.51639,-83.41722
200302003,2003-06-10 00:00:00,CCGS LIMNOS,LAKE HURON,9,453059,-832502,54,120.4,2003-05-24 00:23:00,102,108.50,.00,0.00000000,,0,2.140000,T PROF,"TEMPERATURE PROFILER, WQP",DEG C,45.51639,-83.41722
200302003,2003-06-10 00:00:00,CCGS LIMNOS,LAKE HURON,9,453059,-832502,54,120.4,2003-05-24 00:23:00,102,109.00,.00,0.00000000,,0,2.140000,T PROF,"TEMPERATURE PROFILER, WQP",DEG C,45.51639,-83.41722
200302003,2003-06-10 00:00:00,CCGS LIMNOS,LAKE HURON,9,453059,-832502,54,120.4,2003-05-24 00:23:00,102,109.50,.00,0.00000000,,0,2.140000,T PROF,"TEMPERATURE PROFILER, WQP",DEG C,45.51639,-83.41722
200302003,2003-06-10 00:00:00,CCGS LIMNOS,LAKE HURON,9,453059,-832502,54,120.4,2003-05-24 00:23:00,102,110.00,.00,0.00000000,,0,2.140000,T PROF,"TEMPERATURE PROFILER, WQP",DEG C,45.51639,-83.41722
200302003,2003-06-10 00:00:00,CCGS LIMNOS,LAKE HURON,9,453059,-832502,54,120.4,2003-05-24 00:23:00,102,110.50,.00,0.00000000,,0,2.140000,T PROF,"TEMPERATURE PROFILER, WQP",DEG C,45.51639,-83.41722
200302003,2003-06-10 00:00:00,CCGS LIMNOS,LAKE HURON,9,453059,-832502,54,120.4,2003-05-24 00:23:00,102,111.00,.00,0.00000000,,0,2.140000,T PROF,"TEMPERATURE PROFILER, WQP",DEG C,45.51639,-83.41722
200302003,2003-06-10 00:00:00,CCGS LIMNOS,LAKE HURON,9,453059,-832502,54,120.4,2003-05-24 00:23:00,102,111.50,.00,0.00000000,,0,2.140000,T PROF,"TEMPERATURE PROFILER, WQP",DEG C,45.51639,-83.41722
200302003,2003-06-10 00:00:00,CCGS LIMNOS,LAKE HURON,9,453059,-832502,54,120.4,2003-05-24 00:23:00,102,112.00,.00,0.00000000,,0,2.140000,T PROF,"TEMPERATURE PROFILER, WQP",DEG C,45.51639,-83.41722
200302003,2003-06-10 00:00:00,CCGS LIMNOS,LAKE HURON,9,453059,-832502,54,120.4,2003-05-24 00:23:00,102,112.50,.00,0.00000000,,0,2.140000,T PROF,"TEMPERATURE PROFILER, WQP",DEG C,45.51639,-83.41722
200302003,2003-06-10 00:00:00,CCGS LIMNOS,LAKE HURON,9,453059,-832502,54,120.4,2003-05-24 00:23:00,102,113.00,.00,0.00000000,,0,2.140000,T PROF,"TEMPERATURE PROFILER, WQP",DEG C,45.51639,-83.41722
200302003,2003-06-10 00:00:00,CCGS LIMNOS,LAKE HURON,9,453059,-832502,54,120.4,2003-05-24 00:23:00,102,113.50,.00,0.00000000,,0,2.140000,T PROF,"TEMPERATURE PROFILER, WQP",DEG C,45.51639,-83.41722
200302003,2003-06-10 00:00:00,CCGS LIMNOS,LAKE HURON,9,453059,-832502,54,120.4,2003-05-24 00:23:00,102,114.00,.00,0.00000000,,0,2.140000,T PROF,"TEMPERATURE PROFILER, WQP",DEG C,45.51639,-83.41722
200302003,2003-06-10 00:00:00,CCGS LIMNOS,LAKE HURON,9,453059,-832502,54,120.4,2003-05-24 00:23:00,102,114.50,.00,0.00000000,,0,2.140000,T PROF,"TEMPERATURE PROFILER, WQP",DEG C,45.51639,-83.41722
200302003,2003-06-10 00:00:00,CCGS LIMNOS,LAKE HURON,9,453059,-832502,54,120.4,2003-05-24 00:23:00,102,115.00,.00,0.00000000,,0,2.140000,T PROF,"TEMPERATURE PROFILER, WQP",DEG C,45.51639,-83.41722
200302003,2003-06-10 00:00:00,CCGS LIMNOS,LAKE HURON,9,453059,-832502,54,120.4,2003-05-24 00:23:00,102,115.50,.00,0.00000000,,0,2.140000,T PROF,"TEMPERATURE PROFILER, WQP",DEG C,45.51639,-83.41722
200302003,2003-06-10 00:00:00,CCGS LIMNOS,LAKE HURON,9,453059,-832502,54,120.4,2003-05-24 00:23:00,102,116.00,.00,0.00000000,,0,2.140000,T PROF,"TEMPERATURE PROFILER, WQP",DEG C,45.51639,-83.41722
200302003,2003-06-10 00:00:00,CCGS LIMNOS,LAKE HURON,9,453059,-832502,54,120.4,2003-05-24 00:23:00,102,116.50,.00,0.00000000,,0,2.140000,T PROF,"TEMPERATURE PROFILER, WQP",DEG C,45.51639,-83.41722
200302003,2003-06-10 00:00:00,CCGS LIMNOS,LAKE HURON,9,453059,-832502,54,120.4,2003-05-24 00:23:00,102,117.00,.00,0.00000000,,0,2.140000,T PROF,"TEMPERATURE PROFILER, WQP",DEG C,45.51639,-83.41722
200302003,2003-06-10 00:00:00,CCGS LIMNOS,LAKE HURON,9,453059,-832502,54,120.4,2003-05-24 00:23:00,102,117.50,.00,0.00000000,,0,2.140000,T PROF,"TEMPERATURE PROFILER, WQP",DEG C,45.51639,-83.41722
200302003,2003-06-10 00:00:00,CCGS LIMNOS,LAKE HURON,9,453059,-832502,54,120.4,2003-05-24 00:23:00,102,118.00,.00,0.00000000,,0,2.140000,T PROF,"TEMPERATURE PROFILER, WQP",DEG C,45.51639,-83.41722
200302003,2003-06-10 00:00:00,CCGS LIMNOS,LAKE HURON,9,453059,-832502,54,120.4,2003-05-24 00:23:00,102,118.50,.00,0.00000000,,0,2.140000,T PROF,"TEMPERATURE PROFILER, WQP",DEG C,45.51639,-83.41722
200302003,2003-06-10 00:00:00,CCGS LIMNOS,LAKE HURON,9,453059,-832502,54,120.4,2003-05-24 00:23:00,102,119.00,.00,0.00000000,,0,2.140000,T PROF,"TEMPERATURE PROFILER, WQP",DEG C,45.51639,-83.41722
200302003,2003-06-10 00:00:00,CCGS LIMNOS,LAKE HURON,9,453059,-832502,54,120.4,2003-05-24 00:23:00,102,119.50,.00,0.00000000,,0,2.140000,T PROF,"TEMPERATURE PROFILER, WQP",DEG C,45.51639,-83.41722
200302003,2003-06-10 00:00:00,CCGS LIMNOS,LAKE HURON,9,453059,-832502,54,120.4,2003-05-24 00:23:00,102,120.00,.00,0.00000000,,0,2.140000,T PROF,"TEMPERATURE PROFILER, WQP",DEG C,45.51639,-83.41722
200302003,2003-06-10 00:00:00,CCGS LIMNOS,LAKE HURON,10,441439,-821458,146,92.4,2003-05-24 10:09:00,102,.00,.00,0.00000000,,0,2.480000,T PROF,"TEMPERATURE PROFILER, WQP",DEG C,44.24417,-82.24944
200302003,2003-06-10 00:00:00,CCGS LIMNOS,LAKE HURON,10,441439,-821458,146,92.4,2003-05-24 10:09:00,102,.50,.00,0.00000000,,0,2.470000,T PROF,"TEMPERATURE PROFILER, WQP",DEG C,44.24417,-82.24944
200302003,2003-06-10 00:00:00,CCGS LIMNOS,LAKE HURON,10,441439,-821458,146,92.4,2003-05-24 10:09:00,102,1.00,.00,0.00000000,,0,2.470000,T PROF,"TEMPERATURE PROFILER, WQP",DEG C,44.24417,-82.24944
200302003,2003-06-10 00:00:00,CCGS LIMNOS,LAKE HURON,10,441439,-821458,146,92.4,2003-05-24 10:09:00,102,1.50,.00,0.00000000,,0,2.470000,T PROF,"TEMPERATURE PROFILER, WQP",DEG C,44.24417,-82.24944
200302003,2003-06-10 00:00:00,CCGS LIMNOS,LAKE HURON,10,441439,-821458,146,92.4,2003-05-24 10:09:00,102,2.00,.00,0.00000000,,0,2.470000,T PROF,"TEMPERATURE PROFILER, WQP",DEG C,44.24417,-82.24944
200302003,2003-06-10 00:00:00,CCGS LIMNOS,LAKE HURON,10,441439,-821458,146,92.4,2003-05-24 10:09:00,102,2.50,.00,0.00000000,,0,2.470000,T PROF,"TEMPERATURE PROFILER, WQP",DEG C,44.24417,-82.24944
200302003,2003-06-10 00:00:00,CCGS LIMNOS,LAKE HURON,10,441439,-821458,146,92.4,2003-05-24 10:09:00,102,3.00,.00,0.00000000,,0,2.470000,T PROF,"TEMPERATURE PROFILER, WQP",DEG C,44.24417,-82.24944
200302003,2003-06-10 00:00:00,CCGS LIMNOS,LAKE HURON,10,441439,-821458,146,92.4,2003-05-24 10:09:00,102,3.50,.00,0.00000000,,0,2.470000,T PROF,"TEMPERATURE PROFILER, WQP",DEG C,44.24417,-82.24944
200302003,2003-06-10 00:00:00,CCGS LIMNOS,LAKE HURON,10,441439,-821458,146,92.4,2003-05-24 10:09:00,102,4.00,.00,0.00000000,,0,2.470000,T PROF,"TEMPERATURE PROFILER, WQP",DEG C,44.24417,-82.24944
200302003,2003-06-10 00:00:00,CCGS LIMNOS,LAKE HURON,10,441439,-821458,146,92.4,2003-05-24 10:09:00,102,4.50,.00,0.00000000,,0,2.470000,T PROF,"TEMPERATURE PROFILER, WQP",DEG C,44.24417,-82.24944
200302003,2003-06-10 00:00:00,CCGS LIMNOS,LAKE HURON,10,441439,-821458,146,92.4,2003-05-24 10:09:00,102,5.00,.00,0.00000000,,0,2.470000,T PROF,"TEMPERATURE PROFILER, WQP",DEG C,44.24417,-82.24944
200302003,2003-06-10 00:00:00,CCGS LIMNOS,LAKE HURON,10,441439,-821458,146,92.4,2003-05-24 10:09:00,102,5.50,.00,0.00000000,,0,2.470000,T PROF,"TEMPERATURE PROFILER, WQP",DEG C,44.24417,-82.24944
200302003,2003-06-10 00:00:00,CCGS LIMNOS,LAKE HURON,10,441439,-821458,146,92.4,2003-05-24 10:09:00,102,6.00,.00,0.00000000,,0,2.470000,T PROF,"TEMPERATURE PROFILER, WQP",DEG C,44.24417,-82.24944
200302003,2003-06-10 00:00:00,CCGS LIMNOS,LAKE HURON,10,441439,-821458,146,92.4,2003-05-24 10:09:00,102,6.50,.00,0.00000000,,0,2.470000,T PROF,"TEMPERATURE PROFILER, WQP",DEG C,44.24417,-82.24944
200302003,2003-06-10 00:00:00,CCGS LIMNOS,LAKE HURON,10,441439,-821458,146,92.4,2003-05-24 10:09:00,102,7.00,.00,0.00000000,,0,2.470000,T PROF,"TEMPERATURE PROFILER, WQP",DEG C,44.24417,-82.24944
200302003,2003-06-10 00:00:00,CCGS LIMNOS,LAKE HURON,10,441439,-821458,146,92.4,2003-05-24 10:09:00,102,7.50,.00,0.00000000,,0,2.470000,T PROF,"TEMPERATURE PROFILER, WQP",DEG C,44.24417,-82.24944
200302003,2003-06-10 00:00:00,CCGS LIMNOS,LAKE HURON,10,441439,-821458,146,92.4,2003-05-24 10:09:00,102,8.00,.00,0.00000000,,0,2.470000,T PROF,"TEMPERATURE PROFILER, WQP",DEG C,44.24417,-82.24944
200302003,2003-06-10 00:00:00,CCGS LIMNOS,LAKE HURON,10,441439,-821458,146,92.4,2003-05-24 10:09:00,102,8.50,.00,0.00000000,,0,2.470000,T PROF,"TEMPERATURE PROFILER, WQP",DEG C,44.24417,-82.24944
200302003,2003-06-10 00:00:00,CCGS LIMNOS,LAKE HURON,10,441439,-821458,146,92.4,2003-05-24 10:09:00,102,9.00,.00,0.00000000,,0,2.470000,T PROF,"TEMPERATURE PROFILER, WQP",DEG C,44.24417,-82.24944
200302003,2003-06-10 00:00:00,CCGS LIMNOS,LAKE HURON,10,441439,-821458,146,92.4,2003-05-24 10:09:00,102,9.50,.00,0.00000000,,0,2.470000,T PROF,"TEMPERATURE PROFILER, WQP",DEG C,44.24417,-82.24944
200302003,2003-06-10 00:00:00,CCGS LIMNOS,LAKE HURON,10,441439,-821458,146,92.4,2003-05-24 10:09:00,102,10.00,.00,0.00000000,,0,2.470000,T PROF,"TEMPERATURE PROFILER, WQP",DEG C,44.24417,-82.24944
200302003,2003-06-10 00:00:00,CCGS LIMNOS,LAKE HURON,10,441439,-821458,146,92.4,2003-05-24 10:09:00,102,10.50,.00,0.00000000,,0,2.480000,T PROF,"TEMPERATURE PROFILER, WQP",DEG C,44.24417,-82.24944
200302003,2003-06-10 00:00:00,CCGS LIMNOS,LAKE HURON,10,441439,-821458,146,92.4,2003-05-24 10:09:00,102,11.00,.00,0.00000000,,0,2.480000,T PROF,"TEMPERATURE PROFILER, WQP",DEG C,44.24417,-82.24944
200302003,2003-06-10 00:00:00,CCGS LIMNOS,LAKE HURON,10,441439,-821458,146,92.4,2003-05-24 10:09:00,102,11.50,.00,0.00000000,,0,2.480000,T PROF,"TEMPERATURE PROFILER, WQP",DEG C,44.24417,-82.24944
200302003,2003-06-10 00:00:00,CCGS LIMNOS,LAKE HURON,10,441439,-821458,146,92.4,2003-05-24 10:09:00,102,12.00,.00,0.00000000,,0,2.480000,T PROF,"TEMPERATURE PROFILER, WQP",DEG C,44.24417,-82.24944
200302003,2003-06-10 00:00:00,CCGS LIMNOS,LAKE HURON,10,441439,-821458,146,92.4,2003-05-24 10:09:00,102,12.50,.00,0.00000000,,0,2.480000,T PROF,"TEMPERATURE PROFILER, WQP",DEG C,44.24417,-82.24944
200302003,2003-06-10 00:00:00,CCGS LIMNOS,LAKE HURON,10,441439,-821458,146,92.4,2003-05-24 10:09:00,102,13.00,.00,0.00000000,,0,2.470000,T PROF,"TEMPERATURE PROFILER, WQP",DEG C,44.24417,-82.24944
200302003,2003-06-10 00:00:00,CCGS LIMNOS,LAKE HURON,10,441439,-821458,146,92.4,2003-05-24 10:09:00,102,13.50,.00,0.00000000,,0,2.470000,T PROF,"TEMPERATURE PROFILER, WQP",DEG C,44.24417,-82.24944
200302003,2003-06-10 00:00:00,CCGS LIMNOS,LAKE HURON,10,441439,-821458,146,92.4,2003-05-24 10:09:00,102,14.00,.00,0.00000000,,0,2.470000,T PROF,"TEMPERATURE PROFILER, WQP",DEG C,44.24417,-82.24944
200302003,2003-06-10 00:00:00,CCGS LIMNOS,LAKE HURON,10,441439,-821458,146,92.4,2003-05-24 10:09:00,102,14.50,.00,0.00000000,,0,2.470000,T PROF,"TEMPERATURE PROFILER, WQP",DEG C,44.24417,-82.24944
200302003,2003-06-10 00:00:00,CCGS LIMNOS,LAKE HURON,10,441439,-821458,146,92.4,2003-05-24 10:09:00,102,15.00,.00,0.00000000,,0,2.470000,T PROF,"TEMPERATURE PROFILER, WQP",DEG C,44.24417,-82.24944
200302003,2003-06-10 00:00:00,CCGS LIMNOS,LAKE HURON,10,441439,-821458,146,92.4,2003-05-24 10:09:00,102,15.50,.00,0.00000000,,0,2.470000,T PROF,"TEMPERATURE PROFILER, WQP",DEG C,44.24417,-82.24944
200302003,2003-06-10 00:00:00,CCGS LIMNOS,LAKE HURON,10,441439,-821458,146,92.4,2003-05-24 10:09:00,102,16.00,.00,0.00000000,,0,2.480000,T PROF,"TEMPERATURE PROFILER, WQP",DEG C,44.24417,-82.24944
200302003,2003-06-10 00:00:00,CCGS LIMNOS,LAKE HURON,10,441439,-821458,146,92.4,2003-05-24 10:09:00,102,16.50,.00,0.00000000,,0,2.480000,T PROF,"TEMPERATURE PROFILER, WQP",DEG C,44.24417,-82.24944
200302003,2003-06-10 00:00:00,CCGS LIMNOS,LAKE HURON,10,441439,-821458,146,92.4,2003-05-24 10:09:00,102,17.00,.00,0.00000000,,0,2.480000,T PROF,"TEMPERATURE PROFILER, WQP",DEG C,44.24417,-82.24944
200302003,2003-06-10 00:00:00,CCGS LIMNOS,LAKE HURON,10,441439,-821458,146,92.4,2003-05-24 10:09:00,102,17.50,.00,0.00000000,,0,2.480000,T PROF,"TEMPERATURE PROFILER, WQP",DEG C,44.24417,-82.24944
200302003,2003-06-10 00:00:00,CCGS LIMNOS,LAKE HURON,10,441439,-821458,146,92.4,2003-05-24 10:09:00,102,18.00,.00,0.00000000,,0,2.480000,T PROF,"TEMPERATURE PROFILER, WQP",DEG C,44.24417,-82.24944
200302003,2003-06-10 00:00:00,CCGS LIMNOS,LAKE HURON,10,441439,-821458,146,92.4,2003-05-24 10:09:00,102,18.50,.00,0.00000000,,0,2.480000,T PROF,"TEMPERATURE PROFILER, WQP",DEG C,44.24417,-82.24944
200302003,2003-06-10 00:00:00,CCGS LIMNOS,LAKE HURON,10,441439,-821458,146,92.4,2003-05-24 10:09:00,102,19.00,.00,0.00000000,,0,2.480000,T PROF,"TEMPERATURE PROFILER, WQP",DEG C,44.24417,-82.24944
200302003,2003-06-10 00:00:00,CCGS LIMNOS,LAKE HURON,10,441439,-821458,146,92.4,2003-05-24 10:09:00,102,19.50,.00,0.00000000,,0,2.480000,T PROF,"TEMPERATURE PROFILER, WQP",DEG C,44.24417,-82.24944
200302003,2003-06-10 00:00:00,CCGS LIMNOS,LAKE HURON,10,441439,-821458,146,92.4,2003-05-24 10:09:00,102,20.00,.00,0.00000000,,0,2.490000,T PROF,"TEMPERATURE PROFILER, WQP",DEG C,44.24417,-82.24944
200302003,2003-06-10 00:00:00,CCGS LIMNOS,LAKE HURON,10,441439,-821458,146,92.4,2003-05-24 10:09:00,102,20.50,.00,0.00000000,,0,2.490000,T PROF,"TEMPERATURE PROFILER, WQP",DEG C,44.24417,-82.24944
200302003,2003-06-10 00:00:00,CCGS LIMNOS,LAKE HURON,10,441439,-821458,146,92.4,2003-05-24 10:09:00,102,21.00,.00,0.00000000,,0,2.490000,T PROF,"TEMPERATURE PROFILER, WQP",DEG C,44.24417,-82.24944
200302003,2003-06-10 00:00:00,CCGS LIMNOS,LAKE HURON,10,441439,-821458,146,92.4,2003-05-24 10:09:00,102,21.50,.00,0.00000000,,0,2.490000,T PROF,"TEMPERATURE PROFILER, WQP",DEG C,44.24417,-82.24944
200302003,2003-06-10 00:00:00,CCGS LIMNOS,LAKE HURON,10,441439,-821458,146,92.4,2003-05-24 10:09:00,102,22.00,.00,0.00000000,,0,2.490000,T PROF,"TEMPERATURE PROFILER, WQP",DEG C,44.24417,-82.24944
200302003,2003-06-10 00:00:00,CCGS LIMNOS,LAKE HURON,10,441439,-821458,146,92.4,2003-05-24 10:09:00,102,22.50,.00,0.00000000,,0,2.490000,T PROF,"TEMPERATURE PROFILER, WQP",DEG C,44.24417,-82.24944
200302003,2003-06-10 00:00:00,CCGS LIMNOS,LAKE HURON,10,441439,-821458,146,92.4,2003-05-24 10:09:00,102,23.00,.00,0.00000000,,0,2.490000,T PROF,"TEMPERATURE PROFILER, WQP",DEG C,44.24417,-82.24944
200302003,2003-06-10 00:00:00,CCGS LIMNOS,LAKE HURON,10,441439,-821458,146,92.4,2003-05-24 10:09:00,102,23.50,.00,0.00000000,,0,2.490000,T PROF,"TEMPERATURE PROFILER, WQP",DEG C,44.24417,-82.24944
200302003,2003-06-10 00:00:00,CCGS LIMNOS,LAKE HURON,10,441439,-821458,146,92.4,2003-05-24 10:09:00,102,24.00,.00,0.00000000,,0,2.490000,T PROF,"TEMPERATURE PROFILER, WQP",DEG C,44.24417,-82.24944
200302003,2003-06-10 00:00:00,CCGS LIMNOS,LAKE HURON,10,441439,-821458,146,92.4,2003-05-24 10:09:00,102,24.50,.00,0.00000000,,0,2.490000,T PROF,"TEMPERATURE PROFILER, WQP",DEG C,44.24417,-82.24944
200302003,2003-06-10 00:00:00,CCGS LIMNOS,LAKE HURON,10,441439,-821458,146,92.4,2003-05-24 10:09:00,102,25.00,.00,0.00000000,,0,2.490000,T PROF,"TEMPERATURE PROFILER, WQP",DEG C,44.24417,-82.24944
200302003,2003-06-10 00:00:00,CCGS LIMNOS,LAKE HURON,10,441439,-821458,146,92.4,2003-05-24 10:09:00,102,25.50,.00,0.00000000,,0,2.490000,T PROF,"TEMPERATURE PROFILER, WQP",DEG C,44.24417,-82.24944
200302003,2003-06-10 00:00:00,CCGS LIMNOS,LAKE HURON,10,441439,-821458,146,92.4,2003-05-24 10:09:00,102,26.00,.00,0.00000000,,0,2.490000,T PROF,"TEMPERATURE PROFILER, WQP",DEG C,44.24417,-82.24944
200302003,2003-06-10 00:00:00,CCGS LIMNOS,LAKE HURON,10,441439,-821458,146,92.4,2003-05-24 10:09:00,102,26.50,.00,0.00000000,,0,2.490000,T PROF,"TEMPERATURE PROFILER, WQP",DEG C,44.24417,-82.24944
200302003,2003-06-10 00:00:00,CCGS LIMNOS,LAKE HURON,10,441439,-821458,146,92.4,2003-05-24 10:09:00,102,27.00,.00,0.00000000,,0,2.490000,T PROF,"TEMPERATURE PROFILER, WQP",DEG C,44.24417,-82.24944
200302003,2003-06-10 00:00:00,CCGS LIMNOS,LAKE HURON,10,441439,-821458,146,92.4,2003-05-24 10:09:00,102,27.50,.00,0.00000000,,0,2.490000,T PROF,"TEMPERATURE PROFILER, WQP",DEG C,44.24417,-82.24944
200302003,2003-06-10 00:00:00,CCGS LIMNOS,LAKE HURON,10,441439,-821458,146,92.4,2003-05-24 10:09:00,102,28.00,.00,0.00000000,,0,2.490000,T PROF,"TEMPERATURE PROFILER, WQP",DEG C,44.24417,-82.24944
200302003,2003-06-10 00:00:00,CCGS LIMNOS,LAKE HURON,10,441439,-821458,146,92.4,2003-05-24 10:09:00,102,28.50,.00,0.00000000,,0,2.490000,T PROF,"TEMPERATURE PROFILER, WQP",DEG C,44.24417,-82.24944
200302003,2003-06-10 00:00:00,CCGS LIMNOS,LAKE HURON,10,441439,-821458,146,92.4,2003-05-24 10:09:00,102,29.00,.00,0.00000000,,0,2.490000,T PROF,"TEMPERATURE PROFILER, WQP",DEG C,44.24417,-82.24944
200302003,2003-06-10 00:00:00,CCGS LIMNOS,LAKE HURON,10,441439,-821458,146,92.4,2003-05-24 10:09:00,102,29.50,.00,0.00000000,,0,2.490000,T PROF,"TEMPERATURE PROFILER, WQP",DEG C,44.24417,-82.24944
200302003,2003-06-10 00:00:00,CCGS LIMNOS,LAKE HURON,10,441439,-821458,146,92.4,2003-05-24 10:09:00,102,30.00,.00,0.00000000,,0,2.490000,T PROF,"TEMPERATURE PROFILER, WQP",DEG C,44.24417,-82.24944
200302003,2003-06-10 00:00:00,CCGS LIMNOS,LAKE HURON,10,441439,-821458,146,92.4,2003-05-24 10:09:00,102,30.50,.00,0.00000000,,0,2.490000,T PROF,"TEMPERATURE PROFILER, WQP",DEG C,44.24417,-82.24944
200302003,2003-06-10 00:00:00,CCGS LIMNOS,LAKE HURON,10,441439,-821458,146,92.4,2003-05-24 10:09:00,102,31.00,.00,0.00000000,,0,2.490000,T PROF,"TEMPERATURE PROFILER, WQP",DEG C,44.24417,-82.24944
200302003,2003-06-10 00:00:00,CCGS LIMNOS,LAKE HURON,10,441439,-821458,146,92.4,2003-05-24 10:09:00,102,31.50,.00,0.00000000,,0,2.480000,T PROF,"TEMPERATURE PROFILER, WQP",DEG C,44.24417,-82.24944
200302003,2003-06-10 00:00:00,CCGS LIMNOS,LAKE HURON,10,441439,-821458,146,92.4,2003-05-24 10:09:00,102,32.00,.00,0.00000000,,0,2.480000,T PROF,"TEMPERATURE PROFILER, WQP",DEG C,44.24417,-82.24944
200302003,2003-06-10 00:00:00,CCGS LIMNOS,LAKE HURON,10,441439,-821458,146,92.4,2003-05-24 10:09:00,102,32.50,.00,0.00000000,,0,2.480000,T PROF,"TEMPERATURE PROFILER, WQP",DEG C,44.24417,-82.24944
200302003,2003-06-10 00:00:00,CCGS LIMNOS,LAKE HURON,10,441439,-821458,146,92.4,2003-05-24 10:09:00,102,33.00,.00,0.00000000,,0,2.480000,T PROF,"TEMPERATURE PROFILER, WQP",DEG C,44.24417,-82.24944
200302003,2003-06-10 00:00:00,CCGS LIMNOS,LAKE HURON,10,441439,-821458,146,92.4,2003-05-24 10:09:00,102,33.50,.00,0.00000000,,0,2.480000,T PROF,"TEMPERATURE PROFILER, WQP",DEG C,44.24417,-82.24944
200302003,2003-06-10 00:00:00,CCGS LIMNOS,LAKE HURON,10,441439,-821458,146,92.4,2003-05-24 10:09:00,102,34.00,.00,0.00000000,,0,2.480000,T PROF,"TEMPERATURE PROFILER, WQP",DEG C,44.24417,-82.24944
200302003,2003-06-10 00:00:00,CCGS LIMNOS,LAKE HURON,10,441439,-821458,146,92.4,2003-05-24 10:09:00,102,34.50,.00,0.00000000,,0,2.480000,T PROF,"TEMPERATURE PROFILER, WQP",DEG C,44.24417,-82.24944
200302003,2003-06-10 00:00:00,CCGS LIMNOS,LAKE HURON,10,441439,-821458,146,92.4,2003-05-24 10:09:00,102,35.00,.00,0.00000000,,0,2.480000,T PROF,"TEMPERATURE PROFILER, WQP",DEG C,44.24417,-82.24944
200302003,2003-06-10 00:00:00,CCGS LIMNOS,LAKE HURON,10,441439,-821458,146,92.4,2003-05-24 10:09:00,102,35.50,.00,0.00000000,,0,2.480000,T PROF,"TEMPERATURE PROFILER, WQP",DEG C,44.24417,-82.24944
200302003,2003-06-10 00:00:00,CCGS LIMNOS,LAKE HURON,10,441439,-821458,146,92.4,2003-05-24 10:09:00,102,36.00,.00,0.00000000,,0,2.480000,T PROF,"TEMPERATURE PROFILER, WQP",DEG C,44.24417,-82.24944
200302003,2003-06-10 00:00:00,CCGS LIMNOS,LAKE HURON,10,441439,-821458,146,92.4,2003-05-24 10:09:00,102,36.50,.00,0.00000000,,0,2.480000,T PROF,"TEMPERATURE PROFILER, WQP",DEG C,44.24417,-82.24944
200302003,2003-06-10 00:00:00,CCGS LIMNOS,LAKE HURON,10,441439,-821458,146,92.4,2003-05-24 10:09:00,102,37.00,.00,0.00000000,,0,2.480000,T PROF,"TEMPERATURE PROFILER, WQP",DEG C,44.24417,-82.24944
200302003,2003-06-10 00:00:00,CCGS LIMNOS,LAKE HURON,10,441439,-821458,146,92.4,2003-05-24 10:09:00,102,37.50,.00,0.00000000,,0,2.480000,T PROF,"TEMPERATURE PROFILER, WQP",DEG C,44.24417,-82.24944
200302003,2003-06-10 00:00:00,CCGS LIMNOS,LAKE HURON,10,441439,-821458,146,92.4,2003-05-24 10:09:00,102,38.00,.00,0.00000000,,0,2.480000,T PROF,"TEMPERATURE PROFILER, WQP",DEG C,44.24417,-82.24944
200302003,2003-06-10 00:00:00,CCGS LIMNOS,LAKE HURON,10,441439,-821458,146,92.4,2003-05-24 10:09:00,102,38.50,.00,0.00000000,,0,2.480000,T PROF,"TEMPERATURE PROFILER, WQP",DEG C,44.24417,-82.24944
200302003,2003-06-10 00:00:00,CCGS LIMNOS,LAKE HURON,10,441439,-821458,146,92.4,2003-05-24 10:09:00,102,39.00,.00,0.00000000,,0,2.480000,T PROF,"TEMPERATURE PROFILER, WQP",DEG C,44.24417,-82.24944
200302003,2003-06-10 00:00:00,CCGS LIMNOS,LAKE HURON,10,441439,-821458,146,92.4,2003-05-24 10:09:00,102,39.50,.00,0.00000000,,0,2.480000,T PROF,"TEMPERATURE PROFILER, WQP",DEG C,44.24417,-82.24944
200302003,2003-06-10 00:00:00,CCGS LIMNOS,LAKE HURON,10,441439,-821458,146,92.4,2003-05-24 10:09:00,102,40.00,.00,0.00000000,,0,2.480000,T PROF,"TEMPERATURE PROFILER, WQP",DEG C,44.24417,-82.24944
200302003,2003-06-10 00:00:00,CCGS LIMNOS,LAKE HURON,10,441439,-821458,146,92.4,2003-05-24 10:09:00,102,40.50,.00,0.00000000,,0,2.480000,T PROF,"TEMPERATURE PROFILER, WQP",DEG C,44.24417,-82.24944
200302003,2003-06-10 00:00:00,CCGS LIMNOS,LAKE HURON,10,441439,-821458,146,92.4,2003-05-24 10:09:00,102,41.00,.00,0.00000000,,0,2.480000,T PROF,"TEMPERATURE PROFILER, WQP",DEG C,44.24417,-82.24944
200302003,2003-06-10 00:00:00,CCGS LIMNOS,LAKE HURON,10,441439,-821458,146,92.4,2003-05-24 10:09:00,102,41.50,.00,0.00000000,,0,2.480000,T PROF,"TEMPERATURE PROFILER, WQP",DEG C,44.24417,-82.24944
200302003,2003-06-10 00:00:00,CCGS LIMNOS,LAKE HURON,10,441439,-821458,146,92.4,2003-05-24 10:09:00,102,42.00,.00,0.00000000,,0,2.480000,T PROF,"TEMPERATURE PROFILER, WQP",DEG C,44.24417,-82.24944
200302003,2003-06-10 00:00:00,CCGS LIMNOS,LAKE HURON,10,441439,-821458,146,92.4,2003-05-24 10:09:00,102,42.50,.00,0.00000000,,0,2.480000,T PROF,"TEMPERATURE PROFILER, WQP",DEG C,44.24417,-82.24944
200302003,2003-06-10 00:00:00,CCGS LIMNOS,LAKE HURON,10,441439,-821458,146,92.4,2003-05-24 10:09:00,102,43.00,.00,0.00000000,,0,2.480000,T PROF,"TEMPERATURE PROFILER, WQP",DEG C,44.24417,-82.24944
200302003,2003-06-10 00:00:00,CCGS LIMNOS,LAKE HURON,10,441439,-821458,146,92.4,2003-05-24 10:09:00,102,43.50,.00,0.00000000,,0,2.480000,T PROF,"TEMPERATURE PROFILER, WQP",DEG C,44.24417,-82.24944
200302003,2003-06-10 00:00:00,CCGS LIMNOS,LAKE HURON,10,441439,-821458,146,92.4,2003-05-24 10:09:00,102,44.00,.00,0.00000000,,0,2.480000,T PROF,"TEMPERATURE PROFILER, WQP",DEG C,44.24417,-82.24944
200302003,2003-06-10 00:00:00,CCGS LIMNOS,LAKE HURON,10,441439,-821458,146,92.4,2003-05-24 10:09:00,102,44.50,.00,0.00000000,,0,2.470000,T PROF,"TEMPERATURE PROFILER, WQP",DEG C,44.24417,-82.24944
200302003,2003-06-10 00:00:00,CCGS LIMNOS,LAKE HURON,10,441439,-821458,146,92.4,2003-05-24 10:09:00,102,45.00,.00,0.00000000,,0,2.470000,T PROF,"TEMPERATURE PROFILER, WQP",DEG C,44.24417,-82.24944
200302003,2003-06-10 00:00:00,CCGS LIMNOS,LAKE HURON,10,441439,-821458,146,92.4,2003-05-24 10:09:00,102,45.50,.00,0.00000000,,0,2.470000,T PROF,"TEMPERATURE PROFILER, WQP",DEG C,44.24417,-82.24944
200302003,2003-06-10 00:00:00,CCGS LIMNOS,LAKE HURON,10,441439,-821458,146,92.4,2003-05-24 10:09:00,102,46.00,.00,0.00000000,,0,2.470000,T PROF,"TEMPERATURE PROFILER, WQP",DEG C,44.24417,-82.24944
200302003,2003-06-10 00:00:00,CCGS LIMNOS,LAKE HURON,10,441439,-821458,146,92.4,2003-05-24 10:09:00,102,46.50,.00,0.00000000,,0,2.470000,T PROF,"TEMPERATURE PROFILER, WQP",DEG C,44.24417,-82.24944
200302003,2003-06-10 00:00:00,CCGS LIMNOS,LAKE HURON,10,441439,-821458,146,92.4,2003-05-24 10:09:00,102,47.00,.00,0.00000000,,0,2.470000,T PROF,"TEMPERATURE PROFILER, WQP",DEG C,44.24417,-82.24944
200302003,2003-06-10 00:00:00,CCGS LIMNOS,LAKE HURON,10,441439,-821458,146,92.4,2003-05-24 10:09:00,102,47.50,.00,0.00000000,,0,2.470000,T PROF,"TEMPERATURE PROFILER, WQP",DEG C,44.24417,-82.24944
200302003,2003-06-10 00:00:00,CCGS LIMNOS,LAKE HURON,10,441439,-821458,146,92.4,2003-05-24 10:09:00,102,48.00,.00,0.00000000,,0,2.470000,T PROF,"TEMPERATURE PROFILER, WQP",DEG C,44.24417,-82.24944
200302003,2003-06-10 00:00:00,CCGS LIMNOS,LAKE HURON,10,441439,-821458,146,92.4,2003-05-24 10:09:00,102,48.50,.00,0.00000000,,0,2.470000,T PROF,"TEMPERATURE PROFILER, WQP",DEG C,44.24417,-82.24944
200302003,2003-06-10 00:00:00,CCGS LIMNOS,LAKE HURON,10,441439,-821458,146,92.4,2003-05-24 10:09:00,102,49.00,.00,0.00000000,,0,2.470000,T PROF,"TEMPERATURE PROFILER, WQP",DEG C,44.24417,-82.24944
200302003,2003-06-10 00:00:00,CCGS LIMNOS,LAKE HURON,10,441439,-821458,146,92.4,2003-05-24 10:09:00,102,49.50,.00,0.00000000,,0,2.470000,T PROF,"TEMPERATURE PROFILER, WQP",DEG C,44.24417,-82.24944
200302003,2003-06-10 00:00:00,CCGS LIMNOS,LAKE HURON,10,441439,-821458,146,92.4,2003-05-24 10:09:00,102,50.00,.00,0.00000000,,0,2.470000,T PROF,"TEMPERATURE PROFILER, WQP",DEG C,44.24417,-82.24944
200302003,2003-06-10 00:00:00,CCGS LIMNOS,LAKE HURON,10,441439,-821458,146,92.4,2003-05-24 10:09:00,102,50.50,.00,0.00000000,,0,2.470000,T PROF,"TEMPERATURE PROFILER, WQP",DEG C,44.24417,-82.24944
200302003,2003-06-10 00:00:00,CCGS LIMNOS,LAKE HURON,10,441439,-821458,146,92.4,2003-05-24 10:09:00,102,51.00,.00,0.00000000,,0,2.470000,T PROF,"TEMPERATURE PROFILER, WQP",DEG C,44.24417,-82.24944
200302003,2003-06-10 00:00:00,CCGS LIMNOS,LAKE HURON,10,441439,-821458,146,92.4,2003-05-24 10:09:00,102,51.50,.00,0.00000000,,0,2.470000,T PROF,"TEMPERATURE PROFILER, WQP",DEG C,44.24417,-82.24944
200302003,2003-06-10 00:00:00,CCGS LIMNOS,LAKE HURON,10,441439,-821458,146,92.4,2003-05-24 10:09:00,102,52.00,.00,0.00000000,,0,2.470000,T PROF,"TEMPERATURE PROFILER, WQP",DEG C,44.24417,-82.24944
200302003,2003-06-10 00:00:00,CCGS LIMNOS,LAKE HURON,10,441439,-821458,146,92.4,2003-05-24 10:09:00,102,52.50,.00,0.00000000,,0,2.470000,T PROF,"TEMPERATURE PROFILER, WQP",DEG C,44.24417,-82.24944
200302003,2003-06-10 00:00:00,CCGS LIMNOS,LAKE HURON,10,441439,-821458,146,92.4,2003-05-24 10:09:00,102,53.00,.00,0.00000000,,0,2.470000,T PROF,"TEMPERATURE PROFILER, WQP",DEG C,44.24417,-82.24944
200302003,2003-06-10 00:00:00,CCGS LIMNOS,LAKE HURON,10,441439,-821458,146,92.4,2003-05-24 10:09:00,102,53.50,.00,0.00000000,,0,2.470000,T PROF,"TEMPERATURE PROFILER, WQP",DEG C,44.24417,-82.24944
200302003,2003-06-10 00:00:00,CCGS LIMNOS,LAKE HURON,10,441439,-821458,146,92.4,2003-05-24 10:09:00,102,54.00,.00,0.00000000,,0,2.470000,T PROF,"TEMPERATURE PROFILER, WQP",DEG C,44.24417,-82.24944
200302003,2003-06-10 00:00:00,CCGS LIMNOS,LAKE HURON,10,441439,-821458,146,92.4,2003-05-24 10:09:00,102,54.50,.00,0.00000000,,0,2.470000,T PROF,"TEMPERATURE PROFILER, WQP",DEG C,44.24417,-82.24944
200302003,2003-06-10 00:00:00,CCGS LIMNOS,LAKE HURON,10,441439,-821458,146,92.4,2003-05-24 10:09:00,102,55.00,.00,0.00000000,,0,2.470000,T PROF,"TEMPERATURE PROFILER, WQP",DEG C,44.24417,-82.24944
200302003,2003-06-10 00:00:00,CCGS LIMNOS,LAKE HURON,10,441439,-821458,146,92.4,2003-05-24 10:09:00,102,55.50,.00,0.00000000,,0,2.470000,T PROF,"TEMPERATURE PROFILER, WQP",DEG C,44.24417,-82.24944
200302003,2003-06-10 00:00:00,CCGS LIMNOS,LAKE HURON,10,441439,-821458,146,92.4,2003-05-24 10:09:00,102,56.00,.00,0.00000000,,0,2.480000,T PROF,"TEMPERATURE PROFILER, WQP",DEG C,44.24417,-82.24944
200302003,2003-06-10 00:00:00,CCGS LIMNOS,LAKE HURON,10,441439,-821458,146,92.4,2003-05-24 10:09:00,102,56.50,.00,0.00000000,,0,2.470000,T PROF,"TEMPERATURE PROFILER, WQP",DEG C,44.24417,-82.24944
200302003,2003-06-10 00:00:00,CCGS LIMNOS,LAKE HURON,10,441439,-821458,146,92.4,2003-05-24 10:09:00,102,57.00,.00,0.00000000,,0,2.480000,T PROF,"TEMPERATURE PROFILER, WQP",DEG C,44.24417,-82.24944
200302003,2003-06-10 00:00:00,CCGS LIMNOS,LAKE HURON,10,441439,-821458,146,92.4,2003-05-24 10:09:00,102,57.50,.00,0.00000000,,0,2.480000,T PROF,"TEMPERATURE PROFILER, WQP",DEG C,44.24417,-82.24944
200302003,2003-06-10 00:00:00,CCGS LIMNOS,LAKE HURON,10,441439,-821458,146,92.4,2003-05-24 10:09:00,102,58.00,.00,0.00000000,,0,2.470000,T PROF,"TEMPERATURE PROFILER, WQP",DEG C,44.24417,-82.24944
200302003,2003-06-10 00:00:00,CCGS LIMNOS,LAKE HURON,10,441439,-821458,146,92.4,2003-05-24 10:09:00,102,58.50,.00,0.00000000,,0,2.470000,T PROF,"TEMPERATURE PROFILER, WQP",DEG C,44.24417,-82.24944
200302003,2003-06-10 00:00:00,CCGS LIMNOS,LAKE HURON,10,441439,-821458,146,92.4,2003-05-24 10:09:00,102,59.00,.00,0.00000000,,0,2.470000,T PROF,"TEMPERATURE PROFILER, WQP",DEG C,44.24417,-82.24944
200302003,2003-06-10 00:00:00,CCGS LIMNOS,LAKE HURON,10,441439,-821458,146,92.4,2003-05-24 10:09:00,102,59.50,.00,0.00000000,,0,2.470000,T PROF,"TEMPERATURE PROFILER, WQP",DEG C,44.24417,-82.24944
200302003,2003-06-10 00:00:00,CCGS LIMNOS,LAKE HURON,10,441439,-821458,146,92.4,2003-05-24 10:09:00,102,60.00,.00,0.00000000,,0,2.470000,T PROF,"TEMPERATURE PROFILER, WQP",DEG C,44.24417,-82.24944
200302003,2003-06-10 00:00:00,CCGS LIMNOS,LAKE HURON,10,441439,-821458,146,92.4,2003-05-24 10:09:00,102,60.50,.00,0.00000000,,0,2.470000,T PROF,"TEMPERATURE PROFILER, WQP",DEG C,44.24417,-82.24944
200302003,2003-06-10 00:00:00,CCGS LIMNOS,LAKE HURON,10,441439,-821458,146,92.4,2003-05-24 10:09:00,102,61.00,.00,0.00000000,,0,2.470000,T PROF,"TEMPERATURE PROFILER, WQP",DEG C,44.24417,-82.24944
200302003,2003-06-10 00:00:00,CCGS LIMNOS,LAKE HURON,10,441439,-821458,146,92.4,2003-05-24 10:09:00,102,61.50,.00,0.00000000,,0,2.470000,T PROF,"TEMPERATURE PROFILER, WQP",DEG C,44.24417,-82.24944
200302003,2003-06-10 00:00:00,CCGS LIMNOS,LAKE HURON,10,441439,-821458,146,92.4,2003-05-24 10:09:00,102,62.00,.00,0.00000000,,0,2.470000,T PROF,"TEMPERATURE PROFILER, WQP",DEG C,44.24417,-82.24944
200302003,2003-06-10 00:00:00,CCGS LIMNOS,LAKE HURON,10,441439,-821458,146,92.4,2003-05-24 10:09:00,102,62.50,.00,0.00000000,,0,2.470000,T PROF,"TEMPERATURE PROFILER, WQP",DEG C,44.24417,-82.24944
200302003,2003-06-10 00:00:00,CCGS LIMNOS,LAKE HURON,10,441439,-821458,146,92.4,2003-05-24 10:09:00,102,63.00,.00,0.00000000,,0,2.470000,T PROF,"TEMPERATURE PROFILER, WQP",DEG C,44.24417,-82.24944
200302003,2003-06-10 00:00:00,CCGS LIMNOS,LAKE HURON,10,441439,-821458,146,92.4,2003-05-24 10:09:00,102,63.50,.00,0.00000000,,0,2.470000,T PROF,"TEMPERATURE PROFILER, WQP",DEG C,44.24417,-82.24944
200302003,2003-06-10 00:00:00,CCGS LIMNOS,LAKE HURON,10,441439,-821458,146,92.4,2003-05-24 10:09:00,102,64.00,.00,0.00000000,,0,2.470000,T PROF,"TEMPERATURE PROFILER, WQP",DEG C,44.24417,-82.24944
200302003,2003-06-10 00:00:00,CCGS LIMNOS,LAKE HURON,10,441439,-821458,146,92.4,2003-05-24 10:09:00,102,64.50,.00,0.00000000,,0,2.470000,T PROF,"TEMPERATURE PROFILER, WQP",DEG C,44.24417,-82.24944
200302003,2003-06-10 00:00:00,CCGS LIMNOS,LAKE HURON,10,441439,-821458,146,92.4,2003-05-24 10:09:00,102,65.00,.00,0.00000000,,0,2.470000,T PROF,"TEMPERATURE PROFILER, WQP",DEG C,44.24417,-82.24944
200302003,2003-06-10 00:00:00,CCGS LIMNOS,LAKE HURON,10,441439,-821458,146,92.4,2003-05-24 10:09:00,102,65.50,.00,0.00000000,,0,2.470000,T PROF,"TEMPERATURE PROFILER, WQP",DEG C,44.24417,-82.24944
200302003,2003-06-10 00:00:00,CCGS LIMNOS,LAKE HURON,10,441439,-821458,146,92.4,2003-05-24 10:09:00,102,66.00,.00,0.00000000,,0,2.470000,T PROF,"TEMPERATURE PROFILER, WQP",DEG C,44.24417,-82.24944
200302003,2003-06-10 00:00:00,CCGS LIMNOS,LAKE HURON,10,441439,-821458,146,92.4,2003-05-24 10:09:00,102,66.50,.00,0.00000000,,0,2.470000,T PROF,"TEMPERATURE PROFILER, WQP",DEG C,44.24417,-82.24944
200302003,2003-06-10 00:00:00,CCGS LIMNOS,LAKE HURON,10,441439,-821458,146,92.4,2003-05-24 10:09:00,102,67.00,.00,0.00000000,,0,2.480000,T PROF,"TEMPERATURE PROFILER, WQP",DEG C,44.24417,-82.24944
200302003,2003-06-10 00:00:00,CCGS LIMNOS,LAKE HURON,10,441439,-821458,146,92.4,2003-05-24 10:09:00,102,67.50,.00,0.00000000,,0,2.480000,T PROF,"TEMPERATURE PROFILER, WQP",DEG C,44.24417,-82.24944
200302003,2003-06-10 00:00:00,CCGS LIMNOS,LAKE HURON,10,441439,-821458,146,92.4,2003-05-24 10:09:00,102,68.00,.00,0.00000000,,0,2.480000,T PROF,"TEMPERATURE PROFILER, WQP",DEG C,44.24417,-82.24944
200302003,2003-06-10 00:00:00,CCGS LIMNOS,LAKE HURON,10,441439,-821458,146,92.4,2003-05-24 10:09:00,102,68.50,.00,0.00000000,,0,2.480000,T PROF,"TEMPERATURE PROFILER, WQP",DEG C,44.24417,-82.24944
200302003,2003-06-10 00:00:00,CCGS LIMNOS,LAKE HURON,10,441439,-821458,146,92.4,2003-05-24 10:09:00,102,69.00,.00,0.00000000,,0,2.480000,T PROF,"TEMPERATURE PROFILER, WQP",DEG C,44.24417,-82.24944
200302003,2003-06-10 00:00:00,CCGS LIMNOS,LAKE HURON,10,441439,-821458,146,92.4,2003-05-24 10:09:00,102,69.50,.00,0.00000000,,0,2.480000,T PROF,"TEMPERATURE PROFILER, WQP",DEG C,44.24417,-82.24944
200302003,2003-06-10 00:00:00,CCGS LIMNOS,LAKE HURON,10,441439,-821458,146,92.4,2003-05-24 10:09:00,102,70.00,.00,0.00000000,,0,2.470000,T PROF,"TEMPERATURE PROFILER, WQP",DEG C,44.24417,-82.24944
200302003,2003-06-10 00:00:00,CCGS LIMNOS,LAKE HURON,10,441439,-821458,146,92.4,2003-05-24 10:09:00,102,70.50,.00,0.00000000,,0,2.470000,T PROF,"TEMPERATURE PROFILER, WQP",DEG C,44.24417,-82.24944
200302003,2003-06-10 00:00:00,CCGS LIMNOS,LAKE HURON,10,441439,-821458,146,92.4,2003-05-24 10:09:00,102,71.00,.00,0.00000000,,0,2.480000,T PROF,"TEMPERATURE PROFILER, WQP",DEG C,44.24417,-82.24944
200302003,2003-06-10 00:00:00,CCGS LIMNOS,LAKE HURON,10,441439,-821458,146,92.4,2003-05-24 10:09:00,102,71.50,.00,0.00000000,,0,2.490000,T PROF,"TEMPERATURE PROFILER, WQP",DEG C,44.24417,-82.24944
200302003,2003-06-10 00:00:00,CCGS LIMNOS,LAKE HURON,10,441439,-821458,146,92.4,2003-05-24 10:09:00,102,72.00,.00,0.00000000,,0,2.480000,T PROF,"TEMPERATURE PROFILER, WQP",DEG C,44.24417,-82.24944
200302003,2003-06-10 00:00:00,CCGS LIMNOS,LAKE HURON,10,441439,-821458,146,92.4,2003-05-24 10:09:00,102,72.50,.00,0.00000000,,0,2.490000,T PROF,"TEMPERATURE PROFILER, WQP",DEG C,44.24417,-82.24944
200302003,2003-06-10 00:00:00,CCGS LIMNOS,LAKE HURON,10,441439,-821458,146,92.4,2003-05-24 10:09:00,102,73.00,.00,0.00000000,,0,2.490000,T PROF,"TEMPERATURE PROFILER, WQP",DEG C,44.24417,-82.24944
200302003,2003-06-10 00:00:00,CCGS LIMNOS,LAKE HURON,10,441439,-821458,146,92.4,2003-05-24 10:09:00,102,73.50,.00,0.00000000,,0,2.490000,T PROF,"TEMPERATURE PROFILER, WQP",DEG C,44.24417,-82.24944
200302003,2003-06-10 00:00:00,CCGS LIMNOS,LAKE HURON,10,441439,-821458,146,92.4,2003-05-24 10:09:00,102,74.00,.00,0.00000000,,0,2.480000,T PROF,"TEMPERATURE PROFILER, WQP",DEG C,44.24417,-82.24944
200302003,2003-06-10 00:00:00,CCGS LIMNOS,LAKE HURON,10,441439,-821458,146,92.4,2003-05-24 10:09:00,102,74.50,.00,0.00000000,,0,2.480000,T PROF,"TEMPERATURE PROFILER, WQP",DEG C,44.24417,-82.24944
200302003,2003-06-10 00:00:00,CCGS LIMNOS,LAKE HURON,10,441439,-821458,146,92.4,2003-05-24 10:09:00,102,75.00,.00,0.00000000,,0,2.480000,T PROF,"TEMPERATURE PROFILER, WQP",DEG C,44.24417,-82.24944
200302003,2003-06-10 00:00:00,CCGS LIMNOS,LAKE HURON,10,441439,-821458,146,92.4,2003-05-24 10:09:00,102,75.50,.00,0.00000000,,0,2.480000,T PROF,"TEMPERATURE PROFILER, WQP",DEG C,44.24417,-82.24944
200302003,2003-06-10 00:00:00,CCGS LIMNOS,LAKE HURON,10,441439,-821458,146,92.4,2003-05-24 10:09:00,102,76.00,.00,0.00000000,,0,2.480000,T PROF,"TEMPERATURE PROFILER, WQP",DEG C,44.24417,-82.24944
200302003,2003-06-10 00:00:00,CCGS LIMNOS,LAKE HURON,10,441439,-821458,146,92.4,2003-05-24 10:09:00,102,76.50,.00,0.00000000,,0,2.480000,T PROF,"TEMPERATURE PROFILER, WQP",DEG C,44.24417,-82.24944
200302003,2003-06-10 00:00:00,CCGS LIMNOS,LAKE HURON,10,441439,-821458,146,92.4,2003-05-24 10:09:00,102,77.00,.00,0.00000000,,0,2.480000,T PROF,"TEMPERATURE PROFILER, WQP",DEG C,44.24417,-82.24944
200302003,2003-06-10 00:00:00,CCGS LIMNOS,LAKE HURON,10,441439,-821458,146,92.4,2003-05-24 10:09:00,102,77.50,.00,0.00000000,,0,2.480000,T PROF,"TEMPERATURE PROFILER, WQP",DEG C,44.24417,-82.24944
200302003,2003-06-10 00:00:00,CCGS LIMNOS,LAKE HURON,10,441439,-821458,146,92.4,2003-05-24 10:09:00,102,78.00,.00,0.00000000,,0,2.480000,T PROF,"TEMPERATURE PROFILER, WQP",DEG C,44.24417,-82.24944
200302003,2003-06-10 00:00:00,CCGS LIMNOS,LAKE HURON,10,441439,-821458,146,92.4,2003-05-24 10:09:00,102,78.50,.00,0.00000000,,0,2.480000,T PROF,"TEMPERATURE PROFILER, WQP",DEG C,44.24417,-82.24944
200302003,2003-06-10 00:00:00,CCGS LIMNOS,LAKE HURON,10,441439,-821458,146,92.4,2003-05-24 10:09:00,102,79.00,.00,0.00000000,,0,2.480000,T PROF,"TEMPERATURE PROFILER, WQP",DEG C,44.24417,-82.24944
200302003,2003-06-10 00:00:00,CCGS LIMNOS,LAKE HURON,10,441439,-821458,146,92.4,2003-05-24 10:09:00,102,79.50,.00,0.00000000,,0,2.470000,T PROF,"TEMPERATURE PROFILER, WQP",DEG C,44.24417,-82.24944
200302003,2003-06-10 00:00:00,CCGS LIMNOS,LAKE HURON,10,441439,-821458,146,92.4,2003-05-24 10:09:00,102,80.00,.00,0.00000000,,0,2.470000,T PROF,"TEMPERATURE PROFILER, WQP",DEG C,44.24417,-82.24944
200302003,2003-06-10 00:00:00,CCGS LIMNOS,LAKE HURON,10,441439,-821458,146,92.4,2003-05-24 10:09:00,102,80.50,.00,0.00000000,,0,2.480000,T PROF,"TEMPERATURE PROFILER, WQP",DEG C,44.24417,-82.24944
200302003,2003-06-10 00:00:00,CCGS LIMNOS,LAKE HURON,10,441439,-821458,146,92.4,2003-05-24 10:09:00,102,81.00,.00,0.00000000,,0,2.480000,T PROF,"TEMPERATURE PROFILER, WQP",DEG C,44.24417,-82.24944
200302003,2003-06-10 00:00:00,CCGS LIMNOS,LAKE HURON,10,441439,-821458,146,92.4,2003-05-24 10:09:00,102,81.50,.00,0.00000000,,0,2.480000,T PROF,"TEMPERATURE PROFILER, WQP",DEG C,44.24417,-82.24944
200302003,2003-06-10 00:00:00,CCGS LIMNOS,LAKE HURON,10,441439,-821458,146,92.4,2003-05-24 10:09:00,102,82.00,.00,0.00000000,,0,2.480000,T PROF,"TEMPERATURE PROFILER, WQP",DEG C,44.24417,-82.24944
200302003,2003-06-10 00:00:00,CCGS LIMNOS,LAKE HURON,10,441439,-821458,146,92.4,2003-05-24 10:09:00,102,82.50,.00,0.00000000,,0,2.480000,T PROF,"TEMPERATURE PROFILER, WQP",DEG C,44.24417,-82.24944
200302003,2003-06-10 00:00:00,CCGS LIMNOS,LAKE HURON,10,441439,-821458,146,92.4,2003-05-24 10:09:00,102,83.00,.00,0.00000000,,0,2.480000,T PROF,"TEMPERATURE PROFILER, WQP",DEG C,44.24417,-82.24944
200302003,2003-06-10 00:00:00,CCGS LIMNOS,LAKE HURON,10,441439,-821458,146,92.4,2003-05-24 10:09:00,102,83.50,.00,0.00000000,,0,2.470000,T PROF,"TEMPERATURE PROFILER, WQP",DEG C,44.24417,-82.24944
200302003,2003-06-10 00:00:00,CCGS LIMNOS,LAKE HURON,10,441439,-821458,146,92.4,2003-05-24 10:09:00,102,84.00,.00,0.00000000,,0,2.470000,T PROF,"TEMPERATURE PROFILER, WQP",DEG C,44.24417,-82.24944
200302003,2003-06-10 00:00:00,CCGS LIMNOS,LAKE HURON,10,441439,-821458,146,92.4,2003-05-24 10:09:00,102,84.50,.00,0.00000000,,0,2.470000,T PROF,"TEMPERATURE PROFILER, WQP",DEG C,44.24417,-82.24944
200302003,2003-06-10 00:00:00,CCGS LIMNOS,LAKE HURON,10,441439,-821458,146,92.4,2003-05-24 10:09:00,102,85.00,.00,0.00000000,,0,2.470000,T PROF,"TEMPERATURE PROFILER, WQP",DEG C,44.24417,-82.24944
200302003,2003-06-10 00:00:00,CCGS LIMNOS,LAKE HURON,10,441439,-821458,146,92.4,2003-05-24 10:09:00,102,85.50,.00,0.00000000,,0,2.470000,T PROF,"TEMPERATURE PROFILER, WQP",DEG C,44.24417,-82.24944
200302003,2003-06-10 00:00:00,CCGS LIMNOS,LAKE HURON,10,441439,-821458,146,92.4,2003-05-24 10:09:00,102,86.00,.00,0.00000000,,0,2.470000,T PROF,"TEMPERATURE PROFILER, WQP",DEG C,44.24417,-82.24944
200302003,2003-06-10 00:00:00,CCGS LIMNOS,LAKE HURON,10,441439,-821458,146,92.4,2003-05-24 10:09:00,102,86.50,.00,0.00000000,,0,2.470000,T PROF,"TEMPERATURE PROFILER, WQP",DEG C,44.24417,-82.24944
200302003,2003-06-10 00:00:00,CCGS LIMNOS,LAKE HURON,10,441439,-821458,146,92.4,2003-05-24 10:09:00,102,87.00,.00,0.00000000,,0,2.470000,T PROF,"TEMPERATURE PROFILER, WQP",DEG C,44.24417,-82.24944
200302003,2003-06-10 00:00:00,CCGS LIMNOS,LAKE HURON,10,441439,-821458,146,92.4,2003-05-24 10:09:00,102,87.50,.00,0.00000000,,0,2.470000,T PROF,"TEMPERATURE PROFILER, WQP",DEG C,44.24417,-82.24944
200302003,2003-06-10 00:00:00,CCGS LIMNOS,LAKE HURON,10,441439,-821458,146,92.4,2003-05-24 10:09:00,102,88.00,.00,0.00000000,,0,2.470000,T PROF,"TEMPERATURE PROFILER, WQP",DEG C,44.24417,-82.24944
200302003,2003-06-10 00:00:00,CCGS LIMNOS,LAKE HURON,10,441439,-821458,146,92.4,2003-05-24 10:09:00,102,88.50,.00,0.00000000,,0,2.470000,T PROF,"TEMPERATURE PROFILER, WQP",DEG C,44.24417,-82.24944
200302003,2003-06-10 00:00:00,CCGS LIMNOS,LAKE HURON,10,441439,-821458,146,92.4,2003-05-24 10:09:00,102,89.00,.00,0.00000000,,0,2.470000,T PROF,"TEMPERATURE PROFILER, WQP",DEG C,44.24417,-82.24944
200302003,2003-06-10 00:00:00,CCGS LIMNOS,LAKE HURON,10,441439,-821458,146,92.4,2003-05-24 10:09:00,102,89.50,.00,0.00000000,,0,2.470000,T PROF,"TEMPERATURE PROFILER, WQP",DEG C,44.24417,-82.24944
200302003,2003-06-10 00:00:00,CCGS LIMNOS,LAKE HURON,10,441439,-821458,146,92.4,2003-05-24 10:09:00,102,90.00,.00,0.00000000,,0,2.470000,T PROF,"TEMPERATURE PROFILER, WQP",DEG C,44.24417,-82.24944
200302003,2003-06-10 00:00:00,CCGS LIMNOS,LAKE HURON,10,441439,-821458,146,92.4,2003-05-24 10:09:00,102,90.50,.00,0.00000000,,0,2.470000,T PROF,"TEMPERATURE PROFILER, WQP",DEG C,44.24417,-82.24944
200302003,2003-06-10 00:00:00,CCGS LIMNOS,LAKE HURON,10,441439,-821458,146,92.4,2003-05-24 10:09:00,102,91.00,.00,0.00000000,,0,2.470000,T PROF,"TEMPERATURE PROFILER, WQP",DEG C,44.24417,-82.24944
200302003,2003-06-10 00:00:00,CCGS LIMNOS,LAKE HURON,10,441439,-821458,146,92.4,2003-05-24 10:09:00,102,91.50,.00,0.00000000,,0,2.470000,T PROF,"TEMPERATURE PROFILER, WQP",DEG C,44.24417,-82.24944
200302003,2003-06-10 00:00:00,CCGS LIMNOS,LAKE HURON,10,441439,-821458,146,92.4,2003-05-24 10:09:00,102,92.00,.00,0.00000000,,0,2.470000,T PROF,"TEMPERATURE PROFILER, WQP",DEG C,44.24417,-82.24944
200302003,2003-06-10 00:00:00,CCGS LIMNOS,LAKE HURON,1,430245,-822449,1167,6.5,2003-05-14 19:06:00,124,.00,.00,,,0,84.000000,TRANS,TRANSPARENCY,PERCENT,43.04583,-82.41361
200302003,2003-06-10 00:00:00,CCGS LIMNOS,LAKE HURON,2,430522,-822334,1,11.0,2003-05-14 19:49:00,124,.00,.00,,,0,84.000000,TRANS,TRANSPARENCY,PERCENT,43.08944,-82.39278
200302003,2003-06-10 00:00:00,CCGS LIMNOS,LAKE HURON,3,433800,-821259,9,58.6,2003-05-14 23:44:00,124,.00,.00,,,0,84.000000,TRANS,TRANSPARENCY,PERCENT,43.63333,-82.21639
200302003,2003-06-10 00:00:00,CCGS LIMNOS,LAKE HURON,4,442712,-822032,32,80.0,2003-05-15 04:53:00,124,.00,.00,,,0,83.000000,TRANS,TRANSPARENCY,PERCENT,44.45333,-82.34222
200302003,2003-06-10 00:00:00,CCGS LIMNOS,LAKE HURON,5,450059,-824108,44,164.8,2003-05-15 09:01:00,124,.00,.00,,,0,85.000000,TRANS,TRANSPARENCY,PERCENT,45.01639,-82.68556
200302003,2003-06-10 00:00:00,CCGS LIMNOS,LAKE HURON,6,453100,-832459,54,131.6,2003-05-15 13:24:00,124,.00,.00,,,0,84.000000,TRANS,TRANSPARENCY,PERCENT,45.51667,-83.41639
200302003,2003-06-10 00:00:00,CCGS LIMNOS,LAKE HURON,7,454500,-835501,61,116.0,2003-05-15 16:39:00,124,.00,.00,,,0,84.000000,TRANS,TRANSPARENCY,PERCENT,45.75000,-83.91694
200302003,2003-06-10 00:00:00,CCGS LIMNOS,LAKE HURON,8,454500,-835500,61,116.3,2003-05-23 21:41:00,127,.00,.00,0.00000000,,0,85.000000,TRANS P,TRANSMISSION LIGHT PROFILER,PERCENT,45.75000,-83.91667
200302003,2003-06-10 00:00:00,CCGS LIMNOS,LAKE HURON,8,454500,-835500,61,116.3,2003-05-23 21:41:00,127,.50,.00,0.00000000,,0,85.000000,TRANS P,TRANSMISSION LIGHT PROFILER,PERCENT,45.75000,-83.91667
200302003,2003-06-10 00:00:00,CCGS LIMNOS,LAKE HURON,8,454500,-835500,61,116.3,2003-05-23 21:41:00,127,1.00,.00,0.00000000,,0,85.000000,TRANS P,TRANSMISSION LIGHT PROFILER,PERCENT,45.75000,-83.91667
200302003,2003-06-10 00:00:00,CCGS LIMNOS,LAKE HURON,8,454500,-835500,61,116.3,2003-05-23 21:41:00,127,1.50,.00,0.00000000,,0,84.000000,TRANS P,TRANSMISSION LIGHT PROFILER,PERCENT,45.75000,-83.91667
200302003,2003-06-10 00:00:00,CCGS LIMNOS,LAKE HURON,8,454500,-835500,61,116.3,2003-05-23 21:41:00,127,2.00,.00,0.00000000,,0,85.000000,TRANS P,TRANSMISSION LIGHT PROFILER,PERCENT,45.75000,-83.91667
200302003,2003-06-10 00:00:00,CCGS LIMNOS,LAKE HURON,8,454500,-835500,61,116.3,2003-05-23 21:41:00,127,2.50,.00,0.00000000,,0,84.000000,TRANS P,TRANSMISSION LIGHT PROFILER,PERCENT,45.75000,-83.91667
200302003,2003-06-10 00:00:00,CCGS LIMNOS,LAKE HURON,8,454500,-835500,61,116.3,2003-05-23 21:41:00,127,3.00,.00,0.00000000,,0,84.000000,TRANS P,TRANSMISSION LIGHT PROFILER,PERCENT,45.75000,-83.91667
200302003,2003-06-10 00:00:00,CCGS LIMNOS,LAKE HURON,8,454500,-835500,61,116.3,2003-05-23 21:41:00,127,3.50,.00,0.00000000,,0,84.000000,TRANS P,TRANSMISSION LIGHT PROFILER,PERCENT,45.75000,-83.91667
200302003,2003-06-10 00:00:00,CCGS LIMNOS,LAKE HURON,8,454500,-835500,61,116.3,2003-05-23 21:41:00,127,4.00,.00,0.00000000,,0,84.000000,TRANS P,TRANSMISSION LIGHT PROFILER,PERCENT,45.75000,-83.91667
200302003,2003-06-10 00:00:00,CCGS LIMNOS,LAKE HURON,8,454500,-835500,61,116.3,2003-05-23 21:41:00,127,4.50,.00,0.00000000,,0,84.000000,TRANS P,TRANSMISSION LIGHT PROFILER,PERCENT,45.75000,-83.91667
200302003,2003-06-10 00:00:00,CCGS LIMNOS,LAKE HURON,8,454500,-835500,61,116.3,2003-05-23 21:41:00,127,5.00,.00,0.00000000,,0,84.000000,TRANS P,TRANSMISSION LIGHT PROFILER,PERCENT,45.75000,-83.91667
200302003,2003-06-10 00:00:00,CCGS LIMNOS,LAKE HURON,8,454500,-835500,61,116.3,2003-05-23 21:41:00,127,5.50,.00,0.00000000,,0,84.000000,TRANS P,TRANSMISSION LIGHT PROFILER,PERCENT,45.75000,-83.91667
200302003,2003-06-10 00:00:00,CCGS LIMNOS,LAKE HURON,8,454500,-835500,61,116.3,2003-05-23 21:41:00,127,6.00,.00,0.00000000,,0,84.000000,TRANS P,TRANSMISSION LIGHT PROFILER,PERCENT,45.75000,-83.91667
200302003,2003-06-10 00:00:00,CCGS LIMNOS,LAKE HURON,8,454500,-835500,61,116.3,2003-05-23 21:41:00,127,6.50,.00,0.00000000,,0,84.000000,TRANS P,TRANSMISSION LIGHT PROFILER,PERCENT,45.75000,-83.91667
200302003,2003-06-10 00:00:00,CCGS LIMNOS,LAKE HURON,8,454500,-835500,61,116.3,2003-05-23 21:41:00,127,7.00,.00,0.00000000,,0,84.000000,TRANS P,TRANSMISSION LIGHT PROFILER,PERCENT,45.75000,-83.91667
200302003,2003-06-10 00:00:00,CCGS LIMNOS,LAKE HURON,8,454500,-835500,61,116.3,2003-05-23 21:41:00,127,7.50,.00,0.00000000,,0,84.000000,TRANS P,TRANSMISSION LIGHT PROFILER,PERCENT,45.75000,-83.91667
200302003,2003-06-10 00:00:00,CCGS LIMNOS,LAKE HURON,8,454500,-835500,61,116.3,2003-05-23 21:41:00,127,8.00,.00,0.00000000,,0,84.000000,TRANS P,TRANSMISSION LIGHT PROFILER,PERCENT,45.75000,-83.91667
200302003,2003-06-10 00:00:00,CCGS LIMNOS,LAKE HURON,8,454500,-835500,61,116.3,2003-05-23 21:41:00,127,8.50,.00,0.00000000,,0,84.000000,TRANS P,TRANSMISSION LIGHT PROFILER,PERCENT,45.75000,-83.91667
200302003,2003-06-10 00:00:00,CCGS LIMNOS,LAKE HURON,8,454500,-835500,61,116.3,2003-05-23 21:41:00,127,9.00,.00,0.00000000,,0,84.000000,TRANS P,TRANSMISSION LIGHT PROFILER,PERCENT,45.75000,-83.91667
200302003,2003-06-10 00:00:00,CCGS LIMNOS,LAKE HURON,8,454500,-835500,61,116.3,2003-05-23 21:41:00,127,9.50,.00,0.00000000,,0,84.000000,TRANS P,TRANSMISSION LIGHT PROFILER,PERCENT,45.75000,-83.91667
200302003,2003-06-10 00:00:00,CCGS LIMNOS,LAKE HURON,8,454500,-835500,61,116.3,2003-05-23 21:41:00,127,10.00,.00,0.00000000,,0,84.000000,TRANS P,TRANSMISSION LIGHT PROFILER,PERCENT,45.75000,-83.91667
200302003,2003-06-10 00:00:00,CCGS LIMNOS,LAKE HURON,8,454500,-835500,61,116.3,2003-05-23 21:41:00,127,10.50,.00,0.00000000,,0,84.000000,TRANS P,TRANSMISSION LIGHT PROFILER,PERCENT,45.75000,-83.91667
200302003,2003-06-10 00:00:00,CCGS LIMNOS,LAKE HURON,8,454500,-835500,61,116.3,2003-05-23 21:41:00,127,11.00,.00,0.00000000,,0,84.000000,TRANS P,TRANSMISSION LIGHT PROFILER,PERCENT,45.75000,-83.91667
200302003,2003-06-10 00:00:00,CCGS LIMNOS,LAKE HURON,8,454500,-835500,61,116.3,2003-05-23 21:41:00,127,11.50,.00,0.00000000,,0,84.000000,TRANS P,TRANSMISSION LIGHT PROFILER,PERCENT,45.75000,-83.91667
200302003,2003-06-10 00:00:00,CCGS LIMNOS,LAKE HURON,8,454500,-835500,61,116.3,2003-05-23 21:41:00,127,12.00,.00,0.00000000,,0,84.000000,TRANS P,TRANSMISSION LIGHT PROFILER,PERCENT,45.75000,-83.91667
200302003,2003-06-10 00:00:00,CCGS LIMNOS,LAKE HURON,8,454500,-835500,61,116.3,2003-05-23 21:41:00,127,12.50,.00,0.00000000,,0,84.000000,TRANS P,TRANSMISSION LIGHT PROFILER,PERCENT,45.75000,-83.91667
200302003,2003-06-10 00:00:00,CCGS LIMNOS,LAKE HURON,8,454500,-835500,61,116.3,2003-05-23 21:41:00,127,13.00,.00,0.00000000,,0,84.000000,TRANS P,TRANSMISSION LIGHT PROFILER,PERCENT,45.75000,-83.91667
200302003,2003-06-10 00:00:00,CCGS LIMNOS,LAKE HURON,8,454500,-835500,61,116.3,2003-05-23 21:41:00,127,13.50,.00,0.00000000,,0,84.000000,TRANS P,TRANSMISSION LIGHT PROFILER,PERCENT,45.75000,-83.91667
200302003,2003-06-10 00:00:00,CCGS LIMNOS,LAKE HURON,8,454500,-835500,61,116.3,2003-05-23 21:41:00,127,14.00,.00,0.00000000,,0,84.000000,TRANS P,TRANSMISSION LIGHT PROFILER,PERCENT,45.75000,-83.91667
200302003,2003-06-10 00:00:00,CCGS LIMNOS,LAKE HURON,8,454500,-835500,61,116.3,2003-05-23 21:41:00,127,14.50,.00,0.00000000,,0,84.000000,TRANS P,TRANSMISSION LIGHT PROFILER,PERCENT,45.75000,-83.91667
200302003,2003-06-10 00:00:00,CCGS LIMNOS,LAKE HURON,8,454500,-835500,61,116.3,2003-05-23 21:41:00,127,15.00,.00,0.00000000,,0,84.000000,TRANS P,TRANSMISSION LIGHT PROFILER,PERCENT,45.75000,-83.91667
200302003,2003-06-10 00:00:00,CCGS LIMNOS,LAKE HURON,8,454500,-835500,61,116.3,2003-05-23 21:41:00,127,15.50,.00,0.00000000,,0,84.000000,TRANS P,TRANSMISSION LIGHT PROFILER,PERCENT,45.75000,-83.91667
200302003,2003-06-10 00:00:00,CCGS LIMNOS,LAKE HURON,8,454500,-835500,61,116.3,2003-05-23 21:41:00,127,16.00,.00,0.00000000,,0,84.000000,TRANS P,TRANSMISSION LIGHT PROFILER,PERCENT,45.75000,-83.91667
200302003,2003-06-10 00:00:00,CCGS LIMNOS,LAKE HURON,8,454500,-835500,61,116.3,2003-05-23 21:41:00,127,16.50,.00,0.00000000,,0,84.000000,TRANS P,TRANSMISSION LIGHT PROFILER,PERCENT,45.75000,-83.91667
200302003,2003-06-10 00:00:00,CCGS LIMNOS,LAKE HURON,8,454500,-835500,61,116.3,2003-05-23 21:41:00,127,17.00,.00,0.00000000,,0,84.000000,TRANS P,TRANSMISSION LIGHT PROFILER,PERCENT,45.75000,-83.91667
200302003,2003-06-10 00:00:00,CCGS LIMNOS,LAKE HURON,8,454500,-835500,61,116.3,2003-05-23 21:41:00,127,17.50,.00,0.00000000,,0,84.000000,TRANS P,TRANSMISSION LIGHT PROFILER,PERCENT,45.75000,-83.91667
200302003,2003-06-10 00:00:00,CCGS LIMNOS,LAKE HURON,8,454500,-835500,61,116.3,2003-05-23 21:41:00,127,18.00,.00,0.00000000,,0,84.000000,TRANS P,TRANSMISSION LIGHT PROFILER,PERCENT,45.75000,-83.91667
200302003,2003-06-10 00:00:00,CCGS LIMNOS,LAKE HURON,8,454500,-835500,61,116.3,2003-05-23 21:41:00,127,18.50,.00,0.00000000,,0,84.000000,TRANS P,TRANSMISSION LIGHT PROFILER,PERCENT,45.75000,-83.91667
200302003,2003-06-10 00:00:00,CCGS LIMNOS,LAKE HURON,8,454500,-835500,61,116.3,2003-05-23 21:41:00,127,19.00,.00,0.00000000,,0,84.000000,TRANS P,TRANSMISSION LIGHT PROFILER,PERCENT,45.75000,-83.91667
200302003,2003-06-10 00:00:00,CCGS LIMNOS,LAKE HURON,8,454500,-835500,61,116.3,2003-05-23 21:41:00,127,19.50,.00,0.00000000,,0,84.000000,TRANS P,TRANSMISSION LIGHT PROFILER,PERCENT,45.75000,-83.91667
200302003,2003-06-10 00:00:00,CCGS LIMNOS,LAKE HURON,8,454500,-835500,61,116.3,2003-05-23 21:41:00,127,20.00,.00,0.00000000,,0,84.000000,TRANS P,TRANSMISSION LIGHT PROFILER,PERCENT,45.75000,-83.91667
200302003,2003-06-10 00:00:00,CCGS LIMNOS,LAKE HURON,8,454500,-835500,61,116.3,2003-05-23 21:41:00,127,20.50,.00,0.00000000,,0,84.000000,TRANS P,TRANSMISSION LIGHT PROFILER,PERCENT,45.75000,-83.91667
200302003,2003-06-10 00:00:00,CCGS LIMNOS,LAKE HURON,8,454500,-835500,61,116.3,2003-05-23 21:41:00,127,21.00,.00,0.00000000,,0,84.000000,TRANS P,TRANSMISSION LIGHT PROFILER,PERCENT,45.75000,-83.91667
200302003,2003-06-10 00:00:00,CCGS LIMNOS,LAKE HURON,8,454500,-835500,61,116.3,2003-05-23 21:41:00,127,21.50,.00,0.00000000,,0,84.000000,TRANS P,TRANSMISSION LIGHT PROFILER,PERCENT,45.75000,-83.91667
200302003,2003-06-10 00:00:00,CCGS LIMNOS,LAKE HURON,8,454500,-835500,61,116.3,2003-05-23 21:41:00,127,22.00,.00,0.00000000,,0,84.000000,TRANS P,TRANSMISSION LIGHT PROFILER,PERCENT,45.75000,-83.91667
200302003,2003-06-10 00:00:00,CCGS LIMNOS,LAKE HURON,8,454500,-835500,61,116.3,2003-05-23 21:41:00,127,22.50,.00,0.00000000,,0,84.000000,TRANS P,TRANSMISSION LIGHT PROFILER,PERCENT,45.75000,-83.91667
200302003,2003-06-10 00:00:00,CCGS LIMNOS,LAKE HURON,8,454500,-835500,61,116.3,2003-05-23 21:41:00,127,23.00,.00,0.00000000,,0,84.000000,TRANS P,TRANSMISSION LIGHT PROFILER,PERCENT,45.75000,-83.91667
200302003,2003-06-10 00:00:00,CCGS LIMNOS,LAKE HURON,8,454500,-835500,61,116.3,2003-05-23 21:41:00,127,23.50,.00,0.00000000,,0,84.000000,TRANS P,TRANSMISSION LIGHT PROFILER,PERCENT,45.75000,-83.91667
200302003,2003-06-10 00:00:00,CCGS LIMNOS,LAKE HURON,8,454500,-835500,61,116.3,2003-05-23 21:41:00,127,24.00,.00,0.00000000,,0,84.000000,TRANS P,TRANSMISSION LIGHT PROFILER,PERCENT,45.75000,-83.91667
200302003,2003-06-10 00:00:00,CCGS LIMNOS,LAKE HURON,8,454500,-835500,61,116.3,2003-05-23 21:41:00,127,24.50,.00,0.00000000,,0,84.000000,TRANS P,TRANSMISSION LIGHT PROFILER,PERCENT,45.75000,-83.91667
200302003,2003-06-10 00:00:00,CCGS LIMNOS,LAKE HURON,8,454500,-835500,61,116.3,2003-05-23 21:41:00,127,25.00,.00,0.00000000,,0,84.000000,TRANS P,TRANSMISSION LIGHT PROFILER,PERCENT,45.75000,-83.91667
200302003,2003-06-10 00:00:00,CCGS LIMNOS,LAKE HURON,8,454500,-835500,61,116.3,2003-05-23 21:41:00,127,25.50,.00,0.00000000,,0,84.000000,TRANS P,TRANSMISSION LIGHT PROFILER,PERCENT,45.75000,-83.91667
200302003,2003-06-10 00:00:00,CCGS LIMNOS,LAKE HURON,8,454500,-835500,61,116.3,2003-05-23 21:41:00,127,26.00,.00,0.00000000,,0,84.000000,TRANS P,TRANSMISSION LIGHT PROFILER,PERCENT,45.75000,-83.91667
200302003,2003-06-10 00:00:00,CCGS LIMNOS,LAKE HURON,8,454500,-835500,61,116.3,2003-05-23 21:41:00,127,26.50,.00,0.00000000,,0,84.000000,TRANS P,TRANSMISSION LIGHT PROFILER,PERCENT,45.75000,-83.91667
200302003,2003-06-10 00:00:00,CCGS LIMNOS,LAKE HURON,8,454500,-835500,61,116.3,2003-05-23 21:41:00,127,27.00,.00,0.00000000,,0,84.000000,TRANS P,TRANSMISSION LIGHT PROFILER,PERCENT,45.75000,-83.91667
200302003,2003-06-10 00:00:00,CCGS LIMNOS,LAKE HURON,8,454500,-835500,61,116.3,2003-05-23 21:41:00,127,27.50,.00,0.00000000,,0,84.000000,TRANS P,TRANSMISSION LIGHT PROFILER,PERCENT,45.75000,-83.91667
200302003,2003-06-10 00:00:00,CCGS LIMNOS,LAKE HURON,8,454500,-835500,61,116.3,2003-05-23 21:41:00,127,28.00,.00,0.00000000,,0,84.000000,TRANS P,TRANSMISSION LIGHT PROFILER,PERCENT,45.75000,-83.91667
200302003,2003-06-10 00:00:00,CCGS LIMNOS,LAKE HURON,8,454500,-835500,61,116.3,2003-05-23 21:41:00,127,28.50,.00,0.00000000,,0,84.000000,TRANS P,TRANSMISSION LIGHT PROFILER,PERCENT,45.75000,-83.91667
200302003,2003-06-10 00:00:00,CCGS LIMNOS,LAKE HURON,8,454500,-835500,61,116.3,2003-05-23 21:41:00,127,29.00,.00,0.00000000,,0,84.000000,TRANS P,TRANSMISSION LIGHT PROFILER,PERCENT,45.75000,-83.91667
200302003,2003-06-10 00:00:00,CCGS LIMNOS,LAKE HURON,8,454500,-835500,61,116.3,2003-05-23 21:41:00,127,29.50,.00,0.00000000,,0,84.000000,TRANS P,TRANSMISSION LIGHT PROFILER,PERCENT,45.75000,-83.91667
200302003,2003-06-10 00:00:00,CCGS LIMNOS,LAKE HURON,8,454500,-835500,61,116.3,2003-05-23 21:41:00,127,30.00,.00,0.00000000,,0,84.000000,TRANS P,TRANSMISSION LIGHT PROFILER,PERCENT,45.75000,-83.91667
200302003,2003-06-10 00:00:00,CCGS LIMNOS,LAKE HURON,8,454500,-835500,61,116.3,2003-05-23 21:41:00,127,30.50,.00,0.00000000,,0,84.000000,TRANS P,TRANSMISSION LIGHT PROFILER,PERCENT,45.75000,-83.91667
200302003,2003-06-10 00:00:00,CCGS LIMNOS,LAKE HURON,8,454500,-835500,61,116.3,2003-05-23 21:41:00,127,31.00,.00,0.00000000,,0,84.000000,TRANS P,TRANSMISSION LIGHT PROFILER,PERCENT,45.75000,-83.91667
200302003,2003-06-10 00:00:00,CCGS LIMNOS,LAKE HURON,8,454500,-835500,61,116.3,2003-05-23 21:41:00,127,31.50,.00,0.00000000,,0,84.000000,TRANS P,TRANSMISSION LIGHT PROFILER,PERCENT,45.75000,-83.91667
200302003,2003-06-10 00:00:00,CCGS LIMNOS,LAKE HURON,8,454500,-835500,61,116.3,2003-05-23 21:41:00,127,32.00,.00,0.00000000,,0,84.000000,TRANS P,TRANSMISSION LIGHT PROFILER,PERCENT,45.75000,-83.91667
200302003,2003-06-10 00:00:00,CCGS LIMNOS,LAKE HURON,8,454500,-835500,61,116.3,2003-05-23 21:41:00,127,32.50,.00,0.00000000,,0,84.000000,TRANS P,TRANSMISSION LIGHT PROFILER,PERCENT,45.75000,-83.91667
200302003,2003-06-10 00:00:00,CCGS LIMNOS,LAKE HURON,8,454500,-835500,61,116.3,2003-05-23 21:41:00,127,33.00,.00,0.00000000,,0,84.000000,TRANS P,TRANSMISSION LIGHT PROFILER,PERCENT,45.75000,-83.91667
200302003,2003-06-10 00:00:00,CCGS LIMNOS,LAKE HURON,8,454500,-835500,61,116.3,2003-05-23 21:41:00,127,33.50,.00,0.00000000,,0,84.000000,TRANS P,TRANSMISSION LIGHT PROFILER,PERCENT,45.75000,-83.91667
200302003,2003-06-10 00:00:00,CCGS LIMNOS,LAKE HURON,8,454500,-835500,61,116.3,2003-05-23 21:41:00,127,34.00,.00,0.00000000,,0,84.000000,TRANS P,TRANSMISSION LIGHT PROFILER,PERCENT,45.75000,-83.91667
200302003,2003-06-10 00:00:00,CCGS LIMNOS,LAKE HURON,8,454500,-835500,61,116.3,2003-05-23 21:41:00,127,34.50,.00,0.00000000,,0,84.000000,TRANS P,TRANSMISSION LIGHT PROFILER,PERCENT,45.75000,-83.91667
200302003,2003-06-10 00:00:00,CCGS LIMNOS,LAKE HURON,8,454500,-835500,61,116.3,2003-05-23 21:41:00,127,35.00,.00,0.00000000,,0,84.000000,TRANS P,TRANSMISSION LIGHT PROFILER,PERCENT,45.75000,-83.91667
200302003,2003-06-10 00:00:00,CCGS LIMNOS,LAKE HURON,8,454500,-835500,61,116.3,2003-05-23 21:41:00,127,35.50,.00,0.00000000,,0,84.000000,TRANS P,TRANSMISSION LIGHT PROFILER,PERCENT,45.75000,-83.91667
200302003,2003-06-10 00:00:00,CCGS LIMNOS,LAKE HURON,8,454500,-835500,61,116.3,2003-05-23 21:41:00,127,36.00,.00,0.00000000,,0,84.000000,TRANS P,TRANSMISSION LIGHT PROFILER,PERCENT,45.75000,-83.91667
200302003,2003-06-10 00:00:00,CCGS LIMNOS,LAKE HURON,8,454500,-835500,61,116.3,2003-05-23 21:41:00,127,36.50,.00,0.00000000,,0,84.000000,TRANS P,TRANSMISSION LIGHT PROFILER,PERCENT,45.75000,-83.91667
200302003,2003-06-10 00:00:00,CCGS LIMNOS,LAKE HURON,8,454500,-835500,61,116.3,2003-05-23 21:41:00,127,37.00,.00,0.00000000,,0,84.000000,TRANS P,TRANSMISSION LIGHT PROFILER,PERCENT,45.75000,-83.91667
200302003,2003-06-10 00:00:00,CCGS LIMNOS,LAKE HURON,8,454500,-835500,61,116.3,2003-05-23 21:41:00,127,37.50,.00,0.00000000,,0,84.000000,TRANS P,TRANSMISSION LIGHT PROFILER,PERCENT,45.75000,-83.91667
200302003,2003-06-10 00:00:00,CCGS LIMNOS,LAKE HURON,8,454500,-835500,61,116.3,2003-05-23 21:41:00,127,38.00,.00,0.00000000,,0,84.000000,TRANS P,TRANSMISSION LIGHT PROFILER,PERCENT,45.75000,-83.91667
200302003,2003-06-10 00:00:00,CCGS LIMNOS,LAKE HURON,8,454500,-835500,61,116.3,2003-05-23 21:41:00,127,38.50,.00,0.00000000,,0,84.000000,TRANS P,TRANSMISSION LIGHT PROFILER,PERCENT,45.75000,-83.91667
200302003,2003-06-10 00:00:00,CCGS LIMNOS,LAKE HURON,8,454500,-835500,61,116.3,2003-05-23 21:41:00,127,39.00,.00,0.00000000,,0,84.000000,TRANS P,TRANSMISSION LIGHT PROFILER,PERCENT,45.75000,-83.91667
200302003,2003-06-10 00:00:00,CCGS LIMNOS,LAKE HURON,8,454500,-835500,61,116.3,2003-05-23 21:41:00,127,39.50,.00,0.00000000,,0,84.000000,TRANS P,TRANSMISSION LIGHT PROFILER,PERCENT,45.75000,-83.91667
200302003,2003-06-10 00:00:00,CCGS LIMNOS,LAKE HURON,8,454500,-835500,61,116.3,2003-05-23 21:41:00,127,40.00,.00,0.00000000,,0,84.000000,TRANS P,TRANSMISSION LIGHT PROFILER,PERCENT,45.75000,-83.91667
200302003,2003-06-10 00:00:00,CCGS LIMNOS,LAKE HURON,8,454500,-835500,61,116.3,2003-05-23 21:41:00,127,40.50,.00,0.00000000,,0,84.000000,TRANS P,TRANSMISSION LIGHT PROFILER,PERCENT,45.75000,-83.91667
200302003,2003-06-10 00:00:00,CCGS LIMNOS,LAKE HURON,8,454500,-835500,61,116.3,2003-05-23 21:41:00,127,41.00,.00,0.00000000,,0,84.000000,TRANS P,TRANSMISSION LIGHT PROFILER,PERCENT,45.75000,-83.91667
200302003,2003-06-10 00:00:00,CCGS LIMNOS,LAKE HURON,8,454500,-835500,61,116.3,2003-05-23 21:41:00,127,41.50,.00,0.00000000,,0,84.000000,TRANS P,TRANSMISSION LIGHT PROFILER,PERCENT,45.75000,-83.91667
200302003,2003-06-10 00:00:00,CCGS LIMNOS,LAKE HURON,8,454500,-835500,61,116.3,2003-05-23 21:41:00,127,42.00,.00,0.00000000,,0,84.000000,TRANS P,TRANSMISSION LIGHT PROFILER,PERCENT,45.75000,-83.91667
200302003,2003-06-10 00:00:00,CCGS LIMNOS,LAKE HURON,8,454500,-835500,61,116.3,2003-05-23 21:41:00,127,42.50,.00,0.00000000,,0,84.000000,TRANS P,TRANSMISSION LIGHT PROFILER,PERCENT,45.75000,-83.91667
200302003,2003-06-10 00:00:00,CCGS LIMNOS,LAKE HURON,8,454500,-835500,61,116.3,2003-05-23 21:41:00,127,43.00,.00,0.00000000,,0,84.000000,TRANS P,TRANSMISSION LIGHT PROFILER,PERCENT,45.75000,-83.91667
200302003,2003-06-10 00:00:00,CCGS LIMNOS,LAKE HURON,8,454500,-835500,61,116.3,2003-05-23 21:41:00,127,43.50,.00,0.00000000,,0,84.000000,TRANS P,TRANSMISSION LIGHT PROFILER,PERCENT,45.75000,-83.91667
200302003,2003-06-10 00:00:00,CCGS LIMNOS,LAKE HURON,8,454500,-835500,61,116.3,2003-05-23 21:41:00,127,44.00,.00,0.00000000,,0,84.000000,TRANS P,TRANSMISSION LIGHT PROFILER,PERCENT,45.75000,-83.91667
200302003,2003-06-10 00:00:00,CCGS LIMNOS,LAKE HURON,8,454500,-835500,61,116.3,2003-05-23 21:41:00,127,44.50,.00,0.00000000,,0,84.000000,TRANS P,TRANSMISSION LIGHT PROFILER,PERCENT,45.75000,-83.91667
200302003,2003-06-10 00:00:00,CCGS LIMNOS,LAKE HURON,8,454500,-835500,61,116.3,2003-05-23 21:41:00,127,45.00,.00,0.00000000,,0,84.000000,TRANS P,TRANSMISSION LIGHT PROFILER,PERCENT,45.75000,-83.91667
200302003,2003-06-10 00:00:00,CCGS LIMNOS,LAKE HURON,8,454500,-835500,61,116.3,2003-05-23 21:41:00,127,45.50,.00,0.00000000,,0,84.000000,TRANS P,TRANSMISSION LIGHT PROFILER,PERCENT,45.75000,-83.91667
200302003,2003-06-10 00:00:00,CCGS LIMNOS,LAKE HURON,8,454500,-835500,61,116.3,2003-05-23 21:41:00,127,46.00,.00,0.00000000,,0,84.000000,TRANS P,TRANSMISSION LIGHT PROFILER,PERCENT,45.75000,-83.91667
200302003,2003-06-10 00:00:00,CCGS LIMNOS,LAKE HURON,8,454500,-835500,61,116.3,2003-05-23 21:41:00,127,46.50,.00,0.00000000,,0,84.000000,TRANS P,TRANSMISSION LIGHT PROFILER,PERCENT,45.75000,-83.91667
200302003,2003-06-10 00:00:00,CCGS LIMNOS,LAKE HURON,8,454500,-835500,61,116.3,2003-05-23 21:41:00,127,47.00,.00,0.00000000,,0,84.000000,TRANS P,TRANSMISSION LIGHT PROFILER,PERCENT,45.75000,-83.91667
200302003,2003-06-10 00:00:00,CCGS LIMNOS,LAKE HURON,8,454500,-835500,61,116.3,2003-05-23 21:41:00,127,47.50,.00,0.00000000,,0,84.000000,TRANS P,TRANSMISSION LIGHT PROFILER,PERCENT,45.75000,-83.91667
200302003,2003-06-10 00:00:00,CCGS LIMNOS,LAKE HURON,8,454500,-835500,61,116.3,2003-05-23 21:41:00,127,48.00,.00,0.00000000,,0,84.000000,TRANS P,TRANSMISSION LIGHT PROFILER,PERCENT,45.75000,-83.91667
200302003,2003-06-10 00:00:00,CCGS LIMNOS,LAKE HURON,8,454500,-835500,61,116.3,2003-05-23 21:41:00,127,48.50,.00,0.00000000,,0,84.000000,TRANS P,TRANSMISSION LIGHT PROFILER,PERCENT,45.75000,-83.91667
200302003,2003-06-10 00:00:00,CCGS LIMNOS,LAKE HURON,8,454500,-835500,61,116.3,2003-05-23 21:41:00,127,49.00,.00,0.00000000,,0,84.000000,TRANS P,TRANSMISSION LIGHT PROFILER,PERCENT,45.75000,-83.91667
200302003,2003-06-10 00:00:00,CCGS LIMNOS,LAKE HURON,8,454500,-835500,61,116.3,2003-05-23 21:41:00,127,49.50,.00,0.00000000,,0,84.000000,TRANS P,TRANSMISSION LIGHT PROFILER,PERCENT,45.75000,-83.91667
200302003,2003-06-10 00:00:00,CCGS LIMNOS,LAKE HURON,8,454500,-835500,61,116.3,2003-05-23 21:41:00,127,50.00,.00,0.00000000,,0,84.000000,TRANS P,TRANSMISSION LIGHT PROFILER,PERCENT,45.75000,-83.91667
200302003,2003-06-10 00:00:00,CCGS LIMNOS,LAKE HURON,8,454500,-835500,61,116.3,2003-05-23 21:41:00,127,50.50,.00,0.00000000,,0,84.000000,TRANS P,TRANSMISSION LIGHT PROFILER,PERCENT,45.75000,-83.91667
200302003,2003-06-10 00:00:00,CCGS LIMNOS,LAKE HURON,8,454500,-835500,61,116.3,2003-05-23 21:41:00,127,51.00,.00,0.00000000,,0,84.000000,TRANS P,TRANSMISSION LIGHT PROFILER,PERCENT,45.75000,-83.91667
200302003,2003-06-10 00:00:00,CCGS LIMNOS,LAKE HURON,8,454500,-835500,61,116.3,2003-05-23 21:41:00,127,51.50,.00,0.00000000,,0,84.000000,TRANS P,TRANSMISSION LIGHT PROFILER,PERCENT,45.75000,-83.91667
200302003,2003-06-10 00:00:00,CCGS LIMNOS,LAKE HURON,8,454500,-835500,61,116.3,2003-05-23 21:41:00,127,52.00,.00,0.00000000,,0,84.000000,TRANS P,TRANSMISSION LIGHT PROFILER,PERCENT,45.75000,-83.91667
200302003,2003-06-10 00:00:00,CCGS LIMNOS,LAKE HURON,8,454500,-835500,61,116.3,2003-05-23 21:41:00,127,52.50,.00,0.00000000,,0,84.000000,TRANS P,TRANSMISSION LIGHT PROFILER,PERCENT,45.75000,-83.91667
200302003,2003-06-10 00:00:00,CCGS LIMNOS,LAKE HURON,8,454500,-835500,61,116.3,2003-05-23 21:41:00,127,53.00,.00,0.00000000,,0,84.000000,TRANS P,TRANSMISSION LIGHT PROFILER,PERCENT,45.75000,-83.91667
200302003,2003-06-10 00:00:00,CCGS LIMNOS,LAKE HURON,8,454500,-835500,61,116.3,2003-05-23 21:41:00,127,53.50,.00,0.00000000,,0,84.000000,TRANS P,TRANSMISSION LIGHT PROFILER,PERCENT,45.75000,-83.91667
200302003,2003-06-10 00:00:00,CCGS LIMNOS,LAKE HURON,8,454500,-835500,61,116.3,2003-05-23 21:41:00,127,54.00,.00,0.00000000,,0,84.000000,TRANS P,TRANSMISSION LIGHT PROFILER,PERCENT,45.75000,-83.91667
200302003,2003-06-10 00:00:00,CCGS LIMNOS,LAKE HURON,8,454500,-835500,61,116.3,2003-05-23 21:41:00,127,54.50,.00,0.00000000,,0,84.000000,TRANS P,TRANSMISSION LIGHT PROFILER,PERCENT,45.75000,-83.91667
200302003,2003-06-10 00:00:00,CCGS LIMNOS,LAKE HURON,8,454500,-835500,61,116.3,2003-05-23 21:41:00,127,55.00,.00,0.00000000,,0,84.000000,TRANS P,TRANSMISSION LIGHT PROFILER,PERCENT,45.75000,-83.91667
200302003,2003-06-10 00:00:00,CCGS LIMNOS,LAKE HURON,8,454500,-835500,61,116.3,2003-05-23 21:41:00,127,55.50,.00,0.00000000,,0,84.000000,TRANS P,TRANSMISSION LIGHT PROFILER,PERCENT,45.75000,-83.91667
200302003,2003-06-10 00:00:00,CCGS LIMNOS,LAKE HURON,8,454500,-835500,61,116.3,2003-05-23 21:41:00,127,56.00,.00,0.00000000,,0,84.000000,TRANS P,TRANSMISSION LIGHT PROFILER,PERCENT,45.75000,-83.91667
200302003,2003-06-10 00:00:00,CCGS LIMNOS,LAKE HURON,8,454500,-835500,61,116.3,2003-05-23 21:41:00,127,56.50,.00,0.00000000,,0,84.000000,TRANS P,TRANSMISSION LIGHT PROFILER,PERCENT,45.75000,-83.91667
200302003,2003-06-10 00:00:00,CCGS LIMNOS,LAKE HURON,8,454500,-835500,61,116.3,2003-05-23 21:41:00,127,57.00,.00,0.00000000,,0,84.000000,TRANS P,TRANSMISSION LIGHT PROFILER,PERCENT,45.75000,-83.91667
200302003,2003-06-10 00:00:00,CCGS LIMNOS,LAKE HURON,8,454500,-835500,61,116.3,2003-05-23 21:41:00,127,57.50,.00,0.00000000,,0,84.000000,TRANS P,TRANSMISSION LIGHT PROFILER,PERCENT,45.75000,-83.91667
200302003,2003-06-10 00:00:00,CCGS LIMNOS,LAKE HURON,8,454500,-835500,61,116.3,2003-05-23 21:41:00,127,58.00,.00,0.00000000,,0,84.000000,TRANS P,TRANSMISSION LIGHT PROFILER,PERCENT,45.75000,-83.91667
200302003,2003-06-10 00:00:00,CCGS LIMNOS,LAKE HURON,8,454500,-835500,61,116.3,2003-05-23 21:41:00,127,58.50,.00,0.00000000,,0,84.000000,TRANS P,TRANSMISSION LIGHT PROFILER,PERCENT,45.75000,-83.91667
200302003,2003-06-10 00:00:00,CCGS LIMNOS,LAKE HURON,8,454500,-835500,61,116.3,2003-05-23 21:41:00,127,59.00,.00,0.00000000,,0,84.000000,TRANS P,TRANSMISSION LIGHT PROFILER,PERCENT,45.75000,-83.91667
200302003,2003-06-10 00:00:00,CCGS LIMNOS,LAKE HURON,8,454500,-835500,61,116.3,2003-05-23 21:41:00,127,59.50,.00,0.00000000,,0,84.000000,TRANS P,TRANSMISSION LIGHT PROFILER,PERCENT,45.75000,-83.91667
200302003,2003-06-10 00:00:00,CCGS LIMNOS,LAKE HURON,8,454500,-835500,61,116.3,2003-05-23 21:41:00,127,60.00,.00,0.00000000,,0,84.000000,TRANS P,TRANSMISSION LIGHT PROFILER,PERCENT,45.75000,-83.91667
200302003,2003-06-10 00:00:00,CCGS LIMNOS,LAKE HURON,8,454500,-835500,61,116.3,2003-05-23 21:41:00,127,60.50,.00,0.00000000,,0,84.000000,TRANS P,TRANSMISSION LIGHT PROFILER,PERCENT,45.75000,-83.91667
200302003,2003-06-10 00:00:00,CCGS LIMNOS,LAKE HURON,8,454500,-835500,61,116.3,2003-05-23 21:41:00,127,61.00,.00,0.00000000,,0,84.000000,TRANS P,TRANSMISSION LIGHT PROFILER,PERCENT,45.75000,-83.91667
200302003,2003-06-10 00:00:00,CCGS LIMNOS,LAKE HURON,8,454500,-835500,61,116.3,2003-05-23 21:41:00,127,61.50,.00,0.00000000,,0,84.000000,TRANS P,TRANSMISSION LIGHT PROFILER,PERCENT,45.75000,-83.91667
200302003,2003-06-10 00:00:00,CCGS LIMNOS,LAKE HURON,8,454500,-835500,61,116.3,2003-05-23 21:41:00,127,62.00,.00,0.00000000,,0,84.000000,TRANS P,TRANSMISSION LIGHT PROFILER,PERCENT,45.75000,-83.91667
200302003,2003-06-10 00:00:00,CCGS LIMNOS,LAKE HURON,8,454500,-835500,61,116.3,2003-05-23 21:41:00,127,62.50,.00,0.00000000,,0,84.000000,TRANS P,TRANSMISSION LIGHT PROFILER,PERCENT,45.75000,-83.91667
200302003,2003-06-10 00:00:00,CCGS LIMNOS,LAKE HURON,8,454500,-835500,61,116.3,2003-05-23 21:41:00,127,63.00,.00,0.00000000,,0,84.000000,TRANS P,TRANSMISSION LIGHT PROFILER,PERCENT,45.75000,-83.91667
200302003,2003-06-10 00:00:00,CCGS LIMNOS,LAKE HURON,8,454500,-835500,61,116.3,2003-05-23 21:41:00,127,63.50,.00,0.00000000,,0,84.000000,TRANS P,TRANSMISSION LIGHT PROFILER,PERCENT,45.75000,-83.91667
200302003,2003-06-10 00:00:00,CCGS LIMNOS,LAKE HURON,8,454500,-835500,61,116.3,2003-05-23 21:41:00,127,64.00,.00,0.00000000,,0,84.000000,TRANS P,TRANSMISSION LIGHT PROFILER,PERCENT,45.75000,-83.91667
200302003,2003-06-10 00:00:00,CCGS LIMNOS,LAKE HURON,8,454500,-835500,61,116.3,2003-05-23 21:41:00,127,64.50,.00,0.00000000,,0,84.000000,TRANS P,TRANSMISSION LIGHT PROFILER,PERCENT,45.75000,-83.91667
200302003,2003-06-10 00:00:00,CCGS LIMNOS,LAKE HURON,8,454500,-835500,61,116.3,2003-05-23 21:41:00,127,65.00,.00,0.00000000,,0,84.000000,TRANS P,TRANSMISSION LIGHT PROFILER,PERCENT,45.75000,-83.91667
200302003,2003-06-10 00:00:00,CCGS LIMNOS,LAKE HURON,8,454500,-835500,61,116.3,2003-05-23 21:41:00,127,65.50,.00,0.00000000,,0,84.000000,TRANS P,TRANSMISSION LIGHT PROFILER,PERCENT,45.75000,-83.91667
200302003,2003-06-10 00:00:00,CCGS LIMNOS,LAKE HURON,8,454500,-835500,61,116.3,2003-05-23 21:41:00,127,66.00,.00,0.00000000,,0,84.000000,TRANS P,TRANSMISSION LIGHT PROFILER,PERCENT,45.75000,-83.91667
200302003,2003-06-10 00:00:00,CCGS LIMNOS,LAKE HURON,8,454500,-835500,61,116.3,2003-05-23 21:41:00,127,66.50,.00,0.00000000,,0,84.000000,TRANS P,TRANSMISSION LIGHT PROFILER,PERCENT,45.75000,-83.91667
200302003,2003-06-10 00:00:00,CCGS LIMNOS,LAKE HURON,8,454500,-835500,61,116.3,2003-05-23 21:41:00,127,67.00,.00,0.00000000,,0,84.000000,TRANS P,TRANSMISSION LIGHT PROFILER,PERCENT,45.75000,-83.91667
200302003,2003-06-10 00:00:00,CCGS LIMNOS,LAKE HURON,8,454500,-835500,61,116.3,2003-05-23 21:41:00,127,67.50,.00,0.00000000,,0,84.000000,TRANS P,TRANSMISSION LIGHT PROFILER,PERCENT,45.75000,-83.91667
200302003,2003-06-10 00:00:00,CCGS LIMNOS,LAKE HURON,8,454500,-835500,61,116.3,2003-05-23 21:41:00,127,68.00,.00,0.00000000,,0,84.000000,TRANS P,TRANSMISSION LIGHT PROFILER,PERCENT,45.75000,-83.91667
200302003,2003-06-10 00:00:00,CCGS LIMNOS,LAKE HURON,8,454500,-835500,61,116.3,2003-05-23 21:41:00,127,68.50,.00,0.00000000,,0,84.000000,TRANS P,TRANSMISSION LIGHT PROFILER,PERCENT,45.75000,-83.91667
200302003,2003-06-10 00:00:00,CCGS LIMNOS,LAKE HURON,8,454500,-835500,61,116.3,2003-05-23 21:41:00,127,69.00,.00,0.00000000,,0,84.000000,TRANS P,TRANSMISSION LIGHT PROFILER,PERCENT,45.75000,-83.91667
200302003,2003-06-10 00:00:00,CCGS LIMNOS,LAKE HURON,8,454500,-835500,61,116.3,2003-05-23 21:41:00,127,69.50,.00,0.00000000,,0,84.000000,TRANS P,TRANSMISSION LIGHT PROFILER,PERCENT,45.75000,-83.91667
200302003,2003-06-10 00:00:00,CCGS LIMNOS,LAKE HURON,8,454500,-835500,61,116.3,2003-05-23 21:41:00,127,70.00,.00,0.00000000,,0,84.000000,TRANS P,TRANSMISSION LIGHT PROFILER,PERCENT,45.75000,-83.91667
200302003,2003-06-10 00:00:00,CCGS LIMNOS,LAKE HURON,8,454500,-835500,61,116.3,2003-05-23 21:41:00,127,70.50,.00,0.00000000,,0,84.000000,TRANS P,TRANSMISSION LIGHT PROFILER,PERCENT,45.75000,-83.91667
200302003,2003-06-10 00:00:00,CCGS LIMNOS,LAKE HURON,8,454500,-835500,61,116.3,2003-05-23 21:41:00,127,71.00,.00,0.00000000,,0,84.000000,TRANS P,TRANSMISSION LIGHT PROFILER,PERCENT,45.75000,-83.91667
200302003,2003-06-10 00:00:00,CCGS LIMNOS,LAKE HURON,8,454500,-835500,61,116.3,2003-05-23 21:41:00,127,71.50,.00,0.00000000,,0,84.000000,TRANS P,TRANSMISSION LIGHT PROFILER,PERCENT,45.75000,-83.91667
200302003,2003-06-10 00:00:00,CCGS LIMNOS,LAKE HURON,8,454500,-835500,61,116.3,2003-05-23 21:41:00,127,72.00,.00,0.00000000,,0,84.000000,TRANS P,TRANSMISSION LIGHT PROFILER,PERCENT,45.75000,-83.91667
200302003,2003-06-10 00:00:00,CCGS LIMNOS,LAKE HURON,8,454500,-835500,61,116.3,2003-05-23 21:41:00,127,72.50,.00,0.00000000,,0,84.000000,TRANS P,TRANSMISSION LIGHT PROFILER,PERCENT,45.75000,-83.91667
200302003,2003-06-10 00:00:00,CCGS LIMNOS,LAKE HURON,8,454500,-835500,61,116.3,2003-05-23 21:41:00,127,73.00,.00,0.00000000,,0,84.000000,TRANS P,TRANSMISSION LIGHT PROFILER,PERCENT,45.75000,-83.91667
200302003,2003-06-10 00:00:00,CCGS LIMNOS,LAKE HURON,8,454500,-835500,61,116.3,2003-05-23 21:41:00,127,73.50,.00,0.00000000,,0,84.000000,TRANS P,TRANSMISSION LIGHT PROFILER,PERCENT,45.75000,-83.91667
200302003,2003-06-10 00:00:00,CCGS LIMNOS,LAKE HURON,8,454500,-835500,61,116.3,2003-05-23 21:41:00,127,74.00,.00,0.00000000,,0,84.000000,TRANS P,TRANSMISSION LIGHT PROFILER,PERCENT,45.75000,-83.91667
200302003,2003-06-10 00:00:00,CCGS LIMNOS,LAKE HURON,8,454500,-835500,61,116.3,2003-05-23 21:41:00,127,74.50,.00,0.00000000,,0,84.000000,TRANS P,TRANSMISSION LIGHT PROFILER,PERCENT,45.75000,-83.91667
200302003,2003-06-10 00:00:00,CCGS LIMNOS,LAKE HURON,8,454500,-835500,61,116.3,2003-05-23 21:41:00,127,75.00,.00,0.00000000,,0,84.000000,TRANS P,TRANSMISSION LIGHT PROFILER,PERCENT,45.75000,-83.91667
200302003,2003-06-10 00:00:00,CCGS LIMNOS,LAKE HURON,8,454500,-835500,61,116.3,2003-05-23 21:41:00,127,75.50,.00,0.00000000,,0,84.000000,TRANS P,TRANSMISSION LIGHT PROFILER,PERCENT,45.75000,-83.91667
200302003,2003-06-10 00:00:00,CCGS LIMNOS,LAKE HURON,8,454500,-835500,61,116.3,2003-05-23 21:41:00,127,76.00,.00,0.00000000,,0,84.000000,TRANS P,TRANSMISSION LIGHT PROFILER,PERCENT,45.75000,-83.91667
200302003,2003-06-10 00:00:00,CCGS LIMNOS,LAKE HURON,8,454500,-835500,61,116.3,2003-05-23 21:41:00,127,76.50,.00,0.00000000,,0,84.000000,TRANS P,TRANSMISSION LIGHT PROFILER,PERCENT,45.75000,-83.91667
200302003,2003-06-10 00:00:00,CCGS LIMNOS,LAKE HURON,8,454500,-835500,61,116.3,2003-05-23 21:41:00,127,77.00,.00,0.00000000,,0,84.000000,TRANS P,TRANSMISSION LIGHT PROFILER,PERCENT,45.75000,-83.91667
200302003,2003-06-10 00:00:00,CCGS LIMNOS,LAKE HURON,8,454500,-835500,61,116.3,2003-05-23 21:41:00,127,77.50,.00,0.00000000,,0,84.000000,TRANS P,TRANSMISSION LIGHT PROFILER,PERCENT,45.75000,-83.91667
200302003,2003-06-10 00:00:00,CCGS LIMNOS,LAKE HURON,8,454500,-835500,61,116.3,2003-05-23 21:41:00,127,78.00,.00,0.00000000,,0,84.000000,TRANS P,TRANSMISSION LIGHT PROFILER,PERCENT,45.75000,-83.91667
200302003,2003-06-10 00:00:00,CCGS LIMNOS,LAKE HURON,8,454500,-835500,61,116.3,2003-05-23 21:41:00,127,78.50,.00,0.00000000,,0,84.000000,TRANS P,TRANSMISSION LIGHT PROFILER,PERCENT,45.75000,-83.91667
200302003,2003-06-10 00:00:00,CCGS LIMNOS,LAKE HURON,8,454500,-835500,61,116.3,2003-05-23 21:41:00,127,79.00,.00,0.00000000,,0,84.000000,TRANS P,TRANSMISSION LIGHT PROFILER,PERCENT,45.75000,-83.91667
200302003,2003-06-10 00:00:00,CCGS LIMNOS,LAKE HURON,8,454500,-835500,61,116.3,2003-05-23 21:41:00,127,79.50,.00,0.00000000,,0,84.000000,TRANS P,TRANSMISSION LIGHT PROFILER,PERCENT,45.75000,-83.91667
200302003,2003-06-10 00:00:00,CCGS LIMNOS,LAKE HURON,8,454500,-835500,61,116.3,2003-05-23 21:41:00,127,80.00,.00,0.00000000,,0,84.000000,TRANS P,TRANSMISSION LIGHT PROFILER,PERCENT,45.75000,-83.91667
200302003,2003-06-10 00:00:00,CCGS LIMNOS,LAKE HURON,8,454500,-835500,61,116.3,2003-05-23 21:41:00,127,80.50,.00,0.00000000,,0,84.000000,TRANS P,TRANSMISSION LIGHT PROFILER,PERCENT,45.75000,-83.91667
200302003,2003-06-10 00:00:00,CCGS LIMNOS,LAKE HURON,8,454500,-835500,61,116.3,2003-05-23 21:41:00,127,81.00,.00,0.00000000,,0,84.000000,TRANS P,TRANSMISSION LIGHT PROFILER,PERCENT,45.75000,-83.91667
200302003,2003-06-10 00:00:00,CCGS LIMNOS,LAKE HURON,8,454500,-835500,61,116.3,2003-05-23 21:41:00,127,81.50,.00,0.00000000,,0,84.000000,TRANS P,TRANSMISSION LIGHT PROFILER,PERCENT,45.75000,-83.91667
200302003,2003-06-10 00:00:00,CCGS LIMNOS,LAKE HURON,8,454500,-835500,61,116.3,2003-05-23 21:41:00,127,82.00,.00,0.00000000,,0,84.000000,TRANS P,TRANSMISSION LIGHT PROFILER,PERCENT,45.75000,-83.91667
200302003,2003-06-10 00:00:00,CCGS LIMNOS,LAKE HURON,8,454500,-835500,61,116.3,2003-05-23 21:41:00,127,82.50,.00,0.00000000,,0,84.000000,TRANS P,TRANSMISSION LIGHT PROFILER,PERCENT,45.75000,-83.91667
200302003,2003-06-10 00:00:00,CCGS LIMNOS,LAKE HURON,8,454500,-835500,61,116.3,2003-05-23 21:41:00,127,83.00,.00,0.00000000,,0,84.000000,TRANS P,TRANSMISSION LIGHT PROFILER,PERCENT,45.75000,-83.91667
200302003,2003-06-10 00:00:00,CCGS LIMNOS,LAKE HURON,8,454500,-835500,61,116.3,2003-05-23 21:41:00,127,83.50,.00,0.00000000,,0,84.000000,TRANS P,TRANSMISSION LIGHT PROFILER,PERCENT,45.75000,-83.91667
200302003,2003-06-10 00:00:00,CCGS LIMNOS,LAKE HURON,8,454500,-835500,61,116.3,2003-05-23 21:41:00,127,84.00,.00,0.00000000,,0,84.000000,TRANS P,TRANSMISSION LIGHT PROFILER,PERCENT,45.75000,-83.91667
200302003,2003-06-10 00:00:00,CCGS LIMNOS,LAKE HURON,8,454500,-835500,61,116.3,2003-05-23 21:41:00,127,84.50,.00,0.00000000,,0,84.000000,TRANS P,TRANSMISSION LIGHT PROFILER,PERCENT,45.75000,-83.91667
200302003,2003-06-10 00:00:00,CCGS LIMNOS,LAKE HURON,8,454500,-835500,61,116.3,2003-05-23 21:41:00,127,85.00,.00,0.00000000,,0,84.000000,TRANS P,TRANSMISSION LIGHT PROFILER,PERCENT,45.75000,-83.91667
200302003,2003-06-10 00:00:00,CCGS LIMNOS,LAKE HURON,8,454500,-835500,61,116.3,2003-05-23 21:41:00,127,85.50,.00,0.00000000,,0,84.000000,TRANS P,TRANSMISSION LIGHT PROFILER,PERCENT,45.75000,-83.91667
200302003,2003-06-10 00:00:00,CCGS LIMNOS,LAKE HURON,8,454500,-835500,61,116.3,2003-05-23 21:41:00,127,86.00,.00,0.00000000,,0,84.000000,TRANS P,TRANSMISSION LIGHT PROFILER,PERCENT,45.75000,-83.91667
200302003,2003-06-10 00:00:00,CCGS LIMNOS,LAKE HURON,8,454500,-835500,61,116.3,2003-05-23 21:41:00,127,86.50,.00,0.00000000,,0,84.000000,TRANS P,TRANSMISSION LIGHT PROFILER,PERCENT,45.75000,-83.91667
200302003,2003-06-10 00:00:00,CCGS LIMNOS,LAKE HURON,8,454500,-835500,61,116.3,2003-05-23 21:41:00,127,87.00,.00,0.00000000,,0,84.000000,TRANS P,TRANSMISSION LIGHT PROFILER,PERCENT,45.75000,-83.91667
200302003,2003-06-10 00:00:00,CCGS LIMNOS,LAKE HURON,8,454500,-835500,61,116.3,2003-05-23 21:41:00,127,87.50,.00,0.00000000,,0,84.000000,TRANS P,TRANSMISSION LIGHT PROFILER,PERCENT,45.75000,-83.91667
200302003,2003-06-10 00:00:00,CCGS LIMNOS,LAKE HURON,8,454500,-835500,61,116.3,2003-05-23 21:41:00,127,88.00,.00,0.00000000,,0,84.000000,TRANS P,TRANSMISSION LIGHT PROFILER,PERCENT,45.75000,-83.91667
200302003,2003-06-10 00:00:00,CCGS LIMNOS,LAKE HURON,8,454500,-835500,61,116.3,2003-05-23 21:41:00,127,88.50,.00,0.00000000,,0,84.000000,TRANS P,TRANSMISSION LIGHT PROFILER,PERCENT,45.75000,-83.91667
200302003,2003-06-10 00:00:00,CCGS LIMNOS,LAKE HURON,8,454500,-835500,61,116.3,2003-05-23 21:41:00,127,89.00,.00,0.00000000,,0,84.000000,TRANS P,TRANSMISSION LIGHT PROFILER,PERCENT,45.75000,-83.91667
200302003,2003-06-10 00:00:00,CCGS LIMNOS,LAKE HURON,8,454500,-835500,61,116.3,2003-05-23 21:41:00,127,89.50,.00,0.00000000,,0,84.000000,TRANS P,TRANSMISSION LIGHT PROFILER,PERCENT,45.75000,-83.91667
200302003,2003-06-10 00:00:00,CCGS LIMNOS,LAKE HURON,8,454500,-835500,61,116.3,2003-05-23 21:41:00,127,90.00,.00,0.00000000,,0,84.000000,TRANS P,TRANSMISSION LIGHT PROFILER,PERCENT,45.75000,-83.91667
200302003,2003-06-10 00:00:00,CCGS LIMNOS,LAKE HURON,8,454500,-835500,61,116.3,2003-05-23 21:41:00,127,90.50,.00,0.00000000,,0,84.000000,TRANS P,TRANSMISSION LIGHT PROFILER,PERCENT,45.75000,-83.91667
200302003,2003-06-10 00:00:00,CCGS LIMNOS,LAKE HURON,8,454500,-835500,61,116.3,2003-05-23 21:41:00,127,91.00,.00,0.00000000,,0,84.000000,TRANS P,TRANSMISSION LIGHT PROFILER,PERCENT,45.75000,-83.91667
200302003,2003-06-10 00:00:00,CCGS LIMNOS,LAKE HURON,8,454500,-835500,61,116.3,2003-05-23 21:41:00,127,91.50,.00,0.00000000,,0,84.000000,TRANS P,TRANSMISSION LIGHT PROFILER,PERCENT,45.75000,-83.91667
200302003,2003-06-10 00:00:00,CCGS LIMNOS,LAKE HURON,8,454500,-835500,61,116.3,2003-05-23 21:41:00,127,92.00,.00,0.00000000,,0,84.000000,TRANS P,TRANSMISSION LIGHT PROFILER,PERCENT,45.75000,-83.91667
200302003,2003-06-10 00:00:00,CCGS LIMNOS,LAKE HURON,8,454500,-835500,61,116.3,2003-05-23 21:41:00,127,92.50,.00,0.00000000,,0,84.000000,TRANS P,TRANSMISSION LIGHT PROFILER,PERCENT,45.75000,-83.91667
200302003,2003-06-10 00:00:00,CCGS LIMNOS,LAKE HURON,8,454500,-835500,61,116.3,2003-05-23 21:41:00,127,93.00,.00,0.00000000,,0,84.000000,TRANS P,TRANSMISSION LIGHT PROFILER,PERCENT,45.75000,-83.91667
200302003,2003-06-10 00:00:00,CCGS LIMNOS,LAKE HURON,8,454500,-835500,61,116.3,2003-05-23 21:41:00,127,93.50,.00,0.00000000,,0,84.000000,TRANS P,TRANSMISSION LIGHT PROFILER,PERCENT,45.75000,-83.91667
200302003,2003-06-10 00:00:00,CCGS LIMNOS,LAKE HURON,8,454500,-835500,61,116.3,2003-05-23 21:41:00,127,94.00,.00,0.00000000,,0,84.000000,TRANS P,TRANSMISSION LIGHT PROFILER,PERCENT,45.75000,-83.91667
200302003,2003-06-10 00:00:00,CCGS LIMNOS,LAKE HURON,8,454500,-835500,61,116.3,2003-05-23 21:41:00,127,94.50,.00,0.00000000,,0,84.000000,TRANS P,TRANSMISSION LIGHT PROFILER,PERCENT,45.75000,-83.91667
200302003,2003-06-10 00:00:00,CCGS LIMNOS,LAKE HURON,8,454500,-835500,61,116.3,2003-05-23 21:41:00,127,95.00,.00,0.00000000,,0,84.000000,TRANS P,TRANSMISSION LIGHT PROFILER,PERCENT,45.75000,-83.91667
200302003,2003-06-10 00:00:00,CCGS LIMNOS,LAKE HURON,8,454500,-835500,61,116.3,2003-05-23 21:41:00,127,95.50,.00,0.00000000,,0,84.000000,TRANS P,TRANSMISSION LIGHT PROFILER,PERCENT,45.75000,-83.91667
200302003,2003-06-10 00:00:00,CCGS LIMNOS,LAKE HURON,8,454500,-835500,61,116.3,2003-05-23 21:41:00,127,96.00,.00,0.00000000,,0,84.000000,TRANS P,TRANSMISSION LIGHT PROFILER,PERCENT,45.75000,-83.91667
200302003,2003-06-10 00:00:00,CCGS LIMNOS,LAKE HURON,8,454500,-835500,61,116.3,2003-05-23 21:41:00,127,96.50,.00,0.00000000,,0,84.000000,TRANS P,TRANSMISSION LIGHT PROFILER,PERCENT,45.75000,-83.91667
200302003,2003-06-10 00:00:00,CCGS LIMNOS,LAKE HURON,8,454500,-835500,61,116.3,2003-05-23 21:41:00,127,97.00,.00,0.00000000,,0,84.000000,TRANS P,TRANSMISSION LIGHT PROFILER,PERCENT,45.75000,-83.91667
200302003,2003-06-10 00:00:00,CCGS LIMNOS,LAKE HURON,8,454500,-835500,61,116.3,2003-05-23 21:41:00,127,97.50,.00,0.00000000,,0,84.000000,TRANS P,TRANSMISSION LIGHT PROFILER,PERCENT,45.75000,-83.91667
200302003,2003-06-10 00:00:00,CCGS LIMNOS,LAKE HURON,8,454500,-835500,61,116.3,2003-05-23 21:41:00,127,98.00,.00,0.00000000,,0,84.000000,TRANS P,TRANSMISSION LIGHT PROFILER,PERCENT,45.75000,-83.91667
200302003,2003-06-10 00:00:00,CCGS LIMNOS,LAKE HURON,8,454500,-835500,61,116.3,2003-05-23 21:41:00,127,98.50,.00,0.00000000,,0,84.000000,TRANS P,TRANSMISSION LIGHT PROFILER,PERCENT,45.75000,-83.91667
200302003,2003-06-10 00:00:00,CCGS LIMNOS,LAKE HURON,8,454500,-835500,61,116.3,2003-05-23 21:41:00,127,99.00,.00,0.00000000,,0,84.000000,TRANS P,TRANSMISSION LIGHT PROFILER,PERCENT,45.75000,-83.91667
200302003,2003-06-10 00:00:00,CCGS LIMNOS,LAKE HURON,8,454500,-835500,61,116.3,2003-05-23 21:41:00,127,99.50,.00,0.00000000,,0,84.000000,TRANS P,TRANSMISSION LIGHT PROFILER,PERCENT,45.75000,-83.91667
200302003,2003-06-10 00:00:00,CCGS LIMNOS,LAKE HURON,8,454500,-835500,61,116.3,2003-05-23 21:41:00,127,100.00,.00,0.00000000,,0,84.000000,TRANS P,TRANSMISSION LIGHT PROFILER,PERCENT,45.75000,-83.91667
200302003,2003-06-10 00:00:00,CCGS LIMNOS,LAKE HURON,8,454500,-835500,61,116.3,2003-05-23 21:41:00,127,100.50,.00,0.00000000,,0,84.000000,TRANS P,TRANSMISSION LIGHT PROFILER,PERCENT,45.75000,-83.91667
200302003,2003-06-10 00:00:00,CCGS LIMNOS,LAKE HURON,8,454500,-835500,61,116.3,2003-05-23 21:41:00,127,101.00,.00,0.00000000,,0,84.000000,TRANS P,TRANSMISSION LIGHT PROFILER,PERCENT,45.75000,-83.91667
200302003,2003-06-10 00:00:00,CCGS LIMNOS,LAKE HURON,8,454500,-835500,61,116.3,2003-05-23 21:41:00,127,101.50,.00,0.00000000,,0,84.000000,TRANS P,TRANSMISSION LIGHT PROFILER,PERCENT,45.75000,-83.91667
200302003,2003-06-10 00:00:00,CCGS LIMNOS,LAKE HURON,8,454500,-835500,61,116.3,2003-05-23 21:41:00,127,102.00,.00,0.00000000,,0,84.000000,TRANS P,TRANSMISSION LIGHT PROFILER,PERCENT,45.75000,-83.91667
200302003,2003-06-10 00:00:00,CCGS LIMNOS,LAKE HURON,8,454500,-835500,61,116.3,2003-05-23 21:41:00,127,102.50,.00,0.00000000,,0,84.000000,TRANS P,TRANSMISSION LIGHT PROFILER,PERCENT,45.75000,-83.91667
200302003,2003-06-10 00:00:00,CCGS LIMNOS,LAKE HURON,8,454500,-835500,61,116.3,2003-05-23 21:41:00,127,103.00,.00,0.00000000,,0,84.000000,TRANS P,TRANSMISSION LIGHT PROFILER,PERCENT,45.75000,-83.91667
200302003,2003-06-10 00:00:00,CCGS LIMNOS,LAKE HURON,8,454500,-835500,61,116.3,2003-05-23 21:41:00,127,103.50,.00,0.00000000,,0,84.000000,TRANS P,TRANSMISSION LIGHT PROFILER,PERCENT,45.75000,-83.91667
200302003,2003-06-10 00:00:00,CCGS LIMNOS,LAKE HURON,8,454500,-835500,61,116.3,2003-05-23 21:41:00,127,104.00,.00,0.00000000,,0,84.000000,TRANS P,TRANSMISSION LIGHT PROFILER,PERCENT,45.75000,-83.91667
200302003,2003-06-10 00:00:00,CCGS LIMNOS,LAKE HURON,8,454500,-835500,61,116.3,2003-05-23 21:41:00,127,104.50,.00,0.00000000,,0,84.000000,TRANS P,TRANSMISSION LIGHT PROFILER,PERCENT,45.75000,-83.91667
200302003,2003-06-10 00:00:00,CCGS LIMNOS,LAKE HURON,8,454500,-835500,61,116.3,2003-05-23 21:41:00,127,105.00,.00,0.00000000,,0,83.000000,TRANS P,TRANSMISSION LIGHT PROFILER,PERCENT,45.75000,-83.91667
200302003,2003-06-10 00:00:00,CCGS LIMNOS,LAKE HURON,8,454500,-835500,61,116.3,2003-05-23 21:41:00,127,105.50,.00,0.00000000,,0,83.000000,TRANS P,TRANSMISSION LIGHT PROFILER,PERCENT,45.75000,-83.91667
200302003,2003-06-10 00:00:00,CCGS LIMNOS,LAKE HURON,8,454500,-835500,61,116.3,2003-05-23 21:41:00,127,106.00,.00,0.00000000,,0,83.000000,TRANS P,TRANSMISSION LIGHT PROFILER,PERCENT,45.75000,-83.91667
200302003,2003-06-10 00:00:00,CCGS LIMNOS,LAKE HURON,8,454500,-835500,61,116.3,2003-05-23 21:41:00,127,106.50,.00,0.00000000,,0,83.000000,TRANS P,TRANSMISSION LIGHT PROFILER,PERCENT,45.75000,-83.91667
200302003,2003-06-10 00:00:00,CCGS LIMNOS,LAKE HURON,8,454500,-835500,61,116.3,2003-05-23 21:41:00,127,107.00,.00,0.00000000,,0,83.000000,TRANS P,TRANSMISSION LIGHT PROFILER,PERCENT,45.75000,-83.91667
200302003,2003-06-10 00:00:00,CCGS LIMNOS,LAKE HURON,8,454500,-835500,61,116.3,2003-05-23 21:41:00,127,107.50,.00,0.00000000,,0,83.000000,TRANS P,TRANSMISSION LIGHT PROFILER,PERCENT,45.75000,-83.91667
200302003,2003-06-10 00:00:00,CCGS LIMNOS,LAKE HURON,8,454500,-835500,61,116.3,2003-05-23 21:41:00,127,108.00,.00,0.00000000,,0,82.000000,TRANS P,TRANSMISSION LIGHT PROFILER,PERCENT,45.75000,-83.91667
200302003,2003-06-10 00:00:00,CCGS LIMNOS,LAKE HURON,8,454500,-835500,61,116.3,2003-05-23 21:41:00,127,108.50,.00,0.00000000,,0,82.000000,TRANS P,TRANSMISSION LIGHT PROFILER,PERCENT,45.75000,-83.91667
200302003,2003-06-10 00:00:00,CCGS LIMNOS,LAKE HURON,8,454500,-835500,61,116.3,2003-05-23 21:41:00,127,109.00,.00,0.00000000,,0,82.000000,TRANS P,TRANSMISSION LIGHT PROFILER,PERCENT,45.75000,-83.91667
200302003,2003-06-10 00:00:00,CCGS LIMNOS,LAKE HURON,8,454500,-835500,61,116.3,2003-05-23 21:41:00,127,109.50,.00,0.00000000,,0,82.000000,TRANS P,TRANSMISSION LIGHT PROFILER,PERCENT,45.75000,-83.91667
200302003,2003-06-10 00:00:00,CCGS LIMNOS,LAKE HURON,8,454500,-835500,61,116.3,2003-05-23 21:41:00,127,110.00,.00,0.00000000,,0,81.000000,TRANS P,TRANSMISSION LIGHT PROFILER,PERCENT,45.75000,-83.91667
200302003,2003-06-10 00:00:00,CCGS LIMNOS,LAKE HURON,8,454500,-835500,61,116.3,2003-05-23 21:41:00,127,110.50,.00,0.00000000,,0,81.000000,TRANS P,TRANSMISSION LIGHT PROFILER,PERCENT,45.75000,-83.91667
200302003,2003-06-10 00:00:00,CCGS LIMNOS,LAKE HURON,8,454500,-835500,61,116.3,2003-05-23 21:41:00,127,111.00,.00,0.00000000,,0,81.000000,TRANS P,TRANSMISSION LIGHT PROFILER,PERCENT,45.75000,-83.91667
200302003,2003-06-10 00:00:00,CCGS LIMNOS,LAKE HURON,8,454500,-835500,61,116.3,2003-05-23 21:41:00,127,111.50,.00,0.00000000,,0,81.000000,TRANS P,TRANSMISSION LIGHT PROFILER,PERCENT,45.75000,-83.91667
200302003,2003-06-10 00:00:00,CCGS LIMNOS,LAKE HURON,8,454500,-835500,61,116.3,2003-05-23 21:41:00,127,112.00,.00,0.00000000,,0,80.000000,TRANS P,TRANSMISSION LIGHT PROFILER,PERCENT,45.75000,-83.91667
200302003,2003-06-10 00:00:00,CCGS LIMNOS,LAKE HURON,8,454500,-835500,61,116.3,2003-05-23 21:41:00,127,112.50,.00,0.00000000,,0,80.000000,TRANS P,TRANSMISSION LIGHT PROFILER,PERCENT,45.75000,-83.91667
200302003,2003-06-10 00:00:00,CCGS LIMNOS,LAKE HURON,8,454500,-835500,61,116.3,2003-05-23 21:41:00,127,113.00,.00,0.00000000,,0,80.000000,TRANS P,TRANSMISSION LIGHT PROFILER,PERCENT,45.75000,-83.91667
200302003,2003-06-10 00:00:00,CCGS LIMNOS,LAKE HURON,8,454500,-835500,61,116.3,2003-05-23 21:41:00,127,113.50,.00,0.00000000,,0,80.000000,TRANS P,TRANSMISSION LIGHT PROFILER,PERCENT,45.75000,-83.91667
200302003,2003-06-10 00:00:00,CCGS LIMNOS,LAKE HURON,8,454500,-835500,61,116.3,2003-05-23 21:41:00,127,114.00,.00,0.00000000,,0,80.000000,TRANS P,TRANSMISSION LIGHT PROFILER,PERCENT,45.75000,-83.91667
200302003,2003-06-10 00:00:00,CCGS LIMNOS,LAKE HURON,8,454500,-835500,61,116.3,2003-05-23 21:41:00,127,114.50,.00,0.00000000,,0,79.000000,TRANS P,TRANSMISSION LIGHT PROFILER,PERCENT,45.75000,-83.91667
200302003,2003-06-10 00:00:00,CCGS LIMNOS,LAKE HURON,8,454500,-835500,61,116.3,2003-05-23 21:41:00,127,115.00,.00,0.00000000,,0,80.000000,TRANS P,TRANSMISSION LIGHT PROFILER,PERCENT,45.75000,-83.91667
200302003,2003-06-10 00:00:00,CCGS LIMNOS,LAKE HURON,8,454500,-835500,61,116.3,2003-05-23 21:41:00,127,115.50,.00,0.00000000,,0,79.000000,TRANS P,TRANSMISSION LIGHT PROFILER,PERCENT,45.75000,-83.91667
200302003,2003-06-10 00:00:00,CCGS LIMNOS,LAKE HURON,8,454500,-835500,61,116.3,2003-05-23 21:41:00,127,116.00,.00,0.00000000,,0,79.000000,TRANS P,TRANSMISSION LIGHT PROFILER,PERCENT,45.75000,-83.91667
200302003,2003-06-10 00:00:00,CCGS LIMNOS,LAKE HURON,9,453059,-832502,54,120.4,2003-05-24 00:23:00,127,.00,.00,0.00000000,,0,84.000000,TRANS P,TRANSMISSION LIGHT PROFILER,PERCENT,45.51639,-83.41722
200302003,2003-06-10 00:00:00,CCGS LIMNOS,LAKE HURON,9,453059,-832502,54,120.4,2003-05-24 00:23:00,127,.50,.00,0.00000000,,0,84.000000,TRANS P,TRANSMISSION LIGHT PROFILER,PERCENT,45.51639,-83.41722
200302003,2003-06-10 00:00:00,CCGS LIMNOS,LAKE HURON,9,453059,-832502,54,120.4,2003-05-24 00:23:00,127,1.00,.00,0.00000000,,0,84.000000,TRANS P,TRANSMISSION LIGHT PROFILER,PERCENT,45.51639,-83.41722
200302003,2003-06-10 00:00:00,CCGS LIMNOS,LAKE HURON,9,453059,-832502,54,120.4,2003-05-24 00:23:00,127,1.50,.00,0.00000000,,0,84.000000,TRANS P,TRANSMISSION LIGHT PROFILER,PERCENT,45.51639,-83.41722
200302003,2003-06-10 00:00:00,CCGS LIMNOS,LAKE HURON,9,453059,-832502,54,120.4,2003-05-24 00:23:00,127,2.00,.00,0.00000000,,0,84.000000,TRANS P,TRANSMISSION LIGHT PROFILER,PERCENT,45.51639,-83.41722
200302003,2003-06-10 00:00:00,CCGS LIMNOS,LAKE HURON,9,453059,-832502,54,120.4,2003-05-24 00:23:00,127,2.50,.00,0.00000000,,0,84.000000,TRANS P,TRANSMISSION LIGHT PROFILER,PERCENT,45.51639,-83.41722
200302003,2003-06-10 00:00:00,CCGS LIMNOS,LAKE HURON,9,453059,-832502,54,120.4,2003-05-24 00:23:00,127,3.00,.00,0.00000000,,0,84.000000,TRANS P,TRANSMISSION LIGHT PROFILER,PERCENT,45.51639,-83.41722
200302003,2003-06-10 00:00:00,CCGS LIMNOS,LAKE HURON,9,453059,-832502,54,120.4,2003-05-24 00:23:00,127,3.50,.00,0.00000000,,0,84.000000,TRANS P,TRANSMISSION LIGHT PROFILER,PERCENT,45.51639,-83.41722
200302003,2003-06-10 00:00:00,CCGS LIMNOS,LAKE HURON,9,453059,-832502,54,120.4,2003-05-24 00:23:00,127,4.00,.00,0.00000000,,0,84.000000,TRANS P,TRANSMISSION LIGHT PROFILER,PERCENT,45.51639,-83.41722
200302003,2003-06-10 00:00:00,CCGS LIMNOS,LAKE HURON,9,453059,-832502,54,120.4,2003-05-24 00:23:00,127,4.50,.00,0.00000000,,0,84.000000,TRANS P,TRANSMISSION LIGHT PROFILER,PERCENT,45.51639,-83.41722
200302003,2003-06-10 00:00:00,CCGS LIMNOS,LAKE HURON,9,453059,-832502,54,120.4,2003-05-24 00:23:00,127,5.00,.00,0.00000000,,0,84.000000,TRANS P,TRANSMISSION LIGHT PROFILER,PERCENT,45.51639,-83.41722
200302003,2003-06-10 00:00:00,CCGS LIMNOS,LAKE HURON,9,453059,-832502,54,120.4,2003-05-24 00:23:00,127,5.50,.00,0.00000000,,0,84.000000,TRANS P,TRANSMISSION LIGHT PROFILER,PERCENT,45.51639,-83.41722
200302003,2003-06-10 00:00:00,CCGS LIMNOS,LAKE HURON,9,453059,-832502,54,120.4,2003-05-24 00:23:00,127,6.00,.00,0.00000000,,0,84.000000,TRANS P,TRANSMISSION LIGHT PROFILER,PERCENT,45.51639,-83.41722
200302003,2003-06-10 00:00:00,CCGS LIMNOS,LAKE HURON,9,453059,-832502,54,120.4,2003-05-24 00:23:00,127,6.50,.00,0.00000000,,0,84.000000,TRANS P,TRANSMISSION LIGHT PROFILER,PERCENT,45.51639,-83.41722
200302003,2003-06-10 00:00:00,CCGS LIMNOS,LAKE HURON,9,453059,-832502,54,120.4,2003-05-24 00:23:00,127,7.00,.00,0.00000000,,0,84.000000,TRANS P,TRANSMISSION LIGHT PROFILER,PERCENT,45.51639,-83.41722
200302003,2003-06-10 00:00:00,CCGS LIMNOS,LAKE HURON,9,453059,-832502,54,120.4,2003-05-24 00:23:00,127,7.50,.00,0.00000000,,0,84.000000,TRANS P,TRANSMISSION LIGHT PROFILER,PERCENT,45.51639,-83.41722
200302003,2003-06-10 00:00:00,CCGS LIMNOS,LAKE HURON,9,453059,-832502,54,120.4,2003-05-24 00:23:00,127,8.00,.00,0.00000000,,0,84.000000,TRANS P,TRANSMISSION LIGHT PROFILER,PERCENT,45.51639,-83.41722
200302003,2003-06-10 00:00:00,CCGS LIMNOS,LAKE HURON,9,453059,-832502,54,120.4,2003-05-24 00:23:00,127,8.50,.00,0.00000000,,0,84.000000,TRANS P,TRANSMISSION LIGHT PROFILER,PERCENT,45.51639,-83.41722
200302003,2003-06-10 00:00:00,CCGS LIMNOS,LAKE HURON,9,453059,-832502,54,120.4,2003-05-24 00:23:00,127,9.00,.00,0.00000000,,0,84.000000,TRANS P,TRANSMISSION LIGHT PROFILER,PERCENT,45.51639,-83.41722
200302003,2003-06-10 00:00:00,CCGS LIMNOS,LAKE HURON,9,453059,-832502,54,120.4,2003-05-24 00:23:00,127,9.50,.00,0.00000000,,0,84.000000,TRANS P,TRANSMISSION LIGHT PROFILER,PERCENT,45.51639,-83.41722
200302003,2003-06-10 00:00:00,CCGS LIMNOS,LAKE HURON,9,453059,-832502,54,120.4,2003-05-24 00:23:00,127,10.00,.00,0.00000000,,0,84.000000,TRANS P,TRANSMISSION LIGHT PROFILER,PERCENT,45.51639,-83.41722
200302003,2003-06-10 00:00:00,CCGS LIMNOS,LAKE HURON,9,453059,-832502,54,120.4,2003-05-24 00:23:00,127,10.50,.00,0.00000000,,0,84.000000,TRANS P,TRANSMISSION LIGHT PROFILER,PERCENT,45.51639,-83.41722
200302003,2003-06-10 00:00:00,CCGS LIMNOS,LAKE HURON,9,453059,-832502,54,120.4,2003-05-24 00:23:00,127,11.00,.00,0.00000000,,0,84.000000,TRANS P,TRANSMISSION LIGHT PROFILER,PERCENT,45.51639,-83.41722
200302003,2003-06-10 00:00:00,CCGS LIMNOS,LAKE HURON,9,453059,-832502,54,120.4,2003-05-24 00:23:00,127,11.50,.00,0.00000000,,0,84.000000,TRANS P,TRANSMISSION LIGHT PROFILER,PERCENT,45.51639,-83.41722
200302003,2003-06-10 00:00:00,CCGS LIMNOS,LAKE HURON,9,453059,-832502,54,120.4,2003-05-24 00:23:00,127,12.00,.00,0.00000000,,0,84.000000,TRANS P,TRANSMISSION LIGHT PROFILER,PERCENT,45.51639,-83.41722
200302003,2003-06-10 00:00:00,CCGS LIMNOS,LAKE HURON,9,453059,-832502,54,120.4,2003-05-24 00:23:00,127,12.50,.00,0.00000000,,0,84.000000,TRANS P,TRANSMISSION LIGHT PROFILER,PERCENT,45.51639,-83.41722
200302003,2003-06-10 00:00:00,CCGS LIMNOS,LAKE HURON,9,453059,-832502,54,120.4,2003-05-24 00:23:00,127,13.00,.00,0.00000000,,0,84.000000,TRANS P,TRANSMISSION LIGHT PROFILER,PERCENT,45.51639,-83.41722
200302003,2003-06-10 00:00:00,CCGS LIMNOS,LAKE HURON,9,453059,-832502,54,120.4,2003-05-24 00:23:00,127,13.50,.00,0.00000000,,0,84.000000,TRANS P,TRANSMISSION LIGHT PROFILER,PERCENT,45.51639,-83.41722
200302003,2003-06-10 00:00:00,CCGS LIMNOS,LAKE HURON,9,453059,-832502,54,120.4,2003-05-24 00:23:00,127,14.00,.00,0.00000000,,0,84.000000,TRANS P,TRANSMISSION LIGHT PROFILER,PERCENT,45.51639,-83.41722
200302003,2003-06-10 00:00:00,CCGS LIMNOS,LAKE HURON,9,453059,-832502,54,120.4,2003-05-24 00:23:00,127,14.50,.00,0.00000000,,0,84.000000,TRANS P,TRANSMISSION LIGHT PROFILER,PERCENT,45.51639,-83.41722
200302003,2003-06-10 00:00:00,CCGS LIMNOS,LAKE HURON,9,453059,-832502,54,120.4,2003-05-24 00:23:00,127,15.00,.00,0.00000000,,0,84.000000,TRANS P,TRANSMISSION LIGHT PROFILER,PERCENT,45.51639,-83.41722
200302003,2003-06-10 00:00:00,CCGS LIMNOS,LAKE HURON,9,453059,-832502,54,120.4,2003-05-24 00:23:00,127,15.50,.00,0.00000000,,0,84.000000,TRANS P,TRANSMISSION LIGHT PROFILER,PERCENT,45.51639,-83.41722
200302003,2003-06-10 00:00:00,CCGS LIMNOS,LAKE HURON,9,453059,-832502,54,120.4,2003-05-24 00:23:00,127,16.00,.00,0.00000000,,0,84.000000,TRANS P,TRANSMISSION LIGHT PROFILER,PERCENT,45.51639,-83.41722
200302003,2003-06-10 00:00:00,CCGS LIMNOS,LAKE HURON,9,453059,-832502,54,120.4,2003-05-24 00:23:00,127,16.50,.00,0.00000000,,0,84.000000,TRANS P,TRANSMISSION LIGHT PROFILER,PERCENT,45.51639,-83.41722
200302003,2003-06-10 00:00:00,CCGS LIMNOS,LAKE HURON,9,453059,-832502,54,120.4,2003-05-24 00:23:00,127,17.00,.00,0.00000000,,0,84.000000,TRANS P,TRANSMISSION LIGHT PROFILER,PERCENT,45.51639,-83.41722
200302003,2003-06-10 00:00:00,CCGS LIMNOS,LAKE HURON,9,453059,-832502,54,120.4,2003-05-24 00:23:00,127,17.50,.00,0.00000000,,0,84.000000,TRANS P,TRANSMISSION LIGHT PROFILER,PERCENT,45.51639,-83.41722
200302003,2003-06-10 00:00:00,CCGS LIMNOS,LAKE HURON,9,453059,-832502,54,120.4,2003-05-24 00:23:00,127,18.00,.00,0.00000000,,0,84.000000,TRANS P,TRANSMISSION LIGHT PROFILER,PERCENT,45.51639,-83.41722
200302003,2003-06-10 00:00:00,CCGS LIMNOS,LAKE HURON,9,453059,-832502,54,120.4,2003-05-24 00:23:00,127,18.50,.00,0.00000000,,0,84.000000,TRANS P,TRANSMISSION LIGHT PROFILER,PERCENT,45.51639,-83.41722
200302003,2003-06-10 00:00:00,CCGS LIMNOS,LAKE HURON,9,453059,-832502,54,120.4,2003-05-24 00:23:00,127,19.00,.00,0.00000000,,0,84.000000,TRANS P,TRANSMISSION LIGHT PROFILER,PERCENT,45.51639,-83.41722
200302003,2003-06-10 00:00:00,CCGS LIMNOS,LAKE HURON,9,453059,-832502,54,120.4,2003-05-24 00:23:00,127,19.50,.00,0.00000000,,0,84.000000,TRANS P,TRANSMISSION LIGHT PROFILER,PERCENT,45.51639,-83.41722
200302003,2003-06-10 00:00:00,CCGS LIMNOS,LAKE HURON,9,453059,-832502,54,120.4,2003-05-24 00:23:00,127,20.00,.00,0.00000000,,0,84.000000,TRANS P,TRANSMISSION LIGHT PROFILER,PERCENT,45.51639,-83.41722
200302003,2003-06-10 00:00:00,CCGS LIMNOS,LAKE HURON,9,453059,-832502,54,120.4,2003-05-24 00:23:00,127,20.50,.00,0.00000000,,0,84.000000,TRANS P,TRANSMISSION LIGHT PROFILER,PERCENT,45.51639,-83.41722
200302003,2003-06-10 00:00:00,CCGS LIMNOS,LAKE HURON,9,453059,-832502,54,120.4,2003-05-24 00:23:00,127,21.00,.00,0.00000000,,0,84.000000,TRANS P,TRANSMISSION LIGHT PROFILER,PERCENT,45.51639,-83.41722
200302003,2003-06-10 00:00:00,CCGS LIMNOS,LAKE HURON,9,453059,-832502,54,120.4,2003-05-24 00:23:00,127,21.50,.00,0.00000000,,0,84.000000,TRANS P,TRANSMISSION LIGHT PROFILER,PERCENT,45.51639,-83.41722
200302003,2003-06-10 00:00:00,CCGS LIMNOS,LAKE HURON,9,453059,-832502,54,120.4,2003-05-24 00:23:00,127,22.00,.00,0.00000000,,0,84.000000,TRANS P,TRANSMISSION LIGHT PROFILER,PERCENT,45.51639,-83.41722
200302003,2003-06-10 00:00:00,CCGS LIMNOS,LAKE HURON,9,453059,-832502,54,120.4,2003-05-24 00:23:00,127,22.50,.00,0.00000000,,0,84.000000,TRANS P,TRANSMISSION LIGHT PROFILER,PERCENT,45.51639,-83.41722
200302003,2003-06-10 00:00:00,CCGS LIMNOS,LAKE HURON,9,453059,-832502,54,120.4,2003-05-24 00:23:00,127,23.00,.00,0.00000000,,0,84.000000,TRANS P,TRANSMISSION LIGHT PROFILER,PERCENT,45.51639,-83.41722
200302003,2003-06-10 00:00:00,CCGS LIMNOS,LAKE HURON,9,453059,-832502,54,120.4,2003-05-24 00:23:00,127,23.50,.00,0.00000000,,0,84.000000,TRANS P,TRANSMISSION LIGHT PROFILER,PERCENT,45.51639,-83.41722
200302003,2003-06-10 00:00:00,CCGS LIMNOS,LAKE HURON,9,453059,-832502,54,120.4,2003-05-24 00:23:00,127,24.00,.00,0.00000000,,0,84.000000,TRANS P,TRANSMISSION LIGHT PROFILER,PERCENT,45.51639,-83.41722
200302003,2003-06-10 00:00:00,CCGS LIMNOS,LAKE HURON,9,453059,-832502,54,120.4,2003-05-24 00:23:00,127,24.50,.00,0.00000000,,0,84.000000,TRANS P,TRANSMISSION LIGHT PROFILER,PERCENT,45.51639,-83.41722
200302003,2003-06-10 00:00:00,CCGS LIMNOS,LAKE HURON,9,453059,-832502,54,120.4,2003-05-24 00:23:00,127,25.00,.00,0.00000000,,0,84.000000,TRANS P,TRANSMISSION LIGHT PROFILER,PERCENT,45.51639,-83.41722
200302003,2003-06-10 00:00:00,CCGS LIMNOS,LAKE HURON,9,453059,-832502,54,120.4,2003-05-24 00:23:00,127,25.50,.00,0.00000000,,0,84.000000,TRANS P,TRANSMISSION LIGHT PROFILER,PERCENT,45.51639,-83.41722
200302003,2003-06-10 00:00:00,CCGS LIMNOS,LAKE HURON,9,453059,-832502,54,120.4,2003-05-24 00:23:00,127,26.00,.00,0.00000000,,0,84.000000,TRANS P,TRANSMISSION LIGHT PROFILER,PERCENT,45.51639,-83.41722
200302003,2003-06-10 00:00:00,CCGS LIMNOS,LAKE HURON,9,453059,-832502,54,120.4,2003-05-24 00:23:00,127,26.50,.00,0.00000000,,0,84.000000,TRANS P,TRANSMISSION LIGHT PROFILER,PERCENT,45.51639,-83.41722
200302003,2003-06-10 00:00:00,CCGS LIMNOS,LAKE HURON,9,453059,-832502,54,120.4,2003-05-24 00:23:00,127,27.00,.00,0.00000000,,0,84.000000,TRANS P,TRANSMISSION LIGHT PROFILER,PERCENT,45.51639,-83.41722
200302003,2003-06-10 00:00:00,CCGS LIMNOS,LAKE HURON,9,453059,-832502,54,120.4,2003-05-24 00:23:00,127,27.50,.00,0.00000000,,0,84.000000,TRANS P,TRANSMISSION LIGHT PROFILER,PERCENT,45.51639,-83.41722
200302003,2003-06-10 00:00:00,CCGS LIMNOS,LAKE HURON,9,453059,-832502,54,120.4,2003-05-24 00:23:00,127,28.00,.00,0.00000000,,0,84.000000,TRANS P,TRANSMISSION LIGHT PROFILER,PERCENT,45.51639,-83.41722
200302003,2003-06-10 00:00:00,CCGS LIMNOS,LAKE HURON,9,453059,-832502,54,120.4,2003-05-24 00:23:00,127,28.50,.00,0.00000000,,0,84.000000,TRANS P,TRANSMISSION LIGHT PROFILER,PERCENT,45.51639,-83.41722
200302003,2003-06-10 00:00:00,CCGS LIMNOS,LAKE HURON,9,453059,-832502,54,120.4,2003-05-24 00:23:00,127,29.00,.00,0.00000000,,0,84.000000,TRANS P,TRANSMISSION LIGHT PROFILER,PERCENT,45.51639,-83.41722
200302003,2003-06-10 00:00:00,CCGS LIMNOS,LAKE HURON,9,453059,-832502,54,120.4,2003-05-24 00:23:00,127,29.50,.00,0.00000000,,0,84.000000,TRANS P,TRANSMISSION LIGHT PROFILER,PERCENT,45.51639,-83.41722
200302003,2003-06-10 00:00:00,CCGS LIMNOS,LAKE HURON,9,453059,-832502,54,120.4,2003-05-24 00:23:00,127,30.00,.00,0.00000000,,0,84.000000,TRANS P,TRANSMISSION LIGHT PROFILER,PERCENT,45.51639,-83.41722
200302003,2003-06-10 00:00:00,CCGS LIMNOS,LAKE HURON,9,453059,-832502,54,120.4,2003-05-24 00:23:00,127,30.50,.00,0.00000000,,0,84.000000,TRANS P,TRANSMISSION LIGHT PROFILER,PERCENT,45.51639,-83.41722
200302003,2003-06-10 00:00:00,CCGS LIMNOS,LAKE HURON,9,453059,-832502,54,120.4,2003-05-24 00:23:00,127,31.00,.00,0.00000000,,0,84.000000,TRANS P,TRANSMISSION LIGHT PROFILER,PERCENT,45.51639,-83.41722
200302003,2003-06-10 00:00:00,CCGS LIMNOS,LAKE HURON,9,453059,-832502,54,120.4,2003-05-24 00:23:00,127,31.50,.00,0.00000000,,0,84.000000,TRANS P,TRANSMISSION LIGHT PROFILER,PERCENT,45.51639,-83.41722
200302003,2003-06-10 00:00:00,CCGS LIMNOS,LAKE HURON,9,453059,-832502,54,120.4,2003-05-24 00:23:00,127,32.00,.00,0.00000000,,0,84.000000,TRANS P,TRANSMISSION LIGHT PROFILER,PERCENT,45.51639,-83.41722
200302003,2003-06-10 00:00:00,CCGS LIMNOS,LAKE HURON,9,453059,-832502,54,120.4,2003-05-24 00:23:00,127,32.50,.00,0.00000000,,0,84.000000,TRANS P,TRANSMISSION LIGHT PROFILER,PERCENT,45.51639,-83.41722
200302003,2003-06-10 00:00:00,CCGS LIMNOS,LAKE HURON,9,453059,-832502,54,120.4,2003-05-24 00:23:00,127,33.00,.00,0.00000000,,0,84.000000,TRANS P,TRANSMISSION LIGHT PROFILER,PERCENT,45.51639,-83.41722
200302003,2003-06-10 00:00:00,CCGS LIMNOS,LAKE HURON,9,453059,-832502,54,120.4,2003-05-24 00:23:00,127,33.50,.00,0.00000000,,0,84.000000,TRANS P,TRANSMISSION LIGHT PROFILER,PERCENT,45.51639,-83.41722
200302003,2003-06-10 00:00:00,CCGS LIMNOS,LAKE HURON,9,453059,-832502,54,120.4,2003-05-24 00:23:00,127,34.00,.00,0.00000000,,0,84.000000,TRANS P,TRANSMISSION LIGHT PROFILER,PERCENT,45.51639,-83.41722
200302003,2003-06-10 00:00:00,CCGS LIMNOS,LAKE HURON,9,453059,-832502,54,120.4,2003-05-24 00:23:00,127,34.50,.00,0.00000000,,0,84.000000,TRANS P,TRANSMISSION LIGHT PROFILER,PERCENT,45.51639,-83.41722
200302003,2003-06-10 00:00:00,CCGS LIMNOS,LAKE HURON,9,453059,-832502,54,120.4,2003-05-24 00:23:00,127,35.00,.00,0.00000000,,0,84.000000,TRANS P,TRANSMISSION LIGHT PROFILER,PERCENT,45.51639,-83.41722
200302003,2003-06-10 00:00:00,CCGS LIMNOS,LAKE HURON,9,453059,-832502,54,120.4,2003-05-24 00:23:00,127,35.50,.00,0.00000000,,0,84.000000,TRANS P,TRANSMISSION LIGHT PROFILER,PERCENT,45.51639,-83.41722
200302003,2003-06-10 00:00:00,CCGS LIMNOS,LAKE HURON,9,453059,-832502,54,120.4,2003-05-24 00:23:00,127,36.00,.00,0.00000000,,0,84.000000,TRANS P,TRANSMISSION LIGHT PROFILER,PERCENT,45.51639,-83.41722
200302003,2003-06-10 00:00:00,CCGS LIMNOS,LAKE HURON,9,453059,-832502,54,120.4,2003-05-24 00:23:00,127,36.50,.00,0.00000000,,0,84.000000,TRANS P,TRANSMISSION LIGHT PROFILER,PERCENT,45.51639,-83.41722
200302003,2003-06-10 00:00:00,CCGS LIMNOS,LAKE HURON,9,453059,-832502,54,120.4,2003-05-24 00:23:00,127,37.00,.00,0.00000000,,0,84.000000,TRANS P,TRANSMISSION LIGHT PROFILER,PERCENT,45.51639,-83.41722
200302003,2003-06-10 00:00:00,CCGS LIMNOS,LAKE HURON,9,453059,-832502,54,120.4,2003-05-24 00:23:00,127,37.50,.00,0.00000000,,0,84.000000,TRANS P,TRANSMISSION LIGHT PROFILER,PERCENT,45.51639,-83.41722
200302003,2003-06-10 00:00:00,CCGS LIMNOS,LAKE HURON,9,453059,-832502,54,120.4,2003-05-24 00:23:00,127,38.00,.00,0.00000000,,0,84.000000,TRANS P,TRANSMISSION LIGHT PROFILER,PERCENT,45.51639,-83.41722
200302003,2003-06-10 00:00:00,CCGS LIMNOS,LAKE HURON,9,453059,-832502,54,120.4,2003-05-24 00:23:00,127,38.50,.00,0.00000000,,0,84.000000,TRANS P,TRANSMISSION LIGHT PROFILER,PERCENT,45.51639,-83.41722
200302003,2003-06-10 00:00:00,CCGS LIMNOS,LAKE HURON,9,453059,-832502,54,120.4,2003-05-24 00:23:00,127,39.00,.00,0.00000000,,0,84.000000,TRANS P,TRANSMISSION LIGHT PROFILER,PERCENT,45.51639,-83.41722
200302003,2003-06-10 00:00:00,CCGS LIMNOS,LAKE HURON,9,453059,-832502,54,120.4,2003-05-24 00:23:00,127,39.50,.00,0.00000000,,0,84.000000,TRANS P,TRANSMISSION LIGHT PROFILER,PERCENT,45.51639,-83.41722
200302003,2003-06-10 00:00:00,CCGS LIMNOS,LAKE HURON,9,453059,-832502,54,120.4,2003-05-24 00:23:00,127,40.00,.00,0.00000000,,0,84.000000,TRANS P,TRANSMISSION LIGHT PROFILER,PERCENT,45.51639,-83.41722
200302003,2003-06-10 00:00:00,CCGS LIMNOS,LAKE HURON,9,453059,-832502,54,120.4,2003-05-24 00:23:00,127,40.50,.00,0.00000000,,0,84.000000,TRANS P,TRANSMISSION LIGHT PROFILER,PERCENT,45.51639,-83.41722
200302003,2003-06-10 00:00:00,CCGS LIMNOS,LAKE HURON,9,453059,-832502,54,120.4,2003-05-24 00:23:00,127,41.00,.00,0.00000000,,0,84.000000,TRANS P,TRANSMISSION LIGHT PROFILER,PERCENT,45.51639,-83.41722
200302003,2003-06-10 00:00:00,CCGS LIMNOS,LAKE HURON,9,453059,-832502,54,120.4,2003-05-24 00:23:00,127,41.50,.00,0.00000000,,0,84.000000,TRANS P,TRANSMISSION LIGHT PROFILER,PERCENT,45.51639,-83.41722
200302003,2003-06-10 00:00:00,CCGS LIMNOS,LAKE HURON,9,453059,-832502,54,120.4,2003-05-24 00:23:00,127,42.00,.00,0.00000000,,0,84.000000,TRANS P,TRANSMISSION LIGHT PROFILER,PERCENT,45.51639,-83.41722
200302003,2003-06-10 00:00:00,CCGS LIMNOS,LAKE HURON,9,453059,-832502,54,120.4,2003-05-24 00:23:00,127,42.50,.00,0.00000000,,0,84.000000,TRANS P,TRANSMISSION LIGHT PROFILER,PERCENT,45.51639,-83.41722
200302003,2003-06-10 00:00:00,CCGS LIMNOS,LAKE HURON,9,453059,-832502,54,120.4,2003-05-24 00:23:00,127,43.00,.00,0.00000000,,0,84.000000,TRANS P,TRANSMISSION LIGHT PROFILER,PERCENT,45.51639,-83.41722
200302003,2003-06-10 00:00:00,CCGS LIMNOS,LAKE HURON,9,453059,-832502,54,120.4,2003-05-24 00:23:00,127,43.50,.00,0.00000000,,0,84.000000,TRANS P,TRANSMISSION LIGHT PROFILER,PERCENT,45.51639,-83.41722
200302003,2003-06-10 00:00:00,CCGS LIMNOS,LAKE HURON,9,453059,-832502,54,120.4,2003-05-24 00:23:00,127,44.00,.00,0.00000000,,0,84.000000,TRANS P,TRANSMISSION LIGHT PROFILER,PERCENT,45.51639,-83.41722
200302003,2003-06-10 00:00:00,CCGS LIMNOS,LAKE HURON,9,453059,-832502,54,120.4,2003-05-24 00:23:00,127,44.50,.00,0.00000000,,0,84.000000,TRANS P,TRANSMISSION LIGHT PROFILER,PERCENT,45.51639,-83.41722
200302003,2003-06-10 00:00:00,CCGS LIMNOS,LAKE HURON,9,453059,-832502,54,120.4,2003-05-24 00:23:00,127,45.00,.00,0.00000000,,0,84.000000,TRANS P,TRANSMISSION LIGHT PROFILER,PERCENT,45.51639,-83.41722
200302003,2003-06-10 00:00:00,CCGS LIMNOS,LAKE HURON,9,453059,-832502,54,120.4,2003-05-24 00:23:00,127,45.50,.00,0.00000000,,0,84.000000,TRANS P,TRANSMISSION LIGHT PROFILER,PERCENT,45.51639,-83.41722
200302003,2003-06-10 00:00:00,CCGS LIMNOS,LAKE HURON,9,453059,-832502,54,120.4,2003-05-24 00:23:00,127,46.00,.00,0.00000000,,0,84.000000,TRANS P,TRANSMISSION LIGHT PROFILER,PERCENT,45.51639,-83.41722
200302003,2003-06-10 00:00:00,CCGS LIMNOS,LAKE HURON,9,453059,-832502,54,120.4,2003-05-24 00:23:00,127,46.50,.00,0.00000000,,0,84.000000,TRANS P,TRANSMISSION LIGHT PROFILER,PERCENT,45.51639,-83.41722
200302003,2003-06-10 00:00:00,CCGS LIMNOS,LAKE HURON,9,453059,-832502,54,120.4,2003-05-24 00:23:00,127,47.00,.00,0.00000000,,0,84.000000,TRANS P,TRANSMISSION LIGHT PROFILER,PERCENT,45.51639,-83.41722
200302003,2003-06-10 00:00:00,CCGS LIMNOS,LAKE HURON,9,453059,-832502,54,120.4,2003-05-24 00:23:00,127,47.50,.00,0.00000000,,0,84.000000,TRANS P,TRANSMISSION LIGHT PROFILER,PERCENT,45.51639,-83.41722
200302003,2003-06-10 00:00:00,CCGS LIMNOS,LAKE HURON,9,453059,-832502,54,120.4,2003-05-24 00:23:00,127,48.00,.00,0.00000000,,0,84.000000,TRANS P,TRANSMISSION LIGHT PROFILER,PERCENT,45.51639,-83.41722
200302003,2003-06-10 00:00:00,CCGS LIMNOS,LAKE HURON,9,453059,-832502,54,120.4,2003-05-24 00:23:00,127,48.50,.00,0.00000000,,0,84.000000,TRANS P,TRANSMISSION LIGHT PROFILER,PERCENT,45.51639,-83.41722
200302003,2003-06-10 00:00:00,CCGS LIMNOS,LAKE HURON,9,453059,-832502,54,120.4,2003-05-24 00:23:00,127,49.00,.00,0.00000000,,0,84.000000,TRANS P,TRANSMISSION LIGHT PROFILER,PERCENT,45.51639,-83.41722
200302003,2003-06-10 00:00:00,CCGS LIMNOS,LAKE HURON,9,453059,-832502,54,120.4,2003-05-24 00:23:00,127,49.50,.00,0.00000000,,0,84.000000,TRANS P,TRANSMISSION LIGHT PROFILER,PERCENT,45.51639,-83.41722
200302003,2003-06-10 00:00:00,CCGS LIMNOS,LAKE HURON,9,453059,-832502,54,120.4,2003-05-24 00:23:00,127,50.00,.00,0.00000000,,0,84.000000,TRANS P,TRANSMISSION LIGHT PROFILER,PERCENT,45.51639,-83.41722
200302003,2003-06-10 00:00:00,CCGS LIMNOS,LAKE HURON,9,453059,-832502,54,120.4,2003-05-24 00:23:00,127,50.50,.00,0.00000000,,0,84.000000,TRANS P,TRANSMISSION LIGHT PROFILER,PERCENT,45.51639,-83.41722
200302003,2003-06-10 00:00:00,CCGS LIMNOS,LAKE HURON,9,453059,-832502,54,120.4,2003-05-24 00:23:00,127,51.00,.00,0.00000000,,0,84.000000,TRANS P,TRANSMISSION LIGHT PROFILER,PERCENT,45.51639,-83.41722
200302003,2003-06-10 00:00:00,CCGS LIMNOS,LAKE HURON,9,453059,-832502,54,120.4,2003-05-24 00:23:00,127,51.50,.00,0.00000000,,0,84.000000,TRANS P,TRANSMISSION LIGHT PROFILER,PERCENT,45.51639,-83.41722
200302003,2003-06-10 00:00:00,CCGS LIMNOS,LAKE HURON,9,453059,-832502,54,120.4,2003-05-24 00:23:00,127,52.00,.00,0.00000000,,0,84.000000,TRANS P,TRANSMISSION LIGHT PROFILER,PERCENT,45.51639,-83.41722
200302003,2003-06-10 00:00:00,CCGS LIMNOS,LAKE HURON,9,453059,-832502,54,120.4,2003-05-24 00:23:00,127,52.50,.00,0.00000000,,0,84.000000,TRANS P,TRANSMISSION LIGHT PROFILER,PERCENT,45.51639,-83.41722
200302003,2003-06-10 00:00:00,CCGS LIMNOS,LAKE HURON,9,453059,-832502,54,120.4,2003-05-24 00:23:00,127,53.00,.00,0.00000000,,0,84.000000,TRANS P,TRANSMISSION LIGHT PROFILER,PERCENT,45.51639,-83.41722
200302003,2003-06-10 00:00:00,CCGS LIMNOS,LAKE HURON,9,453059,-832502,54,120.4,2003-05-24 00:23:00,127,53.50,.00,0.00000000,,0,84.000000,TRANS P,TRANSMISSION LIGHT PROFILER,PERCENT,45.51639,-83.41722
200302003,2003-06-10 00:00:00,CCGS LIMNOS,LAKE HURON,9,453059,-832502,54,120.4,2003-05-24 00:23:00,127,54.00,.00,0.00000000,,0,84.000000,TRANS P,TRANSMISSION LIGHT PROFILER,PERCENT,45.51639,-83.41722
200302003,2003-06-10 00:00:00,CCGS LIMNOS,LAKE HURON,9,453059,-832502,54,120.4,2003-05-24 00:23:00,127,54.50,.00,0.00000000,,0,84.000000,TRANS P,TRANSMISSION LIGHT PROFILER,PERCENT,45.51639,-83.41722
200302003,2003-06-10 00:00:00,CCGS LIMNOS,LAKE HURON,9,453059,-832502,54,120.4,2003-05-24 00:23:00,127,55.00,.00,0.00000000,,0,84.000000,TRANS P,TRANSMISSION LIGHT PROFILER,PERCENT,45.51639,-83.41722
200302003,2003-06-10 00:00:00,CCGS LIMNOS,LAKE HURON,9,453059,-832502,54,120.4,2003-05-24 00:23:00,127,55.50,.00,0.00000000,,0,84.000000,TRANS P,TRANSMISSION LIGHT PROFILER,PERCENT,45.51639,-83.41722
200302003,2003-06-10 00:00:00,CCGS LIMNOS,LAKE HURON,9,453059,-832502,54,120.4,2003-05-24 00:23:00,127,56.00,.00,0.00000000,,0,84.000000,TRANS P,TRANSMISSION LIGHT PROFILER,PERCENT,45.51639,-83.41722
200302003,2003-06-10 00:00:00,CCGS LIMNOS,LAKE HURON,9,453059,-832502,54,120.4,2003-05-24 00:23:00,127,56.50,.00,0.00000000,,0,84.000000,TRANS P,TRANSMISSION LIGHT PROFILER,PERCENT,45.51639,-83.41722
200302003,2003-06-10 00:00:00,CCGS LIMNOS,LAKE HURON,9,453059,-832502,54,120.4,2003-05-24 00:23:00,127,57.00,.00,0.00000000,,0,84.000000,TRANS P,TRANSMISSION LIGHT PROFILER,PERCENT,45.51639,-83.41722
200302003,2003-06-10 00:00:00,CCGS LIMNOS,LAKE HURON,9,453059,-832502,54,120.4,2003-05-24 00:23:00,127,57.50,.00,0.00000000,,0,84.000000,TRANS P,TRANSMISSION LIGHT PROFILER,PERCENT,45.51639,-83.41722
200302003,2003-06-10 00:00:00,CCGS LIMNOS,LAKE HURON,9,453059,-832502,54,120.4,2003-05-24 00:23:00,127,58.00,.00,0.00000000,,0,84.000000,TRANS P,TRANSMISSION LIGHT PROFILER,PERCENT,45.51639,-83.41722
200302003,2003-06-10 00:00:00,CCGS LIMNOS,LAKE HURON,9,453059,-832502,54,120.4,2003-05-24 00:23:00,127,58.50,.00,0.00000000,,0,84.000000,TRANS P,TRANSMISSION LIGHT PROFILER,PERCENT,45.51639,-83.41722
200302003,2003-06-10 00:00:00,CCGS LIMNOS,LAKE HURON,9,453059,-832502,54,120.4,2003-05-24 00:23:00,127,59.00,.00,0.00000000,,0,84.000000,TRANS P,TRANSMISSION LIGHT PROFILER,PERCENT,45.51639,-83.41722
200302003,2003-06-10 00:00:00,CCGS LIMNOS,LAKE HURON,9,453059,-832502,54,120.4,2003-05-24 00:23:00,127,59.50,.00,0.00000000,,0,84.000000,TRANS P,TRANSMISSION LIGHT PROFILER,PERCENT,45.51639,-83.41722
200302003,2003-06-10 00:00:00,CCGS LIMNOS,LAKE HURON,9,453059,-832502,54,120.4,2003-05-24 00:23:00,127,60.00,.00,0.00000000,,0,84.000000,TRANS P,TRANSMISSION LIGHT PROFILER,PERCENT,45.51639,-83.41722
200302003,2003-06-10 00:00:00,CCGS LIMNOS,LAKE HURON,9,453059,-832502,54,120.4,2003-05-24 00:23:00,127,60.50,.00,0.00000000,,0,84.000000,TRANS P,TRANSMISSION LIGHT PROFILER,PERCENT,45.51639,-83.41722
200302003,2003-06-10 00:00:00,CCGS LIMNOS,LAKE HURON,9,453059,-832502,54,120.4,2003-05-24 00:23:00,127,61.00,.00,0.00000000,,0,84.000000,TRANS P,TRANSMISSION LIGHT PROFILER,PERCENT,45.51639,-83.41722
200302003,2003-06-10 00:00:00,CCGS LIMNOS,LAKE HURON,9,453059,-832502,54,120.4,2003-05-24 00:23:00,127,61.50,.00,0.00000000,,0,84.000000,TRANS P,TRANSMISSION LIGHT PROFILER,PERCENT,45.51639,-83.41722
200302003,2003-06-10 00:00:00,CCGS LIMNOS,LAKE HURON,9,453059,-832502,54,120.4,2003-05-24 00:23:00,127,62.00,.00,0.00000000,,0,84.000000,TRANS P,TRANSMISSION LIGHT PROFILER,PERCENT,45.51639,-83.41722
200302003,2003-06-10 00:00:00,CCGS LIMNOS,LAKE HURON,9,453059,-832502,54,120.4,2003-05-24 00:23:00,127,62.50,.00,0.00000000,,0,84.000000,TRANS P,TRANSMISSION LIGHT PROFILER,PERCENT,45.51639,-83.41722
200302003,2003-06-10 00:00:00,CCGS LIMNOS,LAKE HURON,9,453059,-832502,54,120.4,2003-05-24 00:23:00,127,63.00,.00,0.00000000,,0,84.000000,TRANS P,TRANSMISSION LIGHT PROFILER,PERCENT,45.51639,-83.41722
200302003,2003-06-10 00:00:00,CCGS LIMNOS,LAKE HURON,9,453059,-832502,54,120.4,2003-05-24 00:23:00,127,63.50,.00,0.00000000,,0,84.000000,TRANS P,TRANSMISSION LIGHT PROFILER,PERCENT,45.51639,-83.41722
200302003,2003-06-10 00:00:00,CCGS LIMNOS,LAKE HURON,9,453059,-832502,54,120.4,2003-05-24 00:23:00,127,64.00,.00,0.00000000,,0,84.000000,TRANS P,TRANSMISSION LIGHT PROFILER,PERCENT,45.51639,-83.41722
200302003,2003-06-10 00:00:00,CCGS LIMNOS,LAKE HURON,9,453059,-832502,54,120.4,2003-05-24 00:23:00,127,64.50,.00,0.00000000,,0,84.000000,TRANS P,TRANSMISSION LIGHT PROFILER,PERCENT,45.51639,-83.41722
200302003,2003-06-10 00:00:00,CCGS LIMNOS,LAKE HURON,9,453059,-832502,54,120.4,2003-05-24 00:23:00,127,65.00,.00,0.00000000,,0,84.000000,TRANS P,TRANSMISSION LIGHT PROFILER,PERCENT,45.51639,-83.41722
200302003,2003-06-10 00:00:00,CCGS LIMNOS,LAKE HURON,9,453059,-832502,54,120.4,2003-05-24 00:23:00,127,65.50,.00,0.00000000,,0,84.000000,TRANS P,TRANSMISSION LIGHT PROFILER,PERCENT,45.51639,-83.41722
200302003,2003-06-10 00:00:00,CCGS LIMNOS,LAKE HURON,9,453059,-832502,54,120.4,2003-05-24 00:23:00,127,66.00,.00,0.00000000,,0,84.000000,TRANS P,TRANSMISSION LIGHT PROFILER,PERCENT,45.51639,-83.41722
200302003,2003-06-10 00:00:00,CCGS LIMNOS,LAKE HURON,9,453059,-832502,54,120.4,2003-05-24 00:23:00,127,66.50,.00,0.00000000,,0,84.000000,TRANS P,TRANSMISSION LIGHT PROFILER,PERCENT,45.51639,-83.41722
200302003,2003-06-10 00:00:00,CCGS LIMNOS,LAKE HURON,9,453059,-832502,54,120.4,2003-05-24 00:23:00,127,67.00,.00,0.00000000,,0,84.000000,TRANS P,TRANSMISSION LIGHT PROFILER,PERCENT,45.51639,-83.41722
200302003,2003-06-10 00:00:00,CCGS LIMNOS,LAKE HURON,9,453059,-832502,54,120.4,2003-05-24 00:23:00,127,67.50,.00,0.00000000,,0,84.000000,TRANS P,TRANSMISSION LIGHT PROFILER,PERCENT,45.51639,-83.41722
200302003,2003-06-10 00:00:00,CCGS LIMNOS,LAKE HURON,9,453059,-832502,54,120.4,2003-05-24 00:23:00,127,68.00,.00,0.00000000,,0,84.000000,TRANS P,TRANSMISSION LIGHT PROFILER,PERCENT,45.51639,-83.41722
200302003,2003-06-10 00:00:00,CCGS LIMNOS,LAKE HURON,9,453059,-832502,54,120.4,2003-05-24 00:23:00,127,68.50,.00,0.00000000,,0,84.000000,TRANS P,TRANSMISSION LIGHT PROFILER,PERCENT,45.51639,-83.41722
200302003,2003-06-10 00:00:00,CCGS LIMNOS,LAKE HURON,9,453059,-832502,54,120.4,2003-05-24 00:23:00,127,69.00,.00,0.00000000,,0,84.000000,TRANS P,TRANSMISSION LIGHT PROFILER,PERCENT,45.51639,-83.41722
200302003,2003-06-10 00:00:00,CCGS LIMNOS,LAKE HURON,9,453059,-832502,54,120.4,2003-05-24 00:23:00,127,69.50,.00,0.00000000,,0,84.000000,TRANS P,TRANSMISSION LIGHT PROFILER,PERCENT,45.51639,-83.41722
200302003,2003-06-10 00:00:00,CCGS LIMNOS,LAKE HURON,9,453059,-832502,54,120.4,2003-05-24 00:23:00,127,70.00,.00,0.00000000,,0,84.000000,TRANS P,TRANSMISSION LIGHT PROFILER,PERCENT,45.51639,-83.41722
200302003,2003-06-10 00:00:00,CCGS LIMNOS,LAKE HURON,9,453059,-832502,54,120.4,2003-05-24 00:23:00,127,70.50,.00,0.00000000,,0,84.000000,TRANS P,TRANSMISSION LIGHT PROFILER,PERCENT,45.51639,-83.41722
200302003,2003-06-10 00:00:00,CCGS LIMNOS,LAKE HURON,9,453059,-832502,54,120.4,2003-05-24 00:23:00,127,71.00,.00,0.00000000,,0,84.000000,TRANS P,TRANSMISSION LIGHT PROFILER,PERCENT,45.51639,-83.41722
200302003,2003-06-10 00:00:00,CCGS LIMNOS,LAKE HURON,9,453059,-832502,54,120.4,2003-05-24 00:23:00,127,71.50,.00,0.00000000,,0,84.000000,TRANS P,TRANSMISSION LIGHT PROFILER,PERCENT,45.51639,-83.41722
200302003,2003-06-10 00:00:00,CCGS LIMNOS,LAKE HURON,9,453059,-832502,54,120.4,2003-05-24 00:23:00,127,72.00,.00,0.00000000,,0,84.000000,TRANS P,TRANSMISSION LIGHT PROFILER,PERCENT,45.51639,-83.41722
200302003,2003-06-10 00:00:00,CCGS LIMNOS,LAKE HURON,9,453059,-832502,54,120.4,2003-05-24 00:23:00,127,72.50,.00,0.00000000,,0,84.000000,TRANS P,TRANSMISSION LIGHT PROFILER,PERCENT,45.51639,-83.41722
200302003,2003-06-10 00:00:00,CCGS LIMNOS,LAKE HURON,9,453059,-832502,54,120.4,2003-05-24 00:23:00,127,73.00,.00,0.00000000,,0,84.000000,TRANS P,TRANSMISSION LIGHT PROFILER,PERCENT,45.51639,-83.41722
200302003,2003-06-10 00:00:00,CCGS LIMNOS,LAKE HURON,9,453059,-832502,54,120.4,2003-05-24 00:23:00,127,73.50,.00,0.00000000,,0,84.000000,TRANS P,TRANSMISSION LIGHT PROFILER,PERCENT,45.51639,-83.41722
200302003,2003-06-10 00:00:00,CCGS LIMNOS,LAKE HURON,9,453059,-832502,54,120.4,2003-05-24 00:23:00,127,74.00,.00,0.00000000,,0,84.000000,TRANS P,TRANSMISSION LIGHT PROFILER,PERCENT,45.51639,-83.41722
200302003,2003-06-10 00:00:00,CCGS LIMNOS,LAKE HURON,9,453059,-832502,54,120.4,2003-05-24 00:23:00,127,74.50,.00,0.00000000,,0,84.000000,TRANS P,TRANSMISSION LIGHT PROFILER,PERCENT,45.51639,-83.41722
200302003,2003-06-10 00:00:00,CCGS LIMNOS,LAKE HURON,9,453059,-832502,54,120.4,2003-05-24 00:23:00,127,75.00,.00,0.00000000,,0,84.000000,TRANS P,TRANSMISSION LIGHT PROFILER,PERCENT,45.51639,-83.41722
200302003,2003-06-10 00:00:00,CCGS LIMNOS,LAKE HURON,9,453059,-832502,54,120.4,2003-05-24 00:23:00,127,75.50,.00,0.00000000,,0,84.000000,TRANS P,TRANSMISSION LIGHT PROFILER,PERCENT,45.51639,-83.41722
200302003,2003-06-10 00:00:00,CCGS LIMNOS,LAKE HURON,9,453059,-832502,54,120.4,2003-05-24 00:23:00,127,76.00,.00,0.00000000,,0,84.000000,TRANS P,TRANSMISSION LIGHT PROFILER,PERCENT,45.51639,-83.41722
200302003,2003-06-10 00:00:00,CCGS LIMNOS,LAKE HURON,9,453059,-832502,54,120.4,2003-05-24 00:23:00,127,76.50,.00,0.00000000,,0,84.000000,TRANS P,TRANSMISSION LIGHT PROFILER,PERCENT,45.51639,-83.41722
200302003,2003-06-10 00:00:00,CCGS LIMNOS,LAKE HURON,9,453059,-832502,54,120.4,2003-05-24 00:23:00,127,77.00,.00,0.00000000,,0,84.000000,TRANS P,TRANSMISSION LIGHT PROFILER,PERCENT,45.51639,-83.41722
200302003,2003-06-10 00:00:00,CCGS LIMNOS,LAKE HURON,9,453059,-832502,54,120.4,2003-05-24 00:23:00,127,77.50,.00,0.00000000,,0,84.000000,TRANS P,TRANSMISSION LIGHT PROFILER,PERCENT,45.51639,-83.41722
200302003,2003-06-10 00:00:00,CCGS LIMNOS,LAKE HURON,9,453059,-832502,54,120.4,2003-05-24 00:23:00,127,78.00,.00,0.00000000,,0,84.000000,TRANS P,TRANSMISSION LIGHT PROFILER,PERCENT,45.51639,-83.41722
200302003,2003-06-10 00:00:00,CCGS LIMNOS,LAKE HURON,9,453059,-832502,54,120.4,2003-05-24 00:23:00,127,78.50,.00,0.00000000,,0,84.000000,TRANS P,TRANSMISSION LIGHT PROFILER,PERCENT,45.51639,-83.41722
200302003,2003-06-10 00:00:00,CCGS LIMNOS,LAKE HURON,9,453059,-832502,54,120.4,2003-05-24 00:23:00,127,79.00,.00,0.00000000,,0,84.000000,TRANS P,TRANSMISSION LIGHT PROFILER,PERCENT,45.51639,-83.41722
200302003,2003-06-10 00:00:00,CCGS LIMNOS,LAKE HURON,9,453059,-832502,54,120.4,2003-05-24 00:23:00,127,79.50,.00,0.00000000,,0,84.000000,TRANS P,TRANSMISSION LIGHT PROFILER,PERCENT,45.51639,-83.41722
200302003,2003-06-10 00:00:00,CCGS LIMNOS,LAKE HURON,9,453059,-832502,54,120.4,2003-05-24 00:23:00,127,80.00,.00,0.00000000,,0,84.000000,TRANS P,TRANSMISSION LIGHT PROFILER,PERCENT,45.51639,-83.41722
200302003,2003-06-10 00:00:00,CCGS LIMNOS,LAKE HURON,9,453059,-832502,54,120.4,2003-05-24 00:23:00,127,80.50,.00,0.00000000,,0,84.000000,TRANS P,TRANSMISSION LIGHT PROFILER,PERCENT,45.51639,-83.41722
200302003,2003-06-10 00:00:00,CCGS LIMNOS,LAKE HURON,9,453059,-832502,54,120.4,2003-05-24 00:23:00,127,81.00,.00,0.00000000,,0,84.000000,TRANS P,TRANSMISSION LIGHT PROFILER,PERCENT,45.51639,-83.41722
200302003,2003-06-10 00:00:00,CCGS LIMNOS,LAKE HURON,9,453059,-832502,54,120.4,2003-05-24 00:23:00,127,81.50,.00,0.00000000,,0,84.000000,TRANS P,TRANSMISSION LIGHT PROFILER,PERCENT,45.51639,-83.41722
200302003,2003-06-10 00:00:00,CCGS LIMNOS,LAKE HURON,9,453059,-832502,54,120.4,2003-05-24 00:23:00,127,82.00,.00,0.00000000,,0,84.000000,TRANS P,TRANSMISSION LIGHT PROFILER,PERCENT,45.51639,-83.41722
200302003,2003-06-10 00:00:00,CCGS LIMNOS,LAKE HURON,9,453059,-832502,54,120.4,2003-05-24 00:23:00,127,82.50,.00,0.00000000,,0,84.000000,TRANS P,TRANSMISSION LIGHT PROFILER,PERCENT,45.51639,-83.41722
200302003,2003-06-10 00:00:00,CCGS LIMNOS,LAKE HURON,9,453059,-832502,54,120.4,2003-05-24 00:23:00,127,83.00,.00,0.00000000,,0,84.000000,TRANS P,TRANSMISSION LIGHT PROFILER,PERCENT,45.51639,-83.41722
200302003,2003-06-10 00:00:00,CCGS LIMNOS,LAKE HURON,9,453059,-832502,54,120.4,2003-05-24 00:23:00,127,83.50,.00,0.00000000,,0,84.000000,TRANS P,TRANSMISSION LIGHT PROFILER,PERCENT,45.51639,-83.41722
200302003,2003-06-10 00:00:00,CCGS LIMNOS,LAKE HURON,9,453059,-832502,54,120.4,2003-05-24 00:23:00,127,84.00,.00,0.00000000,,0,84.000000,TRANS P,TRANSMISSION LIGHT PROFILER,PERCENT,45.51639,-83.41722
200302003,2003-06-10 00:00:00,CCGS LIMNOS,LAKE HURON,9,453059,-832502,54,120.4,2003-05-24 00:23:00,127,84.50,.00,0.00000000,,0,84.000000,TRANS P,TRANSMISSION LIGHT PROFILER,PERCENT,45.51639,-83.41722
200302003,2003-06-10 00:00:00,CCGS LIMNOS,LAKE HURON,9,453059,-832502,54,120.4,2003-05-24 00:23:00,127,85.00,.00,0.00000000,,0,84.000000,TRANS P,TRANSMISSION LIGHT PROFILER,PERCENT,45.51639,-83.41722
200302003,2003-06-10 00:00:00,CCGS LIMNOS,LAKE HURON,9,453059,-832502,54,120.4,2003-05-24 00:23:00,127,85.50,.00,0.00000000,,0,84.000000,TRANS P,TRANSMISSION LIGHT PROFILER,PERCENT,45.51639,-83.41722
200302003,2003-06-10 00:00:00,CCGS LIMNOS,LAKE HURON,9,453059,-832502,54,120.4,2003-05-24 00:23:00,127,86.00,.00,0.00000000,,0,84.000000,TRANS P,TRANSMISSION LIGHT PROFILER,PERCENT,45.51639,-83.41722
200302003,2003-06-10 00:00:00,CCGS LIMNOS,LAKE HURON,9,453059,-832502,54,120.4,2003-05-24 00:23:00,127,86.50,.00,0.00000000,,0,84.000000,TRANS P,TRANSMISSION LIGHT PROFILER,PERCENT,45.51639,-83.41722
200302003,2003-06-10 00:00:00,CCGS LIMNOS,LAKE HURON,9,453059,-832502,54,120.4,2003-05-24 00:23:00,127,87.00,.00,0.00000000,,0,84.000000,TRANS P,TRANSMISSION LIGHT PROFILER,PERCENT,45.51639,-83.41722
200302003,2003-06-10 00:00:00,CCGS LIMNOS,LAKE HURON,9,453059,-832502,54,120.4,2003-05-24 00:23:00,127,87.50,.00,0.00000000,,0,84.000000,TRANS P,TRANSMISSION LIGHT PROFILER,PERCENT,45.51639,-83.41722
200302003,2003-06-10 00:00:00,CCGS LIMNOS,LAKE HURON,9,453059,-832502,54,120.4,2003-05-24 00:23:00,127,88.00,.00,0.00000000,,0,84.000000,TRANS P,TRANSMISSION LIGHT PROFILER,PERCENT,45.51639,-83.41722
200302003,2003-06-10 00:00:00,CCGS LIMNOS,LAKE HURON,9,453059,-832502,54,120.4,2003-05-24 00:23:00,127,88.50,.00,0.00000000,,0,84.000000,TRANS P,TRANSMISSION LIGHT PROFILER,PERCENT,45.51639,-83.41722
200302003,2003-06-10 00:00:00,CCGS LIMNOS,LAKE HURON,9,453059,-832502,54,120.4,2003-05-24 00:23:00,127,89.00,.00,0.00000000,,0,84.000000,TRANS P,TRANSMISSION LIGHT PROFILER,PERCENT,45.51639,-83.41722
200302003,2003-06-10 00:00:00,CCGS LIMNOS,LAKE HURON,9,453059,-832502,54,120.4,2003-05-24 00:23:00,127,89.50,.00,0.00000000,,0,84.000000,TRANS P,TRANSMISSION LIGHT PROFILER,PERCENT,45.51639,-83.41722
200302003,2003-06-10 00:00:00,CCGS LIMNOS,LAKE HURON,9,453059,-832502,54,120.4,2003-05-24 00:23:00,127,90.00,.00,0.00000000,,0,84.000000,TRANS P,TRANSMISSION LIGHT PROFILER,PERCENT,45.51639,-83.41722
200302003,2003-06-10 00:00:00,CCGS LIMNOS,LAKE HURON,9,453059,-832502,54,120.4,2003-05-24 00:23:00,127,90.50,.00,0.00000000,,0,84.000000,TRANS P,TRANSMISSION LIGHT PROFILER,PERCENT,45.51639,-83.41722
200302003,2003-06-10 00:00:00,CCGS LIMNOS,LAKE HURON,9,453059,-832502,54,120.4,2003-05-24 00:23:00,127,91.00,.00,0.00000000,,0,84.000000,TRANS P,TRANSMISSION LIGHT PROFILER,PERCENT,45.51639,-83.41722
200302003,2003-06-10 00:00:00,CCGS LIMNOS,LAKE HURON,9,453059,-832502,54,120.4,2003-05-24 00:23:00,127,91.50,.00,0.00000000,,0,84.000000,TRANS P,TRANSMISSION LIGHT PROFILER,PERCENT,45.51639,-83.41722
200302003,2003-06-10 00:00:00,CCGS LIMNOS,LAKE HURON,9,453059,-832502,54,120.4,2003-05-24 00:23:00,127,92.00,.00,0.00000000,,0,84.000000,TRANS P,TRANSMISSION LIGHT PROFILER,PERCENT,45.51639,-83.41722
200302003,2003-06-10 00:00:00,CCGS LIMNOS,LAKE HURON,9,453059,-832502,54,120.4,2003-05-24 00:23:00,127,92.50,.00,0.00000000,,0,84.000000,TRANS P,TRANSMISSION LIGHT PROFILER,PERCENT,45.51639,-83.41722
200302003,2003-06-10 00:00:00,CCGS LIMNOS,LAKE HURON,9,453059,-832502,54,120.4,2003-05-24 00:23:00,127,93.00,.00,0.00000000,,0,84.000000,TRANS P,TRANSMISSION LIGHT PROFILER,PERCENT,45.51639,-83.41722
200302003,2003-06-10 00:00:00,CCGS LIMNOS,LAKE HURON,9,453059,-832502,54,120.4,2003-05-24 00:23:00,127,93.50,.00,0.00000000,,0,84.000000,TRANS P,TRANSMISSION LIGHT PROFILER,PERCENT,45.51639,-83.41722
200302003,2003-06-10 00:00:00,CCGS LIMNOS,LAKE HURON,9,453059,-832502,54,120.4,2003-05-24 00:23:00,127,94.00,.00,0.00000000,,0,84.000000,TRANS P,TRANSMISSION LIGHT PROFILER,PERCENT,45.51639,-83.41722
200302003,2003-06-10 00:00:00,CCGS LIMNOS,LAKE HURON,9,453059,-832502,54,120.4,2003-05-24 00:23:00,127,94.50,.00,0.00000000,,0,84.000000,TRANS P,TRANSMISSION LIGHT PROFILER,PERCENT,45.51639,-83.41722
200302003,2003-06-10 00:00:00,CCGS LIMNOS,LAKE HURON,9,453059,-832502,54,120.4,2003-05-24 00:23:00,127,95.00,.00,0.00000000,,0,84.000000,TRANS P,TRANSMISSION LIGHT PROFILER,PERCENT,45.51639,-83.41722
200302003,2003-06-10 00:00:00,CCGS LIMNOS,LAKE HURON,9,453059,-832502,54,120.4,2003-05-24 00:23:00,127,95.50,.00,0.00000000,,0,84.000000,TRANS P,TRANSMISSION LIGHT PROFILER,PERCENT,45.51639,-83.41722
200302003,2003-06-10 00:00:00,CCGS LIMNOS,LAKE HURON,9,453059,-832502,54,120.4,2003-05-24 00:23:00,127,96.00,.00,0.00000000,,0,84.000000,TRANS P,TRANSMISSION LIGHT PROFILER,PERCENT,45.51639,-83.41722
200302003,2003-06-10 00:00:00,CCGS LIMNOS,LAKE HURON,9,453059,-832502,54,120.4,2003-05-24 00:23:00,127,96.50,.00,0.00000000,,0,84.000000,TRANS P,TRANSMISSION LIGHT PROFILER,PERCENT,45.51639,-83.41722
200302003,2003-06-10 00:00:00,CCGS LIMNOS,LAKE HURON,9,453059,-832502,54,120.4,2003-05-24 00:23:00,127,97.00,.00,0.00000000,,0,84.000000,TRANS P,TRANSMISSION LIGHT PROFILER,PERCENT,45.51639,-83.41722
200302003,2003-06-10 00:00:00,CCGS LIMNOS,LAKE HURON,9,453059,-832502,54,120.4,2003-05-24 00:23:00,127,97.50,.00,0.00000000,,0,84.000000,TRANS P,TRANSMISSION LIGHT PROFILER,PERCENT,45.51639,-83.41722
200302003,2003-06-10 00:00:00,CCGS LIMNOS,LAKE HURON,9,453059,-832502,54,120.4,2003-05-24 00:23:00,127,98.00,.00,0.00000000,,0,84.000000,TRANS P,TRANSMISSION LIGHT PROFILER,PERCENT,45.51639,-83.41722
200302003,2003-06-10 00:00:00,CCGS LIMNOS,LAKE HURON,9,453059,-832502,54,120.4,2003-05-24 00:23:00,127,98.50,.00,0.00000000,,0,84.000000,TRANS P,TRANSMISSION LIGHT PROFILER,PERCENT,45.51639,-83.41722
200302003,2003-06-10 00:00:00,CCGS LIMNOS,LAKE HURON,9,453059,-832502,54,120.4,2003-05-24 00:23:00,127,99.00,.00,0.00000000,,0,84.000000,TRANS P,TRANSMISSION LIGHT PROFILER,PERCENT,45.51639,-83.41722
200302003,2003-06-10 00:00:00,CCGS LIMNOS,LAKE HURON,9,453059,-832502,54,120.4,2003-05-24 00:23:00,127,99.50,.00,0.00000000,,0,84.000000,TRANS P,TRANSMISSION LIGHT PROFILER,PERCENT,45.51639,-83.41722
200302003,2003-06-10 00:00:00,CCGS LIMNOS,LAKE HURON,9,453059,-832502,54,120.4,2003-05-24 00:23:00,127,100.00,.00,0.00000000,,0,84.000000,TRANS P,TRANSMISSION LIGHT PROFILER,PERCENT,45.51639,-83.41722
200302003,2003-06-10 00:00:00,CCGS LIMNOS,LAKE HURON,9,453059,-832502,54,120.4,2003-05-24 00:23:00,127,100.50,.00,0.00000000,,0,84.000000,TRANS P,TRANSMISSION LIGHT PROFILER,PERCENT,45.51639,-83.41722
200302003,2003-06-10 00:00:00,CCGS LIMNOS,LAKE HURON,9,453059,-832502,54,120.4,2003-05-24 00:23:00,127,101.00,.00,0.00000000,,0,84.000000,TRANS P,TRANSMISSION LIGHT PROFILER,PERCENT,45.51639,-83.41722
200302003,2003-06-10 00:00:00,CCGS LIMNOS,LAKE HURON,9,453059,-832502,54,120.4,2003-05-24 00:23:00,127,101.50,.00,0.00000000,,0,84.000000,TRANS P,TRANSMISSION LIGHT PROFILER,PERCENT,45.51639,-83.41722
200302003,2003-06-10 00:00:00,CCGS LIMNOS,LAKE HURON,9,453059,-832502,54,120.4,2003-05-24 00:23:00,127,102.00,.00,0.00000000,,0,84.000000,TRANS P,TRANSMISSION LIGHT PROFILER,PERCENT,45.51639,-83.41722
200302003,2003-06-10 00:00:00,CCGS LIMNOS,LAKE HURON,9,453059,-832502,54,120.4,2003-05-24 00:23:00,127,102.50,.00,0.00000000,,0,84.000000,TRANS P,TRANSMISSION LIGHT PROFILER,PERCENT,45.51639,-83.41722
200302003,2003-06-10 00:00:00,CCGS LIMNOS,LAKE HURON,9,453059,-832502,54,120.4,2003-05-24 00:23:00,127,103.00,.00,0.00000000,,0,84.000000,TRANS P,TRANSMISSION LIGHT PROFILER,PERCENT,45.51639,-83.41722
200302003,2003-06-10 00:00:00,CCGS LIMNOS,LAKE HURON,9,453059,-832502,54,120.4,2003-05-24 00:23:00,127,103.50,.00,0.00000000,,0,84.000000,TRANS P,TRANSMISSION LIGHT PROFILER,PERCENT,45.51639,-83.41722
200302003,2003-06-10 00:00:00,CCGS LIMNOS,LAKE HURON,9,453059,-832502,54,120.4,2003-05-24 00:23:00,127,104.00,.00,0.00000000,,0,84.000000,TRANS P,TRANSMISSION LIGHT PROFILER,PERCENT,45.51639,-83.41722
200302003,2003-06-10 00:00:00,CCGS LIMNOS,LAKE HURON,9,453059,-832502,54,120.4,2003-05-24 00:23:00,127,104.50,.00,0.00000000,,0,84.000000,TRANS P,TRANSMISSION LIGHT PROFILER,PERCENT,45.51639,-83.41722
200302003,2003-06-10 00:00:00,CCGS LIMNOS,LAKE HURON,9,453059,-832502,54,120.4,2003-05-24 00:23:00,127,105.00,.00,0.00000000,,0,84.000000,TRANS P,TRANSMISSION LIGHT PROFILER,PERCENT,45.51639,-83.41722
200302003,2003-06-10 00:00:00,CCGS LIMNOS,LAKE HURON,9,453059,-832502,54,120.4,2003-05-24 00:23:00,127,105.50,.00,0.00000000,,0,84.000000,TRANS P,TRANSMISSION LIGHT PROFILER,PERCENT,45.51639,-83.41722
200302003,2003-06-10 00:00:00,CCGS LIMNOS,LAKE HURON,9,453059,-832502,54,120.4,2003-05-24 00:23:00,127,106.00,.00,0.00000000,,0,84.000000,TRANS P,TRANSMISSION LIGHT PROFILER,PERCENT,45.51639,-83.41722
200302003,2003-06-10 00:00:00,CCGS LIMNOS,LAKE HURON,9,453059,-832502,54,120.4,2003-05-24 00:23:00,127,106.50,.00,0.00000000,,0,84.000000,TRANS P,TRANSMISSION LIGHT PROFILER,PERCENT,45.51639,-83.41722
200302003,2003-06-10 00:00:00,CCGS LIMNOS,LAKE HURON,9,453059,-832502,54,120.4,2003-05-24 00:23:00,127,107.00,.00,0.00000000,,0,84.000000,TRANS P,TRANSMISSION LIGHT PROFILER,PERCENT,45.51639,-83.41722
200302003,2003-06-10 00:00:00,CCGS LIMNOS,LAKE HURON,9,453059,-832502,54,120.4,2003-05-24 00:23:00,127,107.50,.00,0.00000000,,0,84.000000,TRANS P,TRANSMISSION LIGHT PROFILER,PERCENT,45.51639,-83.41722
200302003,2003-06-10 00:00:00,CCGS LIMNOS,LAKE HURON,9,453059,-832502,54,120.4,2003-05-24 00:23:00,127,108.00,.00,0.00000000,,0,84.000000,TRANS P,TRANSMISSION LIGHT PROFILER,PERCENT,45.51639,-83.41722
200302003,2003-06-10 00:00:00,CCGS LIMNOS,LAKE HURON,9,453059,-832502,54,120.4,2003-05-24 00:23:00,127,108.50,.00,0.00000000,,0,84.000000,TRANS P,TRANSMISSION LIGHT PROFILER,PERCENT,45.51639,-83.41722
200302003,2003-06-10 00:00:00,CCGS LIMNOS,LAKE HURON,9,453059,-832502,54,120.4,2003-05-24 00:23:00,127,109.00,.00,0.00000000,,0,84.000000,TRANS P,TRANSMISSION LIGHT PROFILER,PERCENT,45.51639,-83.41722
200302003,2003-06-10 00:00:00,CCGS LIMNOS,LAKE HURON,9,453059,-832502,54,120.4,2003-05-24 00:23:00,127,109.50,.00,0.00000000,,0,84.000000,TRANS P,TRANSMISSION LIGHT PROFILER,PERCENT,45.51639,-83.41722
200302003,2003-06-10 00:00:00,CCGS LIMNOS,LAKE HURON,9,453059,-832502,54,120.4,2003-05-24 00:23:00,127,110.00,.00,0.00000000,,0,84.000000,TRANS P,TRANSMISSION LIGHT PROFILER,PERCENT,45.51639,-83.41722
200302003,2003-06-10 00:00:00,CCGS LIMNOS,LAKE HURON,9,453059,-832502,54,120.4,2003-05-24 00:23:00,127,110.50,.00,0.00000000,,0,84.000000,TRANS P,TRANSMISSION LIGHT PROFILER,PERCENT,45.51639,-83.41722
200302003,2003-06-10 00:00:00,CCGS LIMNOS,LAKE HURON,9,453059,-832502,54,120.4,2003-05-24 00:23:00,127,111.00,.00,0.00000000,,0,84.000000,TRANS P,TRANSMISSION LIGHT PROFILER,PERCENT,45.51639,-83.41722
200302003,2003-06-10 00:00:00,CCGS LIMNOS,LAKE HURON,9,453059,-832502,54,120.4,2003-05-24 00:23:00,127,111.50,.00,0.00000000,,0,84.000000,TRANS P,TRANSMISSION LIGHT PROFILER,PERCENT,45.51639,-83.41722
200302003,2003-06-10 00:00:00,CCGS LIMNOS,LAKE HURON,9,453059,-832502,54,120.4,2003-05-24 00:23:00,127,112.00,.00,0.00000000,,0,84.000000,TRANS P,TRANSMISSION LIGHT PROFILER,PERCENT,45.51639,-83.41722
200302003,2003-06-10 00:00:00,CCGS LIMNOS,LAKE HURON,9,453059,-832502,54,120.4,2003-05-24 00:23:00,127,112.50,.00,0.00000000,,0,84.000000,TRANS P,TRANSMISSION LIGHT PROFILER,PERCENT,45.51639,-83.41722
200302003,2003-06-10 00:00:00,CCGS LIMNOS,LAKE HURON,9,453059,-832502,54,120.4,2003-05-24 00:23:00,127,113.00,.00,0.00000000,,0,84.000000,TRANS P,TRANSMISSION LIGHT PROFILER,PERCENT,45.51639,-83.41722
200302003,2003-06-10 00:00:00,CCGS LIMNOS,LAKE HURON,9,453059,-832502,54,120.4,2003-05-24 00:23:00,127,113.50,.00,0.00000000,,0,84.000000,TRANS P,TRANSMISSION LIGHT PROFILER,PERCENT,45.51639,-83.41722
200302003,2003-06-10 00:00:00,CCGS LIMNOS,LAKE HURON,9,453059,-832502,54,120.4,2003-05-24 00:23:00,127,114.00,.00,0.00000000,,0,84.000000,TRANS P,TRANSMISSION LIGHT PROFILER,PERCENT,45.51639,-83.41722
200302003,2003-06-10 00:00:00,CCGS LIMNOS,LAKE HURON,9,453059,-832502,54,120.4,2003-05-24 00:23:00,127,114.50,.00,0.00000000,,0,84.000000,TRANS P,TRANSMISSION LIGHT PROFILER,PERCENT,45.51639,-83.41722
200302003,2003-06-10 00:00:00,CCGS LIMNOS,LAKE HURON,9,453059,-832502,54,120.4,2003-05-24 00:23:00,127,115.00,.00,0.00000000,,0,84.000000,TRANS P,TRANSMISSION LIGHT PROFILER,PERCENT,45.51639,-83.41722
200302003,2003-06-10 00:00:00,CCGS LIMNOS,LAKE HURON,9,453059,-832502,54,120.4,2003-05-24 00:23:00,127,115.50,.00,0.00000000,,0,83.000000,TRANS P,TRANSMISSION LIGHT PROFILER,PERCENT,45.51639,-83.41722
200302003,2003-06-10 00:00:00,CCGS LIMNOS,LAKE HURON,9,453059,-832502,54,120.4,2003-05-24 00:23:00,127,116.00,.00,0.00000000,,0,83.000000,TRANS P,TRANSMISSION LIGHT PROFILER,PERCENT,45.51639,-83.41722
200302003,2003-06-10 00:00:00,CCGS LIMNOS,LAKE HURON,9,453059,-832502,54,120.4,2003-05-24 00:23:00,127,116.50,.00,0.00000000,,0,83.000000,TRANS P,TRANSMISSION LIGHT PROFILER,PERCENT,45.51639,-83.41722
200302003,2003-06-10 00:00:00,CCGS LIMNOS,LAKE HURON,9,453059,-832502,54,120.4,2003-05-24 00:23:00,127,117.00,.00,0.00000000,,0,83.000000,TRANS P,TRANSMISSION LIGHT PROFILER,PERCENT,45.51639,-83.41722
200302003,2003-06-10 00:00:00,CCGS LIMNOS,LAKE HURON,9,453059,-832502,54,120.4,2003-05-24 00:23:00,127,117.50,.00,0.00000000,,0,82.000000,TRANS P,TRANSMISSION LIGHT PROFILER,PERCENT,45.51639,-83.41722
200302003,2003-06-10 00:00:00,CCGS LIMNOS,LAKE HURON,9,453059,-832502,54,120.4,2003-05-24 00:23:00,127,118.00,.00,0.00000000,,0,82.000000,TRANS P,TRANSMISSION LIGHT PROFILER,PERCENT,45.51639,-83.41722
200302003,2003-06-10 00:00:00,CCGS LIMNOS,LAKE HURON,9,453059,-832502,54,120.4,2003-05-24 00:23:00,127,118.50,.00,0.00000000,,0,82.000000,TRANS P,TRANSMISSION LIGHT PROFILER,PERCENT,45.51639,-83.41722
200302003,2003-06-10 00:00:00,CCGS LIMNOS,LAKE HURON,9,453059,-832502,54,120.4,2003-05-24 00:23:00,127,119.00,.00,0.00000000,,0,82.000000,TRANS P,TRANSMISSION LIGHT PROFILER,PERCENT,45.51639,-83.41722
200302003,2003-06-10 00:00:00,CCGS LIMNOS,LAKE HURON,9,453059,-832502,54,120.4,2003-05-24 00:23:00,127,119.50,.00,0.00000000,,0,82.000000,TRANS P,TRANSMISSION LIGHT PROFILER,PERCENT,45.51639,-83.41722
200302003,2003-06-10 00:00:00,CCGS LIMNOS,LAKE HURON,9,453059,-832502,54,120.4,2003-05-24 00:23:00,127,120.00,.00,0.00000000,,0,41.000000,TRANS P,TRANSMISSION LIGHT PROFILER,PERCENT,45.51639,-83.41722
200302003,2003-06-10 00:00:00,CCGS LIMNOS,LAKE HURON,10,441439,-821458,146,92.4,2003-05-24 10:09:00,127,.00,.00,0.00000000,,0,33.000000,TRANS P,TRANSMISSION LIGHT PROFILER,PERCENT,44.24417,-82.24944
200302003,2003-06-10 00:00:00,CCGS LIMNOS,LAKE HURON,10,441439,-821458,146,92.4,2003-05-24 10:09:00,127,.50,.00,0.00000000,,0,83.000000,TRANS P,TRANSMISSION LIGHT PROFILER,PERCENT,44.24417,-82.24944
200302003,2003-06-10 00:00:00,CCGS LIMNOS,LAKE HURON,10,441439,-821458,146,92.4,2003-05-24 10:09:00,127,1.00,.00,0.00000000,,0,84.000000,TRANS P,TRANSMISSION LIGHT PROFILER,PERCENT,44.24417,-82.24944
200302003,2003-06-10 00:00:00,CCGS LIMNOS,LAKE HURON,10,441439,-821458,146,92.4,2003-05-24 10:09:00,127,1.50,.00,0.00000000,,0,84.000000,TRANS P,TRANSMISSION LIGHT PROFILER,PERCENT,44.24417,-82.24944
200302003,2003-06-10 00:00:00,CCGS LIMNOS,LAKE HURON,10,441439,-821458,146,92.4,2003-05-24 10:09:00,127,2.00,.00,0.00000000,,0,84.000000,TRANS P,TRANSMISSION LIGHT PROFILER,PERCENT,44.24417,-82.24944
200302003,2003-06-10 00:00:00,CCGS LIMNOS,LAKE HURON,10,441439,-821458,146,92.4,2003-05-24 10:09:00,127,2.50,.00,0.00000000,,0,84.000000,TRANS P,TRANSMISSION LIGHT PROFILER,PERCENT,44.24417,-82.24944
200302003,2003-06-10 00:00:00,CCGS LIMNOS,LAKE HURON,10,441439,-821458,146,92.4,2003-05-24 10:09:00,127,3.00,.00,0.00000000,,0,84.000000,TRANS P,TRANSMISSION LIGHT PROFILER,PERCENT,44.24417,-82.24944
200302003,2003-06-10 00:00:00,CCGS LIMNOS,LAKE HURON,10,441439,-821458,146,92.4,2003-05-24 10:09:00,127,3.50,.00,0.00000000,,0,84.000000,TRANS P,TRANSMISSION LIGHT PROFILER,PERCENT,44.24417,-82.24944
200302003,2003-06-10 00:00:00,CCGS LIMNOS,LAKE HURON,10,441439,-821458,146,92.4,2003-05-24 10:09:00,127,4.00,.00,0.00000000,,0,84.000000,TRANS P,TRANSMISSION LIGHT PROFILER,PERCENT,44.24417,-82.24944
200302003,2003-06-10 00:00:00,CCGS LIMNOS,LAKE HURON,10,441439,-821458,146,92.4,2003-05-24 10:09:00,127,4.50,.00,0.00000000,,0,84.000000,TRANS P,TRANSMISSION LIGHT PROFILER,PERCENT,44.24417,-82.24944
200302003,2003-06-10 00:00:00,CCGS LIMNOS,LAKE HURON,10,441439,-821458,146,92.4,2003-05-24 10:09:00,127,5.00,.00,0.00000000,,0,84.000000,TRANS P,TRANSMISSION LIGHT PROFILER,PERCENT,44.24417,-82.24944
200302003,2003-06-10 00:00:00,CCGS LIMNOS,LAKE HURON,10,441439,-821458,146,92.4,2003-05-24 10:09:00,127,5.50,.00,0.00000000,,0,84.000000,TRANS P,TRANSMISSION LIGHT PROFILER,PERCENT,44.24417,-82.24944
200302003,2003-06-10 00:00:00,CCGS LIMNOS,LAKE HURON,10,441439,-821458,146,92.4,2003-05-24 10:09:00,127,6.00,.00,0.00000000,,0,84.000000,TRANS P,TRANSMISSION LIGHT PROFILER,PERCENT,44.24417,-82.24944
200302003,2003-06-10 00:00:00,CCGS LIMNOS,LAKE HURON,10,441439,-821458,146,92.4,2003-05-24 10:09:00,127,6.50,.00,0.00000000,,0,84.000000,TRANS P,TRANSMISSION LIGHT PROFILER,PERCENT,44.24417,-82.24944
200302003,2003-06-10 00:00:00,CCGS LIMNOS,LAKE HURON,10,441439,-821458,146,92.4,2003-05-24 10:09:00,127,7.00,.00,0.00000000,,0,84.000000,TRANS P,TRANSMISSION LIGHT PROFILER,PERCENT,44.24417,-82.24944
200302003,2003-06-10 00:00:00,CCGS LIMNOS,LAKE HURON,10,441439,-821458,146,92.4,2003-05-24 10:09:00,127,7.50,.00,0.00000000,,0,84.000000,TRANS P,TRANSMISSION LIGHT PROFILER,PERCENT,44.24417,-82.24944
200302003,2003-06-10 00:00:00,CCGS LIMNOS,LAKE HURON,10,441439,-821458,146,92.4,2003-05-24 10:09:00,127,8.00,.00,0.00000000,,0,84.000000,TRANS P,TRANSMISSION LIGHT PROFILER,PERCENT,44.24417,-82.24944
200302003,2003-06-10 00:00:00,CCGS LIMNOS,LAKE HURON,10,441439,-821458,146,92.4,2003-05-24 10:09:00,127,8.50,.00,0.00000000,,0,84.000000,TRANS P,TRANSMISSION LIGHT PROFILER,PERCENT,44.24417,-82.24944
200302003,2003-06-10 00:00:00,CCGS LIMNOS,LAKE HURON,10,441439,-821458,146,92.4,2003-05-24 10:09:00,127,9.00,.00,0.00000000,,0,84.000000,TRANS P,TRANSMISSION LIGHT PROFILER,PERCENT,44.24417,-82.24944
200302003,2003-06-10 00:00:00,CCGS LIMNOS,LAKE HURON,10,441439,-821458,146,92.4,2003-05-24 10:09:00,127,9.50,.00,0.00000000,,0,84.000000,TRANS P,TRANSMISSION LIGHT PROFILER,PERCENT,44.24417,-82.24944
200302003,2003-06-10 00:00:00,CCGS LIMNOS,LAKE HURON,10,441439,-821458,146,92.4,2003-05-24 10:09:00,127,10.00,.00,0.00000000,,0,84.000000,TRANS P,TRANSMISSION LIGHT PROFILER,PERCENT,44.24417,-82.24944
200302003,2003-06-10 00:00:00,CCGS LIMNOS,LAKE HURON,10,441439,-821458,146,92.4,2003-05-24 10:09:00,127,10.50,.00,0.00000000,,0,84.000000,TRANS P,TRANSMISSION LIGHT PROFILER,PERCENT,44.24417,-82.24944
200302003,2003-06-10 00:00:00,CCGS LIMNOS,LAKE HURON,10,441439,-821458,146,92.4,2003-05-24 10:09:00,127,11.00,.00,0.00000000,,0,84.000000,TRANS P,TRANSMISSION LIGHT PROFILER,PERCENT,44.24417,-82.24944
200302003,2003-06-10 00:00:00,CCGS LIMNOS,LAKE HURON,10,441439,-821458,146,92.4,2003-05-24 10:09:00,127,11.50,.00,0.00000000,,0,84.000000,TRANS P,TRANSMISSION LIGHT PROFILER,PERCENT,44.24417,-82.24944
200302003,2003-06-10 00:00:00,CCGS LIMNOS,LAKE HURON,10,441439,-821458,146,92.4,2003-05-24 10:09:00,127,12.00,.00,0.00000000,,0,84.000000,TRANS P,TRANSMISSION LIGHT PROFILER,PERCENT,44.24417,-82.24944
200302003,2003-06-10 00:00:00,CCGS LIMNOS,LAKE HURON,10,441439,-821458,146,92.4,2003-05-24 10:09:00,127,12.50,.00,0.00000000,,0,84.000000,TRANS P,TRANSMISSION LIGHT PROFILER,PERCENT,44.24417,-82.24944
200302003,2003-06-10 00:00:00,CCGS LIMNOS,LAKE HURON,10,441439,-821458,146,92.4,2003-05-24 10:09:00,127,13.00,.00,0.00000000,,0,84.000000,TRANS P,TRANSMISSION LIGHT PROFILER,PERCENT,44.24417,-82.24944
200302003,2003-06-10 00:00:00,CCGS LIMNOS,LAKE HURON,10,441439,-821458,146,92.4,2003-05-24 10:09:00,127,13.50,.00,0.00000000,,0,84.000000,TRANS P,TRANSMISSION LIGHT PROFILER,PERCENT,44.24417,-82.24944
200302003,2003-06-10 00:00:00,CCGS LIMNOS,LAKE HURON,10,441439,-821458,146,92.4,2003-05-24 10:09:00,127,14.00,.00,0.00000000,,0,84.000000,TRANS P,TRANSMISSION LIGHT PROFILER,PERCENT,44.24417,-82.24944
200302003,2003-06-10 00:00:00,CCGS LIMNOS,LAKE HURON,10,441439,-821458,146,92.4,2003-05-24 10:09:00,127,14.50,.00,0.00000000,,0,84.000000,TRANS P,TRANSMISSION LIGHT PROFILER,PERCENT,44.24417,-82.24944
200302003,2003-06-10 00:00:00,CCGS LIMNOS,LAKE HURON,10,441439,-821458,146,92.4,2003-05-24 10:09:00,127,15.00,.00,0.00000000,,0,84.000000,TRANS P,TRANSMISSION LIGHT PROFILER,PERCENT,44.24417,-82.24944
200302003,2003-06-10 00:00:00,CCGS LIMNOS,LAKE HURON,10,441439,-821458,146,92.4,2003-05-24 10:09:00,127,15.50,.00,0.00000000,,0,84.000000,TRANS P,TRANSMISSION LIGHT PROFILER,PERCENT,44.24417,-82.24944
200302003,2003-06-10 00:00:00,CCGS LIMNOS,LAKE HURON,10,441439,-821458,146,92.4,2003-05-24 10:09:00,127,16.00,.00,0.00000000,,0,84.000000,TRANS P,TRANSMISSION LIGHT PROFILER,PERCENT,44.24417,-82.24944
200302003,2003-06-10 00:00:00,CCGS LIMNOS,LAKE HURON,10,441439,-821458,146,92.4,2003-05-24 10:09:00,127,16.50,.00,0.00000000,,0,84.000000,TRANS P,TRANSMISSION LIGHT PROFILER,PERCENT,44.24417,-82.24944
200302003,2003-06-10 00:00:00,CCGS LIMNOS,LAKE HURON,10,441439,-821458,146,92.4,2003-05-24 10:09:00,127,17.00,.00,0.00000000,,0,84.000000,TRANS P,TRANSMISSION LIGHT PROFILER,PERCENT,44.24417,-82.24944
200302003,2003-06-10 00:00:00,CCGS LIMNOS,LAKE HURON,10,441439,-821458,146,92.4,2003-05-24 10:09:00,127,17.50,.00,0.00000000,,0,84.000000,TRANS P,TRANSMISSION LIGHT PROFILER,PERCENT,44.24417,-82.24944
200302003,2003-06-10 00:00:00,CCGS LIMNOS,LAKE HURON,10,441439,-821458,146,92.4,2003-05-24 10:09:00,127,18.00,.00,0.00000000,,0,84.000000,TRANS P,TRANSMISSION LIGHT PROFILER,PERCENT,44.24417,-82.24944
200302003,2003-06-10 00:00:00,CCGS LIMNOS,LAKE HURON,10,441439,-821458,146,92.4,2003-05-24 10:09:00,127,18.50,.00,0.00000000,,0,84.000000,TRANS P,TRANSMISSION LIGHT PROFILER,PERCENT,44.24417,-82.24944
200302003,2003-06-10 00:00:00,CCGS LIMNOS,LAKE HURON,10,441439,-821458,146,92.4,2003-05-24 10:09:00,127,19.00,.00,0.00000000,,0,84.000000,TRANS P,TRANSMISSION LIGHT PROFILER,PERCENT,44.24417,-82.24944
200302003,2003-06-10 00:00:00,CCGS LIMNOS,LAKE HURON,10,441439,-821458,146,92.4,2003-05-24 10:09:00,127,19.50,.00,0.00000000,,0,84.000000,TRANS P,TRANSMISSION LIGHT PROFILER,PERCENT,44.24417,-82.24944
200302003,2003-06-10 00:00:00,CCGS LIMNOS,LAKE HURON,10,441439,-821458,146,92.4,2003-05-24 10:09:00,127,20.00,.00,0.00000000,,0,84.000000,TRANS P,TRANSMISSION LIGHT PROFILER,PERCENT,44.24417,-82.24944
200302003,2003-06-10 00:00:00,CCGS LIMNOS,LAKE HURON,10,441439,-821458,146,92.4,2003-05-24 10:09:00,127,20.50,.00,0.00000000,,0,84.000000,TRANS P,TRANSMISSION LIGHT PROFILER,PERCENT,44.24417,-82.24944
200302003,2003-06-10 00:00:00,CCGS LIMNOS,LAKE HURON,10,441439,-821458,146,92.4,2003-05-24 10:09:00,127,21.00,.00,0.00000000,,0,83.000000,TRANS P,TRANSMISSION LIGHT PROFILER,PERCENT,44.24417,-82.24944
200302003,2003-06-10 00:00:00,CCGS LIMNOS,LAKE HURON,10,441439,-821458,146,92.4,2003-05-24 10:09:00,127,21.50,.00,0.00000000,,0,84.000000,TRANS P,TRANSMISSION LIGHT PROFILER,PERCENT,44.24417,-82.24944
200302003,2003-06-10 00:00:00,CCGS LIMNOS,LAKE HURON,10,441439,-821458,146,92.4,2003-05-24 10:09:00,127,22.00,.00,0.00000000,,0,84.000000,TRANS P,TRANSMISSION LIGHT PROFILER,PERCENT,44.24417,-82.24944
200302003,2003-06-10 00:00:00,CCGS LIMNOS,LAKE HURON,10,441439,-821458,146,92.4,2003-05-24 10:09:00,127,22.50,.00,0.00000000,,0,84.000000,TRANS P,TRANSMISSION LIGHT PROFILER,PERCENT,44.24417,-82.24944
200302003,2003-06-10 00:00:00,CCGS LIMNOS,LAKE HURON,10,441439,-821458,146,92.4,2003-05-24 10:09:00,127,23.00,.00,0.00000000,,0,84.000000,TRANS P,TRANSMISSION LIGHT PROFILER,PERCENT,44.24417,-82.24944
200302003,2003-06-10 00:00:00,CCGS LIMNOS,LAKE HURON,10,441439,-821458,146,92.4,2003-05-24 10:09:00,127,23.50,.00,0.00000000,,0,84.000000,TRANS P,TRANSMISSION LIGHT PROFILER,PERCENT,44.24417,-82.24944
200302003,2003-06-10 00:00:00,CCGS LIMNOS,LAKE HURON,10,441439,-821458,146,92.4,2003-05-24 10:09:00,127,24.00,.00,0.00000000,,0,84.000000,TRANS P,TRANSMISSION LIGHT PROFILER,PERCENT,44.24417,-82.24944
200302003,2003-06-10 00:00:00,CCGS LIMNOS,LAKE HURON,10,441439,-821458,146,92.4,2003-05-24 10:09:00,127,24.50,.00,0.00000000,,0,84.000000,TRANS P,TRANSMISSION LIGHT PROFILER,PERCENT,44.24417,-82.24944
200302003,2003-06-10 00:00:00,CCGS LIMNOS,LAKE HURON,10,441439,-821458,146,92.4,2003-05-24 10:09:00,127,25.00,.00,0.00000000,,0,84.000000,TRANS P,TRANSMISSION LIGHT PROFILER,PERCENT,44.24417,-82.24944
200302003,2003-06-10 00:00:00,CCGS LIMNOS,LAKE HURON,10,441439,-821458,146,92.4,2003-05-24 10:09:00,127,25.50,.00,0.00000000,,0,84.000000,TRANS P,TRANSMISSION LIGHT PROFILER,PERCENT,44.24417,-82.24944
200302003,2003-06-10 00:00:00,CCGS LIMNOS,LAKE HURON,10,441439,-821458,146,92.4,2003-05-24 10:09:00,127,26.00,.00,0.00000000,,0,84.000000,TRANS P,TRANSMISSION LIGHT PROFILER,PERCENT,44.24417,-82.24944
200302003,2003-06-10 00:00:00,CCGS LIMNOS,LAKE HURON,10,441439,-821458,146,92.4,2003-05-24 10:09:00,127,26.50,.00,0.00000000,,0,84.000000,TRANS P,TRANSMISSION LIGHT PROFILER,PERCENT,44.24417,-82.24944
200302003,2003-06-10 00:00:00,CCGS LIMNOS,LAKE HURON,10,441439,-821458,146,92.4,2003-05-24 10:09:00,127,27.00,.00,0.00000000,,0,84.000000,TRANS P,TRANSMISSION LIGHT PROFILER,PERCENT,44.24417,-82.24944
200302003,2003-06-10 00:00:00,CCGS LIMNOS,LAKE HURON,10,441439,-821458,146,92.4,2003-05-24 10:09:00,127,27.50,.00,0.00000000,,0,84.000000,TRANS P,TRANSMISSION LIGHT PROFILER,PERCENT,44.24417,-82.24944
200302003,2003-06-10 00:00:00,CCGS LIMNOS,LAKE HURON,10,441439,-821458,146,92.4,2003-05-24 10:09:00,127,28.00,.00,0.00000000,,0,84.000000,TRANS P,TRANSMISSION LIGHT PROFILER,PERCENT,44.24417,-82.24944
200302003,2003-06-10 00:00:00,CCGS LIMNOS,LAKE HURON,10,441439,-821458,146,92.4,2003-05-24 10:09:00,127,28.50,.00,0.00000000,,0,84.000000,TRANS P,TRANSMISSION LIGHT PROFILER,PERCENT,44.24417,-82.24944
200302003,2003-06-10 00:00:00,CCGS LIMNOS,LAKE HURON,10,441439,-821458,146,92.4,2003-05-24 10:09:00,127,29.00,.00,0.00000000,,0,84.000000,TRANS P,TRANSMISSION LIGHT PROFILER,PERCENT,44.24417,-82.24944
200302003,2003-06-10 00:00:00,CCGS LIMNOS,LAKE HURON,10,441439,-821458,146,92.4,2003-05-24 10:09:00,127,29.50,.00,0.00000000,,0,84.000000,TRANS P,TRANSMISSION LIGHT PROFILER,PERCENT,44.24417,-82.24944
200302003,2003-06-10 00:00:00,CCGS LIMNOS,LAKE HURON,10,441439,-821458,146,92.4,2003-05-24 10:09:00,127,30.00,.00,0.00000000,,0,84.000000,TRANS P,TRANSMISSION LIGHT PROFILER,PERCENT,44.24417,-82.24944
200302003,2003-06-10 00:00:00,CCGS LIMNOS,LAKE HURON,10,441439,-821458,146,92.4,2003-05-24 10:09:00,127,30.50,.00,0.00000000,,0,84.000000,TRANS P,TRANSMISSION LIGHT PROFILER,PERCENT,44.24417,-82.24944
200302003,2003-06-10 00:00:00,CCGS LIMNOS,LAKE HURON,10,441439,-821458,146,92.4,2003-05-24 10:09:00,127,31.00,.00,0.00000000,,0,84.000000,TRANS P,TRANSMISSION LIGHT PROFILER,PERCENT,44.24417,-82.24944
200302003,2003-06-10 00:00:00,CCGS LIMNOS,LAKE HURON,10,441439,-821458,146,92.4,2003-05-24 10:09:00,127,31.50,.00,0.00000000,,0,84.000000,TRANS P,TRANSMISSION LIGHT PROFILER,PERCENT,44.24417,-82.24944
200302003,2003-06-10 00:00:00,CCGS LIMNOS,LAKE HURON,10,441439,-821458,146,92.4,2003-05-24 10:09:00,127,32.00,.00,0.00000000,,0,84.000000,TRANS P,TRANSMISSION LIGHT PROFILER,PERCENT,44.24417,-82.24944
200302003,2003-06-10 00:00:00,CCGS LIMNOS,LAKE HURON,10,441439,-821458,146,92.4,2003-05-24 10:09:00,127,32.50,.00,0.00000000,,0,84.000000,TRANS P,TRANSMISSION LIGHT PROFILER,PERCENT,44.24417,-82.24944
200302003,2003-06-10 00:00:00,CCGS LIMNOS,LAKE HURON,10,441439,-821458,146,92.4,2003-05-24 10:09:00,127,33.00,.00,0.00000000,,0,84.000000,TRANS P,TRANSMISSION LIGHT PROFILER,PERCENT,44.24417,-82.24944
200302003,2003-06-10 00:00:00,CCGS LIMNOS,LAKE HURON,10,441439,-821458,146,92.4,2003-05-24 10:09:00,127,33.50,.00,0.00000000,,0,84.000000,TRANS P,TRANSMISSION LIGHT PROFILER,PERCENT,44.24417,-82.24944
200302003,2003-06-10 00:00:00,CCGS LIMNOS,LAKE HURON,10,441439,-821458,146,92.4,2003-05-24 10:09:00,127,34.00,.00,0.00000000,,0,84.000000,TRANS P,TRANSMISSION LIGHT PROFILER,PERCENT,44.24417,-82.24944
200302003,2003-06-10 00:00:00,CCGS LIMNOS,LAKE HURON,10,441439,-821458,146,92.4,2003-05-24 10:09:00,127,34.50,.00,0.00000000,,0,84.000000,TRANS P,TRANSMISSION LIGHT PROFILER,PERCENT,44.24417,-82.24944
200302003,2003-06-10 00:00:00,CCGS LIMNOS,LAKE HURON,10,441439,-821458,146,92.4,2003-05-24 10:09:00,127,35.00,.00,0.00000000,,0,84.000000,TRANS P,TRANSMISSION LIGHT PROFILER,PERCENT,44.24417,-82.24944
200302003,2003-06-10 00:00:00,CCGS LIMNOS,LAKE HURON,10,441439,-821458,146,92.4,2003-05-24 10:09:00,127,35.50,.00,0.00000000,,0,84.000000,TRANS P,TRANSMISSION LIGHT PROFILER,PERCENT,44.24417,-82.24944
200302003,2003-06-10 00:00:00,CCGS LIMNOS,LAKE HURON,10,441439,-821458,146,92.4,2003-05-24 10:09:00,127,36.00,.00,0.00000000,,0,84.000000,TRANS P,TRANSMISSION LIGHT PROFILER,PERCENT,44.24417,-82.24944
200302003,2003-06-10 00:00:00,CCGS LIMNOS,LAKE HURON,10,441439,-821458,146,92.4,2003-05-24 10:09:00,127,36.50,.00,0.00000000,,0,84.000000,TRANS P,TRANSMISSION LIGHT PROFILER,PERCENT,44.24417,-82.24944
200302003,2003-06-10 00:00:00,CCGS LIMNOS,LAKE HURON,10,441439,-821458,146,92.4,2003-05-24 10:09:00,127,37.00,.00,0.00000000,,0,84.000000,TRANS P,TRANSMISSION LIGHT PROFILER,PERCENT,44.24417,-82.24944
200302003,2003-06-10 00:00:00,CCGS LIMNOS,LAKE HURON,10,441439,-821458,146,92.4,2003-05-24 10:09:00,127,37.50,.00,0.00000000,,0,84.000000,TRANS P,TRANSMISSION LIGHT PROFILER,PERCENT,44.24417,-82.24944
200302003,2003-06-10 00:00:00,CCGS LIMNOS,LAKE HURON,10,441439,-821458,146,92.4,2003-05-24 10:09:00,127,38.00,.00,0.00000000,,0,84.000000,TRANS P,TRANSMISSION LIGHT PROFILER,PERCENT,44.24417,-82.24944
200302003,2003-06-10 00:00:00,CCGS LIMNOS,LAKE HURON,10,441439,-821458,146,92.4,2003-05-24 10:09:00,127,38.50,.00,0.00000000,,0,84.000000,TRANS P,TRANSMISSION LIGHT PROFILER,PERCENT,44.24417,-82.24944
200302003,2003-06-10 00:00:00,CCGS LIMNOS,LAKE HURON,10,441439,-821458,146,92.4,2003-05-24 10:09:00,127,39.00,.00,0.00000000,,0,84.000000,TRANS P,TRANSMISSION LIGHT PROFILER,PERCENT,44.24417,-82.24944
200302003,2003-06-10 00:00:00,CCGS LIMNOS,LAKE HURON,10,441439,-821458,146,92.4,2003-05-24 10:09:00,127,39.50,.00,0.00000000,,0,84.000000,TRANS P,TRANSMISSION LIGHT PROFILER,PERCENT,44.24417,-82.24944
200302003,2003-06-10 00:00:00,CCGS LIMNOS,LAKE HURON,10,441439,-821458,146,92.4,2003-05-24 10:09:00,127,40.00,.00,0.00000000,,0,84.000000,TRANS P,TRANSMISSION LIGHT PROFILER,PERCENT,44.24417,-82.24944
200302003,2003-06-10 00:00:00,CCGS LIMNOS,LAKE HURON,10,441439,-821458,146,92.4,2003-05-24 10:09:00,127,40.50,.00,0.00000000,,0,84.000000,TRANS P,TRANSMISSION LIGHT PROFILER,PERCENT,44.24417,-82.24944
200302003,2003-06-10 00:00:00,CCGS LIMNOS,LAKE HURON,10,441439,-821458,146,92.4,2003-05-24 10:09:00,127,41.00,.00,0.00000000,,0,84.000000,TRANS P,TRANSMISSION LIGHT PROFILER,PERCENT,44.24417,-82.24944
200302003,2003-06-10 00:00:00,CCGS LIMNOS,LAKE HURON,10,441439,-821458,146,92.4,2003-05-24 10:09:00,127,41.50,.00,0.00000000,,0,84.000000,TRANS P,TRANSMISSION LIGHT PROFILER,PERCENT,44.24417,-82.24944
200302003,2003-06-10 00:00:00,CCGS LIMNOS,LAKE HURON,10,441439,-821458,146,92.4,2003-05-24 10:09:00,127,42.00,.00,0.00000000,,0,84.000000,TRANS P,TRANSMISSION LIGHT PROFILER,PERCENT,44.24417,-82.24944
200302003,2003-06-10 00:00:00,CCGS LIMNOS,LAKE HURON,10,441439,-821458,146,92.4,2003-05-24 10:09:00,127,42.50,.00,0.00000000,,0,84.000000,TRANS P,TRANSMISSION LIGHT PROFILER,PERCENT,44.24417,-82.24944
200302003,2003-06-10 00:00:00,CCGS LIMNOS,LAKE HURON,10,441439,-821458,146,92.4,2003-05-24 10:09:00,127,43.00,.00,0.00000000,,0,84.000000,TRANS P,TRANSMISSION LIGHT PROFILER,PERCENT,44.24417,-82.24944
200302003,2003-06-10 00:00:00,CCGS LIMNOS,LAKE HURON,10,441439,-821458,146,92.4,2003-05-24 10:09:00,127,43.50,.00,0.00000000,,0,84.000000,TRANS P,TRANSMISSION LIGHT PROFILER,PERCENT,44.24417,-82.24944
200302003,2003-06-10 00:00:00,CCGS LIMNOS,LAKE HURON,10,441439,-821458,146,92.4,2003-05-24 10:09:00,127,44.00,.00,0.00000000,,0,84.000000,TRANS P,TRANSMISSION LIGHT PROFILER,PERCENT,44.24417,-82.24944
200302003,2003-06-10 00:00:00,CCGS LIMNOS,LAKE HURON,10,441439,-821458,146,92.4,2003-05-24 10:09:00,127,44.50,.00,0.00000000,,0,84.000000,TRANS P,TRANSMISSION LIGHT PROFILER,PERCENT,44.24417,-82.24944
200302003,2003-06-10 00:00:00,CCGS LIMNOS,LAKE HURON,10,441439,-821458,146,92.4,2003-05-24 10:09:00,127,45.00,.00,0.00000000,,0,84.000000,TRANS P,TRANSMISSION LIGHT PROFILER,PERCENT,44.24417,-82.24944
200302003,2003-06-10 00:00:00,CCGS LIMNOS,LAKE HURON,10,441439,-821458,146,92.4,2003-05-24 10:09:00,127,45.50,.00,0.00000000,,0,84.000000,TRANS P,TRANSMISSION LIGHT PROFILER,PERCENT,44.24417,-82.24944
200302003,2003-06-10 00:00:00,CCGS LIMNOS,LAKE HURON,10,441439,-821458,146,92.4,2003-05-24 10:09:00,127,46.00,.00,0.00000000,,0,84.000000,TRANS P,TRANSMISSION LIGHT PROFILER,PERCENT,44.24417,-82.24944
200302003,2003-06-10 00:00:00,CCGS LIMNOS,LAKE HURON,10,441439,-821458,146,92.4,2003-05-24 10:09:00,127,46.50,.00,0.00000000,,0,84.000000,TRANS P,TRANSMISSION LIGHT PROFILER,PERCENT,44.24417,-82.24944
200302003,2003-06-10 00:00:00,CCGS LIMNOS,LAKE HURON,10,441439,-821458,146,92.4,2003-05-24 10:09:00,127,47.00,.00,0.00000000,,0,84.000000,TRANS P,TRANSMISSION LIGHT PROFILER,PERCENT,44.24417,-82.24944
200302003,2003-06-10 00:00:00,CCGS LIMNOS,LAKE HURON,10,441439,-821458,146,92.4,2003-05-24 10:09:00,127,47.50,.00,0.00000000,,0,84.000000,TRANS P,TRANSMISSION LIGHT PROFILER,PERCENT,44.24417,-82.24944
200302003,2003-06-10 00:00:00,CCGS LIMNOS,LAKE HURON,10,441439,-821458,146,92.4,2003-05-24 10:09:00,127,48.00,.00,0.00000000,,0,84.000000,TRANS P,TRANSMISSION LIGHT PROFILER,PERCENT,44.24417,-82.24944
200302003,2003-06-10 00:00:00,CCGS LIMNOS,LAKE HURON,10,441439,-821458,146,92.4,2003-05-24 10:09:00,127,48.50,.00,0.00000000,,0,84.000000,TRANS P,TRANSMISSION LIGHT PROFILER,PERCENT,44.24417,-82.24944
200302003,2003-06-10 00:00:00,CCGS LIMNOS,LAKE HURON,10,441439,-821458,146,92.4,2003-05-24 10:09:00,127,49.00,.00,0.00000000,,0,84.000000,TRANS P,TRANSMISSION LIGHT PROFILER,PERCENT,44.24417,-82.24944
200302003,2003-06-10 00:00:00,CCGS LIMNOS,LAKE HURON,10,441439,-821458,146,92.4,2003-05-24 10:09:00,127,49.50,.00,0.00000000,,0,84.000000,TRANS P,TRANSMISSION LIGHT PROFILER,PERCENT,44.24417,-82.24944
200302003,2003-06-10 00:00:00,CCGS LIMNOS,LAKE HURON,10,441439,-821458,146,92.4,2003-05-24 10:09:00,127,50.00,.00,0.00000000,,0,84.000000,TRANS P,TRANSMISSION LIGHT PROFILER,PERCENT,44.24417,-82.24944
200302003,2003-06-10 00:00:00,CCGS LIMNOS,LAKE HURON,10,441439,-821458,146,92.4,2003-05-24 10:09:00,127,50.50,.00,0.00000000,,0,84.000000,TRANS P,TRANSMISSION LIGHT PROFILER,PERCENT,44.24417,-82.24944
200302003,2003-06-10 00:00:00,CCGS LIMNOS,LAKE HURON,10,441439,-821458,146,92.4,2003-05-24 10:09:00,127,51.00,.00,0.00000000,,0,84.000000,TRANS P,TRANSMISSION LIGHT PROFILER,PERCENT,44.24417,-82.24944
200302003,2003-06-10 00:00:00,CCGS LIMNOS,LAKE HURON,10,441439,-821458,146,92.4,2003-05-24 10:09:00,127,51.50,.00,0.00000000,,0,84.000000,TRANS P,TRANSMISSION LIGHT PROFILER,PERCENT,44.24417,-82.24944
200302003,2003-06-10 00:00:00,CCGS LIMNOS,LAKE HURON,10,441439,-821458,146,92.4,2003-05-24 10:09:00,127,52.00,.00,0.00000000,,0,84.000000,TRANS P,TRANSMISSION LIGHT PROFILER,PERCENT,44.24417,-82.24944
200302003,2003-06-10 00:00:00,CCGS LIMNOS,LAKE HURON,10,441439,-821458,146,92.4,2003-05-24 10:09:00,127,52.50,.00,0.00000000,,0,84.000000,TRANS P,TRANSMISSION LIGHT PROFILER,PERCENT,44.24417,-82.24944
200302003,2003-06-10 00:00:00,CCGS LIMNOS,LAKE HURON,10,441439,-821458,146,92.4,2003-05-24 10:09:00,127,53.00,.00,0.00000000,,0,84.000000,TRANS P,TRANSMISSION LIGHT PROFILER,PERCENT,44.24417,-82.24944
200302003,2003-06-10 00:00:00,CCGS LIMNOS,LAKE HURON,10,441439,-821458,146,92.4,2003-05-24 10:09:00,127,53.50,.00,0.00000000,,0,84.000000,TRANS P,TRANSMISSION LIGHT PROFILER,PERCENT,44.24417,-82.24944
200302003,2003-06-10 00:00:00,CCGS LIMNOS,LAKE HURON,10,441439,-821458,146,92.4,2003-05-24 10:09:00,127,54.00,.00,0.00000000,,0,84.000000,TRANS P,TRANSMISSION LIGHT PROFILER,PERCENT,44.24417,-82.24944
200302003,2003-06-10 00:00:00,CCGS LIMNOS,LAKE HURON,10,441439,-821458,146,92.4,2003-05-24 10:09:00,127,54.50,.00,0.00000000,,0,84.000000,TRANS P,TRANSMISSION LIGHT PROFILER,PERCENT,44.24417,-82.24944
200302003,2003-06-10 00:00:00,CCGS LIMNOS,LAKE HURON,10,441439,-821458,146,92.4,2003-05-24 10:09:00,127,55.00,.00,0.00000000,,0,84.000000,TRANS P,TRANSMISSION LIGHT PROFILER,PERCENT,44.24417,-82.24944
200302003,2003-06-10 00:00:00,CCGS LIMNOS,LAKE HURON,10,441439,-821458,146,92.4,2003-05-24 10:09:00,127,55.50,.00,0.00000000,,0,84.000000,TRANS P,TRANSMISSION LIGHT PROFILER,PERCENT,44.24417,-82.24944
200302003,2003-06-10 00:00:00,CCGS LIMNOS,LAKE HURON,10,441439,-821458,146,92.4,2003-05-24 10:09:00,127,56.00,.00,0.00000000,,0,84.000000,TRANS P,TRANSMISSION LIGHT PROFILER,PERCENT,44.24417,-82.24944
200302003,2003-06-10 00:00:00,CCGS LIMNOS,LAKE HURON,10,441439,-821458,146,92.4,2003-05-24 10:09:00,127,56.50,.00,0.00000000,,0,84.000000,TRANS P,TRANSMISSION LIGHT PROFILER,PERCENT,44.24417,-82.24944
200302003,2003-06-10 00:00:00,CCGS LIMNOS,LAKE HURON,10,441439,-821458,146,92.4,2003-05-24 10:09:00,127,57.00,.00,0.00000000,,0,84.000000,TRANS P,TRANSMISSION LIGHT PROFILER,PERCENT,44.24417,-82.24944
200302003,2003-06-10 00:00:00,CCGS LIMNOS,LAKE HURON,10,441439,-821458,146,92.4,2003-05-24 10:09:00,127,57.50,.00,0.00000000,,0,84.000000,TRANS P,TRANSMISSION LIGHT PROFILER,PERCENT,44.24417,-82.24944
200302003,2003-06-10 00:00:00,CCGS LIMNOS,LAKE HURON,10,441439,-821458,146,92.4,2003-05-24 10:09:00,127,58.00,.00,0.00000000,,0,84.000000,TRANS P,TRANSMISSION LIGHT PROFILER,PERCENT,44.24417,-82.24944
200302003,2003-06-10 00:00:00,CCGS LIMNOS,LAKE HURON,10,441439,-821458,146,92.4,2003-05-24 10:09:00,127,58.50,.00,0.00000000,,0,84.000000,TRANS P,TRANSMISSION LIGHT PROFILER,PERCENT,44.24417,-82.24944
200302003,2003-06-10 00:00:00,CCGS LIMNOS,LAKE HURON,10,441439,-821458,146,92.4,2003-05-24 10:09:00,127,59.00,.00,0.00000000,,0,84.000000,TRANS P,TRANSMISSION LIGHT PROFILER,PERCENT,44.24417,-82.24944
200302003,2003-06-10 00:00:00,CCGS LIMNOS,LAKE HURON,10,441439,-821458,146,92.4,2003-05-24 10:09:00,127,59.50,.00,0.00000000,,0,84.000000,TRANS P,TRANSMISSION LIGHT PROFILER,PERCENT,44.24417,-82.24944
200302003,2003-06-10 00:00:00,CCGS LIMNOS,LAKE HURON,10,441439,-821458,146,92.4,2003-05-24 10:09:00,127,60.00,.00,0.00000000,,0,84.000000,TRANS P,TRANSMISSION LIGHT PROFILER,PERCENT,44.24417,-82.24944
200302003,2003-06-10 00:00:00,CCGS LIMNOS,LAKE HURON,10,441439,-821458,146,92.4,2003-05-24 10:09:00,127,60.50,.00,0.00000000,,0,84.000000,TRANS P,TRANSMISSION LIGHT PROFILER,PERCENT,44.24417,-82.24944
200302003,2003-06-10 00:00:00,CCGS LIMNOS,LAKE HURON,10,441439,-821458,146,92.4,2003-05-24 10:09:00,127,61.00,.00,0.00000000,,0,84.000000,TRANS P,TRANSMISSION LIGHT PROFILER,PERCENT,44.24417,-82.24944
200302003,2003-06-10 00:00:00,CCGS LIMNOS,LAKE HURON,10,441439,-821458,146,92.4,2003-05-24 10:09:00,127,61.50,.00,0.00000000,,0,84.000000,TRANS P,TRANSMISSION LIGHT PROFILER,PERCENT,44.24417,-82.24944
200302003,2003-06-10 00:00:00,CCGS LIMNOS,LAKE HURON,10,441439,-821458,146,92.4,2003-05-24 10:09:00,127,62.00,.00,0.00000000,,0,84.000000,TRANS P,TRANSMISSION LIGHT PROFILER,PERCENT,44.24417,-82.24944
200302003,2003-06-10 00:00:00,CCGS LIMNOS,LAKE HURON,10,441439,-821458,146,92.4,2003-05-24 10:09:00,127,62.50,.00,0.00000000,,0,84.000000,TRANS P,TRANSMISSION LIGHT PROFILER,PERCENT,44.24417,-82.24944
200302003,2003-06-10 00:00:00,CCGS LIMNOS,LAKE HURON,10,441439,-821458,146,92.4,2003-05-24 10:09:00,127,63.00,.00,0.00000000,,0,84.000000,TRANS P,TRANSMISSION LIGHT PROFILER,PERCENT,44.24417,-82.24944
200302003,2003-06-10 00:00:00,CCGS LIMNOS,LAKE HURON,10,441439,-821458,146,92.4,2003-05-24 10:09:00,127,63.50,.00,0.00000000,,0,84.000000,TRANS P,TRANSMISSION LIGHT PROFILER,PERCENT,44.24417,-82.24944
200302003,2003-06-10 00:00:00,CCGS LIMNOS,LAKE HURON,10,441439,-821458,146,92.4,2003-05-24 10:09:00,127,64.00,.00,0.00000000,,0,84.000000,TRANS P,TRANSMISSION LIGHT PROFILER,PERCENT,44.24417,-82.24944
200302003,2003-06-10 00:00:00,CCGS LIMNOS,LAKE HURON,10,441439,-821458,146,92.4,2003-05-24 10:09:00,127,64.50,.00,0.00000000,,0,84.000000,TRANS P,TRANSMISSION LIGHT PROFILER,PERCENT,44.24417,-82.24944
200302003,2003-06-10 00:00:00,CCGS LIMNOS,LAKE HURON,10,441439,-821458,146,92.4,2003-05-24 10:09:00,127,65.00,.00,0.00000000,,0,84.000000,TRANS P,TRANSMISSION LIGHT PROFILER,PERCENT,44.24417,-82.24944
200302003,2003-06-10 00:00:00,CCGS LIMNOS,LAKE HURON,10,441439,-821458,146,92.4,2003-05-24 10:09:00,127,65.50,.00,0.00000000,,0,84.000000,TRANS P,TRANSMISSION LIGHT PROFILER,PERCENT,44.24417,-82.24944
200302003,2003-06-10 00:00:00,CCGS LIMNOS,LAKE HURON,10,441439,-821458,146,92.4,2003-05-24 10:09:00,127,66.00,.00,0.00000000,,0,84.000000,TRANS P,TRANSMISSION LIGHT PROFILER,PERCENT,44.24417,-82.24944
200302003,2003-06-10 00:00:00,CCGS LIMNOS,LAKE HURON,10,441439,-821458,146,92.4,2003-05-24 10:09:00,127,66.50,.00,0.00000000,,0,84.000000,TRANS P,TRANSMISSION LIGHT PROFILER,PERCENT,44.24417,-82.24944
200302003,2003-06-10 00:00:00,CCGS LIMNOS,LAKE HURON,10,441439,-821458,146,92.4,2003-05-24 10:09:00,127,67.00,.00,0.00000000,,0,84.000000,TRANS P,TRANSMISSION LIGHT PROFILER,PERCENT,44.24417,-82.24944
200302003,2003-06-10 00:00:00,CCGS LIMNOS,LAKE HURON,10,441439,-821458,146,92.4,2003-05-24 10:09:00,127,67.50,.00,0.00000000,,0,84.000000,TRANS P,TRANSMISSION LIGHT PROFILER,PERCENT,44.24417,-82.24944
200302003,2003-06-10 00:00:00,CCGS LIMNOS,LAKE HURON,10,441439,-821458,146,92.4,2003-05-24 10:09:00,127,68.00,.00,0.00000000,,0,84.000000,TRANS P,TRANSMISSION LIGHT PROFILER,PERCENT,44.24417,-82.24944
200302003,2003-06-10 00:00:00,CCGS LIMNOS,LAKE HURON,10,441439,-821458,146,92.4,2003-05-24 10:09:00,127,68.50,.00,0.00000000,,0,84.000000,TRANS P,TRANSMISSION LIGHT PROFILER,PERCENT,44.24417,-82.24944
200302003,2003-06-10 00:00:00,CCGS LIMNOS,LAKE HURON,10,441439,-821458,146,92.4,2003-05-24 10:09:00,127,69.00,.00,0.00000000,,0,84.000000,TRANS P,TRANSMISSION LIGHT PROFILER,PERCENT,44.24417,-82.24944
200302003,2003-06-10 00:00:00,CCGS LIMNOS,LAKE HURON,10,441439,-821458,146,92.4,2003-05-24 10:09:00,127,69.50,.00,0.00000000,,0,84.000000,TRANS P,TRANSMISSION LIGHT PROFILER,PERCENT,44.24417,-82.24944
200302003,2003-06-10 00:00:00,CCGS LIMNOS,LAKE HURON,10,441439,-821458,146,92.4,2003-05-24 10:09:00,127,70.00,.00,0.00000000,,0,84.000000,TRANS P,TRANSMISSION LIGHT PROFILER,PERCENT,44.24417,-82.24944
200302003,2003-06-10 00:00:00,CCGS LIMNOS,LAKE HURON,10,441439,-821458,146,92.4,2003-05-24 10:09:00,127,70.50,.00,0.00000000,,0,84.000000,TRANS P,TRANSMISSION LIGHT PROFILER,PERCENT,44.24417,-82.24944
200302003,2003-06-10 00:00:00,CCGS LIMNOS,LAKE HURON,10,441439,-821458,146,92.4,2003-05-24 10:09:00,127,71.00,.00,0.00000000,,0,84.000000,TRANS P,TRANSMISSION LIGHT PROFILER,PERCENT,44.24417,-82.24944
200302003,2003-06-10 00:00:00,CCGS LIMNOS,LAKE HURON,10,441439,-821458,146,92.4,2003-05-24 10:09:00,127,71.50,.00,0.00000000,,0,84.000000,TRANS P,TRANSMISSION LIGHT PROFILER,PERCENT,44.24417,-82.24944
200302003,2003-06-10 00:00:00,CCGS LIMNOS,LAKE HURON,10,441439,-821458,146,92.4,2003-05-24 10:09:00,127,72.00,.00,0.00000000,,0,84.000000,TRANS P,TRANSMISSION LIGHT PROFILER,PERCENT,44.24417,-82.24944
200302003,2003-06-10 00:00:00,CCGS LIMNOS,LAKE HURON,10,441439,-821458,146,92.4,2003-05-24 10:09:00,127,72.50,.00,0.00000000,,0,84.000000,TRANS P,TRANSMISSION LIGHT PROFILER,PERCENT,44.24417,-82.24944
200302003,2003-06-10 00:00:00,CCGS LIMNOS,LAKE HURON,10,441439,-821458,146,92.4,2003-05-24 10:09:00,127,73.00,.00,0.00000000,,0,84.000000,TRANS P,TRANSMISSION LIGHT PROFILER,PERCENT,44.24417,-82.24944
200302003,2003-06-10 00:00:00,CCGS LIMNOS,LAKE HURON,10,441439,-821458,146,92.4,2003-05-24 10:09:00,127,73.50,.00,0.00000000,,0,84.000000,TRANS P,TRANSMISSION LIGHT PROFILER,PERCENT,44.24417,-82.24944
200302003,2003-06-10 00:00:00,CCGS LIMNOS,LAKE HURON,10,441439,-821458,146,92.4,2003-05-24 10:09:00,127,74.00,.00,0.00000000,,0,84.000000,TRANS P,TRANSMISSION LIGHT PROFILER,PERCENT,44.24417,-82.24944
200302003,2003-06-10 00:00:00,CCGS LIMNOS,LAKE HURON,10,441439,-821458,146,92.4,2003-05-24 10:09:00,127,74.50,.00,0.00000000,,0,84.000000,TRANS P,TRANSMISSION LIGHT PROFILER,PERCENT,44.24417,-82.24944
200302003,2003-06-10 00:00:00,CCGS LIMNOS,LAKE HURON,10,441439,-821458,146,92.4,2003-05-24 10:09:00,127,75.00,.00,0.00000000,,0,84.000000,TRANS P,TRANSMISSION LIGHT PROFILER,PERCENT,44.24417,-82.24944
200302003,2003-06-10 00:00:00,CCGS LIMNOS,LAKE HURON,10,441439,-821458,146,92.4,2003-05-24 10:09:00,127,75.50,.00,0.00000000,,0,84.000000,TRANS P,TRANSMISSION LIGHT PROFILER,PERCENT,44.24417,-82.24944
200302003,2003-06-10 00:00:00,CCGS LIMNOS,LAKE HURON,10,441439,-821458,146,92.4,2003-05-24 10:09:00,127,76.00,.00,0.00000000,,0,84.000000,TRANS P,TRANSMISSION LIGHT PROFILER,PERCENT,44.24417,-82.24944
200302003,2003-06-10 00:00:00,CCGS LIMNOS,LAKE HURON,10,441439,-821458,146,92.4,2003-05-24 10:09:00,127,76.50,.00,0.00000000,,0,84.000000,TRANS P,TRANSMISSION LIGHT PROFILER,PERCENT,44.24417,-82.24944
200302003,2003-06-10 00:00:00,CCGS LIMNOS,LAKE HURON,10,441439,-821458,146,92.4,2003-05-24 10:09:00,127,77.00,.00,0.00000000,,0,84.000000,TRANS P,TRANSMISSION LIGHT PROFILER,PERCENT,44.24417,-82.24944
200302003,2003-06-10 00:00:00,CCGS LIMNOS,LAKE HURON,10,441439,-821458,146,92.4,2003-05-24 10:09:00,127,77.50,.00,0.00000000,,0,84.000000,TRANS P,TRANSMISSION LIGHT PROFILER,PERCENT,44.24417,-82.24944
200302003,2003-06-10 00:00:00,CCGS LIMNOS,LAKE HURON,10,441439,-821458,146,92.4,2003-05-24 10:09:00,127,78.00,.00,0.00000000,,0,84.000000,TRANS P,TRANSMISSION LIGHT PROFILER,PERCENT,44.24417,-82.24944
200302003,2003-06-10 00:00:00,CCGS LIMNOS,LAKE HURON,10,441439,-821458,146,92.4,2003-05-24 10:09:00,127,78.50,.00,0.00000000,,0,84.000000,TRANS P,TRANSMISSION LIGHT PROFILER,PERCENT,44.24417,-82.24944
200302003,2003-06-10 00:00:00,CCGS LIMNOS,LAKE HURON,10,441439,-821458,146,92.4,2003-05-24 10:09:00,127,79.00,.00,0.00000000,,0,84.000000,TRANS P,TRANSMISSION LIGHT PROFILER,PERCENT,44.24417,-82.24944
200302003,2003-06-10 00:00:00,CCGS LIMNOS,LAKE HURON,10,441439,-821458,146,92.4,2003-05-24 10:09:00,127,79.50,.00,0.00000000,,0,84.000000,TRANS P,TRANSMISSION LIGHT PROFILER,PERCENT,44.24417,-82.24944
200302003,2003-06-10 00:00:00,CCGS LIMNOS,LAKE HURON,10,441439,-821458,146,92.4,2003-05-24 10:09:00,127,80.00,.00,0.00000000,,0,84.000000,TRANS P,TRANSMISSION LIGHT PROFILER,PERCENT,44.24417,-82.24944
200302003,2003-06-10 00:00:00,CCGS LIMNOS,LAKE HURON,10,441439,-821458,146,92.4,2003-05-24 10:09:00,127,80.50,.00,0.00000000,,0,84.000000,TRANS P,TRANSMISSION LIGHT PROFILER,PERCENT,44.24417,-82.24944
200302003,2003-06-10 00:00:00,CCGS LIMNOS,LAKE HURON,10,441439,-821458,146,92.4,2003-05-24 10:09:00,127,81.00,.00,0.00000000,,0,84.000000,TRANS P,TRANSMISSION LIGHT PROFILER,PERCENT,44.24417,-82.24944
200302003,2003-06-10 00:00:00,CCGS LIMNOS,LAKE HURON,10,441439,-821458,146,92.4,2003-05-24 10:09:00,127,81.50,.00,0.00000000,,0,84.000000,TRANS P,TRANSMISSION LIGHT PROFILER,PERCENT,44.24417,-82.24944
200302003,2003-06-10 00:00:00,CCGS LIMNOS,LAKE HURON,10,441439,-821458,146,92.4,2003-05-24 10:09:00,127,82.00,.00,0.00000000,,0,84.000000,TRANS P,TRANSMISSION LIGHT PROFILER,PERCENT,44.24417,-82.24944
200302003,2003-06-10 00:00:00,CCGS LIMNOS,LAKE HURON,10,441439,-821458,146,92.4,2003-05-24 10:09:00,127,82.50,.00,0.00000000,,0,84.000000,TRANS P,TRANSMISSION LIGHT PROFILER,PERCENT,44.24417,-82.24944
200302003,2003-06-10 00:00:00,CCGS LIMNOS,LAKE HURON,10,441439,-821458,146,92.4,2003-05-24 10:09:00,127,83.00,.00,0.00000000,,0,84.000000,TRANS P,TRANSMISSION LIGHT PROFILER,PERCENT,44.24417,-82.24944
200302003,2003-06-10 00:00:00,CCGS LIMNOS,LAKE HURON,10,441439,-821458,146,92.4,2003-05-24 10:09:00,127,83.50,.00,0.00000000,,0,84.000000,TRANS P,TRANSMISSION LIGHT PROFILER,PERCENT,44.24417,-82.24944
200302003,2003-06-10 00:00:00,CCGS LIMNOS,LAKE HURON,10,441439,-821458,146,92.4,2003-05-24 10:09:00,127,84.00,.00,0.00000000,,0,84.000000,TRANS P,TRANSMISSION LIGHT PROFILER,PERCENT,44.24417,-82.24944
200302003,2003-06-10 00:00:00,CCGS LIMNOS,LAKE HURON,10,441439,-821458,146,92.4,2003-05-24 10:09:00,127,84.50,.00,0.00000000,,0,84.000000,TRANS P,TRANSMISSION LIGHT PROFILER,PERCENT,44.24417,-82.24944
200302003,2003-06-10 00:00:00,CCGS LIMNOS,LAKE HURON,10,441439,-821458,146,92.4,2003-05-24 10:09:00,127,85.00,.00,0.00000000,,0,84.000000,TRANS P,TRANSMISSION LIGHT PROFILER,PERCENT,44.24417,-82.24944
200302003,2003-06-10 00:00:00,CCGS LIMNOS,LAKE HURON,10,441439,-821458,146,92.4,2003-05-24 10:09:00,127,85.50,.00,0.00000000,,0,84.000000,TRANS P,TRANSMISSION LIGHT PROFILER,PERCENT,44.24417,-82.24944
200302003,2003-06-10 00:00:00,CCGS LIMNOS,LAKE HURON,10,441439,-821458,146,92.4,2003-05-24 10:09:00,127,86.00,.00,0.00000000,,0,84.000000,TRANS P,TRANSMISSION LIGHT PROFILER,PERCENT,44.24417,-82.24944
200302003,2003-06-10 00:00:00,CCGS LIMNOS,LAKE HURON,10,441439,-821458,146,92.4,2003-05-24 10:09:00,127,86.50,.00,0.00000000,,0,84.000000,TRANS P,TRANSMISSION LIGHT PROFILER,PERCENT,44.24417,-82.24944
200302003,2003-06-10 00:00:00,CCGS LIMNOS,LAKE HURON,10,441439,-821458,146,92.4,2003-05-24 10:09:00,127,87.00,.00,0.00000000,,0,84.000000,TRANS P,TRANSMISSION LIGHT PROFILER,PERCENT,44.24417,-82.24944
200302003,2003-06-10 00:00:00,CCGS LIMNOS,LAKE HURON,10,441439,-821458,146,92.4,2003-05-24 10:09:00,127,87.50,.00,0.00000000,,0,84.000000,TRANS P,TRANSMISSION LIGHT PROFILER,PERCENT,44.24417,-82.24944
200302003,2003-06-10 00:00:00,CCGS LIMNOS,LAKE HURON,10,441439,-821458,146,92.4,2003-05-24 10:09:00,127,88.00,.00,0.00000000,,0,84.000000,TRANS P,TRANSMISSION LIGHT PROFILER,PERCENT,44.24417,-82.24944
200302003,2003-06-10 00:00:00,CCGS LIMNOS,LAKE HURON,10,441439,-821458,146,92.4,2003-05-24 10:09:00,127,88.50,.00,0.00000000,,0,84.000000,TRANS P,TRANSMISSION LIGHT PROFILER,PERCENT,44.24417,-82.24944
200302003,2003-06-10 00:00:00,CCGS LIMNOS,LAKE HURON,10,441439,-821458,146,92.4,2003-05-24 10:09:00,127,89.00,.00,0.00000000,,0,84.000000,TRANS P,TRANSMISSION LIGHT PROFILER,PERCENT,44.24417,-82.24944
200302003,2003-06-10 00:00:00,CCGS LIMNOS,LAKE HURON,10,441439,-821458,146,92.4,2003-05-24 10:09:00,127,89.50,.00,0.00000000,,0,84.000000,TRANS P,TRANSMISSION LIGHT PROFILER,PERCENT,44.24417,-82.24944
200302003,2003-06-10 00:00:00,CCGS LIMNOS,LAKE HURON,10,441439,-821458,146,92.4,2003-05-24 10:09:00,127,90.00,.00,0.00000000,,0,84.000000,TRANS P,TRANSMISSION LIGHT PROFILER,PERCENT,44.24417,-82.24944
200302003,2003-06-10 00:00:00,CCGS LIMNOS,LAKE HURON,10,441439,-821458,146,92.4,2003-05-24 10:09:00,127,90.50,.00,0.00000000,,0,84.000000,TRANS P,TRANSMISSION LIGHT PROFILER,PERCENT,44.24417,-82.24944
200302003,2003-06-10 00:00:00,CCGS LIMNOS,LAKE HURON,10,441439,-821458,146,92.4,2003-05-24 10:09:00,127,91.00,.00,0.00000000,,0,84.000000,TRANS P,TRANSMISSION LIGHT PROFILER,PERCENT,44.24417,-82.24944
200302003,2003-06-10 00:00:00,CCGS LIMNOS,LAKE HURON,10,441439,-821458,146,92.4,2003-05-24 10:09:00,127,91.50,.00,0.00000000,,0,84.000000,TRANS P,TRANSMISSION LIGHT PROFILER,PERCENT,44.24417,-82.24944
200302003,2003-06-10 00:00:00,CCGS LIMNOS,LAKE HURON,10,441439,-821458,146,92.4,2003-05-24 10:09:00,127,92.00,.00,0.00000000,,0,31.000000,TRANS P,TRANSMISSION LIGHT PROFILER,PERCENT,44.24417,-82.24944
200302003,2003-06-10 00:00:00,CCGS LIMNOS,LAKE HURON,2,430522,-822334,1,11.0,2003-05-14 19:49:00,1285,3.00,.00,0.00100000,<,0,.001000,AG/T-MS,SILVER,UG/L,43.08944,-82.39278
200302003,2003-06-10 00:00:00,CCGS LIMNOS,LAKE HURON,3,433800,-821259,9,58.6,2003-05-14 23:44:00,1285,3.00,.00,0.00100000,<,0,.001000,AG/T-MS,SILVER,UG/L,43.63333,-82.21639
200302003,2003-06-10 00:00:00,CCGS LIMNOS,LAKE HURON,4,442712,-822032,32,80.0,2003-05-15 04:53:00,1285,3.00,.00,0.00100000,<,0,.001000,AG/T-MS,SILVER,UG/L,44.45333,-82.34222
200302003,2003-06-10 00:00:00,CCGS LIMNOS,LAKE HURON,5,450059,-824108,44,164.8,2003-05-15 09:01:00,1285,3.00,.00,0.00100000,<,0,.001000,AG/T-MS,SILVER,UG/L,45.01639,-82.68556
200302003,2003-06-10 00:00:00,CCGS LIMNOS,LAKE HURON,8,454500,-835500,61,116.3,2003-05-23 21:41:00,1285,3.00,.00,0.00100000,<,0,.001000,AG/T-MS,SILVER,UG/L,45.75000,-83.91667
200302003,2003-06-10 00:00:00,CCGS LIMNOS,LAKE HURON,9,453059,-832502,54,120.4,2003-05-24 00:23:00,1285,3.00,.00,0.00100000,<,0,.001000,AG/T-MS,SILVER,UG/L,45.51639,-83.41722
200302003,2003-06-10 00:00:00,CCGS LIMNOS,LAKE HURON,9,453059,-832502,54,120.4,2003-05-24 00:23:00,1285,3.00,.00,0.00100000,<,1,.001000,AG/T-MS,SILVER,UG/L,45.51639,-83.41722
200302003,2003-06-10 00:00:00,CCGS LIMNOS,LAKE HURON,2,430522,-822334,1,11.0,2003-05-14 19:49:00,1286,3.00,.00,0.20000000,,0,7.500000,AL/T-MS,ALUMINUM,UG/L,43.08944,-82.39278
200302003,2003-06-10 00:00:00,CCGS LIMNOS,LAKE HURON,3,433800,-821259,9,58.6,2003-05-14 23:44:00,1286,3.00,.00,0.20000000,,0,16.100000,AL/T-MS,ALUMINUM,UG/L,43.63333,-82.21639
200302003,2003-06-10 00:00:00,CCGS LIMNOS,LAKE HURON,4,442712,-822032,32,80.0,2003-05-15 04:53:00,1286,3.00,.00,0.20000000,,0,17.700000,AL/T-MS,ALUMINUM,UG/L,44.45333,-82.34222
200302003,2003-06-10 00:00:00,CCGS LIMNOS,LAKE HURON,5,450059,-824108,44,164.8,2003-05-15 09:01:00,1286,3.00,.00,0.20000000,,0,14.400000,AL/T-MS,ALUMINUM,UG/L,45.01639,-82.68556
200302003,2003-06-10 00:00:00,CCGS LIMNOS,LAKE HURON,8,454500,-835500,61,116.3,2003-05-23 21:41:00,1286,3.00,.00,0.20000000,,0,7.600000,AL/T-MS,ALUMINUM,UG/L,45.75000,-83.91667
200302003,2003-06-10 00:00:00,CCGS LIMNOS,LAKE HURON,9,453059,-832502,54,120.4,2003-05-24 00:23:00,1286,3.00,.00,0.20000000,,0,9.800000,AL/T-MS,ALUMINUM,UG/L,45.51639,-83.41722
200302003,2003-06-10 00:00:00,CCGS LIMNOS,LAKE HURON,9,453059,-832502,54,120.4,2003-05-24 00:23:00,1286,3.00,.00,0.20000000,,1,15.200000,AL/T-MS,ALUMINUM,UG/L,45.51639,-83.41722
200302003,2003-06-10 00:00:00,CCGS LIMNOS,LAKE HURON,2,430522,-822334,1,11.0,2003-05-14 19:49:00,1287,3.00,.00,0.01000000,,0,.500000,AS/T-MS,ARSENIC,UG/L,43.08944,-82.39278
200302003,2003-06-10 00:00:00,CCGS LIMNOS,LAKE HURON,3,433800,-821259,9,58.6,2003-05-14 23:44:00,1287,3.00,.00,0.01000000,,0,.490000,AS/T-MS,ARSENIC,UG/L,43.63333,-82.21639
200302003,2003-06-10 00:00:00,CCGS LIMNOS,LAKE HURON,4,442712,-822032,32,80.0,2003-05-15 04:53:00,1287,3.00,.00,0.01000000,,0,.470000,AS/T-MS,ARSENIC,UG/L,44.45333,-82.34222
200302003,2003-06-10 00:00:00,CCGS LIMNOS,LAKE HURON,5,450059,-824108,44,164.8,2003-05-15 09:01:00,1287,3.00,.00,0.01000000,,0,.520000,AS/T-MS,ARSENIC,UG/L,45.01639,-82.68556
200302003,2003-06-10 00:00:00,CCGS LIMNOS,LAKE HURON,8,454500,-835500,61,116.3,2003-05-23 21:41:00,1287,3.00,.00,0.01000000,,0,.470000,AS/T-MS,ARSENIC,UG/L,45.75000,-83.91667
200302003,2003-06-10 00:00:00,CCGS LIMNOS,LAKE HURON,9,453059,-832502,54,120.4,2003-05-24 00:23:00,1287,3.00,.00,0.01000000,,0,.520000,AS/T-MS,ARSENIC,UG/L,45.51639,-83.41722
200302003,2003-06-10 00:00:00,CCGS LIMNOS,LAKE HURON,9,453059,-832502,54,120.4,2003-05-24 00:23:00,1287,3.00,.00,0.01000000,,1,.470000,AS/T-MS,ARSENIC,UG/L,45.51639,-83.41722
200302003,2003-06-10 00:00:00,CCGS LIMNOS,LAKE HURON,2,430522,-822334,1,11.0,2003-05-14 19:49:00,1288,3.00,.00,0.10000000,,0,14.900000,B/T-MS,BORON,UG/L,43.08944,-82.39278
200302003,2003-06-10 00:00:00,CCGS LIMNOS,LAKE HURON,3,433800,-821259,9,58.6,2003-05-14 23:44:00,1288,3.00,.00,0.10000000,,0,15.100000,B/T-MS,BORON,UG/L,43.63333,-82.21639
200302003,2003-06-10 00:00:00,CCGS LIMNOS,LAKE HURON,4,442712,-822032,32,80.0,2003-05-15 04:53:00,1288,3.00,.00,0.10000000,,0,14.600000,B/T-MS,BORON,UG/L,44.45333,-82.34222
200302003,2003-06-10 00:00:00,CCGS LIMNOS,LAKE HURON,5,450059,-824108,44,164.8,2003-05-15 09:01:00,1288,3.00,.00,0.10000000,,0,14.500000,B/T-MS,BORON,UG/L,45.01639,-82.68556
200302003,2003-06-10 00:00:00,CCGS LIMNOS,LAKE HURON,8,454500,-835500,61,116.3,2003-05-23 21:41:00,1288,3.00,.00,0.10000000,,0,14.300000,B/T-MS,BORON,UG/L,45.75000,-83.91667
200302003,2003-06-10 00:00:00,CCGS LIMNOS,LAKE HURON,9,453059,-832502,54,120.4,2003-05-24 00:23:00,1288,3.00,.00,0.10000000,,0,14.300000,B/T-MS,BORON,UG/L,45.51639,-83.41722
200302003,2003-06-10 00:00:00,CCGS LIMNOS,LAKE HURON,9,453059,-832502,54,120.4,2003-05-24 00:23:00,1288,3.00,.00,0.10000000,,1,14.300000,B/T-MS,BORON,UG/L,45.51639,-83.41722
200302003,2003-06-10 00:00:00,CCGS LIMNOS,LAKE HURON,2,430522,-822334,1,11.0,2003-05-14 19:49:00,1289,3.00,.00,0.05000000,,0,15.000000,BA/T-MS,BARIUM,UG/L,43.08944,-82.39278
200302003,2003-06-10 00:00:00,CCGS LIMNOS,LAKE HURON,3,433800,-821259,9,58.6,2003-05-14 23:44:00,1289,3.00,.00,0.05000000,,0,14.700000,BA/T-MS,BARIUM,UG/L,43.63333,-82.21639
200302003,2003-06-10 00:00:00,CCGS LIMNOS,LAKE HURON,4,442712,-822032,32,80.0,2003-05-15 04:53:00,1289,3.00,.00,0.05000000,,0,14.700000,BA/T-MS,BARIUM,UG/L,44.45333,-82.34222
200302003,2003-06-10 00:00:00,CCGS LIMNOS,LAKE HURON,5,450059,-824108,44,164.8,2003-05-15 09:01:00,1289,3.00,.00,0.05000000,,0,15.100000,BA/T-MS,BARIUM,UG/L,45.01639,-82.68556
200302003,2003-06-10 00:00:00,CCGS LIMNOS,LAKE HURON,8,454500,-835500,61,116.3,2003-05-23 21:41:00,1289,3.00,.00,0.05000000,,0,14.600000,BA/T-MS,BARIUM,UG/L,45.75000,-83.91667
200302003,2003-06-10 00:00:00,CCGS LIMNOS,LAKE HURON,9,453059,-832502,54,120.4,2003-05-24 00:23:00,1289,3.00,.00,0.05000000,,0,14.500000,BA/T-MS,BARIUM,UG/L,45.51639,-83.41722
200302003,2003-06-10 00:00:00,CCGS LIMNOS,LAKE HURON,9,453059,-832502,54,120.4,2003-05-24 00:23:00,1289,3.00,.00,0.05000000,,1,14.400000,BA/T-MS,BARIUM,UG/L,45.51639,-83.41722
200302003,2003-06-10 00:00:00,CCGS LIMNOS,LAKE HURON,2,430522,-822334,1,11.0,2003-05-14 19:49:00,1290,3.00,.00,0.00100000,<,0,.001000,BE/T-MS,BERYLLIUM,UG/L,43.08944,-82.39278
200302003,2003-06-10 00:00:00,CCGS LIMNOS,LAKE HURON,3,433800,-821259,9,58.6,2003-05-14 23:44:00,1290,3.00,.00,0.00100000,<,0,.001000,BE/T-MS,BERYLLIUM,UG/L,43.63333,-82.21639
200302003,2003-06-10 00:00:00,CCGS LIMNOS,LAKE HURON,4,442712,-822032,32,80.0,2003-05-15 04:53:00,1290,3.00,.00,0.00100000,<,0,.001000,BE/T-MS,BERYLLIUM,UG/L,44.45333,-82.34222
200302003,2003-06-10 00:00:00,CCGS LIMNOS,LAKE HURON,5,450059,-824108,44,164.8,2003-05-15 09:01:00,1290,3.00,.00,0.00100000,<,0,.001000,BE/T-MS,BERYLLIUM,UG/L,45.01639,-82.68556
200302003,2003-06-10 00:00:00,CCGS LIMNOS,LAKE HURON,8,454500,-835500,61,116.3,2003-05-23 21:41:00,1290,3.00,.00,0.00100000,<,0,.001000,BE/T-MS,BERYLLIUM,UG/L,45.75000,-83.91667
200302003,2003-06-10 00:00:00,CCGS LIMNOS,LAKE HURON,9,453059,-832502,54,120.4,2003-05-24 00:23:00,1290,3.00,.00,0.00100000,,0,.001000,BE/T-MS,BERYLLIUM,UG/L,45.51639,-83.41722
200302003,2003-06-10 00:00:00,CCGS LIMNOS,LAKE HURON,9,453059,-832502,54,120.4,2003-05-24 00:23:00,1290,3.00,.00,0.00100000,<,1,.001000,BE/T-MS,BERYLLIUM,UG/L,45.51639,-83.41722
200302003,2003-06-10 00:00:00,CCGS LIMNOS,LAKE HURON,2,430522,-822334,1,11.0,2003-05-14 19:49:00,1291,3.00,.00,0.00100000,,0,.009000,CD/T-MS,CADMIUM,UG/L,43.08944,-82.39278
200302003,2003-06-10 00:00:00,CCGS LIMNOS,LAKE HURON,3,433800,-821259,9,58.6,2003-05-14 23:44:00,1291,3.00,.00,0.00100000,,0,.008000,CD/T-MS,CADMIUM,UG/L,43.63333,-82.21639
200302003,2003-06-10 00:00:00,CCGS LIMNOS,LAKE HURON,4,442712,-822032,32,80.0,2003-05-15 04:53:00,1291,3.00,.00,0.00100000,,0,.005000,CD/T-MS,CADMIUM,UG/L,44.45333,-82.34222
200302003,2003-06-10 00:00:00,CCGS LIMNOS,LAKE HURON,5,450059,-824108,44,164.8,2003-05-15 09:01:00,1291,3.00,.00,0.00100000,,0,.007000,CD/T-MS,CADMIUM,UG/L,45.01639,-82.68556
200302003,2003-06-10 00:00:00,CCGS LIMNOS,LAKE HURON,8,454500,-835500,61,116.3,2003-05-23 21:41:00,1291,3.00,.00,0.00100000,,0,.008000,CD/T-MS,CADMIUM,UG/L,45.75000,-83.91667
200302003,2003-06-10 00:00:00,CCGS LIMNOS,LAKE HURON,9,453059,-832502,54,120.4,2003-05-24 00:23:00,1291,3.00,.00,0.00100000,,0,.008000,CD/T-MS,CADMIUM,UG/L,45.51639,-83.41722
200302003,2003-06-10 00:00:00,CCGS LIMNOS,LAKE HURON,9,453059,-832502,54,120.4,2003-05-24 00:23:00,1291,3.00,.00,0.00100000,,1,.007000,CD/T-MS,CADMIUM,UG/L,45.51639,-83.41722
200302003,2003-06-10 00:00:00,CCGS LIMNOS,LAKE HURON,2,430522,-822334,1,11.0,2003-05-14 19:49:00,1292,3.00,.00,0.00200000,,0,.005000,CO/T-MS,COBALT,UG/L,43.08944,-82.39278
200302003,2003-06-10 00:00:00,CCGS LIMNOS,LAKE HURON,3,433800,-821259,9,58.6,2003-05-14 23:44:00,1292,3.00,.00,0.00200000,,0,.007000,CO/T-MS,COBALT,UG/L,43.63333,-82.21639
200302003,2003-06-10 00:00:00,CCGS LIMNOS,LAKE HURON,4,442712,-822032,32,80.0,2003-05-15 04:53:00,1292,3.00,.00,0.00200000,,0,.008000,CO/T-MS,COBALT,UG/L,44.45333,-82.34222
200302003,2003-06-10 00:00:00,CCGS LIMNOS,LAKE HURON,5,450059,-824108,44,164.8,2003-05-15 09:01:00,1292,3.00,.00,0.00200000,,0,.007000,CO/T-MS,COBALT,UG/L,45.01639,-82.68556
200302003,2003-06-10 00:00:00,CCGS LIMNOS,LAKE HURON,8,454500,-835500,61,116.3,2003-05-23 21:41:00,1292,3.00,.00,0.00200000,,0,.006000,CO/T-MS,COBALT,UG/L,45.75000,-83.91667
200302003,2003-06-10 00:00:00,CCGS LIMNOS,LAKE HURON,9,453059,-832502,54,120.4,2003-05-24 00:23:00,1292,3.00,.00,0.00200000,,0,.006000,CO/T-MS,COBALT,UG/L,45.51639,-83.41722
200302003,2003-06-10 00:00:00,CCGS LIMNOS,LAKE HURON,9,453059,-832502,54,120.4,2003-05-24 00:23:00,1292,3.00,.00,0.00200000,,1,.007000,CO/T-MS,COBALT,UG/L,45.51639,-83.41722
200302003,2003-06-10 00:00:00,CCGS LIMNOS,LAKE HURON,2,430522,-822334,1,11.0,2003-05-14 19:49:00,1293,3.00,.00,0.00500000,,0,.160000,CR/T-MS,CHROMIUM,UG/L,43.08944,-82.39278
200302003,2003-06-10 00:00:00,CCGS LIMNOS,LAKE HURON,3,433800,-821259,9,58.6,2003-05-14 23:44:00,1293,3.00,.00,0.00500000,,0,.168000,CR/T-MS,CHROMIUM,UG/L,43.63333,-82.21639
200302003,2003-06-10 00:00:00,CCGS LIMNOS,LAKE HURON,4,442712,-822032,32,80.0,2003-05-15 04:53:00,1293,3.00,.00,0.00500000,,0,.167000,CR/T-MS,CHROMIUM,UG/L,44.45333,-82.34222
200302003,2003-06-10 00:00:00,CCGS LIMNOS,LAKE HURON,5,450059,-824108,44,164.8,2003-05-15 09:01:00,1293,3.00,.00,0.00500000,,0,.167000,CR/T-MS,CHROMIUM,UG/L,45.01639,-82.68556
200302003,2003-06-10 00:00:00,CCGS LIMNOS,LAKE HURON,8,454500,-835500,61,116.3,2003-05-23 21:41:00,1293,3.00,.00,0.00500000,,0,.247000,CR/T-MS,CHROMIUM,UG/L,45.75000,-83.91667
200302003,2003-06-10 00:00:00,CCGS LIMNOS,LAKE HURON,9,453059,-832502,54,120.4,2003-05-24 00:23:00,1293,3.00,.00,0.00500000,,0,.153000,CR/T-MS,CHROMIUM,UG/L,45.51639,-83.41722
200302003,2003-06-10 00:00:00,CCGS LIMNOS,LAKE HURON,9,453059,-832502,54,120.4,2003-05-24 00:23:00,1293,3.00,.00,0.00500000,,1,.159000,CR/T-MS,CHROMIUM,UG/L,45.51639,-83.41722
200302003,2003-06-10 00:00:00,CCGS LIMNOS,LAKE HURON,2,430522,-822334,1,11.0,2003-05-14 19:49:00,1294,3.00,.00,0.02000000,,0,.420000,CU/T-MS,COPPER,UG/L,43.08944,-82.39278
200302003,2003-06-10 00:00:00,CCGS LIMNOS,LAKE HURON,3,433800,-821259,9,58.6,2003-05-14 23:44:00,1294,3.00,.00,0.02000000,,0,.430000,CU/T-MS,COPPER,UG/L,43.63333,-82.21639
200302003,2003-06-10 00:00:00,CCGS LIMNOS,LAKE HURON,4,442712,-822032,32,80.0,2003-05-15 04:53:00,1294,3.00,.00,0.02000000,,0,.430000,CU/T-MS,COPPER,UG/L,44.45333,-82.34222
200302003,2003-06-10 00:00:00,CCGS LIMNOS,LAKE HURON,5,450059,-824108,44,164.8,2003-05-15 09:01:00,1294,3.00,.00,0.02000000,,0,.390000,CU/T-MS,COPPER,UG/L,45.01639,-82.68556
200302003,2003-06-10 00:00:00,CCGS LIMNOS,LAKE HURON,8,454500,-835500,61,116.3,2003-05-23 21:41:00,1294,3.00,.00,0.02000000,,0,.470000,CU/T-MS,COPPER,UG/L,45.75000,-83.91667
200302003,2003-06-10 00:00:00,CCGS LIMNOS,LAKE HURON,9,453059,-832502,54,120.4,2003-05-24 00:23:00,1294,3.00,.00,0.02000000,,0,.410000,CU/T-MS,COPPER,UG/L,45.51639,-83.41722
200302003,2003-06-10 00:00:00,CCGS LIMNOS,LAKE HURON,9,453059,-832502,54,120.4,2003-05-24 00:23:00,1294,3.00,.00,0.02000000,,1,.430000,CU/T-MS,COPPER,UG/L,45.51639,-83.41722
200302003,2003-06-10 00:00:00,CCGS LIMNOS,LAKE HURON,2,430522,-822334,1,11.0,2003-05-14 19:49:00,1295,3.00,.00,0.50000000,,0,6.300000,FE/T-MS,IRON,UG/L,43.08944,-82.39278
200302003,2003-06-10 00:00:00,CCGS LIMNOS,LAKE HURON,3,433800,-821259,9,58.6,2003-05-14 23:44:00,1295,3.00,.00,0.50000000,,0,11.400000,FE/T-MS,IRON,UG/L,43.63333,-82.21639
200302003,2003-06-10 00:00:00,CCGS LIMNOS,LAKE HURON,4,442712,-822032,32,80.0,2003-05-15 04:53:00,1295,3.00,.00,0.50000000,,0,17.100000,FE/T-MS,IRON,UG/L,44.45333,-82.34222
200302003,2003-06-10 00:00:00,CCGS LIMNOS,LAKE HURON,5,450059,-824108,44,164.8,2003-05-15 09:01:00,1295,3.00,.00,0.50000000,,0,10.700000,FE/T-MS,IRON,UG/L,45.01639,-82.68556
200302003,2003-06-10 00:00:00,CCGS LIMNOS,LAKE HURON,8,454500,-835500,61,116.3,2003-05-23 21:41:00,1295,3.00,.00,0.50000000,,0,6.400000,FE/T-MS,IRON,UG/L,45.75000,-83.91667
200302003,2003-06-10 00:00:00,CCGS LIMNOS,LAKE HURON,9,453059,-832502,54,120.4,2003-05-24 00:23:00,1295,3.00,.00,0.50000000,,0,8.000000,FE/T-MS,IRON,UG/L,45.51639,-83.41722
200302003,2003-06-10 00:00:00,CCGS LIMNOS,LAKE HURON,9,453059,-832502,54,120.4,2003-05-24 00:23:00,1295,3.00,.00,0.50000000,,1,10.000000,FE/T-MS,IRON,UG/L,45.51639,-83.41722
200302003,2003-06-10 00:00:00,CCGS LIMNOS,LAKE HURON,2,430522,-822334,1,11.0,2003-05-14 19:49:00,1296,3.00,.00,0.00100000,,0,.004000,GA/T-MS,GALLIUM,UG/L,43.08944,-82.39278
200302003,2003-06-10 00:00:00,CCGS LIMNOS,LAKE HURON,3,433800,-821259,9,58.6,2003-05-14 23:44:00,1296,3.00,.00,0.00100000,,0,.005000,GA/T-MS,GALLIUM,UG/L,43.63333,-82.21639
200302003,2003-06-10 00:00:00,CCGS LIMNOS,LAKE HURON,4,442712,-822032,32,80.0,2003-05-15 04:53:00,1296,3.00,.00,0.00100000,,0,.006000,GA/T-MS,GALLIUM,UG/L,44.45333,-82.34222
200302003,2003-06-10 00:00:00,CCGS LIMNOS,LAKE HURON,5,450059,-824108,44,164.8,2003-05-15 09:01:00,1296,3.00,.00,0.00100000,,0,.005000,GA/T-MS,GALLIUM,UG/L,45.01639,-82.68556
200302003,2003-06-10 00:00:00,CCGS LIMNOS,LAKE HURON,8,454500,-835500,61,116.3,2003-05-23 21:41:00,1296,3.00,.00,0.00100000,,0,.003000,GA/T-MS,GALLIUM,UG/L,45.75000,-83.91667
200302003,2003-06-10 00:00:00,CCGS LIMNOS,LAKE HURON,9,453059,-832502,54,120.4,2003-05-24 00:23:00,1296,3.00,.00,0.00100000,,0,.004000,GA/T-MS,GALLIUM,UG/L,45.51639,-83.41722
200302003,2003-06-10 00:00:00,CCGS LIMNOS,LAKE HURON,9,453059,-832502,54,120.4,2003-05-24 00:23:00,1296,3.00,.00,0.00100000,,1,.005000,GA/T-MS,GALLIUM,UG/L,45.51639,-83.41722
200302003,2003-06-10 00:00:00,CCGS LIMNOS,LAKE HURON,2,430522,-822334,1,11.0,2003-05-14 19:49:00,1297,3.00,.00,0.00100000,,0,.010000,LA/T-MS,LANTHANUM,UG/L,43.08944,-82.39278
200302003,2003-06-10 00:00:00,CCGS LIMNOS,LAKE HURON,3,433800,-821259,9,58.6,2003-05-14 23:44:00,1297,3.00,.00,0.00100000,,0,.012000,LA/T-MS,LANTHANUM,UG/L,43.63333,-82.21639
200302003,2003-06-10 00:00:00,CCGS LIMNOS,LAKE HURON,4,442712,-822032,32,80.0,2003-05-15 04:53:00,1297,3.00,.00,0.00100000,,0,.016000,LA/T-MS,LANTHANUM,UG/L,44.45333,-82.34222
200302003,2003-06-10 00:00:00,CCGS LIMNOS,LAKE HURON,5,450059,-824108,44,164.8,2003-05-15 09:01:00,1297,3.00,.00,0.00100000,,0,.012000,LA/T-MS,LANTHANUM,UG/L,45.01639,-82.68556
200302003,2003-06-10 00:00:00,CCGS LIMNOS,LAKE HURON,8,454500,-835500,61,116.3,2003-05-23 21:41:00,1297,3.00,.00,0.00100000,,0,.012000,LA/T-MS,LANTHANUM,UG/L,45.75000,-83.91667
200302003,2003-06-10 00:00:00,CCGS LIMNOS,LAKE HURON,9,453059,-832502,54,120.4,2003-05-24 00:23:00,1297,3.00,.00,0.00100000,,0,.012000,LA/T-MS,LANTHANUM,UG/L,45.51639,-83.41722
200302003,2003-06-10 00:00:00,CCGS LIMNOS,LAKE HURON,9,453059,-832502,54,120.4,2003-05-24 00:23:00,1297,3.00,.00,0.00100000,,1,.013000,LA/T-MS,LANTHANUM,UG/L,45.51639,-83.41722
200302003,2003-06-10 00:00:00,CCGS LIMNOS,LAKE HURON,2,430522,-822334,1,11.0,2003-05-14 19:49:00,1298,3.00,.00,0.20000000,,0,1.300000,LI/T-MS,LITHIUM,UG/L,43.08944,-82.39278
200302003,2003-06-10 00:00:00,CCGS LIMNOS,LAKE HURON,3,433800,-821259,9,58.6,2003-05-14 23:44:00,1298,3.00,.00,0.20000000,,0,1.300000,LI/T-MS,LITHIUM,UG/L,43.63333,-82.21639
200302003,2003-06-10 00:00:00,CCGS LIMNOS,LAKE HURON,4,442712,-822032,32,80.0,2003-05-15 04:53:00,1298,3.00,.00,0.20000000,,0,1.300000,LI/T-MS,LITHIUM,UG/L,44.45333,-82.34222
200302003,2003-06-10 00:00:00,CCGS LIMNOS,LAKE HURON,5,450059,-824108,44,164.8,2003-05-15 09:01:00,1298,3.00,.00,0.20000000,,0,1.200000,LI/T-MS,LITHIUM,UG/L,45.01639,-82.68556
200302003,2003-06-10 00:00:00,CCGS LIMNOS,LAKE HURON,8,454500,-835500,61,116.3,2003-05-23 21:41:00,1298,3.00,.00,0.20000000,,0,1.200000,LI/T-MS,LITHIUM,UG/L,45.75000,-83.91667
200302003,2003-06-10 00:00:00,CCGS LIMNOS,LAKE HURON,9,453059,-832502,54,120.4,2003-05-24 00:23:00,1298,3.00,.00,0.20000000,,0,1.200000,LI/T-MS,LITHIUM,UG/L,45.51639,-83.41722
200302003,2003-06-10 00:00:00,CCGS LIMNOS,LAKE HURON,9,453059,-832502,54,120.4,2003-05-24 00:23:00,1298,3.00,.00,0.20000000,,1,1.200000,LI/T-MS,LITHIUM,UG/L,45.51639,-83.41722
200302003,2003-06-10 00:00:00,CCGS LIMNOS,LAKE HURON,2,430522,-822334,1,11.0,2003-05-14 19:49:00,1299,3.00,.00,0.05000000,,0,.930000,MN/T-MS,MANGANESE,UG/L,43.08944,-82.39278
200302003,2003-06-10 00:00:00,CCGS LIMNOS,LAKE HURON,3,433800,-821259,9,58.6,2003-05-14 23:44:00,1299,3.00,.00,0.05000000,,0,1.100000,MN/T-MS,MANGANESE,UG/L,43.63333,-82.21639
200302003,2003-06-10 00:00:00,CCGS LIMNOS,LAKE HURON,4,442712,-822032,32,80.0,2003-05-15 04:53:00,1299,3.00,.00,0.05000000,,0,1.890000,MN/T-MS,MANGANESE,UG/L,44.45333,-82.34222
200302003,2003-06-10 00:00:00,CCGS LIMNOS,LAKE HURON,5,450059,-824108,44,164.8,2003-05-15 09:01:00,1299,3.00,.00,0.05000000,,0,.850000,MN/T-MS,MANGANESE,UG/L,45.01639,-82.68556
200302003,2003-06-10 00:00:00,CCGS LIMNOS,LAKE HURON,8,454500,-835500,61,116.3,2003-05-23 21:41:00,1299,3.00,.00,0.05000000,,0,.920000,MN/T-MS,MANGANESE,UG/L,45.75000,-83.91667
200302003,2003-06-10 00:00:00,CCGS LIMNOS,LAKE HURON,9,453059,-832502,54,120.4,2003-05-24 00:23:00,1299,3.00,.00,0.05000000,,0,1.030000,MN/T-MS,MANGANESE,UG/L,45.51639,-83.41722
200302003,2003-06-10 00:00:00,CCGS LIMNOS,LAKE HURON,9,453059,-832502,54,120.4,2003-05-24 00:23:00,1299,3.00,.00,0.05000000,,1,1.060000,MN/T-MS,MANGANESE,UG/L,45.51639,-83.41722
200302003,2003-06-10 00:00:00,CCGS LIMNOS,LAKE HURON,2,430522,-822334,1,11.0,2003-05-14 19:49:00,1300,3.00,.00,0.00500000,,0,.537000,MO/T-MS,MOLYBDENUM,UG/L,43.08944,-82.39278
200302003,2003-06-10 00:00:00,CCGS LIMNOS,LAKE HURON,3,433800,-821259,9,58.6,2003-05-14 23:44:00,1300,3.00,.00,0.00500000,,0,.524000,MO/T-MS,MOLYBDENUM,UG/L,43.63333,-82.21639
200302003,2003-06-10 00:00:00,CCGS LIMNOS,LAKE HURON,4,442712,-822032,32,80.0,2003-05-15 04:53:00,1300,3.00,.00,0.00500000,,0,.527000,MO/T-MS,MOLYBDENUM,UG/L,44.45333,-82.34222
200302003,2003-06-10 00:00:00,CCGS LIMNOS,LAKE HURON,5,450059,-824108,44,164.8,2003-05-15 09:01:00,1300,3.00,.00,0.00500000,,0,.528000,MO/T-MS,MOLYBDENUM,UG/L,45.01639,-82.68556
200302003,2003-06-10 00:00:00,CCGS LIMNOS,LAKE HURON,8,454500,-835500,61,116.3,2003-05-23 21:41:00,1300,3.00,.00,0.00500000,,0,.508000,MO/T-MS,MOLYBDENUM,UG/L,45.75000,-83.91667
200302003,2003-06-10 00:00:00,CCGS LIMNOS,LAKE HURON,9,453059,-832502,54,120.4,2003-05-24 00:23:00,1300,3.00,.00,0.00500000,,0,.510000,MO/T-MS,MOLYBDENUM,UG/L,45.51639,-83.41722
200302003,2003-06-10 00:00:00,CCGS LIMNOS,LAKE HURON,9,453059,-832502,54,120.4,2003-05-24 00:23:00,1300,3.00,.00,0.00500000,,1,.504000,MO/T-MS,MOLYBDENUM,UG/L,45.51639,-83.41722
200302003,2003-06-10 00:00:00,CCGS LIMNOS,LAKE HURON,2,430522,-822334,1,11.0,2003-05-14 19:49:00,1301,3.00,.00,0.02000000,,0,.440000,NI/T-MS,NICKEL,UG/L,43.08944,-82.39278
200302003,2003-06-10 00:00:00,CCGS LIMNOS,LAKE HURON,3,433800,-821259,9,58.6,2003-05-14 23:44:00,1301,3.00,.00,0.02000000,,0,.460000,NI/T-MS,NICKEL,UG/L,43.63333,-82.21639
200302003,2003-06-10 00:00:00,CCGS LIMNOS,LAKE HURON,4,442712,-822032,32,80.0,2003-05-15 04:53:00,1301,3.00,.00,0.02000000,,0,.480000,NI/T-MS,NICKEL,UG/L,44.45333,-82.34222
200302003,2003-06-10 00:00:00,CCGS LIMNOS,LAKE HURON,5,450059,-824108,44,164.8,2003-05-15 09:01:00,1301,3.00,.00,0.02000000,,0,.420000,NI/T-MS,NICKEL,UG/L,45.01639,-82.68556
200302003,2003-06-10 00:00:00,CCGS LIMNOS,LAKE HURON,8,454500,-835500,61,116.3,2003-05-23 21:41:00,1301,3.00,.00,0.02000000,,0,.480000,NI/T-MS,NICKEL,UG/L,45.75000,-83.91667
200302003,2003-06-10 00:00:00,CCGS LIMNOS,LAKE HURON,9,453059,-832502,54,120.4,2003-05-24 00:23:00,1301,3.00,.00,0.02000000,,0,.470000,NI/T-MS,NICKEL,UG/L,45.51639,-83.41722
200302003,2003-06-10 00:00:00,CCGS LIMNOS,LAKE HURON,9,453059,-832502,54,120.4,2003-05-24 00:23:00,1301,3.00,.00,0.02000000,,1,.470000,NI/T-MS,NICKEL,UG/L,45.51639,-83.41722
200302003,2003-06-10 00:00:00,CCGS LIMNOS,LAKE HURON,2,430522,-822334,1,11.0,2003-05-14 19:49:00,1302,3.00,.00,0.00500000,,0,.016000,PB/T-MS,LEAD,UG/L,43.08944,-82.39278
200302003,2003-06-10 00:00:00,CCGS LIMNOS,LAKE HURON,3,433800,-821259,9,58.6,2003-05-14 23:44:00,1302,3.00,.00,0.00500000,,0,.030000,PB/T-MS,LEAD,UG/L,43.63333,-82.21639
200302003,2003-06-10 00:00:00,CCGS LIMNOS,LAKE HURON,4,442712,-822032,32,80.0,2003-05-15 04:53:00,1302,3.00,.00,0.00500000,,0,.042000,PB/T-MS,LEAD,UG/L,44.45333,-82.34222
200302003,2003-06-10 00:00:00,CCGS LIMNOS,LAKE HURON,5,450059,-824108,44,164.8,2003-05-15 09:01:00,1302,3.00,.00,0.00500000,,0,.016000,PB/T-MS,LEAD,UG/L,45.01639,-82.68556
200302003,2003-06-10 00:00:00,CCGS LIMNOS,LAKE HURON,8,454500,-835500,61,116.3,2003-05-23 21:41:00,1302,3.00,.00,0.00500000,,0,.027000,PB/T-MS,LEAD,UG/L,45.75000,-83.91667
200302003,2003-06-10 00:00:00,CCGS LIMNOS,LAKE HURON,9,453059,-832502,54,120.4,2003-05-24 00:23:00,1302,3.00,.00,0.00500000,,0,.017000,PB/T-MS,LEAD,UG/L,45.51639,-83.41722
200302003,2003-06-10 00:00:00,CCGS LIMNOS,LAKE HURON,9,453059,-832502,54,120.4,2003-05-24 00:23:00,1302,3.00,.00,0.00500000,,1,.025000,PB/T-MS,LEAD,UG/L,45.51639,-83.41722
200302003,2003-06-10 00:00:00,CCGS LIMNOS,LAKE HURON,2,430522,-822334,1,11.0,2003-05-14 19:49:00,1303,3.00,.00,0.01000000,,0,.940000,RB/T-MS,RUBIDIUM,UG/L,43.08944,-82.39278
200302003,2003-06-10 00:00:00,CCGS LIMNOS,LAKE HURON,3,433800,-821259,9,58.6,2003-05-14 23:44:00,1303,3.00,.00,0.01000000,,0,.940000,RB/T-MS,RUBIDIUM,UG/L,43.63333,-82.21639
200302003,2003-06-10 00:00:00,CCGS LIMNOS,LAKE HURON,4,442712,-822032,32,80.0,2003-05-15 04:53:00,1303,3.00,.00,0.01000000,,0,.950000,RB/T-MS,RUBIDIUM,UG/L,44.45333,-82.34222
200302003,2003-06-10 00:00:00,CCGS LIMNOS,LAKE HURON,5,450059,-824108,44,164.8,2003-05-15 09:01:00,1303,3.00,.00,0.01000000,,0,.970000,RB/T-MS,RUBIDIUM,UG/L,45.01639,-82.68556
200302003,2003-06-10 00:00:00,CCGS LIMNOS,LAKE HURON,8,454500,-835500,61,116.3,2003-05-23 21:41:00,1303,3.00,.00,0.01000000,,0,.940000,RB/T-MS,RUBIDIUM,UG/L,45.75000,-83.91667
200302003,2003-06-10 00:00:00,CCGS LIMNOS,LAKE HURON,9,453059,-832502,54,120.4,2003-05-24 00:23:00,1303,3.00,.00,0.01000000,,0,.940000,RB/T-MS,RUBIDIUM,UG/L,45.51639,-83.41722
200302003,2003-06-10 00:00:00,CCGS LIMNOS,LAKE HURON,9,453059,-832502,54,120.4,2003-05-24 00:23:00,1303,3.00,.00,0.01000000,,1,.940000,RB/T-MS,RUBIDIUM,UG/L,45.51639,-83.41722
200302003,2003-06-10 00:00:00,CCGS LIMNOS,LAKE HURON,2,430522,-822334,1,11.0,2003-05-14 19:49:00,1304,3.00,.00,0.00100000,,0,.113000,SB/T-MS,ANTIMONY,UG/L,43.08944,-82.39278
200302003,2003-06-10 00:00:00,CCGS LIMNOS,LAKE HURON,3,433800,-821259,9,58.6,2003-05-14 23:44:00,1304,3.00,.00,0.00100000,,0,.111000,SB/T-MS,ANTIMONY,UG/L,43.63333,-82.21639
200302003,2003-06-10 00:00:00,CCGS LIMNOS,LAKE HURON,4,442712,-822032,32,80.0,2003-05-15 04:53:00,1304,3.00,.00,0.00100000,,0,.109000,SB/T-MS,ANTIMONY,UG/L,44.45333,-82.34222
200302003,2003-06-10 00:00:00,CCGS LIMNOS,LAKE HURON,5,450059,-824108,44,164.8,2003-05-15 09:01:00,1304,3.00,.00,0.00100000,,0,.111000,SB/T-MS,ANTIMONY,UG/L,45.01639,-82.68556
200302003,2003-06-10 00:00:00,CCGS LIMNOS,LAKE HURON,8,454500,-835500,61,116.3,2003-05-23 21:41:00,1304,3.00,.00,0.00100000,,0,.109000,SB/T-MS,ANTIMONY,UG/L,45.75000,-83.91667
200302003,2003-06-10 00:00:00,CCGS LIMNOS,LAKE HURON,9,453059,-832502,54,120.4,2003-05-24 00:23:00,1304,3.00,.00,0.00100000,,0,.109000,SB/T-MS,ANTIMONY,UG/L,45.51639,-83.41722
200302003,2003-06-10 00:00:00,CCGS LIMNOS,LAKE HURON,9,453059,-832502,54,120.4,2003-05-24 00:23:00,1304,3.00,.00,0.00100000,,1,.110000,SB/T-MS,ANTIMONY,UG/L,45.51639,-83.41722
200302003,2003-06-10 00:00:00,CCGS LIMNOS,LAKE HURON,2,430522,-822334,1,11.0,2003-05-14 19:49:00,1305,3.00,.00,0.05000000,,0,97.700000,SR/T-MS,STRONTIUM,UG/L,43.08944,-82.39278
200302003,2003-06-10 00:00:00,CCGS LIMNOS,LAKE HURON,3,433800,-821259,9,58.6,2003-05-14 23:44:00,1305,3.00,.00,0.05000000,,0,96.100000,SR/T-MS,STRONTIUM,UG/L,43.63333,-82.21639
200302003,2003-06-10 00:00:00,CCGS LIMNOS,LAKE HURON,4,442712,-822032,32,80.0,2003-05-15 04:53:00,1305,3.00,.00,0.05000000,,0,96.600000,SR/T-MS,STRONTIUM,UG/L,44.45333,-82.34222
200302003,2003-06-10 00:00:00,CCGS LIMNOS,LAKE HURON,5,450059,-824108,44,164.8,2003-05-15 09:01:00,1305,3.00,.00,0.05000000,,0,99.400000,SR/T-MS,STRONTIUM,UG/L,45.01639,-82.68556
200302003,2003-06-10 00:00:00,CCGS LIMNOS,LAKE HURON,8,454500,-835500,61,116.3,2003-05-23 21:41:00,1305,3.00,.00,0.05000000,,0,92.100000,SR/T-MS,STRONTIUM,UG/L,45.75000,-83.91667
200302003,2003-06-10 00:00:00,CCGS LIMNOS,LAKE HURON,9,453059,-832502,54,120.4,2003-05-24 00:23:00,1305,3.00,.00,0.05000000,,0,94.800000,SR/T-MS,STRONTIUM,UG/L,45.51639,-83.41722
200302003,2003-06-10 00:00:00,CCGS LIMNOS,LAKE HURON,9,453059,-832502,54,120.4,2003-05-24 00:23:00,1305,3.00,.00,0.05000000,,1,93.600000,SR/T-MS,STRONTIUM,UG/L,45.51639,-83.41722
200302003,2003-06-10 00:00:00,CCGS LIMNOS,LAKE HURON,2,430522,-822334,1,11.0,2003-05-14 19:49:00,1306,3.00,.00,0.00100000,,0,.002000,TL/T-MS,THALLIUM,UG/L,43.08944,-82.39278
200302003,2003-06-10 00:00:00,CCGS LIMNOS,LAKE HURON,3,433800,-821259,9,58.6,2003-05-14 23:44:00,1306,3.00,.00,0.00100000,,0,.002000,TL/T-MS,THALLIUM,UG/L,43.63333,-82.21639
200302003,2003-06-10 00:00:00,CCGS LIMNOS,LAKE HURON,4,442712,-822032,32,80.0,2003-05-15 04:53:00,1306,3.00,.00,0.00100000,,0,.002000,TL/T-MS,THALLIUM,UG/L,44.45333,-82.34222
200302003,2003-06-10 00:00:00,CCGS LIMNOS,LAKE HURON,5,450059,-824108,44,164.8,2003-05-15 09:01:00,1306,3.00,.00,0.00100000,,0,.002000,TL/T-MS,THALLIUM,UG/L,45.01639,-82.68556
200302003,2003-06-10 00:00:00,CCGS LIMNOS,LAKE HURON,8,454500,-835500,61,116.3,2003-05-23 21:41:00,1306,3.00,.00,0.00100000,,0,.002000,TL/T-MS,THALLIUM,UG/L,45.75000,-83.91667
200302003,2003-06-10 00:00:00,CCGS LIMNOS,LAKE HURON,9,453059,-832502,54,120.4,2003-05-24 00:23:00,1306,3.00,.00,0.00100000,,0,.002000,TL/T-MS,THALLIUM,UG/L,45.51639,-83.41722
200302003,2003-06-10 00:00:00,CCGS LIMNOS,LAKE HURON,9,453059,-832502,54,120.4,2003-05-24 00:23:00,1306,3.00,.00,0.00100000,,1,.002000,TL/T-MS,THALLIUM,UG/L,45.51639,-83.41722
200302003,2003-06-10 00:00:00,CCGS LIMNOS,LAKE HURON,2,430522,-822334,1,11.0,2003-05-14 19:49:00,1307,3.00,.00,0.00050000,,0,.216000,U/T-MS,URANIUM,UG/L,43.08944,-82.39278
200302003,2003-06-10 00:00:00,CCGS LIMNOS,LAKE HURON,3,433800,-821259,9,58.6,2003-05-14 23:44:00,1307,3.00,.00,0.00050000,,0,.209000,U/T-MS,URANIUM,UG/L,43.63333,-82.21639
200302003,2003-06-10 00:00:00,CCGS LIMNOS,LAKE HURON,4,442712,-822032,32,80.0,2003-05-15 04:53:00,1307,3.00,.00,0.00050000,,0,.210000,U/T-MS,URANIUM,UG/L,44.45333,-82.34222
200302003,2003-06-10 00:00:00,CCGS LIMNOS,LAKE HURON,5,450059,-824108,44,164.8,2003-05-15 09:01:00,1307,3.00,.00,0.00050000,,0,.214000,U/T-MS,URANIUM,UG/L,45.01639,-82.68556
200302003,2003-06-10 00:00:00,CCGS LIMNOS,LAKE HURON,8,454500,-835500,61,116.3,2003-05-23 21:41:00,1307,3.00,.00,0.00050000,,0,.202000,U/T-MS,URANIUM,UG/L,45.75000,-83.91667
200302003,2003-06-10 00:00:00,CCGS LIMNOS,LAKE HURON,9,453059,-832502,54,120.4,2003-05-24 00:23:00,1307,3.00,.00,0.00050000,,0,.205000,U/T-MS,URANIUM,UG/L,45.51639,-83.41722
200302003,2003-06-10 00:00:00,CCGS LIMNOS,LAKE HURON,9,453059,-832502,54,120.4,2003-05-24 00:23:00,1307,3.00,.00,0.00050000,,1,.204000,U/T-MS,URANIUM,UG/L,45.51639,-83.41722
200302003,2003-06-10 00:00:00,CCGS LIMNOS,LAKE HURON,2,430522,-822334,1,11.0,2003-05-14 19:49:00,1308,3.00,.00,0.00500000,,0,.183000,V/T-MS,VANADIUM,UG/L,43.08944,-82.39278
200302003,2003-06-10 00:00:00,CCGS LIMNOS,LAKE HURON,3,433800,-821259,9,58.6,2003-05-14 23:44:00,1308,3.00,.00,0.00500000,,0,.218000,V/T-MS,VANADIUM,UG/L,43.63333,-82.21639
200302003,2003-06-10 00:00:00,CCGS LIMNOS,LAKE HURON,4,442712,-822032,32,80.0,2003-05-15 04:53:00,1308,3.00,.00,0.00500000,,0,.205000,V/T-MS,VANADIUM,UG/L,44.45333,-82.34222
200302003,2003-06-10 00:00:00,CCGS LIMNOS,LAKE HURON,5,450059,-824108,44,164.8,2003-05-15 09:01:00,1308,3.00,.00,0.00500000,,0,.201000,V/T-MS,VANADIUM,UG/L,45.01639,-82.68556
200302003,2003-06-10 00:00:00,CCGS LIMNOS,LAKE HURON,8,454500,-835500,61,116.3,2003-05-23 21:41:00,1308,3.00,.00,0.00500000,,0,.190000,V/T-MS,VANADIUM,UG/L,45.75000,-83.91667
200302003,2003-06-10 00:00:00,CCGS LIMNOS,LAKE HURON,9,453059,-832502,54,120.4,2003-05-24 00:23:00,1308,3.00,.00,0.00500000,,0,.186000,V/T-MS,VANADIUM,UG/L,45.51639,-83.41722
200302003,2003-06-10 00:00:00,CCGS LIMNOS,LAKE HURON,9,453059,-832502,54,120.4,2003-05-24 00:23:00,1308,3.00,.00,0.00500000,,1,.196000,V/T-MS,VANADIUM,UG/L,45.51639,-83.41722
200302003,2003-06-10 00:00:00,CCGS LIMNOS,LAKE HURON,2,430522,-822334,1,11.0,2003-05-14 19:49:00,1309,3.00,.00,0.05000000,,0,.250000,ZN/T-MS,ZINC,UG/L,43.08944,-82.39278
200302003,2003-06-10 00:00:00,CCGS LIMNOS,LAKE HURON,3,433800,-821259,9,58.6,2003-05-14 23:44:00,1309,3.00,.00,0.05000000,,0,.240000,ZN/T-MS,ZINC,UG/L,43.63333,-82.21639
200302003,2003-06-10 00:00:00,CCGS LIMNOS,LAKE HURON,4,442712,-822032,32,80.0,2003-05-15 04:53:00,1309,3.00,.00,0.05000000,,0,.230000,ZN/T-MS,ZINC,UG/L,44.45333,-82.34222
200302003,2003-06-10 00:00:00,CCGS LIMNOS,LAKE HURON,5,450059,-824108,44,164.8,2003-05-15 09:01:00,1309,3.00,.00,0.05000000,,0,.180000,ZN/T-MS,ZINC,UG/L,45.01639,-82.68556
200302003,2003-06-10 00:00:00,CCGS LIMNOS,LAKE HURON,8,454500,-835500,61,116.3,2003-05-23 21:41:00,1309,3.00,.00,0.05000000,,0,5.810000,ZN/T-MS,ZINC,UG/L,45.75000,-83.91667
200302003,2003-06-10 00:00:00,CCGS LIMNOS,LAKE HURON,9,453059,-832502,54,120.4,2003-05-24 00:23:00,1309,3.00,.00,0.05000000,,0,.180000,ZN/T-MS,ZINC,UG/L,45.51639,-83.41722
200302003,2003-06-10 00:00:00,CCGS LIMNOS,LAKE HURON,9,453059,-832502,54,120.4,2003-05-24 00:23:00,1309,3.00,.00,0.05000000,,1,.250000,ZN/T-MS,ZINC,UG/L,45.51639,-83.41722
200302003,2003-06-10 00:00:00,CCGS LIMNOS,LAKE HURON,2,430522,-822334,1,11.0,2003-05-14 19:49:00,1310,3.00,.00,0.00100000,<,0,.001000,BI/T-MS,BISMUTH,UG/L,43.08944,-82.39278
200302003,2003-06-10 00:00:00,CCGS LIMNOS,LAKE HURON,3,433800,-821259,9,58.6,2003-05-14 23:44:00,1310,3.00,.00,0.00100000,<,0,.001000,BI/T-MS,BISMUTH,UG/L,43.63333,-82.21639
200302003,2003-06-10 00:00:00,CCGS LIMNOS,LAKE HURON,4,442712,-822032,32,80.0,2003-05-15 04:53:00,1310,3.00,.00,0.00100000,<,0,.001000,BI/T-MS,BISMUTH,UG/L,44.45333,-82.34222
200302003,2003-06-10 00:00:00,CCGS LIMNOS,LAKE HURON,5,450059,-824108,44,164.8,2003-05-15 09:01:00,1310,3.00,.00,0.00100000,<,0,.001000,BI/T-MS,BISMUTH,UG/L,45.01639,-82.68556
200302003,2003-06-10 00:00:00,CCGS LIMNOS,LAKE HURON,8,454500,-835500,61,116.3,2003-05-23 21:41:00,1310,3.00,.00,0.00100000,<,0,.001000,BI/T-MS,BISMUTH,UG/L,45.75000,-83.91667
200302003,2003-06-10 00:00:00,CCGS LIMNOS,LAKE HURON,9,453059,-832502,54,120.4,2003-05-24 00:23:00,1310,3.00,.00,0.00100000,<,0,.001000,BI/T-MS,BISMUTH,UG/L,45.51639,-83.41722
200302003,2003-06-10 00:00:00,CCGS LIMNOS,LAKE HURON,9,453059,-832502,54,120.4,2003-05-24 00:23:00,1310,3.00,.00,0.00100000,<,1,.001000,BI/T-MS,BISMUTH,UG/L,45.51639,-83.41722
200302003,2003-06-10 00:00:00,CCGS LIMNOS,LAKE HURON,2,430522,-822334,1,11.0,2003-05-14 19:49:00,1311,3.00,.00,0.05000000,,0,.130000,SE/T-MS,SELENIUM,UG/L,43.08944,-82.39278
200302003,2003-06-10 00:00:00,CCGS LIMNOS,LAKE HURON,3,433800,-821259,9,58.6,2003-05-14 23:44:00,1311,3.00,.00,0.05000000,,0,.130000,SE/T-MS,SELENIUM,UG/L,43.63333,-82.21639
200302003,2003-06-10 00:00:00,CCGS LIMNOS,LAKE HURON,4,442712,-822032,32,80.0,2003-05-15 04:53:00,1311,3.00,.00,0.05000000,,0,.070000,SE/T-MS,SELENIUM,UG/L,44.45333,-82.34222
200302003,2003-06-10 00:00:00,CCGS LIMNOS,LAKE HURON,5,450059,-824108,44,164.8,2003-05-15 09:01:00,1311,3.00,.00,0.05000000,,0,.160000,SE/T-MS,SELENIUM,UG/L,45.01639,-82.68556
200302003,2003-06-10 00:00:00,CCGS LIMNOS,LAKE HURON,8,454500,-835500,61,116.3,2003-05-23 21:41:00,1311,3.00,.00,0.05000000,,0,.140000,SE/T-MS,SELENIUM,UG/L,45.75000,-83.91667
200302003,2003-06-10 00:00:00,CCGS LIMNOS,LAKE HURON,9,453059,-832502,54,120.4,2003-05-24 00:23:00,1311,3.00,.00,0.05000000,,0,.190000,SE/T-MS,SELENIUM,UG/L,45.51639,-83.41722
200302003,2003-06-10 00:00:00,CCGS LIMNOS,LAKE HURON,9,453059,-832502,54,120.4,2003-05-24 00:23:00,1311,3.00,.00,0.05000000,,1,.210000,SE/T-MS,SELENIUM,UG/L,45.51639,-83.41722
200302003,2003-06-10 00:00:00,CCGS LIMNOS,LAKE HURON,2,430522,-822334,1,11.0,2003-05-14 19:49:00,2150,3.00,.00,,,0,.920000,HG-T,TOTAL MERCURY,NG/L,43.08944,-82.39278
200302003,2003-06-10 00:00:00,CCGS LIMNOS,LAKE HURON,3,433800,-821259,9,58.6,2003-05-14 23:44:00,2150,3.00,.00,,,0,.790000,HG-T,TOTAL MERCURY,NG/L,43.63333,-82.21639
200302003,2003-06-10 00:00:00,CCGS LIMNOS,LAKE HURON,4,442712,-822032,32,80.0,2003-05-15 04:53:00,2150,3.00,.00,,,0,.630000,HG-T,TOTAL MERCURY,NG/L,44.45333,-82.34222
200302003,2003-06-10 00:00:00,CCGS LIMNOS,LAKE HURON,5,450059,-824108,44,164.8,2003-05-15 09:01:00,2150,3.00,.00,,,0,1.110000,HG-T,TOTAL MERCURY,NG/L,45.01639,-82.68556
200302003,2003-06-10 00:00:00,CCGS LIMNOS,LAKE HURON,8,454500,-835500,61,116.3,2003-05-23 21:41:00,2150,3.00,.00,,,0,.810000,HG-T,TOTAL MERCURY,NG/L,45.75000,-83.91667
200302003,2003-06-10 00:00:00,CCGS LIMNOS,LAKE HURON,9,453059,-832502,54,120.4,2003-05-24 00:23:00,2150,3.00,.00,,,0,.780000,HG-T,TOTAL MERCURY,NG/L,45.51639,-83.41722
