CRUISE_PLAN,LAST_DATE_UPDATED,SHIP_NAME,WATER_BODY,CSN,LATITUDE,LONGITUDE,PSN,SOUNDING,STN_DATE,CODE,DEPTH_FROM,DEPTH_TO,DETECTION,FLAG,SEQ_NO,VALUE,ABBREV,FULL_NAME,UNITS,LATITUDE_DD,LONGITUDE_DD
201802002,2019-02-19 21:09:31,CCGS LIMNOS,LAKE HURON,1,430524,-822330,1,10.34,2018-09-10 23:38:00,6,1.00,.00,,,0,1.000000,TPL,TEMPERATURE PROFILE LOCATION,,43.09000,-82.39167
201802002,2019-02-19 21:09:31,CCGS LIMNOS,LAKE HURON,1,430524,-822330,1,10.34,2018-09-10 23:38:00,6,1.00,.00,,,1,1.000000,TPL,TEMPERATURE PROFILE LOCATION,,43.09000,-82.39167
201802002,2019-02-19 21:09:31,CCGS LIMNOS,LAKE HURON,1,430524,-822330,1,10.34,2018-09-10 23:38:00,6,8.00,.00,,,0,1.000000,TPL,TEMPERATURE PROFILE LOCATION,,43.09000,-82.39167
201802002,2019-02-19 21:09:31,CCGS LIMNOS,LAKE HURON,2,431524,-820219,3,14.91,2018-09-11 02:08:00,6,1.00,.00,,,0,1.000000,TPL,TEMPERATURE PROFILE LOCATION,,43.25667,-82.03861
201802002,2019-02-19 21:09:31,CCGS LIMNOS,LAKE HURON,3,431928,-814722,4,9.81,2018-09-11 03:45:00,6,1.00,.00,,,0,1.000000,TPL,TEMPERATURE PROFILE LOCATION,,43.32444,-81.78944
201802002,2019-02-19 21:09:31,CCGS LIMNOS,LAKE HURON,4,433252,-814440,5,11.12,2018-09-11 05:38:00,6,1.00,.00,,,0,1.000000,TPL,TEMPERATURE PROFILE LOCATION,,43.54778,-81.74444
201802002,2019-02-19 21:09:31,CCGS LIMNOS,LAKE HURON,5,434508,-814655,10,12.08,2018-09-11 07:16:00,6,1.00,.00,,,0,1.000000,TPL,TEMPERATURE PROFILE LOCATION,,43.75222,-81.78194
201802002,2019-02-19 21:09:31,CCGS LIMNOS,LAKE HURON,5,434508,-814655,10,12.08,2018-09-11 07:16:00,6,1.00,.00,,,1,1.000000,TPL,TEMPERATURE PROFILE LOCATION,,43.75222,-81.78194
201802002,2019-02-19 21:09:31,CCGS LIMNOS,LAKE HURON,6,435325,-820319,12,87.02,2018-09-11 09:19:00,6,1.00,.00,,,0,1.000000,TPL,TEMPERATURE PROFILE LOCATION,,43.89028,-82.05528
201802002,2019-02-19 21:09:31,CCGS LIMNOS,LAKE HURON,7,435722,-814711,11,9.94,2018-09-11 11:20:00,6,1.00,.00,,,0,1.000000,TPL,TEMPERATURE PROFILE LOCATION,,43.95611,-81.78639
201802002,2019-02-19 21:09:31,CCGS LIMNOS,LAKE HURON,8,442203,-815002,29,124.4,2018-09-11 14:35:00,6,1.00,.00,,,0,1.000000,TPL,TEMPERATURE PROFILE LOCATION,,44.36750,-81.83389
201802002,2019-02-19 21:09:31,CCGS LIMNOS,LAKE HURON,8,442203,-815002,29,124.4,2018-09-11 14:35:00,6,10.00,.00,,,0,1.000000,TPL,TEMPERATURE PROFILE LOCATION,,44.36750,-81.83389
201802002,2019-02-19 21:09:31,CCGS LIMNOS,LAKE HURON,8,442203,-815002,29,124.4,2018-09-11 14:35:00,6,14.00,.00,,,0,2.000000,TPL,TEMPERATURE PROFILE LOCATION,,44.36750,-81.83389
201802002,2019-02-19 21:09:31,CCGS LIMNOS,LAKE HURON,8,442203,-815002,29,124.4,2018-09-11 14:35:00,6,20.00,.00,,,0,3.000000,TPL,TEMPERATURE PROFILE LOCATION,,44.36750,-81.83389
201802002,2019-02-19 21:09:31,CCGS LIMNOS,LAKE HURON,8,442203,-815002,29,124.4,2018-09-11 14:35:00,6,114.00,.00,,,0,3.000000,TPL,TEMPERATURE PROFILE LOCATION,,44.36750,-81.83389
201802002,2019-02-19 21:09:31,CCGS LIMNOS,LAKE HURON,8,442203,-815002,29,124.4,2018-09-11 14:35:00,6,122.00,.00,,,0,3.000000,TPL,TEMPERATURE PROFILE LOCATION,,44.36750,-81.83389
201802002,2019-02-19 21:09:31,CCGS LIMNOS,LAKE HURON,9,442757,-812713,30,19.91,2018-09-11 16:57:00,6,1.00,.00,,,0,1.000000,TPL,TEMPERATURE PROFILE LOCATION,,44.46583,-81.45361
201802002,2019-02-19 21:09:31,CCGS LIMNOS,LAKE HURON,10,443920,-812240,39,25.46,2018-09-11 18:30:00,6,1.00,.00,,,0,1.000000,TPL,TEMPERATURE PROFILE LOCATION,,44.65556,-81.37778
201802002,2019-02-19 21:09:31,CCGS LIMNOS,LAKE HURON,10,443920,-812240,39,25.46,2018-09-11 18:30:00,6,1.00,.00,,,1,1.000000,TPL,TEMPERATURE PROFILE LOCATION,,44.65556,-81.37778
201802002,2019-02-19 21:09:31,CCGS LIMNOS,LAKE HURON,11,445354,-812617,40,20.6,2018-09-11 21:16:00,6,1.00,.00,,,0,1.000000,TPL,TEMPERATURE PROFILE LOCATION,,44.89833,-81.43806
201802002,2019-02-19 21:09:31,CCGS LIMNOS,LAKE HURON,12,444425,-820324,38,134.62,2018-09-12 00:30:00,6,1.00,.00,,,0,1.000000,TPL,TEMPERATURE PROFILE LOCATION,,44.74028,-82.05667
201802002,2019-02-19 21:09:31,CCGS LIMNOS,LAKE HURON,13,450106,-815835,43,173.44,2018-09-12 03:39:00,6,1.00,.00,,,0,1.000000,TPL,TEMPERATURE PROFILE LOCATION,,45.01833,-81.97639
201802002,2019-02-19 21:09:31,CCGS LIMNOS,LAKE HURON,14,450459,-813213,41,21.37,2018-09-12 05:44:00,6,1.00,.00,,,0,1.000000,TPL,TEMPERATURE PROFILE LOCATION,,45.08306,-81.53694
201802002,2019-02-19 21:09:31,CCGS LIMNOS,LAKE HURON,15,451315,-814914,42,43.58,2018-09-12 07:39:00,6,1.00,.00,,,0,1.000000,TPL,TEMPERATURE PROFILE LOCATION,,45.22083,-81.82056
201802002,2019-02-19 21:09:31,CCGS LIMNOS,LAKE HURON,15,451315,-814914,42,43.58,2018-09-12 07:39:00,6,1.00,.00,,,1,1.000000,TPL,TEMPERATURE PROFILE LOCATION,,45.22083,-81.82056
201802002,2019-02-19 21:09:31,CCGS LIMNOS,LAKE HURON,16,451644,-822704,48,110.28,2018-09-12 10:54:00,6,1.00,.00,,,0,1.000000,TPL,TEMPERATURE PROFILE LOCATION,,45.27889,-82.45111
201802002,2019-02-19 21:09:31,CCGS LIMNOS,LAKE HURON,17,453209,-820244,50,26.19,2018-09-12 13:40:00,6,1.00,.00,,,0,1.000000,TPL,TEMPERATURE PROFILE LOCATION,,45.53583,-82.04556
201802002,2019-02-19 21:09:31,CCGS LIMNOS,LAKE HURON,18,453904,-823850,52,65.02,2018-09-12 17:13:00,6,1.00,.00,,,0,1.000000,TPL,TEMPERATURE PROFILE LOCATION,,45.65111,-82.64722
201802002,2019-02-19 21:09:31,CCGS LIMNOS,LAKE HURON,19,454559,-830141,59,17.98,2018-09-12 19:44:00,6,1.00,.00,,,0,1.000000,TPL,TEMPERATURE PROFILE LOCATION,,45.76639,-83.02806
201802002,2019-02-19 21:09:31,CCGS LIMNOS,LAKE HURON,20,455200,-831558,58,12.75,2018-09-12 21:24:00,6,1.00,.00,,,0,1.000000,TPL,TEMPERATURE PROFILE LOCATION,,45.86667,-83.26611
201802002,2019-02-19 21:09:31,CCGS LIMNOS,LAKE HURON,20,455200,-831558,58,12.75,2018-09-12 21:24:00,6,1.00,.00,,,1,1.000000,TPL,TEMPERATURE PROFILE LOCATION,,45.86667,-83.26611
201802002,2019-02-19 21:09:31,CCGS LIMNOS,LAKE HURON,21,455404,-833110,60,24.14,2018-09-12 23:15:00,6,1.00,.00,,,0,1.000000,TPL,TEMPERATURE PROFILE LOCATION,,45.90111,-83.51944
201802002,2019-02-19 21:09:31,CCGS LIMNOS,LAKE HURON,22,455959,-832600,76,58.38,2018-09-13 00:29:00,6,1.00,.00,,,0,1.000000,TPL,TEMPERATURE PROFILE LOCATION,,45.99972,-83.43333
201802002,2019-02-19 21:09:31,CCGS LIMNOS,LAKE HURON,23,455814,-831157,77,77.89,2018-09-13 01:46:00,6,1.00,.00,,,0,1.000000,TPL,TEMPERATURE PROFILE LOCATION,,45.97056,-83.19917
201802002,2019-02-19 21:09:31,CCGS LIMNOS,LAKE HURON,24,455612,-824534,82,28.12,2018-09-13 04:52:00,6,1.00,.00,,,0,1.000000,TPL,TEMPERATURE PROFILE LOCATION,,45.93667,-82.75944
201802002,2019-02-19 21:09:31,CCGS LIMNOS,LAKE HURON,25,455959,-823301,83,31.13,2018-09-13 06:16:00,6,1.00,.00,,,0,1.000000,TPL,TEMPERATURE PROFILE LOCATION,,45.99972,-82.55028
201802002,2019-02-19 21:09:31,CCGS LIMNOS,LAKE HURON,25,455959,-823301,83,31.13,2018-09-13 06:16:00,6,1.00,.00,,,1,1.000000,TPL,TEMPERATURE PROFILE LOCATION,,45.99972,-82.55028
201802002,2019-02-19 21:09:31,CCGS LIMNOS,LAKE HURON,26,460340,-821149,87,43.68,2018-09-13 08:08:00,6,1.00,.00,,,0,1.000000,TPL,TEMPERATURE PROFILE LOCATION,,46.06111,-82.19694
201802002,2019-02-19 21:09:31,CCGS LIMNOS,LAKE HURON,27,460319,-820000,88,35.75,2018-09-13 09:21:00,6,1.00,.00,,,0,1.000000,TPL,TEMPERATURE PROFILE LOCATION,,46.05528,-82.00000
201802002,2019-02-19 21:09:31,CCGS LIMNOS,LAKE HURON,28,455459,-820940,89,38.74,2018-09-13 11:07:00,6,1.00,.00,,,0,1.000000,TPL,TEMPERATURE PROFILE LOCATION,,45.91639,-82.16111
201802002,2019-02-19 21:09:31,CCGS LIMNOS,LAKE HURON,29,460630,-825048,84,35.65,2018-09-13 15:44:00,6,1.00,.00,,,0,1.000000,TPL,TEMPERATURE PROFILE LOCATION,,46.10833,-82.84667
201802002,2019-02-19 21:09:31,CCGS LIMNOS,LAKE HURON,29,460630,-825048,84,35.65,2018-09-13 15:44:00,6,12.00,.00,,,0,1.000000,TPL,TEMPERATURE PROFILE LOCATION,,46.10833,-82.84667
201802002,2019-02-19 21:09:31,CCGS LIMNOS,LAKE HURON,29,460630,-825048,84,35.65,2018-09-13 15:44:00,6,14.00,.00,,,0,2.000000,TPL,TEMPERATURE PROFILE LOCATION,,46.10833,-82.84667
201802002,2019-02-19 21:09:31,CCGS LIMNOS,LAKE HURON,29,460630,-825048,84,35.65,2018-09-13 15:44:00,6,16.00,.00,,,0,3.000000,TPL,TEMPERATURE PROFILE LOCATION,,46.10833,-82.84667
201802002,2019-02-19 21:09:31,CCGS LIMNOS,LAKE HURON,29,460630,-825048,84,35.65,2018-09-13 15:44:00,6,34.00,.00,,,0,3.000000,TPL,TEMPERATURE PROFILE LOCATION,,46.10833,-82.84667
201802002,2019-02-19 21:09:31,CCGS LIMNOS,LAKE HURON,30,460722,-825305,79,25.79,2018-09-13 15:58:00,6,1.00,.00,,,0,1.000000,TPL,TEMPERATURE PROFILE LOCATION,,46.12278,-82.88472
201802002,2019-02-19 21:09:31,CCGS LIMNOS,LAKE HURON,30,460722,-825305,79,25.79,2018-09-13 15:58:00,6,1.00,.00,,,1,1.000000,TPL,TEMPERATURE PROFILE LOCATION,,46.12278,-82.88472
201802002,2019-02-19 21:09:31,CCGS LIMNOS,LAKE HURON,30,460722,-825305,79,25.79,2018-09-13 15:58:00,6,12.00,.00,,,0,1.000000,TPL,TEMPERATURE PROFILE LOCATION,,46.12278,-82.88472
201802002,2019-02-19 21:09:31,CCGS LIMNOS,LAKE HURON,30,460722,-825305,79,25.79,2018-09-13 15:58:00,6,16.00,.00,,,0,2.000000,TPL,TEMPERATURE PROFILE LOCATION,,46.12278,-82.88472
201802002,2019-02-19 21:09:31,CCGS LIMNOS,LAKE HURON,30,460722,-825305,79,25.79,2018-09-13 15:58:00,6,24.00,.00,,,0,3.000000,TPL,TEMPERATURE PROFILE LOCATION,,46.12278,-82.88472
201802002,2019-02-19 21:09:31,CCGS LIMNOS,LAKE HURON,31,461112,-832116,73,18.83,2018-09-13 18:56:00,6,1.00,.00,,,0,1.000000,TPL,TEMPERATURE PROFILE LOCATION,,46.18667,-83.35444
201802002,2019-02-19 21:09:31,CCGS LIMNOS,LAKE HURON,32,461401,-834445,71,35.37,2018-09-13 20:51:00,6,1.00,.00,,,0,1.000000,TPL,TEMPERATURE PROFILE LOCATION,,46.23361,-83.74583
201802002,2019-02-19 21:09:31,CCGS LIMNOS,LAKE HURON,32,461401,-834445,71,35.37,2018-09-13 20:51:00,6,23.00,.00,,,0,1.000000,TPL,TEMPERATURE PROFILE LOCATION,,46.23361,-83.74583
201802002,2019-02-19 21:09:31,CCGS LIMNOS,LAKE HURON,32,461401,-834445,71,35.37,2018-09-13 20:51:00,6,27.00,.00,,,0,2.000000,TPL,TEMPERATURE PROFILE LOCATION,,46.23361,-83.74583
201802002,2019-02-19 21:09:31,CCGS LIMNOS,LAKE HURON,32,461401,-834445,71,35.37,2018-09-13 20:51:00,6,31.00,.00,,,0,3.000000,TPL,TEMPERATURE PROFILE LOCATION,,46.23361,-83.74583
201802002,2019-02-19 21:09:31,CCGS LIMNOS,LAKE HURON,32,461401,-834445,71,35.37,2018-09-13 20:51:00,6,33.00,.00,,,0,3.000000,TPL,TEMPERATURE PROFILE LOCATION,,46.23361,-83.74583
201802002,2019-02-19 21:09:31,CCGS LIMNOS,LAKE HURON,33,460813,-834020,70,21.61,2018-09-13 22:05:00,6,1.00,.00,,,0,1.000000,TPL,TEMPERATURE PROFILE LOCATION,,46.13694,-83.67222
201802002,2019-02-19 21:09:31,CCGS LIMNOS,LAKE HURON,34,460232,-835109,68,16.63,2018-09-13 23:31:00,6,1.00,.00,,,0,1.000000,TPL,TEMPERATURE PROFILE LOCATION,,46.04222,-83.85250
201802002,2019-02-19 21:09:31,CCGS LIMNOS,LAKE HURON,35,460440,-840138,69,10.72,2018-09-14 00:42:00,6,1.00,.00,,,0,1.000000,TPL,TEMPERATURE PROFILE LOCATION,,46.07778,-84.02722
201802002,2019-02-19 21:09:31,CCGS LIMNOS,LAKE HURON,35,460440,-840138,69,10.72,2018-09-14 00:42:00,6,1.00,.00,,,1,1.000000,TPL,TEMPERATURE PROFILE LOCATION,,46.07778,-84.02722
201802002,2019-02-19 21:09:31,CCGS LIMNOS,LAKE HURON,35,460440,-840138,69,10.72,2018-09-14 00:42:00,6,9.00,.00,,,0,1.000000,TPL,TEMPERATURE PROFILE LOCATION,,46.07778,-84.02722
201802002,2019-02-19 21:09:31,CCGS LIMNOS,LAKE HURON,36,455610,-835359,67,29.3,2018-09-14 02:17:00,6,1.00,.00,,,0,1.000000,TPL,TEMPERATURE PROFILE LOCATION,,45.93611,-83.89972
201802002,2019-02-19 21:09:31,CCGS LIMNOS,LAKE HURON,37,455151,-841743,66,67.4,2018-09-14 04:24:00,6,1.00,.00,,,0,1.000000,TPL,TEMPERATURE PROFILE LOCATION,,45.86417,-84.29528
201802002,2019-02-19 21:09:31,CCGS LIMNOS,LAKE HURON,38,455041,-843358,65,58.91,2018-09-14 06:01:00,6,1.00,.00,,,0,1.000000,TPL,TEMPERATURE PROFILE LOCATION,,45.84472,-84.56611
201802002,2019-02-19 21:09:31,CCGS LIMNOS,LAKE HURON,39,454846,-844515,64,35.89,2018-09-14 07:17:00,6,1.00,.00,,,0,1.000000,TPL,TEMPERATURE PROFILE LOCATION,,45.81278,-84.75417
201802002,2019-02-19 21:09:31,CCGS LIMNOS,LAKE HURON,39,454846,-844515,64,35.89,2018-09-14 07:17:00,6,19.00,.00,,,0,1.000000,TPL,TEMPERATURE PROFILE LOCATION,,45.81278,-84.75417
201802002,2019-02-19 21:09:31,CCGS LIMNOS,LAKE HURON,39,454846,-844515,64,35.89,2018-09-14 07:17:00,6,22.00,.00,,,0,2.000000,TPL,TEMPERATURE PROFILE LOCATION,,45.81278,-84.75417
201802002,2019-02-19 21:09:31,CCGS LIMNOS,LAKE HURON,39,454846,-844515,64,35.89,2018-09-14 07:17:00,6,30.00,.00,,,0,3.000000,TPL,TEMPERATURE PROFILE LOCATION,,45.81278,-84.75417
201802002,2019-02-19 21:09:31,CCGS LIMNOS,LAKE HURON,39,454846,-844515,64,35.89,2018-09-14 07:17:00,6,34.00,.00,,,0,3.000000,TPL,TEMPERATURE PROFILE LOCATION,,45.81278,-84.75417
201802002,2019-02-19 21:09:31,CCGS LIMNOS,LAKE HURON,40,454218,-843037,63,15.8,2018-09-14 09:01:00,6,1.00,.00,,,0,1.000000,TPL,TEMPERATURE PROFILE LOCATION,,45.70500,-84.51028
201802002,2019-02-19 21:09:31,CCGS LIMNOS,LAKE HURON,40,454218,-843037,63,15.8,2018-09-14 09:01:00,6,1.00,.00,,,1,1.000000,TPL,TEMPERATURE PROFILE LOCATION,,45.70500,-84.51028
201802002,2019-02-19 21:09:31,CCGS LIMNOS,LAKE HURON,41,454025,-841106,62,44.24,2018-09-14 11:05:00,6,1.00,.00,,,0,1.000000,TPL,TEMPERATURE PROFILE LOCATION,,45.67361,-84.18500
201802002,2019-02-19 21:09:31,CCGS LIMNOS,LAKE HURON,42,453102,-840501,56,21.54,2018-09-14 12:13:00,6,1.00,.00,,,0,1.000000,TPL,TEMPERATURE PROFILE LOCATION,,45.51722,-84.08361
201802002,2019-02-19 21:09:31,CCGS LIMNOS,LAKE HURON,43,453102,-832500,54,118.94,2018-09-14 15:26:00,6,1.00,.00,,,0,1.000000,TPL,TEMPERATURE PROFILE LOCATION,,45.51722,-83.41667
201802002,2019-02-19 21:09:31,CCGS LIMNOS,LAKE HURON,43,453102,-832500,54,118.94,2018-09-14 15:26:00,6,3.00,.00,,,0,1.000000,TPL,TEMPERATURE PROFILE LOCATION,,45.51722,-83.41667
201802002,2019-02-19 21:09:31,CCGS LIMNOS,LAKE HURON,43,453102,-832500,54,118.94,2018-09-14 15:26:00,6,15.00,.00,,,0,2.000000,TPL,TEMPERATURE PROFILE LOCATION,,45.51722,-83.41667
201802002,2019-02-19 21:09:31,CCGS LIMNOS,LAKE HURON,43,453102,-832500,54,118.94,2018-09-14 15:26:00,6,30.00,.00,,,0,3.000000,TPL,TEMPERATURE PROFILE LOCATION,,45.51722,-83.41667
201802002,2019-02-19 21:09:31,CCGS LIMNOS,LAKE HURON,43,453102,-832500,54,118.94,2018-09-14 15:26:00,6,107.00,.00,,,0,3.000000,TPL,TEMPERATURE PROFILE LOCATION,,45.51722,-83.41667
201802002,2019-02-19 21:09:31,CCGS LIMNOS,LAKE HURON,43,453102,-832500,54,118.94,2018-09-14 15:26:00,6,117.00,.00,,,0,3.000000,TPL,TEMPERATURE PROFILE LOCATION,,45.51722,-83.41667
201802002,2019-02-19 21:09:31,CCGS LIMNOS,LAKE HURON,44,451515,-832047,47,22.2,2018-09-14 18:07:00,6,1.00,.00,,,0,1.000000,TPL,TEMPERATURE PROFILE LOCATION,,45.25417,-83.34639
201802002,2019-02-19 21:09:31,CCGS LIMNOS,LAKE HURON,45,450228,-832233,36,8.8,2018-09-14 21:27:00,6,1.00,.00,,,0,1.000000,TPL,TEMPERATURE PROFILE LOCATION,,45.04111,-83.37583
201802002,2019-02-19 21:09:31,CCGS LIMNOS,LAKE HURON,45,450228,-832233,36,8.8,2018-09-14 21:27:00,6,1.00,.00,,,1,1.000000,TPL,TEMPERATURE PROFILE LOCATION,,45.04111,-83.37583
201802002,2019-02-19 21:09:31,CCGS LIMNOS,LAKE HURON,45,450228,-832233,36,8.8,2018-09-14 21:27:00,6,7.00,.00,,,0,1.000000,TPL,TEMPERATURE PROFILE LOCATION,,45.04111,-83.37583
201802002,2019-02-19 21:09:31,CCGS LIMNOS,LAKE HURON,46,450059,-824110,44,164.4,2018-09-15 01:10:00,6,1.00,.00,,,0,1.000000,TPL,TEMPERATURE PROFILE LOCATION,,45.01639,-82.68611
201802002,2019-02-19 21:09:31,CCGS LIMNOS,LAKE HURON,46,450059,-824110,44,164.4,2018-09-15 01:10:00,6,18.00,.00,,,0,1.000000,TPL,TEMPERATURE PROFILE LOCATION,,45.01639,-82.68611
201802002,2019-02-19 21:09:31,CCGS LIMNOS,LAKE HURON,46,450059,-824110,44,164.4,2018-09-15 01:10:00,6,30.00,.00,,,0,2.000000,TPL,TEMPERATURE PROFILE LOCATION,,45.01639,-82.68611
201802002,2019-02-19 21:09:31,CCGS LIMNOS,LAKE HURON,46,450059,-824110,44,164.4,2018-09-15 01:10:00,6,42.00,.00,,,0,3.000000,TPL,TEMPERATURE PROFILE LOCATION,,45.01639,-82.68611
201802002,2019-02-19 21:09:31,CCGS LIMNOS,LAKE HURON,46,450059,-824110,44,164.4,2018-09-15 01:10:00,6,100.00,.00,,,0,3.000000,TPL,TEMPERATURE PROFILE LOCATION,,45.01639,-82.68611
201802002,2019-02-19 21:09:31,CCGS LIMNOS,LAKE HURON,46,450059,-824110,44,164.4,2018-09-15 01:10:00,6,154.00,.00,,,0,3.000000,TPL,TEMPERATURE PROFILE LOCATION,,45.01639,-82.68611
201802002,2019-02-19 21:09:31,CCGS LIMNOS,LAKE HURON,46,450059,-824110,44,164.4,2018-09-15 01:10:00,6,162.00,.00,,,0,3.000000,TPL,TEMPERATURE PROFILE LOCATION,,45.01639,-82.68611
201802002,2019-02-19 21:09:31,CCGS LIMNOS,LAKE HURON,47,442958,-824952,33,72.14,2018-09-15 05:40:00,6,1.00,.00,,,0,1.000000,TPL,TEMPERATURE PROFILE LOCATION,,44.49944,-82.83111
201802002,2019-02-19 21:09:31,CCGS LIMNOS,LAKE HURON,48,441246,-832216,95,20.19,2018-09-15 09:12:00,6,1.00,.00,,,0,1.000000,TPL,TEMPERATURE PROFILE LOCATION,,44.21278,-83.37111
201802002,2019-02-19 21:09:31,CCGS LIMNOS,LAKE HURON,48,441246,-832216,95,20.19,2018-09-15 09:12:00,6,16.50,.00,,,0,2.000000,TPL,TEMPERATURE PROFILE LOCATION,,44.21278,-83.37111
201802002,2019-02-19 21:09:31,CCGS LIMNOS,LAKE HURON,48,441246,-832216,95,20.19,2018-09-15 09:12:00,6,18.00,.00,,,0,3.000000,TPL,TEMPERATURE PROFILE LOCATION,,44.21278,-83.37111
201802002,2019-02-19 21:09:31,CCGS LIMNOS,LAKE HURON,49,440653,-833141,97,10.88,2018-09-15 10:39:00,6,1.00,.00,,,0,1.000000,TPL,TEMPERATURE PROFILE LOCATION,,44.11472,-83.52806
201802002,2019-02-19 21:09:31,CCGS LIMNOS,LAKE HURON,50,435835,-833432,98,10.97,2018-09-15 12:00:00,6,1.00,.00,,,0,1.000000,TPL,TEMPERATURE PROFILE LOCATION,,43.97639,-83.57556
201802002,2019-02-19 21:09:31,CCGS LIMNOS,LAKE HURON,50,435835,-833432,98,10.97,2018-09-15 12:00:00,6,1.00,.00,,,1,1.000000,TPL,TEMPERATURE PROFILE LOCATION,,43.97639,-83.57556
201802002,2019-02-19 21:09:31,CCGS LIMNOS,LAKE HURON,51,435431,-834430,99,7.32,2018-09-15 13:15:00,6,1.00,.00,,,0,1.000000,TPL,TEMPERATURE PROFILE LOCATION,,43.90861,-83.74167
201802002,2019-02-19 21:09:31,CCGS LIMNOS,LAKE HURON,52,434930,-834901,100,7.02,2018-09-15 14:06:00,6,1.00,.00,,,0,1.000000,TPL,TEMPERATURE PROFILE LOCATION,,43.82500,-83.81694
201802002,2019-02-19 21:09:31,CCGS LIMNOS,LAKE HURON,52,434930,-834901,100,7.02,2018-09-15 14:06:00,6,5.00,.00,,,0,1.000000,TPL,TEMPERATURE PROFILE LOCATION,,43.82500,-83.81694
201802002,2019-02-19 21:09:31,CCGS LIMNOS,LAKE HURON,53,434914,-833733,101,6.11,2018-09-15 15:22:00,6,1.00,.00,,,0,1.000000,TPL,TEMPERATURE PROFILE LOCATION,,43.82056,-83.62583
201802002,2019-02-19 21:09:31,CCGS LIMNOS,LAKE HURON,54,440735,-831019,96,29.29,2018-09-15 19:16:00,6,1.00,.00,,,0,1.000000,TPL,TEMPERATURE PROFILE LOCATION,,44.12639,-83.17194
201802002,2019-02-19 21:09:31,CCGS LIMNOS,LAKE HURON,55,441257,-830504,20,45.7,2018-09-15 20:13:00,6,1.00,.00,,,0,1.000000,TPL,TEMPERATURE PROFILE LOCATION,,44.21583,-83.08444
201802002,2019-02-19 21:09:31,CCGS LIMNOS,LAKE HURON,55,441257,-830504,20,45.7,2018-09-15 20:13:00,6,1.00,.00,,,1,1.000000,TPL,TEMPERATURE PROFILE LOCATION,,44.21583,-83.08444
201802002,2019-02-19 21:09:31,CCGS LIMNOS,LAKE HURON,56,440602,-825202,17,14.94,2018-09-15 21:56:00,6,1.00,.00,,,0,1.000000,TPL,TEMPERATURE PROFILE LOCATION,,44.10056,-82.86722
201802002,2019-02-19 21:09:31,CCGS LIMNOS,LAKE HURON,56,440602,-825202,17,14.94,2018-09-15 21:56:00,6,13.00,.00,,,0,1.000000,TPL,TEMPERATURE PROFILE LOCATION,,44.10056,-82.86722
201802002,2019-02-19 21:09:31,CCGS LIMNOS,LAKE HURON,57,441154,-823014,27,55.22,2018-09-16 00:02:00,6,1.00,.00,,,0,1.000000,TPL,TEMPERATURE PROFILE LOCATION,,44.19833,-82.50389
201802002,2019-02-19 21:09:31,CCGS LIMNOS,LAKE HURON,58,435632,-823956,14,13.16,2018-09-16 02:26:00,6,1.00,.00,,,0,1.000000,TPL,TEMPERATURE PROFILE LOCATION,,43.94222,-82.66556
201802002,2019-02-19 21:09:31,CCGS LIMNOS,LAKE HURON,58,435632,-823956,14,13.16,2018-09-16 02:26:00,6,11.00,.00,,,0,1.000000,TPL,TEMPERATURE PROFILE LOCATION,,43.94222,-82.66556
201802002,2019-02-19 21:09:31,CCGS LIMNOS,LAKE HURON,59,434511,-823408,13,16.56,2018-09-16 04:02:00,6,1.00,.00,,,0,1.000000,TPL,TEMPERATURE PROFILE LOCATION,,43.75306,-82.56889
201802002,2019-02-19 21:09:31,CCGS LIMNOS,LAKE HURON,60,433800,-821300,9,58.92,2018-09-16 06:04:00,6,1.00,.00,,,0,1.000000,TPL,TEMPERATURE PROFILE LOCATION,,43.63333,-82.21667
201802002,2019-02-19 21:09:31,CCGS LIMNOS,LAKE HURON,60,433800,-821300,9,58.92,2018-09-16 06:04:00,6,1.00,.00,,,1,1.000000,TPL,TEMPERATURE PROFILE LOCATION,,43.63333,-82.21667
201802002,2019-02-19 21:09:31,CCGS LIMNOS,LAKE HURON,60,433800,-821300,9,58.92,2018-09-16 06:04:00,6,25.00,.00,,,0,1.000000,TPL,TEMPERATURE PROFILE LOCATION,,43.63333,-82.21667
201802002,2019-02-19 21:09:31,CCGS LIMNOS,LAKE HURON,60,433800,-821300,9,58.92,2018-09-16 06:04:00,6,29.00,.00,,,0,2.000000,TPL,TEMPERATURE PROFILE LOCATION,,43.63333,-82.21667
201802002,2019-02-19 21:09:31,CCGS LIMNOS,LAKE HURON,60,433800,-821300,9,58.92,2018-09-16 06:04:00,6,37.00,.00,,,0,3.000000,TPL,TEMPERATURE PROFILE LOCATION,,43.63333,-82.21667
201802002,2019-02-19 21:09:31,CCGS LIMNOS,LAKE HURON,60,433800,-821300,9,58.92,2018-09-16 06:04:00,6,49.00,.00,,,0,3.000000,TPL,TEMPERATURE PROFILE LOCATION,,43.63333,-82.21667
201802002,2019-02-19 21:09:31,CCGS LIMNOS,LAKE HURON,60,433800,-821300,9,58.92,2018-09-16 06:04:00,6,57.00,.00,,,0,3.000000,TPL,TEMPERATURE PROFILE LOCATION,,43.63333,-82.21667
201802002,2019-02-19 21:09:31,CCGS LIMNOS,LAKE HURON,61,433358,-822903,8,29.67,2018-09-16 08:09:00,6,1.00,.00,,,0,1.000000,TPL,TEMPERATURE PROFILE LOCATION,,43.56611,-82.48417
201802002,2019-02-19 21:09:31,CCGS LIMNOS,LAKE HURON,62,432031,-823022,7,10.72,2018-09-16 09:45:00,6,1.00,.00,,,0,1.000000,TPL,TEMPERATURE PROFILE LOCATION,,43.34194,-82.50611
201802002,2019-02-19 21:09:31,CCGS LIMNOS,LAKE HURON,8,442203,-815002,29,124.4,2018-09-11 14:35:00,30,.00,.00,,,0,19.000000,SECCHI,SECCHI DISC DEPTH,METRE,44.36750,-81.83389
201802002,2019-02-19 21:09:31,CCGS LIMNOS,LAKE HURON,9,442757,-812713,30,19.91,2018-09-11 16:57:00,30,.00,.00,,,0,15.000000,SECCHI,SECCHI DISC DEPTH,METRE,44.46583,-81.45361
201802002,2019-02-19 21:09:31,CCGS LIMNOS,LAKE HURON,10,443920,-812240,39,25.46,2018-09-11 18:30:00,30,.00,.00,,,0,14.000000,SECCHI,SECCHI DISC DEPTH,METRE,44.65556,-81.37778
201802002,2019-02-19 21:09:31,CCGS LIMNOS,LAKE HURON,11,445354,-812617,40,20.6,2018-09-11 21:16:00,30,.00,.00,,,0,18.000000,SECCHI,SECCHI DISC DEPTH,METRE,44.89833,-81.43806
201802002,2019-02-19 21:09:31,CCGS LIMNOS,LAKE HURON,17,453209,-820244,50,26.19,2018-09-12 13:40:00,30,.00,.00,,,0,17.000000,SECCHI,SECCHI DISC DEPTH,METRE,45.53583,-82.04556
201802002,2019-02-19 21:09:31,CCGS LIMNOS,LAKE HURON,18,453904,-823850,52,65.02,2018-09-12 17:13:00,30,.00,.00,,,0,16.000000,SECCHI,SECCHI DISC DEPTH,METRE,45.65111,-82.64722
201802002,2019-02-19 21:09:31,CCGS LIMNOS,LAKE HURON,19,454559,-830141,59,17.98,2018-09-12 19:44:00,30,.00,.00,,,0,14.000000,SECCHI,SECCHI DISC DEPTH,METRE,45.76639,-83.02806
201802002,2019-02-19 21:09:31,CCGS LIMNOS,LAKE HURON,20,455200,-831558,58,12.75,2018-09-12 21:24:00,30,.00,.00,,,0,12.000000,SECCHI,SECCHI DISC DEPTH,METRE,45.86667,-83.26611
201802002,2019-02-19 21:09:31,CCGS LIMNOS,LAKE HURON,29,460630,-825048,84,35.65,2018-09-13 15:44:00,30,.00,.00,,,0,8.000000,SECCHI,SECCHI DISC DEPTH,METRE,46.10833,-82.84667
201802002,2019-02-19 21:09:31,CCGS LIMNOS,LAKE HURON,30,460722,-825305,79,25.79,2018-09-13 15:58:00,30,.00,.00,,,0,9.000000,SECCHI,SECCHI DISC DEPTH,METRE,46.12278,-82.88472
201802002,2019-02-19 21:09:31,CCGS LIMNOS,LAKE HURON,31,461112,-832116,73,18.83,2018-09-13 18:56:00,30,.00,.00,,,0,8.000000,SECCHI,SECCHI DISC DEPTH,METRE,46.18667,-83.35444
201802002,2019-02-19 21:09:31,CCGS LIMNOS,LAKE HURON,33,460813,-834020,70,21.61,2018-09-13 22:05:00,30,.00,.00,,,0,7.000000,SECCHI,SECCHI DISC DEPTH,METRE,46.13694,-83.67222
201802002,2019-02-19 21:09:31,CCGS LIMNOS,LAKE HURON,42,453102,-840501,56,21.54,2018-09-14 12:13:00,30,.00,.00,,,0,13.000000,SECCHI,SECCHI DISC DEPTH,METRE,45.51722,-84.08361
201802002,2019-02-19 21:09:31,CCGS LIMNOS,LAKE HURON,43,453102,-832500,54,118.94,2018-09-14 15:26:00,30,.00,.00,,,0,9.000000,SECCHI,SECCHI DISC DEPTH,METRE,45.51722,-83.41667
201802002,2019-02-19 21:09:31,CCGS LIMNOS,LAKE HURON,44,451515,-832047,47,22.2,2018-09-14 18:07:00,30,.00,.00,,,0,12.000000,SECCHI,SECCHI DISC DEPTH,METRE,45.25417,-83.34639
201802002,2019-02-19 21:09:31,CCGS LIMNOS,LAKE HURON,45,450228,-832233,36,8.8,2018-09-14 21:27:00,30,.00,.00,,,0,6.500000,SECCHI,SECCHI DISC DEPTH,METRE,45.04111,-83.37583
201802002,2019-02-19 21:09:31,CCGS LIMNOS,LAKE HURON,50,435835,-833432,98,10.97,2018-09-15 12:00:00,30,.00,.00,,,0,2.500000,SECCHI,SECCHI DISC DEPTH,METRE,43.97639,-83.57556
201802002,2019-02-19 21:09:31,CCGS LIMNOS,LAKE HURON,51,435431,-834430,99,7.32,2018-09-15 13:15:00,30,.00,.00,,,0,2.500000,SECCHI,SECCHI DISC DEPTH,METRE,43.90861,-83.74167
201802002,2019-02-19 21:09:31,CCGS LIMNOS,LAKE HURON,52,434930,-834901,100,7.02,2018-09-15 14:06:00,30,.00,.00,,,0,2.250000,SECCHI,SECCHI DISC DEPTH,METRE,43.82500,-83.81694
201802002,2019-02-19 21:09:31,CCGS LIMNOS,LAKE HURON,53,434914,-833733,101,6.11,2018-09-15 15:22:00,30,.00,.00,,,0,2.250000,SECCHI,SECCHI DISC DEPTH,METRE,43.82056,-83.62583
201802002,2019-02-19 21:09:31,CCGS LIMNOS,LAKE HURON,54,440735,-831019,96,29.29,2018-09-15 19:16:00,30,.00,.00,,,0,13.000000,SECCHI,SECCHI DISC DEPTH,METRE,44.12639,-83.17194
201802002,2019-02-19 21:09:31,CCGS LIMNOS,LAKE HURON,55,441257,-830504,20,45.7,2018-09-15 20:13:00,30,.00,.00,,,0,12.000000,SECCHI,SECCHI DISC DEPTH,METRE,44.21583,-83.08444
201802002,2019-02-19 21:09:31,CCGS LIMNOS,LAKE HURON,56,440602,-825202,17,14.94,2018-09-15 21:56:00,30,.00,.00,,,0,11.500000,SECCHI,SECCHI DISC DEPTH,METRE,44.10056,-82.86722
201802002,2019-02-19 21:09:31,CCGS LIMNOS,LAKE HURON,1,430524,-822330,1,10.34,2018-09-10 23:38:00,100,.00,.00,,,0,19.500000,TEMP,TEMPERATURE (OF WATER),DEG C,43.09000,-82.39167
201802002,2019-02-19 21:09:31,CCGS LIMNOS,LAKE HURON,2,431524,-820219,3,14.91,2018-09-11 02:08:00,100,.00,.00,,,0,19.000000,TEMP,TEMPERATURE (OF WATER),DEG C,43.25667,-82.03861
201802002,2019-02-19 21:09:31,CCGS LIMNOS,LAKE HURON,3,431928,-814722,4,9.81,2018-09-11 03:45:00,100,.00,.00,,,0,11.500000,TEMP,TEMPERATURE (OF WATER),DEG C,43.32444,-81.78944
201802002,2019-02-19 21:09:31,CCGS LIMNOS,LAKE HURON,4,433252,-814440,5,11.12,2018-09-11 05:38:00,100,.00,.00,,,0,9.000000,TEMP,TEMPERATURE (OF WATER),DEG C,43.54778,-81.74444
201802002,2019-02-19 21:09:31,CCGS LIMNOS,LAKE HURON,5,434508,-814655,10,12.08,2018-09-11 07:16:00,100,.00,.00,,,0,18.000000,TEMP,TEMPERATURE (OF WATER),DEG C,43.75222,-81.78194
201802002,2019-02-19 21:09:31,CCGS LIMNOS,LAKE HURON,6,435325,-820319,12,87.02,2018-09-11 09:19:00,100,.00,.00,,,0,20.000000,TEMP,TEMPERATURE (OF WATER),DEG C,43.89028,-82.05528
201802002,2019-02-19 21:09:31,CCGS LIMNOS,LAKE HURON,7,435722,-814711,11,9.94,2018-09-11 11:20:00,100,.00,.00,,,0,9.000000,TEMP,TEMPERATURE (OF WATER),DEG C,43.95611,-81.78639
201802002,2019-02-19 21:09:31,CCGS LIMNOS,LAKE HURON,8,442203,-815002,29,124.4,2018-09-11 14:35:00,100,.00,.00,,,0,18.500000,TEMP,TEMPERATURE (OF WATER),DEG C,44.36750,-81.83389
201802002,2019-02-19 21:09:31,CCGS LIMNOS,LAKE HURON,9,442757,-812713,30,19.91,2018-09-11 16:57:00,100,.00,.00,,,0,9.000000,TEMP,TEMPERATURE (OF WATER),DEG C,44.46583,-81.45361
201802002,2019-02-19 21:09:31,CCGS LIMNOS,LAKE HURON,10,443920,-812240,39,25.46,2018-09-11 18:30:00,100,.00,.00,,,0,18.000000,TEMP,TEMPERATURE (OF WATER),DEG C,44.65556,-81.37778
201802002,2019-02-19 21:09:31,CCGS LIMNOS,LAKE HURON,11,445354,-812617,40,20.6,2018-09-11 21:16:00,100,.00,.00,,,0,19.000000,TEMP,TEMPERATURE (OF WATER),DEG C,44.89833,-81.43806
201802002,2019-02-19 21:09:31,CCGS LIMNOS,LAKE HURON,12,444425,-820324,38,134.62,2018-09-12 00:30:00,100,.00,.00,,,0,17.000000,TEMP,TEMPERATURE (OF WATER),DEG C,44.74028,-82.05667
201802002,2019-02-19 21:09:31,CCGS LIMNOS,LAKE HURON,13,450106,-815835,43,173.44,2018-09-12 03:39:00,100,.00,.00,,,0,17.250000,TEMP,TEMPERATURE (OF WATER),DEG C,45.01833,-81.97639
201802002,2019-02-19 21:09:31,CCGS LIMNOS,LAKE HURON,14,450459,-813213,41,21.37,2018-09-12 05:44:00,100,.00,.00,,,0,18.000000,TEMP,TEMPERATURE (OF WATER),DEG C,45.08306,-81.53694
201802002,2019-02-19 21:09:31,CCGS LIMNOS,LAKE HURON,15,451315,-814914,42,43.58,2018-09-12 07:39:00,100,.00,.00,,,0,18.000000,TEMP,TEMPERATURE (OF WATER),DEG C,45.22083,-81.82056
201802002,2019-02-19 21:09:31,CCGS LIMNOS,LAKE HURON,16,451644,-822704,48,110.28,2018-09-12 10:54:00,100,.00,.00,,,0,18.000000,TEMP,TEMPERATURE (OF WATER),DEG C,45.27889,-82.45111
201802002,2019-02-19 21:09:31,CCGS LIMNOS,LAKE HURON,17,453209,-820244,50,26.19,2018-09-12 13:40:00,100,.00,.00,,,0,18.500000,TEMP,TEMPERATURE (OF WATER),DEG C,45.53583,-82.04556
201802002,2019-02-19 21:09:31,CCGS LIMNOS,LAKE HURON,18,453904,-823850,52,65.02,2018-09-12 17:13:00,100,.00,.00,,,0,18.000000,TEMP,TEMPERATURE (OF WATER),DEG C,45.65111,-82.64722
201802002,2019-02-19 21:09:31,CCGS LIMNOS,LAKE HURON,19,454559,-830141,59,17.98,2018-09-12 19:44:00,100,.00,.00,,,0,19.000000,TEMP,TEMPERATURE (OF WATER),DEG C,45.76639,-83.02806
201802002,2019-02-19 21:09:31,CCGS LIMNOS,LAKE HURON,20,455200,-831558,58,12.75,2018-09-12 21:24:00,100,.00,.00,,,0,18.500000,TEMP,TEMPERATURE (OF WATER),DEG C,45.86667,-83.26611
201802002,2019-02-19 21:09:31,CCGS LIMNOS,LAKE HURON,21,455404,-833110,60,24.14,2018-09-12 23:15:00,100,.00,.00,,,0,18.500000,TEMP,TEMPERATURE (OF WATER),DEG C,45.90111,-83.51944
201802002,2019-02-19 21:09:31,CCGS LIMNOS,LAKE HURON,22,455959,-832600,76,58.38,2018-09-13 00:29:00,100,.00,.00,,,0,18.000000,TEMP,TEMPERATURE (OF WATER),DEG C,45.99972,-83.43333
201802002,2019-02-19 21:09:31,CCGS LIMNOS,LAKE HURON,23,455814,-831157,77,77.89,2018-09-13 01:46:00,100,.00,.00,,,0,18.000000,TEMP,TEMPERATURE (OF WATER),DEG C,45.97056,-83.19917
201802002,2019-02-19 21:09:31,CCGS LIMNOS,LAKE HURON,24,455612,-824534,82,28.12,2018-09-13 04:52:00,100,.00,.00,,,0,19.000000,TEMP,TEMPERATURE (OF WATER),DEG C,45.93667,-82.75944
201802002,2019-02-19 21:09:31,CCGS LIMNOS,LAKE HURON,25,455959,-823301,83,31.13,2018-09-13 06:16:00,100,.00,.00,,,0,18.500000,TEMP,TEMPERATURE (OF WATER),DEG C,45.99972,-82.55028
201802002,2019-02-19 21:09:31,CCGS LIMNOS,LAKE HURON,26,460340,-821149,87,43.68,2018-09-13 08:08:00,100,.00,.00,,,0,19.500000,TEMP,TEMPERATURE (OF WATER),DEG C,46.06111,-82.19694
201802002,2019-02-19 21:09:31,CCGS LIMNOS,LAKE HURON,27,460319,-820000,88,35.75,2018-09-13 09:21:00,100,.00,.00,,,0,19.500000,TEMP,TEMPERATURE (OF WATER),DEG C,46.05528,-82.00000
201802002,2019-02-19 21:09:31,CCGS LIMNOS,LAKE HURON,28,455459,-820940,89,38.74,2018-09-13 11:07:00,100,.00,.00,,,0,19.500000,TEMP,TEMPERATURE (OF WATER),DEG C,45.91639,-82.16111
201802002,2019-02-19 21:09:31,CCGS LIMNOS,LAKE HURON,29,460630,-825048,84,35.65,2018-09-13 15:44:00,100,.00,.00,,,0,19.000000,TEMP,TEMPERATURE (OF WATER),DEG C,46.10833,-82.84667
201802002,2019-02-19 21:09:31,CCGS LIMNOS,LAKE HURON,30,460722,-825305,79,25.79,2018-09-13 15:58:00,100,.00,.00,,,0,19.000000,TEMP,TEMPERATURE (OF WATER),DEG C,46.12278,-82.88472
201802002,2019-02-19 21:09:31,CCGS LIMNOS,LAKE HURON,31,461112,-832116,73,18.83,2018-09-13 18:56:00,100,.00,.00,,,0,18.500000,TEMP,TEMPERATURE (OF WATER),DEG C,46.18667,-83.35444
201802002,2019-02-19 21:09:31,CCGS LIMNOS,LAKE HURON,32,461401,-834445,71,35.37,2018-09-13 20:51:00,100,.00,.00,,,0,18.500000,TEMP,TEMPERATURE (OF WATER),DEG C,46.23361,-83.74583
201802002,2019-02-19 21:09:31,CCGS LIMNOS,LAKE HURON,33,460813,-834020,70,21.61,2018-09-13 22:05:00,100,.00,.00,,,0,19.000000,TEMP,TEMPERATURE (OF WATER),DEG C,46.13694,-83.67222
201802002,2019-02-19 21:09:31,CCGS LIMNOS,LAKE HURON,34,460232,-835109,68,16.63,2018-09-13 23:31:00,100,.00,.00,,,0,19.000000,TEMP,TEMPERATURE (OF WATER),DEG C,46.04222,-83.85250
201802002,2019-02-19 21:09:31,CCGS LIMNOS,LAKE HURON,35,460440,-840138,69,10.72,2018-09-14 00:42:00,100,.00,.00,,,0,19.000000,TEMP,TEMPERATURE (OF WATER),DEG C,46.07778,-84.02722
201802002,2019-02-19 21:09:31,CCGS LIMNOS,LAKE HURON,36,455610,-835359,67,29.3,2018-09-14 02:17:00,100,.00,.00,,,0,18.500000,TEMP,TEMPERATURE (OF WATER),DEG C,45.93611,-83.89972
201802002,2019-02-19 21:09:31,CCGS LIMNOS,LAKE HURON,37,455151,-841743,66,67.4,2018-09-14 04:24:00,100,.00,.00,,,0,18.000000,TEMP,TEMPERATURE (OF WATER),DEG C,45.86417,-84.29528
201802002,2019-02-19 21:09:31,CCGS LIMNOS,LAKE HURON,38,455041,-843358,65,58.91,2018-09-14 06:01:00,100,.00,.00,,,0,18.000000,TEMP,TEMPERATURE (OF WATER),DEG C,45.84472,-84.56611
201802002,2019-02-19 21:09:31,CCGS LIMNOS,LAKE HURON,39,454846,-844515,64,35.89,2018-09-14 07:17:00,100,.00,.00,,,0,17.500000,TEMP,TEMPERATURE (OF WATER),DEG C,45.81278,-84.75417
201802002,2019-02-19 21:09:31,CCGS LIMNOS,LAKE HURON,40,454218,-843037,63,15.8,2018-09-14 09:01:00,100,.00,.00,,,0,18.000000,TEMP,TEMPERATURE (OF WATER),DEG C,45.70500,-84.51028
201802002,2019-02-19 21:09:31,CCGS LIMNOS,LAKE HURON,41,454025,-841106,62,44.24,2018-09-14 11:05:00,100,.00,.00,,,0,18.000000,TEMP,TEMPERATURE (OF WATER),DEG C,45.67361,-84.18500
201802002,2019-02-19 21:09:31,CCGS LIMNOS,LAKE HURON,42,453102,-840501,56,21.54,2018-09-14 12:13:00,100,.00,.00,,,0,17.000000,TEMP,TEMPERATURE (OF WATER),DEG C,45.51722,-84.08361
201802002,2019-02-19 21:09:31,CCGS LIMNOS,LAKE HURON,43,453102,-832500,54,118.94,2018-09-14 15:26:00,100,.00,.00,,,0,18.000000,TEMP,TEMPERATURE (OF WATER),DEG C,45.51722,-83.41667
201802002,2019-02-19 21:09:31,CCGS LIMNOS,LAKE HURON,44,451515,-832047,47,22.2,2018-09-14 18:07:00,100,.00,.00,,,0,17.000000,TEMP,TEMPERATURE (OF WATER),DEG C,45.25417,-83.34639
201802002,2019-02-19 21:09:31,CCGS LIMNOS,LAKE HURON,45,450228,-832233,36,8.8,2018-09-14 21:27:00,100,.00,.00,,,0,19.500000,TEMP,TEMPERATURE (OF WATER),DEG C,45.04111,-83.37583
201802002,2019-02-19 21:09:31,CCGS LIMNOS,LAKE HURON,46,450059,-824110,44,164.4,2018-09-15 01:10:00,100,.00,.00,,,0,20.500000,TEMP,TEMPERATURE (OF WATER),DEG C,45.01639,-82.68611
201802002,2019-02-19 21:09:31,CCGS LIMNOS,LAKE HURON,47,442958,-824952,33,72.14,2018-09-15 05:40:00,100,.00,.00,,,0,20.000000,TEMP,TEMPERATURE (OF WATER),DEG C,44.49944,-82.83111
201802002,2019-02-19 21:09:31,CCGS LIMNOS,LAKE HURON,48,441246,-832216,95,20.19,2018-09-15 09:12:00,100,.00,.00,,,0,20.000000,TEMP,TEMPERATURE (OF WATER),DEG C,44.21278,-83.37111
201802002,2019-02-19 21:09:31,CCGS LIMNOS,LAKE HURON,49,440653,-833141,97,10.88,2018-09-15 10:39:00,100,.00,.00,,,0,20.500000,TEMP,TEMPERATURE (OF WATER),DEG C,44.11472,-83.52806
201802002,2019-02-19 21:09:31,CCGS LIMNOS,LAKE HURON,50,435835,-833432,98,10.97,2018-09-15 12:00:00,100,.00,.00,,,0,21.000000,TEMP,TEMPERATURE (OF WATER),DEG C,43.97639,-83.57556
201802002,2019-02-19 21:09:31,CCGS LIMNOS,LAKE HURON,51,435431,-834430,99,7.32,2018-09-15 13:15:00,100,.00,.00,,,0,21.500000,TEMP,TEMPERATURE (OF WATER),DEG C,43.90861,-83.74167
201802002,2019-02-19 21:09:31,CCGS LIMNOS,LAKE HURON,52,434930,-834901,100,7.02,2018-09-15 14:06:00,100,.00,.00,,,0,21.000000,TEMP,TEMPERATURE (OF WATER),DEG C,43.82500,-83.81694
201802002,2019-02-19 21:09:31,CCGS LIMNOS,LAKE HURON,53,434914,-833733,101,6.11,2018-09-15 15:22:00,100,.00,.00,,,0,20.500000,TEMP,TEMPERATURE (OF WATER),DEG C,43.82056,-83.62583
201802002,2019-02-19 21:09:31,CCGS LIMNOS,LAKE HURON,54,440735,-831019,96,29.29,2018-09-15 19:16:00,100,.00,.00,,,0,21.000000,TEMP,TEMPERATURE (OF WATER),DEG C,44.12639,-83.17194
201802002,2019-02-19 21:09:31,CCGS LIMNOS,LAKE HURON,55,441257,-830504,20,45.7,2018-09-15 20:13:00,100,.00,.00,,,0,21.000000,TEMP,TEMPERATURE (OF WATER),DEG C,44.21583,-83.08444
201802002,2019-02-19 21:09:31,CCGS LIMNOS,LAKE HURON,56,440602,-825202,17,14.94,2018-09-15 21:56:00,100,.00,.00,,,0,20.500000,TEMP,TEMPERATURE (OF WATER),DEG C,44.10056,-82.86722
201802002,2019-02-19 21:09:31,CCGS LIMNOS,LAKE HURON,57,441154,-823014,27,55.22,2018-09-16 00:02:00,100,.00,.00,,,0,21.000000,TEMP,TEMPERATURE (OF WATER),DEG C,44.19833,-82.50389
201802002,2019-02-19 21:09:31,CCGS LIMNOS,LAKE HURON,58,435632,-823956,14,13.16,2018-09-16 02:26:00,100,.00,.00,,,0,21.000000,TEMP,TEMPERATURE (OF WATER),DEG C,43.94222,-82.66556
201802002,2019-02-19 21:09:31,CCGS LIMNOS,LAKE HURON,59,434511,-823408,13,16.56,2018-09-16 04:02:00,100,.00,.00,,,0,20.500000,TEMP,TEMPERATURE (OF WATER),DEG C,43.75306,-82.56889
201802002,2019-02-19 21:09:31,CCGS LIMNOS,LAKE HURON,60,433800,-821300,9,58.92,2018-09-16 06:04:00,100,.00,.00,,,0,20.500000,TEMP,TEMPERATURE (OF WATER),DEG C,43.63333,-82.21667
201802002,2019-02-19 21:09:31,CCGS LIMNOS,LAKE HURON,61,433358,-822903,8,29.67,2018-09-16 08:09:00,100,.00,.00,,,0,20.500000,TEMP,TEMPERATURE (OF WATER),DEG C,43.56611,-82.48417
201802002,2019-02-19 21:09:31,CCGS LIMNOS,LAKE HURON,62,432031,-823022,7,10.72,2018-09-16 09:45:00,100,.00,.00,,,0,20.000000,TEMP,TEMPERATURE (OF WATER),DEG C,43.34194,-82.50611
201802002,2019-02-19 21:09:31,CCGS LIMNOS,LAKE HURON,8,442203,-815002,29,124.4,2018-09-11 14:35:00,104,10.00,.00,,,0,18.550000,T EBT,TEMPERATURE EBT,DEG C,44.36750,-81.83389
201802002,2019-02-19 21:09:31,CCGS LIMNOS,LAKE HURON,8,442203,-815002,29,124.4,2018-09-11 14:35:00,104,14.00,.00,,,0,9.140000,T EBT,TEMPERATURE EBT,DEG C,44.36750,-81.83389
201802002,2019-02-19 21:09:31,CCGS LIMNOS,LAKE HURON,8,442203,-815002,29,124.4,2018-09-11 14:35:00,104,20.00,.00,,,0,5.690000,T EBT,TEMPERATURE EBT,DEG C,44.36750,-81.83389
201802002,2019-02-19 21:09:31,CCGS LIMNOS,LAKE HURON,8,442203,-815002,29,124.4,2018-09-11 14:35:00,104,114.00,.00,,,0,3.850000,T EBT,TEMPERATURE EBT,DEG C,44.36750,-81.83389
201802002,2019-02-19 21:09:31,CCGS LIMNOS,LAKE HURON,8,442203,-815002,29,124.4,2018-09-11 14:35:00,104,122.00,.00,,,0,3.840000,T EBT,TEMPERATURE EBT,DEG C,44.36750,-81.83389
201802002,2019-02-19 21:09:31,CCGS LIMNOS,LAKE HURON,30,460722,-825305,79,25.79,2018-09-13 15:58:00,104,12.00,.00,,,0,18.390000,T EBT,TEMPERATURE EBT,DEG C,46.12278,-82.88472
201802002,2019-02-19 21:09:31,CCGS LIMNOS,LAKE HURON,30,460722,-825305,79,25.79,2018-09-13 15:58:00,104,16.00,.00,,,0,12.680000,T EBT,TEMPERATURE EBT,DEG C,46.12278,-82.88472
201802002,2019-02-19 21:09:31,CCGS LIMNOS,LAKE HURON,30,460722,-825305,79,25.79,2018-09-13 15:58:00,104,24.00,.00,,,0,7.670000,T EBT,TEMPERATURE EBT,DEG C,46.12278,-82.88472
201802002,2019-02-19 21:09:31,CCGS LIMNOS,LAKE HURON,39,454846,-844515,64,35.89,2018-09-14 07:17:00,104,19.00,.00,,,0,16.710000,T EBT,TEMPERATURE EBT,DEG C,45.81278,-84.75417
201802002,2019-02-19 21:09:31,CCGS LIMNOS,LAKE HURON,39,454846,-844515,64,35.89,2018-09-14 07:17:00,104,22.00,.00,,,0,15.340000,T EBT,TEMPERATURE EBT,DEG C,45.81278,-84.75417
201802002,2019-02-19 21:09:31,CCGS LIMNOS,LAKE HURON,39,454846,-844515,64,35.89,2018-09-14 07:17:00,104,30.00,.00,,,0,11.380000,T EBT,TEMPERATURE EBT,DEG C,45.81278,-84.75417
201802002,2019-02-19 21:09:31,CCGS LIMNOS,LAKE HURON,39,454846,-844515,64,35.89,2018-09-14 07:17:00,104,34.00,.00,,,0,11.130000,T EBT,TEMPERATURE EBT,DEG C,45.81278,-84.75417
201802002,2019-02-19 21:09:31,CCGS LIMNOS,LAKE HURON,43,453102,-832500,54,118.94,2018-09-14 15:26:00,104,3.00,.00,,,0,14.980000,T EBT,TEMPERATURE EBT,DEG C,45.51722,-83.41667
201802002,2019-02-19 21:09:31,CCGS LIMNOS,LAKE HURON,43,453102,-832500,54,118.94,2018-09-14 15:26:00,104,15.00,.00,,,0,6.920000,T EBT,TEMPERATURE EBT,DEG C,45.51722,-83.41667
201802002,2019-02-19 21:09:31,CCGS LIMNOS,LAKE HURON,43,453102,-832500,54,118.94,2018-09-14 15:26:00,104,30.00,.00,,,0,4.480000,T EBT,TEMPERATURE EBT,DEG C,45.51722,-83.41667
201802002,2019-02-19 21:09:31,CCGS LIMNOS,LAKE HURON,43,453102,-832500,54,118.94,2018-09-14 15:26:00,104,107.00,.00,,,0,3.920000,T EBT,TEMPERATURE EBT,DEG C,45.51722,-83.41667
201802002,2019-02-19 21:09:31,CCGS LIMNOS,LAKE HURON,43,453102,-832500,54,118.94,2018-09-14 15:26:00,104,117.00,.00,,,0,3.920000,T EBT,TEMPERATURE EBT,DEG C,45.51722,-83.41667
201802002,2019-02-19 21:09:31,CCGS LIMNOS,LAKE HURON,46,450059,-824110,44,164.4,2018-09-15 01:10:00,104,18.00,.00,,,0,18.750000,T EBT,TEMPERATURE EBT,DEG C,45.01639,-82.68611
201802002,2019-02-19 21:09:31,CCGS LIMNOS,LAKE HURON,46,450059,-824110,44,164.4,2018-09-15 01:10:00,104,30.00,.00,,,0,6.440000,T EBT,TEMPERATURE EBT,DEG C,45.01639,-82.68611
201802002,2019-02-19 21:09:31,CCGS LIMNOS,LAKE HURON,46,450059,-824110,44,164.4,2018-09-15 01:10:00,104,42.00,.00,,,0,4.450000,T EBT,TEMPERATURE EBT,DEG C,45.01639,-82.68611
201802002,2019-02-19 21:09:31,CCGS LIMNOS,LAKE HURON,46,450059,-824110,44,164.4,2018-09-15 01:10:00,104,100.00,.00,,,0,3.840000,T EBT,TEMPERATURE EBT,DEG C,45.01639,-82.68611
201802002,2019-02-19 21:09:31,CCGS LIMNOS,LAKE HURON,46,450059,-824110,44,164.4,2018-09-15 01:10:00,104,154.00,.00,,,0,3.830000,T EBT,TEMPERATURE EBT,DEG C,45.01639,-82.68611
201802002,2019-02-19 21:09:31,CCGS LIMNOS,LAKE HURON,46,450059,-824110,44,164.4,2018-09-15 01:10:00,104,162.00,.00,,,0,3.830000,T EBT,TEMPERATURE EBT,DEG C,45.01639,-82.68611
201802002,2019-02-19 21:09:31,CCGS LIMNOS,LAKE HURON,60,433800,-821300,9,58.92,2018-09-16 06:04:00,104,25.00,.00,,,0,15.850000,T EBT,TEMPERATURE EBT,DEG C,43.63333,-82.21667
201802002,2019-02-19 21:09:31,CCGS LIMNOS,LAKE HURON,60,433800,-821300,9,58.92,2018-09-16 06:04:00,104,29.00,.00,,,0,6.560000,T EBT,TEMPERATURE EBT,DEG C,43.63333,-82.21667
201802002,2019-02-19 21:09:31,CCGS LIMNOS,LAKE HURON,60,433800,-821300,9,58.92,2018-09-16 06:04:00,104,37.00,.00,,,0,5.440000,T EBT,TEMPERATURE EBT,DEG C,43.63333,-82.21667
201802002,2019-02-19 21:09:31,CCGS LIMNOS,LAKE HURON,60,433800,-821300,9,58.92,2018-09-16 06:04:00,104,49.00,.00,,,0,4.920000,T EBT,TEMPERATURE EBT,DEG C,43.63333,-82.21667
201802002,2019-02-19 21:09:31,CCGS LIMNOS,LAKE HURON,60,433800,-821300,9,58.92,2018-09-16 06:04:00,104,57.00,.00,,,0,4.910000,T EBT,TEMPERATURE EBT,DEG C,43.63333,-82.21667
201802002,2019-02-19 21:09:31,CCGS LIMNOS,LAKE HURON,1,430524,-822330,1,10.34,2018-09-10 23:38:00,124,1.00,.00,,,0,89.000000,TRANS,TRANSPARENCY,PERCENT,43.09000,-82.39167
201802002,2019-02-19 21:09:31,CCGS LIMNOS,LAKE HURON,2,431524,-820219,3,14.91,2018-09-11 02:08:00,124,1.00,.00,,,0,86.000000,TRANS,TRANSPARENCY,PERCENT,43.25667,-82.03861
201802002,2019-02-19 21:09:31,CCGS LIMNOS,LAKE HURON,3,431928,-814722,4,9.81,2018-09-11 03:45:00,124,1.00,.00,,,0,87.000000,TRANS,TRANSPARENCY,PERCENT,43.32444,-81.78944
201802002,2019-02-19 21:09:31,CCGS LIMNOS,LAKE HURON,4,433252,-814440,5,11.12,2018-09-11 05:38:00,124,1.00,.00,,,0,90.000000,TRANS,TRANSPARENCY,PERCENT,43.54778,-81.74444
201802002,2019-02-19 21:09:31,CCGS LIMNOS,LAKE HURON,5,434508,-814655,10,12.08,2018-09-11 07:16:00,124,1.00,.00,,,0,90.000000,TRANS,TRANSPARENCY,PERCENT,43.75222,-81.78194
201802002,2019-02-19 21:09:31,CCGS LIMNOS,LAKE HURON,6,435325,-820319,12,87.02,2018-09-11 09:19:00,124,1.00,.00,,,0,91.000000,TRANS,TRANSPARENCY,PERCENT,43.89028,-82.05528
201802002,2019-02-19 21:09:31,CCGS LIMNOS,LAKE HURON,7,435722,-814711,11,9.94,2018-09-11 11:20:00,124,1.00,.00,,,0,89.000000,TRANS,TRANSPARENCY,PERCENT,43.95611,-81.78639
201802002,2019-02-19 21:09:31,CCGS LIMNOS,LAKE HURON,8,442203,-815002,29,124.4,2018-09-11 14:35:00,124,1.00,.00,,,0,90.000000,TRANS,TRANSPARENCY,PERCENT,44.36750,-81.83389
201802002,2019-02-19 21:09:31,CCGS LIMNOS,LAKE HURON,9,442757,-812713,30,19.91,2018-09-11 16:57:00,124,1.00,.00,,,0,90.000000,TRANS,TRANSPARENCY,PERCENT,44.46583,-81.45361
201802002,2019-02-19 21:09:31,CCGS LIMNOS,LAKE HURON,10,443920,-812240,39,25.46,2018-09-11 18:30:00,124,1.00,.00,,,0,89.000000,TRANS,TRANSPARENCY,PERCENT,44.65556,-81.37778
201802002,2019-02-19 21:09:31,CCGS LIMNOS,LAKE HURON,11,445354,-812617,40,20.6,2018-09-11 21:16:00,124,1.00,.00,,,0,90.000000,TRANS,TRANSPARENCY,PERCENT,44.89833,-81.43806
201802002,2019-02-19 21:09:31,CCGS LIMNOS,LAKE HURON,12,444425,-820324,38,134.62,2018-09-12 00:30:00,124,1.00,.00,,,0,90.000000,TRANS,TRANSPARENCY,PERCENT,44.74028,-82.05667
201802002,2019-02-19 21:09:31,CCGS LIMNOS,LAKE HURON,13,450106,-815835,43,173.44,2018-09-12 03:39:00,124,1.00,.00,,,0,90.000000,TRANS,TRANSPARENCY,PERCENT,45.01833,-81.97639
201802002,2019-02-19 21:09:31,CCGS LIMNOS,LAKE HURON,14,450459,-813213,41,21.37,2018-09-12 05:44:00,124,1.00,.00,,,0,90.000000,TRANS,TRANSPARENCY,PERCENT,45.08306,-81.53694
201802002,2019-02-19 21:09:31,CCGS LIMNOS,LAKE HURON,15,451315,-814914,42,43.58,2018-09-12 07:39:00,124,1.00,.00,,,0,90.000000,TRANS,TRANSPARENCY,PERCENT,45.22083,-81.82056
201802002,2019-02-19 21:09:31,CCGS LIMNOS,LAKE HURON,16,451644,-822704,48,110.28,2018-09-12 10:54:00,124,1.00,.00,,,0,88.000000,TRANS,TRANSPARENCY,PERCENT,45.27889,-82.45111
201802002,2019-02-19 21:09:31,CCGS LIMNOS,LAKE HURON,17,453209,-820244,50,26.19,2018-09-12 13:40:00,124,1.00,.00,,,0,91.000000,TRANS,TRANSPARENCY,PERCENT,45.53583,-82.04556
201802002,2019-02-19 21:09:31,CCGS LIMNOS,LAKE HURON,18,453904,-823850,52,65.02,2018-09-12 17:13:00,124,1.00,.00,,,0,90.000000,TRANS,TRANSPARENCY,PERCENT,45.65111,-82.64722
201802002,2019-02-19 21:09:31,CCGS LIMNOS,LAKE HURON,19,454559,-830141,59,17.98,2018-09-12 19:44:00,124,1.00,.00,,,0,89.000000,TRANS,TRANSPARENCY,PERCENT,45.76639,-83.02806
201802002,2019-02-19 21:09:31,CCGS LIMNOS,LAKE HURON,20,455200,-831558,58,12.75,2018-09-12 21:24:00,124,1.00,.00,,,0,90.000000,TRANS,TRANSPARENCY,PERCENT,45.86667,-83.26611
201802002,2019-02-19 21:09:31,CCGS LIMNOS,LAKE HURON,21,455404,-833110,60,24.14,2018-09-12 23:15:00,124,1.00,.00,,,0,89.000000,TRANS,TRANSPARENCY,PERCENT,45.90111,-83.51944
201802002,2019-02-19 21:09:31,CCGS LIMNOS,LAKE HURON,22,455959,-832600,76,58.38,2018-09-13 00:29:00,124,1.00,.00,,,0,86.000000,TRANS,TRANSPARENCY,PERCENT,45.99972,-83.43333
201802002,2019-02-19 21:09:31,CCGS LIMNOS,LAKE HURON,23,455814,-831157,77,77.89,2018-09-13 01:46:00,124,1.00,.00,,,0,87.000000,TRANS,TRANSPARENCY,PERCENT,45.97056,-83.19917
201802002,2019-02-19 21:09:31,CCGS LIMNOS,LAKE HURON,24,455612,-824534,82,28.12,2018-09-13 04:52:00,124,1.00,.00,,,0,83.000000,TRANS,TRANSPARENCY,PERCENT,45.93667,-82.75944
201802002,2019-02-19 21:09:31,CCGS LIMNOS,LAKE HURON,25,455959,-823301,83,31.13,2018-09-13 06:16:00,124,1.00,.00,,,0,83.000000,TRANS,TRANSPARENCY,PERCENT,45.99972,-82.55028
201802002,2019-02-19 21:09:31,CCGS LIMNOS,LAKE HURON,26,460340,-821149,87,43.68,2018-09-13 08:08:00,124,1.00,.00,,,0,82.000000,TRANS,TRANSPARENCY,PERCENT,46.06111,-82.19694
201802002,2019-02-19 21:09:31,CCGS LIMNOS,LAKE HURON,27,460319,-820000,88,35.75,2018-09-13 09:21:00,124,1.00,.00,,,0,83.000000,TRANS,TRANSPARENCY,PERCENT,46.05528,-82.00000
201802002,2019-02-19 21:09:31,CCGS LIMNOS,LAKE HURON,28,455459,-820940,89,38.74,2018-09-13 11:07:00,124,1.00,.00,,,0,82.000000,TRANS,TRANSPARENCY,PERCENT,45.91639,-82.16111
201802002,2019-02-19 21:09:31,CCGS LIMNOS,LAKE HURON,29,460630,-825048,84,35.65,2018-09-13 15:44:00,124,1.00,.00,,,0,85.000000,TRANS,TRANSPARENCY,PERCENT,46.10833,-82.84667
201802002,2019-02-19 21:09:31,CCGS LIMNOS,LAKE HURON,30,460722,-825305,79,25.79,2018-09-13 15:58:00,124,1.00,.00,,,0,84.000000,TRANS,TRANSPARENCY,PERCENT,46.12278,-82.88472
201802002,2019-02-19 21:09:31,CCGS LIMNOS,LAKE HURON,31,461112,-832116,73,18.83,2018-09-13 18:56:00,124,1.00,.00,,,0,85.000000,TRANS,TRANSPARENCY,PERCENT,46.18667,-83.35444
201802002,2019-02-19 21:09:31,CCGS LIMNOS,LAKE HURON,32,461401,-834445,71,35.37,2018-09-13 20:51:00,124,1.00,.00,,,0,79.000000,TRANS,TRANSPARENCY,PERCENT,46.23361,-83.74583
201802002,2019-02-19 21:09:31,CCGS LIMNOS,LAKE HURON,33,460813,-834020,70,21.61,2018-09-13 22:05:00,124,1.00,.00,,,0,85.000000,TRANS,TRANSPARENCY,PERCENT,46.13694,-83.67222
201802002,2019-02-19 21:09:31,CCGS LIMNOS,LAKE HURON,34,460232,-835109,68,16.63,2018-09-13 23:31:00,124,1.00,.00,,,0,70.000000,TRANS,TRANSPARENCY,PERCENT,46.04222,-83.85250
201802002,2019-02-19 21:09:31,CCGS LIMNOS,LAKE HURON,35,460440,-840138,69,10.72,2018-09-14 00:42:00,124,1.00,.00,,,0,57.000000,TRANS,TRANSPARENCY,PERCENT,46.07778,-84.02722
201802002,2019-02-19 21:09:31,CCGS LIMNOS,LAKE HURON,36,455610,-835359,67,29.3,2018-09-14 02:17:00,124,1.00,.00,,,0,85.000000,TRANS,TRANSPARENCY,PERCENT,45.93611,-83.89972
201802002,2019-02-19 21:09:31,CCGS LIMNOS,LAKE HURON,37,455151,-841743,66,67.4,2018-09-14 04:24:00,124,1.00,.00,,,0,87.000000,TRANS,TRANSPARENCY,PERCENT,45.86417,-84.29528
201802002,2019-02-19 21:09:31,CCGS LIMNOS,LAKE HURON,38,455041,-843358,65,58.91,2018-09-14 06:01:00,124,1.00,.00,,,0,88.000000,TRANS,TRANSPARENCY,PERCENT,45.84472,-84.56611
201802002,2019-02-19 21:09:31,CCGS LIMNOS,LAKE HURON,39,454846,-844515,64,35.89,2018-09-14 07:17:00,124,1.00,.00,,,0,88.000000,TRANS,TRANSPARENCY,PERCENT,45.81278,-84.75417
201802002,2019-02-19 21:09:31,CCGS LIMNOS,LAKE HURON,40,454218,-843037,63,15.8,2018-09-14 09:01:00,124,1.00,.00,,,0,88.000000,TRANS,TRANSPARENCY,PERCENT,45.70500,-84.51028
201802002,2019-02-19 21:09:31,CCGS LIMNOS,LAKE HURON,41,454025,-841106,62,44.24,2018-09-14 11:05:00,124,1.00,.00,,,0,88.000000,TRANS,TRANSPARENCY,PERCENT,45.67361,-84.18500
201802002,2019-02-19 21:09:31,CCGS LIMNOS,LAKE HURON,42,453102,-840501,56,21.54,2018-09-14 12:13:00,124,1.00,.00,,,0,89.000000,TRANS,TRANSPARENCY,PERCENT,45.51722,-84.08361
201802002,2019-02-19 21:09:31,CCGS LIMNOS,LAKE HURON,43,453102,-832500,54,118.94,2018-09-14 15:26:00,124,1.00,.00,,,0,87.000000,TRANS,TRANSPARENCY,PERCENT,45.51722,-83.41667
201802002,2019-02-19 21:09:31,CCGS LIMNOS,LAKE HURON,44,451515,-832047,47,22.2,2018-09-14 18:07:00,124,1.00,.00,,,0,89.000000,TRANS,TRANSPARENCY,PERCENT,45.25417,-83.34639
201802002,2019-02-19 21:09:31,CCGS LIMNOS,LAKE HURON,45,450228,-832233,36,8.8,2018-09-14 21:27:00,124,1.00,.00,,,0,85.000000,TRANS,TRANSPARENCY,PERCENT,45.04111,-83.37583
201802002,2019-02-19 21:09:31,CCGS LIMNOS,LAKE HURON,46,450059,-824110,44,164.4,2018-09-15 01:10:00,124,1.00,.00,,,0,89.000000,TRANS,TRANSPARENCY,PERCENT,45.01639,-82.68611
201802002,2019-02-19 21:09:31,CCGS LIMNOS,LAKE HURON,47,442958,-824952,33,72.14,2018-09-15 05:40:00,124,1.00,.00,,,0,90.000000,TRANS,TRANSPARENCY,PERCENT,44.49944,-82.83111
201802002,2019-02-19 21:09:31,CCGS LIMNOS,LAKE HURON,48,441246,-832216,95,20.19,2018-09-15 09:12:00,124,1.00,.00,,,0,90.000000,TRANS,TRANSPARENCY,PERCENT,44.21278,-83.37111
201802002,2019-02-19 21:09:31,CCGS LIMNOS,LAKE HURON,49,440653,-833141,97,10.88,2018-09-15 10:39:00,124,1.00,.00,,,0,65.000000,TRANS,TRANSPARENCY,PERCENT,44.11472,-83.52806
201802002,2019-02-19 21:09:31,CCGS LIMNOS,LAKE HURON,50,435835,-833432,98,10.97,2018-09-15 12:00:00,124,1.00,.00,,,0,64.000000,TRANS,TRANSPARENCY,PERCENT,43.97639,-83.57556
201802002,2019-02-19 21:09:31,CCGS LIMNOS,LAKE HURON,51,435431,-834430,99,7.32,2018-09-15 13:15:00,124,1.00,.00,,,0,61.000000,TRANS,TRANSPARENCY,PERCENT,43.90861,-83.74167
201802002,2019-02-19 21:09:31,CCGS LIMNOS,LAKE HURON,52,434930,-834901,100,7.02,2018-09-15 14:06:00,124,1.00,.00,,,0,63.000000,TRANS,TRANSPARENCY,PERCENT,43.82500,-83.81694
201802002,2019-02-19 21:09:31,CCGS LIMNOS,LAKE HURON,53,434914,-833733,101,6.11,2018-09-15 15:22:00,124,1.00,.00,,,0,57.000000,TRANS,TRANSPARENCY,PERCENT,43.82056,-83.62583
201802002,2019-02-19 21:09:31,CCGS LIMNOS,LAKE HURON,54,440735,-831019,96,29.29,2018-09-15 19:16:00,124,1.00,.00,,,0,90.000000,TRANS,TRANSPARENCY,PERCENT,44.12639,-83.17194
201802002,2019-02-19 21:09:31,CCGS LIMNOS,LAKE HURON,55,441257,-830504,20,45.7,2018-09-15 20:13:00,124,1.00,.00,,,0,90.000000,TRANS,TRANSPARENCY,PERCENT,44.21583,-83.08444
201802002,2019-02-19 21:09:31,CCGS LIMNOS,LAKE HURON,56,440602,-825202,17,14.94,2018-09-15 21:56:00,124,1.00,.00,,,0,87.000000,TRANS,TRANSPARENCY,PERCENT,44.10056,-82.86722
201802002,2019-02-19 21:09:31,CCGS LIMNOS,LAKE HURON,57,441154,-823014,27,55.22,2018-09-16 00:02:00,124,1.00,.00,,,0,89.000000,TRANS,TRANSPARENCY,PERCENT,44.19833,-82.50389
201802002,2019-02-19 21:09:31,CCGS LIMNOS,LAKE HURON,58,435632,-823956,14,13.16,2018-09-16 02:26:00,124,1.00,.00,,,0,87.000000,TRANS,TRANSPARENCY,PERCENT,43.94222,-82.66556
201802002,2019-02-19 21:09:31,CCGS LIMNOS,LAKE HURON,59,434511,-823408,13,16.56,2018-09-16 04:02:00,124,1.00,.00,,,0,87.000000,TRANS,TRANSPARENCY,PERCENT,43.75306,-82.56889
201802002,2019-02-19 21:09:31,CCGS LIMNOS,LAKE HURON,60,433800,-821300,9,58.92,2018-09-16 06:04:00,124,1.00,.00,,,0,90.000000,TRANS,TRANSPARENCY,PERCENT,43.63333,-82.21667
201802002,2019-02-19 21:09:31,CCGS LIMNOS,LAKE HURON,61,433358,-822903,8,29.67,2018-09-16 08:09:00,124,1.00,.00,,,0,88.000000,TRANS,TRANSPARENCY,PERCENT,43.56611,-82.48417
201802002,2019-02-19 21:09:31,CCGS LIMNOS,LAKE HURON,62,432031,-823022,7,10.72,2018-09-16 09:45:00,124,1.00,.00,,,0,90.000000,TRANS,TRANSPARENCY,PERCENT,43.34194,-82.50611
201802002,2019-02-19 21:09:31,CCGS LIMNOS,LAKE HURON,1,430524,-822330,1,10.34,2018-09-10 23:38:00,160,1.00,.00,,,0,214.800000,CON 25,SPECIFIC CONDUCTANCE 25 DEG. C,USIEMENS,43.09000,-82.39167
201802002,2019-02-19 21:09:31,CCGS LIMNOS,LAKE HURON,1,430524,-822330,1,10.34,2018-09-10 23:38:00,160,1.00,.00,,,1,215.100000,CON 25,SPECIFIC CONDUCTANCE 25 DEG. C,USIEMENS,43.09000,-82.39167
201802002,2019-02-19 21:09:31,CCGS LIMNOS,LAKE HURON,1,430524,-822330,1,10.34,2018-09-10 23:38:00,160,8.00,.00,,,0,215.200000,CON 25,SPECIFIC CONDUCTANCE 25 DEG. C,USIEMENS,43.09000,-82.39167
201802002,2019-02-19 21:09:31,CCGS LIMNOS,LAKE HURON,2,431524,-820219,3,14.91,2018-09-11 02:08:00,160,1.00,.00,,,0,217.200000,CON 25,SPECIFIC CONDUCTANCE 25 DEG. C,USIEMENS,43.25667,-82.03861
201802002,2019-02-19 21:09:31,CCGS LIMNOS,LAKE HURON,3,431928,-814722,4,9.81,2018-09-11 03:45:00,160,1.00,.00,,,0,217.800000,CON 25,SPECIFIC CONDUCTANCE 25 DEG. C,USIEMENS,43.32444,-81.78944
201802002,2019-02-19 21:09:31,CCGS LIMNOS,LAKE HURON,4,433252,-814440,5,11.12,2018-09-11 05:38:00,160,1.00,.00,,,0,216.200000,CON 25,SPECIFIC CONDUCTANCE 25 DEG. C,USIEMENS,43.54778,-81.74444
201802002,2019-02-19 21:09:31,CCGS LIMNOS,LAKE HURON,5,434508,-814655,10,12.08,2018-09-11 07:16:00,160,1.00,.00,,,0,214.300000,CON 25,SPECIFIC CONDUCTANCE 25 DEG. C,USIEMENS,43.75222,-81.78194
201802002,2019-02-19 21:09:31,CCGS LIMNOS,LAKE HURON,5,434508,-814655,10,12.08,2018-09-11 07:16:00,160,1.00,.00,,,1,214.400000,CON 25,SPECIFIC CONDUCTANCE 25 DEG. C,USIEMENS,43.75222,-81.78194
201802002,2019-02-19 21:09:31,CCGS LIMNOS,LAKE HURON,6,435325,-820319,12,87.02,2018-09-11 09:19:00,160,1.00,.00,,,0,214.500000,CON 25,SPECIFIC CONDUCTANCE 25 DEG. C,USIEMENS,43.89028,-82.05528
201802002,2019-02-19 21:09:31,CCGS LIMNOS,LAKE HURON,7,435722,-814711,11,9.94,2018-09-11 11:20:00,160,1.00,.00,,,0,215.400000,CON 25,SPECIFIC CONDUCTANCE 25 DEG. C,USIEMENS,43.95611,-81.78639
201802002,2019-02-19 21:09:31,CCGS LIMNOS,LAKE HURON,8,442203,-815002,29,124.4,2018-09-11 14:35:00,160,1.00,.00,,,0,212.300000,CON 25,SPECIFIC CONDUCTANCE 25 DEG. C,USIEMENS,44.36750,-81.83389
201802002,2019-02-19 21:09:31,CCGS LIMNOS,LAKE HURON,8,442203,-815002,29,124.4,2018-09-11 14:35:00,160,10.00,.00,,,0,212.300000,CON 25,SPECIFIC CONDUCTANCE 25 DEG. C,USIEMENS,44.36750,-81.83389
201802002,2019-02-19 21:09:31,CCGS LIMNOS,LAKE HURON,8,442203,-815002,29,124.4,2018-09-11 14:35:00,160,14.00,.00,,,0,212.400000,CON 25,SPECIFIC CONDUCTANCE 25 DEG. C,USIEMENS,44.36750,-81.83389
201802002,2019-02-19 21:09:31,CCGS LIMNOS,LAKE HURON,8,442203,-815002,29,124.4,2018-09-11 14:35:00,160,20.00,.00,,,0,213.100000,CON 25,SPECIFIC CONDUCTANCE 25 DEG. C,USIEMENS,44.36750,-81.83389
201802002,2019-02-19 21:09:31,CCGS LIMNOS,LAKE HURON,8,442203,-815002,29,124.4,2018-09-11 14:35:00,160,114.00,.00,,,0,217.200000,CON 25,SPECIFIC CONDUCTANCE 25 DEG. C,USIEMENS,44.36750,-81.83389
201802002,2019-02-19 21:09:31,CCGS LIMNOS,LAKE HURON,8,442203,-815002,29,124.4,2018-09-11 14:35:00,160,122.00,.00,,,0,217.800000,CON 25,SPECIFIC CONDUCTANCE 25 DEG. C,USIEMENS,44.36750,-81.83389
201802002,2019-02-19 21:09:31,CCGS LIMNOS,LAKE HURON,9,442757,-812713,30,19.91,2018-09-11 16:57:00,160,1.00,.00,,,0,217.100000,CON 25,SPECIFIC CONDUCTANCE 25 DEG. C,USIEMENS,44.46583,-81.45361
201802002,2019-02-19 21:09:31,CCGS LIMNOS,LAKE HURON,10,443920,-812240,39,25.46,2018-09-11 18:30:00,160,1.00,.00,,,0,213.500000,CON 25,SPECIFIC CONDUCTANCE 25 DEG. C,USIEMENS,44.65556,-81.37778
201802002,2019-02-19 21:09:31,CCGS LIMNOS,LAKE HURON,10,443920,-812240,39,25.46,2018-09-11 18:30:00,160,1.00,.00,,,1,213.500000,CON 25,SPECIFIC CONDUCTANCE 25 DEG. C,USIEMENS,44.65556,-81.37778
201802002,2019-02-19 21:09:31,CCGS LIMNOS,LAKE HURON,11,445354,-812617,40,20.6,2018-09-11 21:16:00,160,1.00,.00,,,0,213.200000,CON 25,SPECIFIC CONDUCTANCE 25 DEG. C,USIEMENS,44.89833,-81.43806
201802002,2019-02-19 21:09:31,CCGS LIMNOS,LAKE HURON,12,444425,-820324,38,134.62,2018-09-12 00:30:00,160,1.00,.00,,,0,211.000000,CON 25,SPECIFIC CONDUCTANCE 25 DEG. C,USIEMENS,44.74028,-82.05667
201802002,2019-02-19 21:09:31,CCGS LIMNOS,LAKE HURON,13,450106,-815835,43,173.44,2018-09-12 03:39:00,160,1.00,.00,,,0,211.100000,CON 25,SPECIFIC CONDUCTANCE 25 DEG. C,USIEMENS,45.01833,-81.97639
201802002,2019-02-19 21:09:31,CCGS LIMNOS,LAKE HURON,14,450459,-813213,41,21.37,2018-09-12 05:44:00,160,1.00,.00,,,0,212.300000,CON 25,SPECIFIC CONDUCTANCE 25 DEG. C,USIEMENS,45.08306,-81.53694
201802002,2019-02-19 21:09:31,CCGS LIMNOS,LAKE HURON,15,451315,-814914,42,43.58,2018-09-12 07:39:00,160,1.00,.00,,,0,211.100000,CON 25,SPECIFIC CONDUCTANCE 25 DEG. C,USIEMENS,45.22083,-81.82056
201802002,2019-02-19 21:09:31,CCGS LIMNOS,LAKE HURON,15,451315,-814914,42,43.58,2018-09-12 07:39:00,160,1.00,.00,,,1,211.100000,CON 25,SPECIFIC CONDUCTANCE 25 DEG. C,USIEMENS,45.22083,-81.82056
201802002,2019-02-19 21:09:31,CCGS LIMNOS,LAKE HURON,16,451644,-822704,48,110.28,2018-09-12 10:54:00,160,1.00,.00,,,0,204.600000,CON 25,SPECIFIC CONDUCTANCE 25 DEG. C,USIEMENS,45.27889,-82.45111
201802002,2019-02-19 21:09:31,CCGS LIMNOS,LAKE HURON,17,453209,-820244,50,26.19,2018-09-12 13:40:00,160,1.00,.00,,,0,211.000000,CON 25,SPECIFIC CONDUCTANCE 25 DEG. C,USIEMENS,45.53583,-82.04556
201802002,2019-02-19 21:09:31,CCGS LIMNOS,LAKE HURON,18,453904,-823850,52,65.02,2018-09-12 17:13:00,160,1.00,.00,,,0,211.000000,CON 25,SPECIFIC CONDUCTANCE 25 DEG. C,USIEMENS,45.65111,-82.64722
201802002,2019-02-19 21:09:31,CCGS LIMNOS,LAKE HURON,19,454559,-830141,59,17.98,2018-09-12 19:44:00,160,1.00,.00,,,0,209.100000,CON 25,SPECIFIC CONDUCTANCE 25 DEG. C,USIEMENS,45.76639,-83.02806
201802002,2019-02-19 21:09:31,CCGS LIMNOS,LAKE HURON,20,455200,-831558,58,12.75,2018-09-12 21:24:00,160,1.00,.00,,,0,207.200000,CON 25,SPECIFIC CONDUCTANCE 25 DEG. C,USIEMENS,45.86667,-83.26611
201802002,2019-02-19 21:09:31,CCGS LIMNOS,LAKE HURON,20,455200,-831558,58,12.75,2018-09-12 21:24:00,160,1.00,.00,,,1,207.200000,CON 25,SPECIFIC CONDUCTANCE 25 DEG. C,USIEMENS,45.86667,-83.26611
201802002,2019-02-19 21:09:31,CCGS LIMNOS,LAKE HURON,21,455404,-833110,60,24.14,2018-09-12 23:15:00,160,1.00,.00,,,0,203.400000,CON 25,SPECIFIC CONDUCTANCE 25 DEG. C,USIEMENS,45.90111,-83.51944
201802002,2019-02-19 21:09:31,CCGS LIMNOS,LAKE HURON,22,455959,-832600,76,58.38,2018-09-13 00:29:00,160,1.00,.00,,,0,181.500000,CON 25,SPECIFIC CONDUCTANCE 25 DEG. C,USIEMENS,45.99972,-83.43333
201802002,2019-02-19 21:09:31,CCGS LIMNOS,LAKE HURON,23,455814,-831157,77,77.89,2018-09-13 01:46:00,160,1.00,.00,,,0,190.600000,CON 25,SPECIFIC CONDUCTANCE 25 DEG. C,USIEMENS,45.97056,-83.19917
201802002,2019-02-19 21:09:31,CCGS LIMNOS,LAKE HURON,24,455612,-824534,82,28.12,2018-09-13 04:52:00,160,1.00,.00,,,0,169.200000,CON 25,SPECIFIC CONDUCTANCE 25 DEG. C,USIEMENS,45.93667,-82.75944
201802002,2019-02-19 21:09:31,CCGS LIMNOS,LAKE HURON,25,455959,-823301,83,31.13,2018-09-13 06:16:00,160,1.00,.00,,,0,170.800000,CON 25,SPECIFIC CONDUCTANCE 25 DEG. C,USIEMENS,45.99972,-82.55028
201802002,2019-02-19 21:09:31,CCGS LIMNOS,LAKE HURON,25,455959,-823301,83,31.13,2018-09-13 06:16:00,160,1.00,.00,,,1,170.600000,CON 25,SPECIFIC CONDUCTANCE 25 DEG. C,USIEMENS,45.99972,-82.55028
201802002,2019-02-19 21:09:31,CCGS LIMNOS,LAKE HURON,26,460340,-821149,87,43.68,2018-09-13 08:08:00,160,1.00,.00,,,0,172.200000,CON 25,SPECIFIC CONDUCTANCE 25 DEG. C,USIEMENS,46.06111,-82.19694
201802002,2019-02-19 21:09:31,CCGS LIMNOS,LAKE HURON,27,460319,-820000,88,35.75,2018-09-13 09:21:00,160,1.00,.00,,,0,172.400000,CON 25,SPECIFIC CONDUCTANCE 25 DEG. C,USIEMENS,46.05528,-82.00000
201802002,2019-02-19 21:09:31,CCGS LIMNOS,LAKE HURON,28,455459,-820940,89,38.74,2018-09-13 11:07:00,160,1.00,.00,,,0,171.600000,CON 25,SPECIFIC CONDUCTANCE 25 DEG. C,USIEMENS,45.91639,-82.16111
201802002,2019-02-19 21:09:31,CCGS LIMNOS,LAKE HURON,29,460630,-825048,84,35.65,2018-09-13 15:44:00,160,1.00,.00,,,0,167.400000,CON 25,SPECIFIC CONDUCTANCE 25 DEG. C,USIEMENS,46.10833,-82.84667
201802002,2019-02-19 21:09:31,CCGS LIMNOS,LAKE HURON,29,460630,-825048,84,35.65,2018-09-13 15:44:00,160,12.00,.00,,,0,169.700000,CON 25,SPECIFIC CONDUCTANCE 25 DEG. C,USIEMENS,46.10833,-82.84667
201802002,2019-02-19 21:09:31,CCGS LIMNOS,LAKE HURON,29,460630,-825048,84,35.65,2018-09-13 15:44:00,160,14.00,.00,,,0,171.900000,CON 25,SPECIFIC CONDUCTANCE 25 DEG. C,USIEMENS,46.10833,-82.84667
201802002,2019-02-19 21:09:31,CCGS LIMNOS,LAKE HURON,29,460630,-825048,84,35.65,2018-09-13 15:44:00,160,16.00,.00,,,0,172.400000,CON 25,SPECIFIC CONDUCTANCE 25 DEG. C,USIEMENS,46.10833,-82.84667
201802002,2019-02-19 21:09:31,CCGS LIMNOS,LAKE HURON,29,460630,-825048,84,35.65,2018-09-13 15:44:00,160,34.00,.00,,,0,192.500000,CON 25,SPECIFIC CONDUCTANCE 25 DEG. C,USIEMENS,46.10833,-82.84667
201802002,2019-02-19 21:09:31,CCGS LIMNOS,LAKE HURON,30,460722,-825305,79,25.79,2018-09-13 15:58:00,160,1.00,.00,,,0,170.400000,CON 25,SPECIFIC CONDUCTANCE 25 DEG. C,USIEMENS,46.12278,-82.88472
201802002,2019-02-19 21:09:31,CCGS LIMNOS,LAKE HURON,30,460722,-825305,79,25.79,2018-09-13 15:58:00,160,1.00,.00,,,1,169.500000,CON 25,SPECIFIC CONDUCTANCE 25 DEG. C,USIEMENS,46.12278,-82.88472
201802002,2019-02-19 21:09:31,CCGS LIMNOS,LAKE HURON,30,460722,-825305,79,25.79,2018-09-13 15:58:00,160,12.00,.00,,,0,175.800000,CON 25,SPECIFIC CONDUCTANCE 25 DEG. C,USIEMENS,46.12278,-82.88472
201802002,2019-02-19 21:09:31,CCGS LIMNOS,LAKE HURON,30,460722,-825305,79,25.79,2018-09-13 15:58:00,160,16.00,.00,,,0,184.100000,CON 25,SPECIFIC CONDUCTANCE 25 DEG. C,USIEMENS,46.12278,-82.88472
201802002,2019-02-19 21:09:31,CCGS LIMNOS,LAKE HURON,30,460722,-825305,79,25.79,2018-09-13 15:58:00,160,24.00,.00,,,0,187.500000,CON 25,SPECIFIC CONDUCTANCE 25 DEG. C,USIEMENS,46.12278,-82.88472
201802002,2019-02-19 21:09:31,CCGS LIMNOS,LAKE HURON,31,461112,-832116,73,18.83,2018-09-13 18:56:00,160,1.00,.00,,,0,166.900000,CON 25,SPECIFIC CONDUCTANCE 25 DEG. C,USIEMENS,46.18667,-83.35444
201802002,2019-02-19 21:09:31,CCGS LIMNOS,LAKE HURON,32,461401,-834445,71,35.37,2018-09-13 20:51:00,160,1.00,.00,,,0,121.100000,CON 25,SPECIFIC CONDUCTANCE 25 DEG. C,USIEMENS,46.23361,-83.74583
201802002,2019-02-19 21:09:31,CCGS LIMNOS,LAKE HURON,32,461401,-834445,71,35.37,2018-09-13 20:51:00,160,23.00,.00,,,0,138.500000,CON 25,SPECIFIC CONDUCTANCE 25 DEG. C,USIEMENS,46.23361,-83.74583
201802002,2019-02-19 21:09:31,CCGS LIMNOS,LAKE HURON,32,461401,-834445,71,35.37,2018-09-13 20:51:00,160,27.00,.00,,,0,138.600000,CON 25,SPECIFIC CONDUCTANCE 25 DEG. C,USIEMENS,46.23361,-83.74583
201802002,2019-02-19 21:09:31,CCGS LIMNOS,LAKE HURON,32,461401,-834445,71,35.37,2018-09-13 20:51:00,160,31.00,.00,,,0,155.000000,CON 25,SPECIFIC CONDUCTANCE 25 DEG. C,USIEMENS,46.23361,-83.74583
201802002,2019-02-19 21:09:31,CCGS LIMNOS,LAKE HURON,32,461401,-834445,71,35.37,2018-09-13 20:51:00,160,33.00,.00,,,0,165.100000,CON 25,SPECIFIC CONDUCTANCE 25 DEG. C,USIEMENS,46.23361,-83.74583
201802002,2019-02-19 21:09:31,CCGS LIMNOS,LAKE HURON,33,460813,-834020,70,21.61,2018-09-13 22:05:00,160,1.00,.00,,,0,146.600000,CON 25,SPECIFIC CONDUCTANCE 25 DEG. C,USIEMENS,46.13694,-83.67222
201802002,2019-02-19 21:09:31,CCGS LIMNOS,LAKE HURON,34,460232,-835109,68,16.63,2018-09-13 23:31:00,160,1.00,.00,,,0,113.100000,CON 25,SPECIFIC CONDUCTANCE 25 DEG. C,USIEMENS,46.04222,-83.85250
201802002,2019-02-19 21:09:31,CCGS LIMNOS,LAKE HURON,35,460440,-840138,69,10.72,2018-09-14 00:42:00,160,1.00,.00,,,0,104.000000,CON 25,SPECIFIC CONDUCTANCE 25 DEG. C,USIEMENS,46.07778,-84.02722
201802002,2019-02-19 21:09:31,CCGS LIMNOS,LAKE HURON,35,460440,-840138,69,10.72,2018-09-14 00:42:00,160,1.00,.00,,,1,103.900000,CON 25,SPECIFIC CONDUCTANCE 25 DEG. C,USIEMENS,46.07778,-84.02722
201802002,2019-02-19 21:09:31,CCGS LIMNOS,LAKE HURON,35,460440,-840138,69,10.72,2018-09-14 00:42:00,160,9.00,.00,,,0,105.500000,CON 25,SPECIFIC CONDUCTANCE 25 DEG. C,USIEMENS,46.07778,-84.02722
201802002,2019-02-19 21:09:31,CCGS LIMNOS,LAKE HURON,36,455610,-835359,67,29.3,2018-09-14 02:17:00,160,1.00,.00,,,0,182.900000,CON 25,SPECIFIC CONDUCTANCE 25 DEG. C,USIEMENS,45.93611,-83.89972
201802002,2019-02-19 21:09:31,CCGS LIMNOS,LAKE HURON,37,455151,-841743,66,67.4,2018-09-14 04:24:00,160,1.00,.00,,,0,193.900000,CON 25,SPECIFIC CONDUCTANCE 25 DEG. C,USIEMENS,45.86417,-84.29528
201802002,2019-02-19 21:09:31,CCGS LIMNOS,LAKE HURON,38,455041,-843358,65,58.91,2018-09-14 06:01:00,160,1.00,.00,,,0,226.100000,CON 25,SPECIFIC CONDUCTANCE 25 DEG. C,USIEMENS,45.84472,-84.56611
201802002,2019-02-19 21:09:31,CCGS LIMNOS,LAKE HURON,39,454846,-844515,64,35.89,2018-09-14 07:17:00,160,1.00,.00,,,0,238.600000,CON 25,SPECIFIC CONDUCTANCE 25 DEG. C,USIEMENS,45.81278,-84.75417
201802002,2019-02-19 21:09:31,CCGS LIMNOS,LAKE HURON,39,454846,-844515,64,35.89,2018-09-14 07:17:00,160,19.00,.00,,,0,243.800000,CON 25,SPECIFIC CONDUCTANCE 25 DEG. C,USIEMENS,45.81278,-84.75417
201802002,2019-02-19 21:09:31,CCGS LIMNOS,LAKE HURON,39,454846,-844515,64,35.89,2018-09-14 07:17:00,160,22.00,.00,,,0,241.600000,CON 25,SPECIFIC CONDUCTANCE 25 DEG. C,USIEMENS,45.81278,-84.75417
201802002,2019-02-19 21:09:31,CCGS LIMNOS,LAKE HURON,39,454846,-844515,64,35.89,2018-09-14 07:17:00,160,30.00,.00,,,0,234.700000,CON 25,SPECIFIC CONDUCTANCE 25 DEG. C,USIEMENS,45.81278,-84.75417
201802002,2019-02-19 21:09:31,CCGS LIMNOS,LAKE HURON,39,454846,-844515,64,35.89,2018-09-14 07:17:00,160,34.00,.00,,,0,235.300000,CON 25,SPECIFIC CONDUCTANCE 25 DEG. C,USIEMENS,45.81278,-84.75417
201802002,2019-02-19 21:09:31,CCGS LIMNOS,LAKE HURON,40,454218,-843037,63,15.8,2018-09-14 09:01:00,160,1.00,.00,,,0,240.300000,CON 25,SPECIFIC CONDUCTANCE 25 DEG. C,USIEMENS,45.70500,-84.51028
201802002,2019-02-19 21:09:31,CCGS LIMNOS,LAKE HURON,40,454218,-843037,63,15.8,2018-09-14 09:01:00,160,1.00,.00,,,1,240.600000,CON 25,SPECIFIC CONDUCTANCE 25 DEG. C,USIEMENS,45.70500,-84.51028
201802002,2019-02-19 21:09:31,CCGS LIMNOS,LAKE HURON,41,454025,-841106,62,44.24,2018-09-14 11:05:00,160,1.00,.00,,,0,198.600000,CON 25,SPECIFIC CONDUCTANCE 25 DEG. C,USIEMENS,45.67361,-84.18500
201802002,2019-02-19 21:09:31,CCGS LIMNOS,LAKE HURON,42,453102,-840501,56,21.54,2018-09-14 12:13:00,160,1.00,.00,,,0,224.700000,CON 25,SPECIFIC CONDUCTANCE 25 DEG. C,USIEMENS,45.51722,-84.08361
201802002,2019-02-19 21:09:31,CCGS LIMNOS,LAKE HURON,43,453102,-832500,54,118.94,2018-09-14 15:26:00,160,1.00,.00,,,0,206.200000,CON 25,SPECIFIC CONDUCTANCE 25 DEG. C,USIEMENS,45.51722,-83.41667
201802002,2019-02-19 21:09:31,CCGS LIMNOS,LAKE HURON,43,453102,-832500,54,118.94,2018-09-14 15:26:00,160,3.00,.00,,,0,206.400000,CON 25,SPECIFIC CONDUCTANCE 25 DEG. C,USIEMENS,45.51722,-83.41667
201802002,2019-02-19 21:09:31,CCGS LIMNOS,LAKE HURON,43,453102,-832500,54,118.94,2018-09-14 15:26:00,160,15.00,.00,,,0,203.400000,CON 25,SPECIFIC CONDUCTANCE 25 DEG. C,USIEMENS,45.51722,-83.41667
201802002,2019-02-19 21:09:31,CCGS LIMNOS,LAKE HURON,43,453102,-832500,54,118.94,2018-09-14 15:26:00,160,30.00,.00,,,0,208.900000,CON 25,SPECIFIC CONDUCTANCE 25 DEG. C,USIEMENS,45.51722,-83.41667
201802002,2019-02-19 21:09:31,CCGS LIMNOS,LAKE HURON,43,453102,-832500,54,118.94,2018-09-14 15:26:00,160,107.00,.00,,,0,212.100000,CON 25,SPECIFIC CONDUCTANCE 25 DEG. C,USIEMENS,45.51722,-83.41667
201802002,2019-02-19 21:09:31,CCGS LIMNOS,LAKE HURON,43,453102,-832500,54,118.94,2018-09-14 15:26:00,160,117.00,.00,,,0,214.100000,CON 25,SPECIFIC CONDUCTANCE 25 DEG. C,USIEMENS,45.51722,-83.41667
201802002,2019-02-19 21:09:31,CCGS LIMNOS,LAKE HURON,44,451515,-832047,47,22.2,2018-09-14 18:07:00,160,1.00,.00,,,0,224.200000,CON 25,SPECIFIC CONDUCTANCE 25 DEG. C,USIEMENS,45.25417,-83.34639
201802002,2019-02-19 21:09:31,CCGS LIMNOS,LAKE HURON,45,450228,-832233,36,8.8,2018-09-14 21:27:00,160,1.00,.00,,,0,206.300000,CON 25,SPECIFIC CONDUCTANCE 25 DEG. C,USIEMENS,45.04111,-83.37583
201802002,2019-02-19 21:09:31,CCGS LIMNOS,LAKE HURON,45,450228,-832233,36,8.8,2018-09-14 21:27:00,160,1.00,.00,,,1,206.600000,CON 25,SPECIFIC CONDUCTANCE 25 DEG. C,USIEMENS,45.04111,-83.37583
201802002,2019-02-19 21:09:31,CCGS LIMNOS,LAKE HURON,45,450228,-832233,36,8.8,2018-09-14 21:27:00,160,7.00,.00,,,0,206.700000,CON 25,SPECIFIC CONDUCTANCE 25 DEG. C,USIEMENS,45.04111,-83.37583
201802002,2019-02-19 21:09:31,CCGS LIMNOS,LAKE HURON,46,450059,-824110,44,164.4,2018-09-15 01:10:00,160,1.00,.00,,,0,214.700000,CON 25,SPECIFIC CONDUCTANCE 25 DEG. C,USIEMENS,45.01639,-82.68611
201802002,2019-02-19 21:09:31,CCGS LIMNOS,LAKE HURON,46,450059,-824110,44,164.4,2018-09-15 01:10:00,160,18.00,.00,,,0,214.200000,CON 25,SPECIFIC CONDUCTANCE 25 DEG. C,USIEMENS,45.01639,-82.68611
201802002,2019-02-19 21:09:31,CCGS LIMNOS,LAKE HURON,46,450059,-824110,44,164.4,2018-09-15 01:10:00,160,30.00,.00,,,0,212.500000,CON 25,SPECIFIC CONDUCTANCE 25 DEG. C,USIEMENS,45.01639,-82.68611
201802002,2019-02-19 21:09:31,CCGS LIMNOS,LAKE HURON,46,450059,-824110,44,164.4,2018-09-15 01:10:00,160,42.00,.00,,,0,213.400000,CON 25,SPECIFIC CONDUCTANCE 25 DEG. C,USIEMENS,45.01639,-82.68611
201802002,2019-02-19 21:09:31,CCGS LIMNOS,LAKE HURON,46,450059,-824110,44,164.4,2018-09-15 01:10:00,160,100.00,.00,,,0,215.400000,CON 25,SPECIFIC CONDUCTANCE 25 DEG. C,USIEMENS,45.01639,-82.68611
201802002,2019-02-19 21:09:31,CCGS LIMNOS,LAKE HURON,46,450059,-824110,44,164.4,2018-09-15 01:10:00,160,154.00,.00,,,0,216.400000,CON 25,SPECIFIC CONDUCTANCE 25 DEG. C,USIEMENS,45.01639,-82.68611
201802002,2019-02-19 21:09:31,CCGS LIMNOS,LAKE HURON,46,450059,-824110,44,164.4,2018-09-15 01:10:00,160,162.00,.00,,,0,215.800000,CON 25,SPECIFIC CONDUCTANCE 25 DEG. C,USIEMENS,45.01639,-82.68611
201802002,2019-02-19 21:09:31,CCGS LIMNOS,LAKE HURON,47,442958,-824952,33,72.14,2018-09-15 05:40:00,160,1.00,.00,,,0,205.000000,CON 25,SPECIFIC CONDUCTANCE 25 DEG. C,USIEMENS,44.49944,-82.83111
201802002,2019-02-19 21:09:31,CCGS LIMNOS,LAKE HURON,48,441246,-832216,95,20.19,2018-09-15 09:12:00,160,1.00,.00,,,0,214.400000,CON 25,SPECIFIC CONDUCTANCE 25 DEG. C,USIEMENS,44.21278,-83.37111
201802002,2019-02-19 21:09:31,CCGS LIMNOS,LAKE HURON,48,441246,-832216,95,20.19,2018-09-15 09:12:00,160,16.50,.00,,,0,214.400000,CON 25,SPECIFIC CONDUCTANCE 25 DEG. C,USIEMENS,44.21278,-83.37111
201802002,2019-02-19 21:09:31,CCGS LIMNOS,LAKE HURON,48,441246,-832216,95,20.19,2018-09-15 09:12:00,160,18.00,.00,,,0,215.700000,CON 25,SPECIFIC CONDUCTANCE 25 DEG. C,USIEMENS,44.21278,-83.37111
201802002,2019-02-19 21:09:31,CCGS LIMNOS,LAKE HURON,49,440653,-833141,97,10.88,2018-09-15 10:39:00,160,1.00,.00,,,0,245.500000,CON 25,SPECIFIC CONDUCTANCE 25 DEG. C,USIEMENS,44.11472,-83.52806
201802002,2019-02-19 21:09:31,CCGS LIMNOS,LAKE HURON,50,435835,-833432,98,10.97,2018-09-15 12:00:00,160,1.00,.00,,,0,253.300000,CON 25,SPECIFIC CONDUCTANCE 25 DEG. C,USIEMENS,43.97639,-83.57556
201802002,2019-02-19 21:09:31,CCGS LIMNOS,LAKE HURON,50,435835,-833432,98,10.97,2018-09-15 12:00:00,160,1.00,.00,,,1,254.100000,CON 25,SPECIFIC CONDUCTANCE 25 DEG. C,USIEMENS,43.97639,-83.57556
201802002,2019-02-19 21:09:31,CCGS LIMNOS,LAKE HURON,51,435431,-834430,99,7.32,2018-09-15 13:15:00,160,1.00,.00,,,0,264.100000,CON 25,SPECIFIC CONDUCTANCE 25 DEG. C,USIEMENS,43.90861,-83.74167
201802002,2019-02-19 21:09:31,CCGS LIMNOS,LAKE HURON,52,434930,-834901,100,7.02,2018-09-15 14:06:00,160,1.00,.00,,,0,260.200000,CON 25,SPECIFIC CONDUCTANCE 25 DEG. C,USIEMENS,43.82500,-83.81694
201802002,2019-02-19 21:09:31,CCGS LIMNOS,LAKE HURON,52,434930,-834901,100,7.02,2018-09-15 14:06:00,160,5.00,.00,,,0,260.700000,CON 25,SPECIFIC CONDUCTANCE 25 DEG. C,USIEMENS,43.82500,-83.81694
201802002,2019-02-19 21:09:31,CCGS LIMNOS,LAKE HURON,53,434914,-833733,101,6.11,2018-09-15 15:22:00,160,1.00,.00,,,0,265.500000,CON 25,SPECIFIC CONDUCTANCE 25 DEG. C,USIEMENS,43.82056,-83.62583
201802002,2019-02-19 21:09:31,CCGS LIMNOS,LAKE HURON,54,440735,-831019,96,29.29,2018-09-15 19:16:00,160,1.00,.00,,,0,215.600000,CON 25,SPECIFIC CONDUCTANCE 25 DEG. C,USIEMENS,44.12639,-83.17194
201802002,2019-02-19 21:09:31,CCGS LIMNOS,LAKE HURON,55,441257,-830504,20,45.7,2018-09-15 20:13:00,160,1.00,.00,,,0,213.600000,CON 25,SPECIFIC CONDUCTANCE 25 DEG. C,USIEMENS,44.21583,-83.08444
201802002,2019-02-19 21:09:31,CCGS LIMNOS,LAKE HURON,55,441257,-830504,20,45.7,2018-09-15 20:13:00,160,1.00,.00,,,1,214.200000,CON 25,SPECIFIC CONDUCTANCE 25 DEG. C,USIEMENS,44.21583,-83.08444
201802002,2019-02-19 21:09:31,CCGS LIMNOS,LAKE HURON,56,440602,-825202,17,14.94,2018-09-15 21:56:00,160,1.00,.00,,,0,214.800000,CON 25,SPECIFIC CONDUCTANCE 25 DEG. C,USIEMENS,44.10056,-82.86722
201802002,2019-02-19 21:09:31,CCGS LIMNOS,LAKE HURON,56,440602,-825202,17,14.94,2018-09-15 21:56:00,160,13.00,.00,,,0,214.300000,CON 25,SPECIFIC CONDUCTANCE 25 DEG. C,USIEMENS,44.10056,-82.86722
201802002,2019-02-19 21:09:31,CCGS LIMNOS,LAKE HURON,57,441154,-823014,27,55.22,2018-09-16 00:02:00,160,1.00,.00,,,0,212.100000,CON 25,SPECIFIC CONDUCTANCE 25 DEG. C,USIEMENS,44.19833,-82.50389
201802002,2019-02-19 21:09:31,CCGS LIMNOS,LAKE HURON,58,435632,-823956,14,13.16,2018-09-16 02:26:00,160,1.00,.00,,,0,213.400000,CON 25,SPECIFIC CONDUCTANCE 25 DEG. C,USIEMENS,43.94222,-82.66556
201802002,2019-02-19 21:09:31,CCGS LIMNOS,LAKE HURON,58,435632,-823956,14,13.16,2018-09-16 02:26:00,160,11.00,.00,,,0,214.400000,CON 25,SPECIFIC CONDUCTANCE 25 DEG. C,USIEMENS,43.94222,-82.66556
201802002,2019-02-19 21:09:31,CCGS LIMNOS,LAKE HURON,59,434511,-823408,13,16.56,2018-09-16 04:02:00,160,1.00,.00,,,0,214.400000,CON 25,SPECIFIC CONDUCTANCE 25 DEG. C,USIEMENS,43.75306,-82.56889
201802002,2019-02-19 21:09:31,CCGS LIMNOS,LAKE HURON,60,433800,-821300,9,58.92,2018-09-16 06:04:00,160,1.00,.00,,,0,213.500000,CON 25,SPECIFIC CONDUCTANCE 25 DEG. C,USIEMENS,43.63333,-82.21667
201802002,2019-02-19 21:09:31,CCGS LIMNOS,LAKE HURON,60,433800,-821300,9,58.92,2018-09-16 06:04:00,160,1.00,.00,,,1,213.600000,CON 25,SPECIFIC CONDUCTANCE 25 DEG. C,USIEMENS,43.63333,-82.21667
201802002,2019-02-19 21:09:31,CCGS LIMNOS,LAKE HURON,60,433800,-821300,9,58.92,2018-09-16 06:04:00,160,25.00,.00,,,0,212.800000,CON 25,SPECIFIC CONDUCTANCE 25 DEG. C,USIEMENS,43.63333,-82.21667
201802002,2019-02-19 21:09:31,CCGS LIMNOS,LAKE HURON,60,433800,-821300,9,58.92,2018-09-16 06:04:00,160,29.00,.00,,,0,214.600000,CON 25,SPECIFIC CONDUCTANCE 25 DEG. C,USIEMENS,43.63333,-82.21667
201802002,2019-02-19 21:09:31,CCGS LIMNOS,LAKE HURON,60,433800,-821300,9,58.92,2018-09-16 06:04:00,160,37.00,.00,,,0,216.500000,CON 25,SPECIFIC CONDUCTANCE 25 DEG. C,USIEMENS,43.63333,-82.21667
201802002,2019-02-19 21:09:31,CCGS LIMNOS,LAKE HURON,60,433800,-821300,9,58.92,2018-09-16 06:04:00,160,49.00,.00,,,0,214.800000,CON 25,SPECIFIC CONDUCTANCE 25 DEG. C,USIEMENS,43.63333,-82.21667
201802002,2019-02-19 21:09:31,CCGS LIMNOS,LAKE HURON,60,433800,-821300,9,58.92,2018-09-16 06:04:00,160,57.00,.00,,,0,216.200000,CON 25,SPECIFIC CONDUCTANCE 25 DEG. C,USIEMENS,43.63333,-82.21667
201802002,2019-02-19 21:09:31,CCGS LIMNOS,LAKE HURON,61,433358,-822903,8,29.67,2018-09-16 08:09:00,160,1.00,.00,,,0,213.800000,CON 25,SPECIFIC CONDUCTANCE 25 DEG. C,USIEMENS,43.56611,-82.48417
201802002,2019-02-19 21:09:31,CCGS LIMNOS,LAKE HURON,62,432031,-823022,7,10.72,2018-09-16 09:45:00,160,1.00,.00,,,0,213.200000,CON 25,SPECIFIC CONDUCTANCE 25 DEG. C,USIEMENS,43.34194,-82.50611
201802002,2019-02-19 21:09:31,CCGS LIMNOS,LAKE HURON,1,430524,-822330,1,10.34,2018-09-10 23:38:00,213,1.00,.00,,,0,8.220000,PH,PH,PH UNITS,43.09000,-82.39167
201802002,2019-02-19 21:09:31,CCGS LIMNOS,LAKE HURON,1,430524,-822330,1,10.34,2018-09-10 23:38:00,213,1.00,.00,,,1,8.230000,PH,PH,PH UNITS,43.09000,-82.39167
201802002,2019-02-19 21:09:31,CCGS LIMNOS,LAKE HURON,1,430524,-822330,1,10.34,2018-09-10 23:38:00,213,8.00,.00,,,0,8.250000,PH,PH,PH UNITS,43.09000,-82.39167
201802002,2019-02-19 21:09:31,CCGS LIMNOS,LAKE HURON,2,431524,-820219,3,14.91,2018-09-11 02:08:00,213,1.00,.00,,,0,8.200000,PH,PH,PH UNITS,43.25667,-82.03861
201802002,2019-02-19 21:09:31,CCGS LIMNOS,LAKE HURON,3,431928,-814722,4,9.81,2018-09-11 03:45:00,213,1.00,.00,,,0,8.200000,PH,PH,PH UNITS,43.32444,-81.78944
201802002,2019-02-19 21:09:31,CCGS LIMNOS,LAKE HURON,4,433252,-814440,5,11.12,2018-09-11 05:38:00,213,1.00,.00,,,0,8.100000,PH,PH,PH UNITS,43.54778,-81.74444
201802002,2019-02-19 21:09:31,CCGS LIMNOS,LAKE HURON,5,434508,-814655,10,12.08,2018-09-11 07:16:00,213,1.00,.00,,,0,8.220000,PH,PH,PH UNITS,43.75222,-81.78194
201802002,2019-02-19 21:09:31,CCGS LIMNOS,LAKE HURON,5,434508,-814655,10,12.08,2018-09-11 07:16:00,213,1.00,.00,,,1,8.340000,PH,PH,PH UNITS,43.75222,-81.78194
201802002,2019-02-19 21:09:31,CCGS LIMNOS,LAKE HURON,6,435325,-820319,12,87.02,2018-09-11 09:19:00,213,1.00,.00,,,0,8.210000,PH,PH,PH UNITS,43.89028,-82.05528
201802002,2019-02-19 21:09:31,CCGS LIMNOS,LAKE HURON,7,435722,-814711,11,9.94,2018-09-11 11:20:00,213,1.00,.00,,,0,8.060000,PH,PH,PH UNITS,43.95611,-81.78639
201802002,2019-02-19 21:09:31,CCGS LIMNOS,LAKE HURON,8,442203,-815002,29,124.4,2018-09-11 14:35:00,213,1.00,.00,,,0,8.180000,PH,PH,PH UNITS,44.36750,-81.83389
201802002,2019-02-19 21:09:31,CCGS LIMNOS,LAKE HURON,8,442203,-815002,29,124.4,2018-09-11 14:35:00,213,10.00,.00,,,0,8.230000,PH,PH,PH UNITS,44.36750,-81.83389
201802002,2019-02-19 21:09:31,CCGS LIMNOS,LAKE HURON,8,442203,-815002,29,124.4,2018-09-11 14:35:00,213,14.00,.00,,,0,8.260000,PH,PH,PH UNITS,44.36750,-81.83389
201802002,2019-02-19 21:09:31,CCGS LIMNOS,LAKE HURON,8,442203,-815002,29,124.4,2018-09-11 14:35:00,213,20.00,.00,,,0,8.220000,PH,PH,PH UNITS,44.36750,-81.83389
201802002,2019-02-19 21:09:31,CCGS LIMNOS,LAKE HURON,8,442203,-815002,29,124.4,2018-09-11 14:35:00,213,114.00,.00,,,0,7.950000,PH,PH,PH UNITS,44.36750,-81.83389
201802002,2019-02-19 21:09:31,CCGS LIMNOS,LAKE HURON,8,442203,-815002,29,124.4,2018-09-11 14:35:00,213,122.00,.00,,,0,7.930000,PH,PH,PH UNITS,44.36750,-81.83389
201802002,2019-02-19 21:09:31,CCGS LIMNOS,LAKE HURON,9,442757,-812713,30,19.91,2018-09-11 16:57:00,213,1.00,.00,,,0,8.140000,PH,PH,PH UNITS,44.46583,-81.45361
201802002,2019-02-19 21:09:31,CCGS LIMNOS,LAKE HURON,10,443920,-812240,39,25.46,2018-09-11 18:30:00,213,1.00,.00,,,0,8.210000,PH,PH,PH UNITS,44.65556,-81.37778
201802002,2019-02-19 21:09:31,CCGS LIMNOS,LAKE HURON,10,443920,-812240,39,25.46,2018-09-11 18:30:00,213,1.00,.00,,,1,8.220000,PH,PH,PH UNITS,44.65556,-81.37778
201802002,2019-02-19 21:09:31,CCGS LIMNOS,LAKE HURON,11,445354,-812617,40,20.6,2018-09-11 21:16:00,213,1.00,.00,,,0,8.220000,PH,PH,PH UNITS,44.89833,-81.43806
201802002,2019-02-19 21:09:31,CCGS LIMNOS,LAKE HURON,12,444425,-820324,38,134.62,2018-09-12 00:30:00,213,1.00,.00,,,0,8.150000,PH,PH,PH UNITS,44.74028,-82.05667
201802002,2019-02-19 21:09:31,CCGS LIMNOS,LAKE HURON,13,450106,-815835,43,173.44,2018-09-12 03:39:00,213,1.00,.00,,,0,8.200000,PH,PH,PH UNITS,45.01833,-81.97639
201802002,2019-02-19 21:09:31,CCGS LIMNOS,LAKE HURON,14,450459,-813213,41,21.37,2018-09-12 05:44:00,213,1.00,.00,,,0,8.180000,PH,PH,PH UNITS,45.08306,-81.53694
201802002,2019-02-19 21:09:31,CCGS LIMNOS,LAKE HURON,15,451315,-814914,42,43.58,2018-09-12 07:39:00,213,1.00,.00,,,0,8.170000,PH,PH,PH UNITS,45.22083,-81.82056
201802002,2019-02-19 21:09:31,CCGS LIMNOS,LAKE HURON,15,451315,-814914,42,43.58,2018-09-12 07:39:00,213,1.00,.00,,,1,8.210000,PH,PH,PH UNITS,45.22083,-81.82056
201802002,2019-02-19 21:09:31,CCGS LIMNOS,LAKE HURON,16,451644,-822704,48,110.28,2018-09-12 10:54:00,213,1.00,.00,,,0,8.180000,PH,PH,PH UNITS,45.27889,-82.45111
201802002,2019-02-19 21:09:31,CCGS LIMNOS,LAKE HURON,17,453209,-820244,50,26.19,2018-09-12 13:40:00,213,1.00,.00,,,0,8.200000,PH,PH,PH UNITS,45.53583,-82.04556
201802002,2019-02-19 21:09:31,CCGS LIMNOS,LAKE HURON,18,453904,-823850,52,65.02,2018-09-12 17:13:00,213,1.00,.00,,,0,8.180000,PH,PH,PH UNITS,45.65111,-82.64722
201802002,2019-02-19 21:09:31,CCGS LIMNOS,LAKE HURON,19,454559,-830141,59,17.98,2018-09-12 19:44:00,213,1.00,.00,,,0,8.130000,PH,PH,PH UNITS,45.76639,-83.02806
201802002,2019-02-19 21:09:31,CCGS LIMNOS,LAKE HURON,20,455200,-831558,58,12.75,2018-09-12 21:24:00,213,1.00,.00,,,0,8.170000,PH,PH,PH UNITS,45.86667,-83.26611
201802002,2019-02-19 21:09:31,CCGS LIMNOS,LAKE HURON,20,455200,-831558,58,12.75,2018-09-12 21:24:00,213,1.00,.00,,,1,8.160000,PH,PH,PH UNITS,45.86667,-83.26611
201802002,2019-02-19 21:09:31,CCGS LIMNOS,LAKE HURON,21,455404,-833110,60,24.14,2018-09-12 23:15:00,213,1.00,.00,,,0,8.140000,PH,PH,PH UNITS,45.90111,-83.51944
201802002,2019-02-19 21:09:31,CCGS LIMNOS,LAKE HURON,22,455959,-832600,76,58.38,2018-09-13 00:29:00,213,1.00,.00,,,0,8.100000,PH,PH,PH UNITS,45.99972,-83.43333
201802002,2019-02-19 21:09:31,CCGS LIMNOS,LAKE HURON,23,455814,-831157,77,77.89,2018-09-13 01:46:00,213,1.00,.00,,,0,8.100000,PH,PH,PH UNITS,45.97056,-83.19917
201802002,2019-02-19 21:09:31,CCGS LIMNOS,LAKE HURON,24,455612,-824534,82,28.12,2018-09-13 04:52:00,213,1.00,.00,,,0,8.130000,PH,PH,PH UNITS,45.93667,-82.75944
201802002,2019-02-19 21:09:31,CCGS LIMNOS,LAKE HURON,25,455959,-823301,83,31.13,2018-09-13 06:16:00,213,1.00,.00,,,0,8.080000,PH,PH,PH UNITS,45.99972,-82.55028
201802002,2019-02-19 21:09:31,CCGS LIMNOS,LAKE HURON,25,455959,-823301,83,31.13,2018-09-13 06:16:00,213,1.00,.00,,,1,8.140000,PH,PH,PH UNITS,45.99972,-82.55028
201802002,2019-02-19 21:09:31,CCGS LIMNOS,LAKE HURON,26,460340,-821149,87,43.68,2018-09-13 08:08:00,213,1.00,.00,,,0,8.110000,PH,PH,PH UNITS,46.06111,-82.19694
201802002,2019-02-19 21:09:31,CCGS LIMNOS,LAKE HURON,27,460319,-820000,88,35.75,2018-09-13 09:21:00,213,1.00,.00,,,0,8.140000,PH,PH,PH UNITS,46.05528,-82.00000
201802002,2019-02-19 21:09:31,CCGS LIMNOS,LAKE HURON,28,455459,-820940,89,38.74,2018-09-13 11:07:00,213,1.00,.00,,,0,8.260000,PH,PH,PH UNITS,45.91639,-82.16111
201802002,2019-02-19 21:09:31,CCGS LIMNOS,LAKE HURON,29,460630,-825048,84,35.65,2018-09-13 15:44:00,213,1.00,.00,,,0,8.040000,PH,PH,PH UNITS,46.10833,-82.84667
201802002,2019-02-19 21:09:31,CCGS LIMNOS,LAKE HURON,29,460630,-825048,84,35.65,2018-09-13 15:44:00,213,12.00,.00,,,0,8.080000,PH,PH,PH UNITS,46.10833,-82.84667
201802002,2019-02-19 21:09:31,CCGS LIMNOS,LAKE HURON,29,460630,-825048,84,35.65,2018-09-13 15:44:00,213,14.00,.00,,,0,7.720000,PH,PH,PH UNITS,46.10833,-82.84667
201802002,2019-02-19 21:09:31,CCGS LIMNOS,LAKE HURON,29,460630,-825048,84,35.65,2018-09-13 15:44:00,213,16.00,.00,,,0,7.640000,PH,PH,PH UNITS,46.10833,-82.84667
201802002,2019-02-19 21:09:31,CCGS LIMNOS,LAKE HURON,29,460630,-825048,84,35.65,2018-09-13 15:44:00,213,34.00,.00,,,0,7.640000,PH,PH,PH UNITS,46.10833,-82.84667
201802002,2019-02-19 21:09:31,CCGS LIMNOS,LAKE HURON,30,460722,-825305,79,25.79,2018-09-13 15:58:00,213,1.00,.00,,,0,8.070000,PH,PH,PH UNITS,46.12278,-82.88472
201802002,2019-02-19 21:09:31,CCGS LIMNOS,LAKE HURON,30,460722,-825305,79,25.79,2018-09-13 15:58:00,213,1.00,.00,,,1,8.170000,PH,PH,PH UNITS,46.12278,-82.88472
201802002,2019-02-19 21:09:31,CCGS LIMNOS,LAKE HURON,30,460722,-825305,79,25.79,2018-09-13 15:58:00,213,12.00,.00,,,0,7.710000,PH,PH,PH UNITS,46.12278,-82.88472
201802002,2019-02-19 21:09:31,CCGS LIMNOS,LAKE HURON,30,460722,-825305,79,25.79,2018-09-13 15:58:00,213,16.00,.00,,,0,7.580000,PH,PH,PH UNITS,46.12278,-82.88472
201802002,2019-02-19 21:09:31,CCGS LIMNOS,LAKE HURON,30,460722,-825305,79,25.79,2018-09-13 15:58:00,213,24.00,.00,,,0,7.680000,PH,PH,PH UNITS,46.12278,-82.88472
201802002,2019-02-19 21:09:31,CCGS LIMNOS,LAKE HURON,31,461112,-832116,73,18.83,2018-09-13 18:56:00,213,1.00,.00,,,0,8.000000,PH,PH,PH UNITS,46.18667,-83.35444
201802002,2019-02-19 21:09:31,CCGS LIMNOS,LAKE HURON,32,461401,-834445,71,35.37,2018-09-13 20:51:00,213,1.00,.00,,,0,7.840000,PH,PH,PH UNITS,46.23361,-83.74583
201802002,2019-02-19 21:09:31,CCGS LIMNOS,LAKE HURON,32,461401,-834445,71,35.37,2018-09-13 20:51:00,213,23.00,.00,,,0,7.760000,PH,PH,PH UNITS,46.23361,-83.74583
201802002,2019-02-19 21:09:31,CCGS LIMNOS,LAKE HURON,32,461401,-834445,71,35.37,2018-09-13 20:51:00,213,27.00,.00,,,0,7.680000,PH,PH,PH UNITS,46.23361,-83.74583
201802002,2019-02-19 21:09:31,CCGS LIMNOS,LAKE HURON,32,461401,-834445,71,35.37,2018-09-13 20:51:00,213,31.00,.00,,,0,7.500000,PH,PH,PH UNITS,46.23361,-83.74583
201802002,2019-02-19 21:09:31,CCGS LIMNOS,LAKE HURON,32,461401,-834445,71,35.37,2018-09-13 20:51:00,213,33.00,.00,,,0,7.490000,PH,PH,PH UNITS,46.23361,-83.74583
201802002,2019-02-19 21:09:31,CCGS LIMNOS,LAKE HURON,33,460813,-834020,70,21.61,2018-09-13 22:05:00,213,1.00,.00,,,0,7.980000,PH,PH,PH UNITS,46.13694,-83.67222
201802002,2019-02-19 21:09:31,CCGS LIMNOS,LAKE HURON,34,460232,-835109,68,16.63,2018-09-13 23:31:00,213,1.00,.00,,,0,7.870000,PH,PH,PH UNITS,46.04222,-83.85250
201802002,2019-02-19 21:09:31,CCGS LIMNOS,LAKE HURON,35,460440,-840138,69,10.72,2018-09-14 00:42:00,213,1.00,.00,,,0,7.910000,PH,PH,PH UNITS,46.07778,-84.02722
201802002,2019-02-19 21:09:31,CCGS LIMNOS,LAKE HURON,35,460440,-840138,69,10.72,2018-09-14 00:42:00,213,1.00,.00,,,1,7.930000,PH,PH,PH UNITS,46.07778,-84.02722
201802002,2019-02-19 21:09:31,CCGS LIMNOS,LAKE HURON,35,460440,-840138,69,10.72,2018-09-14 00:42:00,213,9.00,.00,,,0,7.940000,PH,PH,PH UNITS,46.07778,-84.02722
201802002,2019-02-19 21:09:31,CCGS LIMNOS,LAKE HURON,36,455610,-835359,67,29.3,2018-09-14 02:17:00,213,1.00,.00,,,0,8.080000,PH,PH,PH UNITS,45.93611,-83.89972
201802002,2019-02-19 21:09:31,CCGS LIMNOS,LAKE HURON,37,455151,-841743,66,67.4,2018-09-14 04:24:00,213,1.00,.00,,,0,8.170000,PH,PH,PH UNITS,45.86417,-84.29528
201802002,2019-02-19 21:09:31,CCGS LIMNOS,LAKE HURON,38,455041,-843358,65,58.91,2018-09-14 06:01:00,213,1.00,.00,,,0,8.210000,PH,PH,PH UNITS,45.84472,-84.56611
201802002,2019-02-19 21:09:31,CCGS LIMNOS,LAKE HURON,39,454846,-844515,64,35.89,2018-09-14 07:17:00,213,1.00,.00,,,0,8.230000,PH,PH,PH UNITS,45.81278,-84.75417
201802002,2019-02-19 21:09:31,CCGS LIMNOS,LAKE HURON,39,454846,-844515,64,35.89,2018-09-14 07:17:00,213,19.00,.00,,,0,8.190000,PH,PH,PH UNITS,45.81278,-84.75417
201802002,2019-02-19 21:09:31,CCGS LIMNOS,LAKE HURON,39,454846,-844515,64,35.89,2018-09-14 07:17:00,213,22.00,.00,,,0,8.150000,PH,PH,PH UNITS,45.81278,-84.75417
201802002,2019-02-19 21:09:31,CCGS LIMNOS,LAKE HURON,39,454846,-844515,64,35.89,2018-09-14 07:17:00,213,30.00,.00,,,0,8.090000,PH,PH,PH UNITS,45.81278,-84.75417
201802002,2019-02-19 21:09:31,CCGS LIMNOS,LAKE HURON,39,454846,-844515,64,35.89,2018-09-14 07:17:00,213,34.00,.00,,,0,8.090000,PH,PH,PH UNITS,45.81278,-84.75417
201802002,2019-02-19 21:09:31,CCGS LIMNOS,LAKE HURON,40,454218,-843037,63,15.8,2018-09-14 09:01:00,213,1.00,.00,,,0,8.190000,PH,PH,PH UNITS,45.70500,-84.51028
201802002,2019-02-19 21:09:31,CCGS LIMNOS,LAKE HURON,40,454218,-843037,63,15.8,2018-09-14 09:01:00,213,1.00,.00,,,1,8.220000,PH,PH,PH UNITS,45.70500,-84.51028
201802002,2019-02-19 21:09:31,CCGS LIMNOS,LAKE HURON,41,454025,-841106,62,44.24,2018-09-14 11:05:00,213,1.00,.00,,,0,8.250000,PH,PH,PH UNITS,45.67361,-84.18500
201802002,2019-02-19 21:09:31,CCGS LIMNOS,LAKE HURON,42,453102,-840501,56,21.54,2018-09-14 12:13:00,213,1.00,.00,,,0,8.240000,PH,PH,PH UNITS,45.51722,-84.08361
201802002,2019-02-19 21:09:31,CCGS LIMNOS,LAKE HURON,43,453102,-832500,54,118.94,2018-09-14 15:26:00,213,1.00,.00,,,0,8.160000,PH,PH,PH UNITS,45.51722,-83.41667
201802002,2019-02-19 21:09:31,CCGS LIMNOS,LAKE HURON,43,453102,-832500,54,118.94,2018-09-14 15:26:00,213,3.00,.00,,,0,8.100000,PH,PH,PH UNITS,45.51722,-83.41667
201802002,2019-02-19 21:09:31,CCGS LIMNOS,LAKE HURON,43,453102,-832500,54,118.94,2018-09-14 15:26:00,213,15.00,.00,,,0,8.200000,PH,PH,PH UNITS,45.51722,-83.41667
201802002,2019-02-19 21:09:31,CCGS LIMNOS,LAKE HURON,43,453102,-832500,54,118.94,2018-09-14 15:26:00,213,30.00,.00,,,0,7.940000,PH,PH,PH UNITS,45.51722,-83.41667
201802002,2019-02-19 21:09:31,CCGS LIMNOS,LAKE HURON,43,453102,-832500,54,118.94,2018-09-14 15:26:00,213,107.00,.00,,,0,7.870000,PH,PH,PH UNITS,45.51722,-83.41667
201802002,2019-02-19 21:09:31,CCGS LIMNOS,LAKE HURON,43,453102,-832500,54,118.94,2018-09-14 15:26:00,213,117.00,.00,,,0,7.830000,PH,PH,PH UNITS,45.51722,-83.41667
201802002,2019-02-19 21:09:31,CCGS LIMNOS,LAKE HURON,44,451515,-832047,47,22.2,2018-09-14 18:07:00,213,1.00,.00,,,0,8.190000,PH,PH,PH UNITS,45.25417,-83.34639
201802002,2019-02-19 21:09:31,CCGS LIMNOS,LAKE HURON,45,450228,-832233,36,8.8,2018-09-14 21:27:00,213,1.00,.00,,,0,8.180000,PH,PH,PH UNITS,45.04111,-83.37583
201802002,2019-02-19 21:09:31,CCGS LIMNOS,LAKE HURON,45,450228,-832233,36,8.8,2018-09-14 21:27:00,213,1.00,.00,,,1,8.220000,PH,PH,PH UNITS,45.04111,-83.37583
201802002,2019-02-19 21:09:31,CCGS LIMNOS,LAKE HURON,45,450228,-832233,36,8.8,2018-09-14 21:27:00,213,7.00,.00,,,0,8.260000,PH,PH,PH UNITS,45.04111,-83.37583
201802002,2019-02-19 21:09:31,CCGS LIMNOS,LAKE HURON,46,450059,-824110,44,164.4,2018-09-15 01:10:00,213,1.00,.00,,,0,8.260000,PH,PH,PH UNITS,45.01639,-82.68611
201802002,2019-02-19 21:09:31,CCGS LIMNOS,LAKE HURON,46,450059,-824110,44,164.4,2018-09-15 01:10:00,213,18.00,.00,,,0,8.270000,PH,PH,PH UNITS,45.01639,-82.68611
201802002,2019-02-19 21:09:31,CCGS LIMNOS,LAKE HURON,46,450059,-824110,44,164.4,2018-09-15 01:10:00,213,30.00,.00,,,0,8.090000,PH,PH,PH UNITS,45.01639,-82.68611
201802002,2019-02-19 21:09:31,CCGS LIMNOS,LAKE HURON,46,450059,-824110,44,164.4,2018-09-15 01:10:00,213,42.00,.00,,,0,8.060000,PH,PH,PH UNITS,45.01639,-82.68611
201802002,2019-02-19 21:09:31,CCGS LIMNOS,LAKE HURON,46,450059,-824110,44,164.4,2018-09-15 01:10:00,213,100.00,.00,,,0,7.930000,PH,PH,PH UNITS,45.01639,-82.68611
201802002,2019-02-19 21:09:31,CCGS LIMNOS,LAKE HURON,46,450059,-824110,44,164.4,2018-09-15 01:10:00,213,154.00,.00,,,0,7.960000,PH,PH,PH UNITS,45.01639,-82.68611
201802002,2019-02-19 21:09:31,CCGS LIMNOS,LAKE HURON,46,450059,-824110,44,164.4,2018-09-15 01:10:00,213,162.00,.00,,,0,7.950000,PH,PH,PH UNITS,45.01639,-82.68611
201802002,2019-02-19 21:09:31,CCGS LIMNOS,LAKE HURON,47,442958,-824952,33,72.14,2018-09-15 05:40:00,213,1.00,.00,,,0,8.260000,PH,PH,PH UNITS,44.49944,-82.83111
201802002,2019-02-19 21:09:31,CCGS LIMNOS,LAKE HURON,48,441246,-832216,95,20.19,2018-09-15 09:12:00,213,1.00,.00,,,0,8.260000,PH,PH,PH UNITS,44.21278,-83.37111
201802002,2019-02-19 21:09:31,CCGS LIMNOS,LAKE HURON,48,441246,-832216,95,20.19,2018-09-15 09:12:00,213,16.50,.00,,,0,8.280000,PH,PH,PH UNITS,44.21278,-83.37111
201802002,2019-02-19 21:09:31,CCGS LIMNOS,LAKE HURON,48,441246,-832216,95,20.19,2018-09-15 09:12:00,213,18.00,.00,,,0,8.120000,PH,PH,PH UNITS,44.21278,-83.37111
201802002,2019-02-19 21:09:31,CCGS LIMNOS,LAKE HURON,49,440653,-833141,97,10.88,2018-09-15 10:39:00,213,1.00,.00,,,0,8.430000,PH,PH,PH UNITS,44.11472,-83.52806
201802002,2019-02-19 21:09:31,CCGS LIMNOS,LAKE HURON,50,435835,-833432,98,10.97,2018-09-15 12:00:00,213,1.00,.00,,,0,8.560000,PH,PH,PH UNITS,43.97639,-83.57556
201802002,2019-02-19 21:09:31,CCGS LIMNOS,LAKE HURON,50,435835,-833432,98,10.97,2018-09-15 12:00:00,213,1.00,.00,,,1,8.570000,PH,PH,PH UNITS,43.97639,-83.57556
201802002,2019-02-19 21:09:31,CCGS LIMNOS,LAKE HURON,51,435431,-834430,99,7.32,2018-09-15 13:15:00,213,1.00,.00,,,0,8.580000,PH,PH,PH UNITS,43.90861,-83.74167
201802002,2019-02-19 21:09:31,CCGS LIMNOS,LAKE HURON,52,434930,-834901,100,7.02,2018-09-15 14:06:00,213,1.00,.00,,,0,8.540000,PH,PH,PH UNITS,43.82500,-83.81694
201802002,2019-02-19 21:09:31,CCGS LIMNOS,LAKE HURON,52,434930,-834901,100,7.02,2018-09-15 14:06:00,213,5.00,.00,,,0,8.570000,PH,PH,PH UNITS,43.82500,-83.81694
201802002,2019-02-19 21:09:31,CCGS LIMNOS,LAKE HURON,53,434914,-833733,101,6.11,2018-09-15 15:22:00,213,1.00,.00,,,0,8.610000,PH,PH,PH UNITS,43.82056,-83.62583
201802002,2019-02-19 21:09:31,CCGS LIMNOS,LAKE HURON,54,440735,-831019,96,29.29,2018-09-15 19:16:00,213,1.00,.00,,,0,8.170000,PH,PH,PH UNITS,44.12639,-83.17194
201802002,2019-02-19 21:09:31,CCGS LIMNOS,LAKE HURON,55,441257,-830504,20,45.7,2018-09-15 20:13:00,213,1.00,.00,,,0,8.150000,PH,PH,PH UNITS,44.21583,-83.08444
201802002,2019-02-19 21:09:31,CCGS LIMNOS,LAKE HURON,55,441257,-830504,20,45.7,2018-09-15 20:13:00,213,1.00,.00,,,1,8.160000,PH,PH,PH UNITS,44.21583,-83.08444
201802002,2019-02-19 21:09:31,CCGS LIMNOS,LAKE HURON,56,440602,-825202,17,14.94,2018-09-15 21:56:00,213,1.00,.00,,,0,8.090000,PH,PH,PH UNITS,44.10056,-82.86722
201802002,2019-02-19 21:09:31,CCGS LIMNOS,LAKE HURON,56,440602,-825202,17,14.94,2018-09-15 21:56:00,213,13.00,.00,,,0,8.090000,PH,PH,PH UNITS,44.10056,-82.86722
201802002,2019-02-19 21:09:31,CCGS LIMNOS,LAKE HURON,57,441154,-823014,27,55.22,2018-09-16 00:02:00,213,1.00,.00,,,0,8.200000,PH,PH,PH UNITS,44.19833,-82.50389
201802002,2019-02-19 21:09:31,CCGS LIMNOS,LAKE HURON,58,435632,-823956,14,13.16,2018-09-16 02:26:00,213,1.00,.00,,,0,8.080000,PH,PH,PH UNITS,43.94222,-82.66556
201802002,2019-02-19 21:09:31,CCGS LIMNOS,LAKE HURON,58,435632,-823956,14,13.16,2018-09-16 02:26:00,213,11.00,.00,,,0,8.100000,PH,PH,PH UNITS,43.94222,-82.66556
201802002,2019-02-19 21:09:31,CCGS LIMNOS,LAKE HURON,59,434511,-823408,13,16.56,2018-09-16 04:02:00,213,1.00,.00,,,0,8.130000,PH,PH,PH UNITS,43.75306,-82.56889
201802002,2019-02-19 21:09:31,CCGS LIMNOS,LAKE HURON,60,433800,-821300,9,58.92,2018-09-16 06:04:00,213,1.00,.00,,,0,8.110000,PH,PH,PH UNITS,43.63333,-82.21667
201802002,2019-02-19 21:09:31,CCGS LIMNOS,LAKE HURON,60,433800,-821300,9,58.92,2018-09-16 06:04:00,213,1.00,.00,,,1,8.240000,PH,PH,PH UNITS,43.63333,-82.21667
201802002,2019-02-19 21:09:31,CCGS LIMNOS,LAKE HURON,60,433800,-821300,9,58.92,2018-09-16 06:04:00,213,25.00,.00,,,0,8.040000,PH,PH,PH UNITS,43.63333,-82.21667
201802002,2019-02-19 21:09:31,CCGS LIMNOS,LAKE HURON,60,433800,-821300,9,58.92,2018-09-16 06:04:00,213,29.00,.00,,,0,7.980000,PH,PH,PH UNITS,43.63333,-82.21667
201802002,2019-02-19 21:09:31,CCGS LIMNOS,LAKE HURON,60,433800,-821300,9,58.92,2018-09-16 06:04:00,213,37.00,.00,,,0,8.040000,PH,PH,PH UNITS,43.63333,-82.21667
201802002,2019-02-19 21:09:31,CCGS LIMNOS,LAKE HURON,60,433800,-821300,9,58.92,2018-09-16 06:04:00,213,49.00,.00,,,0,8.010000,PH,PH,PH UNITS,43.63333,-82.21667
201802002,2019-02-19 21:09:31,CCGS LIMNOS,LAKE HURON,60,433800,-821300,9,58.92,2018-09-16 06:04:00,213,57.00,.00,,,0,7.980000,PH,PH,PH UNITS,43.63333,-82.21667
201802002,2019-02-19 21:09:31,CCGS LIMNOS,LAKE HURON,61,433358,-822903,8,29.67,2018-09-16 08:09:00,213,1.00,.00,,,0,8.090000,PH,PH,PH UNITS,43.56611,-82.48417
201802002,2019-02-19 21:09:31,CCGS LIMNOS,LAKE HURON,62,432031,-823022,7,10.72,2018-09-16 09:45:00,213,1.00,.00,,,0,8.130000,PH,PH,PH UNITS,43.34194,-82.50611
201802002,2019-02-19 21:09:31,CCGS LIMNOS,LAKE HURON,1,430524,-822330,1,10.34,2018-09-10 23:38:00,225,.00,8.00,0.00070000,,0,.102000,I-POC,"CARBON,PARTICULATE ORGANIC,INTEGRATED",MG C/L,43.09000,-82.39167
201802002,2019-02-19 21:09:31,CCGS LIMNOS,LAKE HURON,1,430524,-822330,1,10.34,2018-09-10 23:38:00,225,.00,8.00,0.00070000,,1,.106000,I-POC,"CARBON,PARTICULATE ORGANIC,INTEGRATED",MG C/L,43.09000,-82.39167
201802002,2019-02-19 21:09:31,CCGS LIMNOS,LAKE HURON,2,431524,-820219,3,14.91,2018-09-11 02:08:00,225,.00,13.00,0.00070000,,0,.128000,I-POC,"CARBON,PARTICULATE ORGANIC,INTEGRATED",MG C/L,43.25667,-82.03861
201802002,2019-02-19 21:09:31,CCGS LIMNOS,LAKE HURON,3,431928,-814722,4,9.81,2018-09-11 03:45:00,225,.00,8.00,0.00070000,,0,.148000,I-POC,"CARBON,PARTICULATE ORGANIC,INTEGRATED",MG C/L,43.32444,-81.78944
201802002,2019-02-19 21:09:31,CCGS LIMNOS,LAKE HURON,4,433252,-814440,5,11.12,2018-09-11 05:38:00,225,.00,9.00,0.00050000,,0,.145000,I-POC,"CARBON,PARTICULATE ORGANIC,INTEGRATED",MG C/L,43.54778,-81.74444
201802002,2019-02-19 21:09:31,CCGS LIMNOS,LAKE HURON,5,434508,-814655,10,12.08,2018-09-11 07:16:00,225,.00,10.00,0.00060000,,0,.116000,I-POC,"CARBON,PARTICULATE ORGANIC,INTEGRATED",MG C/L,43.75222,-81.78194
201802002,2019-02-19 21:09:31,CCGS LIMNOS,LAKE HURON,5,434508,-814655,10,12.08,2018-09-11 07:16:00,225,.00,10.00,0.00060000,,1,.105000,I-POC,"CARBON,PARTICULATE ORGANIC,INTEGRATED",MG C/L,43.75222,-81.78194
201802002,2019-02-19 21:09:31,CCGS LIMNOS,LAKE HURON,6,435325,-820319,12,87.02,2018-09-11 09:19:00,225,.00,20.00,0.00050000,,0,.107000,I-POC,"CARBON,PARTICULATE ORGANIC,INTEGRATED",MG C/L,43.89028,-82.05528
201802002,2019-02-19 21:09:31,CCGS LIMNOS,LAKE HURON,7,435722,-814711,11,9.94,2018-09-11 11:20:00,225,.00,8.00,0.00080000,,0,.123000,I-POC,"CARBON,PARTICULATE ORGANIC,INTEGRATED",MG C/L,43.95611,-81.78639
201802002,2019-02-19 21:09:31,CCGS LIMNOS,LAKE HURON,8,442203,-815002,29,124.4,2018-09-11 14:35:00,225,.00,20.00,0.00070000,,0,.147000,I-POC,"CARBON,PARTICULATE ORGANIC,INTEGRATED",MG C/L,44.36750,-81.83389
201802002,2019-02-19 21:09:31,CCGS LIMNOS,LAKE HURON,9,442757,-812713,30,19.91,2018-09-11 16:57:00,225,.00,18.00,0.00060000,,0,.114000,I-POC,"CARBON,PARTICULATE ORGANIC,INTEGRATED",MG C/L,44.46583,-81.45361
201802002,2019-02-19 21:09:31,CCGS LIMNOS,LAKE HURON,10,443920,-812240,39,25.46,2018-09-11 18:30:00,225,.00,20.00,0.00060000,,0,.106000,I-POC,"CARBON,PARTICULATE ORGANIC,INTEGRATED",MG C/L,44.65556,-81.37778
201802002,2019-02-19 21:09:31,CCGS LIMNOS,LAKE HURON,10,443920,-812240,39,25.46,2018-09-11 18:30:00,225,.00,20.00,0.00060000,,1,.097000,I-POC,"CARBON,PARTICULATE ORGANIC,INTEGRATED",MG C/L,44.65556,-81.37778
201802002,2019-02-19 21:09:31,CCGS LIMNOS,LAKE HURON,11,445354,-812617,40,20.6,2018-09-11 21:16:00,225,.00,18.00,0.00060000,,0,.105000,I-POC,"CARBON,PARTICULATE ORGANIC,INTEGRATED",MG C/L,44.89833,-81.43806
201802002,2019-02-19 21:09:31,CCGS LIMNOS,LAKE HURON,12,444425,-820324,38,134.62,2018-09-12 00:30:00,225,.00,20.00,0.00050000,,0,.092000,I-POC,"CARBON,PARTICULATE ORGANIC,INTEGRATED",MG C/L,44.74028,-82.05667
201802002,2019-02-19 21:09:31,CCGS LIMNOS,LAKE HURON,13,450106,-815835,43,173.44,2018-09-12 03:39:00,225,.00,20.00,0.00050000,,0,1.600000,I-POC,"CARBON,PARTICULATE ORGANIC,INTEGRATED",MG C/L,45.01833,-81.97639
201802002,2019-02-19 21:09:31,CCGS LIMNOS,LAKE HURON,14,450459,-813213,41,21.37,2018-09-12 05:44:00,225,.00,20.00,0.00070000,,0,.103000,I-POC,"CARBON,PARTICULATE ORGANIC,INTEGRATED",MG C/L,45.08306,-81.53694
201802002,2019-02-19 21:09:31,CCGS LIMNOS,LAKE HURON,15,451315,-814914,42,43.58,2018-09-12 07:39:00,225,.00,20.00,0.00080000,,0,.109000,I-POC,"CARBON,PARTICULATE ORGANIC,INTEGRATED",MG C/L,45.22083,-81.82056
201802002,2019-02-19 21:09:31,CCGS LIMNOS,LAKE HURON,15,451315,-814914,42,43.58,2018-09-12 07:39:00,225,.00,20.00,0.00080000,,1,.105000,I-POC,"CARBON,PARTICULATE ORGANIC,INTEGRATED",MG C/L,45.22083,-81.82056
201802002,2019-02-19 21:09:31,CCGS LIMNOS,LAKE HURON,16,451644,-822704,48,110.28,2018-09-12 10:54:00,225,.00,20.00,0.00050000,,0,.117000,I-POC,"CARBON,PARTICULATE ORGANIC,INTEGRATED",MG C/L,45.27889,-82.45111
201802002,2019-02-19 21:09:31,CCGS LIMNOS,LAKE HURON,17,453209,-820244,50,26.19,2018-09-12 13:40:00,225,.00,20.00,0.00050000,,0,.071000,I-POC,"CARBON,PARTICULATE ORGANIC,INTEGRATED",MG C/L,45.53583,-82.04556
201802002,2019-02-19 21:09:31,CCGS LIMNOS,LAKE HURON,18,453904,-823850,52,65.02,2018-09-12 17:13:00,225,.00,20.00,0.00050000,,0,.107000,I-POC,"CARBON,PARTICULATE ORGANIC,INTEGRATED",MG C/L,45.65111,-82.64722
201802002,2019-02-19 21:09:31,CCGS LIMNOS,LAKE HURON,19,454559,-830141,59,17.98,2018-09-12 19:44:00,225,.00,16.00,0.00050000,,0,.108000,I-POC,"CARBON,PARTICULATE ORGANIC,INTEGRATED",MG C/L,45.76639,-83.02806
201802002,2019-02-19 21:09:31,CCGS LIMNOS,LAKE HURON,20,455200,-831558,58,12.75,2018-09-12 21:24:00,225,.00,11.00,0.00050000,,0,.103000,I-POC,"CARBON,PARTICULATE ORGANIC,INTEGRATED",MG C/L,45.86667,-83.26611
201802002,2019-02-19 21:09:31,CCGS LIMNOS,LAKE HURON,20,455200,-831558,58,12.75,2018-09-12 21:24:00,225,.00,11.00,0.00050000,,1,.099000,I-POC,"CARBON,PARTICULATE ORGANIC,INTEGRATED",MG C/L,45.86667,-83.26611
201802002,2019-02-19 21:09:31,CCGS LIMNOS,LAKE HURON,21,455404,-833110,60,24.14,2018-09-12 23:15:00,225,.00,20.00,0.00050000,,0,.103000,I-POC,"CARBON,PARTICULATE ORGANIC,INTEGRATED",MG C/L,45.90111,-83.51944
201802002,2019-02-19 21:09:31,CCGS LIMNOS,LAKE HURON,22,455959,-832600,76,58.38,2018-09-13 00:29:00,225,.00,20.00,0.00050000,,0,.174000,I-POC,"CARBON,PARTICULATE ORGANIC,INTEGRATED",MG C/L,45.99972,-83.43333
201802002,2019-02-19 21:09:31,CCGS LIMNOS,LAKE HURON,23,455814,-831157,77,77.89,2018-09-13 01:46:00,225,.00,20.00,0.00050000,,0,.171000,I-POC,"CARBON,PARTICULATE ORGANIC,INTEGRATED",MG C/L,45.97056,-83.19917
201802002,2019-02-19 21:09:31,CCGS LIMNOS,LAKE HURON,24,455612,-824534,82,28.12,2018-09-13 04:52:00,225,.00,20.00,0.00200000,,0,.283000,I-POC,"CARBON,PARTICULATE ORGANIC,INTEGRATED",MG C/L,45.93667,-82.75944
201802002,2019-02-19 21:09:31,CCGS LIMNOS,LAKE HURON,25,455959,-823301,83,31.13,2018-09-13 06:16:00,225,.00,20.00,0.00100000,,0,.235000,I-POC,"CARBON,PARTICULATE ORGANIC,INTEGRATED",MG C/L,45.99972,-82.55028
201802002,2019-02-19 21:09:31,CCGS LIMNOS,LAKE HURON,25,455959,-823301,83,31.13,2018-09-13 06:16:00,225,.00,20.00,0.00100000,,1,.232000,I-POC,"CARBON,PARTICULATE ORGANIC,INTEGRATED",MG C/L,45.99972,-82.55028
201802002,2019-02-19 21:09:31,CCGS LIMNOS,LAKE HURON,26,460340,-821149,87,43.68,2018-09-13 08:08:00,225,.00,20.00,0.00100000,,0,.266000,I-POC,"CARBON,PARTICULATE ORGANIC,INTEGRATED",MG C/L,46.06111,-82.19694
201802002,2019-02-19 21:09:31,CCGS LIMNOS,LAKE HURON,27,460319,-820000,88,35.75,2018-09-13 09:21:00,225,.00,20.00,0.00080000,,0,.231000,I-POC,"CARBON,PARTICULATE ORGANIC,INTEGRATED",MG C/L,46.05528,-82.00000
201802002,2019-02-19 21:09:31,CCGS LIMNOS,LAKE HURON,28,455459,-820940,89,38.74,2018-09-13 11:07:00,225,.00,20.00,0.00100000,,0,.213000,I-POC,"CARBON,PARTICULATE ORGANIC,INTEGRATED",MG C/L,45.91639,-82.16111
201802002,2019-02-19 21:09:31,CCGS LIMNOS,LAKE HURON,29,460630,-825048,84,35.65,2018-09-13 15:44:00,225,.00,20.00,0.00060000,,0,.191000,I-POC,"CARBON,PARTICULATE ORGANIC,INTEGRATED",MG C/L,46.10833,-82.84667
201802002,2019-02-19 21:09:31,CCGS LIMNOS,LAKE HURON,30,460722,-825305,79,25.79,2018-09-13 15:58:00,225,.00,1.00,0.00100000,,0,.309000,I-POC,"CARBON,PARTICULATE ORGANIC,INTEGRATED",MG C/L,46.12278,-82.88472
201802002,2019-02-19 21:09:31,CCGS LIMNOS,LAKE HURON,30,460722,-825305,79,25.79,2018-09-13 15:58:00,225,.00,12.00,0.00080000,,0,.186000,I-POC,"CARBON,PARTICULATE ORGANIC,INTEGRATED",MG C/L,46.12278,-82.88472
201802002,2019-02-19 21:09:31,CCGS LIMNOS,LAKE HURON,30,460722,-825305,79,25.79,2018-09-13 15:58:00,225,.00,16.00,0.00060000,,0,.126000,I-POC,"CARBON,PARTICULATE ORGANIC,INTEGRATED",MG C/L,46.12278,-82.88472
201802002,2019-02-19 21:09:31,CCGS LIMNOS,LAKE HURON,30,460722,-825305,79,25.79,2018-09-13 15:58:00,225,.00,20.00,0.00100000,,0,.224000,I-POC,"CARBON,PARTICULATE ORGANIC,INTEGRATED",MG C/L,46.12278,-82.88472
201802002,2019-02-19 21:09:31,CCGS LIMNOS,LAKE HURON,30,460722,-825305,79,25.79,2018-09-13 15:58:00,225,.00,20.00,0.00100000,,1,.246000,I-POC,"CARBON,PARTICULATE ORGANIC,INTEGRATED",MG C/L,46.12278,-82.88472
201802002,2019-02-19 21:09:31,CCGS LIMNOS,LAKE HURON,30,460722,-825305,79,25.79,2018-09-13 15:58:00,225,.00,24.00,0.00050000,,0,.125000,I-POC,"CARBON,PARTICULATE ORGANIC,INTEGRATED",MG C/L,46.12278,-82.88472
201802002,2019-02-19 21:09:31,CCGS LIMNOS,LAKE HURON,31,461112,-832116,73,18.83,2018-09-13 18:56:00,225,.00,16.50,0.00100000,,0,.227000,I-POC,"CARBON,PARTICULATE ORGANIC,INTEGRATED",MG C/L,46.18667,-83.35444
201802002,2019-02-19 21:09:31,CCGS LIMNOS,LAKE HURON,32,461401,-834445,71,35.37,2018-09-13 20:51:00,225,.00,20.00,0.00070000,,0,.160000,I-POC,"CARBON,PARTICULATE ORGANIC,INTEGRATED",MG C/L,46.23361,-83.74583
201802002,2019-02-19 21:09:31,CCGS LIMNOS,LAKE HURON,33,460813,-834020,70,21.61,2018-09-13 22:05:00,225,.00,20.00,0.00070000,,0,.209000,I-POC,"CARBON,PARTICULATE ORGANIC,INTEGRATED",MG C/L,46.13694,-83.67222
201802002,2019-02-19 21:09:31,CCGS LIMNOS,LAKE HURON,34,460232,-835109,68,16.63,2018-09-13 23:31:00,225,.00,15.00,0.00070000,,0,.222000,I-POC,"CARBON,PARTICULATE ORGANIC,INTEGRATED",MG C/L,46.04222,-83.85250
201802002,2019-02-19 21:09:31,CCGS LIMNOS,LAKE HURON,35,460440,-840138,69,10.72,2018-09-14 00:42:00,225,.00,9.00,0.00100000,,0,.242000,I-POC,"CARBON,PARTICULATE ORGANIC,INTEGRATED",MG C/L,46.07778,-84.02722
201802002,2019-02-19 21:09:31,CCGS LIMNOS,LAKE HURON,35,460440,-840138,69,10.72,2018-09-14 00:42:00,225,.00,9.00,0.00100000,,1,.215000,I-POC,"CARBON,PARTICULATE ORGANIC,INTEGRATED",MG C/L,46.07778,-84.02722
201802002,2019-02-19 21:09:31,CCGS LIMNOS,LAKE HURON,36,455610,-835359,67,29.3,2018-09-14 02:17:00,225,.00,20.00,0.00070000,,0,.161000,I-POC,"CARBON,PARTICULATE ORGANIC,INTEGRATED",MG C/L,45.93611,-83.89972
201802002,2019-02-19 21:09:31,CCGS LIMNOS,LAKE HURON,37,455151,-841743,66,67.4,2018-09-14 04:24:00,225,.00,20.00,0.00060000,,0,.172000,I-POC,"CARBON,PARTICULATE ORGANIC,INTEGRATED",MG C/L,45.86417,-84.29528
201802002,2019-02-19 21:09:31,CCGS LIMNOS,LAKE HURON,38,455041,-843358,65,58.91,2018-09-14 06:01:00,225,.00,20.00,0.00060000,,0,.149000,I-POC,"CARBON,PARTICULATE ORGANIC,INTEGRATED",MG C/L,45.84472,-84.56611
201802002,2019-02-19 21:09:31,CCGS LIMNOS,LAKE HURON,39,454846,-844515,64,35.89,2018-09-14 07:17:00,225,.00,20.00,0.00050000,,0,.120000,I-POC,"CARBON,PARTICULATE ORGANIC,INTEGRATED",MG C/L,45.81278,-84.75417
201802002,2019-02-19 21:09:31,CCGS LIMNOS,LAKE HURON,40,454218,-843037,63,15.8,2018-09-14 09:01:00,225,.00,13.50,0.00060000,,0,.183000,I-POC,"CARBON,PARTICULATE ORGANIC,INTEGRATED",MG C/L,45.70500,-84.51028
201802002,2019-02-19 21:09:31,CCGS LIMNOS,LAKE HURON,40,454218,-843037,63,15.8,2018-09-14 09:01:00,225,.00,13.50,0.00060000,,1,.172000,I-POC,"CARBON,PARTICULATE ORGANIC,INTEGRATED",MG C/L,45.70500,-84.51028
201802002,2019-02-19 21:09:31,CCGS LIMNOS,LAKE HURON,41,454025,-841106,62,44.24,2018-09-14 11:05:00,225,.00,20.00,0.00050000,,0,.152000,I-POC,"CARBON,PARTICULATE ORGANIC,INTEGRATED",MG C/L,45.67361,-84.18500
201802002,2019-02-19 21:09:31,CCGS LIMNOS,LAKE HURON,42,453102,-840501,56,21.54,2018-09-14 12:13:00,225,.00,20.00,0.00050000,,0,.122000,I-POC,"CARBON,PARTICULATE ORGANIC,INTEGRATED",MG C/L,45.51722,-84.08361
201802002,2019-02-19 21:09:31,CCGS LIMNOS,LAKE HURON,43,453102,-832500,54,118.94,2018-09-14 15:26:00,225,.00,20.00,0.00050000,,0,.199000,I-POC,"CARBON,PARTICULATE ORGANIC,INTEGRATED",MG C/L,45.51722,-83.41667
201802002,2019-02-19 21:09:31,CCGS LIMNOS,LAKE HURON,44,451515,-832047,47,22.2,2018-09-14 18:07:00,225,.00,20.00,0.00060000,,0,.151000,I-POC,"CARBON,PARTICULATE ORGANIC,INTEGRATED",MG C/L,45.25417,-83.34639
201802002,2019-02-19 21:09:31,CCGS LIMNOS,LAKE HURON,45,450228,-832233,36,8.8,2018-09-14 21:27:00,225,.00,7.00,0.00050000,,0,.122000,I-POC,"CARBON,PARTICULATE ORGANIC,INTEGRATED",MG C/L,45.04111,-83.37583
201802002,2019-02-19 21:09:31,CCGS LIMNOS,LAKE HURON,45,450228,-832233,36,8.8,2018-09-14 21:27:00,225,.00,7.00,0.00050000,,1,.221000,I-POC,"CARBON,PARTICULATE ORGANIC,INTEGRATED",MG C/L,45.04111,-83.37583
201802002,2019-02-19 21:09:31,CCGS LIMNOS,LAKE HURON,46,450059,-824110,44,164.4,2018-09-15 01:10:00,225,.00,20.00,0.00050000,,0,.186000,I-POC,"CARBON,PARTICULATE ORGANIC,INTEGRATED",MG C/L,45.01639,-82.68611
201802002,2019-02-19 21:09:31,CCGS LIMNOS,LAKE HURON,47,442958,-824952,33,72.14,2018-09-15 05:40:00,225,.00,20.00,0.00080000,,0,.185000,I-POC,"CARBON,PARTICULATE ORGANIC,INTEGRATED",MG C/L,44.49944,-82.83111
201802002,2019-02-19 21:09:31,CCGS LIMNOS,LAKE HURON,48,441246,-832216,95,20.19,2018-09-15 09:12:00,225,.00,18.00,0.00050000,,0,.140000,I-POC,"CARBON,PARTICULATE ORGANIC,INTEGRATED",MG C/L,44.21278,-83.37111
201802002,2019-02-19 21:09:31,CCGS LIMNOS,LAKE HURON,49,440653,-833141,97,10.88,2018-09-15 10:39:00,225,.00,9.00,0.00100000,,0,.841000,I-POC,"CARBON,PARTICULATE ORGANIC,INTEGRATED",MG C/L,44.11472,-83.52806
201802002,2019-02-19 21:09:31,CCGS LIMNOS,LAKE HURON,50,435835,-833432,98,10.97,2018-09-15 12:00:00,225,.00,9.00,0.00100000,,0,.826000,I-POC,"CARBON,PARTICULATE ORGANIC,INTEGRATED",MG C/L,43.97639,-83.57556
201802002,2019-02-19 21:09:31,CCGS LIMNOS,LAKE HURON,50,435835,-833432,98,10.97,2018-09-15 12:00:00,225,.00,9.00,0.00100000,,1,.815000,I-POC,"CARBON,PARTICULATE ORGANIC,INTEGRATED",MG C/L,43.97639,-83.57556
201802002,2019-02-19 21:09:31,CCGS LIMNOS,LAKE HURON,51,435431,-834430,99,7.32,2018-09-15 13:15:00,225,.00,5.50,0.00100000,,0,1.030000,I-POC,"CARBON,PARTICULATE ORGANIC,INTEGRATED",MG C/L,43.90861,-83.74167
201802002,2019-02-19 21:09:31,CCGS LIMNOS,LAKE HURON,52,434930,-834901,100,7.02,2018-09-15 14:06:00,225,.00,5.00,0.00100000,,0,.757000,I-POC,"CARBON,PARTICULATE ORGANIC,INTEGRATED",MG C/L,43.82500,-83.81694
201802002,2019-02-19 21:09:31,CCGS LIMNOS,LAKE HURON,53,434914,-833733,101,6.11,2018-09-15 15:22:00,225,.00,4.00,0.00100000,,0,1.430000,I-POC,"CARBON,PARTICULATE ORGANIC,INTEGRATED",MG C/L,43.82056,-83.62583
201802002,2019-02-19 21:09:31,CCGS LIMNOS,LAKE HURON,54,440735,-831019,96,29.29,2018-09-15 19:16:00,225,.00,20.00,0.00050000,,0,.133000,I-POC,"CARBON,PARTICULATE ORGANIC,INTEGRATED",MG C/L,44.12639,-83.17194
201802002,2019-02-19 21:09:31,CCGS LIMNOS,LAKE HURON,55,441257,-830504,20,45.7,2018-09-15 20:13:00,225,.00,20.00,0.00050000,,0,.129000,I-POC,"CARBON,PARTICULATE ORGANIC,INTEGRATED",MG C/L,44.21583,-83.08444
201802002,2019-02-19 21:09:31,CCGS LIMNOS,LAKE HURON,55,441257,-830504,20,45.7,2018-09-15 20:13:00,225,.00,20.00,0.00050000,,1,.110000,I-POC,"CARBON,PARTICULATE ORGANIC,INTEGRATED",MG C/L,44.21583,-83.08444
201802002,2019-02-19 21:09:31,CCGS LIMNOS,LAKE HURON,56,440602,-825202,17,14.94,2018-09-15 21:56:00,225,.00,13.00,0.00050000,,0,.141000,I-POC,"CARBON,PARTICULATE ORGANIC,INTEGRATED",MG C/L,44.10056,-82.86722
201802002,2019-02-19 21:09:31,CCGS LIMNOS,LAKE HURON,57,441154,-823014,27,55.22,2018-09-16 00:02:00,225,.00,20.00,0.00050000,,0,.130000,I-POC,"CARBON,PARTICULATE ORGANIC,INTEGRATED",MG C/L,44.19833,-82.50389
201802002,2019-02-19 21:09:31,CCGS LIMNOS,LAKE HURON,58,435632,-823956,14,13.16,2018-09-16 02:26:00,225,.00,11.00,0.00050000,,0,.162000,I-POC,"CARBON,PARTICULATE ORGANIC,INTEGRATED",MG C/L,43.94222,-82.66556
201802002,2019-02-19 21:09:31,CCGS LIMNOS,LAKE HURON,59,434511,-823408,13,16.56,2018-09-16 04:02:00,225,.00,15.00,0.00050000,,0,.137000,I-POC,"CARBON,PARTICULATE ORGANIC,INTEGRATED",MG C/L,43.75306,-82.56889
201802002,2019-02-19 21:09:31,CCGS LIMNOS,LAKE HURON,60,433800,-821300,9,58.92,2018-09-16 06:04:00,225,.00,20.00,0.00050000,,0,.086000,I-POC,"CARBON,PARTICULATE ORGANIC,INTEGRATED",MG C/L,43.63333,-82.21667
201802002,2019-02-19 21:09:31,CCGS LIMNOS,LAKE HURON,60,433800,-821300,9,58.92,2018-09-16 06:04:00,225,.00,20.00,0.00050000,,1,.085000,I-POC,"CARBON,PARTICULATE ORGANIC,INTEGRATED",MG C/L,43.63333,-82.21667
201802002,2019-02-19 21:09:31,CCGS LIMNOS,LAKE HURON,61,433358,-822903,8,29.67,2018-09-16 08:09:00,225,.00,20.00,0.00050000,,0,.124000,I-POC,"CARBON,PARTICULATE ORGANIC,INTEGRATED",MG C/L,43.56611,-82.48417
201802002,2019-02-19 21:09:31,CCGS LIMNOS,LAKE HURON,62,432031,-823022,7,10.72,2018-09-16 09:45:00,225,.00,8.50,0.00500000,,0,1.250000,I-POC,"CARBON,PARTICULATE ORGANIC,INTEGRATED",MG C/L,43.34194,-82.50611
201802002,2019-02-19 21:09:31,CCGS LIMNOS,LAKE HURON,1,430524,-822330,1,10.34,2018-09-10 23:38:00,226,1.00,.00,0.10000000,,0,1.700000,D ORG C,"CARBON,DISSOLVED ORGANIC",MG C/L,43.09000,-82.39167
201802002,2019-02-19 21:09:31,CCGS LIMNOS,LAKE HURON,1,430524,-822330,1,10.34,2018-09-10 23:38:00,226,1.00,.00,0.10000000,,1,1.700000,D ORG C,"CARBON,DISSOLVED ORGANIC",MG C/L,43.09000,-82.39167
201802002,2019-02-19 21:09:31,CCGS LIMNOS,LAKE HURON,1,430524,-822330,1,10.34,2018-09-10 23:38:00,226,998.00,.00,0.10000000,,0,1.900000,D ORG C,"CARBON,DISSOLVED ORGANIC",MG C/L,43.09000,-82.39167
201802002,2019-02-19 21:09:31,CCGS LIMNOS,LAKE HURON,8,442203,-815002,29,124.4,2018-09-11 14:35:00,226,1.00,.00,0.10000000,,0,1.700000,D ORG C,"CARBON,DISSOLVED ORGANIC",MG C/L,44.36750,-81.83389
201802002,2019-02-19 21:09:31,CCGS LIMNOS,LAKE HURON,29,460630,-825048,84,35.65,2018-09-13 15:44:00,226,1.00,.00,0.10000000,,0,2.500000,D ORG C,"CARBON,DISSOLVED ORGANIC",MG C/L,46.10833,-82.84667
201802002,2019-02-19 21:09:31,CCGS LIMNOS,LAKE HURON,30,460722,-825305,79,25.79,2018-09-13 15:58:00,226,1.00,.00,0.10000000,,0,2.600000,D ORG C,"CARBON,DISSOLVED ORGANIC",MG C/L,46.12278,-82.88472
201802002,2019-02-19 21:09:31,CCGS LIMNOS,LAKE HURON,32,461401,-834445,71,35.37,2018-09-13 20:51:00,226,1.00,.00,0.10000000,,0,1.800000,D ORG C,"CARBON,DISSOLVED ORGANIC",MG C/L,46.23361,-83.74583
201802002,2019-02-19 21:09:31,CCGS LIMNOS,LAKE HURON,35,460440,-840138,69,10.72,2018-09-14 00:42:00,226,1.00,.00,0.10000000,,0,1.800000,D ORG C,"CARBON,DISSOLVED ORGANIC",MG C/L,46.07778,-84.02722
201802002,2019-02-19 21:09:31,CCGS LIMNOS,LAKE HURON,39,454846,-844515,64,35.89,2018-09-14 07:17:00,226,1.00,.00,0.10000000,,0,2.000000,D ORG C,"CARBON,DISSOLVED ORGANIC",MG C/L,45.81278,-84.75417
201802002,2019-02-19 21:09:31,CCGS LIMNOS,LAKE HURON,43,453102,-832500,54,118.94,2018-09-14 15:26:00,226,1.00,.00,0.10000000,,0,1.900000,D ORG C,"CARBON,DISSOLVED ORGANIC",MG C/L,45.51722,-83.41667
201802002,2019-02-19 21:09:31,CCGS LIMNOS,LAKE HURON,45,450228,-832233,36,8.8,2018-09-14 21:27:00,226,1.00,.00,0.10000000,,0,2.000000,D ORG C,"CARBON,DISSOLVED ORGANIC",MG C/L,45.04111,-83.37583
201802002,2019-02-19 21:09:31,CCGS LIMNOS,LAKE HURON,46,450059,-824110,44,164.4,2018-09-15 01:10:00,226,1.00,.00,0.10000000,,0,1.900000,D ORG C,"CARBON,DISSOLVED ORGANIC",MG C/L,45.01639,-82.68611
201802002,2019-02-19 21:09:31,CCGS LIMNOS,LAKE HURON,46,450059,-824110,44,164.4,2018-09-15 01:10:00,226,1.00,.00,0.10000000,,1,1.900000,D ORG C,"CARBON,DISSOLVED ORGANIC",MG C/L,45.01639,-82.68611
201802002,2019-02-19 21:09:31,CCGS LIMNOS,LAKE HURON,46,450059,-824110,44,164.4,2018-09-15 01:10:00,226,998.00,.00,0.10000000,,0,.600000,D ORG C,"CARBON,DISSOLVED ORGANIC",MG C/L,45.01639,-82.68611
201802002,2019-02-19 21:09:31,CCGS LIMNOS,LAKE HURON,46,450059,-824110,44,164.4,2018-09-15 01:10:00,226,999.00,.00,0.10000000,,0,.300000,D ORG C,"CARBON,DISSOLVED ORGANIC",MG C/L,45.01639,-82.68611
201802002,2019-02-19 21:09:31,CCGS LIMNOS,LAKE HURON,48,441246,-832216,95,20.19,2018-09-15 09:12:00,226,1.00,.00,0.10000000,,0,1.800000,D ORG C,"CARBON,DISSOLVED ORGANIC",MG C/L,44.21278,-83.37111
201802002,2019-02-19 21:09:31,CCGS LIMNOS,LAKE HURON,52,434930,-834901,100,7.02,2018-09-15 14:06:00,226,1.00,.00,0.10000000,,0,3.300000,D ORG C,"CARBON,DISSOLVED ORGANIC",MG C/L,43.82500,-83.81694
201802002,2019-02-19 21:09:31,CCGS LIMNOS,LAKE HURON,52,434930,-834901,100,7.02,2018-09-15 14:06:00,226,1.00,.00,0.10000000,,1,3.400000,D ORG C,"CARBON,DISSOLVED ORGANIC",MG C/L,43.82500,-83.81694
201802002,2019-02-19 21:09:31,CCGS LIMNOS,LAKE HURON,52,434930,-834901,100,7.02,2018-09-15 14:06:00,226,998.00,.00,0.10000000,,0,.600000,D ORG C,"CARBON,DISSOLVED ORGANIC",MG C/L,43.82500,-83.81694
201802002,2019-02-19 21:09:31,CCGS LIMNOS,LAKE HURON,52,434930,-834901,100,7.02,2018-09-15 14:06:00,226,999.00,.00,0.10000000,,0,.300000,D ORG C,"CARBON,DISSOLVED ORGANIC",MG C/L,43.82500,-83.81694
201802002,2019-02-19 21:09:31,CCGS LIMNOS,LAKE HURON,56,440602,-825202,17,14.94,2018-09-15 21:56:00,226,1.00,.00,0.10000000,,0,1.700000,D ORG C,"CARBON,DISSOLVED ORGANIC",MG C/L,44.10056,-82.86722
201802002,2019-02-19 21:09:31,CCGS LIMNOS,LAKE HURON,56,440602,-825202,17,14.94,2018-09-15 21:56:00,226,999.00,.00,0.10000000,,0,.200000,D ORG C,"CARBON,DISSOLVED ORGANIC",MG C/L,44.10056,-82.86722
201802002,2019-02-19 21:09:31,CCGS LIMNOS,LAKE HURON,58,435632,-823956,14,13.16,2018-09-16 02:26:00,226,1.00,.00,0.10000000,,0,1.700000,D ORG C,"CARBON,DISSOLVED ORGANIC",MG C/L,43.94222,-82.66556
201802002,2019-02-19 21:09:31,CCGS LIMNOS,LAKE HURON,60,433800,-821300,9,58.92,2018-09-16 06:04:00,226,1.00,.00,0.10000000,,0,1.700000,D ORG C,"CARBON,DISSOLVED ORGANIC",MG C/L,43.63333,-82.21667
201802002,2019-02-19 21:09:31,CCGS LIMNOS,LAKE HURON,1,430524,-822330,1,10.34,2018-09-10 23:38:00,227,1.00,.00,0.00070000,,0,.105000,POC,"CARBON,PARTICULATE ORGANIC",MG C/L,43.09000,-82.39167
201802002,2019-02-19 21:09:31,CCGS LIMNOS,LAKE HURON,1,430524,-822330,1,10.34,2018-09-10 23:38:00,227,1.00,.00,0.00070000,,1,.109000,POC,"CARBON,PARTICULATE ORGANIC",MG C/L,43.09000,-82.39167
201802002,2019-02-19 21:09:31,CCGS LIMNOS,LAKE HURON,1,430524,-822330,1,10.34,2018-09-10 23:38:00,227,8.00,.00,0.00070000,,0,.089000,POC,"CARBON,PARTICULATE ORGANIC",MG C/L,43.09000,-82.39167
201802002,2019-02-19 21:09:31,CCGS LIMNOS,LAKE HURON,1,430524,-822330,1,10.34,2018-09-10 23:38:00,227,998.00,.00,0.00070000,,0,.021000,POC,"CARBON,PARTICULATE ORGANIC",MG C/L,43.09000,-82.39167
201802002,2019-02-19 21:09:31,CCGS LIMNOS,LAKE HURON,8,442203,-815002,29,124.4,2018-09-11 14:35:00,227,1.00,.00,0.00070000,,0,.091000,POC,"CARBON,PARTICULATE ORGANIC",MG C/L,44.36750,-81.83389
201802002,2019-02-19 21:09:31,CCGS LIMNOS,LAKE HURON,8,442203,-815002,29,124.4,2018-09-11 14:35:00,227,10.00,.00,0.00070000,,0,.094000,POC,"CARBON,PARTICULATE ORGANIC",MG C/L,44.36750,-81.83389
201802002,2019-02-19 21:09:31,CCGS LIMNOS,LAKE HURON,8,442203,-815002,29,124.4,2018-09-11 14:35:00,227,14.00,.00,0.00070000,,0,.158000,POC,"CARBON,PARTICULATE ORGANIC",MG C/L,44.36750,-81.83389
201802002,2019-02-19 21:09:31,CCGS LIMNOS,LAKE HURON,8,442203,-815002,29,124.4,2018-09-11 14:35:00,227,20.00,.00,0.00070000,,0,.159000,POC,"CARBON,PARTICULATE ORGANIC",MG C/L,44.36750,-81.83389
201802002,2019-02-19 21:09:31,CCGS LIMNOS,LAKE HURON,8,442203,-815002,29,124.4,2018-09-11 14:35:00,227,114.00,.00,0.00070000,,0,.043000,POC,"CARBON,PARTICULATE ORGANIC",MG C/L,44.36750,-81.83389
201802002,2019-02-19 21:09:31,CCGS LIMNOS,LAKE HURON,8,442203,-815002,29,124.4,2018-09-11 14:35:00,227,122.00,.00,0.00070000,,0,.035000,POC,"CARBON,PARTICULATE ORGANIC",MG C/L,44.36750,-81.83389
201802002,2019-02-19 21:09:31,CCGS LIMNOS,LAKE HURON,10,443920,-812240,39,25.46,2018-09-11 18:30:00,227,998.00,.00,0.00060000,,0,.009000,POC,"CARBON,PARTICULATE ORGANIC",MG C/L,44.65556,-81.37778
201802002,2019-02-19 21:09:31,CCGS LIMNOS,LAKE HURON,20,455200,-831558,58,12.75,2018-09-12 21:24:00,227,998.00,.00,0.00050000,,0,.013000,POC,"CARBON,PARTICULATE ORGANIC",MG C/L,45.86667,-83.26611
201802002,2019-02-19 21:09:31,CCGS LIMNOS,LAKE HURON,30,460722,-825305,79,25.79,2018-09-13 15:58:00,227,998.00,.00,0.00050000,,0,.011000,POC,"CARBON,PARTICULATE ORGANIC",MG C/L,46.12278,-82.88472
201802002,2019-02-19 21:09:31,CCGS LIMNOS,LAKE HURON,40,454218,-843037,63,15.8,2018-09-14 09:01:00,227,998.00,.00,0.00050000,,0,.018000,POC,"CARBON,PARTICULATE ORGANIC",MG C/L,45.70500,-84.51028
201802002,2019-02-19 21:09:31,CCGS LIMNOS,LAKE HURON,43,453102,-832500,54,118.94,2018-09-14 15:26:00,227,1.00,.00,0.00050000,,0,.141000,POC,"CARBON,PARTICULATE ORGANIC",MG C/L,45.51722,-83.41667
201802002,2019-02-19 21:09:31,CCGS LIMNOS,LAKE HURON,43,453102,-832500,54,118.94,2018-09-14 15:26:00,227,3.00,.00,0.00100000,,0,.187000,POC,"CARBON,PARTICULATE ORGANIC",MG C/L,45.51722,-83.41667
201802002,2019-02-19 21:09:31,CCGS LIMNOS,LAKE HURON,43,453102,-832500,54,118.94,2018-09-14 15:26:00,227,15.00,.00,0.00100000,,0,.191000,POC,"CARBON,PARTICULATE ORGANIC",MG C/L,45.51722,-83.41667
201802002,2019-02-19 21:09:31,CCGS LIMNOS,LAKE HURON,43,453102,-832500,54,118.94,2018-09-14 15:26:00,227,30.00,.00,0.00050000,,0,.115000,POC,"CARBON,PARTICULATE ORGANIC",MG C/L,45.51722,-83.41667
201802002,2019-02-19 21:09:31,CCGS LIMNOS,LAKE HURON,43,453102,-832500,54,118.94,2018-09-14 15:26:00,227,107.00,.00,0.00050000,,0,.048000,POC,"CARBON,PARTICULATE ORGANIC",MG C/L,45.51722,-83.41667
201802002,2019-02-19 21:09:31,CCGS LIMNOS,LAKE HURON,43,453102,-832500,54,118.94,2018-09-14 15:26:00,227,117.00,.00,0.00050000,,0,.051000,POC,"CARBON,PARTICULATE ORGANIC",MG C/L,45.51722,-83.41667
201802002,2019-02-19 21:09:31,CCGS LIMNOS,LAKE HURON,46,450059,-824110,44,164.4,2018-09-15 01:10:00,227,1.00,.00,0.00050000,,0,.138000,POC,"CARBON,PARTICULATE ORGANIC",MG C/L,45.01639,-82.68611
201802002,2019-02-19 21:09:31,CCGS LIMNOS,LAKE HURON,46,450059,-824110,44,164.4,2018-09-15 01:10:00,227,1.00,.00,0.00050000,,1,.130000,POC,"CARBON,PARTICULATE ORGANIC",MG C/L,45.01639,-82.68611
201802002,2019-02-19 21:09:31,CCGS LIMNOS,LAKE HURON,46,450059,-824110,44,164.4,2018-09-15 01:10:00,227,18.00,.00,0.00050000,,0,.197000,POC,"CARBON,PARTICULATE ORGANIC",MG C/L,45.01639,-82.68611
201802002,2019-02-19 21:09:31,CCGS LIMNOS,LAKE HURON,46,450059,-824110,44,164.4,2018-09-15 01:10:00,227,30.00,.00,0.00050000,,0,.158000,POC,"CARBON,PARTICULATE ORGANIC",MG C/L,45.01639,-82.68611
201802002,2019-02-19 21:09:31,CCGS LIMNOS,LAKE HURON,46,450059,-824110,44,164.4,2018-09-15 01:10:00,227,42.00,.00,0.00050000,,0,.086000,POC,"CARBON,PARTICULATE ORGANIC",MG C/L,45.01639,-82.68611
201802002,2019-02-19 21:09:31,CCGS LIMNOS,LAKE HURON,46,450059,-824110,44,164.4,2018-09-15 01:10:00,227,100.00,.00,0.00050000,,0,.036000,POC,"CARBON,PARTICULATE ORGANIC",MG C/L,45.01639,-82.68611
201802002,2019-02-19 21:09:31,CCGS LIMNOS,LAKE HURON,46,450059,-824110,44,164.4,2018-09-15 01:10:00,227,154.00,.00,0.00050000,,0,.037000,POC,"CARBON,PARTICULATE ORGANIC",MG C/L,45.01639,-82.68611
201802002,2019-02-19 21:09:31,CCGS LIMNOS,LAKE HURON,46,450059,-824110,44,164.4,2018-09-15 01:10:00,227,162.00,.00,0.00050000,,0,.036000,POC,"CARBON,PARTICULATE ORGANIC",MG C/L,45.01639,-82.68611
201802002,2019-02-19 21:09:31,CCGS LIMNOS,LAKE HURON,48,441246,-832216,95,20.19,2018-09-15 09:12:00,227,1.00,.00,0.00040000,,0,.104000,POC,"CARBON,PARTICULATE ORGANIC",MG C/L,44.21278,-83.37111
201802002,2019-02-19 21:09:31,CCGS LIMNOS,LAKE HURON,48,441246,-832216,95,20.19,2018-09-15 09:12:00,227,16.50,.00,0.00050000,,0,.117000,POC,"CARBON,PARTICULATE ORGANIC",MG C/L,44.21278,-83.37111
201802002,2019-02-19 21:09:31,CCGS LIMNOS,LAKE HURON,48,441246,-832216,95,20.19,2018-09-15 09:12:00,227,18.00,.00,0.00050000,,0,.128000,POC,"CARBON,PARTICULATE ORGANIC",MG C/L,44.21278,-83.37111
201802002,2019-02-19 21:09:31,CCGS LIMNOS,LAKE HURON,50,435835,-833432,98,10.97,2018-09-15 12:00:00,227,998.00,.00,0.00100000,,0,.015000,POC,"CARBON,PARTICULATE ORGANIC",MG C/L,43.97639,-83.57556
201802002,2019-02-19 21:09:31,CCGS LIMNOS,LAKE HURON,60,433800,-821300,9,58.92,2018-09-16 06:04:00,227,998.00,.00,0.00050000,,0,.012000,POC,"CARBON,PARTICULATE ORGANIC",MG C/L,43.63333,-82.21667
201802002,2019-02-19 21:09:31,CCGS LIMNOS,LAKE HURON,1,430524,-822330,1,10.34,2018-09-10 23:38:00,236,1.00,.00,0.20000000,,0,18.700000,D.I.C,DISSOLVED INORGANIC CARBON,MG C/L,43.09000,-82.39167
201802002,2019-02-19 21:09:31,CCGS LIMNOS,LAKE HURON,1,430524,-822330,1,10.34,2018-09-10 23:38:00,236,1.00,.00,0.20000000,,1,18.500000,D.I.C,DISSOLVED INORGANIC CARBON,MG C/L,43.09000,-82.39167
201802002,2019-02-19 21:09:31,CCGS LIMNOS,LAKE HURON,1,430524,-822330,1,10.34,2018-09-10 23:38:00,236,998.00,.00,0.20000000,,0,.500000,D.I.C,DISSOLVED INORGANIC CARBON,MG C/L,43.09000,-82.39167
201802002,2019-02-19 21:09:31,CCGS LIMNOS,LAKE HURON,8,442203,-815002,29,124.4,2018-09-11 14:35:00,236,1.00,.00,0.20000000,,0,18.300000,D.I.C,DISSOLVED INORGANIC CARBON,MG C/L,44.36750,-81.83389
201802002,2019-02-19 21:09:31,CCGS LIMNOS,LAKE HURON,29,460630,-825048,84,35.65,2018-09-13 15:44:00,236,1.00,.00,0.20000000,,0,14.400000,D.I.C,DISSOLVED INORGANIC CARBON,MG C/L,46.10833,-82.84667
201802002,2019-02-19 21:09:31,CCGS LIMNOS,LAKE HURON,30,460722,-825305,79,25.79,2018-09-13 15:58:00,236,1.00,.00,0.20000000,,0,14.400000,D.I.C,DISSOLVED INORGANIC CARBON,MG C/L,46.12278,-82.88472
201802002,2019-02-19 21:09:31,CCGS LIMNOS,LAKE HURON,32,461401,-834445,71,35.37,2018-09-13 20:51:00,236,1.00,.00,0.20000000,,0,11.500000,D.I.C,DISSOLVED INORGANIC CARBON,MG C/L,46.23361,-83.74583
201802002,2019-02-19 21:09:31,CCGS LIMNOS,LAKE HURON,35,460440,-840138,69,10.72,2018-09-14 00:42:00,236,1.00,.00,0.20000000,,0,10.200000,D.I.C,DISSOLVED INORGANIC CARBON,MG C/L,46.07778,-84.02722
201802002,2019-02-19 21:09:31,CCGS LIMNOS,LAKE HURON,39,454846,-844515,64,35.89,2018-09-14 07:17:00,236,1.00,.00,0.20000000,,0,20.200000,D.I.C,DISSOLVED INORGANIC CARBON,MG C/L,45.81278,-84.75417
201802002,2019-02-19 21:09:31,CCGS LIMNOS,LAKE HURON,43,453102,-832500,54,118.94,2018-09-14 15:26:00,236,1.00,.00,0.20000000,,0,17.700000,D.I.C,DISSOLVED INORGANIC CARBON,MG C/L,45.51722,-83.41667
201802002,2019-02-19 21:09:31,CCGS LIMNOS,LAKE HURON,45,450228,-832233,36,8.8,2018-09-14 21:27:00,236,1.00,.00,0.20000000,,0,17.600000,D.I.C,DISSOLVED INORGANIC CARBON,MG C/L,45.04111,-83.37583
201802002,2019-02-19 21:09:31,CCGS LIMNOS,LAKE HURON,46,450059,-824110,44,164.4,2018-09-15 01:10:00,236,1.00,.00,0.20000000,,0,18.200000,D.I.C,DISSOLVED INORGANIC CARBON,MG C/L,45.01639,-82.68611
201802002,2019-02-19 21:09:31,CCGS LIMNOS,LAKE HURON,46,450059,-824110,44,164.4,2018-09-15 01:10:00,236,1.00,.00,0.20000000,,1,18.300000,D.I.C,DISSOLVED INORGANIC CARBON,MG C/L,45.01639,-82.68611
201802002,2019-02-19 21:09:31,CCGS LIMNOS,LAKE HURON,46,450059,-824110,44,164.4,2018-09-15 01:10:00,236,998.00,.00,0.20000000,,0,.600000,D.I.C,DISSOLVED INORGANIC CARBON,MG C/L,45.01639,-82.68611
201802002,2019-02-19 21:09:31,CCGS LIMNOS,LAKE HURON,46,450059,-824110,44,164.4,2018-09-15 01:10:00,236,999.00,.00,0.20000000,,0,.400000,D.I.C,DISSOLVED INORGANIC CARBON,MG C/L,45.01639,-82.68611
201802002,2019-02-19 21:09:31,CCGS LIMNOS,LAKE HURON,48,441246,-832216,95,20.19,2018-09-15 09:12:00,236,1.00,.00,0.20000000,,0,18.000000,D.I.C,DISSOLVED INORGANIC CARBON,MG C/L,44.21278,-83.37111
201802002,2019-02-19 21:09:31,CCGS LIMNOS,LAKE HURON,52,434930,-834901,100,7.02,2018-09-15 14:06:00,236,1.00,.00,0.20000000,,0,20.700000,D.I.C,DISSOLVED INORGANIC CARBON,MG C/L,43.82500,-83.81694
201802002,2019-02-19 21:09:31,CCGS LIMNOS,LAKE HURON,52,434930,-834901,100,7.02,2018-09-15 14:06:00,236,1.00,.00,0.20000000,,1,20.700000,D.I.C,DISSOLVED INORGANIC CARBON,MG C/L,43.82500,-83.81694
201802002,2019-02-19 21:09:31,CCGS LIMNOS,LAKE HURON,52,434930,-834901,100,7.02,2018-09-15 14:06:00,236,998.00,.00,0.20000000,,0,.500000,D.I.C,DISSOLVED INORGANIC CARBON,MG C/L,43.82500,-83.81694
201802002,2019-02-19 21:09:31,CCGS LIMNOS,LAKE HURON,52,434930,-834901,100,7.02,2018-09-15 14:06:00,236,999.00,.00,0.20000000,,0,.500000,D.I.C,DISSOLVED INORGANIC CARBON,MG C/L,43.82500,-83.81694
201802002,2019-02-19 21:09:31,CCGS LIMNOS,LAKE HURON,56,440602,-825202,17,14.94,2018-09-15 21:56:00,236,1.00,.00,0.20000000,,0,18.000000,D.I.C,DISSOLVED INORGANIC CARBON,MG C/L,44.10056,-82.86722
201802002,2019-02-19 21:09:31,CCGS LIMNOS,LAKE HURON,56,440602,-825202,17,14.94,2018-09-15 21:56:00,236,999.00,.00,0.20000000,,0,.400000,D.I.C,DISSOLVED INORGANIC CARBON,MG C/L,44.10056,-82.86722
201802002,2019-02-19 21:09:31,CCGS LIMNOS,LAKE HURON,58,435632,-823956,14,13.16,2018-09-16 02:26:00,236,1.00,.00,0.20000000,,0,17.900000,D.I.C,DISSOLVED INORGANIC CARBON,MG C/L,43.94222,-82.66556
201802002,2019-02-19 21:09:31,CCGS LIMNOS,LAKE HURON,60,433800,-821300,9,58.92,2018-09-16 06:04:00,236,1.00,.00,0.20000000,,0,17.800000,D.I.C,DISSOLVED INORGANIC CARBON,MG C/L,43.63333,-82.21667
201802002,2019-02-19 21:09:31,CCGS LIMNOS,LAKE HURON,1,430524,-822330,1,10.34,2018-09-10 23:38:00,245,1.00,.00,,,0,8.790000,D 02 W,"OXYGEN,CONCENTRATION DISSOLVED",MG 02/L,43.09000,-82.39167
201802002,2019-02-19 21:09:31,CCGS LIMNOS,LAKE HURON,1,430524,-822330,1,10.34,2018-09-10 23:38:00,245,1.00,.00,,,1,8.710000,D 02 W,"OXYGEN,CONCENTRATION DISSOLVED",MG 02/L,43.09000,-82.39167
201802002,2019-02-19 21:09:31,CCGS LIMNOS,LAKE HURON,1,430524,-822330,1,10.34,2018-09-10 23:38:00,245,8.00,.00,,,0,8.770000,D 02 W,"OXYGEN,CONCENTRATION DISSOLVED",MG 02/L,43.09000,-82.39167
201802002,2019-02-19 21:09:31,CCGS LIMNOS,LAKE HURON,2,431524,-820219,3,14.91,2018-09-11 02:08:00,245,1.00,.00,,,0,10.320000,D 02 W,"OXYGEN,CONCENTRATION DISSOLVED",MG 02/L,43.25667,-82.03861
201802002,2019-02-19 21:09:31,CCGS LIMNOS,LAKE HURON,3,431928,-814722,4,9.81,2018-09-11 03:45:00,245,1.00,.00,,,0,11.300000,D 02 W,"OXYGEN,CONCENTRATION DISSOLVED",MG 02/L,43.32444,-81.78944
201802002,2019-02-19 21:09:31,CCGS LIMNOS,LAKE HURON,4,433252,-814440,5,11.12,2018-09-11 05:38:00,245,1.00,.00,,,0,10.840000,D 02 W,"OXYGEN,CONCENTRATION DISSOLVED",MG 02/L,43.54778,-81.74444
201802002,2019-02-19 21:09:31,CCGS LIMNOS,LAKE HURON,5,434508,-814655,10,12.08,2018-09-11 07:16:00,245,1.00,.00,,,0,9.180000,D 02 W,"OXYGEN,CONCENTRATION DISSOLVED",MG 02/L,43.75222,-81.78194
201802002,2019-02-19 21:09:31,CCGS LIMNOS,LAKE HURON,5,434508,-814655,10,12.08,2018-09-11 07:16:00,245,1.00,.00,,,1,9.290000,D 02 W,"OXYGEN,CONCENTRATION DISSOLVED",MG 02/L,43.75222,-81.78194
201802002,2019-02-19 21:09:31,CCGS LIMNOS,LAKE HURON,6,435325,-820319,12,87.02,2018-09-11 09:19:00,245,1.00,.00,,,0,8.840000,D 02 W,"OXYGEN,CONCENTRATION DISSOLVED",MG 02/L,43.89028,-82.05528
201802002,2019-02-19 21:09:31,CCGS LIMNOS,LAKE HURON,7,435722,-814711,11,9.94,2018-09-11 11:20:00,245,1.00,.00,,,0,10.740000,D 02 W,"OXYGEN,CONCENTRATION DISSOLVED",MG 02/L,43.95611,-81.78639
201802002,2019-02-19 21:09:31,CCGS LIMNOS,LAKE HURON,8,442203,-815002,29,124.4,2018-09-11 14:35:00,245,1.00,.00,,,0,9.050000,D 02 W,"OXYGEN,CONCENTRATION DISSOLVED",MG 02/L,44.36750,-81.83389
201802002,2019-02-19 21:09:31,CCGS LIMNOS,LAKE HURON,8,442203,-815002,29,124.4,2018-09-11 14:35:00,245,10.00,.00,,,0,9.150000,D 02 W,"OXYGEN,CONCENTRATION DISSOLVED",MG 02/L,44.36750,-81.83389
201802002,2019-02-19 21:09:31,CCGS LIMNOS,LAKE HURON,8,442203,-815002,29,124.4,2018-09-11 14:35:00,245,14.00,.00,,,0,11.170000,D 02 W,"OXYGEN,CONCENTRATION DISSOLVED",MG 02/L,44.36750,-81.83389
201802002,2019-02-19 21:09:31,CCGS LIMNOS,LAKE HURON,8,442203,-815002,29,124.4,2018-09-11 14:35:00,245,20.00,.00,,,0,11.610000,D 02 W,"OXYGEN,CONCENTRATION DISSOLVED",MG 02/L,44.36750,-81.83389
201802002,2019-02-19 21:09:31,CCGS LIMNOS,LAKE HURON,8,442203,-815002,29,124.4,2018-09-11 14:35:00,245,114.00,.00,,,0,10.990000,D 02 W,"OXYGEN,CONCENTRATION DISSOLVED",MG 02/L,44.36750,-81.83389
201802002,2019-02-19 21:09:31,CCGS LIMNOS,LAKE HURON,8,442203,-815002,29,124.4,2018-09-11 14:35:00,245,122.00,.00,,,0,10.940000,D 02 W,"OXYGEN,CONCENTRATION DISSOLVED",MG 02/L,44.36750,-81.83389
201802002,2019-02-19 21:09:31,CCGS LIMNOS,LAKE HURON,9,442757,-812713,30,19.91,2018-09-11 16:57:00,245,1.00,.00,,,0,11.290000,D 02 W,"OXYGEN,CONCENTRATION DISSOLVED",MG 02/L,44.46583,-81.45361
201802002,2019-02-19 21:09:31,CCGS LIMNOS,LAKE HURON,10,443920,-812240,39,25.46,2018-09-11 18:30:00,245,1.00,.00,,,0,9.190000,D 02 W,"OXYGEN,CONCENTRATION DISSOLVED",MG 02/L,44.65556,-81.37778
201802002,2019-02-19 21:09:31,CCGS LIMNOS,LAKE HURON,10,443920,-812240,39,25.46,2018-09-11 18:30:00,245,1.00,.00,,,1,9.160000,D 02 W,"OXYGEN,CONCENTRATION DISSOLVED",MG 02/L,44.65556,-81.37778
201802002,2019-02-19 21:09:31,CCGS LIMNOS,LAKE HURON,11,445354,-812617,40,20.6,2018-09-11 21:16:00,245,1.00,.00,,,0,8.970000,D 02 W,"OXYGEN,CONCENTRATION DISSOLVED",MG 02/L,44.89833,-81.43806
201802002,2019-02-19 21:09:31,CCGS LIMNOS,LAKE HURON,12,444425,-820324,38,134.62,2018-09-12 00:30:00,245,1.00,.00,,,0,9.350000,D 02 W,"OXYGEN,CONCENTRATION DISSOLVED",MG 02/L,44.74028,-82.05667
201802002,2019-02-19 21:09:31,CCGS LIMNOS,LAKE HURON,13,450106,-815835,43,173.44,2018-09-12 03:39:00,245,1.00,.00,,,0,9.160000,D 02 W,"OXYGEN,CONCENTRATION DISSOLVED",MG 02/L,45.01833,-81.97639
201802002,2019-02-19 21:09:31,CCGS LIMNOS,LAKE HURON,14,450459,-813213,41,21.37,2018-09-12 05:44:00,245,1.00,.00,,,0,8.930000,D 02 W,"OXYGEN,CONCENTRATION DISSOLVED",MG 02/L,45.08306,-81.53694
201802002,2019-02-19 21:09:31,CCGS LIMNOS,LAKE HURON,15,451315,-814914,42,43.58,2018-09-12 07:39:00,245,1.00,.00,,,0,9.030000,D 02 W,"OXYGEN,CONCENTRATION DISSOLVED",MG 02/L,45.22083,-81.82056
201802002,2019-02-19 21:09:31,CCGS LIMNOS,LAKE HURON,15,451315,-814914,42,43.58,2018-09-12 07:39:00,245,1.00,.00,,,1,9.140000,D 02 W,"OXYGEN,CONCENTRATION DISSOLVED",MG 02/L,45.22083,-81.82056
201802002,2019-02-19 21:09:31,CCGS LIMNOS,LAKE HURON,16,451644,-822704,48,110.28,2018-09-12 10:54:00,245,1.00,.00,,,0,9.260000,D 02 W,"OXYGEN,CONCENTRATION DISSOLVED",MG 02/L,45.27889,-82.45111
201802002,2019-02-19 21:09:31,CCGS LIMNOS,LAKE HURON,17,453209,-820244,50,26.19,2018-09-12 13:40:00,245,1.00,.00,,,0,9.080000,D 02 W,"OXYGEN,CONCENTRATION DISSOLVED",MG 02/L,45.53583,-82.04556
201802002,2019-02-19 21:09:31,CCGS LIMNOS,LAKE HURON,18,453904,-823850,52,65.02,2018-09-12 17:13:00,245,1.00,.00,,,0,9.330000,D 02 W,"OXYGEN,CONCENTRATION DISSOLVED",MG 02/L,45.65111,-82.64722
201802002,2019-02-19 21:09:31,CCGS LIMNOS,LAKE HURON,19,454559,-830141,59,17.98,2018-09-12 19:44:00,245,1.00,.00,,,0,9.140000,D 02 W,"OXYGEN,CONCENTRATION DISSOLVED",MG 02/L,45.76639,-83.02806
201802002,2019-02-19 21:09:31,CCGS LIMNOS,LAKE HURON,20,455200,-831558,58,12.75,2018-09-12 21:24:00,245,1.00,.00,,,0,9.130000,D 02 W,"OXYGEN,CONCENTRATION DISSOLVED",MG 02/L,45.86667,-83.26611
201802002,2019-02-19 21:09:31,CCGS LIMNOS,LAKE HURON,20,455200,-831558,58,12.75,2018-09-12 21:24:00,245,1.00,.00,,,1,9.070000,D 02 W,"OXYGEN,CONCENTRATION DISSOLVED",MG 02/L,45.86667,-83.26611
201802002,2019-02-19 21:09:31,CCGS LIMNOS,LAKE HURON,21,455404,-833110,60,24.14,2018-09-12 23:15:00,245,1.00,.00,,,0,9.150000,D 02 W,"OXYGEN,CONCENTRATION DISSOLVED",MG 02/L,45.90111,-83.51944
201802002,2019-02-19 21:09:31,CCGS LIMNOS,LAKE HURON,22,455959,-832600,76,58.38,2018-09-13 00:29:00,245,1.00,.00,,,0,9.300000,D 02 W,"OXYGEN,CONCENTRATION DISSOLVED",MG 02/L,45.99972,-83.43333
201802002,2019-02-19 21:09:31,CCGS LIMNOS,LAKE HURON,23,455814,-831157,77,77.89,2018-09-13 01:46:00,245,1.00,.00,,,0,9.220000,D 02 W,"OXYGEN,CONCENTRATION DISSOLVED",MG 02/L,45.97056,-83.19917
201802002,2019-02-19 21:09:31,CCGS LIMNOS,LAKE HURON,24,455612,-824534,82,28.12,2018-09-13 04:52:00,245,1.00,.00,,,0,9.150000,D 02 W,"OXYGEN,CONCENTRATION DISSOLVED",MG 02/L,45.93667,-82.75944
201802002,2019-02-19 21:09:31,CCGS LIMNOS,LAKE HURON,25,455959,-823301,83,31.13,2018-09-13 06:16:00,245,1.00,.00,,,0,9.180000,D 02 W,"OXYGEN,CONCENTRATION DISSOLVED",MG 02/L,45.99972,-82.55028
201802002,2019-02-19 21:09:31,CCGS LIMNOS,LAKE HURON,25,455959,-823301,83,31.13,2018-09-13 06:16:00,245,1.00,.00,,,1,9.250000,D 02 W,"OXYGEN,CONCENTRATION DISSOLVED",MG 02/L,45.99972,-82.55028
201802002,2019-02-19 21:09:31,CCGS LIMNOS,LAKE HURON,26,460340,-821149,87,43.68,2018-09-13 08:08:00,245,1.00,.00,,,0,9.130000,D 02 W,"OXYGEN,CONCENTRATION DISSOLVED",MG 02/L,46.06111,-82.19694
201802002,2019-02-19 21:09:31,CCGS LIMNOS,LAKE HURON,27,460319,-820000,88,35.75,2018-09-13 09:21:00,245,1.00,.00,,,0,9.060000,D 02 W,"OXYGEN,CONCENTRATION DISSOLVED",MG 02/L,46.05528,-82.00000
201802002,2019-02-19 21:09:31,CCGS LIMNOS,LAKE HURON,28,455459,-820940,89,38.74,2018-09-13 11:07:00,245,1.00,.00,,,0,9.000000,D 02 W,"OXYGEN,CONCENTRATION DISSOLVED",MG 02/L,45.91639,-82.16111
201802002,2019-02-19 21:09:31,CCGS LIMNOS,LAKE HURON,29,460630,-825048,84,35.65,2018-09-13 15:44:00,245,1.00,.00,,,0,9.040000,D 02 W,"OXYGEN,CONCENTRATION DISSOLVED",MG 02/L,46.10833,-82.84667
201802002,2019-02-19 21:09:31,CCGS LIMNOS,LAKE HURON,29,460630,-825048,84,35.65,2018-09-13 15:44:00,245,12.00,.00,,,0,8.980000,D 02 W,"OXYGEN,CONCENTRATION DISSOLVED",MG 02/L,46.10833,-82.84667
201802002,2019-02-19 21:09:31,CCGS LIMNOS,LAKE HURON,29,460630,-825048,84,35.65,2018-09-13 15:44:00,245,14.00,.00,,,0,8.900000,D 02 W,"OXYGEN,CONCENTRATION DISSOLVED",MG 02/L,46.10833,-82.84667
201802002,2019-02-19 21:09:31,CCGS LIMNOS,LAKE HURON,29,460630,-825048,84,35.65,2018-09-13 15:44:00,245,16.00,.00,,,0,8.930000,D 02 W,"OXYGEN,CONCENTRATION DISSOLVED",MG 02/L,46.10833,-82.84667
201802002,2019-02-19 21:09:31,CCGS LIMNOS,LAKE HURON,29,460630,-825048,84,35.65,2018-09-13 15:44:00,245,34.00,.00,,,0,10.130000,D 02 W,"OXYGEN,CONCENTRATION DISSOLVED",MG 02/L,46.10833,-82.84667
201802002,2019-02-19 21:09:31,CCGS LIMNOS,LAKE HURON,30,460722,-825305,79,25.79,2018-09-13 15:58:00,245,1.00,.00,,,0,9.060000,D 02 W,"OXYGEN,CONCENTRATION DISSOLVED",MG 02/L,46.12278,-82.88472
201802002,2019-02-19 21:09:31,CCGS LIMNOS,LAKE HURON,30,460722,-825305,79,25.79,2018-09-13 15:58:00,245,1.00,.00,,,1,9.160000,D 02 W,"OXYGEN,CONCENTRATION DISSOLVED",MG 02/L,46.12278,-82.88472
201802002,2019-02-19 21:09:31,CCGS LIMNOS,LAKE HURON,30,460722,-825305,79,25.79,2018-09-13 15:58:00,245,12.00,.00,,,0,9.550000,D 02 W,"OXYGEN,CONCENTRATION DISSOLVED",MG 02/L,46.12278,-82.88472
201802002,2019-02-19 21:09:31,CCGS LIMNOS,LAKE HURON,30,460722,-825305,79,25.79,2018-09-13 15:58:00,245,16.00,.00,,,0,9.940000,D 02 W,"OXYGEN,CONCENTRATION DISSOLVED",MG 02/L,46.12278,-82.88472
201802002,2019-02-19 21:09:31,CCGS LIMNOS,LAKE HURON,30,460722,-825305,79,25.79,2018-09-13 15:58:00,245,24.00,.00,,,0,9.860000,D 02 W,"OXYGEN,CONCENTRATION DISSOLVED",MG 02/L,46.12278,-82.88472
201802002,2019-02-19 21:09:31,CCGS LIMNOS,LAKE HURON,31,461112,-832116,73,18.83,2018-09-13 18:56:00,245,1.00,.00,,,0,8.970000,D 02 W,"OXYGEN,CONCENTRATION DISSOLVED",MG 02/L,46.18667,-83.35444
201802002,2019-02-19 21:09:31,CCGS LIMNOS,LAKE HURON,32,461401,-834445,71,35.37,2018-09-13 20:51:00,245,1.00,.00,,,0,9.010000,D 02 W,"OXYGEN,CONCENTRATION DISSOLVED",MG 02/L,46.23361,-83.74583
201802002,2019-02-19 21:09:31,CCGS LIMNOS,LAKE HURON,32,461401,-834445,71,35.37,2018-09-13 20:51:00,245,23.00,.00,,,0,8.770000,D 02 W,"OXYGEN,CONCENTRATION DISSOLVED",MG 02/L,46.23361,-83.74583
201802002,2019-02-19 21:09:31,CCGS LIMNOS,LAKE HURON,32,461401,-834445,71,35.37,2018-09-13 20:51:00,245,27.00,.00,,,0,8.640000,D 02 W,"OXYGEN,CONCENTRATION DISSOLVED",MG 02/L,46.23361,-83.74583
201802002,2019-02-19 21:09:31,CCGS LIMNOS,LAKE HURON,32,461401,-834445,71,35.37,2018-09-13 20:51:00,245,31.00,.00,,,0,9.010000,D 02 W,"OXYGEN,CONCENTRATION DISSOLVED",MG 02/L,46.23361,-83.74583
201802002,2019-02-19 21:09:31,CCGS LIMNOS,LAKE HURON,32,461401,-834445,71,35.37,2018-09-13 20:51:00,245,33.00,.00,,,0,9.120000,D 02 W,"OXYGEN,CONCENTRATION DISSOLVED",MG 02/L,46.23361,-83.74583
201802002,2019-02-19 21:09:31,CCGS LIMNOS,LAKE HURON,33,460813,-834020,70,21.61,2018-09-13 22:05:00,245,1.00,.00,,,0,9.200000,D 02 W,"OXYGEN,CONCENTRATION DISSOLVED",MG 02/L,46.13694,-83.67222
201802002,2019-02-19 21:09:31,CCGS LIMNOS,LAKE HURON,34,460232,-835109,68,16.63,2018-09-13 23:31:00,245,1.00,.00,,,0,9.150000,D 02 W,"OXYGEN,CONCENTRATION DISSOLVED",MG 02/L,46.04222,-83.85250
201802002,2019-02-19 21:09:31,CCGS LIMNOS,LAKE HURON,35,460440,-840138,69,10.72,2018-09-14 00:42:00,245,1.00,.00,,,0,9.080000,D 02 W,"OXYGEN,CONCENTRATION DISSOLVED",MG 02/L,46.07778,-84.02722
201802002,2019-02-19 21:09:31,CCGS LIMNOS,LAKE HURON,35,460440,-840138,69,10.72,2018-09-14 00:42:00,245,1.00,.00,,,1,9.110000,D 02 W,"OXYGEN,CONCENTRATION DISSOLVED",MG 02/L,46.07778,-84.02722
201802002,2019-02-19 21:09:31,CCGS LIMNOS,LAKE HURON,35,460440,-840138,69,10.72,2018-09-14 00:42:00,245,9.00,.00,,,0,9.140000,D 02 W,"OXYGEN,CONCENTRATION DISSOLVED",MG 02/L,46.07778,-84.02722
201802002,2019-02-19 21:09:31,CCGS LIMNOS,LAKE HURON,36,455610,-835359,67,29.3,2018-09-14 02:17:00,245,1.00,.00,,,0,9.140000,D 02 W,"OXYGEN,CONCENTRATION DISSOLVED",MG 02/L,45.93611,-83.89972
201802002,2019-02-19 21:09:31,CCGS LIMNOS,LAKE HURON,37,455151,-841743,66,67.4,2018-09-14 04:24:00,245,1.00,.00,,,0,9.320000,D 02 W,"OXYGEN,CONCENTRATION DISSOLVED",MG 02/L,45.86417,-84.29528
201802002,2019-02-19 21:09:31,CCGS LIMNOS,LAKE HURON,38,455041,-843358,65,58.91,2018-09-14 06:01:00,245,1.00,.00,,,0,9.220000,D 02 W,"OXYGEN,CONCENTRATION DISSOLVED",MG 02/L,45.84472,-84.56611
201802002,2019-02-19 21:09:31,CCGS LIMNOS,LAKE HURON,39,454846,-844515,64,35.89,2018-09-14 07:17:00,245,1.00,.00,,,0,9.320000,D 02 W,"OXYGEN,CONCENTRATION DISSOLVED",MG 02/L,45.81278,-84.75417
201802002,2019-02-19 21:09:31,CCGS LIMNOS,LAKE HURON,39,454846,-844515,64,35.89,2018-09-14 07:17:00,245,19.00,.00,,,0,9.490000,D 02 W,"OXYGEN,CONCENTRATION DISSOLVED",MG 02/L,45.81278,-84.75417
201802002,2019-02-19 21:09:31,CCGS LIMNOS,LAKE HURON,39,454846,-844515,64,35.89,2018-09-14 07:17:00,245,22.00,.00,,,0,9.980000,D 02 W,"OXYGEN,CONCENTRATION DISSOLVED",MG 02/L,45.81278,-84.75417
201802002,2019-02-19 21:09:31,CCGS LIMNOS,LAKE HURON,39,454846,-844515,64,35.89,2018-09-14 07:17:00,245,30.00,.00,,,0,10.330000,D 02 W,"OXYGEN,CONCENTRATION DISSOLVED",MG 02/L,45.81278,-84.75417
201802002,2019-02-19 21:09:31,CCGS LIMNOS,LAKE HURON,39,454846,-844515,64,35.89,2018-09-14 07:17:00,245,34.00,.00,,,0,10.300000,D 02 W,"OXYGEN,CONCENTRATION DISSOLVED",MG 02/L,45.81278,-84.75417
201802002,2019-02-19 21:09:31,CCGS LIMNOS,LAKE HURON,40,454218,-843037,63,15.8,2018-09-14 09:01:00,245,1.00,.00,,,0,9.410000,D 02 W,"OXYGEN,CONCENTRATION DISSOLVED",MG 02/L,45.70500,-84.51028
201802002,2019-02-19 21:09:31,CCGS LIMNOS,LAKE HURON,40,454218,-843037,63,15.8,2018-09-14 09:01:00,245,1.00,.00,,,1,9.530000,D 02 W,"OXYGEN,CONCENTRATION DISSOLVED",MG 02/L,45.70500,-84.51028
201802002,2019-02-19 21:09:31,CCGS LIMNOS,LAKE HURON,41,454025,-841106,62,44.24,2018-09-14 11:05:00,245,1.00,.00,,,0,9.290000,D 02 W,"OXYGEN,CONCENTRATION DISSOLVED",MG 02/L,45.67361,-84.18500
201802002,2019-02-19 21:09:31,CCGS LIMNOS,LAKE HURON,42,453102,-840501,56,21.54,2018-09-14 12:13:00,245,1.00,.00,,,0,9.450000,D 02 W,"OXYGEN,CONCENTRATION DISSOLVED",MG 02/L,45.51722,-84.08361
201802002,2019-02-19 21:09:31,CCGS LIMNOS,LAKE HURON,43,453102,-832500,54,118.94,2018-09-14 15:26:00,245,1.00,.00,,,0,9.670000,D 02 W,"OXYGEN,CONCENTRATION DISSOLVED",MG 02/L,45.51722,-83.41667
201802002,2019-02-19 21:09:31,CCGS LIMNOS,LAKE HURON,43,453102,-832500,54,118.94,2018-09-14 15:26:00,245,3.00,.00,,,0,10.570000,D 02 W,"OXYGEN,CONCENTRATION DISSOLVED",MG 02/L,45.51722,-83.41667
201802002,2019-02-19 21:09:31,CCGS LIMNOS,LAKE HURON,43,453102,-832500,54,118.94,2018-09-14 15:26:00,245,15.00,.00,,,0,11.940000,D 02 W,"OXYGEN,CONCENTRATION DISSOLVED",MG 02/L,45.51722,-83.41667
201802002,2019-02-19 21:09:31,CCGS LIMNOS,LAKE HURON,43,453102,-832500,54,118.94,2018-09-14 15:26:00,245,30.00,.00,,,0,11.390000,D 02 W,"OXYGEN,CONCENTRATION DISSOLVED",MG 02/L,45.51722,-83.41667
201802002,2019-02-19 21:09:31,CCGS LIMNOS,LAKE HURON,43,453102,-832500,54,118.94,2018-09-14 15:26:00,245,107.00,.00,,,0,11.270000,D 02 W,"OXYGEN,CONCENTRATION DISSOLVED",MG 02/L,45.51722,-83.41667
201802002,2019-02-19 21:09:31,CCGS LIMNOS,LAKE HURON,43,453102,-832500,54,118.94,2018-09-14 15:26:00,245,117.00,.00,,,0,11.340000,D 02 W,"OXYGEN,CONCENTRATION DISSOLVED",MG 02/L,45.51722,-83.41667
201802002,2019-02-19 21:09:31,CCGS LIMNOS,LAKE HURON,44,451515,-832047,47,22.2,2018-09-14 18:07:00,245,1.00,.00,,,0,9.410000,D 02 W,"OXYGEN,CONCENTRATION DISSOLVED",MG 02/L,45.25417,-83.34639
201802002,2019-02-19 21:09:31,CCGS LIMNOS,LAKE HURON,45,450228,-832233,36,8.8,2018-09-14 21:27:00,245,1.00,.00,,,0,9.150000,D 02 W,"OXYGEN,CONCENTRATION DISSOLVED",MG 02/L,45.04111,-83.37583
201802002,2019-02-19 21:09:31,CCGS LIMNOS,LAKE HURON,45,450228,-832233,36,8.8,2018-09-14 21:27:00,245,1.00,.00,,,1,9.120000,D 02 W,"OXYGEN,CONCENTRATION DISSOLVED",MG 02/L,45.04111,-83.37583
201802002,2019-02-19 21:09:31,CCGS LIMNOS,LAKE HURON,45,450228,-832233,36,8.8,2018-09-14 21:27:00,245,7.00,.00,,,0,9.260000,D 02 W,"OXYGEN,CONCENTRATION DISSOLVED",MG 02/L,45.04111,-83.37583
201802002,2019-02-19 21:09:31,CCGS LIMNOS,LAKE HURON,46,450059,-824110,44,164.4,2018-09-15 01:10:00,245,1.00,.00,,,0,9.020000,D 02 W,"OXYGEN,CONCENTRATION DISSOLVED",MG 02/L,45.01639,-82.68611
201802002,2019-02-19 21:09:31,CCGS LIMNOS,LAKE HURON,46,450059,-824110,44,164.4,2018-09-15 01:10:00,245,18.00,.00,,,0,9.190000,D 02 W,"OXYGEN,CONCENTRATION DISSOLVED",MG 02/L,45.01639,-82.68611
201802002,2019-02-19 21:09:31,CCGS LIMNOS,LAKE HURON,46,450059,-824110,44,164.4,2018-09-15 01:10:00,245,30.00,.00,,,0,11.910000,D 02 W,"OXYGEN,CONCENTRATION DISSOLVED",MG 02/L,45.01639,-82.68611
201802002,2019-02-19 21:09:31,CCGS LIMNOS,LAKE HURON,46,450059,-824110,44,164.4,2018-09-15 01:10:00,245,42.00,.00,,,0,11.290000,D 02 W,"OXYGEN,CONCENTRATION DISSOLVED",MG 02/L,45.01639,-82.68611
201802002,2019-02-19 21:09:31,CCGS LIMNOS,LAKE HURON,46,450059,-824110,44,164.4,2018-09-15 01:10:00,245,100.00,.00,,,0,11.030000,D 02 W,"OXYGEN,CONCENTRATION DISSOLVED",MG 02/L,45.01639,-82.68611
201802002,2019-02-19 21:09:31,CCGS LIMNOS,LAKE HURON,46,450059,-824110,44,164.4,2018-09-15 01:10:00,245,154.00,.00,,,0,11.280000,D 02 W,"OXYGEN,CONCENTRATION DISSOLVED",MG 02/L,45.01639,-82.68611
201802002,2019-02-19 21:09:31,CCGS LIMNOS,LAKE HURON,46,450059,-824110,44,164.4,2018-09-15 01:10:00,245,162.00,.00,,,0,10.890000,D 02 W,"OXYGEN,CONCENTRATION DISSOLVED",MG 02/L,45.01639,-82.68611
201802002,2019-02-19 21:09:31,CCGS LIMNOS,LAKE HURON,47,442958,-824952,33,72.14,2018-09-15 05:40:00,245,1.00,.00,,,0,8.970000,D 02 W,"OXYGEN,CONCENTRATION DISSOLVED",MG 02/L,44.49944,-82.83111
201802002,2019-02-19 21:09:31,CCGS LIMNOS,LAKE HURON,48,441246,-832216,95,20.19,2018-09-15 09:12:00,245,1.00,.00,,,0,8.980000,D 02 W,"OXYGEN,CONCENTRATION DISSOLVED",MG 02/L,44.21278,-83.37111
201802002,2019-02-19 21:09:31,CCGS LIMNOS,LAKE HURON,48,441246,-832216,95,20.19,2018-09-15 09:12:00,245,16.50,.00,,,0,9.090000,D 02 W,"OXYGEN,CONCENTRATION DISSOLVED",MG 02/L,44.21278,-83.37111
201802002,2019-02-19 21:09:31,CCGS LIMNOS,LAKE HURON,48,441246,-832216,95,20.19,2018-09-15 09:12:00,245,18.00,.00,,,0,9.330000,D 02 W,"OXYGEN,CONCENTRATION DISSOLVED",MG 02/L,44.21278,-83.37111
201802002,2019-02-19 21:09:31,CCGS LIMNOS,LAKE HURON,49,440653,-833141,97,10.88,2018-09-15 10:39:00,245,1.00,.00,,,0,9.290000,D 02 W,"OXYGEN,CONCENTRATION DISSOLVED",MG 02/L,44.11472,-83.52806
201802002,2019-02-19 21:09:31,CCGS LIMNOS,LAKE HURON,50,435835,-833432,98,10.97,2018-09-15 12:00:00,245,1.00,.00,,,0,9.310000,D 02 W,"OXYGEN,CONCENTRATION DISSOLVED",MG 02/L,43.97639,-83.57556
201802002,2019-02-19 21:09:31,CCGS LIMNOS,LAKE HURON,50,435835,-833432,98,10.97,2018-09-15 12:00:00,245,1.00,.00,,,1,9.340000,D 02 W,"OXYGEN,CONCENTRATION DISSOLVED",MG 02/L,43.97639,-83.57556
201802002,2019-02-19 21:09:31,CCGS LIMNOS,LAKE HURON,51,435431,-834430,99,7.32,2018-09-15 13:15:00,245,1.00,.00,,,0,9.420000,D 02 W,"OXYGEN,CONCENTRATION DISSOLVED",MG 02/L,43.90861,-83.74167
201802002,2019-02-19 21:09:31,CCGS LIMNOS,LAKE HURON,52,434930,-834901,100,7.02,2018-09-15 14:06:00,245,1.00,.00,,,0,9.630000,D 02 W,"OXYGEN,CONCENTRATION DISSOLVED",MG 02/L,43.82500,-83.81694
201802002,2019-02-19 21:09:31,CCGS LIMNOS,LAKE HURON,52,434930,-834901,100,7.02,2018-09-15 14:06:00,245,5.00,.00,,,0,9.320000,D 02 W,"OXYGEN,CONCENTRATION DISSOLVED",MG 02/L,43.82500,-83.81694
201802002,2019-02-19 21:09:31,CCGS LIMNOS,LAKE HURON,53,434914,-833733,101,6.11,2018-09-15 15:22:00,245,1.00,.00,,,0,9.160000,D 02 W,"OXYGEN,CONCENTRATION DISSOLVED",MG 02/L,43.82056,-83.62583
201802002,2019-02-19 21:09:31,CCGS LIMNOS,LAKE HURON,54,440735,-831019,96,29.29,2018-09-15 19:16:00,245,1.00,.00,,,0,8.960000,D 02 W,"OXYGEN,CONCENTRATION DISSOLVED",MG 02/L,44.12639,-83.17194
201802002,2019-02-19 21:09:31,CCGS LIMNOS,LAKE HURON,55,441257,-830504,20,45.7,2018-09-15 20:13:00,245,1.00,.00,,,0,8.890000,D 02 W,"OXYGEN,CONCENTRATION DISSOLVED",MG 02/L,44.21583,-83.08444
201802002,2019-02-19 21:09:31,CCGS LIMNOS,LAKE HURON,55,441257,-830504,20,45.7,2018-09-15 20:13:00,245,1.00,.00,,,1,8.940000,D 02 W,"OXYGEN,CONCENTRATION DISSOLVED",MG 02/L,44.21583,-83.08444
201802002,2019-02-19 21:09:31,CCGS LIMNOS,LAKE HURON,56,440602,-825202,17,14.94,2018-09-15 21:56:00,245,1.00,.00,,,0,8.890000,D 02 W,"OXYGEN,CONCENTRATION DISSOLVED",MG 02/L,44.10056,-82.86722
201802002,2019-02-19 21:09:31,CCGS LIMNOS,LAKE HURON,56,440602,-825202,17,14.94,2018-09-15 21:56:00,245,13.00,.00,,,0,9.330000,D 02 W,"OXYGEN,CONCENTRATION DISSOLVED",MG 02/L,44.10056,-82.86722
201802002,2019-02-19 21:09:31,CCGS LIMNOS,LAKE HURON,57,441154,-823014,27,55.22,2018-09-16 00:02:00,245,1.00,.00,,,0,8.840000,D 02 W,"OXYGEN,CONCENTRATION DISSOLVED",MG 02/L,44.19833,-82.50389
201802002,2019-02-19 21:09:31,CCGS LIMNOS,LAKE HURON,58,435632,-823956,14,13.16,2018-09-16 02:26:00,245,1.00,.00,,,0,8.820000,D 02 W,"OXYGEN,CONCENTRATION DISSOLVED",MG 02/L,43.94222,-82.66556
201802002,2019-02-19 21:09:31,CCGS LIMNOS,LAKE HURON,58,435632,-823956,14,13.16,2018-09-16 02:26:00,245,11.00,.00,,,0,9.950000,D 02 W,"OXYGEN,CONCENTRATION DISSOLVED",MG 02/L,43.94222,-82.66556
201802002,2019-02-19 21:09:31,CCGS LIMNOS,LAKE HURON,59,434511,-823408,13,16.56,2018-09-16 04:02:00,245,1.00,.00,,,0,8.840000,D 02 W,"OXYGEN,CONCENTRATION DISSOLVED",MG 02/L,43.75306,-82.56889
201802002,2019-02-19 21:09:31,CCGS LIMNOS,LAKE HURON,60,433800,-821300,9,58.92,2018-09-16 06:04:00,245,1.00,.00,,,0,8.820000,D 02 W,"OXYGEN,CONCENTRATION DISSOLVED",MG 02/L,43.63333,-82.21667
201802002,2019-02-19 21:09:31,CCGS LIMNOS,LAKE HURON,60,433800,-821300,9,58.92,2018-09-16 06:04:00,245,1.00,.00,,,1,8.830000,D 02 W,"OXYGEN,CONCENTRATION DISSOLVED",MG 02/L,43.63333,-82.21667
201802002,2019-02-19 21:09:31,CCGS LIMNOS,LAKE HURON,60,433800,-821300,9,58.92,2018-09-16 06:04:00,245,25.00,.00,,,0,11.210000,D 02 W,"OXYGEN,CONCENTRATION DISSOLVED",MG 02/L,43.63333,-82.21667
201802002,2019-02-19 21:09:31,CCGS LIMNOS,LAKE HURON,60,433800,-821300,9,58.92,2018-09-16 06:04:00,245,29.00,.00,,,0,11.760000,D 02 W,"OXYGEN,CONCENTRATION DISSOLVED",MG 02/L,43.63333,-82.21667
201802002,2019-02-19 21:09:31,CCGS LIMNOS,LAKE HURON,60,433800,-821300,9,58.92,2018-09-16 06:04:00,245,37.00,.00,,,0,11.450000,D 02 W,"OXYGEN,CONCENTRATION DISSOLVED",MG 02/L,43.63333,-82.21667
201802002,2019-02-19 21:09:31,CCGS LIMNOS,LAKE HURON,60,433800,-821300,9,58.92,2018-09-16 06:04:00,245,49.00,.00,,,0,11.330000,D 02 W,"OXYGEN,CONCENTRATION DISSOLVED",MG 02/L,43.63333,-82.21667
201802002,2019-02-19 21:09:31,CCGS LIMNOS,LAKE HURON,60,433800,-821300,9,58.92,2018-09-16 06:04:00,245,57.00,.00,,,0,11.900000,D 02 W,"OXYGEN,CONCENTRATION DISSOLVED",MG 02/L,43.63333,-82.21667
201802002,2019-02-19 21:09:31,CCGS LIMNOS,LAKE HURON,61,433358,-822903,8,29.67,2018-09-16 08:09:00,245,1.00,.00,,,0,8.880000,D 02 W,"OXYGEN,CONCENTRATION DISSOLVED",MG 02/L,43.56611,-82.48417
201802002,2019-02-19 21:09:31,CCGS LIMNOS,LAKE HURON,62,432031,-823022,7,10.72,2018-09-16 09:45:00,245,1.00,.00,,,0,8.950000,D 02 W,"OXYGEN,CONCENTRATION DISSOLVED",MG 02/L,43.34194,-82.50611
201802002,2019-02-19 21:09:31,CCGS LIMNOS,LAKE HURON,8,442203,-815002,29,124.4,2018-09-11 14:35:00,247,10.00,.00,,,0,99.400000,SAT 02,"OXYGEN,% SAT. DISSOLVED",PERCENT,44.36750,-81.83389
201802002,2019-02-19 21:09:31,CCGS LIMNOS,LAKE HURON,8,442203,-815002,29,124.4,2018-09-11 14:35:00,247,14.00,.00,,,0,98.730000,SAT 02,"OXYGEN,% SAT. DISSOLVED",PERCENT,44.36750,-81.83389
201802002,2019-02-19 21:09:31,CCGS LIMNOS,LAKE HURON,8,442203,-815002,29,124.4,2018-09-11 14:35:00,247,20.00,.00,,,0,94.120000,SAT 02,"OXYGEN,% SAT. DISSOLVED",PERCENT,44.36750,-81.83389
201802002,2019-02-19 21:09:31,CCGS LIMNOS,LAKE HURON,8,442203,-815002,29,124.4,2018-09-11 14:35:00,247,114.00,.00,,,0,84.860000,SAT 02,"OXYGEN,% SAT. DISSOLVED",PERCENT,44.36750,-81.83389
201802002,2019-02-19 21:09:31,CCGS LIMNOS,LAKE HURON,8,442203,-815002,29,124.4,2018-09-11 14:35:00,247,122.00,.00,,,0,84.460000,SAT 02,"OXYGEN,% SAT. DISSOLVED",PERCENT,44.36750,-81.83389
201802002,2019-02-19 21:09:31,CCGS LIMNOS,LAKE HURON,30,460722,-825305,79,25.79,2018-09-13 15:58:00,247,12.00,.00,,,0,103.410000,SAT 02,"OXYGEN,% SAT. DISSOLVED",PERCENT,46.12278,-82.88472
201802002,2019-02-19 21:09:31,CCGS LIMNOS,LAKE HURON,30,460722,-825305,79,25.79,2018-09-13 15:58:00,247,16.00,.00,,,0,95.420000,SAT 02,"OXYGEN,% SAT. DISSOLVED",PERCENT,46.12278,-82.88472
201802002,2019-02-19 21:09:31,CCGS LIMNOS,LAKE HURON,30,460722,-825305,79,25.79,2018-09-13 15:58:00,247,24.00,.00,,,0,84.060000,SAT 02,"OXYGEN,% SAT. DISSOLVED",PERCENT,46.12278,-82.88472
201802002,2019-02-19 21:09:31,CCGS LIMNOS,LAKE HURON,39,454846,-844515,64,35.89,2018-09-14 07:17:00,247,19.00,.00,,,0,99.330000,SAT 02,"OXYGEN,% SAT. DISSOLVED",PERCENT,45.81278,-84.75417
201802002,2019-02-19 21:09:31,CCGS LIMNOS,LAKE HURON,39,454846,-844515,64,35.89,2018-09-14 07:17:00,247,22.00,.00,,,0,101.530000,SAT 02,"OXYGEN,% SAT. DISSOLVED",PERCENT,45.81278,-84.75417
201802002,2019-02-19 21:09:31,CCGS LIMNOS,LAKE HURON,39,454846,-844515,64,35.89,2018-09-14 07:17:00,247,30.00,.00,,,0,96.290000,SAT 02,"OXYGEN,% SAT. DISSOLVED",PERCENT,45.81278,-84.75417
201802002,2019-02-19 21:09:31,CCGS LIMNOS,LAKE HURON,39,454846,-844515,64,35.89,2018-09-14 07:17:00,247,34.00,.00,,,0,95.440000,SAT 02,"OXYGEN,% SAT. DISSOLVED",PERCENT,45.81278,-84.75417
201802002,2019-02-19 21:09:31,CCGS LIMNOS,LAKE HURON,43,453102,-832500,54,118.94,2018-09-14 15:26:00,247,3.00,.00,,,0,106.710000,SAT 02,"OXYGEN,% SAT. DISSOLVED",PERCENT,45.51722,-83.41667
201802002,2019-02-19 21:09:31,CCGS LIMNOS,LAKE HURON,43,453102,-832500,54,118.94,2018-09-14 15:26:00,247,15.00,.00,,,0,99.900000,SAT 02,"OXYGEN,% SAT. DISSOLVED",PERCENT,45.51722,-83.41667
201802002,2019-02-19 21:09:31,CCGS LIMNOS,LAKE HURON,43,453102,-832500,54,118.94,2018-09-14 15:26:00,247,30.00,.00,,,0,89.440000,SAT 02,"OXYGEN,% SAT. DISSOLVED",PERCENT,45.51722,-83.41667
201802002,2019-02-19 21:09:31,CCGS LIMNOS,LAKE HURON,43,453102,-832500,54,118.94,2018-09-14 15:26:00,247,107.00,.00,,,0,87.190000,SAT 02,"OXYGEN,% SAT. DISSOLVED",PERCENT,45.51722,-83.41667
201802002,2019-02-19 21:09:31,CCGS LIMNOS,LAKE HURON,43,453102,-832500,54,118.94,2018-09-14 15:26:00,247,117.00,.00,,,0,87.730000,SAT 02,"OXYGEN,% SAT. DISSOLVED",PERCENT,45.51722,-83.41667
201802002,2019-02-19 21:09:31,CCGS LIMNOS,LAKE HURON,46,450059,-824110,44,164.4,2018-09-15 01:10:00,247,18.00,.00,,,0,100.230000,SAT 02,"OXYGEN,% SAT. DISSOLVED",PERCENT,45.01639,-82.68611
201802002,2019-02-19 21:09:31,CCGS LIMNOS,LAKE HURON,46,450059,-824110,44,164.4,2018-09-15 01:10:00,247,30.00,.00,,,0,98.420000,SAT 02,"OXYGEN,% SAT. DISSOLVED",PERCENT,45.01639,-82.68611
201802002,2019-02-19 21:09:31,CCGS LIMNOS,LAKE HURON,46,450059,-824110,44,164.4,2018-09-15 01:10:00,247,42.00,.00,,,0,88.590000,SAT 02,"OXYGEN,% SAT. DISSOLVED",PERCENT,45.01639,-82.68611
201802002,2019-02-19 21:09:31,CCGS LIMNOS,LAKE HURON,46,450059,-824110,44,164.4,2018-09-15 01:10:00,247,100.00,.00,,,0,85.150000,SAT 02,"OXYGEN,% SAT. DISSOLVED",PERCENT,45.01639,-82.68611
201802002,2019-02-19 21:09:31,CCGS LIMNOS,LAKE HURON,46,450059,-824110,44,164.4,2018-09-15 01:10:00,247,154.00,.00,,,0,87.050000,SAT 02,"OXYGEN,% SAT. DISSOLVED",PERCENT,45.01639,-82.68611
201802002,2019-02-19 21:09:31,CCGS LIMNOS,LAKE HURON,46,450059,-824110,44,164.4,2018-09-15 01:10:00,247,162.00,.00,,,0,84.040000,SAT 02,"OXYGEN,% SAT. DISSOLVED",PERCENT,45.01639,-82.68611
201802002,2019-02-19 21:09:31,CCGS LIMNOS,LAKE HURON,60,433800,-821300,9,58.92,2018-09-16 06:04:00,247,25.00,.00,,,0,115.260000,SAT 02,"OXYGEN,% SAT. DISSOLVED",PERCENT,43.63333,-82.21667
201802002,2019-02-19 21:09:31,CCGS LIMNOS,LAKE HURON,60,433800,-821300,9,58.92,2018-09-16 06:04:00,247,29.00,.00,,,0,97.490000,SAT 02,"OXYGEN,% SAT. DISSOLVED",PERCENT,43.63333,-82.21667
201802002,2019-02-19 21:09:31,CCGS LIMNOS,LAKE HURON,60,433800,-821300,9,58.92,2018-09-16 06:04:00,247,37.00,.00,,,0,92.210000,SAT 02,"OXYGEN,% SAT. DISSOLVED",PERCENT,43.63333,-82.21667
201802002,2019-02-19 21:09:31,CCGS LIMNOS,LAKE HURON,60,433800,-821300,9,58.92,2018-09-16 06:04:00,247,49.00,.00,,,0,90.000000,SAT 02,"OXYGEN,% SAT. DISSOLVED",PERCENT,43.63333,-82.21667
201802002,2019-02-19 21:09:31,CCGS LIMNOS,LAKE HURON,60,433800,-821300,9,58.92,2018-09-16 06:04:00,247,57.00,.00,,,0,94.520000,SAT 02,"OXYGEN,% SAT. DISSOLVED",PERCENT,43.63333,-82.21667
201802002,2019-02-19 21:09:31,CCGS LIMNOS,LAKE HURON,1,430524,-822330,1,10.34,2018-09-10 23:38:00,265,1.00,.00,0.01400000,,0,.123000,TF KJN,"TOTAL KJELDAHL NITROGEN,FILTERED",MG N/L,43.09000,-82.39167
201802002,2019-02-19 21:09:31,CCGS LIMNOS,LAKE HURON,1,430524,-822330,1,10.34,2018-09-10 23:38:00,265,8.00,.00,0.01400000,,0,.129000,TF KJN,"TOTAL KJELDAHL NITROGEN,FILTERED",MG N/L,43.09000,-82.39167
201802002,2019-02-19 21:09:31,CCGS LIMNOS,LAKE HURON,2,431524,-820219,3,14.91,2018-09-11 02:08:00,265,1.00,.00,0.01400000,,0,.121000,TF KJN,"TOTAL KJELDAHL NITROGEN,FILTERED",MG N/L,43.25667,-82.03861
201802002,2019-02-19 21:09:31,CCGS LIMNOS,LAKE HURON,3,431928,-814722,4,9.81,2018-09-11 03:45:00,265,1.00,.00,0.01400000,,0,.117000,TF KJN,"TOTAL KJELDAHL NITROGEN,FILTERED",MG N/L,43.32444,-81.78944
201802002,2019-02-19 21:09:31,CCGS LIMNOS,LAKE HURON,4,433252,-814440,5,11.12,2018-09-11 05:38:00,265,1.00,.00,0.01400000,,0,.126000,TF KJN,"TOTAL KJELDAHL NITROGEN,FILTERED",MG N/L,43.54778,-81.74444
201802002,2019-02-19 21:09:31,CCGS LIMNOS,LAKE HURON,5,434508,-814655,10,12.08,2018-09-11 07:16:00,265,1.00,.00,0.01400000,,0,.135000,TF KJN,"TOTAL KJELDAHL NITROGEN,FILTERED",MG N/L,43.75222,-81.78194
201802002,2019-02-19 21:09:31,CCGS LIMNOS,LAKE HURON,5,434508,-814655,10,12.08,2018-09-11 07:16:00,265,1.00,.00,0.01400000,,1,.319000,TF KJN,"TOTAL KJELDAHL NITROGEN,FILTERED",MG N/L,43.75222,-81.78194
201802002,2019-02-19 21:09:31,CCGS LIMNOS,LAKE HURON,6,435325,-820319,12,87.02,2018-09-11 09:19:00,265,1.00,.00,0.01400000,,0,.120000,TF KJN,"TOTAL KJELDAHL NITROGEN,FILTERED",MG N/L,43.89028,-82.05528
201802002,2019-02-19 21:09:31,CCGS LIMNOS,LAKE HURON,7,435722,-814711,11,9.94,2018-09-11 11:20:00,265,1.00,.00,0.01400000,,0,.129000,TF KJN,"TOTAL KJELDAHL NITROGEN,FILTERED",MG N/L,43.95611,-81.78639
201802002,2019-02-19 21:09:31,CCGS LIMNOS,LAKE HURON,8,442203,-815002,29,124.4,2018-09-11 14:35:00,265,1.00,.00,0.01400000,,0,.114000,TF KJN,"TOTAL KJELDAHL NITROGEN,FILTERED",MG N/L,44.36750,-81.83389
201802002,2019-02-19 21:09:31,CCGS LIMNOS,LAKE HURON,8,442203,-815002,29,124.4,2018-09-11 14:35:00,265,10.00,.00,0.01400000,,0,.118000,TF KJN,"TOTAL KJELDAHL NITROGEN,FILTERED",MG N/L,44.36750,-81.83389
201802002,2019-02-19 21:09:31,CCGS LIMNOS,LAKE HURON,8,442203,-815002,29,124.4,2018-09-11 14:35:00,265,14.00,.00,0.01400000,,0,.120000,TF KJN,"TOTAL KJELDAHL NITROGEN,FILTERED",MG N/L,44.36750,-81.83389
201802002,2019-02-19 21:09:31,CCGS LIMNOS,LAKE HURON,8,442203,-815002,29,124.4,2018-09-11 14:35:00,265,20.00,.00,0.01400000,,0,.117000,TF KJN,"TOTAL KJELDAHL NITROGEN,FILTERED",MG N/L,44.36750,-81.83389
201802002,2019-02-19 21:09:31,CCGS LIMNOS,LAKE HURON,8,442203,-815002,29,124.4,2018-09-11 14:35:00,265,114.00,.00,0.01400000,,0,.110000,TF KJN,"TOTAL KJELDAHL NITROGEN,FILTERED",MG N/L,44.36750,-81.83389
201802002,2019-02-19 21:09:31,CCGS LIMNOS,LAKE HURON,8,442203,-815002,29,124.4,2018-09-11 14:35:00,265,122.00,.00,0.01400000,,0,.108000,TF KJN,"TOTAL KJELDAHL NITROGEN,FILTERED",MG N/L,44.36750,-81.83389
201802002,2019-02-19 21:09:31,CCGS LIMNOS,LAKE HURON,9,442757,-812713,30,19.91,2018-09-11 16:57:00,265,1.00,.00,0.01400000,,0,.124000,TF KJN,"TOTAL KJELDAHL NITROGEN,FILTERED",MG N/L,44.46583,-81.45361
201802002,2019-02-19 21:09:31,CCGS LIMNOS,LAKE HURON,10,443920,-812240,39,25.46,2018-09-11 18:30:00,265,1.00,.00,0.01400000,,0,.128000,TF KJN,"TOTAL KJELDAHL NITROGEN,FILTERED",MG N/L,44.65556,-81.37778
201802002,2019-02-19 21:09:31,CCGS LIMNOS,LAKE HURON,10,443920,-812240,39,25.46,2018-09-11 18:30:00,265,1.00,.00,0.01400000,,1,.136000,TF KJN,"TOTAL KJELDAHL NITROGEN,FILTERED",MG N/L,44.65556,-81.37778
201802002,2019-02-19 21:09:31,CCGS LIMNOS,LAKE HURON,10,443920,-812240,39,25.46,2018-09-11 18:30:00,265,998.00,.00,0.01400000,,0,.015000,TF KJN,"TOTAL KJELDAHL NITROGEN,FILTERED",MG N/L,44.65556,-81.37778
201802002,2019-02-19 21:09:31,CCGS LIMNOS,LAKE HURON,10,443920,-812240,39,25.46,2018-09-11 18:30:00,265,999.00,.00,0.01400000,<,0,.014000,TF KJN,"TOTAL KJELDAHL NITROGEN,FILTERED",MG N/L,44.65556,-81.37778
201802002,2019-02-19 21:09:31,CCGS LIMNOS,LAKE HURON,11,445354,-812617,40,20.6,2018-09-11 21:16:00,265,1.00,.00,0.01400000,,0,.122000,TF KJN,"TOTAL KJELDAHL NITROGEN,FILTERED",MG N/L,44.89833,-81.43806
201802002,2019-02-19 21:09:31,CCGS LIMNOS,LAKE HURON,12,444425,-820324,38,134.62,2018-09-12 00:30:00,265,1.00,.00,0.01400000,,0,.115000,TF KJN,"TOTAL KJELDAHL NITROGEN,FILTERED",MG N/L,44.74028,-82.05667
201802002,2019-02-19 21:09:31,CCGS LIMNOS,LAKE HURON,13,450106,-815835,43,173.44,2018-09-12 03:39:00,265,1.00,.00,0.01400000,,0,.105000,TF KJN,"TOTAL KJELDAHL NITROGEN,FILTERED",MG N/L,45.01833,-81.97639
201802002,2019-02-19 21:09:31,CCGS LIMNOS,LAKE HURON,14,450459,-813213,41,21.37,2018-09-12 05:44:00,265,1.00,.00,0.01400000,,0,.119000,TF KJN,"TOTAL KJELDAHL NITROGEN,FILTERED",MG N/L,45.08306,-81.53694
201802002,2019-02-19 21:09:31,CCGS LIMNOS,LAKE HURON,15,451315,-814914,42,43.58,2018-09-12 07:39:00,265,1.00,.00,0.01400000,,0,.131000,TF KJN,"TOTAL KJELDAHL NITROGEN,FILTERED",MG N/L,45.22083,-81.82056
201802002,2019-02-19 21:09:31,CCGS LIMNOS,LAKE HURON,15,451315,-814914,42,43.58,2018-09-12 07:39:00,265,1.00,.00,0.01400000,,1,.117000,TF KJN,"TOTAL KJELDAHL NITROGEN,FILTERED",MG N/L,45.22083,-81.82056
201802002,2019-02-19 21:09:31,CCGS LIMNOS,LAKE HURON,16,451644,-822704,48,110.28,2018-09-12 10:54:00,265,1.00,.00,0.01400000,,0,.127000,TF KJN,"TOTAL KJELDAHL NITROGEN,FILTERED",MG N/L,45.27889,-82.45111
201802002,2019-02-19 21:09:31,CCGS LIMNOS,LAKE HURON,17,453209,-820244,50,26.19,2018-09-12 13:40:00,265,1.00,.00,0.01400000,,0,.121000,TF KJN,"TOTAL KJELDAHL NITROGEN,FILTERED",MG N/L,45.53583,-82.04556
201802002,2019-02-19 21:09:31,CCGS LIMNOS,LAKE HURON,18,453904,-823850,52,65.02,2018-09-12 17:13:00,265,1.00,.00,0.01400000,,0,.109000,TF KJN,"TOTAL KJELDAHL NITROGEN,FILTERED",MG N/L,45.65111,-82.64722
201802002,2019-02-19 21:09:31,CCGS LIMNOS,LAKE HURON,19,454559,-830141,59,17.98,2018-09-12 19:44:00,265,1.00,.00,0.01400000,,0,.146000,TF KJN,"TOTAL KJELDAHL NITROGEN,FILTERED",MG N/L,45.76639,-83.02806
201802002,2019-02-19 21:09:31,CCGS LIMNOS,LAKE HURON,20,455200,-831558,58,12.75,2018-09-12 21:24:00,265,1.00,.00,0.01400000,,0,.121000,TF KJN,"TOTAL KJELDAHL NITROGEN,FILTERED",MG N/L,45.86667,-83.26611
201802002,2019-02-19 21:09:31,CCGS LIMNOS,LAKE HURON,20,455200,-831558,58,12.75,2018-09-12 21:24:00,265,1.00,.00,0.01400000,,1,.129000,TF KJN,"TOTAL KJELDAHL NITROGEN,FILTERED",MG N/L,45.86667,-83.26611
201802002,2019-02-19 21:09:31,CCGS LIMNOS,LAKE HURON,20,455200,-831558,58,12.75,2018-09-12 21:24:00,265,998.00,.00,0.01400000,<,0,.014000,TF KJN,"TOTAL KJELDAHL NITROGEN,FILTERED",MG N/L,45.86667,-83.26611
201802002,2019-02-19 21:09:31,CCGS LIMNOS,LAKE HURON,20,455200,-831558,58,12.75,2018-09-12 21:24:00,265,999.00,.00,0.01400000,<,0,.014000,TF KJN,"TOTAL KJELDAHL NITROGEN,FILTERED",MG N/L,45.86667,-83.26611
201802002,2019-02-19 21:09:31,CCGS LIMNOS,LAKE HURON,21,455404,-833110,60,24.14,2018-09-12 23:15:00,265,1.00,.00,0.01400000,,0,.126000,TF KJN,"TOTAL KJELDAHL NITROGEN,FILTERED",MG N/L,45.90111,-83.51944
201802002,2019-02-19 21:09:31,CCGS LIMNOS,LAKE HURON,22,455959,-832600,76,58.38,2018-09-13 00:29:00,265,1.00,.00,0.01400000,,0,.127000,TF KJN,"TOTAL KJELDAHL NITROGEN,FILTERED",MG N/L,45.99972,-83.43333
201802002,2019-02-19 21:09:31,CCGS LIMNOS,LAKE HURON,23,455814,-831157,77,77.89,2018-09-13 01:46:00,265,1.00,.00,0.01400000,,0,.123000,TF KJN,"TOTAL KJELDAHL NITROGEN,FILTERED",MG N/L,45.97056,-83.19917
201802002,2019-02-19 21:09:31,CCGS LIMNOS,LAKE HURON,24,455612,-824534,82,28.12,2018-09-13 04:52:00,265,1.00,.00,0.01400000,,0,.146000,TF KJN,"TOTAL KJELDAHL NITROGEN,FILTERED",MG N/L,45.93667,-82.75944
201802002,2019-02-19 21:09:31,CCGS LIMNOS,LAKE HURON,25,455959,-823301,83,31.13,2018-09-13 06:16:00,265,1.00,.00,0.01400000,,0,.156000,TF KJN,"TOTAL KJELDAHL NITROGEN,FILTERED",MG N/L,45.99972,-82.55028
201802002,2019-02-19 21:09:31,CCGS LIMNOS,LAKE HURON,25,455959,-823301,83,31.13,2018-09-13 06:16:00,265,1.00,.00,0.01400000,,1,.166000,TF KJN,"TOTAL KJELDAHL NITROGEN,FILTERED",MG N/L,45.99972,-82.55028
201802002,2019-02-19 21:09:31,CCGS LIMNOS,LAKE HURON,26,460340,-821149,87,43.68,2018-09-13 08:08:00,265,1.00,.00,0.01400000,,0,.169000,TF KJN,"TOTAL KJELDAHL NITROGEN,FILTERED",MG N/L,46.06111,-82.19694
201802002,2019-02-19 21:09:31,CCGS LIMNOS,LAKE HURON,27,460319,-820000,88,35.75,2018-09-13 09:21:00,265,1.00,.00,0.01400000,,0,.160000,TF KJN,"TOTAL KJELDAHL NITROGEN,FILTERED",MG N/L,46.05528,-82.00000
201802002,2019-02-19 21:09:31,CCGS LIMNOS,LAKE HURON,28,455459,-820940,89,38.74,2018-09-13 11:07:00,265,1.00,.00,0.01400000,,0,.163000,TF KJN,"TOTAL KJELDAHL NITROGEN,FILTERED",MG N/L,45.91639,-82.16111
201802002,2019-02-19 21:09:31,CCGS LIMNOS,LAKE HURON,29,460630,-825048,84,35.65,2018-09-13 15:44:00,265,1.00,.00,0.01400000,,0,.134000,TF KJN,"TOTAL KJELDAHL NITROGEN,FILTERED",MG N/L,46.10833,-82.84667
201802002,2019-02-19 21:09:31,CCGS LIMNOS,LAKE HURON,29,460630,-825048,84,35.65,2018-09-13 15:44:00,265,12.00,.00,0.01400000,,0,.141000,TF KJN,"TOTAL KJELDAHL NITROGEN,FILTERED",MG N/L,46.10833,-82.84667
201802002,2019-02-19 21:09:31,CCGS LIMNOS,LAKE HURON,29,460630,-825048,84,35.65,2018-09-13 15:44:00,265,14.00,.00,0.01400000,,0,.129000,TF KJN,"TOTAL KJELDAHL NITROGEN,FILTERED",MG N/L,46.10833,-82.84667
201802002,2019-02-19 21:09:31,CCGS LIMNOS,LAKE HURON,29,460630,-825048,84,35.65,2018-09-13 15:44:00,265,16.00,.00,0.01400000,,0,.132000,TF KJN,"TOTAL KJELDAHL NITROGEN,FILTERED",MG N/L,46.10833,-82.84667
201802002,2019-02-19 21:09:31,CCGS LIMNOS,LAKE HURON,29,460630,-825048,84,35.65,2018-09-13 15:44:00,265,34.00,.00,0.01400000,,0,.113000,TF KJN,"TOTAL KJELDAHL NITROGEN,FILTERED",MG N/L,46.10833,-82.84667
201802002,2019-02-19 21:09:31,CCGS LIMNOS,LAKE HURON,30,460722,-825305,79,25.79,2018-09-13 15:58:00,265,1.00,.00,0.01400000,,0,.148000,TF KJN,"TOTAL KJELDAHL NITROGEN,FILTERED",MG N/L,46.12278,-82.88472
201802002,2019-02-19 21:09:31,CCGS LIMNOS,LAKE HURON,30,460722,-825305,79,25.79,2018-09-13 15:58:00,265,1.00,.00,0.01400000,,1,.142000,TF KJN,"TOTAL KJELDAHL NITROGEN,FILTERED",MG N/L,46.12278,-82.88472
201802002,2019-02-19 21:09:31,CCGS LIMNOS,LAKE HURON,30,460722,-825305,79,25.79,2018-09-13 15:58:00,265,12.00,.00,0.01400000,,0,.134000,TF KJN,"TOTAL KJELDAHL NITROGEN,FILTERED",MG N/L,46.12278,-82.88472
201802002,2019-02-19 21:09:31,CCGS LIMNOS,LAKE HURON,30,460722,-825305,79,25.79,2018-09-13 15:58:00,265,16.00,.00,0.01400000,,0,.139000,TF KJN,"TOTAL KJELDAHL NITROGEN,FILTERED",MG N/L,46.12278,-82.88472
201802002,2019-02-19 21:09:31,CCGS LIMNOS,LAKE HURON,30,460722,-825305,79,25.79,2018-09-13 15:58:00,265,24.00,.00,0.01400000,,0,.113000,TF KJN,"TOTAL KJELDAHL NITROGEN,FILTERED",MG N/L,46.12278,-82.88472
201802002,2019-02-19 21:09:31,CCGS LIMNOS,LAKE HURON,30,460722,-825305,79,25.79,2018-09-13 15:58:00,265,998.00,.00,0.01400000,<,0,.014000,TF KJN,"TOTAL KJELDAHL NITROGEN,FILTERED",MG N/L,46.12278,-82.88472
201802002,2019-02-19 21:09:31,CCGS LIMNOS,LAKE HURON,30,460722,-825305,79,25.79,2018-09-13 15:58:00,265,999.00,.00,0.01400000,<,0,.014000,TF KJN,"TOTAL KJELDAHL NITROGEN,FILTERED",MG N/L,46.12278,-82.88472
201802002,2019-02-19 21:09:31,CCGS LIMNOS,LAKE HURON,31,461112,-832116,73,18.83,2018-09-13 18:56:00,265,1.00,.00,0.01400000,,0,.125000,TF KJN,"TOTAL KJELDAHL NITROGEN,FILTERED",MG N/L,46.18667,-83.35444
201802002,2019-02-19 21:09:31,CCGS LIMNOS,LAKE HURON,32,461401,-834445,71,35.37,2018-09-13 20:51:00,265,1.00,.00,0.01400000,,0,.100000,TF KJN,"TOTAL KJELDAHL NITROGEN,FILTERED",MG N/L,46.23361,-83.74583
201802002,2019-02-19 21:09:31,CCGS LIMNOS,LAKE HURON,32,461401,-834445,71,35.37,2018-09-13 20:51:00,265,23.00,.00,0.01400000,,0,.119000,TF KJN,"TOTAL KJELDAHL NITROGEN,FILTERED",MG N/L,46.23361,-83.74583
201802002,2019-02-19 21:09:31,CCGS LIMNOS,LAKE HURON,32,461401,-834445,71,35.37,2018-09-13 20:51:00,265,27.00,.00,0.01400000,,0,.120000,TF KJN,"TOTAL KJELDAHL NITROGEN,FILTERED",MG N/L,46.23361,-83.74583
201802002,2019-02-19 21:09:31,CCGS LIMNOS,LAKE HURON,32,461401,-834445,71,35.37,2018-09-13 20:51:00,265,31.00,.00,0.01400000,,0,.123000,TF KJN,"TOTAL KJELDAHL NITROGEN,FILTERED",MG N/L,46.23361,-83.74583
201802002,2019-02-19 21:09:31,CCGS LIMNOS,LAKE HURON,32,461401,-834445,71,35.37,2018-09-13 20:51:00,265,33.00,.00,0.01400000,,0,.125000,TF KJN,"TOTAL KJELDAHL NITROGEN,FILTERED",MG N/L,46.23361,-83.74583
201802002,2019-02-19 21:09:31,CCGS LIMNOS,LAKE HURON,33,460813,-834020,70,21.61,2018-09-13 22:05:00,265,1.00,.00,0.01400000,,0,.123000,TF KJN,"TOTAL KJELDAHL NITROGEN,FILTERED",MG N/L,46.13694,-83.67222
201802002,2019-02-19 21:09:31,CCGS LIMNOS,LAKE HURON,34,460232,-835109,68,16.63,2018-09-13 23:31:00,265,1.00,.00,0.01400000,,0,.105000,TF KJN,"TOTAL KJELDAHL NITROGEN,FILTERED",MG N/L,46.04222,-83.85250
201802002,2019-02-19 21:09:31,CCGS LIMNOS,LAKE HURON,35,460440,-840138,69,10.72,2018-09-14 00:42:00,265,1.00,.00,0.01400000,,0,.111000,TF KJN,"TOTAL KJELDAHL NITROGEN,FILTERED",MG N/L,46.07778,-84.02722
201802002,2019-02-19 21:09:31,CCGS LIMNOS,LAKE HURON,35,460440,-840138,69,10.72,2018-09-14 00:42:00,265,1.00,.00,0.01400000,,1,.110000,TF KJN,"TOTAL KJELDAHL NITROGEN,FILTERED",MG N/L,46.07778,-84.02722
201802002,2019-02-19 21:09:31,CCGS LIMNOS,LAKE HURON,35,460440,-840138,69,10.72,2018-09-14 00:42:00,265,9.00,.00,0.01400000,,0,.104000,TF KJN,"TOTAL KJELDAHL NITROGEN,FILTERED",MG N/L,46.07778,-84.02722
201802002,2019-02-19 21:09:31,CCGS LIMNOS,LAKE HURON,36,455610,-835359,67,29.3,2018-09-14 02:17:00,265,1.00,.00,0.01400000,,0,.134000,TF KJN,"TOTAL KJELDAHL NITROGEN,FILTERED",MG N/L,45.93611,-83.89972
201802002,2019-02-19 21:09:31,CCGS LIMNOS,LAKE HURON,37,455151,-841743,66,67.4,2018-09-14 04:24:00,265,1.00,.00,0.01400000,,0,.127000,TF KJN,"TOTAL KJELDAHL NITROGEN,FILTERED",MG N/L,45.86417,-84.29528
201802002,2019-02-19 21:09:31,CCGS LIMNOS,LAKE HURON,38,455041,-843358,65,58.91,2018-09-14 06:01:00,265,1.00,.00,0.01400000,,0,.135000,TF KJN,"TOTAL KJELDAHL NITROGEN,FILTERED",MG N/L,45.84472,-84.56611
201802002,2019-02-19 21:09:31,CCGS LIMNOS,LAKE HURON,39,454846,-844515,64,35.89,2018-09-14 07:17:00,265,1.00,.00,0.01400000,,0,.139000,TF KJN,"TOTAL KJELDAHL NITROGEN,FILTERED",MG N/L,45.81278,-84.75417
201802002,2019-02-19 21:09:31,CCGS LIMNOS,LAKE HURON,39,454846,-844515,64,35.89,2018-09-14 07:17:00,265,19.00,.00,0.01400000,,0,.180000,TF KJN,"TOTAL KJELDAHL NITROGEN,FILTERED",MG N/L,45.81278,-84.75417
201802002,2019-02-19 21:09:31,CCGS LIMNOS,LAKE HURON,39,454846,-844515,64,35.89,2018-09-14 07:17:00,265,22.00,.00,0.01400000,,0,.151000,TF KJN,"TOTAL KJELDAHL NITROGEN,FILTERED",MG N/L,45.81278,-84.75417
201802002,2019-02-19 21:09:31,CCGS LIMNOS,LAKE HURON,39,454846,-844515,64,35.89,2018-09-14 07:17:00,265,30.00,.00,0.01400000,,0,.141000,TF KJN,"TOTAL KJELDAHL NITROGEN,FILTERED",MG N/L,45.81278,-84.75417
201802002,2019-02-19 21:09:31,CCGS LIMNOS,LAKE HURON,39,454846,-844515,64,35.89,2018-09-14 07:17:00,265,34.00,.00,0.01400000,,0,.159000,TF KJN,"TOTAL KJELDAHL NITROGEN,FILTERED",MG N/L,45.81278,-84.75417
201802002,2019-02-19 21:09:31,CCGS LIMNOS,LAKE HURON,40,454218,-843037,63,15.8,2018-09-14 09:01:00,265,1.00,.00,0.01400000,,0,.145000,TF KJN,"TOTAL KJELDAHL NITROGEN,FILTERED",MG N/L,45.70500,-84.51028
201802002,2019-02-19 21:09:31,CCGS LIMNOS,LAKE HURON,40,454218,-843037,63,15.8,2018-09-14 09:01:00,265,1.00,.00,0.01400000,,1,.130000,TF KJN,"TOTAL KJELDAHL NITROGEN,FILTERED",MG N/L,45.70500,-84.51028
201802002,2019-02-19 21:09:31,CCGS LIMNOS,LAKE HURON,40,454218,-843037,63,15.8,2018-09-14 09:01:00,265,998.00,.00,0.01400000,<,0,.014000,TF KJN,"TOTAL KJELDAHL NITROGEN,FILTERED",MG N/L,45.70500,-84.51028
201802002,2019-02-19 21:09:31,CCGS LIMNOS,LAKE HURON,40,454218,-843037,63,15.8,2018-09-14 09:01:00,265,999.00,.00,0.01400000,<,0,.014000,TF KJN,"TOTAL KJELDAHL NITROGEN,FILTERED",MG N/L,45.70500,-84.51028
201802002,2019-02-19 21:09:31,CCGS LIMNOS,LAKE HURON,41,454025,-841106,62,44.24,2018-09-14 11:05:00,265,1.00,.00,0.01400000,,0,.123000,TF KJN,"TOTAL KJELDAHL NITROGEN,FILTERED",MG N/L,45.67361,-84.18500
201802002,2019-02-19 21:09:31,CCGS LIMNOS,LAKE HURON,42,453102,-840501,56,21.54,2018-09-14 12:13:00,265,1.00,.00,0.01400000,,0,.146000,TF KJN,"TOTAL KJELDAHL NITROGEN,FILTERED",MG N/L,45.51722,-84.08361
201802002,2019-02-19 21:09:31,CCGS LIMNOS,LAKE HURON,43,453102,-832500,54,118.94,2018-09-14 15:26:00,265,1.00,.00,0.01400000,,0,.126000,TF KJN,"TOTAL KJELDAHL NITROGEN,FILTERED",MG N/L,45.51722,-83.41667
201802002,2019-02-19 21:09:31,CCGS LIMNOS,LAKE HURON,43,453102,-832500,54,118.94,2018-09-14 15:26:00,265,3.00,.00,0.01400000,,0,.123000,TF KJN,"TOTAL KJELDAHL NITROGEN,FILTERED",MG N/L,45.51722,-83.41667
201802002,2019-02-19 21:09:31,CCGS LIMNOS,LAKE HURON,43,453102,-832500,54,118.94,2018-09-14 15:26:00,265,15.00,.00,0.01400000,,0,.105000,TF KJN,"TOTAL KJELDAHL NITROGEN,FILTERED",MG N/L,45.51722,-83.41667
201802002,2019-02-19 21:09:31,CCGS LIMNOS,LAKE HURON,43,453102,-832500,54,118.94,2018-09-14 15:26:00,265,30.00,.00,0.01400000,,0,.105000,TF KJN,"TOTAL KJELDAHL NITROGEN,FILTERED",MG N/L,45.51722,-83.41667
201802002,2019-02-19 21:09:31,CCGS LIMNOS,LAKE HURON,43,453102,-832500,54,118.94,2018-09-14 15:26:00,265,107.00,.00,0.01400000,,0,.119000,TF KJN,"TOTAL KJELDAHL NITROGEN,FILTERED",MG N/L,45.51722,-83.41667
201802002,2019-02-19 21:09:31,CCGS LIMNOS,LAKE HURON,43,453102,-832500,54,118.94,2018-09-14 15:26:00,265,117.00,.00,0.01400000,,0,.103000,TF KJN,"TOTAL KJELDAHL NITROGEN,FILTERED",MG N/L,45.51722,-83.41667
201802002,2019-02-19 21:09:31,CCGS LIMNOS,LAKE HURON,44,451515,-832047,47,22.2,2018-09-14 18:07:00,265,1.00,.00,0.01400000,,0,.128000,TF KJN,"TOTAL KJELDAHL NITROGEN,FILTERED",MG N/L,45.25417,-83.34639
201802002,2019-02-19 21:09:31,CCGS LIMNOS,LAKE HURON,45,450228,-832233,36,8.8,2018-09-14 21:27:00,265,1.00,.00,0.01400000,,0,.145000,TF KJN,"TOTAL KJELDAHL NITROGEN,FILTERED",MG N/L,45.04111,-83.37583
201802002,2019-02-19 21:09:31,CCGS LIMNOS,LAKE HURON,45,450228,-832233,36,8.8,2018-09-14 21:27:00,265,1.00,.00,0.01400000,,1,.130000,TF KJN,"TOTAL KJELDAHL NITROGEN,FILTERED",MG N/L,45.04111,-83.37583
201802002,2019-02-19 21:09:31,CCGS LIMNOS,LAKE HURON,45,450228,-832233,36,8.8,2018-09-14 21:27:00,265,7.00,.00,0.01400000,,0,.135000,TF KJN,"TOTAL KJELDAHL NITROGEN,FILTERED",MG N/L,45.04111,-83.37583
201802002,2019-02-19 21:09:31,CCGS LIMNOS,LAKE HURON,46,450059,-824110,44,164.4,2018-09-15 01:10:00,265,1.00,.00,0.01400000,,0,.126000,TF KJN,"TOTAL KJELDAHL NITROGEN,FILTERED",MG N/L,45.01639,-82.68611
201802002,2019-02-19 21:09:31,CCGS LIMNOS,LAKE HURON,46,450059,-824110,44,164.4,2018-09-15 01:10:00,265,18.00,.00,0.01400000,,0,.137000,TF KJN,"TOTAL KJELDAHL NITROGEN,FILTERED",MG N/L,45.01639,-82.68611
201802002,2019-02-19 21:09:31,CCGS LIMNOS,LAKE HURON,46,450059,-824110,44,164.4,2018-09-15 01:10:00,265,30.00,.00,0.01400000,,0,.129000,TF KJN,"TOTAL KJELDAHL NITROGEN,FILTERED",MG N/L,45.01639,-82.68611
201802002,2019-02-19 21:09:31,CCGS LIMNOS,LAKE HURON,46,450059,-824110,44,164.4,2018-09-15 01:10:00,265,42.00,.00,0.01400000,,0,.122000,TF KJN,"TOTAL KJELDAHL NITROGEN,FILTERED",MG N/L,45.01639,-82.68611
201802002,2019-02-19 21:09:31,CCGS LIMNOS,LAKE HURON,46,450059,-824110,44,164.4,2018-09-15 01:10:00,265,100.00,.00,0.01400000,,0,.113000,TF KJN,"TOTAL KJELDAHL NITROGEN,FILTERED",MG N/L,45.01639,-82.68611
201802002,2019-02-19 21:09:31,CCGS LIMNOS,LAKE HURON,46,450059,-824110,44,164.4,2018-09-15 01:10:00,265,154.00,.00,0.01400000,,0,.121000,TF KJN,"TOTAL KJELDAHL NITROGEN,FILTERED",MG N/L,45.01639,-82.68611
201802002,2019-02-19 21:09:31,CCGS LIMNOS,LAKE HURON,46,450059,-824110,44,164.4,2018-09-15 01:10:00,265,162.00,.00,0.01400000,,0,.105000,TF KJN,"TOTAL KJELDAHL NITROGEN,FILTERED",MG N/L,45.01639,-82.68611
201802002,2019-02-19 21:09:31,CCGS LIMNOS,LAKE HURON,47,442958,-824952,33,72.14,2018-09-15 05:40:00,265,1.00,.00,0.01400000,,0,.124000,TF KJN,"TOTAL KJELDAHL NITROGEN,FILTERED",MG N/L,44.49944,-82.83111
201802002,2019-02-19 21:09:31,CCGS LIMNOS,LAKE HURON,48,441246,-832216,95,20.19,2018-09-15 09:12:00,265,1.00,.00,0.01400000,,0,.129000,TF KJN,"TOTAL KJELDAHL NITROGEN,FILTERED",MG N/L,44.21278,-83.37111
201802002,2019-02-19 21:09:31,CCGS LIMNOS,LAKE HURON,48,441246,-832216,95,20.19,2018-09-15 09:12:00,265,16.50,.00,0.01400000,,0,.139000,TF KJN,"TOTAL KJELDAHL NITROGEN,FILTERED",MG N/L,44.21278,-83.37111
201802002,2019-02-19 21:09:31,CCGS LIMNOS,LAKE HURON,48,441246,-832216,95,20.19,2018-09-15 09:12:00,265,18.00,.00,0.01400000,,0,.150000,TF KJN,"TOTAL KJELDAHL NITROGEN,FILTERED",MG N/L,44.21278,-83.37111
201802002,2019-02-19 21:09:31,CCGS LIMNOS,LAKE HURON,49,440653,-833141,97,10.88,2018-09-15 10:39:00,265,1.00,.00,0.01400000,,0,.179000,TF KJN,"TOTAL KJELDAHL NITROGEN,FILTERED",MG N/L,44.11472,-83.52806
201802002,2019-02-19 21:09:31,CCGS LIMNOS,LAKE HURON,50,435835,-833432,98,10.97,2018-09-15 12:00:00,265,1.00,.00,0.01400000,,0,.203000,TF KJN,"TOTAL KJELDAHL NITROGEN,FILTERED",MG N/L,43.97639,-83.57556
201802002,2019-02-19 21:09:31,CCGS LIMNOS,LAKE HURON,50,435835,-833432,98,10.97,2018-09-15 12:00:00,265,1.00,.00,0.01400000,,1,.192000,TF KJN,"TOTAL KJELDAHL NITROGEN,FILTERED",MG N/L,43.97639,-83.57556
201802002,2019-02-19 21:09:31,CCGS LIMNOS,LAKE HURON,50,435835,-833432,98,10.97,2018-09-15 12:00:00,265,998.00,.00,0.01400000,<,0,.014000,TF KJN,"TOTAL KJELDAHL NITROGEN,FILTERED",MG N/L,43.97639,-83.57556
201802002,2019-02-19 21:09:31,CCGS LIMNOS,LAKE HURON,50,435835,-833432,98,10.97,2018-09-15 12:00:00,265,999.00,.00,0.01400000,<,0,.014000,TF KJN,"TOTAL KJELDAHL NITROGEN,FILTERED",MG N/L,43.97639,-83.57556
201802002,2019-02-19 21:09:31,CCGS LIMNOS,LAKE HURON,51,435431,-834430,99,7.32,2018-09-15 13:15:00,265,1.00,.00,0.01400000,,0,.233000,TF KJN,"TOTAL KJELDAHL NITROGEN,FILTERED",MG N/L,43.90861,-83.74167
201802002,2019-02-19 21:09:31,CCGS LIMNOS,LAKE HURON,52,434930,-834901,100,7.02,2018-09-15 14:06:00,265,1.00,.00,0.01400000,,0,.199000,TF KJN,"TOTAL KJELDAHL NITROGEN,FILTERED",MG N/L,43.82500,-83.81694
201802002,2019-02-19 21:09:31,CCGS LIMNOS,LAKE HURON,52,434930,-834901,100,7.02,2018-09-15 14:06:00,265,5.00,.00,0.01400000,,0,.208000,TF KJN,"TOTAL KJELDAHL NITROGEN,FILTERED",MG N/L,43.82500,-83.81694
201802002,2019-02-19 21:09:31,CCGS LIMNOS,LAKE HURON,53,434914,-833733,101,6.11,2018-09-15 15:22:00,265,1.00,.00,0.01400000,,0,.211000,TF KJN,"TOTAL KJELDAHL NITROGEN,FILTERED",MG N/L,43.82056,-83.62583
201802002,2019-02-19 21:09:31,CCGS LIMNOS,LAKE HURON,54,440735,-831019,96,29.29,2018-09-15 19:16:00,265,1.00,.00,0.01400000,,0,.128000,TF KJN,"TOTAL KJELDAHL NITROGEN,FILTERED",MG N/L,44.12639,-83.17194
201802002,2019-02-19 21:09:31,CCGS LIMNOS,LAKE HURON,55,441257,-830504,20,45.7,2018-09-15 20:13:00,265,1.00,.00,0.01400000,,0,.118000,TF KJN,"TOTAL KJELDAHL NITROGEN,FILTERED",MG N/L,44.21583,-83.08444
201802002,2019-02-19 21:09:31,CCGS LIMNOS,LAKE HURON,55,441257,-830504,20,45.7,2018-09-15 20:13:00,265,1.00,.00,0.01400000,,1,.111000,TF KJN,"TOTAL KJELDAHL NITROGEN,FILTERED",MG N/L,44.21583,-83.08444
201802002,2019-02-19 21:09:31,CCGS LIMNOS,LAKE HURON,56,440602,-825202,17,14.94,2018-09-15 21:56:00,265,1.00,.00,0.01400000,,0,.118000,TF KJN,"TOTAL KJELDAHL NITROGEN,FILTERED",MG N/L,44.10056,-82.86722
201802002,2019-02-19 21:09:31,CCGS LIMNOS,LAKE HURON,56,440602,-825202,17,14.94,2018-09-15 21:56:00,265,13.00,.00,0.01400000,,0,.127000,TF KJN,"TOTAL KJELDAHL NITROGEN,FILTERED",MG N/L,44.10056,-82.86722
201802002,2019-02-19 21:09:31,CCGS LIMNOS,LAKE HURON,57,441154,-823014,27,55.22,2018-09-16 00:02:00,265,1.00,.00,0.01400000,,0,.110000,TF KJN,"TOTAL KJELDAHL NITROGEN,FILTERED",MG N/L,44.19833,-82.50389
201802002,2019-02-19 21:09:31,CCGS LIMNOS,LAKE HURON,58,435632,-823956,14,13.16,2018-09-16 02:26:00,265,1.00,.00,0.01400000,,0,.125000,TF KJN,"TOTAL KJELDAHL NITROGEN,FILTERED",MG N/L,43.94222,-82.66556
201802002,2019-02-19 21:09:31,CCGS LIMNOS,LAKE HURON,58,435632,-823956,14,13.16,2018-09-16 02:26:00,265,11.00,.00,0.01400000,,0,.128000,TF KJN,"TOTAL KJELDAHL NITROGEN,FILTERED",MG N/L,43.94222,-82.66556
201802002,2019-02-19 21:09:31,CCGS LIMNOS,LAKE HURON,59,434511,-823408,13,16.56,2018-09-16 04:02:00,265,1.00,.00,0.01400000,,0,.145000,TF KJN,"TOTAL KJELDAHL NITROGEN,FILTERED",MG N/L,43.75306,-82.56889
201802002,2019-02-19 21:09:31,CCGS LIMNOS,LAKE HURON,60,433800,-821300,9,58.92,2018-09-16 06:04:00,265,1.00,.00,0.01400000,,0,.105000,TF KJN,"TOTAL KJELDAHL NITROGEN,FILTERED",MG N/L,43.63333,-82.21667
201802002,2019-02-19 21:09:31,CCGS LIMNOS,LAKE HURON,60,433800,-821300,9,58.92,2018-09-16 06:04:00,265,1.00,.00,0.01400000,,1,.121000,TF KJN,"TOTAL KJELDAHL NITROGEN,FILTERED",MG N/L,43.63333,-82.21667
201802002,2019-02-19 21:09:31,CCGS LIMNOS,LAKE HURON,60,433800,-821300,9,58.92,2018-09-16 06:04:00,265,25.00,.00,0.01400000,,0,.108000,TF KJN,"TOTAL KJELDAHL NITROGEN,FILTERED",MG N/L,43.63333,-82.21667
201802002,2019-02-19 21:09:31,CCGS LIMNOS,LAKE HURON,60,433800,-821300,9,58.92,2018-09-16 06:04:00,265,29.00,.00,0.01400000,,0,.107000,TF KJN,"TOTAL KJELDAHL NITROGEN,FILTERED",MG N/L,43.63333,-82.21667
201802002,2019-02-19 21:09:31,CCGS LIMNOS,LAKE HURON,60,433800,-821300,9,58.92,2018-09-16 06:04:00,265,37.00,.00,0.01400000,,0,.127000,TF KJN,"TOTAL KJELDAHL NITROGEN,FILTERED",MG N/L,43.63333,-82.21667
201802002,2019-02-19 21:09:31,CCGS LIMNOS,LAKE HURON,60,433800,-821300,9,58.92,2018-09-16 06:04:00,265,49.00,.00,0.01400000,,0,.113000,TF KJN,"TOTAL KJELDAHL NITROGEN,FILTERED",MG N/L,43.63333,-82.21667
201802002,2019-02-19 21:09:31,CCGS LIMNOS,LAKE HURON,60,433800,-821300,9,58.92,2018-09-16 06:04:00,265,57.00,.00,0.01400000,,0,.115000,TF KJN,"TOTAL KJELDAHL NITROGEN,FILTERED",MG N/L,43.63333,-82.21667
201802002,2019-02-19 21:09:31,CCGS LIMNOS,LAKE HURON,60,433800,-821300,9,58.92,2018-09-16 06:04:00,265,998.00,.00,0.01400000,<,0,.014000,TF KJN,"TOTAL KJELDAHL NITROGEN,FILTERED",MG N/L,43.63333,-82.21667
201802002,2019-02-19 21:09:31,CCGS LIMNOS,LAKE HURON,60,433800,-821300,9,58.92,2018-09-16 06:04:00,265,999.00,.00,0.01400000,<,0,.014000,TF KJN,"TOTAL KJELDAHL NITROGEN,FILTERED",MG N/L,43.63333,-82.21667
201802002,2019-02-19 21:09:31,CCGS LIMNOS,LAKE HURON,61,433358,-822903,8,29.67,2018-09-16 08:09:00,265,1.00,.00,0.01400000,,0,.121000,TF KJN,"TOTAL KJELDAHL NITROGEN,FILTERED",MG N/L,43.56611,-82.48417
201802002,2019-02-19 21:09:31,CCGS LIMNOS,LAKE HURON,62,432031,-823022,7,10.72,2018-09-16 09:45:00,265,1.00,.00,0.01400000,,0,.109000,TF KJN,"TOTAL KJELDAHL NITROGEN,FILTERED",MG N/L,43.34194,-82.50611
201802002,2019-02-19 21:09:31,CCGS LIMNOS,LAKE HURON,1,430524,-822330,1,10.34,2018-09-10 23:38:00,267,.00,8.00,0.00030000,,0,.015000,I-N,"NITROGEN,TOTAL PARTICULATE - INTEGRATED",MG N/L,43.09000,-82.39167
201802002,2019-02-19 21:09:31,CCGS LIMNOS,LAKE HURON,1,430524,-822330,1,10.34,2018-09-10 23:38:00,267,.00,8.00,0.00030000,,1,.013000,I-N,"NITROGEN,TOTAL PARTICULATE - INTEGRATED",MG N/L,43.09000,-82.39167
201802002,2019-02-19 21:09:31,CCGS LIMNOS,LAKE HURON,2,431524,-820219,3,14.91,2018-09-11 02:08:00,267,.00,13.00,0.00030000,,0,.019000,I-N,"NITROGEN,TOTAL PARTICULATE - INTEGRATED",MG N/L,43.25667,-82.03861
201802002,2019-02-19 21:09:31,CCGS LIMNOS,LAKE HURON,3,431928,-814722,4,9.81,2018-09-11 03:45:00,267,.00,8.00,0.00030000,,0,.023000,I-N,"NITROGEN,TOTAL PARTICULATE - INTEGRATED",MG N/L,43.32444,-81.78944
201802002,2019-02-19 21:09:31,CCGS LIMNOS,LAKE HURON,4,433252,-814440,5,11.12,2018-09-11 05:38:00,267,.00,9.00,0.00020000,,0,.018000,I-N,"NITROGEN,TOTAL PARTICULATE - INTEGRATED",MG N/L,43.54778,-81.74444
201802002,2019-02-19 21:09:31,CCGS LIMNOS,LAKE HURON,5,434508,-814655,10,12.08,2018-09-11 07:16:00,267,.00,10.00,0.00020000,,0,.018000,I-N,"NITROGEN,TOTAL PARTICULATE - INTEGRATED",MG N/L,43.75222,-81.78194
201802002,2019-02-19 21:09:31,CCGS LIMNOS,LAKE HURON,5,434508,-814655,10,12.08,2018-09-11 07:16:00,267,.00,10.00,0.00020000,,1,.017000,I-N,"NITROGEN,TOTAL PARTICULATE - INTEGRATED",MG N/L,43.75222,-81.78194
201802002,2019-02-19 21:09:31,CCGS LIMNOS,LAKE HURON,6,435325,-820319,12,87.02,2018-09-11 09:19:00,267,.00,20.00,0.00020000,,0,.015000,I-N,"NITROGEN,TOTAL PARTICULATE - INTEGRATED",MG N/L,43.89028,-82.05528
201802002,2019-02-19 21:09:31,CCGS LIMNOS,LAKE HURON,7,435722,-814711,11,9.94,2018-09-11 11:20:00,267,.00,8.00,0.00030000,,0,.018000,I-N,"NITROGEN,TOTAL PARTICULATE - INTEGRATED",MG N/L,43.95611,-81.78639
201802002,2019-02-19 21:09:31,CCGS LIMNOS,LAKE HURON,8,442203,-815002,29,124.4,2018-09-11 14:35:00,267,.00,20.00,0.00030000,,0,.021000,I-N,"NITROGEN,TOTAL PARTICULATE - INTEGRATED",MG N/L,44.36750,-81.83389
201802002,2019-02-19 21:09:31,CCGS LIMNOS,LAKE HURON,9,442757,-812713,30,19.91,2018-09-11 16:57:00,267,.00,18.00,0.00020000,,0,.017000,I-N,"NITROGEN,TOTAL PARTICULATE - INTEGRATED",MG N/L,44.46583,-81.45361
201802002,2019-02-19 21:09:31,CCGS LIMNOS,LAKE HURON,10,443920,-812240,39,25.46,2018-09-11 18:30:00,267,.00,20.00,0.00020000,,0,.014000,I-N,"NITROGEN,TOTAL PARTICULATE - INTEGRATED",MG N/L,44.65556,-81.37778
201802002,2019-02-19 21:09:31,CCGS LIMNOS,LAKE HURON,10,443920,-812240,39,25.46,2018-09-11 18:30:00,267,.00,20.00,0.00020000,,1,.012000,I-N,"NITROGEN,TOTAL PARTICULATE - INTEGRATED",MG N/L,44.65556,-81.37778
201802002,2019-02-19 21:09:31,CCGS LIMNOS,LAKE HURON,11,445354,-812617,40,20.6,2018-09-11 21:16:00,267,.00,18.00,0.00020000,,0,.020000,I-N,"NITROGEN,TOTAL PARTICULATE - INTEGRATED",MG N/L,44.89833,-81.43806
201802002,2019-02-19 21:09:31,CCGS LIMNOS,LAKE HURON,12,444425,-820324,38,134.62,2018-09-12 00:30:00,267,.00,20.00,0.00020000,,0,.016000,I-N,"NITROGEN,TOTAL PARTICULATE - INTEGRATED",MG N/L,44.74028,-82.05667
201802002,2019-02-19 21:09:31,CCGS LIMNOS,LAKE HURON,13,450106,-815835,43,173.44,2018-09-12 03:39:00,267,.00,20.00,0.00020000,,0,.235000,I-N,"NITROGEN,TOTAL PARTICULATE - INTEGRATED",MG N/L,45.01833,-81.97639
201802002,2019-02-19 21:09:31,CCGS LIMNOS,LAKE HURON,14,450459,-813213,41,21.37,2018-09-12 05:44:00,267,.00,20.00,0.00030000,,0,.016000,I-N,"NITROGEN,TOTAL PARTICULATE - INTEGRATED",MG N/L,45.08306,-81.53694
201802002,2019-02-19 21:09:31,CCGS LIMNOS,LAKE HURON,15,451315,-814914,42,43.58,2018-09-12 07:39:00,267,.00,20.00,0.00030000,,0,.018000,I-N,"NITROGEN,TOTAL PARTICULATE - INTEGRATED",MG N/L,45.22083,-81.82056
201802002,2019-02-19 21:09:31,CCGS LIMNOS,LAKE HURON,15,451315,-814914,42,43.58,2018-09-12 07:39:00,267,.00,20.00,0.00030000,,1,.018000,I-N,"NITROGEN,TOTAL PARTICULATE - INTEGRATED",MG N/L,45.22083,-81.82056
201802002,2019-02-19 21:09:31,CCGS LIMNOS,LAKE HURON,16,451644,-822704,48,110.28,2018-09-12 10:54:00,267,.00,20.00,0.00020000,,0,.016000,I-N,"NITROGEN,TOTAL PARTICULATE - INTEGRATED",MG N/L,45.27889,-82.45111
201802002,2019-02-19 21:09:31,CCGS LIMNOS,LAKE HURON,17,453209,-820244,50,26.19,2018-09-12 13:40:00,267,.00,20.00,0.00020000,,0,.015000,I-N,"NITROGEN,TOTAL PARTICULATE - INTEGRATED",MG N/L,45.53583,-82.04556
201802002,2019-02-19 21:09:31,CCGS LIMNOS,LAKE HURON,18,453904,-823850,52,65.02,2018-09-12 17:13:00,267,.00,20.00,0.00020000,,0,.016000,I-N,"NITROGEN,TOTAL PARTICULATE - INTEGRATED",MG N/L,45.65111,-82.64722
201802002,2019-02-19 21:09:31,CCGS LIMNOS,LAKE HURON,19,454559,-830141,59,17.98,2018-09-12 19:44:00,267,.00,16.00,0.00020000,,0,.015000,I-N,"NITROGEN,TOTAL PARTICULATE - INTEGRATED",MG N/L,45.76639,-83.02806
201802002,2019-02-19 21:09:31,CCGS LIMNOS,LAKE HURON,20,455200,-831558,58,12.75,2018-09-12 21:24:00,267,.00,11.00,0.00020000,,0,.018000,I-N,"NITROGEN,TOTAL PARTICULATE - INTEGRATED",MG N/L,45.86667,-83.26611
201802002,2019-02-19 21:09:31,CCGS LIMNOS,LAKE HURON,20,455200,-831558,58,12.75,2018-09-12 21:24:00,267,.00,11.00,0.00020000,,1,.018000,I-N,"NITROGEN,TOTAL PARTICULATE - INTEGRATED",MG N/L,45.86667,-83.26611
201802002,2019-02-19 21:09:31,CCGS LIMNOS,LAKE HURON,21,455404,-833110,60,24.14,2018-09-12 23:15:00,267,.00,20.00,0.00020000,,0,.019000,I-N,"NITROGEN,TOTAL PARTICULATE - INTEGRATED",MG N/L,45.90111,-83.51944
201802002,2019-02-19 21:09:31,CCGS LIMNOS,LAKE HURON,22,455959,-832600,76,58.38,2018-09-13 00:29:00,267,.00,20.00,0.00020000,,0,.029000,I-N,"NITROGEN,TOTAL PARTICULATE - INTEGRATED",MG N/L,45.99972,-83.43333
201802002,2019-02-19 21:09:31,CCGS LIMNOS,LAKE HURON,23,455814,-831157,77,77.89,2018-09-13 01:46:00,267,.00,20.00,0.00020000,,0,.027000,I-N,"NITROGEN,TOTAL PARTICULATE - INTEGRATED",MG N/L,45.97056,-83.19917
201802002,2019-02-19 21:09:31,CCGS LIMNOS,LAKE HURON,24,455612,-824534,82,28.12,2018-09-13 04:52:00,267,.00,20.00,0.00100000,,0,.048000,I-N,"NITROGEN,TOTAL PARTICULATE - INTEGRATED",MG N/L,45.93667,-82.75944
201802002,2019-02-19 21:09:31,CCGS LIMNOS,LAKE HURON,25,455959,-823301,83,31.13,2018-09-13 06:16:00,267,.00,20.00,0.00050000,,0,.030000,I-N,"NITROGEN,TOTAL PARTICULATE - INTEGRATED",MG N/L,45.99972,-82.55028
201802002,2019-02-19 21:09:31,CCGS LIMNOS,LAKE HURON,25,455959,-823301,83,31.13,2018-09-13 06:16:00,267,.00,20.00,0.00050000,,1,.030000,I-N,"NITROGEN,TOTAL PARTICULATE - INTEGRATED",MG N/L,45.99972,-82.55028
201802002,2019-02-19 21:09:31,CCGS LIMNOS,LAKE HURON,26,460340,-821149,87,43.68,2018-09-13 08:08:00,267,.00,20.00,0.00040000,,0,.037000,I-N,"NITROGEN,TOTAL PARTICULATE - INTEGRATED",MG N/L,46.06111,-82.19694
201802002,2019-02-19 21:09:31,CCGS LIMNOS,LAKE HURON,27,460319,-820000,88,35.75,2018-09-13 09:21:00,267,.00,20.00,0.00030000,,0,.031000,I-N,"NITROGEN,TOTAL PARTICULATE - INTEGRATED",MG N/L,46.05528,-82.00000
201802002,2019-02-19 21:09:31,CCGS LIMNOS,LAKE HURON,28,455459,-820940,89,38.74,2018-09-13 11:07:00,267,.00,20.00,0.00040000,,0,.030000,I-N,"NITROGEN,TOTAL PARTICULATE - INTEGRATED",MG N/L,45.91639,-82.16111
201802002,2019-02-19 21:09:31,CCGS LIMNOS,LAKE HURON,29,460630,-825048,84,35.65,2018-09-13 15:44:00,267,.00,20.00,0.00020000,,0,.031000,I-N,"NITROGEN,TOTAL PARTICULATE - INTEGRATED",MG N/L,46.10833,-82.84667
201802002,2019-02-19 21:09:31,CCGS LIMNOS,LAKE HURON,30,460722,-825305,79,25.79,2018-09-13 15:58:00,267,.00,1.00,0.00040000,,0,.045000,I-N,"NITROGEN,TOTAL PARTICULATE - INTEGRATED",MG N/L,46.12278,-82.88472
201802002,2019-02-19 21:09:31,CCGS LIMNOS,LAKE HURON,30,460722,-825305,79,25.79,2018-09-13 15:58:00,267,.00,12.00,0.00030000,,0,.024000,I-N,"NITROGEN,TOTAL PARTICULATE - INTEGRATED",MG N/L,46.12278,-82.88472
201802002,2019-02-19 21:09:31,CCGS LIMNOS,LAKE HURON,30,460722,-825305,79,25.79,2018-09-13 15:58:00,267,.00,16.00,0.00020000,,0,.016000,I-N,"NITROGEN,TOTAL PARTICULATE - INTEGRATED",MG N/L,46.12278,-82.88472
201802002,2019-02-19 21:09:31,CCGS LIMNOS,LAKE HURON,30,460722,-825305,79,25.79,2018-09-13 15:58:00,267,.00,20.00,0.00040000,,0,.029000,I-N,"NITROGEN,TOTAL PARTICULATE - INTEGRATED",MG N/L,46.12278,-82.88472
201802002,2019-02-19 21:09:31,CCGS LIMNOS,LAKE HURON,30,460722,-825305,79,25.79,2018-09-13 15:58:00,267,.00,20.00,0.00040000,,1,.033000,I-N,"NITROGEN,TOTAL PARTICULATE - INTEGRATED",MG N/L,46.12278,-82.88472
201802002,2019-02-19 21:09:31,CCGS LIMNOS,LAKE HURON,30,460722,-825305,79,25.79,2018-09-13 15:58:00,267,.00,24.00,0.00020000,,0,.017000,I-N,"NITROGEN,TOTAL PARTICULATE - INTEGRATED",MG N/L,46.12278,-82.88472
201802002,2019-02-19 21:09:31,CCGS LIMNOS,LAKE HURON,31,461112,-832116,73,18.83,2018-09-13 18:56:00,267,.00,16.50,0.00040000,,0,.031000,I-N,"NITROGEN,TOTAL PARTICULATE - INTEGRATED",MG N/L,46.18667,-83.35444
201802002,2019-02-19 21:09:31,CCGS LIMNOS,LAKE HURON,32,461401,-834445,71,35.37,2018-09-13 20:51:00,267,.00,20.00,0.00030000,,0,.030000,I-N,"NITROGEN,TOTAL PARTICULATE - INTEGRATED",MG N/L,46.23361,-83.74583
201802002,2019-02-19 21:09:31,CCGS LIMNOS,LAKE HURON,33,460813,-834020,70,21.61,2018-09-13 22:05:00,267,.00,20.00,0.00030000,,0,.035000,I-N,"NITROGEN,TOTAL PARTICULATE - INTEGRATED",MG N/L,46.13694,-83.67222
201802002,2019-02-19 21:09:31,CCGS LIMNOS,LAKE HURON,34,460232,-835109,68,16.63,2018-09-13 23:31:00,267,.00,15.00,0.00030000,,0,.040000,I-N,"NITROGEN,TOTAL PARTICULATE - INTEGRATED",MG N/L,46.04222,-83.85250
201802002,2019-02-19 21:09:31,CCGS LIMNOS,LAKE HURON,35,460440,-840138,69,10.72,2018-09-14 00:42:00,267,.00,9.00,0.00040000,,0,.042000,I-N,"NITROGEN,TOTAL PARTICULATE - INTEGRATED",MG N/L,46.07778,-84.02722
201802002,2019-02-19 21:09:31,CCGS LIMNOS,LAKE HURON,35,460440,-840138,69,10.72,2018-09-14 00:42:00,267,.00,9.00,0.00040000,,1,.037000,I-N,"NITROGEN,TOTAL PARTICULATE - INTEGRATED",MG N/L,46.07778,-84.02722
201802002,2019-02-19 21:09:31,CCGS LIMNOS,LAKE HURON,36,455610,-835359,67,29.3,2018-09-14 02:17:00,267,.00,20.00,0.00030000,,0,.031000,I-N,"NITROGEN,TOTAL PARTICULATE - INTEGRATED",MG N/L,45.93611,-83.89972
201802002,2019-02-19 21:09:31,CCGS LIMNOS,LAKE HURON,37,455151,-841743,66,67.4,2018-09-14 04:24:00,267,.00,20.00,0.00020000,,0,.023000,I-N,"NITROGEN,TOTAL PARTICULATE - INTEGRATED",MG N/L,45.86417,-84.29528
201802002,2019-02-19 21:09:31,CCGS LIMNOS,LAKE HURON,38,455041,-843358,65,58.91,2018-09-14 06:01:00,267,.00,20.00,0.00020000,,0,.020000,I-N,"NITROGEN,TOTAL PARTICULATE - INTEGRATED",MG N/L,45.84472,-84.56611
201802002,2019-02-19 21:09:31,CCGS LIMNOS,LAKE HURON,39,454846,-844515,64,35.89,2018-09-14 07:17:00,267,.00,20.00,0.00020000,,0,.018000,I-N,"NITROGEN,TOTAL PARTICULATE - INTEGRATED",MG N/L,45.81278,-84.75417
201802002,2019-02-19 21:09:31,CCGS LIMNOS,LAKE HURON,40,454218,-843037,63,15.8,2018-09-14 09:01:00,267,.00,13.50,0.00020000,,0,.026000,I-N,"NITROGEN,TOTAL PARTICULATE - INTEGRATED",MG N/L,45.70500,-84.51028
201802002,2019-02-19 21:09:31,CCGS LIMNOS,LAKE HURON,40,454218,-843037,63,15.8,2018-09-14 09:01:00,267,.00,13.50,0.00020000,,1,.026000,I-N,"NITROGEN,TOTAL PARTICULATE - INTEGRATED",MG N/L,45.70500,-84.51028
201802002,2019-02-19 21:09:31,CCGS LIMNOS,LAKE HURON,41,454025,-841106,62,44.24,2018-09-14 11:05:00,267,.00,20.00,0.00020000,,0,.019000,I-N,"NITROGEN,TOTAL PARTICULATE - INTEGRATED",MG N/L,45.67361,-84.18500
201802002,2019-02-19 21:09:31,CCGS LIMNOS,LAKE HURON,42,453102,-840501,56,21.54,2018-09-14 12:13:00,267,.00,20.00,0.00020000,,0,.021000,I-N,"NITROGEN,TOTAL PARTICULATE - INTEGRATED",MG N/L,45.51722,-84.08361
201802002,2019-02-19 21:09:31,CCGS LIMNOS,LAKE HURON,43,453102,-832500,54,118.94,2018-09-14 15:26:00,267,.00,20.00,0.00020000,,0,.029000,I-N,"NITROGEN,TOTAL PARTICULATE - INTEGRATED",MG N/L,45.51722,-83.41667
201802002,2019-02-19 21:09:31,CCGS LIMNOS,LAKE HURON,44,451515,-832047,47,22.2,2018-09-14 18:07:00,267,.00,20.00,0.00020000,,0,.023000,I-N,"NITROGEN,TOTAL PARTICULATE - INTEGRATED",MG N/L,45.25417,-83.34639
201802002,2019-02-19 21:09:31,CCGS LIMNOS,LAKE HURON,45,450228,-832233,36,8.8,2018-09-14 21:27:00,267,.00,7.00,0.00020000,,0,.020000,I-N,"NITROGEN,TOTAL PARTICULATE - INTEGRATED",MG N/L,45.04111,-83.37583
201802002,2019-02-19 21:09:31,CCGS LIMNOS,LAKE HURON,45,450228,-832233,36,8.8,2018-09-14 21:27:00,267,.00,7.00,0.00020000,,1,.027000,I-N,"NITROGEN,TOTAL PARTICULATE - INTEGRATED",MG N/L,45.04111,-83.37583
201802002,2019-02-19 21:09:31,CCGS LIMNOS,LAKE HURON,46,450059,-824110,44,164.4,2018-09-15 01:10:00,267,.00,20.00,0.00020000,,0,.027000,I-N,"NITROGEN,TOTAL PARTICULATE - INTEGRATED",MG N/L,45.01639,-82.68611
201802002,2019-02-19 21:09:31,CCGS LIMNOS,LAKE HURON,47,442958,-824952,33,72.14,2018-09-15 05:40:00,267,.00,20.00,0.00030000,,0,.027000,I-N,"NITROGEN,TOTAL PARTICULATE - INTEGRATED",MG N/L,44.49944,-82.83111
201802002,2019-02-19 21:09:31,CCGS LIMNOS,LAKE HURON,48,441246,-832216,95,20.19,2018-09-15 09:12:00,267,.00,18.00,0.00020000,,0,.021000,I-N,"NITROGEN,TOTAL PARTICULATE - INTEGRATED",MG N/L,44.21278,-83.37111
201802002,2019-02-19 21:09:31,CCGS LIMNOS,LAKE HURON,49,440653,-833141,97,10.88,2018-09-15 10:39:00,267,.00,9.00,0.00050000,,0,.115000,I-N,"NITROGEN,TOTAL PARTICULATE - INTEGRATED",MG N/L,44.11472,-83.52806
201802002,2019-02-19 21:09:31,CCGS LIMNOS,LAKE HURON,50,435835,-833432,98,10.97,2018-09-15 12:00:00,267,.00,9.00,0.00040000,,0,.123000,I-N,"NITROGEN,TOTAL PARTICULATE - INTEGRATED",MG N/L,43.97639,-83.57556
201802002,2019-02-19 21:09:31,CCGS LIMNOS,LAKE HURON,50,435835,-833432,98,10.97,2018-09-15 12:00:00,267,.00,9.00,0.00050000,,1,.123000,I-N,"NITROGEN,TOTAL PARTICULATE - INTEGRATED",MG N/L,43.97639,-83.57556
201802002,2019-02-19 21:09:31,CCGS LIMNOS,LAKE HURON,51,435431,-834430,99,7.32,2018-09-15 13:15:00,267,.00,5.50,0.00050000,,0,.146000,I-N,"NITROGEN,TOTAL PARTICULATE - INTEGRATED",MG N/L,43.90861,-83.74167
201802002,2019-02-19 21:09:31,CCGS LIMNOS,LAKE HURON,52,434930,-834901,100,7.02,2018-09-15 14:06:00,267,.00,5.00,0.00040000,,0,.114000,I-N,"NITROGEN,TOTAL PARTICULATE - INTEGRATED",MG N/L,43.82500,-83.81694
201802002,2019-02-19 21:09:31,CCGS LIMNOS,LAKE HURON,53,434914,-833733,101,6.11,2018-09-15 15:22:00,267,.00,4.00,0.00060000,,0,.200000,I-N,"NITROGEN,TOTAL PARTICULATE - INTEGRATED",MG N/L,43.82056,-83.62583
201802002,2019-02-19 21:09:31,CCGS LIMNOS,LAKE HURON,54,440735,-831019,96,29.29,2018-09-15 19:16:00,267,.00,20.00,0.00020000,,0,.017000,I-N,"NITROGEN,TOTAL PARTICULATE - INTEGRATED",MG N/L,44.12639,-83.17194
201802002,2019-02-19 21:09:31,CCGS LIMNOS,LAKE HURON,55,441257,-830504,20,45.7,2018-09-15 20:13:00,267,.00,20.00,0.00020000,,0,.022000,I-N,"NITROGEN,TOTAL PARTICULATE - INTEGRATED",MG N/L,44.21583,-83.08444
201802002,2019-02-19 21:09:31,CCGS LIMNOS,LAKE HURON,55,441257,-830504,20,45.7,2018-09-15 20:13:00,267,.00,20.00,0.00020000,,1,.020000,I-N,"NITROGEN,TOTAL PARTICULATE - INTEGRATED",MG N/L,44.21583,-83.08444
201802002,2019-02-19 21:09:31,CCGS LIMNOS,LAKE HURON,56,440602,-825202,17,14.94,2018-09-15 21:56:00,267,.00,13.00,0.00020000,,0,.024000,I-N,"NITROGEN,TOTAL PARTICULATE - INTEGRATED",MG N/L,44.10056,-82.86722
201802002,2019-02-19 21:09:31,CCGS LIMNOS,LAKE HURON,57,441154,-823014,27,55.22,2018-09-16 00:02:00,267,.00,20.00,0.00020000,,0,.023000,I-N,"NITROGEN,TOTAL PARTICULATE - INTEGRATED",MG N/L,44.19833,-82.50389
201802002,2019-02-19 21:09:31,CCGS LIMNOS,LAKE HURON,58,435632,-823956,14,13.16,2018-09-16 02:26:00,267,.00,11.00,0.00020000,,0,.027000,I-N,"NITROGEN,TOTAL PARTICULATE - INTEGRATED",MG N/L,43.94222,-82.66556
201802002,2019-02-19 21:09:31,CCGS LIMNOS,LAKE HURON,59,434511,-823408,13,16.56,2018-09-16 04:02:00,267,.00,15.00,0.00020000,,0,.018000,I-N,"NITROGEN,TOTAL PARTICULATE - INTEGRATED",MG N/L,43.75306,-82.56889
201802002,2019-02-19 21:09:31,CCGS LIMNOS,LAKE HURON,60,433800,-821300,9,58.92,2018-09-16 06:04:00,267,.00,20.00,0.00020000,,0,.012000,I-N,"NITROGEN,TOTAL PARTICULATE - INTEGRATED",MG N/L,43.63333,-82.21667
201802002,2019-02-19 21:09:31,CCGS LIMNOS,LAKE HURON,60,433800,-821300,9,58.92,2018-09-16 06:04:00,267,.00,20.00,0.00020000,,1,.014000,I-N,"NITROGEN,TOTAL PARTICULATE - INTEGRATED",MG N/L,43.63333,-82.21667
201802002,2019-02-19 21:09:31,CCGS LIMNOS,LAKE HURON,61,433358,-822903,8,29.67,2018-09-16 08:09:00,267,.00,20.00,0.00020000,,0,.016000,I-N,"NITROGEN,TOTAL PARTICULATE - INTEGRATED",MG N/L,43.56611,-82.48417
201802002,2019-02-19 21:09:31,CCGS LIMNOS,LAKE HURON,62,432031,-823022,7,10.72,2018-09-16 09:45:00,267,.00,8.50,0.00200000,,0,.174000,I-N,"NITROGEN,TOTAL PARTICULATE - INTEGRATED",MG N/L,43.34194,-82.50611
201802002,2019-02-19 21:09:31,CCGS LIMNOS,LAKE HURON,1,430524,-822330,1,10.34,2018-09-10 23:38:00,268,1.00,.00,0.00030000,,0,.019000,N TP,"NITROGEN,TOTAL PARTICULATE",MG N/L,43.09000,-82.39167
201802002,2019-02-19 21:09:31,CCGS LIMNOS,LAKE HURON,1,430524,-822330,1,10.34,2018-09-10 23:38:00,268,1.00,.00,0.00030000,,1,.014000,N TP,"NITROGEN,TOTAL PARTICULATE",MG N/L,43.09000,-82.39167
201802002,2019-02-19 21:09:31,CCGS LIMNOS,LAKE HURON,1,430524,-822330,1,10.34,2018-09-10 23:38:00,268,8.00,.00,0.00030000,,0,.017000,N TP,"NITROGEN,TOTAL PARTICULATE",MG N/L,43.09000,-82.39167
201802002,2019-02-19 21:09:31,CCGS LIMNOS,LAKE HURON,1,430524,-822330,1,10.34,2018-09-10 23:38:00,268,998.00,.00,0.00030000,,0,.006000,N TP,"NITROGEN,TOTAL PARTICULATE",MG N/L,43.09000,-82.39167
201802002,2019-02-19 21:09:31,CCGS LIMNOS,LAKE HURON,8,442203,-815002,29,124.4,2018-09-11 14:35:00,268,1.00,.00,0.00030000,,0,.013000,N TP,"NITROGEN,TOTAL PARTICULATE",MG N/L,44.36750,-81.83389
201802002,2019-02-19 21:09:31,CCGS LIMNOS,LAKE HURON,8,442203,-815002,29,124.4,2018-09-11 14:35:00,268,10.00,.00,0.00030000,,0,.015000,N TP,"NITROGEN,TOTAL PARTICULATE",MG N/L,44.36750,-81.83389
201802002,2019-02-19 21:09:31,CCGS LIMNOS,LAKE HURON,8,442203,-815002,29,124.4,2018-09-11 14:35:00,268,14.00,.00,0.00030000,,0,.023000,N TP,"NITROGEN,TOTAL PARTICULATE",MG N/L,44.36750,-81.83389
201802002,2019-02-19 21:09:31,CCGS LIMNOS,LAKE HURON,8,442203,-815002,29,124.4,2018-09-11 14:35:00,268,20.00,.00,0.00030000,,0,.026000,N TP,"NITROGEN,TOTAL PARTICULATE",MG N/L,44.36750,-81.83389
201802002,2019-02-19 21:09:31,CCGS LIMNOS,LAKE HURON,8,442203,-815002,29,124.4,2018-09-11 14:35:00,268,114.00,.00,0.00030000,,0,.008000,N TP,"NITROGEN,TOTAL PARTICULATE",MG N/L,44.36750,-81.83389
201802002,2019-02-19 21:09:31,CCGS LIMNOS,LAKE HURON,8,442203,-815002,29,124.4,2018-09-11 14:35:00,268,122.00,.00,0.00030000,,0,.009000,N TP,"NITROGEN,TOTAL PARTICULATE",MG N/L,44.36750,-81.83389
201802002,2019-02-19 21:09:31,CCGS LIMNOS,LAKE HURON,10,443920,-812240,39,25.46,2018-09-11 18:30:00,268,998.00,.00,0.00020000,,0,.004000,N TP,"NITROGEN,TOTAL PARTICULATE",MG N/L,44.65556,-81.37778
201802002,2019-02-19 21:09:31,CCGS LIMNOS,LAKE HURON,20,455200,-831558,58,12.75,2018-09-12 21:24:00,268,998.00,.00,0.00020000,,0,.007000,N TP,"NITROGEN,TOTAL PARTICULATE",MG N/L,45.86667,-83.26611
201802002,2019-02-19 21:09:31,CCGS LIMNOS,LAKE HURON,30,460722,-825305,79,25.79,2018-09-13 15:58:00,268,998.00,.00,0.00020000,,0,.004000,N TP,"NITROGEN,TOTAL PARTICULATE",MG N/L,46.12278,-82.88472
201802002,2019-02-19 21:09:31,CCGS LIMNOS,LAKE HURON,40,454218,-843037,63,15.8,2018-09-14 09:01:00,268,998.00,.00,0.00020000,,0,.000600,N TP,"NITROGEN,TOTAL PARTICULATE",MG N/L,45.70500,-84.51028
201802002,2019-02-19 21:09:31,CCGS LIMNOS,LAKE HURON,43,453102,-832500,54,118.94,2018-09-14 15:26:00,268,1.00,.00,0.00020000,,0,.024000,N TP,"NITROGEN,TOTAL PARTICULATE",MG N/L,45.51722,-83.41667
201802002,2019-02-19 21:09:31,CCGS LIMNOS,LAKE HURON,43,453102,-832500,54,118.94,2018-09-14 15:26:00,268,3.00,.00,0.00040000,,0,.028000,N TP,"NITROGEN,TOTAL PARTICULATE",MG N/L,45.51722,-83.41667
201802002,2019-02-19 21:09:31,CCGS LIMNOS,LAKE HURON,43,453102,-832500,54,118.94,2018-09-14 15:26:00,268,15.00,.00,0.00040000,,0,.027000,N TP,"NITROGEN,TOTAL PARTICULATE",MG N/L,45.51722,-83.41667
201802002,2019-02-19 21:09:31,CCGS LIMNOS,LAKE HURON,43,453102,-832500,54,118.94,2018-09-14 15:26:00,268,30.00,.00,0.00020000,,0,.016000,N TP,"NITROGEN,TOTAL PARTICULATE",MG N/L,45.51722,-83.41667
201802002,2019-02-19 21:09:31,CCGS LIMNOS,LAKE HURON,43,453102,-832500,54,118.94,2018-09-14 15:26:00,268,107.00,.00,0.00020000,,0,.007000,N TP,"NITROGEN,TOTAL PARTICULATE",MG N/L,45.51722,-83.41667
201802002,2019-02-19 21:09:31,CCGS LIMNOS,LAKE HURON,43,453102,-832500,54,118.94,2018-09-14 15:26:00,268,117.00,.00,0.00020000,,0,.007000,N TP,"NITROGEN,TOTAL PARTICULATE",MG N/L,45.51722,-83.41667
201802002,2019-02-19 21:09:31,CCGS LIMNOS,LAKE HURON,46,450059,-824110,44,164.4,2018-09-15 01:10:00,268,1.00,.00,0.00020000,,0,.023000,N TP,"NITROGEN,TOTAL PARTICULATE",MG N/L,45.01639,-82.68611
201802002,2019-02-19 21:09:31,CCGS LIMNOS,LAKE HURON,46,450059,-824110,44,164.4,2018-09-15 01:10:00,268,1.00,.00,0.00020000,,1,.022000,N TP,"NITROGEN,TOTAL PARTICULATE",MG N/L,45.01639,-82.68611
201802002,2019-02-19 21:09:31,CCGS LIMNOS,LAKE HURON,46,450059,-824110,44,164.4,2018-09-15 01:10:00,268,18.00,.00,0.00020000,,0,.028000,N TP,"NITROGEN,TOTAL PARTICULATE",MG N/L,45.01639,-82.68611
201802002,2019-02-19 21:09:31,CCGS LIMNOS,LAKE HURON,46,450059,-824110,44,164.4,2018-09-15 01:10:00,268,30.00,.00,0.00020000,,0,.026000,N TP,"NITROGEN,TOTAL PARTICULATE",MG N/L,45.01639,-82.68611
201802002,2019-02-19 21:09:31,CCGS LIMNOS,LAKE HURON,46,450059,-824110,44,164.4,2018-09-15 01:10:00,268,42.00,.00,0.00020000,,0,.016000,N TP,"NITROGEN,TOTAL PARTICULATE",MG N/L,45.01639,-82.68611
201802002,2019-02-19 21:09:31,CCGS LIMNOS,LAKE HURON,46,450059,-824110,44,164.4,2018-09-15 01:10:00,268,100.00,.00,0.00020000,,0,.009000,N TP,"NITROGEN,TOTAL PARTICULATE",MG N/L,45.01639,-82.68611
201802002,2019-02-19 21:09:31,CCGS LIMNOS,LAKE HURON,46,450059,-824110,44,164.4,2018-09-15 01:10:00,268,154.00,.00,0.00020000,,0,.008000,N TP,"NITROGEN,TOTAL PARTICULATE",MG N/L,45.01639,-82.68611
201802002,2019-02-19 21:09:31,CCGS LIMNOS,LAKE HURON,46,450059,-824110,44,164.4,2018-09-15 01:10:00,268,162.00,.00,0.00020000,,0,.008000,N TP,"NITROGEN,TOTAL PARTICULATE",MG N/L,45.01639,-82.68611
201802002,2019-02-19 21:09:31,CCGS LIMNOS,LAKE HURON,48,441246,-832216,95,20.19,2018-09-15 09:12:00,268,1.00,.00,0.00020000,,0,.014000,N TP,"NITROGEN,TOTAL PARTICULATE",MG N/L,44.21278,-83.37111
201802002,2019-02-19 21:09:31,CCGS LIMNOS,LAKE HURON,48,441246,-832216,95,20.19,2018-09-15 09:12:00,268,16.50,.00,0.00020000,,0,.015000,N TP,"NITROGEN,TOTAL PARTICULATE",MG N/L,44.21278,-83.37111
201802002,2019-02-19 21:09:31,CCGS LIMNOS,LAKE HURON,48,441246,-832216,95,20.19,2018-09-15 09:12:00,268,18.00,.00,0.00020000,,0,.017000,N TP,"NITROGEN,TOTAL PARTICULATE",MG N/L,44.21278,-83.37111
201802002,2019-02-19 21:09:31,CCGS LIMNOS,LAKE HURON,50,435835,-833432,98,10.97,2018-09-15 12:00:00,268,998.00,.00,0.00040000,,0,.006000,N TP,"NITROGEN,TOTAL PARTICULATE",MG N/L,43.97639,-83.57556
201802002,2019-02-19 21:09:31,CCGS LIMNOS,LAKE HURON,60,433800,-821300,9,58.92,2018-09-16 06:04:00,268,998.00,.00,0.00020000,,0,.004000,N TP,"NITROGEN,TOTAL PARTICULATE",MG N/L,43.63333,-82.21667
201802002,2019-02-19 21:09:31,CCGS LIMNOS,LAKE HURON,1,430524,-822330,1,10.34,2018-09-10 23:38:00,438,1.00,.00,0.00500000,,0,.292000,NO3NO2 F,"NITRATE+NITRITE NITROGEN, FILTERED",MG N/L,43.09000,-82.39167
201802002,2019-02-19 21:09:31,CCGS LIMNOS,LAKE HURON,1,430524,-822330,1,10.34,2018-09-10 23:38:00,438,8.00,.00,0.00500000,,0,.288000,NO3NO2 F,"NITRATE+NITRITE NITROGEN, FILTERED",MG N/L,43.09000,-82.39167
201802002,2019-02-19 21:09:31,CCGS LIMNOS,LAKE HURON,2,431524,-820219,3,14.91,2018-09-11 02:08:00,438,1.00,.00,0.00500000,,0,.286000,NO3NO2 F,"NITRATE+NITRITE NITROGEN, FILTERED",MG N/L,43.25667,-82.03861
201802002,2019-02-19 21:09:31,CCGS LIMNOS,LAKE HURON,3,431928,-814722,4,9.81,2018-09-11 03:45:00,438,1.00,.00,0.00500000,,0,.269000,NO3NO2 F,"NITRATE+NITRITE NITROGEN, FILTERED",MG N/L,43.32444,-81.78944
201802002,2019-02-19 21:09:31,CCGS LIMNOS,LAKE HURON,4,433252,-814440,5,11.12,2018-09-11 05:38:00,438,1.00,.00,0.00500000,,0,.278000,NO3NO2 F,"NITRATE+NITRITE NITROGEN, FILTERED",MG N/L,43.54778,-81.74444
201802002,2019-02-19 21:09:31,CCGS LIMNOS,LAKE HURON,5,434508,-814655,10,12.08,2018-09-11 07:16:00,438,1.00,.00,0.00500000,,0,.289000,NO3NO2 F,"NITRATE+NITRITE NITROGEN, FILTERED",MG N/L,43.75222,-81.78194
201802002,2019-02-19 21:09:31,CCGS LIMNOS,LAKE HURON,5,434508,-814655,10,12.08,2018-09-11 07:16:00,438,1.00,.00,0.00500000,,1,.291000,NO3NO2 F,"NITRATE+NITRITE NITROGEN, FILTERED",MG N/L,43.75222,-81.78194
201802002,2019-02-19 21:09:31,CCGS LIMNOS,LAKE HURON,6,435325,-820319,12,87.02,2018-09-11 09:19:00,438,1.00,.00,0.00500000,,0,.297000,NO3NO2 F,"NITRATE+NITRITE NITROGEN, FILTERED",MG N/L,43.89028,-82.05528
201802002,2019-02-19 21:09:31,CCGS LIMNOS,LAKE HURON,7,435722,-814711,11,9.94,2018-09-11 11:20:00,438,1.00,.00,0.00500000,,0,.295000,NO3NO2 F,"NITRATE+NITRITE NITROGEN, FILTERED",MG N/L,43.95611,-81.78639
201802002,2019-02-19 21:09:31,CCGS LIMNOS,LAKE HURON,8,442203,-815002,29,124.4,2018-09-11 14:35:00,438,1.00,.00,0.00500000,,0,.290000,NO3NO2 F,"NITRATE+NITRITE NITROGEN, FILTERED",MG N/L,44.36750,-81.83389
201802002,2019-02-19 21:09:31,CCGS LIMNOS,LAKE HURON,8,442203,-815002,29,124.4,2018-09-11 14:35:00,438,10.00,.00,0.00500000,,0,.288000,NO3NO2 F,"NITRATE+NITRITE NITROGEN, FILTERED",MG N/L,44.36750,-81.83389
201802002,2019-02-19 21:09:31,CCGS LIMNOS,LAKE HURON,8,442203,-815002,29,124.4,2018-09-11 14:35:00,438,14.00,.00,0.00500000,,0,.289000,NO3NO2 F,"NITRATE+NITRITE NITROGEN, FILTERED",MG N/L,44.36750,-81.83389
201802002,2019-02-19 21:09:31,CCGS LIMNOS,LAKE HURON,8,442203,-815002,29,124.4,2018-09-11 14:35:00,438,20.00,.00,0.00500000,,0,.294000,NO3NO2 F,"NITRATE+NITRITE NITROGEN, FILTERED",MG N/L,44.36750,-81.83389
201802002,2019-02-19 21:09:31,CCGS LIMNOS,LAKE HURON,8,442203,-815002,29,124.4,2018-09-11 14:35:00,438,114.00,.00,0.00500000,,0,.323000,NO3NO2 F,"NITRATE+NITRITE NITROGEN, FILTERED",MG N/L,44.36750,-81.83389
201802002,2019-02-19 21:09:31,CCGS LIMNOS,LAKE HURON,8,442203,-815002,29,124.4,2018-09-11 14:35:00,438,122.00,.00,0.00500000,,0,.324000,NO3NO2 F,"NITRATE+NITRITE NITROGEN, FILTERED",MG N/L,44.36750,-81.83389
201802002,2019-02-19 21:09:31,CCGS LIMNOS,LAKE HURON,9,442757,-812713,30,19.91,2018-09-11 16:57:00,438,1.00,.00,0.00500000,,0,.286000,NO3NO2 F,"NITRATE+NITRITE NITROGEN, FILTERED",MG N/L,44.46583,-81.45361
201802002,2019-02-19 21:09:31,CCGS LIMNOS,LAKE HURON,10,443920,-812240,39,25.46,2018-09-11 18:30:00,438,1.00,.00,0.00500000,,0,.268000,NO3NO2 F,"NITRATE+NITRITE NITROGEN, FILTERED",MG N/L,44.65556,-81.37778
201802002,2019-02-19 21:09:31,CCGS LIMNOS,LAKE HURON,10,443920,-812240,39,25.46,2018-09-11 18:30:00,438,1.00,.00,0.00500000,,1,.266000,NO3NO2 F,"NITRATE+NITRITE NITROGEN, FILTERED",MG N/L,44.65556,-81.37778
201802002,2019-02-19 21:09:31,CCGS LIMNOS,LAKE HURON,10,443920,-812240,39,25.46,2018-09-11 18:30:00,438,998.00,.00,0.00500000,,0,.007000,NO3NO2 F,"NITRATE+NITRITE NITROGEN, FILTERED",MG N/L,44.65556,-81.37778
201802002,2019-02-19 21:09:31,CCGS LIMNOS,LAKE HURON,10,443920,-812240,39,25.46,2018-09-11 18:30:00,438,999.00,.00,0.00500000,,0,.005000,NO3NO2 F,"NITRATE+NITRITE NITROGEN, FILTERED",MG N/L,44.65556,-81.37778
201802002,2019-02-19 21:09:31,CCGS LIMNOS,LAKE HURON,11,445354,-812617,40,20.6,2018-09-11 21:16:00,438,1.00,.00,0.00500000,,0,.281000,NO3NO2 F,"NITRATE+NITRITE NITROGEN, FILTERED",MG N/L,44.89833,-81.43806
201802002,2019-02-19 21:09:31,CCGS LIMNOS,LAKE HURON,12,444425,-820324,38,134.62,2018-09-12 00:30:00,438,1.00,.00,0.00500000,,0,.289000,NO3NO2 F,"NITRATE+NITRITE NITROGEN, FILTERED",MG N/L,44.74028,-82.05667
201802002,2019-02-19 21:09:31,CCGS LIMNOS,LAKE HURON,13,450106,-815835,43,173.44,2018-09-12 03:39:00,438,1.00,.00,0.00500000,,0,.286000,NO3NO2 F,"NITRATE+NITRITE NITROGEN, FILTERED",MG N/L,45.01833,-81.97639
201802002,2019-02-19 21:09:31,CCGS LIMNOS,LAKE HURON,14,450459,-813213,41,21.37,2018-09-12 05:44:00,438,1.00,.00,0.00500000,,0,.279000,NO3NO2 F,"NITRATE+NITRITE NITROGEN, FILTERED",MG N/L,45.08306,-81.53694
201802002,2019-02-19 21:09:31,CCGS LIMNOS,LAKE HURON,15,451315,-814914,42,43.58,2018-09-12 07:39:00,438,1.00,.00,0.00500000,,0,.279000,NO3NO2 F,"NITRATE+NITRITE NITROGEN, FILTERED",MG N/L,45.22083,-81.82056
201802002,2019-02-19 21:09:31,CCGS LIMNOS,LAKE HURON,15,451315,-814914,42,43.58,2018-09-12 07:39:00,438,1.00,.00,0.00500000,,1,.280000,NO3NO2 F,"NITRATE+NITRITE NITROGEN, FILTERED",MG N/L,45.22083,-81.82056
201802002,2019-02-19 21:09:31,CCGS LIMNOS,LAKE HURON,16,451644,-822704,48,110.28,2018-09-12 10:54:00,438,1.00,.00,0.00500000,,0,.252000,NO3NO2 F,"NITRATE+NITRITE NITROGEN, FILTERED",MG N/L,45.27889,-82.45111
201802002,2019-02-19 21:09:31,CCGS LIMNOS,LAKE HURON,17,453209,-820244,50,26.19,2018-09-12 13:40:00,438,1.00,.00,0.00500000,,0,.269000,NO3NO2 F,"NITRATE+NITRITE NITROGEN, FILTERED",MG N/L,45.53583,-82.04556
201802002,2019-02-19 21:09:31,CCGS LIMNOS,LAKE HURON,18,453904,-823850,52,65.02,2018-09-12 17:13:00,438,1.00,.00,0.00500000,,0,.281000,NO3NO2 F,"NITRATE+NITRITE NITROGEN, FILTERED",MG N/L,45.65111,-82.64722
201802002,2019-02-19 21:09:31,CCGS LIMNOS,LAKE HURON,19,454559,-830141,59,17.98,2018-09-12 19:44:00,438,1.00,.00,0.00500000,,0,.277000,NO3NO2 F,"NITRATE+NITRITE NITROGEN, FILTERED",MG N/L,45.76639,-83.02806
201802002,2019-02-19 21:09:31,CCGS LIMNOS,LAKE HURON,20,455200,-831558,58,12.75,2018-09-12 21:24:00,438,1.00,.00,0.00500000,,0,.274000,NO3NO2 F,"NITRATE+NITRITE NITROGEN, FILTERED",MG N/L,45.86667,-83.26611
201802002,2019-02-19 21:09:31,CCGS LIMNOS,LAKE HURON,20,455200,-831558,58,12.75,2018-09-12 21:24:00,438,1.00,.00,0.00500000,,1,.271000,NO3NO2 F,"NITRATE+NITRITE NITROGEN, FILTERED",MG N/L,45.86667,-83.26611
201802002,2019-02-19 21:09:31,CCGS LIMNOS,LAKE HURON,20,455200,-831558,58,12.75,2018-09-12 21:24:00,438,998.00,.00,0.00500000,,0,.006000,NO3NO2 F,"NITRATE+NITRITE NITROGEN, FILTERED",MG N/L,45.86667,-83.26611
201802002,2019-02-19 21:09:31,CCGS LIMNOS,LAKE HURON,20,455200,-831558,58,12.75,2018-09-12 21:24:00,438,999.00,.00,0.00500000,,0,.006000,NO3NO2 F,"NITRATE+NITRITE NITROGEN, FILTERED",MG N/L,45.86667,-83.26611
201802002,2019-02-19 21:09:31,CCGS LIMNOS,LAKE HURON,21,455404,-833110,60,24.14,2018-09-12 23:15:00,438,1.00,.00,0.00500000,,0,.263000,NO3NO2 F,"NITRATE+NITRITE NITROGEN, FILTERED",MG N/L,45.90111,-83.51944
201802002,2019-02-19 21:09:31,CCGS LIMNOS,LAKE HURON,22,455959,-832600,76,58.38,2018-09-13 00:29:00,438,1.00,.00,0.00500000,,0,.244000,NO3NO2 F,"NITRATE+NITRITE NITROGEN, FILTERED",MG N/L,45.99972,-83.43333
201802002,2019-02-19 21:09:31,CCGS LIMNOS,LAKE HURON,23,455814,-831157,77,77.89,2018-09-13 01:46:00,438,1.00,.00,0.00500000,,0,.253000,NO3NO2 F,"NITRATE+NITRITE NITROGEN, FILTERED",MG N/L,45.97056,-83.19917
201802002,2019-02-19 21:09:31,CCGS LIMNOS,LAKE HURON,24,455612,-824534,82,28.12,2018-09-13 04:52:00,438,1.00,.00,0.00500000,,0,.153000,NO3NO2 F,"NITRATE+NITRITE NITROGEN, FILTERED",MG N/L,45.93667,-82.75944
201802002,2019-02-19 21:09:31,CCGS LIMNOS,LAKE HURON,25,455959,-823301,83,31.13,2018-09-13 06:16:00,438,1.00,.00,0.00500000,,0,.128000,NO3NO2 F,"NITRATE+NITRITE NITROGEN, FILTERED",MG N/L,45.99972,-82.55028
201802002,2019-02-19 21:09:31,CCGS LIMNOS,LAKE HURON,25,455959,-823301,83,31.13,2018-09-13 06:16:00,438,1.00,.00,0.00500000,,1,.129000,NO3NO2 F,"NITRATE+NITRITE NITROGEN, FILTERED",MG N/L,45.99972,-82.55028
201802002,2019-02-19 21:09:31,CCGS LIMNOS,LAKE HURON,26,460340,-821149,87,43.68,2018-09-13 08:08:00,438,1.00,.00,0.00500000,,0,.105000,NO3NO2 F,"NITRATE+NITRITE NITROGEN, FILTERED",MG N/L,46.06111,-82.19694
201802002,2019-02-19 21:09:31,CCGS LIMNOS,LAKE HURON,27,460319,-820000,88,35.75,2018-09-13 09:21:00,438,1.00,.00,0.00500000,,0,.081000,NO3NO2 F,"NITRATE+NITRITE NITROGEN, FILTERED",MG N/L,46.05528,-82.00000
201802002,2019-02-19 21:09:31,CCGS LIMNOS,LAKE HURON,28,455459,-820940,89,38.74,2018-09-13 11:07:00,438,1.00,.00,0.00500000,,0,.104000,NO3NO2 F,"NITRATE+NITRITE NITROGEN, FILTERED",MG N/L,45.91639,-82.16111
201802002,2019-02-19 21:09:31,CCGS LIMNOS,LAKE HURON,29,460630,-825048,84,35.65,2018-09-13 15:44:00,438,1.00,.00,0.00500000,,0,.184000,NO3NO2 F,"NITRATE+NITRITE NITROGEN, FILTERED",MG N/L,46.10833,-82.84667
201802002,2019-02-19 21:09:31,CCGS LIMNOS,LAKE HURON,29,460630,-825048,84,35.65,2018-09-13 15:44:00,438,12.00,.00,0.00500000,,0,.189000,NO3NO2 F,"NITRATE+NITRITE NITROGEN, FILTERED",MG N/L,46.10833,-82.84667
201802002,2019-02-19 21:09:31,CCGS LIMNOS,LAKE HURON,29,460630,-825048,84,35.65,2018-09-13 15:44:00,438,14.00,.00,0.00500000,,0,.228000,NO3NO2 F,"NITRATE+NITRITE NITROGEN, FILTERED",MG N/L,46.10833,-82.84667
201802002,2019-02-19 21:09:31,CCGS LIMNOS,LAKE HURON,29,460630,-825048,84,35.65,2018-09-13 15:44:00,438,16.00,.00,0.00500000,,0,.240000,NO3NO2 F,"NITRATE+NITRITE NITROGEN, FILTERED",MG N/L,46.10833,-82.84667
201802002,2019-02-19 21:09:31,CCGS LIMNOS,LAKE HURON,29,460630,-825048,84,35.65,2018-09-13 15:44:00,438,34.00,.00,0.00500000,,0,.307000,NO3NO2 F,"NITRATE+NITRITE NITROGEN, FILTERED",MG N/L,46.10833,-82.84667
201802002,2019-02-19 21:09:31,CCGS LIMNOS,LAKE HURON,30,460722,-825305,79,25.79,2018-09-13 15:58:00,438,1.00,.00,0.00500000,,0,.174000,NO3NO2 F,"NITRATE+NITRITE NITROGEN, FILTERED",MG N/L,46.12278,-82.88472
201802002,2019-02-19 21:09:31,CCGS LIMNOS,LAKE HURON,30,460722,-825305,79,25.79,2018-09-13 15:58:00,438,1.00,.00,0.00500000,,1,.174000,NO3NO2 F,"NITRATE+NITRITE NITROGEN, FILTERED",MG N/L,46.12278,-82.88472
201802002,2019-02-19 21:09:31,CCGS LIMNOS,LAKE HURON,30,460722,-825305,79,25.79,2018-09-13 15:58:00,438,12.00,.00,0.00500000,,0,.223000,NO3NO2 F,"NITRATE+NITRITE NITROGEN, FILTERED",MG N/L,46.12278,-82.88472
201802002,2019-02-19 21:09:31,CCGS LIMNOS,LAKE HURON,30,460722,-825305,79,25.79,2018-09-13 15:58:00,438,16.00,.00,0.00500000,,0,.278000,NO3NO2 F,"NITRATE+NITRITE NITROGEN, FILTERED",MG N/L,46.12278,-82.88472
201802002,2019-02-19 21:09:31,CCGS LIMNOS,LAKE HURON,30,460722,-825305,79,25.79,2018-09-13 15:58:00,438,24.00,.00,0.00500000,,0,.285000,NO3NO2 F,"NITRATE+NITRITE NITROGEN, FILTERED",MG N/L,46.12278,-82.88472
201802002,2019-02-19 21:09:31,CCGS LIMNOS,LAKE HURON,30,460722,-825305,79,25.79,2018-09-13 15:58:00,438,998.00,.00,0.00500000,,0,.008000,NO3NO2 F,"NITRATE+NITRITE NITROGEN, FILTERED",MG N/L,46.12278,-82.88472
201802002,2019-02-19 21:09:31,CCGS LIMNOS,LAKE HURON,30,460722,-825305,79,25.79,2018-09-13 15:58:00,438,999.00,.00,0.00500000,,0,.007000,NO3NO2 F,"NITRATE+NITRITE NITROGEN, FILTERED",MG N/L,46.12278,-82.88472
201802002,2019-02-19 21:09:31,CCGS LIMNOS,LAKE HURON,31,461112,-832116,73,18.83,2018-09-13 18:56:00,438,1.00,.00,0.00500000,,0,.219000,NO3NO2 F,"NITRATE+NITRITE NITROGEN, FILTERED",MG N/L,46.18667,-83.35444
201802002,2019-02-19 21:09:31,CCGS LIMNOS,LAKE HURON,32,461401,-834445,71,35.37,2018-09-13 20:51:00,438,1.00,.00,0.00500000,,0,.263000,NO3NO2 F,"NITRATE+NITRITE NITROGEN, FILTERED",MG N/L,46.23361,-83.74583
201802002,2019-02-19 21:09:31,CCGS LIMNOS,LAKE HURON,32,461401,-834445,71,35.37,2018-09-13 20:51:00,438,23.00,.00,0.00500000,,0,.244000,NO3NO2 F,"NITRATE+NITRITE NITROGEN, FILTERED",MG N/L,46.23361,-83.74583
201802002,2019-02-19 21:09:31,CCGS LIMNOS,LAKE HURON,32,461401,-834445,71,35.37,2018-09-13 20:51:00,438,27.00,.00,0.00500000,,0,.253000,NO3NO2 F,"NITRATE+NITRITE NITROGEN, FILTERED",MG N/L,46.23361,-83.74583
201802002,2019-02-19 21:09:31,CCGS LIMNOS,LAKE HURON,32,461401,-834445,71,35.37,2018-09-13 20:51:00,438,31.00,.00,0.00500000,,0,.282000,NO3NO2 F,"NITRATE+NITRITE NITROGEN, FILTERED",MG N/L,46.23361,-83.74583
201802002,2019-02-19 21:09:31,CCGS LIMNOS,LAKE HURON,32,461401,-834445,71,35.37,2018-09-13 20:51:00,438,33.00,.00,0.00500000,,0,.280000,NO3NO2 F,"NITRATE+NITRITE NITROGEN, FILTERED",MG N/L,46.23361,-83.74583
201802002,2019-02-19 21:09:31,CCGS LIMNOS,LAKE HURON,33,460813,-834020,70,21.61,2018-09-13 22:05:00,438,1.00,.00,0.00500000,,0,.232000,NO3NO2 F,"NITRATE+NITRITE NITROGEN, FILTERED",MG N/L,46.13694,-83.67222
201802002,2019-02-19 21:09:31,CCGS LIMNOS,LAKE HURON,34,460232,-835109,68,16.63,2018-09-13 23:31:00,438,1.00,.00,0.00500000,,0,.287000,NO3NO2 F,"NITRATE+NITRITE NITROGEN, FILTERED",MG N/L,46.04222,-83.85250
201802002,2019-02-19 21:09:31,CCGS LIMNOS,LAKE HURON,35,460440,-840138,69,10.72,2018-09-14 00:42:00,438,1.00,.00,0.00500000,,0,.296000,NO3NO2 F,"NITRATE+NITRITE NITROGEN, FILTERED",MG N/L,46.07778,-84.02722
201802002,2019-02-19 21:09:31,CCGS LIMNOS,LAKE HURON,35,460440,-840138,69,10.72,2018-09-14 00:42:00,438,1.00,.00,0.00500000,,1,.298000,NO3NO2 F,"NITRATE+NITRITE NITROGEN, FILTERED",MG N/L,46.07778,-84.02722
201802002,2019-02-19 21:09:31,CCGS LIMNOS,LAKE HURON,35,460440,-840138,69,10.72,2018-09-14 00:42:00,438,9.00,.00,0.00500000,,0,.293000,NO3NO2 F,"NITRATE+NITRITE NITROGEN, FILTERED",MG N/L,46.07778,-84.02722
201802002,2019-02-19 21:09:31,CCGS LIMNOS,LAKE HURON,36,455610,-835359,67,29.3,2018-09-14 02:17:00,438,1.00,.00,0.00500000,,0,.255000,NO3NO2 F,"NITRATE+NITRITE NITROGEN, FILTERED",MG N/L,45.93611,-83.89972
201802002,2019-02-19 21:09:31,CCGS LIMNOS,LAKE HURON,37,455151,-841743,66,67.4,2018-09-14 04:24:00,438,1.00,.00,0.00500000,,0,.246000,NO3NO2 F,"NITRATE+NITRITE NITROGEN, FILTERED",MG N/L,45.86417,-84.29528
201802002,2019-02-19 21:09:31,CCGS LIMNOS,LAKE HURON,38,455041,-843358,65,58.91,2018-09-14 06:01:00,438,1.00,.00,0.00500000,,0,.224000,NO3NO2 F,"NITRATE+NITRITE NITROGEN, FILTERED",MG N/L,45.84472,-84.56611
201802002,2019-02-19 21:09:31,CCGS LIMNOS,LAKE HURON,39,454846,-844515,64,35.89,2018-09-14 07:17:00,438,1.00,.00,0.00500000,,0,.223000,NO3NO2 F,"NITRATE+NITRITE NITROGEN, FILTERED",MG N/L,45.81278,-84.75417
201802002,2019-02-19 21:09:31,CCGS LIMNOS,LAKE HURON,39,454846,-844515,64,35.89,2018-09-14 07:17:00,438,19.00,.00,0.00500000,,0,.231000,NO3NO2 F,"NITRATE+NITRITE NITROGEN, FILTERED",MG N/L,45.81278,-84.75417
201802002,2019-02-19 21:09:31,CCGS LIMNOS,LAKE HURON,39,454846,-844515,64,35.89,2018-09-14 07:17:00,438,22.00,.00,0.00500000,,0,.246000,NO3NO2 F,"NITRATE+NITRITE NITROGEN, FILTERED",MG N/L,45.81278,-84.75417
201802002,2019-02-19 21:09:31,CCGS LIMNOS,LAKE HURON,39,454846,-844515,64,35.89,2018-09-14 07:17:00,438,30.00,.00,0.00500000,,0,.261000,NO3NO2 F,"NITRATE+NITRITE NITROGEN, FILTERED",MG N/L,45.81278,-84.75417
201802002,2019-02-19 21:09:31,CCGS LIMNOS,LAKE HURON,39,454846,-844515,64,35.89,2018-09-14 07:17:00,438,34.00,.00,0.00500000,,0,.260000,NO3NO2 F,"NITRATE+NITRITE NITROGEN, FILTERED",MG N/L,45.81278,-84.75417
201802002,2019-02-19 21:09:31,CCGS LIMNOS,LAKE HURON,40,454218,-843037,63,15.8,2018-09-14 09:01:00,438,1.00,.00,0.00500000,,0,.222000,NO3NO2 F,"NITRATE+NITRITE NITROGEN, FILTERED",MG N/L,45.70500,-84.51028
201802002,2019-02-19 21:09:31,CCGS LIMNOS,LAKE HURON,40,454218,-843037,63,15.8,2018-09-14 09:01:00,438,1.00,.00,0.00500000,,1,.221000,NO3NO2 F,"NITRATE+NITRITE NITROGEN, FILTERED",MG N/L,45.70500,-84.51028
201802002,2019-02-19 21:09:31,CCGS LIMNOS,LAKE HURON,40,454218,-843037,63,15.8,2018-09-14 09:01:00,438,998.00,.00,0.00500000,,0,.005000,NO3NO2 F,"NITRATE+NITRITE NITROGEN, FILTERED",MG N/L,45.70500,-84.51028
201802002,2019-02-19 21:09:31,CCGS LIMNOS,LAKE HURON,40,454218,-843037,63,15.8,2018-09-14 09:01:00,438,999.00,.00,0.00500000,,0,.005000,NO3NO2 F,"NITRATE+NITRITE NITROGEN, FILTERED",MG N/L,45.70500,-84.51028
201802002,2019-02-19 21:09:31,CCGS LIMNOS,LAKE HURON,41,454025,-841106,62,44.24,2018-09-14 11:05:00,438,1.00,.00,0.00500000,,0,.236000,NO3NO2 F,"NITRATE+NITRITE NITROGEN, FILTERED",MG N/L,45.67361,-84.18500
201802002,2019-02-19 21:09:31,CCGS LIMNOS,LAKE HURON,42,453102,-840501,56,21.54,2018-09-14 12:13:00,438,1.00,.00,0.00500000,,0,.229000,NO3NO2 F,"NITRATE+NITRITE NITROGEN, FILTERED",MG N/L,45.51722,-84.08361
201802002,2019-02-19 21:09:31,CCGS LIMNOS,LAKE HURON,43,453102,-832500,54,118.94,2018-09-14 15:26:00,438,1.00,.00,0.00500000,,0,.242000,NO3NO2 F,"NITRATE+NITRITE NITROGEN, FILTERED",MG N/L,45.51722,-83.41667
201802002,2019-02-19 21:09:31,CCGS LIMNOS,LAKE HURON,43,453102,-832500,54,118.94,2018-09-14 15:26:00,438,3.00,.00,0.00500000,,0,.263000,NO3NO2 F,"NITRATE+NITRITE NITROGEN, FILTERED",MG N/L,45.51722,-83.41667
201802002,2019-02-19 21:09:31,CCGS LIMNOS,LAKE HURON,43,453102,-832500,54,118.94,2018-09-14 15:26:00,438,15.00,.00,0.00500000,,0,.288000,NO3NO2 F,"NITRATE+NITRITE NITROGEN, FILTERED",MG N/L,45.51722,-83.41667
201802002,2019-02-19 21:09:31,CCGS LIMNOS,LAKE HURON,43,453102,-832500,54,118.94,2018-09-14 15:26:00,438,30.00,.00,0.00500000,,0,.302000,NO3NO2 F,"NITRATE+NITRITE NITROGEN, FILTERED",MG N/L,45.51722,-83.41667
201802002,2019-02-19 21:09:31,CCGS LIMNOS,LAKE HURON,43,453102,-832500,54,118.94,2018-09-14 15:26:00,438,107.00,.00,0.00500000,,0,.313000,NO3NO2 F,"NITRATE+NITRITE NITROGEN, FILTERED",MG N/L,45.51722,-83.41667
201802002,2019-02-19 21:09:31,CCGS LIMNOS,LAKE HURON,43,453102,-832500,54,118.94,2018-09-14 15:26:00,438,117.00,.00,0.00500000,,0,.317000,NO3NO2 F,"NITRATE+NITRITE NITROGEN, FILTERED",MG N/L,45.51722,-83.41667
201802002,2019-02-19 21:09:31,CCGS LIMNOS,LAKE HURON,44,451515,-832047,47,22.2,2018-09-14 18:07:00,438,1.00,.00,0.00500000,,0,.234000,NO3NO2 F,"NITRATE+NITRITE NITROGEN, FILTERED",MG N/L,45.25417,-83.34639
201802002,2019-02-19 21:09:31,CCGS LIMNOS,LAKE HURON,45,450228,-832233,36,8.8,2018-09-14 21:27:00,438,1.00,.00,0.00500000,,0,.217000,NO3NO2 F,"NITRATE+NITRITE NITROGEN, FILTERED",MG N/L,45.04111,-83.37583
201802002,2019-02-19 21:09:31,CCGS LIMNOS,LAKE HURON,45,450228,-832233,36,8.8,2018-09-14 21:27:00,438,1.00,.00,0.00500000,,1,.219000,NO3NO2 F,"NITRATE+NITRITE NITROGEN, FILTERED",MG N/L,45.04111,-83.37583
201802002,2019-02-19 21:09:31,CCGS LIMNOS,LAKE HURON,45,450228,-832233,36,8.8,2018-09-14 21:27:00,438,7.00,.00,0.00500000,,0,.217000,NO3NO2 F,"NITRATE+NITRITE NITROGEN, FILTERED",MG N/L,45.04111,-83.37583
201802002,2019-02-19 21:09:31,CCGS LIMNOS,LAKE HURON,46,450059,-824110,44,164.4,2018-09-15 01:10:00,438,1.00,.00,0.00500000,,0,.245000,NO3NO2 F,"NITRATE+NITRITE NITROGEN, FILTERED",MG N/L,45.01639,-82.68611
201802002,2019-02-19 21:09:31,CCGS LIMNOS,LAKE HURON,46,450059,-824110,44,164.4,2018-09-15 01:10:00,438,18.00,.00,0.00500000,,0,.242000,NO3NO2 F,"NITRATE+NITRITE NITROGEN, FILTERED",MG N/L,45.01639,-82.68611
201802002,2019-02-19 21:09:31,CCGS LIMNOS,LAKE HURON,46,450059,-824110,44,164.4,2018-09-15 01:10:00,438,30.00,.00,0.00500000,,0,.294000,NO3NO2 F,"NITRATE+NITRITE NITROGEN, FILTERED",MG N/L,45.01639,-82.68611
201802002,2019-02-19 21:09:31,CCGS LIMNOS,LAKE HURON,46,450059,-824110,44,164.4,2018-09-15 01:10:00,438,42.00,.00,0.00500000,,0,.303000,NO3NO2 F,"NITRATE+NITRITE NITROGEN, FILTERED",MG N/L,45.01639,-82.68611
201802002,2019-02-19 21:09:31,CCGS LIMNOS,LAKE HURON,46,450059,-824110,44,164.4,2018-09-15 01:10:00,438,100.00,.00,0.00500000,,0,.318000,NO3NO2 F,"NITRATE+NITRITE NITROGEN, FILTERED",MG N/L,45.01639,-82.68611
201802002,2019-02-19 21:09:31,CCGS LIMNOS,LAKE HURON,46,450059,-824110,44,164.4,2018-09-15 01:10:00,438,154.00,.00,0.00500000,,0,.319000,NO3NO2 F,"NITRATE+NITRITE NITROGEN, FILTERED",MG N/L,45.01639,-82.68611
201802002,2019-02-19 21:09:31,CCGS LIMNOS,LAKE HURON,46,450059,-824110,44,164.4,2018-09-15 01:10:00,438,162.00,.00,0.00500000,,0,.325000,NO3NO2 F,"NITRATE+NITRITE NITROGEN, FILTERED",MG N/L,45.01639,-82.68611
201802002,2019-02-19 21:09:31,CCGS LIMNOS,LAKE HURON,47,442958,-824952,33,72.14,2018-09-15 05:40:00,438,1.00,.00,0.00500000,,0,.256000,NO3NO2 F,"NITRATE+NITRITE NITROGEN, FILTERED",MG N/L,44.49944,-82.83111
201802002,2019-02-19 21:09:31,CCGS LIMNOS,LAKE HURON,48,441246,-832216,95,20.19,2018-09-15 09:12:00,438,1.00,.00,0.00500000,,0,.277000,NO3NO2 F,"NITRATE+NITRITE NITROGEN, FILTERED",MG N/L,44.21278,-83.37111
201802002,2019-02-19 21:09:31,CCGS LIMNOS,LAKE HURON,48,441246,-832216,95,20.19,2018-09-15 09:12:00,438,16.50,.00,0.00500000,,0,.278000,NO3NO2 F,"NITRATE+NITRITE NITROGEN, FILTERED",MG N/L,44.21278,-83.37111
201802002,2019-02-19 21:09:31,CCGS LIMNOS,LAKE HURON,48,441246,-832216,95,20.19,2018-09-15 09:12:00,438,18.00,.00,0.00500000,,0,.270000,NO3NO2 F,"NITRATE+NITRITE NITROGEN, FILTERED",MG N/L,44.21278,-83.37111
201802002,2019-02-19 21:09:31,CCGS LIMNOS,LAKE HURON,49,440653,-833141,97,10.88,2018-09-15 10:39:00,438,1.00,.00,0.00500000,,0,.082000,NO3NO2 F,"NITRATE+NITRITE NITROGEN, FILTERED",MG N/L,44.11472,-83.52806
201802002,2019-02-19 21:09:31,CCGS LIMNOS,LAKE HURON,50,435835,-833432,98,10.97,2018-09-15 12:00:00,438,1.00,.00,0.00500000,,0,.029000,NO3NO2 F,"NITRATE+NITRITE NITROGEN, FILTERED",MG N/L,43.97639,-83.57556
201802002,2019-02-19 21:09:31,CCGS LIMNOS,LAKE HURON,50,435835,-833432,98,10.97,2018-09-15 12:00:00,438,1.00,.00,0.00500000,,1,.028000,NO3NO2 F,"NITRATE+NITRITE NITROGEN, FILTERED",MG N/L,43.97639,-83.57556
201802002,2019-02-19 21:09:31,CCGS LIMNOS,LAKE HURON,50,435835,-833432,98,10.97,2018-09-15 12:00:00,438,998.00,.00,0.00500000,,0,.006000,NO3NO2 F,"NITRATE+NITRITE NITROGEN, FILTERED",MG N/L,43.97639,-83.57556
201802002,2019-02-19 21:09:31,CCGS LIMNOS,LAKE HURON,50,435835,-833432,98,10.97,2018-09-15 12:00:00,438,999.00,.00,0.00500000,,0,.006000,NO3NO2 F,"NITRATE+NITRITE NITROGEN, FILTERED",MG N/L,43.97639,-83.57556
201802002,2019-02-19 21:09:31,CCGS LIMNOS,LAKE HURON,51,435431,-834430,99,7.32,2018-09-15 13:15:00,438,1.00,.00,0.00500000,,0,.007000,NO3NO2 F,"NITRATE+NITRITE NITROGEN, FILTERED",MG N/L,43.90861,-83.74167
201802002,2019-02-19 21:09:31,CCGS LIMNOS,LAKE HURON,52,434930,-834901,100,7.02,2018-09-15 14:06:00,438,1.00,.00,0.00500000,,0,.008000,NO3NO2 F,"NITRATE+NITRITE NITROGEN, FILTERED",MG N/L,43.82500,-83.81694
201802002,2019-02-19 21:09:31,CCGS LIMNOS,LAKE HURON,52,434930,-834901,100,7.02,2018-09-15 14:06:00,438,5.00,.00,0.00500000,,0,.007000,NO3NO2 F,"NITRATE+NITRITE NITROGEN, FILTERED",MG N/L,43.82500,-83.81694
201802002,2019-02-19 21:09:31,CCGS LIMNOS,LAKE HURON,53,434914,-833733,101,6.11,2018-09-15 15:22:00,438,1.00,.00,0.00500000,,0,.012000,NO3NO2 F,"NITRATE+NITRITE NITROGEN, FILTERED",MG N/L,43.82056,-83.62583
201802002,2019-02-19 21:09:31,CCGS LIMNOS,LAKE HURON,54,440735,-831019,96,29.29,2018-09-15 19:16:00,438,1.00,.00,0.00500000,,0,.274000,NO3NO2 F,"NITRATE+NITRITE NITROGEN, FILTERED",MG N/L,44.12639,-83.17194
201802002,2019-02-19 21:09:31,CCGS LIMNOS,LAKE HURON,55,441257,-830504,20,45.7,2018-09-15 20:13:00,438,1.00,.00,0.00500000,,0,.288000,NO3NO2 F,"NITRATE+NITRITE NITROGEN, FILTERED",MG N/L,44.21583,-83.08444
201802002,2019-02-19 21:09:31,CCGS LIMNOS,LAKE HURON,55,441257,-830504,20,45.7,2018-09-15 20:13:00,438,1.00,.00,0.00500000,,1,.287000,NO3NO2 F,"NITRATE+NITRITE NITROGEN, FILTERED",MG N/L,44.21583,-83.08444
201802002,2019-02-19 21:09:31,CCGS LIMNOS,LAKE HURON,56,440602,-825202,17,14.94,2018-09-15 21:56:00,438,1.00,.00,0.00500000,,0,.288000,NO3NO2 F,"NITRATE+NITRITE NITROGEN, FILTERED",MG N/L,44.10056,-82.86722
201802002,2019-02-19 21:09:31,CCGS LIMNOS,LAKE HURON,56,440602,-825202,17,14.94,2018-09-15 21:56:00,438,13.00,.00,0.00500000,,0,.277000,NO3NO2 F,"NITRATE+NITRITE NITROGEN, FILTERED",MG N/L,44.10056,-82.86722
201802002,2019-02-19 21:09:31,CCGS LIMNOS,LAKE HURON,57,441154,-823014,27,55.22,2018-09-16 00:02:00,438,1.00,.00,0.00500000,,0,.272000,NO3NO2 F,"NITRATE+NITRITE NITROGEN, FILTERED",MG N/L,44.19833,-82.50389
201802002,2019-02-19 21:09:31,CCGS LIMNOS,LAKE HURON,58,435632,-823956,14,13.16,2018-09-16 02:26:00,438,1.00,.00,0.00500000,,0,.293000,NO3NO2 F,"NITRATE+NITRITE NITROGEN, FILTERED",MG N/L,43.94222,-82.66556
201802002,2019-02-19 21:09:31,CCGS LIMNOS,LAKE HURON,58,435632,-823956,14,13.16,2018-09-16 02:26:00,438,11.00,.00,0.00500000,,0,.274000,NO3NO2 F,"NITRATE+NITRITE NITROGEN, FILTERED",MG N/L,43.94222,-82.66556
201802002,2019-02-19 21:09:31,CCGS LIMNOS,LAKE HURON,59,434511,-823408,13,16.56,2018-09-16 04:02:00,438,1.00,.00,0.00500000,,0,.292000,NO3NO2 F,"NITRATE+NITRITE NITROGEN, FILTERED",MG N/L,43.75306,-82.56889
201802002,2019-02-19 21:09:31,CCGS LIMNOS,LAKE HURON,60,433800,-821300,9,58.92,2018-09-16 06:04:00,438,1.00,.00,0.00500000,,0,.292000,NO3NO2 F,"NITRATE+NITRITE NITROGEN, FILTERED",MG N/L,43.63333,-82.21667
201802002,2019-02-19 21:09:31,CCGS LIMNOS,LAKE HURON,60,433800,-821300,9,58.92,2018-09-16 06:04:00,438,1.00,.00,0.00500000,,1,.292000,NO3NO2 F,"NITRATE+NITRITE NITROGEN, FILTERED",MG N/L,43.63333,-82.21667
201802002,2019-02-19 21:09:31,CCGS LIMNOS,LAKE HURON,60,433800,-821300,9,58.92,2018-09-16 06:04:00,438,25.00,.00,0.00500000,,0,.294000,NO3NO2 F,"NITRATE+NITRITE NITROGEN, FILTERED",MG N/L,43.63333,-82.21667
201802002,2019-02-19 21:09:31,CCGS LIMNOS,LAKE HURON,60,433800,-821300,9,58.92,2018-09-16 06:04:00,438,29.00,.00,0.00500000,,0,.297000,NO3NO2 F,"NITRATE+NITRITE NITROGEN, FILTERED",MG N/L,43.63333,-82.21667
201802002,2019-02-19 21:09:31,CCGS LIMNOS,LAKE HURON,60,433800,-821300,9,58.92,2018-09-16 06:04:00,438,37.00,.00,0.00500000,,0,.295000,NO3NO2 F,"NITRATE+NITRITE NITROGEN, FILTERED",MG N/L,43.63333,-82.21667
201802002,2019-02-19 21:09:31,CCGS LIMNOS,LAKE HURON,60,433800,-821300,9,58.92,2018-09-16 06:04:00,438,49.00,.00,0.00500000,,0,.297000,NO3NO2 F,"NITRATE+NITRITE NITROGEN, FILTERED",MG N/L,43.63333,-82.21667
201802002,2019-02-19 21:09:31,CCGS LIMNOS,LAKE HURON,60,433800,-821300,9,58.92,2018-09-16 06:04:00,438,57.00,.00,0.00500000,,0,.293000,NO3NO2 F,"NITRATE+NITRITE NITROGEN, FILTERED",MG N/L,43.63333,-82.21667
201802002,2019-02-19 21:09:31,CCGS LIMNOS,LAKE HURON,60,433800,-821300,9,58.92,2018-09-16 06:04:00,438,998.00,.00,0.00500000,,0,.007000,NO3NO2 F,"NITRATE+NITRITE NITROGEN, FILTERED",MG N/L,43.63333,-82.21667
201802002,2019-02-19 21:09:31,CCGS LIMNOS,LAKE HURON,60,433800,-821300,9,58.92,2018-09-16 06:04:00,438,999.00,.00,0.00500000,,0,.006000,NO3NO2 F,"NITRATE+NITRITE NITROGEN, FILTERED",MG N/L,43.63333,-82.21667
201802002,2019-02-19 21:09:31,CCGS LIMNOS,LAKE HURON,61,433358,-822903,8,29.67,2018-09-16 08:09:00,438,1.00,.00,0.00500000,,0,.286000,NO3NO2 F,"NITRATE+NITRITE NITROGEN, FILTERED",MG N/L,43.56611,-82.48417
201802002,2019-02-19 21:09:31,CCGS LIMNOS,LAKE HURON,62,432031,-823022,7,10.72,2018-09-16 09:45:00,438,1.00,.00,0.00500000,,0,.291000,NO3NO2 F,"NITRATE+NITRITE NITROGEN, FILTERED",MG N/L,43.34194,-82.50611
201802002,2019-02-19 21:09:31,CCGS LIMNOS,LAKE HURON,1,430524,-822330,1,10.34,2018-09-10 23:38:00,448,1.00,.00,,,0,.310000,NF RES,"RESIDUE,NON-FILTERED",MG/L,43.09000,-82.39167
201802002,2019-02-19 21:09:31,CCGS LIMNOS,LAKE HURON,1,430524,-822330,1,10.34,2018-09-10 23:38:00,448,1.00,.00,,,1,.490000,NF RES,"RESIDUE,NON-FILTERED",MG/L,43.09000,-82.39167
201802002,2019-02-19 21:09:31,CCGS LIMNOS,LAKE HURON,1,430524,-822330,1,10.34,2018-09-10 23:38:00,448,998.00,.00,,,0,-.060000,NF RES,"RESIDUE,NON-FILTERED",MG/L,43.09000,-82.39167
201802002,2019-02-19 21:09:31,CCGS LIMNOS,LAKE HURON,2,431524,-820219,3,14.91,2018-09-11 02:08:00,448,1.00,.00,,,0,.430000,NF RES,"RESIDUE,NON-FILTERED",MG/L,43.25667,-82.03861
201802002,2019-02-19 21:09:31,CCGS LIMNOS,LAKE HURON,3,431928,-814722,4,9.81,2018-09-11 03:45:00,448,1.00,.00,,,0,.650000,NF RES,"RESIDUE,NON-FILTERED",MG/L,43.32444,-81.78944
201802002,2019-02-19 21:09:31,CCGS LIMNOS,LAKE HURON,4,433252,-814440,5,11.12,2018-09-11 05:38:00,448,1.00,.00,,,0,.380000,NF RES,"RESIDUE,NON-FILTERED",MG/L,43.54778,-81.74444
201802002,2019-02-19 21:09:31,CCGS LIMNOS,LAKE HURON,5,434508,-814655,10,12.08,2018-09-11 07:16:00,448,1.00,.00,,,0,.380000,NF RES,"RESIDUE,NON-FILTERED",MG/L,43.75222,-81.78194
201802002,2019-02-19 21:09:31,CCGS LIMNOS,LAKE HURON,5,434508,-814655,10,12.08,2018-09-11 07:16:00,448,1.00,.00,,,1,.300000,NF RES,"RESIDUE,NON-FILTERED",MG/L,43.75222,-81.78194
201802002,2019-02-19 21:09:31,CCGS LIMNOS,LAKE HURON,6,435325,-820319,12,87.02,2018-09-11 09:19:00,448,1.00,.00,,,0,.180000,NF RES,"RESIDUE,NON-FILTERED",MG/L,43.89028,-82.05528
201802002,2019-02-19 21:09:31,CCGS LIMNOS,LAKE HURON,7,435722,-814711,11,9.94,2018-09-11 11:20:00,448,1.00,.00,,,0,.370000,NF RES,"RESIDUE,NON-FILTERED",MG/L,43.95611,-81.78639
201802002,2019-02-19 21:09:31,CCGS LIMNOS,LAKE HURON,8,442203,-815002,29,124.4,2018-09-11 14:35:00,448,1.00,.00,,,0,.000000,NF RES,"RESIDUE,NON-FILTERED",MG/L,44.36750,-81.83389
201802002,2019-02-19 21:09:31,CCGS LIMNOS,LAKE HURON,9,442757,-812713,30,19.91,2018-09-11 16:57:00,448,1.00,.00,,,0,.070000,NF RES,"RESIDUE,NON-FILTERED",MG/L,44.46583,-81.45361
201802002,2019-02-19 21:09:31,CCGS LIMNOS,LAKE HURON,10,443920,-812240,39,25.46,2018-09-11 18:30:00,448,1.00,.00,,,0,.170000,NF RES,"RESIDUE,NON-FILTERED",MG/L,44.65556,-81.37778
201802002,2019-02-19 21:09:31,CCGS LIMNOS,LAKE HURON,10,443920,-812240,39,25.46,2018-09-11 18:30:00,448,1.00,.00,,,1,.270000,NF RES,"RESIDUE,NON-FILTERED",MG/L,44.65556,-81.37778
201802002,2019-02-19 21:09:31,CCGS LIMNOS,LAKE HURON,10,443920,-812240,39,25.46,2018-09-11 18:30:00,448,998.00,.00,,,0,-.050000,NF RES,"RESIDUE,NON-FILTERED",MG/L,44.65556,-81.37778
201802002,2019-02-19 21:09:31,CCGS LIMNOS,LAKE HURON,11,445354,-812617,40,20.6,2018-09-11 21:16:00,448,1.00,.00,,,0,.240000,NF RES,"RESIDUE,NON-FILTERED",MG/L,44.89833,-81.43806
201802002,2019-02-19 21:09:31,CCGS LIMNOS,LAKE HURON,12,444425,-820324,38,134.62,2018-09-12 00:30:00,448,1.00,.00,,,0,.180000,NF RES,"RESIDUE,NON-FILTERED",MG/L,44.74028,-82.05667
201802002,2019-02-19 21:09:31,CCGS LIMNOS,LAKE HURON,13,450106,-815835,43,173.44,2018-09-12 03:39:00,448,1.00,.00,,,0,.330000,NF RES,"RESIDUE,NON-FILTERED",MG/L,45.01833,-81.97639
201802002,2019-02-19 21:09:31,CCGS LIMNOS,LAKE HURON,14,450459,-813213,41,21.37,2018-09-12 05:44:00,448,1.00,.00,,,0,.130000,NF RES,"RESIDUE,NON-FILTERED",MG/L,45.08306,-81.53694
201802002,2019-02-19 21:09:31,CCGS LIMNOS,LAKE HURON,15,451315,-814914,42,43.58,2018-09-12 07:39:00,448,1.00,.00,,,0,.280000,NF RES,"RESIDUE,NON-FILTERED",MG/L,45.22083,-81.82056
201802002,2019-02-19 21:09:31,CCGS LIMNOS,LAKE HURON,15,451315,-814914,42,43.58,2018-09-12 07:39:00,448,1.00,.00,,,1,.180000,NF RES,"RESIDUE,NON-FILTERED",MG/L,45.22083,-81.82056
201802002,2019-02-19 21:09:31,CCGS LIMNOS,LAKE HURON,16,451644,-822704,48,110.28,2018-09-12 10:54:00,448,1.00,.00,,,0,.520000,NF RES,"RESIDUE,NON-FILTERED",MG/L,45.27889,-82.45111
201802002,2019-02-19 21:09:31,CCGS LIMNOS,LAKE HURON,17,453209,-820244,50,26.19,2018-09-12 13:40:00,448,1.00,.00,,,0,.190000,NF RES,"RESIDUE,NON-FILTERED",MG/L,45.53583,-82.04556
201802002,2019-02-19 21:09:31,CCGS LIMNOS,LAKE HURON,18,453904,-823850,52,65.02,2018-09-12 17:13:00,448,1.00,.00,,,0,.160000,NF RES,"RESIDUE,NON-FILTERED",MG/L,45.65111,-82.64722
201802002,2019-02-19 21:09:31,CCGS LIMNOS,LAKE HURON,19,454559,-830141,59,17.98,2018-09-12 19:44:00,448,1.00,.00,,,0,.180000,NF RES,"RESIDUE,NON-FILTERED",MG/L,45.76639,-83.02806
201802002,2019-02-19 21:09:31,CCGS LIMNOS,LAKE HURON,20,455200,-831558,58,12.75,2018-09-12 21:24:00,448,1.00,.00,,,0,.070000,NF RES,"RESIDUE,NON-FILTERED",MG/L,45.86667,-83.26611
201802002,2019-02-19 21:09:31,CCGS LIMNOS,LAKE HURON,20,455200,-831558,58,12.75,2018-09-12 21:24:00,448,1.00,.00,,,1,.280000,NF RES,"RESIDUE,NON-FILTERED",MG/L,45.86667,-83.26611
201802002,2019-02-19 21:09:31,CCGS LIMNOS,LAKE HURON,20,455200,-831558,58,12.75,2018-09-12 21:24:00,448,998.00,.00,,,0,-.150000,NF RES,"RESIDUE,NON-FILTERED",MG/L,45.86667,-83.26611
201802002,2019-02-19 21:09:31,CCGS LIMNOS,LAKE HURON,21,455404,-833110,60,24.14,2018-09-12 23:15:00,448,1.00,.00,,,0,.320000,NF RES,"RESIDUE,NON-FILTERED",MG/L,45.90111,-83.51944
201802002,2019-02-19 21:09:31,CCGS LIMNOS,LAKE HURON,22,455959,-832600,76,58.38,2018-09-13 00:29:00,448,1.00,.00,,,0,.600000,NF RES,"RESIDUE,NON-FILTERED",MG/L,45.99972,-83.43333
201802002,2019-02-19 21:09:31,CCGS LIMNOS,LAKE HURON,23,455814,-831157,77,77.89,2018-09-13 01:46:00,448,1.00,.00,,,0,.230000,NF RES,"RESIDUE,NON-FILTERED",MG/L,45.97056,-83.19917
201802002,2019-02-19 21:09:31,CCGS LIMNOS,LAKE HURON,24,455612,-824534,82,28.12,2018-09-13 04:52:00,448,1.00,.00,,,0,.800000,NF RES,"RESIDUE,NON-FILTERED",MG/L,45.93667,-82.75944
201802002,2019-02-19 21:09:31,CCGS LIMNOS,LAKE HURON,25,455959,-823301,83,31.13,2018-09-13 06:16:00,448,1.00,.00,,,0,.800000,NF RES,"RESIDUE,NON-FILTERED",MG/L,45.99972,-82.55028
201802002,2019-02-19 21:09:31,CCGS LIMNOS,LAKE HURON,25,455959,-823301,83,31.13,2018-09-13 06:16:00,448,1.00,.00,,,1,.850000,NF RES,"RESIDUE,NON-FILTERED",MG/L,45.99972,-82.55028
201802002,2019-02-19 21:09:31,CCGS LIMNOS,LAKE HURON,26,460340,-821149,87,43.68,2018-09-13 08:08:00,448,1.00,.00,,,0,1.150000,NF RES,"RESIDUE,NON-FILTERED",MG/L,46.06111,-82.19694
201802002,2019-02-19 21:09:31,CCGS LIMNOS,LAKE HURON,27,460319,-820000,88,35.75,2018-09-13 09:21:00,448,1.00,.00,,,0,.850000,NF RES,"RESIDUE,NON-FILTERED",MG/L,46.05528,-82.00000
201802002,2019-02-19 21:09:31,CCGS LIMNOS,LAKE HURON,28,455459,-820940,89,38.74,2018-09-13 11:07:00,448,1.00,.00,,,0,.850000,NF RES,"RESIDUE,NON-FILTERED",MG/L,45.91639,-82.16111
201802002,2019-02-19 21:09:31,CCGS LIMNOS,LAKE HURON,29,460630,-825048,84,35.65,2018-09-13 15:44:00,448,1.00,.00,,,0,.600000,NF RES,"RESIDUE,NON-FILTERED",MG/L,46.10833,-82.84667
201802002,2019-02-19 21:09:31,CCGS LIMNOS,LAKE HURON,30,460722,-825305,79,25.79,2018-09-13 15:58:00,448,1.00,.00,,,0,.750000,NF RES,"RESIDUE,NON-FILTERED",MG/L,46.12278,-82.88472
201802002,2019-02-19 21:09:31,CCGS LIMNOS,LAKE HURON,30,460722,-825305,79,25.79,2018-09-13 15:58:00,448,1.00,.00,,,1,.800000,NF RES,"RESIDUE,NON-FILTERED",MG/L,46.12278,-82.88472
201802002,2019-02-19 21:09:31,CCGS LIMNOS,LAKE HURON,30,460722,-825305,79,25.79,2018-09-13 15:58:00,448,998.00,.00,,,0,-.030000,NF RES,"RESIDUE,NON-FILTERED",MG/L,46.12278,-82.88472
201802002,2019-02-19 21:09:31,CCGS LIMNOS,LAKE HURON,31,461112,-832116,73,18.83,2018-09-13 18:56:00,448,1.00,.00,,,0,.520000,NF RES,"RESIDUE,NON-FILTERED",MG/L,46.18667,-83.35444
201802002,2019-02-19 21:09:31,CCGS LIMNOS,LAKE HURON,32,461401,-834445,71,35.37,2018-09-13 20:51:00,448,1.00,.00,,,0,.970000,NF RES,"RESIDUE,NON-FILTERED",MG/L,46.23361,-83.74583
201802002,2019-02-19 21:09:31,CCGS LIMNOS,LAKE HURON,33,460813,-834020,70,21.61,2018-09-13 22:05:00,448,1.00,.00,,,0,.770000,NF RES,"RESIDUE,NON-FILTERED",MG/L,46.13694,-83.67222
201802002,2019-02-19 21:09:31,CCGS LIMNOS,LAKE HURON,34,460232,-835109,68,16.63,2018-09-13 23:31:00,448,1.00,.00,,,0,1.970000,NF RES,"RESIDUE,NON-FILTERED",MG/L,46.04222,-83.85250
201802002,2019-02-19 21:09:31,CCGS LIMNOS,LAKE HURON,35,460440,-840138,69,10.72,2018-09-14 00:42:00,448,1.00,.00,,,0,3.750000,NF RES,"RESIDUE,NON-FILTERED",MG/L,46.07778,-84.02722
201802002,2019-02-19 21:09:31,CCGS LIMNOS,LAKE HURON,35,460440,-840138,69,10.72,2018-09-14 00:42:00,448,1.00,.00,,,1,3.500000,NF RES,"RESIDUE,NON-FILTERED",MG/L,46.07778,-84.02722
201802002,2019-02-19 21:09:31,CCGS LIMNOS,LAKE HURON,36,455610,-835359,67,29.3,2018-09-14 02:17:00,448,1.00,.00,,,0,.580000,NF RES,"RESIDUE,NON-FILTERED",MG/L,45.93611,-83.89972
201802002,2019-02-19 21:09:31,CCGS LIMNOS,LAKE HURON,37,455151,-841743,66,67.4,2018-09-14 04:24:00,448,1.00,.00,,,0,.470000,NF RES,"RESIDUE,NON-FILTERED",MG/L,45.86417,-84.29528
201802002,2019-02-19 21:09:31,CCGS LIMNOS,LAKE HURON,38,455041,-843358,65,58.91,2018-09-14 06:01:00,448,1.00,.00,,,0,.480000,NF RES,"RESIDUE,NON-FILTERED",MG/L,45.84472,-84.56611
201802002,2019-02-19 21:09:31,CCGS LIMNOS,LAKE HURON,39,454846,-844515,64,35.89,2018-09-14 07:17:00,448,1.00,.00,,,0,.380000,NF RES,"RESIDUE,NON-FILTERED",MG/L,45.81278,-84.75417
201802002,2019-02-19 21:09:31,CCGS LIMNOS,LAKE HURON,40,454218,-843037,63,15.8,2018-09-14 09:01:00,448,1.00,.00,,,0,.410000,NF RES,"RESIDUE,NON-FILTERED",MG/L,45.70500,-84.51028
201802002,2019-02-19 21:09:31,CCGS LIMNOS,LAKE HURON,40,454218,-843037,63,15.8,2018-09-14 09:01:00,448,1.00,.00,,,1,.410000,NF RES,"RESIDUE,NON-FILTERED",MG/L,45.70500,-84.51028
201802002,2019-02-19 21:09:31,CCGS LIMNOS,LAKE HURON,40,454218,-843037,63,15.8,2018-09-14 09:01:00,448,998.00,.00,,,0,-.020000,NF RES,"RESIDUE,NON-FILTERED",MG/L,45.70500,-84.51028
201802002,2019-02-19 21:09:31,CCGS LIMNOS,LAKE HURON,41,454025,-841106,62,44.24,2018-09-14 11:05:00,448,1.00,.00,,,0,.420000,NF RES,"RESIDUE,NON-FILTERED",MG/L,45.67361,-84.18500
201802002,2019-02-19 21:09:31,CCGS LIMNOS,LAKE HURON,42,453102,-840501,56,21.54,2018-09-14 12:13:00,448,1.00,.00,,,0,.430000,NF RES,"RESIDUE,NON-FILTERED",MG/L,45.51722,-84.08361
201802002,2019-02-19 21:09:31,CCGS LIMNOS,LAKE HURON,43,453102,-832500,54,118.94,2018-09-14 15:26:00,448,1.00,.00,,,0,.500000,NF RES,"RESIDUE,NON-FILTERED",MG/L,45.51722,-83.41667
201802002,2019-02-19 21:09:31,CCGS LIMNOS,LAKE HURON,44,451515,-832047,47,22.2,2018-09-14 18:07:00,448,1.00,.00,,,0,.370000,NF RES,"RESIDUE,NON-FILTERED",MG/L,45.25417,-83.34639
201802002,2019-02-19 21:09:31,CCGS LIMNOS,LAKE HURON,45,450228,-832233,36,8.8,2018-09-14 21:27:00,448,1.00,.00,,,0,.600000,NF RES,"RESIDUE,NON-FILTERED",MG/L,45.04111,-83.37583
201802002,2019-02-19 21:09:31,CCGS LIMNOS,LAKE HURON,45,450228,-832233,36,8.8,2018-09-14 21:27:00,448,1.00,.00,,,1,.500000,NF RES,"RESIDUE,NON-FILTERED",MG/L,45.04111,-83.37583
201802002,2019-02-19 21:09:31,CCGS LIMNOS,LAKE HURON,46,450059,-824110,44,164.4,2018-09-15 01:10:00,448,1.00,.00,,,0,.380000,NF RES,"RESIDUE,NON-FILTERED",MG/L,45.01639,-82.68611
201802002,2019-02-19 21:09:31,CCGS LIMNOS,LAKE HURON,47,442958,-824952,33,72.14,2018-09-15 05:40:00,448,1.00,.00,,,0,.330000,NF RES,"RESIDUE,NON-FILTERED",MG/L,44.49944,-82.83111
201802002,2019-02-19 21:09:31,CCGS LIMNOS,LAKE HURON,48,441246,-832216,95,20.19,2018-09-15 09:12:00,448,1.00,.00,,,0,.320000,NF RES,"RESIDUE,NON-FILTERED",MG/L,44.21278,-83.37111
201802002,2019-02-19 21:09:31,CCGS LIMNOS,LAKE HURON,49,440653,-833141,97,10.88,2018-09-15 10:39:00,448,1.00,.00,,,0,3.170000,NF RES,"RESIDUE,NON-FILTERED",MG/L,44.11472,-83.52806
201802002,2019-02-19 21:09:31,CCGS LIMNOS,LAKE HURON,50,435835,-833432,98,10.97,2018-09-15 12:00:00,448,1.00,.00,,,0,2.940000,NF RES,"RESIDUE,NON-FILTERED",MG/L,43.97639,-83.57556
201802002,2019-02-19 21:09:31,CCGS LIMNOS,LAKE HURON,50,435835,-833432,98,10.97,2018-09-15 12:00:00,448,1.00,.00,,,1,2.880000,NF RES,"RESIDUE,NON-FILTERED",MG/L,43.97639,-83.57556
201802002,2019-02-19 21:09:31,CCGS LIMNOS,LAKE HURON,50,435835,-833432,98,10.97,2018-09-15 12:00:00,448,998.00,.00,,,0,.100000,NF RES,"RESIDUE,NON-FILTERED",MG/L,43.97639,-83.57556
201802002,2019-02-19 21:09:31,CCGS LIMNOS,LAKE HURON,51,435431,-834430,99,7.32,2018-09-15 13:15:00,448,1.00,.00,,,0,4.080000,NF RES,"RESIDUE,NON-FILTERED",MG/L,43.90861,-83.74167
201802002,2019-02-19 21:09:31,CCGS LIMNOS,LAKE HURON,52,434930,-834901,100,7.02,2018-09-15 14:06:00,448,1.00,.00,,,0,1.950000,NF RES,"RESIDUE,NON-FILTERED",MG/L,43.82500,-83.81694
201802002,2019-02-19 21:09:31,CCGS LIMNOS,LAKE HURON,53,434914,-833733,101,6.11,2018-09-15 15:22:00,448,1.00,.00,,,0,3.420000,NF RES,"RESIDUE,NON-FILTERED",MG/L,43.82056,-83.62583
201802002,2019-02-19 21:09:31,CCGS LIMNOS,LAKE HURON,54,440735,-831019,96,29.29,2018-09-15 19:16:00,448,1.00,.00,,,0,.260000,NF RES,"RESIDUE,NON-FILTERED",MG/L,44.12639,-83.17194
201802002,2019-02-19 21:09:31,CCGS LIMNOS,LAKE HURON,55,441257,-830504,20,45.7,2018-09-15 20:13:00,448,1.00,.00,,,0,.280000,NF RES,"RESIDUE,NON-FILTERED",MG/L,44.21583,-83.08444
201802002,2019-02-19 21:09:31,CCGS LIMNOS,LAKE HURON,55,441257,-830504,20,45.7,2018-09-15 20:13:00,448,1.00,.00,,,1,.200000,NF RES,"RESIDUE,NON-FILTERED",MG/L,44.21583,-83.08444
201802002,2019-02-19 21:09:31,CCGS LIMNOS,LAKE HURON,56,440602,-825202,17,14.94,2018-09-15 21:56:00,448,1.00,.00,,,0,.340000,NF RES,"RESIDUE,NON-FILTERED",MG/L,44.10056,-82.86722
201802002,2019-02-19 21:09:31,CCGS LIMNOS,LAKE HURON,57,441154,-823014,27,55.22,2018-09-16 00:02:00,448,1.00,.00,,,0,.230000,NF RES,"RESIDUE,NON-FILTERED",MG/L,44.19833,-82.50389
201802002,2019-02-19 21:09:31,CCGS LIMNOS,LAKE HURON,58,435632,-823956,14,13.16,2018-09-16 02:26:00,448,1.00,.00,,,0,.320000,NF RES,"RESIDUE,NON-FILTERED",MG/L,43.94222,-82.66556
201802002,2019-02-19 21:09:31,CCGS LIMNOS,LAKE HURON,59,434511,-823408,13,16.56,2018-09-16 04:02:00,448,1.00,.00,,,0,.380000,NF RES,"RESIDUE,NON-FILTERED",MG/L,43.75306,-82.56889
201802002,2019-02-19 21:09:31,CCGS LIMNOS,LAKE HURON,60,433800,-821300,9,58.92,2018-09-16 06:04:00,448,1.00,.00,,,0,.200000,NF RES,"RESIDUE,NON-FILTERED",MG/L,43.63333,-82.21667
201802002,2019-02-19 21:09:31,CCGS LIMNOS,LAKE HURON,60,433800,-821300,9,58.92,2018-09-16 06:04:00,448,1.00,.00,,,1,.170000,NF RES,"RESIDUE,NON-FILTERED",MG/L,43.63333,-82.21667
201802002,2019-02-19 21:09:31,CCGS LIMNOS,LAKE HURON,60,433800,-821300,9,58.92,2018-09-16 06:04:00,448,998.00,.00,,,0,-.050000,NF RES,"RESIDUE,NON-FILTERED",MG/L,43.63333,-82.21667
201802002,2019-02-19 21:09:31,CCGS LIMNOS,LAKE HURON,61,433358,-822903,8,29.67,2018-09-16 08:09:00,448,1.00,.00,,,0,.400000,NF RES,"RESIDUE,NON-FILTERED",MG/L,43.56611,-82.48417
201802002,2019-02-19 21:09:31,CCGS LIMNOS,LAKE HURON,62,432031,-823022,7,10.72,2018-09-16 09:45:00,448,1.00,.00,,,0,.120000,NF RES,"RESIDUE,NON-FILTERED",MG/L,43.34194,-82.50611
201802002,2019-02-19 21:09:31,CCGS LIMNOS,LAKE HURON,1,430524,-822330,1,10.34,2018-09-10 23:38:00,610,1.00,.00,0.10000000,,1,.500000,CAU,"CHLOROPHYL A, UNCORRECTED",UG/L,43.09000,-82.39167
201802002,2019-02-19 21:09:31,CCGS LIMNOS,LAKE HURON,1,430524,-822330,1,10.34,2018-09-10 23:38:00,610,1.00,.00,0.10000000,<,0,.100000,CAU,"CHLOROPHYL A, UNCORRECTED",UG/L,43.09000,-82.39167
201802002,2019-02-19 21:09:31,CCGS LIMNOS,LAKE HURON,1,430524,-822330,1,10.34,2018-09-10 23:38:00,610,8.00,.00,0.10000000,,0,.300000,CAU,"CHLOROPHYL A, UNCORRECTED",UG/L,43.09000,-82.39167
201802002,2019-02-19 21:09:31,CCGS LIMNOS,LAKE HURON,1,430524,-822330,1,10.34,2018-09-10 23:38:00,610,998.00,.00,0.10000000,,0,.400000,CAU,"CHLOROPHYL A, UNCORRECTED",UG/L,43.09000,-82.39167
201802002,2019-02-19 21:09:31,CCGS LIMNOS,LAKE HURON,8,442203,-815002,29,124.4,2018-09-11 14:35:00,610,1.00,.00,0.10000000,,0,.500000,CAU,"CHLOROPHYL A, UNCORRECTED",UG/L,44.36750,-81.83389
201802002,2019-02-19 21:09:31,CCGS LIMNOS,LAKE HURON,8,442203,-815002,29,124.4,2018-09-11 14:35:00,610,10.00,.00,0.10000000,,0,.600000,CAU,"CHLOROPHYL A, UNCORRECTED",UG/L,44.36750,-81.83389
201802002,2019-02-19 21:09:31,CCGS LIMNOS,LAKE HURON,8,442203,-815002,29,124.4,2018-09-11 14:35:00,610,14.00,.00,0.10000000,,0,.800000,CAU,"CHLOROPHYL A, UNCORRECTED",UG/L,44.36750,-81.83389
201802002,2019-02-19 21:09:31,CCGS LIMNOS,LAKE HURON,8,442203,-815002,29,124.4,2018-09-11 14:35:00,610,20.00,.00,0.10000000,,0,1.000000,CAU,"CHLOROPHYL A, UNCORRECTED",UG/L,44.36750,-81.83389
201802002,2019-02-19 21:09:31,CCGS LIMNOS,LAKE HURON,8,442203,-815002,29,124.4,2018-09-11 14:35:00,610,114.00,.00,0.10000000,,0,.200000,CAU,"CHLOROPHYL A, UNCORRECTED",UG/L,44.36750,-81.83389
201802002,2019-02-19 21:09:31,CCGS LIMNOS,LAKE HURON,8,442203,-815002,29,124.4,2018-09-11 14:35:00,610,122.00,.00,0.10000000,<,0,.100000,CAU,"CHLOROPHYL A, UNCORRECTED",UG/L,44.36750,-81.83389
201802002,2019-02-19 21:09:31,CCGS LIMNOS,LAKE HURON,10,443920,-812240,39,25.46,2018-09-11 18:30:00,610,998.00,.00,0.10000000,<,0,.100000,CAU,"CHLOROPHYL A, UNCORRECTED",UG/L,44.65556,-81.37778
201802002,2019-02-19 21:09:31,CCGS LIMNOS,LAKE HURON,20,455200,-831558,58,12.75,2018-09-12 21:24:00,610,998.00,.00,0.10000000,<,0,.100000,CAU,"CHLOROPHYL A, UNCORRECTED",UG/L,45.86667,-83.26611
201802002,2019-02-19 21:09:31,CCGS LIMNOS,LAKE HURON,30,460722,-825305,79,25.79,2018-09-13 15:58:00,610,998.00,.00,0.10000000,<,0,.100000,CAU,"CHLOROPHYL A, UNCORRECTED",UG/L,46.12278,-82.88472
201802002,2019-02-19 21:09:31,CCGS LIMNOS,LAKE HURON,40,454218,-843037,63,15.8,2018-09-14 09:01:00,610,998.00,.00,0.10000000,<,0,.100000,CAU,"CHLOROPHYL A, UNCORRECTED",UG/L,45.70500,-84.51028
201802002,2019-02-19 21:09:31,CCGS LIMNOS,LAKE HURON,43,453102,-832500,54,118.94,2018-09-14 15:26:00,610,1.00,.00,0.10000000,,0,.700000,CAU,"CHLOROPHYL A, UNCORRECTED",UG/L,45.51722,-83.41667
201802002,2019-02-19 21:09:31,CCGS LIMNOS,LAKE HURON,43,453102,-832500,54,118.94,2018-09-14 15:26:00,610,3.00,.00,0.10000000,,0,.400000,CAU,"CHLOROPHYL A, UNCORRECTED",UG/L,45.51722,-83.41667
201802002,2019-02-19 21:09:31,CCGS LIMNOS,LAKE HURON,43,453102,-832500,54,118.94,2018-09-14 15:26:00,610,15.00,.00,0.10000000,,0,1.000000,CAU,"CHLOROPHYL A, UNCORRECTED",UG/L,45.51722,-83.41667
201802002,2019-02-19 21:09:31,CCGS LIMNOS,LAKE HURON,43,453102,-832500,54,118.94,2018-09-14 15:26:00,610,30.00,.00,0.10000000,,0,.900000,CAU,"CHLOROPHYL A, UNCORRECTED",UG/L,45.51722,-83.41667
201802002,2019-02-19 21:09:31,CCGS LIMNOS,LAKE HURON,43,453102,-832500,54,118.94,2018-09-14 15:26:00,610,107.00,.00,0.10000000,,0,.100000,CAU,"CHLOROPHYL A, UNCORRECTED",UG/L,45.51722,-83.41667
201802002,2019-02-19 21:09:31,CCGS LIMNOS,LAKE HURON,43,453102,-832500,54,118.94,2018-09-14 15:26:00,610,117.00,.00,0.10000000,<,0,.100000,CAU,"CHLOROPHYL A, UNCORRECTED",UG/L,45.51722,-83.41667
201802002,2019-02-19 21:09:31,CCGS LIMNOS,LAKE HURON,46,450059,-824110,44,164.4,2018-09-15 01:10:00,610,1.00,.00,0.10000000,,0,.300000,CAU,"CHLOROPHYL A, UNCORRECTED",UG/L,45.01639,-82.68611
201802002,2019-02-19 21:09:31,CCGS LIMNOS,LAKE HURON,46,450059,-824110,44,164.4,2018-09-15 01:10:00,610,1.00,.00,0.10000000,,1,.400000,CAU,"CHLOROPHYL A, UNCORRECTED",UG/L,45.01639,-82.68611
201802002,2019-02-19 21:09:31,CCGS LIMNOS,LAKE HURON,46,450059,-824110,44,164.4,2018-09-15 01:10:00,610,18.00,.00,0.10000000,,0,1.200000,CAU,"CHLOROPHYL A, UNCORRECTED",UG/L,45.01639,-82.68611
201802002,2019-02-19 21:09:31,CCGS LIMNOS,LAKE HURON,46,450059,-824110,44,164.4,2018-09-15 01:10:00,610,30.00,.00,0.10000000,,0,1.300000,CAU,"CHLOROPHYL A, UNCORRECTED",UG/L,45.01639,-82.68611
201802002,2019-02-19 21:09:31,CCGS LIMNOS,LAKE HURON,46,450059,-824110,44,164.4,2018-09-15 01:10:00,610,42.00,.00,0.10000000,,0,1.000000,CAU,"CHLOROPHYL A, UNCORRECTED",UG/L,45.01639,-82.68611
201802002,2019-02-19 21:09:31,CCGS LIMNOS,LAKE HURON,46,450059,-824110,44,164.4,2018-09-15 01:10:00,610,100.00,.00,0.10000000,,0,.200000,CAU,"CHLOROPHYL A, UNCORRECTED",UG/L,45.01639,-82.68611
201802002,2019-02-19 21:09:31,CCGS LIMNOS,LAKE HURON,46,450059,-824110,44,164.4,2018-09-15 01:10:00,610,154.00,.00,0.10000000,,0,.100000,CAU,"CHLOROPHYL A, UNCORRECTED",UG/L,45.01639,-82.68611
201802002,2019-02-19 21:09:31,CCGS LIMNOS,LAKE HURON,46,450059,-824110,44,164.4,2018-09-15 01:10:00,610,162.00,.00,0.10000000,<,0,.100000,CAU,"CHLOROPHYL A, UNCORRECTED",UG/L,45.01639,-82.68611
201802002,2019-02-19 21:09:31,CCGS LIMNOS,LAKE HURON,48,441246,-832216,95,20.19,2018-09-15 09:12:00,610,1.00,.00,0.10000000,,0,.200000,CAU,"CHLOROPHYL A, UNCORRECTED",UG/L,44.21278,-83.37111
201802002,2019-02-19 21:09:31,CCGS LIMNOS,LAKE HURON,48,441246,-832216,95,20.19,2018-09-15 09:12:00,610,16.50,.00,0.10000000,,0,.300000,CAU,"CHLOROPHYL A, UNCORRECTED",UG/L,44.21278,-83.37111
201802002,2019-02-19 21:09:31,CCGS LIMNOS,LAKE HURON,48,441246,-832216,95,20.19,2018-09-15 09:12:00,610,18.00,.00,0.10000000,,0,.300000,CAU,"CHLOROPHYL A, UNCORRECTED",UG/L,44.21278,-83.37111
201802002,2019-02-19 21:09:31,CCGS LIMNOS,LAKE HURON,50,435835,-833432,98,10.97,2018-09-15 12:00:00,610,998.00,.00,0.10000000,<,0,.100000,CAU,"CHLOROPHYL A, UNCORRECTED",UG/L,43.97639,-83.57556
201802002,2019-02-19 21:09:31,CCGS LIMNOS,LAKE HURON,60,433800,-821300,9,58.92,2018-09-16 06:04:00,610,998.00,.00,0.10000000,<,0,.100000,CAU,"CHLOROPHYL A, UNCORRECTED",UG/L,43.63333,-82.21667
201802002,2019-02-19 21:09:31,CCGS LIMNOS,LAKE HURON,1,430524,-822330,1,10.34,2018-09-10 23:38:00,611,1.00,.00,0.10000000,,1,.200000,CAC,"CHLOROPHYLL A, CORRECTED PHAEOPHYTIN",UG/L,43.09000,-82.39167
201802002,2019-02-19 21:09:31,CCGS LIMNOS,LAKE HURON,1,430524,-822330,1,10.34,2018-09-10 23:38:00,611,1.00,.00,0.10000000,<,0,.100000,CAC,"CHLOROPHYLL A, CORRECTED PHAEOPHYTIN",UG/L,43.09000,-82.39167
201802002,2019-02-19 21:09:31,CCGS LIMNOS,LAKE HURON,1,430524,-822330,1,10.34,2018-09-10 23:38:00,611,8.00,.00,0.10000000,,0,-88.880000,CAC,"CHLOROPHYLL A, CORRECTED PHAEOPHYTIN",UG/L,43.09000,-82.39167
201802002,2019-02-19 21:09:31,CCGS LIMNOS,LAKE HURON,1,430524,-822330,1,10.34,2018-09-10 23:38:00,611,998.00,.00,0.10000000,,0,.500000,CAC,"CHLOROPHYLL A, CORRECTED PHAEOPHYTIN",UG/L,43.09000,-82.39167
201802002,2019-02-19 21:09:31,CCGS LIMNOS,LAKE HURON,8,442203,-815002,29,124.4,2018-09-11 14:35:00,611,1.00,.00,0.10000000,,0,.400000,CAC,"CHLOROPHYLL A, CORRECTED PHAEOPHYTIN",UG/L,44.36750,-81.83389
201802002,2019-02-19 21:09:31,CCGS LIMNOS,LAKE HURON,8,442203,-815002,29,124.4,2018-09-11 14:35:00,611,10.00,.00,0.10000000,,0,.500000,CAC,"CHLOROPHYLL A, CORRECTED PHAEOPHYTIN",UG/L,44.36750,-81.83389
201802002,2019-02-19 21:09:31,CCGS LIMNOS,LAKE HURON,8,442203,-815002,29,124.4,2018-09-11 14:35:00,611,14.00,.00,0.10000000,,0,.700000,CAC,"CHLOROPHYLL A, CORRECTED PHAEOPHYTIN",UG/L,44.36750,-81.83389
201802002,2019-02-19 21:09:31,CCGS LIMNOS,LAKE HURON,8,442203,-815002,29,124.4,2018-09-11 14:35:00,611,20.00,.00,0.10000000,,0,.900000,CAC,"CHLOROPHYLL A, CORRECTED PHAEOPHYTIN",UG/L,44.36750,-81.83389
201802002,2019-02-19 21:09:31,CCGS LIMNOS,LAKE HURON,8,442203,-815002,29,124.4,2018-09-11 14:35:00,611,114.00,.00,0.10000000,,0,.200000,CAC,"CHLOROPHYLL A, CORRECTED PHAEOPHYTIN",UG/L,44.36750,-81.83389
201802002,2019-02-19 21:09:31,CCGS LIMNOS,LAKE HURON,8,442203,-815002,29,124.4,2018-09-11 14:35:00,611,122.00,.00,0.10000000,<,0,.100000,CAC,"CHLOROPHYLL A, CORRECTED PHAEOPHYTIN",UG/L,44.36750,-81.83389
201802002,2019-02-19 21:09:31,CCGS LIMNOS,LAKE HURON,10,443920,-812240,39,25.46,2018-09-11 18:30:00,611,998.00,.00,0.10000000,<,0,.100000,CAC,"CHLOROPHYLL A, CORRECTED PHAEOPHYTIN",UG/L,44.65556,-81.37778
201802002,2019-02-19 21:09:31,CCGS LIMNOS,LAKE HURON,20,455200,-831558,58,12.75,2018-09-12 21:24:00,611,998.00,.00,0.10000000,<,0,.100000,CAC,"CHLOROPHYLL A, CORRECTED PHAEOPHYTIN",UG/L,45.86667,-83.26611
201802002,2019-02-19 21:09:31,CCGS LIMNOS,LAKE HURON,30,460722,-825305,79,25.79,2018-09-13 15:58:00,611,998.00,.00,0.10000000,<,0,.100000,CAC,"CHLOROPHYLL A, CORRECTED PHAEOPHYTIN",UG/L,46.12278,-82.88472
201802002,2019-02-19 21:09:31,CCGS LIMNOS,LAKE HURON,40,454218,-843037,63,15.8,2018-09-14 09:01:00,611,998.00,.00,0.10000000,<,0,.100000,CAC,"CHLOROPHYLL A, CORRECTED PHAEOPHYTIN",UG/L,45.70500,-84.51028
201802002,2019-02-19 21:09:31,CCGS LIMNOS,LAKE HURON,43,453102,-832500,54,118.94,2018-09-14 15:26:00,611,1.00,.00,0.10000000,,0,.700000,CAC,"CHLOROPHYLL A, CORRECTED PHAEOPHYTIN",UG/L,45.51722,-83.41667
201802002,2019-02-19 21:09:31,CCGS LIMNOS,LAKE HURON,43,453102,-832500,54,118.94,2018-09-14 15:26:00,611,3.00,.00,0.10000000,,0,-88.880000,CAC,"CHLOROPHYLL A, CORRECTED PHAEOPHYTIN",UG/L,45.51722,-83.41667
201802002,2019-02-19 21:09:31,CCGS LIMNOS,LAKE HURON,43,453102,-832500,54,118.94,2018-09-14 15:26:00,611,15.00,.00,0.10000000,,0,.900000,CAC,"CHLOROPHYLL A, CORRECTED PHAEOPHYTIN",UG/L,45.51722,-83.41667
201802002,2019-02-19 21:09:31,CCGS LIMNOS,LAKE HURON,43,453102,-832500,54,118.94,2018-09-14 15:26:00,611,30.00,.00,0.10000000,,0,.900000,CAC,"CHLOROPHYLL A, CORRECTED PHAEOPHYTIN",UG/L,45.51722,-83.41667
201802002,2019-02-19 21:09:31,CCGS LIMNOS,LAKE HURON,43,453102,-832500,54,118.94,2018-09-14 15:26:00,611,107.00,.00,0.10000000,<,0,.100000,CAC,"CHLOROPHYLL A, CORRECTED PHAEOPHYTIN",UG/L,45.51722,-83.41667
201802002,2019-02-19 21:09:31,CCGS LIMNOS,LAKE HURON,43,453102,-832500,54,118.94,2018-09-14 15:26:00,611,117.00,.00,0.10000000,<,0,.100000,CAC,"CHLOROPHYLL A, CORRECTED PHAEOPHYTIN",UG/L,45.51722,-83.41667
201802002,2019-02-19 21:09:31,CCGS LIMNOS,LAKE HURON,46,450059,-824110,44,164.4,2018-09-15 01:10:00,611,1.00,.00,0.10000000,,0,.400000,CAC,"CHLOROPHYLL A, CORRECTED PHAEOPHYTIN",UG/L,45.01639,-82.68611
201802002,2019-02-19 21:09:31,CCGS LIMNOS,LAKE HURON,46,450059,-824110,44,164.4,2018-09-15 01:10:00,611,1.00,.00,0.10000000,,1,.400000,CAC,"CHLOROPHYLL A, CORRECTED PHAEOPHYTIN",UG/L,45.01639,-82.68611
201802002,2019-02-19 21:09:31,CCGS LIMNOS,LAKE HURON,46,450059,-824110,44,164.4,2018-09-15 01:10:00,611,18.00,.00,0.10000000,,0,1.100000,CAC,"CHLOROPHYLL A, CORRECTED PHAEOPHYTIN",UG/L,45.01639,-82.68611
201802002,2019-02-19 21:09:31,CCGS LIMNOS,LAKE HURON,46,450059,-824110,44,164.4,2018-09-15 01:10:00,611,30.00,.00,0.10000000,,0,1.300000,CAC,"CHLOROPHYLL A, CORRECTED PHAEOPHYTIN",UG/L,45.01639,-82.68611
201802002,2019-02-19 21:09:31,CCGS LIMNOS,LAKE HURON,46,450059,-824110,44,164.4,2018-09-15 01:10:00,611,42.00,.00,0.10000000,,0,.900000,CAC,"CHLOROPHYLL A, CORRECTED PHAEOPHYTIN",UG/L,45.01639,-82.68611
201802002,2019-02-19 21:09:31,CCGS LIMNOS,LAKE HURON,46,450059,-824110,44,164.4,2018-09-15 01:10:00,611,100.00,.00,0.10000000,,0,.100000,CAC,"CHLOROPHYLL A, CORRECTED PHAEOPHYTIN",UG/L,45.01639,-82.68611
201802002,2019-02-19 21:09:31,CCGS LIMNOS,LAKE HURON,46,450059,-824110,44,164.4,2018-09-15 01:10:00,611,154.00,.00,0.10000000,<,0,.100000,CAC,"CHLOROPHYLL A, CORRECTED PHAEOPHYTIN",UG/L,45.01639,-82.68611
201802002,2019-02-19 21:09:31,CCGS LIMNOS,LAKE HURON,46,450059,-824110,44,164.4,2018-09-15 01:10:00,611,162.00,.00,0.10000000,,0,.100000,CAC,"CHLOROPHYLL A, CORRECTED PHAEOPHYTIN",UG/L,45.01639,-82.68611
201802002,2019-02-19 21:09:31,CCGS LIMNOS,LAKE HURON,48,441246,-832216,95,20.19,2018-09-15 09:12:00,611,1.00,.00,0.10000000,,0,.100000,CAC,"CHLOROPHYLL A, CORRECTED PHAEOPHYTIN",UG/L,44.21278,-83.37111
201802002,2019-02-19 21:09:31,CCGS LIMNOS,LAKE HURON,48,441246,-832216,95,20.19,2018-09-15 09:12:00,611,16.50,.00,0.10000000,,0,.300000,CAC,"CHLOROPHYLL A, CORRECTED PHAEOPHYTIN",UG/L,44.21278,-83.37111
201802002,2019-02-19 21:09:31,CCGS LIMNOS,LAKE HURON,48,441246,-832216,95,20.19,2018-09-15 09:12:00,611,18.00,.00,0.10000000,,0,.400000,CAC,"CHLOROPHYLL A, CORRECTED PHAEOPHYTIN",UG/L,44.21278,-83.37111
201802002,2019-02-19 21:09:31,CCGS LIMNOS,LAKE HURON,50,435835,-833432,98,10.97,2018-09-15 12:00:00,611,998.00,.00,0.10000000,<,0,.100000,CAC,"CHLOROPHYLL A, CORRECTED PHAEOPHYTIN",UG/L,43.97639,-83.57556
201802002,2019-02-19 21:09:31,CCGS LIMNOS,LAKE HURON,60,433800,-821300,9,58.92,2018-09-16 06:04:00,611,998.00,.00,0.10000000,<,0,.100000,CAC,"CHLOROPHYLL A, CORRECTED PHAEOPHYTIN",UG/L,43.63333,-82.21667
201802002,2019-02-19 21:09:31,CCGS LIMNOS,LAKE HURON,1,430524,-822330,1,10.34,2018-09-10 23:38:00,613,.00,8.00,0.10000000,,0,.400000,CAUI,CHLOROPHYLL A UNCORRECTED INTEGRATED,UG/L,43.09000,-82.39167
201802002,2019-02-19 21:09:31,CCGS LIMNOS,LAKE HURON,1,430524,-822330,1,10.34,2018-09-10 23:38:00,613,.00,8.00,0.10000000,,1,.300000,CAUI,CHLOROPHYLL A UNCORRECTED INTEGRATED,UG/L,43.09000,-82.39167
201802002,2019-02-19 21:09:31,CCGS LIMNOS,LAKE HURON,2,431524,-820219,3,14.91,2018-09-11 02:08:00,613,.00,13.00,0.10000000,,0,.400000,CAUI,CHLOROPHYLL A UNCORRECTED INTEGRATED,UG/L,43.25667,-82.03861
201802002,2019-02-19 21:09:31,CCGS LIMNOS,LAKE HURON,3,431928,-814722,4,9.81,2018-09-11 03:45:00,613,.00,8.00,0.10000000,,0,.500000,CAUI,CHLOROPHYLL A UNCORRECTED INTEGRATED,UG/L,43.32444,-81.78944
201802002,2019-02-19 21:09:31,CCGS LIMNOS,LAKE HURON,4,433252,-814440,5,11.12,2018-09-11 05:38:00,613,.00,9.00,0.10000000,,0,.400000,CAUI,CHLOROPHYLL A UNCORRECTED INTEGRATED,UG/L,43.54778,-81.74444
201802002,2019-02-19 21:09:31,CCGS LIMNOS,LAKE HURON,5,434508,-814655,10,12.08,2018-09-11 07:16:00,613,.00,10.00,0.10000000,,0,.300000,CAUI,CHLOROPHYLL A UNCORRECTED INTEGRATED,UG/L,43.75222,-81.78194
201802002,2019-02-19 21:09:31,CCGS LIMNOS,LAKE HURON,5,434508,-814655,10,12.08,2018-09-11 07:16:00,613,.00,10.00,0.10000000,,1,.400000,CAUI,CHLOROPHYLL A UNCORRECTED INTEGRATED,UG/L,43.75222,-81.78194
201802002,2019-02-19 21:09:31,CCGS LIMNOS,LAKE HURON,6,435325,-820319,12,87.02,2018-09-11 09:19:00,613,.00,20.00,0.10000000,,0,.600000,CAUI,CHLOROPHYLL A UNCORRECTED INTEGRATED,UG/L,43.89028,-82.05528
201802002,2019-02-19 21:09:31,CCGS LIMNOS,LAKE HURON,7,435722,-814711,11,9.94,2018-09-11 11:20:00,613,.00,8.00,0.10000000,,0,.300000,CAUI,CHLOROPHYLL A UNCORRECTED INTEGRATED,UG/L,43.95611,-81.78639
201802002,2019-02-19 21:09:31,CCGS LIMNOS,LAKE HURON,8,442203,-815002,29,124.4,2018-09-11 14:35:00,613,.00,20.00,0.10000000,,0,.600000,CAUI,CHLOROPHYLL A UNCORRECTED INTEGRATED,UG/L,44.36750,-81.83389
201802002,2019-02-19 21:09:31,CCGS LIMNOS,LAKE HURON,9,442757,-812713,30,19.91,2018-09-11 16:57:00,613,.00,18.00,0.10000000,,0,.500000,CAUI,CHLOROPHYLL A UNCORRECTED INTEGRATED,UG/L,44.46583,-81.45361
201802002,2019-02-19 21:09:31,CCGS LIMNOS,LAKE HURON,10,443920,-812240,39,25.46,2018-09-11 18:30:00,613,.00,20.00,0.10000000,,0,.500000,CAUI,CHLOROPHYLL A UNCORRECTED INTEGRATED,UG/L,44.65556,-81.37778
201802002,2019-02-19 21:09:31,CCGS LIMNOS,LAKE HURON,10,443920,-812240,39,25.46,2018-09-11 18:30:00,613,.00,20.00,0.10000000,,1,.100000,CAUI,CHLOROPHYLL A UNCORRECTED INTEGRATED,UG/L,44.65556,-81.37778
201802002,2019-02-19 21:09:31,CCGS LIMNOS,LAKE HURON,11,445354,-812617,40,20.6,2018-09-11 21:16:00,613,.00,18.00,0.10000000,,0,.300000,CAUI,CHLOROPHYLL A UNCORRECTED INTEGRATED,UG/L,44.89833,-81.43806
201802002,2019-02-19 21:09:31,CCGS LIMNOS,LAKE HURON,12,444425,-820324,38,134.62,2018-09-12 00:30:00,613,.00,20.00,0.10000000,,0,.200000,CAUI,CHLOROPHYLL A UNCORRECTED INTEGRATED,UG/L,44.74028,-82.05667
201802002,2019-02-19 21:09:31,CCGS LIMNOS,LAKE HURON,13,450106,-815835,43,173.44,2018-09-12 03:39:00,613,.00,20.00,0.10000000,,0,.400000,CAUI,CHLOROPHYLL A UNCORRECTED INTEGRATED,UG/L,45.01833,-81.97639
201802002,2019-02-19 21:09:31,CCGS LIMNOS,LAKE HURON,14,450459,-813213,41,21.37,2018-09-12 05:44:00,613,.00,20.00,0.10000000,,0,.400000,CAUI,CHLOROPHYLL A UNCORRECTED INTEGRATED,UG/L,45.08306,-81.53694
201802002,2019-02-19 21:09:31,CCGS LIMNOS,LAKE HURON,15,451315,-814914,42,43.58,2018-09-12 07:39:00,613,.00,20.00,0.10000000,,0,.200000,CAUI,CHLOROPHYLL A UNCORRECTED INTEGRATED,UG/L,45.22083,-81.82056
201802002,2019-02-19 21:09:31,CCGS LIMNOS,LAKE HURON,15,451315,-814914,42,43.58,2018-09-12 07:39:00,613,.00,20.00,0.10000000,,1,.300000,CAUI,CHLOROPHYLL A UNCORRECTED INTEGRATED,UG/L,45.22083,-81.82056
201802002,2019-02-19 21:09:31,CCGS LIMNOS,LAKE HURON,16,451644,-822704,48,110.28,2018-09-12 10:54:00,613,.00,20.00,0.10000000,,0,.700000,CAUI,CHLOROPHYLL A UNCORRECTED INTEGRATED,UG/L,45.27889,-82.45111
201802002,2019-02-19 21:09:31,CCGS LIMNOS,LAKE HURON,17,453209,-820244,50,26.19,2018-09-12 13:40:00,613,.00,20.00,0.10000000,,0,.300000,CAUI,CHLOROPHYLL A UNCORRECTED INTEGRATED,UG/L,45.53583,-82.04556
201802002,2019-02-19 21:09:31,CCGS LIMNOS,LAKE HURON,18,453904,-823850,52,65.02,2018-09-12 17:13:00,613,.00,20.00,0.10000000,,0,.600000,CAUI,CHLOROPHYLL A UNCORRECTED INTEGRATED,UG/L,45.65111,-82.64722
201802002,2019-02-19 21:09:31,CCGS LIMNOS,LAKE HURON,19,454559,-830141,59,17.98,2018-09-12 19:44:00,613,.00,16.00,0.10000000,,0,.300000,CAUI,CHLOROPHYLL A UNCORRECTED INTEGRATED,UG/L,45.76639,-83.02806
201802002,2019-02-19 21:09:31,CCGS LIMNOS,LAKE HURON,20,455200,-831558,58,12.75,2018-09-12 21:24:00,613,.00,11.00,0.10000000,,0,.500000,CAUI,CHLOROPHYLL A UNCORRECTED INTEGRATED,UG/L,45.86667,-83.26611
201802002,2019-02-19 21:09:31,CCGS LIMNOS,LAKE HURON,20,455200,-831558,58,12.75,2018-09-12 21:24:00,613,.00,11.00,0.10000000,,1,.200000,CAUI,CHLOROPHYLL A UNCORRECTED INTEGRATED,UG/L,45.86667,-83.26611
201802002,2019-02-19 21:09:31,CCGS LIMNOS,LAKE HURON,21,455404,-833110,60,24.14,2018-09-12 23:15:00,613,.00,20.00,0.10000000,,0,.500000,CAUI,CHLOROPHYLL A UNCORRECTED INTEGRATED,UG/L,45.90111,-83.51944
201802002,2019-02-19 21:09:31,CCGS LIMNOS,LAKE HURON,22,455959,-832600,76,58.38,2018-09-13 00:29:00,613,.00,20.00,0.10000000,,0,.800000,CAUI,CHLOROPHYLL A UNCORRECTED INTEGRATED,UG/L,45.99972,-83.43333
201802002,2019-02-19 21:09:31,CCGS LIMNOS,LAKE HURON,23,455814,-831157,77,77.89,2018-09-13 01:46:00,613,.00,20.00,0.10000000,,0,.900000,CAUI,CHLOROPHYLL A UNCORRECTED INTEGRATED,UG/L,45.97056,-83.19917
201802002,2019-02-19 21:09:31,CCGS LIMNOS,LAKE HURON,24,455612,-824534,82,28.12,2018-09-13 04:52:00,613,.00,20.00,0.10000000,,0,.600000,CAUI,CHLOROPHYLL A UNCORRECTED INTEGRATED,UG/L,45.93667,-82.75944
201802002,2019-02-19 21:09:31,CCGS LIMNOS,LAKE HURON,25,455959,-823301,83,31.13,2018-09-13 06:16:00,613,.00,20.00,0.10000000,,0,.800000,CAUI,CHLOROPHYLL A UNCORRECTED INTEGRATED,UG/L,45.99972,-82.55028
201802002,2019-02-19 21:09:31,CCGS LIMNOS,LAKE HURON,25,455959,-823301,83,31.13,2018-09-13 06:16:00,613,.00,20.00,0.10000000,,1,.800000,CAUI,CHLOROPHYLL A UNCORRECTED INTEGRATED,UG/L,45.99972,-82.55028
201802002,2019-02-19 21:09:31,CCGS LIMNOS,LAKE HURON,26,460340,-821149,87,43.68,2018-09-13 08:08:00,613,.00,20.00,0.10000000,,0,1.000000,CAUI,CHLOROPHYLL A UNCORRECTED INTEGRATED,UG/L,46.06111,-82.19694
201802002,2019-02-19 21:09:31,CCGS LIMNOS,LAKE HURON,27,460319,-820000,88,35.75,2018-09-13 09:21:00,613,.00,20.00,0.10000000,,0,1.500000,CAUI,CHLOROPHYLL A UNCORRECTED INTEGRATED,UG/L,46.05528,-82.00000
201802002,2019-02-19 21:09:31,CCGS LIMNOS,LAKE HURON,28,455459,-820940,89,38.74,2018-09-13 11:07:00,613,.00,20.00,0.10000000,,0,1.400000,CAUI,CHLOROPHYLL A UNCORRECTED INTEGRATED,UG/L,45.91639,-82.16111
201802002,2019-02-19 21:09:31,CCGS LIMNOS,LAKE HURON,29,460630,-825048,84,35.65,2018-09-13 15:44:00,613,.00,20.00,0.10000000,,0,.700000,CAUI,CHLOROPHYLL A UNCORRECTED INTEGRATED,UG/L,46.10833,-82.84667
201802002,2019-02-19 21:09:31,CCGS LIMNOS,LAKE HURON,30,460722,-825305,79,25.79,2018-09-13 15:58:00,613,.00,1.00,0.10000000,,0,1.400000,CAUI,CHLOROPHYLL A UNCORRECTED INTEGRATED,UG/L,46.12278,-82.88472
201802002,2019-02-19 21:09:31,CCGS LIMNOS,LAKE HURON,30,460722,-825305,79,25.79,2018-09-13 15:58:00,613,.00,12.00,0.10000000,,0,1.000000,CAUI,CHLOROPHYLL A UNCORRECTED INTEGRATED,UG/L,46.12278,-82.88472
201802002,2019-02-19 21:09:31,CCGS LIMNOS,LAKE HURON,30,460722,-825305,79,25.79,2018-09-13 15:58:00,613,.00,16.00,0.10000000,,0,.700000,CAUI,CHLOROPHYLL A UNCORRECTED INTEGRATED,UG/L,46.12278,-82.88472
201802002,2019-02-19 21:09:31,CCGS LIMNOS,LAKE HURON,30,460722,-825305,79,25.79,2018-09-13 15:58:00,613,.00,20.00,0.10000000,,0,.800000,CAUI,CHLOROPHYLL A UNCORRECTED INTEGRATED,UG/L,46.12278,-82.88472
201802002,2019-02-19 21:09:31,CCGS LIMNOS,LAKE HURON,30,460722,-825305,79,25.79,2018-09-13 15:58:00,613,.00,20.00,0.10000000,,1,.800000,CAUI,CHLOROPHYLL A UNCORRECTED INTEGRATED,UG/L,46.12278,-82.88472
201802002,2019-02-19 21:09:31,CCGS LIMNOS,LAKE HURON,30,460722,-825305,79,25.79,2018-09-13 15:58:00,613,.00,24.00,0.10000000,,0,.400000,CAUI,CHLOROPHYLL A UNCORRECTED INTEGRATED,UG/L,46.12278,-82.88472
201802002,2019-02-19 21:09:31,CCGS LIMNOS,LAKE HURON,31,461112,-832116,73,18.83,2018-09-13 18:56:00,613,.00,16.50,0.10000000,,0,1.300000,CAUI,CHLOROPHYLL A UNCORRECTED INTEGRATED,UG/L,46.18667,-83.35444
201802002,2019-02-19 21:09:31,CCGS LIMNOS,LAKE HURON,32,461401,-834445,71,35.37,2018-09-13 20:51:00,613,.00,20.00,0.10000000,,0,1.500000,CAUI,CHLOROPHYLL A UNCORRECTED INTEGRATED,UG/L,46.23361,-83.74583
201802002,2019-02-19 21:09:31,CCGS LIMNOS,LAKE HURON,33,460813,-834020,70,21.61,2018-09-13 22:05:00,613,.00,20.00,0.10000000,,0,.500000,CAUI,CHLOROPHYLL A UNCORRECTED INTEGRATED,UG/L,46.13694,-83.67222
201802002,2019-02-19 21:09:31,CCGS LIMNOS,LAKE HURON,34,460232,-835109,68,16.63,2018-09-13 23:31:00,613,.00,15.00,0.10000000,,0,1.100000,CAUI,CHLOROPHYLL A UNCORRECTED INTEGRATED,UG/L,46.04222,-83.85250
201802002,2019-02-19 21:09:31,CCGS LIMNOS,LAKE HURON,35,460440,-840138,69,10.72,2018-09-14 00:42:00,613,.00,9.00,0.10000000,,0,.900000,CAUI,CHLOROPHYLL A UNCORRECTED INTEGRATED,UG/L,46.07778,-84.02722
201802002,2019-02-19 21:09:31,CCGS LIMNOS,LAKE HURON,35,460440,-840138,69,10.72,2018-09-14 00:42:00,613,.00,9.00,0.10000000,,1,.900000,CAUI,CHLOROPHYLL A UNCORRECTED INTEGRATED,UG/L,46.07778,-84.02722
201802002,2019-02-19 21:09:31,CCGS LIMNOS,LAKE HURON,36,455610,-835359,67,29.3,2018-09-14 02:17:00,613,.00,20.00,0.10000000,,0,.400000,CAUI,CHLOROPHYLL A UNCORRECTED INTEGRATED,UG/L,45.93611,-83.89972
201802002,2019-02-19 21:09:31,CCGS LIMNOS,LAKE HURON,37,455151,-841743,66,67.4,2018-09-14 04:24:00,613,.00,20.00,0.10000000,,0,.600000,CAUI,CHLOROPHYLL A UNCORRECTED INTEGRATED,UG/L,45.86417,-84.29528
201802002,2019-02-19 21:09:31,CCGS LIMNOS,LAKE HURON,38,455041,-843358,65,58.91,2018-09-14 06:01:00,613,.00,20.00,0.10000000,,0,.400000,CAUI,CHLOROPHYLL A UNCORRECTED INTEGRATED,UG/L,45.84472,-84.56611
201802002,2019-02-19 21:09:31,CCGS LIMNOS,LAKE HURON,39,454846,-844515,64,35.89,2018-09-14 07:17:00,613,.00,20.00,0.10000000,,0,.500000,CAUI,CHLOROPHYLL A UNCORRECTED INTEGRATED,UG/L,45.81278,-84.75417
201802002,2019-02-19 21:09:31,CCGS LIMNOS,LAKE HURON,40,454218,-843037,63,15.8,2018-09-14 09:01:00,613,.00,13.50,0.10000000,,0,.700000,CAUI,CHLOROPHYLL A UNCORRECTED INTEGRATED,UG/L,45.70500,-84.51028
201802002,2019-02-19 21:09:31,CCGS LIMNOS,LAKE HURON,40,454218,-843037,63,15.8,2018-09-14 09:01:00,613,.00,13.50,0.10000000,,1,.300000,CAUI,CHLOROPHYLL A UNCORRECTED INTEGRATED,UG/L,45.70500,-84.51028
201802002,2019-02-19 21:09:31,CCGS LIMNOS,LAKE HURON,41,454025,-841106,62,44.24,2018-09-14 11:05:00,613,.00,20.00,0.10000000,,0,.700000,CAUI,CHLOROPHYLL A UNCORRECTED INTEGRATED,UG/L,45.67361,-84.18500
201802002,2019-02-19 21:09:31,CCGS LIMNOS,LAKE HURON,42,453102,-840501,56,21.54,2018-09-14 12:13:00,613,.00,20.00,0.10000000,,0,.800000,CAUI,CHLOROPHYLL A UNCORRECTED INTEGRATED,UG/L,45.51722,-84.08361
201802002,2019-02-19 21:09:31,CCGS LIMNOS,LAKE HURON,43,453102,-832500,54,118.94,2018-09-14 15:26:00,613,.00,20.00,0.10000000,,0,.700000,CAUI,CHLOROPHYLL A UNCORRECTED INTEGRATED,UG/L,45.51722,-83.41667
201802002,2019-02-19 21:09:31,CCGS LIMNOS,LAKE HURON,44,451515,-832047,47,22.2,2018-09-14 18:07:00,613,.00,20.00,0.10000000,,0,.800000,CAUI,CHLOROPHYLL A UNCORRECTED INTEGRATED,UG/L,45.25417,-83.34639
201802002,2019-02-19 21:09:31,CCGS LIMNOS,LAKE HURON,45,450228,-832233,36,8.8,2018-09-14 21:27:00,613,.00,7.00,0.10000000,,0,1.100000,CAUI,CHLOROPHYLL A UNCORRECTED INTEGRATED,UG/L,45.04111,-83.37583
201802002,2019-02-19 21:09:31,CCGS LIMNOS,LAKE HURON,45,450228,-832233,36,8.8,2018-09-14 21:27:00,613,.00,7.00,0.10000000,,1,.800000,CAUI,CHLOROPHYLL A UNCORRECTED INTEGRATED,UG/L,45.04111,-83.37583
201802002,2019-02-19 21:09:31,CCGS LIMNOS,LAKE HURON,46,450059,-824110,44,164.4,2018-09-15 01:10:00,613,.00,20.00,0.10000000,,0,1.000000,CAUI,CHLOROPHYLL A UNCORRECTED INTEGRATED,UG/L,45.01639,-82.68611
201802002,2019-02-19 21:09:31,CCGS LIMNOS,LAKE HURON,47,442958,-824952,33,72.14,2018-09-15 05:40:00,613,.00,20.00,0.10000000,,0,.400000,CAUI,CHLOROPHYLL A UNCORRECTED INTEGRATED,UG/L,44.49944,-82.83111
201802002,2019-02-19 21:09:31,CCGS LIMNOS,LAKE HURON,48,441246,-832216,95,20.19,2018-09-15 09:12:00,613,.00,18.00,0.10000000,,0,.700000,CAUI,CHLOROPHYLL A UNCORRECTED INTEGRATED,UG/L,44.21278,-83.37111
201802002,2019-02-19 21:09:31,CCGS LIMNOS,LAKE HURON,49,440653,-833141,97,10.88,2018-09-15 10:39:00,613,.00,9.00,0.10000000,,0,5.600000,CAUI,CHLOROPHYLL A UNCORRECTED INTEGRATED,UG/L,44.11472,-83.52806
201802002,2019-02-19 21:09:31,CCGS LIMNOS,LAKE HURON,50,435835,-833432,98,10.97,2018-09-15 12:00:00,613,.00,9.00,0.10000000,,0,7.700000,CAUI,CHLOROPHYLL A UNCORRECTED INTEGRATED,UG/L,43.97639,-83.57556
201802002,2019-02-19 21:09:31,CCGS LIMNOS,LAKE HURON,50,435835,-833432,98,10.97,2018-09-15 12:00:00,613,.00,9.00,0.10000000,,1,4.800000,CAUI,CHLOROPHYLL A UNCORRECTED INTEGRATED,UG/L,43.97639,-83.57556
201802002,2019-02-19 21:09:31,CCGS LIMNOS,LAKE HURON,51,435431,-834430,99,7.32,2018-09-15 13:15:00,613,.00,5.50,0.10000000,,0,6.000000,CAUI,CHLOROPHYLL A UNCORRECTED INTEGRATED,UG/L,43.90861,-83.74167
201802002,2019-02-19 21:09:31,CCGS LIMNOS,LAKE HURON,52,434930,-834901,100,7.02,2018-09-15 14:06:00,613,.00,5.00,0.10000000,,0,2.700000,CAUI,CHLOROPHYLL A UNCORRECTED INTEGRATED,UG/L,43.82500,-83.81694
201802002,2019-02-19 21:09:31,CCGS LIMNOS,LAKE HURON,53,434914,-833733,101,6.11,2018-09-15 15:22:00,613,.00,4.00,0.10000000,,0,3.900000,CAUI,CHLOROPHYLL A UNCORRECTED INTEGRATED,UG/L,43.82056,-83.62583
201802002,2019-02-19 21:09:31,CCGS LIMNOS,LAKE HURON,54,440735,-831019,96,29.29,2018-09-15 19:16:00,613,.00,20.00,0.10000000,,0,.300000,CAUI,CHLOROPHYLL A UNCORRECTED INTEGRATED,UG/L,44.12639,-83.17194
201802002,2019-02-19 21:09:31,CCGS LIMNOS,LAKE HURON,55,441257,-830504,20,45.7,2018-09-15 20:13:00,613,.00,20.00,0.10000000,,0,.700000,CAUI,CHLOROPHYLL A UNCORRECTED INTEGRATED,UG/L,44.21583,-83.08444
201802002,2019-02-19 21:09:31,CCGS LIMNOS,LAKE HURON,55,441257,-830504,20,45.7,2018-09-15 20:13:00,613,.00,20.00,0.10000000,,1,.300000,CAUI,CHLOROPHYLL A UNCORRECTED INTEGRATED,UG/L,44.21583,-83.08444
201802002,2019-02-19 21:09:31,CCGS LIMNOS,LAKE HURON,56,440602,-825202,17,14.94,2018-09-15 21:56:00,613,.00,13.00,0.10000000,,0,.500000,CAUI,CHLOROPHYLL A UNCORRECTED INTEGRATED,UG/L,44.10056,-82.86722
201802002,2019-02-19 21:09:31,CCGS LIMNOS,LAKE HURON,57,441154,-823014,27,55.22,2018-09-16 00:02:00,613,.00,20.00,0.10000000,,0,.600000,CAUI,CHLOROPHYLL A UNCORRECTED INTEGRATED,UG/L,44.19833,-82.50389
201802002,2019-02-19 21:09:31,CCGS LIMNOS,LAKE HURON,58,435632,-823956,14,13.16,2018-09-16 02:26:00,613,.00,11.00,0.10000000,,0,.500000,CAUI,CHLOROPHYLL A UNCORRECTED INTEGRATED,UG/L,43.94222,-82.66556
201802002,2019-02-19 21:09:31,CCGS LIMNOS,LAKE HURON,59,434511,-823408,13,16.56,2018-09-16 04:02:00,613,.00,15.00,0.10000000,,0,.700000,CAUI,CHLOROPHYLL A UNCORRECTED INTEGRATED,UG/L,43.75306,-82.56889
201802002,2019-02-19 21:09:31,CCGS LIMNOS,LAKE HURON,60,433800,-821300,9,58.92,2018-09-16 06:04:00,613,.00,20.00,0.10000000,,0,.300000,CAUI,CHLOROPHYLL A UNCORRECTED INTEGRATED,UG/L,43.63333,-82.21667
201802002,2019-02-19 21:09:31,CCGS LIMNOS,LAKE HURON,60,433800,-821300,9,58.92,2018-09-16 06:04:00,613,.00,20.00,0.10000000,,1,.300000,CAUI,CHLOROPHYLL A UNCORRECTED INTEGRATED,UG/L,43.63333,-82.21667
201802002,2019-02-19 21:09:31,CCGS LIMNOS,LAKE HURON,61,433358,-822903,8,29.67,2018-09-16 08:09:00,613,.00,20.00,0.10000000,,0,.700000,CAUI,CHLOROPHYLL A UNCORRECTED INTEGRATED,UG/L,43.56611,-82.48417
201802002,2019-02-19 21:09:31,CCGS LIMNOS,LAKE HURON,62,432031,-823022,7,10.72,2018-09-16 09:45:00,613,.00,8.50,0.10000000,,0,.400000,CAUI,CHLOROPHYLL A UNCORRECTED INTEGRATED,UG/L,43.34194,-82.50611
201802002,2019-02-19 21:09:31,CCGS LIMNOS,LAKE HURON,1,430524,-822330,1,10.34,2018-09-10 23:38:00,614,.00,8.00,0.10000000,,0,.200000,CACI,CHLOROPHYLL A CORRECTED INTEGRATED,UG/L,43.09000,-82.39167
201802002,2019-02-19 21:09:31,CCGS LIMNOS,LAKE HURON,1,430524,-822330,1,10.34,2018-09-10 23:38:00,614,.00,8.00,0.10000000,,1,.200000,CACI,CHLOROPHYLL A CORRECTED INTEGRATED,UG/L,43.09000,-82.39167
201802002,2019-02-19 21:09:31,CCGS LIMNOS,LAKE HURON,2,431524,-820219,3,14.91,2018-09-11 02:08:00,614,.00,13.00,0.10000000,,0,.400000,CACI,CHLOROPHYLL A CORRECTED INTEGRATED,UG/L,43.25667,-82.03861
201802002,2019-02-19 21:09:31,CCGS LIMNOS,LAKE HURON,3,431928,-814722,4,9.81,2018-09-11 03:45:00,614,.00,8.00,0.10000000,,0,.200000,CACI,CHLOROPHYLL A CORRECTED INTEGRATED,UG/L,43.32444,-81.78944
201802002,2019-02-19 21:09:31,CCGS LIMNOS,LAKE HURON,4,433252,-814440,5,11.12,2018-09-11 05:38:00,614,.00,9.00,0.10000000,,0,.100000,CACI,CHLOROPHYLL A CORRECTED INTEGRATED,UG/L,43.54778,-81.74444
201802002,2019-02-19 21:09:31,CCGS LIMNOS,LAKE HURON,5,434508,-814655,10,12.08,2018-09-11 07:16:00,614,.00,10.00,0.10000000,,0,.400000,CACI,CHLOROPHYLL A CORRECTED INTEGRATED,UG/L,43.75222,-81.78194
201802002,2019-02-19 21:09:31,CCGS LIMNOS,LAKE HURON,5,434508,-814655,10,12.08,2018-09-11 07:16:00,614,.00,10.00,0.10000000,,1,.200000,CACI,CHLOROPHYLL A CORRECTED INTEGRATED,UG/L,43.75222,-81.78194
201802002,2019-02-19 21:09:31,CCGS LIMNOS,LAKE HURON,6,435325,-820319,12,87.02,2018-09-11 09:19:00,614,.00,20.00,0.10000000,,0,.600000,CACI,CHLOROPHYLL A CORRECTED INTEGRATED,UG/L,43.89028,-82.05528
201802002,2019-02-19 21:09:31,CCGS LIMNOS,LAKE HURON,7,435722,-814711,11,9.94,2018-09-11 11:20:00,614,.00,8.00,0.10000000,,0,.200000,CACI,CHLOROPHYLL A CORRECTED INTEGRATED,UG/L,43.95611,-81.78639
201802002,2019-02-19 21:09:31,CCGS LIMNOS,LAKE HURON,8,442203,-815002,29,124.4,2018-09-11 14:35:00,614,.00,20.00,0.10000000,,0,.500000,CACI,CHLOROPHYLL A CORRECTED INTEGRATED,UG/L,44.36750,-81.83389
201802002,2019-02-19 21:09:31,CCGS LIMNOS,LAKE HURON,9,442757,-812713,30,19.91,2018-09-11 16:57:00,614,.00,18.00,0.10000000,,0,.500000,CACI,CHLOROPHYLL A CORRECTED INTEGRATED,UG/L,44.46583,-81.45361
201802002,2019-02-19 21:09:31,CCGS LIMNOS,LAKE HURON,10,443920,-812240,39,25.46,2018-09-11 18:30:00,614,.00,20.00,0.10000000,,0,.300000,CACI,CHLOROPHYLL A CORRECTED INTEGRATED,UG/L,44.65556,-81.37778
201802002,2019-02-19 21:09:31,CCGS LIMNOS,LAKE HURON,10,443920,-812240,39,25.46,2018-09-11 18:30:00,614,.00,20.00,0.10000000,,1,.200000,CACI,CHLOROPHYLL A CORRECTED INTEGRATED,UG/L,44.65556,-81.37778
201802002,2019-02-19 21:09:31,CCGS LIMNOS,LAKE HURON,11,445354,-812617,40,20.6,2018-09-11 21:16:00,614,.00,18.00,0.10000000,,0,.400000,CACI,CHLOROPHYLL A CORRECTED INTEGRATED,UG/L,44.89833,-81.43806
201802002,2019-02-19 21:09:31,CCGS LIMNOS,LAKE HURON,12,444425,-820324,38,134.62,2018-09-12 00:30:00,614,.00,20.00,0.10000000,,0,-88.880000,CACI,CHLOROPHYLL A CORRECTED INTEGRATED,UG/L,44.74028,-82.05667
201802002,2019-02-19 21:09:31,CCGS LIMNOS,LAKE HURON,13,450106,-815835,43,173.44,2018-09-12 03:39:00,614,.00,20.00,0.10000000,,0,.400000,CACI,CHLOROPHYLL A CORRECTED INTEGRATED,UG/L,45.01833,-81.97639
201802002,2019-02-19 21:09:31,CCGS LIMNOS,LAKE HURON,14,450459,-813213,41,21.37,2018-09-12 05:44:00,614,.00,20.00,0.10000000,,0,.400000,CACI,CHLOROPHYLL A CORRECTED INTEGRATED,UG/L,45.08306,-81.53694
201802002,2019-02-19 21:09:31,CCGS LIMNOS,LAKE HURON,15,451315,-814914,42,43.58,2018-09-12 07:39:00,614,.00,20.00,0.10000000,,0,.100000,CACI,CHLOROPHYLL A CORRECTED INTEGRATED,UG/L,45.22083,-81.82056
201802002,2019-02-19 21:09:31,CCGS LIMNOS,LAKE HURON,15,451315,-814914,42,43.58,2018-09-12 07:39:00,614,.00,20.00,0.10000000,,1,.100000,CACI,CHLOROPHYLL A CORRECTED INTEGRATED,UG/L,45.22083,-81.82056
201802002,2019-02-19 21:09:31,CCGS LIMNOS,LAKE HURON,16,451644,-822704,48,110.28,2018-09-12 10:54:00,614,.00,20.00,0.10000000,,0,.400000,CACI,CHLOROPHYLL A CORRECTED INTEGRATED,UG/L,45.27889,-82.45111
201802002,2019-02-19 21:09:31,CCGS LIMNOS,LAKE HURON,17,453209,-820244,50,26.19,2018-09-12 13:40:00,614,.00,20.00,0.10000000,,0,.200000,CACI,CHLOROPHYLL A CORRECTED INTEGRATED,UG/L,45.53583,-82.04556
201802002,2019-02-19 21:09:31,CCGS LIMNOS,LAKE HURON,18,453904,-823850,52,65.02,2018-09-12 17:13:00,614,.00,20.00,0.10000000,,0,.400000,CACI,CHLOROPHYLL A CORRECTED INTEGRATED,UG/L,45.65111,-82.64722
201802002,2019-02-19 21:09:31,CCGS LIMNOS,LAKE HURON,19,454559,-830141,59,17.98,2018-09-12 19:44:00,614,.00,16.00,0.10000000,,0,.200000,CACI,CHLOROPHYLL A CORRECTED INTEGRATED,UG/L,45.76639,-83.02806
201802002,2019-02-19 21:09:31,CCGS LIMNOS,LAKE HURON,20,455200,-831558,58,12.75,2018-09-12 21:24:00,614,.00,11.00,0.10000000,,0,.400000,CACI,CHLOROPHYLL A CORRECTED INTEGRATED,UG/L,45.86667,-83.26611
201802002,2019-02-19 21:09:31,CCGS LIMNOS,LAKE HURON,20,455200,-831558,58,12.75,2018-09-12 21:24:00,614,.00,11.00,0.10000000,,1,.200000,CACI,CHLOROPHYLL A CORRECTED INTEGRATED,UG/L,45.86667,-83.26611
201802002,2019-02-19 21:09:31,CCGS LIMNOS,LAKE HURON,21,455404,-833110,60,24.14,2018-09-12 23:15:00,614,.00,20.00,0.10000000,,0,.600000,CACI,CHLOROPHYLL A CORRECTED INTEGRATED,UG/L,45.90111,-83.51944
201802002,2019-02-19 21:09:31,CCGS LIMNOS,LAKE HURON,22,455959,-832600,76,58.38,2018-09-13 00:29:00,614,.00,20.00,0.10000000,,0,.700000,CACI,CHLOROPHYLL A CORRECTED INTEGRATED,UG/L,45.99972,-83.43333
201802002,2019-02-19 21:09:31,CCGS LIMNOS,LAKE HURON,23,455814,-831157,77,77.89,2018-09-13 01:46:00,614,.00,20.00,0.10000000,,0,.700000,CACI,CHLOROPHYLL A CORRECTED INTEGRATED,UG/L,45.97056,-83.19917
201802002,2019-02-19 21:09:31,CCGS LIMNOS,LAKE HURON,24,455612,-824534,82,28.12,2018-09-13 04:52:00,614,.00,20.00,0.10000000,,0,.700000,CACI,CHLOROPHYLL A CORRECTED INTEGRATED,UG/L,45.93667,-82.75944
201802002,2019-02-19 21:09:31,CCGS LIMNOS,LAKE HURON,25,455959,-823301,83,31.13,2018-09-13 06:16:00,614,.00,20.00,0.10000000,,0,.700000,CACI,CHLOROPHYLL A CORRECTED INTEGRATED,UG/L,45.99972,-82.55028
201802002,2019-02-19 21:09:31,CCGS LIMNOS,LAKE HURON,25,455959,-823301,83,31.13,2018-09-13 06:16:00,614,.00,20.00,0.10000000,,1,.900000,CACI,CHLOROPHYLL A CORRECTED INTEGRATED,UG/L,45.99972,-82.55028
201802002,2019-02-19 21:09:31,CCGS LIMNOS,LAKE HURON,26,460340,-821149,87,43.68,2018-09-13 08:08:00,614,.00,20.00,0.10000000,,0,1.100000,CACI,CHLOROPHYLL A CORRECTED INTEGRATED,UG/L,46.06111,-82.19694
201802002,2019-02-19 21:09:31,CCGS LIMNOS,LAKE HURON,27,460319,-820000,88,35.75,2018-09-13 09:21:00,614,.00,20.00,0.10000000,,0,1.400000,CACI,CHLOROPHYLL A CORRECTED INTEGRATED,UG/L,46.05528,-82.00000
201802002,2019-02-19 21:09:31,CCGS LIMNOS,LAKE HURON,28,455459,-820940,89,38.74,2018-09-13 11:07:00,614,.00,20.00,0.10000000,,0,1.400000,CACI,CHLOROPHYLL A CORRECTED INTEGRATED,UG/L,45.91639,-82.16111
201802002,2019-02-19 21:09:31,CCGS LIMNOS,LAKE HURON,29,460630,-825048,84,35.65,2018-09-13 15:44:00,614,.00,20.00,0.10000000,,0,.700000,CACI,CHLOROPHYLL A CORRECTED INTEGRATED,UG/L,46.10833,-82.84667
201802002,2019-02-19 21:09:31,CCGS LIMNOS,LAKE HURON,30,460722,-825305,79,25.79,2018-09-13 15:58:00,614,.00,1.00,0.10000000,,0,1.400000,CACI,CHLOROPHYLL A CORRECTED INTEGRATED,UG/L,46.12278,-82.88472
201802002,2019-02-19 21:09:31,CCGS LIMNOS,LAKE HURON,30,460722,-825305,79,25.79,2018-09-13 15:58:00,614,.00,12.00,0.10000000,,0,1.100000,CACI,CHLOROPHYLL A CORRECTED INTEGRATED,UG/L,46.12278,-82.88472
201802002,2019-02-19 21:09:31,CCGS LIMNOS,LAKE HURON,30,460722,-825305,79,25.79,2018-09-13 15:58:00,614,.00,16.00,0.10000000,,0,.500000,CACI,CHLOROPHYLL A CORRECTED INTEGRATED,UG/L,46.12278,-82.88472
201802002,2019-02-19 21:09:31,CCGS LIMNOS,LAKE HURON,30,460722,-825305,79,25.79,2018-09-13 15:58:00,614,.00,20.00,0.10000000,,0,.500000,CACI,CHLOROPHYLL A CORRECTED INTEGRATED,UG/L,46.12278,-82.88472
201802002,2019-02-19 21:09:31,CCGS LIMNOS,LAKE HURON,30,460722,-825305,79,25.79,2018-09-13 15:58:00,614,.00,20.00,0.10000000,,1,.700000,CACI,CHLOROPHYLL A CORRECTED INTEGRATED,UG/L,46.12278,-82.88472
201802002,2019-02-19 21:09:31,CCGS LIMNOS,LAKE HURON,30,460722,-825305,79,25.79,2018-09-13 15:58:00,614,.00,24.00,0.10000000,,0,.400000,CACI,CHLOROPHYLL A CORRECTED INTEGRATED,UG/L,46.12278,-82.88472
201802002,2019-02-19 21:09:31,CCGS LIMNOS,LAKE HURON,31,461112,-832116,73,18.83,2018-09-13 18:56:00,614,.00,16.50,0.10000000,,0,1.400000,CACI,CHLOROPHYLL A CORRECTED INTEGRATED,UG/L,46.18667,-83.35444
201802002,2019-02-19 21:09:31,CCGS LIMNOS,LAKE HURON,32,461401,-834445,71,35.37,2018-09-13 20:51:00,614,.00,20.00,0.10000000,,0,1.600000,CACI,CHLOROPHYLL A CORRECTED INTEGRATED,UG/L,46.23361,-83.74583
201802002,2019-02-19 21:09:31,CCGS LIMNOS,LAKE HURON,33,460813,-834020,70,21.61,2018-09-13 22:05:00,614,.00,20.00,0.10000000,,0,.600000,CACI,CHLOROPHYLL A CORRECTED INTEGRATED,UG/L,46.13694,-83.67222
201802002,2019-02-19 21:09:31,CCGS LIMNOS,LAKE HURON,34,460232,-835109,68,16.63,2018-09-13 23:31:00,614,.00,15.00,0.10000000,,0,1.100000,CACI,CHLOROPHYLL A CORRECTED INTEGRATED,UG/L,46.04222,-83.85250
201802002,2019-02-19 21:09:31,CCGS LIMNOS,LAKE HURON,35,460440,-840138,69,10.72,2018-09-14 00:42:00,614,.00,9.00,0.10000000,,0,.700000,CACI,CHLOROPHYLL A CORRECTED INTEGRATED,UG/L,46.07778,-84.02722
201802002,2019-02-19 21:09:31,CCGS LIMNOS,LAKE HURON,35,460440,-840138,69,10.72,2018-09-14 00:42:00,614,.00,9.00,0.10000000,,1,.400000,CACI,CHLOROPHYLL A CORRECTED INTEGRATED,UG/L,46.07778,-84.02722
201802002,2019-02-19 21:09:31,CCGS LIMNOS,LAKE HURON,36,455610,-835359,67,29.3,2018-09-14 02:17:00,614,.00,20.00,0.10000000,,0,.400000,CACI,CHLOROPHYLL A CORRECTED INTEGRATED,UG/L,45.93611,-83.89972
201802002,2019-02-19 21:09:31,CCGS LIMNOS,LAKE HURON,37,455151,-841743,66,67.4,2018-09-14 04:24:00,614,.00,20.00,0.10000000,,0,.600000,CACI,CHLOROPHYLL A CORRECTED INTEGRATED,UG/L,45.86417,-84.29528
201802002,2019-02-19 21:09:31,CCGS LIMNOS,LAKE HURON,38,455041,-843358,65,58.91,2018-09-14 06:01:00,614,.00,20.00,0.10000000,,0,.500000,CACI,CHLOROPHYLL A CORRECTED INTEGRATED,UG/L,45.84472,-84.56611
201802002,2019-02-19 21:09:31,CCGS LIMNOS,LAKE HURON,39,454846,-844515,64,35.89,2018-09-14 07:17:00,614,.00,20.00,0.10000000,,0,.500000,CACI,CHLOROPHYLL A CORRECTED INTEGRATED,UG/L,45.81278,-84.75417
201802002,2019-02-19 21:09:31,CCGS LIMNOS,LAKE HURON,40,454218,-843037,63,15.8,2018-09-14 09:01:00,614,.00,13.50,0.10000000,,0,.600000,CACI,CHLOROPHYLL A CORRECTED INTEGRATED,UG/L,45.70500,-84.51028
201802002,2019-02-19 21:09:31,CCGS LIMNOS,LAKE HURON,40,454218,-843037,63,15.8,2018-09-14 09:01:00,614,.00,13.50,0.10000000,,1,.400000,CACI,CHLOROPHYLL A CORRECTED INTEGRATED,UG/L,45.70500,-84.51028
201802002,2019-02-19 21:09:31,CCGS LIMNOS,LAKE HURON,41,454025,-841106,62,44.24,2018-09-14 11:05:00,614,.00,20.00,0.10000000,,0,.500000,CACI,CHLOROPHYLL A CORRECTED INTEGRATED,UG/L,45.67361,-84.18500
201802002,2019-02-19 21:09:31,CCGS LIMNOS,LAKE HURON,42,453102,-840501,56,21.54,2018-09-14 12:13:00,614,.00,20.00,0.10000000,,0,.900000,CACI,CHLOROPHYLL A CORRECTED INTEGRATED,UG/L,45.51722,-84.08361
201802002,2019-02-19 21:09:31,CCGS LIMNOS,LAKE HURON,43,453102,-832500,54,118.94,2018-09-14 15:26:00,614,.00,20.00,0.10000000,,0,.500000,CACI,CHLOROPHYLL A CORRECTED INTEGRATED,UG/L,45.51722,-83.41667
201802002,2019-02-19 21:09:31,CCGS LIMNOS,LAKE HURON,44,451515,-832047,47,22.2,2018-09-14 18:07:00,614,.00,20.00,0.10000000,,0,.900000,CACI,CHLOROPHYLL A CORRECTED INTEGRATED,UG/L,45.25417,-83.34639
201802002,2019-02-19 21:09:31,CCGS LIMNOS,LAKE HURON,45,450228,-832233,36,8.8,2018-09-14 21:27:00,614,.00,7.00,0.10000000,,0,.900000,CACI,CHLOROPHYLL A CORRECTED INTEGRATED,UG/L,45.04111,-83.37583
201802002,2019-02-19 21:09:31,CCGS LIMNOS,LAKE HURON,45,450228,-832233,36,8.8,2018-09-14 21:27:00,614,.00,7.00,0.10000000,,1,.700000,CACI,CHLOROPHYLL A CORRECTED INTEGRATED,UG/L,45.04111,-83.37583
201802002,2019-02-19 21:09:31,CCGS LIMNOS,LAKE HURON,46,450059,-824110,44,164.4,2018-09-15 01:10:00,614,.00,20.00,0.10000000,,0,.900000,CACI,CHLOROPHYLL A CORRECTED INTEGRATED,UG/L,45.01639,-82.68611
201802002,2019-02-19 21:09:31,CCGS LIMNOS,LAKE HURON,47,442958,-824952,33,72.14,2018-09-15 05:40:00,614,.00,20.00,0.10000000,,0,.500000,CACI,CHLOROPHYLL A CORRECTED INTEGRATED,UG/L,44.49944,-82.83111
201802002,2019-02-19 21:09:31,CCGS LIMNOS,LAKE HURON,48,441246,-832216,95,20.19,2018-09-15 09:12:00,614,.00,18.00,0.10000000,,0,.700000,CACI,CHLOROPHYLL A CORRECTED INTEGRATED,UG/L,44.21278,-83.37111
201802002,2019-02-19 21:09:31,CCGS LIMNOS,LAKE HURON,49,440653,-833141,97,10.88,2018-09-15 10:39:00,614,.00,9.00,0.10000000,,0,5.500000,CACI,CHLOROPHYLL A CORRECTED INTEGRATED,UG/L,44.11472,-83.52806
201802002,2019-02-19 21:09:31,CCGS LIMNOS,LAKE HURON,50,435835,-833432,98,10.97,2018-09-15 12:00:00,614,.00,9.00,0.10000000,,0,7.300000,CACI,CHLOROPHYLL A CORRECTED INTEGRATED,UG/L,43.97639,-83.57556
201802002,2019-02-19 21:09:31,CCGS LIMNOS,LAKE HURON,50,435835,-833432,98,10.97,2018-09-15 12:00:00,614,.00,9.00,0.10000000,,1,4.400000,CACI,CHLOROPHYLL A CORRECTED INTEGRATED,UG/L,43.97639,-83.57556
201802002,2019-02-19 21:09:31,CCGS LIMNOS,LAKE HURON,51,435431,-834430,99,7.32,2018-09-15 13:15:00,614,.00,5.50,0.10000000,,0,5.000000,CACI,CHLOROPHYLL A CORRECTED INTEGRATED,UG/L,43.90861,-83.74167
201802002,2019-02-19 21:09:31,CCGS LIMNOS,LAKE HURON,52,434930,-834901,100,7.02,2018-09-15 14:06:00,614,.00,5.00,0.10000000,,0,2.700000,CACI,CHLOROPHYLL A CORRECTED INTEGRATED,UG/L,43.82500,-83.81694
201802002,2019-02-19 21:09:31,CCGS LIMNOS,LAKE HURON,53,434914,-833733,101,6.11,2018-09-15 15:22:00,614,.00,4.00,0.10000000,,0,4.000000,CACI,CHLOROPHYLL A CORRECTED INTEGRATED,UG/L,43.82056,-83.62583
201802002,2019-02-19 21:09:31,CCGS LIMNOS,LAKE HURON,54,440735,-831019,96,29.29,2018-09-15 19:16:00,614,.00,20.00,0.10000000,,0,.200000,CACI,CHLOROPHYLL A CORRECTED INTEGRATED,UG/L,44.12639,-83.17194
201802002,2019-02-19 21:09:31,CCGS LIMNOS,LAKE HURON,55,441257,-830504,20,45.7,2018-09-15 20:13:00,614,.00,20.00,0.10000000,,0,.700000,CACI,CHLOROPHYLL A CORRECTED INTEGRATED,UG/L,44.21583,-83.08444
201802002,2019-02-19 21:09:31,CCGS LIMNOS,LAKE HURON,55,441257,-830504,20,45.7,2018-09-15 20:13:00,614,.00,20.00,0.10000000,,1,.200000,CACI,CHLOROPHYLL A CORRECTED INTEGRATED,UG/L,44.21583,-83.08444
201802002,2019-02-19 21:09:31,CCGS LIMNOS,LAKE HURON,56,440602,-825202,17,14.94,2018-09-15 21:56:00,614,.00,13.00,0.10000000,,0,.500000,CACI,CHLOROPHYLL A CORRECTED INTEGRATED,UG/L,44.10056,-82.86722
201802002,2019-02-19 21:09:31,CCGS LIMNOS,LAKE HURON,57,441154,-823014,27,55.22,2018-09-16 00:02:00,614,.00,20.00,0.10000000,,0,.500000,CACI,CHLOROPHYLL A CORRECTED INTEGRATED,UG/L,44.19833,-82.50389
201802002,2019-02-19 21:09:31,CCGS LIMNOS,LAKE HURON,58,435632,-823956,14,13.16,2018-09-16 02:26:00,614,.00,11.00,0.10000000,,0,.400000,CACI,CHLOROPHYLL A CORRECTED INTEGRATED,UG/L,43.94222,-82.66556
201802002,2019-02-19 21:09:31,CCGS LIMNOS,LAKE HURON,59,434511,-823408,13,16.56,2018-09-16 04:02:00,614,.00,15.00,0.10000000,,0,.700000,CACI,CHLOROPHYLL A CORRECTED INTEGRATED,UG/L,43.75306,-82.56889
201802002,2019-02-19 21:09:31,CCGS LIMNOS,LAKE HURON,60,433800,-821300,9,58.92,2018-09-16 06:04:00,614,.00,20.00,0.10000000,,0,.100000,CACI,CHLOROPHYLL A CORRECTED INTEGRATED,UG/L,43.63333,-82.21667
201802002,2019-02-19 21:09:31,CCGS LIMNOS,LAKE HURON,60,433800,-821300,9,58.92,2018-09-16 06:04:00,614,.00,20.00,0.10000000,,1,.100000,CACI,CHLOROPHYLL A CORRECTED INTEGRATED,UG/L,43.63333,-82.21667
201802002,2019-02-19 21:09:31,CCGS LIMNOS,LAKE HURON,61,433358,-822903,8,29.67,2018-09-16 08:09:00,614,.00,20.00,0.10000000,,0,.600000,CACI,CHLOROPHYLL A CORRECTED INTEGRATED,UG/L,43.56611,-82.48417
201802002,2019-02-19 21:09:31,CCGS LIMNOS,LAKE HURON,62,432031,-823022,7,10.72,2018-09-16 09:45:00,614,.00,8.50,0.10000000,,0,.400000,CACI,CHLOROPHYLL A CORRECTED INTEGRATED,UG/L,43.34194,-82.50611
201802002,2019-02-19 21:09:31,CCGS LIMNOS,LAKE HURON,1,430524,-822330,1,10.34,2018-09-10 23:38:00,1178,1.00,.00,0.10000000,,0,79.900000,ALKCACO3,"TOTAL ALKALINITY, FILTERED",MG CACO3/L,43.09000,-82.39167
201802002,2019-02-19 21:09:31,CCGS LIMNOS,LAKE HURON,1,430524,-822330,1,10.34,2018-09-10 23:38:00,1178,8.00,.00,0.10000000,,0,78.400000,ALKCACO3,"TOTAL ALKALINITY, FILTERED",MG CACO3/L,43.09000,-82.39167
201802002,2019-02-19 21:09:31,CCGS LIMNOS,LAKE HURON,2,431524,-820219,3,14.91,2018-09-11 02:08:00,1178,1.00,.00,0.10000000,,0,80.100000,ALKCACO3,"TOTAL ALKALINITY, FILTERED",MG CACO3/L,43.25667,-82.03861
201802002,2019-02-19 21:09:31,CCGS LIMNOS,LAKE HURON,3,431928,-814722,4,9.81,2018-09-11 03:45:00,1178,1.00,.00,0.10000000,,0,79.900000,ALKCACO3,"TOTAL ALKALINITY, FILTERED",MG CACO3/L,43.32444,-81.78944
201802002,2019-02-19 21:09:31,CCGS LIMNOS,LAKE HURON,4,433252,-814440,5,11.12,2018-09-11 05:38:00,1178,1.00,.00,0.10000000,,0,79.500000,ALKCACO3,"TOTAL ALKALINITY, FILTERED",MG CACO3/L,43.54778,-81.74444
201802002,2019-02-19 21:09:31,CCGS LIMNOS,LAKE HURON,5,434508,-814655,10,12.08,2018-09-11 07:16:00,1178,1.00,.00,0.10000000,,0,78.600000,ALKCACO3,"TOTAL ALKALINITY, FILTERED",MG CACO3/L,43.75222,-81.78194
201802002,2019-02-19 21:09:31,CCGS LIMNOS,LAKE HURON,5,434508,-814655,10,12.08,2018-09-11 07:16:00,1178,1.00,.00,0.10000000,,1,78.400000,ALKCACO3,"TOTAL ALKALINITY, FILTERED",MG CACO3/L,43.75222,-81.78194
201802002,2019-02-19 21:09:31,CCGS LIMNOS,LAKE HURON,6,435325,-820319,12,87.02,2018-09-11 09:19:00,1178,1.00,.00,0.10000000,,0,78.900000,ALKCACO3,"TOTAL ALKALINITY, FILTERED",MG CACO3/L,43.89028,-82.05528
201802002,2019-02-19 21:09:31,CCGS LIMNOS,LAKE HURON,7,435722,-814711,11,9.94,2018-09-11 11:20:00,1178,1.00,.00,0.10000000,,0,79.600000,ALKCACO3,"TOTAL ALKALINITY, FILTERED",MG CACO3/L,43.95611,-81.78639
201802002,2019-02-19 21:09:31,CCGS LIMNOS,LAKE HURON,8,442203,-815002,29,124.4,2018-09-11 14:35:00,1178,1.00,.00,0.10000000,,0,78.600000,ALKCACO3,"TOTAL ALKALINITY, FILTERED",MG CACO3/L,44.36750,-81.83389
201802002,2019-02-19 21:09:31,CCGS LIMNOS,LAKE HURON,8,442203,-815002,29,124.4,2018-09-11 14:35:00,1178,10.00,.00,0.10000000,,0,78.300000,ALKCACO3,"TOTAL ALKALINITY, FILTERED",MG CACO3/L,44.36750,-81.83389
201802002,2019-02-19 21:09:31,CCGS LIMNOS,LAKE HURON,8,442203,-815002,29,124.4,2018-09-11 14:35:00,1178,14.00,.00,0.10000000,,0,78.500000,ALKCACO3,"TOTAL ALKALINITY, FILTERED",MG CACO3/L,44.36750,-81.83389
201802002,2019-02-19 21:09:31,CCGS LIMNOS,LAKE HURON,8,442203,-815002,29,124.4,2018-09-11 14:35:00,1178,20.00,.00,0.10000000,,0,78.100000,ALKCACO3,"TOTAL ALKALINITY, FILTERED",MG CACO3/L,44.36750,-81.83389
201802002,2019-02-19 21:09:31,CCGS LIMNOS,LAKE HURON,8,442203,-815002,29,124.4,2018-09-11 14:35:00,1178,114.00,.00,0.10000000,,0,78.700000,ALKCACO3,"TOTAL ALKALINITY, FILTERED",MG CACO3/L,44.36750,-81.83389
201802002,2019-02-19 21:09:31,CCGS LIMNOS,LAKE HURON,8,442203,-815002,29,124.4,2018-09-11 14:35:00,1178,122.00,.00,0.10000000,,0,78.100000,ALKCACO3,"TOTAL ALKALINITY, FILTERED",MG CACO3/L,44.36750,-81.83389
201802002,2019-02-19 21:09:31,CCGS LIMNOS,LAKE HURON,9,442757,-812713,30,19.91,2018-09-11 16:57:00,1178,1.00,.00,0.10000000,,0,80.700000,ALKCACO3,"TOTAL ALKALINITY, FILTERED",MG CACO3/L,44.46583,-81.45361
201802002,2019-02-19 21:09:31,CCGS LIMNOS,LAKE HURON,10,443920,-812240,39,25.46,2018-09-11 18:30:00,1178,1.00,.00,0.10000000,,0,79.300000,ALKCACO3,"TOTAL ALKALINITY, FILTERED",MG CACO3/L,44.65556,-81.37778
201802002,2019-02-19 21:09:31,CCGS LIMNOS,LAKE HURON,10,443920,-812240,39,25.46,2018-09-11 18:30:00,1178,1.00,.00,0.10000000,,1,78.900000,ALKCACO3,"TOTAL ALKALINITY, FILTERED",MG CACO3/L,44.65556,-81.37778
201802002,2019-02-19 21:09:31,CCGS LIMNOS,LAKE HURON,10,443920,-812240,39,25.46,2018-09-11 18:30:00,1178,998.00,.00,0.10000000,<,0,.100000,ALKCACO3,"TOTAL ALKALINITY, FILTERED",MG CACO3/L,44.65556,-81.37778
201802002,2019-02-19 21:09:31,CCGS LIMNOS,LAKE HURON,10,443920,-812240,39,25.46,2018-09-11 18:30:00,1178,999.00,.00,0.10000000,<,0,.100000,ALKCACO3,"TOTAL ALKALINITY, FILTERED",MG CACO3/L,44.65556,-81.37778
201802002,2019-02-19 21:09:31,CCGS LIMNOS,LAKE HURON,11,445354,-812617,40,20.6,2018-09-11 21:16:00,1178,1.00,.00,0.10000000,,0,78.600000,ALKCACO3,"TOTAL ALKALINITY, FILTERED",MG CACO3/L,44.89833,-81.43806
201802002,2019-02-19 21:09:31,CCGS LIMNOS,LAKE HURON,12,444425,-820324,38,134.62,2018-09-12 00:30:00,1178,1.00,.00,0.10000000,,0,77.700000,ALKCACO3,"TOTAL ALKALINITY, FILTERED",MG CACO3/L,44.74028,-82.05667
201802002,2019-02-19 21:09:31,CCGS LIMNOS,LAKE HURON,13,450106,-815835,43,173.44,2018-09-12 03:39:00,1178,1.00,.00,0.10000000,,0,78.500000,ALKCACO3,"TOTAL ALKALINITY, FILTERED",MG CACO3/L,45.01833,-81.97639
201802002,2019-02-19 21:09:31,CCGS LIMNOS,LAKE HURON,14,450459,-813213,41,21.37,2018-09-12 05:44:00,1178,1.00,.00,0.10000000,,0,78.700000,ALKCACO3,"TOTAL ALKALINITY, FILTERED",MG CACO3/L,45.08306,-81.53694
201802002,2019-02-19 21:09:31,CCGS LIMNOS,LAKE HURON,15,451315,-814914,42,43.58,2018-09-12 07:39:00,1178,1.00,.00,0.10000000,,0,78.200000,ALKCACO3,"TOTAL ALKALINITY, FILTERED",MG CACO3/L,45.22083,-81.82056
201802002,2019-02-19 21:09:31,CCGS LIMNOS,LAKE HURON,15,451315,-814914,42,43.58,2018-09-12 07:39:00,1178,1.00,.00,0.10000000,,1,77.900000,ALKCACO3,"TOTAL ALKALINITY, FILTERED",MG CACO3/L,45.22083,-81.82056
201802002,2019-02-19 21:09:31,CCGS LIMNOS,LAKE HURON,16,451644,-822704,48,110.28,2018-09-12 10:54:00,1178,1.00,.00,0.10000000,,0,75.800000,ALKCACO3,"TOTAL ALKALINITY, FILTERED",MG CACO3/L,45.27889,-82.45111
201802002,2019-02-19 21:09:31,CCGS LIMNOS,LAKE HURON,17,453209,-820244,50,26.19,2018-09-12 13:40:00,1178,1.00,.00,0.10000000,,0,77.700000,ALKCACO3,"TOTAL ALKALINITY, FILTERED",MG CACO3/L,45.53583,-82.04556
201802002,2019-02-19 21:09:31,CCGS LIMNOS,LAKE HURON,18,453904,-823850,52,65.02,2018-09-12 17:13:00,1178,1.00,.00,0.10000000,,0,78.200000,ALKCACO3,"TOTAL ALKALINITY, FILTERED",MG CACO3/L,45.65111,-82.64722
201802002,2019-02-19 21:09:31,CCGS LIMNOS,LAKE HURON,19,454559,-830141,59,17.98,2018-09-12 19:44:00,1178,1.00,.00,0.10000000,,0,77.300000,ALKCACO3,"TOTAL ALKALINITY, FILTERED",MG CACO3/L,45.76639,-83.02806
201802002,2019-02-19 21:09:31,CCGS LIMNOS,LAKE HURON,20,455200,-831558,58,12.75,2018-09-12 21:24:00,1178,1.00,.00,0.10000000,,0,77.100000,ALKCACO3,"TOTAL ALKALINITY, FILTERED",MG CACO3/L,45.86667,-83.26611
201802002,2019-02-19 21:09:31,CCGS LIMNOS,LAKE HURON,20,455200,-831558,58,12.75,2018-09-12 21:24:00,1178,1.00,.00,0.10000000,,1,76.900000,ALKCACO3,"TOTAL ALKALINITY, FILTERED",MG CACO3/L,45.86667,-83.26611
201802002,2019-02-19 21:09:31,CCGS LIMNOS,LAKE HURON,20,455200,-831558,58,12.75,2018-09-12 21:24:00,1178,998.00,.00,0.10000000,<,0,.100000,ALKCACO3,"TOTAL ALKALINITY, FILTERED",MG CACO3/L,45.86667,-83.26611
201802002,2019-02-19 21:09:31,CCGS LIMNOS,LAKE HURON,20,455200,-831558,58,12.75,2018-09-12 21:24:00,1178,999.00,.00,0.10000000,<,0,.100000,ALKCACO3,"TOTAL ALKALINITY, FILTERED",MG CACO3/L,45.86667,-83.26611
201802002,2019-02-19 21:09:31,CCGS LIMNOS,LAKE HURON,21,455404,-833110,60,24.14,2018-09-12 23:15:00,1178,1.00,.00,0.10000000,,0,75.400000,ALKCACO3,"TOTAL ALKALINITY, FILTERED",MG CACO3/L,45.90111,-83.51944
201802002,2019-02-19 21:09:31,CCGS LIMNOS,LAKE HURON,22,455959,-832600,76,58.38,2018-09-13 00:29:00,1178,1.00,.00,0.10000000,,0,67.300000,ALKCACO3,"TOTAL ALKALINITY, FILTERED",MG CACO3/L,45.99972,-83.43333
201802002,2019-02-19 21:09:31,CCGS LIMNOS,LAKE HURON,23,455814,-831157,77,77.89,2018-09-13 01:46:00,1178,1.00,.00,0.10000000,,0,70.500000,ALKCACO3,"TOTAL ALKALINITY, FILTERED",MG CACO3/L,45.97056,-83.19917
201802002,2019-02-19 21:09:31,CCGS LIMNOS,LAKE HURON,24,455612,-824534,82,28.12,2018-09-13 04:52:00,1178,1.00,.00,0.10000000,,0,61.800000,ALKCACO3,"TOTAL ALKALINITY, FILTERED",MG CACO3/L,45.93667,-82.75944
201802002,2019-02-19 21:09:31,CCGS LIMNOS,LAKE HURON,25,455959,-823301,83,31.13,2018-09-13 06:16:00,1178,1.00,.00,0.10000000,,0,61.700000,ALKCACO3,"TOTAL ALKALINITY, FILTERED",MG CACO3/L,45.99972,-82.55028
201802002,2019-02-19 21:09:31,CCGS LIMNOS,LAKE HURON,25,455959,-823301,83,31.13,2018-09-13 06:16:00,1178,1.00,.00,0.10000000,,1,61.900000,ALKCACO3,"TOTAL ALKALINITY, FILTERED",MG CACO3/L,45.99972,-82.55028
201802002,2019-02-19 21:09:31,CCGS LIMNOS,LAKE HURON,26,460340,-821149,87,43.68,2018-09-13 08:08:00,1178,1.00,.00,0.10000000,,0,62.600000,ALKCACO3,"TOTAL ALKALINITY, FILTERED",MG CACO3/L,46.06111,-82.19694
201802002,2019-02-19 21:09:31,CCGS LIMNOS,LAKE HURON,27,460319,-820000,88,35.75,2018-09-13 09:21:00,1178,1.00,.00,0.10000000,,0,62.800000,ALKCACO3,"TOTAL ALKALINITY, FILTERED",MG CACO3/L,46.05528,-82.00000
201802002,2019-02-19 21:09:31,CCGS LIMNOS,LAKE HURON,28,455459,-820940,89,38.74,2018-09-13 11:07:00,1178,1.00,.00,0.10000000,,0,62.500000,ALKCACO3,"TOTAL ALKALINITY, FILTERED",MG CACO3/L,45.91639,-82.16111
201802002,2019-02-19 21:09:31,CCGS LIMNOS,LAKE HURON,29,460630,-825048,84,35.65,2018-09-13 15:44:00,1178,1.00,.00,0.10000000,,0,62.000000,ALKCACO3,"TOTAL ALKALINITY, FILTERED",MG CACO3/L,46.10833,-82.84667
201802002,2019-02-19 21:09:31,CCGS LIMNOS,LAKE HURON,29,460630,-825048,84,35.65,2018-09-13 15:44:00,1178,12.00,.00,0.10000000,,0,62.200000,ALKCACO3,"TOTAL ALKALINITY, FILTERED",MG CACO3/L,46.10833,-82.84667
201802002,2019-02-19 21:09:31,CCGS LIMNOS,LAKE HURON,29,460630,-825048,84,35.65,2018-09-13 15:44:00,1178,14.00,.00,0.10000000,,0,62.900000,ALKCACO3,"TOTAL ALKALINITY, FILTERED",MG CACO3/L,46.10833,-82.84667
201802002,2019-02-19 21:09:31,CCGS LIMNOS,LAKE HURON,29,460630,-825048,84,35.65,2018-09-13 15:44:00,1178,16.00,.00,0.10000000,,0,62.800000,ALKCACO3,"TOTAL ALKALINITY, FILTERED",MG CACO3/L,46.10833,-82.84667
201802002,2019-02-19 21:09:31,CCGS LIMNOS,LAKE HURON,29,460630,-825048,84,35.65,2018-09-13 15:44:00,1178,34.00,.00,0.10000000,,0,70.800000,ALKCACO3,"TOTAL ALKALINITY, FILTERED",MG CACO3/L,46.10833,-82.84667
201802002,2019-02-19 21:09:31,CCGS LIMNOS,LAKE HURON,30,460722,-825305,79,25.79,2018-09-13 15:58:00,1178,1.00,.00,0.10000000,,0,61.700000,ALKCACO3,"TOTAL ALKALINITY, FILTERED",MG CACO3/L,46.12278,-82.88472
201802002,2019-02-19 21:09:31,CCGS LIMNOS,LAKE HURON,30,460722,-825305,79,25.79,2018-09-13 15:58:00,1178,1.00,.00,0.10000000,,1,61.900000,ALKCACO3,"TOTAL ALKALINITY, FILTERED",MG CACO3/L,46.12278,-82.88472
201802002,2019-02-19 21:09:31,CCGS LIMNOS,LAKE HURON,30,460722,-825305,79,25.79,2018-09-13 15:58:00,1178,12.00,.00,0.10000000,,0,62.400000,ALKCACO3,"TOTAL ALKALINITY, FILTERED",MG CACO3/L,46.12278,-82.88472
201802002,2019-02-19 21:09:31,CCGS LIMNOS,LAKE HURON,30,460722,-825305,79,25.79,2018-09-13 15:58:00,1178,16.00,.00,0.10000000,,0,67.000000,ALKCACO3,"TOTAL ALKALINITY, FILTERED",MG CACO3/L,46.12278,-82.88472
201802002,2019-02-19 21:09:31,CCGS LIMNOS,LAKE HURON,30,460722,-825305,79,25.79,2018-09-13 15:58:00,1178,24.00,.00,0.10000000,,0,67.100000,ALKCACO3,"TOTAL ALKALINITY, FILTERED",MG CACO3/L,46.12278,-82.88472
201802002,2019-02-19 21:09:31,CCGS LIMNOS,LAKE HURON,30,460722,-825305,79,25.79,2018-09-13 15:58:00,1178,998.00,.00,0.10000000,<,0,.100000,ALKCACO3,"TOTAL ALKALINITY, FILTERED",MG CACO3/L,46.12278,-82.88472
201802002,2019-02-19 21:09:31,CCGS LIMNOS,LAKE HURON,30,460722,-825305,79,25.79,2018-09-13 15:58:00,1178,999.00,.00,0.10000000,<,0,.100000,ALKCACO3,"TOTAL ALKALINITY, FILTERED",MG CACO3/L,46.12278,-82.88472
201802002,2019-02-19 21:09:31,CCGS LIMNOS,LAKE HURON,31,461112,-832116,73,18.83,2018-09-13 18:56:00,1178,1.00,.00,0.10000000,,0,62.000000,ALKCACO3,"TOTAL ALKALINITY, FILTERED",MG CACO3/L,46.18667,-83.35444
201802002,2019-02-19 21:09:31,CCGS LIMNOS,LAKE HURON,32,461401,-834445,71,35.37,2018-09-13 20:51:00,1178,1.00,.00,0.10000000,,0,48.800000,ALKCACO3,"TOTAL ALKALINITY, FILTERED",MG CACO3/L,46.23361,-83.74583
201802002,2019-02-19 21:09:31,CCGS LIMNOS,LAKE HURON,32,461401,-834445,71,35.37,2018-09-13 20:51:00,1178,23.00,.00,0.10000000,,0,54.200000,ALKCACO3,"TOTAL ALKALINITY, FILTERED",MG CACO3/L,46.23361,-83.74583
201802002,2019-02-19 21:09:31,CCGS LIMNOS,LAKE HURON,32,461401,-834445,71,35.37,2018-09-13 20:51:00,1178,27.00,.00,0.10000000,,0,53.300000,ALKCACO3,"TOTAL ALKALINITY, FILTERED",MG CACO3/L,46.23361,-83.74583
201802002,2019-02-19 21:09:31,CCGS LIMNOS,LAKE HURON,32,461401,-834445,71,35.37,2018-09-13 20:51:00,1178,31.00,.00,0.10000000,,0,60.500000,ALKCACO3,"TOTAL ALKALINITY, FILTERED",MG CACO3/L,46.23361,-83.74583
201802002,2019-02-19 21:09:31,CCGS LIMNOS,LAKE HURON,32,461401,-834445,71,35.37,2018-09-13 20:51:00,1178,33.00,.00,0.10000000,,0,60.300000,ALKCACO3,"TOTAL ALKALINITY, FILTERED",MG CACO3/L,46.23361,-83.74583
201802002,2019-02-19 21:09:31,CCGS LIMNOS,LAKE HURON,33,460813,-834020,70,21.61,2018-09-13 22:05:00,1178,1.00,.00,0.10000000,,0,55.700000,ALKCACO3,"TOTAL ALKALINITY, FILTERED",MG CACO3/L,46.13694,-83.67222
201802002,2019-02-19 21:09:31,CCGS LIMNOS,LAKE HURON,34,460232,-835109,68,16.63,2018-09-13 23:31:00,1178,1.00,.00,0.10000000,,0,46.100000,ALKCACO3,"TOTAL ALKALINITY, FILTERED",MG CACO3/L,46.04222,-83.85250
201802002,2019-02-19 21:09:31,CCGS LIMNOS,LAKE HURON,35,460440,-840138,69,10.72,2018-09-14 00:42:00,1178,1.00,.00,0.10000000,,0,43.700000,ALKCACO3,"TOTAL ALKALINITY, FILTERED",MG CACO3/L,46.07778,-84.02722
201802002,2019-02-19 21:09:31,CCGS LIMNOS,LAKE HURON,35,460440,-840138,69,10.72,2018-09-14 00:42:00,1178,1.00,.00,0.10000000,,1,43.500000,ALKCACO3,"TOTAL ALKALINITY, FILTERED",MG CACO3/L,46.07778,-84.02722
201802002,2019-02-19 21:09:31,CCGS LIMNOS,LAKE HURON,35,460440,-840138,69,10.72,2018-09-14 00:42:00,1178,9.00,.00,0.10000000,,0,43.800000,ALKCACO3,"TOTAL ALKALINITY, FILTERED",MG CACO3/L,46.07778,-84.02722
201802002,2019-02-19 21:09:31,CCGS LIMNOS,LAKE HURON,36,455610,-835359,67,29.3,2018-09-14 02:17:00,1178,1.00,.00,0.10000000,,0,68.400000,ALKCACO3,"TOTAL ALKALINITY, FILTERED",MG CACO3/L,45.93611,-83.89972
201802002,2019-02-19 21:09:31,CCGS LIMNOS,LAKE HURON,37,455151,-841743,66,67.4,2018-09-14 04:24:00,1178,1.00,.00,0.10000000,,0,72.300000,ALKCACO3,"TOTAL ALKALINITY, FILTERED",MG CACO3/L,45.86417,-84.29528
201802002,2019-02-19 21:09:31,CCGS LIMNOS,LAKE HURON,38,455041,-843358,65,58.91,2018-09-14 06:01:00,1178,1.00,.00,0.10000000,,0,84.100000,ALKCACO3,"TOTAL ALKALINITY, FILTERED",MG CACO3/L,45.84472,-84.56611
201802002,2019-02-19 21:09:31,CCGS LIMNOS,LAKE HURON,39,454846,-844515,64,35.89,2018-09-14 07:17:00,1178,1.00,.00,0.10000000,,0,88.400000,ALKCACO3,"TOTAL ALKALINITY, FILTERED",MG CACO3/L,45.81278,-84.75417
201802002,2019-02-19 21:09:31,CCGS LIMNOS,LAKE HURON,39,454846,-844515,64,35.89,2018-09-14 07:17:00,1178,19.00,.00,0.10000000,,0,90.100000,ALKCACO3,"TOTAL ALKALINITY, FILTERED",MG CACO3/L,45.81278,-84.75417
201802002,2019-02-19 21:09:31,CCGS LIMNOS,LAKE HURON,39,454846,-844515,64,35.89,2018-09-14 07:17:00,1178,22.00,.00,0.10000000,,0,89.400000,ALKCACO3,"TOTAL ALKALINITY, FILTERED",MG CACO3/L,45.81278,-84.75417
201802002,2019-02-19 21:09:31,CCGS LIMNOS,LAKE HURON,39,454846,-844515,64,35.89,2018-09-14 07:17:00,1178,30.00,.00,0.10000000,,0,86.700000,ALKCACO3,"TOTAL ALKALINITY, FILTERED",MG CACO3/L,45.81278,-84.75417
201802002,2019-02-19 21:09:31,CCGS LIMNOS,LAKE HURON,39,454846,-844515,64,35.89,2018-09-14 07:17:00,1178,34.00,.00,0.10000000,,0,86.800000,ALKCACO3,"TOTAL ALKALINITY, FILTERED",MG CACO3/L,45.81278,-84.75417
201802002,2019-02-19 21:09:31,CCGS LIMNOS,LAKE HURON,40,454218,-843037,63,15.8,2018-09-14 09:01:00,1178,1.00,.00,0.10000000,,0,89.100000,ALKCACO3,"TOTAL ALKALINITY, FILTERED",MG CACO3/L,45.70500,-84.51028
201802002,2019-02-19 21:09:31,CCGS LIMNOS,LAKE HURON,40,454218,-843037,63,15.8,2018-09-14 09:01:00,1178,1.00,.00,0.10000000,,1,89.100000,ALKCACO3,"TOTAL ALKALINITY, FILTERED",MG CACO3/L,45.70500,-84.51028
201802002,2019-02-19 21:09:31,CCGS LIMNOS,LAKE HURON,40,454218,-843037,63,15.8,2018-09-14 09:01:00,1178,998.00,.00,0.10000000,<,0,.100000,ALKCACO3,"TOTAL ALKALINITY, FILTERED",MG CACO3/L,45.70500,-84.51028
201802002,2019-02-19 21:09:31,CCGS LIMNOS,LAKE HURON,40,454218,-843037,63,15.8,2018-09-14 09:01:00,1178,999.00,.00,0.10000000,<,0,.100000,ALKCACO3,"TOTAL ALKALINITY, FILTERED",MG CACO3/L,45.70500,-84.51028
201802002,2019-02-19 21:09:31,CCGS LIMNOS,LAKE HURON,41,454025,-841106,62,44.24,2018-09-14 11:05:00,1178,1.00,.00,0.10000000,,0,74.000000,ALKCACO3,"TOTAL ALKALINITY, FILTERED",MG CACO3/L,45.67361,-84.18500
201802002,2019-02-19 21:09:31,CCGS LIMNOS,LAKE HURON,42,453102,-840501,56,21.54,2018-09-14 12:13:00,1178,1.00,.00,0.10000000,,0,83.300000,ALKCACO3,"TOTAL ALKALINITY, FILTERED",MG CACO3/L,45.51722,-84.08361
201802002,2019-02-19 21:09:31,CCGS LIMNOS,LAKE HURON,43,453102,-832500,54,118.94,2018-09-14 15:26:00,1178,1.00,.00,0.10000000,,0,77.000000,ALKCACO3,"TOTAL ALKALINITY, FILTERED",MG CACO3/L,45.51722,-83.41667
201802002,2019-02-19 21:09:31,CCGS LIMNOS,LAKE HURON,43,453102,-832500,54,118.94,2018-09-14 15:26:00,1178,3.00,.00,0.10000000,,0,77.300000,ALKCACO3,"TOTAL ALKALINITY, FILTERED",MG CACO3/L,45.51722,-83.41667
201802002,2019-02-19 21:09:31,CCGS LIMNOS,LAKE HURON,43,453102,-832500,54,118.94,2018-09-14 15:26:00,1178,15.00,.00,0.10000000,,0,76.100000,ALKCACO3,"TOTAL ALKALINITY, FILTERED",MG CACO3/L,45.51722,-83.41667
201802002,2019-02-19 21:09:31,CCGS LIMNOS,LAKE HURON,43,453102,-832500,54,118.94,2018-09-14 15:26:00,1178,30.00,.00,0.10000000,,0,76.200000,ALKCACO3,"TOTAL ALKALINITY, FILTERED",MG CACO3/L,45.51722,-83.41667
201802002,2019-02-19 21:09:31,CCGS LIMNOS,LAKE HURON,43,453102,-832500,54,118.94,2018-09-14 15:26:00,1178,107.00,.00,0.10000000,,0,78.300000,ALKCACO3,"TOTAL ALKALINITY, FILTERED",MG CACO3/L,45.51722,-83.41667
201802002,2019-02-19 21:09:31,CCGS LIMNOS,LAKE HURON,43,453102,-832500,54,118.94,2018-09-14 15:26:00,1178,117.00,.00,0.10000000,,0,78.400000,ALKCACO3,"TOTAL ALKALINITY, FILTERED",MG CACO3/L,45.51722,-83.41667
201802002,2019-02-19 21:09:31,CCGS LIMNOS,LAKE HURON,44,451515,-832047,47,22.2,2018-09-14 18:07:00,1178,1.00,.00,0.10000000,,0,83.400000,ALKCACO3,"TOTAL ALKALINITY, FILTERED",MG CACO3/L,45.25417,-83.34639
201802002,2019-02-19 21:09:31,CCGS LIMNOS,LAKE HURON,45,450228,-832233,36,8.8,2018-09-14 21:27:00,1178,1.00,.00,0.10000000,,0,77.000000,ALKCACO3,"TOTAL ALKALINITY, FILTERED",MG CACO3/L,45.04111,-83.37583
201802002,2019-02-19 21:09:31,CCGS LIMNOS,LAKE HURON,45,450228,-832233,36,8.8,2018-09-14 21:27:00,1178,1.00,.00,0.10000000,,1,77.100000,ALKCACO3,"TOTAL ALKALINITY, FILTERED",MG CACO3/L,45.04111,-83.37583
201802002,2019-02-19 21:09:31,CCGS LIMNOS,LAKE HURON,45,450228,-832233,36,8.8,2018-09-14 21:27:00,1178,7.00,.00,0.10000000,,0,77.300000,ALKCACO3,"TOTAL ALKALINITY, FILTERED",MG CACO3/L,45.04111,-83.37583
201802002,2019-02-19 21:09:31,CCGS LIMNOS,LAKE HURON,46,450059,-824110,44,164.4,2018-09-15 01:10:00,1178,1.00,.00,0.10000000,,0,79.700000,ALKCACO3,"TOTAL ALKALINITY, FILTERED",MG CACO3/L,45.01639,-82.68611
201802002,2019-02-19 21:09:31,CCGS LIMNOS,LAKE HURON,46,450059,-824110,44,164.4,2018-09-15 01:10:00,1178,18.00,.00,0.10000000,,0,80.000000,ALKCACO3,"TOTAL ALKALINITY, FILTERED",MG CACO3/L,45.01639,-82.68611
201802002,2019-02-19 21:09:31,CCGS LIMNOS,LAKE HURON,46,450059,-824110,44,164.4,2018-09-15 01:10:00,1178,30.00,.00,0.10000000,,0,79.000000,ALKCACO3,"TOTAL ALKALINITY, FILTERED",MG CACO3/L,45.01639,-82.68611
201802002,2019-02-19 21:09:31,CCGS LIMNOS,LAKE HURON,46,450059,-824110,44,164.4,2018-09-15 01:10:00,1178,42.00,.00,0.10000000,,0,79.100000,ALKCACO3,"TOTAL ALKALINITY, FILTERED",MG CACO3/L,45.01639,-82.68611
201802002,2019-02-19 21:09:31,CCGS LIMNOS,LAKE HURON,46,450059,-824110,44,164.4,2018-09-15 01:10:00,1178,100.00,.00,0.10000000,,0,79.000000,ALKCACO3,"TOTAL ALKALINITY, FILTERED",MG CACO3/L,45.01639,-82.68611
201802002,2019-02-19 21:09:31,CCGS LIMNOS,LAKE HURON,46,450059,-824110,44,164.4,2018-09-15 01:10:00,1178,154.00,.00,0.10000000,,0,79.000000,ALKCACO3,"TOTAL ALKALINITY, FILTERED",MG CACO3/L,45.01639,-82.68611
201802002,2019-02-19 21:09:31,CCGS LIMNOS,LAKE HURON,46,450059,-824110,44,164.4,2018-09-15 01:10:00,1178,162.00,.00,0.10000000,,0,79.300000,ALKCACO3,"TOTAL ALKALINITY, FILTERED",MG CACO3/L,45.01639,-82.68611
201802002,2019-02-19 21:09:31,CCGS LIMNOS,LAKE HURON,47,442958,-824952,33,72.14,2018-09-15 05:40:00,1178,1.00,.00,0.10000000,,0,76.200000,ALKCACO3,"TOTAL ALKALINITY, FILTERED",MG CACO3/L,44.49944,-82.83111
201802002,2019-02-19 21:09:31,CCGS LIMNOS,LAKE HURON,48,441246,-832216,95,20.19,2018-09-15 09:12:00,1178,1.00,.00,0.10000000,,0,79.300000,ALKCACO3,"TOTAL ALKALINITY, FILTERED",MG CACO3/L,44.21278,-83.37111
201802002,2019-02-19 21:09:31,CCGS LIMNOS,LAKE HURON,48,441246,-832216,95,20.19,2018-09-15 09:12:00,1178,16.50,.00,0.10000000,,0,79.200000,ALKCACO3,"TOTAL ALKALINITY, FILTERED",MG CACO3/L,44.21278,-83.37111
201802002,2019-02-19 21:09:31,CCGS LIMNOS,LAKE HURON,48,441246,-832216,95,20.19,2018-09-15 09:12:00,1178,18.00,.00,0.10000000,,0,79.800000,ALKCACO3,"TOTAL ALKALINITY, FILTERED",MG CACO3/L,44.21278,-83.37111
201802002,2019-02-19 21:09:31,CCGS LIMNOS,LAKE HURON,49,440653,-833141,97,10.88,2018-09-15 10:39:00,1178,1.00,.00,0.10000000,,0,88.000000,ALKCACO3,"TOTAL ALKALINITY, FILTERED",MG CACO3/L,44.11472,-83.52806
201802002,2019-02-19 21:09:31,CCGS LIMNOS,LAKE HURON,50,435835,-833432,98,10.97,2018-09-15 12:00:00,1178,1.00,.00,0.10000000,,0,90.100000,ALKCACO3,"TOTAL ALKALINITY, FILTERED",MG CACO3/L,43.97639,-83.57556
201802002,2019-02-19 21:09:31,CCGS LIMNOS,LAKE HURON,50,435835,-833432,98,10.97,2018-09-15 12:00:00,1178,1.00,.00,0.10000000,,1,89.400000,ALKCACO3,"TOTAL ALKALINITY, FILTERED",MG CACO3/L,43.97639,-83.57556
201802002,2019-02-19 21:09:31,CCGS LIMNOS,LAKE HURON,50,435835,-833432,98,10.97,2018-09-15 12:00:00,1178,998.00,.00,0.10000000,<,0,.100000,ALKCACO3,"TOTAL ALKALINITY, FILTERED",MG CACO3/L,43.97639,-83.57556
201802002,2019-02-19 21:09:31,CCGS LIMNOS,LAKE HURON,50,435835,-833432,98,10.97,2018-09-15 12:00:00,1178,999.00,.00,0.10000000,<,0,.100000,ALKCACO3,"TOTAL ALKALINITY, FILTERED",MG CACO3/L,43.97639,-83.57556
201802002,2019-02-19 21:09:31,CCGS LIMNOS,LAKE HURON,51,435431,-834430,99,7.32,2018-09-15 13:15:00,1178,1.00,.00,0.10000000,,0,92.200000,ALKCACO3,"TOTAL ALKALINITY, FILTERED",MG CACO3/L,43.90861,-83.74167
201802002,2019-02-19 21:09:31,CCGS LIMNOS,LAKE HURON,52,434930,-834901,100,7.02,2018-09-15 14:06:00,1178,1.00,.00,0.10000000,,0,93.500000,ALKCACO3,"TOTAL ALKALINITY, FILTERED",MG CACO3/L,43.82500,-83.81694
201802002,2019-02-19 21:09:31,CCGS LIMNOS,LAKE HURON,52,434930,-834901,100,7.02,2018-09-15 14:06:00,1178,5.00,.00,0.10000000,,0,93.000000,ALKCACO3,"TOTAL ALKALINITY, FILTERED",MG CACO3/L,43.82500,-83.81694
201802002,2019-02-19 21:09:31,CCGS LIMNOS,LAKE HURON,53,434914,-833733,101,6.11,2018-09-15 15:22:00,1178,1.00,.00,0.10000000,,0,92.000000,ALKCACO3,"TOTAL ALKALINITY, FILTERED",MG CACO3/L,43.82056,-83.62583
201802002,2019-02-19 21:09:31,CCGS LIMNOS,LAKE HURON,54,440735,-831019,96,29.29,2018-09-15 19:16:00,1178,1.00,.00,0.10000000,,0,79.600000,ALKCACO3,"TOTAL ALKALINITY, FILTERED",MG CACO3/L,44.12639,-83.17194
201802002,2019-02-19 21:09:31,CCGS LIMNOS,LAKE HURON,55,441257,-830504,20,45.7,2018-09-15 20:13:00,1178,1.00,.00,0.10000000,,0,79.300000,ALKCACO3,"TOTAL ALKALINITY, FILTERED",MG CACO3/L,44.21583,-83.08444
201802002,2019-02-19 21:09:31,CCGS LIMNOS,LAKE HURON,55,441257,-830504,20,45.7,2018-09-15 20:13:00,1178,1.00,.00,0.10000000,,1,79.000000,ALKCACO3,"TOTAL ALKALINITY, FILTERED",MG CACO3/L,44.21583,-83.08444
201802002,2019-02-19 21:09:31,CCGS LIMNOS,LAKE HURON,56,440602,-825202,17,14.94,2018-09-15 21:56:00,1178,1.00,.00,0.10000000,,0,79.300000,ALKCACO3,"TOTAL ALKALINITY, FILTERED",MG CACO3/L,44.10056,-82.86722
201802002,2019-02-19 21:09:31,CCGS LIMNOS,LAKE HURON,56,440602,-825202,17,14.94,2018-09-15 21:56:00,1178,13.00,.00,0.10000000,,0,79.500000,ALKCACO3,"TOTAL ALKALINITY, FILTERED",MG CACO3/L,44.10056,-82.86722
201802002,2019-02-19 21:09:31,CCGS LIMNOS,LAKE HURON,57,441154,-823014,27,55.22,2018-09-16 00:02:00,1178,1.00,.00,0.10000000,,0,78.300000,ALKCACO3,"TOTAL ALKALINITY, FILTERED",MG CACO3/L,44.19833,-82.50389
201802002,2019-02-19 21:09:31,CCGS LIMNOS,LAKE HURON,58,435632,-823956,14,13.16,2018-09-16 02:26:00,1178,1.00,.00,0.10000000,,0,79.500000,ALKCACO3,"TOTAL ALKALINITY, FILTERED",MG CACO3/L,43.94222,-82.66556
201802002,2019-02-19 21:09:31,CCGS LIMNOS,LAKE HURON,58,435632,-823956,14,13.16,2018-09-16 02:26:00,1178,11.00,.00,0.10000000,,0,79.900000,ALKCACO3,"TOTAL ALKALINITY, FILTERED",MG CACO3/L,43.94222,-82.66556
201802002,2019-02-19 21:09:31,CCGS LIMNOS,LAKE HURON,59,434511,-823408,13,16.56,2018-09-16 04:02:00,1178,1.00,.00,0.10000000,,0,79.400000,ALKCACO3,"TOTAL ALKALINITY, FILTERED",MG CACO3/L,43.75306,-82.56889
201802002,2019-02-19 21:09:31,CCGS LIMNOS,LAKE HURON,60,433800,-821300,9,58.92,2018-09-16 06:04:00,1178,1.00,.00,0.10000000,,0,79.100000,ALKCACO3,"TOTAL ALKALINITY, FILTERED",MG CACO3/L,43.63333,-82.21667
201802002,2019-02-19 21:09:31,CCGS LIMNOS,LAKE HURON,60,433800,-821300,9,58.92,2018-09-16 06:04:00,1178,1.00,.00,0.10000000,,1,79.000000,ALKCACO3,"TOTAL ALKALINITY, FILTERED",MG CACO3/L,43.63333,-82.21667
201802002,2019-02-19 21:09:31,CCGS LIMNOS,LAKE HURON,60,433800,-821300,9,58.92,2018-09-16 06:04:00,1178,25.00,.00,0.10000000,,0,78.400000,ALKCACO3,"TOTAL ALKALINITY, FILTERED",MG CACO3/L,43.63333,-82.21667
201802002,2019-02-19 21:09:31,CCGS LIMNOS,LAKE HURON,60,433800,-821300,9,58.92,2018-09-16 06:04:00,1178,29.00,.00,0.10000000,,0,78.600000,ALKCACO3,"TOTAL ALKALINITY, FILTERED",MG CACO3/L,43.63333,-82.21667
201802002,2019-02-19 21:09:31,CCGS LIMNOS,LAKE HURON,60,433800,-821300,9,58.92,2018-09-16 06:04:00,1178,37.00,.00,0.10000000,,0,78.400000,ALKCACO3,"TOTAL ALKALINITY, FILTERED",MG CACO3/L,43.63333,-82.21667
201802002,2019-02-19 21:09:31,CCGS LIMNOS,LAKE HURON,60,433800,-821300,9,58.92,2018-09-16 06:04:00,1178,49.00,.00,0.10000000,,0,78.500000,ALKCACO3,"TOTAL ALKALINITY, FILTERED",MG CACO3/L,43.63333,-82.21667
201802002,2019-02-19 21:09:31,CCGS LIMNOS,LAKE HURON,60,433800,-821300,9,58.92,2018-09-16 06:04:00,1178,57.00,.00,0.10000000,,0,78.800000,ALKCACO3,"TOTAL ALKALINITY, FILTERED",MG CACO3/L,43.63333,-82.21667
201802002,2019-02-19 21:09:31,CCGS LIMNOS,LAKE HURON,60,433800,-821300,9,58.92,2018-09-16 06:04:00,1178,998.00,.00,0.10000000,<,0,.100000,ALKCACO3,"TOTAL ALKALINITY, FILTERED",MG CACO3/L,43.63333,-82.21667
201802002,2019-02-19 21:09:31,CCGS LIMNOS,LAKE HURON,60,433800,-821300,9,58.92,2018-09-16 06:04:00,1178,999.00,.00,0.10000000,<,0,.100000,ALKCACO3,"TOTAL ALKALINITY, FILTERED",MG CACO3/L,43.63333,-82.21667
201802002,2019-02-19 21:09:31,CCGS LIMNOS,LAKE HURON,61,433358,-822903,8,29.67,2018-09-16 08:09:00,1178,1.00,.00,0.10000000,,0,78.800000,ALKCACO3,"TOTAL ALKALINITY, FILTERED",MG CACO3/L,43.56611,-82.48417
201802002,2019-02-19 21:09:31,CCGS LIMNOS,LAKE HURON,62,432031,-823022,7,10.72,2018-09-16 09:45:00,1178,1.00,.00,0.10000000,,0,79.000000,ALKCACO3,"TOTAL ALKALINITY, FILTERED",MG CACO3/L,43.34194,-82.50611
201802002,2019-02-19 21:09:31,CCGS LIMNOS,LAKE HURON,38,455041,-843358,65,58.91,2018-09-14 06:01:00,1182,1.00,.00,0.10000000,,0,.510000,ALKALINITY,"ALKALINITY,PHENOLPHTHALEIN,FILTERED",MG CAC03/L,45.84472,-84.56611
201802002,2019-02-19 21:09:31,CCGS LIMNOS,LAKE HURON,40,454218,-843037,63,15.8,2018-09-14 09:01:00,1182,1.00,.00,0.10000000,,1,.150000,ALKALINITY,"ALKALINITY,PHENOLPHTHALEIN,FILTERED",MG CAC03/L,45.70500,-84.51028
201802002,2019-02-19 21:09:31,CCGS LIMNOS,LAKE HURON,45,450228,-832233,36,8.8,2018-09-14 21:27:00,1182,1.00,.00,0.10000000,,0,.860000,ALKALINITY,"ALKALINITY,PHENOLPHTHALEIN,FILTERED",MG CAC03/L,45.04111,-83.37583
201802002,2019-02-19 21:09:31,CCGS LIMNOS,LAKE HURON,45,450228,-832233,36,8.8,2018-09-14 21:27:00,1182,7.00,.00,0.10000000,,0,.520000,ALKALINITY,"ALKALINITY,PHENOLPHTHALEIN,FILTERED",MG CAC03/L,45.04111,-83.37583
201802002,2019-02-19 21:09:31,CCGS LIMNOS,LAKE HURON,49,440653,-833141,97,10.88,2018-09-15 10:39:00,1182,1.00,.00,0.10000000,,0,.660000,ALKALINITY,"ALKALINITY,PHENOLPHTHALEIN,FILTERED",MG CAC03/L,44.11472,-83.52806
201802002,2019-02-19 21:09:31,CCGS LIMNOS,LAKE HURON,50,435835,-833432,98,10.97,2018-09-15 12:00:00,1182,1.00,.00,0.10000000,,0,4.890000,ALKALINITY,"ALKALINITY,PHENOLPHTHALEIN,FILTERED",MG CAC03/L,43.97639,-83.57556
201802002,2019-02-19 21:09:31,CCGS LIMNOS,LAKE HURON,50,435835,-833432,98,10.97,2018-09-15 12:00:00,1182,1.00,.00,0.10000000,,1,3.700000,ALKALINITY,"ALKALINITY,PHENOLPHTHALEIN,FILTERED",MG CAC03/L,43.97639,-83.57556
201802002,2019-02-19 21:09:31,CCGS LIMNOS,LAKE HURON,51,435431,-834430,99,7.32,2018-09-15 13:15:00,1182,1.00,.00,0.10000000,,0,4.030000,ALKALINITY,"ALKALINITY,PHENOLPHTHALEIN,FILTERED",MG CAC03/L,43.90861,-83.74167
201802002,2019-02-19 21:09:31,CCGS LIMNOS,LAKE HURON,52,434930,-834901,100,7.02,2018-09-15 14:06:00,1182,1.00,.00,0.10000000,,0,3.920000,ALKALINITY,"ALKALINITY,PHENOLPHTHALEIN,FILTERED",MG CAC03/L,43.82500,-83.81694
201802002,2019-02-19 21:09:31,CCGS LIMNOS,LAKE HURON,52,434930,-834901,100,7.02,2018-09-15 14:06:00,1182,5.00,.00,0.10000000,,0,3.750000,ALKALINITY,"ALKALINITY,PHENOLPHTHALEIN,FILTERED",MG CAC03/L,43.82500,-83.81694
201802002,2019-02-19 21:09:31,CCGS LIMNOS,LAKE HURON,53,434914,-833733,101,6.11,2018-09-15 15:22:00,1182,1.00,.00,0.10000000,,0,4.910000,ALKALINITY,"ALKALINITY,PHENOLPHTHALEIN,FILTERED",MG CAC03/L,43.82056,-83.62583
201802002,2019-02-19 21:09:31,CCGS LIMNOS,LAKE HURON,55,441257,-830504,20,45.7,2018-09-15 20:13:00,1182,1.00,.00,0.10000000,,0,1.140000,ALKALINITY,"ALKALINITY,PHENOLPHTHALEIN,FILTERED",MG CAC03/L,44.21583,-83.08444
201802002,2019-02-19 21:09:31,CCGS LIMNOS,LAKE HURON,56,440602,-825202,17,14.94,2018-09-15 21:56:00,1182,13.00,.00,0.10000000,,0,.650000,ALKALINITY,"ALKALINITY,PHENOLPHTHALEIN,FILTERED",MG CAC03/L,44.10056,-82.86722
201802002,2019-02-19 21:09:31,CCGS LIMNOS,LAKE HURON,57,441154,-823014,27,55.22,2018-09-16 00:02:00,1182,1.00,.00,0.10000000,,0,.950000,ALKALINITY,"ALKALINITY,PHENOLPHTHALEIN,FILTERED",MG CAC03/L,44.19833,-82.50389
201802002,2019-02-19 21:09:31,CCGS LIMNOS,LAKE HURON,58,435632,-823956,14,13.16,2018-09-16 02:26:00,1182,1.00,.00,0.10000000,,0,.790000,ALKALINITY,"ALKALINITY,PHENOLPHTHALEIN,FILTERED",MG CAC03/L,43.94222,-82.66556
201802002,2019-02-19 21:09:31,CCGS LIMNOS,LAKE HURON,58,435632,-823956,14,13.16,2018-09-16 02:26:00,1182,11.00,.00,0.10000000,,0,.780000,ALKALINITY,"ALKALINITY,PHENOLPHTHALEIN,FILTERED",MG CAC03/L,43.94222,-82.66556
201802002,2019-02-19 21:09:31,CCGS LIMNOS,LAKE HURON,59,434511,-823408,13,16.56,2018-09-16 04:02:00,1182,1.00,.00,0.10000000,,0,1.110000,ALKALINITY,"ALKALINITY,PHENOLPHTHALEIN,FILTERED",MG CAC03/L,43.75306,-82.56889
201802002,2019-02-19 21:09:31,CCGS LIMNOS,LAKE HURON,1,430524,-822330,1,10.34,2018-09-10 23:38:00,1434,1.00,.00,0.01000000,,0,.210000,TURB,TURBIDITY,NTU,43.09000,-82.39167
201802002,2019-02-19 21:09:31,CCGS LIMNOS,LAKE HURON,1,430524,-822330,1,10.34,2018-09-10 23:38:00,1434,1.00,.00,0.01000000,,1,.040000,TURB,TURBIDITY,NTU,43.09000,-82.39167
201802002,2019-02-19 21:09:31,CCGS LIMNOS,LAKE HURON,1,430524,-822330,1,10.34,2018-09-10 23:38:00,1434,999.00,.00,0.01000000,,0,.040000,TURB,TURBIDITY,NTU,43.09000,-82.39167
201802002,2019-02-19 21:09:31,CCGS LIMNOS,LAKE HURON,2,431524,-820219,3,14.91,2018-09-11 02:08:00,1434,1.00,.00,0.01000000,,0,.440000,TURB,TURBIDITY,NTU,43.25667,-82.03861
201802002,2019-02-19 21:09:31,CCGS LIMNOS,LAKE HURON,3,431928,-814722,4,9.81,2018-09-11 03:45:00,1434,1.00,.00,0.01000000,,0,.300000,TURB,TURBIDITY,NTU,43.32444,-81.78944
201802002,2019-02-19 21:09:31,CCGS LIMNOS,LAKE HURON,4,433252,-814440,5,11.12,2018-09-11 05:38:00,1434,1.00,.00,0.01000000,,0,.220000,TURB,TURBIDITY,NTU,43.54778,-81.74444
201802002,2019-02-19 21:09:31,CCGS LIMNOS,LAKE HURON,5,434508,-814655,10,12.08,2018-09-11 07:16:00,1434,1.00,.00,0.01000000,,0,.130000,TURB,TURBIDITY,NTU,43.75222,-81.78194
201802002,2019-02-19 21:09:31,CCGS LIMNOS,LAKE HURON,5,434508,-814655,10,12.08,2018-09-11 07:16:00,1434,1.00,.00,0.01000000,,1,.130000,TURB,TURBIDITY,NTU,43.75222,-81.78194
201802002,2019-02-19 21:09:31,CCGS LIMNOS,LAKE HURON,6,435325,-820319,12,87.02,2018-09-11 09:19:00,1434,1.00,.00,0.01000000,,0,.120000,TURB,TURBIDITY,NTU,43.89028,-82.05528
201802002,2019-02-19 21:09:31,CCGS LIMNOS,LAKE HURON,7,435722,-814711,11,9.94,2018-09-11 11:20:00,1434,1.00,.00,0.01000000,,0,.170000,TURB,TURBIDITY,NTU,43.95611,-81.78639
201802002,2019-02-19 21:09:31,CCGS LIMNOS,LAKE HURON,8,442203,-815002,29,124.4,2018-09-11 14:35:00,1434,1.00,.00,0.01000000,,0,.210000,TURB,TURBIDITY,NTU,44.36750,-81.83389
201802002,2019-02-19 21:09:31,CCGS LIMNOS,LAKE HURON,9,442757,-812713,30,19.91,2018-09-11 16:57:00,1434,1.00,.00,0.01000000,,0,.150000,TURB,TURBIDITY,NTU,44.46583,-81.45361
201802002,2019-02-19 21:09:31,CCGS LIMNOS,LAKE HURON,10,443920,-812240,39,25.46,2018-09-11 18:30:00,1434,1.00,.00,0.01000000,,0,.120000,TURB,TURBIDITY,NTU,44.65556,-81.37778
201802002,2019-02-19 21:09:31,CCGS LIMNOS,LAKE HURON,10,443920,-812240,39,25.46,2018-09-11 18:30:00,1434,1.00,.00,0.01000000,,1,.110000,TURB,TURBIDITY,NTU,44.65556,-81.37778
201802002,2019-02-19 21:09:31,CCGS LIMNOS,LAKE HURON,10,443920,-812240,39,25.46,2018-09-11 18:30:00,1434,999.00,.00,0.01000000,,0,.040000,TURB,TURBIDITY,NTU,44.65556,-81.37778
201802002,2019-02-19 21:09:31,CCGS LIMNOS,LAKE HURON,11,445354,-812617,40,20.6,2018-09-11 21:16:00,1434,1.00,.00,0.01000000,,0,.130000,TURB,TURBIDITY,NTU,44.89833,-81.43806
201802002,2019-02-19 21:09:31,CCGS LIMNOS,LAKE HURON,12,444425,-820324,38,134.62,2018-09-12 00:30:00,1434,1.00,.00,0.01000000,,0,.090000,TURB,TURBIDITY,NTU,44.74028,-82.05667
201802002,2019-02-19 21:09:31,CCGS LIMNOS,LAKE HURON,13,450106,-815835,43,173.44,2018-09-12 03:39:00,1434,1.00,.00,0.01000000,,0,.140000,TURB,TURBIDITY,NTU,45.01833,-81.97639
201802002,2019-02-19 21:09:31,CCGS LIMNOS,LAKE HURON,14,450459,-813213,41,21.37,2018-09-12 05:44:00,1434,1.00,.00,0.01000000,,0,.160000,TURB,TURBIDITY,NTU,45.08306,-81.53694
201802002,2019-02-19 21:09:31,CCGS LIMNOS,LAKE HURON,15,451315,-814914,42,43.58,2018-09-12 07:39:00,1434,1.00,.00,0.01000000,,0,.120000,TURB,TURBIDITY,NTU,45.22083,-81.82056
201802002,2019-02-19 21:09:31,CCGS LIMNOS,LAKE HURON,15,451315,-814914,42,43.58,2018-09-12 07:39:00,1434,1.00,.00,0.01000000,,1,.120000,TURB,TURBIDITY,NTU,45.22083,-81.82056
201802002,2019-02-19 21:09:31,CCGS LIMNOS,LAKE HURON,16,451644,-822704,48,110.28,2018-09-12 10:54:00,1434,1.00,.00,0.01000000,,0,.190000,TURB,TURBIDITY,NTU,45.27889,-82.45111
201802002,2019-02-19 21:09:31,CCGS LIMNOS,LAKE HURON,17,453209,-820244,50,26.19,2018-09-12 13:40:00,1434,1.00,.00,0.01000000,,0,.110000,TURB,TURBIDITY,NTU,45.53583,-82.04556
201802002,2019-02-19 21:09:31,CCGS LIMNOS,LAKE HURON,18,453904,-823850,52,65.02,2018-09-12 17:13:00,1434,1.00,.00,0.01000000,,0,.140000,TURB,TURBIDITY,NTU,45.65111,-82.64722
201802002,2019-02-19 21:09:31,CCGS LIMNOS,LAKE HURON,19,454559,-830141,59,17.98,2018-09-12 19:44:00,1434,1.00,.00,0.01000000,,0,.130000,TURB,TURBIDITY,NTU,45.76639,-83.02806
201802002,2019-02-19 21:09:31,CCGS LIMNOS,LAKE HURON,20,455200,-831558,58,12.75,2018-09-12 21:24:00,1434,1.00,.00,0.01000000,,0,.110000,TURB,TURBIDITY,NTU,45.86667,-83.26611
201802002,2019-02-19 21:09:31,CCGS LIMNOS,LAKE HURON,20,455200,-831558,58,12.75,2018-09-12 21:24:00,1434,1.00,.00,0.01000000,,1,.120000,TURB,TURBIDITY,NTU,45.86667,-83.26611
201802002,2019-02-19 21:09:31,CCGS LIMNOS,LAKE HURON,20,455200,-831558,58,12.75,2018-09-12 21:24:00,1434,999.00,.00,0.01000000,,0,.040000,TURB,TURBIDITY,NTU,45.86667,-83.26611
201802002,2019-02-19 21:09:31,CCGS LIMNOS,LAKE HURON,21,455404,-833110,60,24.14,2018-09-12 23:15:00,1434,1.00,.00,0.01000000,,0,.140000,TURB,TURBIDITY,NTU,45.90111,-83.51944
201802002,2019-02-19 21:09:31,CCGS LIMNOS,LAKE HURON,22,455959,-832600,76,58.38,2018-09-13 00:29:00,1434,1.00,.00,0.01000000,,0,.250000,TURB,TURBIDITY,NTU,45.99972,-83.43333
201802002,2019-02-19 21:09:31,CCGS LIMNOS,LAKE HURON,23,455814,-831157,77,77.89,2018-09-13 01:46:00,1434,1.00,.00,0.01000000,,0,.150000,TURB,TURBIDITY,NTU,45.97056,-83.19917
201802002,2019-02-19 21:09:31,CCGS LIMNOS,LAKE HURON,24,455612,-824534,82,28.12,2018-09-13 04:52:00,1434,1.00,.00,0.01000000,,0,.300000,TURB,TURBIDITY,NTU,45.93667,-82.75944
201802002,2019-02-19 21:09:31,CCGS LIMNOS,LAKE HURON,25,455959,-823301,83,31.13,2018-09-13 06:16:00,1434,1.00,.00,0.01000000,,0,.170000,TURB,TURBIDITY,NTU,45.99972,-82.55028
201802002,2019-02-19 21:09:31,CCGS LIMNOS,LAKE HURON,25,455959,-823301,83,31.13,2018-09-13 06:16:00,1434,1.00,.00,0.01000000,,1,.170000,TURB,TURBIDITY,NTU,45.99972,-82.55028
201802002,2019-02-19 21:09:31,CCGS LIMNOS,LAKE HURON,26,460340,-821149,87,43.68,2018-09-13 08:08:00,1434,1.00,.00,0.01000000,,0,.310000,TURB,TURBIDITY,NTU,46.06111,-82.19694
201802002,2019-02-19 21:09:31,CCGS LIMNOS,LAKE HURON,27,460319,-820000,88,35.75,2018-09-13 09:21:00,1434,1.00,.00,0.01000000,,0,.480000,TURB,TURBIDITY,NTU,46.05528,-82.00000
201802002,2019-02-19 21:09:31,CCGS LIMNOS,LAKE HURON,28,455459,-820940,89,38.74,2018-09-13 11:07:00,1434,1.00,.00,0.01000000,,0,.390000,TURB,TURBIDITY,NTU,45.91639,-82.16111
201802002,2019-02-19 21:09:31,CCGS LIMNOS,LAKE HURON,29,460630,-825048,84,35.65,2018-09-13 15:44:00,1434,1.00,.00,0.01000000,,0,.230000,TURB,TURBIDITY,NTU,46.10833,-82.84667
201802002,2019-02-19 21:09:31,CCGS LIMNOS,LAKE HURON,30,460722,-825305,79,25.79,2018-09-13 15:58:00,1434,1.00,.00,0.01000000,,0,.350000,TURB,TURBIDITY,NTU,46.12278,-82.88472
201802002,2019-02-19 21:09:31,CCGS LIMNOS,LAKE HURON,30,460722,-825305,79,25.79,2018-09-13 15:58:00,1434,1.00,.00,0.01000000,,1,.360000,TURB,TURBIDITY,NTU,46.12278,-82.88472
201802002,2019-02-19 21:09:31,CCGS LIMNOS,LAKE HURON,30,460722,-825305,79,25.79,2018-09-13 15:58:00,1434,999.00,.00,0.01000000,,0,.040000,TURB,TURBIDITY,NTU,46.12278,-82.88472
201802002,2019-02-19 21:09:31,CCGS LIMNOS,LAKE HURON,31,461112,-832116,73,18.83,2018-09-13 18:56:00,1434,1.00,.00,0.01000000,,0,.220000,TURB,TURBIDITY,NTU,46.18667,-83.35444
201802002,2019-02-19 21:09:31,CCGS LIMNOS,LAKE HURON,32,461401,-834445,71,35.37,2018-09-13 20:51:00,1434,1.00,.00,0.01000000,,0,.610000,TURB,TURBIDITY,NTU,46.23361,-83.74583
201802002,2019-02-19 21:09:31,CCGS LIMNOS,LAKE HURON,33,460813,-834020,70,21.61,2018-09-13 22:05:00,1434,1.00,.00,0.01000000,,0,.260000,TURB,TURBIDITY,NTU,46.13694,-83.67222
201802002,2019-02-19 21:09:31,CCGS LIMNOS,LAKE HURON,34,460232,-835109,68,16.63,2018-09-13 23:31:00,1434,1.00,.00,0.01000000,,0,1.140000,TURB,TURBIDITY,NTU,46.04222,-83.85250
201802002,2019-02-19 21:09:31,CCGS LIMNOS,LAKE HURON,35,460440,-840138,69,10.72,2018-09-14 00:42:00,1434,1.00,.00,0.01000000,,0,2.180000,TURB,TURBIDITY,NTU,46.07778,-84.02722
201802002,2019-02-19 21:09:31,CCGS LIMNOS,LAKE HURON,35,460440,-840138,69,10.72,2018-09-14 00:42:00,1434,1.00,.00,0.01000000,,1,1.890000,TURB,TURBIDITY,NTU,46.07778,-84.02722
201802002,2019-02-19 21:09:31,CCGS LIMNOS,LAKE HURON,36,455610,-835359,67,29.3,2018-09-14 02:17:00,1434,1.00,.00,0.01000000,,0,.480000,TURB,TURBIDITY,NTU,45.93611,-83.89972
201802002,2019-02-19 21:09:31,CCGS LIMNOS,LAKE HURON,37,455151,-841743,66,67.4,2018-09-14 04:24:00,1434,1.00,.00,0.01000000,,0,.220000,TURB,TURBIDITY,NTU,45.86417,-84.29528
201802002,2019-02-19 21:09:31,CCGS LIMNOS,LAKE HURON,38,455041,-843358,65,58.91,2018-09-14 06:01:00,1434,1.00,.00,0.01000000,,0,.170000,TURB,TURBIDITY,NTU,45.84472,-84.56611
201802002,2019-02-19 21:09:31,CCGS LIMNOS,LAKE HURON,39,454846,-844515,64,35.89,2018-09-14 07:17:00,1434,1.00,.00,0.01000000,,0,.180000,TURB,TURBIDITY,NTU,45.81278,-84.75417
201802002,2019-02-19 21:09:31,CCGS LIMNOS,LAKE HURON,40,454218,-843037,63,15.8,2018-09-14 09:01:00,1434,1.00,.00,0.01000000,,0,.190000,TURB,TURBIDITY,NTU,45.70500,-84.51028
201802002,2019-02-19 21:09:31,CCGS LIMNOS,LAKE HURON,40,454218,-843037,63,15.8,2018-09-14 09:01:00,1434,1.00,.00,0.01000000,,1,.180000,TURB,TURBIDITY,NTU,45.70500,-84.51028
201802002,2019-02-19 21:09:31,CCGS LIMNOS,LAKE HURON,40,454218,-843037,63,15.8,2018-09-14 09:01:00,1434,999.00,.00,0.01000000,,0,.050000,TURB,TURBIDITY,NTU,45.70500,-84.51028
201802002,2019-02-19 21:09:31,CCGS LIMNOS,LAKE HURON,41,454025,-841106,62,44.24,2018-09-14 11:05:00,1434,1.00,.00,0.01000000,,0,.350000,TURB,TURBIDITY,NTU,45.67361,-84.18500
201802002,2019-02-19 21:09:31,CCGS LIMNOS,LAKE HURON,42,453102,-840501,56,21.54,2018-09-14 12:13:00,1434,1.00,.00,0.01000000,,0,.130000,TURB,TURBIDITY,NTU,45.51722,-84.08361
201802002,2019-02-19 21:09:31,CCGS LIMNOS,LAKE HURON,43,453102,-832500,54,118.94,2018-09-14 15:26:00,1434,1.00,.00,0.01000000,,0,.160000,TURB,TURBIDITY,NTU,45.51722,-83.41667
201802002,2019-02-19 21:09:31,CCGS LIMNOS,LAKE HURON,44,451515,-832047,47,22.2,2018-09-14 18:07:00,1434,1.00,.00,0.01000000,,0,.450000,TURB,TURBIDITY,NTU,45.25417,-83.34639
201802002,2019-02-19 21:09:31,CCGS LIMNOS,LAKE HURON,45,450228,-832233,36,8.8,2018-09-14 21:27:00,1434,1.00,.00,0.01000000,,0,.260000,TURB,TURBIDITY,NTU,45.04111,-83.37583
201802002,2019-02-19 21:09:31,CCGS LIMNOS,LAKE HURON,45,450228,-832233,36,8.8,2018-09-14 21:27:00,1434,1.00,.00,0.01000000,,1,.260000,TURB,TURBIDITY,NTU,45.04111,-83.37583
201802002,2019-02-19 21:09:31,CCGS LIMNOS,LAKE HURON,46,450059,-824110,44,164.4,2018-09-15 01:10:00,1434,1.00,.00,0.01000000,,0,.200000,TURB,TURBIDITY,NTU,45.01639,-82.68611
201802002,2019-02-19 21:09:31,CCGS LIMNOS,LAKE HURON,47,442958,-824952,33,72.14,2018-09-15 05:40:00,1434,1.00,.00,0.01000000,,0,.170000,TURB,TURBIDITY,NTU,44.49944,-82.83111
201802002,2019-02-19 21:09:31,CCGS LIMNOS,LAKE HURON,48,441246,-832216,95,20.19,2018-09-15 09:12:00,1434,1.00,.00,0.01000000,,0,.340000,TURB,TURBIDITY,NTU,44.21278,-83.37111
201802002,2019-02-19 21:09:31,CCGS LIMNOS,LAKE HURON,49,440653,-833141,97,10.88,2018-09-15 10:39:00,1434,1.00,.00,0.01000000,,0,1.760000,TURB,TURBIDITY,NTU,44.11472,-83.52806
201802002,2019-02-19 21:09:31,CCGS LIMNOS,LAKE HURON,50,435835,-833432,98,10.97,2018-09-15 12:00:00,1434,1.00,.00,0.01000000,,0,1.480000,TURB,TURBIDITY,NTU,43.97639,-83.57556
201802002,2019-02-19 21:09:31,CCGS LIMNOS,LAKE HURON,50,435835,-833432,98,10.97,2018-09-15 12:00:00,1434,1.00,.00,0.01000000,,1,1.420000,TURB,TURBIDITY,NTU,43.97639,-83.57556
201802002,2019-02-19 21:09:31,CCGS LIMNOS,LAKE HURON,50,435835,-833432,98,10.97,2018-09-15 12:00:00,1434,999.00,.00,0.01000000,,0,.060000,TURB,TURBIDITY,NTU,43.97639,-83.57556
201802002,2019-02-19 21:09:31,CCGS LIMNOS,LAKE HURON,51,435431,-834430,99,7.32,2018-09-15 13:15:00,1434,1.00,.00,0.01000000,,0,2.090000,TURB,TURBIDITY,NTU,43.90861,-83.74167
201802002,2019-02-19 21:09:31,CCGS LIMNOS,LAKE HURON,52,434930,-834901,100,7.02,2018-09-15 14:06:00,1434,1.00,.00,0.01000000,,0,1.320000,TURB,TURBIDITY,NTU,43.82500,-83.81694
201802002,2019-02-19 21:09:31,CCGS LIMNOS,LAKE HURON,53,434914,-833733,101,6.11,2018-09-15 15:22:00,1434,1.00,.00,0.01000000,,0,1.350000,TURB,TURBIDITY,NTU,43.82056,-83.62583
201802002,2019-02-19 21:09:31,CCGS LIMNOS,LAKE HURON,54,440735,-831019,96,29.29,2018-09-15 19:16:00,1434,1.00,.00,0.01000000,,0,.170000,TURB,TURBIDITY,NTU,44.12639,-83.17194
201802002,2019-02-19 21:09:31,CCGS LIMNOS,LAKE HURON,55,441257,-830504,20,45.7,2018-09-15 20:13:00,1434,1.00,.00,0.01000000,,0,.110000,TURB,TURBIDITY,NTU,44.21583,-83.08444
201802002,2019-02-19 21:09:31,CCGS LIMNOS,LAKE HURON,55,441257,-830504,20,45.7,2018-09-15 20:13:00,1434,1.00,.00,0.01000000,,1,.120000,TURB,TURBIDITY,NTU,44.21583,-83.08444
201802002,2019-02-19 21:09:31,CCGS LIMNOS,LAKE HURON,56,440602,-825202,17,14.94,2018-09-15 21:56:00,1434,1.00,.00,0.01000000,,0,.200000,TURB,TURBIDITY,NTU,44.10056,-82.86722
201802002,2019-02-19 21:09:31,CCGS LIMNOS,LAKE HURON,57,441154,-823014,27,55.22,2018-09-16 00:02:00,1434,1.00,.00,0.01000000,,0,.160000,TURB,TURBIDITY,NTU,44.19833,-82.50389
201802002,2019-02-19 21:09:31,CCGS LIMNOS,LAKE HURON,58,435632,-823956,14,13.16,2018-09-16 02:26:00,1434,1.00,.00,0.01000000,,0,.210000,TURB,TURBIDITY,NTU,43.94222,-82.66556
201802002,2019-02-19 21:09:31,CCGS LIMNOS,LAKE HURON,59,434511,-823408,13,16.56,2018-09-16 04:02:00,1434,1.00,.00,0.01000000,,0,.140000,TURB,TURBIDITY,NTU,43.75306,-82.56889
201802002,2019-02-19 21:09:31,CCGS LIMNOS,LAKE HURON,60,433800,-821300,9,58.92,2018-09-16 06:04:00,1434,1.00,.00,0.01000000,,0,.100000,TURB,TURBIDITY,NTU,43.63333,-82.21667
201802002,2019-02-19 21:09:31,CCGS LIMNOS,LAKE HURON,60,433800,-821300,9,58.92,2018-09-16 06:04:00,1434,1.00,.00,0.01000000,,1,.100000,TURB,TURBIDITY,NTU,43.63333,-82.21667
201802002,2019-02-19 21:09:31,CCGS LIMNOS,LAKE HURON,60,433800,-821300,9,58.92,2018-09-16 06:04:00,1434,999.00,.00,0.01000000,,0,.040000,TURB,TURBIDITY,NTU,43.63333,-82.21667
201802002,2019-02-19 21:09:31,CCGS LIMNOS,LAKE HURON,61,433358,-822903,8,29.67,2018-09-16 08:09:00,1434,1.00,.00,0.01000000,,0,.240000,TURB,TURBIDITY,NTU,43.56611,-82.48417
201802002,2019-02-19 21:09:31,CCGS LIMNOS,LAKE HURON,62,432031,-823022,7,10.72,2018-09-16 09:45:00,1434,1.00,.00,0.01000000,,0,.210000,TURB,TURBIDITY,NTU,43.34194,-82.50611
201802002,2019-02-19 21:09:31,CCGS LIMNOS,LAKE HURON,1,430524,-822330,1,10.34,2018-09-10 23:38:00,1639,1.00,.00,0.01000000,,0,.080000,F-F,FLUORIDE,MG/L,43.09000,-82.39167
201802002,2019-02-19 21:09:31,CCGS LIMNOS,LAKE HURON,1,430524,-822330,1,10.34,2018-09-10 23:38:00,1639,8.00,.00,0.01000000,,0,.080000,F-F,FLUORIDE,MG/L,43.09000,-82.39167
201802002,2019-02-19 21:09:31,CCGS LIMNOS,LAKE HURON,2,431524,-820219,3,14.91,2018-09-11 02:08:00,1639,1.00,.00,0.01000000,,0,.080000,F-F,FLUORIDE,MG/L,43.25667,-82.03861
201802002,2019-02-19 21:09:31,CCGS LIMNOS,LAKE HURON,3,431928,-814722,4,9.81,2018-09-11 03:45:00,1639,1.00,.00,0.01000000,,0,.080000,F-F,FLUORIDE,MG/L,43.32444,-81.78944
201802002,2019-02-19 21:09:31,CCGS LIMNOS,LAKE HURON,4,433252,-814440,5,11.12,2018-09-11 05:38:00,1639,1.00,.00,0.01000000,,0,.080000,F-F,FLUORIDE,MG/L,43.54778,-81.74444
201802002,2019-02-19 21:09:31,CCGS LIMNOS,LAKE HURON,5,434508,-814655,10,12.08,2018-09-11 07:16:00,1639,1.00,.00,0.01000000,,0,.080000,F-F,FLUORIDE,MG/L,43.75222,-81.78194
201802002,2019-02-19 21:09:31,CCGS LIMNOS,LAKE HURON,5,434508,-814655,10,12.08,2018-09-11 07:16:00,1639,1.00,.00,0.01000000,,1,.080000,F-F,FLUORIDE,MG/L,43.75222,-81.78194
201802002,2019-02-19 21:09:31,CCGS LIMNOS,LAKE HURON,6,435325,-820319,12,87.02,2018-09-11 09:19:00,1639,1.00,.00,0.01000000,,0,.080000,F-F,FLUORIDE,MG/L,43.89028,-82.05528
201802002,2019-02-19 21:09:31,CCGS LIMNOS,LAKE HURON,7,435722,-814711,11,9.94,2018-09-11 11:20:00,1639,1.00,.00,0.01000000,,0,.080000,F-F,FLUORIDE,MG/L,43.95611,-81.78639
201802002,2019-02-19 21:09:31,CCGS LIMNOS,LAKE HURON,8,442203,-815002,29,124.4,2018-09-11 14:35:00,1639,1.00,.00,0.01000000,,0,.080000,F-F,FLUORIDE,MG/L,44.36750,-81.83389
201802002,2019-02-19 21:09:31,CCGS LIMNOS,LAKE HURON,8,442203,-815002,29,124.4,2018-09-11 14:35:00,1639,10.00,.00,0.01000000,,0,.070000,F-F,FLUORIDE,MG/L,44.36750,-81.83389
201802002,2019-02-19 21:09:31,CCGS LIMNOS,LAKE HURON,8,442203,-815002,29,124.4,2018-09-11 14:35:00,1639,14.00,.00,0.01000000,,0,.080000,F-F,FLUORIDE,MG/L,44.36750,-81.83389
201802002,2019-02-19 21:09:31,CCGS LIMNOS,LAKE HURON,8,442203,-815002,29,124.4,2018-09-11 14:35:00,1639,20.00,.00,0.01000000,,0,.080000,F-F,FLUORIDE,MG/L,44.36750,-81.83389
201802002,2019-02-19 21:09:31,CCGS LIMNOS,LAKE HURON,8,442203,-815002,29,124.4,2018-09-11 14:35:00,1639,114.00,.00,0.01000000,,0,.080000,F-F,FLUORIDE,MG/L,44.36750,-81.83389
201802002,2019-02-19 21:09:31,CCGS LIMNOS,LAKE HURON,8,442203,-815002,29,124.4,2018-09-11 14:35:00,1639,122.00,.00,0.01000000,,0,.070000,F-F,FLUORIDE,MG/L,44.36750,-81.83389
201802002,2019-02-19 21:09:31,CCGS LIMNOS,LAKE HURON,9,442757,-812713,30,19.91,2018-09-11 16:57:00,1639,1.00,.00,0.01000000,,0,.080000,F-F,FLUORIDE,MG/L,44.46583,-81.45361
201802002,2019-02-19 21:09:31,CCGS LIMNOS,LAKE HURON,10,443920,-812240,39,25.46,2018-09-11 18:30:00,1639,1.00,.00,0.01000000,,0,.080000,F-F,FLUORIDE,MG/L,44.65556,-81.37778
201802002,2019-02-19 21:09:31,CCGS LIMNOS,LAKE HURON,10,443920,-812240,39,25.46,2018-09-11 18:30:00,1639,1.00,.00,0.01000000,,1,.080000,F-F,FLUORIDE,MG/L,44.65556,-81.37778
201802002,2019-02-19 21:09:31,CCGS LIMNOS,LAKE HURON,10,443920,-812240,39,25.46,2018-09-11 18:30:00,1639,998.00,.00,0.01000000,<,0,.010000,F-F,FLUORIDE,MG/L,44.65556,-81.37778
201802002,2019-02-19 21:09:31,CCGS LIMNOS,LAKE HURON,10,443920,-812240,39,25.46,2018-09-11 18:30:00,1639,999.00,.00,0.01000000,<,0,.010000,F-F,FLUORIDE,MG/L,44.65556,-81.37778
201802002,2019-02-19 21:09:31,CCGS LIMNOS,LAKE HURON,11,445354,-812617,40,20.6,2018-09-11 21:16:00,1639,1.00,.00,0.01000000,,0,.080000,F-F,FLUORIDE,MG/L,44.89833,-81.43806
201802002,2019-02-19 21:09:31,CCGS LIMNOS,LAKE HURON,12,444425,-820324,38,134.62,2018-09-12 00:30:00,1639,1.00,.00,0.01000000,,0,.080000,F-F,FLUORIDE,MG/L,44.74028,-82.05667
201802002,2019-02-19 21:09:31,CCGS LIMNOS,LAKE HURON,13,450106,-815835,43,173.44,2018-09-12 03:39:00,1639,1.00,.00,0.01000000,,0,.070000,F-F,FLUORIDE,MG/L,45.01833,-81.97639
201802002,2019-02-19 21:09:31,CCGS LIMNOS,LAKE HURON,14,450459,-813213,41,21.37,2018-09-12 05:44:00,1639,1.00,.00,0.01000000,,0,.070000,F-F,FLUORIDE,MG/L,45.08306,-81.53694
201802002,2019-02-19 21:09:31,CCGS LIMNOS,LAKE HURON,15,451315,-814914,42,43.58,2018-09-12 07:39:00,1639,1.00,.00,0.01000000,,0,.080000,F-F,FLUORIDE,MG/L,45.22083,-81.82056
201802002,2019-02-19 21:09:31,CCGS LIMNOS,LAKE HURON,15,451315,-814914,42,43.58,2018-09-12 07:39:00,1639,1.00,.00,0.01000000,,1,.080000,F-F,FLUORIDE,MG/L,45.22083,-81.82056
201802002,2019-02-19 21:09:31,CCGS LIMNOS,LAKE HURON,16,451644,-822704,48,110.28,2018-09-12 10:54:00,1639,1.00,.00,0.01000000,,0,.070000,F-F,FLUORIDE,MG/L,45.27889,-82.45111
201802002,2019-02-19 21:09:31,CCGS LIMNOS,LAKE HURON,17,453209,-820244,50,26.19,2018-09-12 13:40:00,1639,1.00,.00,0.01000000,,0,.070000,F-F,FLUORIDE,MG/L,45.53583,-82.04556
201802002,2019-02-19 21:09:31,CCGS LIMNOS,LAKE HURON,18,453904,-823850,52,65.02,2018-09-12 17:13:00,1639,1.00,.00,0.01000000,,0,.070000,F-F,FLUORIDE,MG/L,45.65111,-82.64722
201802002,2019-02-19 21:09:31,CCGS LIMNOS,LAKE HURON,19,454559,-830141,59,17.98,2018-09-12 19:44:00,1639,1.00,.00,0.01000000,,0,.070000,F-F,FLUORIDE,MG/L,45.76639,-83.02806
201802002,2019-02-19 21:09:31,CCGS LIMNOS,LAKE HURON,20,455200,-831558,58,12.75,2018-09-12 21:24:00,1639,1.00,.00,0.01000000,,0,.070000,F-F,FLUORIDE,MG/L,45.86667,-83.26611
201802002,2019-02-19 21:09:31,CCGS LIMNOS,LAKE HURON,20,455200,-831558,58,12.75,2018-09-12 21:24:00,1639,1.00,.00,0.01000000,,1,.070000,F-F,FLUORIDE,MG/L,45.86667,-83.26611
201802002,2019-02-19 21:09:31,CCGS LIMNOS,LAKE HURON,20,455200,-831558,58,12.75,2018-09-12 21:24:00,1639,998.00,.00,0.01000000,<,0,.010000,F-F,FLUORIDE,MG/L,45.86667,-83.26611
201802002,2019-02-19 21:09:31,CCGS LIMNOS,LAKE HURON,20,455200,-831558,58,12.75,2018-09-12 21:24:00,1639,999.00,.00,0.01000000,<,0,.010000,F-F,FLUORIDE,MG/L,45.86667,-83.26611
201802002,2019-02-19 21:09:31,CCGS LIMNOS,LAKE HURON,21,455404,-833110,60,24.14,2018-09-12 23:15:00,1639,1.00,.00,0.01000000,,0,.070000,F-F,FLUORIDE,MG/L,45.90111,-83.51944
201802002,2019-02-19 21:09:31,CCGS LIMNOS,LAKE HURON,22,455959,-832600,76,58.38,2018-09-13 00:29:00,1639,1.00,.00,0.01000000,,0,.070000,F-F,FLUORIDE,MG/L,45.99972,-83.43333
201802002,2019-02-19 21:09:31,CCGS LIMNOS,LAKE HURON,23,455814,-831157,77,77.89,2018-09-13 01:46:00,1639,1.00,.00,0.01000000,,0,.070000,F-F,FLUORIDE,MG/L,45.97056,-83.19917
201802002,2019-02-19 21:09:31,CCGS LIMNOS,LAKE HURON,24,455612,-824534,82,28.12,2018-09-13 04:52:00,1639,1.00,.00,0.01000000,,0,.060000,F-F,FLUORIDE,MG/L,45.93667,-82.75944
201802002,2019-02-19 21:09:31,CCGS LIMNOS,LAKE HURON,25,455959,-823301,83,31.13,2018-09-13 06:16:00,1639,1.00,.00,0.01000000,,0,.060000,F-F,FLUORIDE,MG/L,45.99972,-82.55028
201802002,2019-02-19 21:09:31,CCGS LIMNOS,LAKE HURON,25,455959,-823301,83,31.13,2018-09-13 06:16:00,1639,1.00,.00,0.01000000,,1,.060000,F-F,FLUORIDE,MG/L,45.99972,-82.55028
201802002,2019-02-19 21:09:31,CCGS LIMNOS,LAKE HURON,26,460340,-821149,87,43.68,2018-09-13 08:08:00,1639,1.00,.00,0.01000000,,0,.060000,F-F,FLUORIDE,MG/L,46.06111,-82.19694
201802002,2019-02-19 21:09:31,CCGS LIMNOS,LAKE HURON,27,460319,-820000,88,35.75,2018-09-13 09:21:00,1639,1.00,.00,0.01000000,,0,.060000,F-F,FLUORIDE,MG/L,46.05528,-82.00000
201802002,2019-02-19 21:09:31,CCGS LIMNOS,LAKE HURON,28,455459,-820940,89,38.74,2018-09-13 11:07:00,1639,1.00,.00,0.01000000,,0,.060000,F-F,FLUORIDE,MG/L,45.91639,-82.16111
201802002,2019-02-19 21:09:31,CCGS LIMNOS,LAKE HURON,29,460630,-825048,84,35.65,2018-09-13 15:44:00,1639,1.00,.00,0.01000000,,0,.060000,F-F,FLUORIDE,MG/L,46.10833,-82.84667
201802002,2019-02-19 21:09:31,CCGS LIMNOS,LAKE HURON,29,460630,-825048,84,35.65,2018-09-13 15:44:00,1639,12.00,.00,0.01000000,,0,.060000,F-F,FLUORIDE,MG/L,46.10833,-82.84667
201802002,2019-02-19 21:09:31,CCGS LIMNOS,LAKE HURON,29,460630,-825048,84,35.65,2018-09-13 15:44:00,1639,14.00,.00,0.01000000,,0,.060000,F-F,FLUORIDE,MG/L,46.10833,-82.84667
201802002,2019-02-19 21:09:31,CCGS LIMNOS,LAKE HURON,29,460630,-825048,84,35.65,2018-09-13 15:44:00,1639,16.00,.00,0.01000000,,0,.060000,F-F,FLUORIDE,MG/L,46.10833,-82.84667
201802002,2019-02-19 21:09:31,CCGS LIMNOS,LAKE HURON,29,460630,-825048,84,35.65,2018-09-13 15:44:00,1639,34.00,.00,0.01000000,,0,.060000,F-F,FLUORIDE,MG/L,46.10833,-82.84667
201802002,2019-02-19 21:09:31,CCGS LIMNOS,LAKE HURON,30,460722,-825305,79,25.79,2018-09-13 15:58:00,1639,1.00,.00,0.01000000,,0,.060000,F-F,FLUORIDE,MG/L,46.12278,-82.88472
201802002,2019-02-19 21:09:31,CCGS LIMNOS,LAKE HURON,30,460722,-825305,79,25.79,2018-09-13 15:58:00,1639,1.00,.00,0.01000000,,1,.060000,F-F,FLUORIDE,MG/L,46.12278,-82.88472
201802002,2019-02-19 21:09:31,CCGS LIMNOS,LAKE HURON,30,460722,-825305,79,25.79,2018-09-13 15:58:00,1639,12.00,.00,0.01000000,,0,.060000,F-F,FLUORIDE,MG/L,46.12278,-82.88472
201802002,2019-02-19 21:09:31,CCGS LIMNOS,LAKE HURON,30,460722,-825305,79,25.79,2018-09-13 15:58:00,1639,16.00,.00,0.01000000,,0,.070000,F-F,FLUORIDE,MG/L,46.12278,-82.88472
201802002,2019-02-19 21:09:31,CCGS LIMNOS,LAKE HURON,30,460722,-825305,79,25.79,2018-09-13 15:58:00,1639,24.00,.00,0.01000000,,0,.070000,F-F,FLUORIDE,MG/L,46.12278,-82.88472
201802002,2019-02-19 21:09:31,CCGS LIMNOS,LAKE HURON,30,460722,-825305,79,25.79,2018-09-13 15:58:00,1639,998.00,.00,0.01000000,<,0,.010000,F-F,FLUORIDE,MG/L,46.12278,-82.88472
201802002,2019-02-19 21:09:31,CCGS LIMNOS,LAKE HURON,30,460722,-825305,79,25.79,2018-09-13 15:58:00,1639,999.00,.00,0.01000000,<,0,.010000,F-F,FLUORIDE,MG/L,46.12278,-82.88472
201802002,2019-02-19 21:09:31,CCGS LIMNOS,LAKE HURON,31,461112,-832116,73,18.83,2018-09-13 18:56:00,1639,1.00,.00,0.01000000,,0,.060000,F-F,FLUORIDE,MG/L,46.18667,-83.35444
201802002,2019-02-19 21:09:31,CCGS LIMNOS,LAKE HURON,32,461401,-834445,71,35.37,2018-09-13 20:51:00,1639,1.00,.00,0.01000000,,0,.040000,F-F,FLUORIDE,MG/L,46.23361,-83.74583
201802002,2019-02-19 21:09:31,CCGS LIMNOS,LAKE HURON,32,461401,-834445,71,35.37,2018-09-13 20:51:00,1639,23.00,.00,0.01000000,,0,.050000,F-F,FLUORIDE,MG/L,46.23361,-83.74583
201802002,2019-02-19 21:09:31,CCGS LIMNOS,LAKE HURON,32,461401,-834445,71,35.37,2018-09-13 20:51:00,1639,27.00,.00,0.01000000,,0,.050000,F-F,FLUORIDE,MG/L,46.23361,-83.74583
201802002,2019-02-19 21:09:31,CCGS LIMNOS,LAKE HURON,32,461401,-834445,71,35.37,2018-09-13 20:51:00,1639,31.00,.00,0.01000000,,0,.060000,F-F,FLUORIDE,MG/L,46.23361,-83.74583
201802002,2019-02-19 21:09:31,CCGS LIMNOS,LAKE HURON,32,461401,-834445,71,35.37,2018-09-13 20:51:00,1639,33.00,.00,0.01000000,,0,.060000,F-F,FLUORIDE,MG/L,46.23361,-83.74583
201802002,2019-02-19 21:09:31,CCGS LIMNOS,LAKE HURON,33,460813,-834020,70,21.61,2018-09-13 22:05:00,1639,1.00,.00,0.01000000,,0,.050000,F-F,FLUORIDE,MG/L,46.13694,-83.67222
201802002,2019-02-19 21:09:31,CCGS LIMNOS,LAKE HURON,34,460232,-835109,68,16.63,2018-09-13 23:31:00,1639,1.00,.00,0.01000000,,0,.040000,F-F,FLUORIDE,MG/L,46.04222,-83.85250
201802002,2019-02-19 21:09:31,CCGS LIMNOS,LAKE HURON,35,460440,-840138,69,10.72,2018-09-14 00:42:00,1639,1.00,.00,0.01000000,,0,.030000,F-F,FLUORIDE,MG/L,46.07778,-84.02722
201802002,2019-02-19 21:09:31,CCGS LIMNOS,LAKE HURON,35,460440,-840138,69,10.72,2018-09-14 00:42:00,1639,1.00,.00,0.01000000,,1,.030000,F-F,FLUORIDE,MG/L,46.07778,-84.02722
201802002,2019-02-19 21:09:31,CCGS LIMNOS,LAKE HURON,35,460440,-840138,69,10.72,2018-09-14 00:42:00,1639,9.00,.00,0.01000000,,0,.030000,F-F,FLUORIDE,MG/L,46.07778,-84.02722
201802002,2019-02-19 21:09:31,CCGS LIMNOS,LAKE HURON,36,455610,-835359,67,29.3,2018-09-14 02:17:00,1639,1.00,.00,0.01000000,,0,.060000,F-F,FLUORIDE,MG/L,45.93611,-83.89972
201802002,2019-02-19 21:09:31,CCGS LIMNOS,LAKE HURON,37,455151,-841743,66,67.4,2018-09-14 04:24:00,1639,1.00,.00,0.01000000,,0,.070000,F-F,FLUORIDE,MG/L,45.86417,-84.29528
201802002,2019-02-19 21:09:31,CCGS LIMNOS,LAKE HURON,38,455041,-843358,65,58.91,2018-09-14 06:01:00,1639,1.00,.00,0.01000000,,0,.080000,F-F,FLUORIDE,MG/L,45.84472,-84.56611
201802002,2019-02-19 21:09:31,CCGS LIMNOS,LAKE HURON,39,454846,-844515,64,35.89,2018-09-14 07:17:00,1639,1.00,.00,0.01000000,,0,.080000,F-F,FLUORIDE,MG/L,45.81278,-84.75417
201802002,2019-02-19 21:09:31,CCGS LIMNOS,LAKE HURON,39,454846,-844515,64,35.89,2018-09-14 07:17:00,1639,19.00,.00,0.01000000,,0,.090000,F-F,FLUORIDE,MG/L,45.81278,-84.75417
201802002,2019-02-19 21:09:31,CCGS LIMNOS,LAKE HURON,39,454846,-844515,64,35.89,2018-09-14 07:17:00,1639,22.00,.00,0.01000000,,0,.080000,F-F,FLUORIDE,MG/L,45.81278,-84.75417
201802002,2019-02-19 21:09:31,CCGS LIMNOS,LAKE HURON,39,454846,-844515,64,35.89,2018-09-14 07:17:00,1639,30.00,.00,0.01000000,,0,.080000,F-F,FLUORIDE,MG/L,45.81278,-84.75417
201802002,2019-02-19 21:09:31,CCGS LIMNOS,LAKE HURON,39,454846,-844515,64,35.89,2018-09-14 07:17:00,1639,34.00,.00,0.01000000,,0,.080000,F-F,FLUORIDE,MG/L,45.81278,-84.75417
201802002,2019-02-19 21:09:31,CCGS LIMNOS,LAKE HURON,40,454218,-843037,63,15.8,2018-09-14 09:01:00,1639,1.00,.00,0.01000000,,0,.080000,F-F,FLUORIDE,MG/L,45.70500,-84.51028
201802002,2019-02-19 21:09:31,CCGS LIMNOS,LAKE HURON,40,454218,-843037,63,15.8,2018-09-14 09:01:00,1639,1.00,.00,0.01000000,,1,.080000,F-F,FLUORIDE,MG/L,45.70500,-84.51028
201802002,2019-02-19 21:09:31,CCGS LIMNOS,LAKE HURON,40,454218,-843037,63,15.8,2018-09-14 09:01:00,1639,998.00,.00,0.01000000,<,0,.010000,F-F,FLUORIDE,MG/L,45.70500,-84.51028
201802002,2019-02-19 21:09:31,CCGS LIMNOS,LAKE HURON,40,454218,-843037,63,15.8,2018-09-14 09:01:00,1639,999.00,.00,0.01000000,<,0,.010000,F-F,FLUORIDE,MG/L,45.70500,-84.51028
201802002,2019-02-19 21:09:31,CCGS LIMNOS,LAKE HURON,41,454025,-841106,62,44.24,2018-09-14 11:05:00,1639,1.00,.00,0.01000000,,0,.070000,F-F,FLUORIDE,MG/L,45.67361,-84.18500
201802002,2019-02-19 21:09:31,CCGS LIMNOS,LAKE HURON,42,453102,-840501,56,21.54,2018-09-14 12:13:00,1639,1.00,.00,0.01000000,,0,.080000,F-F,FLUORIDE,MG/L,45.51722,-84.08361
201802002,2019-02-19 21:09:31,CCGS LIMNOS,LAKE HURON,43,453102,-832500,54,118.94,2018-09-14 15:26:00,1639,1.00,.00,0.01000000,,0,.070000,F-F,FLUORIDE,MG/L,45.51722,-83.41667
201802002,2019-02-19 21:09:31,CCGS LIMNOS,LAKE HURON,43,453102,-832500,54,118.94,2018-09-14 15:26:00,1639,3.00,.00,0.01000000,,0,.070000,F-F,FLUORIDE,MG/L,45.51722,-83.41667
201802002,2019-02-19 21:09:31,CCGS LIMNOS,LAKE HURON,43,453102,-832500,54,118.94,2018-09-14 15:26:00,1639,15.00,.00,0.01000000,,0,.070000,F-F,FLUORIDE,MG/L,45.51722,-83.41667
201802002,2019-02-19 21:09:31,CCGS LIMNOS,LAKE HURON,43,453102,-832500,54,118.94,2018-09-14 15:26:00,1639,30.00,.00,0.01000000,,0,.070000,F-F,FLUORIDE,MG/L,45.51722,-83.41667
201802002,2019-02-19 21:09:31,CCGS LIMNOS,LAKE HURON,43,453102,-832500,54,118.94,2018-09-14 15:26:00,1639,107.00,.00,0.01000000,,0,.070000,F-F,FLUORIDE,MG/L,45.51722,-83.41667
201802002,2019-02-19 21:09:31,CCGS LIMNOS,LAKE HURON,43,453102,-832500,54,118.94,2018-09-14 15:26:00,1639,117.00,.00,0.01000000,,0,.070000,F-F,FLUORIDE,MG/L,45.51722,-83.41667
201802002,2019-02-19 21:09:31,CCGS LIMNOS,LAKE HURON,44,451515,-832047,47,22.2,2018-09-14 18:07:00,1639,1.00,.00,0.01000000,,0,.080000,F-F,FLUORIDE,MG/L,45.25417,-83.34639
201802002,2019-02-19 21:09:31,CCGS LIMNOS,LAKE HURON,45,450228,-832233,36,8.8,2018-09-14 21:27:00,1639,1.00,.00,0.01000000,,0,.070000,F-F,FLUORIDE,MG/L,45.04111,-83.37583
201802002,2019-02-19 21:09:31,CCGS LIMNOS,LAKE HURON,45,450228,-832233,36,8.8,2018-09-14 21:27:00,1639,1.00,.00,0.01000000,,1,.070000,F-F,FLUORIDE,MG/L,45.04111,-83.37583
201802002,2019-02-19 21:09:31,CCGS LIMNOS,LAKE HURON,45,450228,-832233,36,8.8,2018-09-14 21:27:00,1639,7.00,.00,0.01000000,,0,.070000,F-F,FLUORIDE,MG/L,45.04111,-83.37583
201802002,2019-02-19 21:09:31,CCGS LIMNOS,LAKE HURON,46,450059,-824110,44,164.4,2018-09-15 01:10:00,1639,1.00,.00,0.01000000,,0,.070000,F-F,FLUORIDE,MG/L,45.01639,-82.68611
201802002,2019-02-19 21:09:31,CCGS LIMNOS,LAKE HURON,46,450059,-824110,44,164.4,2018-09-15 01:10:00,1639,18.00,.00,0.01000000,,0,.070000,F-F,FLUORIDE,MG/L,45.01639,-82.68611
201802002,2019-02-19 21:09:31,CCGS LIMNOS,LAKE HURON,46,450059,-824110,44,164.4,2018-09-15 01:10:00,1639,30.00,.00,0.01000000,,0,.070000,F-F,FLUORIDE,MG/L,45.01639,-82.68611
201802002,2019-02-19 21:09:31,CCGS LIMNOS,LAKE HURON,46,450059,-824110,44,164.4,2018-09-15 01:10:00,1639,42.00,.00,0.01000000,,0,.070000,F-F,FLUORIDE,MG/L,45.01639,-82.68611
201802002,2019-02-19 21:09:31,CCGS LIMNOS,LAKE HURON,46,450059,-824110,44,164.4,2018-09-15 01:10:00,1639,100.00,.00,0.01000000,,0,.070000,F-F,FLUORIDE,MG/L,45.01639,-82.68611
201802002,2019-02-19 21:09:31,CCGS LIMNOS,LAKE HURON,46,450059,-824110,44,164.4,2018-09-15 01:10:00,1639,154.00,.00,0.01000000,,0,.070000,F-F,FLUORIDE,MG/L,45.01639,-82.68611
201802002,2019-02-19 21:09:31,CCGS LIMNOS,LAKE HURON,46,450059,-824110,44,164.4,2018-09-15 01:10:00,1639,162.00,.00,0.01000000,,0,.070000,F-F,FLUORIDE,MG/L,45.01639,-82.68611
201802002,2019-02-19 21:09:31,CCGS LIMNOS,LAKE HURON,47,442958,-824952,33,72.14,2018-09-15 05:40:00,1639,1.00,.00,0.01000000,,0,.070000,F-F,FLUORIDE,MG/L,44.49944,-82.83111
201802002,2019-02-19 21:09:31,CCGS LIMNOS,LAKE HURON,48,441246,-832216,95,20.19,2018-09-15 09:12:00,1639,1.00,.00,0.01000000,,0,.070000,F-F,FLUORIDE,MG/L,44.21278,-83.37111
201802002,2019-02-19 21:09:31,CCGS LIMNOS,LAKE HURON,48,441246,-832216,95,20.19,2018-09-15 09:12:00,1639,16.50,.00,0.01000000,,0,.070000,F-F,FLUORIDE,MG/L,44.21278,-83.37111
201802002,2019-02-19 21:09:31,CCGS LIMNOS,LAKE HURON,48,441246,-832216,95,20.19,2018-09-15 09:12:00,1639,18.00,.00,0.01000000,,0,.070000,F-F,FLUORIDE,MG/L,44.21278,-83.37111
201802002,2019-02-19 21:09:31,CCGS LIMNOS,LAKE HURON,49,440653,-833141,97,10.88,2018-09-15 10:39:00,1639,1.00,.00,0.01000000,,0,.080000,F-F,FLUORIDE,MG/L,44.11472,-83.52806
201802002,2019-02-19 21:09:31,CCGS LIMNOS,LAKE HURON,50,435835,-833432,98,10.97,2018-09-15 12:00:00,1639,1.00,.00,0.01000000,,0,.080000,F-F,FLUORIDE,MG/L,43.97639,-83.57556
201802002,2019-02-19 21:09:31,CCGS LIMNOS,LAKE HURON,50,435835,-833432,98,10.97,2018-09-15 12:00:00,1639,1.00,.00,0.01000000,,1,.080000,F-F,FLUORIDE,MG/L,43.97639,-83.57556
201802002,2019-02-19 21:09:31,CCGS LIMNOS,LAKE HURON,50,435835,-833432,98,10.97,2018-09-15 12:00:00,1639,998.00,.00,0.01000000,<,0,.010000,F-F,FLUORIDE,MG/L,43.97639,-83.57556
201802002,2019-02-19 21:09:31,CCGS LIMNOS,LAKE HURON,50,435835,-833432,98,10.97,2018-09-15 12:00:00,1639,999.00,.00,0.01000000,<,0,.010000,F-F,FLUORIDE,MG/L,43.97639,-83.57556
201802002,2019-02-19 21:09:31,CCGS LIMNOS,LAKE HURON,51,435431,-834430,99,7.32,2018-09-15 13:15:00,1639,1.00,.00,0.01000000,,0,.090000,F-F,FLUORIDE,MG/L,43.90861,-83.74167
201802002,2019-02-19 21:09:31,CCGS LIMNOS,LAKE HURON,52,434930,-834901,100,7.02,2018-09-15 14:06:00,1639,1.00,.00,0.01000000,,0,.090000,F-F,FLUORIDE,MG/L,43.82500,-83.81694
201802002,2019-02-19 21:09:31,CCGS LIMNOS,LAKE HURON,52,434930,-834901,100,7.02,2018-09-15 14:06:00,1639,5.00,.00,0.01000000,,0,.090000,F-F,FLUORIDE,MG/L,43.82500,-83.81694
201802002,2019-02-19 21:09:31,CCGS LIMNOS,LAKE HURON,53,434914,-833733,101,6.11,2018-09-15 15:22:00,1639,1.00,.00,0.01000000,,0,.090000,F-F,FLUORIDE,MG/L,43.82056,-83.62583
201802002,2019-02-19 21:09:31,CCGS LIMNOS,LAKE HURON,54,440735,-831019,96,29.29,2018-09-15 19:16:00,1639,1.00,.00,0.01000000,,0,.070000,F-F,FLUORIDE,MG/L,44.12639,-83.17194
201802002,2019-02-19 21:09:31,CCGS LIMNOS,LAKE HURON,55,441257,-830504,20,45.7,2018-09-15 20:13:00,1639,1.00,.00,0.01000000,,0,.070000,F-F,FLUORIDE,MG/L,44.21583,-83.08444
201802002,2019-02-19 21:09:31,CCGS LIMNOS,LAKE HURON,55,441257,-830504,20,45.7,2018-09-15 20:13:00,1639,1.00,.00,0.01000000,,1,.070000,F-F,FLUORIDE,MG/L,44.21583,-83.08444
201802002,2019-02-19 21:09:31,CCGS LIMNOS,LAKE HURON,56,440602,-825202,17,14.94,2018-09-15 21:56:00,1639,1.00,.00,0.01000000,,0,.070000,F-F,FLUORIDE,MG/L,44.10056,-82.86722
201802002,2019-02-19 21:09:31,CCGS LIMNOS,LAKE HURON,56,440602,-825202,17,14.94,2018-09-15 21:56:00,1639,13.00,.00,0.01000000,,0,.070000,F-F,FLUORIDE,MG/L,44.10056,-82.86722
201802002,2019-02-19 21:09:31,CCGS LIMNOS,LAKE HURON,57,441154,-823014,27,55.22,2018-09-16 00:02:00,1639,1.00,.00,0.01000000,,0,.070000,F-F,FLUORIDE,MG/L,44.19833,-82.50389
201802002,2019-02-19 21:09:31,CCGS LIMNOS,LAKE HURON,58,435632,-823956,14,13.16,2018-09-16 02:26:00,1639,1.00,.00,0.01000000,,0,.070000,F-F,FLUORIDE,MG/L,43.94222,-82.66556
201802002,2019-02-19 21:09:31,CCGS LIMNOS,LAKE HURON,58,435632,-823956,14,13.16,2018-09-16 02:26:00,1639,11.00,.00,0.01000000,,0,.070000,F-F,FLUORIDE,MG/L,43.94222,-82.66556
201802002,2019-02-19 21:09:31,CCGS LIMNOS,LAKE HURON,59,434511,-823408,13,16.56,2018-09-16 04:02:00,1639,1.00,.00,0.01000000,,0,.070000,F-F,FLUORIDE,MG/L,43.75306,-82.56889
201802002,2019-02-19 21:09:31,CCGS LIMNOS,LAKE HURON,60,433800,-821300,9,58.92,2018-09-16 06:04:00,1639,1.00,.00,0.01000000,,0,.070000,F-F,FLUORIDE,MG/L,43.63333,-82.21667
201802002,2019-02-19 21:09:31,CCGS LIMNOS,LAKE HURON,60,433800,-821300,9,58.92,2018-09-16 06:04:00,1639,1.00,.00,0.01000000,,1,.070000,F-F,FLUORIDE,MG/L,43.63333,-82.21667
201802002,2019-02-19 21:09:31,CCGS LIMNOS,LAKE HURON,60,433800,-821300,9,58.92,2018-09-16 06:04:00,1639,25.00,.00,0.01000000,,0,.070000,F-F,FLUORIDE,MG/L,43.63333,-82.21667
201802002,2019-02-19 21:09:31,CCGS LIMNOS,LAKE HURON,60,433800,-821300,9,58.92,2018-09-16 06:04:00,1639,29.00,.00,0.01000000,,0,.070000,F-F,FLUORIDE,MG/L,43.63333,-82.21667
201802002,2019-02-19 21:09:31,CCGS LIMNOS,LAKE HURON,60,433800,-821300,9,58.92,2018-09-16 06:04:00,1639,37.00,.00,0.01000000,,0,.070000,F-F,FLUORIDE,MG/L,43.63333,-82.21667
201802002,2019-02-19 21:09:31,CCGS LIMNOS,LAKE HURON,60,433800,-821300,9,58.92,2018-09-16 06:04:00,1639,49.00,.00,0.01000000,,0,.070000,F-F,FLUORIDE,MG/L,43.63333,-82.21667
201802002,2019-02-19 21:09:31,CCGS LIMNOS,LAKE HURON,60,433800,-821300,9,58.92,2018-09-16 06:04:00,1639,57.00,.00,0.01000000,,0,.070000,F-F,FLUORIDE,MG/L,43.63333,-82.21667
201802002,2019-02-19 21:09:31,CCGS LIMNOS,LAKE HURON,60,433800,-821300,9,58.92,2018-09-16 06:04:00,1639,998.00,.00,0.01000000,<,0,.010000,F-F,FLUORIDE,MG/L,43.63333,-82.21667
201802002,2019-02-19 21:09:31,CCGS LIMNOS,LAKE HURON,60,433800,-821300,9,58.92,2018-09-16 06:04:00,1639,999.00,.00,0.01000000,<,0,.010000,F-F,FLUORIDE,MG/L,43.63333,-82.21667
201802002,2019-02-19 21:09:31,CCGS LIMNOS,LAKE HURON,61,433358,-822903,8,29.67,2018-09-16 08:09:00,1639,1.00,.00,0.01000000,,0,.070000,F-F,FLUORIDE,MG/L,43.56611,-82.48417
201802002,2019-02-19 21:09:31,CCGS LIMNOS,LAKE HURON,62,432031,-823022,7,10.72,2018-09-16 09:45:00,1639,1.00,.00,0.01000000,,0,.070000,F-F,FLUORIDE,MG/L,43.34194,-82.50611
201802002,2019-02-19 21:09:31,CCGS LIMNOS,LAKE HURON,1,430524,-822330,1,10.34,2018-09-10 23:38:00,1640,1.00,.00,0.01000000,,0,7.490000,CL-F,CHLORIDE,MG/L,43.09000,-82.39167
201802002,2019-02-19 21:09:31,CCGS LIMNOS,LAKE HURON,1,430524,-822330,1,10.34,2018-09-10 23:38:00,1640,8.00,.00,0.01000000,,0,7.370000,CL-F,CHLORIDE,MG/L,43.09000,-82.39167
201802002,2019-02-19 21:09:31,CCGS LIMNOS,LAKE HURON,2,431524,-820219,3,14.91,2018-09-11 02:08:00,1640,1.00,.00,0.01000000,,0,7.500000,CL-F,CHLORIDE,MG/L,43.25667,-82.03861
201802002,2019-02-19 21:09:31,CCGS LIMNOS,LAKE HURON,3,431928,-814722,4,9.81,2018-09-11 03:45:00,1640,1.00,.00,0.01000000,,0,7.380000,CL-F,CHLORIDE,MG/L,43.32444,-81.78944
201802002,2019-02-19 21:09:31,CCGS LIMNOS,LAKE HURON,4,433252,-814440,5,11.12,2018-09-11 05:38:00,1640,1.00,.00,0.01000000,,0,7.320000,CL-F,CHLORIDE,MG/L,43.54778,-81.74444
201802002,2019-02-19 21:09:31,CCGS LIMNOS,LAKE HURON,5,434508,-814655,10,12.08,2018-09-11 07:16:00,1640,1.00,.00,0.01000000,,0,7.400000,CL-F,CHLORIDE,MG/L,43.75222,-81.78194
201802002,2019-02-19 21:09:31,CCGS LIMNOS,LAKE HURON,5,434508,-814655,10,12.08,2018-09-11 07:16:00,1640,1.00,.00,0.01000000,,1,7.400000,CL-F,CHLORIDE,MG/L,43.75222,-81.78194
201802002,2019-02-19 21:09:31,CCGS LIMNOS,LAKE HURON,6,435325,-820319,12,87.02,2018-09-11 09:19:00,1640,1.00,.00,0.01000000,,0,7.430000,CL-F,CHLORIDE,MG/L,43.89028,-82.05528
201802002,2019-02-19 21:09:31,CCGS LIMNOS,LAKE HURON,7,435722,-814711,11,9.94,2018-09-11 11:20:00,1640,1.00,.00,0.01000000,,0,7.350000,CL-F,CHLORIDE,MG/L,43.95611,-81.78639
201802002,2019-02-19 21:09:31,CCGS LIMNOS,LAKE HURON,8,442203,-815002,29,124.4,2018-09-11 14:35:00,1640,1.00,.00,0.01000000,,0,7.350000,CL-F,CHLORIDE,MG/L,44.36750,-81.83389
201802002,2019-02-19 21:09:31,CCGS LIMNOS,LAKE HURON,8,442203,-815002,29,124.4,2018-09-11 14:35:00,1640,10.00,.00,0.01000000,,0,7.340000,CL-F,CHLORIDE,MG/L,44.36750,-81.83389
201802002,2019-02-19 21:09:31,CCGS LIMNOS,LAKE HURON,8,442203,-815002,29,124.4,2018-09-11 14:35:00,1640,14.00,.00,0.01000000,,0,7.240000,CL-F,CHLORIDE,MG/L,44.36750,-81.83389
201802002,2019-02-19 21:09:31,CCGS LIMNOS,LAKE HURON,8,442203,-815002,29,124.4,2018-09-11 14:35:00,1640,20.00,.00,0.01000000,,0,7.230000,CL-F,CHLORIDE,MG/L,44.36750,-81.83389
201802002,2019-02-19 21:09:31,CCGS LIMNOS,LAKE HURON,8,442203,-815002,29,124.4,2018-09-11 14:35:00,1640,114.00,.00,0.01000000,,0,7.310000,CL-F,CHLORIDE,MG/L,44.36750,-81.83389
201802002,2019-02-19 21:09:31,CCGS LIMNOS,LAKE HURON,8,442203,-815002,29,124.4,2018-09-11 14:35:00,1640,122.00,.00,0.01000000,,0,7.210000,CL-F,CHLORIDE,MG/L,44.36750,-81.83389
201802002,2019-02-19 21:09:31,CCGS LIMNOS,LAKE HURON,9,442757,-812713,30,19.91,2018-09-11 16:57:00,1640,1.00,.00,0.01000000,,0,7.370000,CL-F,CHLORIDE,MG/L,44.46583,-81.45361
201802002,2019-02-19 21:09:31,CCGS LIMNOS,LAKE HURON,10,443920,-812240,39,25.46,2018-09-11 18:30:00,1640,1.00,.00,0.01000000,,0,7.260000,CL-F,CHLORIDE,MG/L,44.65556,-81.37778
201802002,2019-02-19 21:09:31,CCGS LIMNOS,LAKE HURON,10,443920,-812240,39,25.46,2018-09-11 18:30:00,1640,1.00,.00,0.01000000,,1,7.260000,CL-F,CHLORIDE,MG/L,44.65556,-81.37778
201802002,2019-02-19 21:09:31,CCGS LIMNOS,LAKE HURON,10,443920,-812240,39,25.46,2018-09-11 18:30:00,1640,998.00,.00,0.01000000,,0,.050000,CL-F,CHLORIDE,MG/L,44.65556,-81.37778
201802002,2019-02-19 21:09:31,CCGS LIMNOS,LAKE HURON,10,443920,-812240,39,25.46,2018-09-11 18:30:00,1640,999.00,.00,0.01000000,<,0,.010000,CL-F,CHLORIDE,MG/L,44.65556,-81.37778
201802002,2019-02-19 21:09:31,CCGS LIMNOS,LAKE HURON,11,445354,-812617,40,20.6,2018-09-11 21:16:00,1640,1.00,.00,0.01000000,,0,7.280000,CL-F,CHLORIDE,MG/L,44.89833,-81.43806
201802002,2019-02-19 21:09:31,CCGS LIMNOS,LAKE HURON,12,444425,-820324,38,134.62,2018-09-12 00:30:00,1640,1.00,.00,0.01000000,,0,7.200000,CL-F,CHLORIDE,MG/L,44.74028,-82.05667
201802002,2019-02-19 21:09:31,CCGS LIMNOS,LAKE HURON,13,450106,-815835,43,173.44,2018-09-12 03:39:00,1640,1.00,.00,0.01000000,,0,7.250000,CL-F,CHLORIDE,MG/L,45.01833,-81.97639
201802002,2019-02-19 21:09:31,CCGS LIMNOS,LAKE HURON,14,450459,-813213,41,21.37,2018-09-12 05:44:00,1640,1.00,.00,0.01000000,,0,7.250000,CL-F,CHLORIDE,MG/L,45.08306,-81.53694
201802002,2019-02-19 21:09:31,CCGS LIMNOS,LAKE HURON,15,451315,-814914,42,43.58,2018-09-12 07:39:00,1640,1.00,.00,0.01000000,,0,7.220000,CL-F,CHLORIDE,MG/L,45.22083,-81.82056
201802002,2019-02-19 21:09:31,CCGS LIMNOS,LAKE HURON,15,451315,-814914,42,43.58,2018-09-12 07:39:00,1640,1.00,.00,0.01000000,,1,7.190000,CL-F,CHLORIDE,MG/L,45.22083,-81.82056
201802002,2019-02-19 21:09:31,CCGS LIMNOS,LAKE HURON,16,451644,-822704,48,110.28,2018-09-12 10:54:00,1640,1.00,.00,0.01000000,,0,6.970000,CL-F,CHLORIDE,MG/L,45.27889,-82.45111
201802002,2019-02-19 21:09:31,CCGS LIMNOS,LAKE HURON,17,453209,-820244,50,26.19,2018-09-12 13:40:00,1640,1.00,.00,0.01000000,,0,7.140000,CL-F,CHLORIDE,MG/L,45.53583,-82.04556
201802002,2019-02-19 21:09:31,CCGS LIMNOS,LAKE HURON,18,453904,-823850,52,65.02,2018-09-12 17:13:00,1640,1.00,.00,0.01000000,,0,7.180000,CL-F,CHLORIDE,MG/L,45.65111,-82.64722
201802002,2019-02-19 21:09:31,CCGS LIMNOS,LAKE HURON,19,454559,-830141,59,17.98,2018-09-12 19:44:00,1640,1.00,.00,0.01000000,,0,7.160000,CL-F,CHLORIDE,MG/L,45.76639,-83.02806
201802002,2019-02-19 21:09:31,CCGS LIMNOS,LAKE HURON,20,455200,-831558,58,12.75,2018-09-12 21:24:00,1640,1.00,.00,0.01000000,,0,7.160000,CL-F,CHLORIDE,MG/L,45.86667,-83.26611
201802002,2019-02-19 21:09:31,CCGS LIMNOS,LAKE HURON,20,455200,-831558,58,12.75,2018-09-12 21:24:00,1640,1.00,.00,0.01000000,,1,7.120000,CL-F,CHLORIDE,MG/L,45.86667,-83.26611
201802002,2019-02-19 21:09:31,CCGS LIMNOS,LAKE HURON,20,455200,-831558,58,12.75,2018-09-12 21:24:00,1640,998.00,.00,0.01000000,,0,.020000,CL-F,CHLORIDE,MG/L,45.86667,-83.26611
201802002,2019-02-19 21:09:31,CCGS LIMNOS,LAKE HURON,20,455200,-831558,58,12.75,2018-09-12 21:24:00,1640,999.00,.00,0.01000000,<,0,.010000,CL-F,CHLORIDE,MG/L,45.86667,-83.26611
201802002,2019-02-19 21:09:31,CCGS LIMNOS,LAKE HURON,21,455404,-833110,60,24.14,2018-09-12 23:15:00,1640,1.00,.00,0.01000000,,0,6.940000,CL-F,CHLORIDE,MG/L,45.90111,-83.51944
201802002,2019-02-19 21:09:31,CCGS LIMNOS,LAKE HURON,22,455959,-832600,76,58.38,2018-09-13 00:29:00,1640,1.00,.00,0.01000000,,0,5.900000,CL-F,CHLORIDE,MG/L,45.99972,-83.43333
201802002,2019-02-19 21:09:31,CCGS LIMNOS,LAKE HURON,23,455814,-831157,77,77.89,2018-09-13 01:46:00,1640,1.00,.00,0.01000000,,0,6.350000,CL-F,CHLORIDE,MG/L,45.97056,-83.19917
201802002,2019-02-19 21:09:31,CCGS LIMNOS,LAKE HURON,24,455612,-824534,82,28.12,2018-09-13 04:52:00,1640,1.00,.00,0.01000000,,0,5.710000,CL-F,CHLORIDE,MG/L,45.93667,-82.75944
201802002,2019-02-19 21:09:31,CCGS LIMNOS,LAKE HURON,25,455959,-823301,83,31.13,2018-09-13 06:16:00,1640,1.00,.00,0.01000000,,0,5.770000,CL-F,CHLORIDE,MG/L,45.99972,-82.55028
201802002,2019-02-19 21:09:31,CCGS LIMNOS,LAKE HURON,25,455959,-823301,83,31.13,2018-09-13 06:16:00,1640,1.00,.00,0.01000000,,1,5.800000,CL-F,CHLORIDE,MG/L,45.99972,-82.55028
201802002,2019-02-19 21:09:31,CCGS LIMNOS,LAKE HURON,26,460340,-821149,87,43.68,2018-09-13 08:08:00,1640,1.00,.00,0.01000000,,0,5.840000,CL-F,CHLORIDE,MG/L,46.06111,-82.19694
201802002,2019-02-19 21:09:31,CCGS LIMNOS,LAKE HURON,27,460319,-820000,88,35.75,2018-09-13 09:21:00,1640,1.00,.00,0.01000000,,0,5.890000,CL-F,CHLORIDE,MG/L,46.05528,-82.00000
201802002,2019-02-19 21:09:31,CCGS LIMNOS,LAKE HURON,28,455459,-820940,89,38.74,2018-09-13 11:07:00,1640,1.00,.00,0.01000000,,0,5.820000,CL-F,CHLORIDE,MG/L,45.91639,-82.16111
201802002,2019-02-19 21:09:31,CCGS LIMNOS,LAKE HURON,29,460630,-825048,84,35.65,2018-09-13 15:44:00,1640,1.00,.00,0.01000000,,0,5.650000,CL-F,CHLORIDE,MG/L,46.10833,-82.84667
201802002,2019-02-19 21:09:31,CCGS LIMNOS,LAKE HURON,29,460630,-825048,84,35.65,2018-09-13 15:44:00,1640,12.00,.00,0.01000000,,0,5.650000,CL-F,CHLORIDE,MG/L,46.10833,-82.84667
201802002,2019-02-19 21:09:31,CCGS LIMNOS,LAKE HURON,29,460630,-825048,84,35.65,2018-09-13 15:44:00,1640,14.00,.00,0.01000000,,0,5.810000,CL-F,CHLORIDE,MG/L,46.10833,-82.84667
201802002,2019-02-19 21:09:31,CCGS LIMNOS,LAKE HURON,29,460630,-825048,84,35.65,2018-09-13 15:44:00,1640,16.00,.00,0.01000000,,0,5.830000,CL-F,CHLORIDE,MG/L,46.10833,-82.84667
201802002,2019-02-19 21:09:31,CCGS LIMNOS,LAKE HURON,29,460630,-825048,84,35.65,2018-09-13 15:44:00,1640,34.00,.00,0.01000000,,0,6.440000,CL-F,CHLORIDE,MG/L,46.10833,-82.84667
201802002,2019-02-19 21:09:31,CCGS LIMNOS,LAKE HURON,30,460722,-825305,79,25.79,2018-09-13 15:58:00,1640,1.00,.00,0.01000000,,0,5.700000,CL-F,CHLORIDE,MG/L,46.12278,-82.88472
201802002,2019-02-19 21:09:31,CCGS LIMNOS,LAKE HURON,30,460722,-825305,79,25.79,2018-09-13 15:58:00,1640,1.00,.00,0.01000000,,1,5.710000,CL-F,CHLORIDE,MG/L,46.12278,-82.88472
201802002,2019-02-19 21:09:31,CCGS LIMNOS,LAKE HURON,30,460722,-825305,79,25.79,2018-09-13 15:58:00,1640,12.00,.00,0.01000000,,0,5.870000,CL-F,CHLORIDE,MG/L,46.12278,-82.88472
201802002,2019-02-19 21:09:31,CCGS LIMNOS,LAKE HURON,30,460722,-825305,79,25.79,2018-09-13 15:58:00,1640,16.00,.00,0.01000000,,0,6.150000,CL-F,CHLORIDE,MG/L,46.12278,-82.88472
201802002,2019-02-19 21:09:31,CCGS LIMNOS,LAKE HURON,30,460722,-825305,79,25.79,2018-09-13 15:58:00,1640,24.00,.00,0.01000000,,0,6.180000,CL-F,CHLORIDE,MG/L,46.12278,-82.88472
201802002,2019-02-19 21:09:31,CCGS LIMNOS,LAKE HURON,30,460722,-825305,79,25.79,2018-09-13 15:58:00,1640,998.00,.00,0.01000000,,0,.020000,CL-F,CHLORIDE,MG/L,46.12278,-82.88472
201802002,2019-02-19 21:09:31,CCGS LIMNOS,LAKE HURON,30,460722,-825305,79,25.79,2018-09-13 15:58:00,1640,999.00,.00,0.01000000,<,0,.010000,CL-F,CHLORIDE,MG/L,46.12278,-82.88472
201802002,2019-02-19 21:09:31,CCGS LIMNOS,LAKE HURON,31,461112,-832116,73,18.83,2018-09-13 18:56:00,1640,1.00,.00,0.01000000,,0,5.320000,CL-F,CHLORIDE,MG/L,46.18667,-83.35444
201802002,2019-02-19 21:09:31,CCGS LIMNOS,LAKE HURON,32,461401,-834445,71,35.37,2018-09-13 20:51:00,1640,1.00,.00,0.01000000,,0,2.820000,CL-F,CHLORIDE,MG/L,46.23361,-83.74583
201802002,2019-02-19 21:09:31,CCGS LIMNOS,LAKE HURON,32,461401,-834445,71,35.37,2018-09-13 20:51:00,1640,23.00,.00,0.01000000,,0,3.870000,CL-F,CHLORIDE,MG/L,46.23361,-83.74583
201802002,2019-02-19 21:09:31,CCGS LIMNOS,LAKE HURON,32,461401,-834445,71,35.37,2018-09-13 20:51:00,1640,27.00,.00,0.01000000,,0,3.700000,CL-F,CHLORIDE,MG/L,46.23361,-83.74583
201802002,2019-02-19 21:09:31,CCGS LIMNOS,LAKE HURON,32,461401,-834445,71,35.37,2018-09-13 20:51:00,1640,31.00,.00,0.01000000,,0,4.860000,CL-F,CHLORIDE,MG/L,46.23361,-83.74583
201802002,2019-02-19 21:09:31,CCGS LIMNOS,LAKE HURON,32,461401,-834445,71,35.37,2018-09-13 20:51:00,1640,33.00,.00,0.01000000,,0,4.870000,CL-F,CHLORIDE,MG/L,46.23361,-83.74583
201802002,2019-02-19 21:09:31,CCGS LIMNOS,LAKE HURON,33,460813,-834020,70,21.61,2018-09-13 22:05:00,1640,1.00,.00,0.01000000,,0,4.190000,CL-F,CHLORIDE,MG/L,46.13694,-83.67222
201802002,2019-02-19 21:09:31,CCGS LIMNOS,LAKE HURON,34,460232,-835109,68,16.63,2018-09-13 23:31:00,1640,1.00,.00,0.01000000,,0,2.180000,CL-F,CHLORIDE,MG/L,46.04222,-83.85250
201802002,2019-02-19 21:09:31,CCGS LIMNOS,LAKE HURON,35,460440,-840138,69,10.72,2018-09-14 00:42:00,1640,1.00,.00,0.01000000,,0,1.600000,CL-F,CHLORIDE,MG/L,46.07778,-84.02722
201802002,2019-02-19 21:09:31,CCGS LIMNOS,LAKE HURON,35,460440,-840138,69,10.72,2018-09-14 00:42:00,1640,1.00,.00,0.01000000,,1,1.590000,CL-F,CHLORIDE,MG/L,46.07778,-84.02722
201802002,2019-02-19 21:09:31,CCGS LIMNOS,LAKE HURON,35,460440,-840138,69,10.72,2018-09-14 00:42:00,1640,9.00,.00,0.01000000,,0,1.690000,CL-F,CHLORIDE,MG/L,46.07778,-84.02722
201802002,2019-02-19 21:09:31,CCGS LIMNOS,LAKE HURON,36,455610,-835359,67,29.3,2018-09-14 02:17:00,1640,1.00,.00,0.01000000,,0,5.870000,CL-F,CHLORIDE,MG/L,45.93611,-83.89972
201802002,2019-02-19 21:09:31,CCGS LIMNOS,LAKE HURON,37,455151,-841743,66,67.4,2018-09-14 04:24:00,1640,1.00,.00,0.01000000,,0,6.510000,CL-F,CHLORIDE,MG/L,45.86417,-84.29528
201802002,2019-02-19 21:09:31,CCGS LIMNOS,LAKE HURON,38,455041,-843358,65,58.91,2018-09-14 06:01:00,1640,1.00,.00,0.01000000,,0,8.400000,CL-F,CHLORIDE,MG/L,45.84472,-84.56611
201802002,2019-02-19 21:09:31,CCGS LIMNOS,LAKE HURON,39,454846,-844515,64,35.89,2018-09-14 07:17:00,1640,1.00,.00,0.01000000,,0,9.130000,CL-F,CHLORIDE,MG/L,45.81278,-84.75417
201802002,2019-02-19 21:09:31,CCGS LIMNOS,LAKE HURON,39,454846,-844515,64,35.89,2018-09-14 07:17:00,1640,19.00,.00,0.01000000,,0,9.460000,CL-F,CHLORIDE,MG/L,45.81278,-84.75417
201802002,2019-02-19 21:09:31,CCGS LIMNOS,LAKE HURON,39,454846,-844515,64,35.89,2018-09-14 07:17:00,1640,22.00,.00,0.01000000,,0,9.190000,CL-F,CHLORIDE,MG/L,45.81278,-84.75417
201802002,2019-02-19 21:09:31,CCGS LIMNOS,LAKE HURON,39,454846,-844515,64,35.89,2018-09-14 07:17:00,1640,30.00,.00,0.01000000,,0,8.630000,CL-F,CHLORIDE,MG/L,45.81278,-84.75417
201802002,2019-02-19 21:09:31,CCGS LIMNOS,LAKE HURON,39,454846,-844515,64,35.89,2018-09-14 07:17:00,1640,34.00,.00,0.01000000,,0,8.650000,CL-F,CHLORIDE,MG/L,45.81278,-84.75417
201802002,2019-02-19 21:09:31,CCGS LIMNOS,LAKE HURON,40,454218,-843037,63,15.8,2018-09-14 09:01:00,1640,1.00,.00,0.01000000,,0,9.170000,CL-F,CHLORIDE,MG/L,45.70500,-84.51028
201802002,2019-02-19 21:09:31,CCGS LIMNOS,LAKE HURON,40,454218,-843037,63,15.8,2018-09-14 09:01:00,1640,1.00,.00,0.01000000,,1,9.190000,CL-F,CHLORIDE,MG/L,45.70500,-84.51028
201802002,2019-02-19 21:09:31,CCGS LIMNOS,LAKE HURON,40,454218,-843037,63,15.8,2018-09-14 09:01:00,1640,998.00,.00,0.01000000,,0,.030000,CL-F,CHLORIDE,MG/L,45.70500,-84.51028
201802002,2019-02-19 21:09:31,CCGS LIMNOS,LAKE HURON,40,454218,-843037,63,15.8,2018-09-14 09:01:00,1640,999.00,.00,0.01000000,,0,.020000,CL-F,CHLORIDE,MG/L,45.70500,-84.51028
201802002,2019-02-19 21:09:31,CCGS LIMNOS,LAKE HURON,41,454025,-841106,62,44.24,2018-09-14 11:05:00,1640,1.00,.00,0.01000000,,0,6.780000,CL-F,CHLORIDE,MG/L,45.67361,-84.18500
201802002,2019-02-19 21:09:31,CCGS LIMNOS,LAKE HURON,42,453102,-840501,56,21.54,2018-09-14 12:13:00,1640,1.00,.00,0.01000000,,0,8.270000,CL-F,CHLORIDE,MG/L,45.51722,-84.08361
201802002,2019-02-19 21:09:31,CCGS LIMNOS,LAKE HURON,43,453102,-832500,54,118.94,2018-09-14 15:26:00,1640,1.00,.00,0.01000000,,0,7.090000,CL-F,CHLORIDE,MG/L,45.51722,-83.41667
201802002,2019-02-19 21:09:31,CCGS LIMNOS,LAKE HURON,43,453102,-832500,54,118.94,2018-09-14 15:26:00,1640,3.00,.00,0.01000000,,0,7.090000,CL-F,CHLORIDE,MG/L,45.51722,-83.41667
201802002,2019-02-19 21:09:31,CCGS LIMNOS,LAKE HURON,43,453102,-832500,54,118.94,2018-09-14 15:26:00,1640,15.00,.00,0.01000000,,0,6.870000,CL-F,CHLORIDE,MG/L,45.51722,-83.41667
201802002,2019-02-19 21:09:31,CCGS LIMNOS,LAKE HURON,43,453102,-832500,54,118.94,2018-09-14 15:26:00,1640,30.00,.00,0.01000000,,0,6.890000,CL-F,CHLORIDE,MG/L,45.51722,-83.41667
201802002,2019-02-19 21:09:31,CCGS LIMNOS,LAKE HURON,43,453102,-832500,54,118.94,2018-09-14 15:26:00,1640,107.00,.00,0.01000000,,0,7.130000,CL-F,CHLORIDE,MG/L,45.51722,-83.41667
201802002,2019-02-19 21:09:31,CCGS LIMNOS,LAKE HURON,43,453102,-832500,54,118.94,2018-09-14 15:26:00,1640,117.00,.00,0.01000000,,0,7.120000,CL-F,CHLORIDE,MG/L,45.51722,-83.41667
201802002,2019-02-19 21:09:31,CCGS LIMNOS,LAKE HURON,44,451515,-832047,47,22.2,2018-09-14 18:07:00,1640,1.00,.00,0.01000000,,0,8.270000,CL-F,CHLORIDE,MG/L,45.25417,-83.34639
201802002,2019-02-19 21:09:31,CCGS LIMNOS,LAKE HURON,45,450228,-832233,36,8.8,2018-09-14 21:27:00,1640,1.00,.00,0.01000000,,0,7.000000,CL-F,CHLORIDE,MG/L,45.04111,-83.37583
201802002,2019-02-19 21:09:31,CCGS LIMNOS,LAKE HURON,45,450228,-832233,36,8.8,2018-09-14 21:27:00,1640,1.00,.00,0.01000000,,1,7.020000,CL-F,CHLORIDE,MG/L,45.04111,-83.37583
201802002,2019-02-19 21:09:31,CCGS LIMNOS,LAKE HURON,45,450228,-832233,36,8.8,2018-09-14 21:27:00,1640,7.00,.00,0.01000000,,0,7.010000,CL-F,CHLORIDE,MG/L,45.04111,-83.37583
201802002,2019-02-19 21:09:31,CCGS LIMNOS,LAKE HURON,46,450059,-824110,44,164.4,2018-09-15 01:10:00,1640,1.00,.00,0.01000000,,0,7.650000,CL-F,CHLORIDE,MG/L,45.01639,-82.68611
201802002,2019-02-19 21:09:31,CCGS LIMNOS,LAKE HURON,46,450059,-824110,44,164.4,2018-09-15 01:10:00,1640,18.00,.00,0.01000000,,0,7.740000,CL-F,CHLORIDE,MG/L,45.01639,-82.68611
201802002,2019-02-19 21:09:31,CCGS LIMNOS,LAKE HURON,46,450059,-824110,44,164.4,2018-09-15 01:10:00,1640,30.00,.00,0.01000000,,0,7.220000,CL-F,CHLORIDE,MG/L,45.01639,-82.68611
201802002,2019-02-19 21:09:31,CCGS LIMNOS,LAKE HURON,46,450059,-824110,44,164.4,2018-09-15 01:10:00,1640,42.00,.00,0.01000000,,0,7.230000,CL-F,CHLORIDE,MG/L,45.01639,-82.68611
201802002,2019-02-19 21:09:31,CCGS LIMNOS,LAKE HURON,46,450059,-824110,44,164.4,2018-09-15 01:10:00,1640,100.00,.00,0.01000000,,0,7.220000,CL-F,CHLORIDE,MG/L,45.01639,-82.68611
201802002,2019-02-19 21:09:31,CCGS LIMNOS,LAKE HURON,46,450059,-824110,44,164.4,2018-09-15 01:10:00,1640,154.00,.00,0.01000000,,0,7.210000,CL-F,CHLORIDE,MG/L,45.01639,-82.68611
201802002,2019-02-19 21:09:31,CCGS LIMNOS,LAKE HURON,46,450059,-824110,44,164.4,2018-09-15 01:10:00,1640,162.00,.00,0.01000000,,0,7.240000,CL-F,CHLORIDE,MG/L,45.01639,-82.68611
201802002,2019-02-19 21:09:31,CCGS LIMNOS,LAKE HURON,47,442958,-824952,33,72.14,2018-09-15 05:40:00,1640,1.00,.00,0.01000000,,0,6.980000,CL-F,CHLORIDE,MG/L,44.49944,-82.83111
201802002,2019-02-19 21:09:31,CCGS LIMNOS,LAKE HURON,48,441246,-832216,95,20.19,2018-09-15 09:12:00,1640,1.00,.00,0.01000000,,0,7.600000,CL-F,CHLORIDE,MG/L,44.21278,-83.37111
201802002,2019-02-19 21:09:31,CCGS LIMNOS,LAKE HURON,48,441246,-832216,95,20.19,2018-09-15 09:12:00,1640,16.50,.00,0.01000000,,0,7.580000,CL-F,CHLORIDE,MG/L,44.21278,-83.37111
201802002,2019-02-19 21:09:31,CCGS LIMNOS,LAKE HURON,48,441246,-832216,95,20.19,2018-09-15 09:12:00,1640,18.00,.00,0.01000000,,0,7.770000,CL-F,CHLORIDE,MG/L,44.21278,-83.37111
201802002,2019-02-19 21:09:31,CCGS LIMNOS,LAKE HURON,49,440653,-833141,97,10.88,2018-09-15 10:39:00,1640,1.00,.00,0.01000000,,0,12.000000,CL-F,CHLORIDE,MG/L,44.11472,-83.52806
201802002,2019-02-19 21:09:31,CCGS LIMNOS,LAKE HURON,50,435835,-833432,98,10.97,2018-09-15 12:00:00,1640,1.00,.00,0.01000000,,0,13.000000,CL-F,CHLORIDE,MG/L,43.97639,-83.57556
201802002,2019-02-19 21:09:31,CCGS LIMNOS,LAKE HURON,50,435835,-833432,98,10.97,2018-09-15 12:00:00,1640,1.00,.00,0.01000000,,1,12.900000,CL-F,CHLORIDE,MG/L,43.97639,-83.57556
201802002,2019-02-19 21:09:31,CCGS LIMNOS,LAKE HURON,50,435835,-833432,98,10.97,2018-09-15 12:00:00,1640,998.00,.00,0.01000000,,0,.020000,CL-F,CHLORIDE,MG/L,43.97639,-83.57556
201802002,2019-02-19 21:09:31,CCGS LIMNOS,LAKE HURON,50,435835,-833432,98,10.97,2018-09-15 12:00:00,1640,999.00,.00,0.01000000,<,0,.010000,CL-F,CHLORIDE,MG/L,43.97639,-83.57556
201802002,2019-02-19 21:09:31,CCGS LIMNOS,LAKE HURON,51,435431,-834430,99,7.32,2018-09-15 13:15:00,1640,1.00,.00,0.01000000,,0,14.400000,CL-F,CHLORIDE,MG/L,43.90861,-83.74167
201802002,2019-02-19 21:09:31,CCGS LIMNOS,LAKE HURON,52,434930,-834901,100,7.02,2018-09-15 14:06:00,1640,1.00,.00,0.01000000,,0,13.500000,CL-F,CHLORIDE,MG/L,43.82500,-83.81694
201802002,2019-02-19 21:09:31,CCGS LIMNOS,LAKE HURON,52,434930,-834901,100,7.02,2018-09-15 14:06:00,1640,5.00,.00,0.01000000,,0,13.400000,CL-F,CHLORIDE,MG/L,43.82500,-83.81694
201802002,2019-02-19 21:09:31,CCGS LIMNOS,LAKE HURON,53,434914,-833733,101,6.11,2018-09-15 15:22:00,1640,1.00,.00,0.01000000,,0,15.300000,CL-F,CHLORIDE,MG/L,43.82056,-83.62583
201802002,2019-02-19 21:09:31,CCGS LIMNOS,LAKE HURON,54,440735,-831019,96,29.29,2018-09-15 19:16:00,1640,1.00,.00,0.01000000,,0,7.690000,CL-F,CHLORIDE,MG/L,44.12639,-83.17194
201802002,2019-02-19 21:09:31,CCGS LIMNOS,LAKE HURON,55,441257,-830504,20,45.7,2018-09-15 20:13:00,1640,1.00,.00,0.01000000,,0,7.510000,CL-F,CHLORIDE,MG/L,44.21583,-83.08444
201802002,2019-02-19 21:09:31,CCGS LIMNOS,LAKE HURON,55,441257,-830504,20,45.7,2018-09-15 20:13:00,1640,1.00,.00,0.01000000,,1,7.530000,CL-F,CHLORIDE,MG/L,44.21583,-83.08444
201802002,2019-02-19 21:09:31,CCGS LIMNOS,LAKE HURON,56,440602,-825202,17,14.94,2018-09-15 21:56:00,1640,1.00,.00,0.01000000,,0,7.430000,CL-F,CHLORIDE,MG/L,44.10056,-82.86722
201802002,2019-02-19 21:09:31,CCGS LIMNOS,LAKE HURON,56,440602,-825202,17,14.94,2018-09-15 21:56:00,1640,13.00,.00,0.01000000,,0,7.570000,CL-F,CHLORIDE,MG/L,44.10056,-82.86722
201802002,2019-02-19 21:09:31,CCGS LIMNOS,LAKE HURON,57,441154,-823014,27,55.22,2018-09-16 00:02:00,1640,1.00,.00,0.01000000,,0,7.320000,CL-F,CHLORIDE,MG/L,44.19833,-82.50389
201802002,2019-02-19 21:09:31,CCGS LIMNOS,LAKE HURON,58,435632,-823956,14,13.16,2018-09-16 02:26:00,1640,1.00,.00,0.01000000,,0,7.440000,CL-F,CHLORIDE,MG/L,43.94222,-82.66556
201802002,2019-02-19 21:09:31,CCGS LIMNOS,LAKE HURON,58,435632,-823956,14,13.16,2018-09-16 02:26:00,1640,11.00,.00,0.01000000,,0,7.600000,CL-F,CHLORIDE,MG/L,43.94222,-82.66556
201802002,2019-02-19 21:09:31,CCGS LIMNOS,LAKE HURON,59,434511,-823408,13,16.56,2018-09-16 04:02:00,1640,1.00,.00,0.01000000,,0,7.430000,CL-F,CHLORIDE,MG/L,43.75306,-82.56889
201802002,2019-02-19 21:09:31,CCGS LIMNOS,LAKE HURON,60,433800,-821300,9,58.92,2018-09-16 06:04:00,1640,1.00,.00,0.01000000,,0,7.390000,CL-F,CHLORIDE,MG/L,43.63333,-82.21667
201802002,2019-02-19 21:09:31,CCGS LIMNOS,LAKE HURON,60,433800,-821300,9,58.92,2018-09-16 06:04:00,1640,1.00,.00,0.01000000,,1,7.430000,CL-F,CHLORIDE,MG/L,43.63333,-82.21667
201802002,2019-02-19 21:09:31,CCGS LIMNOS,LAKE HURON,60,433800,-821300,9,58.92,2018-09-16 06:04:00,1640,25.00,.00,0.01000000,,0,7.260000,CL-F,CHLORIDE,MG/L,43.63333,-82.21667
201802002,2019-02-19 21:09:31,CCGS LIMNOS,LAKE HURON,60,433800,-821300,9,58.92,2018-09-16 06:04:00,1640,29.00,.00,0.01000000,,0,7.280000,CL-F,CHLORIDE,MG/L,43.63333,-82.21667
201802002,2019-02-19 21:09:31,CCGS LIMNOS,LAKE HURON,60,433800,-821300,9,58.92,2018-09-16 06:04:00,1640,37.00,.00,0.01000000,,0,7.270000,CL-F,CHLORIDE,MG/L,43.63333,-82.21667
201802002,2019-02-19 21:09:31,CCGS LIMNOS,LAKE HURON,60,433800,-821300,9,58.92,2018-09-16 06:04:00,1640,49.00,.00,0.01000000,,0,7.270000,CL-F,CHLORIDE,MG/L,43.63333,-82.21667
201802002,2019-02-19 21:09:31,CCGS LIMNOS,LAKE HURON,60,433800,-821300,9,58.92,2018-09-16 06:04:00,1640,57.00,.00,0.01000000,,0,7.270000,CL-F,CHLORIDE,MG/L,43.63333,-82.21667
201802002,2019-02-19 21:09:31,CCGS LIMNOS,LAKE HURON,60,433800,-821300,9,58.92,2018-09-16 06:04:00,1640,998.00,.00,0.01000000,,0,.020000,CL-F,CHLORIDE,MG/L,43.63333,-82.21667
201802002,2019-02-19 21:09:31,CCGS LIMNOS,LAKE HURON,60,433800,-821300,9,58.92,2018-09-16 06:04:00,1640,999.00,.00,0.01000000,<,0,.010000,CL-F,CHLORIDE,MG/L,43.63333,-82.21667
201802002,2019-02-19 21:09:31,CCGS LIMNOS,LAKE HURON,61,433358,-822903,8,29.67,2018-09-16 08:09:00,1640,1.00,.00,0.01000000,,0,7.420000,CL-F,CHLORIDE,MG/L,43.56611,-82.48417
201802002,2019-02-19 21:09:31,CCGS LIMNOS,LAKE HURON,62,432031,-823022,7,10.72,2018-09-16 09:45:00,1640,1.00,.00,0.01000000,,0,7.420000,CL-F,CHLORIDE,MG/L,43.34194,-82.50611
201802002,2019-02-19 21:09:31,CCGS LIMNOS,LAKE HURON,1,430524,-822330,1,10.34,2018-09-10 23:38:00,1641,1.00,.00,0.01000000,,0,15.600000,SO4-F,SULPHATE,MG/L,43.09000,-82.39167
201802002,2019-02-19 21:09:31,CCGS LIMNOS,LAKE HURON,1,430524,-822330,1,10.34,2018-09-10 23:38:00,1641,8.00,.00,0.01000000,,0,15.300000,SO4-F,SULPHATE,MG/L,43.09000,-82.39167
201802002,2019-02-19 21:09:31,CCGS LIMNOS,LAKE HURON,2,431524,-820219,3,14.91,2018-09-11 02:08:00,1641,1.00,.00,0.01000000,,0,15.600000,SO4-F,SULPHATE,MG/L,43.25667,-82.03861
201802002,2019-02-19 21:09:31,CCGS LIMNOS,LAKE HURON,3,431928,-814722,4,9.81,2018-09-11 03:45:00,1641,1.00,.00,0.01000000,,0,15.500000,SO4-F,SULPHATE,MG/L,43.32444,-81.78944
201802002,2019-02-19 21:09:31,CCGS LIMNOS,LAKE HURON,4,433252,-814440,5,11.12,2018-09-11 05:38:00,1641,1.00,.00,0.01000000,,0,15.300000,SO4-F,SULPHATE,MG/L,43.54778,-81.74444
201802002,2019-02-19 21:09:31,CCGS LIMNOS,LAKE HURON,5,434508,-814655,10,12.08,2018-09-11 07:16:00,1641,1.00,.00,0.01000000,,0,15.300000,SO4-F,SULPHATE,MG/L,43.75222,-81.78194
201802002,2019-02-19 21:09:31,CCGS LIMNOS,LAKE HURON,5,434508,-814655,10,12.08,2018-09-11 07:16:00,1641,1.00,.00,0.01000000,,1,15.300000,SO4-F,SULPHATE,MG/L,43.75222,-81.78194
201802002,2019-02-19 21:09:31,CCGS LIMNOS,LAKE HURON,6,435325,-820319,12,87.02,2018-09-11 09:19:00,1641,1.00,.00,0.01000000,,0,15.400000,SO4-F,SULPHATE,MG/L,43.89028,-82.05528
201802002,2019-02-19 21:09:31,CCGS LIMNOS,LAKE HURON,7,435722,-814711,11,9.94,2018-09-11 11:20:00,1641,1.00,.00,0.01000000,,0,15.700000,SO4-F,SULPHATE,MG/L,43.95611,-81.78639
201802002,2019-02-19 21:09:31,CCGS LIMNOS,LAKE HURON,8,442203,-815002,29,124.4,2018-09-11 14:35:00,1641,1.00,.00,0.01000000,,0,15.200000,SO4-F,SULPHATE,MG/L,44.36750,-81.83389
201802002,2019-02-19 21:09:31,CCGS LIMNOS,LAKE HURON,8,442203,-815002,29,124.4,2018-09-11 14:35:00,1641,10.00,.00,0.01000000,,0,15.200000,SO4-F,SULPHATE,MG/L,44.36750,-81.83389
201802002,2019-02-19 21:09:31,CCGS LIMNOS,LAKE HURON,8,442203,-815002,29,124.4,2018-09-11 14:35:00,1641,14.00,.00,0.01000000,,0,15.200000,SO4-F,SULPHATE,MG/L,44.36750,-81.83389
201802002,2019-02-19 21:09:31,CCGS LIMNOS,LAKE HURON,8,442203,-815002,29,124.4,2018-09-11 14:35:00,1641,20.00,.00,0.01000000,,0,15.300000,SO4-F,SULPHATE,MG/L,44.36750,-81.83389
201802002,2019-02-19 21:09:31,CCGS LIMNOS,LAKE HURON,8,442203,-815002,29,124.4,2018-09-11 14:35:00,1641,114.00,.00,0.01000000,,0,15.400000,SO4-F,SULPHATE,MG/L,44.36750,-81.83389
201802002,2019-02-19 21:09:31,CCGS LIMNOS,LAKE HURON,8,442203,-815002,29,124.4,2018-09-11 14:35:00,1641,122.00,.00,0.01000000,,0,15.300000,SO4-F,SULPHATE,MG/L,44.36750,-81.83389
201802002,2019-02-19 21:09:31,CCGS LIMNOS,LAKE HURON,9,442757,-812713,30,19.91,2018-09-11 16:57:00,1641,1.00,.00,0.01000000,,0,15.800000,SO4-F,SULPHATE,MG/L,44.46583,-81.45361
201802002,2019-02-19 21:09:31,CCGS LIMNOS,LAKE HURON,10,443920,-812240,39,25.46,2018-09-11 18:30:00,1641,1.00,.00,0.01000000,,0,15.300000,SO4-F,SULPHATE,MG/L,44.65556,-81.37778
201802002,2019-02-19 21:09:31,CCGS LIMNOS,LAKE HURON,10,443920,-812240,39,25.46,2018-09-11 18:30:00,1641,1.00,.00,0.01000000,,1,15.300000,SO4-F,SULPHATE,MG/L,44.65556,-81.37778
201802002,2019-02-19 21:09:31,CCGS LIMNOS,LAKE HURON,10,443920,-812240,39,25.46,2018-09-11 18:30:00,1641,998.00,.00,0.01000000,,0,.060000,SO4-F,SULPHATE,MG/L,44.65556,-81.37778
201802002,2019-02-19 21:09:31,CCGS LIMNOS,LAKE HURON,10,443920,-812240,39,25.46,2018-09-11 18:30:00,1641,999.00,.00,0.01000000,<,0,.010000,SO4-F,SULPHATE,MG/L,44.65556,-81.37778
201802002,2019-02-19 21:09:31,CCGS LIMNOS,LAKE HURON,11,445354,-812617,40,20.6,2018-09-11 21:16:00,1641,1.00,.00,0.01000000,,0,15.400000,SO4-F,SULPHATE,MG/L,44.89833,-81.43806
201802002,2019-02-19 21:09:31,CCGS LIMNOS,LAKE HURON,12,444425,-820324,38,134.62,2018-09-12 00:30:00,1641,1.00,.00,0.01000000,,0,15.200000,SO4-F,SULPHATE,MG/L,44.74028,-82.05667
201802002,2019-02-19 21:09:31,CCGS LIMNOS,LAKE HURON,13,450106,-815835,43,173.44,2018-09-12 03:39:00,1641,1.00,.00,0.01000000,,0,15.300000,SO4-F,SULPHATE,MG/L,45.01833,-81.97639
201802002,2019-02-19 21:09:31,CCGS LIMNOS,LAKE HURON,14,450459,-813213,41,21.37,2018-09-12 05:44:00,1641,1.00,.00,0.01000000,,0,15.300000,SO4-F,SULPHATE,MG/L,45.08306,-81.53694
201802002,2019-02-19 21:09:31,CCGS LIMNOS,LAKE HURON,15,451315,-814914,42,43.58,2018-09-12 07:39:00,1641,1.00,.00,0.01000000,,0,15.100000,SO4-F,SULPHATE,MG/L,45.22083,-81.82056
201802002,2019-02-19 21:09:31,CCGS LIMNOS,LAKE HURON,15,451315,-814914,42,43.58,2018-09-12 07:39:00,1641,1.00,.00,0.01000000,,1,15.100000,SO4-F,SULPHATE,MG/L,45.22083,-81.82056
201802002,2019-02-19 21:09:31,CCGS LIMNOS,LAKE HURON,16,451644,-822704,48,110.28,2018-09-12 10:54:00,1641,1.00,.00,0.01000000,,0,14.500000,SO4-F,SULPHATE,MG/L,45.27889,-82.45111
201802002,2019-02-19 21:09:31,CCGS LIMNOS,LAKE HURON,17,453209,-820244,50,26.19,2018-09-12 13:40:00,1641,1.00,.00,0.01000000,,0,15.000000,SO4-F,SULPHATE,MG/L,45.53583,-82.04556
201802002,2019-02-19 21:09:31,CCGS LIMNOS,LAKE HURON,18,453904,-823850,52,65.02,2018-09-12 17:13:00,1641,1.00,.00,0.01000000,,0,15.100000,SO4-F,SULPHATE,MG/L,45.65111,-82.64722
201802002,2019-02-19 21:09:31,CCGS LIMNOS,LAKE HURON,19,454559,-830141,59,17.98,2018-09-12 19:44:00,1641,1.00,.00,0.01000000,,0,15.000000,SO4-F,SULPHATE,MG/L,45.76639,-83.02806
201802002,2019-02-19 21:09:31,CCGS LIMNOS,LAKE HURON,20,455200,-831558,58,12.75,2018-09-12 21:24:00,1641,1.00,.00,0.01000000,,0,14.800000,SO4-F,SULPHATE,MG/L,45.86667,-83.26611
201802002,2019-02-19 21:09:31,CCGS LIMNOS,LAKE HURON,20,455200,-831558,58,12.75,2018-09-12 21:24:00,1641,1.00,.00,0.01000000,,1,14.800000,SO4-F,SULPHATE,MG/L,45.86667,-83.26611
201802002,2019-02-19 21:09:31,CCGS LIMNOS,LAKE HURON,20,455200,-831558,58,12.75,2018-09-12 21:24:00,1641,998.00,.00,0.01000000,,0,.030000,SO4-F,SULPHATE,MG/L,45.86667,-83.26611
201802002,2019-02-19 21:09:31,CCGS LIMNOS,LAKE HURON,20,455200,-831558,58,12.75,2018-09-12 21:24:00,1641,999.00,.00,0.01000000,<,0,.010000,SO4-F,SULPHATE,MG/L,45.86667,-83.26611
201802002,2019-02-19 21:09:31,CCGS LIMNOS,LAKE HURON,21,455404,-833110,60,24.14,2018-09-12 23:15:00,1641,1.00,.00,0.01000000,,0,14.500000,SO4-F,SULPHATE,MG/L,45.90111,-83.51944
201802002,2019-02-19 21:09:31,CCGS LIMNOS,LAKE HURON,22,455959,-832600,76,58.38,2018-09-13 00:29:00,1641,1.00,.00,0.01000000,,0,12.500000,SO4-F,SULPHATE,MG/L,45.99972,-83.43333
201802002,2019-02-19 21:09:31,CCGS LIMNOS,LAKE HURON,23,455814,-831157,77,77.89,2018-09-13 01:46:00,1641,1.00,.00,0.01000000,,0,13.400000,SO4-F,SULPHATE,MG/L,45.97056,-83.19917
201802002,2019-02-19 21:09:31,CCGS LIMNOS,LAKE HURON,24,455612,-824534,82,28.12,2018-09-13 04:52:00,1641,1.00,.00,0.01000000,,0,12.500000,SO4-F,SULPHATE,MG/L,45.93667,-82.75944
201802002,2019-02-19 21:09:31,CCGS LIMNOS,LAKE HURON,25,455959,-823301,83,31.13,2018-09-13 06:16:00,1641,1.00,.00,0.01000000,,0,12.600000,SO4-F,SULPHATE,MG/L,45.99972,-82.55028
201802002,2019-02-19 21:09:31,CCGS LIMNOS,LAKE HURON,25,455959,-823301,83,31.13,2018-09-13 06:16:00,1641,1.00,.00,0.01000000,,1,12.600000,SO4-F,SULPHATE,MG/L,45.99972,-82.55028
201802002,2019-02-19 21:09:31,CCGS LIMNOS,LAKE HURON,26,460340,-821149,87,43.68,2018-09-13 08:08:00,1641,1.00,.00,0.01000000,,0,12.600000,SO4-F,SULPHATE,MG/L,46.06111,-82.19694
201802002,2019-02-19 21:09:31,CCGS LIMNOS,LAKE HURON,27,460319,-820000,88,35.75,2018-09-13 09:21:00,1641,1.00,.00,0.01000000,,0,12.600000,SO4-F,SULPHATE,MG/L,46.05528,-82.00000
201802002,2019-02-19 21:09:31,CCGS LIMNOS,LAKE HURON,28,455459,-820940,89,38.74,2018-09-13 11:07:00,1641,1.00,.00,0.01000000,,0,12.600000,SO4-F,SULPHATE,MG/L,45.91639,-82.16111
201802002,2019-02-19 21:09:31,CCGS LIMNOS,LAKE HURON,29,460630,-825048,84,35.65,2018-09-13 15:44:00,1641,1.00,.00,0.01000000,,0,12.300000,SO4-F,SULPHATE,MG/L,46.10833,-82.84667
201802002,2019-02-19 21:09:31,CCGS LIMNOS,LAKE HURON,29,460630,-825048,84,35.65,2018-09-13 15:44:00,1641,12.00,.00,0.01000000,,0,12.300000,SO4-F,SULPHATE,MG/L,46.10833,-82.84667
201802002,2019-02-19 21:09:31,CCGS LIMNOS,LAKE HURON,29,460630,-825048,84,35.65,2018-09-13 15:44:00,1641,14.00,.00,0.01000000,,0,12.700000,SO4-F,SULPHATE,MG/L,46.10833,-82.84667
201802002,2019-02-19 21:09:31,CCGS LIMNOS,LAKE HURON,29,460630,-825048,84,35.65,2018-09-13 15:44:00,1641,16.00,.00,0.01000000,,0,12.800000,SO4-F,SULPHATE,MG/L,46.10833,-82.84667
201802002,2019-02-19 21:09:31,CCGS LIMNOS,LAKE HURON,29,460630,-825048,84,35.65,2018-09-13 15:44:00,1641,34.00,.00,0.01000000,,0,13.800000,SO4-F,SULPHATE,MG/L,46.10833,-82.84667
201802002,2019-02-19 21:09:31,CCGS LIMNOS,LAKE HURON,30,460722,-825305,79,25.79,2018-09-13 15:58:00,1641,1.00,.00,0.01000000,,0,12.400000,SO4-F,SULPHATE,MG/L,46.12278,-82.88472
201802002,2019-02-19 21:09:31,CCGS LIMNOS,LAKE HURON,30,460722,-825305,79,25.79,2018-09-13 15:58:00,1641,1.00,.00,0.01000000,,1,12.400000,SO4-F,SULPHATE,MG/L,46.12278,-82.88472
201802002,2019-02-19 21:09:31,CCGS LIMNOS,LAKE HURON,30,460722,-825305,79,25.79,2018-09-13 15:58:00,1641,12.00,.00,0.01000000,,0,12.800000,SO4-F,SULPHATE,MG/L,46.12278,-82.88472
201802002,2019-02-19 21:09:31,CCGS LIMNOS,LAKE HURON,30,460722,-825305,79,25.79,2018-09-13 15:58:00,1641,16.00,.00,0.01000000,,0,13.300000,SO4-F,SULPHATE,MG/L,46.12278,-82.88472
201802002,2019-02-19 21:09:31,CCGS LIMNOS,LAKE HURON,30,460722,-825305,79,25.79,2018-09-13 15:58:00,1641,24.00,.00,0.01000000,,0,13.400000,SO4-F,SULPHATE,MG/L,46.12278,-82.88472
201802002,2019-02-19 21:09:31,CCGS LIMNOS,LAKE HURON,30,460722,-825305,79,25.79,2018-09-13 15:58:00,1641,998.00,.00,0.01000000,,0,.040000,SO4-F,SULPHATE,MG/L,46.12278,-82.88472
201802002,2019-02-19 21:09:31,CCGS LIMNOS,LAKE HURON,30,460722,-825305,79,25.79,2018-09-13 15:58:00,1641,999.00,.00,0.01000000,<,0,.010000,SO4-F,SULPHATE,MG/L,46.12278,-82.88472
201802002,2019-02-19 21:09:31,CCGS LIMNOS,LAKE HURON,31,461112,-832116,73,18.83,2018-09-13 18:56:00,1641,1.00,.00,0.01000000,,0,11.400000,SO4-F,SULPHATE,MG/L,46.18667,-83.35444
201802002,2019-02-19 21:09:31,CCGS LIMNOS,LAKE HURON,32,461401,-834445,71,35.37,2018-09-13 20:51:00,1641,1.00,.00,0.01000000,,0,5.990000,SO4-F,SULPHATE,MG/L,46.23361,-83.74583
201802002,2019-02-19 21:09:31,CCGS LIMNOS,LAKE HURON,32,461401,-834445,71,35.37,2018-09-13 20:51:00,1641,23.00,.00,0.01000000,,0,8.350000,SO4-F,SULPHATE,MG/L,46.23361,-83.74583
201802002,2019-02-19 21:09:31,CCGS LIMNOS,LAKE HURON,32,461401,-834445,71,35.37,2018-09-13 20:51:00,1641,27.00,.00,0.01000000,,0,7.950000,SO4-F,SULPHATE,MG/L,46.23361,-83.74583
201802002,2019-02-19 21:09:31,CCGS LIMNOS,LAKE HURON,32,461401,-834445,71,35.37,2018-09-13 20:51:00,1641,31.00,.00,0.01000000,,0,10.500000,SO4-F,SULPHATE,MG/L,46.23361,-83.74583
201802002,2019-02-19 21:09:31,CCGS LIMNOS,LAKE HURON,32,461401,-834445,71,35.37,2018-09-13 20:51:00,1641,33.00,.00,0.01000000,,0,10.500000,SO4-F,SULPHATE,MG/L,46.23361,-83.74583
201802002,2019-02-19 21:09:31,CCGS LIMNOS,LAKE HURON,33,460813,-834020,70,21.61,2018-09-13 22:05:00,1641,1.00,.00,0.01000000,,0,9.060000,SO4-F,SULPHATE,MG/L,46.13694,-83.67222
201802002,2019-02-19 21:09:31,CCGS LIMNOS,LAKE HURON,34,460232,-835109,68,16.63,2018-09-13 23:31:00,1641,1.00,.00,0.01000000,,0,4.800000,SO4-F,SULPHATE,MG/L,46.04222,-83.85250
201802002,2019-02-19 21:09:31,CCGS LIMNOS,LAKE HURON,35,460440,-840138,69,10.72,2018-09-14 00:42:00,1641,1.00,.00,0.01000000,,0,3.570000,SO4-F,SULPHATE,MG/L,46.07778,-84.02722
201802002,2019-02-19 21:09:31,CCGS LIMNOS,LAKE HURON,35,460440,-840138,69,10.72,2018-09-14 00:42:00,1641,1.00,.00,0.01000000,,1,3.560000,SO4-F,SULPHATE,MG/L,46.07778,-84.02722
201802002,2019-02-19 21:09:31,CCGS LIMNOS,LAKE HURON,35,460440,-840138,69,10.72,2018-09-14 00:42:00,1641,9.00,.00,0.01000000,,0,3.760000,SO4-F,SULPHATE,MG/L,46.07778,-84.02722
201802002,2019-02-19 21:09:31,CCGS LIMNOS,LAKE HURON,36,455610,-835359,67,29.3,2018-09-14 02:17:00,1641,1.00,.00,0.01000000,,0,12.300000,SO4-F,SULPHATE,MG/L,45.93611,-83.89972
201802002,2019-02-19 21:09:31,CCGS LIMNOS,LAKE HURON,37,455151,-841743,66,67.4,2018-09-14 04:24:00,1641,1.00,.00,0.01000000,,0,13.400000,SO4-F,SULPHATE,MG/L,45.86417,-84.29528
201802002,2019-02-19 21:09:31,CCGS LIMNOS,LAKE HURON,38,455041,-843358,65,58.91,2018-09-14 06:01:00,1641,1.00,.00,0.01000000,,0,16.200000,SO4-F,SULPHATE,MG/L,45.84472,-84.56611
201802002,2019-02-19 21:09:31,CCGS LIMNOS,LAKE HURON,39,454846,-844515,64,35.89,2018-09-14 07:17:00,1641,1.00,.00,0.01000000,,0,17.400000,SO4-F,SULPHATE,MG/L,45.81278,-84.75417
201802002,2019-02-19 21:09:31,CCGS LIMNOS,LAKE HURON,39,454846,-844515,64,35.89,2018-09-14 07:17:00,1641,19.00,.00,0.01000000,,0,17.900000,SO4-F,SULPHATE,MG/L,45.81278,-84.75417
201802002,2019-02-19 21:09:31,CCGS LIMNOS,LAKE HURON,39,454846,-844515,64,35.89,2018-09-14 07:17:00,1641,22.00,.00,0.01000000,,0,17.500000,SO4-F,SULPHATE,MG/L,45.81278,-84.75417
201802002,2019-02-19 21:09:31,CCGS LIMNOS,LAKE HURON,39,454846,-844515,64,35.89,2018-09-14 07:17:00,1641,30.00,.00,0.01000000,,0,16.800000,SO4-F,SULPHATE,MG/L,45.81278,-84.75417
201802002,2019-02-19 21:09:31,CCGS LIMNOS,LAKE HURON,39,454846,-844515,64,35.89,2018-09-14 07:17:00,1641,34.00,.00,0.01000000,,0,16.900000,SO4-F,SULPHATE,MG/L,45.81278,-84.75417
201802002,2019-02-19 21:09:31,CCGS LIMNOS,LAKE HURON,40,454218,-843037,63,15.8,2018-09-14 09:01:00,1641,1.00,.00,0.01000000,,0,17.200000,SO4-F,SULPHATE,MG/L,45.70500,-84.51028
201802002,2019-02-19 21:09:31,CCGS LIMNOS,LAKE HURON,40,454218,-843037,63,15.8,2018-09-14 09:01:00,1641,1.00,.00,0.01000000,,1,17.200000,SO4-F,SULPHATE,MG/L,45.70500,-84.51028
201802002,2019-02-19 21:09:31,CCGS LIMNOS,LAKE HURON,40,454218,-843037,63,15.8,2018-09-14 09:01:00,1641,998.00,.00,0.01000000,,0,.050000,SO4-F,SULPHATE,MG/L,45.70500,-84.51028
201802002,2019-02-19 21:09:31,CCGS LIMNOS,LAKE HURON,40,454218,-843037,63,15.8,2018-09-14 09:01:00,1641,999.00,.00,0.01000000,,0,.030000,SO4-F,SULPHATE,MG/L,45.70500,-84.51028
201802002,2019-02-19 21:09:31,CCGS LIMNOS,LAKE HURON,41,454025,-841106,62,44.24,2018-09-14 11:05:00,1641,1.00,.00,0.01000000,,0,13.800000,SO4-F,SULPHATE,MG/L,45.67361,-84.18500
201802002,2019-02-19 21:09:31,CCGS LIMNOS,LAKE HURON,42,453102,-840501,56,21.54,2018-09-14 12:13:00,1641,1.00,.00,0.01000000,,0,16.000000,SO4-F,SULPHATE,MG/L,45.51722,-84.08361
201802002,2019-02-19 21:09:31,CCGS LIMNOS,LAKE HURON,43,453102,-832500,54,118.94,2018-09-14 15:26:00,1641,1.00,.00,0.01000000,,0,14.700000,SO4-F,SULPHATE,MG/L,45.51722,-83.41667
201802002,2019-02-19 21:09:31,CCGS LIMNOS,LAKE HURON,43,453102,-832500,54,118.94,2018-09-14 15:26:00,1641,3.00,.00,0.01000000,,0,14.900000,SO4-F,SULPHATE,MG/L,45.51722,-83.41667
201802002,2019-02-19 21:09:31,CCGS LIMNOS,LAKE HURON,43,453102,-832500,54,118.94,2018-09-14 15:26:00,1641,15.00,.00,0.01000000,,0,14.500000,SO4-F,SULPHATE,MG/L,45.51722,-83.41667
201802002,2019-02-19 21:09:31,CCGS LIMNOS,LAKE HURON,43,453102,-832500,54,118.94,2018-09-14 15:26:00,1641,30.00,.00,0.01000000,,0,14.500000,SO4-F,SULPHATE,MG/L,45.51722,-83.41667
201802002,2019-02-19 21:09:31,CCGS LIMNOS,LAKE HURON,43,453102,-832500,54,118.94,2018-09-14 15:26:00,1641,107.00,.00,0.01000000,,0,15.000000,SO4-F,SULPHATE,MG/L,45.51722,-83.41667
201802002,2019-02-19 21:09:31,CCGS LIMNOS,LAKE HURON,43,453102,-832500,54,118.94,2018-09-14 15:26:00,1641,117.00,.00,0.01000000,,0,15.000000,SO4-F,SULPHATE,MG/L,45.51722,-83.41667
201802002,2019-02-19 21:09:31,CCGS LIMNOS,LAKE HURON,44,451515,-832047,47,22.2,2018-09-14 18:07:00,1641,1.00,.00,0.01000000,,0,16.000000,SO4-F,SULPHATE,MG/L,45.25417,-83.34639
201802002,2019-02-19 21:09:31,CCGS LIMNOS,LAKE HURON,45,450228,-832233,36,8.8,2018-09-14 21:27:00,1641,1.00,.00,0.01000000,,0,14.600000,SO4-F,SULPHATE,MG/L,45.04111,-83.37583
201802002,2019-02-19 21:09:31,CCGS LIMNOS,LAKE HURON,45,450228,-832233,36,8.8,2018-09-14 21:27:00,1641,1.00,.00,0.01000000,,1,14.600000,SO4-F,SULPHATE,MG/L,45.04111,-83.37583
201802002,2019-02-19 21:09:31,CCGS LIMNOS,LAKE HURON,45,450228,-832233,36,8.8,2018-09-14 21:27:00,1641,7.00,.00,0.01000000,,0,14.600000,SO4-F,SULPHATE,MG/L,45.04111,-83.37583
201802002,2019-02-19 21:09:31,CCGS LIMNOS,LAKE HURON,46,450059,-824110,44,164.4,2018-09-15 01:10:00,1641,1.00,.00,0.01000000,,0,15.100000,SO4-F,SULPHATE,MG/L,45.01639,-82.68611
201802002,2019-02-19 21:09:31,CCGS LIMNOS,LAKE HURON,46,450059,-824110,44,164.4,2018-09-15 01:10:00,1641,18.00,.00,0.01000000,,0,15.200000,SO4-F,SULPHATE,MG/L,45.01639,-82.68611
201802002,2019-02-19 21:09:31,CCGS LIMNOS,LAKE HURON,46,450059,-824110,44,164.4,2018-09-15 01:10:00,1641,30.00,.00,0.01000000,,0,15.200000,SO4-F,SULPHATE,MG/L,45.01639,-82.68611
201802002,2019-02-19 21:09:31,CCGS LIMNOS,LAKE HURON,46,450059,-824110,44,164.4,2018-09-15 01:10:00,1641,42.00,.00,0.01000000,,0,15.300000,SO4-F,SULPHATE,MG/L,45.01639,-82.68611
201802002,2019-02-19 21:09:31,CCGS LIMNOS,LAKE HURON,46,450059,-824110,44,164.4,2018-09-15 01:10:00,1641,100.00,.00,0.01000000,,0,15.200000,SO4-F,SULPHATE,MG/L,45.01639,-82.68611
201802002,2019-02-19 21:09:31,CCGS LIMNOS,LAKE HURON,46,450059,-824110,44,164.4,2018-09-15 01:10:00,1641,154.00,.00,0.01000000,,0,15.200000,SO4-F,SULPHATE,MG/L,45.01639,-82.68611
201802002,2019-02-19 21:09:31,CCGS LIMNOS,LAKE HURON,46,450059,-824110,44,164.4,2018-09-15 01:10:00,1641,162.00,.00,0.01000000,,0,15.300000,SO4-F,SULPHATE,MG/L,45.01639,-82.68611
201802002,2019-02-19 21:09:31,CCGS LIMNOS,LAKE HURON,47,442958,-824952,33,72.14,2018-09-15 05:40:00,1641,1.00,.00,0.01000000,,0,14.600000,SO4-F,SULPHATE,MG/L,44.49944,-82.83111
201802002,2019-02-19 21:09:31,CCGS LIMNOS,LAKE HURON,48,441246,-832216,95,20.19,2018-09-15 09:12:00,1641,1.00,.00,0.01000000,,0,15.300000,SO4-F,SULPHATE,MG/L,44.21278,-83.37111
201802002,2019-02-19 21:09:31,CCGS LIMNOS,LAKE HURON,48,441246,-832216,95,20.19,2018-09-15 09:12:00,1641,16.50,.00,0.01000000,,0,15.400000,SO4-F,SULPHATE,MG/L,44.21278,-83.37111
201802002,2019-02-19 21:09:31,CCGS LIMNOS,LAKE HURON,48,441246,-832216,95,20.19,2018-09-15 09:12:00,1641,18.00,.00,0.01000000,,0,15.400000,SO4-F,SULPHATE,MG/L,44.21278,-83.37111
201802002,2019-02-19 21:09:31,CCGS LIMNOS,LAKE HURON,49,440653,-833141,97,10.88,2018-09-15 10:39:00,1641,1.00,.00,0.01000000,,0,16.800000,SO4-F,SULPHATE,MG/L,44.11472,-83.52806
201802002,2019-02-19 21:09:31,CCGS LIMNOS,LAKE HURON,50,435835,-833432,98,10.97,2018-09-15 12:00:00,1641,1.00,.00,0.01000000,,0,16.800000,SO4-F,SULPHATE,MG/L,43.97639,-83.57556
201802002,2019-02-19 21:09:31,CCGS LIMNOS,LAKE HURON,50,435835,-833432,98,10.97,2018-09-15 12:00:00,1641,1.00,.00,0.01000000,,1,16.800000,SO4-F,SULPHATE,MG/L,43.97639,-83.57556
201802002,2019-02-19 21:09:31,CCGS LIMNOS,LAKE HURON,50,435835,-833432,98,10.97,2018-09-15 12:00:00,1641,998.00,.00,0.01000000,,0,.040000,SO4-F,SULPHATE,MG/L,43.97639,-83.57556
201802002,2019-02-19 21:09:31,CCGS LIMNOS,LAKE HURON,50,435835,-833432,98,10.97,2018-09-15 12:00:00,1641,999.00,.00,0.01000000,<,0,.010000,SO4-F,SULPHATE,MG/L,43.97639,-83.57556
201802002,2019-02-19 21:09:31,CCGS LIMNOS,LAKE HURON,51,435431,-834430,99,7.32,2018-09-15 13:15:00,1641,1.00,.00,0.01000000,,0,17.200000,SO4-F,SULPHATE,MG/L,43.90861,-83.74167
201802002,2019-02-19 21:09:31,CCGS LIMNOS,LAKE HURON,52,434930,-834901,100,7.02,2018-09-15 14:06:00,1641,1.00,.00,0.01000000,,0,17.200000,SO4-F,SULPHATE,MG/L,43.82500,-83.81694
201802002,2019-02-19 21:09:31,CCGS LIMNOS,LAKE HURON,52,434930,-834901,100,7.02,2018-09-15 14:06:00,1641,5.00,.00,0.01000000,,0,17.100000,SO4-F,SULPHATE,MG/L,43.82500,-83.81694
201802002,2019-02-19 21:09:31,CCGS LIMNOS,LAKE HURON,53,434914,-833733,101,6.11,2018-09-15 15:22:00,1641,1.00,.00,0.01000000,,0,17.400000,SO4-F,SULPHATE,MG/L,43.82056,-83.62583
201802002,2019-02-19 21:09:31,CCGS LIMNOS,LAKE HURON,54,440735,-831019,96,29.29,2018-09-15 19:16:00,1641,1.00,.00,0.01000000,,0,15.400000,SO4-F,SULPHATE,MG/L,44.12639,-83.17194
201802002,2019-02-19 21:09:31,CCGS LIMNOS,LAKE HURON,55,441257,-830504,20,45.7,2018-09-15 20:13:00,1641,1.00,.00,0.01000000,,0,15.300000,SO4-F,SULPHATE,MG/L,44.21583,-83.08444
201802002,2019-02-19 21:09:31,CCGS LIMNOS,LAKE HURON,55,441257,-830504,20,45.7,2018-09-15 20:13:00,1641,1.00,.00,0.01000000,,1,15.300000,SO4-F,SULPHATE,MG/L,44.21583,-83.08444
201802002,2019-02-19 21:09:31,CCGS LIMNOS,LAKE HURON,56,440602,-825202,17,14.94,2018-09-15 21:56:00,1641,1.00,.00,0.01000000,,0,15.200000,SO4-F,SULPHATE,MG/L,44.10056,-82.86722
201802002,2019-02-19 21:09:31,CCGS LIMNOS,LAKE HURON,56,440602,-825202,17,14.94,2018-09-15 21:56:00,1641,13.00,.00,0.01000000,,0,15.300000,SO4-F,SULPHATE,MG/L,44.10056,-82.86722
201802002,2019-02-19 21:09:31,CCGS LIMNOS,LAKE HURON,57,441154,-823014,27,55.22,2018-09-16 00:02:00,1641,1.00,.00,0.01000000,,0,15.000000,SO4-F,SULPHATE,MG/L,44.19833,-82.50389
201802002,2019-02-19 21:09:31,CCGS LIMNOS,LAKE HURON,58,435632,-823956,14,13.16,2018-09-16 02:26:00,1641,1.00,.00,0.01000000,,0,15.400000,SO4-F,SULPHATE,MG/L,43.94222,-82.66556
201802002,2019-02-19 21:09:31,CCGS LIMNOS,LAKE HURON,58,435632,-823956,14,13.16,2018-09-16 02:26:00,1641,11.00,.00,0.01000000,,0,15.400000,SO4-F,SULPHATE,MG/L,43.94222,-82.66556
201802002,2019-02-19 21:09:31,CCGS LIMNOS,LAKE HURON,59,434511,-823408,13,16.56,2018-09-16 04:02:00,1641,1.00,.00,0.01000000,,0,15.400000,SO4-F,SULPHATE,MG/L,43.75306,-82.56889
201802002,2019-02-19 21:09:31,CCGS LIMNOS,LAKE HURON,60,433800,-821300,9,58.92,2018-09-16 06:04:00,1641,1.00,.00,0.01000000,,0,15.300000,SO4-F,SULPHATE,MG/L,43.63333,-82.21667
201802002,2019-02-19 21:09:31,CCGS LIMNOS,LAKE HURON,60,433800,-821300,9,58.92,2018-09-16 06:04:00,1641,1.00,.00,0.01000000,,1,15.300000,SO4-F,SULPHATE,MG/L,43.63333,-82.21667
201802002,2019-02-19 21:09:31,CCGS LIMNOS,LAKE HURON,60,433800,-821300,9,58.92,2018-09-16 06:04:00,1641,25.00,.00,0.01000000,,0,15.200000,SO4-F,SULPHATE,MG/L,43.63333,-82.21667
201802002,2019-02-19 21:09:31,CCGS LIMNOS,LAKE HURON,60,433800,-821300,9,58.92,2018-09-16 06:04:00,1641,29.00,.00,0.01000000,,0,15.200000,SO4-F,SULPHATE,MG/L,43.63333,-82.21667
201802002,2019-02-19 21:09:31,CCGS LIMNOS,LAKE HURON,60,433800,-821300,9,58.92,2018-09-16 06:04:00,1641,37.00,.00,0.01000000,,0,15.200000,SO4-F,SULPHATE,MG/L,43.63333,-82.21667
201802002,2019-02-19 21:09:31,CCGS LIMNOS,LAKE HURON,60,433800,-821300,9,58.92,2018-09-16 06:04:00,1641,49.00,.00,0.01000000,,0,15.200000,SO4-F,SULPHATE,MG/L,43.63333,-82.21667
201802002,2019-02-19 21:09:31,CCGS LIMNOS,LAKE HURON,60,433800,-821300,9,58.92,2018-09-16 06:04:00,1641,57.00,.00,0.01000000,,0,15.200000,SO4-F,SULPHATE,MG/L,43.63333,-82.21667
201802002,2019-02-19 21:09:31,CCGS LIMNOS,LAKE HURON,60,433800,-821300,9,58.92,2018-09-16 06:04:00,1641,998.00,.00,0.01000000,<,0,.010000,SO4-F,SULPHATE,MG/L,43.63333,-82.21667
201802002,2019-02-19 21:09:31,CCGS LIMNOS,LAKE HURON,60,433800,-821300,9,58.92,2018-09-16 06:04:00,1641,999.00,.00,0.01000000,<,0,.010000,SO4-F,SULPHATE,MG/L,43.63333,-82.21667
201802002,2019-02-19 21:09:31,CCGS LIMNOS,LAKE HURON,61,433358,-822903,8,29.67,2018-09-16 08:09:00,1641,1.00,.00,0.01000000,,0,15.400000,SO4-F,SULPHATE,MG/L,43.56611,-82.48417
201802002,2019-02-19 21:09:31,CCGS LIMNOS,LAKE HURON,62,432031,-823022,7,10.72,2018-09-16 09:45:00,1641,1.00,.00,0.01000000,,0,15.300000,SO4-F,SULPHATE,MG/L,43.34194,-82.50611
201802002,2019-02-19 21:09:31,CCGS LIMNOS,LAKE HURON,1,430524,-822330,1,10.34,2018-09-10 23:38:00,2036,1.00,.00,0.00050000,,0,.002900,TP-P-UF,TOTAL PHOSPHOROUS,MG/L,43.09000,-82.39167
201802002,2019-02-19 21:09:31,CCGS LIMNOS,LAKE HURON,1,430524,-822330,1,10.34,2018-09-10 23:38:00,2036,8.00,.00,0.00050000,,0,.001900,TP-P-UF,TOTAL PHOSPHOROUS,MG/L,43.09000,-82.39167
201802002,2019-02-19 21:09:31,CCGS LIMNOS,LAKE HURON,2,431524,-820219,3,14.91,2018-09-11 02:08:00,2036,1.00,.00,0.00050000,,0,.006900,TP-P-UF,TOTAL PHOSPHOROUS,MG/L,43.25667,-82.03861
201802002,2019-02-19 21:09:31,CCGS LIMNOS,LAKE HURON,3,431928,-814722,4,9.81,2018-09-11 03:45:00,2036,1.00,.00,0.00050000,,0,.002900,TP-P-UF,TOTAL PHOSPHOROUS,MG/L,43.32444,-81.78944
201802002,2019-02-19 21:09:31,CCGS LIMNOS,LAKE HURON,4,433252,-814440,5,11.12,2018-09-11 05:38:00,2036,1.00,.00,0.00050000,,0,.002300,TP-P-UF,TOTAL PHOSPHOROUS,MG/L,43.54778,-81.74444
201802002,2019-02-19 21:09:31,CCGS LIMNOS,LAKE HURON,5,434508,-814655,10,12.08,2018-09-11 07:16:00,2036,1.00,.00,0.00050000,,0,.002000,TP-P-UF,TOTAL PHOSPHOROUS,MG/L,43.75222,-81.78194
201802002,2019-02-19 21:09:31,CCGS LIMNOS,LAKE HURON,5,434508,-814655,10,12.08,2018-09-11 07:16:00,2036,1.00,.00,0.00050000,,1,.005000,TP-P-UF,TOTAL PHOSPHOROUS,MG/L,43.75222,-81.78194
201802002,2019-02-19 21:09:31,CCGS LIMNOS,LAKE HURON,6,435325,-820319,12,87.02,2018-09-11 09:19:00,2036,1.00,.00,0.00050000,,0,.000800,TP-P-UF,TOTAL PHOSPHOROUS,MG/L,43.89028,-82.05528
201802002,2019-02-19 21:09:31,CCGS LIMNOS,LAKE HURON,7,435722,-814711,11,9.94,2018-09-11 11:20:00,2036,1.00,.00,0.00050000,,0,.001800,TP-P-UF,TOTAL PHOSPHOROUS,MG/L,43.95611,-81.78639
201802002,2019-02-19 21:09:31,CCGS LIMNOS,LAKE HURON,8,442203,-815002,29,124.4,2018-09-11 14:35:00,2036,1.00,.00,0.00050000,,0,.001200,TP-P-UF,TOTAL PHOSPHOROUS,MG/L,44.36750,-81.83389
201802002,2019-02-19 21:09:31,CCGS LIMNOS,LAKE HURON,8,442203,-815002,29,124.4,2018-09-11 14:35:00,2036,10.00,.00,0.00050000,,0,.000900,TP-P-UF,TOTAL PHOSPHOROUS,MG/L,44.36750,-81.83389
201802002,2019-02-19 21:09:31,CCGS LIMNOS,LAKE HURON,8,442203,-815002,29,124.4,2018-09-11 14:35:00,2036,14.00,.00,0.00050000,,0,.002800,TP-P-UF,TOTAL PHOSPHOROUS,MG/L,44.36750,-81.83389
201802002,2019-02-19 21:09:31,CCGS LIMNOS,LAKE HURON,8,442203,-815002,29,124.4,2018-09-11 14:35:00,2036,20.00,.00,0.00050000,,0,.008300,TP-P-UF,TOTAL PHOSPHOROUS,MG/L,44.36750,-81.83389
201802002,2019-02-19 21:09:31,CCGS LIMNOS,LAKE HURON,8,442203,-815002,29,124.4,2018-09-11 14:35:00,2036,114.00,.00,0.00050000,,0,.002600,TP-P-UF,TOTAL PHOSPHOROUS,MG/L,44.36750,-81.83389
201802002,2019-02-19 21:09:31,CCGS LIMNOS,LAKE HURON,8,442203,-815002,29,124.4,2018-09-11 14:35:00,2036,122.00,.00,0.00050000,,0,.001600,TP-P-UF,TOTAL PHOSPHOROUS,MG/L,44.36750,-81.83389
201802002,2019-02-19 21:09:31,CCGS LIMNOS,LAKE HURON,9,442757,-812713,30,19.91,2018-09-11 16:57:00,2036,1.00,.00,0.00050000,,0,.003400,TP-P-UF,TOTAL PHOSPHOROUS,MG/L,44.46583,-81.45361
201802002,2019-02-19 21:09:31,CCGS LIMNOS,LAKE HURON,10,443920,-812240,39,25.46,2018-09-11 18:30:00,2036,1.00,.00,0.00050000,,0,.000600,TP-P-UF,TOTAL PHOSPHOROUS,MG/L,44.65556,-81.37778
201802002,2019-02-19 21:09:31,CCGS LIMNOS,LAKE HURON,10,443920,-812240,39,25.46,2018-09-11 18:30:00,2036,1.00,.00,0.00050000,,1,.001200,TP-P-UF,TOTAL PHOSPHOROUS,MG/L,44.65556,-81.37778
201802002,2019-02-19 21:09:31,CCGS LIMNOS,LAKE HURON,10,443920,-812240,39,25.46,2018-09-11 18:30:00,2036,998.00,.00,0.00050000,<,0,.000500,TP-P-UF,TOTAL PHOSPHOROUS,MG/L,44.65556,-81.37778
201802002,2019-02-19 21:09:31,CCGS LIMNOS,LAKE HURON,10,443920,-812240,39,25.46,2018-09-11 18:30:00,2036,999.00,.00,0.00050000,<,0,.000500,TP-P-UF,TOTAL PHOSPHOROUS,MG/L,44.65556,-81.37778
201802002,2019-02-19 21:09:31,CCGS LIMNOS,LAKE HURON,11,445354,-812617,40,20.6,2018-09-11 21:16:00,2036,1.00,.00,0.00050000,,0,.001000,TP-P-UF,TOTAL PHOSPHOROUS,MG/L,44.89833,-81.43806
201802002,2019-02-19 21:09:31,CCGS LIMNOS,LAKE HURON,12,444425,-820324,38,134.62,2018-09-12 00:30:00,2036,1.00,.00,0.00050000,,0,.001800,TP-P-UF,TOTAL PHOSPHOROUS,MG/L,44.74028,-82.05667
201802002,2019-02-19 21:09:31,CCGS LIMNOS,LAKE HURON,13,450106,-815835,43,173.44,2018-09-12 03:39:00,2036,1.00,.00,0.00050000,,0,.001500,TP-P-UF,TOTAL PHOSPHOROUS,MG/L,45.01833,-81.97639
201802002,2019-02-19 21:09:31,CCGS LIMNOS,LAKE HURON,14,450459,-813213,41,21.37,2018-09-12 05:44:00,2036,1.00,.00,0.00050000,,0,.002100,TP-P-UF,TOTAL PHOSPHOROUS,MG/L,45.08306,-81.53694
201802002,2019-02-19 21:09:31,CCGS LIMNOS,LAKE HURON,15,451315,-814914,42,43.58,2018-09-12 07:39:00,2036,1.00,.00,0.00050000,,0,.002100,TP-P-UF,TOTAL PHOSPHOROUS,MG/L,45.22083,-81.82056
201802002,2019-02-19 21:09:31,CCGS LIMNOS,LAKE HURON,15,451315,-814914,42,43.58,2018-09-12 07:39:00,2036,1.00,.00,0.00050000,,1,.001500,TP-P-UF,TOTAL PHOSPHOROUS,MG/L,45.22083,-81.82056
201802002,2019-02-19 21:09:31,CCGS LIMNOS,LAKE HURON,16,451644,-822704,48,110.28,2018-09-12 10:54:00,2036,1.00,.00,0.00050000,,0,.001600,TP-P-UF,TOTAL PHOSPHOROUS,MG/L,45.27889,-82.45111
201802002,2019-02-19 21:09:31,CCGS LIMNOS,LAKE HURON,17,453209,-820244,50,26.19,2018-09-12 13:40:00,2036,1.00,.00,0.00050000,,0,.002500,TP-P-UF,TOTAL PHOSPHOROUS,MG/L,45.53583,-82.04556
201802002,2019-02-19 21:09:31,CCGS LIMNOS,LAKE HURON,18,453904,-823850,52,65.02,2018-09-12 17:13:00,2036,1.00,.00,0.00050000,,0,.001600,TP-P-UF,TOTAL PHOSPHOROUS,MG/L,45.65111,-82.64722
201802002,2019-02-19 21:09:31,CCGS LIMNOS,LAKE HURON,19,454559,-830141,59,17.98,2018-09-12 19:44:00,2036,1.00,.00,0.00050000,,0,.000700,TP-P-UF,TOTAL PHOSPHOROUS,MG/L,45.76639,-83.02806
201802002,2019-02-19 21:09:31,CCGS LIMNOS,LAKE HURON,20,455200,-831558,58,12.75,2018-09-12 21:24:00,2036,1.00,.00,0.00050000,,0,.001800,TP-P-UF,TOTAL PHOSPHOROUS,MG/L,45.86667,-83.26611
201802002,2019-02-19 21:09:31,CCGS LIMNOS,LAKE HURON,20,455200,-831558,58,12.75,2018-09-12 21:24:00,2036,1.00,.00,0.00050000,,1,.001700,TP-P-UF,TOTAL PHOSPHOROUS,MG/L,45.86667,-83.26611
201802002,2019-02-19 21:09:31,CCGS LIMNOS,LAKE HURON,20,455200,-831558,58,12.75,2018-09-12 21:24:00,2036,998.00,.00,0.00050000,<,0,.000500,TP-P-UF,TOTAL PHOSPHOROUS,MG/L,45.86667,-83.26611
201802002,2019-02-19 21:09:31,CCGS LIMNOS,LAKE HURON,20,455200,-831558,58,12.75,2018-09-12 21:24:00,2036,999.00,.00,0.00050000,<,0,.000500,TP-P-UF,TOTAL PHOSPHOROUS,MG/L,45.86667,-83.26611
201802002,2019-02-19 21:09:31,CCGS LIMNOS,LAKE HURON,21,455404,-833110,60,24.14,2018-09-12 23:15:00,2036,1.00,.00,0.00050000,,0,.001900,TP-P-UF,TOTAL PHOSPHOROUS,MG/L,45.90111,-83.51944
201802002,2019-02-19 21:09:31,CCGS LIMNOS,LAKE HURON,22,455959,-832600,76,58.38,2018-09-13 00:29:00,2036,1.00,.00,0.00050000,,0,.002100,TP-P-UF,TOTAL PHOSPHOROUS,MG/L,45.99972,-83.43333
201802002,2019-02-19 21:09:31,CCGS LIMNOS,LAKE HURON,23,455814,-831157,77,77.89,2018-09-13 01:46:00,2036,1.00,.00,0.00050000,,0,.001900,TP-P-UF,TOTAL PHOSPHOROUS,MG/L,45.97056,-83.19917
201802002,2019-02-19 21:09:31,CCGS LIMNOS,LAKE HURON,24,455612,-824534,82,28.12,2018-09-13 04:52:00,2036,1.00,.00,0.00050000,,0,.003800,TP-P-UF,TOTAL PHOSPHOROUS,MG/L,45.93667,-82.75944
201802002,2019-02-19 21:09:31,CCGS LIMNOS,LAKE HURON,25,455959,-823301,83,31.13,2018-09-13 06:16:00,2036,1.00,.00,0.00050000,,0,.004300,TP-P-UF,TOTAL PHOSPHOROUS,MG/L,45.99972,-82.55028
201802002,2019-02-19 21:09:31,CCGS LIMNOS,LAKE HURON,25,455959,-823301,83,31.13,2018-09-13 06:16:00,2036,1.00,.00,0.00050000,,1,.003400,TP-P-UF,TOTAL PHOSPHOROUS,MG/L,45.99972,-82.55028
201802002,2019-02-19 21:09:31,CCGS LIMNOS,LAKE HURON,26,460340,-821149,87,43.68,2018-09-13 08:08:00,2036,1.00,.00,0.00050000,,0,.003400,TP-P-UF,TOTAL PHOSPHOROUS,MG/L,46.06111,-82.19694
201802002,2019-02-19 21:09:31,CCGS LIMNOS,LAKE HURON,27,460319,-820000,88,35.75,2018-09-13 09:21:00,2036,1.00,.00,0.00050000,,0,.005200,TP-P-UF,TOTAL PHOSPHOROUS,MG/L,46.05528,-82.00000
201802002,2019-02-19 21:09:31,CCGS LIMNOS,LAKE HURON,28,455459,-820940,89,38.74,2018-09-13 11:07:00,2036,1.00,.00,0.00050000,,0,.001200,TP-P-UF,TOTAL PHOSPHOROUS,MG/L,45.91639,-82.16111
201802002,2019-02-19 21:09:31,CCGS LIMNOS,LAKE HURON,29,460630,-825048,84,35.65,2018-09-13 15:44:00,2036,1.00,.00,0.00050000,,0,.003400,TP-P-UF,TOTAL PHOSPHOROUS,MG/L,46.10833,-82.84667
201802002,2019-02-19 21:09:31,CCGS LIMNOS,LAKE HURON,29,460630,-825048,84,35.65,2018-09-13 15:44:00,2036,12.00,.00,0.00050000,,0,.003000,TP-P-UF,TOTAL PHOSPHOROUS,MG/L,46.10833,-82.84667
201802002,2019-02-19 21:09:31,CCGS LIMNOS,LAKE HURON,29,460630,-825048,84,35.65,2018-09-13 15:44:00,2036,14.00,.00,0.00050000,,0,.003000,TP-P-UF,TOTAL PHOSPHOROUS,MG/L,46.10833,-82.84667
201802002,2019-02-19 21:09:31,CCGS LIMNOS,LAKE HURON,29,460630,-825048,84,35.65,2018-09-13 15:44:00,2036,16.00,.00,0.00050000,,0,.003000,TP-P-UF,TOTAL PHOSPHOROUS,MG/L,46.10833,-82.84667
201802002,2019-02-19 21:09:31,CCGS LIMNOS,LAKE HURON,29,460630,-825048,84,35.65,2018-09-13 15:44:00,2036,34.00,.00,0.00050000,,0,.002400,TP-P-UF,TOTAL PHOSPHOROUS,MG/L,46.10833,-82.84667
201802002,2019-02-19 21:09:31,CCGS LIMNOS,LAKE HURON,30,460722,-825305,79,25.79,2018-09-13 15:58:00,2036,1.00,.00,0.00050000,,0,.003400,TP-P-UF,TOTAL PHOSPHOROUS,MG/L,46.12278,-82.88472
201802002,2019-02-19 21:09:31,CCGS LIMNOS,LAKE HURON,30,460722,-825305,79,25.79,2018-09-13 15:58:00,2036,1.00,.00,0.00050000,,1,.003500,TP-P-UF,TOTAL PHOSPHOROUS,MG/L,46.12278,-82.88472
201802002,2019-02-19 21:09:31,CCGS LIMNOS,LAKE HURON,30,460722,-825305,79,25.79,2018-09-13 15:58:00,2036,12.00,.00,0.00050000,,0,.002700,TP-P-UF,TOTAL PHOSPHOROUS,MG/L,46.12278,-82.88472
201802002,2019-02-19 21:09:31,CCGS LIMNOS,LAKE HURON,30,460722,-825305,79,25.79,2018-09-13 15:58:00,2036,16.00,.00,0.00050000,,0,.002700,TP-P-UF,TOTAL PHOSPHOROUS,MG/L,46.12278,-82.88472
201802002,2019-02-19 21:09:31,CCGS LIMNOS,LAKE HURON,30,460722,-825305,79,25.79,2018-09-13 15:58:00,2036,24.00,.00,0.00050000,,0,.003000,TP-P-UF,TOTAL PHOSPHOROUS,MG/L,46.12278,-82.88472
201802002,2019-02-19 21:09:31,CCGS LIMNOS,LAKE HURON,30,460722,-825305,79,25.79,2018-09-13 15:58:00,2036,998.00,.00,0.00050000,<,0,.000500,TP-P-UF,TOTAL PHOSPHOROUS,MG/L,46.12278,-82.88472
201802002,2019-02-19 21:09:31,CCGS LIMNOS,LAKE HURON,30,460722,-825305,79,25.79,2018-09-13 15:58:00,2036,999.00,.00,0.00050000,<,0,.000500,TP-P-UF,TOTAL PHOSPHOROUS,MG/L,46.12278,-82.88472
201802002,2019-02-19 21:09:31,CCGS LIMNOS,LAKE HURON,31,461112,-832116,73,18.83,2018-09-13 18:56:00,2036,1.00,.00,0.00050000,,0,.002300,TP-P-UF,TOTAL PHOSPHOROUS,MG/L,46.18667,-83.35444
201802002,2019-02-19 21:09:31,CCGS LIMNOS,LAKE HURON,32,461401,-834445,71,35.37,2018-09-13 20:51:00,2036,1.00,.00,0.00050000,,0,.003900,TP-P-UF,TOTAL PHOSPHOROUS,MG/L,46.23361,-83.74583
201802002,2019-02-19 21:09:31,CCGS LIMNOS,LAKE HURON,32,461401,-834445,71,35.37,2018-09-13 20:51:00,2036,23.00,.00,0.00050000,,0,.002700,TP-P-UF,TOTAL PHOSPHOROUS,MG/L,46.23361,-83.74583
201802002,2019-02-19 21:09:31,CCGS LIMNOS,LAKE HURON,32,461401,-834445,71,35.37,2018-09-13 20:51:00,2036,27.00,.00,0.00050000,,0,.002900,TP-P-UF,TOTAL PHOSPHOROUS,MG/L,46.23361,-83.74583
201802002,2019-02-19 21:09:31,CCGS LIMNOS,LAKE HURON,32,461401,-834445,71,35.37,2018-09-13 20:51:00,2036,31.00,.00,0.00050000,,0,.002900,TP-P-UF,TOTAL PHOSPHOROUS,MG/L,46.23361,-83.74583
201802002,2019-02-19 21:09:31,CCGS LIMNOS,LAKE HURON,32,461401,-834445,71,35.37,2018-09-13 20:51:00,2036,33.00,.00,0.00050000,,0,.010000,TP-P-UF,TOTAL PHOSPHOROUS,MG/L,46.23361,-83.74583
201802002,2019-02-19 21:09:31,CCGS LIMNOS,LAKE HURON,33,460813,-834020,70,21.61,2018-09-13 22:05:00,2036,1.00,.00,0.00050000,,0,.003200,TP-P-UF,TOTAL PHOSPHOROUS,MG/L,46.13694,-83.67222
201802002,2019-02-19 21:09:31,CCGS LIMNOS,LAKE HURON,34,460232,-835109,68,16.63,2018-09-13 23:31:00,2036,1.00,.00,0.00050000,<,0,.000500,TP-P-UF,TOTAL PHOSPHOROUS,MG/L,46.04222,-83.85250
201802002,2019-02-19 21:09:31,CCGS LIMNOS,LAKE HURON,35,460440,-840138,69,10.72,2018-09-14 00:42:00,2036,1.00,.00,0.00050000,,0,.005900,TP-P-UF,TOTAL PHOSPHOROUS,MG/L,46.07778,-84.02722
201802002,2019-02-19 21:09:31,CCGS LIMNOS,LAKE HURON,35,460440,-840138,69,10.72,2018-09-14 00:42:00,2036,1.00,.00,0.00050000,,1,.005900,TP-P-UF,TOTAL PHOSPHOROUS,MG/L,46.07778,-84.02722
201802002,2019-02-19 21:09:31,CCGS LIMNOS,LAKE HURON,35,460440,-840138,69,10.72,2018-09-14 00:42:00,2036,9.00,.00,0.00050000,,0,.008300,TP-P-UF,TOTAL PHOSPHOROUS,MG/L,46.07778,-84.02722
201802002,2019-02-19 21:09:31,CCGS LIMNOS,LAKE HURON,36,455610,-835359,67,29.3,2018-09-14 02:17:00,2036,1.00,.00,0.00050000,,0,.003300,TP-P-UF,TOTAL PHOSPHOROUS,MG/L,45.93611,-83.89972
201802002,2019-02-19 21:09:31,CCGS LIMNOS,LAKE HURON,37,455151,-841743,66,67.4,2018-09-14 04:24:00,2036,1.00,.00,0.00050000,,0,.003100,TP-P-UF,TOTAL PHOSPHOROUS,MG/L,45.86417,-84.29528
201802002,2019-02-19 21:09:31,CCGS LIMNOS,LAKE HURON,38,455041,-843358,65,58.91,2018-09-14 06:01:00,2036,1.00,.00,0.00050000,,0,.002600,TP-P-UF,TOTAL PHOSPHOROUS,MG/L,45.84472,-84.56611
201802002,2019-02-19 21:09:31,CCGS LIMNOS,LAKE HURON,39,454846,-844515,64,35.89,2018-09-14 07:17:00,2036,1.00,.00,0.00050000,,0,.003900,TP-P-UF,TOTAL PHOSPHOROUS,MG/L,45.81278,-84.75417
201802002,2019-02-19 21:09:31,CCGS LIMNOS,LAKE HURON,39,454846,-844515,64,35.89,2018-09-14 07:17:00,2036,19.00,.00,0.00050000,,0,.003700,TP-P-UF,TOTAL PHOSPHOROUS,MG/L,45.81278,-84.75417
201802002,2019-02-19 21:09:31,CCGS LIMNOS,LAKE HURON,39,454846,-844515,64,35.89,2018-09-14 07:17:00,2036,22.00,.00,0.00050000,,0,.003000,TP-P-UF,TOTAL PHOSPHOROUS,MG/L,45.81278,-84.75417
201802002,2019-02-19 21:09:31,CCGS LIMNOS,LAKE HURON,39,454846,-844515,64,35.89,2018-09-14 07:17:00,2036,30.00,.00,0.00050000,,0,.002700,TP-P-UF,TOTAL PHOSPHOROUS,MG/L,45.81278,-84.75417
201802002,2019-02-19 21:09:31,CCGS LIMNOS,LAKE HURON,39,454846,-844515,64,35.89,2018-09-14 07:17:00,2036,34.00,.00,0.00050000,,0,.003300,TP-P-UF,TOTAL PHOSPHOROUS,MG/L,45.81278,-84.75417
201802002,2019-02-19 21:09:31,CCGS LIMNOS,LAKE HURON,40,454218,-843037,63,15.8,2018-09-14 09:01:00,2036,1.00,.00,0.00050000,,0,.002800,TP-P-UF,TOTAL PHOSPHOROUS,MG/L,45.70500,-84.51028
201802002,2019-02-19 21:09:31,CCGS LIMNOS,LAKE HURON,40,454218,-843037,63,15.8,2018-09-14 09:01:00,2036,1.00,.00,0.00050000,,1,.007000,TP-P-UF,TOTAL PHOSPHOROUS,MG/L,45.70500,-84.51028
201802002,2019-02-19 21:09:31,CCGS LIMNOS,LAKE HURON,40,454218,-843037,63,15.8,2018-09-14 09:01:00,2036,998.00,.00,0.00050000,,0,.000800,TP-P-UF,TOTAL PHOSPHOROUS,MG/L,45.70500,-84.51028
201802002,2019-02-19 21:09:31,CCGS LIMNOS,LAKE HURON,40,454218,-843037,63,15.8,2018-09-14 09:01:00,2036,999.00,.00,0.00050000,,0,.000600,TP-P-UF,TOTAL PHOSPHOROUS,MG/L,45.70500,-84.51028
201802002,2019-02-19 21:09:31,CCGS LIMNOS,LAKE HURON,41,454025,-841106,62,44.24,2018-09-14 11:05:00,2036,1.00,.00,0.00050000,,0,.003000,TP-P-UF,TOTAL PHOSPHOROUS,MG/L,45.67361,-84.18500
201802002,2019-02-19 21:09:31,CCGS LIMNOS,LAKE HURON,42,453102,-840501,56,21.54,2018-09-14 12:13:00,2036,1.00,.00,0.00050000,,0,.003000,TP-P-UF,TOTAL PHOSPHOROUS,MG/L,45.51722,-84.08361
201802002,2019-02-19 21:09:31,CCGS LIMNOS,LAKE HURON,43,453102,-832500,54,118.94,2018-09-14 15:26:00,2036,1.00,.00,0.00050000,,0,.002800,TP-P-UF,TOTAL PHOSPHOROUS,MG/L,45.51722,-83.41667
201802002,2019-02-19 21:09:31,CCGS LIMNOS,LAKE HURON,43,453102,-832500,54,118.94,2018-09-14 15:26:00,2036,3.00,.00,0.00050000,,0,.003100,TP-P-UF,TOTAL PHOSPHOROUS,MG/L,45.51722,-83.41667
201802002,2019-02-19 21:09:31,CCGS LIMNOS,LAKE HURON,43,453102,-832500,54,118.94,2018-09-14 15:26:00,2036,15.00,.00,0.00050000,,0,.005600,TP-P-UF,TOTAL PHOSPHOROUS,MG/L,45.51722,-83.41667
201802002,2019-02-19 21:09:31,CCGS LIMNOS,LAKE HURON,43,453102,-832500,54,118.94,2018-09-14 15:26:00,2036,30.00,.00,0.00050000,,0,.002500,TP-P-UF,TOTAL PHOSPHOROUS,MG/L,45.51722,-83.41667
201802002,2019-02-19 21:09:31,CCGS LIMNOS,LAKE HURON,43,453102,-832500,54,118.94,2018-09-14 15:26:00,2036,107.00,.00,0.00050000,,0,.002600,TP-P-UF,TOTAL PHOSPHOROUS,MG/L,45.51722,-83.41667
201802002,2019-02-19 21:09:31,CCGS LIMNOS,LAKE HURON,43,453102,-832500,54,118.94,2018-09-14 15:26:00,2036,117.00,.00,0.00050000,,0,.000900,TP-P-UF,TOTAL PHOSPHOROUS,MG/L,45.51722,-83.41667
201802002,2019-02-19 21:09:31,CCGS LIMNOS,LAKE HURON,44,451515,-832047,47,22.2,2018-09-14 18:07:00,2036,1.00,.00,0.00050000,,0,.003900,TP-P-UF,TOTAL PHOSPHOROUS,MG/L,45.25417,-83.34639
201802002,2019-02-19 21:09:31,CCGS LIMNOS,LAKE HURON,45,450228,-832233,36,8.8,2018-09-14 21:27:00,2036,1.00,.00,0.00050000,,0,.003400,TP-P-UF,TOTAL PHOSPHOROUS,MG/L,45.04111,-83.37583
201802002,2019-02-19 21:09:31,CCGS LIMNOS,LAKE HURON,45,450228,-832233,36,8.8,2018-09-14 21:27:00,2036,1.00,.00,0.00050000,,1,.003100,TP-P-UF,TOTAL PHOSPHOROUS,MG/L,45.04111,-83.37583
201802002,2019-02-19 21:09:31,CCGS LIMNOS,LAKE HURON,45,450228,-832233,36,8.8,2018-09-14 21:27:00,2036,7.00,.00,0.00050000,,0,.004100,TP-P-UF,TOTAL PHOSPHOROUS,MG/L,45.04111,-83.37583
201802002,2019-02-19 21:09:31,CCGS LIMNOS,LAKE HURON,46,450059,-824110,44,164.4,2018-09-15 01:10:00,2036,1.00,.00,0.00050000,,0,.001800,TP-P-UF,TOTAL PHOSPHOROUS,MG/L,45.01639,-82.68611
201802002,2019-02-19 21:09:31,CCGS LIMNOS,LAKE HURON,46,450059,-824110,44,164.4,2018-09-15 01:10:00,2036,18.00,.00,0.00050000,,0,.002900,TP-P-UF,TOTAL PHOSPHOROUS,MG/L,45.01639,-82.68611
201802002,2019-02-19 21:09:31,CCGS LIMNOS,LAKE HURON,46,450059,-824110,44,164.4,2018-09-15 01:10:00,2036,30.00,.00,0.00050000,,0,.002700,TP-P-UF,TOTAL PHOSPHOROUS,MG/L,45.01639,-82.68611
201802002,2019-02-19 21:09:31,CCGS LIMNOS,LAKE HURON,46,450059,-824110,44,164.4,2018-09-15 01:10:00,2036,42.00,.00,0.00050000,,0,.003400,TP-P-UF,TOTAL PHOSPHOROUS,MG/L,45.01639,-82.68611
201802002,2019-02-19 21:09:31,CCGS LIMNOS,LAKE HURON,46,450059,-824110,44,164.4,2018-09-15 01:10:00,2036,100.00,.00,0.00050000,,0,.002300,TP-P-UF,TOTAL PHOSPHOROUS,MG/L,45.01639,-82.68611
201802002,2019-02-19 21:09:31,CCGS LIMNOS,LAKE HURON,46,450059,-824110,44,164.4,2018-09-15 01:10:00,2036,154.00,.00,0.00050000,,0,.002300,TP-P-UF,TOTAL PHOSPHOROUS,MG/L,45.01639,-82.68611
201802002,2019-02-19 21:09:31,CCGS LIMNOS,LAKE HURON,46,450059,-824110,44,164.4,2018-09-15 01:10:00,2036,162.00,.00,0.00050000,,0,.002500,TP-P-UF,TOTAL PHOSPHOROUS,MG/L,45.01639,-82.68611
201802002,2019-02-19 21:09:31,CCGS LIMNOS,LAKE HURON,47,442958,-824952,33,72.14,2018-09-15 05:40:00,2036,1.00,.00,0.00050000,,0,.004400,TP-P-UF,TOTAL PHOSPHOROUS,MG/L,44.49944,-82.83111
201802002,2019-02-19 21:09:31,CCGS LIMNOS,LAKE HURON,48,441246,-832216,95,20.19,2018-09-15 09:12:00,2036,1.00,.00,0.00050000,,0,.002200,TP-P-UF,TOTAL PHOSPHOROUS,MG/L,44.21278,-83.37111
201802002,2019-02-19 21:09:31,CCGS LIMNOS,LAKE HURON,48,441246,-832216,95,20.19,2018-09-15 09:12:00,2036,16.50,.00,0.00050000,,0,.003700,TP-P-UF,TOTAL PHOSPHOROUS,MG/L,44.21278,-83.37111
201802002,2019-02-19 21:09:31,CCGS LIMNOS,LAKE HURON,48,441246,-832216,95,20.19,2018-09-15 09:12:00,2036,18.00,.00,0.00050000,,0,.003200,TP-P-UF,TOTAL PHOSPHOROUS,MG/L,44.21278,-83.37111
201802002,2019-02-19 21:09:31,CCGS LIMNOS,LAKE HURON,49,440653,-833141,97,10.88,2018-09-15 10:39:00,2036,1.00,.00,0.00050000,,0,.009100,TP-P-UF,TOTAL PHOSPHOROUS,MG/L,44.11472,-83.52806
201802002,2019-02-19 21:09:31,CCGS LIMNOS,LAKE HURON,50,435835,-833432,98,10.97,2018-09-15 12:00:00,2036,1.00,.00,0.00050000,,0,.010600,TP-P-UF,TOTAL PHOSPHOROUS,MG/L,43.97639,-83.57556
201802002,2019-02-19 21:09:31,CCGS LIMNOS,LAKE HURON,50,435835,-833432,98,10.97,2018-09-15 12:00:00,2036,1.00,.00,0.00050000,,1,.020700,TP-P-UF,TOTAL PHOSPHOROUS,MG/L,43.97639,-83.57556
201802002,2019-02-19 21:09:31,CCGS LIMNOS,LAKE HURON,50,435835,-833432,98,10.97,2018-09-15 12:00:00,2036,998.00,.00,0.00050000,<,0,.000500,TP-P-UF,TOTAL PHOSPHOROUS,MG/L,43.97639,-83.57556
201802002,2019-02-19 21:09:31,CCGS LIMNOS,LAKE HURON,50,435835,-833432,98,10.97,2018-09-15 12:00:00,2036,999.00,.00,0.00050000,<,0,.000500,TP-P-UF,TOTAL PHOSPHOROUS,MG/L,43.97639,-83.57556
201802002,2019-02-19 21:09:31,CCGS LIMNOS,LAKE HURON,51,435431,-834430,99,7.32,2018-09-15 13:15:00,2036,1.00,.00,0.00050000,,0,.019400,TP-P-UF,TOTAL PHOSPHOROUS,MG/L,43.90861,-83.74167
201802002,2019-02-19 21:09:31,CCGS LIMNOS,LAKE HURON,52,434930,-834901,100,7.02,2018-09-15 14:06:00,2036,1.00,.00,0.00050000,,0,.015200,TP-P-UF,TOTAL PHOSPHOROUS,MG/L,43.82500,-83.81694
201802002,2019-02-19 21:09:31,CCGS LIMNOS,LAKE HURON,52,434930,-834901,100,7.02,2018-09-15 14:06:00,2036,5.00,.00,0.00050000,,0,.019300,TP-P-UF,TOTAL PHOSPHOROUS,MG/L,43.82500,-83.81694
201802002,2019-02-19 21:09:31,CCGS LIMNOS,LAKE HURON,53,434914,-833733,101,6.11,2018-09-15 15:22:00,2036,1.00,.00,0.00050000,,0,.012600,TP-P-UF,TOTAL PHOSPHOROUS,MG/L,43.82056,-83.62583
201802002,2019-02-19 21:09:31,CCGS LIMNOS,LAKE HURON,54,440735,-831019,96,29.29,2018-09-15 19:16:00,2036,1.00,.00,0.00050000,,0,.002600,TP-P-UF,TOTAL PHOSPHOROUS,MG/L,44.12639,-83.17194
201802002,2019-02-19 21:09:31,CCGS LIMNOS,LAKE HURON,55,441257,-830504,20,45.7,2018-09-15 20:13:00,2036,1.00,.00,0.00050000,,0,.008600,TP-P-UF,TOTAL PHOSPHOROUS,MG/L,44.21583,-83.08444
201802002,2019-02-19 21:09:31,CCGS LIMNOS,LAKE HURON,55,441257,-830504,20,45.7,2018-09-15 20:13:00,2036,1.00,.00,0.00050000,,1,.001200,TP-P-UF,TOTAL PHOSPHOROUS,MG/L,44.21583,-83.08444
201802002,2019-02-19 21:09:31,CCGS LIMNOS,LAKE HURON,56,440602,-825202,17,14.94,2018-09-15 21:56:00,2036,1.00,.00,0.00050000,,0,.001300,TP-P-UF,TOTAL PHOSPHOROUS,MG/L,44.10056,-82.86722
201802002,2019-02-19 21:09:31,CCGS LIMNOS,LAKE HURON,56,440602,-825202,17,14.94,2018-09-15 21:56:00,2036,13.00,.00,0.00050000,,0,.003600,TP-P-UF,TOTAL PHOSPHOROUS,MG/L,44.10056,-82.86722
201802002,2019-02-19 21:09:31,CCGS LIMNOS,LAKE HURON,57,441154,-823014,27,55.22,2018-09-16 00:02:00,2036,1.00,.00,0.00050000,,0,.002600,TP-P-UF,TOTAL PHOSPHOROUS,MG/L,44.19833,-82.50389
201802002,2019-02-19 21:09:31,CCGS LIMNOS,LAKE HURON,58,435632,-823956,14,13.16,2018-09-16 02:26:00,2036,1.00,.00,0.00050000,,0,.002400,TP-P-UF,TOTAL PHOSPHOROUS,MG/L,43.94222,-82.66556
201802002,2019-02-19 21:09:31,CCGS LIMNOS,LAKE HURON,58,435632,-823956,14,13.16,2018-09-16 02:26:00,2036,11.00,.00,0.00050000,,0,.003000,TP-P-UF,TOTAL PHOSPHOROUS,MG/L,43.94222,-82.66556
201802002,2019-02-19 21:09:31,CCGS LIMNOS,LAKE HURON,59,434511,-823408,13,16.56,2018-09-16 04:02:00,2036,1.00,.00,0.00050000,,0,.002300,TP-P-UF,TOTAL PHOSPHOROUS,MG/L,43.75306,-82.56889
201802002,2019-02-19 21:09:31,CCGS LIMNOS,LAKE HURON,60,433800,-821300,9,58.92,2018-09-16 06:04:00,2036,1.00,.00,0.00050000,,0,.002100,TP-P-UF,TOTAL PHOSPHOROUS,MG/L,43.63333,-82.21667
201802002,2019-02-19 21:09:31,CCGS LIMNOS,LAKE HURON,60,433800,-821300,9,58.92,2018-09-16 06:04:00,2036,1.00,.00,0.00050000,,1,.002100,TP-P-UF,TOTAL PHOSPHOROUS,MG/L,43.63333,-82.21667
201802002,2019-02-19 21:09:31,CCGS LIMNOS,LAKE HURON,60,433800,-821300,9,58.92,2018-09-16 06:04:00,2036,25.00,.00,0.00050000,,0,.002800,TP-P-UF,TOTAL PHOSPHOROUS,MG/L,43.63333,-82.21667
201802002,2019-02-19 21:09:31,CCGS LIMNOS,LAKE HURON,60,433800,-821300,9,58.92,2018-09-16 06:04:00,2036,29.00,.00,0.00050000,,0,.002200,TP-P-UF,TOTAL PHOSPHOROUS,MG/L,43.63333,-82.21667
201802002,2019-02-19 21:09:31,CCGS LIMNOS,LAKE HURON,60,433800,-821300,9,58.92,2018-09-16 06:04:00,2036,37.00,.00,0.00050000,,0,.002000,TP-P-UF,TOTAL PHOSPHOROUS,MG/L,43.63333,-82.21667
201802002,2019-02-19 21:09:31,CCGS LIMNOS,LAKE HURON,60,433800,-821300,9,58.92,2018-09-16 06:04:00,2036,49.00,.00,0.00050000,,0,.002600,TP-P-UF,TOTAL PHOSPHOROUS,MG/L,43.63333,-82.21667
201802002,2019-02-19 21:09:31,CCGS LIMNOS,LAKE HURON,60,433800,-821300,9,58.92,2018-09-16 06:04:00,2036,57.00,.00,0.00050000,,0,.001200,TP-P-UF,TOTAL PHOSPHOROUS,MG/L,43.63333,-82.21667
201802002,2019-02-19 21:09:31,CCGS LIMNOS,LAKE HURON,60,433800,-821300,9,58.92,2018-09-16 06:04:00,2036,998.00,.00,0.00050000,<,0,.000500,TP-P-UF,TOTAL PHOSPHOROUS,MG/L,43.63333,-82.21667
201802002,2019-02-19 21:09:31,CCGS LIMNOS,LAKE HURON,60,433800,-821300,9,58.92,2018-09-16 06:04:00,2036,999.00,.00,0.00050000,<,0,.000500,TP-P-UF,TOTAL PHOSPHOROUS,MG/L,43.63333,-82.21667
201802002,2019-02-19 21:09:31,CCGS LIMNOS,LAKE HURON,61,433358,-822903,8,29.67,2018-09-16 08:09:00,2036,1.00,.00,0.00050000,,0,.020200,TP-P-UF,TOTAL PHOSPHOROUS,MG/L,43.56611,-82.48417
201802002,2019-02-19 21:09:31,CCGS LIMNOS,LAKE HURON,62,432031,-823022,7,10.72,2018-09-16 09:45:00,2036,1.00,.00,0.00050000,,0,.001700,TP-P-UF,TOTAL PHOSPHOROUS,MG/L,43.34194,-82.50611
201802002,2019-02-19 21:09:31,CCGS LIMNOS,LAKE HURON,1,430524,-822330,1,10.34,2018-09-10 23:38:00,2038,1.00,.00,0.00050000,,0,.002100,TP-P-F,TOTAL PHOSPHOROUS FILTERED,MG/L,43.09000,-82.39167
201802002,2019-02-19 21:09:31,CCGS LIMNOS,LAKE HURON,1,430524,-822330,1,10.34,2018-09-10 23:38:00,2038,8.00,.00,0.00050000,,0,.001800,TP-P-F,TOTAL PHOSPHOROUS FILTERED,MG/L,43.09000,-82.39167
201802002,2019-02-19 21:09:31,CCGS LIMNOS,LAKE HURON,2,431524,-820219,3,14.91,2018-09-11 02:08:00,2038,1.00,.00,0.00050000,,0,.002700,TP-P-F,TOTAL PHOSPHOROUS FILTERED,MG/L,43.25667,-82.03861
201802002,2019-02-19 21:09:31,CCGS LIMNOS,LAKE HURON,3,431928,-814722,4,9.81,2018-09-11 03:45:00,2038,1.00,.00,0.00050000,,0,.001900,TP-P-F,TOTAL PHOSPHOROUS FILTERED,MG/L,43.32444,-81.78944
201802002,2019-02-19 21:09:31,CCGS LIMNOS,LAKE HURON,4,433252,-814440,5,11.12,2018-09-11 05:38:00,2038,1.00,.00,0.00050000,<,0,.000500,TP-P-F,TOTAL PHOSPHOROUS FILTERED,MG/L,43.54778,-81.74444
201802002,2019-02-19 21:09:31,CCGS LIMNOS,LAKE HURON,5,434508,-814655,10,12.08,2018-09-11 07:16:00,2038,1.00,.00,0.00050000,,0,.001900,TP-P-F,TOTAL PHOSPHOROUS FILTERED,MG/L,43.75222,-81.78194
201802002,2019-02-19 21:09:31,CCGS LIMNOS,LAKE HURON,5,434508,-814655,10,12.08,2018-09-11 07:16:00,2038,1.00,.00,0.00050000,,1,.002200,TP-P-F,TOTAL PHOSPHOROUS FILTERED,MG/L,43.75222,-81.78194
201802002,2019-02-19 21:09:31,CCGS LIMNOS,LAKE HURON,6,435325,-820319,12,87.02,2018-09-11 09:19:00,2038,1.00,.00,0.00050000,,0,.000800,TP-P-F,TOTAL PHOSPHOROUS FILTERED,MG/L,43.89028,-82.05528
201802002,2019-02-19 21:09:31,CCGS LIMNOS,LAKE HURON,7,435722,-814711,11,9.94,2018-09-11 11:20:00,2038,1.00,.00,0.00050000,,0,.001800,TP-P-F,TOTAL PHOSPHOROUS FILTERED,MG/L,43.95611,-81.78639
201802002,2019-02-19 21:09:31,CCGS LIMNOS,LAKE HURON,8,442203,-815002,29,124.4,2018-09-11 14:35:00,2038,1.00,.00,0.00050000,,0,.001200,TP-P-F,TOTAL PHOSPHOROUS FILTERED,MG/L,44.36750,-81.83389
201802002,2019-02-19 21:09:31,CCGS LIMNOS,LAKE HURON,8,442203,-815002,29,124.4,2018-09-11 14:35:00,2038,10.00,.00,0.00050000,,0,.001100,TP-P-F,TOTAL PHOSPHOROUS FILTERED,MG/L,44.36750,-81.83389
201802002,2019-02-19 21:09:31,CCGS LIMNOS,LAKE HURON,8,442203,-815002,29,124.4,2018-09-11 14:35:00,2038,14.00,.00,0.00050000,,0,.001100,TP-P-F,TOTAL PHOSPHOROUS FILTERED,MG/L,44.36750,-81.83389
201802002,2019-02-19 21:09:31,CCGS LIMNOS,LAKE HURON,8,442203,-815002,29,124.4,2018-09-11 14:35:00,2038,20.00,.00,0.00050000,,0,.007300,TP-P-F,TOTAL PHOSPHOROUS FILTERED,MG/L,44.36750,-81.83389
201802002,2019-02-19 21:09:31,CCGS LIMNOS,LAKE HURON,8,442203,-815002,29,124.4,2018-09-11 14:35:00,2038,114.00,.00,0.00050000,,0,.002200,TP-P-F,TOTAL PHOSPHOROUS FILTERED,MG/L,44.36750,-81.83389
201802002,2019-02-19 21:09:31,CCGS LIMNOS,LAKE HURON,8,442203,-815002,29,124.4,2018-09-11 14:35:00,2038,122.00,.00,0.00050000,,0,.001700,TP-P-F,TOTAL PHOSPHOROUS FILTERED,MG/L,44.36750,-81.83389
201802002,2019-02-19 21:09:31,CCGS LIMNOS,LAKE HURON,9,442757,-812713,30,19.91,2018-09-11 16:57:00,2038,1.00,.00,0.00050000,,0,.001800,TP-P-F,TOTAL PHOSPHOROUS FILTERED,MG/L,44.46583,-81.45361
201802002,2019-02-19 21:09:31,CCGS LIMNOS,LAKE HURON,10,443920,-812240,39,25.46,2018-09-11 18:30:00,2038,1.00,.00,0.00050000,,0,.001400,TP-P-F,TOTAL PHOSPHOROUS FILTERED,MG/L,44.65556,-81.37778
201802002,2019-02-19 21:09:31,CCGS LIMNOS,LAKE HURON,10,443920,-812240,39,25.46,2018-09-11 18:30:00,2038,1.00,.00,0.00050000,,1,.000900,TP-P-F,TOTAL PHOSPHOROUS FILTERED,MG/L,44.65556,-81.37778
201802002,2019-02-19 21:09:31,CCGS LIMNOS,LAKE HURON,10,443920,-812240,39,25.46,2018-09-11 18:30:00,2038,998.00,.00,0.00050000,,0,.001200,TP-P-F,TOTAL PHOSPHOROUS FILTERED,MG/L,44.65556,-81.37778
201802002,2019-02-19 21:09:31,CCGS LIMNOS,LAKE HURON,10,443920,-812240,39,25.46,2018-09-11 18:30:00,2038,999.00,.00,0.00050000,<,0,.000500,TP-P-F,TOTAL PHOSPHOROUS FILTERED,MG/L,44.65556,-81.37778
201802002,2019-02-19 21:09:31,CCGS LIMNOS,LAKE HURON,11,445354,-812617,40,20.6,2018-09-11 21:16:00,2038,1.00,.00,0.00050000,<,0,.000500,TP-P-F,TOTAL PHOSPHOROUS FILTERED,MG/L,44.89833,-81.43806
201802002,2019-02-19 21:09:31,CCGS LIMNOS,LAKE HURON,12,444425,-820324,38,134.62,2018-09-12 00:30:00,2038,1.00,.00,0.00050000,<,0,.000500,TP-P-F,TOTAL PHOSPHOROUS FILTERED,MG/L,44.74028,-82.05667
201802002,2019-02-19 21:09:31,CCGS LIMNOS,LAKE HURON,13,450106,-815835,43,173.44,2018-09-12 03:39:00,2038,1.00,.00,0.00050000,,0,.001500,TP-P-F,TOTAL PHOSPHOROUS FILTERED,MG/L,45.01833,-81.97639
201802002,2019-02-19 21:09:31,CCGS LIMNOS,LAKE HURON,14,450459,-813213,41,21.37,2018-09-12 05:44:00,2038,1.00,.00,0.00050000,,0,.001200,TP-P-F,TOTAL PHOSPHOROUS FILTERED,MG/L,45.08306,-81.53694
201802002,2019-02-19 21:09:31,CCGS LIMNOS,LAKE HURON,15,451315,-814914,42,43.58,2018-09-12 07:39:00,2038,1.00,.00,0.00050000,,0,.001700,TP-P-F,TOTAL PHOSPHOROUS FILTERED,MG/L,45.22083,-81.82056
201802002,2019-02-19 21:09:31,CCGS LIMNOS,LAKE HURON,15,451315,-814914,42,43.58,2018-09-12 07:39:00,2038,1.00,.00,0.00050000,,1,.001400,TP-P-F,TOTAL PHOSPHOROUS FILTERED,MG/L,45.22083,-81.82056
201802002,2019-02-19 21:09:31,CCGS LIMNOS,LAKE HURON,16,451644,-822704,48,110.28,2018-09-12 10:54:00,2038,1.00,.00,0.00050000,,0,.001400,TP-P-F,TOTAL PHOSPHOROUS FILTERED,MG/L,45.27889,-82.45111
201802002,2019-02-19 21:09:31,CCGS LIMNOS,LAKE HURON,17,453209,-820244,50,26.19,2018-09-12 13:40:00,2038,1.00,.00,0.00050000,,0,.001100,TP-P-F,TOTAL PHOSPHOROUS FILTERED,MG/L,45.53583,-82.04556
201802002,2019-02-19 21:09:31,CCGS LIMNOS,LAKE HURON,18,453904,-823850,52,65.02,2018-09-12 17:13:00,2038,1.00,.00,0.00050000,,0,.001600,TP-P-F,TOTAL PHOSPHOROUS FILTERED,MG/L,45.65111,-82.64722
201802002,2019-02-19 21:09:31,CCGS LIMNOS,LAKE HURON,19,454559,-830141,59,17.98,2018-09-12 19:44:00,2038,1.00,.00,0.00050000,<,0,.000500,TP-P-F,TOTAL PHOSPHOROUS FILTERED,MG/L,45.76639,-83.02806
201802002,2019-02-19 21:09:31,CCGS LIMNOS,LAKE HURON,20,455200,-831558,58,12.75,2018-09-12 21:24:00,2038,1.00,.00,0.00050000,,0,.001800,TP-P-F,TOTAL PHOSPHOROUS FILTERED,MG/L,45.86667,-83.26611
201802002,2019-02-19 21:09:31,CCGS LIMNOS,LAKE HURON,20,455200,-831558,58,12.75,2018-09-12 21:24:00,2038,1.00,.00,0.00050000,,1,.002000,TP-P-F,TOTAL PHOSPHOROUS FILTERED,MG/L,45.86667,-83.26611
201802002,2019-02-19 21:09:31,CCGS LIMNOS,LAKE HURON,20,455200,-831558,58,12.75,2018-09-12 21:24:00,2038,998.00,.00,0.00050000,,0,.000800,TP-P-F,TOTAL PHOSPHOROUS FILTERED,MG/L,45.86667,-83.26611
201802002,2019-02-19 21:09:31,CCGS LIMNOS,LAKE HURON,20,455200,-831558,58,12.75,2018-09-12 21:24:00,2038,999.00,.00,0.00050000,,0,.000700,TP-P-F,TOTAL PHOSPHOROUS FILTERED,MG/L,45.86667,-83.26611
201802002,2019-02-19 21:09:31,CCGS LIMNOS,LAKE HURON,21,455404,-833110,60,24.14,2018-09-12 23:15:00,2038,1.00,.00,0.00050000,,0,.001400,TP-P-F,TOTAL PHOSPHOROUS FILTERED,MG/L,45.90111,-83.51944
201802002,2019-02-19 21:09:31,CCGS LIMNOS,LAKE HURON,22,455959,-832600,76,58.38,2018-09-13 00:29:00,2038,1.00,.00,0.00050000,,0,.001300,TP-P-F,TOTAL PHOSPHOROUS FILTERED,MG/L,45.99972,-83.43333
201802002,2019-02-19 21:09:31,CCGS LIMNOS,LAKE HURON,23,455814,-831157,77,77.89,2018-09-13 01:46:00,2038,1.00,.00,0.00050000,,0,.001500,TP-P-F,TOTAL PHOSPHOROUS FILTERED,MG/L,45.97056,-83.19917
201802002,2019-02-19 21:09:31,CCGS LIMNOS,LAKE HURON,24,455612,-824534,82,28.12,2018-09-13 04:52:00,2038,1.00,.00,0.00050000,,0,.001400,TP-P-F,TOTAL PHOSPHOROUS FILTERED,MG/L,45.93667,-82.75944
201802002,2019-02-19 21:09:31,CCGS LIMNOS,LAKE HURON,25,455959,-823301,83,31.13,2018-09-13 06:16:00,2038,1.00,.00,0.00050000,,0,.001700,TP-P-F,TOTAL PHOSPHOROUS FILTERED,MG/L,45.99972,-82.55028
201802002,2019-02-19 21:09:31,CCGS LIMNOS,LAKE HURON,25,455959,-823301,83,31.13,2018-09-13 06:16:00,2038,1.00,.00,0.00050000,,1,.002300,TP-P-F,TOTAL PHOSPHOROUS FILTERED,MG/L,45.99972,-82.55028
201802002,2019-02-19 21:09:31,CCGS LIMNOS,LAKE HURON,26,460340,-821149,87,43.68,2018-09-13 08:08:00,2038,1.00,.00,0.00050000,,0,.001600,TP-P-F,TOTAL PHOSPHOROUS FILTERED,MG/L,46.06111,-82.19694
201802002,2019-02-19 21:09:31,CCGS LIMNOS,LAKE HURON,27,460319,-820000,88,35.75,2018-09-13 09:21:00,2038,1.00,.00,0.00050000,,0,.001900,TP-P-F,TOTAL PHOSPHOROUS FILTERED,MG/L,46.05528,-82.00000
201802002,2019-02-19 21:09:31,CCGS LIMNOS,LAKE HURON,28,455459,-820940,89,38.74,2018-09-13 11:07:00,2038,1.00,.00,0.00050000,,0,.001700,TP-P-F,TOTAL PHOSPHOROUS FILTERED,MG/L,45.91639,-82.16111
201802002,2019-02-19 21:09:31,CCGS LIMNOS,LAKE HURON,29,460630,-825048,84,35.65,2018-09-13 15:44:00,2038,1.00,.00,0.00050000,,0,.001700,TP-P-F,TOTAL PHOSPHOROUS FILTERED,MG/L,46.10833,-82.84667
201802002,2019-02-19 21:09:31,CCGS LIMNOS,LAKE HURON,29,460630,-825048,84,35.65,2018-09-13 15:44:00,2038,12.00,.00,0.00050000,,0,.001600,TP-P-F,TOTAL PHOSPHOROUS FILTERED,MG/L,46.10833,-82.84667
201802002,2019-02-19 21:09:31,CCGS LIMNOS,LAKE HURON,29,460630,-825048,84,35.65,2018-09-13 15:44:00,2038,14.00,.00,0.00050000,,0,.002000,TP-P-F,TOTAL PHOSPHOROUS FILTERED,MG/L,46.10833,-82.84667
201802002,2019-02-19 21:09:31,CCGS LIMNOS,LAKE HURON,29,460630,-825048,84,35.65,2018-09-13 15:44:00,2038,16.00,.00,0.00050000,,0,.001700,TP-P-F,TOTAL PHOSPHOROUS FILTERED,MG/L,46.10833,-82.84667
201802002,2019-02-19 21:09:31,CCGS LIMNOS,LAKE HURON,29,460630,-825048,84,35.65,2018-09-13 15:44:00,2038,34.00,.00,0.00050000,,0,.001500,TP-P-F,TOTAL PHOSPHOROUS FILTERED,MG/L,46.10833,-82.84667
201802002,2019-02-19 21:09:31,CCGS LIMNOS,LAKE HURON,30,460722,-825305,79,25.79,2018-09-13 15:58:00,2038,1.00,.00,0.00050000,,0,.003700,TP-P-F,TOTAL PHOSPHOROUS FILTERED,MG/L,46.12278,-82.88472
201802002,2019-02-19 21:09:31,CCGS LIMNOS,LAKE HURON,30,460722,-825305,79,25.79,2018-09-13 15:58:00,2038,1.00,.00,0.00050000,,1,.001900,TP-P-F,TOTAL PHOSPHOROUS FILTERED,MG/L,46.12278,-82.88472
201802002,2019-02-19 21:09:31,CCGS LIMNOS,LAKE HURON,30,460722,-825305,79,25.79,2018-09-13 15:58:00,2038,12.00,.00,0.00050000,,0,.002000,TP-P-F,TOTAL PHOSPHOROUS FILTERED,MG/L,46.12278,-82.88472
201802002,2019-02-19 21:09:31,CCGS LIMNOS,LAKE HURON,30,460722,-825305,79,25.79,2018-09-13 15:58:00,2038,16.00,.00,0.00050000,,0,.005000,TP-P-F,TOTAL PHOSPHOROUS FILTERED,MG/L,46.12278,-82.88472
201802002,2019-02-19 21:09:31,CCGS LIMNOS,LAKE HURON,30,460722,-825305,79,25.79,2018-09-13 15:58:00,2038,24.00,.00,0.00050000,,0,.001800,TP-P-F,TOTAL PHOSPHOROUS FILTERED,MG/L,46.12278,-82.88472
201802002,2019-02-19 21:09:31,CCGS LIMNOS,LAKE HURON,30,460722,-825305,79,25.79,2018-09-13 15:58:00,2038,998.00,.00,0.00050000,,0,.000600,TP-P-F,TOTAL PHOSPHOROUS FILTERED,MG/L,46.12278,-82.88472
201802002,2019-02-19 21:09:31,CCGS LIMNOS,LAKE HURON,30,460722,-825305,79,25.79,2018-09-13 15:58:00,2038,999.00,.00,0.00050000,<,0,.000500,TP-P-F,TOTAL PHOSPHOROUS FILTERED,MG/L,46.12278,-82.88472
201802002,2019-02-19 21:09:31,CCGS LIMNOS,LAKE HURON,31,461112,-832116,73,18.83,2018-09-13 18:56:00,2038,1.00,.00,0.00050000,,0,.001200,TP-P-F,TOTAL PHOSPHOROUS FILTERED,MG/L,46.18667,-83.35444
201802002,2019-02-19 21:09:31,CCGS LIMNOS,LAKE HURON,32,461401,-834445,71,35.37,2018-09-13 20:51:00,2038,1.00,.00,0.00050000,,0,.001800,TP-P-F,TOTAL PHOSPHOROUS FILTERED,MG/L,46.23361,-83.74583
201802002,2019-02-19 21:09:31,CCGS LIMNOS,LAKE HURON,32,461401,-834445,71,35.37,2018-09-13 20:51:00,2038,23.00,.00,0.00050000,,0,.001200,TP-P-F,TOTAL PHOSPHOROUS FILTERED,MG/L,46.23361,-83.74583
201802002,2019-02-19 21:09:31,CCGS LIMNOS,LAKE HURON,32,461401,-834445,71,35.37,2018-09-13 20:51:00,2038,27.00,.00,0.00050000,<,0,.000500,TP-P-F,TOTAL PHOSPHOROUS FILTERED,MG/L,46.23361,-83.74583
201802002,2019-02-19 21:09:31,CCGS LIMNOS,LAKE HURON,32,461401,-834445,71,35.37,2018-09-13 20:51:00,2038,31.00,.00,0.00050000,,0,.001200,TP-P-F,TOTAL PHOSPHOROUS FILTERED,MG/L,46.23361,-83.74583
201802002,2019-02-19 21:09:31,CCGS LIMNOS,LAKE HURON,32,461401,-834445,71,35.37,2018-09-13 20:51:00,2038,33.00,.00,0.00050000,,0,.001300,TP-P-F,TOTAL PHOSPHOROUS FILTERED,MG/L,46.23361,-83.74583
201802002,2019-02-19 21:09:31,CCGS LIMNOS,LAKE HURON,33,460813,-834020,70,21.61,2018-09-13 22:05:00,2038,1.00,.00,0.00050000,,0,.000900,TP-P-F,TOTAL PHOSPHOROUS FILTERED,MG/L,46.13694,-83.67222
201802002,2019-02-19 21:09:31,CCGS LIMNOS,LAKE HURON,34,460232,-835109,68,16.63,2018-09-13 23:31:00,2038,1.00,.00,0.00050000,,0,.001200,TP-P-F,TOTAL PHOSPHOROUS FILTERED,MG/L,46.04222,-83.85250
201802002,2019-02-19 21:09:31,CCGS LIMNOS,LAKE HURON,35,460440,-840138,69,10.72,2018-09-14 00:42:00,2038,1.00,.00,0.00050000,,1,.001700,TP-P-F,TOTAL PHOSPHOROUS FILTERED,MG/L,46.07778,-84.02722
201802002,2019-02-19 21:09:31,CCGS LIMNOS,LAKE HURON,35,460440,-840138,69,10.72,2018-09-14 00:42:00,2038,1.00,.00,0.00050000,<,0,.000500,TP-P-F,TOTAL PHOSPHOROUS FILTERED,MG/L,46.07778,-84.02722
201802002,2019-02-19 21:09:31,CCGS LIMNOS,LAKE HURON,35,460440,-840138,69,10.72,2018-09-14 00:42:00,2038,9.00,.00,0.00050000,,0,.001200,TP-P-F,TOTAL PHOSPHOROUS FILTERED,MG/L,46.07778,-84.02722
201802002,2019-02-19 21:09:31,CCGS LIMNOS,LAKE HURON,36,455610,-835359,67,29.3,2018-09-14 02:17:00,2038,1.00,.00,0.00050000,<,0,.000500,TP-P-F,TOTAL PHOSPHOROUS FILTERED,MG/L,45.93611,-83.89972
201802002,2019-02-19 21:09:31,CCGS LIMNOS,LAKE HURON,37,455151,-841743,66,67.4,2018-09-14 04:24:00,2038,1.00,.00,0.00050000,,0,.001100,TP-P-F,TOTAL PHOSPHOROUS FILTERED,MG/L,45.86417,-84.29528
201802002,2019-02-19 21:09:31,CCGS LIMNOS,LAKE HURON,38,455041,-843358,65,58.91,2018-09-14 06:01:00,2038,1.00,.00,0.00050000,,0,.000600,TP-P-F,TOTAL PHOSPHOROUS FILTERED,MG/L,45.84472,-84.56611
201802002,2019-02-19 21:09:31,CCGS LIMNOS,LAKE HURON,39,454846,-844515,64,35.89,2018-09-14 07:17:00,2038,1.00,.00,0.00050000,,0,.001700,TP-P-F,TOTAL PHOSPHOROUS FILTERED,MG/L,45.81278,-84.75417
201802002,2019-02-19 21:09:31,CCGS LIMNOS,LAKE HURON,39,454846,-844515,64,35.89,2018-09-14 07:17:00,2038,19.00,.00,0.00050000,,0,.001000,TP-P-F,TOTAL PHOSPHOROUS FILTERED,MG/L,45.81278,-84.75417
201802002,2019-02-19 21:09:31,CCGS LIMNOS,LAKE HURON,39,454846,-844515,64,35.89,2018-09-14 07:17:00,2038,22.00,.00,0.00050000,,0,.002100,TP-P-F,TOTAL PHOSPHOROUS FILTERED,MG/L,45.81278,-84.75417
201802002,2019-02-19 21:09:31,CCGS LIMNOS,LAKE HURON,39,454846,-844515,64,35.89,2018-09-14 07:17:00,2038,30.00,.00,0.00050000,,0,.001900,TP-P-F,TOTAL PHOSPHOROUS FILTERED,MG/L,45.81278,-84.75417
201802002,2019-02-19 21:09:31,CCGS LIMNOS,LAKE HURON,39,454846,-844515,64,35.89,2018-09-14 07:17:00,2038,34.00,.00,0.00050000,,0,.002100,TP-P-F,TOTAL PHOSPHOROUS FILTERED,MG/L,45.81278,-84.75417
201802002,2019-02-19 21:09:31,CCGS LIMNOS,LAKE HURON,40,454218,-843037,63,15.8,2018-09-14 09:01:00,2038,1.00,.00,0.00050000,,0,.001300,TP-P-F,TOTAL PHOSPHOROUS FILTERED,MG/L,45.70500,-84.51028
201802002,2019-02-19 21:09:31,CCGS LIMNOS,LAKE HURON,40,454218,-843037,63,15.8,2018-09-14 09:01:00,2038,1.00,.00,0.00050000,,1,.001300,TP-P-F,TOTAL PHOSPHOROUS FILTERED,MG/L,45.70500,-84.51028
201802002,2019-02-19 21:09:31,CCGS LIMNOS,LAKE HURON,40,454218,-843037,63,15.8,2018-09-14 09:01:00,2038,998.00,.00,0.00050000,<,0,.000500,TP-P-F,TOTAL PHOSPHOROUS FILTERED,MG/L,45.70500,-84.51028
201802002,2019-02-19 21:09:31,CCGS LIMNOS,LAKE HURON,40,454218,-843037,63,15.8,2018-09-14 09:01:00,2038,999.00,.00,0.00050000,<,0,.000500,TP-P-F,TOTAL PHOSPHOROUS FILTERED,MG/L,45.70500,-84.51028
201802002,2019-02-19 21:09:31,CCGS LIMNOS,LAKE HURON,41,454025,-841106,62,44.24,2018-09-14 11:05:00,2038,1.00,.00,0.00050000,<,0,.000500,TP-P-F,TOTAL PHOSPHOROUS FILTERED,MG/L,45.67361,-84.18500
201802002,2019-02-19 21:09:31,CCGS LIMNOS,LAKE HURON,42,453102,-840501,56,21.54,2018-09-14 12:13:00,2038,1.00,.00,0.00050000,,0,.001400,TP-P-F,TOTAL PHOSPHOROUS FILTERED,MG/L,45.51722,-84.08361
201802002,2019-02-19 21:09:31,CCGS LIMNOS,LAKE HURON,43,453102,-832500,54,118.94,2018-09-14 15:26:00,2038,1.00,.00,0.00050000,,0,.002900,TP-P-F,TOTAL PHOSPHOROUS FILTERED,MG/L,45.51722,-83.41667
201802002,2019-02-19 21:09:31,CCGS LIMNOS,LAKE HURON,43,453102,-832500,54,118.94,2018-09-14 15:26:00,2038,3.00,.00,0.00050000,,0,.000900,TP-P-F,TOTAL PHOSPHOROUS FILTERED,MG/L,45.51722,-83.41667
201802002,2019-02-19 21:09:31,CCGS LIMNOS,LAKE HURON,43,453102,-832500,54,118.94,2018-09-14 15:26:00,2038,15.00,.00,0.00050000,,0,.001300,TP-P-F,TOTAL PHOSPHOROUS FILTERED,MG/L,45.51722,-83.41667
201802002,2019-02-19 21:09:31,CCGS LIMNOS,LAKE HURON,43,453102,-832500,54,118.94,2018-09-14 15:26:00,2038,30.00,.00,0.00050000,,0,.001400,TP-P-F,TOTAL PHOSPHOROUS FILTERED,MG/L,45.51722,-83.41667
201802002,2019-02-19 21:09:31,CCGS LIMNOS,LAKE HURON,43,453102,-832500,54,118.94,2018-09-14 15:26:00,2038,107.00,.00,0.00050000,,0,.001500,TP-P-F,TOTAL PHOSPHOROUS FILTERED,MG/L,45.51722,-83.41667
201802002,2019-02-19 21:09:31,CCGS LIMNOS,LAKE HURON,43,453102,-832500,54,118.94,2018-09-14 15:26:00,2038,117.00,.00,0.00050000,,0,.001300,TP-P-F,TOTAL PHOSPHOROUS FILTERED,MG/L,45.51722,-83.41667
201802002,2019-02-19 21:09:31,CCGS LIMNOS,LAKE HURON,44,451515,-832047,47,22.2,2018-09-14 18:07:00,2038,1.00,.00,0.00050000,,0,.001200,TP-P-F,TOTAL PHOSPHOROUS FILTERED,MG/L,45.25417,-83.34639
201802002,2019-02-19 21:09:31,CCGS LIMNOS,LAKE HURON,45,450228,-832233,36,8.8,2018-09-14 21:27:00,2038,1.00,.00,0.00050000,,0,.001600,TP-P-F,TOTAL PHOSPHOROUS FILTERED,MG/L,45.04111,-83.37583
201802002,2019-02-19 21:09:31,CCGS LIMNOS,LAKE HURON,45,450228,-832233,36,8.8,2018-09-14 21:27:00,2038,1.00,.00,0.00050000,,1,.001600,TP-P-F,TOTAL PHOSPHOROUS FILTERED,MG/L,45.04111,-83.37583
201802002,2019-02-19 21:09:31,CCGS LIMNOS,LAKE HURON,45,450228,-832233,36,8.8,2018-09-14 21:27:00,2038,7.00,.00,0.00050000,,0,.001500,TP-P-F,TOTAL PHOSPHOROUS FILTERED,MG/L,45.04111,-83.37583
201802002,2019-02-19 21:09:31,CCGS LIMNOS,LAKE HURON,46,450059,-824110,44,164.4,2018-09-15 01:10:00,2038,1.00,.00,0.00050000,,0,.000900,TP-P-F,TOTAL PHOSPHOROUS FILTERED,MG/L,45.01639,-82.68611
201802002,2019-02-19 21:09:31,CCGS LIMNOS,LAKE HURON,46,450059,-824110,44,164.4,2018-09-15 01:10:00,2038,18.00,.00,0.00050000,,0,.001000,TP-P-F,TOTAL PHOSPHOROUS FILTERED,MG/L,45.01639,-82.68611
201802002,2019-02-19 21:09:31,CCGS LIMNOS,LAKE HURON,46,450059,-824110,44,164.4,2018-09-15 01:10:00,2038,30.00,.00,0.00050000,,0,.001200,TP-P-F,TOTAL PHOSPHOROUS FILTERED,MG/L,45.01639,-82.68611
201802002,2019-02-19 21:09:31,CCGS LIMNOS,LAKE HURON,46,450059,-824110,44,164.4,2018-09-15 01:10:00,2038,42.00,.00,0.00050000,,0,.001600,TP-P-F,TOTAL PHOSPHOROUS FILTERED,MG/L,45.01639,-82.68611
201802002,2019-02-19 21:09:31,CCGS LIMNOS,LAKE HURON,46,450059,-824110,44,164.4,2018-09-15 01:10:00,2038,100.00,.00,0.00050000,,0,.001300,TP-P-F,TOTAL PHOSPHOROUS FILTERED,MG/L,45.01639,-82.68611
201802002,2019-02-19 21:09:31,CCGS LIMNOS,LAKE HURON,46,450059,-824110,44,164.4,2018-09-15 01:10:00,2038,154.00,.00,0.00050000,,0,.001200,TP-P-F,TOTAL PHOSPHOROUS FILTERED,MG/L,45.01639,-82.68611
201802002,2019-02-19 21:09:31,CCGS LIMNOS,LAKE HURON,46,450059,-824110,44,164.4,2018-09-15 01:10:00,2038,162.00,.00,0.00050000,,0,.001100,TP-P-F,TOTAL PHOSPHOROUS FILTERED,MG/L,45.01639,-82.68611
201802002,2019-02-19 21:09:31,CCGS LIMNOS,LAKE HURON,47,442958,-824952,33,72.14,2018-09-15 05:40:00,2038,1.00,.00,0.00050000,,0,.001500,TP-P-F,TOTAL PHOSPHOROUS FILTERED,MG/L,44.49944,-82.83111
201802002,2019-02-19 21:09:31,CCGS LIMNOS,LAKE HURON,48,441246,-832216,95,20.19,2018-09-15 09:12:00,2038,1.00,.00,0.00050000,,0,.002200,TP-P-F,TOTAL PHOSPHOROUS FILTERED,MG/L,44.21278,-83.37111
201802002,2019-02-19 21:09:31,CCGS LIMNOS,LAKE HURON,48,441246,-832216,95,20.19,2018-09-15 09:12:00,2038,16.50,.00,0.00050000,,0,.001700,TP-P-F,TOTAL PHOSPHOROUS FILTERED,MG/L,44.21278,-83.37111
201802002,2019-02-19 21:09:31,CCGS LIMNOS,LAKE HURON,48,441246,-832216,95,20.19,2018-09-15 09:12:00,2038,18.00,.00,0.00050000,,0,.002300,TP-P-F,TOTAL PHOSPHOROUS FILTERED,MG/L,44.21278,-83.37111
201802002,2019-02-19 21:09:31,CCGS LIMNOS,LAKE HURON,49,440653,-833141,97,10.88,2018-09-15 10:39:00,2038,1.00,.00,0.00050000,,0,.005700,TP-P-F,TOTAL PHOSPHOROUS FILTERED,MG/L,44.11472,-83.52806
201802002,2019-02-19 21:09:31,CCGS LIMNOS,LAKE HURON,50,435835,-833432,98,10.97,2018-09-15 12:00:00,2038,1.00,.00,0.00050000,,0,.002900,TP-P-F,TOTAL PHOSPHOROUS FILTERED,MG/L,43.97639,-83.57556
201802002,2019-02-19 21:09:31,CCGS LIMNOS,LAKE HURON,50,435835,-833432,98,10.97,2018-09-15 12:00:00,2038,1.00,.00,0.00050000,,1,.002800,TP-P-F,TOTAL PHOSPHOROUS FILTERED,MG/L,43.97639,-83.57556
201802002,2019-02-19 21:09:31,CCGS LIMNOS,LAKE HURON,50,435835,-833432,98,10.97,2018-09-15 12:00:00,2038,998.00,.00,0.00050000,<,0,.000500,TP-P-F,TOTAL PHOSPHOROUS FILTERED,MG/L,43.97639,-83.57556
201802002,2019-02-19 21:09:31,CCGS LIMNOS,LAKE HURON,50,435835,-833432,98,10.97,2018-09-15 12:00:00,2038,999.00,.00,0.00050000,<,0,.000500,TP-P-F,TOTAL PHOSPHOROUS FILTERED,MG/L,43.97639,-83.57556
201802002,2019-02-19 21:09:31,CCGS LIMNOS,LAKE HURON,51,435431,-834430,99,7.32,2018-09-15 13:15:00,2038,1.00,.00,0.00050000,,0,.003900,TP-P-F,TOTAL PHOSPHOROUS FILTERED,MG/L,43.90861,-83.74167
201802002,2019-02-19 21:09:31,CCGS LIMNOS,LAKE HURON,52,434930,-834901,100,7.02,2018-09-15 14:06:00,2038,1.00,.00,0.00050000,,0,.003500,TP-P-F,TOTAL PHOSPHOROUS FILTERED,MG/L,43.82500,-83.81694
201802002,2019-02-19 21:09:31,CCGS LIMNOS,LAKE HURON,52,434930,-834901,100,7.02,2018-09-15 14:06:00,2038,5.00,.00,0.00050000,,0,.007700,TP-P-F,TOTAL PHOSPHOROUS FILTERED,MG/L,43.82500,-83.81694
201802002,2019-02-19 21:09:31,CCGS LIMNOS,LAKE HURON,53,434914,-833733,101,6.11,2018-09-15 15:22:00,2038,1.00,.00,0.00050000,,0,.003600,TP-P-F,TOTAL PHOSPHOROUS FILTERED,MG/L,43.82056,-83.62583
201802002,2019-02-19 21:09:31,CCGS LIMNOS,LAKE HURON,54,440735,-831019,96,29.29,2018-09-15 19:16:00,2038,1.00,.00,0.00050000,,0,.001100,TP-P-F,TOTAL PHOSPHOROUS FILTERED,MG/L,44.12639,-83.17194
201802002,2019-02-19 21:09:31,CCGS LIMNOS,LAKE HURON,55,441257,-830504,20,45.7,2018-09-15 20:13:00,2038,1.00,.00,0.00050000,,0,.000700,TP-P-F,TOTAL PHOSPHOROUS FILTERED,MG/L,44.21583,-83.08444
201802002,2019-02-19 21:09:31,CCGS LIMNOS,LAKE HURON,55,441257,-830504,20,45.7,2018-09-15 20:13:00,2038,1.00,.00,0.00050000,,1,.000700,TP-P-F,TOTAL PHOSPHOROUS FILTERED,MG/L,44.21583,-83.08444
201802002,2019-02-19 21:09:31,CCGS LIMNOS,LAKE HURON,56,440602,-825202,17,14.94,2018-09-15 21:56:00,2038,1.00,.00,0.00050000,,0,.001900,TP-P-F,TOTAL PHOSPHOROUS FILTERED,MG/L,44.10056,-82.86722
201802002,2019-02-19 21:09:31,CCGS LIMNOS,LAKE HURON,56,440602,-825202,17,14.94,2018-09-15 21:56:00,2038,13.00,.00,0.00050000,,0,.000900,TP-P-F,TOTAL PHOSPHOROUS FILTERED,MG/L,44.10056,-82.86722
201802002,2019-02-19 21:09:31,CCGS LIMNOS,LAKE HURON,57,441154,-823014,27,55.22,2018-09-16 00:02:00,2038,1.00,.00,0.00050000,,0,.001400,TP-P-F,TOTAL PHOSPHOROUS FILTERED,MG/L,44.19833,-82.50389
201802002,2019-02-19 21:09:31,CCGS LIMNOS,LAKE HURON,58,435632,-823956,14,13.16,2018-09-16 02:26:00,2038,1.00,.00,0.00050000,,0,.001600,TP-P-F,TOTAL PHOSPHOROUS FILTERED,MG/L,43.94222,-82.66556
201802002,2019-02-19 21:09:31,CCGS LIMNOS,LAKE HURON,58,435632,-823956,14,13.16,2018-09-16 02:26:00,2038,11.00,.00,0.00050000,,0,.001400,TP-P-F,TOTAL PHOSPHOROUS FILTERED,MG/L,43.94222,-82.66556
201802002,2019-02-19 21:09:31,CCGS LIMNOS,LAKE HURON,59,434511,-823408,13,16.56,2018-09-16 04:02:00,2038,1.00,.00,0.00050000,,0,.001500,TP-P-F,TOTAL PHOSPHOROUS FILTERED,MG/L,43.75306,-82.56889
201802002,2019-02-19 21:09:31,CCGS LIMNOS,LAKE HURON,60,433800,-821300,9,58.92,2018-09-16 06:04:00,2038,1.00,.00,0.00050000,,0,.000800,TP-P-F,TOTAL PHOSPHOROUS FILTERED,MG/L,43.63333,-82.21667
201802002,2019-02-19 21:09:31,CCGS LIMNOS,LAKE HURON,60,433800,-821300,9,58.92,2018-09-16 06:04:00,2038,1.00,.00,0.00050000,,1,.000800,TP-P-F,TOTAL PHOSPHOROUS FILTERED,MG/L,43.63333,-82.21667
201802002,2019-02-19 21:09:31,CCGS LIMNOS,LAKE HURON,60,433800,-821300,9,58.92,2018-09-16 06:04:00,2038,25.00,.00,0.00050000,,0,.001300,TP-P-F,TOTAL PHOSPHOROUS FILTERED,MG/L,43.63333,-82.21667
201802002,2019-02-19 21:09:31,CCGS LIMNOS,LAKE HURON,60,433800,-821300,9,58.92,2018-09-16 06:04:00,2038,29.00,.00,0.00050000,,0,.001000,TP-P-F,TOTAL PHOSPHOROUS FILTERED,MG/L,43.63333,-82.21667
201802002,2019-02-19 21:09:31,CCGS LIMNOS,LAKE HURON,60,433800,-821300,9,58.92,2018-09-16 06:04:00,2038,37.00,.00,0.00050000,<,0,.000500,TP-P-F,TOTAL PHOSPHOROUS FILTERED,MG/L,43.63333,-82.21667
201802002,2019-02-19 21:09:31,CCGS LIMNOS,LAKE HURON,60,433800,-821300,9,58.92,2018-09-16 06:04:00,2038,49.00,.00,0.00050000,,0,.001100,TP-P-F,TOTAL PHOSPHOROUS FILTERED,MG/L,43.63333,-82.21667
201802002,2019-02-19 21:09:31,CCGS LIMNOS,LAKE HURON,60,433800,-821300,9,58.92,2018-09-16 06:04:00,2038,57.00,.00,0.00050000,<,0,.000500,TP-P-F,TOTAL PHOSPHOROUS FILTERED,MG/L,43.63333,-82.21667
201802002,2019-02-19 21:09:31,CCGS LIMNOS,LAKE HURON,60,433800,-821300,9,58.92,2018-09-16 06:04:00,2038,998.00,.00,0.00050000,,0,.000500,TP-P-F,TOTAL PHOSPHOROUS FILTERED,MG/L,43.63333,-82.21667
201802002,2019-02-19 21:09:31,CCGS LIMNOS,LAKE HURON,60,433800,-821300,9,58.92,2018-09-16 06:04:00,2038,999.00,.00,0.00050000,<,0,.000500,TP-P-F,TOTAL PHOSPHOROUS FILTERED,MG/L,43.63333,-82.21667
201802002,2019-02-19 21:09:31,CCGS LIMNOS,LAKE HURON,61,433358,-822903,8,29.67,2018-09-16 08:09:00,2038,1.00,.00,0.00050000,,0,.000800,TP-P-F,TOTAL PHOSPHOROUS FILTERED,MG/L,43.56611,-82.48417
201802002,2019-02-19 21:09:31,CCGS LIMNOS,LAKE HURON,62,432031,-823022,7,10.72,2018-09-16 09:45:00,2038,1.00,.00,0.00050000,<,0,.000500,TP-P-F,TOTAL PHOSPHOROUS FILTERED,MG/L,43.34194,-82.50611
201802002,2019-02-19 21:09:31,CCGS LIMNOS,LAKE HURON,1,430524,-822330,1,10.34,2018-09-10 23:38:00,2042,1.00,.00,0.01000000,,0,26.600000,CA-F,CALCIUM,MG/L,43.09000,-82.39167
201802002,2019-02-19 21:09:31,CCGS LIMNOS,LAKE HURON,1,430524,-822330,1,10.34,2018-09-10 23:38:00,2042,8.00,.00,0.01000000,,0,26.300000,CA-F,CALCIUM,MG/L,43.09000,-82.39167
201802002,2019-02-19 21:09:31,CCGS LIMNOS,LAKE HURON,2,431524,-820219,3,14.91,2018-09-11 02:08:00,2042,1.00,.00,0.01000000,,0,27.000000,CA-F,CALCIUM,MG/L,43.25667,-82.03861
201802002,2019-02-19 21:09:31,CCGS LIMNOS,LAKE HURON,3,431928,-814722,4,9.81,2018-09-11 03:45:00,2042,1.00,.00,0.01000000,,0,26.800000,CA-F,CALCIUM,MG/L,43.32444,-81.78944
201802002,2019-02-19 21:09:31,CCGS LIMNOS,LAKE HURON,4,433252,-814440,5,11.12,2018-09-11 05:38:00,2042,1.00,.00,0.01000000,,0,26.500000,CA-F,CALCIUM,MG/L,43.54778,-81.74444
201802002,2019-02-19 21:09:31,CCGS LIMNOS,LAKE HURON,5,434508,-814655,10,12.08,2018-09-11 07:16:00,2042,1.00,.00,0.01000000,,0,26.200000,CA-F,CALCIUM,MG/L,43.75222,-81.78194
201802002,2019-02-19 21:09:31,CCGS LIMNOS,LAKE HURON,5,434508,-814655,10,12.08,2018-09-11 07:16:00,2042,1.00,.00,0.01000000,,1,25.900000,CA-F,CALCIUM,MG/L,43.75222,-81.78194
201802002,2019-02-19 21:09:31,CCGS LIMNOS,LAKE HURON,6,435325,-820319,12,87.02,2018-09-11 09:19:00,2042,1.00,.00,0.01000000,,0,25.700000,CA-F,CALCIUM,MG/L,43.89028,-82.05528
201802002,2019-02-19 21:09:31,CCGS LIMNOS,LAKE HURON,7,435722,-814711,11,9.94,2018-09-11 11:20:00,2042,1.00,.00,0.01000000,,0,26.200000,CA-F,CALCIUM,MG/L,43.95611,-81.78639
201802002,2019-02-19 21:09:31,CCGS LIMNOS,LAKE HURON,8,442203,-815002,29,124.4,2018-09-11 14:35:00,2042,1.00,.00,0.01000000,,0,25.600000,CA-F,CALCIUM,MG/L,44.36750,-81.83389
201802002,2019-02-19 21:09:31,CCGS LIMNOS,LAKE HURON,8,442203,-815002,29,124.4,2018-09-11 14:35:00,2042,10.00,.00,0.01000000,,0,25.600000,CA-F,CALCIUM,MG/L,44.36750,-81.83389
201802002,2019-02-19 21:09:31,CCGS LIMNOS,LAKE HURON,8,442203,-815002,29,124.4,2018-09-11 14:35:00,2042,14.00,.00,0.01000000,,0,25.900000,CA-F,CALCIUM,MG/L,44.36750,-81.83389
201802002,2019-02-19 21:09:31,CCGS LIMNOS,LAKE HURON,8,442203,-815002,29,124.4,2018-09-11 14:35:00,2042,20.00,.00,0.01000000,,0,26.000000,CA-F,CALCIUM,MG/L,44.36750,-81.83389
201802002,2019-02-19 21:09:31,CCGS LIMNOS,LAKE HURON,8,442203,-815002,29,124.4,2018-09-11 14:35:00,2042,114.00,.00,0.01000000,,0,26.200000,CA-F,CALCIUM,MG/L,44.36750,-81.83389
201802002,2019-02-19 21:09:31,CCGS LIMNOS,LAKE HURON,8,442203,-815002,29,124.4,2018-09-11 14:35:00,2042,122.00,.00,0.01000000,,0,26.200000,CA-F,CALCIUM,MG/L,44.36750,-81.83389
201802002,2019-02-19 21:09:31,CCGS LIMNOS,LAKE HURON,9,442757,-812713,30,19.91,2018-09-11 16:57:00,2042,1.00,.00,0.01000000,,0,26.800000,CA-F,CALCIUM,MG/L,44.46583,-81.45361
201802002,2019-02-19 21:09:31,CCGS LIMNOS,LAKE HURON,10,443920,-812240,39,25.46,2018-09-11 18:30:00,2042,1.00,.00,0.01000000,,0,26.200000,CA-F,CALCIUM,MG/L,44.65556,-81.37778
201802002,2019-02-19 21:09:31,CCGS LIMNOS,LAKE HURON,10,443920,-812240,39,25.46,2018-09-11 18:30:00,2042,1.00,.00,0.01000000,,1,26.200000,CA-F,CALCIUM,MG/L,44.65556,-81.37778
201802002,2019-02-19 21:09:31,CCGS LIMNOS,LAKE HURON,10,443920,-812240,39,25.46,2018-09-11 18:30:00,2042,998.00,.00,0.01000000,,0,.050000,CA-F,CALCIUM,MG/L,44.65556,-81.37778
201802002,2019-02-19 21:09:31,CCGS LIMNOS,LAKE HURON,10,443920,-812240,39,25.46,2018-09-11 18:30:00,2042,999.00,.00,0.01000000,<,0,.010000,CA-F,CALCIUM,MG/L,44.65556,-81.37778
201802002,2019-02-19 21:09:31,CCGS LIMNOS,LAKE HURON,11,445354,-812617,40,20.6,2018-09-11 21:16:00,2042,1.00,.00,0.01000000,,0,26.300000,CA-F,CALCIUM,MG/L,44.89833,-81.43806
201802002,2019-02-19 21:09:31,CCGS LIMNOS,LAKE HURON,12,444425,-820324,38,134.62,2018-09-12 00:30:00,2042,1.00,.00,0.01000000,,0,26.100000,CA-F,CALCIUM,MG/L,44.74028,-82.05667
201802002,2019-02-19 21:09:31,CCGS LIMNOS,LAKE HURON,13,450106,-815835,43,173.44,2018-09-12 03:39:00,2042,1.00,.00,0.01000000,,0,26.200000,CA-F,CALCIUM,MG/L,45.01833,-81.97639
201802002,2019-02-19 21:09:31,CCGS LIMNOS,LAKE HURON,14,450459,-813213,41,21.37,2018-09-12 05:44:00,2042,1.00,.00,0.01000000,,0,26.200000,CA-F,CALCIUM,MG/L,45.08306,-81.53694
201802002,2019-02-19 21:09:31,CCGS LIMNOS,LAKE HURON,15,451315,-814914,42,43.58,2018-09-12 07:39:00,2042,1.00,.00,0.01000000,,0,26.000000,CA-F,CALCIUM,MG/L,45.22083,-81.82056
201802002,2019-02-19 21:09:31,CCGS LIMNOS,LAKE HURON,15,451315,-814914,42,43.58,2018-09-12 07:39:00,2042,1.00,.00,0.01000000,,1,25.700000,CA-F,CALCIUM,MG/L,45.22083,-81.82056
201802002,2019-02-19 21:09:31,CCGS LIMNOS,LAKE HURON,16,451644,-822704,48,110.28,2018-09-12 10:54:00,2042,1.00,.00,0.01000000,,0,24.600000,CA-F,CALCIUM,MG/L,45.27889,-82.45111
201802002,2019-02-19 21:09:31,CCGS LIMNOS,LAKE HURON,17,453209,-820244,50,26.19,2018-09-12 13:40:00,2042,1.00,.00,0.01000000,,0,25.200000,CA-F,CALCIUM,MG/L,45.53583,-82.04556
201802002,2019-02-19 21:09:31,CCGS LIMNOS,LAKE HURON,18,453904,-823850,52,65.02,2018-09-12 17:13:00,2042,1.00,.00,0.01000000,,0,25.200000,CA-F,CALCIUM,MG/L,45.65111,-82.64722
201802002,2019-02-19 21:09:31,CCGS LIMNOS,LAKE HURON,19,454559,-830141,59,17.98,2018-09-12 19:44:00,2042,1.00,.00,0.01000000,,0,25.100000,CA-F,CALCIUM,MG/L,45.76639,-83.02806
201802002,2019-02-19 21:09:31,CCGS LIMNOS,LAKE HURON,20,455200,-831558,58,12.75,2018-09-12 21:24:00,2042,1.00,.00,0.01000000,,0,25.600000,CA-F,CALCIUM,MG/L,45.86667,-83.26611
201802002,2019-02-19 21:09:31,CCGS LIMNOS,LAKE HURON,20,455200,-831558,58,12.75,2018-09-12 21:24:00,2042,1.00,.00,0.01000000,,1,25.400000,CA-F,CALCIUM,MG/L,45.86667,-83.26611
201802002,2019-02-19 21:09:31,CCGS LIMNOS,LAKE HURON,20,455200,-831558,58,12.75,2018-09-12 21:24:00,2042,998.00,.00,0.01000000,,0,.040000,CA-F,CALCIUM,MG/L,45.86667,-83.26611
201802002,2019-02-19 21:09:31,CCGS LIMNOS,LAKE HURON,20,455200,-831558,58,12.75,2018-09-12 21:24:00,2042,999.00,.00,0.01000000,<,0,.010000,CA-F,CALCIUM,MG/L,45.86667,-83.26611
201802002,2019-02-19 21:09:31,CCGS LIMNOS,LAKE HURON,21,455404,-833110,60,24.14,2018-09-12 23:15:00,2042,1.00,.00,0.01000000,,0,25.000000,CA-F,CALCIUM,MG/L,45.90111,-83.51944
201802002,2019-02-19 21:09:31,CCGS LIMNOS,LAKE HURON,22,455959,-832600,76,58.38,2018-09-13 00:29:00,2042,1.00,.00,0.01000000,,0,22.300000,CA-F,CALCIUM,MG/L,45.99972,-83.43333
201802002,2019-02-19 21:09:31,CCGS LIMNOS,LAKE HURON,23,455814,-831157,77,77.89,2018-09-13 01:46:00,2042,1.00,.00,0.01000000,,0,23.400000,CA-F,CALCIUM,MG/L,45.97056,-83.19917
201802002,2019-02-19 21:09:31,CCGS LIMNOS,LAKE HURON,24,455612,-824534,82,28.12,2018-09-13 04:52:00,2042,1.00,.00,0.01000000,,0,20.600000,CA-F,CALCIUM,MG/L,45.93667,-82.75944
201802002,2019-02-19 21:09:31,CCGS LIMNOS,LAKE HURON,25,455959,-823301,83,31.13,2018-09-13 06:16:00,2042,1.00,.00,0.01000000,,0,20.600000,CA-F,CALCIUM,MG/L,45.99972,-82.55028
201802002,2019-02-19 21:09:31,CCGS LIMNOS,LAKE HURON,25,455959,-823301,83,31.13,2018-09-13 06:16:00,2042,1.00,.00,0.01000000,,1,20.700000,CA-F,CALCIUM,MG/L,45.99972,-82.55028
201802002,2019-02-19 21:09:31,CCGS LIMNOS,LAKE HURON,26,460340,-821149,87,43.68,2018-09-13 08:08:00,2042,1.00,.00,0.01000000,,0,20.700000,CA-F,CALCIUM,MG/L,46.06111,-82.19694
201802002,2019-02-19 21:09:31,CCGS LIMNOS,LAKE HURON,27,460319,-820000,88,35.75,2018-09-13 09:21:00,2042,1.00,.00,0.01000000,,0,20.500000,CA-F,CALCIUM,MG/L,46.05528,-82.00000
201802002,2019-02-19 21:09:31,CCGS LIMNOS,LAKE HURON,28,455459,-820940,89,38.74,2018-09-13 11:07:00,2042,1.00,.00,0.01000000,,0,20.300000,CA-F,CALCIUM,MG/L,45.91639,-82.16111
201802002,2019-02-19 21:09:31,CCGS LIMNOS,LAKE HURON,29,460630,-825048,84,35.65,2018-09-13 15:44:00,2042,1.00,.00,0.01000000,,0,20.100000,CA-F,CALCIUM,MG/L,46.10833,-82.84667
201802002,2019-02-19 21:09:31,CCGS LIMNOS,LAKE HURON,29,460630,-825048,84,35.65,2018-09-13 15:44:00,2042,12.00,.00,0.01000000,,0,20.000000,CA-F,CALCIUM,MG/L,46.10833,-82.84667
201802002,2019-02-19 21:09:31,CCGS LIMNOS,LAKE HURON,29,460630,-825048,84,35.65,2018-09-13 15:44:00,2042,14.00,.00,0.01000000,,0,20.400000,CA-F,CALCIUM,MG/L,46.10833,-82.84667
201802002,2019-02-19 21:09:31,CCGS LIMNOS,LAKE HURON,29,460630,-825048,84,35.65,2018-09-13 15:44:00,2042,16.00,.00,0.01000000,,0,20.500000,CA-F,CALCIUM,MG/L,46.10833,-82.84667
201802002,2019-02-19 21:09:31,CCGS LIMNOS,LAKE HURON,29,460630,-825048,84,35.65,2018-09-13 15:44:00,2042,34.00,.00,0.01000000,,0,23.000000,CA-F,CALCIUM,MG/L,46.10833,-82.84667
201802002,2019-02-19 21:09:31,CCGS LIMNOS,LAKE HURON,30,460722,-825305,79,25.79,2018-09-13 15:58:00,2042,1.00,.00,0.01000000,,0,20.600000,CA-F,CALCIUM,MG/L,46.12278,-82.88472
201802002,2019-02-19 21:09:31,CCGS LIMNOS,LAKE HURON,30,460722,-825305,79,25.79,2018-09-13 15:58:00,2042,1.00,.00,0.01000000,,1,20.700000,CA-F,CALCIUM,MG/L,46.12278,-82.88472
201802002,2019-02-19 21:09:31,CCGS LIMNOS,LAKE HURON,30,460722,-825305,79,25.79,2018-09-13 15:58:00,2042,12.00,.00,0.01000000,,0,21.400000,CA-F,CALCIUM,MG/L,46.12278,-82.88472
201802002,2019-02-19 21:09:31,CCGS LIMNOS,LAKE HURON,30,460722,-825305,79,25.79,2018-09-13 15:58:00,2042,16.00,.00,0.01000000,,0,22.300000,CA-F,CALCIUM,MG/L,46.12278,-82.88472
201802002,2019-02-19 21:09:31,CCGS LIMNOS,LAKE HURON,30,460722,-825305,79,25.79,2018-09-13 15:58:00,2042,24.00,.00,0.01000000,,0,22.500000,CA-F,CALCIUM,MG/L,46.12278,-82.88472
201802002,2019-02-19 21:09:31,CCGS LIMNOS,LAKE HURON,30,460722,-825305,79,25.79,2018-09-13 15:58:00,2042,998.00,.00,0.01000000,,0,.040000,CA-F,CALCIUM,MG/L,46.12278,-82.88472
201802002,2019-02-19 21:09:31,CCGS LIMNOS,LAKE HURON,30,460722,-825305,79,25.79,2018-09-13 15:58:00,2042,999.00,.00,0.01000000,<,0,.010000,CA-F,CALCIUM,MG/L,46.12278,-82.88472
201802002,2019-02-19 21:09:31,CCGS LIMNOS,LAKE HURON,31,461112,-832116,73,18.83,2018-09-13 18:56:00,2042,1.00,.00,0.01000000,,0,20.500000,CA-F,CALCIUM,MG/L,46.18667,-83.35444
201802002,2019-02-19 21:09:31,CCGS LIMNOS,LAKE HURON,32,461401,-834445,71,35.37,2018-09-13 20:51:00,2042,1.00,.00,0.01000000,,0,15.900000,CA-F,CALCIUM,MG/L,46.23361,-83.74583
201802002,2019-02-19 21:09:31,CCGS LIMNOS,LAKE HURON,32,461401,-834445,71,35.37,2018-09-13 20:51:00,2042,23.00,.00,0.01000000,,0,17.700000,CA-F,CALCIUM,MG/L,46.23361,-83.74583
201802002,2019-02-19 21:09:31,CCGS LIMNOS,LAKE HURON,32,461401,-834445,71,35.37,2018-09-13 20:51:00,2042,27.00,.00,0.01000000,,0,17.500000,CA-F,CALCIUM,MG/L,46.23361,-83.74583
201802002,2019-02-19 21:09:31,CCGS LIMNOS,LAKE HURON,32,461401,-834445,71,35.37,2018-09-13 20:51:00,2042,31.00,.00,0.01000000,,0,19.900000,CA-F,CALCIUM,MG/L,46.23361,-83.74583
201802002,2019-02-19 21:09:31,CCGS LIMNOS,LAKE HURON,32,461401,-834445,71,35.37,2018-09-13 20:51:00,2042,33.00,.00,0.01000000,,0,19.900000,CA-F,CALCIUM,MG/L,46.23361,-83.74583
201802002,2019-02-19 21:09:31,CCGS LIMNOS,LAKE HURON,33,460813,-834020,70,21.61,2018-09-13 22:05:00,2042,1.00,.00,0.01000000,,0,18.200000,CA-F,CALCIUM,MG/L,46.13694,-83.67222
201802002,2019-02-19 21:09:31,CCGS LIMNOS,LAKE HURON,34,460232,-835109,68,16.63,2018-09-13 23:31:00,2042,1.00,.00,0.01000000,,0,14.900000,CA-F,CALCIUM,MG/L,46.04222,-83.85250
201802002,2019-02-19 21:09:31,CCGS LIMNOS,LAKE HURON,35,460440,-840138,69,10.72,2018-09-14 00:42:00,2042,1.00,.00,0.01000000,,0,14.000000,CA-F,CALCIUM,MG/L,46.07778,-84.02722
201802002,2019-02-19 21:09:31,CCGS LIMNOS,LAKE HURON,35,460440,-840138,69,10.72,2018-09-14 00:42:00,2042,1.00,.00,0.01000000,,1,14.000000,CA-F,CALCIUM,MG/L,46.07778,-84.02722
201802002,2019-02-19 21:09:31,CCGS LIMNOS,LAKE HURON,35,460440,-840138,69,10.72,2018-09-14 00:42:00,2042,9.00,.00,0.01000000,,0,14.100000,CA-F,CALCIUM,MG/L,46.07778,-84.02722
201802002,2019-02-19 21:09:31,CCGS LIMNOS,LAKE HURON,36,455610,-835359,67,29.3,2018-09-14 02:17:00,2042,1.00,.00,0.01000000,,0,22.500000,CA-F,CALCIUM,MG/L,45.93611,-83.89972
201802002,2019-02-19 21:09:31,CCGS LIMNOS,LAKE HURON,37,455151,-841743,66,67.4,2018-09-14 04:24:00,2042,1.00,.00,0.01000000,,0,23.700000,CA-F,CALCIUM,MG/L,45.86417,-84.29528
201802002,2019-02-19 21:09:31,CCGS LIMNOS,LAKE HURON,38,455041,-843358,65,58.91,2018-09-14 06:01:00,2042,1.00,.00,0.01000000,,0,26.900000,CA-F,CALCIUM,MG/L,45.84472,-84.56611
201802002,2019-02-19 21:09:31,CCGS LIMNOS,LAKE HURON,39,454846,-844515,64,35.89,2018-09-14 07:17:00,2042,1.00,.00,0.01000000,,0,28.100000,CA-F,CALCIUM,MG/L,45.81278,-84.75417
201802002,2019-02-19 21:09:31,CCGS LIMNOS,LAKE HURON,39,454846,-844515,64,35.89,2018-09-14 07:17:00,2042,19.00,.00,0.01000000,,0,28.800000,CA-F,CALCIUM,MG/L,45.81278,-84.75417
201802002,2019-02-19 21:09:31,CCGS LIMNOS,LAKE HURON,39,454846,-844515,64,35.89,2018-09-14 07:17:00,2042,22.00,.00,0.01000000,,0,28.700000,CA-F,CALCIUM,MG/L,45.81278,-84.75417
201802002,2019-02-19 21:09:31,CCGS LIMNOS,LAKE HURON,39,454846,-844515,64,35.89,2018-09-14 07:17:00,2042,30.00,.00,0.01000000,,0,28.000000,CA-F,CALCIUM,MG/L,45.81278,-84.75417
201802002,2019-02-19 21:09:31,CCGS LIMNOS,LAKE HURON,39,454846,-844515,64,35.89,2018-09-14 07:17:00,2042,34.00,.00,0.01000000,,0,28.100000,CA-F,CALCIUM,MG/L,45.81278,-84.75417
201802002,2019-02-19 21:09:31,CCGS LIMNOS,LAKE HURON,40,454218,-843037,63,15.8,2018-09-14 09:01:00,2042,1.00,.00,0.01000000,,0,28.400000,CA-F,CALCIUM,MG/L,45.70500,-84.51028
201802002,2019-02-19 21:09:31,CCGS LIMNOS,LAKE HURON,40,454218,-843037,63,15.8,2018-09-14 09:01:00,2042,1.00,.00,0.01000000,,1,28.500000,CA-F,CALCIUM,MG/L,45.70500,-84.51028
201802002,2019-02-19 21:09:31,CCGS LIMNOS,LAKE HURON,40,454218,-843037,63,15.8,2018-09-14 09:01:00,2042,998.00,.00,0.01000000,,0,.090000,CA-F,CALCIUM,MG/L,45.70500,-84.51028
201802002,2019-02-19 21:09:31,CCGS LIMNOS,LAKE HURON,40,454218,-843037,63,15.8,2018-09-14 09:01:00,2042,999.00,.00,0.01000000,<,0,.010000,CA-F,CALCIUM,MG/L,45.70500,-84.51028
201802002,2019-02-19 21:09:31,CCGS LIMNOS,LAKE HURON,41,454025,-841106,62,44.24,2018-09-14 11:05:00,2042,1.00,.00,0.01000000,,0,24.200000,CA-F,CALCIUM,MG/L,45.67361,-84.18500
201802002,2019-02-19 21:09:31,CCGS LIMNOS,LAKE HURON,42,453102,-840501,56,21.54,2018-09-14 12:13:00,2042,1.00,.00,0.01000000,,0,26.700000,CA-F,CALCIUM,MG/L,45.51722,-84.08361
201802002,2019-02-19 21:09:31,CCGS LIMNOS,LAKE HURON,43,453102,-832500,54,118.94,2018-09-14 15:26:00,2042,1.00,.00,0.01000000,,0,25.200000,CA-F,CALCIUM,MG/L,45.51722,-83.41667
201802002,2019-02-19 21:09:31,CCGS LIMNOS,LAKE HURON,43,453102,-832500,54,118.94,2018-09-14 15:26:00,2042,3.00,.00,0.01000000,,0,25.500000,CA-F,CALCIUM,MG/L,45.51722,-83.41667
201802002,2019-02-19 21:09:31,CCGS LIMNOS,LAKE HURON,43,453102,-832500,54,118.94,2018-09-14 15:26:00,2042,15.00,.00,0.01000000,,0,25.100000,CA-F,CALCIUM,MG/L,45.51722,-83.41667
201802002,2019-02-19 21:09:31,CCGS LIMNOS,LAKE HURON,43,453102,-832500,54,118.94,2018-09-14 15:26:00,2042,30.00,.00,0.01000000,,0,25.100000,CA-F,CALCIUM,MG/L,45.51722,-83.41667
201802002,2019-02-19 21:09:31,CCGS LIMNOS,LAKE HURON,43,453102,-832500,54,118.94,2018-09-14 15:26:00,2042,107.00,.00,0.01000000,,0,25.800000,CA-F,CALCIUM,MG/L,45.51722,-83.41667
201802002,2019-02-19 21:09:31,CCGS LIMNOS,LAKE HURON,43,453102,-832500,54,118.94,2018-09-14 15:26:00,2042,117.00,.00,0.01000000,,0,25.800000,CA-F,CALCIUM,MG/L,45.51722,-83.41667
201802002,2019-02-19 21:09:31,CCGS LIMNOS,LAKE HURON,44,451515,-832047,47,22.2,2018-09-14 18:07:00,2042,1.00,.00,0.01000000,,0,26.800000,CA-F,CALCIUM,MG/L,45.25417,-83.34639
201802002,2019-02-19 21:09:31,CCGS LIMNOS,LAKE HURON,45,450228,-832233,36,8.8,2018-09-14 21:27:00,2042,1.00,.00,0.01000000,,0,25.100000,CA-F,CALCIUM,MG/L,45.04111,-83.37583
201802002,2019-02-19 21:09:31,CCGS LIMNOS,LAKE HURON,45,450228,-832233,36,8.8,2018-09-14 21:27:00,2042,1.00,.00,0.01000000,,1,25.200000,CA-F,CALCIUM,MG/L,45.04111,-83.37583
201802002,2019-02-19 21:09:31,CCGS LIMNOS,LAKE HURON,45,450228,-832233,36,8.8,2018-09-14 21:27:00,2042,7.00,.00,0.01000000,,0,25.200000,CA-F,CALCIUM,MG/L,45.04111,-83.37583
201802002,2019-02-19 21:09:31,CCGS LIMNOS,LAKE HURON,46,450059,-824110,44,164.4,2018-09-15 01:10:00,2042,1.00,.00,0.01000000,,0,26.200000,CA-F,CALCIUM,MG/L,45.01639,-82.68611
201802002,2019-02-19 21:09:31,CCGS LIMNOS,LAKE HURON,46,450059,-824110,44,164.4,2018-09-15 01:10:00,2042,18.00,.00,0.01000000,,0,26.200000,CA-F,CALCIUM,MG/L,45.01639,-82.68611
201802002,2019-02-19 21:09:31,CCGS LIMNOS,LAKE HURON,46,450059,-824110,44,164.4,2018-09-15 01:10:00,2042,30.00,.00,0.01000000,,0,25.900000,CA-F,CALCIUM,MG/L,45.01639,-82.68611
201802002,2019-02-19 21:09:31,CCGS LIMNOS,LAKE HURON,46,450059,-824110,44,164.4,2018-09-15 01:10:00,2042,42.00,.00,0.01000000,,0,26.000000,CA-F,CALCIUM,MG/L,45.01639,-82.68611
201802002,2019-02-19 21:09:31,CCGS LIMNOS,LAKE HURON,46,450059,-824110,44,164.4,2018-09-15 01:10:00,2042,100.00,.00,0.01000000,,0,26.000000,CA-F,CALCIUM,MG/L,45.01639,-82.68611
201802002,2019-02-19 21:09:31,CCGS LIMNOS,LAKE HURON,46,450059,-824110,44,164.4,2018-09-15 01:10:00,2042,154.00,.00,0.01000000,,0,25.900000,CA-F,CALCIUM,MG/L,45.01639,-82.68611
201802002,2019-02-19 21:09:31,CCGS LIMNOS,LAKE HURON,46,450059,-824110,44,164.4,2018-09-15 01:10:00,2042,162.00,.00,0.01000000,,0,25.900000,CA-F,CALCIUM,MG/L,45.01639,-82.68611
201802002,2019-02-19 21:09:31,CCGS LIMNOS,LAKE HURON,47,442958,-824952,33,72.14,2018-09-15 05:40:00,2042,1.00,.00,0.01000000,,0,25.000000,CA-F,CALCIUM,MG/L,44.49944,-82.83111
201802002,2019-02-19 21:09:31,CCGS LIMNOS,LAKE HURON,48,441246,-832216,95,20.19,2018-09-15 09:12:00,2042,1.00,.00,0.01000000,,0,26.200000,CA-F,CALCIUM,MG/L,44.21278,-83.37111
201802002,2019-02-19 21:09:31,CCGS LIMNOS,LAKE HURON,48,441246,-832216,95,20.19,2018-09-15 09:12:00,2042,16.50,.00,0.01000000,,0,26.100000,CA-F,CALCIUM,MG/L,44.21278,-83.37111
201802002,2019-02-19 21:09:31,CCGS LIMNOS,LAKE HURON,48,441246,-832216,95,20.19,2018-09-15 09:12:00,2042,18.00,.00,0.01000000,,0,26.400000,CA-F,CALCIUM,MG/L,44.21278,-83.37111
201802002,2019-02-19 21:09:31,CCGS LIMNOS,LAKE HURON,49,440653,-833141,97,10.88,2018-09-15 10:39:00,2042,1.00,.00,0.01000000,,0,28.500000,CA-F,CALCIUM,MG/L,44.11472,-83.52806
201802002,2019-02-19 21:09:31,CCGS LIMNOS,LAKE HURON,50,435835,-833432,98,10.97,2018-09-15 12:00:00,2042,1.00,.00,0.01000000,,0,28.900000,CA-F,CALCIUM,MG/L,43.97639,-83.57556
201802002,2019-02-19 21:09:31,CCGS LIMNOS,LAKE HURON,50,435835,-833432,98,10.97,2018-09-15 12:00:00,2042,1.00,.00,0.01000000,,1,28.900000,CA-F,CALCIUM,MG/L,43.97639,-83.57556
201802002,2019-02-19 21:09:31,CCGS LIMNOS,LAKE HURON,50,435835,-833432,98,10.97,2018-09-15 12:00:00,2042,998.00,.00,0.01000000,,0,.040000,CA-F,CALCIUM,MG/L,43.97639,-83.57556
201802002,2019-02-19 21:09:31,CCGS LIMNOS,LAKE HURON,50,435835,-833432,98,10.97,2018-09-15 12:00:00,2042,999.00,.00,0.01000000,<,0,.010000,CA-F,CALCIUM,MG/L,43.97639,-83.57556
201802002,2019-02-19 21:09:31,CCGS LIMNOS,LAKE HURON,51,435431,-834430,99,7.32,2018-09-15 13:15:00,2042,1.00,.00,0.01000000,,0,29.700000,CA-F,CALCIUM,MG/L,43.90861,-83.74167
201802002,2019-02-19 21:09:31,CCGS LIMNOS,LAKE HURON,52,434930,-834901,100,7.02,2018-09-15 14:06:00,2042,1.00,.00,0.01000000,,0,30.300000,CA-F,CALCIUM,MG/L,43.82500,-83.81694
201802002,2019-02-19 21:09:31,CCGS LIMNOS,LAKE HURON,52,434930,-834901,100,7.02,2018-09-15 14:06:00,2042,5.00,.00,0.01000000,,0,30.100000,CA-F,CALCIUM,MG/L,43.82500,-83.81694
201802002,2019-02-19 21:09:31,CCGS LIMNOS,LAKE HURON,53,434914,-833733,101,6.11,2018-09-15 15:22:00,2042,1.00,.00,0.01000000,,0,29.600000,CA-F,CALCIUM,MG/L,43.82056,-83.62583
201802002,2019-02-19 21:09:31,CCGS LIMNOS,LAKE HURON,54,440735,-831019,96,29.29,2018-09-15 19:16:00,2042,1.00,.00,0.01000000,,0,26.300000,CA-F,CALCIUM,MG/L,44.12639,-83.17194
201802002,2019-02-19 21:09:31,CCGS LIMNOS,LAKE HURON,55,441257,-830504,20,45.7,2018-09-15 20:13:00,2042,1.00,.00,0.01000000,,0,26.300000,CA-F,CALCIUM,MG/L,44.21583,-83.08444
201802002,2019-02-19 21:09:31,CCGS LIMNOS,LAKE HURON,55,441257,-830504,20,45.7,2018-09-15 20:13:00,2042,1.00,.00,0.01000000,,1,26.200000,CA-F,CALCIUM,MG/L,44.21583,-83.08444
201802002,2019-02-19 21:09:31,CCGS LIMNOS,LAKE HURON,56,440602,-825202,17,14.94,2018-09-15 21:56:00,2042,1.00,.00,0.01000000,,0,26.200000,CA-F,CALCIUM,MG/L,44.10056,-82.86722
201802002,2019-02-19 21:09:31,CCGS LIMNOS,LAKE HURON,56,440602,-825202,17,14.94,2018-09-15 21:56:00,2042,13.00,.00,0.01000000,,0,26.300000,CA-F,CALCIUM,MG/L,44.10056,-82.86722
201802002,2019-02-19 21:09:31,CCGS LIMNOS,LAKE HURON,57,441154,-823014,27,55.22,2018-09-16 00:02:00,2042,1.00,.00,0.01000000,,0,25.900000,CA-F,CALCIUM,MG/L,44.19833,-82.50389
201802002,2019-02-19 21:09:31,CCGS LIMNOS,LAKE HURON,58,435632,-823956,14,13.16,2018-09-16 02:26:00,2042,1.00,.00,0.01000000,,0,26.200000,CA-F,CALCIUM,MG/L,43.94222,-82.66556
201802002,2019-02-19 21:09:31,CCGS LIMNOS,LAKE HURON,58,435632,-823956,14,13.16,2018-09-16 02:26:00,2042,11.00,.00,0.01000000,,0,26.300000,CA-F,CALCIUM,MG/L,43.94222,-82.66556
201802002,2019-02-19 21:09:31,CCGS LIMNOS,LAKE HURON,59,434511,-823408,13,16.56,2018-09-16 04:02:00,2042,1.00,.00,0.01000000,,0,26.300000,CA-F,CALCIUM,MG/L,43.75306,-82.56889
201802002,2019-02-19 21:09:31,CCGS LIMNOS,LAKE HURON,60,433800,-821300,9,58.92,2018-09-16 06:04:00,2042,1.00,.00,0.01000000,,0,26.000000,CA-F,CALCIUM,MG/L,43.63333,-82.21667
201802002,2019-02-19 21:09:31,CCGS LIMNOS,LAKE HURON,60,433800,-821300,9,58.92,2018-09-16 06:04:00,2042,1.00,.00,0.01000000,,1,26.000000,CA-F,CALCIUM,MG/L,43.63333,-82.21667
201802002,2019-02-19 21:09:31,CCGS LIMNOS,LAKE HURON,60,433800,-821300,9,58.92,2018-09-16 06:04:00,2042,25.00,.00,0.01000000,,0,25.900000,CA-F,CALCIUM,MG/L,43.63333,-82.21667
201802002,2019-02-19 21:09:31,CCGS LIMNOS,LAKE HURON,60,433800,-821300,9,58.92,2018-09-16 06:04:00,2042,29.00,.00,0.01000000,,0,26.000000,CA-F,CALCIUM,MG/L,43.63333,-82.21667
201802002,2019-02-19 21:09:31,CCGS LIMNOS,LAKE HURON,60,433800,-821300,9,58.92,2018-09-16 06:04:00,2042,37.00,.00,0.01000000,,0,26.000000,CA-F,CALCIUM,MG/L,43.63333,-82.21667
201802002,2019-02-19 21:09:31,CCGS LIMNOS,LAKE HURON,60,433800,-821300,9,58.92,2018-09-16 06:04:00,2042,49.00,.00,0.01000000,,0,25.900000,CA-F,CALCIUM,MG/L,43.63333,-82.21667
201802002,2019-02-19 21:09:31,CCGS LIMNOS,LAKE HURON,60,433800,-821300,9,58.92,2018-09-16 06:04:00,2042,57.00,.00,0.01000000,,0,25.700000,CA-F,CALCIUM,MG/L,43.63333,-82.21667
201802002,2019-02-19 21:09:31,CCGS LIMNOS,LAKE HURON,60,433800,-821300,9,58.92,2018-09-16 06:04:00,2042,998.00,.00,0.01000000,,0,.030000,CA-F,CALCIUM,MG/L,43.63333,-82.21667
201802002,2019-02-19 21:09:31,CCGS LIMNOS,LAKE HURON,60,433800,-821300,9,58.92,2018-09-16 06:04:00,2042,999.00,.00,0.01000000,<,0,.010000,CA-F,CALCIUM,MG/L,43.63333,-82.21667
201802002,2019-02-19 21:09:31,CCGS LIMNOS,LAKE HURON,61,433358,-822903,8,29.67,2018-09-16 08:09:00,2042,1.00,.00,0.01000000,,0,26.000000,CA-F,CALCIUM,MG/L,43.56611,-82.48417
201802002,2019-02-19 21:09:31,CCGS LIMNOS,LAKE HURON,62,432031,-823022,7,10.72,2018-09-16 09:45:00,2042,1.00,.00,0.01000000,,0,26.000000,CA-F,CALCIUM,MG/L,43.34194,-82.50611
201802002,2019-02-19 21:09:31,CCGS LIMNOS,LAKE HURON,1,430524,-822330,1,10.34,2018-09-10 23:38:00,2044,1.00,.00,0.01000000,,0,.980000,K-F,POTASSIUM,MG/L,43.09000,-82.39167
201802002,2019-02-19 21:09:31,CCGS LIMNOS,LAKE HURON,1,430524,-822330,1,10.34,2018-09-10 23:38:00,2044,8.00,.00,0.01000000,,0,.980000,K-F,POTASSIUM,MG/L,43.09000,-82.39167
201802002,2019-02-19 21:09:31,CCGS LIMNOS,LAKE HURON,2,431524,-820219,3,14.91,2018-09-11 02:08:00,2044,1.00,.00,0.01000000,,0,.990000,K-F,POTASSIUM,MG/L,43.25667,-82.03861
201802002,2019-02-19 21:09:31,CCGS LIMNOS,LAKE HURON,3,431928,-814722,4,9.81,2018-09-11 03:45:00,2044,1.00,.00,0.01000000,,0,.970000,K-F,POTASSIUM,MG/L,43.32444,-81.78944
201802002,2019-02-19 21:09:31,CCGS LIMNOS,LAKE HURON,4,433252,-814440,5,11.12,2018-09-11 05:38:00,2044,1.00,.00,0.01000000,,0,.970000,K-F,POTASSIUM,MG/L,43.54778,-81.74444
201802002,2019-02-19 21:09:31,CCGS LIMNOS,LAKE HURON,5,434508,-814655,10,12.08,2018-09-11 07:16:00,2044,1.00,.00,0.01000000,,0,.970000,K-F,POTASSIUM,MG/L,43.75222,-81.78194
201802002,2019-02-19 21:09:31,CCGS LIMNOS,LAKE HURON,5,434508,-814655,10,12.08,2018-09-11 07:16:00,2044,1.00,.00,0.01000000,,1,.960000,K-F,POTASSIUM,MG/L,43.75222,-81.78194
201802002,2019-02-19 21:09:31,CCGS LIMNOS,LAKE HURON,6,435325,-820319,12,87.02,2018-09-11 09:19:00,2044,1.00,.00,0.01000000,,0,.960000,K-F,POTASSIUM,MG/L,43.89028,-82.05528
201802002,2019-02-19 21:09:31,CCGS LIMNOS,LAKE HURON,7,435722,-814711,11,9.94,2018-09-11 11:20:00,2044,1.00,.00,0.01000000,,0,.960000,K-F,POTASSIUM,MG/L,43.95611,-81.78639
201802002,2019-02-19 21:09:31,CCGS LIMNOS,LAKE HURON,8,442203,-815002,29,124.4,2018-09-11 14:35:00,2044,1.00,.00,0.01000000,,0,.970000,K-F,POTASSIUM,MG/L,44.36750,-81.83389
201802002,2019-02-19 21:09:31,CCGS LIMNOS,LAKE HURON,8,442203,-815002,29,124.4,2018-09-11 14:35:00,2044,10.00,.00,0.01000000,,0,.970000,K-F,POTASSIUM,MG/L,44.36750,-81.83389
201802002,2019-02-19 21:09:31,CCGS LIMNOS,LAKE HURON,8,442203,-815002,29,124.4,2018-09-11 14:35:00,2044,14.00,.00,0.01000000,,0,.950000,K-F,POTASSIUM,MG/L,44.36750,-81.83389
201802002,2019-02-19 21:09:31,CCGS LIMNOS,LAKE HURON,8,442203,-815002,29,124.4,2018-09-11 14:35:00,2044,20.00,.00,0.01000000,,0,.950000,K-F,POTASSIUM,MG/L,44.36750,-81.83389
201802002,2019-02-19 21:09:31,CCGS LIMNOS,LAKE HURON,8,442203,-815002,29,124.4,2018-09-11 14:35:00,2044,114.00,.00,0.01000000,,0,.960000,K-F,POTASSIUM,MG/L,44.36750,-81.83389
201802002,2019-02-19 21:09:31,CCGS LIMNOS,LAKE HURON,8,442203,-815002,29,124.4,2018-09-11 14:35:00,2044,122.00,.00,0.01000000,,0,.940000,K-F,POTASSIUM,MG/L,44.36750,-81.83389
201802002,2019-02-19 21:09:31,CCGS LIMNOS,LAKE HURON,9,442757,-812713,30,19.91,2018-09-11 16:57:00,2044,1.00,.00,0.01000000,,0,.960000,K-F,POTASSIUM,MG/L,44.46583,-81.45361
201802002,2019-02-19 21:09:31,CCGS LIMNOS,LAKE HURON,10,443920,-812240,39,25.46,2018-09-11 18:30:00,2044,1.00,.00,0.01000000,,0,.940000,K-F,POTASSIUM,MG/L,44.65556,-81.37778
201802002,2019-02-19 21:09:31,CCGS LIMNOS,LAKE HURON,10,443920,-812240,39,25.46,2018-09-11 18:30:00,2044,1.00,.00,0.01000000,,1,.950000,K-F,POTASSIUM,MG/L,44.65556,-81.37778
201802002,2019-02-19 21:09:31,CCGS LIMNOS,LAKE HURON,10,443920,-812240,39,25.46,2018-09-11 18:30:00,2044,998.00,.00,0.01000000,,0,.020000,K-F,POTASSIUM,MG/L,44.65556,-81.37778
201802002,2019-02-19 21:09:31,CCGS LIMNOS,LAKE HURON,10,443920,-812240,39,25.46,2018-09-11 18:30:00,2044,999.00,.00,0.01000000,<,0,.010000,K-F,POTASSIUM,MG/L,44.65556,-81.37778
201802002,2019-02-19 21:09:31,CCGS LIMNOS,LAKE HURON,11,445354,-812617,40,20.6,2018-09-11 21:16:00,2044,1.00,.00,0.01000000,,0,.960000,K-F,POTASSIUM,MG/L,44.89833,-81.43806
201802002,2019-02-19 21:09:31,CCGS LIMNOS,LAKE HURON,12,444425,-820324,38,134.62,2018-09-12 00:30:00,2044,1.00,.00,0.01000000,,0,.940000,K-F,POTASSIUM,MG/L,44.74028,-82.05667
201802002,2019-02-19 21:09:31,CCGS LIMNOS,LAKE HURON,13,450106,-815835,43,173.44,2018-09-12 03:39:00,2044,1.00,.00,0.01000000,,0,.950000,K-F,POTASSIUM,MG/L,45.01833,-81.97639
201802002,2019-02-19 21:09:31,CCGS LIMNOS,LAKE HURON,14,450459,-813213,41,21.37,2018-09-12 05:44:00,2044,1.00,.00,0.01000000,,0,.960000,K-F,POTASSIUM,MG/L,45.08306,-81.53694
201802002,2019-02-19 21:09:31,CCGS LIMNOS,LAKE HURON,15,451315,-814914,42,43.58,2018-09-12 07:39:00,2044,1.00,.00,0.01000000,,0,.950000,K-F,POTASSIUM,MG/L,45.22083,-81.82056
201802002,2019-02-19 21:09:31,CCGS LIMNOS,LAKE HURON,15,451315,-814914,42,43.58,2018-09-12 07:39:00,2044,1.00,.00,0.01000000,,1,.950000,K-F,POTASSIUM,MG/L,45.22083,-81.82056
201802002,2019-02-19 21:09:31,CCGS LIMNOS,LAKE HURON,16,451644,-822704,48,110.28,2018-09-12 10:54:00,2044,1.00,.00,0.01000000,,0,.930000,K-F,POTASSIUM,MG/L,45.27889,-82.45111
201802002,2019-02-19 21:09:31,CCGS LIMNOS,LAKE HURON,17,453209,-820244,50,26.19,2018-09-12 13:40:00,2044,1.00,.00,0.01000000,,0,.940000,K-F,POTASSIUM,MG/L,45.53583,-82.04556
201802002,2019-02-19 21:09:31,CCGS LIMNOS,LAKE HURON,18,453904,-823850,52,65.02,2018-09-12 17:13:00,2044,1.00,.00,0.01000000,,0,.950000,K-F,POTASSIUM,MG/L,45.65111,-82.64722
201802002,2019-02-19 21:09:31,CCGS LIMNOS,LAKE HURON,19,454559,-830141,59,17.98,2018-09-12 19:44:00,2044,1.00,.00,0.01000000,,0,.950000,K-F,POTASSIUM,MG/L,45.76639,-83.02806
201802002,2019-02-19 21:09:31,CCGS LIMNOS,LAKE HURON,20,455200,-831558,58,12.75,2018-09-12 21:24:00,2044,1.00,.00,0.01000000,,0,.930000,K-F,POTASSIUM,MG/L,45.86667,-83.26611
201802002,2019-02-19 21:09:31,CCGS LIMNOS,LAKE HURON,20,455200,-831558,58,12.75,2018-09-12 21:24:00,2044,1.00,.00,0.01000000,,1,.930000,K-F,POTASSIUM,MG/L,45.86667,-83.26611
201802002,2019-02-19 21:09:31,CCGS LIMNOS,LAKE HURON,20,455200,-831558,58,12.75,2018-09-12 21:24:00,2044,998.00,.00,0.01000000,<,0,.010000,K-F,POTASSIUM,MG/L,45.86667,-83.26611
201802002,2019-02-19 21:09:31,CCGS LIMNOS,LAKE HURON,20,455200,-831558,58,12.75,2018-09-12 21:24:00,2044,999.00,.00,0.01000000,<,0,.010000,K-F,POTASSIUM,MG/L,45.86667,-83.26611
201802002,2019-02-19 21:09:31,CCGS LIMNOS,LAKE HURON,21,455404,-833110,60,24.14,2018-09-12 23:15:00,2044,1.00,.00,0.01000000,,0,.930000,K-F,POTASSIUM,MG/L,45.90111,-83.51944
201802002,2019-02-19 21:09:31,CCGS LIMNOS,LAKE HURON,22,455959,-832600,76,58.38,2018-09-13 00:29:00,2044,1.00,.00,0.01000000,,0,.830000,K-F,POTASSIUM,MG/L,45.99972,-83.43333
201802002,2019-02-19 21:09:31,CCGS LIMNOS,LAKE HURON,23,455814,-831157,77,77.89,2018-09-13 01:46:00,2044,1.00,.00,0.01000000,,0,.870000,K-F,POTASSIUM,MG/L,45.97056,-83.19917
201802002,2019-02-19 21:09:31,CCGS LIMNOS,LAKE HURON,24,455612,-824534,82,28.12,2018-09-13 04:52:00,2044,1.00,.00,0.01000000,,0,.810000,K-F,POTASSIUM,MG/L,45.93667,-82.75944
201802002,2019-02-19 21:09:31,CCGS LIMNOS,LAKE HURON,25,455959,-823301,83,31.13,2018-09-13 06:16:00,2044,1.00,.00,0.01000000,,0,.800000,K-F,POTASSIUM,MG/L,45.99972,-82.55028
201802002,2019-02-19 21:09:31,CCGS LIMNOS,LAKE HURON,25,455959,-823301,83,31.13,2018-09-13 06:16:00,2044,1.00,.00,0.01000000,,1,.820000,K-F,POTASSIUM,MG/L,45.99972,-82.55028
201802002,2019-02-19 21:09:31,CCGS LIMNOS,LAKE HURON,26,460340,-821149,87,43.68,2018-09-13 08:08:00,2044,1.00,.00,0.01000000,,0,.820000,K-F,POTASSIUM,MG/L,46.06111,-82.19694
201802002,2019-02-19 21:09:31,CCGS LIMNOS,LAKE HURON,27,460319,-820000,88,35.75,2018-09-13 09:21:00,2044,1.00,.00,0.01000000,,0,.810000,K-F,POTASSIUM,MG/L,46.05528,-82.00000
201802002,2019-02-19 21:09:31,CCGS LIMNOS,LAKE HURON,28,455459,-820940,89,38.74,2018-09-13 11:07:00,2044,1.00,.00,0.01000000,,0,.820000,K-F,POTASSIUM,MG/L,45.91639,-82.16111
201802002,2019-02-19 21:09:31,CCGS LIMNOS,LAKE HURON,29,460630,-825048,84,35.65,2018-09-13 15:44:00,2044,1.00,.00,0.01000000,,0,.820000,K-F,POTASSIUM,MG/L,46.10833,-82.84667
201802002,2019-02-19 21:09:31,CCGS LIMNOS,LAKE HURON,29,460630,-825048,84,35.65,2018-09-13 15:44:00,2044,12.00,.00,0.01000000,,0,.810000,K-F,POTASSIUM,MG/L,46.10833,-82.84667
201802002,2019-02-19 21:09:31,CCGS LIMNOS,LAKE HURON,29,460630,-825048,84,35.65,2018-09-13 15:44:00,2044,14.00,.00,0.01000000,,0,.820000,K-F,POTASSIUM,MG/L,46.10833,-82.84667
201802002,2019-02-19 21:09:31,CCGS LIMNOS,LAKE HURON,29,460630,-825048,84,35.65,2018-09-13 15:44:00,2044,16.00,.00,0.01000000,,0,.830000,K-F,POTASSIUM,MG/L,46.10833,-82.84667
201802002,2019-02-19 21:09:31,CCGS LIMNOS,LAKE HURON,29,460630,-825048,84,35.65,2018-09-13 15:44:00,2044,34.00,.00,0.01000000,,0,.880000,K-F,POTASSIUM,MG/L,46.10833,-82.84667
201802002,2019-02-19 21:09:31,CCGS LIMNOS,LAKE HURON,30,460722,-825305,79,25.79,2018-09-13 15:58:00,2044,1.00,.00,0.01000000,,0,.790000,K-F,POTASSIUM,MG/L,46.12278,-82.88472
201802002,2019-02-19 21:09:31,CCGS LIMNOS,LAKE HURON,30,460722,-825305,79,25.79,2018-09-13 15:58:00,2044,1.00,.00,0.01000000,,1,.810000,K-F,POTASSIUM,MG/L,46.12278,-82.88472
201802002,2019-02-19 21:09:31,CCGS LIMNOS,LAKE HURON,30,460722,-825305,79,25.79,2018-09-13 15:58:00,2044,12.00,.00,0.01000000,,0,.840000,K-F,POTASSIUM,MG/L,46.12278,-82.88472
201802002,2019-02-19 21:09:31,CCGS LIMNOS,LAKE HURON,30,460722,-825305,79,25.79,2018-09-13 15:58:00,2044,16.00,.00,0.01000000,,0,.860000,K-F,POTASSIUM,MG/L,46.12278,-82.88472
201802002,2019-02-19 21:09:31,CCGS LIMNOS,LAKE HURON,30,460722,-825305,79,25.79,2018-09-13 15:58:00,2044,24.00,.00,0.01000000,,0,.850000,K-F,POTASSIUM,MG/L,46.12278,-82.88472
201802002,2019-02-19 21:09:31,CCGS LIMNOS,LAKE HURON,30,460722,-825305,79,25.79,2018-09-13 15:58:00,2044,998.00,.00,0.01000000,<,0,.010000,K-F,POTASSIUM,MG/L,46.12278,-82.88472
201802002,2019-02-19 21:09:31,CCGS LIMNOS,LAKE HURON,30,460722,-825305,79,25.79,2018-09-13 15:58:00,2044,999.00,.00,0.01000000,<,0,.010000,K-F,POTASSIUM,MG/L,46.12278,-82.88472
201802002,2019-02-19 21:09:31,CCGS LIMNOS,LAKE HURON,31,461112,-832116,73,18.83,2018-09-13 18:56:00,2044,1.00,.00,0.01000000,,0,.780000,K-F,POTASSIUM,MG/L,46.18667,-83.35444
201802002,2019-02-19 21:09:31,CCGS LIMNOS,LAKE HURON,32,461401,-834445,71,35.37,2018-09-13 20:51:00,2044,1.00,.00,0.01000000,,0,.610000,K-F,POTASSIUM,MG/L,46.23361,-83.74583
201802002,2019-02-19 21:09:31,CCGS LIMNOS,LAKE HURON,32,461401,-834445,71,35.37,2018-09-13 20:51:00,2044,23.00,.00,0.01000000,,0,.680000,K-F,POTASSIUM,MG/L,46.23361,-83.74583
201802002,2019-02-19 21:09:31,CCGS LIMNOS,LAKE HURON,32,461401,-834445,71,35.37,2018-09-13 20:51:00,2044,27.00,.00,0.01000000,,0,.670000,K-F,POTASSIUM,MG/L,46.23361,-83.74583
201802002,2019-02-19 21:09:31,CCGS LIMNOS,LAKE HURON,32,461401,-834445,71,35.37,2018-09-13 20:51:00,2044,31.00,.00,0.01000000,,0,.760000,K-F,POTASSIUM,MG/L,46.23361,-83.74583
201802002,2019-02-19 21:09:31,CCGS LIMNOS,LAKE HURON,32,461401,-834445,71,35.37,2018-09-13 20:51:00,2044,33.00,.00,0.01000000,,0,.750000,K-F,POTASSIUM,MG/L,46.23361,-83.74583
201802002,2019-02-19 21:09:31,CCGS LIMNOS,LAKE HURON,33,460813,-834020,70,21.61,2018-09-13 22:05:00,2044,1.00,.00,0.01000000,,0,.710000,K-F,POTASSIUM,MG/L,46.13694,-83.67222
201802002,2019-02-19 21:09:31,CCGS LIMNOS,LAKE HURON,34,460232,-835109,68,16.63,2018-09-13 23:31:00,2044,1.00,.00,0.01000000,,0,.560000,K-F,POTASSIUM,MG/L,46.04222,-83.85250
201802002,2019-02-19 21:09:31,CCGS LIMNOS,LAKE HURON,35,460440,-840138,69,10.72,2018-09-14 00:42:00,2044,1.00,.00,0.01000000,,0,.510000,K-F,POTASSIUM,MG/L,46.07778,-84.02722
201802002,2019-02-19 21:09:31,CCGS LIMNOS,LAKE HURON,35,460440,-840138,69,10.72,2018-09-14 00:42:00,2044,1.00,.00,0.01000000,,1,.510000,K-F,POTASSIUM,MG/L,46.07778,-84.02722
201802002,2019-02-19 21:09:31,CCGS LIMNOS,LAKE HURON,35,460440,-840138,69,10.72,2018-09-14 00:42:00,2044,9.00,.00,0.01000000,,0,.520000,K-F,POTASSIUM,MG/L,46.07778,-84.02722
201802002,2019-02-19 21:09:31,CCGS LIMNOS,LAKE HURON,36,455610,-835359,67,29.3,2018-09-14 02:17:00,2044,1.00,.00,0.01000000,,0,.830000,K-F,POTASSIUM,MG/L,45.93611,-83.89972
201802002,2019-02-19 21:09:31,CCGS LIMNOS,LAKE HURON,37,455151,-841743,66,67.4,2018-09-14 04:24:00,2044,1.00,.00,0.01000000,,0,.880000,K-F,POTASSIUM,MG/L,45.86417,-84.29528
201802002,2019-02-19 21:09:31,CCGS LIMNOS,LAKE HURON,38,455041,-843358,65,58.91,2018-09-14 06:01:00,2044,1.00,.00,0.01000000,,0,1.050000,K-F,POTASSIUM,MG/L,45.84472,-84.56611
201802002,2019-02-19 21:09:31,CCGS LIMNOS,LAKE HURON,39,454846,-844515,64,35.89,2018-09-14 07:17:00,2044,1.00,.00,0.01000000,,0,1.110000,K-F,POTASSIUM,MG/L,45.81278,-84.75417
201802002,2019-02-19 21:09:31,CCGS LIMNOS,LAKE HURON,39,454846,-844515,64,35.89,2018-09-14 07:17:00,2044,19.00,.00,0.01000000,,0,1.140000,K-F,POTASSIUM,MG/L,45.81278,-84.75417
201802002,2019-02-19 21:09:31,CCGS LIMNOS,LAKE HURON,39,454846,-844515,64,35.89,2018-09-14 07:17:00,2044,22.00,.00,0.01000000,,0,1.110000,K-F,POTASSIUM,MG/L,45.81278,-84.75417
201802002,2019-02-19 21:09:31,CCGS LIMNOS,LAKE HURON,39,454846,-844515,64,35.89,2018-09-14 07:17:00,2044,30.00,.00,0.01000000,,0,1.070000,K-F,POTASSIUM,MG/L,45.81278,-84.75417
201802002,2019-02-19 21:09:31,CCGS LIMNOS,LAKE HURON,39,454846,-844515,64,35.89,2018-09-14 07:17:00,2044,34.00,.00,0.01000000,,0,1.070000,K-F,POTASSIUM,MG/L,45.81278,-84.75417
201802002,2019-02-19 21:09:31,CCGS LIMNOS,LAKE HURON,40,454218,-843037,63,15.8,2018-09-14 09:01:00,2044,1.00,.00,0.01000000,,0,1.100000,K-F,POTASSIUM,MG/L,45.70500,-84.51028
201802002,2019-02-19 21:09:31,CCGS LIMNOS,LAKE HURON,40,454218,-843037,63,15.8,2018-09-14 09:01:00,2044,1.00,.00,0.01000000,,1,1.110000,K-F,POTASSIUM,MG/L,45.70500,-84.51028
201802002,2019-02-19 21:09:31,CCGS LIMNOS,LAKE HURON,40,454218,-843037,63,15.8,2018-09-14 09:01:00,2044,998.00,.00,0.01000000,<,0,.010000,K-F,POTASSIUM,MG/L,45.70500,-84.51028
201802002,2019-02-19 21:09:31,CCGS LIMNOS,LAKE HURON,40,454218,-843037,63,15.8,2018-09-14 09:01:00,2044,999.00,.00,0.01000000,<,0,.010000,K-F,POTASSIUM,MG/L,45.70500,-84.51028
201802002,2019-02-19 21:09:31,CCGS LIMNOS,LAKE HURON,41,454025,-841106,62,44.24,2018-09-14 11:05:00,2044,1.00,.00,0.01000000,,0,.900000,K-F,POTASSIUM,MG/L,45.67361,-84.18500
201802002,2019-02-19 21:09:31,CCGS LIMNOS,LAKE HURON,42,453102,-840501,56,21.54,2018-09-14 12:13:00,2044,1.00,.00,0.01000000,,0,1.030000,K-F,POTASSIUM,MG/L,45.51722,-84.08361
201802002,2019-02-19 21:09:31,CCGS LIMNOS,LAKE HURON,43,453102,-832500,54,118.94,2018-09-14 15:26:00,2044,1.00,.00,0.01000000,,0,.930000,K-F,POTASSIUM,MG/L,45.51722,-83.41667
201802002,2019-02-19 21:09:31,CCGS LIMNOS,LAKE HURON,43,453102,-832500,54,118.94,2018-09-14 15:26:00,2044,3.00,.00,0.01000000,,0,.950000,K-F,POTASSIUM,MG/L,45.51722,-83.41667
201802002,2019-02-19 21:09:31,CCGS LIMNOS,LAKE HURON,43,453102,-832500,54,118.94,2018-09-14 15:26:00,2044,15.00,.00,0.01000000,,0,.920000,K-F,POTASSIUM,MG/L,45.51722,-83.41667
201802002,2019-02-19 21:09:31,CCGS LIMNOS,LAKE HURON,43,453102,-832500,54,118.94,2018-09-14 15:26:00,2044,30.00,.00,0.01000000,,0,.920000,K-F,POTASSIUM,MG/L,45.51722,-83.41667
201802002,2019-02-19 21:09:31,CCGS LIMNOS,LAKE HURON,43,453102,-832500,54,118.94,2018-09-14 15:26:00,2044,107.00,.00,0.01000000,,0,.930000,K-F,POTASSIUM,MG/L,45.51722,-83.41667
201802002,2019-02-19 21:09:31,CCGS LIMNOS,LAKE HURON,43,453102,-832500,54,118.94,2018-09-14 15:26:00,2044,117.00,.00,0.01000000,,0,.940000,K-F,POTASSIUM,MG/L,45.51722,-83.41667
201802002,2019-02-19 21:09:31,CCGS LIMNOS,LAKE HURON,44,451515,-832047,47,22.2,2018-09-14 18:07:00,2044,1.00,.00,0.01000000,,0,1.040000,K-F,POTASSIUM,MG/L,45.25417,-83.34639
201802002,2019-02-19 21:09:31,CCGS LIMNOS,LAKE HURON,45,450228,-832233,36,8.8,2018-09-14 21:27:00,2044,1.00,.00,0.01000000,,0,.930000,K-F,POTASSIUM,MG/L,45.04111,-83.37583
201802002,2019-02-19 21:09:31,CCGS LIMNOS,LAKE HURON,45,450228,-832233,36,8.8,2018-09-14 21:27:00,2044,1.00,.00,0.01000000,,1,.940000,K-F,POTASSIUM,MG/L,45.04111,-83.37583
201802002,2019-02-19 21:09:31,CCGS LIMNOS,LAKE HURON,45,450228,-832233,36,8.8,2018-09-14 21:27:00,2044,7.00,.00,0.01000000,,0,.930000,K-F,POTASSIUM,MG/L,45.04111,-83.37583
201802002,2019-02-19 21:09:31,CCGS LIMNOS,LAKE HURON,46,450059,-824110,44,164.4,2018-09-15 01:10:00,2044,1.00,.00,0.01000000,,0,.960000,K-F,POTASSIUM,MG/L,45.01639,-82.68611
201802002,2019-02-19 21:09:31,CCGS LIMNOS,LAKE HURON,46,450059,-824110,44,164.4,2018-09-15 01:10:00,2044,18.00,.00,0.01000000,,0,.970000,K-F,POTASSIUM,MG/L,45.01639,-82.68611
201802002,2019-02-19 21:09:31,CCGS LIMNOS,LAKE HURON,46,450059,-824110,44,164.4,2018-09-15 01:10:00,2044,30.00,.00,0.01000000,,0,.940000,K-F,POTASSIUM,MG/L,45.01639,-82.68611
201802002,2019-02-19 21:09:31,CCGS LIMNOS,LAKE HURON,46,450059,-824110,44,164.4,2018-09-15 01:10:00,2044,42.00,.00,0.01000000,,0,.940000,K-F,POTASSIUM,MG/L,45.01639,-82.68611
201802002,2019-02-19 21:09:31,CCGS LIMNOS,LAKE HURON,46,450059,-824110,44,164.4,2018-09-15 01:10:00,2044,100.00,.00,0.01000000,,0,.940000,K-F,POTASSIUM,MG/L,45.01639,-82.68611
201802002,2019-02-19 21:09:31,CCGS LIMNOS,LAKE HURON,46,450059,-824110,44,164.4,2018-09-15 01:10:00,2044,154.00,.00,0.01000000,,0,.940000,K-F,POTASSIUM,MG/L,45.01639,-82.68611
201802002,2019-02-19 21:09:31,CCGS LIMNOS,LAKE HURON,46,450059,-824110,44,164.4,2018-09-15 01:10:00,2044,162.00,.00,0.01000000,,0,.940000,K-F,POTASSIUM,MG/L,45.01639,-82.68611
201802002,2019-02-19 21:09:31,CCGS LIMNOS,LAKE HURON,47,442958,-824952,33,72.14,2018-09-15 05:40:00,2044,1.00,.00,0.01000000,,0,.920000,K-F,POTASSIUM,MG/L,44.49944,-82.83111
201802002,2019-02-19 21:09:31,CCGS LIMNOS,LAKE HURON,48,441246,-832216,95,20.19,2018-09-15 09:12:00,2044,1.00,.00,0.01000000,,0,.970000,K-F,POTASSIUM,MG/L,44.21278,-83.37111
201802002,2019-02-19 21:09:31,CCGS LIMNOS,LAKE HURON,48,441246,-832216,95,20.19,2018-09-15 09:12:00,2044,16.50,.00,0.01000000,,0,.960000,K-F,POTASSIUM,MG/L,44.21278,-83.37111
201802002,2019-02-19 21:09:31,CCGS LIMNOS,LAKE HURON,48,441246,-832216,95,20.19,2018-09-15 09:12:00,2044,18.00,.00,0.01000000,,0,.990000,K-F,POTASSIUM,MG/L,44.21278,-83.37111
201802002,2019-02-19 21:09:31,CCGS LIMNOS,LAKE HURON,49,440653,-833141,97,10.88,2018-09-15 10:39:00,2044,1.00,.00,0.01000000,,0,1.200000,K-F,POTASSIUM,MG/L,44.11472,-83.52806
201802002,2019-02-19 21:09:31,CCGS LIMNOS,LAKE HURON,50,435835,-833432,98,10.97,2018-09-15 12:00:00,2044,1.00,.00,0.01000000,,0,1.240000,K-F,POTASSIUM,MG/L,43.97639,-83.57556
201802002,2019-02-19 21:09:31,CCGS LIMNOS,LAKE HURON,50,435835,-833432,98,10.97,2018-09-15 12:00:00,2044,1.00,.00,0.01000000,,1,1.230000,K-F,POTASSIUM,MG/L,43.97639,-83.57556
201802002,2019-02-19 21:09:31,CCGS LIMNOS,LAKE HURON,50,435835,-833432,98,10.97,2018-09-15 12:00:00,2044,998.00,.00,0.01000000,<,0,.010000,K-F,POTASSIUM,MG/L,43.97639,-83.57556
201802002,2019-02-19 21:09:31,CCGS LIMNOS,LAKE HURON,50,435835,-833432,98,10.97,2018-09-15 12:00:00,2044,999.00,.00,0.01000000,<,0,.010000,K-F,POTASSIUM,MG/L,43.97639,-83.57556
201802002,2019-02-19 21:09:31,CCGS LIMNOS,LAKE HURON,51,435431,-834430,99,7.32,2018-09-15 13:15:00,2044,1.00,.00,0.01000000,,0,1.290000,K-F,POTASSIUM,MG/L,43.90861,-83.74167
201802002,2019-02-19 21:09:31,CCGS LIMNOS,LAKE HURON,52,434930,-834901,100,7.02,2018-09-15 14:06:00,2044,1.00,.00,0.01000000,,0,1.280000,K-F,POTASSIUM,MG/L,43.82500,-83.81694
201802002,2019-02-19 21:09:31,CCGS LIMNOS,LAKE HURON,52,434930,-834901,100,7.02,2018-09-15 14:06:00,2044,5.00,.00,0.01000000,,0,1.270000,K-F,POTASSIUM,MG/L,43.82500,-83.81694
201802002,2019-02-19 21:09:31,CCGS LIMNOS,LAKE HURON,53,434914,-833733,101,6.11,2018-09-15 15:22:00,2044,1.00,.00,0.01000000,,0,1.310000,K-F,POTASSIUM,MG/L,43.82056,-83.62583
201802002,2019-02-19 21:09:31,CCGS LIMNOS,LAKE HURON,54,440735,-831019,96,29.29,2018-09-15 19:16:00,2044,1.00,.00,0.01000000,,0,.970000,K-F,POTASSIUM,MG/L,44.12639,-83.17194
201802002,2019-02-19 21:09:31,CCGS LIMNOS,LAKE HURON,55,441257,-830504,20,45.7,2018-09-15 20:13:00,2044,1.00,.00,0.01000000,,0,.960000,K-F,POTASSIUM,MG/L,44.21583,-83.08444
201802002,2019-02-19 21:09:31,CCGS LIMNOS,LAKE HURON,55,441257,-830504,20,45.7,2018-09-15 20:13:00,2044,1.00,.00,0.01000000,,1,.950000,K-F,POTASSIUM,MG/L,44.21583,-83.08444
201802002,2019-02-19 21:09:31,CCGS LIMNOS,LAKE HURON,56,440602,-825202,17,14.94,2018-09-15 21:56:00,2044,1.00,.00,0.01000000,,0,.960000,K-F,POTASSIUM,MG/L,44.10056,-82.86722
201802002,2019-02-19 21:09:31,CCGS LIMNOS,LAKE HURON,56,440602,-825202,17,14.94,2018-09-15 21:56:00,2044,13.00,.00,0.01000000,,0,.960000,K-F,POTASSIUM,MG/L,44.10056,-82.86722
201802002,2019-02-19 21:09:31,CCGS LIMNOS,LAKE HURON,57,441154,-823014,27,55.22,2018-09-16 00:02:00,2044,1.00,.00,0.01000000,,0,.950000,K-F,POTASSIUM,MG/L,44.19833,-82.50389
201802002,2019-02-19 21:09:31,CCGS LIMNOS,LAKE HURON,58,435632,-823956,14,13.16,2018-09-16 02:26:00,2044,1.00,.00,0.01000000,,0,.960000,K-F,POTASSIUM,MG/L,43.94222,-82.66556
201802002,2019-02-19 21:09:31,CCGS LIMNOS,LAKE HURON,58,435632,-823956,14,13.16,2018-09-16 02:26:00,2044,11.00,.00,0.01000000,,0,.970000,K-F,POTASSIUM,MG/L,43.94222,-82.66556
201802002,2019-02-19 21:09:31,CCGS LIMNOS,LAKE HURON,59,434511,-823408,13,16.56,2018-09-16 04:02:00,2044,1.00,.00,0.01000000,,0,.970000,K-F,POTASSIUM,MG/L,43.75306,-82.56889
201802002,2019-02-19 21:09:31,CCGS LIMNOS,LAKE HURON,60,433800,-821300,9,58.92,2018-09-16 06:04:00,2044,1.00,.00,0.01000000,,0,.960000,K-F,POTASSIUM,MG/L,43.63333,-82.21667
201802002,2019-02-19 21:09:31,CCGS LIMNOS,LAKE HURON,60,433800,-821300,9,58.92,2018-09-16 06:04:00,2044,1.00,.00,0.01000000,,1,.950000,K-F,POTASSIUM,MG/L,43.63333,-82.21667
201802002,2019-02-19 21:09:31,CCGS LIMNOS,LAKE HURON,60,433800,-821300,9,58.92,2018-09-16 06:04:00,2044,25.00,.00,0.01000000,,0,.940000,K-F,POTASSIUM,MG/L,43.63333,-82.21667
201802002,2019-02-19 21:09:31,CCGS LIMNOS,LAKE HURON,60,433800,-821300,9,58.92,2018-09-16 06:04:00,2044,29.00,.00,0.01000000,,0,.950000,K-F,POTASSIUM,MG/L,43.63333,-82.21667
201802002,2019-02-19 21:09:31,CCGS LIMNOS,LAKE HURON,60,433800,-821300,9,58.92,2018-09-16 06:04:00,2044,37.00,.00,0.01000000,,0,.960000,K-F,POTASSIUM,MG/L,43.63333,-82.21667
201802002,2019-02-19 21:09:31,CCGS LIMNOS,LAKE HURON,60,433800,-821300,9,58.92,2018-09-16 06:04:00,2044,49.00,.00,0.01000000,,0,.950000,K-F,POTASSIUM,MG/L,43.63333,-82.21667
201802002,2019-02-19 21:09:31,CCGS LIMNOS,LAKE HURON,60,433800,-821300,9,58.92,2018-09-16 06:04:00,2044,57.00,.00,0.01000000,,0,.950000,K-F,POTASSIUM,MG/L,43.63333,-82.21667
201802002,2019-02-19 21:09:31,CCGS LIMNOS,LAKE HURON,60,433800,-821300,9,58.92,2018-09-16 06:04:00,2044,998.00,.00,0.01000000,<,0,.010000,K-F,POTASSIUM,MG/L,43.63333,-82.21667
201802002,2019-02-19 21:09:31,CCGS LIMNOS,LAKE HURON,60,433800,-821300,9,58.92,2018-09-16 06:04:00,2044,999.00,.00,0.01000000,<,0,.010000,K-F,POTASSIUM,MG/L,43.63333,-82.21667
201802002,2019-02-19 21:09:31,CCGS LIMNOS,LAKE HURON,61,433358,-822903,8,29.67,2018-09-16 08:09:00,2044,1.00,.00,0.01000000,,0,.970000,K-F,POTASSIUM,MG/L,43.56611,-82.48417
201802002,2019-02-19 21:09:31,CCGS LIMNOS,LAKE HURON,62,432031,-823022,7,10.72,2018-09-16 09:45:00,2044,1.00,.00,0.01000000,,0,.950000,K-F,POTASSIUM,MG/L,43.34194,-82.50611
201802002,2019-02-19 21:09:31,CCGS LIMNOS,LAKE HURON,1,430524,-822330,1,10.34,2018-09-10 23:38:00,2046,1.00,.00,0.01000000,,0,7.700000,MG-F,MAGNESIUM,MG/L,43.09000,-82.39167
201802002,2019-02-19 21:09:31,CCGS LIMNOS,LAKE HURON,1,430524,-822330,1,10.34,2018-09-10 23:38:00,2046,8.00,.00,0.01000000,,0,7.600000,MG-F,MAGNESIUM,MG/L,43.09000,-82.39167
201802002,2019-02-19 21:09:31,CCGS LIMNOS,LAKE HURON,2,431524,-820219,3,14.91,2018-09-11 02:08:00,2046,1.00,.00,0.01000000,,0,7.730000,MG-F,MAGNESIUM,MG/L,43.25667,-82.03861
201802002,2019-02-19 21:09:31,CCGS LIMNOS,LAKE HURON,3,431928,-814722,4,9.81,2018-09-11 03:45:00,2046,1.00,.00,0.01000000,,0,7.700000,MG-F,MAGNESIUM,MG/L,43.32444,-81.78944
201802002,2019-02-19 21:09:31,CCGS LIMNOS,LAKE HURON,4,433252,-814440,5,11.12,2018-09-11 05:38:00,2046,1.00,.00,0.01000000,,0,7.630000,MG-F,MAGNESIUM,MG/L,43.54778,-81.74444
201802002,2019-02-19 21:09:31,CCGS LIMNOS,LAKE HURON,5,434508,-814655,10,12.08,2018-09-11 07:16:00,2046,1.00,.00,0.01000000,,0,7.580000,MG-F,MAGNESIUM,MG/L,43.75222,-81.78194
201802002,2019-02-19 21:09:31,CCGS LIMNOS,LAKE HURON,5,434508,-814655,10,12.08,2018-09-11 07:16:00,2046,1.00,.00,0.01000000,,1,7.520000,MG-F,MAGNESIUM,MG/L,43.75222,-81.78194
201802002,2019-02-19 21:09:31,CCGS LIMNOS,LAKE HURON,6,435325,-820319,12,87.02,2018-09-11 09:19:00,2046,1.00,.00,0.01000000,,0,7.530000,MG-F,MAGNESIUM,MG/L,43.89028,-82.05528
201802002,2019-02-19 21:09:31,CCGS LIMNOS,LAKE HURON,7,435722,-814711,11,9.94,2018-09-11 11:20:00,2046,1.00,.00,0.01000000,,0,7.580000,MG-F,MAGNESIUM,MG/L,43.95611,-81.78639
201802002,2019-02-19 21:09:31,CCGS LIMNOS,LAKE HURON,8,442203,-815002,29,124.4,2018-09-11 14:35:00,2046,1.00,.00,0.01000000,,0,7.480000,MG-F,MAGNESIUM,MG/L,44.36750,-81.83389
201802002,2019-02-19 21:09:31,CCGS LIMNOS,LAKE HURON,8,442203,-815002,29,124.4,2018-09-11 14:35:00,2046,10.00,.00,0.01000000,,0,7.500000,MG-F,MAGNESIUM,MG/L,44.36750,-81.83389
201802002,2019-02-19 21:09:31,CCGS LIMNOS,LAKE HURON,8,442203,-815002,29,124.4,2018-09-11 14:35:00,2046,14.00,.00,0.01000000,,0,7.560000,MG-F,MAGNESIUM,MG/L,44.36750,-81.83389
201802002,2019-02-19 21:09:31,CCGS LIMNOS,LAKE HURON,8,442203,-815002,29,124.4,2018-09-11 14:35:00,2046,20.00,.00,0.01000000,,0,7.590000,MG-F,MAGNESIUM,MG/L,44.36750,-81.83389
201802002,2019-02-19 21:09:31,CCGS LIMNOS,LAKE HURON,8,442203,-815002,29,124.4,2018-09-11 14:35:00,2046,114.00,.00,0.01000000,,0,7.690000,MG-F,MAGNESIUM,MG/L,44.36750,-81.83389
201802002,2019-02-19 21:09:31,CCGS LIMNOS,LAKE HURON,8,442203,-815002,29,124.4,2018-09-11 14:35:00,2046,122.00,.00,0.01000000,,0,7.650000,MG-F,MAGNESIUM,MG/L,44.36750,-81.83389
201802002,2019-02-19 21:09:31,CCGS LIMNOS,LAKE HURON,9,442757,-812713,30,19.91,2018-09-11 16:57:00,2046,1.00,.00,0.01000000,,0,7.840000,MG-F,MAGNESIUM,MG/L,44.46583,-81.45361
201802002,2019-02-19 21:09:31,CCGS LIMNOS,LAKE HURON,10,443920,-812240,39,25.46,2018-09-11 18:30:00,2046,1.00,.00,0.01000000,,0,7.720000,MG-F,MAGNESIUM,MG/L,44.65556,-81.37778
201802002,2019-02-19 21:09:31,CCGS LIMNOS,LAKE HURON,10,443920,-812240,39,25.46,2018-09-11 18:30:00,2046,1.00,.00,0.01000000,,1,7.720000,MG-F,MAGNESIUM,MG/L,44.65556,-81.37778
201802002,2019-02-19 21:09:31,CCGS LIMNOS,LAKE HURON,10,443920,-812240,39,25.46,2018-09-11 18:30:00,2046,998.00,.00,0.01000000,,0,.010000,MG-F,MAGNESIUM,MG/L,44.65556,-81.37778
201802002,2019-02-19 21:09:31,CCGS LIMNOS,LAKE HURON,10,443920,-812240,39,25.46,2018-09-11 18:30:00,2046,999.00,.00,0.01000000,<,0,.010000,MG-F,MAGNESIUM,MG/L,44.65556,-81.37778
201802002,2019-02-19 21:09:31,CCGS LIMNOS,LAKE HURON,11,445354,-812617,40,20.6,2018-09-11 21:16:00,2046,1.00,.00,0.01000000,,0,7.700000,MG-F,MAGNESIUM,MG/L,44.89833,-81.43806
201802002,2019-02-19 21:09:31,CCGS LIMNOS,LAKE HURON,12,444425,-820324,38,134.62,2018-09-12 00:30:00,2046,1.00,.00,0.01000000,,0,7.620000,MG-F,MAGNESIUM,MG/L,44.74028,-82.05667
201802002,2019-02-19 21:09:31,CCGS LIMNOS,LAKE HURON,13,450106,-815835,43,173.44,2018-09-12 03:39:00,2046,1.00,.00,0.01000000,,0,7.650000,MG-F,MAGNESIUM,MG/L,45.01833,-81.97639
201802002,2019-02-19 21:09:31,CCGS LIMNOS,LAKE HURON,14,450459,-813213,41,21.37,2018-09-12 05:44:00,2046,1.00,.00,0.01000000,,0,7.680000,MG-F,MAGNESIUM,MG/L,45.08306,-81.53694
201802002,2019-02-19 21:09:31,CCGS LIMNOS,LAKE HURON,15,451315,-814914,42,43.58,2018-09-12 07:39:00,2046,1.00,.00,0.01000000,,0,7.600000,MG-F,MAGNESIUM,MG/L,45.22083,-81.82056
201802002,2019-02-19 21:09:31,CCGS LIMNOS,LAKE HURON,15,451315,-814914,42,43.58,2018-09-12 07:39:00,2046,1.00,.00,0.01000000,,1,7.530000,MG-F,MAGNESIUM,MG/L,45.22083,-81.82056
201802002,2019-02-19 21:09:31,CCGS LIMNOS,LAKE HURON,16,451644,-822704,48,110.28,2018-09-12 10:54:00,2046,1.00,.00,0.01000000,,0,7.250000,MG-F,MAGNESIUM,MG/L,45.27889,-82.45111
201802002,2019-02-19 21:09:31,CCGS LIMNOS,LAKE HURON,17,453209,-820244,50,26.19,2018-09-12 13:40:00,2046,1.00,.00,0.01000000,,0,7.440000,MG-F,MAGNESIUM,MG/L,45.53583,-82.04556
201802002,2019-02-19 21:09:31,CCGS LIMNOS,LAKE HURON,18,453904,-823850,52,65.02,2018-09-12 17:13:00,2046,1.00,.00,0.01000000,,0,7.440000,MG-F,MAGNESIUM,MG/L,45.65111,-82.64722
201802002,2019-02-19 21:09:31,CCGS LIMNOS,LAKE HURON,19,454559,-830141,59,17.98,2018-09-12 19:44:00,2046,1.00,.00,0.01000000,,0,7.380000,MG-F,MAGNESIUM,MG/L,45.76639,-83.02806
201802002,2019-02-19 21:09:31,CCGS LIMNOS,LAKE HURON,20,455200,-831558,58,12.75,2018-09-12 21:24:00,2046,1.00,.00,0.01000000,,0,7.460000,MG-F,MAGNESIUM,MG/L,45.86667,-83.26611
201802002,2019-02-19 21:09:31,CCGS LIMNOS,LAKE HURON,20,455200,-831558,58,12.75,2018-09-12 21:24:00,2046,1.00,.00,0.01000000,,1,7.400000,MG-F,MAGNESIUM,MG/L,45.86667,-83.26611
201802002,2019-02-19 21:09:31,CCGS LIMNOS,LAKE HURON,20,455200,-831558,58,12.75,2018-09-12 21:24:00,2046,998.00,.00,0.01000000,,0,.010000,MG-F,MAGNESIUM,MG/L,45.86667,-83.26611
201802002,2019-02-19 21:09:31,CCGS LIMNOS,LAKE HURON,20,455200,-831558,58,12.75,2018-09-12 21:24:00,2046,999.00,.00,0.01000000,<,0,.010000,MG-F,MAGNESIUM,MG/L,45.86667,-83.26611
201802002,2019-02-19 21:09:31,CCGS LIMNOS,LAKE HURON,21,455404,-833110,60,24.14,2018-09-12 23:15:00,2046,1.00,.00,0.01000000,,0,7.280000,MG-F,MAGNESIUM,MG/L,45.90111,-83.51944
201802002,2019-02-19 21:09:31,CCGS LIMNOS,LAKE HURON,22,455959,-832600,76,58.38,2018-09-13 00:29:00,2046,1.00,.00,0.01000000,,0,6.300000,MG-F,MAGNESIUM,MG/L,45.99972,-83.43333
201802002,2019-02-19 21:09:31,CCGS LIMNOS,LAKE HURON,23,455814,-831157,77,77.89,2018-09-13 01:46:00,2046,1.00,.00,0.01000000,,0,6.690000,MG-F,MAGNESIUM,MG/L,45.97056,-83.19917
201802002,2019-02-19 21:09:31,CCGS LIMNOS,LAKE HURON,24,455612,-824534,82,28.12,2018-09-13 04:52:00,2046,1.00,.00,0.01000000,,0,5.760000,MG-F,MAGNESIUM,MG/L,45.93667,-82.75944
201802002,2019-02-19 21:09:31,CCGS LIMNOS,LAKE HURON,25,455959,-823301,83,31.13,2018-09-13 06:16:00,2046,1.00,.00,0.01000000,,0,5.780000,MG-F,MAGNESIUM,MG/L,45.99972,-82.55028
201802002,2019-02-19 21:09:31,CCGS LIMNOS,LAKE HURON,25,455959,-823301,83,31.13,2018-09-13 06:16:00,2046,1.00,.00,0.01000000,,1,5.810000,MG-F,MAGNESIUM,MG/L,45.99972,-82.55028
201802002,2019-02-19 21:09:31,CCGS LIMNOS,LAKE HURON,26,460340,-821149,87,43.68,2018-09-13 08:08:00,2046,1.00,.00,0.01000000,,0,5.860000,MG-F,MAGNESIUM,MG/L,46.06111,-82.19694
201802002,2019-02-19 21:09:31,CCGS LIMNOS,LAKE HURON,27,460319,-820000,88,35.75,2018-09-13 09:21:00,2046,1.00,.00,0.01000000,,0,5.830000,MG-F,MAGNESIUM,MG/L,46.05528,-82.00000
201802002,2019-02-19 21:09:31,CCGS LIMNOS,LAKE HURON,28,455459,-820940,89,38.74,2018-09-13 11:07:00,2046,1.00,.00,0.01000000,,0,5.780000,MG-F,MAGNESIUM,MG/L,45.91639,-82.16111
201802002,2019-02-19 21:09:31,CCGS LIMNOS,LAKE HURON,29,460630,-825048,84,35.65,2018-09-13 15:44:00,2046,1.00,.00,0.01000000,,0,5.670000,MG-F,MAGNESIUM,MG/L,46.10833,-82.84667
201802002,2019-02-19 21:09:31,CCGS LIMNOS,LAKE HURON,29,460630,-825048,84,35.65,2018-09-13 15:44:00,2046,12.00,.00,0.01000000,,0,5.640000,MG-F,MAGNESIUM,MG/L,46.10833,-82.84667
201802002,2019-02-19 21:09:31,CCGS LIMNOS,LAKE HURON,29,460630,-825048,84,35.65,2018-09-13 15:44:00,2046,14.00,.00,0.01000000,,0,5.790000,MG-F,MAGNESIUM,MG/L,46.10833,-82.84667
201802002,2019-02-19 21:09:31,CCGS LIMNOS,LAKE HURON,29,460630,-825048,84,35.65,2018-09-13 15:44:00,2046,16.00,.00,0.01000000,,0,5.830000,MG-F,MAGNESIUM,MG/L,46.10833,-82.84667
201802002,2019-02-19 21:09:31,CCGS LIMNOS,LAKE HURON,29,460630,-825048,84,35.65,2018-09-13 15:44:00,2046,34.00,.00,0.01000000,,0,6.670000,MG-F,MAGNESIUM,MG/L,46.10833,-82.84667
201802002,2019-02-19 21:09:31,CCGS LIMNOS,LAKE HURON,30,460722,-825305,79,25.79,2018-09-13 15:58:00,2046,1.00,.00,0.01000000,,0,5.810000,MG-F,MAGNESIUM,MG/L,46.12278,-82.88472
201802002,2019-02-19 21:09:31,CCGS LIMNOS,LAKE HURON,30,460722,-825305,79,25.79,2018-09-13 15:58:00,2046,1.00,.00,0.01000000,,1,5.830000,MG-F,MAGNESIUM,MG/L,46.12278,-82.88472
201802002,2019-02-19 21:09:31,CCGS LIMNOS,LAKE HURON,30,460722,-825305,79,25.79,2018-09-13 15:58:00,2046,12.00,.00,0.01000000,,0,6.050000,MG-F,MAGNESIUM,MG/L,46.12278,-82.88472
201802002,2019-02-19 21:09:31,CCGS LIMNOS,LAKE HURON,30,460722,-825305,79,25.79,2018-09-13 15:58:00,2046,16.00,.00,0.01000000,,0,6.360000,MG-F,MAGNESIUM,MG/L,46.12278,-82.88472
201802002,2019-02-19 21:09:31,CCGS LIMNOS,LAKE HURON,30,460722,-825305,79,25.79,2018-09-13 15:58:00,2046,24.00,.00,0.01000000,,0,6.430000,MG-F,MAGNESIUM,MG/L,46.12278,-82.88472
201802002,2019-02-19 21:09:31,CCGS LIMNOS,LAKE HURON,30,460722,-825305,79,25.79,2018-09-13 15:58:00,2046,998.00,.00,0.01000000,<,0,.010000,MG-F,MAGNESIUM,MG/L,46.12278,-82.88472
201802002,2019-02-19 21:09:31,CCGS LIMNOS,LAKE HURON,30,460722,-825305,79,25.79,2018-09-13 15:58:00,2046,999.00,.00,0.01000000,<,0,.010000,MG-F,MAGNESIUM,MG/L,46.12278,-82.88472
201802002,2019-02-19 21:09:31,CCGS LIMNOS,LAKE HURON,31,461112,-832116,73,18.83,2018-09-13 18:56:00,2046,1.00,.00,0.01000000,,0,5.710000,MG-F,MAGNESIUM,MG/L,46.18667,-83.35444
201802002,2019-02-19 21:09:31,CCGS LIMNOS,LAKE HURON,32,461401,-834445,71,35.37,2018-09-13 20:51:00,2046,1.00,.00,0.01000000,,0,3.790000,MG-F,MAGNESIUM,MG/L,46.23361,-83.74583
201802002,2019-02-19 21:09:31,CCGS LIMNOS,LAKE HURON,32,461401,-834445,71,35.37,2018-09-13 20:51:00,2046,23.00,.00,0.01000000,,0,4.550000,MG-F,MAGNESIUM,MG/L,46.23361,-83.74583
201802002,2019-02-19 21:09:31,CCGS LIMNOS,LAKE HURON,32,461401,-834445,71,35.37,2018-09-13 20:51:00,2046,27.00,.00,0.01000000,,0,4.460000,MG-F,MAGNESIUM,MG/L,46.23361,-83.74583
201802002,2019-02-19 21:09:31,CCGS LIMNOS,LAKE HURON,32,461401,-834445,71,35.37,2018-09-13 20:51:00,2046,31.00,.00,0.01000000,,0,5.410000,MG-F,MAGNESIUM,MG/L,46.23361,-83.74583
201802002,2019-02-19 21:09:31,CCGS LIMNOS,LAKE HURON,32,461401,-834445,71,35.37,2018-09-13 20:51:00,2046,33.00,.00,0.01000000,,0,5.420000,MG-F,MAGNESIUM,MG/L,46.23361,-83.74583
201802002,2019-02-19 21:09:31,CCGS LIMNOS,LAKE HURON,33,460813,-834020,70,21.61,2018-09-13 22:05:00,2046,1.00,.00,0.01000000,,0,4.810000,MG-F,MAGNESIUM,MG/L,46.13694,-83.67222
201802002,2019-02-19 21:09:31,CCGS LIMNOS,LAKE HURON,34,460232,-835109,68,16.63,2018-09-13 23:31:00,2046,1.00,.00,0.01000000,,0,3.400000,MG-F,MAGNESIUM,MG/L,46.04222,-83.85250
201802002,2019-02-19 21:09:31,CCGS LIMNOS,LAKE HURON,35,460440,-840138,69,10.72,2018-09-14 00:42:00,2046,1.00,.00,0.01000000,,0,3.020000,MG-F,MAGNESIUM,MG/L,46.07778,-84.02722
201802002,2019-02-19 21:09:31,CCGS LIMNOS,LAKE HURON,35,460440,-840138,69,10.72,2018-09-14 00:42:00,2046,1.00,.00,0.01000000,,1,3.010000,MG-F,MAGNESIUM,MG/L,46.07778,-84.02722
201802002,2019-02-19 21:09:31,CCGS LIMNOS,LAKE HURON,35,460440,-840138,69,10.72,2018-09-14 00:42:00,2046,9.00,.00,0.01000000,,0,3.070000,MG-F,MAGNESIUM,MG/L,46.07778,-84.02722
201802002,2019-02-19 21:09:31,CCGS LIMNOS,LAKE HURON,36,455610,-835359,67,29.3,2018-09-14 02:17:00,2046,1.00,.00,0.01000000,,0,6.360000,MG-F,MAGNESIUM,MG/L,45.93611,-83.89972
201802002,2019-02-19 21:09:31,CCGS LIMNOS,LAKE HURON,37,455151,-841743,66,67.4,2018-09-14 04:24:00,2046,1.00,.00,0.01000000,,0,6.900000,MG-F,MAGNESIUM,MG/L,45.86417,-84.29528
201802002,2019-02-19 21:09:31,CCGS LIMNOS,LAKE HURON,38,455041,-843358,65,58.91,2018-09-14 06:01:00,2046,1.00,.00,0.01000000,,0,8.560000,MG-F,MAGNESIUM,MG/L,45.84472,-84.56611
201802002,2019-02-19 21:09:31,CCGS LIMNOS,LAKE HURON,39,454846,-844515,64,35.89,2018-09-14 07:17:00,2046,1.00,.00,0.01000000,,0,9.140000,MG-F,MAGNESIUM,MG/L,45.81278,-84.75417
201802002,2019-02-19 21:09:31,CCGS LIMNOS,LAKE HURON,39,454846,-844515,64,35.89,2018-09-14 07:17:00,2046,19.00,.00,0.01000000,,0,9.420000,MG-F,MAGNESIUM,MG/L,45.81278,-84.75417
201802002,2019-02-19 21:09:31,CCGS LIMNOS,LAKE HURON,39,454846,-844515,64,35.89,2018-09-14 07:17:00,2046,22.00,.00,0.01000000,,0,9.210000,MG-F,MAGNESIUM,MG/L,45.81278,-84.75417
201802002,2019-02-19 21:09:31,CCGS LIMNOS,LAKE HURON,39,454846,-844515,64,35.89,2018-09-14 07:17:00,2046,30.00,.00,0.01000000,,0,8.780000,MG-F,MAGNESIUM,MG/L,45.81278,-84.75417
201802002,2019-02-19 21:09:31,CCGS LIMNOS,LAKE HURON,39,454846,-844515,64,35.89,2018-09-14 07:17:00,2046,34.00,.00,0.01000000,,0,8.810000,MG-F,MAGNESIUM,MG/L,45.81278,-84.75417
201802002,2019-02-19 21:09:31,CCGS LIMNOS,LAKE HURON,40,454218,-843037,63,15.8,2018-09-14 09:01:00,2046,1.00,.00,0.01000000,,0,9.260000,MG-F,MAGNESIUM,MG/L,45.70500,-84.51028
201802002,2019-02-19 21:09:31,CCGS LIMNOS,LAKE HURON,40,454218,-843037,63,15.8,2018-09-14 09:01:00,2046,1.00,.00,0.01000000,,1,9.260000,MG-F,MAGNESIUM,MG/L,45.70500,-84.51028
201802002,2019-02-19 21:09:31,CCGS LIMNOS,LAKE HURON,40,454218,-843037,63,15.8,2018-09-14 09:01:00,2046,998.00,.00,0.01000000,,0,.030000,MG-F,MAGNESIUM,MG/L,45.70500,-84.51028
201802002,2019-02-19 21:09:31,CCGS LIMNOS,LAKE HURON,40,454218,-843037,63,15.8,2018-09-14 09:01:00,2046,999.00,.00,0.01000000,<,0,.010000,MG-F,MAGNESIUM,MG/L,45.70500,-84.51028
201802002,2019-02-19 21:09:31,CCGS LIMNOS,LAKE HURON,41,454025,-841106,62,44.24,2018-09-14 11:05:00,2046,1.00,.00,0.01000000,,0,7.170000,MG-F,MAGNESIUM,MG/L,45.67361,-84.18500
201802002,2019-02-19 21:09:31,CCGS LIMNOS,LAKE HURON,42,453102,-840501,56,21.54,2018-09-14 12:13:00,2046,1.00,.00,0.01000000,,0,8.450000,MG-F,MAGNESIUM,MG/L,45.51722,-84.08361
201802002,2019-02-19 21:09:31,CCGS LIMNOS,LAKE HURON,43,453102,-832500,54,118.94,2018-09-14 15:26:00,2046,1.00,.00,0.01000000,,0,7.480000,MG-F,MAGNESIUM,MG/L,45.51722,-83.41667
201802002,2019-02-19 21:09:31,CCGS LIMNOS,LAKE HURON,43,453102,-832500,54,118.94,2018-09-14 15:26:00,2046,3.00,.00,0.01000000,,0,7.510000,MG-F,MAGNESIUM,MG/L,45.51722,-83.41667
201802002,2019-02-19 21:09:31,CCGS LIMNOS,LAKE HURON,43,453102,-832500,54,118.94,2018-09-14 15:26:00,2046,15.00,.00,0.01000000,,0,7.330000,MG-F,MAGNESIUM,MG/L,45.51722,-83.41667
201802002,2019-02-19 21:09:31,CCGS LIMNOS,LAKE HURON,43,453102,-832500,54,118.94,2018-09-14 15:26:00,2046,30.00,.00,0.01000000,,0,7.330000,MG-F,MAGNESIUM,MG/L,45.51722,-83.41667
201802002,2019-02-19 21:09:31,CCGS LIMNOS,LAKE HURON,43,453102,-832500,54,118.94,2018-09-14 15:26:00,2046,107.00,.00,0.01000000,,0,7.560000,MG-F,MAGNESIUM,MG/L,45.51722,-83.41667
201802002,2019-02-19 21:09:31,CCGS LIMNOS,LAKE HURON,43,453102,-832500,54,118.94,2018-09-14 15:26:00,2046,117.00,.00,0.01000000,,0,7.550000,MG-F,MAGNESIUM,MG/L,45.51722,-83.41667
201802002,2019-02-19 21:09:31,CCGS LIMNOS,LAKE HURON,44,451515,-832047,47,22.2,2018-09-14 18:07:00,2046,1.00,.00,0.01000000,,0,8.440000,MG-F,MAGNESIUM,MG/L,45.25417,-83.34639
201802002,2019-02-19 21:09:31,CCGS LIMNOS,LAKE HURON,45,450228,-832233,36,8.8,2018-09-14 21:27:00,2046,1.00,.00,0.01000000,,0,7.390000,MG-F,MAGNESIUM,MG/L,45.04111,-83.37583
201802002,2019-02-19 21:09:31,CCGS LIMNOS,LAKE HURON,45,450228,-832233,36,8.8,2018-09-14 21:27:00,2046,1.00,.00,0.01000000,,1,7.440000,MG-F,MAGNESIUM,MG/L,45.04111,-83.37583
201802002,2019-02-19 21:09:31,CCGS LIMNOS,LAKE HURON,45,450228,-832233,36,8.8,2018-09-14 21:27:00,2046,7.00,.00,0.01000000,,0,7.440000,MG-F,MAGNESIUM,MG/L,45.04111,-83.37583
201802002,2019-02-19 21:09:31,CCGS LIMNOS,LAKE HURON,46,450059,-824110,44,164.4,2018-09-15 01:10:00,2046,1.00,.00,0.01000000,,0,7.690000,MG-F,MAGNESIUM,MG/L,45.01639,-82.68611
201802002,2019-02-19 21:09:31,CCGS LIMNOS,LAKE HURON,46,450059,-824110,44,164.4,2018-09-15 01:10:00,2046,18.00,.00,0.01000000,,0,7.720000,MG-F,MAGNESIUM,MG/L,45.01639,-82.68611
201802002,2019-02-19 21:09:31,CCGS LIMNOS,LAKE HURON,46,450059,-824110,44,164.4,2018-09-15 01:10:00,2046,30.00,.00,0.01000000,,0,7.600000,MG-F,MAGNESIUM,MG/L,45.01639,-82.68611
201802002,2019-02-19 21:09:31,CCGS LIMNOS,LAKE HURON,46,450059,-824110,44,164.4,2018-09-15 01:10:00,2046,42.00,.00,0.01000000,,0,7.620000,MG-F,MAGNESIUM,MG/L,45.01639,-82.68611
201802002,2019-02-19 21:09:31,CCGS LIMNOS,LAKE HURON,46,450059,-824110,44,164.4,2018-09-15 01:10:00,2046,100.00,.00,0.01000000,,0,7.640000,MG-F,MAGNESIUM,MG/L,45.01639,-82.68611
201802002,2019-02-19 21:09:31,CCGS LIMNOS,LAKE HURON,46,450059,-824110,44,164.4,2018-09-15 01:10:00,2046,154.00,.00,0.01000000,,0,7.630000,MG-F,MAGNESIUM,MG/L,45.01639,-82.68611
201802002,2019-02-19 21:09:31,CCGS LIMNOS,LAKE HURON,46,450059,-824110,44,164.4,2018-09-15 01:10:00,2046,162.00,.00,0.01000000,,0,7.620000,MG-F,MAGNESIUM,MG/L,45.01639,-82.68611
201802002,2019-02-19 21:09:31,CCGS LIMNOS,LAKE HURON,47,442958,-824952,33,72.14,2018-09-15 05:40:00,2046,1.00,.00,0.01000000,,0,7.350000,MG-F,MAGNESIUM,MG/L,44.49944,-82.83111
201802002,2019-02-19 21:09:31,CCGS LIMNOS,LAKE HURON,48,441246,-832216,95,20.19,2018-09-15 09:12:00,2046,1.00,.00,0.01000000,,0,7.690000,MG-F,MAGNESIUM,MG/L,44.21278,-83.37111
201802002,2019-02-19 21:09:31,CCGS LIMNOS,LAKE HURON,48,441246,-832216,95,20.19,2018-09-15 09:12:00,2046,16.50,.00,0.01000000,,0,7.650000,MG-F,MAGNESIUM,MG/L,44.21278,-83.37111
201802002,2019-02-19 21:09:31,CCGS LIMNOS,LAKE HURON,48,441246,-832216,95,20.19,2018-09-15 09:12:00,2046,18.00,.00,0.01000000,,0,7.760000,MG-F,MAGNESIUM,MG/L,44.21278,-83.37111
201802002,2019-02-19 21:09:31,CCGS LIMNOS,LAKE HURON,49,440653,-833141,97,10.88,2018-09-15 10:39:00,2046,1.00,.00,0.01000000,,0,8.740000,MG-F,MAGNESIUM,MG/L,44.11472,-83.52806
201802002,2019-02-19 21:09:31,CCGS LIMNOS,LAKE HURON,50,435835,-833432,98,10.97,2018-09-15 12:00:00,2046,1.00,.00,0.01000000,,0,8.950000,MG-F,MAGNESIUM,MG/L,43.97639,-83.57556
201802002,2019-02-19 21:09:31,CCGS LIMNOS,LAKE HURON,50,435835,-833432,98,10.97,2018-09-15 12:00:00,2046,1.00,.00,0.01000000,,1,8.950000,MG-F,MAGNESIUM,MG/L,43.97639,-83.57556
201802002,2019-02-19 21:09:31,CCGS LIMNOS,LAKE HURON,50,435835,-833432,98,10.97,2018-09-15 12:00:00,2046,998.00,.00,0.01000000,,0,.010000,MG-F,MAGNESIUM,MG/L,43.97639,-83.57556
201802002,2019-02-19 21:09:31,CCGS LIMNOS,LAKE HURON,50,435835,-833432,98,10.97,2018-09-15 12:00:00,2046,999.00,.00,0.01000000,<,0,.010000,MG-F,MAGNESIUM,MG/L,43.97639,-83.57556
201802002,2019-02-19 21:09:31,CCGS LIMNOS,LAKE HURON,51,435431,-834430,99,7.32,2018-09-15 13:15:00,2046,1.00,.00,0.01000000,,0,9.170000,MG-F,MAGNESIUM,MG/L,43.90861,-83.74167
201802002,2019-02-19 21:09:31,CCGS LIMNOS,LAKE HURON,52,434930,-834901,100,7.02,2018-09-15 14:06:00,2046,1.00,.00,0.01000000,,0,9.180000,MG-F,MAGNESIUM,MG/L,43.82500,-83.81694
201802002,2019-02-19 21:09:31,CCGS LIMNOS,LAKE HURON,52,434930,-834901,100,7.02,2018-09-15 14:06:00,2046,5.00,.00,0.01000000,,0,9.120000,MG-F,MAGNESIUM,MG/L,43.82500,-83.81694
201802002,2019-02-19 21:09:31,CCGS LIMNOS,LAKE HURON,53,434914,-833733,101,6.11,2018-09-15 15:22:00,2046,1.00,.00,0.01000000,,0,9.210000,MG-F,MAGNESIUM,MG/L,43.82056,-83.62583
201802002,2019-02-19 21:09:31,CCGS LIMNOS,LAKE HURON,54,440735,-831019,96,29.29,2018-09-15 19:16:00,2046,1.00,.00,0.01000000,,0,7.730000,MG-F,MAGNESIUM,MG/L,44.12639,-83.17194
201802002,2019-02-19 21:09:31,CCGS LIMNOS,LAKE HURON,55,441257,-830504,20,45.7,2018-09-15 20:13:00,2046,1.00,.00,0.01000000,,0,7.710000,MG-F,MAGNESIUM,MG/L,44.21583,-83.08444
201802002,2019-02-19 21:09:31,CCGS LIMNOS,LAKE HURON,55,441257,-830504,20,45.7,2018-09-15 20:13:00,2046,1.00,.00,0.01000000,,1,7.680000,MG-F,MAGNESIUM,MG/L,44.21583,-83.08444
201802002,2019-02-19 21:09:31,CCGS LIMNOS,LAKE HURON,56,440602,-825202,17,14.94,2018-09-15 21:56:00,2046,1.00,.00,0.01000000,,0,7.700000,MG-F,MAGNESIUM,MG/L,44.10056,-82.86722
201802002,2019-02-19 21:09:31,CCGS LIMNOS,LAKE HURON,56,440602,-825202,17,14.94,2018-09-15 21:56:00,2046,13.00,.00,0.01000000,,0,7.730000,MG-F,MAGNESIUM,MG/L,44.10056,-82.86722
201802002,2019-02-19 21:09:31,CCGS LIMNOS,LAKE HURON,57,441154,-823014,27,55.22,2018-09-16 00:02:00,2046,1.00,.00,0.01000000,,0,7.620000,MG-F,MAGNESIUM,MG/L,44.19833,-82.50389
201802002,2019-02-19 21:09:31,CCGS LIMNOS,LAKE HURON,58,435632,-823956,14,13.16,2018-09-16 02:26:00,2046,1.00,.00,0.01000000,,0,7.710000,MG-F,MAGNESIUM,MG/L,43.94222,-82.66556
201802002,2019-02-19 21:09:31,CCGS LIMNOS,LAKE HURON,58,435632,-823956,14,13.16,2018-09-16 02:26:00,2046,11.00,.00,0.01000000,,0,7.740000,MG-F,MAGNESIUM,MG/L,43.94222,-82.66556
201802002,2019-02-19 21:09:31,CCGS LIMNOS,LAKE HURON,59,434511,-823408,13,16.56,2018-09-16 04:02:00,2046,1.00,.00,0.01000000,,0,7.710000,MG-F,MAGNESIUM,MG/L,43.75306,-82.56889
201802002,2019-02-19 21:09:31,CCGS LIMNOS,LAKE HURON,60,433800,-821300,9,58.92,2018-09-16 06:04:00,2046,1.00,.00,0.01000000,,0,7.660000,MG-F,MAGNESIUM,MG/L,43.63333,-82.21667
201802002,2019-02-19 21:09:31,CCGS LIMNOS,LAKE HURON,60,433800,-821300,9,58.92,2018-09-16 06:04:00,2046,1.00,.00,0.01000000,,1,7.660000,MG-F,MAGNESIUM,MG/L,43.63333,-82.21667
201802002,2019-02-19 21:09:31,CCGS LIMNOS,LAKE HURON,60,433800,-821300,9,58.92,2018-09-16 06:04:00,2046,25.00,.00,0.01000000,,0,7.650000,MG-F,MAGNESIUM,MG/L,43.63333,-82.21667
201802002,2019-02-19 21:09:31,CCGS LIMNOS,LAKE HURON,60,433800,-821300,9,58.92,2018-09-16 06:04:00,2046,29.00,.00,0.01000000,,0,7.670000,MG-F,MAGNESIUM,MG/L,43.63333,-82.21667
201802002,2019-02-19 21:09:31,CCGS LIMNOS,LAKE HURON,60,433800,-821300,9,58.92,2018-09-16 06:04:00,2046,37.00,.00,0.01000000,,0,7.680000,MG-F,MAGNESIUM,MG/L,43.63333,-82.21667
201802002,2019-02-19 21:09:31,CCGS LIMNOS,LAKE HURON,60,433800,-821300,9,58.92,2018-09-16 06:04:00,2046,49.00,.00,0.01000000,,0,7.660000,MG-F,MAGNESIUM,MG/L,43.63333,-82.21667
201802002,2019-02-19 21:09:31,CCGS LIMNOS,LAKE HURON,60,433800,-821300,9,58.92,2018-09-16 06:04:00,2046,57.00,.00,0.01000000,,0,7.610000,MG-F,MAGNESIUM,MG/L,43.63333,-82.21667
201802002,2019-02-19 21:09:31,CCGS LIMNOS,LAKE HURON,60,433800,-821300,9,58.92,2018-09-16 06:04:00,2046,998.00,.00,0.01000000,,0,.010000,MG-F,MAGNESIUM,MG/L,43.63333,-82.21667
201802002,2019-02-19 21:09:31,CCGS LIMNOS,LAKE HURON,60,433800,-821300,9,58.92,2018-09-16 06:04:00,2046,999.00,.00,0.01000000,<,0,.010000,MG-F,MAGNESIUM,MG/L,43.63333,-82.21667
201802002,2019-02-19 21:09:31,CCGS LIMNOS,LAKE HURON,61,433358,-822903,8,29.67,2018-09-16 08:09:00,2046,1.00,.00,0.01000000,,0,7.660000,MG-F,MAGNESIUM,MG/L,43.56611,-82.48417
201802002,2019-02-19 21:09:31,CCGS LIMNOS,LAKE HURON,62,432031,-823022,7,10.72,2018-09-16 09:45:00,2046,1.00,.00,0.01000000,,0,7.670000,MG-F,MAGNESIUM,MG/L,43.34194,-82.50611
201802002,2019-02-19 21:09:31,CCGS LIMNOS,LAKE HURON,1,430524,-822330,1,10.34,2018-09-10 23:38:00,2048,1.00,.00,0.01000000,,0,4.640000,NA-F,SODIUM,MG/L,43.09000,-82.39167
201802002,2019-02-19 21:09:31,CCGS LIMNOS,LAKE HURON,1,430524,-822330,1,10.34,2018-09-10 23:38:00,2048,8.00,.00,0.01000000,,0,4.590000,NA-F,SODIUM,MG/L,43.09000,-82.39167
201802002,2019-02-19 21:09:31,CCGS LIMNOS,LAKE HURON,2,431524,-820219,3,14.91,2018-09-11 02:08:00,2048,1.00,.00,0.01000000,,0,4.650000,NA-F,SODIUM,MG/L,43.25667,-82.03861
201802002,2019-02-19 21:09:31,CCGS LIMNOS,LAKE HURON,3,431928,-814722,4,9.81,2018-09-11 03:45:00,2048,1.00,.00,0.01000000,,0,4.580000,NA-F,SODIUM,MG/L,43.32444,-81.78944
201802002,2019-02-19 21:09:31,CCGS LIMNOS,LAKE HURON,4,433252,-814440,5,11.12,2018-09-11 05:38:00,2048,1.00,.00,0.01000000,,0,4.530000,NA-F,SODIUM,MG/L,43.54778,-81.74444
201802002,2019-02-19 21:09:31,CCGS LIMNOS,LAKE HURON,5,434508,-814655,10,12.08,2018-09-11 07:16:00,2048,1.00,.00,0.01000000,,0,4.580000,NA-F,SODIUM,MG/L,43.75222,-81.78194
201802002,2019-02-19 21:09:31,CCGS LIMNOS,LAKE HURON,5,434508,-814655,10,12.08,2018-09-11 07:16:00,2048,1.00,.00,0.01000000,,1,4.540000,NA-F,SODIUM,MG/L,43.75222,-81.78194
201802002,2019-02-19 21:09:31,CCGS LIMNOS,LAKE HURON,6,435325,-820319,12,87.02,2018-09-11 09:19:00,2048,1.00,.00,0.01000000,,0,4.560000,NA-F,SODIUM,MG/L,43.89028,-82.05528
201802002,2019-02-19 21:09:31,CCGS LIMNOS,LAKE HURON,7,435722,-814711,11,9.94,2018-09-11 11:20:00,2048,1.00,.00,0.01000000,,0,4.500000,NA-F,SODIUM,MG/L,43.95611,-81.78639
201802002,2019-02-19 21:09:31,CCGS LIMNOS,LAKE HURON,8,442203,-815002,29,124.4,2018-09-11 14:35:00,2048,1.00,.00,0.01000000,,0,4.490000,NA-F,SODIUM,MG/L,44.36750,-81.83389
201802002,2019-02-19 21:09:31,CCGS LIMNOS,LAKE HURON,8,442203,-815002,29,124.4,2018-09-11 14:35:00,2048,10.00,.00,0.01000000,,0,4.460000,NA-F,SODIUM,MG/L,44.36750,-81.83389
201802002,2019-02-19 21:09:31,CCGS LIMNOS,LAKE HURON,8,442203,-815002,29,124.4,2018-09-11 14:35:00,2048,14.00,.00,0.01000000,,0,4.450000,NA-F,SODIUM,MG/L,44.36750,-81.83389
201802002,2019-02-19 21:09:31,CCGS LIMNOS,LAKE HURON,8,442203,-815002,29,124.4,2018-09-11 14:35:00,2048,20.00,.00,0.01000000,,0,4.470000,NA-F,SODIUM,MG/L,44.36750,-81.83389
201802002,2019-02-19 21:09:31,CCGS LIMNOS,LAKE HURON,8,442203,-815002,29,124.4,2018-09-11 14:35:00,2048,114.00,.00,0.01000000,,0,4.550000,NA-F,SODIUM,MG/L,44.36750,-81.83389
201802002,2019-02-19 21:09:31,CCGS LIMNOS,LAKE HURON,8,442203,-815002,29,124.4,2018-09-11 14:35:00,2048,122.00,.00,0.01000000,,0,4.500000,NA-F,SODIUM,MG/L,44.36750,-81.83389
201802002,2019-02-19 21:09:31,CCGS LIMNOS,LAKE HURON,9,442757,-812713,30,19.91,2018-09-11 16:57:00,2048,1.00,.00,0.01000000,,0,4.550000,NA-F,SODIUM,MG/L,44.46583,-81.45361
201802002,2019-02-19 21:09:31,CCGS LIMNOS,LAKE HURON,10,443920,-812240,39,25.46,2018-09-11 18:30:00,2048,1.00,.00,0.01000000,,0,4.520000,NA-F,SODIUM,MG/L,44.65556,-81.37778
201802002,2019-02-19 21:09:31,CCGS LIMNOS,LAKE HURON,10,443920,-812240,39,25.46,2018-09-11 18:30:00,2048,1.00,.00,0.01000000,,1,4.530000,NA-F,SODIUM,MG/L,44.65556,-81.37778
201802002,2019-02-19 21:09:31,CCGS LIMNOS,LAKE HURON,10,443920,-812240,39,25.46,2018-09-11 18:30:00,2048,998.00,.00,0.01000000,,0,.020000,NA-F,SODIUM,MG/L,44.65556,-81.37778
201802002,2019-02-19 21:09:31,CCGS LIMNOS,LAKE HURON,10,443920,-812240,39,25.46,2018-09-11 18:30:00,2048,999.00,.00,0.01000000,<,0,.010000,NA-F,SODIUM,MG/L,44.65556,-81.37778
201802002,2019-02-19 21:09:31,CCGS LIMNOS,LAKE HURON,11,445354,-812617,40,20.6,2018-09-11 21:16:00,2048,1.00,.00,0.01000000,,0,4.530000,NA-F,SODIUM,MG/L,44.89833,-81.43806
201802002,2019-02-19 21:09:31,CCGS LIMNOS,LAKE HURON,12,444425,-820324,38,134.62,2018-09-12 00:30:00,2048,1.00,.00,0.01000000,,0,4.500000,NA-F,SODIUM,MG/L,44.74028,-82.05667
201802002,2019-02-19 21:09:31,CCGS LIMNOS,LAKE HURON,13,450106,-815835,43,173.44,2018-09-12 03:39:00,2048,1.00,.00,0.01000000,,0,4.530000,NA-F,SODIUM,MG/L,45.01833,-81.97639
201802002,2019-02-19 21:09:31,CCGS LIMNOS,LAKE HURON,14,450459,-813213,41,21.37,2018-09-12 05:44:00,2048,1.00,.00,0.01000000,,0,4.540000,NA-F,SODIUM,MG/L,45.08306,-81.53694
201802002,2019-02-19 21:09:31,CCGS LIMNOS,LAKE HURON,15,451315,-814914,42,43.58,2018-09-12 07:39:00,2048,1.00,.00,0.01000000,,0,4.510000,NA-F,SODIUM,MG/L,45.22083,-81.82056
201802002,2019-02-19 21:09:31,CCGS LIMNOS,LAKE HURON,15,451315,-814914,42,43.58,2018-09-12 07:39:00,2048,1.00,.00,0.01000000,,1,4.490000,NA-F,SODIUM,MG/L,45.22083,-81.82056
201802002,2019-02-19 21:09:31,CCGS LIMNOS,LAKE HURON,16,451644,-822704,48,110.28,2018-09-12 10:54:00,2048,1.00,.00,0.01000000,,0,4.370000,NA-F,SODIUM,MG/L,45.27889,-82.45111
201802002,2019-02-19 21:09:31,CCGS LIMNOS,LAKE HURON,17,453209,-820244,50,26.19,2018-09-12 13:40:00,2048,1.00,.00,0.01000000,,0,4.410000,NA-F,SODIUM,MG/L,45.53583,-82.04556
201802002,2019-02-19 21:09:31,CCGS LIMNOS,LAKE HURON,18,453904,-823850,52,65.02,2018-09-12 17:13:00,2048,1.00,.00,0.01000000,,0,4.430000,NA-F,SODIUM,MG/L,45.65111,-82.64722
201802002,2019-02-19 21:09:31,CCGS LIMNOS,LAKE HURON,19,454559,-830141,59,17.98,2018-09-12 19:44:00,2048,1.00,.00,0.01000000,,0,4.400000,NA-F,SODIUM,MG/L,45.76639,-83.02806
201802002,2019-02-19 21:09:31,CCGS LIMNOS,LAKE HURON,20,455200,-831558,58,12.75,2018-09-12 21:24:00,2048,1.00,.00,0.01000000,,0,4.410000,NA-F,SODIUM,MG/L,45.86667,-83.26611
201802002,2019-02-19 21:09:31,CCGS LIMNOS,LAKE HURON,20,455200,-831558,58,12.75,2018-09-12 21:24:00,2048,1.00,.00,0.01000000,,1,4.400000,NA-F,SODIUM,MG/L,45.86667,-83.26611
201802002,2019-02-19 21:09:31,CCGS LIMNOS,LAKE HURON,20,455200,-831558,58,12.75,2018-09-12 21:24:00,2048,998.00,.00,0.01000000,<,0,.010000,NA-F,SODIUM,MG/L,45.86667,-83.26611
201802002,2019-02-19 21:09:31,CCGS LIMNOS,LAKE HURON,20,455200,-831558,58,12.75,2018-09-12 21:24:00,2048,999.00,.00,0.01000000,<,0,.010000,NA-F,SODIUM,MG/L,45.86667,-83.26611
201802002,2019-02-19 21:09:31,CCGS LIMNOS,LAKE HURON,21,455404,-833110,60,24.14,2018-09-12 23:15:00,2048,1.00,.00,0.01000000,,0,4.360000,NA-F,SODIUM,MG/L,45.90111,-83.51944
201802002,2019-02-19 21:09:31,CCGS LIMNOS,LAKE HURON,22,455959,-832600,76,58.38,2018-09-13 00:29:00,2048,1.00,.00,0.01000000,,0,3.880000,NA-F,SODIUM,MG/L,45.99972,-83.43333
201802002,2019-02-19 21:09:31,CCGS LIMNOS,LAKE HURON,23,455814,-831157,77,77.89,2018-09-13 01:46:00,2048,1.00,.00,0.01000000,,0,4.100000,NA-F,SODIUM,MG/L,45.97056,-83.19917
201802002,2019-02-19 21:09:31,CCGS LIMNOS,LAKE HURON,24,455612,-824534,82,28.12,2018-09-13 04:52:00,2048,1.00,.00,0.01000000,,0,4.000000,NA-F,SODIUM,MG/L,45.93667,-82.75944
201802002,2019-02-19 21:09:31,CCGS LIMNOS,LAKE HURON,25,455959,-823301,83,31.13,2018-09-13 06:16:00,2048,1.00,.00,0.01000000,,0,4.040000,NA-F,SODIUM,MG/L,45.99972,-82.55028
201802002,2019-02-19 21:09:31,CCGS LIMNOS,LAKE HURON,25,455959,-823301,83,31.13,2018-09-13 06:16:00,2048,1.00,.00,0.01000000,,1,4.080000,NA-F,SODIUM,MG/L,45.99972,-82.55028
201802002,2019-02-19 21:09:31,CCGS LIMNOS,LAKE HURON,26,460340,-821149,87,43.68,2018-09-13 08:08:00,2048,1.00,.00,0.01000000,,0,4.070000,NA-F,SODIUM,MG/L,46.06111,-82.19694
201802002,2019-02-19 21:09:31,CCGS LIMNOS,LAKE HURON,27,460319,-820000,88,35.75,2018-09-13 09:21:00,2048,1.00,.00,0.01000000,,0,4.050000,NA-F,SODIUM,MG/L,46.05528,-82.00000
201802002,2019-02-19 21:09:31,CCGS LIMNOS,LAKE HURON,28,455459,-820940,89,38.74,2018-09-13 11:07:00,2048,1.00,.00,0.01000000,,0,4.030000,NA-F,SODIUM,MG/L,45.91639,-82.16111
201802002,2019-02-19 21:09:31,CCGS LIMNOS,LAKE HURON,29,460630,-825048,84,35.65,2018-09-13 15:44:00,2048,1.00,.00,0.01000000,,0,3.900000,NA-F,SODIUM,MG/L,46.10833,-82.84667
201802002,2019-02-19 21:09:31,CCGS LIMNOS,LAKE HURON,29,460630,-825048,84,35.65,2018-09-13 15:44:00,2048,12.00,.00,0.01000000,,0,3.870000,NA-F,SODIUM,MG/L,46.10833,-82.84667
201802002,2019-02-19 21:09:31,CCGS LIMNOS,LAKE HURON,29,460630,-825048,84,35.65,2018-09-13 15:44:00,2048,14.00,.00,0.01000000,,0,3.960000,NA-F,SODIUM,MG/L,46.10833,-82.84667
201802002,2019-02-19 21:09:31,CCGS LIMNOS,LAKE HURON,29,460630,-825048,84,35.65,2018-09-13 15:44:00,2048,16.00,.00,0.01000000,,0,3.990000,NA-F,SODIUM,MG/L,46.10833,-82.84667
201802002,2019-02-19 21:09:31,CCGS LIMNOS,LAKE HURON,29,460630,-825048,84,35.65,2018-09-13 15:44:00,2048,34.00,.00,0.01000000,,0,4.130000,NA-F,SODIUM,MG/L,46.10833,-82.84667
201802002,2019-02-19 21:09:31,CCGS LIMNOS,LAKE HURON,30,460722,-825305,79,25.79,2018-09-13 15:58:00,2048,1.00,.00,0.01000000,,0,3.940000,NA-F,SODIUM,MG/L,46.12278,-82.88472
201802002,2019-02-19 21:09:31,CCGS LIMNOS,LAKE HURON,30,460722,-825305,79,25.79,2018-09-13 15:58:00,2048,1.00,.00,0.01000000,,1,4.000000,NA-F,SODIUM,MG/L,46.12278,-82.88472
201802002,2019-02-19 21:09:31,CCGS LIMNOS,LAKE HURON,30,460722,-825305,79,25.79,2018-09-13 15:58:00,2048,12.00,.00,0.01000000,,0,4.040000,NA-F,SODIUM,MG/L,46.12278,-82.88472
201802002,2019-02-19 21:09:31,CCGS LIMNOS,LAKE HURON,30,460722,-825305,79,25.79,2018-09-13 15:58:00,2048,16.00,.00,0.01000000,,0,4.120000,NA-F,SODIUM,MG/L,46.12278,-82.88472
201802002,2019-02-19 21:09:31,CCGS LIMNOS,LAKE HURON,30,460722,-825305,79,25.79,2018-09-13 15:58:00,2048,24.00,.00,0.01000000,,0,4.140000,NA-F,SODIUM,MG/L,46.12278,-82.88472
201802002,2019-02-19 21:09:31,CCGS LIMNOS,LAKE HURON,30,460722,-825305,79,25.79,2018-09-13 15:58:00,2048,998.00,.00,0.01000000,<,0,.010000,NA-F,SODIUM,MG/L,46.12278,-82.88472
201802002,2019-02-19 21:09:31,CCGS LIMNOS,LAKE HURON,30,460722,-825305,79,25.79,2018-09-13 15:58:00,2048,999.00,.00,0.01000000,<,0,.010000,NA-F,SODIUM,MG/L,46.12278,-82.88472
201802002,2019-02-19 21:09:31,CCGS LIMNOS,LAKE HURON,31,461112,-832116,73,18.83,2018-09-13 18:56:00,2048,1.00,.00,0.01000000,,0,3.680000,NA-F,SODIUM,MG/L,46.18667,-83.35444
201802002,2019-02-19 21:09:31,CCGS LIMNOS,LAKE HURON,32,461401,-834445,71,35.37,2018-09-13 20:51:00,2048,1.00,.00,0.01000000,,0,2.280000,NA-F,SODIUM,MG/L,46.23361,-83.74583
201802002,2019-02-19 21:09:31,CCGS LIMNOS,LAKE HURON,32,461401,-834445,71,35.37,2018-09-13 20:51:00,2048,23.00,.00,0.01000000,,0,2.880000,NA-F,SODIUM,MG/L,46.23361,-83.74583
201802002,2019-02-19 21:09:31,CCGS LIMNOS,LAKE HURON,32,461401,-834445,71,35.37,2018-09-13 20:51:00,2048,27.00,.00,0.01000000,,0,2.770000,NA-F,SODIUM,MG/L,46.23361,-83.74583
201802002,2019-02-19 21:09:31,CCGS LIMNOS,LAKE HURON,32,461401,-834445,71,35.37,2018-09-13 20:51:00,2048,31.00,.00,0.01000000,,0,3.400000,NA-F,SODIUM,MG/L,46.23361,-83.74583
201802002,2019-02-19 21:09:31,CCGS LIMNOS,LAKE HURON,32,461401,-834445,71,35.37,2018-09-13 20:51:00,2048,33.00,.00,0.01000000,,0,3.390000,NA-F,SODIUM,MG/L,46.23361,-83.74583
201802002,2019-02-19 21:09:31,CCGS LIMNOS,LAKE HURON,33,460813,-834020,70,21.61,2018-09-13 22:05:00,2048,1.00,.00,0.01000000,,0,3.070000,NA-F,SODIUM,MG/L,46.13694,-83.67222
201802002,2019-02-19 21:09:31,CCGS LIMNOS,LAKE HURON,34,460232,-835109,68,16.63,2018-09-13 23:31:00,2048,1.00,.00,0.01000000,,0,1.900000,NA-F,SODIUM,MG/L,46.04222,-83.85250
201802002,2019-02-19 21:09:31,CCGS LIMNOS,LAKE HURON,35,460440,-840138,69,10.72,2018-09-14 00:42:00,2048,1.00,.00,0.01000000,,0,1.580000,NA-F,SODIUM,MG/L,46.07778,-84.02722
201802002,2019-02-19 21:09:31,CCGS LIMNOS,LAKE HURON,35,460440,-840138,69,10.72,2018-09-14 00:42:00,2048,1.00,.00,0.01000000,,1,1.590000,NA-F,SODIUM,MG/L,46.07778,-84.02722
201802002,2019-02-19 21:09:31,CCGS LIMNOS,LAKE HURON,35,460440,-840138,69,10.72,2018-09-14 00:42:00,2048,9.00,.00,0.01000000,,0,1.620000,NA-F,SODIUM,MG/L,46.07778,-84.02722
201802002,2019-02-19 21:09:31,CCGS LIMNOS,LAKE HURON,36,455610,-835359,67,29.3,2018-09-14 02:17:00,2048,1.00,.00,0.01000000,,0,3.870000,NA-F,SODIUM,MG/L,45.93611,-83.89972
201802002,2019-02-19 21:09:31,CCGS LIMNOS,LAKE HURON,37,455151,-841743,66,67.4,2018-09-14 04:24:00,2048,1.00,.00,0.01000000,,0,4.180000,NA-F,SODIUM,MG/L,45.86417,-84.29528
201802002,2019-02-19 21:09:31,CCGS LIMNOS,LAKE HURON,38,455041,-843358,65,58.91,2018-09-14 06:01:00,2048,1.00,.00,0.01000000,,0,5.230000,NA-F,SODIUM,MG/L,45.84472,-84.56611
201802002,2019-02-19 21:09:31,CCGS LIMNOS,LAKE HURON,39,454846,-844515,64,35.89,2018-09-14 07:17:00,2048,1.00,.00,0.01000000,,0,5.610000,NA-F,SODIUM,MG/L,45.81278,-84.75417
201802002,2019-02-19 21:09:31,CCGS LIMNOS,LAKE HURON,39,454846,-844515,64,35.89,2018-09-14 07:17:00,2048,19.00,.00,0.01000000,,0,5.790000,NA-F,SODIUM,MG/L,45.81278,-84.75417
201802002,2019-02-19 21:09:31,CCGS LIMNOS,LAKE HURON,39,454846,-844515,64,35.89,2018-09-14 07:17:00,2048,22.00,.00,0.01000000,,0,5.660000,NA-F,SODIUM,MG/L,45.81278,-84.75417
201802002,2019-02-19 21:09:31,CCGS LIMNOS,LAKE HURON,39,454846,-844515,64,35.89,2018-09-14 07:17:00,2048,30.00,.00,0.01000000,,0,5.360000,NA-F,SODIUM,MG/L,45.81278,-84.75417
201802002,2019-02-19 21:09:31,CCGS LIMNOS,LAKE HURON,39,454846,-844515,64,35.89,2018-09-14 07:17:00,2048,34.00,.00,0.01000000,,0,5.380000,NA-F,SODIUM,MG/L,45.81278,-84.75417
201802002,2019-02-19 21:09:31,CCGS LIMNOS,LAKE HURON,40,454218,-843037,63,15.8,2018-09-14 09:01:00,2048,1.00,.00,0.01000000,,0,5.680000,NA-F,SODIUM,MG/L,45.70500,-84.51028
201802002,2019-02-19 21:09:31,CCGS LIMNOS,LAKE HURON,40,454218,-843037,63,15.8,2018-09-14 09:01:00,2048,1.00,.00,0.01000000,,1,5.680000,NA-F,SODIUM,MG/L,45.70500,-84.51028
201802002,2019-02-19 21:09:31,CCGS LIMNOS,LAKE HURON,40,454218,-843037,63,15.8,2018-09-14 09:01:00,2048,998.00,.00,0.01000000,,0,.020000,NA-F,SODIUM,MG/L,45.70500,-84.51028
201802002,2019-02-19 21:09:31,CCGS LIMNOS,LAKE HURON,40,454218,-843037,63,15.8,2018-09-14 09:01:00,2048,999.00,.00,0.01000000,<,0,.010000,NA-F,SODIUM,MG/L,45.70500,-84.51028
201802002,2019-02-19 21:09:31,CCGS LIMNOS,LAKE HURON,41,454025,-841106,62,44.24,2018-09-14 11:05:00,2048,1.00,.00,0.01000000,,0,4.380000,NA-F,SODIUM,MG/L,45.67361,-84.18500
201802002,2019-02-19 21:09:31,CCGS LIMNOS,LAKE HURON,42,453102,-840501,56,21.54,2018-09-14 12:13:00,2048,1.00,.00,0.01000000,,0,5.160000,NA-F,SODIUM,MG/L,45.51722,-84.08361
201802002,2019-02-19 21:09:31,CCGS LIMNOS,LAKE HURON,43,453102,-832500,54,118.94,2018-09-14 15:26:00,2048,1.00,.00,0.01000000,,0,4.550000,NA-F,SODIUM,MG/L,45.51722,-83.41667
201802002,2019-02-19 21:09:31,CCGS LIMNOS,LAKE HURON,43,453102,-832500,54,118.94,2018-09-14 15:26:00,2048,3.00,.00,0.01000000,,0,4.530000,NA-F,SODIUM,MG/L,45.51722,-83.41667
201802002,2019-02-19 21:09:31,CCGS LIMNOS,LAKE HURON,43,453102,-832500,54,118.94,2018-09-14 15:26:00,2048,15.00,.00,0.01000000,,0,4.370000,NA-F,SODIUM,MG/L,45.51722,-83.41667
201802002,2019-02-19 21:09:31,CCGS LIMNOS,LAKE HURON,43,453102,-832500,54,118.94,2018-09-14 15:26:00,2048,30.00,.00,0.01000000,,0,4.380000,NA-F,SODIUM,MG/L,45.51722,-83.41667
201802002,2019-02-19 21:09:31,CCGS LIMNOS,LAKE HURON,43,453102,-832500,54,118.94,2018-09-14 15:26:00,2048,107.00,.00,0.01000000,,0,4.510000,NA-F,SODIUM,MG/L,45.51722,-83.41667
201802002,2019-02-19 21:09:31,CCGS LIMNOS,LAKE HURON,43,453102,-832500,54,118.94,2018-09-14 15:26:00,2048,117.00,.00,0.01000000,,0,4.490000,NA-F,SODIUM,MG/L,45.51722,-83.41667
201802002,2019-02-19 21:09:31,CCGS LIMNOS,LAKE HURON,44,451515,-832047,47,22.2,2018-09-14 18:07:00,2048,1.00,.00,0.01000000,,0,5.160000,NA-F,SODIUM,MG/L,45.25417,-83.34639
201802002,2019-02-19 21:09:31,CCGS LIMNOS,LAKE HURON,45,450228,-832233,36,8.8,2018-09-14 21:27:00,2048,1.00,.00,0.01000000,,0,4.470000,NA-F,SODIUM,MG/L,45.04111,-83.37583
201802002,2019-02-19 21:09:31,CCGS LIMNOS,LAKE HURON,45,450228,-832233,36,8.8,2018-09-14 21:27:00,2048,1.00,.00,0.01000000,,1,4.500000,NA-F,SODIUM,MG/L,45.04111,-83.37583
201802002,2019-02-19 21:09:31,CCGS LIMNOS,LAKE HURON,45,450228,-832233,36,8.8,2018-09-14 21:27:00,2048,7.00,.00,0.01000000,,0,4.500000,NA-F,SODIUM,MG/L,45.04111,-83.37583
201802002,2019-02-19 21:09:31,CCGS LIMNOS,LAKE HURON,46,450059,-824110,44,164.4,2018-09-15 01:10:00,2048,1.00,.00,0.01000000,,0,4.780000,NA-F,SODIUM,MG/L,45.01639,-82.68611
201802002,2019-02-19 21:09:31,CCGS LIMNOS,LAKE HURON,46,450059,-824110,44,164.4,2018-09-15 01:10:00,2048,18.00,.00,0.01000000,,0,4.820000,NA-F,SODIUM,MG/L,45.01639,-82.68611
201802002,2019-02-19 21:09:31,CCGS LIMNOS,LAKE HURON,46,450059,-824110,44,164.4,2018-09-15 01:10:00,2048,30.00,.00,0.01000000,,0,4.530000,NA-F,SODIUM,MG/L,45.01639,-82.68611
201802002,2019-02-19 21:09:31,CCGS LIMNOS,LAKE HURON,46,450059,-824110,44,164.4,2018-09-15 01:10:00,2048,42.00,.00,0.01000000,,0,4.530000,NA-F,SODIUM,MG/L,45.01639,-82.68611
201802002,2019-02-19 21:09:31,CCGS LIMNOS,LAKE HURON,46,450059,-824110,44,164.4,2018-09-15 01:10:00,2048,100.00,.00,0.01000000,,0,4.540000,NA-F,SODIUM,MG/L,45.01639,-82.68611
201802002,2019-02-19 21:09:31,CCGS LIMNOS,LAKE HURON,46,450059,-824110,44,164.4,2018-09-15 01:10:00,2048,154.00,.00,0.01000000,,0,4.530000,NA-F,SODIUM,MG/L,45.01639,-82.68611
201802002,2019-02-19 21:09:31,CCGS LIMNOS,LAKE HURON,46,450059,-824110,44,164.4,2018-09-15 01:10:00,2048,162.00,.00,0.01000000,,0,4.560000,NA-F,SODIUM,MG/L,45.01639,-82.68611
201802002,2019-02-19 21:09:31,CCGS LIMNOS,LAKE HURON,47,442958,-824952,33,72.14,2018-09-15 05:40:00,2048,1.00,.00,0.01000000,,0,4.420000,NA-F,SODIUM,MG/L,44.49944,-82.83111
201802002,2019-02-19 21:09:31,CCGS LIMNOS,LAKE HURON,48,441246,-832216,95,20.19,2018-09-15 09:12:00,2048,1.00,.00,0.01000000,,0,4.730000,NA-F,SODIUM,MG/L,44.21278,-83.37111
201802002,2019-02-19 21:09:31,CCGS LIMNOS,LAKE HURON,48,441246,-832216,95,20.19,2018-09-15 09:12:00,2048,16.50,.00,0.01000000,,0,4.700000,NA-F,SODIUM,MG/L,44.21278,-83.37111
201802002,2019-02-19 21:09:31,CCGS LIMNOS,LAKE HURON,48,441246,-832216,95,20.19,2018-09-15 09:12:00,2048,18.00,.00,0.01000000,,0,4.840000,NA-F,SODIUM,MG/L,44.21278,-83.37111
201802002,2019-02-19 21:09:31,CCGS LIMNOS,LAKE HURON,49,440653,-833141,97,10.88,2018-09-15 10:39:00,2048,1.00,.00,0.01000000,,0,7.150000,NA-F,SODIUM,MG/L,44.11472,-83.52806
201802002,2019-02-19 21:09:31,CCGS LIMNOS,LAKE HURON,50,435835,-833432,98,10.97,2018-09-15 12:00:00,2048,1.00,.00,0.01000000,,0,7.740000,NA-F,SODIUM,MG/L,43.97639,-83.57556
201802002,2019-02-19 21:09:31,CCGS LIMNOS,LAKE HURON,50,435835,-833432,98,10.97,2018-09-15 12:00:00,2048,1.00,.00,0.01000000,,1,7.760000,NA-F,SODIUM,MG/L,43.97639,-83.57556
201802002,2019-02-19 21:09:31,CCGS LIMNOS,LAKE HURON,50,435835,-833432,98,10.97,2018-09-15 12:00:00,2048,998.00,.00,0.01000000,<,0,.010000,NA-F,SODIUM,MG/L,43.97639,-83.57556
201802002,2019-02-19 21:09:31,CCGS LIMNOS,LAKE HURON,50,435835,-833432,98,10.97,2018-09-15 12:00:00,2048,999.00,.00,0.01000000,<,0,.010000,NA-F,SODIUM,MG/L,43.97639,-83.57556
201802002,2019-02-19 21:09:31,CCGS LIMNOS,LAKE HURON,51,435431,-834430,99,7.32,2018-09-15 13:15:00,2048,1.00,.00,0.01000000,,0,8.490000,NA-F,SODIUM,MG/L,43.90861,-83.74167
201802002,2019-02-19 21:09:31,CCGS LIMNOS,LAKE HURON,52,434930,-834901,100,7.02,2018-09-15 14:06:00,2048,1.00,.00,0.01000000,,0,7.980000,NA-F,SODIUM,MG/L,43.82500,-83.81694
201802002,2019-02-19 21:09:31,CCGS LIMNOS,LAKE HURON,52,434930,-834901,100,7.02,2018-09-15 14:06:00,2048,5.00,.00,0.01000000,,0,7.940000,NA-F,SODIUM,MG/L,43.82500,-83.81694
201802002,2019-02-19 21:09:31,CCGS LIMNOS,LAKE HURON,53,434914,-833733,101,6.11,2018-09-15 15:22:00,2048,1.00,.00,0.01000000,,0,9.060000,NA-F,SODIUM,MG/L,43.82056,-83.62583
201802002,2019-02-19 21:09:31,CCGS LIMNOS,LAKE HURON,54,440735,-831019,96,29.29,2018-09-15 19:16:00,2048,1.00,.00,0.01000000,,0,4.800000,NA-F,SODIUM,MG/L,44.12639,-83.17194
201802002,2019-02-19 21:09:31,CCGS LIMNOS,LAKE HURON,55,441257,-830504,20,45.7,2018-09-15 20:13:00,2048,1.00,.00,0.01000000,,0,4.730000,NA-F,SODIUM,MG/L,44.21583,-83.08444
201802002,2019-02-19 21:09:31,CCGS LIMNOS,LAKE HURON,55,441257,-830504,20,45.7,2018-09-15 20:13:00,2048,1.00,.00,0.01000000,,1,4.730000,NA-F,SODIUM,MG/L,44.21583,-83.08444
201802002,2019-02-19 21:09:31,CCGS LIMNOS,LAKE HURON,56,440602,-825202,17,14.94,2018-09-15 21:56:00,2048,1.00,.00,0.01000000,,0,4.710000,NA-F,SODIUM,MG/L,44.10056,-82.86722
201802002,2019-02-19 21:09:31,CCGS LIMNOS,LAKE HURON,56,440602,-825202,17,14.94,2018-09-15 21:56:00,2048,13.00,.00,0.01000000,,0,4.770000,NA-F,SODIUM,MG/L,44.10056,-82.86722
201802002,2019-02-19 21:09:31,CCGS LIMNOS,LAKE HURON,57,441154,-823014,27,55.22,2018-09-16 00:02:00,2048,1.00,.00,0.01000000,,0,4.670000,NA-F,SODIUM,MG/L,44.19833,-82.50389
201802002,2019-02-19 21:09:31,CCGS LIMNOS,LAKE HURON,58,435632,-823956,14,13.16,2018-09-16 02:26:00,2048,1.00,.00,0.01000000,,0,4.700000,NA-F,SODIUM,MG/L,43.94222,-82.66556
201802002,2019-02-19 21:09:31,CCGS LIMNOS,LAKE HURON,58,435632,-823956,14,13.16,2018-09-16 02:26:00,2048,11.00,.00,0.01000000,,0,4.800000,NA-F,SODIUM,MG/L,43.94222,-82.66556
201802002,2019-02-19 21:09:31,CCGS LIMNOS,LAKE HURON,59,434511,-823408,13,16.56,2018-09-16 04:02:00,2048,1.00,.00,0.01000000,,0,4.700000,NA-F,SODIUM,MG/L,43.75306,-82.56889
201802002,2019-02-19 21:09:31,CCGS LIMNOS,LAKE HURON,60,433800,-821300,9,58.92,2018-09-16 06:04:00,2048,1.00,.00,0.01000000,,0,4.690000,NA-F,SODIUM,MG/L,43.63333,-82.21667
201802002,2019-02-19 21:09:31,CCGS LIMNOS,LAKE HURON,60,433800,-821300,9,58.92,2018-09-16 06:04:00,2048,1.00,.00,0.01000000,,1,4.680000,NA-F,SODIUM,MG/L,43.63333,-82.21667
201802002,2019-02-19 21:09:31,CCGS LIMNOS,LAKE HURON,60,433800,-821300,9,58.92,2018-09-16 06:04:00,2048,25.00,.00,0.01000000,,0,4.620000,NA-F,SODIUM,MG/L,43.63333,-82.21667
201802002,2019-02-19 21:09:31,CCGS LIMNOS,LAKE HURON,60,433800,-821300,9,58.92,2018-09-16 06:04:00,2048,29.00,.00,0.01000000,,0,4.630000,NA-F,SODIUM,MG/L,43.63333,-82.21667
201802002,2019-02-19 21:09:31,CCGS LIMNOS,LAKE HURON,60,433800,-821300,9,58.92,2018-09-16 06:04:00,2048,37.00,.00,0.01000000,,0,4.640000,NA-F,SODIUM,MG/L,43.63333,-82.21667
201802002,2019-02-19 21:09:31,CCGS LIMNOS,LAKE HURON,60,433800,-821300,9,58.92,2018-09-16 06:04:00,2048,49.00,.00,0.01000000,,0,4.620000,NA-F,SODIUM,MG/L,43.63333,-82.21667
201802002,2019-02-19 21:09:31,CCGS LIMNOS,LAKE HURON,60,433800,-821300,9,58.92,2018-09-16 06:04:00,2048,57.00,.00,0.01000000,,0,4.600000,NA-F,SODIUM,MG/L,43.63333,-82.21667
201802002,2019-02-19 21:09:31,CCGS LIMNOS,LAKE HURON,60,433800,-821300,9,58.92,2018-09-16 06:04:00,2048,998.00,.00,0.01000000,<,0,.010000,NA-F,SODIUM,MG/L,43.63333,-82.21667
201802002,2019-02-19 21:09:31,CCGS LIMNOS,LAKE HURON,60,433800,-821300,9,58.92,2018-09-16 06:04:00,2048,999.00,.00,0.01000000,<,0,.010000,NA-F,SODIUM,MG/L,43.63333,-82.21667
201802002,2019-02-19 21:09:31,CCGS LIMNOS,LAKE HURON,61,433358,-822903,8,29.67,2018-09-16 08:09:00,2048,1.00,.00,0.01000000,,0,4.690000,NA-F,SODIUM,MG/L,43.56611,-82.48417
201802002,2019-02-19 21:09:31,CCGS LIMNOS,LAKE HURON,62,432031,-823022,7,10.72,2018-09-16 09:45:00,2048,1.00,.00,0.01000000,,0,4.700000,NA-F,SODIUM,MG/L,43.34194,-82.50611
201802002,2019-02-19 21:09:31,CCGS LIMNOS,LAKE HURON,1,430524,-822330,1,10.34,2018-09-10 23:38:00,2050,1.00,.00,0.01000000,,0,1.720000,SIO2-F,SILICA,MG/L,43.09000,-82.39167
201802002,2019-02-19 21:09:31,CCGS LIMNOS,LAKE HURON,1,430524,-822330,1,10.34,2018-09-10 23:38:00,2050,8.00,.00,0.01000000,,0,1.720000,SIO2-F,SILICA,MG/L,43.09000,-82.39167
201802002,2019-02-19 21:09:31,CCGS LIMNOS,LAKE HURON,2,431524,-820219,3,14.91,2018-09-11 02:08:00,2050,1.00,.00,0.01000000,,0,1.590000,SIO2-F,SILICA,MG/L,43.25667,-82.03861
201802002,2019-02-19 21:09:31,CCGS LIMNOS,LAKE HURON,3,431928,-814722,4,9.81,2018-09-11 03:45:00,2050,1.00,.00,0.01000000,,0,1.690000,SIO2-F,SILICA,MG/L,43.32444,-81.78944
201802002,2019-02-19 21:09:31,CCGS LIMNOS,LAKE HURON,4,433252,-814440,5,11.12,2018-09-11 05:38:00,2050,1.00,.00,0.01000000,,0,1.890000,SIO2-F,SILICA,MG/L,43.54778,-81.74444
201802002,2019-02-19 21:09:31,CCGS LIMNOS,LAKE HURON,5,434508,-814655,10,12.08,2018-09-11 07:16:00,2050,1.00,.00,0.01000000,,0,1.790000,SIO2-F,SILICA,MG/L,43.75222,-81.78194
201802002,2019-02-19 21:09:31,CCGS LIMNOS,LAKE HURON,5,434508,-814655,10,12.08,2018-09-11 07:16:00,2050,1.00,.00,0.01000000,,1,1.760000,SIO2-F,SILICA,MG/L,43.75222,-81.78194
201802002,2019-02-19 21:09:31,CCGS LIMNOS,LAKE HURON,6,435325,-820319,12,87.02,2018-09-11 09:19:00,2050,1.00,.00,0.01000000,,0,1.700000,SIO2-F,SILICA,MG/L,43.89028,-82.05528
201802002,2019-02-19 21:09:31,CCGS LIMNOS,LAKE HURON,7,435722,-814711,11,9.94,2018-09-11 11:20:00,2050,1.00,.00,0.01000000,,0,2.000000,SIO2-F,SILICA,MG/L,43.95611,-81.78639
201802002,2019-02-19 21:09:31,CCGS LIMNOS,LAKE HURON,8,442203,-815002,29,124.4,2018-09-11 14:35:00,2050,1.00,.00,0.01000000,,0,1.790000,SIO2-F,SILICA,MG/L,44.36750,-81.83389
201802002,2019-02-19 21:09:31,CCGS LIMNOS,LAKE HURON,8,442203,-815002,29,124.4,2018-09-11 14:35:00,2050,10.00,.00,0.01000000,,0,1.800000,SIO2-F,SILICA,MG/L,44.36750,-81.83389
201802002,2019-02-19 21:09:31,CCGS LIMNOS,LAKE HURON,8,442203,-815002,29,124.4,2018-09-11 14:35:00,2050,14.00,.00,0.01000000,,0,1.800000,SIO2-F,SILICA,MG/L,44.36750,-81.83389
201802002,2019-02-19 21:09:31,CCGS LIMNOS,LAKE HURON,8,442203,-815002,29,124.4,2018-09-11 14:35:00,2050,20.00,.00,0.01000000,,0,1.850000,SIO2-F,SILICA,MG/L,44.36750,-81.83389
201802002,2019-02-19 21:09:31,CCGS LIMNOS,LAKE HURON,8,442203,-815002,29,124.4,2018-09-11 14:35:00,2050,114.00,.00,0.01000000,,0,2.120000,SIO2-F,SILICA,MG/L,44.36750,-81.83389
201802002,2019-02-19 21:09:31,CCGS LIMNOS,LAKE HURON,8,442203,-815002,29,124.4,2018-09-11 14:35:00,2050,122.00,.00,0.01000000,,0,2.110000,SIO2-F,SILICA,MG/L,44.36750,-81.83389
201802002,2019-02-19 21:09:31,CCGS LIMNOS,LAKE HURON,9,442757,-812713,30,19.91,2018-09-11 16:57:00,2050,1.00,.00,0.01000000,,0,1.770000,SIO2-F,SILICA,MG/L,44.46583,-81.45361
201802002,2019-02-19 21:09:31,CCGS LIMNOS,LAKE HURON,10,443920,-812240,39,25.46,2018-09-11 18:30:00,2050,1.00,.00,0.01000000,,0,1.710000,SIO2-F,SILICA,MG/L,44.65556,-81.37778
201802002,2019-02-19 21:09:31,CCGS LIMNOS,LAKE HURON,10,443920,-812240,39,25.46,2018-09-11 18:30:00,2050,1.00,.00,0.01000000,,1,1.700000,SIO2-F,SILICA,MG/L,44.65556,-81.37778
201802002,2019-02-19 21:09:31,CCGS LIMNOS,LAKE HURON,10,443920,-812240,39,25.46,2018-09-11 18:30:00,2050,998.00,.00,0.01000000,,0,.040000,SIO2-F,SILICA,MG/L,44.65556,-81.37778
201802002,2019-02-19 21:09:31,CCGS LIMNOS,LAKE HURON,10,443920,-812240,39,25.46,2018-09-11 18:30:00,2050,999.00,.00,0.01000000,,0,.020000,SIO2-F,SILICA,MG/L,44.65556,-81.37778
201802002,2019-02-19 21:09:31,CCGS LIMNOS,LAKE HURON,11,445354,-812617,40,20.6,2018-09-11 21:16:00,2050,1.00,.00,0.01000000,,0,1.660000,SIO2-F,SILICA,MG/L,44.89833,-81.43806
201802002,2019-02-19 21:09:31,CCGS LIMNOS,LAKE HURON,12,444425,-820324,38,134.62,2018-09-12 00:30:00,2050,1.00,.00,0.01000000,,0,1.780000,SIO2-F,SILICA,MG/L,44.74028,-82.05667
201802002,2019-02-19 21:09:31,CCGS LIMNOS,LAKE HURON,13,450106,-815835,43,173.44,2018-09-12 03:39:00,2050,1.00,.00,0.01000000,,0,1.760000,SIO2-F,SILICA,MG/L,45.01833,-81.97639
201802002,2019-02-19 21:09:31,CCGS LIMNOS,LAKE HURON,14,450459,-813213,41,21.37,2018-09-12 05:44:00,2050,1.00,.00,0.01000000,,0,1.650000,SIO2-F,SILICA,MG/L,45.08306,-81.53694
201802002,2019-02-19 21:09:31,CCGS LIMNOS,LAKE HURON,15,451315,-814914,42,43.58,2018-09-12 07:39:00,2050,1.00,.00,0.01000000,,0,1.660000,SIO2-F,SILICA,MG/L,45.22083,-81.82056
201802002,2019-02-19 21:09:31,CCGS LIMNOS,LAKE HURON,15,451315,-814914,42,43.58,2018-09-12 07:39:00,2050,1.00,.00,0.01000000,,1,1.670000,SIO2-F,SILICA,MG/L,45.22083,-81.82056
201802002,2019-02-19 21:09:31,CCGS LIMNOS,LAKE HURON,16,451644,-822704,48,110.28,2018-09-12 10:54:00,2050,1.00,.00,0.01000000,,0,1.680000,SIO2-F,SILICA,MG/L,45.27889,-82.45111
201802002,2019-02-19 21:09:31,CCGS LIMNOS,LAKE HURON,17,453209,-820244,50,26.19,2018-09-12 13:40:00,2050,1.00,.00,0.01000000,,0,1.640000,SIO2-F,SILICA,MG/L,45.53583,-82.04556
201802002,2019-02-19 21:09:31,CCGS LIMNOS,LAKE HURON,18,453904,-823850,52,65.02,2018-09-12 17:13:00,2050,1.00,.00,0.01000000,,0,1.730000,SIO2-F,SILICA,MG/L,45.65111,-82.64722
201802002,2019-02-19 21:09:31,CCGS LIMNOS,LAKE HURON,19,454559,-830141,59,17.98,2018-09-12 19:44:00,2050,1.00,.00,0.01000000,,0,1.710000,SIO2-F,SILICA,MG/L,45.76639,-83.02806
201802002,2019-02-19 21:09:31,CCGS LIMNOS,LAKE HURON,20,455200,-831558,58,12.75,2018-09-12 21:24:00,2050,1.00,.00,0.01000000,,0,1.700000,SIO2-F,SILICA,MG/L,45.86667,-83.26611
201802002,2019-02-19 21:09:31,CCGS LIMNOS,LAKE HURON,20,455200,-831558,58,12.75,2018-09-12 21:24:00,2050,1.00,.00,0.01000000,,1,1.680000,SIO2-F,SILICA,MG/L,45.86667,-83.26611
201802002,2019-02-19 21:09:31,CCGS LIMNOS,LAKE HURON,20,455200,-831558,58,12.75,2018-09-12 21:24:00,2050,998.00,.00,0.01000000,<,0,.010000,SIO2-F,SILICA,MG/L,45.86667,-83.26611
201802002,2019-02-19 21:09:31,CCGS LIMNOS,LAKE HURON,20,455200,-831558,58,12.75,2018-09-12 21:24:00,2050,999.00,.00,0.01000000,<,0,.010000,SIO2-F,SILICA,MG/L,45.86667,-83.26611
201802002,2019-02-19 21:09:31,CCGS LIMNOS,LAKE HURON,21,455404,-833110,60,24.14,2018-09-12 23:15:00,2050,1.00,.00,0.01000000,,0,1.660000,SIO2-F,SILICA,MG/L,45.90111,-83.51944
201802002,2019-02-19 21:09:31,CCGS LIMNOS,LAKE HURON,22,455959,-832600,76,58.38,2018-09-13 00:29:00,2050,1.00,.00,0.01000000,,0,1.790000,SIO2-F,SILICA,MG/L,45.99972,-83.43333
201802002,2019-02-19 21:09:31,CCGS LIMNOS,LAKE HURON,23,455814,-831157,77,77.89,2018-09-13 01:46:00,2050,1.00,.00,0.01000000,,0,1.750000,SIO2-F,SILICA,MG/L,45.97056,-83.19917
201802002,2019-02-19 21:09:31,CCGS LIMNOS,LAKE HURON,24,455612,-824534,82,28.12,2018-09-13 04:52:00,2050,1.00,.00,0.01000000,,0,1.890000,SIO2-F,SILICA,MG/L,45.93667,-82.75944
201802002,2019-02-19 21:09:31,CCGS LIMNOS,LAKE HURON,25,455959,-823301,83,31.13,2018-09-13 06:16:00,2050,1.00,.00,0.01000000,,0,1.850000,SIO2-F,SILICA,MG/L,45.99972,-82.55028
201802002,2019-02-19 21:09:31,CCGS LIMNOS,LAKE HURON,25,455959,-823301,83,31.13,2018-09-13 06:16:00,2050,1.00,.00,0.01000000,,1,1.860000,SIO2-F,SILICA,MG/L,45.99972,-82.55028
201802002,2019-02-19 21:09:31,CCGS LIMNOS,LAKE HURON,26,460340,-821149,87,43.68,2018-09-13 08:08:00,2050,1.00,.00,0.01000000,,0,1.780000,SIO2-F,SILICA,MG/L,46.06111,-82.19694
201802002,2019-02-19 21:09:31,CCGS LIMNOS,LAKE HURON,27,460319,-820000,88,35.75,2018-09-13 09:21:00,2050,1.00,.00,0.01000000,,0,1.760000,SIO2-F,SILICA,MG/L,46.05528,-82.00000
201802002,2019-02-19 21:09:31,CCGS LIMNOS,LAKE HURON,28,455459,-820940,89,38.74,2018-09-13 11:07:00,2050,1.00,.00,0.01000000,,0,1.770000,SIO2-F,SILICA,MG/L,45.91639,-82.16111
201802002,2019-02-19 21:09:31,CCGS LIMNOS,LAKE HURON,29,460630,-825048,84,35.65,2018-09-13 15:44:00,2050,1.00,.00,0.01000000,,0,1.890000,SIO2-F,SILICA,MG/L,46.10833,-82.84667
201802002,2019-02-19 21:09:31,CCGS LIMNOS,LAKE HURON,29,460630,-825048,84,35.65,2018-09-13 15:44:00,2050,12.00,.00,0.01000000,,0,1.880000,SIO2-F,SILICA,MG/L,46.10833,-82.84667
201802002,2019-02-19 21:09:31,CCGS LIMNOS,LAKE HURON,29,460630,-825048,84,35.65,2018-09-13 15:44:00,2050,14.00,.00,0.01000000,,0,2.260000,SIO2-F,SILICA,MG/L,46.10833,-82.84667
201802002,2019-02-19 21:09:31,CCGS LIMNOS,LAKE HURON,29,460630,-825048,84,35.65,2018-09-13 15:44:00,2050,16.00,.00,0.01000000,,0,2.370000,SIO2-F,SILICA,MG/L,46.10833,-82.84667
201802002,2019-02-19 21:09:31,CCGS LIMNOS,LAKE HURON,29,460630,-825048,84,35.65,2018-09-13 15:44:00,2050,34.00,.00,0.01000000,,0,2.410000,SIO2-F,SILICA,MG/L,46.10833,-82.84667
201802002,2019-02-19 21:09:31,CCGS LIMNOS,LAKE HURON,30,460722,-825305,79,25.79,2018-09-13 15:58:00,2050,1.00,.00,0.01000000,,0,1.870000,SIO2-F,SILICA,MG/L,46.12278,-82.88472
201802002,2019-02-19 21:09:31,CCGS LIMNOS,LAKE HURON,30,460722,-825305,79,25.79,2018-09-13 15:58:00,2050,1.00,.00,0.01000000,,1,1.880000,SIO2-F,SILICA,MG/L,46.12278,-82.88472
201802002,2019-02-19 21:09:31,CCGS LIMNOS,LAKE HURON,30,460722,-825305,79,25.79,2018-09-13 15:58:00,2050,12.00,.00,0.01000000,,0,2.140000,SIO2-F,SILICA,MG/L,46.12278,-82.88472
201802002,2019-02-19 21:09:31,CCGS LIMNOS,LAKE HURON,30,460722,-825305,79,25.79,2018-09-13 15:58:00,2050,16.00,.00,0.01000000,,0,2.460000,SIO2-F,SILICA,MG/L,46.12278,-82.88472
201802002,2019-02-19 21:09:31,CCGS LIMNOS,LAKE HURON,30,460722,-825305,79,25.79,2018-09-13 15:58:00,2050,24.00,.00,0.01000000,,0,2.440000,SIO2-F,SILICA,MG/L,46.12278,-82.88472
201802002,2019-02-19 21:09:31,CCGS LIMNOS,LAKE HURON,30,460722,-825305,79,25.79,2018-09-13 15:58:00,2050,998.00,.00,0.01000000,<,0,.010000,SIO2-F,SILICA,MG/L,46.12278,-82.88472
201802002,2019-02-19 21:09:31,CCGS LIMNOS,LAKE HURON,30,460722,-825305,79,25.79,2018-09-13 15:58:00,2050,999.00,.00,0.01000000,<,0,.010000,SIO2-F,SILICA,MG/L,46.12278,-82.88472
201802002,2019-02-19 21:09:31,CCGS LIMNOS,LAKE HURON,31,461112,-832116,73,18.83,2018-09-13 18:56:00,2050,1.00,.00,0.01000000,,0,1.850000,SIO2-F,SILICA,MG/L,46.18667,-83.35444
201802002,2019-02-19 21:09:31,CCGS LIMNOS,LAKE HURON,32,461401,-834445,71,35.37,2018-09-13 20:51:00,2050,1.00,.00,0.01000000,,0,2.130000,SIO2-F,SILICA,MG/L,46.23361,-83.74583
201802002,2019-02-19 21:09:31,CCGS LIMNOS,LAKE HURON,32,461401,-834445,71,35.37,2018-09-13 20:51:00,2050,23.00,.00,0.01000000,,0,2.080000,SIO2-F,SILICA,MG/L,46.23361,-83.74583
201802002,2019-02-19 21:09:31,CCGS LIMNOS,LAKE HURON,32,461401,-834445,71,35.37,2018-09-13 20:51:00,2050,27.00,.00,0.01000000,,0,2.180000,SIO2-F,SILICA,MG/L,46.23361,-83.74583
201802002,2019-02-19 21:09:31,CCGS LIMNOS,LAKE HURON,32,461401,-834445,71,35.37,2018-09-13 20:51:00,2050,31.00,.00,0.01000000,,0,2.440000,SIO2-F,SILICA,MG/L,46.23361,-83.74583
201802002,2019-02-19 21:09:31,CCGS LIMNOS,LAKE HURON,32,461401,-834445,71,35.37,2018-09-13 20:51:00,2050,33.00,.00,0.01000000,,0,2.420000,SIO2-F,SILICA,MG/L,46.23361,-83.74583
201802002,2019-02-19 21:09:31,CCGS LIMNOS,LAKE HURON,33,460813,-834020,70,21.61,2018-09-13 22:05:00,2050,1.00,.00,0.01000000,,0,1.960000,SIO2-F,SILICA,MG/L,46.13694,-83.67222
201802002,2019-02-19 21:09:31,CCGS LIMNOS,LAKE HURON,34,460232,-835109,68,16.63,2018-09-13 23:31:00,2050,1.00,.00,0.01000000,,0,2.160000,SIO2-F,SILICA,MG/L,46.04222,-83.85250
201802002,2019-02-19 21:09:31,CCGS LIMNOS,LAKE HURON,35,460440,-840138,69,10.72,2018-09-14 00:42:00,2050,1.00,.00,0.01000000,,0,2.120000,SIO2-F,SILICA,MG/L,46.07778,-84.02722
201802002,2019-02-19 21:09:31,CCGS LIMNOS,LAKE HURON,35,460440,-840138,69,10.72,2018-09-14 00:42:00,2050,1.00,.00,0.01000000,,1,2.120000,SIO2-F,SILICA,MG/L,46.07778,-84.02722
201802002,2019-02-19 21:09:31,CCGS LIMNOS,LAKE HURON,35,460440,-840138,69,10.72,2018-09-14 00:42:00,2050,9.00,.00,0.01000000,,0,2.140000,SIO2-F,SILICA,MG/L,46.07778,-84.02722
201802002,2019-02-19 21:09:31,CCGS LIMNOS,LAKE HURON,36,455610,-835359,67,29.3,2018-09-14 02:17:00,2050,1.00,.00,0.01000000,,0,1.820000,SIO2-F,SILICA,MG/L,45.93611,-83.89972
201802002,2019-02-19 21:09:31,CCGS LIMNOS,LAKE HURON,37,455151,-841743,66,67.4,2018-09-14 04:24:00,2050,1.00,.00,0.01000000,,0,1.700000,SIO2-F,SILICA,MG/L,45.86417,-84.29528
201802002,2019-02-19 21:09:31,CCGS LIMNOS,LAKE HURON,38,455041,-843358,65,58.91,2018-09-14 06:01:00,2050,1.00,.00,0.01000000,,0,1.530000,SIO2-F,SILICA,MG/L,45.84472,-84.56611
201802002,2019-02-19 21:09:31,CCGS LIMNOS,LAKE HURON,39,454846,-844515,64,35.89,2018-09-14 07:17:00,2050,1.00,.00,0.01000000,,0,1.560000,SIO2-F,SILICA,MG/L,45.81278,-84.75417
201802002,2019-02-19 21:09:31,CCGS LIMNOS,LAKE HURON,39,454846,-844515,64,35.89,2018-09-14 07:17:00,2050,19.00,.00,0.01000000,,0,1.640000,SIO2-F,SILICA,MG/L,45.81278,-84.75417
201802002,2019-02-19 21:09:31,CCGS LIMNOS,LAKE HURON,39,454846,-844515,64,35.89,2018-09-14 07:17:00,2050,22.00,.00,0.01000000,,0,1.840000,SIO2-F,SILICA,MG/L,45.81278,-84.75417
201802002,2019-02-19 21:09:31,CCGS LIMNOS,LAKE HURON,39,454846,-844515,64,35.89,2018-09-14 07:17:00,2050,30.00,.00,0.01000000,,0,1.980000,SIO2-F,SILICA,MG/L,45.81278,-84.75417
201802002,2019-02-19 21:09:31,CCGS LIMNOS,LAKE HURON,39,454846,-844515,64,35.89,2018-09-14 07:17:00,2050,34.00,.00,0.01000000,,0,2.000000,SIO2-F,SILICA,MG/L,45.81278,-84.75417
201802002,2019-02-19 21:09:31,CCGS LIMNOS,LAKE HURON,40,454218,-843037,63,15.8,2018-09-14 09:01:00,2050,1.00,.00,0.01000000,,0,1.690000,SIO2-F,SILICA,MG/L,45.70500,-84.51028
201802002,2019-02-19 21:09:31,CCGS LIMNOS,LAKE HURON,40,454218,-843037,63,15.8,2018-09-14 09:01:00,2050,1.00,.00,0.01000000,,1,1.690000,SIO2-F,SILICA,MG/L,45.70500,-84.51028
201802002,2019-02-19 21:09:31,CCGS LIMNOS,LAKE HURON,40,454218,-843037,63,15.8,2018-09-14 09:01:00,2050,998.00,.00,0.01000000,,0,.010000,SIO2-F,SILICA,MG/L,45.70500,-84.51028
201802002,2019-02-19 21:09:31,CCGS LIMNOS,LAKE HURON,40,454218,-843037,63,15.8,2018-09-14 09:01:00,2050,999.00,.00,0.01000000,<,0,.010000,SIO2-F,SILICA,MG/L,45.70500,-84.51028
201802002,2019-02-19 21:09:31,CCGS LIMNOS,LAKE HURON,41,454025,-841106,62,44.24,2018-09-14 11:05:00,2050,1.00,.00,0.01000000,,0,1.620000,SIO2-F,SILICA,MG/L,45.67361,-84.18500
201802002,2019-02-19 21:09:31,CCGS LIMNOS,LAKE HURON,42,453102,-840501,56,21.54,2018-09-14 12:13:00,2050,1.00,.00,0.01000000,,0,1.610000,SIO2-F,SILICA,MG/L,45.51722,-84.08361
201802002,2019-02-19 21:09:31,CCGS LIMNOS,LAKE HURON,43,453102,-832500,54,118.94,2018-09-14 15:26:00,2050,1.00,.00,0.01000000,,0,1.690000,SIO2-F,SILICA,MG/L,45.51722,-83.41667
201802002,2019-02-19 21:09:31,CCGS LIMNOS,LAKE HURON,43,453102,-832500,54,118.94,2018-09-14 15:26:00,2050,3.00,.00,0.01000000,,0,1.810000,SIO2-F,SILICA,MG/L,45.51722,-83.41667
201802002,2019-02-19 21:09:31,CCGS LIMNOS,LAKE HURON,43,453102,-832500,54,118.94,2018-09-14 15:26:00,2050,15.00,.00,0.01000000,,0,1.870000,SIO2-F,SILICA,MG/L,45.51722,-83.41667
201802002,2019-02-19 21:09:31,CCGS LIMNOS,LAKE HURON,43,453102,-832500,54,118.94,2018-09-14 15:26:00,2050,30.00,.00,0.01000000,,0,2.010000,SIO2-F,SILICA,MG/L,45.51722,-83.41667
201802002,2019-02-19 21:09:31,CCGS LIMNOS,LAKE HURON,43,453102,-832500,54,118.94,2018-09-14 15:26:00,2050,107.00,.00,0.01000000,,0,2.150000,SIO2-F,SILICA,MG/L,45.51722,-83.41667
201802002,2019-02-19 21:09:31,CCGS LIMNOS,LAKE HURON,43,453102,-832500,54,118.94,2018-09-14 15:26:00,2050,117.00,.00,0.01000000,,0,2.170000,SIO2-F,SILICA,MG/L,45.51722,-83.41667
201802002,2019-02-19 21:09:31,CCGS LIMNOS,LAKE HURON,44,451515,-832047,47,22.2,2018-09-14 18:07:00,2050,1.00,.00,0.01000000,,0,1.600000,SIO2-F,SILICA,MG/L,45.25417,-83.34639
201802002,2019-02-19 21:09:31,CCGS LIMNOS,LAKE HURON,45,450228,-832233,36,8.8,2018-09-14 21:27:00,2050,1.00,.00,0.01000000,,0,1.640000,SIO2-F,SILICA,MG/L,45.04111,-83.37583
201802002,2019-02-19 21:09:31,CCGS LIMNOS,LAKE HURON,45,450228,-832233,36,8.8,2018-09-14 21:27:00,2050,1.00,.00,0.01000000,,1,1.640000,SIO2-F,SILICA,MG/L,45.04111,-83.37583
201802002,2019-02-19 21:09:31,CCGS LIMNOS,LAKE HURON,45,450228,-832233,36,8.8,2018-09-14 21:27:00,2050,7.00,.00,0.01000000,,0,1.650000,SIO2-F,SILICA,MG/L,45.04111,-83.37583
201802002,2019-02-19 21:09:31,CCGS LIMNOS,LAKE HURON,46,450059,-824110,44,164.4,2018-09-15 01:10:00,2050,1.00,.00,0.01000000,,0,1.600000,SIO2-F,SILICA,MG/L,45.01639,-82.68611
201802002,2019-02-19 21:09:31,CCGS LIMNOS,LAKE HURON,46,450059,-824110,44,164.4,2018-09-15 01:10:00,2050,18.00,.00,0.01000000,,0,1.610000,SIO2-F,SILICA,MG/L,45.01639,-82.68611
201802002,2019-02-19 21:09:31,CCGS LIMNOS,LAKE HURON,46,450059,-824110,44,164.4,2018-09-15 01:10:00,2050,30.00,.00,0.01000000,,0,1.840000,SIO2-F,SILICA,MG/L,45.01639,-82.68611
201802002,2019-02-19 21:09:31,CCGS LIMNOS,LAKE HURON,46,450059,-824110,44,164.4,2018-09-15 01:10:00,2050,42.00,.00,0.01000000,,0,1.930000,SIO2-F,SILICA,MG/L,45.01639,-82.68611
201802002,2019-02-19 21:09:31,CCGS LIMNOS,LAKE HURON,46,450059,-824110,44,164.4,2018-09-15 01:10:00,2050,100.00,.00,0.01000000,,0,2.070000,SIO2-F,SILICA,MG/L,45.01639,-82.68611
201802002,2019-02-19 21:09:31,CCGS LIMNOS,LAKE HURON,46,450059,-824110,44,164.4,2018-09-15 01:10:00,2050,154.00,.00,0.01000000,,0,2.110000,SIO2-F,SILICA,MG/L,45.01639,-82.68611
201802002,2019-02-19 21:09:31,CCGS LIMNOS,LAKE HURON,46,450059,-824110,44,164.4,2018-09-15 01:10:00,2050,162.00,.00,0.01000000,,0,2.110000,SIO2-F,SILICA,MG/L,45.01639,-82.68611
201802002,2019-02-19 21:09:31,CCGS LIMNOS,LAKE HURON,47,442958,-824952,33,72.14,2018-09-15 05:40:00,2050,1.00,.00,0.01000000,,0,1.670000,SIO2-F,SILICA,MG/L,44.49944,-82.83111
201802002,2019-02-19 21:09:31,CCGS LIMNOS,LAKE HURON,48,441246,-832216,95,20.19,2018-09-15 09:12:00,2050,1.00,.00,0.01000000,,0,1.620000,SIO2-F,SILICA,MG/L,44.21278,-83.37111
201802002,2019-02-19 21:09:31,CCGS LIMNOS,LAKE HURON,48,441246,-832216,95,20.19,2018-09-15 09:12:00,2050,16.50,.00,0.01000000,,0,1.630000,SIO2-F,SILICA,MG/L,44.21278,-83.37111
201802002,2019-02-19 21:09:31,CCGS LIMNOS,LAKE HURON,48,441246,-832216,95,20.19,2018-09-15 09:12:00,2050,18.00,.00,0.01000000,,0,1.700000,SIO2-F,SILICA,MG/L,44.21278,-83.37111
201802002,2019-02-19 21:09:31,CCGS LIMNOS,LAKE HURON,49,440653,-833141,97,10.88,2018-09-15 10:39:00,2050,1.00,.00,0.01000000,,0,1.550000,SIO2-F,SILICA,MG/L,44.11472,-83.52806
201802002,2019-02-19 21:09:31,CCGS LIMNOS,LAKE HURON,50,435835,-833432,98,10.97,2018-09-15 12:00:00,2050,1.00,.00,0.01000000,,0,1.540000,SIO2-F,SILICA,MG/L,43.97639,-83.57556
201802002,2019-02-19 21:09:31,CCGS LIMNOS,LAKE HURON,50,435835,-833432,98,10.97,2018-09-15 12:00:00,2050,1.00,.00,0.01000000,,1,1.530000,SIO2-F,SILICA,MG/L,43.97639,-83.57556
201802002,2019-02-19 21:09:31,CCGS LIMNOS,LAKE HURON,50,435835,-833432,98,10.97,2018-09-15 12:00:00,2050,998.00,.00,0.01000000,,0,.010000,SIO2-F,SILICA,MG/L,43.97639,-83.57556
201802002,2019-02-19 21:09:31,CCGS LIMNOS,LAKE HURON,50,435835,-833432,98,10.97,2018-09-15 12:00:00,2050,999.00,.00,0.01000000,,0,.010000,SIO2-F,SILICA,MG/L,43.97639,-83.57556
201802002,2019-02-19 21:09:31,CCGS LIMNOS,LAKE HURON,51,435431,-834430,99,7.32,2018-09-15 13:15:00,2050,1.00,.00,0.01000000,,0,.860000,SIO2-F,SILICA,MG/L,43.90861,-83.74167
201802002,2019-02-19 21:09:31,CCGS LIMNOS,LAKE HURON,52,434930,-834901,100,7.02,2018-09-15 14:06:00,2050,1.00,.00,0.01000000,,0,1.070000,SIO2-F,SILICA,MG/L,43.82500,-83.81694
201802002,2019-02-19 21:09:31,CCGS LIMNOS,LAKE HURON,52,434930,-834901,100,7.02,2018-09-15 14:06:00,2050,5.00,.00,0.01000000,,0,1.070000,SIO2-F,SILICA,MG/L,43.82500,-83.81694
201802002,2019-02-19 21:09:31,CCGS LIMNOS,LAKE HURON,53,434914,-833733,101,6.11,2018-09-15 15:22:00,2050,1.00,.00,0.01000000,,0,1.330000,SIO2-F,SILICA,MG/L,43.82056,-83.62583
201802002,2019-02-19 21:09:31,CCGS LIMNOS,LAKE HURON,54,440735,-831019,96,29.29,2018-09-15 19:16:00,2050,1.00,.00,0.01000000,,0,1.620000,SIO2-F,SILICA,MG/L,44.12639,-83.17194
201802002,2019-02-19 21:09:31,CCGS LIMNOS,LAKE HURON,55,441257,-830504,20,45.7,2018-09-15 20:13:00,2050,1.00,.00,0.01000000,,0,1.620000,SIO2-F,SILICA,MG/L,44.21583,-83.08444
201802002,2019-02-19 21:09:31,CCGS LIMNOS,LAKE HURON,55,441257,-830504,20,45.7,2018-09-15 20:13:00,2050,1.00,.00,0.01000000,,1,1.610000,SIO2-F,SILICA,MG/L,44.21583,-83.08444
201802002,2019-02-19 21:09:31,CCGS LIMNOS,LAKE HURON,56,440602,-825202,17,14.94,2018-09-15 21:56:00,2050,1.00,.00,0.01000000,,0,1.630000,SIO2-F,SILICA,MG/L,44.10056,-82.86722
201802002,2019-02-19 21:09:31,CCGS LIMNOS,LAKE HURON,56,440602,-825202,17,14.94,2018-09-15 21:56:00,2050,13.00,.00,0.01000000,,0,1.700000,SIO2-F,SILICA,MG/L,44.10056,-82.86722
201802002,2019-02-19 21:09:31,CCGS LIMNOS,LAKE HURON,57,441154,-823014,27,55.22,2018-09-16 00:02:00,2050,1.00,.00,0.01000000,,0,1.660000,SIO2-F,SILICA,MG/L,44.19833,-82.50389
201802002,2019-02-19 21:09:31,CCGS LIMNOS,LAKE HURON,58,435632,-823956,14,13.16,2018-09-16 02:26:00,2050,1.00,.00,0.01000000,,0,1.620000,SIO2-F,SILICA,MG/L,43.94222,-82.66556
201802002,2019-02-19 21:09:31,CCGS LIMNOS,LAKE HURON,58,435632,-823956,14,13.16,2018-09-16 02:26:00,2050,11.00,.00,0.01000000,,0,1.690000,SIO2-F,SILICA,MG/L,43.94222,-82.66556
201802002,2019-02-19 21:09:31,CCGS LIMNOS,LAKE HURON,59,434511,-823408,13,16.56,2018-09-16 04:02:00,2050,1.00,.00,0.01000000,,0,1.610000,SIO2-F,SILICA,MG/L,43.75306,-82.56889
201802002,2019-02-19 21:09:31,CCGS LIMNOS,LAKE HURON,60,433800,-821300,9,58.92,2018-09-16 06:04:00,2050,1.00,.00,0.01000000,,0,1.660000,SIO2-F,SILICA,MG/L,43.63333,-82.21667
201802002,2019-02-19 21:09:31,CCGS LIMNOS,LAKE HURON,60,433800,-821300,9,58.92,2018-09-16 06:04:00,2050,1.00,.00,0.01000000,,1,1.650000,SIO2-F,SILICA,MG/L,43.63333,-82.21667
201802002,2019-02-19 21:09:31,CCGS LIMNOS,LAKE HURON,60,433800,-821300,9,58.92,2018-09-16 06:04:00,2050,25.00,.00,0.01000000,,0,1.960000,SIO2-F,SILICA,MG/L,43.63333,-82.21667
201802002,2019-02-19 21:09:31,CCGS LIMNOS,LAKE HURON,60,433800,-821300,9,58.92,2018-09-16 06:04:00,2050,29.00,.00,0.01000000,,0,1.980000,SIO2-F,SILICA,MG/L,43.63333,-82.21667
201802002,2019-02-19 21:09:31,CCGS LIMNOS,LAKE HURON,60,433800,-821300,9,58.92,2018-09-16 06:04:00,2050,37.00,.00,0.01000000,,0,2.010000,SIO2-F,SILICA,MG/L,43.63333,-82.21667
201802002,2019-02-19 21:09:31,CCGS LIMNOS,LAKE HURON,60,433800,-821300,9,58.92,2018-09-16 06:04:00,2050,49.00,.00,0.01000000,,0,2.030000,SIO2-F,SILICA,MG/L,43.63333,-82.21667
201802002,2019-02-19 21:09:31,CCGS LIMNOS,LAKE HURON,60,433800,-821300,9,58.92,2018-09-16 06:04:00,2050,57.00,.00,0.01000000,,0,2.010000,SIO2-F,SILICA,MG/L,43.63333,-82.21667
201802002,2019-02-19 21:09:31,CCGS LIMNOS,LAKE HURON,60,433800,-821300,9,58.92,2018-09-16 06:04:00,2050,998.00,.00,0.01000000,,0,.010000,SIO2-F,SILICA,MG/L,43.63333,-82.21667
201802002,2019-02-19 21:09:31,CCGS LIMNOS,LAKE HURON,60,433800,-821300,9,58.92,2018-09-16 06:04:00,2050,999.00,.00,0.01000000,<,0,.010000,SIO2-F,SILICA,MG/L,43.63333,-82.21667
201802002,2019-02-19 21:09:31,CCGS LIMNOS,LAKE HURON,61,433358,-822903,8,29.67,2018-09-16 08:09:00,2050,1.00,.00,0.01000000,,0,1.630000,SIO2-F,SILICA,MG/L,43.56611,-82.48417
201802002,2019-02-19 21:09:31,CCGS LIMNOS,LAKE HURON,62,432031,-823022,7,10.72,2018-09-16 09:45:00,2050,1.00,.00,0.01000000,,0,1.660000,SIO2-F,SILICA,MG/L,43.34194,-82.50611
