CRUISE_PLAN,LAST_DATE_UPDATED,SHIP_NAME,WATER_BODY,CSN,LATITUDE,LONGITUDE,PSN,SOUNDING,STN_DATE,CODE,DEPTH_FROM,DEPTH_TO,DETECTION,FLAG,SEQ_NO,VALUE,ABBREV,FULL_NAME,UNITS,LATITUDE_DD,LONGITUDE_DD
202402001,2025-03-04 13:41:00,CCGS LIMNOS,LAKE HURON,1,430523,-822330,1,11.00,2024-08-26 18:44:00,6,1.00,.00,,,0,1.000000,TPL,TEMPERATURE PROFILE LOCATION,,43.08972,-82.39167
202402001,2025-03-04 13:41:00,CCGS LIMNOS,LAKE HURON,1,430523,-822330,1,11.00,2024-08-26 18:44:00,6,9.00,.00,,,0,1.000000,TPL,TEMPERATURE PROFILE LOCATION,,43.08972,-82.39167
202402001,2025-03-04 13:41:00,CCGS LIMNOS,LAKE HURON,2,432030,-823021,7,11.00,2024-08-26 20:43:00,6,1.00,.00,,,0,1.000000,TPL,TEMPERATURE PROFILE LOCATION,,43.34167,-82.50583
202402001,2025-03-04 13:41:00,CCGS LIMNOS,LAKE HURON,3,433402,-822907,8,30.00,2024-08-26 22:29:00,6,1.00,.00,,,0,1.000000,TPL,TEMPERATURE PROFILE LOCATION,,43.56722,-82.48528
202402001,2025-03-04 13:41:00,CCGS LIMNOS,LAKE HURON,4,433759,-821301,9,60.00,2024-08-27 00:08:00,6,1.00,.00,,,0,1.000000,TPL,TEMPERATURE PROFILE LOCATION,,43.63306,-82.21694
202402001,2025-03-04 13:41:00,CCGS LIMNOS,LAKE HURON,4,433759,-821301,9,60.00,2024-08-27 00:08:00,6,23.00,.00,,,0,1.000000,TPL,TEMPERATURE PROFILE LOCATION,,43.63306,-82.21694
202402001,2025-03-04 13:41:00,CCGS LIMNOS,LAKE HURON,4,433759,-821301,9,60.00,2024-08-27 00:08:00,6,32.00,.00,,,0,2.000000,TPL,TEMPERATURE PROFILE LOCATION,,43.63306,-82.21694
202402001,2025-03-04 13:41:00,CCGS LIMNOS,LAKE HURON,4,433759,-821301,9,60.00,2024-08-27 00:08:00,6,41.00,.00,,,0,3.000000,TPL,TEMPERATURE PROFILE LOCATION,,43.63306,-82.21694
202402001,2025-03-04 13:41:00,CCGS LIMNOS,LAKE HURON,4,433759,-821301,9,60.00,2024-08-27 00:08:00,6,50.00,.00,,,0,3.000000,TPL,TEMPERATURE PROFILE LOCATION,,43.63306,-82.21694
202402001,2025-03-04 13:41:00,CCGS LIMNOS,LAKE HURON,4,433759,-821301,9,60.00,2024-08-27 00:08:00,6,58.00,.00,,,0,3.000000,TPL,TEMPERATURE PROFILE LOCATION,,43.63306,-82.21694
202402001,2025-03-04 13:41:00,CCGS LIMNOS,LAKE HURON,5,434513,-823405,13,17.00,2024-08-27 03:04:00,6,1.00,.00,,,0,1.000000,TPL,TEMPERATURE PROFILE LOCATION,,43.75361,-82.56806
202402001,2025-03-04 13:41:00,CCGS LIMNOS,LAKE HURON,5,434513,-823405,13,17.00,2024-08-27 03:04:00,6,1.00,.00,,,1,1.000000,TPL,TEMPERATURE PROFILE LOCATION,,43.75361,-82.56806
202402001,2025-03-04 13:41:00,CCGS LIMNOS,LAKE HURON,6,435631,-824000,14,12.50,2024-08-27 04:44:00,6,1.00,.00,,,0,1.000000,TPL,TEMPERATURE PROFILE LOCATION,,43.94194,-82.66667
202402001,2025-03-04 13:41:00,CCGS LIMNOS,LAKE HURON,7,440600,-825159,17,15.00,2024-08-27 06:32:00,6,1.00,.00,,,0,1.000000,TPL,TEMPERATURE PROFILE LOCATION,,44.10000,-82.86639
202402001,2025-03-04 13:41:00,CCGS LIMNOS,LAKE HURON,7,440600,-825159,17,15.00,2024-08-27 06:32:00,6,10.00,.00,,,0,1.000000,TPL,TEMPERATURE PROFILE LOCATION,,44.10000,-82.86639
202402001,2025-03-04 13:41:00,CCGS LIMNOS,LAKE HURON,7,440600,-825159,17,15.00,2024-08-27 06:32:00,6,13.00,.00,,,0,1.000000,TPL,TEMPERATURE PROFILE LOCATION,,44.10000,-82.86639
202402001,2025-03-04 13:41:00,CCGS LIMNOS,LAKE HURON,8,440409,-830450,94,14.50,2024-08-27 07:55:00,6,1.00,.00,,,0,1.000000,TPL,TEMPERATURE PROFILE LOCATION,,44.06917,-83.08056
202402001,2025-03-04 13:41:00,CCGS LIMNOS,LAKE HURON,9,440735,-831014,96,30.00,2024-08-27 08:46:00,6,1.00,.00,,,0,1.000000,TPL,TEMPERATURE PROFILE LOCATION,,44.12639,-83.17056
202402001,2025-03-04 13:41:00,CCGS LIMNOS,LAKE HURON,10,440654,-833144,97,11.00,2024-08-27 10:47:00,6,1.00,.00,,,0,1.000000,TPL,TEMPERATURE PROFILE LOCATION,,44.11500,-83.52889
202402001,2025-03-04 13:41:00,CCGS LIMNOS,LAKE HURON,11,435834,-833430,98,11.00,2024-08-27 12:08:00,6,1.00,.00,,,0,1.000000,TPL,TEMPERATURE PROFILE LOCATION,,43.97611,-83.57500
202402001,2025-03-04 13:41:00,CCGS LIMNOS,LAKE HURON,12,434915,-833728,101,6.00,2024-08-27 13:32:00,6,1.00,.00,,,0,1.000000,TPL,TEMPERATURE PROFILE LOCATION,,43.82083,-83.62444
202402001,2025-03-04 13:41:00,CCGS LIMNOS,LAKE HURON,13,434930,-834901,100,7.00,2024-08-27 14:43:00,6,.50,.00,,,0,1.000000,TPL,TEMPERATURE PROFILE LOCATION,,43.82500,-83.81694
202402001,2025-03-04 13:41:00,CCGS LIMNOS,LAKE HURON,13,434930,-834901,100,7.00,2024-08-27 14:43:00,6,1.00,.00,,,0,1.000000,TPL,TEMPERATURE PROFILE LOCATION,,43.82500,-83.81694
202402001,2025-03-04 13:41:00,CCGS LIMNOS,LAKE HURON,13,434930,-834901,100,7.00,2024-08-27 14:43:00,6,5.00,.00,,,0,1.000000,TPL,TEMPERATURE PROFILE LOCATION,,43.82500,-83.81694
202402001,2025-03-04 13:41:00,CCGS LIMNOS,LAKE HURON,14,435430,-834427,99,7.00,2024-08-27 15:59:00,6,1.00,.00,,,0,1.000000,TPL,TEMPERATURE PROFILE LOCATION,,43.90833,-83.74083
202402001,2025-03-04 13:41:00,CCGS LIMNOS,LAKE HURON,15,441246,-832214,95,21.00,2024-08-27 19:10:00,6,1.00,.00,,,0,1.000000,TPL,TEMPERATURE PROFILE LOCATION,,44.21278,-83.37056
202402001,2025-03-04 13:41:00,CCGS LIMNOS,LAKE HURON,15,441246,-832214,95,21.00,2024-08-27 19:10:00,6,1.00,.00,,,1,1.000000,TPL,TEMPERATURE PROFILE LOCATION,,44.21278,-83.37056
202402001,2025-03-04 13:41:00,CCGS LIMNOS,LAKE HURON,15,441246,-832214,95,21.00,2024-08-27 19:10:00,6,11.00,.00,,,0,1.000000,TPL,TEMPERATURE PROFILE LOCATION,,44.21278,-83.37056
202402001,2025-03-04 13:41:00,CCGS LIMNOS,LAKE HURON,15,441246,-832214,95,21.00,2024-08-27 19:10:00,6,19.00,.00,,,0,1.000000,TPL,TEMPERATURE PROFILE LOCATION,,44.21278,-83.37056
202402001,2025-03-04 13:41:00,CCGS LIMNOS,LAKE HURON,16,442002,-831758,23,9.00,2024-08-27 20:21:00,6,1.00,.00,,,0,1.000000,TPL,TEMPERATURE PROFILE LOCATION,,44.33389,-83.29944
202402001,2025-03-04 13:41:00,CCGS LIMNOS,LAKE HURON,17,441303,-830501,20,47.00,2024-08-27 22:00:00,6,1.00,.00,,,0,1.000000,TPL,TEMPERATURE PROFILE LOCATION,,44.21750,-83.08361
202402001,2025-03-04 13:41:00,CCGS LIMNOS,LAKE HURON,18,431525,-820217,3,16.00,2024-08-28 06:31:00,6,1.00,.00,,,0,1.000000,TPL,TEMPERATURE PROFILE LOCATION,,43.25694,-82.03806
202402001,2025-03-04 13:41:00,CCGS LIMNOS,LAKE HURON,19,431930,-814717,4,10.00,2024-08-28 08:11:00,6,1.00,.00,,,0,1.000000,TPL,TEMPERATURE PROFILE LOCATION,,43.32500,-81.78806
202402001,2025-03-04 13:41:00,CCGS LIMNOS,LAKE HURON,20,433254,-814441,5,11.50,2024-08-28 09:54:00,6,1.00,.00,,,0,1.000000,TPL,TEMPERATURE PROFILE LOCATION,,43.54833,-81.74472
202402001,2025-03-04 13:41:00,CCGS LIMNOS,LAKE HURON,21,434512,-814652,10,12.50,2024-08-28 11:47:00,6,1.00,.00,,,0,1.000000,TPL,TEMPERATURE PROFILE LOCATION,,43.75333,-81.78111
202402001,2025-03-04 13:41:00,CCGS LIMNOS,LAKE HURON,22,435723,-814712,11,10.50,2024-08-28 22:01:00,6,1.00,.00,,,0,1.000000,TPL,TEMPERATURE PROFILE LOCATION,,43.95639,-81.78667
202402001,2025-03-04 13:41:00,CCGS LIMNOS,LAKE HURON,23,442159,-815000,29,123.00,2024-08-29 01:48:00,6,1.00,.00,,,0,1.000000,TPL,TEMPERATURE PROFILE LOCATION,,44.36639,-81.83333
202402001,2025-03-04 13:41:00,CCGS LIMNOS,LAKE HURON,23,442159,-815000,29,123.00,2024-08-29 01:48:00,6,14.00,.00,,,0,1.000000,TPL,TEMPERATURE PROFILE LOCATION,,44.36639,-81.83333
202402001,2025-03-04 13:41:00,CCGS LIMNOS,LAKE HURON,23,442159,-815000,29,123.00,2024-08-29 01:48:00,6,24.00,.00,,,0,2.000000,TPL,TEMPERATURE PROFILE LOCATION,,44.36639,-81.83333
202402001,2025-03-04 13:41:00,CCGS LIMNOS,LAKE HURON,23,442159,-815000,29,123.00,2024-08-29 01:48:00,6,34.00,.00,,,0,3.000000,TPL,TEMPERATURE PROFILE LOCATION,,44.36639,-81.83333
202402001,2025-03-04 13:41:00,CCGS LIMNOS,LAKE HURON,23,442159,-815000,29,123.00,2024-08-29 01:48:00,6,113.00,.00,,,0,3.000000,TPL,TEMPERATURE PROFILE LOCATION,,44.36639,-81.83333
202402001,2025-03-04 13:41:00,CCGS LIMNOS,LAKE HURON,23,442159,-815000,29,123.00,2024-08-29 01:48:00,6,121.00,.00,,,0,3.000000,TPL,TEMPERATURE PROFILE LOCATION,,44.36639,-81.83333
202402001,2025-03-04 13:41:00,CCGS LIMNOS,LAKE HURON,24,442759,-812712,30,21.50,2024-08-29 05:15:00,6,1.00,.00,,,0,1.000000,TPL,TEMPERATURE PROFILE LOCATION,,44.46639,-81.45333
202402001,2025-03-04 13:41:00,CCGS LIMNOS,LAKE HURON,25,443924,-812242,39,26.00,2024-08-29 06:59:00,6,1.00,.00,,,0,1.000000,TPL,TEMPERATURE PROFILE LOCATION,,44.65667,-81.37833
202402001,2025-03-04 13:41:00,CCGS LIMNOS,LAKE HURON,25,443924,-812242,39,26.00,2024-08-29 06:59:00,6,1.00,.00,,,1,1.000000,TPL,TEMPERATURE PROFILE LOCATION,,44.65667,-81.37833
202402001,2025-03-04 13:41:00,CCGS LIMNOS,LAKE HURON,26,445354,-812613,40,20.00,2024-08-29 09:31:00,6,1.00,.00,,,0,1.000000,TPL,TEMPERATURE PROFILE LOCATION,,44.89833,-81.43694
202402001,2025-03-04 13:41:00,CCGS LIMNOS,LAKE HURON,27,450459,-813212,41,22.50,2024-08-29 11:17:00,6,1.00,.00,,,0,1.000000,TPL,TEMPERATURE PROFILE LOCATION,,45.08306,-81.53667
202402001,2025-03-04 13:41:00,CCGS LIMNOS,LAKE HURON,28,450048,-820030,43,172.00,2024-08-29 14:43:00,6,1.00,.00,,,0,1.000000,TPL,TEMPERATURE PROFILE LOCATION,,45.01333,-82.00833
202402001,2025-03-04 13:41:00,CCGS LIMNOS,LAKE HURON,29,451642,-822707,48,110.00,2024-08-29 18:21:00,6,1.00,.00,,,0,1.000000,TPL,TEMPERATURE PROFILE LOCATION,,45.27833,-82.45194
202402001,2025-03-04 13:41:00,CCGS LIMNOS,LAKE HURON,30,450059,-824106,44,166.50,2024-08-29 21:09:00,6,1.00,.00,,,0,1.000000,TPL,TEMPERATURE PROFILE LOCATION,,45.01639,-82.68500
202402001,2025-03-04 13:41:00,CCGS LIMNOS,LAKE HURON,30,450059,-824106,44,166.50,2024-08-29 21:09:00,6,14.00,.00,,,0,1.000000,TPL,TEMPERATURE PROFILE LOCATION,,45.01639,-82.68500
202402001,2025-03-04 13:41:00,CCGS LIMNOS,LAKE HURON,30,450059,-824106,44,166.50,2024-08-29 21:09:00,6,45.50,.00,,,0,2.000000,TPL,TEMPERATURE PROFILE LOCATION,,45.01639,-82.68500
202402001,2025-03-04 13:41:00,CCGS LIMNOS,LAKE HURON,30,450059,-824106,44,166.50,2024-08-29 21:09:00,6,77.00,.00,,,0,3.000000,TPL,TEMPERATURE PROFILE LOCATION,,45.01639,-82.68500
202402001,2025-03-04 13:41:00,CCGS LIMNOS,LAKE HURON,30,450059,-824106,44,166.50,2024-08-29 21:09:00,6,156.50,.00,,,0,3.000000,TPL,TEMPERATURE PROFILE LOCATION,,45.01639,-82.68500
202402001,2025-03-04 13:41:00,CCGS LIMNOS,LAKE HURON,30,450059,-824106,44,166.50,2024-08-29 21:09:00,6,164.50,.00,,,0,3.000000,TPL,TEMPERATURE PROFILE LOCATION,,45.01639,-82.68500
202402001,2025-03-04 13:41:00,CCGS LIMNOS,LAKE HURON,31,444424,-820326,38,134.00,2024-08-30 01:46:00,6,1.00,.00,,,0,1.000000,TPL,TEMPERATURE PROFILE LOCATION,,44.74000,-82.05722
202402001,2025-03-04 13:41:00,CCGS LIMNOS,LAKE HURON,32,442712,-822030,32,83.00,2024-08-30 05:08:00,6,1.00,.00,,,0,1.000000,TPL,TEMPERATURE PROFILE LOCATION,,44.45333,-82.34167
202402001,2025-03-04 13:41:00,CCGS LIMNOS,LAKE HURON,33,435325,-820324,12,87.00,2024-08-30 10:38:00,6,1.00,.00,,,0,1.000000,TPL,TEMPERATURE PROFILE LOCATION,,43.89028,-82.05667
202402001,2025-03-04 13:41:00,CCGS LIMNOS,LAKE HURON,34,441154,-823011,27,55.00,2024-09-03 23:11:00,6,1.00,.00,,,0,1.000000,TPL,TEMPERATURE PROFILE LOCATION,,44.19833,-82.50306
202402001,2025-03-04 13:41:00,CCGS LIMNOS,LAKE HURON,35,443000,-825000,33,72.50,2024-09-04 02:23:00,6,1.00,.00,,,0,1.000000,TPL,TEMPERATURE PROFILE LOCATION,,44.50000,-82.83333
202402001,2025-03-04 13:41:00,CCGS LIMNOS,LAKE HURON,35,443000,-825000,33,72.50,2024-09-04 02:23:00,6,1.00,.00,,,1,1.000000,TPL,TEMPERATURE PROFILE LOCATION,,44.50000,-82.83333
202402001,2025-03-04 13:41:00,CCGS LIMNOS,LAKE HURON,36,443824,-831354,34,9.00,2024-09-04 05:09:00,6,1.00,.00,,,0,1.000000,TPL,TEMPERATURE PROFILE LOCATION,,44.64000,-83.23167
202402001,2025-03-04 13:41:00,CCGS LIMNOS,LAKE HURON,37,450224,-832241,36,9.00,2024-09-04 08:34:00,6,1.00,.00,,,0,1.000000,TPL,TEMPERATURE PROFILE LOCATION,,45.04000,-83.37806
202402001,2025-03-04 13:41:00,CCGS LIMNOS,LAKE HURON,37,450224,-832241,36,9.00,2024-09-04 08:34:00,6,7.00,.00,,,0,1.000000,TPL,TEMPERATURE PROFILE LOCATION,,45.04000,-83.37806
202402001,2025-03-04 13:41:00,CCGS LIMNOS,LAKE HURON,38,451516,-832044,47,23.50,2024-09-04 11:59:00,6,1.00,.00,,,0,1.000000,TPL,TEMPERATURE PROFILE LOCATION,,45.25444,-83.34556
202402001,2025-03-04 13:41:00,CCGS LIMNOS,LAKE HURON,39,453100,-832459,54,132.50,2024-09-04 15:02:00,6,1.00,.00,,,0,1.000000,TPL,TEMPERATURE PROFILE LOCATION,,45.51667,-83.41639
202402001,2025-03-04 13:41:00,CCGS LIMNOS,LAKE HURON,39,453100,-832459,54,132.50,2024-09-04 15:02:00,6,11.00,.00,,,0,1.000000,TPL,TEMPERATURE PROFILE LOCATION,,45.51667,-83.41639
202402001,2025-03-04 13:41:00,CCGS LIMNOS,LAKE HURON,39,453100,-832459,54,132.50,2024-09-04 15:02:00,6,25.50,.00,,,0,2.000000,TPL,TEMPERATURE PROFILE LOCATION,,45.51667,-83.41639
202402001,2025-03-04 13:41:00,CCGS LIMNOS,LAKE HURON,39,453100,-832459,54,132.50,2024-09-04 15:02:00,6,40.00,.00,,,0,3.000000,TPL,TEMPERATURE PROFILE LOCATION,,45.51667,-83.41639
202402001,2025-03-04 13:41:00,CCGS LIMNOS,LAKE HURON,39,453100,-832459,54,132.50,2024-09-04 15:02:00,6,122.50,.00,,,0,3.000000,TPL,TEMPERATURE PROFILE LOCATION,,45.51667,-83.41639
202402001,2025-03-04 13:41:00,CCGS LIMNOS,LAKE HURON,39,453100,-832459,54,132.50,2024-09-04 15:02:00,6,130.50,.00,,,0,3.000000,TPL,TEMPERATURE PROFILE LOCATION,,45.51667,-83.41639
202402001,2025-03-04 13:41:00,CCGS LIMNOS,LAKE HURON,40,452530,-833905,55,37.00,2024-09-04 17:32:00,6,1.00,.00,,,0,1.000000,TPL,TEMPERATURE PROFILE LOCATION,,45.42500,-83.65139
202402001,2025-03-04 13:41:00,CCGS LIMNOS,LAKE HURON,41,453059,-840500,56,22.50,2024-09-04 20:07:00,6,1.00,.00,,,0,1.000000,TPL,TEMPERATURE PROFILE LOCATION,,45.51639,-84.08333
202402001,2025-03-04 13:41:00,CCGS LIMNOS,LAKE HURON,42,454459,-835500,61,117.00,2024-09-04 22:19:00,6,1.00,.00,,,0,1.000000,TPL,TEMPERATURE PROFILE LOCATION,,45.74972,-83.91667
202402001,2025-03-04 13:41:00,CCGS LIMNOS,LAKE HURON,43,454029,-841112,62,44.00,2024-09-05 00:10:00,6,1.00,.00,,,0,1.000000,TPL,TEMPERATURE PROFILE LOCATION,,45.67472,-84.18667
202402001,2025-03-04 13:41:00,CCGS LIMNOS,LAKE HURON,44,454212,-843041,63,15.00,2024-09-05 02:25:00,6,1.00,.00,,,0,1.000000,TPL,TEMPERATURE PROFILE LOCATION,,45.70333,-84.51139
202402001,2025-03-04 13:41:00,CCGS LIMNOS,LAKE HURON,45,454848,-844519,64,36.00,2024-09-05 04:05:00,6,1.00,.00,,,0,1.000000,TPL,TEMPERATURE PROFILE LOCATION,,45.81333,-84.75528
202402001,2025-03-04 13:41:00,CCGS LIMNOS,LAKE HURON,45,454848,-844519,64,36.00,2024-09-05 04:05:00,6,1.00,.00,,,1,1.000000,TPL,TEMPERATURE PROFILE LOCATION,,45.81333,-84.75528
202402001,2025-03-04 13:41:00,CCGS LIMNOS,LAKE HURON,45,454848,-844519,64,36.00,2024-09-05 04:05:00,6,16.00,.00,,,0,1.000000,TPL,TEMPERATURE PROFILE LOCATION,,45.81333,-84.75528
202402001,2025-03-04 13:41:00,CCGS LIMNOS,LAKE HURON,45,454848,-844519,64,36.00,2024-09-05 04:05:00,6,24.50,.00,,,0,2.000000,TPL,TEMPERATURE PROFILE LOCATION,,45.81333,-84.75528
202402001,2025-03-04 13:41:00,CCGS LIMNOS,LAKE HURON,45,454848,-844519,64,36.00,2024-09-05 04:05:00,6,26.00,.00,,,0,2.000000,TPL,TEMPERATURE PROFILE LOCATION,,45.81333,-84.75528
202402001,2025-03-04 13:41:00,CCGS LIMNOS,LAKE HURON,45,454848,-844519,64,36.00,2024-09-05 04:05:00,6,33.00,.00,,,0,3.000000,TPL,TEMPERATURE PROFILE LOCATION,,45.81333,-84.75528
202402001,2025-03-04 13:41:00,CCGS LIMNOS,LAKE HURON,46,455043,-843400,65,58.50,2024-09-05 05:27:00,6,1.00,.00,,,0,1.000000,TPL,TEMPERATURE PROFILE LOCATION,,45.84528,-84.56667
202402001,2025-03-04 13:41:00,CCGS LIMNOS,LAKE HURON,47,455149,-841741,66,69.00,2024-09-05 07:08:00,6,1.00,.00,,,0,1.000000,TPL,TEMPERATURE PROFILE LOCATION,,45.86361,-84.29472
202402001,2025-03-04 13:41:00,CCGS LIMNOS,LAKE HURON,48,455606,-835359,67,31.00,2024-09-05 09:35:00,6,1.00,.00,,,0,1.000000,TPL,TEMPERATURE PROFILE LOCATION,,45.93500,-83.89972
202402001,2025-03-04 13:41:00,CCGS LIMNOS,LAKE HURON,49,460442,-840141,69,10.00,2024-09-05 11:24:00,6,1.00,.00,,,0,1.000000,TPL,TEMPERATURE PROFILE LOCATION,,46.07833,-84.02806
202402001,2025-03-04 13:41:00,CCGS LIMNOS,LAKE HURON,49,460442,-840141,69,10.00,2024-09-05 11:24:00,6,8.00,.00,,,0,1.000000,TPL,TEMPERATURE PROFILE LOCATION,,46.07833,-84.02806
202402001,2025-03-04 13:41:00,CCGS LIMNOS,LAKE HURON,50,460230,-835112,68,17.00,2024-09-05 12:44:00,6,1.00,.00,,,0,1.000000,TPL,TEMPERATURE PROFILE LOCATION,,46.04167,-83.85333
202402001,2025-03-04 13:41:00,CCGS LIMNOS,LAKE HURON,51,460812,-834018,70,22.00,2024-09-05 14:24:00,6,1.00,.00,,,0,1.000000,TPL,TEMPERATURE PROFILE LOCATION,,46.13667,-83.67167
202402001,2025-03-04 13:41:00,CCGS LIMNOS,LAKE HURON,52,461400,-834447,71,34.00,2024-09-05 15:25:00,6,1.00,.00,,,0,1.000000,TPL,TEMPERATURE PROFILE LOCATION,,46.23333,-83.74639
202402001,2025-03-04 13:41:00,CCGS LIMNOS,LAKE HURON,52,461400,-834447,71,34.00,2024-09-05 15:25:00,6,3.00,.00,,,0,1.000000,TPL,TEMPERATURE PROFILE LOCATION,,46.23333,-83.74639
202402001,2025-03-04 13:41:00,CCGS LIMNOS,LAKE HURON,52,461400,-834447,71,34.00,2024-09-05 15:25:00,6,9.50,.00,,,0,2.000000,TPL,TEMPERATURE PROFILE LOCATION,,46.23333,-83.74639
202402001,2025-03-04 13:41:00,CCGS LIMNOS,LAKE HURON,52,461400,-834447,71,34.00,2024-09-05 15:25:00,6,16.00,.00,,,0,3.000000,TPL,TEMPERATURE PROFILE LOCATION,,46.23333,-83.74639
202402001,2025-03-04 13:41:00,CCGS LIMNOS,LAKE HURON,52,461400,-834447,71,34.00,2024-09-05 15:25:00,6,32.00,.00,,,0,3.000000,TPL,TEMPERATURE PROFILE LOCATION,,46.23333,-83.74639
202402001,2025-03-04 13:41:00,CCGS LIMNOS,LAKE HURON,53,461112,-832117,73,19.00,2024-09-05 17:38:00,6,1.00,.00,,,0,1.000000,TPL,TEMPERATURE PROFILE LOCATION,,46.18667,-83.35472
202402001,2025-03-04 13:41:00,CCGS LIMNOS,LAKE HURON,54,460724,-825309,79,26.00,2024-09-05 20:17:00,6,1.00,.00,,,0,1.000000,TPL,TEMPERATURE PROFILE LOCATION,,46.12333,-82.88583
202402001,2025-03-04 13:41:00,CCGS LIMNOS,LAKE HURON,54,460724,-825309,79,26.00,2024-09-05 20:17:00,6,10.00,.00,,,0,1.000000,TPL,TEMPERATURE PROFILE LOCATION,,46.12333,-82.88583
202402001,2025-03-04 13:41:00,CCGS LIMNOS,LAKE HURON,54,460724,-825309,79,26.00,2024-09-05 20:17:00,6,24.00,.00,,,0,1.000000,TPL,TEMPERATURE PROFILE LOCATION,,46.12333,-82.88583
202402001,2025-03-04 13:41:00,CCGS LIMNOS,LAKE HURON,55,460530,-823324,84,36.00,2024-09-05 22:18:00,6,1.00,.00,,,0,1.000000,TPL,TEMPERATURE PROFILE LOCATION,,46.09167,-82.55667
202402001,2025-03-04 13:41:00,CCGS LIMNOS,LAKE HURON,55,460530,-823324,84,36.00,2024-09-05 22:18:00,6,1.00,.00,,,1,1.000000,TPL,TEMPERATURE PROFILE LOCATION,,46.09167,-82.55667
202402001,2025-03-04 13:41:00,CCGS LIMNOS,LAKE HURON,55,460530,-823324,84,36.00,2024-09-05 22:18:00,6,7.00,.00,,,0,1.000000,TPL,TEMPERATURE PROFILE LOCATION,,46.09167,-82.55667
202402001,2025-03-04 13:41:00,CCGS LIMNOS,LAKE HURON,55,460530,-823324,84,36.00,2024-09-05 22:18:00,6,20.50,.00,,,0,2.000000,TPL,TEMPERATURE PROFILE LOCATION,,46.09167,-82.55667
202402001,2025-03-04 13:41:00,CCGS LIMNOS,LAKE HURON,55,460530,-823324,84,36.00,2024-09-05 22:18:00,6,26.00,.00,,,0,2.000000,TPL,TEMPERATURE PROFILE LOCATION,,46.09167,-82.55667
202402001,2025-03-04 13:41:00,CCGS LIMNOS,LAKE HURON,55,460530,-823324,84,36.00,2024-09-05 22:18:00,6,34.00,.00,,,0,3.000000,TPL,TEMPERATURE PROFILE LOCATION,,46.09167,-82.55667
202402001,2025-03-04 13:41:00,CCGS LIMNOS,LAKE HURON,56,460340,-821149,87,35.00,2024-09-06 00:45:00,6,1.00,.00,,,0,1.000000,TPL,TEMPERATURE PROFILE LOCATION,,46.06111,-82.19694
202402001,2025-03-04 13:41:00,CCGS LIMNOS,LAKE HURON,57,460320,-815959,88,36.00,2024-09-06 02:07:00,6,1.00,.00,,,0,1.000000,TPL,TEMPERATURE PROFILE LOCATION,,46.05556,-81.99972
202402001,2025-03-04 13:41:00,CCGS LIMNOS,LAKE HURON,58,455459,-820940,89,39.00,2024-09-06 03:48:00,6,1.00,.00,,,0,1.000000,TPL,TEMPERATURE PROFILE LOCATION,,45.91639,-82.16111
202402001,2025-03-04 13:41:00,CCGS LIMNOS,LAKE HURON,59,460000,-823258,83,31.00,2024-09-06 07:05:00,6,1.00,.00,,,0,1.000000,TPL,TEMPERATURE PROFILE LOCATION,,46.00000,-82.54944
202402001,2025-03-04 13:41:00,CCGS LIMNOS,LAKE HURON,60,455611,-824527,82,28.50,2024-09-06 08:34:00,6,1.00,.00,,,0,1.000000,TPL,TEMPERATURE PROFILE LOCATION,,45.93639,-82.75750
202402001,2025-03-04 13:41:00,CCGS LIMNOS,LAKE HURON,61,455811,-831154,77,78.00,2024-09-06 11:34:00,6,1.00,.00,,,0,1.000000,TPL,TEMPERATURE PROFILE LOCATION,,45.96972,-83.19833
202402001,2025-03-04 13:41:00,CCGS LIMNOS,LAKE HURON,62,455959,-832600,76,58.00,2024-09-06 13:08:00,6,1.00,.00,,,0,1.000000,TPL,TEMPERATURE PROFILE LOCATION,,45.99972,-83.43333
202402001,2025-03-04 13:41:00,CCGS LIMNOS,LAKE HURON,63,455405,-833105,60,25.00,2024-09-06 14:16:00,6,1.00,.00,,,0,1.000000,TPL,TEMPERATURE PROFILE LOCATION,,45.90139,-83.51806
202402001,2025-03-04 13:41:00,CCGS LIMNOS,LAKE HURON,64,455159,-831600,58,12.00,2024-09-06 16:39:00,6,1.00,.00,,,0,1.000000,TPL,TEMPERATURE PROFILE LOCATION,,45.86639,-83.26667
202402001,2025-03-04 13:41:00,CCGS LIMNOS,LAKE HURON,65,454600,-830141,59,18.00,2024-09-06 18:18:00,6,1.00,.00,,,0,1.000000,TPL,TEMPERATURE PROFILE LOCATION,,45.76667,-83.02806
202402001,2025-03-04 13:41:00,CCGS LIMNOS,LAKE HURON,65,454600,-830141,59,18.00,2024-09-06 18:18:00,6,1.00,.00,,,1,1.000000,TPL,TEMPERATURE PROFILE LOCATION,,45.76667,-83.02806
202402001,2025-03-04 13:41:00,CCGS LIMNOS,LAKE HURON,66,453905,-823852,52,66.00,2024-09-06 20:48:00,6,1.00,.00,,,0,1.000000,TPL,TEMPERATURE PROFILE LOCATION,,45.65139,-82.64778
202402001,2025-03-04 13:41:00,CCGS LIMNOS,LAKE HURON,67,453205,-820242,50,27.00,2024-09-07 00:19:00,6,1.00,.00,,,0,1.000000,TPL,TEMPERATURE PROFILE LOCATION,,45.53472,-82.04500
202402001,2025-03-04 13:41:00,CCGS LIMNOS,LAKE HURON,68,451316,-814909,42,42.00,2024-09-07 03:12:00,6,1.00,.00,,,0,1.000000,TPL,TEMPERATURE PROFILE LOCATION,,45.22111,-81.81917
202402001,2025-03-04 13:41:00,CCGS LIMNOS,LAKE HURON,1,430523,-822330,1,11.00,2024-08-26 18:44:00,30,.00,.00,,,0,8.500000,SECCHI,SECCHI DISC DEPTH,METRE,43.08972,-82.39167
202402001,2025-03-04 13:41:00,CCGS LIMNOS,LAKE HURON,2,432030,-823021,7,11.00,2024-08-26 20:43:00,30,.00,.00,,,0,7.500000,SECCHI,SECCHI DISC DEPTH,METRE,43.34167,-82.50583
202402001,2025-03-04 13:41:00,CCGS LIMNOS,LAKE HURON,3,433402,-822907,8,30.00,2024-08-26 22:29:00,30,.00,.00,,,0,9.000000,SECCHI,SECCHI DISC DEPTH,METRE,43.56722,-82.48528
202402001,2025-03-04 13:41:00,CCGS LIMNOS,LAKE HURON,11,435834,-833430,98,11.00,2024-08-27 12:08:00,30,.00,.00,,,0,3.000000,SECCHI,SECCHI DISC DEPTH,METRE,43.97611,-83.57500
202402001,2025-03-04 13:41:00,CCGS LIMNOS,LAKE HURON,12,434915,-833728,101,6.00,2024-08-27 13:32:00,30,.00,.00,,,0,2.500000,SECCHI,SECCHI DISC DEPTH,METRE,43.82083,-83.62444
202402001,2025-03-04 13:41:00,CCGS LIMNOS,LAKE HURON,13,434930,-834901,100,7.00,2024-08-27 14:43:00,30,.00,.00,,,0,1.500000,SECCHI,SECCHI DISC DEPTH,METRE,43.82500,-83.81694
202402001,2025-03-04 13:41:00,CCGS LIMNOS,LAKE HURON,14,435430,-834427,99,7.00,2024-08-27 15:59:00,30,.00,.00,,,0,2.500000,SECCHI,SECCHI DISC DEPTH,METRE,43.90833,-83.74083
202402001,2025-03-04 13:41:00,CCGS LIMNOS,LAKE HURON,15,441246,-832214,95,21.00,2024-08-27 19:10:00,30,.00,.00,,,0,7.000000,SECCHI,SECCHI DISC DEPTH,METRE,44.21278,-83.37056
202402001,2025-03-04 13:41:00,CCGS LIMNOS,LAKE HURON,16,442002,-831758,23,9.00,2024-08-27 20:21:00,30,.00,.00,,,0,6.000000,SECCHI,SECCHI DISC DEPTH,METRE,44.33389,-83.29944
202402001,2025-03-04 13:41:00,CCGS LIMNOS,LAKE HURON,17,441303,-830501,20,47.00,2024-08-27 22:00:00,30,.00,.00,,,0,14.500000,SECCHI,SECCHI DISC DEPTH,METRE,44.21750,-83.08361
202402001,2025-03-04 13:41:00,CCGS LIMNOS,LAKE HURON,21,434512,-814652,10,12.50,2024-08-28 11:47:00,30,.00,.00,,,0,11.000000,SECCHI,SECCHI DISC DEPTH,METRE,43.75333,-81.78111
202402001,2025-03-04 13:41:00,CCGS LIMNOS,LAKE HURON,22,435723,-814712,11,10.50,2024-08-28 22:01:00,30,.00,.00,,,0,8.000000,SECCHI,SECCHI DISC DEPTH,METRE,43.95639,-81.78667
202402001,2025-03-04 13:41:00,CCGS LIMNOS,LAKE HURON,27,450459,-813212,41,22.50,2024-08-29 11:17:00,30,.00,.00,,,0,16.000000,SECCHI,SECCHI DISC DEPTH,METRE,45.08306,-81.53667
202402001,2025-03-04 13:41:00,CCGS LIMNOS,LAKE HURON,28,450048,-820030,43,172.00,2024-08-29 14:43:00,30,.00,.00,,,0,10.000000,SECCHI,SECCHI DISC DEPTH,METRE,45.01333,-82.00833
202402001,2025-03-04 13:41:00,CCGS LIMNOS,LAKE HURON,29,451642,-822707,48,110.00,2024-08-29 18:21:00,30,.00,.00,,,0,19.000000,SECCHI,SECCHI DISC DEPTH,METRE,45.27833,-82.45194
202402001,2025-03-04 13:41:00,CCGS LIMNOS,LAKE HURON,30,450059,-824106,44,166.50,2024-08-29 21:09:00,30,.00,.00,,,0,11.000000,SECCHI,SECCHI DISC DEPTH,METRE,45.01639,-82.68500
202402001,2025-03-04 13:41:00,CCGS LIMNOS,LAKE HURON,34,441154,-823011,27,55.00,2024-09-03 23:11:00,30,.00,.00,,,0,12.500000,SECCHI,SECCHI DISC DEPTH,METRE,44.19833,-82.50306
202402001,2025-03-04 13:41:00,CCGS LIMNOS,LAKE HURON,38,451516,-832044,47,23.50,2024-09-04 11:59:00,30,.00,.00,,,0,12.000000,SECCHI,SECCHI DISC DEPTH,METRE,45.25444,-83.34556
202402001,2025-03-04 13:41:00,CCGS LIMNOS,LAKE HURON,39,453100,-832459,54,132.50,2024-09-04 15:02:00,30,.00,.00,,,0,12.500000,SECCHI,SECCHI DISC DEPTH,METRE,45.51667,-83.41639
202402001,2025-03-04 13:41:00,CCGS LIMNOS,LAKE HURON,40,452530,-833905,55,37.00,2024-09-04 17:32:00,30,.00,.00,,,0,12.500000,SECCHI,SECCHI DISC DEPTH,METRE,45.42500,-83.65139
202402001,2025-03-04 13:41:00,CCGS LIMNOS,LAKE HURON,41,453059,-840500,56,22.50,2024-09-04 20:07:00,30,.00,.00,,,0,10.000000,SECCHI,SECCHI DISC DEPTH,METRE,45.51639,-84.08333
202402001,2025-03-04 13:41:00,CCGS LIMNOS,LAKE HURON,42,454459,-835500,61,117.00,2024-09-04 22:19:00,30,.00,.00,,,0,9.500000,SECCHI,SECCHI DISC DEPTH,METRE,45.74972,-83.91667
202402001,2025-03-04 13:41:00,CCGS LIMNOS,LAKE HURON,49,460442,-840141,69,10.00,2024-09-05 11:24:00,30,.00,.00,,,0,2.000000,SECCHI,SECCHI DISC DEPTH,METRE,46.07833,-84.02806
202402001,2025-03-04 13:41:00,CCGS LIMNOS,LAKE HURON,50,460230,-835112,68,17.00,2024-09-05 12:44:00,30,.00,.00,,,0,3.000000,SECCHI,SECCHI DISC DEPTH,METRE,46.04167,-83.85333
202402001,2025-03-04 13:41:00,CCGS LIMNOS,LAKE HURON,51,460812,-834018,70,22.00,2024-09-05 14:24:00,30,.00,.00,,,0,8.000000,SECCHI,SECCHI DISC DEPTH,METRE,46.13667,-83.67167
202402001,2025-03-04 13:41:00,CCGS LIMNOS,LAKE HURON,52,461400,-834447,71,34.00,2024-09-05 15:25:00,30,.00,.00,,,0,6.000000,SECCHI,SECCHI DISC DEPTH,METRE,46.23333,-83.74639
202402001,2025-03-04 13:41:00,CCGS LIMNOS,LAKE HURON,53,461112,-832117,73,19.00,2024-09-05 17:38:00,30,.00,.00,,,0,8.000000,SECCHI,SECCHI DISC DEPTH,METRE,46.18667,-83.35472
202402001,2025-03-04 13:41:00,CCGS LIMNOS,LAKE HURON,54,460724,-825309,79,26.00,2024-09-05 20:17:00,30,.00,.00,,,0,5.000000,SECCHI,SECCHI DISC DEPTH,METRE,46.12333,-82.88583
202402001,2025-03-04 13:41:00,CCGS LIMNOS,LAKE HURON,55,460530,-823324,84,36.00,2024-09-05 22:18:00,30,.00,.00,,,0,7.000000,SECCHI,SECCHI DISC DEPTH,METRE,46.09167,-82.55667
202402001,2025-03-04 13:41:00,CCGS LIMNOS,LAKE HURON,61,455811,-831154,77,78.00,2024-09-06 11:34:00,30,.00,.00,,,0,6.000000,SECCHI,SECCHI DISC DEPTH,METRE,45.96972,-83.19833
202402001,2025-03-04 13:41:00,CCGS LIMNOS,LAKE HURON,62,455959,-832600,76,58.00,2024-09-06 13:08:00,30,.00,.00,,,0,6.500000,SECCHI,SECCHI DISC DEPTH,METRE,45.99972,-83.43333
202402001,2025-03-04 13:41:00,CCGS LIMNOS,LAKE HURON,63,455405,-833105,60,25.00,2024-09-06 14:16:00,30,.00,.00,,,0,11.500000,SECCHI,SECCHI DISC DEPTH,METRE,45.90139,-83.51806
202402001,2025-03-04 13:41:00,CCGS LIMNOS,LAKE HURON,64,455159,-831600,58,12.00,2024-09-06 16:39:00,30,.00,.00,,,0,7.500000,SECCHI,SECCHI DISC DEPTH,METRE,45.86639,-83.26667
202402001,2025-03-04 13:41:00,CCGS LIMNOS,LAKE HURON,65,454600,-830141,59,18.00,2024-09-06 18:18:00,30,.00,.00,,,0,9.000000,SECCHI,SECCHI DISC DEPTH,METRE,45.76667,-83.02806
202402001,2025-03-04 13:41:00,CCGS LIMNOS,LAKE HURON,66,453905,-823852,52,66.00,2024-09-06 20:48:00,30,.00,.00,,,0,8.000000,SECCHI,SECCHI DISC DEPTH,METRE,45.65139,-82.64778
202402001,2025-03-04 13:41:00,CCGS LIMNOS,LAKE HURON,1,430523,-822330,1,11.00,2024-08-26 18:44:00,100,.00,.00,,,0,22.000000,TEMP,TEMPERATURE (OF WATER),DEG C,43.08972,-82.39167
202402001,2025-03-04 13:41:00,CCGS LIMNOS,LAKE HURON,2,432030,-823021,7,11.00,2024-08-26 20:43:00,100,.00,.00,,,0,22.000000,TEMP,TEMPERATURE (OF WATER),DEG C,43.34167,-82.50583
202402001,2025-03-04 13:41:00,CCGS LIMNOS,LAKE HURON,3,433402,-822907,8,30.00,2024-08-26 22:29:00,100,.00,.00,,,0,22.000000,TEMP,TEMPERATURE (OF WATER),DEG C,43.56722,-82.48528
202402001,2025-03-04 13:41:00,CCGS LIMNOS,LAKE HURON,4,433759,-821301,9,60.00,2024-08-27 00:08:00,100,.00,.00,,,0,22.000000,TEMP,TEMPERATURE (OF WATER),DEG C,43.63306,-82.21694
202402001,2025-03-04 13:41:00,CCGS LIMNOS,LAKE HURON,5,434513,-823405,13,17.00,2024-08-27 03:04:00,100,.00,.00,,,0,22.500000,TEMP,TEMPERATURE (OF WATER),DEG C,43.75361,-82.56806
202402001,2025-03-04 13:41:00,CCGS LIMNOS,LAKE HURON,6,435631,-824000,14,12.50,2024-08-27 04:44:00,100,.00,.00,,,0,21.000000,TEMP,TEMPERATURE (OF WATER),DEG C,43.94194,-82.66667
202402001,2025-03-04 13:41:00,CCGS LIMNOS,LAKE HURON,7,440600,-825159,17,15.00,2024-08-27 06:32:00,100,.00,.00,,,0,22.000000,TEMP,TEMPERATURE (OF WATER),DEG C,44.10000,-82.86639
202402001,2025-03-04 13:41:00,CCGS LIMNOS,LAKE HURON,8,440409,-830450,94,14.50,2024-08-27 07:55:00,100,.00,.00,,,0,22.000000,TEMP,TEMPERATURE (OF WATER),DEG C,44.06917,-83.08056
202402001,2025-03-04 13:41:00,CCGS LIMNOS,LAKE HURON,9,440735,-831014,96,30.00,2024-08-27 08:46:00,100,.00,.00,,,0,22.000000,TEMP,TEMPERATURE (OF WATER),DEG C,44.12639,-83.17056
202402001,2025-03-04 13:41:00,CCGS LIMNOS,LAKE HURON,10,440654,-833144,97,11.00,2024-08-27 10:47:00,100,.00,.00,,,0,22.500000,TEMP,TEMPERATURE (OF WATER),DEG C,44.11500,-83.52889
202402001,2025-03-04 13:41:00,CCGS LIMNOS,LAKE HURON,11,435834,-833430,98,11.00,2024-08-27 12:08:00,100,.00,.00,,,0,22.000000,TEMP,TEMPERATURE (OF WATER),DEG C,43.97611,-83.57500
202402001,2025-03-04 13:41:00,CCGS LIMNOS,LAKE HURON,12,434915,-833728,101,6.00,2024-08-27 13:32:00,100,.00,.00,,,0,23.000000,TEMP,TEMPERATURE (OF WATER),DEG C,43.82083,-83.62444
202402001,2025-03-04 13:41:00,CCGS LIMNOS,LAKE HURON,13,434930,-834901,100,7.00,2024-08-27 14:43:00,100,.00,.00,,,0,23.000000,TEMP,TEMPERATURE (OF WATER),DEG C,43.82500,-83.81694
202402001,2025-03-04 13:41:00,CCGS LIMNOS,LAKE HURON,14,435430,-834427,99,7.00,2024-08-27 15:59:00,100,.00,.00,,,0,23.000000,TEMP,TEMPERATURE (OF WATER),DEG C,43.90833,-83.74083
202402001,2025-03-04 13:41:00,CCGS LIMNOS,LAKE HURON,15,441246,-832214,95,21.00,2024-08-27 19:10:00,100,.00,.00,,,0,22.000000,TEMP,TEMPERATURE (OF WATER),DEG C,44.21278,-83.37056
202402001,2025-03-04 13:41:00,CCGS LIMNOS,LAKE HURON,16,442002,-831758,23,9.00,2024-08-27 20:21:00,100,.00,.00,,,0,21.000000,TEMP,TEMPERATURE (OF WATER),DEG C,44.33389,-83.29944
202402001,2025-03-04 13:41:00,CCGS LIMNOS,LAKE HURON,17,441303,-830501,20,47.00,2024-08-27 22:00:00,100,.00,.00,,,0,21.000000,TEMP,TEMPERATURE (OF WATER),DEG C,44.21750,-83.08361
202402001,2025-03-04 13:41:00,CCGS LIMNOS,LAKE HURON,18,431525,-820217,3,16.00,2024-08-28 06:31:00,100,.00,.00,,,0,22.000000,TEMP,TEMPERATURE (OF WATER),DEG C,43.25694,-82.03806
202402001,2025-03-04 13:41:00,CCGS LIMNOS,LAKE HURON,19,431930,-814717,4,10.00,2024-08-28 08:11:00,100,.00,.00,,,0,22.000000,TEMP,TEMPERATURE (OF WATER),DEG C,43.32500,-81.78806
202402001,2025-03-04 13:41:00,CCGS LIMNOS,LAKE HURON,20,433254,-814441,5,11.50,2024-08-28 09:54:00,100,.00,.00,,,0,21.500000,TEMP,TEMPERATURE (OF WATER),DEG C,43.54833,-81.74472
202402001,2025-03-04 13:41:00,CCGS LIMNOS,LAKE HURON,21,434512,-814652,10,12.50,2024-08-28 11:47:00,100,.00,.00,,,0,21.500000,TEMP,TEMPERATURE (OF WATER),DEG C,43.75333,-81.78111
202402001,2025-03-04 13:41:00,CCGS LIMNOS,LAKE HURON,22,435723,-814712,11,10.50,2024-08-28 22:01:00,100,.00,.00,,,0,22.000000,TEMP,TEMPERATURE (OF WATER),DEG C,43.95639,-81.78667
202402001,2025-03-04 13:41:00,CCGS LIMNOS,LAKE HURON,23,442159,-815000,29,123.00,2024-08-29 01:48:00,100,.00,.00,,,0,20.500000,TEMP,TEMPERATURE (OF WATER),DEG C,44.36639,-81.83333
202402001,2025-03-04 13:41:00,CCGS LIMNOS,LAKE HURON,24,442759,-812712,30,21.50,2024-08-29 05:15:00,100,.00,.00,,,0,21.000000,TEMP,TEMPERATURE (OF WATER),DEG C,44.46639,-81.45333
202402001,2025-03-04 13:41:00,CCGS LIMNOS,LAKE HURON,25,443924,-812242,39,26.00,2024-08-29 06:59:00,100,.00,.00,,,0,20.000000,TEMP,TEMPERATURE (OF WATER),DEG C,44.65667,-81.37833
202402001,2025-03-04 13:41:00,CCGS LIMNOS,LAKE HURON,26,445354,-812613,40,20.00,2024-08-29 09:31:00,100,.00,.00,,,0,19.500000,TEMP,TEMPERATURE (OF WATER),DEG C,44.89833,-81.43694
202402001,2025-03-04 13:41:00,CCGS LIMNOS,LAKE HURON,27,450459,-813212,41,22.50,2024-08-29 11:17:00,100,.00,.00,,,0,19.000000,TEMP,TEMPERATURE (OF WATER),DEG C,45.08306,-81.53667
202402001,2025-03-04 13:41:00,CCGS LIMNOS,LAKE HURON,28,450048,-820030,43,172.00,2024-08-29 14:43:00,100,.00,.00,,,0,19.000000,TEMP,TEMPERATURE (OF WATER),DEG C,45.01333,-82.00833
202402001,2025-03-04 13:41:00,CCGS LIMNOS,LAKE HURON,29,451642,-822707,48,110.00,2024-08-29 18:21:00,100,.00,.00,,,0,19.000000,TEMP,TEMPERATURE (OF WATER),DEG C,45.27833,-82.45194
202402001,2025-03-04 13:41:00,CCGS LIMNOS,LAKE HURON,30,450059,-824106,44,166.50,2024-08-29 21:09:00,100,.00,.00,,,0,20.000000,TEMP,TEMPERATURE (OF WATER),DEG C,45.01639,-82.68500
202402001,2025-03-04 13:41:00,CCGS LIMNOS,LAKE HURON,31,444424,-820326,38,134.00,2024-08-30 01:46:00,100,.00,.00,,,0,20.000000,TEMP,TEMPERATURE (OF WATER),DEG C,44.74000,-82.05722
202402001,2025-03-04 13:41:00,CCGS LIMNOS,LAKE HURON,32,442712,-822030,32,83.00,2024-08-30 05:08:00,100,.00,.00,,,0,20.500000,TEMP,TEMPERATURE (OF WATER),DEG C,44.45333,-82.34167
202402001,2025-03-04 13:41:00,CCGS LIMNOS,LAKE HURON,33,435325,-820324,12,87.00,2024-08-30 10:38:00,100,.00,.00,,,0,21.500000,TEMP,TEMPERATURE (OF WATER),DEG C,43.89028,-82.05667
202402001,2025-03-04 13:41:00,CCGS LIMNOS,LAKE HURON,34,441154,-823011,27,55.00,2024-09-03 23:11:00,100,.00,.00,,,0,20.000000,TEMP,TEMPERATURE (OF WATER),DEG C,44.19833,-82.50306
202402001,2025-03-04 13:41:00,CCGS LIMNOS,LAKE HURON,35,443000,-825000,33,72.50,2024-09-04 02:23:00,100,.00,.00,,,0,19.500000,TEMP,TEMPERATURE (OF WATER),DEG C,44.50000,-82.83333
202402001,2025-03-04 13:41:00,CCGS LIMNOS,LAKE HURON,36,443824,-831354,34,9.00,2024-09-04 05:09:00,100,.00,.00,,,0,20.000000,TEMP,TEMPERATURE (OF WATER),DEG C,44.64000,-83.23167
202402001,2025-03-04 13:41:00,CCGS LIMNOS,LAKE HURON,37,450224,-832241,36,9.00,2024-09-04 08:34:00,100,.00,.00,,,0,19.000000,TEMP,TEMPERATURE (OF WATER),DEG C,45.04000,-83.37806
202402001,2025-03-04 13:41:00,CCGS LIMNOS,LAKE HURON,38,451516,-832044,47,23.50,2024-09-04 11:59:00,100,.00,.00,,,0,18.000000,TEMP,TEMPERATURE (OF WATER),DEG C,45.25444,-83.34556
202402001,2025-03-04 13:41:00,CCGS LIMNOS,LAKE HURON,39,453100,-832459,54,132.50,2024-09-04 15:02:00,100,.00,.00,,,0,19.000000,TEMP,TEMPERATURE (OF WATER),DEG C,45.51667,-83.41639
202402001,2025-03-04 13:41:00,CCGS LIMNOS,LAKE HURON,40,452530,-833905,55,37.00,2024-09-04 17:32:00,100,.00,.00,,,0,18.500000,TEMP,TEMPERATURE (OF WATER),DEG C,45.42500,-83.65139
202402001,2025-03-04 13:41:00,CCGS LIMNOS,LAKE HURON,41,453059,-840500,56,22.50,2024-09-04 20:07:00,100,.00,.00,,,0,19.000000,TEMP,TEMPERATURE (OF WATER),DEG C,45.51639,-84.08333
202402001,2025-03-04 13:41:00,CCGS LIMNOS,LAKE HURON,42,454459,-835500,61,117.00,2024-09-04 22:19:00,100,.00,.00,,,0,18.000000,TEMP,TEMPERATURE (OF WATER),DEG C,45.74972,-83.91667
202402001,2025-03-04 13:41:00,CCGS LIMNOS,LAKE HURON,43,454029,-841112,62,44.00,2024-09-05 00:10:00,100,.00,.00,,,0,18.500000,TEMP,TEMPERATURE (OF WATER),DEG C,45.67472,-84.18667
202402001,2025-03-04 13:41:00,CCGS LIMNOS,LAKE HURON,44,454212,-843041,63,15.00,2024-09-05 02:25:00,100,.00,.00,,,0,18.500000,TEMP,TEMPERATURE (OF WATER),DEG C,45.70333,-84.51139
202402001,2025-03-04 13:41:00,CCGS LIMNOS,LAKE HURON,45,454848,-844519,64,36.00,2024-09-05 04:05:00,100,.00,.00,,,0,19.000000,TEMP,TEMPERATURE (OF WATER),DEG C,45.81333,-84.75528
202402001,2025-03-04 13:41:00,CCGS LIMNOS,LAKE HURON,46,455043,-843400,65,58.50,2024-09-05 05:27:00,100,.00,.00,,,0,19.000000,TEMP,TEMPERATURE (OF WATER),DEG C,45.84528,-84.56667
202402001,2025-03-04 13:41:00,CCGS LIMNOS,LAKE HURON,47,455149,-841741,66,69.00,2024-09-05 07:08:00,100,.00,.00,,,0,18.500000,TEMP,TEMPERATURE (OF WATER),DEG C,45.86361,-84.29472
202402001,2025-03-04 13:41:00,CCGS LIMNOS,LAKE HURON,48,455606,-835359,67,31.00,2024-09-05 09:35:00,100,.00,.00,,,0,15.500000,TEMP,TEMPERATURE (OF WATER),DEG C,45.93500,-83.89972
202402001,2025-03-04 13:41:00,CCGS LIMNOS,LAKE HURON,49,460442,-840141,69,10.00,2024-09-05 11:24:00,100,.00,.00,,,0,19.000000,TEMP,TEMPERATURE (OF WATER),DEG C,46.07833,-84.02806
202402001,2025-03-04 13:41:00,CCGS LIMNOS,LAKE HURON,50,460230,-835112,68,17.00,2024-09-05 12:44:00,100,.00,.00,,,0,18.000000,TEMP,TEMPERATURE (OF WATER),DEG C,46.04167,-83.85333
202402001,2025-03-04 13:41:00,CCGS LIMNOS,LAKE HURON,51,460812,-834018,70,22.00,2024-09-05 14:24:00,100,.00,.00,,,0,19.000000,TEMP,TEMPERATURE (OF WATER),DEG C,46.13667,-83.67167
202402001,2025-03-04 13:41:00,CCGS LIMNOS,LAKE HURON,52,461400,-834447,71,34.00,2024-09-05 15:25:00,100,.00,.00,,,0,18.500000,TEMP,TEMPERATURE (OF WATER),DEG C,46.23333,-83.74639
202402001,2025-03-04 13:41:00,CCGS LIMNOS,LAKE HURON,53,461112,-832117,73,19.00,2024-09-05 17:38:00,100,.00,.00,,,0,19.000000,TEMP,TEMPERATURE (OF WATER),DEG C,46.18667,-83.35472
202402001,2025-03-04 13:41:00,CCGS LIMNOS,LAKE HURON,54,460724,-825309,79,26.00,2024-09-05 20:17:00,100,.00,.00,,,0,16.000000,TEMP,TEMPERATURE (OF WATER),DEG C,46.12333,-82.88583
202402001,2025-03-04 13:41:00,CCGS LIMNOS,LAKE HURON,55,460530,-823324,84,36.00,2024-09-05 22:18:00,100,.00,.00,,,0,17.500000,TEMP,TEMPERATURE (OF WATER),DEG C,46.09167,-82.55667
202402001,2025-03-04 13:41:00,CCGS LIMNOS,LAKE HURON,56,460340,-821149,87,35.00,2024-09-06 00:45:00,100,.00,.00,,,0,18.000000,TEMP,TEMPERATURE (OF WATER),DEG C,46.06111,-82.19694
202402001,2025-03-04 13:41:00,CCGS LIMNOS,LAKE HURON,57,460320,-815959,88,36.00,2024-09-06 02:07:00,100,.00,.00,,,0,19.500000,TEMP,TEMPERATURE (OF WATER),DEG C,46.05556,-81.99972
202402001,2025-03-04 13:41:00,CCGS LIMNOS,LAKE HURON,58,455459,-820940,89,39.00,2024-09-06 03:48:00,100,.00,.00,,,0,19.000000,TEMP,TEMPERATURE (OF WATER),DEG C,45.91639,-82.16111
202402001,2025-03-04 13:41:00,CCGS LIMNOS,LAKE HURON,59,460000,-823258,83,31.00,2024-09-06 07:05:00,100,.00,.00,,,0,18.000000,TEMP,TEMPERATURE (OF WATER),DEG C,46.00000,-82.54944
202402001,2025-03-04 13:41:00,CCGS LIMNOS,LAKE HURON,60,455611,-824527,82,28.50,2024-09-06 08:34:00,100,.00,.00,,,0,18.500000,TEMP,TEMPERATURE (OF WATER),DEG C,45.93639,-82.75750
202402001,2025-03-04 13:41:00,CCGS LIMNOS,LAKE HURON,61,455811,-831154,77,78.00,2024-09-06 11:34:00,100,.00,.00,,,0,18.000000,TEMP,TEMPERATURE (OF WATER),DEG C,45.96972,-83.19833
202402001,2025-03-04 13:41:00,CCGS LIMNOS,LAKE HURON,62,455959,-832600,76,58.00,2024-09-06 13:08:00,100,.00,.00,,,0,18.000000,TEMP,TEMPERATURE (OF WATER),DEG C,45.99972,-83.43333
202402001,2025-03-04 13:41:00,CCGS LIMNOS,LAKE HURON,63,455405,-833105,60,25.00,2024-09-06 14:16:00,100,.00,.00,,,0,15.000000,TEMP,TEMPERATURE (OF WATER),DEG C,45.90139,-83.51806
202402001,2025-03-04 13:41:00,CCGS LIMNOS,LAKE HURON,64,455159,-831600,58,12.00,2024-09-06 16:39:00,100,.00,.00,,,0,17.500000,TEMP,TEMPERATURE (OF WATER),DEG C,45.86639,-83.26667
202402001,2025-03-04 13:41:00,CCGS LIMNOS,LAKE HURON,65,454600,-830141,59,18.00,2024-09-06 18:18:00,100,.00,.00,,,0,17.000000,TEMP,TEMPERATURE (OF WATER),DEG C,45.76667,-83.02806
202402001,2025-03-04 13:41:00,CCGS LIMNOS,LAKE HURON,66,453905,-823852,52,66.00,2024-09-06 20:48:00,100,.00,.00,,,0,16.500000,TEMP,TEMPERATURE (OF WATER),DEG C,45.65139,-82.64778
202402001,2025-03-04 13:41:00,CCGS LIMNOS,LAKE HURON,67,453205,-820242,50,27.00,2024-09-07 00:19:00,100,.00,.00,,,0,17.000000,TEMP,TEMPERATURE (OF WATER),DEG C,45.53472,-82.04500
202402001,2025-03-04 13:41:00,CCGS LIMNOS,LAKE HURON,68,451316,-814909,42,42.00,2024-09-07 03:12:00,100,.00,.00,,,0,18.000000,TEMP,TEMPERATURE (OF WATER),DEG C,45.22111,-81.81917
202402001,2025-03-04 13:41:00,CCGS LIMNOS,LAKE HURON,1,430523,-822330,1,11.00,2024-08-26 18:44:00,104,1.00,.00,,,0,21.920000,T EBT,TEMPERATURE EBT,DEG C,43.08972,-82.39167
202402001,2025-03-04 13:41:00,CCGS LIMNOS,LAKE HURON,1,430523,-822330,1,11.00,2024-08-26 18:44:00,104,9.00,.00,,,0,21.530000,T EBT,TEMPERATURE EBT,DEG C,43.08972,-82.39167
202402001,2025-03-04 13:41:00,CCGS LIMNOS,LAKE HURON,2,432030,-823021,7,11.00,2024-08-26 20:43:00,104,1.00,.00,,,0,22.170000,T EBT,TEMPERATURE EBT,DEG C,43.34167,-82.50583
202402001,2025-03-04 13:41:00,CCGS LIMNOS,LAKE HURON,3,433402,-822907,8,30.00,2024-08-26 22:29:00,104,1.00,.00,,,0,22.190000,T EBT,TEMPERATURE EBT,DEG C,43.56722,-82.48528
202402001,2025-03-04 13:41:00,CCGS LIMNOS,LAKE HURON,4,433759,-821301,9,60.00,2024-08-27 00:08:00,104,1.00,.00,,,0,22.320000,T EBT,TEMPERATURE EBT,DEG C,43.63306,-82.21694
202402001,2025-03-04 13:41:00,CCGS LIMNOS,LAKE HURON,4,433759,-821301,9,60.00,2024-08-27 00:08:00,104,23.00,.00,,,0,20.230000,T EBT,TEMPERATURE EBT,DEG C,43.63306,-82.21694
202402001,2025-03-04 13:41:00,CCGS LIMNOS,LAKE HURON,4,433759,-821301,9,60.00,2024-08-27 00:08:00,104,32.00,.00,,,0,8.770000,T EBT,TEMPERATURE EBT,DEG C,43.63306,-82.21694
202402001,2025-03-04 13:41:00,CCGS LIMNOS,LAKE HURON,4,433759,-821301,9,60.00,2024-08-27 00:08:00,104,41.00,.00,,,0,6.010000,T EBT,TEMPERATURE EBT,DEG C,43.63306,-82.21694
202402001,2025-03-04 13:41:00,CCGS LIMNOS,LAKE HURON,4,433759,-821301,9,60.00,2024-08-27 00:08:00,104,50.00,.00,,,0,5.830000,T EBT,TEMPERATURE EBT,DEG C,43.63306,-82.21694
202402001,2025-03-04 13:41:00,CCGS LIMNOS,LAKE HURON,4,433759,-821301,9,60.00,2024-08-27 00:08:00,104,58.00,.00,,,0,5.540000,T EBT,TEMPERATURE EBT,DEG C,43.63306,-82.21694
202402001,2025-03-04 13:41:00,CCGS LIMNOS,LAKE HURON,5,434513,-823405,13,17.00,2024-08-27 03:04:00,104,1.00,.00,,,0,22.450000,T EBT,TEMPERATURE EBT,DEG C,43.75361,-82.56806
202402001,2025-03-04 13:41:00,CCGS LIMNOS,LAKE HURON,5,434513,-823405,13,17.00,2024-08-27 03:04:00,104,1.00,.00,,,1,22.450000,T EBT,TEMPERATURE EBT,DEG C,43.75361,-82.56806
202402001,2025-03-04 13:41:00,CCGS LIMNOS,LAKE HURON,6,435631,-824000,14,12.50,2024-08-27 04:44:00,104,1.00,.00,,,0,21.360000,T EBT,TEMPERATURE EBT,DEG C,43.94194,-82.66667
202402001,2025-03-04 13:41:00,CCGS LIMNOS,LAKE HURON,7,440600,-825159,17,15.00,2024-08-27 06:32:00,104,1.00,.00,,,0,22.400000,T EBT,TEMPERATURE EBT,DEG C,44.10000,-82.86639
202402001,2025-03-04 13:41:00,CCGS LIMNOS,LAKE HURON,7,440600,-825159,17,15.00,2024-08-27 06:32:00,104,10.00,.00,,,0,20.760000,T EBT,TEMPERATURE EBT,DEG C,44.10000,-82.86639
202402001,2025-03-04 13:41:00,CCGS LIMNOS,LAKE HURON,7,440600,-825159,17,15.00,2024-08-27 06:32:00,104,13.00,.00,,,0,20.730000,T EBT,TEMPERATURE EBT,DEG C,44.10000,-82.86639
202402001,2025-03-04 13:41:00,CCGS LIMNOS,LAKE HURON,8,440409,-830450,94,14.50,2024-08-27 07:55:00,104,1.00,.00,,,0,21.850000,T EBT,TEMPERATURE EBT,DEG C,44.06917,-83.08056
202402001,2025-03-04 13:41:00,CCGS LIMNOS,LAKE HURON,9,440735,-831014,96,30.00,2024-08-27 08:46:00,104,1.00,.00,,,0,22.130000,T EBT,TEMPERATURE EBT,DEG C,44.12639,-83.17056
202402001,2025-03-04 13:41:00,CCGS LIMNOS,LAKE HURON,10,440654,-833144,97,11.00,2024-08-27 10:47:00,104,1.00,.00,,,0,22.810000,T EBT,TEMPERATURE EBT,DEG C,44.11500,-83.52889
202402001,2025-03-04 13:41:00,CCGS LIMNOS,LAKE HURON,11,435834,-833430,98,11.00,2024-08-27 12:08:00,104,1.00,.00,,,0,22.470000,T EBT,TEMPERATURE EBT,DEG C,43.97611,-83.57500
202402001,2025-03-04 13:41:00,CCGS LIMNOS,LAKE HURON,12,434915,-833728,101,6.00,2024-08-27 13:32:00,104,1.00,.00,,,0,22.850000,T EBT,TEMPERATURE EBT,DEG C,43.82083,-83.62444
202402001,2025-03-04 13:41:00,CCGS LIMNOS,LAKE HURON,13,434930,-834901,100,7.00,2024-08-27 14:43:00,104,.50,.00,,,0,23.300000,T EBT,TEMPERATURE EBT,DEG C,43.82500,-83.81694
202402001,2025-03-04 13:41:00,CCGS LIMNOS,LAKE HURON,13,434930,-834901,100,7.00,2024-08-27 14:43:00,104,1.00,.00,,,0,23.280000,T EBT,TEMPERATURE EBT,DEG C,43.82500,-83.81694
202402001,2025-03-04 13:41:00,CCGS LIMNOS,LAKE HURON,13,434930,-834901,100,7.00,2024-08-27 14:43:00,104,5.00,.00,,,0,22.650000,T EBT,TEMPERATURE EBT,DEG C,43.82500,-83.81694
202402001,2025-03-04 13:41:00,CCGS LIMNOS,LAKE HURON,14,435430,-834427,99,7.00,2024-08-27 15:59:00,104,1.00,.00,,,0,23.330000,T EBT,TEMPERATURE EBT,DEG C,43.90833,-83.74083
202402001,2025-03-04 13:41:00,CCGS LIMNOS,LAKE HURON,15,441246,-832214,95,21.00,2024-08-27 19:10:00,104,1.00,.00,,,0,22.310000,T EBT,TEMPERATURE EBT,DEG C,44.21278,-83.37056
202402001,2025-03-04 13:41:00,CCGS LIMNOS,LAKE HURON,15,441246,-832214,95,21.00,2024-08-27 19:10:00,104,1.00,.00,,,1,22.310000,T EBT,TEMPERATURE EBT,DEG C,44.21278,-83.37056
202402001,2025-03-04 13:41:00,CCGS LIMNOS,LAKE HURON,15,441246,-832214,95,21.00,2024-08-27 19:10:00,104,11.00,.00,,,0,20.430000,T EBT,TEMPERATURE EBT,DEG C,44.21278,-83.37056
202402001,2025-03-04 13:41:00,CCGS LIMNOS,LAKE HURON,15,441246,-832214,95,21.00,2024-08-27 19:10:00,104,19.00,.00,,,0,19.400000,T EBT,TEMPERATURE EBT,DEG C,44.21278,-83.37056
202402001,2025-03-04 13:41:00,CCGS LIMNOS,LAKE HURON,16,442002,-831758,23,9.00,2024-08-27 20:21:00,104,1.00,.00,,,0,21.250000,T EBT,TEMPERATURE EBT,DEG C,44.33389,-83.29944
202402001,2025-03-04 13:41:00,CCGS LIMNOS,LAKE HURON,17,441303,-830501,20,47.00,2024-08-27 22:00:00,104,1.00,.00,,,0,21.200000,T EBT,TEMPERATURE EBT,DEG C,44.21750,-83.08361
202402001,2025-03-04 13:41:00,CCGS LIMNOS,LAKE HURON,18,431525,-820217,3,16.00,2024-08-28 06:31:00,104,1.00,.00,,,0,22.180000,T EBT,TEMPERATURE EBT,DEG C,43.25694,-82.03806
202402001,2025-03-04 13:41:00,CCGS LIMNOS,LAKE HURON,19,431930,-814717,4,10.00,2024-08-28 08:11:00,104,1.00,.00,,,0,22.120000,T EBT,TEMPERATURE EBT,DEG C,43.32500,-81.78806
202402001,2025-03-04 13:41:00,CCGS LIMNOS,LAKE HURON,20,433254,-814441,5,11.50,2024-08-28 09:54:00,104,1.00,.00,,,0,21.830000,T EBT,TEMPERATURE EBT,DEG C,43.54833,-81.74472
202402001,2025-03-04 13:41:00,CCGS LIMNOS,LAKE HURON,21,434512,-814652,10,12.50,2024-08-28 11:47:00,104,1.00,.00,,,0,21.550000,T EBT,TEMPERATURE EBT,DEG C,43.75333,-81.78111
202402001,2025-03-04 13:41:00,CCGS LIMNOS,LAKE HURON,22,435723,-814712,11,10.50,2024-08-28 22:01:00,104,1.00,.00,,,0,21.830000,T EBT,TEMPERATURE EBT,DEG C,43.95639,-81.78667
202402001,2025-03-04 13:41:00,CCGS LIMNOS,LAKE HURON,23,442159,-815000,29,123.00,2024-08-29 01:48:00,104,1.00,.00,,,0,20.430000,T EBT,TEMPERATURE EBT,DEG C,44.36639,-81.83333
202402001,2025-03-04 13:41:00,CCGS LIMNOS,LAKE HURON,23,442159,-815000,29,123.00,2024-08-29 01:48:00,104,14.00,.00,,,0,17.360000,T EBT,TEMPERATURE EBT,DEG C,44.36639,-81.83333
202402001,2025-03-04 13:41:00,CCGS LIMNOS,LAKE HURON,23,442159,-815000,29,123.00,2024-08-29 01:48:00,104,24.00,.00,,,0,14.700000,T EBT,TEMPERATURE EBT,DEG C,44.36639,-81.83333
202402001,2025-03-04 13:41:00,CCGS LIMNOS,LAKE HURON,23,442159,-815000,29,123.00,2024-08-29 01:48:00,104,34.00,.00,,,0,8.690000,T EBT,TEMPERATURE EBT,DEG C,44.36639,-81.83333
202402001,2025-03-04 13:41:00,CCGS LIMNOS,LAKE HURON,23,442159,-815000,29,123.00,2024-08-29 01:48:00,104,113.00,.00,,,0,4.120000,T EBT,TEMPERATURE EBT,DEG C,44.36639,-81.83333
202402001,2025-03-04 13:41:00,CCGS LIMNOS,LAKE HURON,23,442159,-815000,29,123.00,2024-08-29 01:48:00,104,121.00,.00,,,0,4.090000,T EBT,TEMPERATURE EBT,DEG C,44.36639,-81.83333
202402001,2025-03-04 13:41:00,CCGS LIMNOS,LAKE HURON,24,442759,-812712,30,21.50,2024-08-29 05:15:00,104,1.00,.00,,,0,20.950000,T EBT,TEMPERATURE EBT,DEG C,44.46639,-81.45333
202402001,2025-03-04 13:41:00,CCGS LIMNOS,LAKE HURON,25,443924,-812242,39,26.00,2024-08-29 06:59:00,104,1.00,.00,,,0,20.270000,T EBT,TEMPERATURE EBT,DEG C,44.65667,-81.37833
202402001,2025-03-04 13:41:00,CCGS LIMNOS,LAKE HURON,25,443924,-812242,39,26.00,2024-08-29 06:59:00,104,1.00,.00,,,1,20.270000,T EBT,TEMPERATURE EBT,DEG C,44.65667,-81.37833
202402001,2025-03-04 13:41:00,CCGS LIMNOS,LAKE HURON,26,445354,-812613,40,20.00,2024-08-29 09:31:00,104,1.00,.00,,,0,19.510000,T EBT,TEMPERATURE EBT,DEG C,44.89833,-81.43694
202402001,2025-03-04 13:41:00,CCGS LIMNOS,LAKE HURON,27,450459,-813212,41,22.50,2024-08-29 11:17:00,104,1.00,.00,,,0,19.220000,T EBT,TEMPERATURE EBT,DEG C,45.08306,-81.53667
202402001,2025-03-04 13:41:00,CCGS LIMNOS,LAKE HURON,28,450048,-820030,43,172.00,2024-08-29 14:43:00,104,1.00,.00,,,0,19.320000,T EBT,TEMPERATURE EBT,DEG C,45.01333,-82.00833
202402001,2025-03-04 13:41:00,CCGS LIMNOS,LAKE HURON,29,451642,-822707,48,110.00,2024-08-29 18:21:00,104,1.00,.00,,,0,19.020000,T EBT,TEMPERATURE EBT,DEG C,45.27833,-82.45194
202402001,2025-03-04 13:41:00,CCGS LIMNOS,LAKE HURON,30,450059,-824106,44,166.50,2024-08-29 21:09:00,104,1.00,.00,,,0,19.910000,T EBT,TEMPERATURE EBT,DEG C,45.01639,-82.68500
202402001,2025-03-04 13:41:00,CCGS LIMNOS,LAKE HURON,30,450059,-824106,44,166.50,2024-08-29 21:09:00,104,14.00,.00,,,0,19.400000,T EBT,TEMPERATURE EBT,DEG C,45.01639,-82.68500
202402001,2025-03-04 13:41:00,CCGS LIMNOS,LAKE HURON,30,450059,-824106,44,166.50,2024-08-29 21:09:00,104,45.50,.00,,,0,5.530000,T EBT,TEMPERATURE EBT,DEG C,45.01639,-82.68500
202402001,2025-03-04 13:41:00,CCGS LIMNOS,LAKE HURON,30,450059,-824106,44,166.50,2024-08-29 21:09:00,104,77.00,.00,,,0,4.180000,T EBT,TEMPERATURE EBT,DEG C,45.01639,-82.68500
202402001,2025-03-04 13:41:00,CCGS LIMNOS,LAKE HURON,30,450059,-824106,44,166.50,2024-08-29 21:09:00,104,156.50,.00,,,0,4.030000,T EBT,TEMPERATURE EBT,DEG C,45.01639,-82.68500
202402001,2025-03-04 13:41:00,CCGS LIMNOS,LAKE HURON,30,450059,-824106,44,166.50,2024-08-29 21:09:00,104,164.50,.00,,,0,4.030000,T EBT,TEMPERATURE EBT,DEG C,45.01639,-82.68500
202402001,2025-03-04 13:41:00,CCGS LIMNOS,LAKE HURON,31,444424,-820326,38,134.00,2024-08-30 01:46:00,104,1.00,.00,,,0,20.290000,T EBT,TEMPERATURE EBT,DEG C,44.74000,-82.05722
202402001,2025-03-04 13:41:00,CCGS LIMNOS,LAKE HURON,32,442712,-822030,32,83.00,2024-08-30 05:08:00,104,1.00,.00,,,0,20.630000,T EBT,TEMPERATURE EBT,DEG C,44.45333,-82.34167
202402001,2025-03-04 13:41:00,CCGS LIMNOS,LAKE HURON,33,435325,-820324,12,87.00,2024-08-30 10:38:00,104,1.00,.00,,,0,21.520000,T EBT,TEMPERATURE EBT,DEG C,43.89028,-82.05667
202402001,2025-03-04 13:41:00,CCGS LIMNOS,LAKE HURON,34,441154,-823011,27,55.00,2024-09-03 23:11:00,104,1.00,.00,,,0,20.330000,T EBT,TEMPERATURE EBT,DEG C,44.19833,-82.50306
202402001,2025-03-04 13:41:00,CCGS LIMNOS,LAKE HURON,35,443000,-825000,33,72.50,2024-09-04 02:23:00,104,1.00,.00,,,0,19.610000,T EBT,TEMPERATURE EBT,DEG C,44.50000,-82.83333
202402001,2025-03-04 13:41:00,CCGS LIMNOS,LAKE HURON,35,443000,-825000,33,72.50,2024-09-04 02:23:00,104,1.00,.00,,,1,19.610000,T EBT,TEMPERATURE EBT,DEG C,44.50000,-82.83333
202402001,2025-03-04 13:41:00,CCGS LIMNOS,LAKE HURON,36,443824,-831354,34,9.00,2024-09-04 05:09:00,104,1.00,.00,,,0,19.950000,T EBT,TEMPERATURE EBT,DEG C,44.64000,-83.23167
202402001,2025-03-04 13:41:00,CCGS LIMNOS,LAKE HURON,37,450224,-832241,36,9.00,2024-09-04 08:34:00,104,1.00,.00,,,0,19.060000,T EBT,TEMPERATURE EBT,DEG C,45.04000,-83.37806
202402001,2025-03-04 13:41:00,CCGS LIMNOS,LAKE HURON,37,450224,-832241,36,9.00,2024-09-04 08:34:00,104,7.00,.00,,,0,18.590000,T EBT,TEMPERATURE EBT,DEG C,45.04000,-83.37806
202402001,2025-03-04 13:41:00,CCGS LIMNOS,LAKE HURON,38,451516,-832044,47,23.50,2024-09-04 11:59:00,104,1.00,.00,,,0,17.790000,T EBT,TEMPERATURE EBT,DEG C,45.25444,-83.34556
202402001,2025-03-04 13:41:00,CCGS LIMNOS,LAKE HURON,39,453100,-832459,54,132.50,2024-09-04 15:02:00,104,1.00,.00,,,0,18.980000,T EBT,TEMPERATURE EBT,DEG C,45.51667,-83.41639
202402001,2025-03-04 13:41:00,CCGS LIMNOS,LAKE HURON,39,453100,-832459,54,132.50,2024-09-04 15:02:00,104,11.00,.00,,,0,18.940000,T EBT,TEMPERATURE EBT,DEG C,45.51667,-83.41639
202402001,2025-03-04 13:41:00,CCGS LIMNOS,LAKE HURON,39,453100,-832459,54,132.50,2024-09-04 15:02:00,104,25.50,.00,,,0,5.880000,T EBT,TEMPERATURE EBT,DEG C,45.51667,-83.41639
202402001,2025-03-04 13:41:00,CCGS LIMNOS,LAKE HURON,39,453100,-832459,54,132.50,2024-09-04 15:02:00,104,40.00,.00,,,0,4.340000,T EBT,TEMPERATURE EBT,DEG C,45.51667,-83.41639
202402001,2025-03-04 13:41:00,CCGS LIMNOS,LAKE HURON,39,453100,-832459,54,132.50,2024-09-04 15:02:00,104,122.50,.00,,,0,4.040000,T EBT,TEMPERATURE EBT,DEG C,45.51667,-83.41639
202402001,2025-03-04 13:41:00,CCGS LIMNOS,LAKE HURON,39,453100,-832459,54,132.50,2024-09-04 15:02:00,104,130.50,.00,,,0,4.030000,T EBT,TEMPERATURE EBT,DEG C,45.51667,-83.41639
202402001,2025-03-04 13:41:00,CCGS LIMNOS,LAKE HURON,40,452530,-833905,55,37.00,2024-09-04 17:32:00,104,1.00,.00,,,0,18.380000,T EBT,TEMPERATURE EBT,DEG C,45.42500,-83.65139
202402001,2025-03-04 13:41:00,CCGS LIMNOS,LAKE HURON,41,453059,-840500,56,22.50,2024-09-04 20:07:00,104,1.00,.00,,,0,18.700000,T EBT,TEMPERATURE EBT,DEG C,45.51639,-84.08333
202402001,2025-03-04 13:41:00,CCGS LIMNOS,LAKE HURON,42,454459,-835500,61,117.00,2024-09-04 22:19:00,104,1.00,.00,,,0,18.150000,T EBT,TEMPERATURE EBT,DEG C,45.74972,-83.91667
202402001,2025-03-04 13:41:00,CCGS LIMNOS,LAKE HURON,43,454029,-841112,62,44.00,2024-09-05 00:10:00,104,1.00,.00,,,0,18.710000,T EBT,TEMPERATURE EBT,DEG C,45.67472,-84.18667
202402001,2025-03-04 13:41:00,CCGS LIMNOS,LAKE HURON,44,454212,-843041,63,15.00,2024-09-05 02:25:00,104,1.00,.00,,,0,18.410000,T EBT,TEMPERATURE EBT,DEG C,45.70333,-84.51139
202402001,2025-03-04 13:41:00,CCGS LIMNOS,LAKE HURON,45,454848,-844519,64,36.00,2024-09-05 04:05:00,104,1.00,.00,,,0,18.970000,T EBT,TEMPERATURE EBT,DEG C,45.81333,-84.75528
202402001,2025-03-04 13:41:00,CCGS LIMNOS,LAKE HURON,45,454848,-844519,64,36.00,2024-09-05 04:05:00,104,1.00,.00,,,1,18.970000,T EBT,TEMPERATURE EBT,DEG C,45.81333,-84.75528
202402001,2025-03-04 13:41:00,CCGS LIMNOS,LAKE HURON,45,454848,-844519,64,36.00,2024-09-05 04:05:00,104,16.00,.00,,,0,18.650000,T EBT,TEMPERATURE EBT,DEG C,45.81333,-84.75528
202402001,2025-03-04 13:41:00,CCGS LIMNOS,LAKE HURON,45,454848,-844519,64,36.00,2024-09-05 04:05:00,104,24.50,.00,,,0,12.480000,T EBT,TEMPERATURE EBT,DEG C,45.81333,-84.75528
202402001,2025-03-04 13:41:00,CCGS LIMNOS,LAKE HURON,45,454848,-844519,64,36.00,2024-09-05 04:05:00,104,26.00,.00,,,0,11.230000,T EBT,TEMPERATURE EBT,DEG C,45.81333,-84.75528
202402001,2025-03-04 13:41:00,CCGS LIMNOS,LAKE HURON,45,454848,-844519,64,36.00,2024-09-05 04:05:00,104,33.00,.00,,,0,9.470000,T EBT,TEMPERATURE EBT,DEG C,45.81333,-84.75528
202402001,2025-03-04 13:41:00,CCGS LIMNOS,LAKE HURON,46,455043,-843400,65,58.50,2024-09-05 05:27:00,104,1.00,.00,,,0,18.790000,T EBT,TEMPERATURE EBT,DEG C,45.84528,-84.56667
202402001,2025-03-04 13:41:00,CCGS LIMNOS,LAKE HURON,47,455149,-841741,66,69.00,2024-09-05 07:08:00,104,1.00,.00,,,0,18.520000,T EBT,TEMPERATURE EBT,DEG C,45.86361,-84.29472
202402001,2025-03-04 13:41:00,CCGS LIMNOS,LAKE HURON,48,455606,-835359,67,31.00,2024-09-05 09:35:00,104,1.00,.00,,,0,15.720000,T EBT,TEMPERATURE EBT,DEG C,45.93500,-83.89972
202402001,2025-03-04 13:41:00,CCGS LIMNOS,LAKE HURON,49,460442,-840141,69,10.00,2024-09-05 11:24:00,104,1.00,.00,,,0,19.110000,T EBT,TEMPERATURE EBT,DEG C,46.07833,-84.02806
202402001,2025-03-04 13:41:00,CCGS LIMNOS,LAKE HURON,49,460442,-840141,69,10.00,2024-09-05 11:24:00,104,8.00,.00,,,0,17.370000,T EBT,TEMPERATURE EBT,DEG C,46.07833,-84.02806
202402001,2025-03-04 13:41:00,CCGS LIMNOS,LAKE HURON,50,460230,-835112,68,17.00,2024-09-05 12:44:00,104,1.00,.00,,,0,18.190000,T EBT,TEMPERATURE EBT,DEG C,46.04167,-83.85333
202402001,2025-03-04 13:41:00,CCGS LIMNOS,LAKE HURON,51,460812,-834018,70,22.00,2024-09-05 14:24:00,104,1.00,.00,,,0,19.160000,T EBT,TEMPERATURE EBT,DEG C,46.13667,-83.67167
202402001,2025-03-04 13:41:00,CCGS LIMNOS,LAKE HURON,52,461400,-834447,71,34.00,2024-09-05 15:25:00,104,1.00,.00,,,0,18.560000,T EBT,TEMPERATURE EBT,DEG C,46.23333,-83.74639
202402001,2025-03-04 13:41:00,CCGS LIMNOS,LAKE HURON,52,461400,-834447,71,34.00,2024-09-05 15:25:00,104,3.00,.00,,,0,18.450000,T EBT,TEMPERATURE EBT,DEG C,46.23333,-83.74639
202402001,2025-03-04 13:41:00,CCGS LIMNOS,LAKE HURON,52,461400,-834447,71,34.00,2024-09-05 15:25:00,104,9.50,.00,,,0,10.570000,T EBT,TEMPERATURE EBT,DEG C,46.23333,-83.74639
202402001,2025-03-04 13:41:00,CCGS LIMNOS,LAKE HURON,52,461400,-834447,71,34.00,2024-09-05 15:25:00,104,16.00,.00,,,0,8.570000,T EBT,TEMPERATURE EBT,DEG C,46.23333,-83.74639
202402001,2025-03-04 13:41:00,CCGS LIMNOS,LAKE HURON,52,461400,-834447,71,34.00,2024-09-05 15:25:00,104,32.00,.00,,,0,7.920000,T EBT,TEMPERATURE EBT,DEG C,46.23333,-83.74639
202402001,2025-03-04 13:41:00,CCGS LIMNOS,LAKE HURON,53,461112,-832117,73,19.00,2024-09-05 17:38:00,104,1.00,.00,,,0,18.200000,T EBT,TEMPERATURE EBT,DEG C,46.18667,-83.35472
202402001,2025-03-04 13:41:00,CCGS LIMNOS,LAKE HURON,54,460724,-825309,79,26.00,2024-09-05 20:17:00,104,1.00,.00,,,0,16.050000,T EBT,TEMPERATURE EBT,DEG C,46.12333,-82.88583
202402001,2025-03-04 13:41:00,CCGS LIMNOS,LAKE HURON,54,460724,-825309,79,26.00,2024-09-05 20:17:00,104,10.00,.00,,,0,15.880000,T EBT,TEMPERATURE EBT,DEG C,46.12333,-82.88583
202402001,2025-03-04 13:41:00,CCGS LIMNOS,LAKE HURON,54,460724,-825309,79,26.00,2024-09-05 20:17:00,104,24.00,.00,,,0,11.560000,T EBT,TEMPERATURE EBT,DEG C,46.12333,-82.88583
202402001,2025-03-04 13:41:00,CCGS LIMNOS,LAKE HURON,55,460530,-823324,84,36.00,2024-09-05 22:18:00,104,1.00,.00,,,0,17.620000,T EBT,TEMPERATURE EBT,DEG C,46.09167,-82.55667
202402001,2025-03-04 13:41:00,CCGS LIMNOS,LAKE HURON,55,460530,-823324,84,36.00,2024-09-05 22:18:00,104,1.00,.00,,,1,17.620000,T EBT,TEMPERATURE EBT,DEG C,46.09167,-82.55667
202402001,2025-03-04 13:41:00,CCGS LIMNOS,LAKE HURON,55,460530,-823324,84,36.00,2024-09-05 22:18:00,104,7.00,.00,,,0,17.640000,T EBT,TEMPERATURE EBT,DEG C,46.09167,-82.55667
202402001,2025-03-04 13:41:00,CCGS LIMNOS,LAKE HURON,55,460530,-823324,84,36.00,2024-09-05 22:18:00,104,20.50,.00,,,0,12.560000,T EBT,TEMPERATURE EBT,DEG C,46.09167,-82.55667
202402001,2025-03-04 13:41:00,CCGS LIMNOS,LAKE HURON,55,460530,-823324,84,36.00,2024-09-05 22:18:00,104,26.00,.00,,,0,11.730000,T EBT,TEMPERATURE EBT,DEG C,46.09167,-82.55667
202402001,2025-03-04 13:41:00,CCGS LIMNOS,LAKE HURON,55,460530,-823324,84,36.00,2024-09-05 22:18:00,104,34.00,.00,,,0,9.340000,T EBT,TEMPERATURE EBT,DEG C,46.09167,-82.55667
202402001,2025-03-04 13:41:00,CCGS LIMNOS,LAKE HURON,56,460340,-821149,87,35.00,2024-09-06 00:45:00,104,1.00,.00,,,0,18.250000,T EBT,TEMPERATURE EBT,DEG C,46.06111,-82.19694
202402001,2025-03-04 13:41:00,CCGS LIMNOS,LAKE HURON,57,460320,-815959,88,36.00,2024-09-06 02:07:00,104,1.00,.00,,,0,19.520000,T EBT,TEMPERATURE EBT,DEG C,46.05556,-81.99972
202402001,2025-03-04 13:41:00,CCGS LIMNOS,LAKE HURON,58,455459,-820940,89,39.00,2024-09-06 03:48:00,104,1.00,.00,,,0,18.790000,T EBT,TEMPERATURE EBT,DEG C,45.91639,-82.16111
202402001,2025-03-04 13:41:00,CCGS LIMNOS,LAKE HURON,59,460000,-823258,83,31.00,2024-09-06 07:05:00,104,1.00,.00,,,0,18.300000,T EBT,TEMPERATURE EBT,DEG C,46.00000,-82.54944
202402001,2025-03-04 13:41:00,CCGS LIMNOS,LAKE HURON,60,455611,-824527,82,28.50,2024-09-06 08:34:00,104,1.00,.00,,,0,18.480000,T EBT,TEMPERATURE EBT,DEG C,45.93639,-82.75750
202402001,2025-03-04 13:41:00,CCGS LIMNOS,LAKE HURON,61,455811,-831154,77,78.00,2024-09-06 11:34:00,104,1.00,.00,,,0,17.950000,T EBT,TEMPERATURE EBT,DEG C,45.96972,-83.19833
202402001,2025-03-04 13:41:00,CCGS LIMNOS,LAKE HURON,62,455959,-832600,76,58.00,2024-09-06 13:08:00,104,1.00,.00,,,0,18.320000,T EBT,TEMPERATURE EBT,DEG C,45.99972,-83.43333
202402001,2025-03-04 13:41:00,CCGS LIMNOS,LAKE HURON,63,455405,-833105,60,25.00,2024-09-06 14:16:00,104,1.00,.00,,,0,16.280000,T EBT,TEMPERATURE EBT,DEG C,45.90139,-83.51806
202402001,2025-03-04 13:41:00,CCGS LIMNOS,LAKE HURON,64,455159,-831600,58,12.00,2024-09-06 16:39:00,104,1.00,.00,,,0,17.470000,T EBT,TEMPERATURE EBT,DEG C,45.86639,-83.26667
202402001,2025-03-04 13:41:00,CCGS LIMNOS,LAKE HURON,65,454600,-830141,59,18.00,2024-09-06 18:18:00,104,1.00,.00,,,0,17.360000,T EBT,TEMPERATURE EBT,DEG C,45.76667,-83.02806
202402001,2025-03-04 13:41:00,CCGS LIMNOS,LAKE HURON,65,454600,-830141,59,18.00,2024-09-06 18:18:00,104,1.00,.00,,,1,17.360000,T EBT,TEMPERATURE EBT,DEG C,45.76667,-83.02806
202402001,2025-03-04 13:41:00,CCGS LIMNOS,LAKE HURON,66,453905,-823852,52,66.00,2024-09-06 20:48:00,104,1.00,.00,,,0,16.760000,T EBT,TEMPERATURE EBT,DEG C,45.65139,-82.64778
202402001,2025-03-04 13:41:00,CCGS LIMNOS,LAKE HURON,67,453205,-820242,50,27.00,2024-09-07 00:19:00,104,1.00,.00,,,0,15.700000,T EBT,TEMPERATURE EBT,DEG C,45.53472,-82.04500
202402001,2025-03-04 13:41:00,CCGS LIMNOS,LAKE HURON,68,451316,-814909,42,42.00,2024-09-07 03:12:00,104,1.00,.00,,,0,17.970000,T EBT,TEMPERATURE EBT,DEG C,45.22111,-81.81917
202402001,2025-03-04 13:41:00,CCGS LIMNOS,LAKE HURON,1,430523,-822330,1,11.00,2024-08-26 18:44:00,124,1.00,.00,,,0,80.000000,TRANS,TRANSPARENCY,PERCENT,43.08972,-82.39167
202402001,2025-03-04 13:41:00,CCGS LIMNOS,LAKE HURON,2,432030,-823021,7,11.00,2024-08-26 20:43:00,124,1.00,.00,,,0,76.000000,TRANS,TRANSPARENCY,PERCENT,43.34167,-82.50583
202402001,2025-03-04 13:41:00,CCGS LIMNOS,LAKE HURON,3,433402,-822907,8,30.00,2024-08-26 22:29:00,124,1.00,.00,,,0,80.000000,TRANS,TRANSPARENCY,PERCENT,43.56722,-82.48528
202402001,2025-03-04 13:41:00,CCGS LIMNOS,LAKE HURON,4,433759,-821301,9,60.00,2024-08-27 00:08:00,124,1.00,.00,,,0,83.000000,TRANS,TRANSPARENCY,PERCENT,43.63306,-82.21694
202402001,2025-03-04 13:41:00,CCGS LIMNOS,LAKE HURON,5,434513,-823405,13,17.00,2024-08-27 03:04:00,124,1.00,.00,,,0,80.000000,TRANS,TRANSPARENCY,PERCENT,43.75361,-82.56806
202402001,2025-03-04 13:41:00,CCGS LIMNOS,LAKE HURON,6,435631,-824000,14,12.50,2024-08-27 04:44:00,124,1.00,.00,,,0,77.000000,TRANS,TRANSPARENCY,PERCENT,43.94194,-82.66667
202402001,2025-03-04 13:41:00,CCGS LIMNOS,LAKE HURON,7,440600,-825159,17,15.00,2024-08-27 06:32:00,124,1.00,.00,,,0,79.000000,TRANS,TRANSPARENCY,PERCENT,44.10000,-82.86639
202402001,2025-03-04 13:41:00,CCGS LIMNOS,LAKE HURON,8,440409,-830450,94,14.50,2024-08-27 07:55:00,124,1.00,.00,,,0,80.000000,TRANS,TRANSPARENCY,PERCENT,44.06917,-83.08056
202402001,2025-03-04 13:41:00,CCGS LIMNOS,LAKE HURON,9,440735,-831014,96,30.00,2024-08-27 08:46:00,124,1.00,.00,,,0,81.000000,TRANS,TRANSPARENCY,PERCENT,44.12639,-83.17056
202402001,2025-03-04 13:41:00,CCGS LIMNOS,LAKE HURON,10,440654,-833144,97,11.00,2024-08-27 10:47:00,124,1.00,.00,,,0,70.000000,TRANS,TRANSPARENCY,PERCENT,44.11500,-83.52889
202402001,2025-03-04 13:41:00,CCGS LIMNOS,LAKE HURON,11,435834,-833430,98,11.00,2024-08-27 12:08:00,124,1.00,.00,,,0,60.000000,TRANS,TRANSPARENCY,PERCENT,43.97611,-83.57500
202402001,2025-03-04 13:41:00,CCGS LIMNOS,LAKE HURON,12,434915,-833728,101,6.00,2024-08-27 13:32:00,124,1.00,.00,,,0,54.000000,TRANS,TRANSPARENCY,PERCENT,43.82083,-83.62444
202402001,2025-03-04 13:41:00,CCGS LIMNOS,LAKE HURON,13,434930,-834901,100,7.00,2024-08-27 14:43:00,124,1.00,.00,,,0,42.000000,TRANS,TRANSPARENCY,PERCENT,43.82500,-83.81694
202402001,2025-03-04 13:41:00,CCGS LIMNOS,LAKE HURON,14,435430,-834427,99,7.00,2024-08-27 15:59:00,124,1.00,.00,,,0,50.000000,TRANS,TRANSPARENCY,PERCENT,43.90833,-83.74083
202402001,2025-03-04 13:41:00,CCGS LIMNOS,LAKE HURON,15,441246,-832214,95,21.00,2024-08-27 19:10:00,124,1.00,.00,,,0,75.000000,TRANS,TRANSPARENCY,PERCENT,44.21278,-83.37056
202402001,2025-03-04 13:41:00,CCGS LIMNOS,LAKE HURON,16,442002,-831758,23,9.00,2024-08-27 20:21:00,124,1.00,.00,,,0,75.000000,TRANS,TRANSPARENCY,PERCENT,44.33389,-83.29944
202402001,2025-03-04 13:41:00,CCGS LIMNOS,LAKE HURON,17,441303,-830501,20,47.00,2024-08-27 22:00:00,124,1.00,.00,,,0,83.000000,TRANS,TRANSPARENCY,PERCENT,44.21750,-83.08361
202402001,2025-03-04 13:41:00,CCGS LIMNOS,LAKE HURON,18,431525,-820217,3,16.00,2024-08-28 06:31:00,124,1.00,.00,,,0,80.000000,TRANS,TRANSPARENCY,PERCENT,43.25694,-82.03806
202402001,2025-03-04 13:41:00,CCGS LIMNOS,LAKE HURON,19,431930,-814717,4,10.00,2024-08-28 08:11:00,124,1.00,.00,,,0,78.000000,TRANS,TRANSPARENCY,PERCENT,43.32500,-81.78806
202402001,2025-03-04 13:41:00,CCGS LIMNOS,LAKE HURON,20,433254,-814441,5,11.50,2024-08-28 09:54:00,124,1.00,.00,,,0,82.000000,TRANS,TRANSPARENCY,PERCENT,43.54833,-81.74472
202402001,2025-03-04 13:41:00,CCGS LIMNOS,LAKE HURON,21,434512,-814652,10,12.50,2024-08-28 11:47:00,124,1.00,.00,,,0,83.000000,TRANS,TRANSPARENCY,PERCENT,43.75333,-81.78111
202402001,2025-03-04 13:41:00,CCGS LIMNOS,LAKE HURON,22,435723,-814712,11,10.50,2024-08-28 22:01:00,124,1.00,.00,,,0,83.000000,TRANS,TRANSPARENCY,PERCENT,43.95639,-81.78667
202402001,2025-03-04 13:41:00,CCGS LIMNOS,LAKE HURON,23,442159,-815000,29,123.00,2024-08-29 01:48:00,124,1.00,.00,,,0,89.000000,TRANS,TRANSPARENCY,PERCENT,44.36639,-81.83333
202402001,2025-03-04 13:41:00,CCGS LIMNOS,LAKE HURON,24,442759,-812712,30,21.50,2024-08-29 05:15:00,124,1.00,.00,,,0,89.000000,TRANS,TRANSPARENCY,PERCENT,44.46639,-81.45333
202402001,2025-03-04 13:41:00,CCGS LIMNOS,LAKE HURON,25,443924,-812242,39,26.00,2024-08-29 06:59:00,124,1.00,.00,,,0,89.000000,TRANS,TRANSPARENCY,PERCENT,44.65667,-81.37833
202402001,2025-03-04 13:41:00,CCGS LIMNOS,LAKE HURON,26,445354,-812613,40,20.00,2024-08-29 09:31:00,124,1.00,.00,,,0,89.000000,TRANS,TRANSPARENCY,PERCENT,44.89833,-81.43694
202402001,2025-03-04 13:41:00,CCGS LIMNOS,LAKE HURON,27,450459,-813212,41,22.50,2024-08-29 11:17:00,124,1.00,.00,,,0,89.000000,TRANS,TRANSPARENCY,PERCENT,45.08306,-81.53667
202402001,2025-03-04 13:41:00,CCGS LIMNOS,LAKE HURON,28,450048,-820030,43,172.00,2024-08-29 14:43:00,124,1.00,.00,,,0,90.000000,TRANS,TRANSPARENCY,PERCENT,45.01333,-82.00833
202402001,2025-03-04 13:41:00,CCGS LIMNOS,LAKE HURON,29,451642,-822707,48,110.00,2024-08-29 18:21:00,124,1.00,.00,,,0,90.000000,TRANS,TRANSPARENCY,PERCENT,45.27833,-82.45194
202402001,2025-03-04 13:41:00,CCGS LIMNOS,LAKE HURON,30,450059,-824106,44,166.50,2024-08-29 21:09:00,124,1.00,.00,,,0,89.000000,TRANS,TRANSPARENCY,PERCENT,45.01639,-82.68500
202402001,2025-03-04 13:41:00,CCGS LIMNOS,LAKE HURON,31,444424,-820326,38,134.00,2024-08-30 01:46:00,124,1.00,.00,,,0,90.000000,TRANS,TRANSPARENCY,PERCENT,44.74000,-82.05722
202402001,2025-03-04 13:41:00,CCGS LIMNOS,LAKE HURON,32,442712,-822030,32,83.00,2024-08-30 05:08:00,124,1.00,.00,,,0,90.000000,TRANS,TRANSPARENCY,PERCENT,44.45333,-82.34167
202402001,2025-03-04 13:41:00,CCGS LIMNOS,LAKE HURON,33,435325,-820324,12,87.00,2024-08-30 10:38:00,124,1.00,.00,,,0,88.000000,TRANS,TRANSPARENCY,PERCENT,43.89028,-82.05667
202402001,2025-03-04 13:41:00,CCGS LIMNOS,LAKE HURON,34,441154,-823011,27,55.00,2024-09-03 23:11:00,124,1.00,.00,,,0,89.000000,TRANS,TRANSPARENCY,PERCENT,44.19833,-82.50306
202402001,2025-03-04 13:41:00,CCGS LIMNOS,LAKE HURON,35,443000,-825000,33,72.50,2024-09-04 02:23:00,124,1.00,.00,,,0,89.000000,TRANS,TRANSPARENCY,PERCENT,44.50000,-82.83333
202402001,2025-03-04 13:41:00,CCGS LIMNOS,LAKE HURON,36,443824,-831354,34,9.00,2024-09-04 05:09:00,124,1.00,.00,,,0,85.000000,TRANS,TRANSPARENCY,PERCENT,44.64000,-83.23167
202402001,2025-03-04 13:41:00,CCGS LIMNOS,LAKE HURON,37,450224,-832241,36,9.00,2024-09-04 08:34:00,124,1.00,.00,,,0,82.000000,TRANS,TRANSPARENCY,PERCENT,45.04000,-83.37806
202402001,2025-03-04 13:41:00,CCGS LIMNOS,LAKE HURON,38,451516,-832044,47,23.50,2024-09-04 11:59:00,124,1.00,.00,,,0,87.000000,TRANS,TRANSPARENCY,PERCENT,45.25444,-83.34556
202402001,2025-03-04 13:41:00,CCGS LIMNOS,LAKE HURON,39,453100,-832459,54,132.50,2024-09-04 15:02:00,124,1.00,.00,,,0,87.000000,TRANS,TRANSPARENCY,PERCENT,45.51667,-83.41639
202402001,2025-03-04 13:41:00,CCGS LIMNOS,LAKE HURON,40,452530,-833905,55,37.00,2024-09-04 17:32:00,124,1.00,.00,,,0,87.000000,TRANS,TRANSPARENCY,PERCENT,45.42500,-83.65139
202402001,2025-03-04 13:41:00,CCGS LIMNOS,LAKE HURON,41,453059,-840500,56,22.50,2024-09-04 20:07:00,124,1.00,.00,,,0,87.000000,TRANS,TRANSPARENCY,PERCENT,45.51639,-84.08333
202402001,2025-03-04 13:41:00,CCGS LIMNOS,LAKE HURON,42,454459,-835500,61,117.00,2024-09-04 22:19:00,124,1.00,.00,,,0,86.000000,TRANS,TRANSPARENCY,PERCENT,45.74972,-83.91667
202402001,2025-03-04 13:41:00,CCGS LIMNOS,LAKE HURON,43,454029,-841112,62,44.00,2024-09-05 00:10:00,124,1.00,.00,,,0,86.000000,TRANS,TRANSPARENCY,PERCENT,45.67472,-84.18667
202402001,2025-03-04 13:41:00,CCGS LIMNOS,LAKE HURON,44,454212,-843041,63,15.00,2024-09-05 02:25:00,124,1.00,.00,,,0,87.000000,TRANS,TRANSPARENCY,PERCENT,45.70333,-84.51139
202402001,2025-03-04 13:41:00,CCGS LIMNOS,LAKE HURON,45,454848,-844519,64,36.00,2024-09-05 04:05:00,124,1.00,.00,,,0,86.000000,TRANS,TRANSPARENCY,PERCENT,45.81333,-84.75528
202402001,2025-03-04 13:41:00,CCGS LIMNOS,LAKE HURON,46,455043,-843400,65,58.50,2024-09-05 05:27:00,124,1.00,.00,,,0,87.000000,TRANS,TRANSPARENCY,PERCENT,45.84528,-84.56667
202402001,2025-03-04 13:41:00,CCGS LIMNOS,LAKE HURON,47,455149,-841741,66,69.00,2024-09-05 07:08:00,124,1.00,.00,,,0,87.000000,TRANS,TRANSPARENCY,PERCENT,45.86361,-84.29472
202402001,2025-03-04 13:41:00,CCGS LIMNOS,LAKE HURON,48,455606,-835359,67,31.00,2024-09-05 09:35:00,124,1.00,.00,,,0,86.000000,TRANS,TRANSPARENCY,PERCENT,45.93500,-83.89972
202402001,2025-03-04 13:41:00,CCGS LIMNOS,LAKE HURON,49,460442,-840141,69,10.00,2024-09-05 11:24:00,124,1.00,.00,,,0,56.000000,TRANS,TRANSPARENCY,PERCENT,46.07833,-84.02806
202402001,2025-03-04 13:41:00,CCGS LIMNOS,LAKE HURON,50,460230,-835112,68,17.00,2024-09-05 12:44:00,124,1.00,.00,,,0,67.000000,TRANS,TRANSPARENCY,PERCENT,46.04167,-83.85333
202402001,2025-03-04 13:41:00,CCGS LIMNOS,LAKE HURON,51,460812,-834018,70,22.00,2024-09-05 14:24:00,124,1.00,.00,,,0,84.000000,TRANS,TRANSPARENCY,PERCENT,46.13667,-83.67167
202402001,2025-03-04 13:41:00,CCGS LIMNOS,LAKE HURON,52,461400,-834447,71,34.00,2024-09-05 15:25:00,124,1.00,.00,,,0,78.000000,TRANS,TRANSPARENCY,PERCENT,46.23333,-83.74639
202402001,2025-03-04 13:41:00,CCGS LIMNOS,LAKE HURON,53,461112,-832117,73,19.00,2024-09-05 17:38:00,124,1.00,.00,,,0,82.000000,TRANS,TRANSPARENCY,PERCENT,46.18667,-83.35472
202402001,2025-03-04 13:41:00,CCGS LIMNOS,LAKE HURON,54,460724,-825309,79,26.00,2024-09-05 20:17:00,124,1.00,.00,,,0,83.000000,TRANS,TRANSPARENCY,PERCENT,46.12333,-82.88583
202402001,2025-03-04 13:41:00,CCGS LIMNOS,LAKE HURON,55,460530,-823324,84,36.00,2024-09-05 22:18:00,124,1.00,.00,,,0,84.000000,TRANS,TRANSPARENCY,PERCENT,46.09167,-82.55667
202402001,2025-03-04 13:41:00,CCGS LIMNOS,LAKE HURON,56,460340,-821149,87,35.00,2024-09-06 00:45:00,124,1.00,.00,,,0,80.000000,TRANS,TRANSPARENCY,PERCENT,46.06111,-82.19694
202402001,2025-03-04 13:41:00,CCGS LIMNOS,LAKE HURON,57,460320,-815959,88,36.00,2024-09-06 02:07:00,124,1.00,.00,,,0,78.000000,TRANS,TRANSPARENCY,PERCENT,46.05556,-81.99972
202402001,2025-03-04 13:41:00,CCGS LIMNOS,LAKE HURON,58,455459,-820940,89,39.00,2024-09-06 03:48:00,124,1.00,.00,,,0,78.000000,TRANS,TRANSPARENCY,PERCENT,45.91639,-82.16111
202402001,2025-03-04 13:41:00,CCGS LIMNOS,LAKE HURON,59,460000,-823258,83,31.00,2024-09-06 07:05:00,124,1.00,.00,,,0,84.000000,TRANS,TRANSPARENCY,PERCENT,46.00000,-82.54944
202402001,2025-03-04 13:41:00,CCGS LIMNOS,LAKE HURON,60,455611,-824527,82,28.50,2024-09-06 08:34:00,124,1.00,.00,,,0,82.000000,TRANS,TRANSPARENCY,PERCENT,45.93639,-82.75750
202402001,2025-03-04 13:41:00,CCGS LIMNOS,LAKE HURON,61,455811,-831154,77,78.00,2024-09-06 11:34:00,124,1.00,.00,,,0,84.000000,TRANS,TRANSPARENCY,PERCENT,45.96972,-83.19833
202402001,2025-03-04 13:41:00,CCGS LIMNOS,LAKE HURON,62,455959,-832600,76,58.00,2024-09-06 13:08:00,124,1.00,.00,,,0,85.000000,TRANS,TRANSPARENCY,PERCENT,45.99972,-83.43333
202402001,2025-03-04 13:41:00,CCGS LIMNOS,LAKE HURON,63,455405,-833105,60,25.00,2024-09-06 14:16:00,124,1.00,.00,,,0,88.000000,TRANS,TRANSPARENCY,PERCENT,45.90139,-83.51806
202402001,2025-03-04 13:41:00,CCGS LIMNOS,LAKE HURON,64,455159,-831600,58,12.00,2024-09-06 16:39:00,124,1.00,.00,,,0,85.000000,TRANS,TRANSPARENCY,PERCENT,45.86639,-83.26667
202402001,2025-03-04 13:41:00,CCGS LIMNOS,LAKE HURON,65,454600,-830141,59,18.00,2024-09-06 18:18:00,124,1.00,.00,,,0,86.000000,TRANS,TRANSPARENCY,PERCENT,45.76667,-83.02806
202402001,2025-03-04 13:41:00,CCGS LIMNOS,LAKE HURON,66,453905,-823852,52,66.00,2024-09-06 20:48:00,124,1.00,.00,,,0,89.000000,TRANS,TRANSPARENCY,PERCENT,45.65139,-82.64778
202402001,2025-03-04 13:41:00,CCGS LIMNOS,LAKE HURON,67,453205,-820242,50,27.00,2024-09-07 00:19:00,124,1.00,.00,,,0,89.000000,TRANS,TRANSPARENCY,PERCENT,45.53472,-82.04500
202402001,2025-03-04 13:41:00,CCGS LIMNOS,LAKE HURON,68,451316,-814909,42,42.00,2024-09-07 03:12:00,124,1.00,.00,,,0,89.000000,TRANS,TRANSPARENCY,PERCENT,45.22111,-81.81917
202402001,2025-03-04 13:41:00,CCGS LIMNOS,LAKE HURON,1,430523,-822330,1,11.00,2024-08-26 18:44:00,160,1.00,.00,,,0,216.400000,CON 25,SPECIFIC CONDUCTANCE 25 DEG. C,USIEMENS,43.08972,-82.39167
202402001,2025-03-04 13:41:00,CCGS LIMNOS,LAKE HURON,1,430523,-822330,1,11.00,2024-08-26 18:44:00,160,9.00,.00,,,0,216.900000,CON 25,SPECIFIC CONDUCTANCE 25 DEG. C,USIEMENS,43.08972,-82.39167
202402001,2025-03-04 13:41:00,CCGS LIMNOS,LAKE HURON,2,432030,-823021,7,11.00,2024-08-26 20:43:00,160,1.00,.00,,,0,215.900000,CON 25,SPECIFIC CONDUCTANCE 25 DEG. C,USIEMENS,43.34167,-82.50583
202402001,2025-03-04 13:41:00,CCGS LIMNOS,LAKE HURON,3,433402,-822907,8,30.00,2024-08-26 22:29:00,160,1.00,.00,,,0,215.500000,CON 25,SPECIFIC CONDUCTANCE 25 DEG. C,USIEMENS,43.56722,-82.48528
202402001,2025-03-04 13:41:00,CCGS LIMNOS,LAKE HURON,4,433759,-821301,9,60.00,2024-08-27 00:08:00,160,1.00,.00,,,0,213.700000,CON 25,SPECIFIC CONDUCTANCE 25 DEG. C,USIEMENS,43.63306,-82.21694
202402001,2025-03-04 13:41:00,CCGS LIMNOS,LAKE HURON,4,433759,-821301,9,60.00,2024-08-27 00:08:00,160,23.00,.00,,,0,212.800000,CON 25,SPECIFIC CONDUCTANCE 25 DEG. C,USIEMENS,43.63306,-82.21694
202402001,2025-03-04 13:41:00,CCGS LIMNOS,LAKE HURON,4,433759,-821301,9,60.00,2024-08-27 00:08:00,160,32.00,.00,,,0,213.200000,CON 25,SPECIFIC CONDUCTANCE 25 DEG. C,USIEMENS,43.63306,-82.21694
202402001,2025-03-04 13:41:00,CCGS LIMNOS,LAKE HURON,4,433759,-821301,9,60.00,2024-08-27 00:08:00,160,41.00,.00,,,0,211.800000,CON 25,SPECIFIC CONDUCTANCE 25 DEG. C,USIEMENS,43.63306,-82.21694
202402001,2025-03-04 13:41:00,CCGS LIMNOS,LAKE HURON,4,433759,-821301,9,60.00,2024-08-27 00:08:00,160,50.00,.00,,,0,212.100000,CON 25,SPECIFIC CONDUCTANCE 25 DEG. C,USIEMENS,43.63306,-82.21694
202402001,2025-03-04 13:41:00,CCGS LIMNOS,LAKE HURON,4,433759,-821301,9,60.00,2024-08-27 00:08:00,160,58.00,.00,,,0,211.900000,CON 25,SPECIFIC CONDUCTANCE 25 DEG. C,USIEMENS,43.63306,-82.21694
202402001,2025-03-04 13:41:00,CCGS LIMNOS,LAKE HURON,5,434513,-823405,13,17.00,2024-08-27 03:04:00,160,1.00,.00,,,0,215.000000,CON 25,SPECIFIC CONDUCTANCE 25 DEG. C,USIEMENS,43.75361,-82.56806
202402001,2025-03-04 13:41:00,CCGS LIMNOS,LAKE HURON,5,434513,-823405,13,17.00,2024-08-27 03:04:00,160,1.00,.00,,,1,214.900000,CON 25,SPECIFIC CONDUCTANCE 25 DEG. C,USIEMENS,43.75361,-82.56806
202402001,2025-03-04 13:41:00,CCGS LIMNOS,LAKE HURON,6,435631,-824000,14,12.50,2024-08-27 04:44:00,160,1.00,.00,,,0,215.900000,CON 25,SPECIFIC CONDUCTANCE 25 DEG. C,USIEMENS,43.94194,-82.66667
202402001,2025-03-04 13:41:00,CCGS LIMNOS,LAKE HURON,7,440600,-825159,17,15.00,2024-08-27 06:32:00,160,1.00,.00,,,0,217.700000,CON 25,SPECIFIC CONDUCTANCE 25 DEG. C,USIEMENS,44.10000,-82.86639
202402001,2025-03-04 13:41:00,CCGS LIMNOS,LAKE HURON,7,440600,-825159,17,15.00,2024-08-27 06:32:00,160,10.00,.00,,,0,214.400000,CON 25,SPECIFIC CONDUCTANCE 25 DEG. C,USIEMENS,44.10000,-82.86639
202402001,2025-03-04 13:41:00,CCGS LIMNOS,LAKE HURON,7,440600,-825159,17,15.00,2024-08-27 06:32:00,160,13.00,.00,,,0,214.800000,CON 25,SPECIFIC CONDUCTANCE 25 DEG. C,USIEMENS,44.10000,-82.86639
202402001,2025-03-04 13:41:00,CCGS LIMNOS,LAKE HURON,8,440409,-830450,94,14.50,2024-08-27 07:55:00,160,1.00,.00,,,0,214.300000,CON 25,SPECIFIC CONDUCTANCE 25 DEG. C,USIEMENS,44.06917,-83.08056
202402001,2025-03-04 13:41:00,CCGS LIMNOS,LAKE HURON,9,440735,-831014,96,30.00,2024-08-27 08:46:00,160,1.00,.00,,,0,213.300000,CON 25,SPECIFIC CONDUCTANCE 25 DEG. C,USIEMENS,44.12639,-83.17056
202402001,2025-03-04 13:41:00,CCGS LIMNOS,LAKE HURON,10,440654,-833144,97,11.00,2024-08-27 10:47:00,160,1.00,.00,,,0,241.100000,CON 25,SPECIFIC CONDUCTANCE 25 DEG. C,USIEMENS,44.11500,-83.52889
202402001,2025-03-04 13:41:00,CCGS LIMNOS,LAKE HURON,11,435834,-833430,98,11.00,2024-08-27 12:08:00,160,1.00,.00,,,0,270.800000,CON 25,SPECIFIC CONDUCTANCE 25 DEG. C,USIEMENS,43.97611,-83.57500
202402001,2025-03-04 13:41:00,CCGS LIMNOS,LAKE HURON,12,434915,-833728,101,6.00,2024-08-27 13:32:00,160,1.00,.00,,,0,273.300000,CON 25,SPECIFIC CONDUCTANCE 25 DEG. C,USIEMENS,43.82083,-83.62444
202402001,2025-03-04 13:41:00,CCGS LIMNOS,LAKE HURON,13,434930,-834901,100,7.00,2024-08-27 14:43:00,160,.50,.00,,,0,318.800000,CON 25,SPECIFIC CONDUCTANCE 25 DEG. C,USIEMENS,43.82500,-83.81694
202402001,2025-03-04 13:41:00,CCGS LIMNOS,LAKE HURON,13,434930,-834901,100,7.00,2024-08-27 14:43:00,160,1.00,.00,,,0,319.200000,CON 25,SPECIFIC CONDUCTANCE 25 DEG. C,USIEMENS,43.82500,-83.81694
202402001,2025-03-04 13:41:00,CCGS LIMNOS,LAKE HURON,13,434930,-834901,100,7.00,2024-08-27 14:43:00,160,5.00,.00,,,0,320.200000,CON 25,SPECIFIC CONDUCTANCE 25 DEG. C,USIEMENS,43.82500,-83.81694
202402001,2025-03-04 13:41:00,CCGS LIMNOS,LAKE HURON,14,435430,-834427,99,7.00,2024-08-27 15:59:00,160,1.00,.00,,,0,302.800000,CON 25,SPECIFIC CONDUCTANCE 25 DEG. C,USIEMENS,43.90833,-83.74083
202402001,2025-03-04 13:41:00,CCGS LIMNOS,LAKE HURON,15,441246,-832214,95,21.00,2024-08-27 19:10:00,160,1.00,.00,,,0,220.200000,CON 25,SPECIFIC CONDUCTANCE 25 DEG. C,USIEMENS,44.21278,-83.37056
202402001,2025-03-04 13:41:00,CCGS LIMNOS,LAKE HURON,15,441246,-832214,95,21.00,2024-08-27 19:10:00,160,1.00,.00,,,1,219.800000,CON 25,SPECIFIC CONDUCTANCE 25 DEG. C,USIEMENS,44.21278,-83.37056
202402001,2025-03-04 13:41:00,CCGS LIMNOS,LAKE HURON,15,441246,-832214,95,21.00,2024-08-27 19:10:00,160,11.00,.00,,,0,207.600000,CON 25,SPECIFIC CONDUCTANCE 25 DEG. C,USIEMENS,44.21278,-83.37056
202402001,2025-03-04 13:41:00,CCGS LIMNOS,LAKE HURON,15,441246,-832214,95,21.00,2024-08-27 19:10:00,160,19.00,.00,,,0,208.900000,CON 25,SPECIFIC CONDUCTANCE 25 DEG. C,USIEMENS,44.21278,-83.37056
202402001,2025-03-04 13:41:00,CCGS LIMNOS,LAKE HURON,16,442002,-831758,23,9.00,2024-08-27 20:21:00,160,1.00,.00,,,0,216.600000,CON 25,SPECIFIC CONDUCTANCE 25 DEG. C,USIEMENS,44.33389,-83.29944
202402001,2025-03-04 13:41:00,CCGS LIMNOS,LAKE HURON,17,441303,-830501,20,47.00,2024-08-27 22:00:00,160,1.00,.00,,,0,207.900000,CON 25,SPECIFIC CONDUCTANCE 25 DEG. C,USIEMENS,44.21750,-83.08361
202402001,2025-03-04 13:41:00,CCGS LIMNOS,LAKE HURON,18,431525,-820217,3,16.00,2024-08-28 06:31:00,160,1.00,.00,,,0,215.900000,CON 25,SPECIFIC CONDUCTANCE 25 DEG. C,USIEMENS,43.25694,-82.03806
202402001,2025-03-04 13:41:00,CCGS LIMNOS,LAKE HURON,19,431930,-814717,4,10.00,2024-08-28 08:11:00,160,1.00,.00,,,0,217.300000,CON 25,SPECIFIC CONDUCTANCE 25 DEG. C,USIEMENS,43.32500,-81.78806
202402001,2025-03-04 13:41:00,CCGS LIMNOS,LAKE HURON,20,433254,-814441,5,11.50,2024-08-28 09:54:00,160,1.00,.00,,,0,215.400000,CON 25,SPECIFIC CONDUCTANCE 25 DEG. C,USIEMENS,43.54833,-81.74472
202402001,2025-03-04 13:41:00,CCGS LIMNOS,LAKE HURON,21,434512,-814652,10,12.50,2024-08-28 11:47:00,160,1.00,.00,,,0,215.400000,CON 25,SPECIFIC CONDUCTANCE 25 DEG. C,USIEMENS,43.75333,-81.78111
202402001,2025-03-04 13:41:00,CCGS LIMNOS,LAKE HURON,22,435723,-814712,11,10.50,2024-08-28 22:01:00,160,1.00,.00,,,0,213.700000,CON 25,SPECIFIC CONDUCTANCE 25 DEG. C,USIEMENS,43.95639,-81.78667
202402001,2025-03-04 13:41:00,CCGS LIMNOS,LAKE HURON,23,442159,-815000,29,123.00,2024-08-29 01:48:00,160,1.00,.00,,,0,211.300000,CON 25,SPECIFIC CONDUCTANCE 25 DEG. C,USIEMENS,44.36639,-81.83333
202402001,2025-03-04 13:41:00,CCGS LIMNOS,LAKE HURON,23,442159,-815000,29,123.00,2024-08-29 01:48:00,160,14.00,.00,,,0,211.300000,CON 25,SPECIFIC CONDUCTANCE 25 DEG. C,USIEMENS,44.36639,-81.83333
202402001,2025-03-04 13:41:00,CCGS LIMNOS,LAKE HURON,23,442159,-815000,29,123.00,2024-08-29 01:48:00,160,24.00,.00,,,0,210.700000,CON 25,SPECIFIC CONDUCTANCE 25 DEG. C,USIEMENS,44.36639,-81.83333
202402001,2025-03-04 13:41:00,CCGS LIMNOS,LAKE HURON,23,442159,-815000,29,123.00,2024-08-29 01:48:00,160,34.00,.00,,,0,211.900000,CON 25,SPECIFIC CONDUCTANCE 25 DEG. C,USIEMENS,44.36639,-81.83333
202402001,2025-03-04 13:41:00,CCGS LIMNOS,LAKE HURON,23,442159,-815000,29,123.00,2024-08-29 01:48:00,160,113.00,.00,,,0,214.500000,CON 25,SPECIFIC CONDUCTANCE 25 DEG. C,USIEMENS,44.36639,-81.83333
202402001,2025-03-04 13:41:00,CCGS LIMNOS,LAKE HURON,23,442159,-815000,29,123.00,2024-08-29 01:48:00,160,121.00,.00,,,0,214.400000,CON 25,SPECIFIC CONDUCTANCE 25 DEG. C,USIEMENS,44.36639,-81.83333
202402001,2025-03-04 13:41:00,CCGS LIMNOS,LAKE HURON,24,442759,-812712,30,21.50,2024-08-29 05:15:00,160,1.00,.00,,,0,212.300000,CON 25,SPECIFIC CONDUCTANCE 25 DEG. C,USIEMENS,44.46639,-81.45333
202402001,2025-03-04 13:41:00,CCGS LIMNOS,LAKE HURON,25,443924,-812242,39,26.00,2024-08-29 06:59:00,160,1.00,.00,,,0,212.500000,CON 25,SPECIFIC CONDUCTANCE 25 DEG. C,USIEMENS,44.65667,-81.37833
202402001,2025-03-04 13:41:00,CCGS LIMNOS,LAKE HURON,25,443924,-812242,39,26.00,2024-08-29 06:59:00,160,1.00,.00,,,1,212.500000,CON 25,SPECIFIC CONDUCTANCE 25 DEG. C,USIEMENS,44.65667,-81.37833
202402001,2025-03-04 13:41:00,CCGS LIMNOS,LAKE HURON,26,445354,-812613,40,20.00,2024-08-29 09:31:00,160,1.00,.00,,,0,211.900000,CON 25,SPECIFIC CONDUCTANCE 25 DEG. C,USIEMENS,44.89833,-81.43694
202402001,2025-03-04 13:41:00,CCGS LIMNOS,LAKE HURON,27,450459,-813212,41,22.50,2024-08-29 11:17:00,160,1.00,.00,,,0,210.100000,CON 25,SPECIFIC CONDUCTANCE 25 DEG. C,USIEMENS,45.08306,-81.53667
202402001,2025-03-04 13:41:00,CCGS LIMNOS,LAKE HURON,28,450048,-820030,43,172.00,2024-08-29 14:43:00,160,1.00,.00,,,0,208.300000,CON 25,SPECIFIC CONDUCTANCE 25 DEG. C,USIEMENS,45.01333,-82.00833
202402001,2025-03-04 13:41:00,CCGS LIMNOS,LAKE HURON,29,451642,-822707,48,110.00,2024-08-29 18:21:00,160,1.00,.00,,,0,204.600000,CON 25,SPECIFIC CONDUCTANCE 25 DEG. C,USIEMENS,45.27833,-82.45194
202402001,2025-03-04 13:41:00,CCGS LIMNOS,LAKE HURON,30,450059,-824106,44,166.50,2024-08-29 21:09:00,160,1.00,.00,,,0,201.300000,CON 25,SPECIFIC CONDUCTANCE 25 DEG. C,USIEMENS,45.01639,-82.68500
202402001,2025-03-04 13:41:00,CCGS LIMNOS,LAKE HURON,30,450059,-824106,44,166.50,2024-08-29 21:09:00,160,14.00,.00,,,0,198.000000,CON 25,SPECIFIC CONDUCTANCE 25 DEG. C,USIEMENS,45.01639,-82.68500
202402001,2025-03-04 13:41:00,CCGS LIMNOS,LAKE HURON,30,450059,-824106,44,166.50,2024-08-29 21:09:00,160,45.50,.00,,,0,211.100000,CON 25,SPECIFIC CONDUCTANCE 25 DEG. C,USIEMENS,45.01639,-82.68500
202402001,2025-03-04 13:41:00,CCGS LIMNOS,LAKE HURON,30,450059,-824106,44,166.50,2024-08-29 21:09:00,160,77.00,.00,,,0,213.300000,CON 25,SPECIFIC CONDUCTANCE 25 DEG. C,USIEMENS,45.01639,-82.68500
202402001,2025-03-04 13:41:00,CCGS LIMNOS,LAKE HURON,30,450059,-824106,44,166.50,2024-08-29 21:09:00,160,156.50,.00,,,0,213.500000,CON 25,SPECIFIC CONDUCTANCE 25 DEG. C,USIEMENS,45.01639,-82.68500
202402001,2025-03-04 13:41:00,CCGS LIMNOS,LAKE HURON,30,450059,-824106,44,166.50,2024-08-29 21:09:00,160,164.50,.00,,,0,213.200000,CON 25,SPECIFIC CONDUCTANCE 25 DEG. C,USIEMENS,45.01639,-82.68500
202402001,2025-03-04 13:41:00,CCGS LIMNOS,LAKE HURON,31,444424,-820326,38,134.00,2024-08-30 01:46:00,160,1.00,.00,,,0,210.400000,CON 25,SPECIFIC CONDUCTANCE 25 DEG. C,USIEMENS,44.74000,-82.05722
202402001,2025-03-04 13:41:00,CCGS LIMNOS,LAKE HURON,32,442712,-822030,32,83.00,2024-08-30 05:08:00,160,1.00,.00,,,0,209.900000,CON 25,SPECIFIC CONDUCTANCE 25 DEG. C,USIEMENS,44.45333,-82.34167
202402001,2025-03-04 13:41:00,CCGS LIMNOS,LAKE HURON,33,435325,-820324,12,87.00,2024-08-30 10:38:00,160,1.00,.00,,,0,214.900000,CON 25,SPECIFIC CONDUCTANCE 25 DEG. C,USIEMENS,43.89028,-82.05667
202402001,2025-03-04 13:41:00,CCGS LIMNOS,LAKE HURON,34,441154,-823011,27,55.00,2024-09-03 23:11:00,160,1.00,.00,,,0,211.400000,CON 25,SPECIFIC CONDUCTANCE 25 DEG. C,USIEMENS,44.19833,-82.50306
202402001,2025-03-04 13:41:00,CCGS LIMNOS,LAKE HURON,35,443000,-825000,33,72.50,2024-09-04 02:23:00,160,1.00,.00,,,0,209.500000,CON 25,SPECIFIC CONDUCTANCE 25 DEG. C,USIEMENS,44.50000,-82.83333
202402001,2025-03-04 13:41:00,CCGS LIMNOS,LAKE HURON,35,443000,-825000,33,72.50,2024-09-04 02:23:00,160,1.00,.00,,,1,209.500000,CON 25,SPECIFIC CONDUCTANCE 25 DEG. C,USIEMENS,44.50000,-82.83333
202402001,2025-03-04 13:41:00,CCGS LIMNOS,LAKE HURON,36,443824,-831354,34,9.00,2024-09-04 05:09:00,160,1.00,.00,,,0,211.900000,CON 25,SPECIFIC CONDUCTANCE 25 DEG. C,USIEMENS,44.64000,-83.23167
202402001,2025-03-04 13:41:00,CCGS LIMNOS,LAKE HURON,37,450224,-832241,36,9.00,2024-09-04 08:34:00,160,1.00,.00,,,0,212.200000,CON 25,SPECIFIC CONDUCTANCE 25 DEG. C,USIEMENS,45.04000,-83.37806
202402001,2025-03-04 13:41:00,CCGS LIMNOS,LAKE HURON,37,450224,-832241,36,9.00,2024-09-04 08:34:00,160,7.00,.00,,,0,213.100000,CON 25,SPECIFIC CONDUCTANCE 25 DEG. C,USIEMENS,45.04000,-83.37806
202402001,2025-03-04 13:41:00,CCGS LIMNOS,LAKE HURON,38,451516,-832044,47,23.50,2024-09-04 11:59:00,160,1.00,.00,,,0,205.000000,CON 25,SPECIFIC CONDUCTANCE 25 DEG. C,USIEMENS,45.25444,-83.34556
202402001,2025-03-04 13:41:00,CCGS LIMNOS,LAKE HURON,39,453100,-832459,54,132.50,2024-09-04 15:02:00,160,1.00,.00,,,0,204.900000,CON 25,SPECIFIC CONDUCTANCE 25 DEG. C,USIEMENS,45.51667,-83.41639
202402001,2025-03-04 13:41:00,CCGS LIMNOS,LAKE HURON,39,453100,-832459,54,132.50,2024-09-04 15:02:00,160,11.00,.00,,,0,205.400000,CON 25,SPECIFIC CONDUCTANCE 25 DEG. C,USIEMENS,45.51667,-83.41639
202402001,2025-03-04 13:41:00,CCGS LIMNOS,LAKE HURON,39,453100,-832459,54,132.50,2024-09-04 15:02:00,160,25.50,.00,,,0,209.100000,CON 25,SPECIFIC CONDUCTANCE 25 DEG. C,USIEMENS,45.51667,-83.41639
202402001,2025-03-04 13:41:00,CCGS LIMNOS,LAKE HURON,39,453100,-832459,54,132.50,2024-09-04 15:02:00,160,40.00,.00,,,0,211.300000,CON 25,SPECIFIC CONDUCTANCE 25 DEG. C,USIEMENS,45.51667,-83.41639
202402001,2025-03-04 13:41:00,CCGS LIMNOS,LAKE HURON,39,453100,-832459,54,132.50,2024-09-04 15:02:00,160,122.50,.00,,,0,213.000000,CON 25,SPECIFIC CONDUCTANCE 25 DEG. C,USIEMENS,45.51667,-83.41639
202402001,2025-03-04 13:41:00,CCGS LIMNOS,LAKE HURON,39,453100,-832459,54,132.50,2024-09-04 15:02:00,160,130.50,.00,,,0,213.200000,CON 25,SPECIFIC CONDUCTANCE 25 DEG. C,USIEMENS,45.51667,-83.41639
202402001,2025-03-04 13:41:00,CCGS LIMNOS,LAKE HURON,40,452530,-833905,55,37.00,2024-09-04 17:32:00,160,1.00,.00,,,0,217.000000,CON 25,SPECIFIC CONDUCTANCE 25 DEG. C,USIEMENS,45.42500,-83.65139
202402001,2025-03-04 13:41:00,CCGS LIMNOS,LAKE HURON,41,453059,-840500,56,22.50,2024-09-04 20:07:00,160,1.00,.00,,,0,218.100000,CON 25,SPECIFIC CONDUCTANCE 25 DEG. C,USIEMENS,45.51639,-84.08333
202402001,2025-03-04 13:41:00,CCGS LIMNOS,LAKE HURON,42,454459,-835500,61,117.00,2024-09-04 22:19:00,160,1.00,.00,,,0,196.600000,CON 25,SPECIFIC CONDUCTANCE 25 DEG. C,USIEMENS,45.74972,-83.91667
202402001,2025-03-04 13:41:00,CCGS LIMNOS,LAKE HURON,43,454029,-841112,62,44.00,2024-09-05 00:10:00,160,1.00,.00,,,0,213.400000,CON 25,SPECIFIC CONDUCTANCE 25 DEG. C,USIEMENS,45.67472,-84.18667
202402001,2025-03-04 13:41:00,CCGS LIMNOS,LAKE HURON,44,454212,-843041,63,15.00,2024-09-05 02:25:00,160,1.00,.00,,,0,225.100000,CON 25,SPECIFIC CONDUCTANCE 25 DEG. C,USIEMENS,45.70333,-84.51139
202402001,2025-03-04 13:41:00,CCGS LIMNOS,LAKE HURON,45,454848,-844519,64,36.00,2024-09-05 04:05:00,160,1.00,.00,,,0,268.600000,CON 25,SPECIFIC CONDUCTANCE 25 DEG. C,USIEMENS,45.81333,-84.75528
202402001,2025-03-04 13:41:00,CCGS LIMNOS,LAKE HURON,45,454848,-844519,64,36.00,2024-09-05 04:05:00,160,1.00,.00,,,1,268.600000,CON 25,SPECIFIC CONDUCTANCE 25 DEG. C,USIEMENS,45.81333,-84.75528
202402001,2025-03-04 13:41:00,CCGS LIMNOS,LAKE HURON,45,454848,-844519,64,36.00,2024-09-05 04:05:00,160,16.00,.00,,,0,239.000000,CON 25,SPECIFIC CONDUCTANCE 25 DEG. C,USIEMENS,45.81333,-84.75528
202402001,2025-03-04 13:41:00,CCGS LIMNOS,LAKE HURON,45,454848,-844519,64,36.00,2024-09-05 04:05:00,160,24.50,.00,,,0,227.300000,CON 25,SPECIFIC CONDUCTANCE 25 DEG. C,USIEMENS,45.81333,-84.75528
202402001,2025-03-04 13:41:00,CCGS LIMNOS,LAKE HURON,45,454848,-844519,64,36.00,2024-09-05 04:05:00,160,26.00,.00,,,0,223.700000,CON 25,SPECIFIC CONDUCTANCE 25 DEG. C,USIEMENS,45.81333,-84.75528
202402001,2025-03-04 13:41:00,CCGS LIMNOS,LAKE HURON,45,454848,-844519,64,36.00,2024-09-05 04:05:00,160,33.00,.00,,,0,226.500000,CON 25,SPECIFIC CONDUCTANCE 25 DEG. C,USIEMENS,45.81333,-84.75528
202402001,2025-03-04 13:41:00,CCGS LIMNOS,LAKE HURON,46,455043,-843400,65,58.50,2024-09-05 05:27:00,160,1.00,.00,,,0,220.700000,CON 25,SPECIFIC CONDUCTANCE 25 DEG. C,USIEMENS,45.84528,-84.56667
202402001,2025-03-04 13:41:00,CCGS LIMNOS,LAKE HURON,47,455149,-841741,66,69.00,2024-09-05 07:08:00,160,1.00,.00,,,0,202.400000,CON 25,SPECIFIC CONDUCTANCE 25 DEG. C,USIEMENS,45.86361,-84.29472
202402001,2025-03-04 13:41:00,CCGS LIMNOS,LAKE HURON,48,455606,-835359,67,31.00,2024-09-05 09:35:00,160,1.00,.00,,,0,192.800000,CON 25,SPECIFIC CONDUCTANCE 25 DEG. C,USIEMENS,45.93500,-83.89972
202402001,2025-03-04 13:41:00,CCGS LIMNOS,LAKE HURON,49,460442,-840141,69,10.00,2024-09-05 11:24:00,160,1.00,.00,,,0,109.300000,CON 25,SPECIFIC CONDUCTANCE 25 DEG. C,USIEMENS,46.07833,-84.02806
202402001,2025-03-04 13:41:00,CCGS LIMNOS,LAKE HURON,49,460442,-840141,69,10.00,2024-09-05 11:24:00,160,8.00,.00,,,0,115.400000,CON 25,SPECIFIC CONDUCTANCE 25 DEG. C,USIEMENS,46.07833,-84.02806
202402001,2025-03-04 13:41:00,CCGS LIMNOS,LAKE HURON,50,460230,-835112,68,17.00,2024-09-05 12:44:00,160,1.00,.00,,,0,125.000000,CON 25,SPECIFIC CONDUCTANCE 25 DEG. C,USIEMENS,46.04167,-83.85333
202402001,2025-03-04 13:41:00,CCGS LIMNOS,LAKE HURON,51,460812,-834018,70,22.00,2024-09-05 14:24:00,160,1.00,.00,,,0,157.900000,CON 25,SPECIFIC CONDUCTANCE 25 DEG. C,USIEMENS,46.13667,-83.67167
202402001,2025-03-04 13:41:00,CCGS LIMNOS,LAKE HURON,52,461400,-834447,71,34.00,2024-09-05 15:25:00,160,1.00,.00,,,0,148.700000,CON 25,SPECIFIC CONDUCTANCE 25 DEG. C,USIEMENS,46.23333,-83.74639
202402001,2025-03-04 13:41:00,CCGS LIMNOS,LAKE HURON,52,461400,-834447,71,34.00,2024-09-05 15:25:00,160,3.00,.00,,,0,166.700000,CON 25,SPECIFIC CONDUCTANCE 25 DEG. C,USIEMENS,46.23333,-83.74639
202402001,2025-03-04 13:41:00,CCGS LIMNOS,LAKE HURON,52,461400,-834447,71,34.00,2024-09-05 15:25:00,160,9.50,.00,,,0,182.600000,CON 25,SPECIFIC CONDUCTANCE 25 DEG. C,USIEMENS,46.23333,-83.74639
202402001,2025-03-04 13:41:00,CCGS LIMNOS,LAKE HURON,52,461400,-834447,71,34.00,2024-09-05 15:25:00,160,16.00,.00,,,0,190.300000,CON 25,SPECIFIC CONDUCTANCE 25 DEG. C,USIEMENS,46.23333,-83.74639
202402001,2025-03-04 13:41:00,CCGS LIMNOS,LAKE HURON,52,461400,-834447,71,34.00,2024-09-05 15:25:00,160,32.00,.00,,,0,191.100000,CON 25,SPECIFIC CONDUCTANCE 25 DEG. C,USIEMENS,46.23333,-83.74639
202402001,2025-03-04 13:41:00,CCGS LIMNOS,LAKE HURON,53,461112,-832117,73,19.00,2024-09-05 17:38:00,160,1.00,.00,,,0,156.800000,CON 25,SPECIFIC CONDUCTANCE 25 DEG. C,USIEMENS,46.18667,-83.35472
202402001,2025-03-04 13:41:00,CCGS LIMNOS,LAKE HURON,54,460724,-825309,79,26.00,2024-09-05 20:17:00,160,1.00,.00,,,0,177.400000,CON 25,SPECIFIC CONDUCTANCE 25 DEG. C,USIEMENS,46.12333,-82.88583
202402001,2025-03-04 13:41:00,CCGS LIMNOS,LAKE HURON,54,460724,-825309,79,26.00,2024-09-05 20:17:00,160,10.00,.00,,,0,178.000000,CON 25,SPECIFIC CONDUCTANCE 25 DEG. C,USIEMENS,46.12333,-82.88583
202402001,2025-03-04 13:41:00,CCGS LIMNOS,LAKE HURON,54,460724,-825309,79,26.00,2024-09-05 20:17:00,160,24.00,.00,,,0,182.200000,CON 25,SPECIFIC CONDUCTANCE 25 DEG. C,USIEMENS,46.12333,-82.88583
202402001,2025-03-04 13:41:00,CCGS LIMNOS,LAKE HURON,55,460530,-823324,84,36.00,2024-09-05 22:18:00,160,1.00,.00,,,0,179.000000,CON 25,SPECIFIC CONDUCTANCE 25 DEG. C,USIEMENS,46.09167,-82.55667
202402001,2025-03-04 13:41:00,CCGS LIMNOS,LAKE HURON,55,460530,-823324,84,36.00,2024-09-05 22:18:00,160,1.00,.00,,,1,179.000000,CON 25,SPECIFIC CONDUCTANCE 25 DEG. C,USIEMENS,46.09167,-82.55667
202402001,2025-03-04 13:41:00,CCGS LIMNOS,LAKE HURON,55,460530,-823324,84,36.00,2024-09-05 22:18:00,160,7.00,.00,,,0,176.900000,CON 25,SPECIFIC CONDUCTANCE 25 DEG. C,USIEMENS,46.09167,-82.55667
202402001,2025-03-04 13:41:00,CCGS LIMNOS,LAKE HURON,55,460530,-823324,84,36.00,2024-09-05 22:18:00,160,20.50,.00,,,0,181.500000,CON 25,SPECIFIC CONDUCTANCE 25 DEG. C,USIEMENS,46.09167,-82.55667
202402001,2025-03-04 13:41:00,CCGS LIMNOS,LAKE HURON,55,460530,-823324,84,36.00,2024-09-05 22:18:00,160,26.00,.00,,,0,184.200000,CON 25,SPECIFIC CONDUCTANCE 25 DEG. C,USIEMENS,46.09167,-82.55667
202402001,2025-03-04 13:41:00,CCGS LIMNOS,LAKE HURON,55,460530,-823324,84,36.00,2024-09-05 22:18:00,160,34.00,.00,,,0,188.500000,CON 25,SPECIFIC CONDUCTANCE 25 DEG. C,USIEMENS,46.09167,-82.55667
202402001,2025-03-04 13:41:00,CCGS LIMNOS,LAKE HURON,56,460340,-821149,87,35.00,2024-09-06 00:45:00,160,1.00,.00,,,0,178.900000,CON 25,SPECIFIC CONDUCTANCE 25 DEG. C,USIEMENS,46.06111,-82.19694
202402001,2025-03-04 13:41:00,CCGS LIMNOS,LAKE HURON,57,460320,-815959,88,36.00,2024-09-06 02:07:00,160,1.00,.00,,,0,176.700000,CON 25,SPECIFIC CONDUCTANCE 25 DEG. C,USIEMENS,46.05556,-81.99972
202402001,2025-03-04 13:41:00,CCGS LIMNOS,LAKE HURON,58,455459,-820940,89,39.00,2024-09-06 03:48:00,160,1.00,.00,,,0,175.900000,CON 25,SPECIFIC CONDUCTANCE 25 DEG. C,USIEMENS,45.91639,-82.16111
202402001,2025-03-04 13:41:00,CCGS LIMNOS,LAKE HURON,59,460000,-823258,83,31.00,2024-09-06 07:05:00,160,1.00,.00,,,0,175.100000,CON 25,SPECIFIC CONDUCTANCE 25 DEG. C,USIEMENS,46.00000,-82.54944
202402001,2025-03-04 13:41:00,CCGS LIMNOS,LAKE HURON,60,455611,-824527,82,28.50,2024-09-06 08:34:00,160,1.00,.00,,,0,177.400000,CON 25,SPECIFIC CONDUCTANCE 25 DEG. C,USIEMENS,45.93639,-82.75750
202402001,2025-03-04 13:41:00,CCGS LIMNOS,LAKE HURON,61,455811,-831154,77,78.00,2024-09-06 11:34:00,160,1.00,.00,,,0,170.400000,CON 25,SPECIFIC CONDUCTANCE 25 DEG. C,USIEMENS,45.96972,-83.19833
202402001,2025-03-04 13:41:00,CCGS LIMNOS,LAKE HURON,62,455959,-832600,76,58.00,2024-09-06 13:08:00,160,1.00,.00,,,0,169.700000,CON 25,SPECIFIC CONDUCTANCE 25 DEG. C,USIEMENS,45.99972,-83.43333
202402001,2025-03-04 13:41:00,CCGS LIMNOS,LAKE HURON,63,455405,-833105,60,25.00,2024-09-06 14:16:00,160,1.00,.00,,,0,200.000000,CON 25,SPECIFIC CONDUCTANCE 25 DEG. C,USIEMENS,45.90139,-83.51806
202402001,2025-03-04 13:41:00,CCGS LIMNOS,LAKE HURON,64,455159,-831600,58,12.00,2024-09-06 16:39:00,160,1.00,.00,,,0,176.200000,CON 25,SPECIFIC CONDUCTANCE 25 DEG. C,USIEMENS,45.86639,-83.26667
202402001,2025-03-04 13:41:00,CCGS LIMNOS,LAKE HURON,65,454600,-830141,59,18.00,2024-09-06 18:18:00,160,1.00,.00,,,0,191.400000,CON 25,SPECIFIC CONDUCTANCE 25 DEG. C,USIEMENS,45.76667,-83.02806
202402001,2025-03-04 13:41:00,CCGS LIMNOS,LAKE HURON,65,454600,-830141,59,18.00,2024-09-06 18:18:00,160,1.00,.00,,,1,190.100000,CON 25,SPECIFIC CONDUCTANCE 25 DEG. C,USIEMENS,45.76667,-83.02806
202402001,2025-03-04 13:41:00,CCGS LIMNOS,LAKE HURON,66,453905,-823852,52,66.00,2024-09-06 20:48:00,160,1.00,.00,,,0,202.900000,CON 25,SPECIFIC CONDUCTANCE 25 DEG. C,USIEMENS,45.65139,-82.64778
202402001,2025-03-04 13:41:00,CCGS LIMNOS,LAKE HURON,67,453205,-820242,50,27.00,2024-09-07 00:19:00,160,1.00,.00,,,0,206.000000,CON 25,SPECIFIC CONDUCTANCE 25 DEG. C,USIEMENS,45.53472,-82.04500
202402001,2025-03-04 13:41:00,CCGS LIMNOS,LAKE HURON,68,451316,-814909,42,42.00,2024-09-07 03:12:00,160,1.00,.00,,,0,209.400000,CON 25,SPECIFIC CONDUCTANCE 25 DEG. C,USIEMENS,45.22111,-81.81917
202402001,2025-03-04 13:41:00,CCGS LIMNOS,LAKE HURON,1,430523,-822330,1,11.00,2024-08-26 18:44:00,213,1.00,.00,,,0,8.330000,PH,PH,PH UNITS,43.08972,-82.39167
202402001,2025-03-04 13:41:00,CCGS LIMNOS,LAKE HURON,1,430523,-822330,1,11.00,2024-08-26 18:44:00,213,9.00,.00,,,0,8.390000,PH,PH,PH UNITS,43.08972,-82.39167
202402001,2025-03-04 13:41:00,CCGS LIMNOS,LAKE HURON,2,432030,-823021,7,11.00,2024-08-26 20:43:00,213,1.00,.00,,,0,8.410000,PH,PH,PH UNITS,43.34167,-82.50583
202402001,2025-03-04 13:41:00,CCGS LIMNOS,LAKE HURON,3,433402,-822907,8,30.00,2024-08-26 22:29:00,213,1.00,.00,,,0,8.350000,PH,PH,PH UNITS,43.56722,-82.48528
202402001,2025-03-04 13:41:00,CCGS LIMNOS,LAKE HURON,4,433759,-821301,9,60.00,2024-08-27 00:08:00,213,1.00,.00,,,0,8.380000,PH,PH,PH UNITS,43.63306,-82.21694
202402001,2025-03-04 13:41:00,CCGS LIMNOS,LAKE HURON,4,433759,-821301,9,60.00,2024-08-27 00:08:00,213,23.00,.00,,,0,8.490000,PH,PH,PH UNITS,43.63306,-82.21694
202402001,2025-03-04 13:41:00,CCGS LIMNOS,LAKE HURON,4,433759,-821301,9,60.00,2024-08-27 00:08:00,213,32.00,.00,,,0,8.360000,PH,PH,PH UNITS,43.63306,-82.21694
202402001,2025-03-04 13:41:00,CCGS LIMNOS,LAKE HURON,4,433759,-821301,9,60.00,2024-08-27 00:08:00,213,41.00,.00,,,0,8.130000,PH,PH,PH UNITS,43.63306,-82.21694
202402001,2025-03-04 13:41:00,CCGS LIMNOS,LAKE HURON,4,433759,-821301,9,60.00,2024-08-27 00:08:00,213,50.00,.00,,,0,8.050000,PH,PH,PH UNITS,43.63306,-82.21694
202402001,2025-03-04 13:41:00,CCGS LIMNOS,LAKE HURON,4,433759,-821301,9,60.00,2024-08-27 00:08:00,213,58.00,.00,,,0,8.020000,PH,PH,PH UNITS,43.63306,-82.21694
202402001,2025-03-04 13:41:00,CCGS LIMNOS,LAKE HURON,5,434513,-823405,13,17.00,2024-08-27 03:04:00,213,1.00,.00,,,0,8.380000,PH,PH,PH UNITS,43.75361,-82.56806
202402001,2025-03-04 13:41:00,CCGS LIMNOS,LAKE HURON,5,434513,-823405,13,17.00,2024-08-27 03:04:00,213,1.00,.00,,,1,8.450000,PH,PH,PH UNITS,43.75361,-82.56806
202402001,2025-03-04 13:41:00,CCGS LIMNOS,LAKE HURON,6,435631,-824000,14,12.50,2024-08-27 04:44:00,213,1.00,.00,,,0,8.410000,PH,PH,PH UNITS,43.94194,-82.66667
202402001,2025-03-04 13:41:00,CCGS LIMNOS,LAKE HURON,7,440600,-825159,17,15.00,2024-08-27 06:32:00,213,1.00,.00,,,0,8.420000,PH,PH,PH UNITS,44.10000,-82.86639
202402001,2025-03-04 13:41:00,CCGS LIMNOS,LAKE HURON,7,440600,-825159,17,15.00,2024-08-27 06:32:00,213,10.00,.00,,,0,8.380000,PH,PH,PH UNITS,44.10000,-82.86639
202402001,2025-03-04 13:41:00,CCGS LIMNOS,LAKE HURON,7,440600,-825159,17,15.00,2024-08-27 06:32:00,213,13.00,.00,,,0,8.400000,PH,PH,PH UNITS,44.10000,-82.86639
202402001,2025-03-04 13:41:00,CCGS LIMNOS,LAKE HURON,8,440409,-830450,94,14.50,2024-08-27 07:55:00,213,1.00,.00,,,0,8.370000,PH,PH,PH UNITS,44.06917,-83.08056
202402001,2025-03-04 13:41:00,CCGS LIMNOS,LAKE HURON,9,440735,-831014,96,30.00,2024-08-27 08:46:00,213,1.00,.00,,,0,8.370000,PH,PH,PH UNITS,44.12639,-83.17056
202402001,2025-03-04 13:41:00,CCGS LIMNOS,LAKE HURON,10,440654,-833144,97,11.00,2024-08-27 10:47:00,213,1.00,.00,,,0,8.510000,PH,PH,PH UNITS,44.11500,-83.52889
202402001,2025-03-04 13:41:00,CCGS LIMNOS,LAKE HURON,11,435834,-833430,98,11.00,2024-08-27 12:08:00,213,1.00,.00,,,0,8.560000,PH,PH,PH UNITS,43.97611,-83.57500
202402001,2025-03-04 13:41:00,CCGS LIMNOS,LAKE HURON,12,434915,-833728,101,6.00,2024-08-27 13:32:00,213,1.00,.00,,,0,8.640000,PH,PH,PH UNITS,43.82083,-83.62444
202402001,2025-03-04 13:41:00,CCGS LIMNOS,LAKE HURON,13,434930,-834901,100,7.00,2024-08-27 14:43:00,213,.50,.00,,,0,8.620000,PH,PH,PH UNITS,43.82500,-83.81694
202402001,2025-03-04 13:41:00,CCGS LIMNOS,LAKE HURON,13,434930,-834901,100,7.00,2024-08-27 14:43:00,213,1.00,.00,,,0,8.590000,PH,PH,PH UNITS,43.82500,-83.81694
202402001,2025-03-04 13:41:00,CCGS LIMNOS,LAKE HURON,13,434930,-834901,100,7.00,2024-08-27 14:43:00,213,5.00,.00,,,0,8.570000,PH,PH,PH UNITS,43.82500,-83.81694
202402001,2025-03-04 13:41:00,CCGS LIMNOS,LAKE HURON,14,435430,-834427,99,7.00,2024-08-27 15:59:00,213,1.00,.00,,,0,8.590000,PH,PH,PH UNITS,43.90833,-83.74083
202402001,2025-03-04 13:41:00,CCGS LIMNOS,LAKE HURON,15,441246,-832214,95,21.00,2024-08-27 19:10:00,213,1.00,.00,,,0,8.450000,PH,PH,PH UNITS,44.21278,-83.37056
202402001,2025-03-04 13:41:00,CCGS LIMNOS,LAKE HURON,15,441246,-832214,95,21.00,2024-08-27 19:10:00,213,1.00,.00,,,1,8.460000,PH,PH,PH UNITS,44.21278,-83.37056
202402001,2025-03-04 13:41:00,CCGS LIMNOS,LAKE HURON,15,441246,-832214,95,21.00,2024-08-27 19:10:00,213,11.00,.00,,,0,8.390000,PH,PH,PH UNITS,44.21278,-83.37056
202402001,2025-03-04 13:41:00,CCGS LIMNOS,LAKE HURON,15,441246,-832214,95,21.00,2024-08-27 19:10:00,213,19.00,.00,,,0,8.370000,PH,PH,PH UNITS,44.21278,-83.37056
202402001,2025-03-04 13:41:00,CCGS LIMNOS,LAKE HURON,16,442002,-831758,23,9.00,2024-08-27 20:21:00,213,1.00,.00,,,0,8.300000,PH,PH,PH UNITS,44.33389,-83.29944
202402001,2025-03-04 13:41:00,CCGS LIMNOS,LAKE HURON,17,441303,-830501,20,47.00,2024-08-27 22:00:00,213,1.00,.00,,,0,8.310000,PH,PH,PH UNITS,44.21750,-83.08361
202402001,2025-03-04 13:41:00,CCGS LIMNOS,LAKE HURON,18,431525,-820217,3,16.00,2024-08-28 06:31:00,213,1.00,.00,,,0,8.360000,PH,PH,PH UNITS,43.25694,-82.03806
202402001,2025-03-04 13:41:00,CCGS LIMNOS,LAKE HURON,19,431930,-814717,4,10.00,2024-08-28 08:11:00,213,1.00,.00,,,0,8.370000,PH,PH,PH UNITS,43.32500,-81.78806
202402001,2025-03-04 13:41:00,CCGS LIMNOS,LAKE HURON,20,433254,-814441,5,11.50,2024-08-28 09:54:00,213,1.00,.00,,,0,8.300000,PH,PH,PH UNITS,43.54833,-81.74472
202402001,2025-03-04 13:41:00,CCGS LIMNOS,LAKE HURON,21,434512,-814652,10,12.50,2024-08-28 11:47:00,213,1.00,.00,,,0,8.370000,PH,PH,PH UNITS,43.75333,-81.78111
202402001,2025-03-04 13:41:00,CCGS LIMNOS,LAKE HURON,22,435723,-814712,11,10.50,2024-08-28 22:01:00,213,1.00,.00,,,0,8.410000,PH,PH,PH UNITS,43.95639,-81.78667
202402001,2025-03-04 13:41:00,CCGS LIMNOS,LAKE HURON,23,442159,-815000,29,123.00,2024-08-29 01:48:00,213,1.00,.00,,,0,8.360000,PH,PH,PH UNITS,44.36639,-81.83333
202402001,2025-03-04 13:41:00,CCGS LIMNOS,LAKE HURON,23,442159,-815000,29,123.00,2024-08-29 01:48:00,213,14.00,.00,,,0,8.370000,PH,PH,PH UNITS,44.36639,-81.83333
202402001,2025-03-04 13:41:00,CCGS LIMNOS,LAKE HURON,23,442159,-815000,29,123.00,2024-08-29 01:48:00,213,24.00,.00,,,0,8.410000,PH,PH,PH UNITS,44.36639,-81.83333
202402001,2025-03-04 13:41:00,CCGS LIMNOS,LAKE HURON,23,442159,-815000,29,123.00,2024-08-29 01:48:00,213,34.00,.00,,,0,8.340000,PH,PH,PH UNITS,44.36639,-81.83333
202402001,2025-03-04 13:41:00,CCGS LIMNOS,LAKE HURON,23,442159,-815000,29,123.00,2024-08-29 01:48:00,213,113.00,.00,,,0,8.120000,PH,PH,PH UNITS,44.36639,-81.83333
202402001,2025-03-04 13:41:00,CCGS LIMNOS,LAKE HURON,23,442159,-815000,29,123.00,2024-08-29 01:48:00,213,121.00,.00,,,0,8.060000,PH,PH,PH UNITS,44.36639,-81.83333
202402001,2025-03-04 13:41:00,CCGS LIMNOS,LAKE HURON,24,442759,-812712,30,21.50,2024-08-29 05:15:00,213,1.00,.00,,,0,8.390000,PH,PH,PH UNITS,44.46639,-81.45333
202402001,2025-03-04 13:41:00,CCGS LIMNOS,LAKE HURON,25,443924,-812242,39,26.00,2024-08-29 06:59:00,213,1.00,.00,,,0,8.330000,PH,PH,PH UNITS,44.65667,-81.37833
202402001,2025-03-04 13:41:00,CCGS LIMNOS,LAKE HURON,25,443924,-812242,39,26.00,2024-08-29 06:59:00,213,1.00,.00,,,1,8.370000,PH,PH,PH UNITS,44.65667,-81.37833
202402001,2025-03-04 13:41:00,CCGS LIMNOS,LAKE HURON,26,445354,-812613,40,20.00,2024-08-29 09:31:00,213,1.00,.00,,,0,8.300000,PH,PH,PH UNITS,44.89833,-81.43694
202402001,2025-03-04 13:41:00,CCGS LIMNOS,LAKE HURON,27,450459,-813212,41,22.50,2024-08-29 11:17:00,213,1.00,.00,,,0,8.320000,PH,PH,PH UNITS,45.08306,-81.53667
202402001,2025-03-04 13:41:00,CCGS LIMNOS,LAKE HURON,28,450048,-820030,43,172.00,2024-08-29 14:43:00,213,1.00,.00,,,0,8.340000,PH,PH,PH UNITS,45.01333,-82.00833
202402001,2025-03-04 13:41:00,CCGS LIMNOS,LAKE HURON,29,451642,-822707,48,110.00,2024-08-29 18:21:00,213,1.00,.00,,,0,8.360000,PH,PH,PH UNITS,45.27833,-82.45194
202402001,2025-03-04 13:41:00,CCGS LIMNOS,LAKE HURON,30,450059,-824106,44,166.50,2024-08-29 21:09:00,213,1.00,.00,,,0,8.290000,PH,PH,PH UNITS,45.01639,-82.68500
202402001,2025-03-04 13:41:00,CCGS LIMNOS,LAKE HURON,30,450059,-824106,44,166.50,2024-08-29 21:09:00,213,14.00,.00,,,0,8.400000,PH,PH,PH UNITS,45.01639,-82.68500
202402001,2025-03-04 13:41:00,CCGS LIMNOS,LAKE HURON,30,450059,-824106,44,166.50,2024-08-29 21:09:00,213,45.50,.00,,,0,8.270000,PH,PH,PH UNITS,45.01639,-82.68500
202402001,2025-03-04 13:41:00,CCGS LIMNOS,LAKE HURON,30,450059,-824106,44,166.50,2024-08-29 21:09:00,213,77.00,.00,,,0,8.170000,PH,PH,PH UNITS,45.01639,-82.68500
202402001,2025-03-04 13:41:00,CCGS LIMNOS,LAKE HURON,30,450059,-824106,44,166.50,2024-08-29 21:09:00,213,156.50,.00,,,0,8.100000,PH,PH,PH UNITS,45.01639,-82.68500
202402001,2025-03-04 13:41:00,CCGS LIMNOS,LAKE HURON,30,450059,-824106,44,166.50,2024-08-29 21:09:00,213,164.50,.00,,,0,8.070000,PH,PH,PH UNITS,45.01639,-82.68500
202402001,2025-03-04 13:41:00,CCGS LIMNOS,LAKE HURON,31,444424,-820326,38,134.00,2024-08-30 01:46:00,213,1.00,.00,,,0,8.260000,PH,PH,PH UNITS,44.74000,-82.05722
202402001,2025-03-04 13:41:00,CCGS LIMNOS,LAKE HURON,32,442712,-822030,32,83.00,2024-08-30 05:08:00,213,1.00,.00,,,0,8.320000,PH,PH,PH UNITS,44.45333,-82.34167
202402001,2025-03-04 13:41:00,CCGS LIMNOS,LAKE HURON,33,435325,-820324,12,87.00,2024-08-30 10:38:00,213,1.00,.00,,,0,8.330000,PH,PH,PH UNITS,43.89028,-82.05667
202402001,2025-03-04 13:41:00,CCGS LIMNOS,LAKE HURON,34,441154,-823011,27,55.00,2024-09-03 23:11:00,213,1.00,.00,,,0,8.350000,PH,PH,PH UNITS,44.19833,-82.50306
202402001,2025-03-04 13:41:00,CCGS LIMNOS,LAKE HURON,35,443000,-825000,33,72.50,2024-09-04 02:23:00,213,1.00,.00,,,0,8.370000,PH,PH,PH UNITS,44.50000,-82.83333
202402001,2025-03-04 13:41:00,CCGS LIMNOS,LAKE HURON,35,443000,-825000,33,72.50,2024-09-04 02:23:00,213,1.00,.00,,,1,8.390000,PH,PH,PH UNITS,44.50000,-82.83333
202402001,2025-03-04 13:41:00,CCGS LIMNOS,LAKE HURON,36,443824,-831354,34,9.00,2024-09-04 05:09:00,213,1.00,.00,,,0,8.410000,PH,PH,PH UNITS,44.64000,-83.23167
202402001,2025-03-04 13:41:00,CCGS LIMNOS,LAKE HURON,37,450224,-832241,36,9.00,2024-09-04 08:34:00,213,1.00,.00,,,0,8.450000,PH,PH,PH UNITS,45.04000,-83.37806
202402001,2025-03-04 13:41:00,CCGS LIMNOS,LAKE HURON,37,450224,-832241,36,9.00,2024-09-04 08:34:00,213,7.00,.00,,,0,8.450000,PH,PH,PH UNITS,45.04000,-83.37806
202402001,2025-03-04 13:41:00,CCGS LIMNOS,LAKE HURON,38,451516,-832044,47,23.50,2024-09-04 11:59:00,213,1.00,.00,,,0,8.390000,PH,PH,PH UNITS,45.25444,-83.34556
202402001,2025-03-04 13:41:00,CCGS LIMNOS,LAKE HURON,39,453100,-832459,54,132.50,2024-09-04 15:02:00,213,1.00,.00,,,0,8.430000,PH,PH,PH UNITS,45.51667,-83.41639
202402001,2025-03-04 13:41:00,CCGS LIMNOS,LAKE HURON,39,453100,-832459,54,132.50,2024-09-04 15:02:00,213,11.00,.00,,,0,8.430000,PH,PH,PH UNITS,45.51667,-83.41639
202402001,2025-03-04 13:41:00,CCGS LIMNOS,LAKE HURON,39,453100,-832459,54,132.50,2024-09-04 15:02:00,213,25.50,.00,,,0,8.400000,PH,PH,PH UNITS,45.51667,-83.41639
202402001,2025-03-04 13:41:00,CCGS LIMNOS,LAKE HURON,39,453100,-832459,54,132.50,2024-09-04 15:02:00,213,40.00,.00,,,0,8.230000,PH,PH,PH UNITS,45.51667,-83.41639
202402001,2025-03-04 13:41:00,CCGS LIMNOS,LAKE HURON,39,453100,-832459,54,132.50,2024-09-04 15:02:00,213,122.50,.00,,,0,8.120000,PH,PH,PH UNITS,45.51667,-83.41639
202402001,2025-03-04 13:41:00,CCGS LIMNOS,LAKE HURON,39,453100,-832459,54,132.50,2024-09-04 15:02:00,213,130.50,.00,,,0,8.090000,PH,PH,PH UNITS,45.51667,-83.41639
202402001,2025-03-04 13:41:00,CCGS LIMNOS,LAKE HURON,40,452530,-833905,55,37.00,2024-09-04 17:32:00,213,1.00,.00,,,0,8.400000,PH,PH,PH UNITS,45.42500,-83.65139
202402001,2025-03-04 13:41:00,CCGS LIMNOS,LAKE HURON,41,453059,-840500,56,22.50,2024-09-04 20:07:00,213,1.00,.00,,,0,8.430000,PH,PH,PH UNITS,45.51639,-84.08333
202402001,2025-03-04 13:41:00,CCGS LIMNOS,LAKE HURON,42,454459,-835500,61,117.00,2024-09-04 22:19:00,213,1.00,.00,,,0,8.350000,PH,PH,PH UNITS,45.74972,-83.91667
202402001,2025-03-04 13:41:00,CCGS LIMNOS,LAKE HURON,43,454029,-841112,62,44.00,2024-09-05 00:10:00,213,1.00,.00,,,0,8.400000,PH,PH,PH UNITS,45.67472,-84.18667
202402001,2025-03-04 13:41:00,CCGS LIMNOS,LAKE HURON,44,454212,-843041,63,15.00,2024-09-05 02:25:00,213,1.00,.00,,,0,8.390000,PH,PH,PH UNITS,45.70333,-84.51139
202402001,2025-03-04 13:41:00,CCGS LIMNOS,LAKE HURON,45,454848,-844519,64,36.00,2024-09-05 04:05:00,213,1.00,.00,,,0,8.490000,PH,PH,PH UNITS,45.81333,-84.75528
202402001,2025-03-04 13:41:00,CCGS LIMNOS,LAKE HURON,45,454848,-844519,64,36.00,2024-09-05 04:05:00,213,1.00,.00,,,1,8.500000,PH,PH,PH UNITS,45.81333,-84.75528
202402001,2025-03-04 13:41:00,CCGS LIMNOS,LAKE HURON,45,454848,-844519,64,36.00,2024-09-05 04:05:00,213,16.00,.00,,,0,8.400000,PH,PH,PH UNITS,45.81333,-84.75528
202402001,2025-03-04 13:41:00,CCGS LIMNOS,LAKE HURON,45,454848,-844519,64,36.00,2024-09-05 04:05:00,213,24.50,.00,,,0,8.330000,PH,PH,PH UNITS,45.81333,-84.75528
202402001,2025-03-04 13:41:00,CCGS LIMNOS,LAKE HURON,45,454848,-844519,64,36.00,2024-09-05 04:05:00,213,26.00,.00,,,0,8.290000,PH,PH,PH UNITS,45.81333,-84.75528
202402001,2025-03-04 13:41:00,CCGS LIMNOS,LAKE HURON,45,454848,-844519,64,36.00,2024-09-05 04:05:00,213,33.00,.00,,,0,8.290000,PH,PH,PH UNITS,45.81333,-84.75528
202402001,2025-03-04 13:41:00,CCGS LIMNOS,LAKE HURON,46,455043,-843400,65,58.50,2024-09-05 05:27:00,213,1.00,.00,,,0,8.380000,PH,PH,PH UNITS,45.84528,-84.56667
202402001,2025-03-04 13:41:00,CCGS LIMNOS,LAKE HURON,47,455149,-841741,66,69.00,2024-09-05 07:08:00,213,1.00,.00,,,0,8.350000,PH,PH,PH UNITS,45.86361,-84.29472
202402001,2025-03-04 13:41:00,CCGS LIMNOS,LAKE HURON,48,455606,-835359,67,31.00,2024-09-05 09:35:00,213,1.00,.00,,,0,8.220000,PH,PH,PH UNITS,45.93500,-83.89972
202402001,2025-03-04 13:41:00,CCGS LIMNOS,LAKE HURON,49,460442,-840141,69,10.00,2024-09-05 11:24:00,213,1.00,.00,,,0,8.080000,PH,PH,PH UNITS,46.07833,-84.02806
202402001,2025-03-04 13:41:00,CCGS LIMNOS,LAKE HURON,49,460442,-840141,69,10.00,2024-09-05 11:24:00,213,8.00,.00,,,0,8.030000,PH,PH,PH UNITS,46.07833,-84.02806
202402001,2025-03-04 13:41:00,CCGS LIMNOS,LAKE HURON,50,460230,-835112,68,17.00,2024-09-05 12:44:00,213,1.00,.00,,,0,8.100000,PH,PH,PH UNITS,46.04167,-83.85333
202402001,2025-03-04 13:41:00,CCGS LIMNOS,LAKE HURON,51,460812,-834018,70,22.00,2024-09-05 14:24:00,213,1.00,.00,,,0,8.210000,PH,PH,PH UNITS,46.13667,-83.67167
202402001,2025-03-04 13:41:00,CCGS LIMNOS,LAKE HURON,52,461400,-834447,71,34.00,2024-09-05 15:25:00,213,1.00,.00,,,0,8.100000,PH,PH,PH UNITS,46.23333,-83.74639
202402001,2025-03-04 13:41:00,CCGS LIMNOS,LAKE HURON,52,461400,-834447,71,34.00,2024-09-05 15:25:00,213,3.00,.00,,,0,8.030000,PH,PH,PH UNITS,46.23333,-83.74639
202402001,2025-03-04 13:41:00,CCGS LIMNOS,LAKE HURON,52,461400,-834447,71,34.00,2024-09-05 15:25:00,213,9.50,.00,,,0,7.980000,PH,PH,PH UNITS,46.23333,-83.74639
202402001,2025-03-04 13:41:00,CCGS LIMNOS,LAKE HURON,52,461400,-834447,71,34.00,2024-09-05 15:25:00,213,16.00,.00,,,0,7.960000,PH,PH,PH UNITS,46.23333,-83.74639
202402001,2025-03-04 13:41:00,CCGS LIMNOS,LAKE HURON,52,461400,-834447,71,34.00,2024-09-05 15:25:00,213,32.00,.00,,,0,7.800000,PH,PH,PH UNITS,46.23333,-83.74639
202402001,2025-03-04 13:41:00,CCGS LIMNOS,LAKE HURON,53,461112,-832117,73,19.00,2024-09-05 17:38:00,213,1.00,.00,,,0,8.130000,PH,PH,PH UNITS,46.18667,-83.35472
202402001,2025-03-04 13:41:00,CCGS LIMNOS,LAKE HURON,54,460724,-825309,79,26.00,2024-09-05 20:17:00,213,1.00,.00,,,0,8.100000,PH,PH,PH UNITS,46.12333,-82.88583
202402001,2025-03-04 13:41:00,CCGS LIMNOS,LAKE HURON,54,460724,-825309,79,26.00,2024-09-05 20:17:00,213,10.00,.00,,,0,8.010000,PH,PH,PH UNITS,46.12333,-82.88583
202402001,2025-03-04 13:41:00,CCGS LIMNOS,LAKE HURON,54,460724,-825309,79,26.00,2024-09-05 20:17:00,213,24.00,.00,,,0,7.960000,PH,PH,PH UNITS,46.12333,-82.88583
202402001,2025-03-04 13:41:00,CCGS LIMNOS,LAKE HURON,55,460530,-823324,84,36.00,2024-09-05 22:18:00,213,1.00,.00,,,0,8.200000,PH,PH,PH UNITS,46.09167,-82.55667
202402001,2025-03-04 13:41:00,CCGS LIMNOS,LAKE HURON,55,460530,-823324,84,36.00,2024-09-05 22:18:00,213,1.00,.00,,,1,8.220000,PH,PH,PH UNITS,46.09167,-82.55667
202402001,2025-03-04 13:41:00,CCGS LIMNOS,LAKE HURON,55,460530,-823324,84,36.00,2024-09-05 22:18:00,213,7.00,.00,,,0,8.210000,PH,PH,PH UNITS,46.09167,-82.55667
202402001,2025-03-04 13:41:00,CCGS LIMNOS,LAKE HURON,55,460530,-823324,84,36.00,2024-09-05 22:18:00,213,20.50,.00,,,0,7.950000,PH,PH,PH UNITS,46.09167,-82.55667
202402001,2025-03-04 13:41:00,CCGS LIMNOS,LAKE HURON,55,460530,-823324,84,36.00,2024-09-05 22:18:00,213,26.00,.00,,,0,7.910000,PH,PH,PH UNITS,46.09167,-82.55667
202402001,2025-03-04 13:41:00,CCGS LIMNOS,LAKE HURON,55,460530,-823324,84,36.00,2024-09-05 22:18:00,213,34.00,.00,,,0,7.880000,PH,PH,PH UNITS,46.09167,-82.55667
202402001,2025-03-04 13:41:00,CCGS LIMNOS,LAKE HURON,56,460340,-821149,87,35.00,2024-09-06 00:45:00,213,1.00,.00,,,0,7.930000,PH,PH,PH UNITS,46.06111,-82.19694
202402001,2025-03-04 13:41:00,CCGS LIMNOS,LAKE HURON,57,460320,-815959,88,36.00,2024-09-06 02:07:00,213,1.00,.00,,,0,7.900000,PH,PH,PH UNITS,46.05556,-81.99972
202402001,2025-03-04 13:41:00,CCGS LIMNOS,LAKE HURON,58,455459,-820940,89,39.00,2024-09-06 03:48:00,213,1.00,.00,,,0,8.210000,PH,PH,PH UNITS,45.91639,-82.16111
202402001,2025-03-04 13:41:00,CCGS LIMNOS,LAKE HURON,59,460000,-823258,83,31.00,2024-09-06 07:05:00,213,1.00,.00,,,0,8.140000,PH,PH,PH UNITS,46.00000,-82.54944
202402001,2025-03-04 13:41:00,CCGS LIMNOS,LAKE HURON,60,455611,-824527,82,28.50,2024-09-06 08:34:00,213,1.00,.00,,,0,8.160000,PH,PH,PH UNITS,45.93639,-82.75750
202402001,2025-03-04 13:41:00,CCGS LIMNOS,LAKE HURON,61,455811,-831154,77,78.00,2024-09-06 11:34:00,213,1.00,.00,,,0,8.170000,PH,PH,PH UNITS,45.96972,-83.19833
202402001,2025-03-04 13:41:00,CCGS LIMNOS,LAKE HURON,62,455959,-832600,76,58.00,2024-09-06 13:08:00,213,1.00,.00,,,0,8.140000,PH,PH,PH UNITS,45.99972,-83.43333
202402001,2025-03-04 13:41:00,CCGS LIMNOS,LAKE HURON,63,455405,-833105,60,25.00,2024-09-06 14:16:00,213,1.00,.00,,,0,8.250000,PH,PH,PH UNITS,45.90139,-83.51806
202402001,2025-03-04 13:41:00,CCGS LIMNOS,LAKE HURON,64,455159,-831600,58,12.00,2024-09-06 16:39:00,213,1.00,.00,,,0,8.180000,PH,PH,PH UNITS,45.86639,-83.26667
202402001,2025-03-04 13:41:00,CCGS LIMNOS,LAKE HURON,65,454600,-830141,59,18.00,2024-09-06 18:18:00,213,1.00,.00,,,0,8.180000,PH,PH,PH UNITS,45.76667,-83.02806
202402001,2025-03-04 13:41:00,CCGS LIMNOS,LAKE HURON,65,454600,-830141,59,18.00,2024-09-06 18:18:00,213,1.00,.00,,,1,8.280000,PH,PH,PH UNITS,45.76667,-83.02806
202402001,2025-03-04 13:41:00,CCGS LIMNOS,LAKE HURON,66,453905,-823852,52,66.00,2024-09-06 20:48:00,213,1.00,.00,,,0,8.210000,PH,PH,PH UNITS,45.65139,-82.64778
202402001,2025-03-04 13:41:00,CCGS LIMNOS,LAKE HURON,67,453205,-820242,50,27.00,2024-09-07 00:19:00,213,1.00,.00,,,0,8.270000,PH,PH,PH UNITS,45.53472,-82.04500
202402001,2025-03-04 13:41:00,CCGS LIMNOS,LAKE HURON,68,451316,-814909,42,42.00,2024-09-07 03:12:00,213,1.00,.00,,,0,8.140000,PH,PH,PH UNITS,45.22111,-81.81917
202402001,2025-03-04 13:41:00,CCGS LIMNOS,LAKE HURON,1,430523,-822330,1,11.00,2024-08-26 18:44:00,225,.00,9.00,0.00060000,,0,.199000,I-POC,"CARBON,PARTICULATE ORGANIC,INTEGRATED",MG C/L,43.08972,-82.39167
202402001,2025-03-04 13:41:00,CCGS LIMNOS,LAKE HURON,2,432030,-823021,7,11.00,2024-08-26 20:43:00,225,.00,9.00,0.00070000,,0,.272000,I-POC,"CARBON,PARTICULATE ORGANIC,INTEGRATED",MG C/L,43.34167,-82.50583
202402001,2025-03-04 13:41:00,CCGS LIMNOS,LAKE HURON,3,433402,-822907,8,30.00,2024-08-26 22:29:00,225,.00,20.00,0.00070000,,0,.207000,I-POC,"CARBON,PARTICULATE ORGANIC,INTEGRATED",MG C/L,43.56722,-82.48528
202402001,2025-03-04 13:41:00,CCGS LIMNOS,LAKE HURON,4,433759,-821301,9,60.00,2024-08-27 00:08:00,225,.00,20.00,0.00050000,,0,.153000,I-POC,"CARBON,PARTICULATE ORGANIC,INTEGRATED",MG C/L,43.63306,-82.21694
202402001,2025-03-04 13:41:00,CCGS LIMNOS,LAKE HURON,5,434513,-823405,13,17.00,2024-08-27 03:04:00,225,.00,15.00,0.00070000,,0,.254000,I-POC,"CARBON,PARTICULATE ORGANIC,INTEGRATED",MG C/L,43.75361,-82.56806
202402001,2025-03-04 13:41:00,CCGS LIMNOS,LAKE HURON,5,434513,-823405,13,17.00,2024-08-27 03:04:00,225,.00,15.00,0.00070000,,1,.241000,I-POC,"CARBON,PARTICULATE ORGANIC,INTEGRATED",MG C/L,43.75361,-82.56806
202402001,2025-03-04 13:41:00,CCGS LIMNOS,LAKE HURON,6,435631,-824000,14,12.50,2024-08-27 04:44:00,225,.00,10.50,0.00080000,,0,.327000,I-POC,"CARBON,PARTICULATE ORGANIC,INTEGRATED",MG C/L,43.94194,-82.66667
202402001,2025-03-04 13:41:00,CCGS LIMNOS,LAKE HURON,7,440600,-825159,17,15.00,2024-08-27 06:32:00,225,.00,13.00,0.00070000,,0,.221000,I-POC,"CARBON,PARTICULATE ORGANIC,INTEGRATED",MG C/L,44.10000,-82.86639
202402001,2025-03-04 13:41:00,CCGS LIMNOS,LAKE HURON,8,440409,-830450,94,14.50,2024-08-27 07:55:00,225,.00,12.50,0.00050000,,0,.187000,I-POC,"CARBON,PARTICULATE ORGANIC,INTEGRATED",MG C/L,44.06917,-83.08056
202402001,2025-03-04 13:41:00,CCGS LIMNOS,LAKE HURON,9,440735,-831014,96,30.00,2024-08-27 08:46:00,225,.00,20.00,0.00050000,,0,.152000,I-POC,"CARBON,PARTICULATE ORGANIC,INTEGRATED",MG C/L,44.12639,-83.17056
202402001,2025-03-04 13:41:00,CCGS LIMNOS,LAKE HURON,10,440654,-833144,97,11.00,2024-08-27 10:47:00,225,.00,9.00,0.00100000,,0,.635000,I-POC,"CARBON,PARTICULATE ORGANIC,INTEGRATED",MG C/L,44.11500,-83.52889
202402001,2025-03-04 13:41:00,CCGS LIMNOS,LAKE HURON,11,435834,-833430,98,11.00,2024-08-27 12:08:00,225,.00,9.00,0.00200000,,0,1.050000,I-POC,"CARBON,PARTICULATE ORGANIC,INTEGRATED",MG C/L,43.97611,-83.57500
202402001,2025-03-04 13:41:00,CCGS LIMNOS,LAKE HURON,12,434915,-833728,101,6.00,2024-08-27 13:32:00,225,.00,4.00,0.00200000,,0,1.060000,I-POC,"CARBON,PARTICULATE ORGANIC,INTEGRATED",MG C/L,43.82083,-83.62444
202402001,2025-03-04 13:41:00,CCGS LIMNOS,LAKE HURON,13,434930,-834901,100,7.00,2024-08-27 14:43:00,225,.00,5.00,0.00200000,,0,1.610000,I-POC,"CARBON,PARTICULATE ORGANIC,INTEGRATED",MG C/L,43.82500,-83.81694
202402001,2025-03-04 13:41:00,CCGS LIMNOS,LAKE HURON,14,435430,-834427,99,7.00,2024-08-27 15:59:00,225,.00,5.00,0.00200000,,0,1.170000,I-POC,"CARBON,PARTICULATE ORGANIC,INTEGRATED",MG C/L,43.90833,-83.74083
202402001,2025-03-04 13:41:00,CCGS LIMNOS,LAKE HURON,15,441246,-832214,95,21.00,2024-08-27 19:10:00,225,.00,19.00,0.00100000,,0,.239000,I-POC,"CARBON,PARTICULATE ORGANIC,INTEGRATED",MG C/L,44.21278,-83.37056
202402001,2025-03-04 13:41:00,CCGS LIMNOS,LAKE HURON,15,441246,-832214,95,21.00,2024-08-27 19:10:00,225,.00,19.00,0.00100000,,1,.236000,I-POC,"CARBON,PARTICULATE ORGANIC,INTEGRATED",MG C/L,44.21278,-83.37056
202402001,2025-03-04 13:41:00,CCGS LIMNOS,LAKE HURON,16,442002,-831758,23,9.00,2024-08-27 20:21:00,225,.00,7.00,0.00100000,,0,.351000,I-POC,"CARBON,PARTICULATE ORGANIC,INTEGRATED",MG C/L,44.33389,-83.29944
202402001,2025-03-04 13:41:00,CCGS LIMNOS,LAKE HURON,17,441303,-830501,20,47.00,2024-08-27 22:00:00,225,.00,20.00,0.00050000,,0,.115000,I-POC,"CARBON,PARTICULATE ORGANIC,INTEGRATED",MG C/L,44.21750,-83.08361
202402001,2025-03-04 13:41:00,CCGS LIMNOS,LAKE HURON,18,431525,-820217,3,16.00,2024-08-28 06:31:00,225,.00,14.00,0.00060000,,0,.156000,I-POC,"CARBON,PARTICULATE ORGANIC,INTEGRATED",MG C/L,43.25694,-82.03806
202402001,2025-03-04 13:41:00,CCGS LIMNOS,LAKE HURON,19,431930,-814717,4,10.00,2024-08-28 08:11:00,225,.00,8.00,0.00070000,,0,.201000,I-POC,"CARBON,PARTICULATE ORGANIC,INTEGRATED",MG C/L,43.32500,-81.78806
202402001,2025-03-04 13:41:00,CCGS LIMNOS,LAKE HURON,20,433254,-814441,5,11.50,2024-08-28 09:54:00,225,.00,9.50,0.00050000,,0,.130000,I-POC,"CARBON,PARTICULATE ORGANIC,INTEGRATED",MG C/L,43.54833,-81.74472
202402001,2025-03-04 13:41:00,CCGS LIMNOS,LAKE HURON,21,434512,-814652,10,12.50,2024-08-28 11:47:00,225,.00,10.50,0.00050000,,0,.113000,I-POC,"CARBON,PARTICULATE ORGANIC,INTEGRATED",MG C/L,43.75333,-81.78111
202402001,2025-03-04 13:41:00,CCGS LIMNOS,LAKE HURON,22,435723,-814712,11,10.50,2024-08-28 22:01:00,225,.00,8.50,0.00060000,,0,.141000,I-POC,"CARBON,PARTICULATE ORGANIC,INTEGRATED",MG C/L,43.95639,-81.78667
202402001,2025-03-04 13:41:00,CCGS LIMNOS,LAKE HURON,23,442159,-815000,29,123.00,2024-08-29 01:48:00,225,.00,20.00,0.00050000,,0,.130000,I-POC,"CARBON,PARTICULATE ORGANIC,INTEGRATED",MG C/L,44.36639,-81.83333
202402001,2025-03-04 13:41:00,CCGS LIMNOS,LAKE HURON,24,442759,-812712,30,21.50,2024-08-29 05:15:00,225,.00,19.00,0.00060000,,0,.105000,I-POC,"CARBON,PARTICULATE ORGANIC,INTEGRATED",MG C/L,44.46639,-81.45333
202402001,2025-03-04 13:41:00,CCGS LIMNOS,LAKE HURON,25,443924,-812242,39,26.00,2024-08-29 06:59:00,225,.00,20.00,0.00060000,,0,.117000,I-POC,"CARBON,PARTICULATE ORGANIC,INTEGRATED",MG C/L,44.65667,-81.37833
202402001,2025-03-04 13:41:00,CCGS LIMNOS,LAKE HURON,25,443924,-812242,39,26.00,2024-08-29 06:59:00,225,.00,20.00,0.00060000,,1,.103000,I-POC,"CARBON,PARTICULATE ORGANIC,INTEGRATED",MG C/L,44.65667,-81.37833
202402001,2025-03-04 13:41:00,CCGS LIMNOS,LAKE HURON,26,445354,-812613,40,20.00,2024-08-29 09:31:00,225,.00,18.00,0.00060000,,0,.104000,I-POC,"CARBON,PARTICULATE ORGANIC,INTEGRATED",MG C/L,44.89833,-81.43694
202402001,2025-03-04 13:41:00,CCGS LIMNOS,LAKE HURON,27,450459,-813212,41,22.50,2024-08-29 11:17:00,225,.00,20.00,0.00050000,,0,.093000,I-POC,"CARBON,PARTICULATE ORGANIC,INTEGRATED",MG C/L,45.08306,-81.53667
202402001,2025-03-04 13:41:00,CCGS LIMNOS,LAKE HURON,28,450048,-820030,43,172.00,2024-08-29 14:43:00,225,.00,20.00,0.00050000,,0,.106000,I-POC,"CARBON,PARTICULATE ORGANIC,INTEGRATED",MG C/L,45.01333,-82.00833
202402001,2025-03-04 13:41:00,CCGS LIMNOS,LAKE HURON,29,451642,-822707,48,110.00,2024-08-29 18:21:00,225,.00,20.00,0.00050000,,0,.115000,I-POC,"CARBON,PARTICULATE ORGANIC,INTEGRATED",MG C/L,45.27833,-82.45194
202402001,2025-03-04 13:41:00,CCGS LIMNOS,LAKE HURON,30,450059,-824106,44,166.50,2024-08-29 21:09:00,225,.00,20.00,0.00060000,,0,.140000,I-POC,"CARBON,PARTICULATE ORGANIC,INTEGRATED",MG C/L,45.01639,-82.68500
202402001,2025-03-04 13:41:00,CCGS LIMNOS,LAKE HURON,31,444424,-820326,38,134.00,2024-08-30 01:46:00,225,.00,20.00,0.00050000,,0,.088000,I-POC,"CARBON,PARTICULATE ORGANIC,INTEGRATED",MG C/L,44.74000,-82.05722
202402001,2025-03-04 13:41:00,CCGS LIMNOS,LAKE HURON,32,442712,-822030,32,83.00,2024-08-30 05:08:00,225,.00,20.00,0.00050000,,0,.104000,I-POC,"CARBON,PARTICULATE ORGANIC,INTEGRATED",MG C/L,44.45333,-82.34167
202402001,2025-03-04 13:41:00,CCGS LIMNOS,LAKE HURON,33,435325,-820324,12,87.00,2024-08-30 10:38:00,225,.00,20.00,0.00050000,,0,.130000,I-POC,"CARBON,PARTICULATE ORGANIC,INTEGRATED",MG C/L,43.89028,-82.05667
202402001,2025-03-04 13:41:00,CCGS LIMNOS,LAKE HURON,34,441154,-823011,27,55.00,2024-09-03 23:11:00,225,.00,20.00,0.00050000,,0,.125000,I-POC,"CARBON,PARTICULATE ORGANIC,INTEGRATED",MG C/L,44.19833,-82.50306
202402001,2025-03-04 13:41:00,CCGS LIMNOS,LAKE HURON,35,443000,-825000,33,72.50,2024-09-04 02:23:00,225,.00,20.00,0.00050000,,0,.119000,I-POC,"CARBON,PARTICULATE ORGANIC,INTEGRATED",MG C/L,44.50000,-82.83333
202402001,2025-03-04 13:41:00,CCGS LIMNOS,LAKE HURON,35,443000,-825000,33,72.50,2024-09-04 02:23:00,225,.00,20.00,0.00050000,,1,.126000,I-POC,"CARBON,PARTICULATE ORGANIC,INTEGRATED",MG C/L,44.50000,-82.83333
202402001,2025-03-04 13:41:00,CCGS LIMNOS,LAKE HURON,36,443824,-831354,34,9.00,2024-09-04 05:09:00,225,.00,7.00,0.00070000,,0,.200000,I-POC,"CARBON,PARTICULATE ORGANIC,INTEGRATED",MG C/L,44.64000,-83.23167
202402001,2025-03-04 13:41:00,CCGS LIMNOS,LAKE HURON,37,450224,-832241,36,9.00,2024-09-04 08:34:00,225,.00,7.00,0.00080000,,0,.341000,I-POC,"CARBON,PARTICULATE ORGANIC,INTEGRATED",MG C/L,45.04000,-83.37806
202402001,2025-03-04 13:41:00,CCGS LIMNOS,LAKE HURON,38,451516,-832044,47,23.50,2024-09-04 11:59:00,225,.00,20.00,0.00100000,,0,.171000,I-POC,"CARBON,PARTICULATE ORGANIC,INTEGRATED",MG C/L,45.25444,-83.34556
202402001,2025-03-04 13:41:00,CCGS LIMNOS,LAKE HURON,39,453100,-832459,54,132.50,2024-09-04 15:02:00,225,.00,20.00,0.00100000,,0,.223000,I-POC,"CARBON,PARTICULATE ORGANIC,INTEGRATED",MG C/L,45.51667,-83.41639
202402001,2025-03-04 13:41:00,CCGS LIMNOS,LAKE HURON,40,452530,-833905,55,37.00,2024-09-04 17:32:00,225,.00,20.00,0.00050000,,0,.167000,I-POC,"CARBON,PARTICULATE ORGANIC,INTEGRATED",MG C/L,45.42500,-83.65139
202402001,2025-03-04 13:41:00,CCGS LIMNOS,LAKE HURON,41,453059,-840500,56,22.50,2024-09-04 20:07:00,225,.00,20.00,0.00050000,,0,.120000,I-POC,"CARBON,PARTICULATE ORGANIC,INTEGRATED",MG C/L,45.51639,-84.08333
202402001,2025-03-04 13:41:00,CCGS LIMNOS,LAKE HURON,42,454459,-835500,61,117.00,2024-09-04 22:19:00,225,.00,20.00,0.00070000,,0,.199000,I-POC,"CARBON,PARTICULATE ORGANIC,INTEGRATED",MG C/L,45.74972,-83.91667
202402001,2025-03-04 13:41:00,CCGS LIMNOS,LAKE HURON,43,454029,-841112,62,44.00,2024-09-05 00:10:00,225,.00,20.00,0.00060000,,0,.180000,I-POC,"CARBON,PARTICULATE ORGANIC,INTEGRATED",MG C/L,45.67472,-84.18667
202402001,2025-03-04 13:41:00,CCGS LIMNOS,LAKE HURON,44,454212,-843041,63,15.00,2024-09-05 02:25:00,225,.00,13.00,0.00070000,,0,.181000,I-POC,"CARBON,PARTICULATE ORGANIC,INTEGRATED",MG C/L,45.70333,-84.51139
202402001,2025-03-04 13:41:00,CCGS LIMNOS,LAKE HURON,45,454848,-844519,64,36.00,2024-09-05 04:05:00,225,.00,20.00,0.00060000,,0,.178000,I-POC,"CARBON,PARTICULATE ORGANIC,INTEGRATED",MG C/L,45.81333,-84.75528
202402001,2025-03-04 13:41:00,CCGS LIMNOS,LAKE HURON,45,454848,-844519,64,36.00,2024-09-05 04:05:00,225,.00,20.00,0.00060000,,1,.176000,I-POC,"CARBON,PARTICULATE ORGANIC,INTEGRATED",MG C/L,45.81333,-84.75528
202402001,2025-03-04 13:41:00,CCGS LIMNOS,LAKE HURON,46,455043,-843400,65,58.50,2024-09-05 05:27:00,225,.00,20.00,0.00060000,,0,.126000,I-POC,"CARBON,PARTICULATE ORGANIC,INTEGRATED",MG C/L,45.84528,-84.56667
202402001,2025-03-04 13:41:00,CCGS LIMNOS,LAKE HURON,47,455149,-841741,66,69.00,2024-09-05 07:08:00,225,.00,20.00,0.00080000,,0,.195000,I-POC,"CARBON,PARTICULATE ORGANIC,INTEGRATED",MG C/L,45.86361,-84.29472
202402001,2025-03-04 13:41:00,CCGS LIMNOS,LAKE HURON,48,455606,-835359,67,31.00,2024-09-05 09:35:00,225,.00,20.00,0.00070000,,0,.159000,I-POC,"CARBON,PARTICULATE ORGANIC,INTEGRATED",MG C/L,45.93500,-83.89972
202402001,2025-03-04 13:41:00,CCGS LIMNOS,LAKE HURON,49,460442,-840141,69,10.00,2024-09-05 11:24:00,225,.00,8.00,0.00100000,,0,.224000,I-POC,"CARBON,PARTICULATE ORGANIC,INTEGRATED",MG C/L,46.07833,-84.02806
202402001,2025-03-04 13:41:00,CCGS LIMNOS,LAKE HURON,50,460230,-835112,68,17.00,2024-09-05 12:44:00,225,.00,15.00,0.00100000,,0,.190000,I-POC,"CARBON,PARTICULATE ORGANIC,INTEGRATED",MG C/L,46.04167,-83.85333
202402001,2025-03-04 13:41:00,CCGS LIMNOS,LAKE HURON,51,460812,-834018,70,22.00,2024-09-05 14:24:00,225,.00,20.00,0.00080000,,0,.219000,I-POC,"CARBON,PARTICULATE ORGANIC,INTEGRATED",MG C/L,46.13667,-83.67167
202402001,2025-03-04 13:41:00,CCGS LIMNOS,LAKE HURON,52,461400,-834447,71,34.00,2024-09-05 15:25:00,225,.00,20.00,0.00070000,,0,.183000,I-POC,"CARBON,PARTICULATE ORGANIC,INTEGRATED",MG C/L,46.23333,-83.74639
202402001,2025-03-04 13:41:00,CCGS LIMNOS,LAKE HURON,53,461112,-832117,73,19.00,2024-09-05 17:38:00,225,.00,17.00,0.00100000,,0,.234000,I-POC,"CARBON,PARTICULATE ORGANIC,INTEGRATED",MG C/L,46.18667,-83.35472
202402001,2025-03-04 13:41:00,CCGS LIMNOS,LAKE HURON,54,460724,-825309,79,26.00,2024-09-05 20:17:00,225,.00,20.00,0.00080000,,0,.262000,I-POC,"CARBON,PARTICULATE ORGANIC,INTEGRATED",MG C/L,46.12333,-82.88583
202402001,2025-03-04 13:41:00,CCGS LIMNOS,LAKE HURON,55,460530,-823324,84,36.00,2024-09-05 22:18:00,225,.00,20.00,0.00070000,,0,.241000,I-POC,"CARBON,PARTICULATE ORGANIC,INTEGRATED",MG C/L,46.09167,-82.55667
202402001,2025-03-04 13:41:00,CCGS LIMNOS,LAKE HURON,55,460530,-823324,84,36.00,2024-09-05 22:18:00,225,.00,20.00,0.00070000,,1,.225000,I-POC,"CARBON,PARTICULATE ORGANIC,INTEGRATED",MG C/L,46.09167,-82.55667
202402001,2025-03-04 13:41:00,CCGS LIMNOS,LAKE HURON,56,460340,-821149,87,35.00,2024-09-06 00:45:00,225,.00,20.00,0.00070000,,0,.308000,I-POC,"CARBON,PARTICULATE ORGANIC,INTEGRATED",MG C/L,46.06111,-82.19694
202402001,2025-03-04 13:41:00,CCGS LIMNOS,LAKE HURON,57,460320,-815959,88,36.00,2024-09-06 02:07:00,225,.00,20.00,0.00070000,,0,.365000,I-POC,"CARBON,PARTICULATE ORGANIC,INTEGRATED",MG C/L,46.05556,-81.99972
202402001,2025-03-04 13:41:00,CCGS LIMNOS,LAKE HURON,58,455459,-820940,89,39.00,2024-09-06 03:48:00,225,.00,20.00,0.00100000,,0,.267000,I-POC,"CARBON,PARTICULATE ORGANIC,INTEGRATED",MG C/L,45.91639,-82.16111
202402001,2025-03-04 13:41:00,CCGS LIMNOS,LAKE HURON,59,460000,-823258,83,31.00,2024-09-06 07:05:00,225,.00,20.00,0.00100000,,0,.271000,I-POC,"CARBON,PARTICULATE ORGANIC,INTEGRATED",MG C/L,46.00000,-82.54944
202402001,2025-03-04 13:41:00,CCGS LIMNOS,LAKE HURON,60,455611,-824527,82,28.50,2024-09-06 08:34:00,225,.00,20.00,0.00080000,,0,.228000,I-POC,"CARBON,PARTICULATE ORGANIC,INTEGRATED",MG C/L,45.93639,-82.75750
202402001,2025-03-04 13:41:00,CCGS LIMNOS,LAKE HURON,61,455811,-831154,77,78.00,2024-09-06 11:34:00,225,.00,20.00,0.00100000,,0,.228000,I-POC,"CARBON,PARTICULATE ORGANIC,INTEGRATED",MG C/L,45.96972,-83.19833
202402001,2025-03-04 13:41:00,CCGS LIMNOS,LAKE HURON,62,455959,-832600,76,58.00,2024-09-06 13:08:00,225,.00,20.00,0.00070000,,0,.219000,I-POC,"CARBON,PARTICULATE ORGANIC,INTEGRATED",MG C/L,45.99972,-83.43333
202402001,2025-03-04 13:41:00,CCGS LIMNOS,LAKE HURON,63,455405,-833105,60,25.00,2024-09-06 14:16:00,225,.00,20.00,0.00070000,,0,.152000,I-POC,"CARBON,PARTICULATE ORGANIC,INTEGRATED",MG C/L,45.90139,-83.51806
202402001,2025-03-04 13:41:00,CCGS LIMNOS,LAKE HURON,64,455159,-831600,58,12.00,2024-09-06 16:39:00,225,.00,10.00,0.00070000,,0,.253000,I-POC,"CARBON,PARTICULATE ORGANIC,INTEGRATED",MG C/L,45.86639,-83.26667
202402001,2025-03-04 13:41:00,CCGS LIMNOS,LAKE HURON,65,454600,-830141,59,18.00,2024-09-06 18:18:00,225,.00,16.00,0.00070000,,0,.199000,I-POC,"CARBON,PARTICULATE ORGANIC,INTEGRATED",MG C/L,45.76667,-83.02806
202402001,2025-03-04 13:41:00,CCGS LIMNOS,LAKE HURON,65,454600,-830141,59,18.00,2024-09-06 18:18:00,225,.00,16.00,0.00070000,,1,.193000,I-POC,"CARBON,PARTICULATE ORGANIC,INTEGRATED",MG C/L,45.76667,-83.02806
202402001,2025-03-04 13:41:00,CCGS LIMNOS,LAKE HURON,66,453905,-823852,52,66.00,2024-09-06 20:48:00,225,.00,20.00,0.00080000,,0,.138000,I-POC,"CARBON,PARTICULATE ORGANIC,INTEGRATED",MG C/L,45.65139,-82.64778
202402001,2025-03-04 13:41:00,CCGS LIMNOS,LAKE HURON,67,453205,-820242,50,27.00,2024-09-07 00:19:00,225,.00,20.00,0.00070000,,0,.116000,I-POC,"CARBON,PARTICULATE ORGANIC,INTEGRATED",MG C/L,45.53472,-82.04500
202402001,2025-03-04 13:41:00,CCGS LIMNOS,LAKE HURON,68,451316,-814909,42,42.00,2024-09-07 03:12:00,225,.00,20.00,0.00060000,,0,.112000,I-POC,"CARBON,PARTICULATE ORGANIC,INTEGRATED",MG C/L,45.22111,-81.81917
202402001,2025-03-04 13:41:00,CCGS LIMNOS,LAKE HURON,1,430523,-822330,1,11.00,2024-08-26 18:44:00,226,1.00,.00,0.20000000,,0,2.000000,D ORG C,"CARBON,DISSOLVED ORGANIC",MG C/L,43.08972,-82.39167
202402001,2025-03-04 13:41:00,CCGS LIMNOS,LAKE HURON,2,432030,-823021,7,11.00,2024-08-26 20:43:00,226,1.00,.00,0.20000000,,0,2.000000,D ORG C,"CARBON,DISSOLVED ORGANIC",MG C/L,43.34167,-82.50583
202402001,2025-03-04 13:41:00,CCGS LIMNOS,LAKE HURON,3,433402,-822907,8,30.00,2024-08-26 22:29:00,226,1.00,.00,0.20000000,,0,1.900000,D ORG C,"CARBON,DISSOLVED ORGANIC",MG C/L,43.56722,-82.48528
202402001,2025-03-04 13:41:00,CCGS LIMNOS,LAKE HURON,4,433759,-821301,9,60.00,2024-08-27 00:08:00,226,1.00,.00,0.20000000,,0,1.900000,D ORG C,"CARBON,DISSOLVED ORGANIC",MG C/L,43.63306,-82.21694
202402001,2025-03-04 13:41:00,CCGS LIMNOS,LAKE HURON,5,434513,-823405,13,17.00,2024-08-27 03:04:00,226,1.00,.00,0.20000000,,0,2.000000,D ORG C,"CARBON,DISSOLVED ORGANIC",MG C/L,43.75361,-82.56806
202402001,2025-03-04 13:41:00,CCGS LIMNOS,LAKE HURON,5,434513,-823405,13,17.00,2024-08-27 03:04:00,226,1.00,.00,0.20000000,,1,2.000000,D ORG C,"CARBON,DISSOLVED ORGANIC",MG C/L,43.75361,-82.56806
202402001,2025-03-04 13:41:00,CCGS LIMNOS,LAKE HURON,6,435631,-824000,14,12.50,2024-08-27 04:44:00,226,1.00,.00,0.20000000,,0,2.100000,D ORG C,"CARBON,DISSOLVED ORGANIC",MG C/L,43.94194,-82.66667
202402001,2025-03-04 13:41:00,CCGS LIMNOS,LAKE HURON,7,440600,-825159,17,15.00,2024-08-27 06:32:00,226,1.00,.00,0.20000000,,0,2.400000,D ORG C,"CARBON,DISSOLVED ORGANIC",MG C/L,44.10000,-82.86639
202402001,2025-03-04 13:41:00,CCGS LIMNOS,LAKE HURON,8,440409,-830450,94,14.50,2024-08-27 07:55:00,226,1.00,.00,0.20000000,,0,2.000000,D ORG C,"CARBON,DISSOLVED ORGANIC",MG C/L,44.06917,-83.08056
202402001,2025-03-04 13:41:00,CCGS LIMNOS,LAKE HURON,9,440735,-831014,96,30.00,2024-08-27 08:46:00,226,1.00,.00,0.20000000,,0,1.900000,D ORG C,"CARBON,DISSOLVED ORGANIC",MG C/L,44.12639,-83.17056
202402001,2025-03-04 13:41:00,CCGS LIMNOS,LAKE HURON,10,440654,-833144,97,11.00,2024-08-27 10:47:00,226,1.00,.00,0.20000000,,0,3.200000,D ORG C,"CARBON,DISSOLVED ORGANIC",MG C/L,44.11500,-83.52889
202402001,2025-03-04 13:41:00,CCGS LIMNOS,LAKE HURON,10,440654,-833144,97,11.00,2024-08-27 10:47:00,226,998.00,.00,0.20000000,,0,.200000,D ORG C,"CARBON,DISSOLVED ORGANIC",MG C/L,44.11500,-83.52889
202402001,2025-03-04 13:41:00,CCGS LIMNOS,LAKE HURON,10,440654,-833144,97,11.00,2024-08-27 10:47:00,226,999.00,.00,0.20000000,<,0,.200000,D ORG C,"CARBON,DISSOLVED ORGANIC",MG C/L,44.11500,-83.52889
202402001,2025-03-04 13:41:00,CCGS LIMNOS,LAKE HURON,11,435834,-833430,98,11.00,2024-08-27 12:08:00,226,1.00,.00,0.20000000,,0,4.100000,D ORG C,"CARBON,DISSOLVED ORGANIC",MG C/L,43.97611,-83.57500
202402001,2025-03-04 13:41:00,CCGS LIMNOS,LAKE HURON,12,434915,-833728,101,6.00,2024-08-27 13:32:00,226,1.00,.00,0.20000000,,0,4.900000,D ORG C,"CARBON,DISSOLVED ORGANIC",MG C/L,43.82083,-83.62444
202402001,2025-03-04 13:41:00,CCGS LIMNOS,LAKE HURON,13,434930,-834901,100,7.00,2024-08-27 14:43:00,226,.50,.00,0.20000000,,0,5.500000,D ORG C,"CARBON,DISSOLVED ORGANIC",MG C/L,43.82500,-83.81694
202402001,2025-03-04 13:41:00,CCGS LIMNOS,LAKE HURON,13,434930,-834901,100,7.00,2024-08-27 14:43:00,226,1.00,.00,0.20000000,,0,5.600000,D ORG C,"CARBON,DISSOLVED ORGANIC",MG C/L,43.82500,-83.81694
202402001,2025-03-04 13:41:00,CCGS LIMNOS,LAKE HURON,14,435430,-834427,99,7.00,2024-08-27 15:59:00,226,1.00,.00,0.20000000,,0,4.900000,D ORG C,"CARBON,DISSOLVED ORGANIC",MG C/L,43.90833,-83.74083
202402001,2025-03-04 13:41:00,CCGS LIMNOS,LAKE HURON,15,441246,-832214,95,21.00,2024-08-27 19:10:00,226,1.00,.00,0.20000000,,0,2.400000,D ORG C,"CARBON,DISSOLVED ORGANIC",MG C/L,44.21278,-83.37056
202402001,2025-03-04 13:41:00,CCGS LIMNOS,LAKE HURON,15,441246,-832214,95,21.00,2024-08-27 19:10:00,226,1.00,.00,0.20000000,,1,2.200000,D ORG C,"CARBON,DISSOLVED ORGANIC",MG C/L,44.21278,-83.37056
202402001,2025-03-04 13:41:00,CCGS LIMNOS,LAKE HURON,16,442002,-831758,23,9.00,2024-08-27 20:21:00,226,1.00,.00,0.20000000,,0,2.300000,D ORG C,"CARBON,DISSOLVED ORGANIC",MG C/L,44.33389,-83.29944
202402001,2025-03-04 13:41:00,CCGS LIMNOS,LAKE HURON,17,441303,-830501,20,47.00,2024-08-27 22:00:00,226,1.00,.00,0.20000000,,0,1.800000,D ORG C,"CARBON,DISSOLVED ORGANIC",MG C/L,44.21750,-83.08361
202402001,2025-03-04 13:41:00,CCGS LIMNOS,LAKE HURON,18,431525,-820217,3,16.00,2024-08-28 06:31:00,226,1.00,.00,0.20000000,,0,1.800000,D ORG C,"CARBON,DISSOLVED ORGANIC",MG C/L,43.25694,-82.03806
202402001,2025-03-04 13:41:00,CCGS LIMNOS,LAKE HURON,19,431930,-814717,4,10.00,2024-08-28 08:11:00,226,1.00,.00,0.20000000,,0,1.800000,D ORG C,"CARBON,DISSOLVED ORGANIC",MG C/L,43.32500,-81.78806
202402001,2025-03-04 13:41:00,CCGS LIMNOS,LAKE HURON,20,433254,-814441,5,11.50,2024-08-28 09:54:00,226,1.00,.00,0.20000000,,0,1.800000,D ORG C,"CARBON,DISSOLVED ORGANIC",MG C/L,43.54833,-81.74472
202402001,2025-03-04 13:41:00,CCGS LIMNOS,LAKE HURON,20,433254,-814441,5,11.50,2024-08-28 09:54:00,226,998.00,.00,0.20000000,,0,.200000,D ORG C,"CARBON,DISSOLVED ORGANIC",MG C/L,43.54833,-81.74472
202402001,2025-03-04 13:41:00,CCGS LIMNOS,LAKE HURON,20,433254,-814441,5,11.50,2024-08-28 09:54:00,226,999.00,.00,0.20000000,<,0,.200000,D ORG C,"CARBON,DISSOLVED ORGANIC",MG C/L,43.54833,-81.74472
202402001,2025-03-04 13:41:00,CCGS LIMNOS,LAKE HURON,21,434512,-814652,10,12.50,2024-08-28 11:47:00,226,1.00,.00,0.20000000,,0,1.800000,D ORG C,"CARBON,DISSOLVED ORGANIC",MG C/L,43.75333,-81.78111
202402001,2025-03-04 13:41:00,CCGS LIMNOS,LAKE HURON,22,435723,-814712,11,10.50,2024-08-28 22:01:00,226,1.00,.00,0.20000000,,0,1.800000,D ORG C,"CARBON,DISSOLVED ORGANIC",MG C/L,43.95639,-81.78667
202402001,2025-03-04 13:41:00,CCGS LIMNOS,LAKE HURON,23,442159,-815000,29,123.00,2024-08-29 01:48:00,226,1.00,.00,0.20000000,,0,1.700000,D ORG C,"CARBON,DISSOLVED ORGANIC",MG C/L,44.36639,-81.83333
202402001,2025-03-04 13:41:00,CCGS LIMNOS,LAKE HURON,24,442759,-812712,30,21.50,2024-08-29 05:15:00,226,1.00,.00,0.20000000,,0,1.800000,D ORG C,"CARBON,DISSOLVED ORGANIC",MG C/L,44.46639,-81.45333
202402001,2025-03-04 13:41:00,CCGS LIMNOS,LAKE HURON,25,443924,-812242,39,26.00,2024-08-29 06:59:00,226,1.00,.00,0.20000000,,0,1.800000,D ORG C,"CARBON,DISSOLVED ORGANIC",MG C/L,44.65667,-81.37833
202402001,2025-03-04 13:41:00,CCGS LIMNOS,LAKE HURON,25,443924,-812242,39,26.00,2024-08-29 06:59:00,226,1.00,.00,0.20000000,,1,1.800000,D ORG C,"CARBON,DISSOLVED ORGANIC",MG C/L,44.65667,-81.37833
202402001,2025-03-04 13:41:00,CCGS LIMNOS,LAKE HURON,26,445354,-812613,40,20.00,2024-08-29 09:31:00,226,1.00,.00,0.20000000,,0,1.800000,D ORG C,"CARBON,DISSOLVED ORGANIC",MG C/L,44.89833,-81.43694
202402001,2025-03-04 13:41:00,CCGS LIMNOS,LAKE HURON,27,450459,-813212,41,22.50,2024-08-29 11:17:00,226,1.00,.00,0.20000000,,0,1.800000,D ORG C,"CARBON,DISSOLVED ORGANIC",MG C/L,45.08306,-81.53667
202402001,2025-03-04 13:41:00,CCGS LIMNOS,LAKE HURON,28,450048,-820030,43,172.00,2024-08-29 14:43:00,226,1.00,.00,0.20000000,,0,1.700000,D ORG C,"CARBON,DISSOLVED ORGANIC",MG C/L,45.01333,-82.00833
202402001,2025-03-04 13:41:00,CCGS LIMNOS,LAKE HURON,29,451642,-822707,48,110.00,2024-08-29 18:21:00,226,1.00,.00,0.20000000,,0,1.800000,D ORG C,"CARBON,DISSOLVED ORGANIC",MG C/L,45.27833,-82.45194
202402001,2025-03-04 13:41:00,CCGS LIMNOS,LAKE HURON,30,450059,-824106,44,166.50,2024-08-29 21:09:00,226,1.00,.00,0.20000000,,0,1.900000,D ORG C,"CARBON,DISSOLVED ORGANIC",MG C/L,45.01639,-82.68500
202402001,2025-03-04 13:41:00,CCGS LIMNOS,LAKE HURON,30,450059,-824106,44,166.50,2024-08-29 21:09:00,226,998.00,.00,0.20000000,,0,.200000,D ORG C,"CARBON,DISSOLVED ORGANIC",MG C/L,45.01639,-82.68500
202402001,2025-03-04 13:41:00,CCGS LIMNOS,LAKE HURON,30,450059,-824106,44,166.50,2024-08-29 21:09:00,226,999.00,.00,0.20000000,<,0,.200000,D ORG C,"CARBON,DISSOLVED ORGANIC",MG C/L,45.01639,-82.68500
202402001,2025-03-04 13:41:00,CCGS LIMNOS,LAKE HURON,31,444424,-820326,38,134.00,2024-08-30 01:46:00,226,1.00,.00,0.20000000,,0,1.700000,D ORG C,"CARBON,DISSOLVED ORGANIC",MG C/L,44.74000,-82.05722
202402001,2025-03-04 13:41:00,CCGS LIMNOS,LAKE HURON,32,442712,-822030,32,83.00,2024-08-30 05:08:00,226,1.00,.00,0.20000000,,0,1.700000,D ORG C,"CARBON,DISSOLVED ORGANIC",MG C/L,44.45333,-82.34167
202402001,2025-03-04 13:41:00,CCGS LIMNOS,LAKE HURON,33,435325,-820324,12,87.00,2024-08-30 10:38:00,226,1.00,.00,0.20000000,,0,1.800000,D ORG C,"CARBON,DISSOLVED ORGANIC",MG C/L,43.89028,-82.05667
202402001,2025-03-04 13:41:00,CCGS LIMNOS,LAKE HURON,34,441154,-823011,27,55.00,2024-09-03 23:11:00,226,1.00,.00,0.20000000,,0,1.900000,D ORG C,"CARBON,DISSOLVED ORGANIC",MG C/L,44.19833,-82.50306
202402001,2025-03-04 13:41:00,CCGS LIMNOS,LAKE HURON,35,443000,-825000,33,72.50,2024-09-04 02:23:00,226,1.00,.00,0.20000000,,0,1.700000,D ORG C,"CARBON,DISSOLVED ORGANIC",MG C/L,44.50000,-82.83333
202402001,2025-03-04 13:41:00,CCGS LIMNOS,LAKE HURON,35,443000,-825000,33,72.50,2024-09-04 02:23:00,226,1.00,.00,0.20000000,,1,1.700000,D ORG C,"CARBON,DISSOLVED ORGANIC",MG C/L,44.50000,-82.83333
202402001,2025-03-04 13:41:00,CCGS LIMNOS,LAKE HURON,36,443824,-831354,34,9.00,2024-09-04 05:09:00,226,1.00,.00,0.20000000,,0,1.900000,D ORG C,"CARBON,DISSOLVED ORGANIC",MG C/L,44.64000,-83.23167
202402001,2025-03-04 13:41:00,CCGS LIMNOS,LAKE HURON,37,450224,-832241,36,9.00,2024-09-04 08:34:00,226,1.00,.00,0.20000000,,0,2.300000,D ORG C,"CARBON,DISSOLVED ORGANIC",MG C/L,45.04000,-83.37806
202402001,2025-03-04 13:41:00,CCGS LIMNOS,LAKE HURON,38,451516,-832044,47,23.50,2024-09-04 11:59:00,226,1.00,.00,0.20000000,,0,1.900000,D ORG C,"CARBON,DISSOLVED ORGANIC",MG C/L,45.25444,-83.34556
202402001,2025-03-04 13:41:00,CCGS LIMNOS,LAKE HURON,39,453100,-832459,54,132.50,2024-09-04 15:02:00,226,1.00,.00,0.20000000,,0,2.000000,D ORG C,"CARBON,DISSOLVED ORGANIC",MG C/L,45.51667,-83.41639
202402001,2025-03-04 13:41:00,CCGS LIMNOS,LAKE HURON,40,452530,-833905,55,37.00,2024-09-04 17:32:00,226,1.00,.00,0.20000000,,0,2.000000,D ORG C,"CARBON,DISSOLVED ORGANIC",MG C/L,45.42500,-83.65139
202402001,2025-03-04 13:41:00,CCGS LIMNOS,LAKE HURON,40,452530,-833905,55,37.00,2024-09-04 17:32:00,226,998.00,.00,0.20000000,,0,.200000,D ORG C,"CARBON,DISSOLVED ORGANIC",MG C/L,45.42500,-83.65139
202402001,2025-03-04 13:41:00,CCGS LIMNOS,LAKE HURON,40,452530,-833905,55,37.00,2024-09-04 17:32:00,226,999.00,.00,0.20000000,<,0,.200000,D ORG C,"CARBON,DISSOLVED ORGANIC",MG C/L,45.42500,-83.65139
202402001,2025-03-04 13:41:00,CCGS LIMNOS,LAKE HURON,41,453059,-840500,56,22.50,2024-09-04 20:07:00,226,1.00,.00,0.20000000,,0,2.000000,D ORG C,"CARBON,DISSOLVED ORGANIC",MG C/L,45.51639,-84.08333
202402001,2025-03-04 13:41:00,CCGS LIMNOS,LAKE HURON,42,454459,-835500,61,117.00,2024-09-04 22:19:00,226,1.00,.00,0.20000000,,0,2.000000,D ORG C,"CARBON,DISSOLVED ORGANIC",MG C/L,45.74972,-83.91667
202402001,2025-03-04 13:41:00,CCGS LIMNOS,LAKE HURON,43,454029,-841112,62,44.00,2024-09-05 00:10:00,226,1.00,.00,0.20000000,,0,2.100000,D ORG C,"CARBON,DISSOLVED ORGANIC",MG C/L,45.67472,-84.18667
202402001,2025-03-04 13:41:00,CCGS LIMNOS,LAKE HURON,44,454212,-843041,63,15.00,2024-09-05 02:25:00,226,1.00,.00,0.20000000,,0,2.000000,D ORG C,"CARBON,DISSOLVED ORGANIC",MG C/L,45.70333,-84.51139
202402001,2025-03-04 13:41:00,CCGS LIMNOS,LAKE HURON,45,454848,-844519,64,36.00,2024-09-05 04:05:00,226,1.00,.00,0.20000000,,0,2.200000,D ORG C,"CARBON,DISSOLVED ORGANIC",MG C/L,45.81333,-84.75528
202402001,2025-03-04 13:41:00,CCGS LIMNOS,LAKE HURON,45,454848,-844519,64,36.00,2024-09-05 04:05:00,226,1.00,.00,0.20000000,,1,2.200000,D ORG C,"CARBON,DISSOLVED ORGANIC",MG C/L,45.81333,-84.75528
202402001,2025-03-04 13:41:00,CCGS LIMNOS,LAKE HURON,46,455043,-843400,65,58.50,2024-09-05 05:27:00,226,1.00,.00,0.20000000,,0,2.100000,D ORG C,"CARBON,DISSOLVED ORGANIC",MG C/L,45.84528,-84.56667
202402001,2025-03-04 13:41:00,CCGS LIMNOS,LAKE HURON,47,455149,-841741,66,69.00,2024-09-05 07:08:00,226,1.00,.00,0.20000000,,0,2.000000,D ORG C,"CARBON,DISSOLVED ORGANIC",MG C/L,45.86361,-84.29472
202402001,2025-03-04 13:41:00,CCGS LIMNOS,LAKE HURON,48,455606,-835359,67,31.00,2024-09-05 09:35:00,226,1.00,.00,0.20000000,,0,2.000000,D ORG C,"CARBON,DISSOLVED ORGANIC",MG C/L,45.93500,-83.89972
202402001,2025-03-04 13:41:00,CCGS LIMNOS,LAKE HURON,49,460442,-840141,69,10.00,2024-09-05 11:24:00,226,1.00,.00,0.20000000,,0,2.000000,D ORG C,"CARBON,DISSOLVED ORGANIC",MG C/L,46.07833,-84.02806
202402001,2025-03-04 13:41:00,CCGS LIMNOS,LAKE HURON,50,460230,-835112,68,17.00,2024-09-05 12:44:00,226,1.00,.00,0.20000000,,0,1.900000,D ORG C,"CARBON,DISSOLVED ORGANIC",MG C/L,46.04167,-83.85333
202402001,2025-03-04 13:41:00,CCGS LIMNOS,LAKE HURON,50,460230,-835112,68,17.00,2024-09-05 12:44:00,226,998.00,.00,0.20000000,,0,.200000,D ORG C,"CARBON,DISSOLVED ORGANIC",MG C/L,46.04167,-83.85333
202402001,2025-03-04 13:41:00,CCGS LIMNOS,LAKE HURON,50,460230,-835112,68,17.00,2024-09-05 12:44:00,226,999.00,.00,0.20000000,<,0,.200000,D ORG C,"CARBON,DISSOLVED ORGANIC",MG C/L,46.04167,-83.85333
202402001,2025-03-04 13:41:00,CCGS LIMNOS,LAKE HURON,51,460812,-834018,70,22.00,2024-09-05 14:24:00,226,1.00,.00,0.20000000,,0,2.300000,D ORG C,"CARBON,DISSOLVED ORGANIC",MG C/L,46.13667,-83.67167
202402001,2025-03-04 13:41:00,CCGS LIMNOS,LAKE HURON,52,461400,-834447,71,34.00,2024-09-05 15:25:00,226,1.00,.00,0.20000000,,0,2.000000,D ORG C,"CARBON,DISSOLVED ORGANIC",MG C/L,46.23333,-83.74639
202402001,2025-03-04 13:41:00,CCGS LIMNOS,LAKE HURON,53,461112,-832117,73,19.00,2024-09-05 17:38:00,226,1.00,.00,0.20000000,,0,2.200000,D ORG C,"CARBON,DISSOLVED ORGANIC",MG C/L,46.18667,-83.35472
202402001,2025-03-04 13:41:00,CCGS LIMNOS,LAKE HURON,54,460724,-825309,79,26.00,2024-09-05 20:17:00,226,1.00,.00,0.20000000,,0,2.500000,D ORG C,"CARBON,DISSOLVED ORGANIC",MG C/L,46.12333,-82.88583
202402001,2025-03-04 13:41:00,CCGS LIMNOS,LAKE HURON,55,460530,-823324,84,36.00,2024-09-05 22:18:00,226,1.00,.00,0.20000000,,0,2.400000,D ORG C,"CARBON,DISSOLVED ORGANIC",MG C/L,46.09167,-82.55667
202402001,2025-03-04 13:41:00,CCGS LIMNOS,LAKE HURON,55,460530,-823324,84,36.00,2024-09-05 22:18:00,226,1.00,.00,0.20000000,,1,2.400000,D ORG C,"CARBON,DISSOLVED ORGANIC",MG C/L,46.09167,-82.55667
202402001,2025-03-04 13:41:00,CCGS LIMNOS,LAKE HURON,56,460340,-821149,87,35.00,2024-09-06 00:45:00,226,1.00,.00,0.20000000,,0,2.300000,D ORG C,"CARBON,DISSOLVED ORGANIC",MG C/L,46.06111,-82.19694
202402001,2025-03-04 13:41:00,CCGS LIMNOS,LAKE HURON,57,460320,-815959,88,36.00,2024-09-06 02:07:00,226,1.00,.00,0.20000000,,0,2.500000,D ORG C,"CARBON,DISSOLVED ORGANIC",MG C/L,46.05556,-81.99972
202402001,2025-03-04 13:41:00,CCGS LIMNOS,LAKE HURON,58,455459,-820940,89,39.00,2024-09-06 03:48:00,226,1.00,.00,0.20000000,,0,2.600000,D ORG C,"CARBON,DISSOLVED ORGANIC",MG C/L,45.91639,-82.16111
202402001,2025-03-04 13:41:00,CCGS LIMNOS,LAKE HURON,59,460000,-823258,83,31.00,2024-09-06 07:05:00,226,1.00,.00,0.20000000,,0,2.500000,D ORG C,"CARBON,DISSOLVED ORGANIC",MG C/L,46.00000,-82.54944
202402001,2025-03-04 13:41:00,CCGS LIMNOS,LAKE HURON,60,455611,-824527,82,28.50,2024-09-06 08:34:00,226,1.00,.00,0.20000000,,0,2.500000,D ORG C,"CARBON,DISSOLVED ORGANIC",MG C/L,45.93639,-82.75750
202402001,2025-03-04 13:41:00,CCGS LIMNOS,LAKE HURON,60,455611,-824527,82,28.50,2024-09-06 08:34:00,226,998.00,.00,0.20000000,,0,.200000,D ORG C,"CARBON,DISSOLVED ORGANIC",MG C/L,45.93639,-82.75750
202402001,2025-03-04 13:41:00,CCGS LIMNOS,LAKE HURON,60,455611,-824527,82,28.50,2024-09-06 08:34:00,226,999.00,.00,0.20000000,<,0,.200000,D ORG C,"CARBON,DISSOLVED ORGANIC",MG C/L,45.93639,-82.75750
202402001,2025-03-04 13:41:00,CCGS LIMNOS,LAKE HURON,61,455811,-831154,77,78.00,2024-09-06 11:34:00,226,1.00,.00,0.20000000,,0,2.300000,D ORG C,"CARBON,DISSOLVED ORGANIC",MG C/L,45.96972,-83.19833
202402001,2025-03-04 13:41:00,CCGS LIMNOS,LAKE HURON,62,455959,-832600,76,58.00,2024-09-06 13:08:00,226,1.00,.00,0.20000000,,0,2.300000,D ORG C,"CARBON,DISSOLVED ORGANIC",MG C/L,45.99972,-83.43333
202402001,2025-03-04 13:41:00,CCGS LIMNOS,LAKE HURON,63,455405,-833105,60,25.00,2024-09-06 14:16:00,226,1.00,.00,0.20000000,,0,2.000000,D ORG C,"CARBON,DISSOLVED ORGANIC",MG C/L,45.90139,-83.51806
202402001,2025-03-04 13:41:00,CCGS LIMNOS,LAKE HURON,64,455159,-831600,58,12.00,2024-09-06 16:39:00,226,1.00,.00,0.20000000,,0,2.200000,D ORG C,"CARBON,DISSOLVED ORGANIC",MG C/L,45.86639,-83.26667
202402001,2025-03-04 13:41:00,CCGS LIMNOS,LAKE HURON,65,454600,-830141,59,18.00,2024-09-06 18:18:00,226,1.00,.00,0.20000000,,0,2.100000,D ORG C,"CARBON,DISSOLVED ORGANIC",MG C/L,45.76667,-83.02806
202402001,2025-03-04 13:41:00,CCGS LIMNOS,LAKE HURON,65,454600,-830141,59,18.00,2024-09-06 18:18:00,226,1.00,.00,0.20000000,,1,2.100000,D ORG C,"CARBON,DISSOLVED ORGANIC",MG C/L,45.76667,-83.02806
202402001,2025-03-04 13:41:00,CCGS LIMNOS,LAKE HURON,66,453905,-823852,52,66.00,2024-09-06 20:48:00,226,1.00,.00,0.20000000,,0,1.900000,D ORG C,"CARBON,DISSOLVED ORGANIC",MG C/L,45.65139,-82.64778
202402001,2025-03-04 13:41:00,CCGS LIMNOS,LAKE HURON,67,453205,-820242,50,27.00,2024-09-07 00:19:00,226,1.00,.00,0.20000000,,0,1.900000,D ORG C,"CARBON,DISSOLVED ORGANIC",MG C/L,45.53472,-82.04500
202402001,2025-03-04 13:41:00,CCGS LIMNOS,LAKE HURON,68,451316,-814909,42,42.00,2024-09-07 03:12:00,226,1.00,.00,0.20000000,,0,1.800000,D ORG C,"CARBON,DISSOLVED ORGANIC",MG C/L,45.22111,-81.81917
202402001,2025-03-04 13:41:00,CCGS LIMNOS,LAKE HURON,1,430523,-822330,1,11.00,2024-08-26 18:44:00,227,1.00,.00,0.00100000,,0,.171000,POC,"CARBON,PARTICULATE ORGANIC",MG C/L,43.08972,-82.39167
202402001,2025-03-04 13:41:00,CCGS LIMNOS,LAKE HURON,1,430523,-822330,1,11.00,2024-08-26 18:44:00,227,9.00,.00,0.00060000,,0,.189000,POC,"CARBON,PARTICULATE ORGANIC",MG C/L,43.08972,-82.39167
202402001,2025-03-04 13:41:00,CCGS LIMNOS,LAKE HURON,10,440654,-833144,97,11.00,2024-08-27 10:47:00,227,998.00,.00,0.00100000,,0,.037000,POC,"CARBON,PARTICULATE ORGANIC",MG C/L,44.11500,-83.52889
202402001,2025-03-04 13:41:00,CCGS LIMNOS,LAKE HURON,13,434930,-834901,100,7.00,2024-08-27 14:43:00,227,.50,.00,0.00200000,,0,1.280000,POC,"CARBON,PARTICULATE ORGANIC",MG C/L,43.82500,-83.81694
202402001,2025-03-04 13:41:00,CCGS LIMNOS,LAKE HURON,15,441246,-832214,95,21.00,2024-08-27 19:10:00,227,1.00,.00,0.00100000,,0,.354000,POC,"CARBON,PARTICULATE ORGANIC",MG C/L,44.21278,-83.37056
202402001,2025-03-04 13:41:00,CCGS LIMNOS,LAKE HURON,15,441246,-832214,95,21.00,2024-08-27 19:10:00,227,11.00,.00,0.00050000,,0,.136000,POC,"CARBON,PARTICULATE ORGANIC",MG C/L,44.21278,-83.37056
202402001,2025-03-04 13:41:00,CCGS LIMNOS,LAKE HURON,15,441246,-832214,95,21.00,2024-08-27 19:10:00,227,19.00,.00,0.00070000,,0,.131000,POC,"CARBON,PARTICULATE ORGANIC",MG C/L,44.21278,-83.37056
202402001,2025-03-04 13:41:00,CCGS LIMNOS,LAKE HURON,20,433254,-814441,5,11.50,2024-08-28 09:54:00,227,998.00,.00,0.00050000,,0,.020000,POC,"CARBON,PARTICULATE ORGANIC",MG C/L,43.54833,-81.74472
202402001,2025-03-04 13:41:00,CCGS LIMNOS,LAKE HURON,23,442159,-815000,29,123.00,2024-08-29 01:48:00,227,1.00,.00,0.00050000,,0,.086000,POC,"CARBON,PARTICULATE ORGANIC",MG C/L,44.36639,-81.83333
202402001,2025-03-04 13:41:00,CCGS LIMNOS,LAKE HURON,23,442159,-815000,29,123.00,2024-08-29 01:48:00,227,14.00,.00,0.00070000,,0,.128000,POC,"CARBON,PARTICULATE ORGANIC",MG C/L,44.36639,-81.83333
202402001,2025-03-04 13:41:00,CCGS LIMNOS,LAKE HURON,23,442159,-815000,29,123.00,2024-08-29 01:48:00,227,24.00,.00,0.00100000,,0,.157000,POC,"CARBON,PARTICULATE ORGANIC",MG C/L,44.36639,-81.83333
202402001,2025-03-04 13:41:00,CCGS LIMNOS,LAKE HURON,23,442159,-815000,29,123.00,2024-08-29 01:48:00,227,34.00,.00,0.00100000,,0,.131000,POC,"CARBON,PARTICULATE ORGANIC",MG C/L,44.36639,-81.83333
202402001,2025-03-04 13:41:00,CCGS LIMNOS,LAKE HURON,23,442159,-815000,29,123.00,2024-08-29 01:48:00,227,113.00,.00,0.00060000,,0,.037000,POC,"CARBON,PARTICULATE ORGANIC",MG C/L,44.36639,-81.83333
202402001,2025-03-04 13:41:00,CCGS LIMNOS,LAKE HURON,23,442159,-815000,29,123.00,2024-08-29 01:48:00,227,121.00,.00,0.00060000,,0,.040000,POC,"CARBON,PARTICULATE ORGANIC",MG C/L,44.36639,-81.83333
202402001,2025-03-04 13:41:00,CCGS LIMNOS,LAKE HURON,30,450059,-824106,44,166.50,2024-08-29 21:09:00,227,1.00,.00,0.00060000,,0,.113000,POC,"CARBON,PARTICULATE ORGANIC",MG C/L,45.01639,-82.68500
202402001,2025-03-04 13:41:00,CCGS LIMNOS,LAKE HURON,30,450059,-824106,44,166.50,2024-08-29 21:09:00,227,1.00,.00,0.00060000,,1,.107000,POC,"CARBON,PARTICULATE ORGANIC",MG C/L,45.01639,-82.68500
202402001,2025-03-04 13:41:00,CCGS LIMNOS,LAKE HURON,30,450059,-824106,44,166.50,2024-08-29 21:09:00,227,14.00,.00,0.00070000,,0,.157000,POC,"CARBON,PARTICULATE ORGANIC",MG C/L,45.01639,-82.68500
202402001,2025-03-04 13:41:00,CCGS LIMNOS,LAKE HURON,30,450059,-824106,44,166.50,2024-08-29 21:09:00,227,45.50,.00,0.00070000,,0,.120000,POC,"CARBON,PARTICULATE ORGANIC",MG C/L,45.01639,-82.68500
202402001,2025-03-04 13:41:00,CCGS LIMNOS,LAKE HURON,30,450059,-824106,44,166.50,2024-08-29 21:09:00,227,77.00,.00,0.00050000,,0,.055000,POC,"CARBON,PARTICULATE ORGANIC",MG C/L,45.01639,-82.68500
202402001,2025-03-04 13:41:00,CCGS LIMNOS,LAKE HURON,30,450059,-824106,44,166.50,2024-08-29 21:09:00,227,156.50,.00,0.00040000,,0,.030000,POC,"CARBON,PARTICULATE ORGANIC",MG C/L,45.01639,-82.68500
202402001,2025-03-04 13:41:00,CCGS LIMNOS,LAKE HURON,30,450059,-824106,44,166.50,2024-08-29 21:09:00,227,164.50,.00,0.00050000,,0,.032000,POC,"CARBON,PARTICULATE ORGANIC",MG C/L,45.01639,-82.68500
202402001,2025-03-04 13:41:00,CCGS LIMNOS,LAKE HURON,30,450059,-824106,44,166.50,2024-08-29 21:09:00,227,998.00,.00,0.00060000,,0,.025000,POC,"CARBON,PARTICULATE ORGANIC",MG C/L,45.01639,-82.68500
202402001,2025-03-04 13:41:00,CCGS LIMNOS,LAKE HURON,39,453100,-832459,54,132.50,2024-09-04 15:02:00,227,1.00,.00,0.00100000,,0,.190000,POC,"CARBON,PARTICULATE ORGANIC",MG C/L,45.51667,-83.41639
202402001,2025-03-04 13:41:00,CCGS LIMNOS,LAKE HURON,39,453100,-832459,54,132.50,2024-09-04 15:02:00,227,11.00,.00,0.00100000,,0,.206000,POC,"CARBON,PARTICULATE ORGANIC",MG C/L,45.51667,-83.41639
202402001,2025-03-04 13:41:00,CCGS LIMNOS,LAKE HURON,39,453100,-832459,54,132.50,2024-09-04 15:02:00,227,25.50,.00,0.00100000,,0,.181000,POC,"CARBON,PARTICULATE ORGANIC",MG C/L,45.51667,-83.41639
202402001,2025-03-04 13:41:00,CCGS LIMNOS,LAKE HURON,39,453100,-832459,54,132.50,2024-09-04 15:02:00,227,40.00,.00,0.00100000,,0,.127000,POC,"CARBON,PARTICULATE ORGANIC",MG C/L,45.51667,-83.41639
202402001,2025-03-04 13:41:00,CCGS LIMNOS,LAKE HURON,39,453100,-832459,54,132.50,2024-09-04 15:02:00,227,122.50,.00,0.00100000,,0,.059000,POC,"CARBON,PARTICULATE ORGANIC",MG C/L,45.51667,-83.41639
202402001,2025-03-04 13:41:00,CCGS LIMNOS,LAKE HURON,39,453100,-832459,54,132.50,2024-09-04 15:02:00,227,130.50,.00,0.00060000,,0,.050000,POC,"CARBON,PARTICULATE ORGANIC",MG C/L,45.51667,-83.41639
202402001,2025-03-04 13:41:00,CCGS LIMNOS,LAKE HURON,40,452530,-833905,55,37.00,2024-09-04 17:32:00,227,998.00,.00,0.00050000,,0,.015000,POC,"CARBON,PARTICULATE ORGANIC",MG C/L,45.42500,-83.65139
202402001,2025-03-04 13:41:00,CCGS LIMNOS,LAKE HURON,50,460230,-835112,68,17.00,2024-09-05 12:44:00,227,998.00,.00,0.00100000,,0,.038000,POC,"CARBON,PARTICULATE ORGANIC",MG C/L,46.04167,-83.85333
202402001,2025-03-04 13:41:00,CCGS LIMNOS,LAKE HURON,54,460724,-825309,79,26.00,2024-09-05 20:17:00,227,1.00,.00,0.00100000,,0,.259000,POC,"CARBON,PARTICULATE ORGANIC",MG C/L,46.12333,-82.88583
202402001,2025-03-04 13:41:00,CCGS LIMNOS,LAKE HURON,54,460724,-825309,79,26.00,2024-09-05 20:17:00,227,1.00,.00,0.00100000,,1,.253000,POC,"CARBON,PARTICULATE ORGANIC",MG C/L,46.12333,-82.88583
202402001,2025-03-04 13:41:00,CCGS LIMNOS,LAKE HURON,54,460724,-825309,79,26.00,2024-09-05 20:17:00,227,10.00,.00,0.00080000,,0,.246000,POC,"CARBON,PARTICULATE ORGANIC",MG C/L,46.12333,-82.88583
202402001,2025-03-04 13:41:00,CCGS LIMNOS,LAKE HURON,54,460724,-825309,79,26.00,2024-09-05 20:17:00,227,24.00,.00,0.00080000,,0,.198000,POC,"CARBON,PARTICULATE ORGANIC",MG C/L,46.12333,-82.88583
202402001,2025-03-04 13:41:00,CCGS LIMNOS,LAKE HURON,60,455611,-824527,82,28.50,2024-09-06 08:34:00,227,998.00,.00,0.00080000,,0,.021000,POC,"CARBON,PARTICULATE ORGANIC",MG C/L,45.93639,-82.75750
202402001,2025-03-04 13:41:00,CCGS LIMNOS,LAKE HURON,1,430523,-822330,1,11.00,2024-08-26 18:44:00,236,1.00,.00,0.20000000,,0,18.500000,D.I.C,DISSOLVED INORGANIC CARBON,MG C/L,43.08972,-82.39167
202402001,2025-03-04 13:41:00,CCGS LIMNOS,LAKE HURON,2,432030,-823021,7,11.00,2024-08-26 20:43:00,236,1.00,.00,0.20000000,,0,18.500000,D.I.C,DISSOLVED INORGANIC CARBON,MG C/L,43.34167,-82.50583
202402001,2025-03-04 13:41:00,CCGS LIMNOS,LAKE HURON,3,433402,-822907,8,30.00,2024-08-26 22:29:00,236,1.00,.00,0.20000000,,0,18.400000,D.I.C,DISSOLVED INORGANIC CARBON,MG C/L,43.56722,-82.48528
202402001,2025-03-04 13:41:00,CCGS LIMNOS,LAKE HURON,4,433759,-821301,9,60.00,2024-08-27 00:08:00,236,1.00,.00,0.20000000,,0,18.300000,D.I.C,DISSOLVED INORGANIC CARBON,MG C/L,43.63306,-82.21694
202402001,2025-03-04 13:41:00,CCGS LIMNOS,LAKE HURON,5,434513,-823405,13,17.00,2024-08-27 03:04:00,236,1.00,.00,0.20000000,,0,18.500000,D.I.C,DISSOLVED INORGANIC CARBON,MG C/L,43.75361,-82.56806
202402001,2025-03-04 13:41:00,CCGS LIMNOS,LAKE HURON,5,434513,-823405,13,17.00,2024-08-27 03:04:00,236,1.00,.00,0.20000000,,1,18.400000,D.I.C,DISSOLVED INORGANIC CARBON,MG C/L,43.75361,-82.56806
202402001,2025-03-04 13:41:00,CCGS LIMNOS,LAKE HURON,6,435631,-824000,14,12.50,2024-08-27 04:44:00,236,1.00,.00,0.20000000,,0,18.400000,D.I.C,DISSOLVED INORGANIC CARBON,MG C/L,43.94194,-82.66667
202402001,2025-03-04 13:41:00,CCGS LIMNOS,LAKE HURON,7,440600,-825159,17,15.00,2024-08-27 06:32:00,236,1.00,.00,0.20000000,,0,18.400000,D.I.C,DISSOLVED INORGANIC CARBON,MG C/L,44.10000,-82.86639
202402001,2025-03-04 13:41:00,CCGS LIMNOS,LAKE HURON,8,440409,-830450,94,14.50,2024-08-27 07:55:00,236,1.00,.00,0.20000000,,0,18.100000,D.I.C,DISSOLVED INORGANIC CARBON,MG C/L,44.06917,-83.08056
202402001,2025-03-04 13:41:00,CCGS LIMNOS,LAKE HURON,9,440735,-831014,96,30.00,2024-08-27 08:46:00,236,1.00,.00,0.20000000,,0,18.000000,D.I.C,DISSOLVED INORGANIC CARBON,MG C/L,44.12639,-83.17056
202402001,2025-03-04 13:41:00,CCGS LIMNOS,LAKE HURON,10,440654,-833144,97,11.00,2024-08-27 10:47:00,236,1.00,.00,0.20000000,,0,19.900000,D.I.C,DISSOLVED INORGANIC CARBON,MG C/L,44.11500,-83.52889
202402001,2025-03-04 13:41:00,CCGS LIMNOS,LAKE HURON,10,440654,-833144,97,11.00,2024-08-27 10:47:00,236,998.00,.00,0.20000000,,0,.200000,D.I.C,DISSOLVED INORGANIC CARBON,MG C/L,44.11500,-83.52889
202402001,2025-03-04 13:41:00,CCGS LIMNOS,LAKE HURON,10,440654,-833144,97,11.00,2024-08-27 10:47:00,236,999.00,.00,0.20000000,,0,.200000,D.I.C,DISSOLVED INORGANIC CARBON,MG C/L,44.11500,-83.52889
202402001,2025-03-04 13:41:00,CCGS LIMNOS,LAKE HURON,11,435834,-833430,98,11.00,2024-08-27 12:08:00,236,1.00,.00,0.20000000,,0,22.100000,D.I.C,DISSOLVED INORGANIC CARBON,MG C/L,43.97611,-83.57500
202402001,2025-03-04 13:41:00,CCGS LIMNOS,LAKE HURON,12,434915,-833728,101,6.00,2024-08-27 13:32:00,236,1.00,.00,0.20000000,,0,21.600000,D.I.C,DISSOLVED INORGANIC CARBON,MG C/L,43.82083,-83.62444
202402001,2025-03-04 13:41:00,CCGS LIMNOS,LAKE HURON,13,434930,-834901,100,7.00,2024-08-27 14:43:00,236,.50,.00,0.20000000,,0,24.000000,D.I.C,DISSOLVED INORGANIC CARBON,MG C/L,43.82500,-83.81694
202402001,2025-03-04 13:41:00,CCGS LIMNOS,LAKE HURON,13,434930,-834901,100,7.00,2024-08-27 14:43:00,236,1.00,.00,0.20000000,,0,24.100000,D.I.C,DISSOLVED INORGANIC CARBON,MG C/L,43.82500,-83.81694
202402001,2025-03-04 13:41:00,CCGS LIMNOS,LAKE HURON,14,435430,-834427,99,7.00,2024-08-27 15:59:00,236,1.00,.00,0.20000000,,0,23.700000,D.I.C,DISSOLVED INORGANIC CARBON,MG C/L,43.90833,-83.74083
202402001,2025-03-04 13:41:00,CCGS LIMNOS,LAKE HURON,15,441246,-832214,95,21.00,2024-08-27 19:10:00,236,1.00,.00,0.20000000,,0,18.500000,D.I.C,DISSOLVED INORGANIC CARBON,MG C/L,44.21278,-83.37056
202402001,2025-03-04 13:41:00,CCGS LIMNOS,LAKE HURON,15,441246,-832214,95,21.00,2024-08-27 19:10:00,236,1.00,.00,0.20000000,,1,18.200000,D.I.C,DISSOLVED INORGANIC CARBON,MG C/L,44.21278,-83.37056
202402001,2025-03-04 13:41:00,CCGS LIMNOS,LAKE HURON,16,442002,-831758,23,9.00,2024-08-27 20:21:00,236,1.00,.00,0.20000000,,0,18.100000,D.I.C,DISSOLVED INORGANIC CARBON,MG C/L,44.33389,-83.29944
202402001,2025-03-04 13:41:00,CCGS LIMNOS,LAKE HURON,17,441303,-830501,20,47.00,2024-08-27 22:00:00,236,1.00,.00,0.20000000,,0,17.600000,D.I.C,DISSOLVED INORGANIC CARBON,MG C/L,44.21750,-83.08361
202402001,2025-03-04 13:41:00,CCGS LIMNOS,LAKE HURON,18,431525,-820217,3,16.00,2024-08-28 06:31:00,236,1.00,.00,0.20000000,,0,18.000000,D.I.C,DISSOLVED INORGANIC CARBON,MG C/L,43.25694,-82.03806
202402001,2025-03-04 13:41:00,CCGS LIMNOS,LAKE HURON,19,431930,-814717,4,10.00,2024-08-28 08:11:00,236,1.00,.00,0.20000000,,0,18.000000,D.I.C,DISSOLVED INORGANIC CARBON,MG C/L,43.32500,-81.78806
202402001,2025-03-04 13:41:00,CCGS LIMNOS,LAKE HURON,20,433254,-814441,5,11.50,2024-08-28 09:54:00,236,1.00,.00,0.20000000,,0,18.100000,D.I.C,DISSOLVED INORGANIC CARBON,MG C/L,43.54833,-81.74472
202402001,2025-03-04 13:41:00,CCGS LIMNOS,LAKE HURON,20,433254,-814441,5,11.50,2024-08-28 09:54:00,236,998.00,.00,0.20000000,,0,.400000,D.I.C,DISSOLVED INORGANIC CARBON,MG C/L,43.54833,-81.74472
202402001,2025-03-04 13:41:00,CCGS LIMNOS,LAKE HURON,20,433254,-814441,5,11.50,2024-08-28 09:54:00,236,999.00,.00,0.20000000,,0,.300000,D.I.C,DISSOLVED INORGANIC CARBON,MG C/L,43.54833,-81.74472
202402001,2025-03-04 13:41:00,CCGS LIMNOS,LAKE HURON,21,434512,-814652,10,12.50,2024-08-28 11:47:00,236,1.00,.00,0.20000000,,0,18.000000,D.I.C,DISSOLVED INORGANIC CARBON,MG C/L,43.75333,-81.78111
202402001,2025-03-04 13:41:00,CCGS LIMNOS,LAKE HURON,22,435723,-814712,11,10.50,2024-08-28 22:01:00,236,1.00,.00,0.20000000,,0,17.900000,D.I.C,DISSOLVED INORGANIC CARBON,MG C/L,43.95639,-81.78667
202402001,2025-03-04 13:41:00,CCGS LIMNOS,LAKE HURON,23,442159,-815000,29,123.00,2024-08-29 01:48:00,236,1.00,.00,0.20000000,,0,18.200000,D.I.C,DISSOLVED INORGANIC CARBON,MG C/L,44.36639,-81.83333
202402001,2025-03-04 13:41:00,CCGS LIMNOS,LAKE HURON,24,442759,-812712,30,21.50,2024-08-29 05:15:00,236,1.00,.00,0.20000000,,0,18.300000,D.I.C,DISSOLVED INORGANIC CARBON,MG C/L,44.46639,-81.45333
202402001,2025-03-04 13:41:00,CCGS LIMNOS,LAKE HURON,25,443924,-812242,39,26.00,2024-08-29 06:59:00,236,1.00,.00,0.20000000,,0,18.400000,D.I.C,DISSOLVED INORGANIC CARBON,MG C/L,44.65667,-81.37833
202402001,2025-03-04 13:41:00,CCGS LIMNOS,LAKE HURON,25,443924,-812242,39,26.00,2024-08-29 06:59:00,236,1.00,.00,0.20000000,,1,18.400000,D.I.C,DISSOLVED INORGANIC CARBON,MG C/L,44.65667,-81.37833
202402001,2025-03-04 13:41:00,CCGS LIMNOS,LAKE HURON,26,445354,-812613,40,20.00,2024-08-29 09:31:00,236,1.00,.00,0.20000000,,0,18.500000,D.I.C,DISSOLVED INORGANIC CARBON,MG C/L,44.89833,-81.43694
202402001,2025-03-04 13:41:00,CCGS LIMNOS,LAKE HURON,27,450459,-813212,41,22.50,2024-08-29 11:17:00,236,1.00,.00,0.20000000,,0,18.100000,D.I.C,DISSOLVED INORGANIC CARBON,MG C/L,45.08306,-81.53667
202402001,2025-03-04 13:41:00,CCGS LIMNOS,LAKE HURON,28,450048,-820030,43,172.00,2024-08-29 14:43:00,236,1.00,.00,0.20000000,,0,18.000000,D.I.C,DISSOLVED INORGANIC CARBON,MG C/L,45.01333,-82.00833
202402001,2025-03-04 13:41:00,CCGS LIMNOS,LAKE HURON,29,451642,-822707,48,110.00,2024-08-29 18:21:00,236,1.00,.00,0.20000000,,0,17.700000,D.I.C,DISSOLVED INORGANIC CARBON,MG C/L,45.27833,-82.45194
202402001,2025-03-04 13:41:00,CCGS LIMNOS,LAKE HURON,30,450059,-824106,44,166.50,2024-08-29 21:09:00,236,1.00,.00,0.20000000,,0,17.300000,D.I.C,DISSOLVED INORGANIC CARBON,MG C/L,45.01639,-82.68500
202402001,2025-03-04 13:41:00,CCGS LIMNOS,LAKE HURON,30,450059,-824106,44,166.50,2024-08-29 21:09:00,236,998.00,.00,0.20000000,,0,.300000,D.I.C,DISSOLVED INORGANIC CARBON,MG C/L,45.01639,-82.68500
202402001,2025-03-04 13:41:00,CCGS LIMNOS,LAKE HURON,30,450059,-824106,44,166.50,2024-08-29 21:09:00,236,999.00,.00,0.20000000,,0,.300000,D.I.C,DISSOLVED INORGANIC CARBON,MG C/L,45.01639,-82.68500
202402001,2025-03-04 13:41:00,CCGS LIMNOS,LAKE HURON,31,444424,-820326,38,134.00,2024-08-30 01:46:00,236,1.00,.00,0.20000000,,0,17.900000,D.I.C,DISSOLVED INORGANIC CARBON,MG C/L,44.74000,-82.05722
202402001,2025-03-04 13:41:00,CCGS LIMNOS,LAKE HURON,32,442712,-822030,32,83.00,2024-08-30 05:08:00,236,1.00,.00,0.20000000,,0,18.000000,D.I.C,DISSOLVED INORGANIC CARBON,MG C/L,44.45333,-82.34167
202402001,2025-03-04 13:41:00,CCGS LIMNOS,LAKE HURON,33,435325,-820324,12,87.00,2024-08-30 10:38:00,236,1.00,.00,0.20000000,,0,18.300000,D.I.C,DISSOLVED INORGANIC CARBON,MG C/L,43.89028,-82.05667
202402001,2025-03-04 13:41:00,CCGS LIMNOS,LAKE HURON,34,441154,-823011,27,55.00,2024-09-03 23:11:00,236,1.00,.00,0.20000000,,0,18.000000,D.I.C,DISSOLVED INORGANIC CARBON,MG C/L,44.19833,-82.50306
202402001,2025-03-04 13:41:00,CCGS LIMNOS,LAKE HURON,35,443000,-825000,33,72.50,2024-09-04 02:23:00,236,1.00,.00,0.20000000,,0,17.900000,D.I.C,DISSOLVED INORGANIC CARBON,MG C/L,44.50000,-82.83333
202402001,2025-03-04 13:41:00,CCGS LIMNOS,LAKE HURON,35,443000,-825000,33,72.50,2024-09-04 02:23:00,236,1.00,.00,0.20000000,,1,17.700000,D.I.C,DISSOLVED INORGANIC CARBON,MG C/L,44.50000,-82.83333
202402001,2025-03-04 13:41:00,CCGS LIMNOS,LAKE HURON,36,443824,-831354,34,9.00,2024-09-04 05:09:00,236,1.00,.00,0.20000000,,0,17.900000,D.I.C,DISSOLVED INORGANIC CARBON,MG C/L,44.64000,-83.23167
202402001,2025-03-04 13:41:00,CCGS LIMNOS,LAKE HURON,37,450224,-832241,36,9.00,2024-09-04 08:34:00,236,1.00,.00,0.20000000,,0,18.000000,D.I.C,DISSOLVED INORGANIC CARBON,MG C/L,45.04000,-83.37806
202402001,2025-03-04 13:41:00,CCGS LIMNOS,LAKE HURON,38,451516,-832044,47,23.50,2024-09-04 11:59:00,236,1.00,.00,0.20000000,,0,17.300000,D.I.C,DISSOLVED INORGANIC CARBON,MG C/L,45.25444,-83.34556
202402001,2025-03-04 13:41:00,CCGS LIMNOS,LAKE HURON,39,453100,-832459,54,132.50,2024-09-04 15:02:00,236,1.00,.00,0.20000000,,0,17.400000,D.I.C,DISSOLVED INORGANIC CARBON,MG C/L,45.51667,-83.41639
202402001,2025-03-04 13:41:00,CCGS LIMNOS,LAKE HURON,40,452530,-833905,55,37.00,2024-09-04 17:32:00,236,1.00,.00,0.20000000,,0,18.300000,D.I.C,DISSOLVED INORGANIC CARBON,MG C/L,45.42500,-83.65139
202402001,2025-03-04 13:41:00,CCGS LIMNOS,LAKE HURON,40,452530,-833905,55,37.00,2024-09-04 17:32:00,236,998.00,.00,0.20000000,,0,.300000,D.I.C,DISSOLVED INORGANIC CARBON,MG C/L,45.42500,-83.65139
202402001,2025-03-04 13:41:00,CCGS LIMNOS,LAKE HURON,40,452530,-833905,55,37.00,2024-09-04 17:32:00,236,999.00,.00,0.20000000,,0,.400000,D.I.C,DISSOLVED INORGANIC CARBON,MG C/L,45.42500,-83.65139
202402001,2025-03-04 13:41:00,CCGS LIMNOS,LAKE HURON,41,453059,-840500,56,22.50,2024-09-04 20:07:00,236,1.00,.00,0.20000000,,0,18.300000,D.I.C,DISSOLVED INORGANIC CARBON,MG C/L,45.51639,-84.08333
202402001,2025-03-04 13:41:00,CCGS LIMNOS,LAKE HURON,42,454459,-835500,61,117.00,2024-09-04 22:19:00,236,1.00,.00,0.20000000,,0,16.500000,D.I.C,DISSOLVED INORGANIC CARBON,MG C/L,45.74972,-83.91667
202402001,2025-03-04 13:41:00,CCGS LIMNOS,LAKE HURON,43,454029,-841112,62,44.00,2024-09-05 00:10:00,236,1.00,.00,0.20000000,,0,17.800000,D.I.C,DISSOLVED INORGANIC CARBON,MG C/L,45.67472,-84.18667
202402001,2025-03-04 13:41:00,CCGS LIMNOS,LAKE HURON,44,454212,-843041,63,15.00,2024-09-05 02:25:00,236,1.00,.00,0.20000000,,0,18.700000,D.I.C,DISSOLVED INORGANIC CARBON,MG C/L,45.70333,-84.51139
202402001,2025-03-04 13:41:00,CCGS LIMNOS,LAKE HURON,45,454848,-844519,64,36.00,2024-09-05 04:05:00,236,1.00,.00,0.20000000,,0,21.900000,D.I.C,DISSOLVED INORGANIC CARBON,MG C/L,45.81333,-84.75528
202402001,2025-03-04 13:41:00,CCGS LIMNOS,LAKE HURON,45,454848,-844519,64,36.00,2024-09-05 04:05:00,236,1.00,.00,0.20000000,,1,22.500000,D.I.C,DISSOLVED INORGANIC CARBON,MG C/L,45.81333,-84.75528
202402001,2025-03-04 13:41:00,CCGS LIMNOS,LAKE HURON,46,455043,-843400,65,58.50,2024-09-05 05:27:00,236,1.00,.00,0.20000000,,0,18.700000,D.I.C,DISSOLVED INORGANIC CARBON,MG C/L,45.84528,-84.56667
202402001,2025-03-04 13:41:00,CCGS LIMNOS,LAKE HURON,47,455149,-841741,66,69.00,2024-09-05 07:08:00,236,1.00,.00,0.20000000,,0,17.300000,D.I.C,DISSOLVED INORGANIC CARBON,MG C/L,45.86361,-84.29472
202402001,2025-03-04 13:41:00,CCGS LIMNOS,LAKE HURON,48,455606,-835359,67,31.00,2024-09-05 09:35:00,236,1.00,.00,0.20000000,,0,16.600000,D.I.C,DISSOLVED INORGANIC CARBON,MG C/L,45.93500,-83.89972
202402001,2025-03-04 13:41:00,CCGS LIMNOS,LAKE HURON,49,460442,-840141,69,10.00,2024-09-05 11:24:00,236,1.00,.00,0.20000000,,0,10.700000,D.I.C,DISSOLVED INORGANIC CARBON,MG C/L,46.07833,-84.02806
202402001,2025-03-04 13:41:00,CCGS LIMNOS,LAKE HURON,50,460230,-835112,68,17.00,2024-09-05 12:44:00,236,1.00,.00,0.20000000,,0,11.700000,D.I.C,DISSOLVED INORGANIC CARBON,MG C/L,46.04167,-83.85333
202402001,2025-03-04 13:41:00,CCGS LIMNOS,LAKE HURON,50,460230,-835112,68,17.00,2024-09-05 12:44:00,236,998.00,.00,0.20000000,,0,.300000,D.I.C,DISSOLVED INORGANIC CARBON,MG C/L,46.04167,-83.85333
202402001,2025-03-04 13:41:00,CCGS LIMNOS,LAKE HURON,50,460230,-835112,68,17.00,2024-09-05 12:44:00,236,999.00,.00,0.20000000,,0,.200000,D.I.C,DISSOLVED INORGANIC CARBON,MG C/L,46.04167,-83.85333
202402001,2025-03-04 13:41:00,CCGS LIMNOS,LAKE HURON,51,460812,-834018,70,22.00,2024-09-05 14:24:00,236,1.00,.00,0.20000000,,0,13.700000,D.I.C,DISSOLVED INORGANIC CARBON,MG C/L,46.13667,-83.67167
202402001,2025-03-04 13:41:00,CCGS LIMNOS,LAKE HURON,52,461400,-834447,71,34.00,2024-09-05 15:25:00,236,1.00,.00,0.20000000,,0,13.300000,D.I.C,DISSOLVED INORGANIC CARBON,MG C/L,46.23333,-83.74639
202402001,2025-03-04 13:41:00,CCGS LIMNOS,LAKE HURON,53,461112,-832117,73,19.00,2024-09-05 17:38:00,236,1.00,.00,0.20000000,,0,13.700000,D.I.C,DISSOLVED INORGANIC CARBON,MG C/L,46.18667,-83.35472
202402001,2025-03-04 13:41:00,CCGS LIMNOS,LAKE HURON,54,460724,-825309,79,26.00,2024-09-05 20:17:00,236,1.00,.00,0.20000000,,0,15.000000,D.I.C,DISSOLVED INORGANIC CARBON,MG C/L,46.12333,-82.88583
202402001,2025-03-04 13:41:00,CCGS LIMNOS,LAKE HURON,55,460530,-823324,84,36.00,2024-09-05 22:18:00,236,1.00,.00,0.20000000,,0,15.100000,D.I.C,DISSOLVED INORGANIC CARBON,MG C/L,46.09167,-82.55667
202402001,2025-03-04 13:41:00,CCGS LIMNOS,LAKE HURON,55,460530,-823324,84,36.00,2024-09-05 22:18:00,236,1.00,.00,0.20000000,,1,15.100000,D.I.C,DISSOLVED INORGANIC CARBON,MG C/L,46.09167,-82.55667
202402001,2025-03-04 13:41:00,CCGS LIMNOS,LAKE HURON,56,460340,-821149,87,35.00,2024-09-06 00:45:00,236,1.00,.00,0.20000000,,0,15.200000,D.I.C,DISSOLVED INORGANIC CARBON,MG C/L,46.06111,-82.19694
202402001,2025-03-04 13:41:00,CCGS LIMNOS,LAKE HURON,57,460320,-815959,88,36.00,2024-09-06 02:07:00,236,1.00,.00,0.20000000,,0,15.100000,D.I.C,DISSOLVED INORGANIC CARBON,MG C/L,46.05556,-81.99972
202402001,2025-03-04 13:41:00,CCGS LIMNOS,LAKE HURON,58,455459,-820940,89,39.00,2024-09-06 03:48:00,236,1.00,.00,0.20000000,,0,14.700000,D.I.C,DISSOLVED INORGANIC CARBON,MG C/L,45.91639,-82.16111
202402001,2025-03-04 13:41:00,CCGS LIMNOS,LAKE HURON,59,460000,-823258,83,31.00,2024-09-06 07:05:00,236,1.00,.00,0.20000000,,0,14.600000,D.I.C,DISSOLVED INORGANIC CARBON,MG C/L,46.00000,-82.54944
202402001,2025-03-04 13:41:00,CCGS LIMNOS,LAKE HURON,60,455611,-824527,82,28.50,2024-09-06 08:34:00,236,1.00,.00,0.20000000,,0,14.800000,D.I.C,DISSOLVED INORGANIC CARBON,MG C/L,45.93639,-82.75750
202402001,2025-03-04 13:41:00,CCGS LIMNOS,LAKE HURON,60,455611,-824527,82,28.50,2024-09-06 08:34:00,236,998.00,.00,0.20000000,,0,.300000,D.I.C,DISSOLVED INORGANIC CARBON,MG C/L,45.93639,-82.75750
202402001,2025-03-04 13:41:00,CCGS LIMNOS,LAKE HURON,60,455611,-824527,82,28.50,2024-09-06 08:34:00,236,999.00,.00,0.20000000,,0,.300000,D.I.C,DISSOLVED INORGANIC CARBON,MG C/L,45.93639,-82.75750
202402001,2025-03-04 13:41:00,CCGS LIMNOS,LAKE HURON,61,455811,-831154,77,78.00,2024-09-06 11:34:00,236,1.00,.00,0.20000000,,0,14.300000,D.I.C,DISSOLVED INORGANIC CARBON,MG C/L,45.96972,-83.19833
202402001,2025-03-04 13:41:00,CCGS LIMNOS,LAKE HURON,62,455959,-832600,76,58.00,2024-09-06 13:08:00,236,1.00,.00,0.20000000,,0,14.200000,D.I.C,DISSOLVED INORGANIC CARBON,MG C/L,45.99972,-83.43333
202402001,2025-03-04 13:41:00,CCGS LIMNOS,LAKE HURON,63,455405,-833105,60,25.00,2024-09-06 14:16:00,236,1.00,.00,0.20000000,,0,16.700000,D.I.C,DISSOLVED INORGANIC CARBON,MG C/L,45.90139,-83.51806
202402001,2025-03-04 13:41:00,CCGS LIMNOS,LAKE HURON,64,455159,-831600,58,12.00,2024-09-06 16:39:00,236,1.00,.00,0.20000000,,0,14.600000,D.I.C,DISSOLVED INORGANIC CARBON,MG C/L,45.86639,-83.26667
202402001,2025-03-04 13:41:00,CCGS LIMNOS,LAKE HURON,65,454600,-830141,59,18.00,2024-09-06 18:18:00,236,1.00,.00,0.20000000,,0,15.900000,D.I.C,DISSOLVED INORGANIC CARBON,MG C/L,45.76667,-83.02806
202402001,2025-03-04 13:41:00,CCGS LIMNOS,LAKE HURON,65,454600,-830141,59,18.00,2024-09-06 18:18:00,236,1.00,.00,0.20000000,,1,15.900000,D.I.C,DISSOLVED INORGANIC CARBON,MG C/L,45.76667,-83.02806
202402001,2025-03-04 13:41:00,CCGS LIMNOS,LAKE HURON,66,453905,-823852,52,66.00,2024-09-06 20:48:00,236,1.00,.00,0.20000000,,0,16.800000,D.I.C,DISSOLVED INORGANIC CARBON,MG C/L,45.65139,-82.64778
202402001,2025-03-04 13:41:00,CCGS LIMNOS,LAKE HURON,67,453205,-820242,50,27.00,2024-09-07 00:19:00,236,1.00,.00,0.20000000,,0,17.100000,D.I.C,DISSOLVED INORGANIC CARBON,MG C/L,45.53472,-82.04500
202402001,2025-03-04 13:41:00,CCGS LIMNOS,LAKE HURON,68,451316,-814909,42,42.00,2024-09-07 03:12:00,236,1.00,.00,0.20000000,,0,17.500000,D.I.C,DISSOLVED INORGANIC CARBON,MG C/L,45.22111,-81.81917
202402001,2025-03-04 13:41:00,CCGS LIMNOS,LAKE HURON,1,430523,-822330,1,11.00,2024-08-26 18:44:00,245,1.00,.00,,,0,8.610000,D 02 W,"OXYGEN,CONCENTRATION DISSOLVED",MG 02/L,43.08972,-82.39167
202402001,2025-03-04 13:41:00,CCGS LIMNOS,LAKE HURON,1,430523,-822330,1,11.00,2024-08-26 18:44:00,245,9.00,.00,,,0,8.700000,D 02 W,"OXYGEN,CONCENTRATION DISSOLVED",MG 02/L,43.08972,-82.39167
202402001,2025-03-04 13:41:00,CCGS LIMNOS,LAKE HURON,2,432030,-823021,7,11.00,2024-08-26 20:43:00,245,1.00,.00,,,0,8.930000,D 02 W,"OXYGEN,CONCENTRATION DISSOLVED",MG 02/L,43.34167,-82.50583
202402001,2025-03-04 13:41:00,CCGS LIMNOS,LAKE HURON,3,433402,-822907,8,30.00,2024-08-26 22:29:00,245,1.00,.00,,,0,8.730000,D 02 W,"OXYGEN,CONCENTRATION DISSOLVED",MG 02/L,43.56722,-82.48528
202402001,2025-03-04 13:41:00,CCGS LIMNOS,LAKE HURON,4,433759,-821301,9,60.00,2024-08-27 00:08:00,245,1.00,.00,,,0,8.810000,D 02 W,"OXYGEN,CONCENTRATION DISSOLVED",MG 02/L,43.63306,-82.21694
202402001,2025-03-04 13:41:00,CCGS LIMNOS,LAKE HURON,4,433759,-821301,9,60.00,2024-08-27 00:08:00,245,23.00,.00,,,0,10.900000,D 02 W,"OXYGEN,CONCENTRATION DISSOLVED",MG 02/L,43.63306,-82.21694
202402001,2025-03-04 13:41:00,CCGS LIMNOS,LAKE HURON,4,433759,-821301,9,60.00,2024-08-27 00:08:00,245,32.00,.00,,,0,11.880000,D 02 W,"OXYGEN,CONCENTRATION DISSOLVED",MG 02/L,43.63306,-82.21694
202402001,2025-03-04 13:41:00,CCGS LIMNOS,LAKE HURON,4,433759,-821301,9,60.00,2024-08-27 00:08:00,245,41.00,.00,,,0,10.860000,D 02 W,"OXYGEN,CONCENTRATION DISSOLVED",MG 02/L,43.63306,-82.21694
202402001,2025-03-04 13:41:00,CCGS LIMNOS,LAKE HURON,4,433759,-821301,9,60.00,2024-08-27 00:08:00,245,50.00,.00,,,0,10.930000,D 02 W,"OXYGEN,CONCENTRATION DISSOLVED",MG 02/L,43.63306,-82.21694
202402001,2025-03-04 13:41:00,CCGS LIMNOS,LAKE HURON,4,433759,-821301,9,60.00,2024-08-27 00:08:00,245,58.00,.00,,,0,10.710000,D 02 W,"OXYGEN,CONCENTRATION DISSOLVED",MG 02/L,43.63306,-82.21694
202402001,2025-03-04 13:41:00,CCGS LIMNOS,LAKE HURON,5,434513,-823405,13,17.00,2024-08-27 03:04:00,245,1.00,.00,,,0,8.950000,D 02 W,"OXYGEN,CONCENTRATION DISSOLVED",MG 02/L,43.75361,-82.56806
202402001,2025-03-04 13:41:00,CCGS LIMNOS,LAKE HURON,5,434513,-823405,13,17.00,2024-08-27 03:04:00,245,1.00,.00,,,1,8.950000,D 02 W,"OXYGEN,CONCENTRATION DISSOLVED",MG 02/L,43.75361,-82.56806
202402001,2025-03-04 13:41:00,CCGS LIMNOS,LAKE HURON,6,435631,-824000,14,12.50,2024-08-27 04:44:00,245,1.00,.00,,,0,8.870000,D 02 W,"OXYGEN,CONCENTRATION DISSOLVED",MG 02/L,43.94194,-82.66667
202402001,2025-03-04 13:41:00,CCGS LIMNOS,LAKE HURON,7,440600,-825159,17,15.00,2024-08-27 06:32:00,245,1.00,.00,,,0,9.010000,D 02 W,"OXYGEN,CONCENTRATION DISSOLVED",MG 02/L,44.10000,-82.86639
202402001,2025-03-04 13:41:00,CCGS LIMNOS,LAKE HURON,7,440600,-825159,17,15.00,2024-08-27 06:32:00,245,10.00,.00,,,0,8.770000,D 02 W,"OXYGEN,CONCENTRATION DISSOLVED",MG 02/L,44.10000,-82.86639
202402001,2025-03-04 13:41:00,CCGS LIMNOS,LAKE HURON,7,440600,-825159,17,15.00,2024-08-27 06:32:00,245,13.00,.00,,,0,8.850000,D 02 W,"OXYGEN,CONCENTRATION DISSOLVED",MG 02/L,44.10000,-82.86639
202402001,2025-03-04 13:41:00,CCGS LIMNOS,LAKE HURON,8,440409,-830450,94,14.50,2024-08-27 07:55:00,245,1.00,.00,,,0,8.860000,D 02 W,"OXYGEN,CONCENTRATION DISSOLVED",MG 02/L,44.06917,-83.08056
202402001,2025-03-04 13:41:00,CCGS LIMNOS,LAKE HURON,9,440735,-831014,96,30.00,2024-08-27 08:46:00,245,1.00,.00,,,0,8.850000,D 02 W,"OXYGEN,CONCENTRATION DISSOLVED",MG 02/L,44.12639,-83.17056
202402001,2025-03-04 13:41:00,CCGS LIMNOS,LAKE HURON,10,440654,-833144,97,11.00,2024-08-27 10:47:00,245,1.00,.00,,,0,9.050000,D 02 W,"OXYGEN,CONCENTRATION DISSOLVED",MG 02/L,44.11500,-83.52889
202402001,2025-03-04 13:41:00,CCGS LIMNOS,LAKE HURON,11,435834,-833430,98,11.00,2024-08-27 12:08:00,245,1.00,.00,,,0,8.870000,D 02 W,"OXYGEN,CONCENTRATION DISSOLVED",MG 02/L,43.97611,-83.57500
202402001,2025-03-04 13:41:00,CCGS LIMNOS,LAKE HURON,12,434915,-833728,101,6.00,2024-08-27 13:32:00,245,1.00,.00,,,0,9.140000,D 02 W,"OXYGEN,CONCENTRATION DISSOLVED",MG 02/L,43.82083,-83.62444
202402001,2025-03-04 13:41:00,CCGS LIMNOS,LAKE HURON,13,434930,-834901,100,7.00,2024-08-27 14:43:00,245,.50,.00,,,0,8.790000,D 02 W,"OXYGEN,CONCENTRATION DISSOLVED",MG 02/L,43.82500,-83.81694
202402001,2025-03-04 13:41:00,CCGS LIMNOS,LAKE HURON,13,434930,-834901,100,7.00,2024-08-27 14:43:00,245,1.00,.00,,,0,8.830000,D 02 W,"OXYGEN,CONCENTRATION DISSOLVED",MG 02/L,43.82500,-83.81694
202402001,2025-03-04 13:41:00,CCGS LIMNOS,LAKE HURON,13,434930,-834901,100,7.00,2024-08-27 14:43:00,245,5.00,.00,,,0,8.230000,D 02 W,"OXYGEN,CONCENTRATION DISSOLVED",MG 02/L,43.82500,-83.81694
202402001,2025-03-04 13:41:00,CCGS LIMNOS,LAKE HURON,14,435430,-834427,99,7.00,2024-08-27 15:59:00,245,1.00,.00,,,0,8.930000,D 02 W,"OXYGEN,CONCENTRATION DISSOLVED",MG 02/L,43.90833,-83.74083
202402001,2025-03-04 13:41:00,CCGS LIMNOS,LAKE HURON,15,441246,-832214,95,21.00,2024-08-27 19:10:00,245,1.00,.00,,,0,8.830000,D 02 W,"OXYGEN,CONCENTRATION DISSOLVED",MG 02/L,44.21278,-83.37056
202402001,2025-03-04 13:41:00,CCGS LIMNOS,LAKE HURON,15,441246,-832214,95,21.00,2024-08-27 19:10:00,245,1.00,.00,,,1,8.650000,D 02 W,"OXYGEN,CONCENTRATION DISSOLVED",MG 02/L,44.21278,-83.37056
202402001,2025-03-04 13:41:00,CCGS LIMNOS,LAKE HURON,15,441246,-832214,95,21.00,2024-08-27 19:10:00,245,11.00,.00,,,0,8.870000,D 02 W,"OXYGEN,CONCENTRATION DISSOLVED",MG 02/L,44.21278,-83.37056
202402001,2025-03-04 13:41:00,CCGS LIMNOS,LAKE HURON,15,441246,-832214,95,21.00,2024-08-27 19:10:00,245,19.00,.00,,,0,8.920000,D 02 W,"OXYGEN,CONCENTRATION DISSOLVED",MG 02/L,44.21278,-83.37056
202402001,2025-03-04 13:41:00,CCGS LIMNOS,LAKE HURON,16,442002,-831758,23,9.00,2024-08-27 20:21:00,245,1.00,.00,,,0,8.520000,D 02 W,"OXYGEN,CONCENTRATION DISSOLVED",MG 02/L,44.33389,-83.29944
202402001,2025-03-04 13:41:00,CCGS LIMNOS,LAKE HURON,17,441303,-830501,20,47.00,2024-08-27 22:00:00,245,1.00,.00,,,0,8.860000,D 02 W,"OXYGEN,CONCENTRATION DISSOLVED",MG 02/L,44.21750,-83.08361
202402001,2025-03-04 13:41:00,CCGS LIMNOS,LAKE HURON,18,431525,-820217,3,16.00,2024-08-28 06:31:00,245,1.00,.00,,,0,8.810000,D 02 W,"OXYGEN,CONCENTRATION DISSOLVED",MG 02/L,43.25694,-82.03806
202402001,2025-03-04 13:41:00,CCGS LIMNOS,LAKE HURON,19,431930,-814717,4,10.00,2024-08-28 08:11:00,245,1.00,.00,,,0,8.900000,D 02 W,"OXYGEN,CONCENTRATION DISSOLVED",MG 02/L,43.32500,-81.78806
202402001,2025-03-04 13:41:00,CCGS LIMNOS,LAKE HURON,20,433254,-814441,5,11.50,2024-08-28 09:54:00,245,1.00,.00,,,0,8.880000,D 02 W,"OXYGEN,CONCENTRATION DISSOLVED",MG 02/L,43.54833,-81.74472
202402001,2025-03-04 13:41:00,CCGS LIMNOS,LAKE HURON,21,434512,-814652,10,12.50,2024-08-28 11:47:00,245,1.00,.00,,,0,8.830000,D 02 W,"OXYGEN,CONCENTRATION DISSOLVED",MG 02/L,43.75333,-81.78111
202402001,2025-03-04 13:41:00,CCGS LIMNOS,LAKE HURON,22,435723,-814712,11,10.50,2024-08-28 22:01:00,245,1.00,.00,,,0,9.000000,D 02 W,"OXYGEN,CONCENTRATION DISSOLVED",MG 02/L,43.95639,-81.78667
202402001,2025-03-04 13:41:00,CCGS LIMNOS,LAKE HURON,23,442159,-815000,29,123.00,2024-08-29 01:48:00,245,1.00,.00,,,0,9.080000,D 02 W,"OXYGEN,CONCENTRATION DISSOLVED",MG 02/L,44.36639,-81.83333
202402001,2025-03-04 13:41:00,CCGS LIMNOS,LAKE HURON,23,442159,-815000,29,123.00,2024-08-29 01:48:00,245,14.00,.00,,,0,10.160000,D 02 W,"OXYGEN,CONCENTRATION DISSOLVED",MG 02/L,44.36639,-81.83333
202402001,2025-03-04 13:41:00,CCGS LIMNOS,LAKE HURON,23,442159,-815000,29,123.00,2024-08-29 01:48:00,245,24.00,.00,,,0,10.790000,D 02 W,"OXYGEN,CONCENTRATION DISSOLVED",MG 02/L,44.36639,-81.83333
202402001,2025-03-04 13:41:00,CCGS LIMNOS,LAKE HURON,23,442159,-815000,29,123.00,2024-08-29 01:48:00,245,34.00,.00,,,0,11.480000,D 02 W,"OXYGEN,CONCENTRATION DISSOLVED",MG 02/L,44.36639,-81.83333
202402001,2025-03-04 13:41:00,CCGS LIMNOS,LAKE HURON,23,442159,-815000,29,123.00,2024-08-29 01:48:00,245,113.00,.00,,,0,10.640000,D 02 W,"OXYGEN,CONCENTRATION DISSOLVED",MG 02/L,44.36639,-81.83333
202402001,2025-03-04 13:41:00,CCGS LIMNOS,LAKE HURON,23,442159,-815000,29,123.00,2024-08-29 01:48:00,245,121.00,.00,,,0,10.840000,D 02 W,"OXYGEN,CONCENTRATION DISSOLVED",MG 02/L,44.36639,-81.83333
202402001,2025-03-04 13:41:00,CCGS LIMNOS,LAKE HURON,24,442759,-812712,30,21.50,2024-08-29 05:15:00,245,1.00,.00,,,0,9.080000,D 02 W,"OXYGEN,CONCENTRATION DISSOLVED",MG 02/L,44.46639,-81.45333
202402001,2025-03-04 13:41:00,CCGS LIMNOS,LAKE HURON,25,443924,-812242,39,26.00,2024-08-29 06:59:00,245,1.00,.00,,,0,9.120000,D 02 W,"OXYGEN,CONCENTRATION DISSOLVED",MG 02/L,44.65667,-81.37833
202402001,2025-03-04 13:41:00,CCGS LIMNOS,LAKE HURON,25,443924,-812242,39,26.00,2024-08-29 06:59:00,245,1.00,.00,,,1,9.110000,D 02 W,"OXYGEN,CONCENTRATION DISSOLVED",MG 02/L,44.65667,-81.37833
202402001,2025-03-04 13:41:00,CCGS LIMNOS,LAKE HURON,26,445354,-812613,40,20.00,2024-08-29 09:31:00,245,1.00,.00,,,0,9.690000,D 02 W,"OXYGEN,CONCENTRATION DISSOLVED",MG 02/L,44.89833,-81.43694
202402001,2025-03-04 13:41:00,CCGS LIMNOS,LAKE HURON,27,450459,-813212,41,22.50,2024-08-29 11:17:00,245,1.00,.00,,,0,9.310000,D 02 W,"OXYGEN,CONCENTRATION DISSOLVED",MG 02/L,45.08306,-81.53667
202402001,2025-03-04 13:41:00,CCGS LIMNOS,LAKE HURON,28,450048,-820030,43,172.00,2024-08-29 14:43:00,245,1.00,.00,,,0,9.150000,D 02 W,"OXYGEN,CONCENTRATION DISSOLVED",MG 02/L,45.01333,-82.00833
202402001,2025-03-04 13:41:00,CCGS LIMNOS,LAKE HURON,29,451642,-822707,48,110.00,2024-08-29 18:21:00,245,1.00,.00,,,0,9.240000,D 02 W,"OXYGEN,CONCENTRATION DISSOLVED",MG 02/L,45.27833,-82.45194
202402001,2025-03-04 13:41:00,CCGS LIMNOS,LAKE HURON,30,450059,-824106,44,166.50,2024-08-29 21:09:00,245,1.00,.00,,,0,9.100000,D 02 W,"OXYGEN,CONCENTRATION DISSOLVED",MG 02/L,45.01639,-82.68500
202402001,2025-03-04 13:41:00,CCGS LIMNOS,LAKE HURON,30,450059,-824106,44,166.50,2024-08-29 21:09:00,245,14.00,.00,,,0,9.320000,D 02 W,"OXYGEN,CONCENTRATION DISSOLVED",MG 02/L,45.01639,-82.68500
202402001,2025-03-04 13:41:00,CCGS LIMNOS,LAKE HURON,30,450059,-824106,44,166.50,2024-08-29 21:09:00,245,45.50,.00,,,0,11.140000,D 02 W,"OXYGEN,CONCENTRATION DISSOLVED",MG 02/L,45.01639,-82.68500
202402001,2025-03-04 13:41:00,CCGS LIMNOS,LAKE HURON,30,450059,-824106,44,166.50,2024-08-29 21:09:00,245,77.00,.00,,,0,10.310000,D 02 W,"OXYGEN,CONCENTRATION DISSOLVED",MG 02/L,45.01639,-82.68500
202402001,2025-03-04 13:41:00,CCGS LIMNOS,LAKE HURON,30,450059,-824106,44,166.50,2024-08-29 21:09:00,245,156.50,.00,,,0,10.700000,D 02 W,"OXYGEN,CONCENTRATION DISSOLVED",MG 02/L,45.01639,-82.68500
202402001,2025-03-04 13:41:00,CCGS LIMNOS,LAKE HURON,30,450059,-824106,44,166.50,2024-08-29 21:09:00,245,164.50,.00,,,0,10.770000,D 02 W,"OXYGEN,CONCENTRATION DISSOLVED",MG 02/L,45.01639,-82.68500
202402001,2025-03-04 13:41:00,CCGS LIMNOS,LAKE HURON,31,444424,-820326,38,134.00,2024-08-30 01:46:00,245,1.00,.00,,,0,9.020000,D 02 W,"OXYGEN,CONCENTRATION DISSOLVED",MG 02/L,44.74000,-82.05722
202402001,2025-03-04 13:41:00,CCGS LIMNOS,LAKE HURON,32,442712,-822030,32,83.00,2024-08-30 05:08:00,245,1.00,.00,,,0,9.000000,D 02 W,"OXYGEN,CONCENTRATION DISSOLVED",MG 02/L,44.45333,-82.34167
202402001,2025-03-04 13:41:00,CCGS LIMNOS,LAKE HURON,33,435325,-820324,12,87.00,2024-08-30 10:38:00,245,1.00,.00,,,0,8.960000,D 02 W,"OXYGEN,CONCENTRATION DISSOLVED",MG 02/L,43.89028,-82.05667
202402001,2025-03-04 13:41:00,CCGS LIMNOS,LAKE HURON,34,441154,-823011,27,55.00,2024-09-03 23:11:00,245,1.00,.00,,,0,9.040000,D 02 W,"OXYGEN,CONCENTRATION DISSOLVED",MG 02/L,44.19833,-82.50306
202402001,2025-03-04 13:41:00,CCGS LIMNOS,LAKE HURON,35,443000,-825000,33,72.50,2024-09-04 02:23:00,245,1.00,.00,,,0,9.150000,D 02 W,"OXYGEN,CONCENTRATION DISSOLVED",MG 02/L,44.50000,-82.83333
202402001,2025-03-04 13:41:00,CCGS LIMNOS,LAKE HURON,35,443000,-825000,33,72.50,2024-09-04 02:23:00,245,1.00,.00,,,1,9.160000,D 02 W,"OXYGEN,CONCENTRATION DISSOLVED",MG 02/L,44.50000,-82.83333
202402001,2025-03-04 13:41:00,CCGS LIMNOS,LAKE HURON,36,443824,-831354,34,9.00,2024-09-04 05:09:00,245,1.00,.00,,,0,9.070000,D 02 W,"OXYGEN,CONCENTRATION DISSOLVED",MG 02/L,44.64000,-83.23167
202402001,2025-03-04 13:41:00,CCGS LIMNOS,LAKE HURON,37,450224,-832241,36,9.00,2024-09-04 08:34:00,245,1.00,.00,,,0,9.270000,D 02 W,"OXYGEN,CONCENTRATION DISSOLVED",MG 02/L,45.04000,-83.37806
202402001,2025-03-04 13:41:00,CCGS LIMNOS,LAKE HURON,37,450224,-832241,36,9.00,2024-09-04 08:34:00,245,7.00,.00,,,0,9.380000,D 02 W,"OXYGEN,CONCENTRATION DISSOLVED",MG 02/L,45.04000,-83.37806
202402001,2025-03-04 13:41:00,CCGS LIMNOS,LAKE HURON,38,451516,-832044,47,23.50,2024-09-04 11:59:00,245,1.00,.00,,,0,9.490000,D 02 W,"OXYGEN,CONCENTRATION DISSOLVED",MG 02/L,45.25444,-83.34556
202402001,2025-03-04 13:41:00,CCGS LIMNOS,LAKE HURON,39,453100,-832459,54,132.50,2024-09-04 15:02:00,245,1.00,.00,,,0,9.290000,D 02 W,"OXYGEN,CONCENTRATION DISSOLVED",MG 02/L,45.51667,-83.41639
202402001,2025-03-04 13:41:00,CCGS LIMNOS,LAKE HURON,39,453100,-832459,54,132.50,2024-09-04 15:02:00,245,11.00,.00,,,0,10.250000,D 02 W,"OXYGEN,CONCENTRATION DISSOLVED",MG 02/L,45.51667,-83.41639
202402001,2025-03-04 13:41:00,CCGS LIMNOS,LAKE HURON,39,453100,-832459,54,132.50,2024-09-04 15:02:00,245,25.50,.00,,,0,11.870000,D 02 W,"OXYGEN,CONCENTRATION DISSOLVED",MG 02/L,45.51667,-83.41639
202402001,2025-03-04 13:41:00,CCGS LIMNOS,LAKE HURON,39,453100,-832459,54,132.50,2024-09-04 15:02:00,245,40.00,.00,,,0,11.350000,D 02 W,"OXYGEN,CONCENTRATION DISSOLVED",MG 02/L,45.51667,-83.41639
202402001,2025-03-04 13:41:00,CCGS LIMNOS,LAKE HURON,39,453100,-832459,54,132.50,2024-09-04 15:02:00,245,122.50,.00,,,0,10.840000,D 02 W,"OXYGEN,CONCENTRATION DISSOLVED",MG 02/L,45.51667,-83.41639
202402001,2025-03-04 13:41:00,CCGS LIMNOS,LAKE HURON,39,453100,-832459,54,132.50,2024-09-04 15:02:00,245,130.50,.00,,,0,11.040000,D 02 W,"OXYGEN,CONCENTRATION DISSOLVED",MG 02/L,45.51667,-83.41639
202402001,2025-03-04 13:41:00,CCGS LIMNOS,LAKE HURON,40,452530,-833905,55,37.00,2024-09-04 17:32:00,245,1.00,.00,,,0,9.290000,D 02 W,"OXYGEN,CONCENTRATION DISSOLVED",MG 02/L,45.42500,-83.65139
202402001,2025-03-04 13:41:00,CCGS LIMNOS,LAKE HURON,41,453059,-840500,56,22.50,2024-09-04 20:07:00,245,1.00,.00,,,0,9.350000,D 02 W,"OXYGEN,CONCENTRATION DISSOLVED",MG 02/L,45.51639,-84.08333
202402001,2025-03-04 13:41:00,CCGS LIMNOS,LAKE HURON,42,454459,-835500,61,117.00,2024-09-04 22:19:00,245,1.00,.00,,,0,9.420000,D 02 W,"OXYGEN,CONCENTRATION DISSOLVED",MG 02/L,45.74972,-83.91667
202402001,2025-03-04 13:41:00,CCGS LIMNOS,LAKE HURON,43,454029,-841112,62,44.00,2024-09-05 00:10:00,245,1.00,.00,,,0,9.390000,D 02 W,"OXYGEN,CONCENTRATION DISSOLVED",MG 02/L,45.67472,-84.18667
202402001,2025-03-04 13:41:00,CCGS LIMNOS,LAKE HURON,44,454212,-843041,63,15.00,2024-09-05 02:25:00,245,1.00,.00,,,0,9.490000,D 02 W,"OXYGEN,CONCENTRATION DISSOLVED",MG 02/L,45.70333,-84.51139
202402001,2025-03-04 13:41:00,CCGS LIMNOS,LAKE HURON,45,454848,-844519,64,36.00,2024-09-05 04:05:00,245,1.00,.00,,,0,9.410000,D 02 W,"OXYGEN,CONCENTRATION DISSOLVED",MG 02/L,45.81333,-84.75528
202402001,2025-03-04 13:41:00,CCGS LIMNOS,LAKE HURON,45,454848,-844519,64,36.00,2024-09-05 04:05:00,245,1.00,.00,,,1,9.400000,D 02 W,"OXYGEN,CONCENTRATION DISSOLVED",MG 02/L,45.81333,-84.75528
202402001,2025-03-04 13:41:00,CCGS LIMNOS,LAKE HURON,45,454848,-844519,64,36.00,2024-09-05 04:05:00,245,16.00,.00,,,0,10.150000,D 02 W,"OXYGEN,CONCENTRATION DISSOLVED",MG 02/L,45.81333,-84.75528
202402001,2025-03-04 13:41:00,CCGS LIMNOS,LAKE HURON,45,454848,-844519,64,36.00,2024-09-05 04:05:00,245,24.50,.00,,,0,10.430000,D 02 W,"OXYGEN,CONCENTRATION DISSOLVED",MG 02/L,45.81333,-84.75528
202402001,2025-03-04 13:41:00,CCGS LIMNOS,LAKE HURON,45,454848,-844519,64,36.00,2024-09-05 04:05:00,245,26.00,.00,,,0,10.510000,D 02 W,"OXYGEN,CONCENTRATION DISSOLVED",MG 02/L,45.81333,-84.75528
202402001,2025-03-04 13:41:00,CCGS LIMNOS,LAKE HURON,45,454848,-844519,64,36.00,2024-09-05 04:05:00,245,33.00,.00,,,0,10.490000,D 02 W,"OXYGEN,CONCENTRATION DISSOLVED",MG 02/L,45.81333,-84.75528
202402001,2025-03-04 13:41:00,CCGS LIMNOS,LAKE HURON,46,455043,-843400,65,58.50,2024-09-05 05:27:00,245,1.00,.00,,,0,9.390000,D 02 W,"OXYGEN,CONCENTRATION DISSOLVED",MG 02/L,45.84528,-84.56667
202402001,2025-03-04 13:41:00,CCGS LIMNOS,LAKE HURON,47,455149,-841741,66,69.00,2024-09-05 07:08:00,245,1.00,.00,,,0,9.410000,D 02 W,"OXYGEN,CONCENTRATION DISSOLVED",MG 02/L,45.86361,-84.29472
202402001,2025-03-04 13:41:00,CCGS LIMNOS,LAKE HURON,48,455606,-835359,67,31.00,2024-09-05 09:35:00,245,1.00,.00,,,0,9.940000,D 02 W,"OXYGEN,CONCENTRATION DISSOLVED",MG 02/L,45.93500,-83.89972
202402001,2025-03-04 13:41:00,CCGS LIMNOS,LAKE HURON,49,460442,-840141,69,10.00,2024-09-05 11:24:00,245,1.00,.00,,,0,9.250000,D 02 W,"OXYGEN,CONCENTRATION DISSOLVED",MG 02/L,46.07833,-84.02806
202402001,2025-03-04 13:41:00,CCGS LIMNOS,LAKE HURON,49,460442,-840141,69,10.00,2024-09-05 11:24:00,245,8.00,.00,,,0,9.100000,D 02 W,"OXYGEN,CONCENTRATION DISSOLVED",MG 02/L,46.07833,-84.02806
202402001,2025-03-04 13:41:00,CCGS LIMNOS,LAKE HURON,50,460230,-835112,68,17.00,2024-09-05 12:44:00,245,1.00,.00,,,0,9.320000,D 02 W,"OXYGEN,CONCENTRATION DISSOLVED",MG 02/L,46.04167,-83.85333
202402001,2025-03-04 13:41:00,CCGS LIMNOS,LAKE HURON,51,460812,-834018,70,22.00,2024-09-05 14:24:00,245,1.00,.00,,,0,9.180000,D 02 W,"OXYGEN,CONCENTRATION DISSOLVED",MG 02/L,46.13667,-83.67167
202402001,2025-03-04 13:41:00,CCGS LIMNOS,LAKE HURON,52,461400,-834447,71,34.00,2024-09-05 15:25:00,245,1.00,.00,,,0,9.130000,D 02 W,"OXYGEN,CONCENTRATION DISSOLVED",MG 02/L,46.23333,-83.74639
202402001,2025-03-04 13:41:00,CCGS LIMNOS,LAKE HURON,52,461400,-834447,71,34.00,2024-09-05 15:25:00,245,3.00,.00,,,0,9.460000,D 02 W,"OXYGEN,CONCENTRATION DISSOLVED",MG 02/L,46.23333,-83.74639
202402001,2025-03-04 13:41:00,CCGS LIMNOS,LAKE HURON,52,461400,-834447,71,34.00,2024-09-05 15:25:00,245,9.50,.00,,,0,9.750000,D 02 W,"OXYGEN,CONCENTRATION DISSOLVED",MG 02/L,46.23333,-83.74639
202402001,2025-03-04 13:41:00,CCGS LIMNOS,LAKE HURON,52,461400,-834447,71,34.00,2024-09-05 15:25:00,245,16.00,.00,,,0,9.960000,D 02 W,"OXYGEN,CONCENTRATION DISSOLVED",MG 02/L,46.23333,-83.74639
202402001,2025-03-04 13:41:00,CCGS LIMNOS,LAKE HURON,52,461400,-834447,71,34.00,2024-09-05 15:25:00,245,32.00,.00,,,0,9.920000,D 02 W,"OXYGEN,CONCENTRATION DISSOLVED",MG 02/L,46.23333,-83.74639
202402001,2025-03-04 13:41:00,CCGS LIMNOS,LAKE HURON,53,461112,-832117,73,19.00,2024-09-05 17:38:00,245,1.00,.00,,,0,9.170000,D 02 W,"OXYGEN,CONCENTRATION DISSOLVED",MG 02/L,46.18667,-83.35472
202402001,2025-03-04 13:41:00,CCGS LIMNOS,LAKE HURON,54,460724,-825309,79,26.00,2024-09-05 20:17:00,245,1.00,.00,,,0,9.530000,D 02 W,"OXYGEN,CONCENTRATION DISSOLVED",MG 02/L,46.12333,-82.88583
202402001,2025-03-04 13:41:00,CCGS LIMNOS,LAKE HURON,54,460724,-825309,79,26.00,2024-09-05 20:17:00,245,10.00,.00,,,0,9.280000,D 02 W,"OXYGEN,CONCENTRATION DISSOLVED",MG 02/L,46.12333,-82.88583
202402001,2025-03-04 13:41:00,CCGS LIMNOS,LAKE HURON,54,460724,-825309,79,26.00,2024-09-05 20:17:00,245,24.00,.00,,,0,9.570000,D 02 W,"OXYGEN,CONCENTRATION DISSOLVED",MG 02/L,46.12333,-82.88583
202402001,2025-03-04 13:41:00,CCGS LIMNOS,LAKE HURON,55,460530,-823324,84,36.00,2024-09-05 22:18:00,245,1.00,.00,,,0,9.410000,D 02 W,"OXYGEN,CONCENTRATION DISSOLVED",MG 02/L,46.09167,-82.55667
202402001,2025-03-04 13:41:00,CCGS LIMNOS,LAKE HURON,55,460530,-823324,84,36.00,2024-09-05 22:18:00,245,1.00,.00,,,1,9.440000,D 02 W,"OXYGEN,CONCENTRATION DISSOLVED",MG 02/L,46.09167,-82.55667
202402001,2025-03-04 13:41:00,CCGS LIMNOS,LAKE HURON,55,460530,-823324,84,36.00,2024-09-05 22:18:00,245,7.00,.00,,,0,9.440000,D 02 W,"OXYGEN,CONCENTRATION DISSOLVED",MG 02/L,46.09167,-82.55667
202402001,2025-03-04 13:41:00,CCGS LIMNOS,LAKE HURON,55,460530,-823324,84,36.00,2024-09-05 22:18:00,245,20.50,.00,,,0,9.320000,D 02 W,"OXYGEN,CONCENTRATION DISSOLVED",MG 02/L,46.09167,-82.55667
202402001,2025-03-04 13:41:00,CCGS LIMNOS,LAKE HURON,55,460530,-823324,84,36.00,2024-09-05 22:18:00,245,26.00,.00,,,0,9.210000,D 02 W,"OXYGEN,CONCENTRATION DISSOLVED",MG 02/L,46.09167,-82.55667
202402001,2025-03-04 13:41:00,CCGS LIMNOS,LAKE HURON,55,460530,-823324,84,36.00,2024-09-05 22:18:00,245,34.00,.00,,,0,9.540000,D 02 W,"OXYGEN,CONCENTRATION DISSOLVED",MG 02/L,46.09167,-82.55667
202402001,2025-03-04 13:41:00,CCGS LIMNOS,LAKE HURON,56,460340,-821149,87,35.00,2024-09-06 00:45:00,245,1.00,.00,,,0,9.030000,D 02 W,"OXYGEN,CONCENTRATION DISSOLVED",MG 02/L,46.06111,-82.19694
202402001,2025-03-04 13:41:00,CCGS LIMNOS,LAKE HURON,57,460320,-815959,88,36.00,2024-09-06 02:07:00,245,1.00,.00,,,0,8.550000,D 02 W,"OXYGEN,CONCENTRATION DISSOLVED",MG 02/L,46.05556,-81.99972
202402001,2025-03-04 13:41:00,CCGS LIMNOS,LAKE HURON,58,455459,-820940,89,39.00,2024-09-06 03:48:00,245,1.00,.00,,,0,9.280000,D 02 W,"OXYGEN,CONCENTRATION DISSOLVED",MG 02/L,45.91639,-82.16111
202402001,2025-03-04 13:41:00,CCGS LIMNOS,LAKE HURON,59,460000,-823258,83,31.00,2024-09-06 07:05:00,245,1.00,.00,,,0,9.300000,D 02 W,"OXYGEN,CONCENTRATION DISSOLVED",MG 02/L,46.00000,-82.54944
202402001,2025-03-04 13:41:00,CCGS LIMNOS,LAKE HURON,60,455611,-824527,82,28.50,2024-09-06 08:34:00,245,1.00,.00,,,0,9.400000,D 02 W,"OXYGEN,CONCENTRATION DISSOLVED",MG 02/L,45.93639,-82.75750
202402001,2025-03-04 13:41:00,CCGS LIMNOS,LAKE HURON,61,455811,-831154,77,78.00,2024-09-06 11:34:00,245,1.00,.00,,,0,9.280000,D 02 W,"OXYGEN,CONCENTRATION DISSOLVED",MG 02/L,45.96972,-83.19833
202402001,2025-03-04 13:41:00,CCGS LIMNOS,LAKE HURON,62,455959,-832600,76,58.00,2024-09-06 13:08:00,245,1.00,.00,,,0,9.250000,D 02 W,"OXYGEN,CONCENTRATION DISSOLVED",MG 02/L,45.99972,-83.43333
202402001,2025-03-04 13:41:00,CCGS LIMNOS,LAKE HURON,63,455405,-833105,60,25.00,2024-09-06 14:16:00,245,1.00,.00,,,0,9.710000,D 02 W,"OXYGEN,CONCENTRATION DISSOLVED",MG 02/L,45.90139,-83.51806
202402001,2025-03-04 13:41:00,CCGS LIMNOS,LAKE HURON,64,455159,-831600,58,12.00,2024-09-06 16:39:00,245,1.00,.00,,,0,9.330000,D 02 W,"OXYGEN,CONCENTRATION DISSOLVED",MG 02/L,45.86639,-83.26667
202402001,2025-03-04 13:41:00,CCGS LIMNOS,LAKE HURON,65,454600,-830141,59,18.00,2024-09-06 18:18:00,245,1.00,.00,,,0,9.450000,D 02 W,"OXYGEN,CONCENTRATION DISSOLVED",MG 02/L,45.76667,-83.02806
202402001,2025-03-04 13:41:00,CCGS LIMNOS,LAKE HURON,65,454600,-830141,59,18.00,2024-09-06 18:18:00,245,1.00,.00,,,1,9.540000,D 02 W,"OXYGEN,CONCENTRATION DISSOLVED",MG 02/L,45.76667,-83.02806
202402001,2025-03-04 13:41:00,CCGS LIMNOS,LAKE HURON,66,453905,-823852,52,66.00,2024-09-06 20:48:00,245,1.00,.00,,,0,9.440000,D 02 W,"OXYGEN,CONCENTRATION DISSOLVED",MG 02/L,45.65139,-82.64778
202402001,2025-03-04 13:41:00,CCGS LIMNOS,LAKE HURON,67,453205,-820242,50,27.00,2024-09-07 00:19:00,245,1.00,.00,,,0,9.360000,D 02 W,"OXYGEN,CONCENTRATION DISSOLVED",MG 02/L,45.53472,-82.04500
202402001,2025-03-04 13:41:00,CCGS LIMNOS,LAKE HURON,68,451316,-814909,42,42.00,2024-09-07 03:12:00,245,1.00,.00,,,0,9.230000,D 02 W,"OXYGEN,CONCENTRATION DISSOLVED",MG 02/L,45.22111,-81.81917
202402001,2025-03-04 13:41:00,CCGS LIMNOS,LAKE HURON,1,430523,-822330,1,11.00,2024-08-26 18:44:00,247,1.00,.00,,,0,99.810000,SAT 02,"OXYGEN,% SAT. DISSOLVED",PERCENT,43.08972,-82.39167
202402001,2025-03-04 13:41:00,CCGS LIMNOS,LAKE HURON,1,430523,-822330,1,11.00,2024-08-26 18:44:00,247,9.00,.00,,,0,100.110000,SAT 02,"OXYGEN,% SAT. DISSOLVED",PERCENT,43.08972,-82.39167
202402001,2025-03-04 13:41:00,CCGS LIMNOS,LAKE HURON,2,432030,-823021,7,11.00,2024-08-26 20:43:00,247,1.00,.00,,,0,104.000000,SAT 02,"OXYGEN,% SAT. DISSOLVED",PERCENT,43.34167,-82.50583
202402001,2025-03-04 13:41:00,CCGS LIMNOS,LAKE HURON,3,433402,-822907,8,30.00,2024-08-26 22:29:00,247,1.00,.00,,,0,101.710000,SAT 02,"OXYGEN,% SAT. DISSOLVED",PERCENT,43.56722,-82.48528
202402001,2025-03-04 13:41:00,CCGS LIMNOS,LAKE HURON,4,433759,-821301,9,60.00,2024-08-27 00:08:00,247,1.00,.00,,,0,102.890000,SAT 02,"OXYGEN,% SAT. DISSOLVED",PERCENT,43.63306,-82.21694
202402001,2025-03-04 13:41:00,CCGS LIMNOS,LAKE HURON,4,433759,-821301,9,60.00,2024-08-27 00:08:00,247,23.00,.00,,,0,122.360000,SAT 02,"OXYGEN,% SAT. DISSOLVED",PERCENT,43.63306,-82.21694
202402001,2025-03-04 13:41:00,CCGS LIMNOS,LAKE HURON,4,433759,-821301,9,60.00,2024-08-27 00:08:00,247,32.00,.00,,,0,104.070000,SAT 02,"OXYGEN,% SAT. DISSOLVED",PERCENT,43.63306,-82.21694
202402001,2025-03-04 13:41:00,CCGS LIMNOS,LAKE HURON,4,433759,-821301,9,60.00,2024-08-27 00:08:00,247,41.00,.00,,,0,88.760000,SAT 02,"OXYGEN,% SAT. DISSOLVED",PERCENT,43.63306,-82.21694
202402001,2025-03-04 13:41:00,CCGS LIMNOS,LAKE HURON,4,433759,-821301,9,60.00,2024-08-27 00:08:00,247,50.00,.00,,,0,88.920000,SAT 02,"OXYGEN,% SAT. DISSOLVED",PERCENT,43.63306,-82.21694
202402001,2025-03-04 13:41:00,CCGS LIMNOS,LAKE HURON,4,433759,-821301,9,60.00,2024-08-27 00:08:00,247,58.00,.00,,,0,86.480000,SAT 02,"OXYGEN,% SAT. DISSOLVED",PERCENT,43.63306,-82.21694
202402001,2025-03-04 13:41:00,CCGS LIMNOS,LAKE HURON,5,434513,-823405,13,17.00,2024-08-27 03:04:00,247,1.00,.00,,,0,104.780000,SAT 02,"OXYGEN,% SAT. DISSOLVED",PERCENT,43.75361,-82.56806
202402001,2025-03-04 13:41:00,CCGS LIMNOS,LAKE HURON,5,434513,-823405,13,17.00,2024-08-27 03:04:00,247,1.00,.00,,,1,104.780000,SAT 02,"OXYGEN,% SAT. DISSOLVED",PERCENT,43.75361,-82.56806
202402001,2025-03-04 13:41:00,CCGS LIMNOS,LAKE HURON,6,435631,-824000,14,12.50,2024-08-27 04:44:00,247,1.00,.00,,,0,101.740000,SAT 02,"OXYGEN,% SAT. DISSOLVED",PERCENT,43.94194,-82.66667
202402001,2025-03-04 13:41:00,CCGS LIMNOS,LAKE HURON,7,440600,-825159,17,15.00,2024-08-27 06:32:00,247,1.00,.00,,,0,105.380000,SAT 02,"OXYGEN,% SAT. DISSOLVED",PERCENT,44.10000,-82.86639
202402001,2025-03-04 13:41:00,CCGS LIMNOS,LAKE HURON,7,440600,-825159,17,15.00,2024-08-27 06:32:00,247,10.00,.00,,,0,99.450000,SAT 02,"OXYGEN,% SAT. DISSOLVED",PERCENT,44.10000,-82.86639
202402001,2025-03-04 13:41:00,CCGS LIMNOS,LAKE HURON,7,440600,-825159,17,15.00,2024-08-27 06:32:00,247,13.00,.00,,,0,100.300000,SAT 02,"OXYGEN,% SAT. DISSOLVED",PERCENT,44.10000,-82.86639
202402001,2025-03-04 13:41:00,CCGS LIMNOS,LAKE HURON,8,440409,-830450,94,14.50,2024-08-27 07:55:00,247,1.00,.00,,,0,102.570000,SAT 02,"OXYGEN,% SAT. DISSOLVED",PERCENT,44.06917,-83.08056
202402001,2025-03-04 13:41:00,CCGS LIMNOS,LAKE HURON,9,440735,-831014,96,30.00,2024-08-27 08:46:00,247,1.00,.00,,,0,102.990000,SAT 02,"OXYGEN,% SAT. DISSOLVED",PERCENT,44.12639,-83.17056
202402001,2025-03-04 13:41:00,CCGS LIMNOS,LAKE HURON,10,440654,-833144,97,11.00,2024-08-27 10:47:00,247,1.00,.00,,,0,106.660000,SAT 02,"OXYGEN,% SAT. DISSOLVED",PERCENT,44.11500,-83.52889
202402001,2025-03-04 13:41:00,CCGS LIMNOS,LAKE HURON,11,435834,-833430,98,11.00,2024-08-27 12:08:00,247,1.00,.00,,,0,103.880000,SAT 02,"OXYGEN,% SAT. DISSOLVED",PERCENT,43.97611,-83.57500
202402001,2025-03-04 13:41:00,CCGS LIMNOS,LAKE HURON,12,434915,-833728,101,6.00,2024-08-27 13:32:00,247,1.00,.00,,,0,107.800000,SAT 02,"OXYGEN,% SAT. DISSOLVED",PERCENT,43.82083,-83.62444
202402001,2025-03-04 13:41:00,CCGS LIMNOS,LAKE HURON,13,434930,-834901,100,7.00,2024-08-27 14:43:00,247,.50,.00,,,0,104.540000,SAT 02,"OXYGEN,% SAT. DISSOLVED",PERCENT,43.82500,-83.81694
202402001,2025-03-04 13:41:00,CCGS LIMNOS,LAKE HURON,13,434930,-834901,100,7.00,2024-08-27 14:43:00,247,1.00,.00,,,0,104.980000,SAT 02,"OXYGEN,% SAT. DISSOLVED",PERCENT,43.82500,-83.81694
202402001,2025-03-04 13:41:00,CCGS LIMNOS,LAKE HURON,13,434930,-834901,100,7.00,2024-08-27 14:43:00,247,5.00,.00,,,0,96.710000,SAT 02,"OXYGEN,% SAT. DISSOLVED",PERCENT,43.82500,-83.81694
202402001,2025-03-04 13:41:00,CCGS LIMNOS,LAKE HURON,14,435430,-834427,99,7.00,2024-08-27 15:59:00,247,1.00,.00,,,0,106.270000,SAT 02,"OXYGEN,% SAT. DISSOLVED",PERCENT,43.90833,-83.74083
202402001,2025-03-04 13:41:00,CCGS LIMNOS,LAKE HURON,15,441246,-832214,95,21.00,2024-08-27 19:10:00,247,1.00,.00,,,0,103.110000,SAT 02,"OXYGEN,% SAT. DISSOLVED",PERCENT,44.21278,-83.37056
202402001,2025-03-04 13:41:00,CCGS LIMNOS,LAKE HURON,15,441246,-832214,95,21.00,2024-08-27 19:10:00,247,1.00,.00,,,1,101.000000,SAT 02,"OXYGEN,% SAT. DISSOLVED",PERCENT,44.21278,-83.37056
202402001,2025-03-04 13:41:00,CCGS LIMNOS,LAKE HURON,15,441246,-832214,95,21.00,2024-08-27 19:10:00,247,11.00,.00,,,0,99.950000,SAT 02,"OXYGEN,% SAT. DISSOLVED",PERCENT,44.21278,-83.37056
202402001,2025-03-04 13:41:00,CCGS LIMNOS,LAKE HURON,15,441246,-832214,95,21.00,2024-08-27 19:10:00,247,19.00,.00,,,0,98.530000,SAT 02,"OXYGEN,% SAT. DISSOLVED",PERCENT,44.21278,-83.37056
202402001,2025-03-04 13:41:00,CCGS LIMNOS,LAKE HURON,16,442002,-831758,23,9.00,2024-08-27 20:21:00,247,1.00,.00,,,0,97.520000,SAT 02,"OXYGEN,% SAT. DISSOLVED",PERCENT,44.33389,-83.29944
202402001,2025-03-04 13:41:00,CCGS LIMNOS,LAKE HURON,17,441303,-830501,20,47.00,2024-08-27 22:00:00,247,1.00,.00,,,0,101.320000,SAT 02,"OXYGEN,% SAT. DISSOLVED",PERCENT,44.21750,-83.08361
202402001,2025-03-04 13:41:00,CCGS LIMNOS,LAKE HURON,18,431525,-820217,3,16.00,2024-08-28 06:31:00,247,1.00,.00,,,0,102.620000,SAT 02,"OXYGEN,% SAT. DISSOLVED",PERCENT,43.25694,-82.03806
202402001,2025-03-04 13:41:00,CCGS LIMNOS,LAKE HURON,19,431930,-814717,4,10.00,2024-08-28 08:11:00,247,1.00,.00,,,0,103.550000,SAT 02,"OXYGEN,% SAT. DISSOLVED",PERCENT,43.32500,-81.78806
202402001,2025-03-04 13:41:00,CCGS LIMNOS,LAKE HURON,20,433254,-814441,5,11.50,2024-08-28 09:54:00,247,1.00,.00,,,0,102.760000,SAT 02,"OXYGEN,% SAT. DISSOLVED",PERCENT,43.54833,-81.74472
202402001,2025-03-04 13:41:00,CCGS LIMNOS,LAKE HURON,21,434512,-814652,10,12.50,2024-08-28 11:47:00,247,1.00,.00,,,0,101.650000,SAT 02,"OXYGEN,% SAT. DISSOLVED",PERCENT,43.75333,-81.78111
202402001,2025-03-04 13:41:00,CCGS LIMNOS,LAKE HURON,22,435723,-814712,11,10.50,2024-08-28 22:01:00,247,1.00,.00,,,0,104.150000,SAT 02,"OXYGEN,% SAT. DISSOLVED",PERCENT,43.95639,-81.78667
202402001,2025-03-04 13:41:00,CCGS LIMNOS,LAKE HURON,23,442159,-815000,29,123.00,2024-08-29 01:48:00,247,1.00,.00,,,0,102.320000,SAT 02,"OXYGEN,% SAT. DISSOLVED",PERCENT,44.36639,-81.83333
202402001,2025-03-04 13:41:00,CCGS LIMNOS,LAKE HURON,23,442159,-815000,29,123.00,2024-08-29 01:48:00,247,14.00,.00,,,0,107.770000,SAT 02,"OXYGEN,% SAT. DISSOLVED",PERCENT,44.36639,-81.83333
202402001,2025-03-04 13:41:00,CCGS LIMNOS,LAKE HURON,23,442159,-815000,29,123.00,2024-08-29 01:48:00,247,24.00,.00,,,0,108.270000,SAT 02,"OXYGEN,% SAT. DISSOLVED",PERCENT,44.36639,-81.83333
202402001,2025-03-04 13:41:00,CCGS LIMNOS,LAKE HURON,23,442159,-815000,29,123.00,2024-08-29 01:48:00,247,34.00,.00,,,0,100.370000,SAT 02,"OXYGEN,% SAT. DISSOLVED",PERCENT,44.36639,-81.83333
202402001,2025-03-04 13:41:00,CCGS LIMNOS,LAKE HURON,23,442159,-815000,29,123.00,2024-08-29 01:48:00,247,113.00,.00,,,0,82.760000,SAT 02,"OXYGEN,% SAT. DISSOLVED",PERCENT,44.36639,-81.83333
202402001,2025-03-04 13:41:00,CCGS LIMNOS,LAKE HURON,23,442159,-815000,29,123.00,2024-08-29 01:48:00,247,121.00,.00,,,0,84.240000,SAT 02,"OXYGEN,% SAT. DISSOLVED",PERCENT,44.36639,-81.83333
202402001,2025-03-04 13:41:00,CCGS LIMNOS,LAKE HURON,24,442759,-812712,30,21.50,2024-08-29 05:15:00,247,1.00,.00,,,0,103.340000,SAT 02,"OXYGEN,% SAT. DISSOLVED",PERCENT,44.46639,-81.45333
202402001,2025-03-04 13:41:00,CCGS LIMNOS,LAKE HURON,25,443924,-812242,39,26.00,2024-08-29 06:59:00,247,1.00,.00,,,0,102.460000,SAT 02,"OXYGEN,% SAT. DISSOLVED",PERCENT,44.65667,-81.37833
202402001,2025-03-04 13:41:00,CCGS LIMNOS,LAKE HURON,25,443924,-812242,39,26.00,2024-08-29 06:59:00,247,1.00,.00,,,1,102.340000,SAT 02,"OXYGEN,% SAT. DISSOLVED",PERCENT,44.65667,-81.37833
202402001,2025-03-04 13:41:00,CCGS LIMNOS,LAKE HURON,26,445354,-812613,40,20.00,2024-08-29 09:31:00,247,1.00,.00,,,0,107.270000,SAT 02,"OXYGEN,% SAT. DISSOLVED",PERCENT,44.89833,-81.43694
202402001,2025-03-04 13:41:00,CCGS LIMNOS,LAKE HURON,27,450459,-813212,41,22.50,2024-08-29 11:17:00,247,1.00,.00,,,0,102.480000,SAT 02,"OXYGEN,% SAT. DISSOLVED",PERCENT,45.08306,-81.53667
202402001,2025-03-04 13:41:00,CCGS LIMNOS,LAKE HURON,28,450048,-820030,43,172.00,2024-08-29 14:43:00,247,1.00,.00,,,0,100.920000,SAT 02,"OXYGEN,% SAT. DISSOLVED",PERCENT,45.01333,-82.00833
202402001,2025-03-04 13:41:00,CCGS LIMNOS,LAKE HURON,29,451642,-822707,48,110.00,2024-08-29 18:21:00,247,1.00,.00,,,0,101.310000,SAT 02,"OXYGEN,% SAT. DISSOLVED",PERCENT,45.27833,-82.45194
202402001,2025-03-04 13:41:00,CCGS LIMNOS,LAKE HURON,30,450059,-824106,44,166.50,2024-08-29 21:09:00,247,1.00,.00,,,0,101.520000,SAT 02,"OXYGEN,% SAT. DISSOLVED",PERCENT,45.01639,-82.68500
202402001,2025-03-04 13:41:00,CCGS LIMNOS,LAKE HURON,30,450059,-824106,44,166.50,2024-08-29 21:09:00,247,14.00,.00,,,0,102.950000,SAT 02,"OXYGEN,% SAT. DISSOLVED",PERCENT,45.01639,-82.68500
202402001,2025-03-04 13:41:00,CCGS LIMNOS,LAKE HURON,30,450059,-824106,44,166.50,2024-08-29 21:09:00,247,45.50,.00,,,0,89.930000,SAT 02,"OXYGEN,% SAT. DISSOLVED",PERCENT,45.01639,-82.68500
202402001,2025-03-04 13:41:00,CCGS LIMNOS,LAKE HURON,30,450059,-824106,44,166.50,2024-08-29 21:09:00,247,77.00,.00,,,0,80.320000,SAT 02,"OXYGEN,% SAT. DISSOLVED",PERCENT,45.01639,-82.68500
202402001,2025-03-04 13:41:00,CCGS LIMNOS,LAKE HURON,30,450059,-824106,44,166.50,2024-08-29 21:09:00,247,156.50,.00,,,0,83.020000,SAT 02,"OXYGEN,% SAT. DISSOLVED",PERCENT,45.01639,-82.68500
202402001,2025-03-04 13:41:00,CCGS LIMNOS,LAKE HURON,30,450059,-824106,44,166.50,2024-08-29 21:09:00,247,164.50,.00,,,0,83.570000,SAT 02,"OXYGEN,% SAT. DISSOLVED",PERCENT,45.01639,-82.68500
202402001,2025-03-04 13:41:00,CCGS LIMNOS,LAKE HURON,31,444424,-820326,38,134.00,2024-08-30 01:46:00,247,1.00,.00,,,0,101.370000,SAT 02,"OXYGEN,% SAT. DISSOLVED",PERCENT,44.74000,-82.05722
202402001,2025-03-04 13:41:00,CCGS LIMNOS,LAKE HURON,32,442712,-822030,32,83.00,2024-08-30 05:08:00,247,1.00,.00,,,0,101.810000,SAT 02,"OXYGEN,% SAT. DISSOLVED",PERCENT,44.45333,-82.34167
202402001,2025-03-04 13:41:00,CCGS LIMNOS,LAKE HURON,33,435325,-820324,12,87.00,2024-08-30 10:38:00,247,1.00,.00,,,0,103.080000,SAT 02,"OXYGEN,% SAT. DISSOLVED",PERCENT,43.89028,-82.05667
202402001,2025-03-04 13:41:00,CCGS LIMNOS,LAKE HURON,34,441154,-823011,27,55.00,2024-09-03 23:11:00,247,1.00,.00,,,0,101.670000,SAT 02,"OXYGEN,% SAT. DISSOLVED",PERCENT,44.19833,-82.50306
202402001,2025-03-04 13:41:00,CCGS LIMNOS,LAKE HURON,35,443000,-825000,33,72.50,2024-09-04 02:23:00,247,1.00,.00,,,0,101.490000,SAT 02,"OXYGEN,% SAT. DISSOLVED",PERCENT,44.50000,-82.83333
202402001,2025-03-04 13:41:00,CCGS LIMNOS,LAKE HURON,35,443000,-825000,33,72.50,2024-09-04 02:23:00,247,1.00,.00,,,1,101.600000,SAT 02,"OXYGEN,% SAT. DISSOLVED",PERCENT,44.50000,-82.83333
202402001,2025-03-04 13:41:00,CCGS LIMNOS,LAKE HURON,36,443824,-831354,34,9.00,2024-09-04 05:09:00,247,1.00,.00,,,0,101.270000,SAT 02,"OXYGEN,% SAT. DISSOLVED",PERCENT,44.64000,-83.23167
202402001,2025-03-04 13:41:00,CCGS LIMNOS,LAKE HURON,37,450224,-832241,36,9.00,2024-09-04 08:34:00,247,1.00,.00,,,0,101.720000,SAT 02,"OXYGEN,% SAT. DISSOLVED",PERCENT,45.04000,-83.37806
202402001,2025-03-04 13:41:00,CCGS LIMNOS,LAKE HURON,37,450224,-832241,36,9.00,2024-09-04 08:34:00,247,7.00,.00,,,0,101.980000,SAT 02,"OXYGEN,% SAT. DISSOLVED",PERCENT,45.04000,-83.37806
202402001,2025-03-04 13:41:00,CCGS LIMNOS,LAKE HURON,38,451516,-832044,47,23.50,2024-09-04 11:59:00,247,1.00,.00,,,0,101.540000,SAT 02,"OXYGEN,% SAT. DISSOLVED",PERCENT,45.25444,-83.34556
202402001,2025-03-04 13:41:00,CCGS LIMNOS,LAKE HURON,39,453100,-832459,54,132.50,2024-09-04 15:02:00,247,1.00,.00,,,0,101.780000,SAT 02,"OXYGEN,% SAT. DISSOLVED",PERCENT,45.51667,-83.41639
202402001,2025-03-04 13:41:00,CCGS LIMNOS,LAKE HURON,39,453100,-832459,54,132.50,2024-09-04 15:02:00,247,11.00,.00,,,0,112.210000,SAT 02,"OXYGEN,% SAT. DISSOLVED",PERCENT,45.51667,-83.41639
202402001,2025-03-04 13:41:00,CCGS LIMNOS,LAKE HURON,39,453100,-832459,54,132.50,2024-09-04 15:02:00,247,25.50,.00,,,0,96.690000,SAT 02,"OXYGEN,% SAT. DISSOLVED",PERCENT,45.51667,-83.41639
202402001,2025-03-04 13:41:00,CCGS LIMNOS,LAKE HURON,39,453100,-832459,54,132.50,2024-09-04 15:02:00,247,40.00,.00,,,0,88.800000,SAT 02,"OXYGEN,% SAT. DISSOLVED",PERCENT,45.51667,-83.41639
202402001,2025-03-04 13:41:00,CCGS LIMNOS,LAKE HURON,39,453100,-832459,54,132.50,2024-09-04 15:02:00,247,122.50,.00,,,0,84.130000,SAT 02,"OXYGEN,% SAT. DISSOLVED",PERCENT,45.51667,-83.41639
202402001,2025-03-04 13:41:00,CCGS LIMNOS,LAKE HURON,39,453100,-832459,54,132.50,2024-09-04 15:02:00,247,130.50,.00,,,0,85.660000,SAT 02,"OXYGEN,% SAT. DISSOLVED",PERCENT,45.51667,-83.41639
202402001,2025-03-04 13:41:00,CCGS LIMNOS,LAKE HURON,40,452530,-833905,55,37.00,2024-09-04 17:32:00,247,1.00,.00,,,0,100.580000,SAT 02,"OXYGEN,% SAT. DISSOLVED",PERCENT,45.42500,-83.65139
202402001,2025-03-04 13:41:00,CCGS LIMNOS,LAKE HURON,41,453059,-840500,56,22.50,2024-09-04 20:07:00,247,1.00,.00,,,0,101.870000,SAT 02,"OXYGEN,% SAT. DISSOLVED",PERCENT,45.51639,-84.08333
202402001,2025-03-04 13:41:00,CCGS LIMNOS,LAKE HURON,42,454459,-835500,61,117.00,2024-09-04 22:19:00,247,1.00,.00,,,0,101.520000,SAT 02,"OXYGEN,% SAT. DISSOLVED",PERCENT,45.74972,-83.91667
202402001,2025-03-04 13:41:00,CCGS LIMNOS,LAKE HURON,43,454029,-841112,62,44.00,2024-09-05 00:10:00,247,1.00,.00,,,0,102.330000,SAT 02,"OXYGEN,% SAT. DISSOLVED",PERCENT,45.67472,-84.18667
202402001,2025-03-04 13:41:00,CCGS LIMNOS,LAKE HURON,44,454212,-843041,63,15.00,2024-09-05 02:25:00,247,1.00,.00,,,0,102.810000,SAT 02,"OXYGEN,% SAT. DISSOLVED",PERCENT,45.70333,-84.51139
202402001,2025-03-04 13:41:00,CCGS LIMNOS,LAKE HURON,45,454848,-844519,64,36.00,2024-09-05 04:05:00,247,1.00,.00,,,0,103.070000,SAT 02,"OXYGEN,% SAT. DISSOLVED",PERCENT,45.81333,-84.75528
202402001,2025-03-04 13:41:00,CCGS LIMNOS,LAKE HURON,45,454848,-844519,64,36.00,2024-09-05 04:05:00,247,1.00,.00,,,1,102.960000,SAT 02,"OXYGEN,% SAT. DISSOLVED",PERCENT,45.81333,-84.75528
202402001,2025-03-04 13:41:00,CCGS LIMNOS,LAKE HURON,45,454848,-844519,64,36.00,2024-09-05 04:05:00,247,16.00,.00,,,0,110.480000,SAT 02,"OXYGEN,% SAT. DISSOLVED",PERCENT,45.81333,-84.75528
202402001,2025-03-04 13:41:00,CCGS LIMNOS,LAKE HURON,45,454848,-844519,64,36.00,2024-09-05 04:05:00,247,24.50,.00,,,0,99.680000,SAT 02,"OXYGEN,% SAT. DISSOLVED",PERCENT,45.81333,-84.75528
202402001,2025-03-04 13:41:00,CCGS LIMNOS,LAKE HURON,45,454848,-844519,64,36.00,2024-09-05 04:05:00,247,26.00,.00,,,0,97.610000,SAT 02,"OXYGEN,% SAT. DISSOLVED",PERCENT,45.81333,-84.75528
202402001,2025-03-04 13:41:00,CCGS LIMNOS,LAKE HURON,45,454848,-844519,64,36.00,2024-09-05 04:05:00,247,33.00,.00,,,0,93.460000,SAT 02,"OXYGEN,% SAT. DISSOLVED",PERCENT,45.81333,-84.75528
202402001,2025-03-04 13:41:00,CCGS LIMNOS,LAKE HURON,46,455043,-843400,65,58.50,2024-09-05 05:27:00,247,1.00,.00,,,0,102.490000,SAT 02,"OXYGEN,% SAT. DISSOLVED",PERCENT,45.84528,-84.56667
202402001,2025-03-04 13:41:00,CCGS LIMNOS,LAKE HURON,47,455149,-841741,66,69.00,2024-09-05 07:08:00,247,1.00,.00,,,0,102.160000,SAT 02,"OXYGEN,% SAT. DISSOLVED",PERCENT,45.86361,-84.29472
202402001,2025-03-04 13:41:00,CCGS LIMNOS,LAKE HURON,48,455606,-835359,67,31.00,2024-09-05 09:35:00,247,1.00,.00,,,0,101.930000,SAT 02,"OXYGEN,% SAT. DISSOLVED",PERCENT,45.93500,-83.89972
202402001,2025-03-04 13:41:00,CCGS LIMNOS,LAKE HURON,49,460442,-840141,69,10.00,2024-09-05 11:24:00,247,1.00,.00,,,0,101.600000,SAT 02,"OXYGEN,% SAT. DISSOLVED",PERCENT,46.07833,-84.02806
202402001,2025-03-04 13:41:00,CCGS LIMNOS,LAKE HURON,49,460442,-840141,69,10.00,2024-09-05 11:24:00,247,8.00,.00,,,0,96.540000,SAT 02,"OXYGEN,% SAT. DISSOLVED",PERCENT,46.07833,-84.02806
202402001,2025-03-04 13:41:00,CCGS LIMNOS,LAKE HURON,50,460230,-835112,68,17.00,2024-09-05 12:44:00,247,1.00,.00,,,0,100.520000,SAT 02,"OXYGEN,% SAT. DISSOLVED",PERCENT,46.04167,-83.85333
202402001,2025-03-04 13:41:00,CCGS LIMNOS,LAKE HURON,51,460812,-834018,70,22.00,2024-09-05 14:24:00,247,1.00,.00,,,0,100.930000,SAT 02,"OXYGEN,% SAT. DISSOLVED",PERCENT,46.13667,-83.67167
202402001,2025-03-04 13:41:00,CCGS LIMNOS,LAKE HURON,52,461400,-834447,71,34.00,2024-09-05 15:25:00,247,1.00,.00,,,0,99.200000,SAT 02,"OXYGEN,% SAT. DISSOLVED",PERCENT,46.23333,-83.74639
202402001,2025-03-04 13:41:00,CCGS LIMNOS,LAKE HURON,52,461400,-834447,71,34.00,2024-09-05 15:25:00,247,3.00,.00,,,0,102.560000,SAT 02,"OXYGEN,% SAT. DISSOLVED",PERCENT,46.23333,-83.74639
202402001,2025-03-04 13:41:00,CCGS LIMNOS,LAKE HURON,52,461400,-834447,71,34.00,2024-09-05 15:25:00,247,9.50,.00,,,0,89.170000,SAT 02,"OXYGEN,% SAT. DISSOLVED",PERCENT,46.23333,-83.74639
202402001,2025-03-04 13:41:00,CCGS LIMNOS,LAKE HURON,52,461400,-834447,71,34.00,2024-09-05 15:25:00,247,16.00,.00,,,0,86.820000,SAT 02,"OXYGEN,% SAT. DISSOLVED",PERCENT,46.23333,-83.74639
202402001,2025-03-04 13:41:00,CCGS LIMNOS,LAKE HURON,52,461400,-834447,71,34.00,2024-09-05 15:25:00,247,32.00,.00,,,0,85.100000,SAT 02,"OXYGEN,% SAT. DISSOLVED",PERCENT,46.23333,-83.74639
202402001,2025-03-04 13:41:00,CCGS LIMNOS,LAKE HURON,53,461112,-832117,73,19.00,2024-09-05 17:38:00,247,1.00,.00,,,0,98.930000,SAT 02,"OXYGEN,% SAT. DISSOLVED",PERCENT,46.18667,-83.35472
202402001,2025-03-04 13:41:00,CCGS LIMNOS,LAKE HURON,54,460724,-825309,79,26.00,2024-09-05 20:17:00,247,1.00,.00,,,0,98.400000,SAT 02,"OXYGEN,% SAT. DISSOLVED",PERCENT,46.12333,-82.88583
202402001,2025-03-04 13:41:00,CCGS LIMNOS,LAKE HURON,54,460724,-825309,79,26.00,2024-09-05 20:17:00,247,10.00,.00,,,0,95.480000,SAT 02,"OXYGEN,% SAT. DISSOLVED",PERCENT,46.12333,-82.88583
202402001,2025-03-04 13:41:00,CCGS LIMNOS,LAKE HURON,54,460724,-825309,79,26.00,2024-09-05 20:17:00,247,24.00,.00,,,0,89.560000,SAT 02,"OXYGEN,% SAT. DISSOLVED",PERCENT,46.12333,-82.88583
202402001,2025-03-04 13:41:00,CCGS LIMNOS,LAKE HURON,55,460530,-823324,84,36.00,2024-09-05 22:18:00,247,1.00,.00,,,0,100.340000,SAT 02,"OXYGEN,% SAT. DISSOLVED",PERCENT,46.09167,-82.55667
202402001,2025-03-04 13:41:00,CCGS LIMNOS,LAKE HURON,55,460530,-823324,84,36.00,2024-09-05 22:18:00,247,1.00,.00,,,1,100.660000,SAT 02,"OXYGEN,% SAT. DISSOLVED",PERCENT,46.09167,-82.55667
202402001,2025-03-04 13:41:00,CCGS LIMNOS,LAKE HURON,55,460530,-823324,84,36.00,2024-09-05 22:18:00,247,7.00,.00,,,0,100.700000,SAT 02,"OXYGEN,% SAT. DISSOLVED",PERCENT,46.09167,-82.55667
202402001,2025-03-04 13:41:00,CCGS LIMNOS,LAKE HURON,55,460530,-823324,84,36.00,2024-09-05 22:18:00,247,20.50,.00,,,0,89.230000,SAT 02,"OXYGEN,% SAT. DISSOLVED",PERCENT,46.09167,-82.55667
202402001,2025-03-04 13:41:00,CCGS LIMNOS,LAKE HURON,55,460530,-823324,84,36.00,2024-09-05 22:18:00,247,26.00,.00,,,0,86.530000,SAT 02,"OXYGEN,% SAT. DISSOLVED",PERCENT,46.09167,-82.55667
202402001,2025-03-04 13:41:00,CCGS LIMNOS,LAKE HURON,55,460530,-823324,84,36.00,2024-09-05 22:18:00,247,34.00,.00,,,0,84.730000,SAT 02,"OXYGEN,% SAT. DISSOLVED",PERCENT,46.09167,-82.55667
202402001,2025-03-04 13:41:00,CCGS LIMNOS,LAKE HURON,56,460340,-821149,87,35.00,2024-09-06 00:45:00,247,1.00,.00,,,0,97.510000,SAT 02,"OXYGEN,% SAT. DISSOLVED",PERCENT,46.06111,-82.19694
202402001,2025-03-04 13:41:00,CCGS LIMNOS,LAKE HURON,57,460320,-815959,88,36.00,2024-09-06 02:07:00,247,1.00,.00,,,0,94.670000,SAT 02,"OXYGEN,% SAT. DISSOLVED",PERCENT,46.05556,-81.99972
202402001,2025-03-04 13:41:00,CCGS LIMNOS,LAKE HURON,58,455459,-820940,89,39.00,2024-09-06 03:48:00,247,1.00,.00,,,0,101.290000,SAT 02,"OXYGEN,% SAT. DISSOLVED",PERCENT,45.91639,-82.16111
202402001,2025-03-04 13:41:00,CCGS LIMNOS,LAKE HURON,59,460000,-823258,83,31.00,2024-09-06 07:05:00,247,1.00,.00,,,0,100.530000,SAT 02,"OXYGEN,% SAT. DISSOLVED",PERCENT,46.00000,-82.54944
202402001,2025-03-04 13:41:00,CCGS LIMNOS,LAKE HURON,60,455611,-824527,82,28.50,2024-09-06 08:34:00,247,1.00,.00,,,0,101.970000,SAT 02,"OXYGEN,% SAT. DISSOLVED",PERCENT,45.93639,-82.75750
202402001,2025-03-04 13:41:00,CCGS LIMNOS,LAKE HURON,61,455811,-831154,77,78.00,2024-09-06 11:34:00,247,1.00,.00,,,0,99.610000,SAT 02,"OXYGEN,% SAT. DISSOLVED",PERCENT,45.96972,-83.19833
202402001,2025-03-04 13:41:00,CCGS LIMNOS,LAKE HURON,62,455959,-832600,76,58.00,2024-09-06 13:08:00,247,1.00,.00,,,0,100.030000,SAT 02,"OXYGEN,% SAT. DISSOLVED",PERCENT,45.99972,-83.43333
202402001,2025-03-04 13:41:00,CCGS LIMNOS,LAKE HURON,63,455405,-833105,60,25.00,2024-09-06 14:16:00,247,1.00,.00,,,0,100.740000,SAT 02,"OXYGEN,% SAT. DISSOLVED",PERCENT,45.90139,-83.51806
202402001,2025-03-04 13:41:00,CCGS LIMNOS,LAKE HURON,64,455159,-831600,58,12.00,2024-09-06 16:39:00,247,1.00,.00,,,0,99.190000,SAT 02,"OXYGEN,% SAT. DISSOLVED",PERCENT,45.86639,-83.26667
202402001,2025-03-04 13:41:00,CCGS LIMNOS,LAKE HURON,65,454600,-830141,59,18.00,2024-09-06 18:18:00,247,1.00,.00,,,0,100.240000,SAT 02,"OXYGEN,% SAT. DISSOLVED",PERCENT,45.76667,-83.02806
202402001,2025-03-04 13:41:00,CCGS LIMNOS,LAKE HURON,65,454600,-830141,59,18.00,2024-09-06 18:18:00,247,1.00,.00,,,1,101.190000,SAT 02,"OXYGEN,% SAT. DISSOLVED",PERCENT,45.76667,-83.02806
202402001,2025-03-04 13:41:00,CCGS LIMNOS,LAKE HURON,66,453905,-823852,52,66.00,2024-09-06 20:48:00,247,1.00,.00,,,0,98.910000,SAT 02,"OXYGEN,% SAT. DISSOLVED",PERCENT,45.65139,-82.64778
202402001,2025-03-04 13:41:00,CCGS LIMNOS,LAKE HURON,67,453205,-820242,50,27.00,2024-09-07 00:19:00,247,1.00,.00,,,0,95.940000,SAT 02,"OXYGEN,% SAT. DISSOLVED",PERCENT,45.53472,-82.04500
202402001,2025-03-04 13:41:00,CCGS LIMNOS,LAKE HURON,68,451316,-814909,42,42.00,2024-09-07 03:12:00,247,1.00,.00,,,0,99.120000,SAT 02,"OXYGEN,% SAT. DISSOLVED",PERCENT,45.22111,-81.81917
202402001,2025-03-04 13:41:00,CCGS LIMNOS,LAKE HURON,1,430523,-822330,1,11.00,2024-08-26 18:44:00,265,1.00,.00,0.01400000,,0,.151000,TF KJN,"TOTAL KJELDAHL NITROGEN,FILTERED",MG N/L,43.08972,-82.39167
202402001,2025-03-04 13:41:00,CCGS LIMNOS,LAKE HURON,1,430523,-822330,1,11.00,2024-08-26 18:44:00,265,9.00,.00,0.01400000,,0,.158000,TF KJN,"TOTAL KJELDAHL NITROGEN,FILTERED",MG N/L,43.08972,-82.39167
202402001,2025-03-04 13:41:00,CCGS LIMNOS,LAKE HURON,2,432030,-823021,7,11.00,2024-08-26 20:43:00,265,1.00,.00,0.01400000,,0,.166000,TF KJN,"TOTAL KJELDAHL NITROGEN,FILTERED",MG N/L,43.34167,-82.50583
202402001,2025-03-04 13:41:00,CCGS LIMNOS,LAKE HURON,3,433402,-822907,8,30.00,2024-08-26 22:29:00,265,1.00,.00,0.01400000,,0,.141000,TF KJN,"TOTAL KJELDAHL NITROGEN,FILTERED",MG N/L,43.56722,-82.48528
202402001,2025-03-04 13:41:00,CCGS LIMNOS,LAKE HURON,4,433759,-821301,9,60.00,2024-08-27 00:08:00,265,1.00,.00,0.01400000,,0,.142000,TF KJN,"TOTAL KJELDAHL NITROGEN,FILTERED",MG N/L,43.63306,-82.21694
202402001,2025-03-04 13:41:00,CCGS LIMNOS,LAKE HURON,4,433759,-821301,9,60.00,2024-08-27 00:08:00,265,23.00,.00,0.01400000,,0,.158000,TF KJN,"TOTAL KJELDAHL NITROGEN,FILTERED",MG N/L,43.63306,-82.21694
202402001,2025-03-04 13:41:00,CCGS LIMNOS,LAKE HURON,4,433759,-821301,9,60.00,2024-08-27 00:08:00,265,32.00,.00,0.01400000,,0,.150000,TF KJN,"TOTAL KJELDAHL NITROGEN,FILTERED",MG N/L,43.63306,-82.21694
202402001,2025-03-04 13:41:00,CCGS LIMNOS,LAKE HURON,4,433759,-821301,9,60.00,2024-08-27 00:08:00,265,41.00,.00,0.01400000,,0,.145000,TF KJN,"TOTAL KJELDAHL NITROGEN,FILTERED",MG N/L,43.63306,-82.21694
202402001,2025-03-04 13:41:00,CCGS LIMNOS,LAKE HURON,4,433759,-821301,9,60.00,2024-08-27 00:08:00,265,50.00,.00,0.01400000,,0,.139000,TF KJN,"TOTAL KJELDAHL NITROGEN,FILTERED",MG N/L,43.63306,-82.21694
202402001,2025-03-04 13:41:00,CCGS LIMNOS,LAKE HURON,4,433759,-821301,9,60.00,2024-08-27 00:08:00,265,58.00,.00,0.01400000,,0,.144000,TF KJN,"TOTAL KJELDAHL NITROGEN,FILTERED",MG N/L,43.63306,-82.21694
202402001,2025-03-04 13:41:00,CCGS LIMNOS,LAKE HURON,5,434513,-823405,13,17.00,2024-08-27 03:04:00,265,1.00,.00,0.01400000,,0,.162000,TF KJN,"TOTAL KJELDAHL NITROGEN,FILTERED",MG N/L,43.75361,-82.56806
202402001,2025-03-04 13:41:00,CCGS LIMNOS,LAKE HURON,5,434513,-823405,13,17.00,2024-08-27 03:04:00,265,1.00,.00,0.01400000,,1,.154000,TF KJN,"TOTAL KJELDAHL NITROGEN,FILTERED",MG N/L,43.75361,-82.56806
202402001,2025-03-04 13:41:00,CCGS LIMNOS,LAKE HURON,6,435631,-824000,14,12.50,2024-08-27 04:44:00,265,1.00,.00,0.01400000,,0,.165000,TF KJN,"TOTAL KJELDAHL NITROGEN,FILTERED",MG N/L,43.94194,-82.66667
202402001,2025-03-04 13:41:00,CCGS LIMNOS,LAKE HURON,7,440600,-825159,17,15.00,2024-08-27 06:32:00,265,1.00,.00,0.01400000,,0,.173000,TF KJN,"TOTAL KJELDAHL NITROGEN,FILTERED",MG N/L,44.10000,-82.86639
202402001,2025-03-04 13:41:00,CCGS LIMNOS,LAKE HURON,7,440600,-825159,17,15.00,2024-08-27 06:32:00,265,10.00,.00,0.01400000,,0,.163000,TF KJN,"TOTAL KJELDAHL NITROGEN,FILTERED",MG N/L,44.10000,-82.86639
202402001,2025-03-04 13:41:00,CCGS LIMNOS,LAKE HURON,7,440600,-825159,17,15.00,2024-08-27 06:32:00,265,13.00,.00,0.01400000,,0,.158000,TF KJN,"TOTAL KJELDAHL NITROGEN,FILTERED",MG N/L,44.10000,-82.86639
202402001,2025-03-04 13:41:00,CCGS LIMNOS,LAKE HURON,8,440409,-830450,94,14.50,2024-08-27 07:55:00,265,1.00,.00,0.01400000,,0,.150000,TF KJN,"TOTAL KJELDAHL NITROGEN,FILTERED",MG N/L,44.06917,-83.08056
202402001,2025-03-04 13:41:00,CCGS LIMNOS,LAKE HURON,9,440735,-831014,96,30.00,2024-08-27 08:46:00,265,1.00,.00,0.01400000,,0,.158000,TF KJN,"TOTAL KJELDAHL NITROGEN,FILTERED",MG N/L,44.12639,-83.17056
202402001,2025-03-04 13:41:00,CCGS LIMNOS,LAKE HURON,10,440654,-833144,97,11.00,2024-08-27 10:47:00,265,1.00,.00,0.01400000,,0,.215000,TF KJN,"TOTAL KJELDAHL NITROGEN,FILTERED",MG N/L,44.11500,-83.52889
202402001,2025-03-04 13:41:00,CCGS LIMNOS,LAKE HURON,10,440654,-833144,97,11.00,2024-08-27 10:47:00,265,998.00,.00,0.01400000,<,0,.014000,TF KJN,"TOTAL KJELDAHL NITROGEN,FILTERED",MG N/L,44.11500,-83.52889
202402001,2025-03-04 13:41:00,CCGS LIMNOS,LAKE HURON,10,440654,-833144,97,11.00,2024-08-27 10:47:00,265,999.00,.00,0.01400000,<,0,.014000,TF KJN,"TOTAL KJELDAHL NITROGEN,FILTERED",MG N/L,44.11500,-83.52889
202402001,2025-03-04 13:41:00,CCGS LIMNOS,LAKE HURON,11,435834,-833430,98,11.00,2024-08-27 12:08:00,265,1.00,.00,0.01400000,,0,.252000,TF KJN,"TOTAL KJELDAHL NITROGEN,FILTERED",MG N/L,43.97611,-83.57500
202402001,2025-03-04 13:41:00,CCGS LIMNOS,LAKE HURON,12,434915,-833728,101,6.00,2024-08-27 13:32:00,265,1.00,.00,0.01400000,,0,.311000,TF KJN,"TOTAL KJELDAHL NITROGEN,FILTERED",MG N/L,43.82083,-83.62444
202402001,2025-03-04 13:41:00,CCGS LIMNOS,LAKE HURON,13,434930,-834901,100,7.00,2024-08-27 14:43:00,265,.50,.00,0.01400000,,0,.334000,TF KJN,"TOTAL KJELDAHL NITROGEN,FILTERED",MG N/L,43.82500,-83.81694
202402001,2025-03-04 13:41:00,CCGS LIMNOS,LAKE HURON,13,434930,-834901,100,7.00,2024-08-27 14:43:00,265,1.00,.00,0.01400000,,0,.356000,TF KJN,"TOTAL KJELDAHL NITROGEN,FILTERED",MG N/L,43.82500,-83.81694
202402001,2025-03-04 13:41:00,CCGS LIMNOS,LAKE HURON,13,434930,-834901,100,7.00,2024-08-27 14:43:00,265,5.00,.00,0.01400000,,0,.320000,TF KJN,"TOTAL KJELDAHL NITROGEN,FILTERED",MG N/L,43.82500,-83.81694
202402001,2025-03-04 13:41:00,CCGS LIMNOS,LAKE HURON,14,435430,-834427,99,7.00,2024-08-27 15:59:00,265,1.00,.00,0.01400000,,0,.323000,TF KJN,"TOTAL KJELDAHL NITROGEN,FILTERED",MG N/L,43.90833,-83.74083
202402001,2025-03-04 13:41:00,CCGS LIMNOS,LAKE HURON,15,441246,-832214,95,21.00,2024-08-27 19:10:00,265,1.00,.00,0.01400000,,0,.195000,TF KJN,"TOTAL KJELDAHL NITROGEN,FILTERED",MG N/L,44.21278,-83.37056
202402001,2025-03-04 13:41:00,CCGS LIMNOS,LAKE HURON,15,441246,-832214,95,21.00,2024-08-27 19:10:00,265,1.00,.00,0.01400000,,1,.175000,TF KJN,"TOTAL KJELDAHL NITROGEN,FILTERED",MG N/L,44.21278,-83.37056
202402001,2025-03-04 13:41:00,CCGS LIMNOS,LAKE HURON,15,441246,-832214,95,21.00,2024-08-27 19:10:00,265,11.00,.00,0.01400000,,0,.139000,TF KJN,"TOTAL KJELDAHL NITROGEN,FILTERED",MG N/L,44.21278,-83.37056
202402001,2025-03-04 13:41:00,CCGS LIMNOS,LAKE HURON,15,441246,-832214,95,21.00,2024-08-27 19:10:00,265,19.00,.00,0.01400000,,0,.159000,TF KJN,"TOTAL KJELDAHL NITROGEN,FILTERED",MG N/L,44.21278,-83.37056
202402001,2025-03-04 13:41:00,CCGS LIMNOS,LAKE HURON,16,442002,-831758,23,9.00,2024-08-27 20:21:00,265,1.00,.00,0.01400000,,0,.178000,TF KJN,"TOTAL KJELDAHL NITROGEN,FILTERED",MG N/L,44.33389,-83.29944
202402001,2025-03-04 13:41:00,CCGS LIMNOS,LAKE HURON,17,441303,-830501,20,47.00,2024-08-27 22:00:00,265,1.00,.00,0.01400000,,0,.136000,TF KJN,"TOTAL KJELDAHL NITROGEN,FILTERED",MG N/L,44.21750,-83.08361
202402001,2025-03-04 13:41:00,CCGS LIMNOS,LAKE HURON,18,431525,-820217,3,16.00,2024-08-28 06:31:00,265,1.00,.00,0.01400000,,0,.136000,TF KJN,"TOTAL KJELDAHL NITROGEN,FILTERED",MG N/L,43.25694,-82.03806
202402001,2025-03-04 13:41:00,CCGS LIMNOS,LAKE HURON,19,431930,-814717,4,10.00,2024-08-28 08:11:00,265,1.00,.00,0.01400000,,0,.139000,TF KJN,"TOTAL KJELDAHL NITROGEN,FILTERED",MG N/L,43.32500,-81.78806
202402001,2025-03-04 13:41:00,CCGS LIMNOS,LAKE HURON,20,433254,-814441,5,11.50,2024-08-28 09:54:00,265,1.00,.00,0.01400000,,0,.141000,TF KJN,"TOTAL KJELDAHL NITROGEN,FILTERED",MG N/L,43.54833,-81.74472
202402001,2025-03-04 13:41:00,CCGS LIMNOS,LAKE HURON,20,433254,-814441,5,11.50,2024-08-28 09:54:00,265,998.00,.00,0.01400000,<,0,.014000,TF KJN,"TOTAL KJELDAHL NITROGEN,FILTERED",MG N/L,43.54833,-81.74472
202402001,2025-03-04 13:41:00,CCGS LIMNOS,LAKE HURON,20,433254,-814441,5,11.50,2024-08-28 09:54:00,265,999.00,.00,0.01400000,<,0,.014000,TF KJN,"TOTAL KJELDAHL NITROGEN,FILTERED",MG N/L,43.54833,-81.74472
202402001,2025-03-04 13:41:00,CCGS LIMNOS,LAKE HURON,21,434512,-814652,10,12.50,2024-08-28 11:47:00,265,1.00,.00,0.01400000,,0,.151000,TF KJN,"TOTAL KJELDAHL NITROGEN,FILTERED",MG N/L,43.75333,-81.78111
202402001,2025-03-04 13:41:00,CCGS LIMNOS,LAKE HURON,22,435723,-814712,11,10.50,2024-08-28 22:01:00,265,1.00,.00,0.01400000,,0,.149000,TF KJN,"TOTAL KJELDAHL NITROGEN,FILTERED",MG N/L,43.95639,-81.78667
202402001,2025-03-04 13:41:00,CCGS LIMNOS,LAKE HURON,23,442159,-815000,29,123.00,2024-08-29 01:48:00,265,1.00,.00,0.01400000,,0,.152000,TF KJN,"TOTAL KJELDAHL NITROGEN,FILTERED",MG N/L,44.36639,-81.83333
202402001,2025-03-04 13:41:00,CCGS LIMNOS,LAKE HURON,23,442159,-815000,29,123.00,2024-08-29 01:48:00,265,14.00,.00,0.01400000,,0,.159000,TF KJN,"TOTAL KJELDAHL NITROGEN,FILTERED",MG N/L,44.36639,-81.83333
202402001,2025-03-04 13:41:00,CCGS LIMNOS,LAKE HURON,23,442159,-815000,29,123.00,2024-08-29 01:48:00,265,24.00,.00,0.01400000,,0,.142000,TF KJN,"TOTAL KJELDAHL NITROGEN,FILTERED",MG N/L,44.36639,-81.83333
202402001,2025-03-04 13:41:00,CCGS LIMNOS,LAKE HURON,23,442159,-815000,29,123.00,2024-08-29 01:48:00,265,34.00,.00,0.01400000,,0,.129000,TF KJN,"TOTAL KJELDAHL NITROGEN,FILTERED",MG N/L,44.36639,-81.83333
202402001,2025-03-04 13:41:00,CCGS LIMNOS,LAKE HURON,23,442159,-815000,29,123.00,2024-08-29 01:48:00,265,113.00,.00,0.01400000,,0,.166000,TF KJN,"TOTAL KJELDAHL NITROGEN,FILTERED",MG N/L,44.36639,-81.83333
202402001,2025-03-04 13:41:00,CCGS LIMNOS,LAKE HURON,23,442159,-815000,29,123.00,2024-08-29 01:48:00,265,121.00,.00,0.01400000,,0,.124000,TF KJN,"TOTAL KJELDAHL NITROGEN,FILTERED",MG N/L,44.36639,-81.83333
202402001,2025-03-04 13:41:00,CCGS LIMNOS,LAKE HURON,24,442759,-812712,30,21.50,2024-08-29 05:15:00,265,1.00,.00,0.01400000,,0,.154000,TF KJN,"TOTAL KJELDAHL NITROGEN,FILTERED",MG N/L,44.46639,-81.45333
202402001,2025-03-04 13:41:00,CCGS LIMNOS,LAKE HURON,25,443924,-812242,39,26.00,2024-08-29 06:59:00,265,1.00,.00,0.01400000,,0,.140000,TF KJN,"TOTAL KJELDAHL NITROGEN,FILTERED",MG N/L,44.65667,-81.37833
202402001,2025-03-04 13:41:00,CCGS LIMNOS,LAKE HURON,25,443924,-812242,39,26.00,2024-08-29 06:59:00,265,1.00,.00,0.01400000,,1,.142000,TF KJN,"TOTAL KJELDAHL NITROGEN,FILTERED",MG N/L,44.65667,-81.37833
202402001,2025-03-04 13:41:00,CCGS LIMNOS,LAKE HURON,26,445354,-812613,40,20.00,2024-08-29 09:31:00,265,1.00,.00,0.01400000,,0,.150000,TF KJN,"TOTAL KJELDAHL NITROGEN,FILTERED",MG N/L,44.89833,-81.43694
202402001,2025-03-04 13:41:00,CCGS LIMNOS,LAKE HURON,27,450459,-813212,41,22.50,2024-08-29 11:17:00,265,1.00,.00,0.01400000,,0,.136000,TF KJN,"TOTAL KJELDAHL NITROGEN,FILTERED",MG N/L,45.08306,-81.53667
202402001,2025-03-04 13:41:00,CCGS LIMNOS,LAKE HURON,28,450048,-820030,43,172.00,2024-08-29 14:43:00,265,1.00,.00,0.01400000,,0,.132000,TF KJN,"TOTAL KJELDAHL NITROGEN,FILTERED",MG N/L,45.01333,-82.00833
202402001,2025-03-04 13:41:00,CCGS LIMNOS,LAKE HURON,29,451642,-822707,48,110.00,2024-08-29 18:21:00,265,1.00,.00,0.01400000,,0,.138000,TF KJN,"TOTAL KJELDAHL NITROGEN,FILTERED",MG N/L,45.27833,-82.45194
202402001,2025-03-04 13:41:00,CCGS LIMNOS,LAKE HURON,30,450059,-824106,44,166.50,2024-08-29 21:09:00,265,1.00,.00,0.01400000,,0,.140000,TF KJN,"TOTAL KJELDAHL NITROGEN,FILTERED",MG N/L,45.01639,-82.68500
202402001,2025-03-04 13:41:00,CCGS LIMNOS,LAKE HURON,30,450059,-824106,44,166.50,2024-08-29 21:09:00,265,14.00,.00,0.01400000,,0,.145000,TF KJN,"TOTAL KJELDAHL NITROGEN,FILTERED",MG N/L,45.01639,-82.68500
202402001,2025-03-04 13:41:00,CCGS LIMNOS,LAKE HURON,30,450059,-824106,44,166.50,2024-08-29 21:09:00,265,45.50,.00,0.01400000,,0,.160000,TF KJN,"TOTAL KJELDAHL NITROGEN,FILTERED",MG N/L,45.01639,-82.68500
202402001,2025-03-04 13:41:00,CCGS LIMNOS,LAKE HURON,30,450059,-824106,44,166.50,2024-08-29 21:09:00,265,77.00,.00,0.01400000,,0,.124000,TF KJN,"TOTAL KJELDAHL NITROGEN,FILTERED",MG N/L,45.01639,-82.68500
202402001,2025-03-04 13:41:00,CCGS LIMNOS,LAKE HURON,30,450059,-824106,44,166.50,2024-08-29 21:09:00,265,156.50,.00,0.01400000,,0,.126000,TF KJN,"TOTAL KJELDAHL NITROGEN,FILTERED",MG N/L,45.01639,-82.68500
202402001,2025-03-04 13:41:00,CCGS LIMNOS,LAKE HURON,30,450059,-824106,44,166.50,2024-08-29 21:09:00,265,164.50,.00,0.01400000,,0,.117000,TF KJN,"TOTAL KJELDAHL NITROGEN,FILTERED",MG N/L,45.01639,-82.68500
202402001,2025-03-04 13:41:00,CCGS LIMNOS,LAKE HURON,30,450059,-824106,44,166.50,2024-08-29 21:09:00,265,998.00,.00,0.01400000,<,0,.014000,TF KJN,"TOTAL KJELDAHL NITROGEN,FILTERED",MG N/L,45.01639,-82.68500
202402001,2025-03-04 13:41:00,CCGS LIMNOS,LAKE HURON,30,450059,-824106,44,166.50,2024-08-29 21:09:00,265,999.00,.00,0.01400000,<,0,.014000,TF KJN,"TOTAL KJELDAHL NITROGEN,FILTERED",MG N/L,45.01639,-82.68500
202402001,2025-03-04 13:41:00,CCGS LIMNOS,LAKE HURON,31,444424,-820326,38,134.00,2024-08-30 01:46:00,265,1.00,.00,0.01400000,,0,.138000,TF KJN,"TOTAL KJELDAHL NITROGEN,FILTERED",MG N/L,44.74000,-82.05722
202402001,2025-03-04 13:41:00,CCGS LIMNOS,LAKE HURON,32,442712,-822030,32,83.00,2024-08-30 05:08:00,265,1.00,.00,0.01400000,,0,.134000,TF KJN,"TOTAL KJELDAHL NITROGEN,FILTERED",MG N/L,44.45333,-82.34167
202402001,2025-03-04 13:41:00,CCGS LIMNOS,LAKE HURON,33,435325,-820324,12,87.00,2024-08-30 10:38:00,265,1.00,.00,0.01400000,,0,.144000,TF KJN,"TOTAL KJELDAHL NITROGEN,FILTERED",MG N/L,43.89028,-82.05667
202402001,2025-03-04 13:41:00,CCGS LIMNOS,LAKE HURON,34,441154,-823011,27,55.00,2024-09-03 23:11:00,265,1.00,.00,0.01400000,,0,.148000,TF KJN,"TOTAL KJELDAHL NITROGEN,FILTERED",MG N/L,44.19833,-82.50306
202402001,2025-03-04 13:41:00,CCGS LIMNOS,LAKE HURON,35,443000,-825000,33,72.50,2024-09-04 02:23:00,265,1.00,.00,0.01400000,,0,.160000,TF KJN,"TOTAL KJELDAHL NITROGEN,FILTERED",MG N/L,44.50000,-82.83333
202402001,2025-03-04 13:41:00,CCGS LIMNOS,LAKE HURON,35,443000,-825000,33,72.50,2024-09-04 02:23:00,265,1.00,.00,0.01400000,,1,.147000,TF KJN,"TOTAL KJELDAHL NITROGEN,FILTERED",MG N/L,44.50000,-82.83333
202402001,2025-03-04 13:41:00,CCGS LIMNOS,LAKE HURON,36,443824,-831354,34,9.00,2024-09-04 05:09:00,265,1.00,.00,0.01400000,,0,.155000,TF KJN,"TOTAL KJELDAHL NITROGEN,FILTERED",MG N/L,44.64000,-83.23167
202402001,2025-03-04 13:41:00,CCGS LIMNOS,LAKE HURON,37,450224,-832241,36,9.00,2024-09-04 08:34:00,265,1.00,.00,0.01400000,,0,.177000,TF KJN,"TOTAL KJELDAHL NITROGEN,FILTERED",MG N/L,45.04000,-83.37806
202402001,2025-03-04 13:41:00,CCGS LIMNOS,LAKE HURON,37,450224,-832241,36,9.00,2024-09-04 08:34:00,265,7.00,.00,0.01400000,,0,.178000,TF KJN,"TOTAL KJELDAHL NITROGEN,FILTERED",MG N/L,45.04000,-83.37806
202402001,2025-03-04 13:41:00,CCGS LIMNOS,LAKE HURON,38,451516,-832044,47,23.50,2024-09-04 11:59:00,265,1.00,.00,0.01400000,,0,.155000,TF KJN,"TOTAL KJELDAHL NITROGEN,FILTERED",MG N/L,45.25444,-83.34556
202402001,2025-03-04 13:41:00,CCGS LIMNOS,LAKE HURON,39,453100,-832459,54,132.50,2024-09-04 15:02:00,265,1.00,.00,0.01400000,,0,.170000,TF KJN,"TOTAL KJELDAHL NITROGEN,FILTERED",MG N/L,45.51667,-83.41639
202402001,2025-03-04 13:41:00,CCGS LIMNOS,LAKE HURON,39,453100,-832459,54,132.50,2024-09-04 15:02:00,265,11.00,.00,0.01400000,,0,.152000,TF KJN,"TOTAL KJELDAHL NITROGEN,FILTERED",MG N/L,45.51667,-83.41639
202402001,2025-03-04 13:41:00,CCGS LIMNOS,LAKE HURON,39,453100,-832459,54,132.50,2024-09-04 15:02:00,265,25.50,.00,0.01400000,,0,.144000,TF KJN,"TOTAL KJELDAHL NITROGEN,FILTERED",MG N/L,45.51667,-83.41639
202402001,2025-03-04 13:41:00,CCGS LIMNOS,LAKE HURON,39,453100,-832459,54,132.50,2024-09-04 15:02:00,265,40.00,.00,0.01400000,,0,.129000,TF KJN,"TOTAL KJELDAHL NITROGEN,FILTERED",MG N/L,45.51667,-83.41639
202402001,2025-03-04 13:41:00,CCGS LIMNOS,LAKE HURON,39,453100,-832459,54,132.50,2024-09-04 15:02:00,265,122.50,.00,0.01400000,,0,.120000,TF KJN,"TOTAL KJELDAHL NITROGEN,FILTERED",MG N/L,45.51667,-83.41639
202402001,2025-03-04 13:41:00,CCGS LIMNOS,LAKE HURON,39,453100,-832459,54,132.50,2024-09-04 15:02:00,265,130.50,.00,0.01400000,,0,.112000,TF KJN,"TOTAL KJELDAHL NITROGEN,FILTERED",MG N/L,45.51667,-83.41639
202402001,2025-03-04 13:41:00,CCGS LIMNOS,LAKE HURON,40,452530,-833905,55,37.00,2024-09-04 17:32:00,265,1.00,.00,0.01400000,,0,.147000,TF KJN,"TOTAL KJELDAHL NITROGEN,FILTERED",MG N/L,45.42500,-83.65139
202402001,2025-03-04 13:41:00,CCGS LIMNOS,LAKE HURON,40,452530,-833905,55,37.00,2024-09-04 17:32:00,265,998.00,.00,0.01400000,<,0,.014000,TF KJN,"TOTAL KJELDAHL NITROGEN,FILTERED",MG N/L,45.42500,-83.65139
202402001,2025-03-04 13:41:00,CCGS LIMNOS,LAKE HURON,40,452530,-833905,55,37.00,2024-09-04 17:32:00,265,999.00,.00,0.01400000,<,0,.014000,TF KJN,"TOTAL KJELDAHL NITROGEN,FILTERED",MG N/L,45.42500,-83.65139
202402001,2025-03-04 13:41:00,CCGS LIMNOS,LAKE HURON,41,453059,-840500,56,22.50,2024-09-04 20:07:00,265,1.00,.00,0.01400000,,0,.158000,TF KJN,"TOTAL KJELDAHL NITROGEN,FILTERED",MG N/L,45.51639,-84.08333
202402001,2025-03-04 13:41:00,CCGS LIMNOS,LAKE HURON,42,454459,-835500,61,117.00,2024-09-04 22:19:00,265,1.00,.00,0.01400000,,0,.142000,TF KJN,"TOTAL KJELDAHL NITROGEN,FILTERED",MG N/L,45.74972,-83.91667
202402001,2025-03-04 13:41:00,CCGS LIMNOS,LAKE HURON,43,454029,-841112,62,44.00,2024-09-05 00:10:00,265,1.00,.00,0.01400000,,0,.169000,TF KJN,"TOTAL KJELDAHL NITROGEN,FILTERED",MG N/L,45.67472,-84.18667
202402001,2025-03-04 13:41:00,CCGS LIMNOS,LAKE HURON,44,454212,-843041,63,15.00,2024-09-05 02:25:00,265,1.00,.00,0.01400000,,0,.158000,TF KJN,"TOTAL KJELDAHL NITROGEN,FILTERED",MG N/L,45.70333,-84.51139
202402001,2025-03-04 13:41:00,CCGS LIMNOS,LAKE HURON,45,454848,-844519,64,36.00,2024-09-05 04:05:00,265,1.00,.00,0.01400000,,0,.178000,TF KJN,"TOTAL KJELDAHL NITROGEN,FILTERED",MG N/L,45.81333,-84.75528
202402001,2025-03-04 13:41:00,CCGS LIMNOS,LAKE HURON,45,454848,-844519,64,36.00,2024-09-05 04:05:00,265,1.00,.00,0.01400000,,1,.178000,TF KJN,"TOTAL KJELDAHL NITROGEN,FILTERED",MG N/L,45.81333,-84.75528
202402001,2025-03-04 13:41:00,CCGS LIMNOS,LAKE HURON,45,454848,-844519,64,36.00,2024-09-05 04:05:00,265,16.00,.00,0.01400000,,0,.153000,TF KJN,"TOTAL KJELDAHL NITROGEN,FILTERED",MG N/L,45.81333,-84.75528
202402001,2025-03-04 13:41:00,CCGS LIMNOS,LAKE HURON,45,454848,-844519,64,36.00,2024-09-05 04:05:00,265,24.50,.00,0.01400000,,0,.168000,TF KJN,"TOTAL KJELDAHL NITROGEN,FILTERED",MG N/L,45.81333,-84.75528
202402001,2025-03-04 13:41:00,CCGS LIMNOS,LAKE HURON,45,454848,-844519,64,36.00,2024-09-05 04:05:00,265,26.00,.00,0.01400000,,0,.149000,TF KJN,"TOTAL KJELDAHL NITROGEN,FILTERED",MG N/L,45.81333,-84.75528
202402001,2025-03-04 13:41:00,CCGS LIMNOS,LAKE HURON,45,454848,-844519,64,36.00,2024-09-05 04:05:00,265,33.00,.00,0.01400000,,0,.148000,TF KJN,"TOTAL KJELDAHL NITROGEN,FILTERED",MG N/L,45.81333,-84.75528
202402001,2025-03-04 13:41:00,CCGS LIMNOS,LAKE HURON,46,455043,-843400,65,58.50,2024-09-05 05:27:00,265,1.00,.00,0.01400000,,0,.156000,TF KJN,"TOTAL KJELDAHL NITROGEN,FILTERED",MG N/L,45.84528,-84.56667
202402001,2025-03-04 13:41:00,CCGS LIMNOS,LAKE HURON,47,455149,-841741,66,69.00,2024-09-05 07:08:00,265,1.00,.00,0.01400000,,0,.150000,TF KJN,"TOTAL KJELDAHL NITROGEN,FILTERED",MG N/L,45.86361,-84.29472
202402001,2025-03-04 13:41:00,CCGS LIMNOS,LAKE HURON,48,455606,-835359,67,31.00,2024-09-05 09:35:00,265,1.00,.00,0.01400000,,0,.143000,TF KJN,"TOTAL KJELDAHL NITROGEN,FILTERED",MG N/L,45.93500,-83.89972
202402001,2025-03-04 13:41:00,CCGS LIMNOS,LAKE HURON,49,460442,-840141,69,10.00,2024-09-05 11:24:00,265,1.00,.00,0.01400000,,0,.117000,TF KJN,"TOTAL KJELDAHL NITROGEN,FILTERED",MG N/L,46.07833,-84.02806
202402001,2025-03-04 13:41:00,CCGS LIMNOS,LAKE HURON,49,460442,-840141,69,10.00,2024-09-05 11:24:00,265,8.00,.00,0.01400000,,0,.117000,TF KJN,"TOTAL KJELDAHL NITROGEN,FILTERED",MG N/L,46.07833,-84.02806
202402001,2025-03-04 13:41:00,CCGS LIMNOS,LAKE HURON,50,460230,-835112,68,17.00,2024-09-05 12:44:00,265,1.00,.00,0.01400000,,0,.133000,TF KJN,"TOTAL KJELDAHL NITROGEN,FILTERED",MG N/L,46.04167,-83.85333
202402001,2025-03-04 13:41:00,CCGS LIMNOS,LAKE HURON,50,460230,-835112,68,17.00,2024-09-05 12:44:00,265,998.00,.00,0.01400000,<,0,.014000,TF KJN,"TOTAL KJELDAHL NITROGEN,FILTERED",MG N/L,46.04167,-83.85333
202402001,2025-03-04 13:41:00,CCGS LIMNOS,LAKE HURON,50,460230,-835112,68,17.00,2024-09-05 12:44:00,265,999.00,.00,0.01400000,<,0,.014000,TF KJN,"TOTAL KJELDAHL NITROGEN,FILTERED",MG N/L,46.04167,-83.85333
202402001,2025-03-04 13:41:00,CCGS LIMNOS,LAKE HURON,51,460812,-834018,70,22.00,2024-09-05 14:24:00,265,1.00,.00,0.01400000,,0,.138000,TF KJN,"TOTAL KJELDAHL NITROGEN,FILTERED",MG N/L,46.13667,-83.67167
202402001,2025-03-04 13:41:00,CCGS LIMNOS,LAKE HURON,52,461400,-834447,71,34.00,2024-09-05 15:25:00,265,1.00,.00,0.01400000,,0,.135000,TF KJN,"TOTAL KJELDAHL NITROGEN,FILTERED",MG N/L,46.23333,-83.74639
202402001,2025-03-04 13:41:00,CCGS LIMNOS,LAKE HURON,52,461400,-834447,71,34.00,2024-09-05 15:25:00,265,3.00,.00,0.01400000,,0,.146000,TF KJN,"TOTAL KJELDAHL NITROGEN,FILTERED",MG N/L,46.23333,-83.74639
202402001,2025-03-04 13:41:00,CCGS LIMNOS,LAKE HURON,52,461400,-834447,71,34.00,2024-09-05 15:25:00,265,9.50,.00,0.01400000,,0,.142000,TF KJN,"TOTAL KJELDAHL NITROGEN,FILTERED",MG N/L,46.23333,-83.74639
202402001,2025-03-04 13:41:00,CCGS LIMNOS,LAKE HURON,52,461400,-834447,71,34.00,2024-09-05 15:25:00,265,16.00,.00,0.01400000,,0,.143000,TF KJN,"TOTAL KJELDAHL NITROGEN,FILTERED",MG N/L,46.23333,-83.74639
202402001,2025-03-04 13:41:00,CCGS LIMNOS,LAKE HURON,52,461400,-834447,71,34.00,2024-09-05 15:25:00,265,32.00,.00,0.01400000,,0,.144000,TF KJN,"TOTAL KJELDAHL NITROGEN,FILTERED",MG N/L,46.23333,-83.74639
202402001,2025-03-04 13:41:00,CCGS LIMNOS,LAKE HURON,53,461112,-832117,73,19.00,2024-09-05 17:38:00,265,1.00,.00,0.01400000,,0,.165000,TF KJN,"TOTAL KJELDAHL NITROGEN,FILTERED",MG N/L,46.18667,-83.35472
202402001,2025-03-04 13:41:00,CCGS LIMNOS,LAKE HURON,54,460724,-825309,79,26.00,2024-09-05 20:17:00,265,1.00,.00,0.01400000,,0,.153000,TF KJN,"TOTAL KJELDAHL NITROGEN,FILTERED",MG N/L,46.12333,-82.88583
202402001,2025-03-04 13:41:00,CCGS LIMNOS,LAKE HURON,54,460724,-825309,79,26.00,2024-09-05 20:17:00,265,10.00,.00,0.01400000,,0,.146000,TF KJN,"TOTAL KJELDAHL NITROGEN,FILTERED",MG N/L,46.12333,-82.88583
202402001,2025-03-04 13:41:00,CCGS LIMNOS,LAKE HURON,54,460724,-825309,79,26.00,2024-09-05 20:17:00,265,24.00,.00,0.01400000,,0,.147000,TF KJN,"TOTAL KJELDAHL NITROGEN,FILTERED",MG N/L,46.12333,-82.88583
202402001,2025-03-04 13:41:00,CCGS LIMNOS,LAKE HURON,55,460530,-823324,84,36.00,2024-09-05 22:18:00,265,1.00,.00,0.01400000,,0,.152000,TF KJN,"TOTAL KJELDAHL NITROGEN,FILTERED",MG N/L,46.09167,-82.55667
202402001,2025-03-04 13:41:00,CCGS LIMNOS,LAKE HURON,55,460530,-823324,84,36.00,2024-09-05 22:18:00,265,1.00,.00,0.01400000,,1,.151000,TF KJN,"TOTAL KJELDAHL NITROGEN,FILTERED",MG N/L,46.09167,-82.55667
202402001,2025-03-04 13:41:00,CCGS LIMNOS,LAKE HURON,55,460530,-823324,84,36.00,2024-09-05 22:18:00,265,7.00,.00,0.01400000,,0,.155000,TF KJN,"TOTAL KJELDAHL NITROGEN,FILTERED",MG N/L,46.09167,-82.55667
202402001,2025-03-04 13:41:00,CCGS LIMNOS,LAKE HURON,55,460530,-823324,84,36.00,2024-09-05 22:18:00,265,20.50,.00,0.01400000,,0,.149000,TF KJN,"TOTAL KJELDAHL NITROGEN,FILTERED",MG N/L,46.09167,-82.55667
202402001,2025-03-04 13:41:00,CCGS LIMNOS,LAKE HURON,55,460530,-823324,84,36.00,2024-09-05 22:18:00,265,26.00,.00,0.01400000,,0,.153000,TF KJN,"TOTAL KJELDAHL NITROGEN,FILTERED",MG N/L,46.09167,-82.55667
202402001,2025-03-04 13:41:00,CCGS LIMNOS,LAKE HURON,55,460530,-823324,84,36.00,2024-09-05 22:18:00,265,34.00,.00,0.01400000,,0,.137000,TF KJN,"TOTAL KJELDAHL NITROGEN,FILTERED",MG N/L,46.09167,-82.55667
202402001,2025-03-04 13:41:00,CCGS LIMNOS,LAKE HURON,56,460340,-821149,87,35.00,2024-09-06 00:45:00,265,1.00,.00,0.01400000,,0,.150000,TF KJN,"TOTAL KJELDAHL NITROGEN,FILTERED",MG N/L,46.06111,-82.19694
202402001,2025-03-04 13:41:00,CCGS LIMNOS,LAKE HURON,57,460320,-815959,88,36.00,2024-09-06 02:07:00,265,1.00,.00,0.01400000,,0,.151000,TF KJN,"TOTAL KJELDAHL NITROGEN,FILTERED",MG N/L,46.05556,-81.99972
202402001,2025-03-04 13:41:00,CCGS LIMNOS,LAKE HURON,58,455459,-820940,89,39.00,2024-09-06 03:48:00,265,1.00,.00,0.01400000,,0,.169000,TF KJN,"TOTAL KJELDAHL NITROGEN,FILTERED",MG N/L,45.91639,-82.16111
202402001,2025-03-04 13:41:00,CCGS LIMNOS,LAKE HURON,59,460000,-823258,83,31.00,2024-09-06 07:05:00,265,1.00,.00,0.01400000,,0,.151000,TF KJN,"TOTAL KJELDAHL NITROGEN,FILTERED",MG N/L,46.00000,-82.54944
202402001,2025-03-04 13:41:00,CCGS LIMNOS,LAKE HURON,60,455611,-824527,82,28.50,2024-09-06 08:34:00,265,1.00,.00,0.01400000,,0,.157000,TF KJN,"TOTAL KJELDAHL NITROGEN,FILTERED",MG N/L,45.93639,-82.75750
202402001,2025-03-04 13:41:00,CCGS LIMNOS,LAKE HURON,60,455611,-824527,82,28.50,2024-09-06 08:34:00,265,998.00,.00,0.01400000,<,0,.014000,TF KJN,"TOTAL KJELDAHL NITROGEN,FILTERED",MG N/L,45.93639,-82.75750
202402001,2025-03-04 13:41:00,CCGS LIMNOS,LAKE HURON,60,455611,-824527,82,28.50,2024-09-06 08:34:00,265,999.00,.00,0.01400000,<,0,.014000,TF KJN,"TOTAL KJELDAHL NITROGEN,FILTERED",MG N/L,45.93639,-82.75750
202402001,2025-03-04 13:41:00,CCGS LIMNOS,LAKE HURON,61,455811,-831154,77,78.00,2024-09-06 11:34:00,265,1.00,.00,0.01400000,,0,.139000,TF KJN,"TOTAL KJELDAHL NITROGEN,FILTERED",MG N/L,45.96972,-83.19833
202402001,2025-03-04 13:41:00,CCGS LIMNOS,LAKE HURON,62,455959,-832600,76,58.00,2024-09-06 13:08:00,265,1.00,.00,0.01400000,,0,.150000,TF KJN,"TOTAL KJELDAHL NITROGEN,FILTERED",MG N/L,45.99972,-83.43333
202402001,2025-03-04 13:41:00,CCGS LIMNOS,LAKE HURON,63,455405,-833105,60,25.00,2024-09-06 14:16:00,265,1.00,.00,0.01400000,,0,.147000,TF KJN,"TOTAL KJELDAHL NITROGEN,FILTERED",MG N/L,45.90139,-83.51806
202402001,2025-03-04 13:41:00,CCGS LIMNOS,LAKE HURON,64,455159,-831600,58,12.00,2024-09-06 16:39:00,265,1.00,.00,0.01400000,,0,.149000,TF KJN,"TOTAL KJELDAHL NITROGEN,FILTERED",MG N/L,45.86639,-83.26667
202402001,2025-03-04 13:41:00,CCGS LIMNOS,LAKE HURON,65,454600,-830141,59,18.00,2024-09-06 18:18:00,265,1.00,.00,0.01400000,,0,.145000,TF KJN,"TOTAL KJELDAHL NITROGEN,FILTERED",MG N/L,45.76667,-83.02806
202402001,2025-03-04 13:41:00,CCGS LIMNOS,LAKE HURON,65,454600,-830141,59,18.00,2024-09-06 18:18:00,265,1.00,.00,0.01400000,,1,.146000,TF KJN,"TOTAL KJELDAHL NITROGEN,FILTERED",MG N/L,45.76667,-83.02806
202402001,2025-03-04 13:41:00,CCGS LIMNOS,LAKE HURON,66,453905,-823852,52,66.00,2024-09-06 20:48:00,265,1.00,.00,0.01400000,,0,.143000,TF KJN,"TOTAL KJELDAHL NITROGEN,FILTERED",MG N/L,45.65139,-82.64778
202402001,2025-03-04 13:41:00,CCGS LIMNOS,LAKE HURON,67,453205,-820242,50,27.00,2024-09-07 00:19:00,265,1.00,.00,0.01400000,,0,.140000,TF KJN,"TOTAL KJELDAHL NITROGEN,FILTERED",MG N/L,45.53472,-82.04500
202402001,2025-03-04 13:41:00,CCGS LIMNOS,LAKE HURON,68,451316,-814909,42,42.00,2024-09-07 03:12:00,265,1.00,.00,0.01400000,,0,.147000,TF KJN,"TOTAL KJELDAHL NITROGEN,FILTERED",MG N/L,45.22111,-81.81917
202402001,2025-03-04 13:41:00,CCGS LIMNOS,LAKE HURON,1,430523,-822330,1,11.00,2024-08-26 18:44:00,267,.00,9.00,0.00020000,,0,.029000,I-N,"NITROGEN,TOTAL PARTICULATE - INTEGRATED",MG N/L,43.08972,-82.39167
202402001,2025-03-04 13:41:00,CCGS LIMNOS,LAKE HURON,2,432030,-823021,7,11.00,2024-08-26 20:43:00,267,.00,9.00,0.00030000,,0,.035000,I-N,"NITROGEN,TOTAL PARTICULATE - INTEGRATED",MG N/L,43.34167,-82.50583
202402001,2025-03-04 13:41:00,CCGS LIMNOS,LAKE HURON,3,433402,-822907,8,30.00,2024-08-26 22:29:00,267,.00,20.00,0.00030000,,0,.026000,I-N,"NITROGEN,TOTAL PARTICULATE - INTEGRATED",MG N/L,43.56722,-82.48528
202402001,2025-03-04 13:41:00,CCGS LIMNOS,LAKE HURON,4,433759,-821301,9,60.00,2024-08-27 00:08:00,267,.00,20.00,0.00020000,,0,.022000,I-N,"NITROGEN,TOTAL PARTICULATE - INTEGRATED",MG N/L,43.63306,-82.21694
202402001,2025-03-04 13:41:00,CCGS LIMNOS,LAKE HURON,5,434513,-823405,13,17.00,2024-08-27 03:04:00,267,.00,15.00,0.00030000,,0,.035000,I-N,"NITROGEN,TOTAL PARTICULATE - INTEGRATED",MG N/L,43.75361,-82.56806
202402001,2025-03-04 13:41:00,CCGS LIMNOS,LAKE HURON,5,434513,-823405,13,17.00,2024-08-27 03:04:00,267,.00,15.00,0.00030000,,1,.034000,I-N,"NITROGEN,TOTAL PARTICULATE - INTEGRATED",MG N/L,43.75361,-82.56806
202402001,2025-03-04 13:41:00,CCGS LIMNOS,LAKE HURON,6,435631,-824000,14,12.50,2024-08-27 04:44:00,267,.00,10.50,0.00030000,,0,.043000,I-N,"NITROGEN,TOTAL PARTICULATE - INTEGRATED",MG N/L,43.94194,-82.66667
202402001,2025-03-04 13:41:00,CCGS LIMNOS,LAKE HURON,7,440600,-825159,17,15.00,2024-08-27 06:32:00,267,.00,13.00,0.00030000,,0,.030000,I-N,"NITROGEN,TOTAL PARTICULATE - INTEGRATED",MG N/L,44.10000,-82.86639
202402001,2025-03-04 13:41:00,CCGS LIMNOS,LAKE HURON,8,440409,-830450,94,14.50,2024-08-27 07:55:00,267,.00,12.50,0.00020000,,0,.026000,I-N,"NITROGEN,TOTAL PARTICULATE - INTEGRATED",MG N/L,44.06917,-83.08056
202402001,2025-03-04 13:41:00,CCGS LIMNOS,LAKE HURON,9,440735,-831014,96,30.00,2024-08-27 08:46:00,267,.00,20.00,0.00020000,,0,.021000,I-N,"NITROGEN,TOTAL PARTICULATE - INTEGRATED",MG N/L,44.12639,-83.17056
202402001,2025-03-04 13:41:00,CCGS LIMNOS,LAKE HURON,10,440654,-833144,97,11.00,2024-08-27 10:47:00,267,.00,9.00,0.00060000,,0,.093000,I-N,"NITROGEN,TOTAL PARTICULATE - INTEGRATED",MG N/L,44.11500,-83.52889
202402001,2025-03-04 13:41:00,CCGS LIMNOS,LAKE HURON,11,435834,-833430,98,11.00,2024-08-27 12:08:00,267,.00,9.00,0.00080000,,0,.147000,I-N,"NITROGEN,TOTAL PARTICULATE - INTEGRATED",MG N/L,43.97611,-83.57500
202402001,2025-03-04 13:41:00,CCGS LIMNOS,LAKE HURON,12,434915,-833728,101,6.00,2024-08-27 13:32:00,267,.00,4.00,0.00080000,,0,.134000,I-N,"NITROGEN,TOTAL PARTICULATE - INTEGRATED",MG N/L,43.82083,-83.62444
202402001,2025-03-04 13:41:00,CCGS LIMNOS,LAKE HURON,13,434930,-834901,100,7.00,2024-08-27 14:43:00,267,.00,5.00,0.00070000,,0,.208000,I-N,"NITROGEN,TOTAL PARTICULATE - INTEGRATED",MG N/L,43.82500,-83.81694
202402001,2025-03-04 13:41:00,CCGS LIMNOS,LAKE HURON,14,435430,-834427,99,7.00,2024-08-27 15:59:00,267,.00,5.00,0.00080000,,0,.154000,I-N,"NITROGEN,TOTAL PARTICULATE - INTEGRATED",MG N/L,43.90833,-83.74083
202402001,2025-03-04 13:41:00,CCGS LIMNOS,LAKE HURON,15,441246,-832214,95,21.00,2024-08-27 19:10:00,267,.00,19.00,0.00040000,,0,.032000,I-N,"NITROGEN,TOTAL PARTICULATE - INTEGRATED",MG N/L,44.21278,-83.37056
202402001,2025-03-04 13:41:00,CCGS LIMNOS,LAKE HURON,15,441246,-832214,95,21.00,2024-08-27 19:10:00,267,.00,19.00,0.00040000,,1,.032000,I-N,"NITROGEN,TOTAL PARTICULATE - INTEGRATED",MG N/L,44.21278,-83.37056
202402001,2025-03-04 13:41:00,CCGS LIMNOS,LAKE HURON,16,442002,-831758,23,9.00,2024-08-27 20:21:00,267,.00,7.00,0.00040000,,0,.041000,I-N,"NITROGEN,TOTAL PARTICULATE - INTEGRATED",MG N/L,44.33389,-83.29944
202402001,2025-03-04 13:41:00,CCGS LIMNOS,LAKE HURON,17,441303,-830501,20,47.00,2024-08-27 22:00:00,267,.00,20.00,0.00020000,,0,.014000,I-N,"NITROGEN,TOTAL PARTICULATE - INTEGRATED",MG N/L,44.21750,-83.08361
202402001,2025-03-04 13:41:00,CCGS LIMNOS,LAKE HURON,18,431525,-820217,3,16.00,2024-08-28 06:31:00,267,.00,14.00,0.00020000,,0,.020000,I-N,"NITROGEN,TOTAL PARTICULATE - INTEGRATED",MG N/L,43.25694,-82.03806
202402001,2025-03-04 13:41:00,CCGS LIMNOS,LAKE HURON,19,431930,-814717,4,10.00,2024-08-28 08:11:00,267,.00,8.00,0.00030000,,0,.024000,I-N,"NITROGEN,TOTAL PARTICULATE - INTEGRATED",MG N/L,43.32500,-81.78806
202402001,2025-03-04 13:41:00,CCGS LIMNOS,LAKE HURON,20,433254,-814441,5,11.50,2024-08-28 09:54:00,267,.00,9.50,0.00020000,,0,.017000,I-N,"NITROGEN,TOTAL PARTICULATE - INTEGRATED",MG N/L,43.54833,-81.74472
202402001,2025-03-04 13:41:00,CCGS LIMNOS,LAKE HURON,21,434512,-814652,10,12.50,2024-08-28 11:47:00,267,.00,10.50,0.00020000,,0,.015000,I-N,"NITROGEN,TOTAL PARTICULATE - INTEGRATED",MG N/L,43.75333,-81.78111
202402001,2025-03-04 13:41:00,CCGS LIMNOS,LAKE HURON,22,435723,-814712,11,10.50,2024-08-28 22:01:00,267,.00,8.50,0.00020000,,0,.016000,I-N,"NITROGEN,TOTAL PARTICULATE - INTEGRATED",MG N/L,43.95639,-81.78667
202402001,2025-03-04 13:41:00,CCGS LIMNOS,LAKE HURON,23,442159,-815000,29,123.00,2024-08-29 01:48:00,267,.00,20.00,0.00020000,,0,.018000,I-N,"NITROGEN,TOTAL PARTICULATE - INTEGRATED",MG N/L,44.36639,-81.83333
202402001,2025-03-04 13:41:00,CCGS LIMNOS,LAKE HURON,24,442759,-812712,30,21.50,2024-08-29 05:15:00,267,.00,19.00,0.00020000,,0,.013000,I-N,"NITROGEN,TOTAL PARTICULATE - INTEGRATED",MG N/L,44.46639,-81.45333
202402001,2025-03-04 13:41:00,CCGS LIMNOS,LAKE HURON,25,443924,-812242,39,26.00,2024-08-29 06:59:00,267,.00,20.00,0.00020000,,0,.015000,I-N,"NITROGEN,TOTAL PARTICULATE - INTEGRATED",MG N/L,44.65667,-81.37833
202402001,2025-03-04 13:41:00,CCGS LIMNOS,LAKE HURON,25,443924,-812242,39,26.00,2024-08-29 06:59:00,267,.00,20.00,0.00020000,,1,.010000,I-N,"NITROGEN,TOTAL PARTICULATE - INTEGRATED",MG N/L,44.65667,-81.37833
202402001,2025-03-04 13:41:00,CCGS LIMNOS,LAKE HURON,26,445354,-812613,40,20.00,2024-08-29 09:31:00,267,.00,18.00,0.00020000,,0,.012000,I-N,"NITROGEN,TOTAL PARTICULATE - INTEGRATED",MG N/L,44.89833,-81.43694
202402001,2025-03-04 13:41:00,CCGS LIMNOS,LAKE HURON,27,450459,-813212,41,22.50,2024-08-29 11:17:00,267,.00,20.00,0.00020000,,0,.010000,I-N,"NITROGEN,TOTAL PARTICULATE - INTEGRATED",MG N/L,45.08306,-81.53667
202402001,2025-03-04 13:41:00,CCGS LIMNOS,LAKE HURON,28,450048,-820030,43,172.00,2024-08-29 14:43:00,267,.00,20.00,0.00020000,,0,.014000,I-N,"NITROGEN,TOTAL PARTICULATE - INTEGRATED",MG N/L,45.01333,-82.00833
202402001,2025-03-04 13:41:00,CCGS LIMNOS,LAKE HURON,29,451642,-822707,48,110.00,2024-08-29 18:21:00,267,.00,20.00,0.00020000,,0,.017000,I-N,"NITROGEN,TOTAL PARTICULATE - INTEGRATED",MG N/L,45.27833,-82.45194
202402001,2025-03-04 13:41:00,CCGS LIMNOS,LAKE HURON,30,450059,-824106,44,166.50,2024-08-29 21:09:00,267,.00,20.00,0.00020000,,0,.021000,I-N,"NITROGEN,TOTAL PARTICULATE - INTEGRATED",MG N/L,45.01639,-82.68500
202402001,2025-03-04 13:41:00,CCGS LIMNOS,LAKE HURON,31,444424,-820326,38,134.00,2024-08-30 01:46:00,267,.00,20.00,0.00020000,,0,.013000,I-N,"NITROGEN,TOTAL PARTICULATE - INTEGRATED",MG N/L,44.74000,-82.05722
202402001,2025-03-04 13:41:00,CCGS LIMNOS,LAKE HURON,32,442712,-822030,32,83.00,2024-08-30 05:08:00,267,.00,20.00,0.00020000,,0,.014000,I-N,"NITROGEN,TOTAL PARTICULATE - INTEGRATED",MG N/L,44.45333,-82.34167
202402001,2025-03-04 13:41:00,CCGS LIMNOS,LAKE HURON,33,435325,-820324,12,87.00,2024-08-30 10:38:00,267,.00,20.00,0.00020000,,0,.018000,I-N,"NITROGEN,TOTAL PARTICULATE - INTEGRATED",MG N/L,43.89028,-82.05667
202402001,2025-03-04 13:41:00,CCGS LIMNOS,LAKE HURON,34,441154,-823011,27,55.00,2024-09-03 23:11:00,267,.00,20.00,0.00020000,,0,.015000,I-N,"NITROGEN,TOTAL PARTICULATE - INTEGRATED",MG N/L,44.19833,-82.50306
202402001,2025-03-04 13:41:00,CCGS LIMNOS,LAKE HURON,35,443000,-825000,33,72.50,2024-09-04 02:23:00,267,.00,20.00,0.00020000,,0,.016000,I-N,"NITROGEN,TOTAL PARTICULATE - INTEGRATED",MG N/L,44.50000,-82.83333
202402001,2025-03-04 13:41:00,CCGS LIMNOS,LAKE HURON,35,443000,-825000,33,72.50,2024-09-04 02:23:00,267,.00,20.00,0.00020000,,1,.016000,I-N,"NITROGEN,TOTAL PARTICULATE - INTEGRATED",MG N/L,44.50000,-82.83333
202402001,2025-03-04 13:41:00,CCGS LIMNOS,LAKE HURON,36,443824,-831354,34,9.00,2024-09-04 05:09:00,267,.00,7.00,0.00030000,,0,.024000,I-N,"NITROGEN,TOTAL PARTICULATE - INTEGRATED",MG N/L,44.64000,-83.23167
202402001,2025-03-04 13:41:00,CCGS LIMNOS,LAKE HURON,37,450224,-832241,36,9.00,2024-09-04 08:34:00,267,.00,7.00,0.00030000,,0,.041000,I-N,"NITROGEN,TOTAL PARTICULATE - INTEGRATED",MG N/L,45.04000,-83.37806
202402001,2025-03-04 13:41:00,CCGS LIMNOS,LAKE HURON,38,451516,-832044,47,23.50,2024-09-04 11:59:00,267,.00,20.00,0.00040000,,0,.022000,I-N,"NITROGEN,TOTAL PARTICULATE - INTEGRATED",MG N/L,45.25444,-83.34556
202402001,2025-03-04 13:41:00,CCGS LIMNOS,LAKE HURON,39,453100,-832459,54,132.50,2024-09-04 15:02:00,267,.00,20.00,0.00040000,,0,.027000,I-N,"NITROGEN,TOTAL PARTICULATE - INTEGRATED",MG N/L,45.51667,-83.41639
202402001,2025-03-04 13:41:00,CCGS LIMNOS,LAKE HURON,40,452530,-833905,55,37.00,2024-09-04 17:32:00,267,.00,20.00,0.00020000,,0,.023000,I-N,"NITROGEN,TOTAL PARTICULATE - INTEGRATED",MG N/L,45.42500,-83.65139
202402001,2025-03-04 13:41:00,CCGS LIMNOS,LAKE HURON,41,453059,-840500,56,22.50,2024-09-04 20:07:00,267,.00,20.00,0.00020000,,0,.015000,I-N,"NITROGEN,TOTAL PARTICULATE - INTEGRATED",MG N/L,45.51639,-84.08333
202402001,2025-03-04 13:41:00,CCGS LIMNOS,LAKE HURON,42,454459,-835500,61,117.00,2024-09-04 22:19:00,267,.00,20.00,0.00030000,,0,.024000,I-N,"NITROGEN,TOTAL PARTICULATE - INTEGRATED",MG N/L,45.74972,-83.91667
202402001,2025-03-04 13:41:00,CCGS LIMNOS,LAKE HURON,43,454029,-841112,62,44.00,2024-09-05 00:10:00,267,.00,20.00,0.00020000,,0,.024000,I-N,"NITROGEN,TOTAL PARTICULATE - INTEGRATED",MG N/L,45.67472,-84.18667
202402001,2025-03-04 13:41:00,CCGS LIMNOS,LAKE HURON,44,454212,-843041,63,15.00,2024-09-05 02:25:00,267,.00,13.00,0.00030000,,0,.024000,I-N,"NITROGEN,TOTAL PARTICULATE - INTEGRATED",MG N/L,45.70333,-84.51139
202402001,2025-03-04 13:41:00,CCGS LIMNOS,LAKE HURON,45,454848,-844519,64,36.00,2024-09-05 04:05:00,267,.00,20.00,0.00020000,,0,.023000,I-N,"NITROGEN,TOTAL PARTICULATE - INTEGRATED",MG N/L,45.81333,-84.75528
202402001,2025-03-04 13:41:00,CCGS LIMNOS,LAKE HURON,45,454848,-844519,64,36.00,2024-09-05 04:05:00,267,.00,20.00,0.00020000,,1,.023000,I-N,"NITROGEN,TOTAL PARTICULATE - INTEGRATED",MG N/L,45.81333,-84.75528
202402001,2025-03-04 13:41:00,CCGS LIMNOS,LAKE HURON,46,455043,-843400,65,58.50,2024-09-05 05:27:00,267,.00,20.00,0.00020000,,0,.016000,I-N,"NITROGEN,TOTAL PARTICULATE - INTEGRATED",MG N/L,45.84528,-84.56667
202402001,2025-03-04 13:41:00,CCGS LIMNOS,LAKE HURON,47,455149,-841741,66,69.00,2024-09-05 07:08:00,267,.00,20.00,0.00030000,,0,.025000,I-N,"NITROGEN,TOTAL PARTICULATE - INTEGRATED",MG N/L,45.86361,-84.29472
202402001,2025-03-04 13:41:00,CCGS LIMNOS,LAKE HURON,48,455606,-835359,67,31.00,2024-09-05 09:35:00,267,.00,20.00,0.00030000,,0,.022000,I-N,"NITROGEN,TOTAL PARTICULATE - INTEGRATED",MG N/L,45.93500,-83.89972
202402001,2025-03-04 13:41:00,CCGS LIMNOS,LAKE HURON,49,460442,-840141,69,10.00,2024-09-05 11:24:00,267,.00,8.00,0.00040000,,0,.033000,I-N,"NITROGEN,TOTAL PARTICULATE - INTEGRATED",MG N/L,46.07833,-84.02806
202402001,2025-03-04 13:41:00,CCGS LIMNOS,LAKE HURON,50,460230,-835112,68,17.00,2024-09-05 12:44:00,267,.00,15.00,0.00040000,,0,.027000,I-N,"NITROGEN,TOTAL PARTICULATE - INTEGRATED",MG N/L,46.04167,-83.85333
202402001,2025-03-04 13:41:00,CCGS LIMNOS,LAKE HURON,51,460812,-834018,70,22.00,2024-09-05 14:24:00,267,.00,20.00,0.00030000,,0,.031000,I-N,"NITROGEN,TOTAL PARTICULATE - INTEGRATED",MG N/L,46.13667,-83.67167
202402001,2025-03-04 13:41:00,CCGS LIMNOS,LAKE HURON,52,461400,-834447,71,34.00,2024-09-05 15:25:00,267,.00,20.00,0.00030000,,0,.025000,I-N,"NITROGEN,TOTAL PARTICULATE - INTEGRATED",MG N/L,46.23333,-83.74639
202402001,2025-03-04 13:41:00,CCGS LIMNOS,LAKE HURON,53,461112,-832117,73,19.00,2024-09-05 17:38:00,267,.00,17.00,0.00040000,,0,.031000,I-N,"NITROGEN,TOTAL PARTICULATE - INTEGRATED",MG N/L,46.18667,-83.35472
202402001,2025-03-04 13:41:00,CCGS LIMNOS,LAKE HURON,54,460724,-825309,79,26.00,2024-09-05 20:17:00,267,.00,20.00,0.00030000,,0,.034000,I-N,"NITROGEN,TOTAL PARTICULATE - INTEGRATED",MG N/L,46.12333,-82.88583
202402001,2025-03-04 13:41:00,CCGS LIMNOS,LAKE HURON,55,460530,-823324,84,36.00,2024-09-05 22:18:00,267,.00,20.00,0.00030000,,0,.030000,I-N,"NITROGEN,TOTAL PARTICULATE - INTEGRATED",MG N/L,46.09167,-82.55667
202402001,2025-03-04 13:41:00,CCGS LIMNOS,LAKE HURON,55,460530,-823324,84,36.00,2024-09-05 22:18:00,267,.00,20.00,0.00030000,,1,.028000,I-N,"NITROGEN,TOTAL PARTICULATE - INTEGRATED",MG N/L,46.09167,-82.55667
202402001,2025-03-04 13:41:00,CCGS LIMNOS,LAKE HURON,56,460340,-821149,87,35.00,2024-09-06 00:45:00,267,.00,20.00,0.00030000,,0,.039000,I-N,"NITROGEN,TOTAL PARTICULATE - INTEGRATED",MG N/L,46.06111,-82.19694
202402001,2025-03-04 13:41:00,CCGS LIMNOS,LAKE HURON,57,460320,-815959,88,36.00,2024-09-06 02:07:00,267,.00,20.00,0.00030000,,0,.049000,I-N,"NITROGEN,TOTAL PARTICULATE - INTEGRATED",MG N/L,46.05556,-81.99972
202402001,2025-03-04 13:41:00,CCGS LIMNOS,LAKE HURON,58,455459,-820940,89,39.00,2024-09-06 03:48:00,267,.00,20.00,0.00040000,,0,.032000,I-N,"NITROGEN,TOTAL PARTICULATE - INTEGRATED",MG N/L,45.91639,-82.16111
202402001,2025-03-04 13:41:00,CCGS LIMNOS,LAKE HURON,59,460000,-823258,83,31.00,2024-09-06 07:05:00,267,.00,20.00,0.00040000,,0,.034000,I-N,"NITROGEN,TOTAL PARTICULATE - INTEGRATED",MG N/L,46.00000,-82.54944
202402001,2025-03-04 13:41:00,CCGS LIMNOS,LAKE HURON,60,455611,-824527,82,28.50,2024-09-06 08:34:00,267,.00,20.00,0.00030000,,0,.029000,I-N,"NITROGEN,TOTAL PARTICULATE - INTEGRATED",MG N/L,45.93639,-82.75750
202402001,2025-03-04 13:41:00,CCGS LIMNOS,LAKE HURON,61,455811,-831154,77,78.00,2024-09-06 11:34:00,267,.00,20.00,0.00040000,,0,.029000,I-N,"NITROGEN,TOTAL PARTICULATE - INTEGRATED",MG N/L,45.96972,-83.19833
202402001,2025-03-04 13:41:00,CCGS LIMNOS,LAKE HURON,62,455959,-832600,76,58.00,2024-09-06 13:08:00,267,.00,20.00,0.00030000,,0,.029000,I-N,"NITROGEN,TOTAL PARTICULATE - INTEGRATED",MG N/L,45.99972,-83.43333
202402001,2025-03-04 13:41:00,CCGS LIMNOS,LAKE HURON,63,455405,-833105,60,25.00,2024-09-06 14:16:00,267,.00,20.00,0.00030000,,0,.020000,I-N,"NITROGEN,TOTAL PARTICULATE - INTEGRATED",MG N/L,45.90139,-83.51806
202402001,2025-03-04 13:41:00,CCGS LIMNOS,LAKE HURON,64,455159,-831600,58,12.00,2024-09-06 16:39:00,267,.00,10.00,0.00030000,,0,.032000,I-N,"NITROGEN,TOTAL PARTICULATE - INTEGRATED",MG N/L,45.86639,-83.26667
202402001,2025-03-04 13:41:00,CCGS LIMNOS,LAKE HURON,65,454600,-830141,59,18.00,2024-09-06 18:18:00,267,.00,16.00,0.00030000,,0,.024000,I-N,"NITROGEN,TOTAL PARTICULATE - INTEGRATED",MG N/L,45.76667,-83.02806
202402001,2025-03-04 13:41:00,CCGS LIMNOS,LAKE HURON,65,454600,-830141,59,18.00,2024-09-06 18:18:00,267,.00,16.00,0.00030000,,1,.023000,I-N,"NITROGEN,TOTAL PARTICULATE - INTEGRATED",MG N/L,45.76667,-83.02806
202402001,2025-03-04 13:41:00,CCGS LIMNOS,LAKE HURON,66,453905,-823852,52,66.00,2024-09-06 20:48:00,267,.00,20.00,0.00030000,,0,.016000,I-N,"NITROGEN,TOTAL PARTICULATE - INTEGRATED",MG N/L,45.65139,-82.64778
202402001,2025-03-04 13:41:00,CCGS LIMNOS,LAKE HURON,67,453205,-820242,50,27.00,2024-09-07 00:19:00,267,.00,20.00,0.00030000,,0,.012000,I-N,"NITROGEN,TOTAL PARTICULATE - INTEGRATED",MG N/L,45.53472,-82.04500
202402001,2025-03-04 13:41:00,CCGS LIMNOS,LAKE HURON,68,451316,-814909,42,42.00,2024-09-07 03:12:00,267,.00,20.00,0.00020000,,0,.012000,I-N,"NITROGEN,TOTAL PARTICULATE - INTEGRATED",MG N/L,45.22111,-81.81917
202402001,2025-03-04 13:41:00,CCGS LIMNOS,LAKE HURON,1,430523,-822330,1,11.00,2024-08-26 18:44:00,268,1.00,.00,0.00040000,,0,.027000,N TP,"NITROGEN,TOTAL PARTICULATE",MG N/L,43.08972,-82.39167
202402001,2025-03-04 13:41:00,CCGS LIMNOS,LAKE HURON,1,430523,-822330,1,11.00,2024-08-26 18:44:00,268,9.00,.00,0.00020000,,0,.030000,N TP,"NITROGEN,TOTAL PARTICULATE",MG N/L,43.08972,-82.39167
202402001,2025-03-04 13:41:00,CCGS LIMNOS,LAKE HURON,10,440654,-833144,97,11.00,2024-08-27 10:47:00,268,998.00,.00,0.00060000,,0,.005000,N TP,"NITROGEN,TOTAL PARTICULATE",MG N/L,44.11500,-83.52889
202402001,2025-03-04 13:41:00,CCGS LIMNOS,LAKE HURON,13,434930,-834901,100,7.00,2024-08-27 14:43:00,268,.50,.00,0.00080000,,0,.157000,N TP,"NITROGEN,TOTAL PARTICULATE",MG N/L,43.82500,-83.81694
202402001,2025-03-04 13:41:00,CCGS LIMNOS,LAKE HURON,15,441246,-832214,95,21.00,2024-08-27 19:10:00,268,1.00,.00,0.00040000,,0,.047000,N TP,"NITROGEN,TOTAL PARTICULATE",MG N/L,44.21278,-83.37056
202402001,2025-03-04 13:41:00,CCGS LIMNOS,LAKE HURON,15,441246,-832214,95,21.00,2024-08-27 19:10:00,268,11.00,.00,0.00020000,,0,.019000,N TP,"NITROGEN,TOTAL PARTICULATE",MG N/L,44.21278,-83.37056
202402001,2025-03-04 13:41:00,CCGS LIMNOS,LAKE HURON,15,441246,-832214,95,21.00,2024-08-27 19:10:00,268,19.00,.00,0.00030000,,0,.016000,N TP,"NITROGEN,TOTAL PARTICULATE",MG N/L,44.21278,-83.37056
202402001,2025-03-04 13:41:00,CCGS LIMNOS,LAKE HURON,20,433254,-814441,5,11.50,2024-08-28 09:54:00,268,998.00,.00,0.00020000,<,0,.000200,N TP,"NITROGEN,TOTAL PARTICULATE",MG N/L,43.54833,-81.74472
202402001,2025-03-04 13:41:00,CCGS LIMNOS,LAKE HURON,23,442159,-815000,29,123.00,2024-08-29 01:48:00,268,1.00,.00,0.00020000,,0,.010000,N TP,"NITROGEN,TOTAL PARTICULATE",MG N/L,44.36639,-81.83333
202402001,2025-03-04 13:41:00,CCGS LIMNOS,LAKE HURON,23,442159,-815000,29,123.00,2024-08-29 01:48:00,268,14.00,.00,0.00030000,,0,.019000,N TP,"NITROGEN,TOTAL PARTICULATE",MG N/L,44.36639,-81.83333
202402001,2025-03-04 13:41:00,CCGS LIMNOS,LAKE HURON,23,442159,-815000,29,123.00,2024-08-29 01:48:00,268,24.00,.00,0.00040000,,0,.018000,N TP,"NITROGEN,TOTAL PARTICULATE",MG N/L,44.36639,-81.83333
202402001,2025-03-04 13:41:00,CCGS LIMNOS,LAKE HURON,23,442159,-815000,29,123.00,2024-08-29 01:48:00,268,34.00,.00,0.00040000,,0,.019000,N TP,"NITROGEN,TOTAL PARTICULATE",MG N/L,44.36639,-81.83333
202402001,2025-03-04 13:41:00,CCGS LIMNOS,LAKE HURON,23,442159,-815000,29,123.00,2024-08-29 01:48:00,268,113.00,.00,0.00020000,,0,.003000,N TP,"NITROGEN,TOTAL PARTICULATE",MG N/L,44.36639,-81.83333
202402001,2025-03-04 13:41:00,CCGS LIMNOS,LAKE HURON,23,442159,-815000,29,123.00,2024-08-29 01:48:00,268,121.00,.00,0.00020000,,0,.006000,N TP,"NITROGEN,TOTAL PARTICULATE",MG N/L,44.36639,-81.83333
202402001,2025-03-04 13:41:00,CCGS LIMNOS,LAKE HURON,30,450059,-824106,44,166.50,2024-08-29 21:09:00,268,1.00,.00,0.00020000,,0,.014000,N TP,"NITROGEN,TOTAL PARTICULATE",MG N/L,45.01639,-82.68500
202402001,2025-03-04 13:41:00,CCGS LIMNOS,LAKE HURON,30,450059,-824106,44,166.50,2024-08-29 21:09:00,268,1.00,.00,0.00020000,,1,.013000,N TP,"NITROGEN,TOTAL PARTICULATE",MG N/L,45.01639,-82.68500
202402001,2025-03-04 13:41:00,CCGS LIMNOS,LAKE HURON,30,450059,-824106,44,166.50,2024-08-29 21:09:00,268,14.00,.00,0.00030000,,0,.018000,N TP,"NITROGEN,TOTAL PARTICULATE",MG N/L,45.01639,-82.68500
202402001,2025-03-04 13:41:00,CCGS LIMNOS,LAKE HURON,30,450059,-824106,44,166.50,2024-08-29 21:09:00,268,45.50,.00,0.00030000,,0,.014000,N TP,"NITROGEN,TOTAL PARTICULATE",MG N/L,45.01639,-82.68500
202402001,2025-03-04 13:41:00,CCGS LIMNOS,LAKE HURON,30,450059,-824106,44,166.50,2024-08-29 21:09:00,268,77.00,.00,0.00020000,,0,.006000,N TP,"NITROGEN,TOTAL PARTICULATE",MG N/L,45.01639,-82.68500
202402001,2025-03-04 13:41:00,CCGS LIMNOS,LAKE HURON,30,450059,-824106,44,166.50,2024-08-29 21:09:00,268,156.50,.00,0.00020000,,0,.003000,N TP,"NITROGEN,TOTAL PARTICULATE",MG N/L,45.01639,-82.68500
202402001,2025-03-04 13:41:00,CCGS LIMNOS,LAKE HURON,30,450059,-824106,44,166.50,2024-08-29 21:09:00,268,164.50,.00,0.00020000,,0,.003000,N TP,"NITROGEN,TOTAL PARTICULATE",MG N/L,45.01639,-82.68500
202402001,2025-03-04 13:41:00,CCGS LIMNOS,LAKE HURON,30,450059,-824106,44,166.50,2024-08-29 21:09:00,268,998.00,.00,0.00020000,,0,.002000,N TP,"NITROGEN,TOTAL PARTICULATE",MG N/L,45.01639,-82.68500
202402001,2025-03-04 13:41:00,CCGS LIMNOS,LAKE HURON,39,453100,-832459,54,132.50,2024-09-04 15:02:00,268,1.00,.00,0.00040000,,0,.022000,N TP,"NITROGEN,TOTAL PARTICULATE",MG N/L,45.51667,-83.41639
202402001,2025-03-04 13:41:00,CCGS LIMNOS,LAKE HURON,39,453100,-832459,54,132.50,2024-09-04 15:02:00,268,11.00,.00,0.00040000,,0,.024000,N TP,"NITROGEN,TOTAL PARTICULATE",MG N/L,45.51667,-83.41639
202402001,2025-03-04 13:41:00,CCGS LIMNOS,LAKE HURON,39,453100,-832459,54,132.50,2024-09-04 15:02:00,268,25.50,.00,0.00040000,,0,.024000,N TP,"NITROGEN,TOTAL PARTICULATE",MG N/L,45.51667,-83.41639
202402001,2025-03-04 13:41:00,CCGS LIMNOS,LAKE HURON,39,453100,-832459,54,132.50,2024-09-04 15:02:00,268,40.00,.00,0.00040000,,0,.016000,N TP,"NITROGEN,TOTAL PARTICULATE",MG N/L,45.51667,-83.41639
202402001,2025-03-04 13:41:00,CCGS LIMNOS,LAKE HURON,39,453100,-832459,54,132.50,2024-09-04 15:02:00,268,122.50,.00,0.00040000,,0,.005000,N TP,"NITROGEN,TOTAL PARTICULATE",MG N/L,45.51667,-83.41639
202402001,2025-03-04 13:41:00,CCGS LIMNOS,LAKE HURON,39,453100,-832459,54,132.50,2024-09-04 15:02:00,268,130.50,.00,0.00020000,,0,.006000,N TP,"NITROGEN,TOTAL PARTICULATE",MG N/L,45.51667,-83.41639
202402001,2025-03-04 13:41:00,CCGS LIMNOS,LAKE HURON,40,452530,-833905,55,37.00,2024-09-04 17:32:00,268,998.00,.00,0.00020000,,0,.000800,N TP,"NITROGEN,TOTAL PARTICULATE",MG N/L,45.42500,-83.65139
202402001,2025-03-04 13:41:00,CCGS LIMNOS,LAKE HURON,50,460230,-835112,68,17.00,2024-09-05 12:44:00,268,998.00,.00,0.00040000,,0,.002000,N TP,"NITROGEN,TOTAL PARTICULATE",MG N/L,46.04167,-83.85333
202402001,2025-03-04 13:41:00,CCGS LIMNOS,LAKE HURON,54,460724,-825309,79,26.00,2024-09-05 20:17:00,268,1.00,.00,0.00040000,,0,.032000,N TP,"NITROGEN,TOTAL PARTICULATE",MG N/L,46.12333,-82.88583
202402001,2025-03-04 13:41:00,CCGS LIMNOS,LAKE HURON,54,460724,-825309,79,26.00,2024-09-05 20:17:00,268,1.00,.00,0.00040000,,1,.032000,N TP,"NITROGEN,TOTAL PARTICULATE",MG N/L,46.12333,-82.88583
202402001,2025-03-04 13:41:00,CCGS LIMNOS,LAKE HURON,54,460724,-825309,79,26.00,2024-09-05 20:17:00,268,10.00,.00,0.00030000,,0,.034000,N TP,"NITROGEN,TOTAL PARTICULATE",MG N/L,46.12333,-82.88583
202402001,2025-03-04 13:41:00,CCGS LIMNOS,LAKE HURON,54,460724,-825309,79,26.00,2024-09-05 20:17:00,268,24.00,.00,0.00030000,,0,.027000,N TP,"NITROGEN,TOTAL PARTICULATE",MG N/L,46.12333,-82.88583
202402001,2025-03-04 13:41:00,CCGS LIMNOS,LAKE HURON,60,455611,-824527,82,28.50,2024-09-06 08:34:00,268,998.00,.00,0.00030000,<,0,.000300,N TP,"NITROGEN,TOTAL PARTICULATE",MG N/L,45.93639,-82.75750
202402001,2025-03-04 13:41:00,CCGS LIMNOS,LAKE HURON,1,430523,-822330,1,11.00,2024-08-26 18:44:00,448,1.00,.00,,,0,.700000,NF RES,"RESIDUE,NON-FILTERED",MG/L,43.08972,-82.39167
202402001,2025-03-04 13:41:00,CCGS LIMNOS,LAKE HURON,2,432030,-823021,7,11.00,2024-08-26 20:43:00,448,1.00,.00,,,0,1.100000,NF RES,"RESIDUE,NON-FILTERED",MG/L,43.34167,-82.50583
202402001,2025-03-04 13:41:00,CCGS LIMNOS,LAKE HURON,3,433402,-822907,8,30.00,2024-08-26 22:29:00,448,1.00,.00,,,0,.700000,NF RES,"RESIDUE,NON-FILTERED",MG/L,43.56722,-82.48528
202402001,2025-03-04 13:41:00,CCGS LIMNOS,LAKE HURON,4,433759,-821301,9,60.00,2024-08-27 00:08:00,448,1.00,.00,,,0,.400000,NF RES,"RESIDUE,NON-FILTERED",MG/L,43.63306,-82.21694
202402001,2025-03-04 13:41:00,CCGS LIMNOS,LAKE HURON,5,434513,-823405,13,17.00,2024-08-27 03:04:00,448,1.00,.00,,,0,.600000,NF RES,"RESIDUE,NON-FILTERED",MG/L,43.75361,-82.56806
202402001,2025-03-04 13:41:00,CCGS LIMNOS,LAKE HURON,5,434513,-823405,13,17.00,2024-08-27 03:04:00,448,1.00,.00,,,1,.800000,NF RES,"RESIDUE,NON-FILTERED",MG/L,43.75361,-82.56806
202402001,2025-03-04 13:41:00,CCGS LIMNOS,LAKE HURON,6,435631,-824000,14,12.50,2024-08-27 04:44:00,448,1.00,.00,,,0,.900000,NF RES,"RESIDUE,NON-FILTERED",MG/L,43.94194,-82.66667
202402001,2025-03-04 13:41:00,CCGS LIMNOS,LAKE HURON,7,440600,-825159,17,15.00,2024-08-27 06:32:00,448,1.00,.00,,,0,.800000,NF RES,"RESIDUE,NON-FILTERED",MG/L,44.10000,-82.86639
202402001,2025-03-04 13:41:00,CCGS LIMNOS,LAKE HURON,8,440409,-830450,94,14.50,2024-08-27 07:55:00,448,1.00,.00,,,0,.500000,NF RES,"RESIDUE,NON-FILTERED",MG/L,44.06917,-83.08056
202402001,2025-03-04 13:41:00,CCGS LIMNOS,LAKE HURON,9,440735,-831014,96,30.00,2024-08-27 08:46:00,448,1.00,.00,,,0,.500000,NF RES,"RESIDUE,NON-FILTERED",MG/L,44.12639,-83.17056
202402001,2025-03-04 13:41:00,CCGS LIMNOS,LAKE HURON,10,440654,-833144,97,11.00,2024-08-27 10:47:00,448,1.00,.00,,,0,1.300000,NF RES,"RESIDUE,NON-FILTERED",MG/L,44.11500,-83.52889
202402001,2025-03-04 13:41:00,CCGS LIMNOS,LAKE HURON,10,440654,-833144,97,11.00,2024-08-27 10:47:00,448,998.00,.00,,,0,-.100000,NF RES,"RESIDUE,NON-FILTERED",MG/L,44.11500,-83.52889
202402001,2025-03-04 13:41:00,CCGS LIMNOS,LAKE HURON,11,435834,-833430,98,11.00,2024-08-27 12:08:00,448,1.00,.00,,,0,3.200000,NF RES,"RESIDUE,NON-FILTERED",MG/L,43.97611,-83.57500
202402001,2025-03-04 13:41:00,CCGS LIMNOS,LAKE HURON,12,434915,-833728,101,6.00,2024-08-27 13:32:00,448,1.00,.00,,,0,3.400000,NF RES,"RESIDUE,NON-FILTERED",MG/L,43.82083,-83.62444
202402001,2025-03-04 13:41:00,CCGS LIMNOS,LAKE HURON,13,434930,-834901,100,7.00,2024-08-27 14:43:00,448,.50,.00,,,0,4.300000,NF RES,"RESIDUE,NON-FILTERED",MG/L,43.82500,-83.81694
202402001,2025-03-04 13:41:00,CCGS LIMNOS,LAKE HURON,13,434930,-834901,100,7.00,2024-08-27 14:43:00,448,1.00,.00,,,0,3.300000,NF RES,"RESIDUE,NON-FILTERED",MG/L,43.82500,-83.81694
202402001,2025-03-04 13:41:00,CCGS LIMNOS,LAKE HURON,14,435430,-834427,99,7.00,2024-08-27 15:59:00,448,1.00,.00,,,0,3.400000,NF RES,"RESIDUE,NON-FILTERED",MG/L,43.90833,-83.74083
202402001,2025-03-04 13:41:00,CCGS LIMNOS,LAKE HURON,15,441246,-832214,95,21.00,2024-08-27 19:10:00,448,1.00,.00,,,0,1.000000,NF RES,"RESIDUE,NON-FILTERED",MG/L,44.21278,-83.37056
202402001,2025-03-04 13:41:00,CCGS LIMNOS,LAKE HURON,15,441246,-832214,95,21.00,2024-08-27 19:10:00,448,1.00,.00,,,1,1.000000,NF RES,"RESIDUE,NON-FILTERED",MG/L,44.21278,-83.37056
202402001,2025-03-04 13:41:00,CCGS LIMNOS,LAKE HURON,16,442002,-831758,23,9.00,2024-08-27 20:21:00,448,1.00,.00,,,0,1.100000,NF RES,"RESIDUE,NON-FILTERED",MG/L,44.33389,-83.29944
202402001,2025-03-04 13:41:00,CCGS LIMNOS,LAKE HURON,17,441303,-830501,20,47.00,2024-08-27 22:00:00,448,1.00,.00,,,0,.300000,NF RES,"RESIDUE,NON-FILTERED",MG/L,44.21750,-83.08361
202402001,2025-03-04 13:41:00,CCGS LIMNOS,LAKE HURON,18,431525,-820217,3,16.00,2024-08-28 06:31:00,448,1.00,.00,,,0,.600000,NF RES,"RESIDUE,NON-FILTERED",MG/L,43.25694,-82.03806
202402001,2025-03-04 13:41:00,CCGS LIMNOS,LAKE HURON,19,431930,-814717,4,10.00,2024-08-28 08:11:00,448,1.00,.00,,,0,.800000,NF RES,"RESIDUE,NON-FILTERED",MG/L,43.32500,-81.78806
202402001,2025-03-04 13:41:00,CCGS LIMNOS,LAKE HURON,20,433254,-814441,5,11.50,2024-08-28 09:54:00,448,1.00,.00,,,0,.400000,NF RES,"RESIDUE,NON-FILTERED",MG/L,43.54833,-81.74472
202402001,2025-03-04 13:41:00,CCGS LIMNOS,LAKE HURON,20,433254,-814441,5,11.50,2024-08-28 09:54:00,448,998.00,.00,,,0,.000000,NF RES,"RESIDUE,NON-FILTERED",MG/L,43.54833,-81.74472
202402001,2025-03-04 13:41:00,CCGS LIMNOS,LAKE HURON,21,434512,-814652,10,12.50,2024-08-28 11:47:00,448,1.00,.00,,,0,.300000,NF RES,"RESIDUE,NON-FILTERED",MG/L,43.75333,-81.78111
202402001,2025-03-04 13:41:00,CCGS LIMNOS,LAKE HURON,22,435723,-814712,11,10.50,2024-08-28 22:01:00,448,1.00,.00,,,0,.300000,NF RES,"RESIDUE,NON-FILTERED",MG/L,43.95639,-81.78667
202402001,2025-03-04 13:41:00,CCGS LIMNOS,LAKE HURON,23,442159,-815000,29,123.00,2024-08-29 01:48:00,448,1.00,.00,,,0,.200000,NF RES,"RESIDUE,NON-FILTERED",MG/L,44.36639,-81.83333
202402001,2025-03-04 13:41:00,CCGS LIMNOS,LAKE HURON,24,442759,-812712,30,21.50,2024-08-29 05:15:00,448,1.00,.00,,,0,.300000,NF RES,"RESIDUE,NON-FILTERED",MG/L,44.46639,-81.45333
202402001,2025-03-04 13:41:00,CCGS LIMNOS,LAKE HURON,25,443924,-812242,39,26.00,2024-08-29 06:59:00,448,1.00,.00,,,0,.200000,NF RES,"RESIDUE,NON-FILTERED",MG/L,44.65667,-81.37833
202402001,2025-03-04 13:41:00,CCGS LIMNOS,LAKE HURON,25,443924,-812242,39,26.00,2024-08-29 06:59:00,448,1.00,.00,,,1,.300000,NF RES,"RESIDUE,NON-FILTERED",MG/L,44.65667,-81.37833
202402001,2025-03-04 13:41:00,CCGS LIMNOS,LAKE HURON,26,445354,-812613,40,20.00,2024-08-29 09:31:00,448,1.00,.00,,,0,.300000,NF RES,"RESIDUE,NON-FILTERED",MG/L,44.89833,-81.43694
202402001,2025-03-04 13:41:00,CCGS LIMNOS,LAKE HURON,27,450459,-813212,41,22.50,2024-08-29 11:17:00,448,1.00,.00,,,0,.100000,NF RES,"RESIDUE,NON-FILTERED",MG/L,45.08306,-81.53667
202402001,2025-03-04 13:41:00,CCGS LIMNOS,LAKE HURON,28,450048,-820030,43,172.00,2024-08-29 14:43:00,448,1.00,.00,,,0,.200000,NF RES,"RESIDUE,NON-FILTERED",MG/L,45.01333,-82.00833
202402001,2025-03-04 13:41:00,CCGS LIMNOS,LAKE HURON,29,451642,-822707,48,110.00,2024-08-29 18:21:00,448,1.00,.00,,,0,.200000,NF RES,"RESIDUE,NON-FILTERED",MG/L,45.27833,-82.45194
202402001,2025-03-04 13:41:00,CCGS LIMNOS,LAKE HURON,30,450059,-824106,44,166.50,2024-08-29 21:09:00,448,1.00,.00,,,0,.200000,NF RES,"RESIDUE,NON-FILTERED",MG/L,45.01639,-82.68500
202402001,2025-03-04 13:41:00,CCGS LIMNOS,LAKE HURON,30,450059,-824106,44,166.50,2024-08-29 21:09:00,448,998.00,.00,,,0,-31.700000,NF RES,"RESIDUE,NON-FILTERED",MG/L,45.01639,-82.68500
202402001,2025-03-04 13:41:00,CCGS LIMNOS,LAKE HURON,31,444424,-820326,38,134.00,2024-08-30 01:46:00,448,1.00,.00,,,0,.200000,NF RES,"RESIDUE,NON-FILTERED",MG/L,44.74000,-82.05722
202402001,2025-03-04 13:41:00,CCGS LIMNOS,LAKE HURON,32,442712,-822030,32,83.00,2024-08-30 05:08:00,448,1.00,.00,,,0,.300000,NF RES,"RESIDUE,NON-FILTERED",MG/L,44.45333,-82.34167
202402001,2025-03-04 13:41:00,CCGS LIMNOS,LAKE HURON,33,435325,-820324,12,87.00,2024-08-30 10:38:00,448,1.00,.00,,,0,.300000,NF RES,"RESIDUE,NON-FILTERED",MG/L,43.89028,-82.05667
202402001,2025-03-04 13:41:00,CCGS LIMNOS,LAKE HURON,34,441154,-823011,27,55.00,2024-09-03 23:11:00,448,1.00,.00,,,0,.300000,NF RES,"RESIDUE,NON-FILTERED",MG/L,44.19833,-82.50306
202402001,2025-03-04 13:41:00,CCGS LIMNOS,LAKE HURON,35,443000,-825000,33,72.50,2024-09-04 02:23:00,448,1.00,.00,,,0,.300000,NF RES,"RESIDUE,NON-FILTERED",MG/L,44.50000,-82.83333
202402001,2025-03-04 13:41:00,CCGS LIMNOS,LAKE HURON,35,443000,-825000,33,72.50,2024-09-04 02:23:00,448,1.00,.00,,,1,.400000,NF RES,"RESIDUE,NON-FILTERED",MG/L,44.50000,-82.83333
202402001,2025-03-04 13:41:00,CCGS LIMNOS,LAKE HURON,36,443824,-831354,34,9.00,2024-09-04 05:09:00,448,1.00,.00,,,0,.800000,NF RES,"RESIDUE,NON-FILTERED",MG/L,44.64000,-83.23167
202402001,2025-03-04 13:41:00,CCGS LIMNOS,LAKE HURON,37,450224,-832241,36,9.00,2024-09-04 08:34:00,448,1.00,.00,,,0,1.400000,NF RES,"RESIDUE,NON-FILTERED",MG/L,45.04000,-83.37806
202402001,2025-03-04 13:41:00,CCGS LIMNOS,LAKE HURON,38,451516,-832044,47,23.50,2024-09-04 11:59:00,448,1.00,.00,,,0,.700000,NF RES,"RESIDUE,NON-FILTERED",MG/L,45.25444,-83.34556
202402001,2025-03-04 13:41:00,CCGS LIMNOS,LAKE HURON,39,453100,-832459,54,132.50,2024-09-04 15:02:00,448,1.00,.00,,,0,.600000,NF RES,"RESIDUE,NON-FILTERED",MG/L,45.51667,-83.41639
202402001,2025-03-04 13:41:00,CCGS LIMNOS,LAKE HURON,40,452530,-833905,55,37.00,2024-09-04 17:32:00,448,1.00,.00,,,0,.500000,NF RES,"RESIDUE,NON-FILTERED",MG/L,45.42500,-83.65139
202402001,2025-03-04 13:41:00,CCGS LIMNOS,LAKE HURON,40,452530,-833905,55,37.00,2024-09-04 17:32:00,448,998.00,.00,,,0,.000000,NF RES,"RESIDUE,NON-FILTERED",MG/L,45.42500,-83.65139
202402001,2025-03-04 13:41:00,CCGS LIMNOS,LAKE HURON,41,453059,-840500,56,22.50,2024-09-04 20:07:00,448,1.00,.00,,,0,.400000,NF RES,"RESIDUE,NON-FILTERED",MG/L,45.51639,-84.08333
202402001,2025-03-04 13:41:00,CCGS LIMNOS,LAKE HURON,42,454459,-835500,61,117.00,2024-09-04 22:19:00,448,1.00,.00,,,0,.500000,NF RES,"RESIDUE,NON-FILTERED",MG/L,45.74972,-83.91667
202402001,2025-03-04 13:41:00,CCGS LIMNOS,LAKE HURON,43,454029,-841112,62,44.00,2024-09-05 00:10:00,448,1.00,.00,,,0,.400000,NF RES,"RESIDUE,NON-FILTERED",MG/L,45.67472,-84.18667
202402001,2025-03-04 13:41:00,CCGS LIMNOS,LAKE HURON,44,454212,-843041,63,15.00,2024-09-05 02:25:00,448,1.00,.00,,,0,.500000,NF RES,"RESIDUE,NON-FILTERED",MG/L,45.70333,-84.51139
202402001,2025-03-04 13:41:00,CCGS LIMNOS,LAKE HURON,45,454848,-844519,64,36.00,2024-09-05 04:05:00,448,1.00,.00,,,0,.800000,NF RES,"RESIDUE,NON-FILTERED",MG/L,45.81333,-84.75528
202402001,2025-03-04 13:41:00,CCGS LIMNOS,LAKE HURON,45,454848,-844519,64,36.00,2024-09-05 04:05:00,448,1.00,.00,,,1,.500000,NF RES,"RESIDUE,NON-FILTERED",MG/L,45.81333,-84.75528
202402001,2025-03-04 13:41:00,CCGS LIMNOS,LAKE HURON,46,455043,-843400,65,58.50,2024-09-05 05:27:00,448,1.00,.00,,,0,.500000,NF RES,"RESIDUE,NON-FILTERED",MG/L,45.84528,-84.56667
202402001,2025-03-04 13:41:00,CCGS LIMNOS,LAKE HURON,47,455149,-841741,66,69.00,2024-09-05 07:08:00,448,1.00,.00,,,0,.600000,NF RES,"RESIDUE,NON-FILTERED",MG/L,45.86361,-84.29472
202402001,2025-03-04 13:41:00,CCGS LIMNOS,LAKE HURON,48,455606,-835359,67,31.00,2024-09-05 09:35:00,448,1.00,.00,,,0,.600000,NF RES,"RESIDUE,NON-FILTERED",MG/L,45.93500,-83.89972
202402001,2025-03-04 13:41:00,CCGS LIMNOS,LAKE HURON,49,460442,-840141,69,10.00,2024-09-05 11:24:00,448,1.00,.00,,,0,3.500000,NF RES,"RESIDUE,NON-FILTERED",MG/L,46.07833,-84.02806
202402001,2025-03-04 13:41:00,CCGS LIMNOS,LAKE HURON,50,460230,-835112,68,17.00,2024-09-05 12:44:00,448,1.00,.00,,,0,2.600000,NF RES,"RESIDUE,NON-FILTERED",MG/L,46.04167,-83.85333
202402001,2025-03-04 13:41:00,CCGS LIMNOS,LAKE HURON,50,460230,-835112,68,17.00,2024-09-05 12:44:00,448,998.00,.00,,,0,-.200000,NF RES,"RESIDUE,NON-FILTERED",MG/L,46.04167,-83.85333
202402001,2025-03-04 13:41:00,CCGS LIMNOS,LAKE HURON,51,460812,-834018,70,22.00,2024-09-05 14:24:00,448,1.00,.00,,,0,.800000,NF RES,"RESIDUE,NON-FILTERED",MG/L,46.13667,-83.67167
202402001,2025-03-04 13:41:00,CCGS LIMNOS,LAKE HURON,52,461400,-834447,71,34.00,2024-09-05 15:25:00,448,.00,.00,,,0,1.100000,NF RES,"RESIDUE,NON-FILTERED",MG/L,46.23333,-83.74639
202402001,2025-03-04 13:41:00,CCGS LIMNOS,LAKE HURON,53,461112,-832117,73,19.00,2024-09-05 17:38:00,448,.00,.00,,,0,1.100000,NF RES,"RESIDUE,NON-FILTERED",MG/L,46.18667,-83.35472
202402001,2025-03-04 13:41:00,CCGS LIMNOS,LAKE HURON,54,460724,-825309,79,26.00,2024-09-05 20:17:00,448,1.00,.00,,,0,.900000,NF RES,"RESIDUE,NON-FILTERED",MG/L,46.12333,-82.88583
202402001,2025-03-04 13:41:00,CCGS LIMNOS,LAKE HURON,55,460530,-823324,84,36.00,2024-09-05 22:18:00,448,1.00,.00,,,0,.600000,NF RES,"RESIDUE,NON-FILTERED",MG/L,46.09167,-82.55667
202402001,2025-03-04 13:41:00,CCGS LIMNOS,LAKE HURON,55,460530,-823324,84,36.00,2024-09-05 22:18:00,448,1.00,.00,,,1,.700000,NF RES,"RESIDUE,NON-FILTERED",MG/L,46.09167,-82.55667
202402001,2025-03-04 13:41:00,CCGS LIMNOS,LAKE HURON,56,460340,-821149,87,35.00,2024-09-06 00:45:00,448,1.00,.00,,,0,1.100000,NF RES,"RESIDUE,NON-FILTERED",MG/L,46.06111,-82.19694
202402001,2025-03-04 13:41:00,CCGS LIMNOS,LAKE HURON,57,460320,-815959,88,36.00,2024-09-06 02:07:00,448,1.00,.00,,,0,1.300000,NF RES,"RESIDUE,NON-FILTERED",MG/L,46.05556,-81.99972
202402001,2025-03-04 13:41:00,CCGS LIMNOS,LAKE HURON,58,455459,-820940,89,39.00,2024-09-06 03:48:00,448,1.00,.00,,,0,1.400000,NF RES,"RESIDUE,NON-FILTERED",MG/L,45.91639,-82.16111
202402001,2025-03-04 13:41:00,CCGS LIMNOS,LAKE HURON,59,460000,-823258,83,31.00,2024-09-06 07:05:00,448,1.00,.00,,,0,.800000,NF RES,"RESIDUE,NON-FILTERED",MG/L,46.00000,-82.54944
202402001,2025-03-04 13:41:00,CCGS LIMNOS,LAKE HURON,60,455611,-824527,82,28.50,2024-09-06 08:34:00,448,1.00,.00,,,0,1.100000,NF RES,"RESIDUE,NON-FILTERED",MG/L,45.93639,-82.75750
202402001,2025-03-04 13:41:00,CCGS LIMNOS,LAKE HURON,60,455611,-824527,82,28.50,2024-09-06 08:34:00,448,998.00,.00,,,0,.200000,NF RES,"RESIDUE,NON-FILTERED",MG/L,45.93639,-82.75750
202402001,2025-03-04 13:41:00,CCGS LIMNOS,LAKE HURON,61,455811,-831154,77,78.00,2024-09-06 11:34:00,448,1.00,.00,,,0,.900000,NF RES,"RESIDUE,NON-FILTERED",MG/L,45.96972,-83.19833
202402001,2025-03-04 13:41:00,CCGS LIMNOS,LAKE HURON,62,455959,-832600,76,58.00,2024-09-06 13:08:00,448,1.00,.00,,,0,.800000,NF RES,"RESIDUE,NON-FILTERED",MG/L,45.99972,-83.43333
202402001,2025-03-04 13:41:00,CCGS LIMNOS,LAKE HURON,63,455405,-833105,60,25.00,2024-09-06 14:16:00,448,1.00,.00,,,0,.600000,NF RES,"RESIDUE,NON-FILTERED",MG/L,45.90139,-83.51806
202402001,2025-03-04 13:41:00,CCGS LIMNOS,LAKE HURON,64,455159,-831600,58,12.00,2024-09-06 16:39:00,448,1.00,.00,,,0,.800000,NF RES,"RESIDUE,NON-FILTERED",MG/L,45.86639,-83.26667
202402001,2025-03-04 13:41:00,CCGS LIMNOS,LAKE HURON,65,454600,-830141,59,18.00,2024-09-06 18:18:00,448,1.00,.00,,,0,.700000,NF RES,"RESIDUE,NON-FILTERED",MG/L,45.76667,-83.02806
202402001,2025-03-04 13:41:00,CCGS LIMNOS,LAKE HURON,65,454600,-830141,59,18.00,2024-09-06 18:18:00,448,1.00,.00,,,1,.700000,NF RES,"RESIDUE,NON-FILTERED",MG/L,45.76667,-83.02806
202402001,2025-03-04 13:41:00,CCGS LIMNOS,LAKE HURON,66,453905,-823852,52,66.00,2024-09-06 20:48:00,448,1.00,.00,,,0,.400000,NF RES,"RESIDUE,NON-FILTERED",MG/L,45.65139,-82.64778
202402001,2025-03-04 13:41:00,CCGS LIMNOS,LAKE HURON,67,453205,-820242,50,27.00,2024-09-07 00:19:00,448,1.00,.00,,,0,.400000,NF RES,"RESIDUE,NON-FILTERED",MG/L,45.53472,-82.04500
202402001,2025-03-04 13:41:00,CCGS LIMNOS,LAKE HURON,68,451316,-814909,42,42.00,2024-09-07 03:12:00,448,1.00,.00,,,0,.300000,NF RES,"RESIDUE,NON-FILTERED",MG/L,45.22111,-81.81917
202402001,2025-03-04 13:41:00,CCGS LIMNOS,LAKE HURON,1,430523,-822330,1,11.00,2024-08-26 18:44:00,610,1.00,.00,0.10000000,,0,.600000,CAU,"CHLOROPHYL A, UNCORRECTED",UG/L,43.08972,-82.39167
202402001,2025-03-04 13:41:00,CCGS LIMNOS,LAKE HURON,1,430523,-822330,1,11.00,2024-08-26 18:44:00,610,9.00,.00,0.10000000,,0,.700000,CAU,"CHLOROPHYL A, UNCORRECTED",UG/L,43.08972,-82.39167
202402001,2025-03-04 13:41:00,CCGS LIMNOS,LAKE HURON,10,440654,-833144,97,11.00,2024-08-27 10:47:00,610,998.00,.00,0.10000000,<,0,.100000,CAU,"CHLOROPHYL A, UNCORRECTED",UG/L,44.11500,-83.52889
202402001,2025-03-04 13:41:00,CCGS LIMNOS,LAKE HURON,13,434930,-834901,100,7.00,2024-08-27 14:43:00,610,.50,.00,0.10000000,,0,6.900000,CAU,"CHLOROPHYL A, UNCORRECTED",UG/L,43.82500,-83.81694
202402001,2025-03-04 13:41:00,CCGS LIMNOS,LAKE HURON,15,441246,-832214,95,21.00,2024-08-27 19:10:00,610,1.00,.00,0.10000000,,0,1.700000,CAU,"CHLOROPHYL A, UNCORRECTED",UG/L,44.21278,-83.37056
202402001,2025-03-04 13:41:00,CCGS LIMNOS,LAKE HURON,15,441246,-832214,95,21.00,2024-08-27 19:10:00,610,11.00,.00,0.10000000,,0,.800000,CAU,"CHLOROPHYL A, UNCORRECTED",UG/L,44.21278,-83.37056
202402001,2025-03-04 13:41:00,CCGS LIMNOS,LAKE HURON,15,441246,-832214,95,21.00,2024-08-27 19:10:00,610,19.00,.00,0.10000000,,0,.700000,CAU,"CHLOROPHYL A, UNCORRECTED",UG/L,44.21278,-83.37056
202402001,2025-03-04 13:41:00,CCGS LIMNOS,LAKE HURON,20,433254,-814441,5,11.50,2024-08-28 09:54:00,610,998.00,.00,0.10000000,<,0,.100000,CAU,"CHLOROPHYL A, UNCORRECTED",UG/L,43.54833,-81.74472
202402001,2025-03-04 13:41:00,CCGS LIMNOS,LAKE HURON,23,442159,-815000,29,123.00,2024-08-29 01:48:00,610,1.00,.00,0.10000000,,0,.400000,CAU,"CHLOROPHYL A, UNCORRECTED",UG/L,44.36639,-81.83333
202402001,2025-03-04 13:41:00,CCGS LIMNOS,LAKE HURON,23,442159,-815000,29,123.00,2024-08-29 01:48:00,610,14.00,.00,0.10000000,,0,.700000,CAU,"CHLOROPHYL A, UNCORRECTED",UG/L,44.36639,-81.83333
202402001,2025-03-04 13:41:00,CCGS LIMNOS,LAKE HURON,23,442159,-815000,29,123.00,2024-08-29 01:48:00,610,24.00,.00,0.10000000,,0,1.000000,CAU,"CHLOROPHYL A, UNCORRECTED",UG/L,44.36639,-81.83333
202402001,2025-03-04 13:41:00,CCGS LIMNOS,LAKE HURON,23,442159,-815000,29,123.00,2024-08-29 01:48:00,610,34.00,.00,0.10000000,,0,.600000,CAU,"CHLOROPHYL A, UNCORRECTED",UG/L,44.36639,-81.83333
202402001,2025-03-04 13:41:00,CCGS LIMNOS,LAKE HURON,23,442159,-815000,29,123.00,2024-08-29 01:48:00,610,113.00,.00,0.10000000,<,0,.100000,CAU,"CHLOROPHYL A, UNCORRECTED",UG/L,44.36639,-81.83333
202402001,2025-03-04 13:41:00,CCGS LIMNOS,LAKE HURON,23,442159,-815000,29,123.00,2024-08-29 01:48:00,610,121.00,.00,0.10000000,,0,.100000,CAU,"CHLOROPHYL A, UNCORRECTED",UG/L,44.36639,-81.83333
202402001,2025-03-04 13:41:00,CCGS LIMNOS,LAKE HURON,30,450059,-824106,44,166.50,2024-08-29 21:09:00,610,1.00,.00,0.10000000,,0,.500000,CAU,"CHLOROPHYL A, UNCORRECTED",UG/L,45.01639,-82.68500
202402001,2025-03-04 13:41:00,CCGS LIMNOS,LAKE HURON,30,450059,-824106,44,166.50,2024-08-29 21:09:00,610,1.00,.00,0.10000000,,1,.500000,CAU,"CHLOROPHYL A, UNCORRECTED",UG/L,45.01639,-82.68500
202402001,2025-03-04 13:41:00,CCGS LIMNOS,LAKE HURON,30,450059,-824106,44,166.50,2024-08-29 21:09:00,610,14.00,.00,0.10000000,,0,.800000,CAU,"CHLOROPHYL A, UNCORRECTED",UG/L,45.01639,-82.68500
202402001,2025-03-04 13:41:00,CCGS LIMNOS,LAKE HURON,30,450059,-824106,44,166.50,2024-08-29 21:09:00,610,45.50,.00,0.10000000,,0,.700000,CAU,"CHLOROPHYL A, UNCORRECTED",UG/L,45.01639,-82.68500
202402001,2025-03-04 13:41:00,CCGS LIMNOS,LAKE HURON,30,450059,-824106,44,166.50,2024-08-29 21:09:00,610,77.00,.00,0.10000000,,0,.200000,CAU,"CHLOROPHYL A, UNCORRECTED",UG/L,45.01639,-82.68500
202402001,2025-03-04 13:41:00,CCGS LIMNOS,LAKE HURON,30,450059,-824106,44,166.50,2024-08-29 21:09:00,610,156.50,.00,0.10000000,<,0,.100000,CAU,"CHLOROPHYL A, UNCORRECTED",UG/L,45.01639,-82.68500
202402001,2025-03-04 13:41:00,CCGS LIMNOS,LAKE HURON,30,450059,-824106,44,166.50,2024-08-29 21:09:00,610,164.50,.00,0.10000000,<,0,.100000,CAU,"CHLOROPHYL A, UNCORRECTED",UG/L,45.01639,-82.68500
202402001,2025-03-04 13:41:00,CCGS LIMNOS,LAKE HURON,30,450059,-824106,44,166.50,2024-08-29 21:09:00,610,998.00,.00,0.10000000,<,0,.100000,CAU,"CHLOROPHYL A, UNCORRECTED",UG/L,45.01639,-82.68500
202402001,2025-03-04 13:41:00,CCGS LIMNOS,LAKE HURON,39,453100,-832459,54,132.50,2024-09-04 15:02:00,610,1.00,.00,0.10000000,,0,1.000000,CAU,"CHLOROPHYL A, UNCORRECTED",UG/L,45.51667,-83.41639
202402001,2025-03-04 13:41:00,CCGS LIMNOS,LAKE HURON,39,453100,-832459,54,132.50,2024-09-04 15:02:00,610,11.00,.00,0.10000000,,0,1.300000,CAU,"CHLOROPHYL A, UNCORRECTED",UG/L,45.51667,-83.41639
202402001,2025-03-04 13:41:00,CCGS LIMNOS,LAKE HURON,39,453100,-832459,54,132.50,2024-09-04 15:02:00,610,25.50,.00,0.10000000,,0,1.200000,CAU,"CHLOROPHYL A, UNCORRECTED",UG/L,45.51667,-83.41639
202402001,2025-03-04 13:41:00,CCGS LIMNOS,LAKE HURON,39,453100,-832459,54,132.50,2024-09-04 15:02:00,610,40.00,.00,0.10000000,,0,.800000,CAU,"CHLOROPHYL A, UNCORRECTED",UG/L,45.51667,-83.41639
202402001,2025-03-04 13:41:00,CCGS LIMNOS,LAKE HURON,39,453100,-832459,54,132.50,2024-09-04 15:02:00,610,122.50,.00,0.10000000,,0,.100000,CAU,"CHLOROPHYL A, UNCORRECTED",UG/L,45.51667,-83.41639
202402001,2025-03-04 13:41:00,CCGS LIMNOS,LAKE HURON,39,453100,-832459,54,132.50,2024-09-04 15:02:00,610,130.50,.00,0.10000000,,0,.200000,CAU,"CHLOROPHYL A, UNCORRECTED",UG/L,45.51667,-83.41639
202402001,2025-03-04 13:41:00,CCGS LIMNOS,LAKE HURON,40,452530,-833905,55,37.00,2024-09-04 17:32:00,610,998.00,.00,0.10000000,<,0,.100000,CAU,"CHLOROPHYL A, UNCORRECTED",UG/L,45.42500,-83.65139
202402001,2025-03-04 13:41:00,CCGS LIMNOS,LAKE HURON,50,460230,-835112,68,17.00,2024-09-05 12:44:00,610,998.00,.00,0.10000000,<,0,.100000,CAU,"CHLOROPHYL A, UNCORRECTED",UG/L,46.04167,-83.85333
202402001,2025-03-04 13:41:00,CCGS LIMNOS,LAKE HURON,54,460724,-825309,79,26.00,2024-09-05 20:17:00,610,1.00,.00,0.10000000,,0,1.600000,CAU,"CHLOROPHYL A, UNCORRECTED",UG/L,46.12333,-82.88583
202402001,2025-03-04 13:41:00,CCGS LIMNOS,LAKE HURON,54,460724,-825309,79,26.00,2024-09-05 20:17:00,610,1.00,.00,0.10000000,,1,1.600000,CAU,"CHLOROPHYL A, UNCORRECTED",UG/L,46.12333,-82.88583
202402001,2025-03-04 13:41:00,CCGS LIMNOS,LAKE HURON,54,460724,-825309,79,26.00,2024-09-05 20:17:00,610,10.00,.00,0.10000000,,0,1.600000,CAU,"CHLOROPHYL A, UNCORRECTED",UG/L,46.12333,-82.88583
202402001,2025-03-04 13:41:00,CCGS LIMNOS,LAKE HURON,54,460724,-825309,79,26.00,2024-09-05 20:17:00,610,24.00,.00,0.10000000,,0,1.400000,CAU,"CHLOROPHYL A, UNCORRECTED",UG/L,46.12333,-82.88583
202402001,2025-03-04 13:41:00,CCGS LIMNOS,LAKE HURON,60,455611,-824527,82,28.50,2024-09-06 08:34:00,610,998.00,.00,0.10000000,,0,.100000,CAU,"CHLOROPHYL A, UNCORRECTED",UG/L,45.93639,-82.75750
202402001,2025-03-04 13:41:00,CCGS LIMNOS,LAKE HURON,1,430523,-822330,1,11.00,2024-08-26 18:44:00,611,1.00,.00,0.10000000,,0,.500000,CAC,"CHLOROPHYLL A, CORRECTED PHAEOPHYTIN",UG/L,43.08972,-82.39167
202402001,2025-03-04 13:41:00,CCGS LIMNOS,LAKE HURON,1,430523,-822330,1,11.00,2024-08-26 18:44:00,611,9.00,.00,0.10000000,,0,.700000,CAC,"CHLOROPHYLL A, CORRECTED PHAEOPHYTIN",UG/L,43.08972,-82.39167
202402001,2025-03-04 13:41:00,CCGS LIMNOS,LAKE HURON,10,440654,-833144,97,11.00,2024-08-27 10:47:00,611,998.00,.00,0.10000000,<,0,.100000,CAC,"CHLOROPHYLL A, CORRECTED PHAEOPHYTIN",UG/L,44.11500,-83.52889
202402001,2025-03-04 13:41:00,CCGS LIMNOS,LAKE HURON,13,434930,-834901,100,7.00,2024-08-27 14:43:00,611,.50,.00,0.10000000,,0,6.000000,CAC,"CHLOROPHYLL A, CORRECTED PHAEOPHYTIN",UG/L,43.82500,-83.81694
202402001,2025-03-04 13:41:00,CCGS LIMNOS,LAKE HURON,15,441246,-832214,95,21.00,2024-08-27 19:10:00,611,1.00,.00,0.10000000,,0,1.700000,CAC,"CHLOROPHYLL A, CORRECTED PHAEOPHYTIN",UG/L,44.21278,-83.37056
202402001,2025-03-04 13:41:00,CCGS LIMNOS,LAKE HURON,15,441246,-832214,95,21.00,2024-08-27 19:10:00,611,11.00,.00,0.10000000,,0,.500000,CAC,"CHLOROPHYLL A, CORRECTED PHAEOPHYTIN",UG/L,44.21278,-83.37056
202402001,2025-03-04 13:41:00,CCGS LIMNOS,LAKE HURON,15,441246,-832214,95,21.00,2024-08-27 19:10:00,611,19.00,.00,0.10000000,,0,.500000,CAC,"CHLOROPHYLL A, CORRECTED PHAEOPHYTIN",UG/L,44.21278,-83.37056
202402001,2025-03-04 13:41:00,CCGS LIMNOS,LAKE HURON,20,433254,-814441,5,11.50,2024-08-28 09:54:00,611,998.00,.00,0.10000000,<,0,.100000,CAC,"CHLOROPHYLL A, CORRECTED PHAEOPHYTIN",UG/L,43.54833,-81.74472
202402001,2025-03-04 13:41:00,CCGS LIMNOS,LAKE HURON,23,442159,-815000,29,123.00,2024-08-29 01:48:00,611,1.00,.00,0.10000000,,0,.300000,CAC,"CHLOROPHYLL A, CORRECTED PHAEOPHYTIN",UG/L,44.36639,-81.83333
202402001,2025-03-04 13:41:00,CCGS LIMNOS,LAKE HURON,23,442159,-815000,29,123.00,2024-08-29 01:48:00,611,14.00,.00,0.10000000,,0,.700000,CAC,"CHLOROPHYLL A, CORRECTED PHAEOPHYTIN",UG/L,44.36639,-81.83333
202402001,2025-03-04 13:41:00,CCGS LIMNOS,LAKE HURON,23,442159,-815000,29,123.00,2024-08-29 01:48:00,611,24.00,.00,0.10000000,,0,.700000,CAC,"CHLOROPHYLL A, CORRECTED PHAEOPHYTIN",UG/L,44.36639,-81.83333
202402001,2025-03-04 13:41:00,CCGS LIMNOS,LAKE HURON,23,442159,-815000,29,123.00,2024-08-29 01:48:00,611,34.00,.00,0.10000000,,0,.500000,CAC,"CHLOROPHYLL A, CORRECTED PHAEOPHYTIN",UG/L,44.36639,-81.83333
202402001,2025-03-04 13:41:00,CCGS LIMNOS,LAKE HURON,23,442159,-815000,29,123.00,2024-08-29 01:48:00,611,113.00,.00,0.10000000,<,0,.100000,CAC,"CHLOROPHYLL A, CORRECTED PHAEOPHYTIN",UG/L,44.36639,-81.83333
202402001,2025-03-04 13:41:00,CCGS LIMNOS,LAKE HURON,23,442159,-815000,29,123.00,2024-08-29 01:48:00,611,121.00,.00,0.10000000,,0,.100000,CAC,"CHLOROPHYLL A, CORRECTED PHAEOPHYTIN",UG/L,44.36639,-81.83333
202402001,2025-03-04 13:41:00,CCGS LIMNOS,LAKE HURON,30,450059,-824106,44,166.50,2024-08-29 21:09:00,611,1.00,.00,0.10000000,,0,.600000,CAC,"CHLOROPHYLL A, CORRECTED PHAEOPHYTIN",UG/L,45.01639,-82.68500
202402001,2025-03-04 13:41:00,CCGS LIMNOS,LAKE HURON,30,450059,-824106,44,166.50,2024-08-29 21:09:00,611,1.00,.00,0.10000000,,1,.400000,CAC,"CHLOROPHYLL A, CORRECTED PHAEOPHYTIN",UG/L,45.01639,-82.68500
202402001,2025-03-04 13:41:00,CCGS LIMNOS,LAKE HURON,30,450059,-824106,44,166.50,2024-08-29 21:09:00,611,14.00,.00,0.10000000,,0,.600000,CAC,"CHLOROPHYLL A, CORRECTED PHAEOPHYTIN",UG/L,45.01639,-82.68500
202402001,2025-03-04 13:41:00,CCGS LIMNOS,LAKE HURON,30,450059,-824106,44,166.50,2024-08-29 21:09:00,611,45.50,.00,0.10000000,,0,.500000,CAC,"CHLOROPHYLL A, CORRECTED PHAEOPHYTIN",UG/L,45.01639,-82.68500
202402001,2025-03-04 13:41:00,CCGS LIMNOS,LAKE HURON,30,450059,-824106,44,166.50,2024-08-29 21:09:00,611,77.00,.00,0.10000000,,0,.100000,CAC,"CHLOROPHYLL A, CORRECTED PHAEOPHYTIN",UG/L,45.01639,-82.68500
202402001,2025-03-04 13:41:00,CCGS LIMNOS,LAKE HURON,30,450059,-824106,44,166.50,2024-08-29 21:09:00,611,156.50,.00,0.10000000,<,0,.100000,CAC,"CHLOROPHYLL A, CORRECTED PHAEOPHYTIN",UG/L,45.01639,-82.68500
202402001,2025-03-04 13:41:00,CCGS LIMNOS,LAKE HURON,30,450059,-824106,44,166.50,2024-08-29 21:09:00,611,164.50,.00,0.10000000,,0,.100000,CAC,"CHLOROPHYLL A, CORRECTED PHAEOPHYTIN",UG/L,45.01639,-82.68500
202402001,2025-03-04 13:41:00,CCGS LIMNOS,LAKE HURON,30,450059,-824106,44,166.50,2024-08-29 21:09:00,611,998.00,.00,0.10000000,<,0,.100000,CAC,"CHLOROPHYLL A, CORRECTED PHAEOPHYTIN",UG/L,45.01639,-82.68500
202402001,2025-03-04 13:41:00,CCGS LIMNOS,LAKE HURON,39,453100,-832459,54,132.50,2024-09-04 15:02:00,611,1.00,.00,0.10000000,,0,.700000,CAC,"CHLOROPHYLL A, CORRECTED PHAEOPHYTIN",UG/L,45.51667,-83.41639
202402001,2025-03-04 13:41:00,CCGS LIMNOS,LAKE HURON,39,453100,-832459,54,132.50,2024-09-04 15:02:00,611,11.00,.00,0.10000000,,0,1.000000,CAC,"CHLOROPHYLL A, CORRECTED PHAEOPHYTIN",UG/L,45.51667,-83.41639
202402001,2025-03-04 13:41:00,CCGS LIMNOS,LAKE HURON,39,453100,-832459,54,132.50,2024-09-04 15:02:00,611,25.50,.00,0.10000000,,0,1.000000,CAC,"CHLOROPHYLL A, CORRECTED PHAEOPHYTIN",UG/L,45.51667,-83.41639
202402001,2025-03-04 13:41:00,CCGS LIMNOS,LAKE HURON,39,453100,-832459,54,132.50,2024-09-04 15:02:00,611,40.00,.00,0.10000000,,0,.700000,CAC,"CHLOROPHYLL A, CORRECTED PHAEOPHYTIN",UG/L,45.51667,-83.41639
202402001,2025-03-04 13:41:00,CCGS LIMNOS,LAKE HURON,39,453100,-832459,54,132.50,2024-09-04 15:02:00,611,122.50,.00,0.10000000,<,0,.100000,CAC,"CHLOROPHYLL A, CORRECTED PHAEOPHYTIN",UG/L,45.51667,-83.41639
202402001,2025-03-04 13:41:00,CCGS LIMNOS,LAKE HURON,39,453100,-832459,54,132.50,2024-09-04 15:02:00,611,130.50,.00,0.10000000,<,0,.100000,CAC,"CHLOROPHYLL A, CORRECTED PHAEOPHYTIN",UG/L,45.51667,-83.41639
202402001,2025-03-04 13:41:00,CCGS LIMNOS,LAKE HURON,40,452530,-833905,55,37.00,2024-09-04 17:32:00,611,998.00,.00,0.10000000,<,0,.100000,CAC,"CHLOROPHYLL A, CORRECTED PHAEOPHYTIN",UG/L,45.42500,-83.65139
202402001,2025-03-04 13:41:00,CCGS LIMNOS,LAKE HURON,50,460230,-835112,68,17.00,2024-09-05 12:44:00,611,998.00,.00,0.10000000,<,0,.100000,CAC,"CHLOROPHYLL A, CORRECTED PHAEOPHYTIN",UG/L,46.04167,-83.85333
202402001,2025-03-04 13:41:00,CCGS LIMNOS,LAKE HURON,54,460724,-825309,79,26.00,2024-09-05 20:17:00,611,1.00,.00,0.10000000,,0,1.500000,CAC,"CHLOROPHYLL A, CORRECTED PHAEOPHYTIN",UG/L,46.12333,-82.88583
202402001,2025-03-04 13:41:00,CCGS LIMNOS,LAKE HURON,54,460724,-825309,79,26.00,2024-09-05 20:17:00,611,1.00,.00,0.10000000,,1,1.500000,CAC,"CHLOROPHYLL A, CORRECTED PHAEOPHYTIN",UG/L,46.12333,-82.88583
202402001,2025-03-04 13:41:00,CCGS LIMNOS,LAKE HURON,54,460724,-825309,79,26.00,2024-09-05 20:17:00,611,10.00,.00,0.10000000,,0,1.500000,CAC,"CHLOROPHYLL A, CORRECTED PHAEOPHYTIN",UG/L,46.12333,-82.88583
202402001,2025-03-04 13:41:00,CCGS LIMNOS,LAKE HURON,54,460724,-825309,79,26.00,2024-09-05 20:17:00,611,24.00,.00,0.10000000,,0,1.300000,CAC,"CHLOROPHYLL A, CORRECTED PHAEOPHYTIN",UG/L,46.12333,-82.88583
202402001,2025-03-04 13:41:00,CCGS LIMNOS,LAKE HURON,60,455611,-824527,82,28.50,2024-09-06 08:34:00,611,998.00,.00,0.10000000,<,0,.100000,CAC,"CHLOROPHYLL A, CORRECTED PHAEOPHYTIN",UG/L,45.93639,-82.75750
202402001,2025-03-04 13:41:00,CCGS LIMNOS,LAKE HURON,1,430523,-822330,1,11.00,2024-08-26 18:44:00,613,.00,9.00,0.10000000,,0,.700000,CAUI,CHLOROPHYLL A UNCORRECTED INTEGRATED,UG/L,43.08972,-82.39167
202402001,2025-03-04 13:41:00,CCGS LIMNOS,LAKE HURON,2,432030,-823021,7,11.00,2024-08-26 20:43:00,613,.00,9.00,0.10000000,,0,1.200000,CAUI,CHLOROPHYLL A UNCORRECTED INTEGRATED,UG/L,43.34167,-82.50583
202402001,2025-03-04 13:41:00,CCGS LIMNOS,LAKE HURON,3,433402,-822907,8,30.00,2024-08-26 22:29:00,613,.00,20.00,0.10000000,,0,1.300000,CAUI,CHLOROPHYLL A UNCORRECTED INTEGRATED,UG/L,43.56722,-82.48528
202402001,2025-03-04 13:41:00,CCGS LIMNOS,LAKE HURON,4,433759,-821301,9,60.00,2024-08-27 00:08:00,613,.00,20.00,0.10000000,,0,.600000,CAUI,CHLOROPHYLL A UNCORRECTED INTEGRATED,UG/L,43.63306,-82.21694
202402001,2025-03-04 13:41:00,CCGS LIMNOS,LAKE HURON,5,434513,-823405,13,17.00,2024-08-27 03:04:00,613,.00,15.00,0.10000000,,0,1.200000,CAUI,CHLOROPHYLL A UNCORRECTED INTEGRATED,UG/L,43.75361,-82.56806
202402001,2025-03-04 13:41:00,CCGS LIMNOS,LAKE HURON,5,434513,-823405,13,17.00,2024-08-27 03:04:00,613,.00,15.00,0.10000000,,1,1.200000,CAUI,CHLOROPHYLL A UNCORRECTED INTEGRATED,UG/L,43.75361,-82.56806
202402001,2025-03-04 13:41:00,CCGS LIMNOS,LAKE HURON,6,435631,-824000,14,12.50,2024-08-27 04:44:00,613,.00,10.50,0.10000000,,0,1.700000,CAUI,CHLOROPHYLL A UNCORRECTED INTEGRATED,UG/L,43.94194,-82.66667
202402001,2025-03-04 13:41:00,CCGS LIMNOS,LAKE HURON,7,440600,-825159,17,15.00,2024-08-27 06:32:00,613,.00,13.00,0.10000000,,0,.900000,CAUI,CHLOROPHYLL A UNCORRECTED INTEGRATED,UG/L,44.10000,-82.86639
202402001,2025-03-04 13:41:00,CCGS LIMNOS,LAKE HURON,8,440409,-830450,94,14.50,2024-08-27 07:55:00,613,.00,12.50,0.10000000,,0,1.000000,CAUI,CHLOROPHYLL A UNCORRECTED INTEGRATED,UG/L,44.06917,-83.08056
202402001,2025-03-04 13:41:00,CCGS LIMNOS,LAKE HURON,9,440735,-831014,96,30.00,2024-08-27 08:46:00,613,.00,20.00,0.10000000,,0,.900000,CAUI,CHLOROPHYLL A UNCORRECTED INTEGRATED,UG/L,44.12639,-83.17056
202402001,2025-03-04 13:41:00,CCGS LIMNOS,LAKE HURON,10,440654,-833144,97,11.00,2024-08-27 10:47:00,613,.00,9.00,0.10000000,,0,4.100000,CAUI,CHLOROPHYLL A UNCORRECTED INTEGRATED,UG/L,44.11500,-83.52889
202402001,2025-03-04 13:41:00,CCGS LIMNOS,LAKE HURON,11,435834,-833430,98,11.00,2024-08-27 12:08:00,613,.00,9.00,0.10000000,,0,7.400000,CAUI,CHLOROPHYLL A UNCORRECTED INTEGRATED,UG/L,43.97611,-83.57500
202402001,2025-03-04 13:41:00,CCGS LIMNOS,LAKE HURON,12,434915,-833728,101,6.00,2024-08-27 13:32:00,613,.00,4.00,0.10000000,,0,5.100000,CAUI,CHLOROPHYLL A UNCORRECTED INTEGRATED,UG/L,43.82083,-83.62444
202402001,2025-03-04 13:41:00,CCGS LIMNOS,LAKE HURON,13,434930,-834901,100,7.00,2024-08-27 14:43:00,613,.00,5.00,0.10000000,,0,7.900000,CAUI,CHLOROPHYLL A UNCORRECTED INTEGRATED,UG/L,43.82500,-83.81694
202402001,2025-03-04 13:41:00,CCGS LIMNOS,LAKE HURON,14,435430,-834427,99,7.00,2024-08-27 15:59:00,613,.00,5.00,0.10000000,,0,5.200000,CAUI,CHLOROPHYLL A UNCORRECTED INTEGRATED,UG/L,43.90833,-83.74083
202402001,2025-03-04 13:41:00,CCGS LIMNOS,LAKE HURON,15,441246,-832214,95,21.00,2024-08-27 19:10:00,613,.00,19.00,0.10000000,,0,1.100000,CAUI,CHLOROPHYLL A UNCORRECTED INTEGRATED,UG/L,44.21278,-83.37056
202402001,2025-03-04 13:41:00,CCGS LIMNOS,LAKE HURON,15,441246,-832214,95,21.00,2024-08-27 19:10:00,613,.00,19.00,0.10000000,,1,1.100000,CAUI,CHLOROPHYLL A UNCORRECTED INTEGRATED,UG/L,44.21278,-83.37056
202402001,2025-03-04 13:41:00,CCGS LIMNOS,LAKE HURON,16,442002,-831758,23,9.00,2024-08-27 20:21:00,613,.00,7.00,0.10000000,,0,1.400000,CAUI,CHLOROPHYLL A UNCORRECTED INTEGRATED,UG/L,44.33389,-83.29944
202402001,2025-03-04 13:41:00,CCGS LIMNOS,LAKE HURON,17,441303,-830501,20,47.00,2024-08-27 22:00:00,613,.00,20.00,0.10000000,,0,.600000,CAUI,CHLOROPHYLL A UNCORRECTED INTEGRATED,UG/L,44.21750,-83.08361
202402001,2025-03-04 13:41:00,CCGS LIMNOS,LAKE HURON,18,431525,-820217,3,16.00,2024-08-28 06:31:00,613,.00,14.00,0.10000000,,0,.900000,CAUI,CHLOROPHYLL A UNCORRECTED INTEGRATED,UG/L,43.25694,-82.03806
202402001,2025-03-04 13:41:00,CCGS LIMNOS,LAKE HURON,19,431930,-814717,4,10.00,2024-08-28 08:11:00,613,.00,8.00,0.10000000,,0,1.100000,CAUI,CHLOROPHYLL A UNCORRECTED INTEGRATED,UG/L,43.32500,-81.78806
202402001,2025-03-04 13:41:00,CCGS LIMNOS,LAKE HURON,20,433254,-814441,5,11.50,2024-08-28 09:54:00,613,.00,9.50,0.10000000,,0,.700000,CAUI,CHLOROPHYLL A UNCORRECTED INTEGRATED,UG/L,43.54833,-81.74472
202402001,2025-03-04 13:41:00,CCGS LIMNOS,LAKE HURON,21,434512,-814652,10,12.50,2024-08-28 11:47:00,613,.00,10.50,0.10000000,,0,.500000,CAUI,CHLOROPHYLL A UNCORRECTED INTEGRATED,UG/L,43.75333,-81.78111
202402001,2025-03-04 13:41:00,CCGS LIMNOS,LAKE HURON,22,435723,-814712,11,10.50,2024-08-28 22:01:00,613,.00,8.50,0.10000000,,0,.500000,CAUI,CHLOROPHYLL A UNCORRECTED INTEGRATED,UG/L,43.95639,-81.78667
202402001,2025-03-04 13:41:00,CCGS LIMNOS,LAKE HURON,23,442159,-815000,29,123.00,2024-08-29 01:48:00,613,.00,20.00,0.10000000,,0,.500000,CAUI,CHLOROPHYLL A UNCORRECTED INTEGRATED,UG/L,44.36639,-81.83333
202402001,2025-03-04 13:41:00,CCGS LIMNOS,LAKE HURON,24,442759,-812712,30,21.50,2024-08-29 05:15:00,613,.00,19.00,0.10000000,,0,.600000,CAUI,CHLOROPHYLL A UNCORRECTED INTEGRATED,UG/L,44.46639,-81.45333
202402001,2025-03-04 13:41:00,CCGS LIMNOS,LAKE HURON,25,443924,-812242,39,26.00,2024-08-29 06:59:00,613,.00,20.00,0.10000000,,0,.600000,CAUI,CHLOROPHYLL A UNCORRECTED INTEGRATED,UG/L,44.65667,-81.37833
202402001,2025-03-04 13:41:00,CCGS LIMNOS,LAKE HURON,25,443924,-812242,39,26.00,2024-08-29 06:59:00,613,.00,20.00,0.10000000,,1,.600000,CAUI,CHLOROPHYLL A UNCORRECTED INTEGRATED,UG/L,44.65667,-81.37833
202402001,2025-03-04 13:41:00,CCGS LIMNOS,LAKE HURON,26,445354,-812613,40,20.00,2024-08-29 09:31:00,613,.00,18.00,0.10000000,,0,.600000,CAUI,CHLOROPHYLL A UNCORRECTED INTEGRATED,UG/L,44.89833,-81.43694
202402001,2025-03-04 13:41:00,CCGS LIMNOS,LAKE HURON,27,450459,-813212,41,22.50,2024-08-29 11:17:00,613,.00,20.00,0.10000000,,0,.500000,CAUI,CHLOROPHYLL A UNCORRECTED INTEGRATED,UG/L,45.08306,-81.53667
202402001,2025-03-04 13:41:00,CCGS LIMNOS,LAKE HURON,28,450048,-820030,43,172.00,2024-08-29 14:43:00,613,.00,20.00,0.10000000,,0,.400000,CAUI,CHLOROPHYLL A UNCORRECTED INTEGRATED,UG/L,45.01333,-82.00833
202402001,2025-03-04 13:41:00,CCGS LIMNOS,LAKE HURON,29,451642,-822707,48,110.00,2024-08-29 18:21:00,613,.00,20.00,0.10000000,,0,.400000,CAUI,CHLOROPHYLL A UNCORRECTED INTEGRATED,UG/L,45.27833,-82.45194
202402001,2025-03-04 13:41:00,CCGS LIMNOS,LAKE HURON,30,450059,-824106,44,166.50,2024-08-29 21:09:00,613,.00,20.00,0.10000000,,0,.800000,CAUI,CHLOROPHYLL A UNCORRECTED INTEGRATED,UG/L,45.01639,-82.68500
202402001,2025-03-04 13:41:00,CCGS LIMNOS,LAKE HURON,31,444424,-820326,38,134.00,2024-08-30 01:46:00,613,.00,20.00,0.10000000,,0,.300000,CAUI,CHLOROPHYLL A UNCORRECTED INTEGRATED,UG/L,44.74000,-82.05722
202402001,2025-03-04 13:41:00,CCGS LIMNOS,LAKE HURON,32,442712,-822030,32,83.00,2024-08-30 05:08:00,613,.00,20.00,0.10000000,,0,.400000,CAUI,CHLOROPHYLL A UNCORRECTED INTEGRATED,UG/L,44.45333,-82.34167
202402001,2025-03-04 13:41:00,CCGS LIMNOS,LAKE HURON,33,435325,-820324,12,87.00,2024-08-30 10:38:00,613,.00,20.00,0.10000000,,0,.700000,CAUI,CHLOROPHYLL A UNCORRECTED INTEGRATED,UG/L,43.89028,-82.05667
202402001,2025-03-04 13:41:00,CCGS LIMNOS,LAKE HURON,34,441154,-823011,27,55.00,2024-09-03 23:11:00,613,.00,20.00,0.10000000,,0,.700000,CAUI,CHLOROPHYLL A UNCORRECTED INTEGRATED,UG/L,44.19833,-82.50306
202402001,2025-03-04 13:41:00,CCGS LIMNOS,LAKE HURON,35,443000,-825000,33,72.50,2024-09-04 02:23:00,613,.00,20.00,0.10000000,,0,.400000,CAUI,CHLOROPHYLL A UNCORRECTED INTEGRATED,UG/L,44.50000,-82.83333
202402001,2025-03-04 13:41:00,CCGS LIMNOS,LAKE HURON,35,443000,-825000,33,72.50,2024-09-04 02:23:00,613,.00,20.00,0.10000000,,1,.500000,CAUI,CHLOROPHYLL A UNCORRECTED INTEGRATED,UG/L,44.50000,-82.83333
202402001,2025-03-04 13:41:00,CCGS LIMNOS,LAKE HURON,36,443824,-831354,34,9.00,2024-09-04 05:09:00,613,.00,7.00,0.10000000,<,0,.100000,CAUI,CHLOROPHYLL A UNCORRECTED INTEGRATED,UG/L,44.64000,-83.23167
202402001,2025-03-04 13:41:00,CCGS LIMNOS,LAKE HURON,37,450224,-832241,36,9.00,2024-09-04 08:34:00,613,.00,7.00,0.10000000,,0,1.600000,CAUI,CHLOROPHYLL A UNCORRECTED INTEGRATED,UG/L,45.04000,-83.37806
202402001,2025-03-04 13:41:00,CCGS LIMNOS,LAKE HURON,38,451516,-832044,47,23.50,2024-09-04 11:59:00,613,.00,20.00,0.10000000,,0,1.000000,CAUI,CHLOROPHYLL A UNCORRECTED INTEGRATED,UG/L,45.25444,-83.34556
202402001,2025-03-04 13:41:00,CCGS LIMNOS,LAKE HURON,39,453100,-832459,54,132.50,2024-09-04 15:02:00,613,.00,20.00,0.10000000,,0,1.300000,CAUI,CHLOROPHYLL A UNCORRECTED INTEGRATED,UG/L,45.51667,-83.41639
202402001,2025-03-04 13:41:00,CCGS LIMNOS,LAKE HURON,40,452530,-833905,55,37.00,2024-09-04 17:32:00,613,.00,20.00,0.10000000,,0,1.000000,CAUI,CHLOROPHYLL A UNCORRECTED INTEGRATED,UG/L,45.42500,-83.65139
202402001,2025-03-04 13:41:00,CCGS LIMNOS,LAKE HURON,41,453059,-840500,56,22.50,2024-09-04 20:07:00,613,.00,20.00,0.10000000,,0,.900000,CAUI,CHLOROPHYLL A UNCORRECTED INTEGRATED,UG/L,45.51639,-84.08333
202402001,2025-03-04 13:41:00,CCGS LIMNOS,LAKE HURON,42,454459,-835500,61,117.00,2024-09-04 22:19:00,613,.00,20.00,0.10000000,,0,.900000,CAUI,CHLOROPHYLL A UNCORRECTED INTEGRATED,UG/L,45.74972,-83.91667
202402001,2025-03-04 13:41:00,CCGS LIMNOS,LAKE HURON,43,454029,-841112,62,44.00,2024-09-05 00:10:00,613,.00,20.00,0.10000000,,0,.900000,CAUI,CHLOROPHYLL A UNCORRECTED INTEGRATED,UG/L,45.67472,-84.18667
202402001,2025-03-04 13:41:00,CCGS LIMNOS,LAKE HURON,44,454212,-843041,63,15.00,2024-09-05 02:25:00,613,.00,13.00,0.10000000,,0,.800000,CAUI,CHLOROPHYLL A UNCORRECTED INTEGRATED,UG/L,45.70333,-84.51139
202402001,2025-03-04 13:41:00,CCGS LIMNOS,LAKE HURON,45,454848,-844519,64,36.00,2024-09-05 04:05:00,613,.00,20.00,0.10000000,,0,.800000,CAUI,CHLOROPHYLL A UNCORRECTED INTEGRATED,UG/L,45.81333,-84.75528
202402001,2025-03-04 13:41:00,CCGS LIMNOS,LAKE HURON,45,454848,-844519,64,36.00,2024-09-05 04:05:00,613,.00,20.00,0.10000000,,1,.800000,CAUI,CHLOROPHYLL A UNCORRECTED INTEGRATED,UG/L,45.81333,-84.75528
202402001,2025-03-04 13:41:00,CCGS LIMNOS,LAKE HURON,46,455043,-843400,65,58.50,2024-09-05 05:27:00,613,.00,20.00,0.10000000,,0,.700000,CAUI,CHLOROPHYLL A UNCORRECTED INTEGRATED,UG/L,45.84528,-84.56667
202402001,2025-03-04 13:41:00,CCGS LIMNOS,LAKE HURON,47,455149,-841741,66,69.00,2024-09-05 07:08:00,613,.00,20.00,0.10000000,,0,1.000000,CAUI,CHLOROPHYLL A UNCORRECTED INTEGRATED,UG/L,45.86361,-84.29472
202402001,2025-03-04 13:41:00,CCGS LIMNOS,LAKE HURON,48,455606,-835359,67,31.00,2024-09-05 09:35:00,613,.00,20.00,0.10000000,,0,.700000,CAUI,CHLOROPHYLL A UNCORRECTED INTEGRATED,UG/L,45.93500,-83.89972
202402001,2025-03-04 13:41:00,CCGS LIMNOS,LAKE HURON,49,460442,-840141,69,10.00,2024-09-05 11:24:00,613,.00,8.00,0.10000000,,0,1.500000,CAUI,CHLOROPHYLL A UNCORRECTED INTEGRATED,UG/L,46.07833,-84.02806
202402001,2025-03-04 13:41:00,CCGS LIMNOS,LAKE HURON,50,460230,-835112,68,17.00,2024-09-05 12:44:00,613,.00,15.00,0.10000000,,0,1.000000,CAUI,CHLOROPHYLL A UNCORRECTED INTEGRATED,UG/L,46.04167,-83.85333
202402001,2025-03-04 13:41:00,CCGS LIMNOS,LAKE HURON,51,460812,-834018,70,22.00,2024-09-05 14:24:00,613,.00,20.00,0.10000000,,0,1.100000,CAUI,CHLOROPHYLL A UNCORRECTED INTEGRATED,UG/L,46.13667,-83.67167
202402001,2025-03-04 13:41:00,CCGS LIMNOS,LAKE HURON,52,461400,-834447,71,34.00,2024-09-05 15:25:00,613,.00,20.00,0.10000000,,0,1.000000,CAUI,CHLOROPHYLL A UNCORRECTED INTEGRATED,UG/L,46.23333,-83.74639
202402001,2025-03-04 13:41:00,CCGS LIMNOS,LAKE HURON,53,461112,-832117,73,19.00,2024-09-05 17:38:00,613,.00,17.00,0.10000000,,0,1.100000,CAUI,CHLOROPHYLL A UNCORRECTED INTEGRATED,UG/L,46.18667,-83.35472
202402001,2025-03-04 13:41:00,CCGS LIMNOS,LAKE HURON,54,460724,-825309,79,26.00,2024-09-05 20:17:00,613,.00,20.00,0.10000000,,0,1.500000,CAUI,CHLOROPHYLL A UNCORRECTED INTEGRATED,UG/L,46.12333,-82.88583
202402001,2025-03-04 13:41:00,CCGS LIMNOS,LAKE HURON,55,460530,-823324,84,36.00,2024-09-05 22:18:00,613,.00,20.00,0.10000000,,0,1.600000,CAUI,CHLOROPHYLL A UNCORRECTED INTEGRATED,UG/L,46.09167,-82.55667
202402001,2025-03-04 13:41:00,CCGS LIMNOS,LAKE HURON,55,460530,-823324,84,36.00,2024-09-05 22:18:00,613,.00,20.00,0.10000000,,1,1.800000,CAUI,CHLOROPHYLL A UNCORRECTED INTEGRATED,UG/L,46.09167,-82.55667
202402001,2025-03-04 13:41:00,CCGS LIMNOS,LAKE HURON,56,460340,-821149,87,35.00,2024-09-06 00:45:00,613,.00,20.00,0.10000000,,0,2.100000,CAUI,CHLOROPHYLL A UNCORRECTED INTEGRATED,UG/L,46.06111,-82.19694
202402001,2025-03-04 13:41:00,CCGS LIMNOS,LAKE HURON,57,460320,-815959,88,36.00,2024-09-06 02:07:00,613,.00,20.00,0.10000000,,0,2.400000,CAUI,CHLOROPHYLL A UNCORRECTED INTEGRATED,UG/L,46.05556,-81.99972
202402001,2025-03-04 13:41:00,CCGS LIMNOS,LAKE HURON,58,455459,-820940,89,39.00,2024-09-06 03:48:00,613,.00,20.00,0.10000000,,0,1.800000,CAUI,CHLOROPHYLL A UNCORRECTED INTEGRATED,UG/L,45.91639,-82.16111
202402001,2025-03-04 13:41:00,CCGS LIMNOS,LAKE HURON,59,460000,-823258,83,31.00,2024-09-06 07:05:00,613,.00,20.00,0.10000000,,0,2.100000,CAUI,CHLOROPHYLL A UNCORRECTED INTEGRATED,UG/L,46.00000,-82.54944
202402001,2025-03-04 13:41:00,CCGS LIMNOS,LAKE HURON,60,455611,-824527,82,28.50,2024-09-06 08:34:00,613,.00,20.00,0.10000000,,0,1.800000,CAUI,CHLOROPHYLL A UNCORRECTED INTEGRATED,UG/L,45.93639,-82.75750
202402001,2025-03-04 13:41:00,CCGS LIMNOS,LAKE HURON,61,455811,-831154,77,78.00,2024-09-06 11:34:00,613,.00,20.00,0.10000000,,0,1.800000,CAUI,CHLOROPHYLL A UNCORRECTED INTEGRATED,UG/L,45.96972,-83.19833
202402001,2025-03-04 13:41:00,CCGS LIMNOS,LAKE HURON,62,455959,-832600,76,58.00,2024-09-06 13:08:00,613,.00,20.00,0.10000000,,0,1.500000,CAUI,CHLOROPHYLL A UNCORRECTED INTEGRATED,UG/L,45.99972,-83.43333
202402001,2025-03-04 13:41:00,CCGS LIMNOS,LAKE HURON,63,455405,-833105,60,25.00,2024-09-06 14:16:00,613,.00,20.00,0.10000000,,0,.900000,CAUI,CHLOROPHYLL A UNCORRECTED INTEGRATED,UG/L,45.90139,-83.51806
202402001,2025-03-04 13:41:00,CCGS LIMNOS,LAKE HURON,64,455159,-831600,58,12.00,2024-09-06 16:39:00,613,.00,10.00,0.10000000,,0,1.800000,CAUI,CHLOROPHYLL A UNCORRECTED INTEGRATED,UG/L,45.86639,-83.26667
202402001,2025-03-04 13:41:00,CCGS LIMNOS,LAKE HURON,65,454600,-830141,59,18.00,2024-09-06 18:18:00,613,.00,16.00,0.10000000,,0,1.100000,CAUI,CHLOROPHYLL A UNCORRECTED INTEGRATED,UG/L,45.76667,-83.02806
202402001,2025-03-04 13:41:00,CCGS LIMNOS,LAKE HURON,65,454600,-830141,59,18.00,2024-09-06 18:18:00,613,.00,16.00,0.10000000,,1,1.200000,CAUI,CHLOROPHYLL A UNCORRECTED INTEGRATED,UG/L,45.76667,-83.02806
202402001,2025-03-04 13:41:00,CCGS LIMNOS,LAKE HURON,66,453905,-823852,52,66.00,2024-09-06 20:48:00,613,.00,20.00,0.10000000,,0,.700000,CAUI,CHLOROPHYLL A UNCORRECTED INTEGRATED,UG/L,45.65139,-82.64778
202402001,2025-03-04 13:41:00,CCGS LIMNOS,LAKE HURON,67,453205,-820242,50,27.00,2024-09-07 00:19:00,613,.00,20.00,0.10000000,,0,.500000,CAUI,CHLOROPHYLL A UNCORRECTED INTEGRATED,UG/L,45.53472,-82.04500
202402001,2025-03-04 13:41:00,CCGS LIMNOS,LAKE HURON,68,451316,-814909,42,42.00,2024-09-07 03:12:00,613,.00,20.00,0.10000000,,0,.600000,CAUI,CHLOROPHYLL A UNCORRECTED INTEGRATED,UG/L,45.22111,-81.81917
202402001,2025-03-04 13:41:00,CCGS LIMNOS,LAKE HURON,1,430523,-822330,1,11.00,2024-08-26 18:44:00,614,.00,9.00,0.10000000,,0,.700000,CACI,CHLOROPHYLL A CORRECTED INTEGRATED,UG/L,43.08972,-82.39167
202402001,2025-03-04 13:41:00,CCGS LIMNOS,LAKE HURON,2,432030,-823021,7,11.00,2024-08-26 20:43:00,614,.00,9.00,0.10000000,,0,1.000000,CACI,CHLOROPHYLL A CORRECTED INTEGRATED,UG/L,43.34167,-82.50583
202402001,2025-03-04 13:41:00,CCGS LIMNOS,LAKE HURON,3,433402,-822907,8,30.00,2024-08-26 22:29:00,614,.00,20.00,0.10000000,,0,1.200000,CACI,CHLOROPHYLL A CORRECTED INTEGRATED,UG/L,43.56722,-82.48528
202402001,2025-03-04 13:41:00,CCGS LIMNOS,LAKE HURON,4,433759,-821301,9,60.00,2024-08-27 00:08:00,614,.00,20.00,0.10000000,,0,.500000,CACI,CHLOROPHYLL A CORRECTED INTEGRATED,UG/L,43.63306,-82.21694
202402001,2025-03-04 13:41:00,CCGS LIMNOS,LAKE HURON,5,434513,-823405,13,17.00,2024-08-27 03:04:00,614,.00,15.00,0.10000000,,0,1.100000,CACI,CHLOROPHYLL A CORRECTED INTEGRATED,UG/L,43.75361,-82.56806
202402001,2025-03-04 13:41:00,CCGS LIMNOS,LAKE HURON,5,434513,-823405,13,17.00,2024-08-27 03:04:00,614,.00,15.00,0.10000000,,1,.900000,CACI,CHLOROPHYLL A CORRECTED INTEGRATED,UG/L,43.75361,-82.56806
202402001,2025-03-04 13:41:00,CCGS LIMNOS,LAKE HURON,6,435631,-824000,14,12.50,2024-08-27 04:44:00,614,.00,10.50,0.10000000,,0,1.600000,CACI,CHLOROPHYLL A CORRECTED INTEGRATED,UG/L,43.94194,-82.66667
202402001,2025-03-04 13:41:00,CCGS LIMNOS,LAKE HURON,7,440600,-825159,17,15.00,2024-08-27 06:32:00,614,.00,13.00,0.10000000,,0,.700000,CACI,CHLOROPHYLL A CORRECTED INTEGRATED,UG/L,44.10000,-82.86639
202402001,2025-03-04 13:41:00,CCGS LIMNOS,LAKE HURON,8,440409,-830450,94,14.50,2024-08-27 07:55:00,614,.00,12.50,0.10000000,,0,.900000,CACI,CHLOROPHYLL A CORRECTED INTEGRATED,UG/L,44.06917,-83.08056
202402001,2025-03-04 13:41:00,CCGS LIMNOS,LAKE HURON,9,440735,-831014,96,30.00,2024-08-27 08:46:00,614,.00,20.00,0.10000000,,0,.700000,CACI,CHLOROPHYLL A CORRECTED INTEGRATED,UG/L,44.12639,-83.17056
202402001,2025-03-04 13:41:00,CCGS LIMNOS,LAKE HURON,10,440654,-833144,97,11.00,2024-08-27 10:47:00,614,.00,9.00,0.10000000,,0,3.100000,CACI,CHLOROPHYLL A CORRECTED INTEGRATED,UG/L,44.11500,-83.52889
202402001,2025-03-04 13:41:00,CCGS LIMNOS,LAKE HURON,11,435834,-833430,98,11.00,2024-08-27 12:08:00,614,.00,9.00,0.10000000,,0,6.800000,CACI,CHLOROPHYLL A CORRECTED INTEGRATED,UG/L,43.97611,-83.57500
202402001,2025-03-04 13:41:00,CCGS LIMNOS,LAKE HURON,12,434915,-833728,101,6.00,2024-08-27 13:32:00,614,.00,4.00,0.10000000,,0,4.500000,CACI,CHLOROPHYLL A CORRECTED INTEGRATED,UG/L,43.82083,-83.62444
202402001,2025-03-04 13:41:00,CCGS LIMNOS,LAKE HURON,13,434930,-834901,100,7.00,2024-08-27 14:43:00,614,.00,5.00,0.10000000,,0,6.700000,CACI,CHLOROPHYLL A CORRECTED INTEGRATED,UG/L,43.82500,-83.81694
202402001,2025-03-04 13:41:00,CCGS LIMNOS,LAKE HURON,14,435430,-834427,99,7.00,2024-08-27 15:59:00,614,.00,5.00,0.10000000,,0,4.200000,CACI,CHLOROPHYLL A CORRECTED INTEGRATED,UG/L,43.90833,-83.74083
202402001,2025-03-04 13:41:00,CCGS LIMNOS,LAKE HURON,15,441246,-832214,95,21.00,2024-08-27 19:10:00,614,.00,19.00,0.10000000,,0,.700000,CACI,CHLOROPHYLL A CORRECTED INTEGRATED,UG/L,44.21278,-83.37056
202402001,2025-03-04 13:41:00,CCGS LIMNOS,LAKE HURON,15,441246,-832214,95,21.00,2024-08-27 19:10:00,614,.00,19.00,0.10000000,,1,1.000000,CACI,CHLOROPHYLL A CORRECTED INTEGRATED,UG/L,44.21278,-83.37056
202402001,2025-03-04 13:41:00,CCGS LIMNOS,LAKE HURON,16,442002,-831758,23,9.00,2024-08-27 20:21:00,614,.00,7.00,0.10000000,,0,1.200000,CACI,CHLOROPHYLL A CORRECTED INTEGRATED,UG/L,44.33389,-83.29944
202402001,2025-03-04 13:41:00,CCGS LIMNOS,LAKE HURON,17,441303,-830501,20,47.00,2024-08-27 22:00:00,614,.00,20.00,0.10000000,,0,.700000,CACI,CHLOROPHYLL A CORRECTED INTEGRATED,UG/L,44.21750,-83.08361
202402001,2025-03-04 13:41:00,CCGS LIMNOS,LAKE HURON,18,431525,-820217,3,16.00,2024-08-28 06:31:00,614,.00,14.00,0.10000000,,0,.900000,CACI,CHLOROPHYLL A CORRECTED INTEGRATED,UG/L,43.25694,-82.03806
202402001,2025-03-04 13:41:00,CCGS LIMNOS,LAKE HURON,19,431930,-814717,4,10.00,2024-08-28 08:11:00,614,.00,8.00,0.10000000,,0,.900000,CACI,CHLOROPHYLL A CORRECTED INTEGRATED,UG/L,43.32500,-81.78806
202402001,2025-03-04 13:41:00,CCGS LIMNOS,LAKE HURON,20,433254,-814441,5,11.50,2024-08-28 09:54:00,614,.00,9.50,0.10000000,,0,.500000,CACI,CHLOROPHYLL A CORRECTED INTEGRATED,UG/L,43.54833,-81.74472
202402001,2025-03-04 13:41:00,CCGS LIMNOS,LAKE HURON,21,434512,-814652,10,12.50,2024-08-28 11:47:00,614,.00,10.50,0.10000000,,0,.400000,CACI,CHLOROPHYLL A CORRECTED INTEGRATED,UG/L,43.75333,-81.78111
202402001,2025-03-04 13:41:00,CCGS LIMNOS,LAKE HURON,22,435723,-814712,11,10.50,2024-08-28 22:01:00,614,.00,8.50,0.10000000,,0,.400000,CACI,CHLOROPHYLL A CORRECTED INTEGRATED,UG/L,43.95639,-81.78667
202402001,2025-03-04 13:41:00,CCGS LIMNOS,LAKE HURON,23,442159,-815000,29,123.00,2024-08-29 01:48:00,614,.00,20.00,0.10000000,,0,.400000,CACI,CHLOROPHYLL A CORRECTED INTEGRATED,UG/L,44.36639,-81.83333
202402001,2025-03-04 13:41:00,CCGS LIMNOS,LAKE HURON,24,442759,-812712,30,21.50,2024-08-29 05:15:00,614,.00,19.00,0.10000000,,0,.500000,CACI,CHLOROPHYLL A CORRECTED INTEGRATED,UG/L,44.46639,-81.45333
202402001,2025-03-04 13:41:00,CCGS LIMNOS,LAKE HURON,25,443924,-812242,39,26.00,2024-08-29 06:59:00,614,.00,20.00,0.10000000,,0,.500000,CACI,CHLOROPHYLL A CORRECTED INTEGRATED,UG/L,44.65667,-81.37833
202402001,2025-03-04 13:41:00,CCGS LIMNOS,LAKE HURON,25,443924,-812242,39,26.00,2024-08-29 06:59:00,614,.00,20.00,0.10000000,,1,.700000,CACI,CHLOROPHYLL A CORRECTED INTEGRATED,UG/L,44.65667,-81.37833
202402001,2025-03-04 13:41:00,CCGS LIMNOS,LAKE HURON,26,445354,-812613,40,20.00,2024-08-29 09:31:00,614,.00,18.00,0.10000000,,0,.600000,CACI,CHLOROPHYLL A CORRECTED INTEGRATED,UG/L,44.89833,-81.43694
202402001,2025-03-04 13:41:00,CCGS LIMNOS,LAKE HURON,27,450459,-813212,41,22.50,2024-08-29 11:17:00,614,.00,20.00,0.10000000,,0,.400000,CACI,CHLOROPHYLL A CORRECTED INTEGRATED,UG/L,45.08306,-81.53667
202402001,2025-03-04 13:41:00,CCGS LIMNOS,LAKE HURON,28,450048,-820030,43,172.00,2024-08-29 14:43:00,614,.00,20.00,0.10000000,,0,.400000,CACI,CHLOROPHYLL A CORRECTED INTEGRATED,UG/L,45.01333,-82.00833
202402001,2025-03-04 13:41:00,CCGS LIMNOS,LAKE HURON,29,451642,-822707,48,110.00,2024-08-29 18:21:00,614,.00,20.00,0.10000000,,0,.400000,CACI,CHLOROPHYLL A CORRECTED INTEGRATED,UG/L,45.27833,-82.45194
202402001,2025-03-04 13:41:00,CCGS LIMNOS,LAKE HURON,30,450059,-824106,44,166.50,2024-08-29 21:09:00,614,.00,20.00,0.10000000,,0,.700000,CACI,CHLOROPHYLL A CORRECTED INTEGRATED,UG/L,45.01639,-82.68500
202402001,2025-03-04 13:41:00,CCGS LIMNOS,LAKE HURON,31,444424,-820326,38,134.00,2024-08-30 01:46:00,614,.00,20.00,0.10000000,,0,.400000,CACI,CHLOROPHYLL A CORRECTED INTEGRATED,UG/L,44.74000,-82.05722
202402001,2025-03-04 13:41:00,CCGS LIMNOS,LAKE HURON,32,442712,-822030,32,83.00,2024-08-30 05:08:00,614,.00,20.00,0.10000000,,0,.400000,CACI,CHLOROPHYLL A CORRECTED INTEGRATED,UG/L,44.45333,-82.34167
202402001,2025-03-04 13:41:00,CCGS LIMNOS,LAKE HURON,33,435325,-820324,12,87.00,2024-08-30 10:38:00,614,.00,20.00,0.10000000,,0,.700000,CACI,CHLOROPHYLL A CORRECTED INTEGRATED,UG/L,43.89028,-82.05667
202402001,2025-03-04 13:41:00,CCGS LIMNOS,LAKE HURON,34,441154,-823011,27,55.00,2024-09-03 23:11:00,614,.00,20.00,0.10000000,,0,.700000,CACI,CHLOROPHYLL A CORRECTED INTEGRATED,UG/L,44.19833,-82.50306
202402001,2025-03-04 13:41:00,CCGS LIMNOS,LAKE HURON,35,443000,-825000,33,72.50,2024-09-04 02:23:00,614,.00,20.00,0.10000000,,0,.400000,CACI,CHLOROPHYLL A CORRECTED INTEGRATED,UG/L,44.50000,-82.83333
202402001,2025-03-04 13:41:00,CCGS LIMNOS,LAKE HURON,35,443000,-825000,33,72.50,2024-09-04 02:23:00,614,.00,20.00,0.10000000,,1,.500000,CACI,CHLOROPHYLL A CORRECTED INTEGRATED,UG/L,44.50000,-82.83333
202402001,2025-03-04 13:41:00,CCGS LIMNOS,LAKE HURON,36,443824,-831354,34,9.00,2024-09-04 05:09:00,614,.00,7.00,0.10000000,<,0,.100000,CACI,CHLOROPHYLL A CORRECTED INTEGRATED,UG/L,44.64000,-83.23167
202402001,2025-03-04 13:41:00,CCGS LIMNOS,LAKE HURON,37,450224,-832241,36,9.00,2024-09-04 08:34:00,614,.00,7.00,0.10000000,,0,1.300000,CACI,CHLOROPHYLL A CORRECTED INTEGRATED,UG/L,45.04000,-83.37806
202402001,2025-03-04 13:41:00,CCGS LIMNOS,LAKE HURON,38,451516,-832044,47,23.50,2024-09-04 11:59:00,614,.00,20.00,0.10000000,,0,.700000,CACI,CHLOROPHYLL A CORRECTED INTEGRATED,UG/L,45.25444,-83.34556
202402001,2025-03-04 13:41:00,CCGS LIMNOS,LAKE HURON,39,453100,-832459,54,132.50,2024-09-04 15:02:00,614,.00,20.00,0.10000000,,0,1.000000,CACI,CHLOROPHYLL A CORRECTED INTEGRATED,UG/L,45.51667,-83.41639
202402001,2025-03-04 13:41:00,CCGS LIMNOS,LAKE HURON,40,452530,-833905,55,37.00,2024-09-04 17:32:00,614,.00,20.00,0.10000000,,0,.900000,CACI,CHLOROPHYLL A CORRECTED INTEGRATED,UG/L,45.42500,-83.65139
202402001,2025-03-04 13:41:00,CCGS LIMNOS,LAKE HURON,41,453059,-840500,56,22.50,2024-09-04 20:07:00,614,.00,20.00,0.10000000,,0,.800000,CACI,CHLOROPHYLL A CORRECTED INTEGRATED,UG/L,45.51639,-84.08333
202402001,2025-03-04 13:41:00,CCGS LIMNOS,LAKE HURON,42,454459,-835500,61,117.00,2024-09-04 22:19:00,614,.00,20.00,0.10000000,,0,.800000,CACI,CHLOROPHYLL A CORRECTED INTEGRATED,UG/L,45.74972,-83.91667
202402001,2025-03-04 13:41:00,CCGS LIMNOS,LAKE HURON,43,454029,-841112,62,44.00,2024-09-05 00:10:00,614,.00,20.00,0.10000000,,0,.900000,CACI,CHLOROPHYLL A CORRECTED INTEGRATED,UG/L,45.67472,-84.18667
202402001,2025-03-04 13:41:00,CCGS LIMNOS,LAKE HURON,44,454212,-843041,63,15.00,2024-09-05 02:25:00,614,.00,13.00,0.10000000,,0,.600000,CACI,CHLOROPHYLL A CORRECTED INTEGRATED,UG/L,45.70333,-84.51139
202402001,2025-03-04 13:41:00,CCGS LIMNOS,LAKE HURON,45,454848,-844519,64,36.00,2024-09-05 04:05:00,614,.00,20.00,0.10000000,,0,.700000,CACI,CHLOROPHYLL A CORRECTED INTEGRATED,UG/L,45.81333,-84.75528
202402001,2025-03-04 13:41:00,CCGS LIMNOS,LAKE HURON,45,454848,-844519,64,36.00,2024-09-05 04:05:00,614,.00,20.00,0.10000000,,1,.800000,CACI,CHLOROPHYLL A CORRECTED INTEGRATED,UG/L,45.81333,-84.75528
202402001,2025-03-04 13:41:00,CCGS LIMNOS,LAKE HURON,46,455043,-843400,65,58.50,2024-09-05 05:27:00,614,.00,20.00,0.10000000,,0,.600000,CACI,CHLOROPHYLL A CORRECTED INTEGRATED,UG/L,45.84528,-84.56667
202402001,2025-03-04 13:41:00,CCGS LIMNOS,LAKE HURON,47,455149,-841741,66,69.00,2024-09-05 07:08:00,614,.00,20.00,0.10000000,,0,.800000,CACI,CHLOROPHYLL A CORRECTED INTEGRATED,UG/L,45.86361,-84.29472
202402001,2025-03-04 13:41:00,CCGS LIMNOS,LAKE HURON,48,455606,-835359,67,31.00,2024-09-05 09:35:00,614,.00,20.00,0.10000000,,0,.500000,CACI,CHLOROPHYLL A CORRECTED INTEGRATED,UG/L,45.93500,-83.89972
202402001,2025-03-04 13:41:00,CCGS LIMNOS,LAKE HURON,49,460442,-840141,69,10.00,2024-09-05 11:24:00,614,.00,8.00,0.10000000,,0,1.100000,CACI,CHLOROPHYLL A CORRECTED INTEGRATED,UG/L,46.07833,-84.02806
202402001,2025-03-04 13:41:00,CCGS LIMNOS,LAKE HURON,50,460230,-835112,68,17.00,2024-09-05 12:44:00,614,.00,15.00,0.10000000,,0,.700000,CACI,CHLOROPHYLL A CORRECTED INTEGRATED,UG/L,46.04167,-83.85333
202402001,2025-03-04 13:41:00,CCGS LIMNOS,LAKE HURON,51,460812,-834018,70,22.00,2024-09-05 14:24:00,614,.00,20.00,0.10000000,,0,.900000,CACI,CHLOROPHYLL A CORRECTED INTEGRATED,UG/L,46.13667,-83.67167
202402001,2025-03-04 13:41:00,CCGS LIMNOS,LAKE HURON,52,461400,-834447,71,34.00,2024-09-05 15:25:00,614,.00,20.00,0.10000000,,0,.800000,CACI,CHLOROPHYLL A CORRECTED INTEGRATED,UG/L,46.23333,-83.74639
202402001,2025-03-04 13:41:00,CCGS LIMNOS,LAKE HURON,53,461112,-832117,73,19.00,2024-09-05 17:38:00,614,.00,17.00,0.10000000,,0,.700000,CACI,CHLOROPHYLL A CORRECTED INTEGRATED,UG/L,46.18667,-83.35472
202402001,2025-03-04 13:41:00,CCGS LIMNOS,LAKE HURON,54,460724,-825309,79,26.00,2024-09-05 20:17:00,614,.00,20.00,0.10000000,,0,1.300000,CACI,CHLOROPHYLL A CORRECTED INTEGRATED,UG/L,46.12333,-82.88583
202402001,2025-03-04 13:41:00,CCGS LIMNOS,LAKE HURON,55,460530,-823324,84,36.00,2024-09-05 22:18:00,614,.00,20.00,0.10000000,,0,1.200000,CACI,CHLOROPHYLL A CORRECTED INTEGRATED,UG/L,46.09167,-82.55667
202402001,2025-03-04 13:41:00,CCGS LIMNOS,LAKE HURON,55,460530,-823324,84,36.00,2024-09-05 22:18:00,614,.00,20.00,0.10000000,,1,1.700000,CACI,CHLOROPHYLL A CORRECTED INTEGRATED,UG/L,46.09167,-82.55667
202402001,2025-03-04 13:41:00,CCGS LIMNOS,LAKE HURON,56,460340,-821149,87,35.00,2024-09-06 00:45:00,614,.00,20.00,0.10000000,,0,1.900000,CACI,CHLOROPHYLL A CORRECTED INTEGRATED,UG/L,46.06111,-82.19694
202402001,2025-03-04 13:41:00,CCGS LIMNOS,LAKE HURON,57,460320,-815959,88,36.00,2024-09-06 02:07:00,614,.00,20.00,0.10000000,,0,2.300000,CACI,CHLOROPHYLL A CORRECTED INTEGRATED,UG/L,46.05556,-81.99972
202402001,2025-03-04 13:41:00,CCGS LIMNOS,LAKE HURON,58,455459,-820940,89,39.00,2024-09-06 03:48:00,614,.00,20.00,0.10000000,,0,1.700000,CACI,CHLOROPHYLL A CORRECTED INTEGRATED,UG/L,45.91639,-82.16111
202402001,2025-03-04 13:41:00,CCGS LIMNOS,LAKE HURON,59,460000,-823258,83,31.00,2024-09-06 07:05:00,614,.00,20.00,0.10000000,,0,1.900000,CACI,CHLOROPHYLL A CORRECTED INTEGRATED,UG/L,46.00000,-82.54944
202402001,2025-03-04 13:41:00,CCGS LIMNOS,LAKE HURON,60,455611,-824527,82,28.50,2024-09-06 08:34:00,614,.00,20.00,0.10000000,,0,1.700000,CACI,CHLOROPHYLL A CORRECTED INTEGRATED,UG/L,45.93639,-82.75750
202402001,2025-03-04 13:41:00,CCGS LIMNOS,LAKE HURON,61,455811,-831154,77,78.00,2024-09-06 11:34:00,614,.00,20.00,0.10000000,,0,1.700000,CACI,CHLOROPHYLL A CORRECTED INTEGRATED,UG/L,45.96972,-83.19833
202402001,2025-03-04 13:41:00,CCGS LIMNOS,LAKE HURON,62,455959,-832600,76,58.00,2024-09-06 13:08:00,614,.00,20.00,0.10000000,,0,1.500000,CACI,CHLOROPHYLL A CORRECTED INTEGRATED,UG/L,45.99972,-83.43333
202402001,2025-03-04 13:41:00,CCGS LIMNOS,LAKE HURON,63,455405,-833105,60,25.00,2024-09-06 14:16:00,614,.00,20.00,0.10000000,,0,.800000,CACI,CHLOROPHYLL A CORRECTED INTEGRATED,UG/L,45.90139,-83.51806
202402001,2025-03-04 13:41:00,CCGS LIMNOS,LAKE HURON,64,455159,-831600,58,12.00,2024-09-06 16:39:00,614,.00,10.00,0.10000000,,0,1.600000,CACI,CHLOROPHYLL A CORRECTED INTEGRATED,UG/L,45.86639,-83.26667
202402001,2025-03-04 13:41:00,CCGS LIMNOS,LAKE HURON,65,454600,-830141,59,18.00,2024-09-06 18:18:00,614,.00,16.00,0.10000000,,0,1.000000,CACI,CHLOROPHYLL A CORRECTED INTEGRATED,UG/L,45.76667,-83.02806
202402001,2025-03-04 13:41:00,CCGS LIMNOS,LAKE HURON,65,454600,-830141,59,18.00,2024-09-06 18:18:00,614,.00,16.00,0.10000000,,1,1.200000,CACI,CHLOROPHYLL A CORRECTED INTEGRATED,UG/L,45.76667,-83.02806
202402001,2025-03-04 13:41:00,CCGS LIMNOS,LAKE HURON,66,453905,-823852,52,66.00,2024-09-06 20:48:00,614,.00,20.00,0.10000000,,0,.700000,CACI,CHLOROPHYLL A CORRECTED INTEGRATED,UG/L,45.65139,-82.64778
202402001,2025-03-04 13:41:00,CCGS LIMNOS,LAKE HURON,67,453205,-820242,50,27.00,2024-09-07 00:19:00,614,.00,20.00,0.10000000,,0,.500000,CACI,CHLOROPHYLL A CORRECTED INTEGRATED,UG/L,45.53472,-82.04500
202402001,2025-03-04 13:41:00,CCGS LIMNOS,LAKE HURON,68,451316,-814909,42,42.00,2024-09-07 03:12:00,614,.00,20.00,0.10000000,,0,.600000,CACI,CHLOROPHYLL A CORRECTED INTEGRATED,UG/L,45.22111,-81.81917
202402001,2025-03-04 13:41:00,CCGS LIMNOS,LAKE HURON,1,430523,-822330,1,11.00,2024-08-26 18:44:00,1434,1.00,.00,0.05000000,,0,.240000,TURB,TURBIDITY,NTU,43.08972,-82.39167
202402001,2025-03-04 13:41:00,CCGS LIMNOS,LAKE HURON,2,432030,-823021,7,11.00,2024-08-26 20:43:00,1434,1.00,.00,0.05000000,,0,.340000,TURB,TURBIDITY,NTU,43.34167,-82.50583
202402001,2025-03-04 13:41:00,CCGS LIMNOS,LAKE HURON,3,433402,-822907,8,30.00,2024-08-26 22:29:00,1434,1.00,.00,0.05000000,,0,.180000,TURB,TURBIDITY,NTU,43.56722,-82.48528
202402001,2025-03-04 13:41:00,CCGS LIMNOS,LAKE HURON,4,433759,-821301,9,60.00,2024-08-27 00:08:00,1434,1.00,.00,0.05000000,,0,.140000,TURB,TURBIDITY,NTU,43.63306,-82.21694
202402001,2025-03-04 13:41:00,CCGS LIMNOS,LAKE HURON,5,434513,-823405,13,17.00,2024-08-27 03:04:00,1434,1.00,.00,0.05000000,,0,.190000,TURB,TURBIDITY,NTU,43.75361,-82.56806
202402001,2025-03-04 13:41:00,CCGS LIMNOS,LAKE HURON,5,434513,-823405,13,17.00,2024-08-27 03:04:00,1434,1.00,.00,0.05000000,,1,.190000,TURB,TURBIDITY,NTU,43.75361,-82.56806
202402001,2025-03-04 13:41:00,CCGS LIMNOS,LAKE HURON,6,435631,-824000,14,12.50,2024-08-27 04:44:00,1434,1.00,.00,0.05000000,,0,.240000,TURB,TURBIDITY,NTU,43.94194,-82.66667
202402001,2025-03-04 13:41:00,CCGS LIMNOS,LAKE HURON,7,440600,-825159,17,15.00,2024-08-27 06:32:00,1434,1.00,.00,0.05000000,,0,.250000,TURB,TURBIDITY,NTU,44.10000,-82.86639
202402001,2025-03-04 13:41:00,CCGS LIMNOS,LAKE HURON,8,440409,-830450,94,14.50,2024-08-27 07:55:00,1434,1.00,.00,0.05000000,,0,.220000,TURB,TURBIDITY,NTU,44.06917,-83.08056
202402001,2025-03-04 13:41:00,CCGS LIMNOS,LAKE HURON,9,440735,-831014,96,30.00,2024-08-27 08:46:00,1434,1.00,.00,0.05000000,,0,.190000,TURB,TURBIDITY,NTU,44.12639,-83.17056
202402001,2025-03-04 13:41:00,CCGS LIMNOS,LAKE HURON,10,440654,-833144,97,11.00,2024-08-27 10:47:00,1434,1.00,.00,0.05000000,,0,.380000,TURB,TURBIDITY,NTU,44.11500,-83.52889
202402001,2025-03-04 13:41:00,CCGS LIMNOS,LAKE HURON,10,440654,-833144,97,11.00,2024-08-27 10:47:00,1434,999.00,.00,0.05000000,,0,.050000,TURB,TURBIDITY,NTU,44.11500,-83.52889
202402001,2025-03-04 13:41:00,CCGS LIMNOS,LAKE HURON,11,435834,-833430,98,11.00,2024-08-27 12:08:00,1434,1.00,.00,0.05000000,,0,.960000,TURB,TURBIDITY,NTU,43.97611,-83.57500
202402001,2025-03-04 13:41:00,CCGS LIMNOS,LAKE HURON,12,434915,-833728,101,6.00,2024-08-27 13:32:00,1434,1.00,.00,0.05000000,,0,2.020000,TURB,TURBIDITY,NTU,43.82083,-83.62444
202402001,2025-03-04 13:41:00,CCGS LIMNOS,LAKE HURON,13,434930,-834901,100,7.00,2024-08-27 14:43:00,1434,.50,.00,0.05000000,,0,2.070000,TURB,TURBIDITY,NTU,43.82500,-83.81694
202402001,2025-03-04 13:41:00,CCGS LIMNOS,LAKE HURON,13,434930,-834901,100,7.00,2024-08-27 14:43:00,1434,1.00,.00,0.05000000,,0,2.380000,TURB,TURBIDITY,NTU,43.82500,-83.81694
202402001,2025-03-04 13:41:00,CCGS LIMNOS,LAKE HURON,14,435430,-834427,99,7.00,2024-08-27 15:59:00,1434,1.00,.00,0.05000000,,0,1.760000,TURB,TURBIDITY,NTU,43.90833,-83.74083
202402001,2025-03-04 13:41:00,CCGS LIMNOS,LAKE HURON,15,441246,-832214,95,21.00,2024-08-27 19:10:00,1434,1.00,.00,0.05000000,,0,.260000,TURB,TURBIDITY,NTU,44.21278,-83.37056
202402001,2025-03-04 13:41:00,CCGS LIMNOS,LAKE HURON,15,441246,-832214,95,21.00,2024-08-27 19:10:00,1434,1.00,.00,0.05000000,,1,.260000,TURB,TURBIDITY,NTU,44.21278,-83.37056
202402001,2025-03-04 13:41:00,CCGS LIMNOS,LAKE HURON,16,442002,-831758,23,9.00,2024-08-27 20:21:00,1434,1.00,.00,0.05000000,,0,.350000,TURB,TURBIDITY,NTU,44.33389,-83.29944
202402001,2025-03-04 13:41:00,CCGS LIMNOS,LAKE HURON,17,441303,-830501,20,47.00,2024-08-27 22:00:00,1434,1.00,.00,0.05000000,,0,.110000,TURB,TURBIDITY,NTU,44.21750,-83.08361
202402001,2025-03-04 13:41:00,CCGS LIMNOS,LAKE HURON,18,431525,-820217,3,16.00,2024-08-28 06:31:00,1434,1.00,.00,0.05000000,,0,.200000,TURB,TURBIDITY,NTU,43.25694,-82.03806
202402001,2025-03-04 13:41:00,CCGS LIMNOS,LAKE HURON,19,431930,-814717,4,10.00,2024-08-28 08:11:00,1434,1.00,.00,0.05000000,,0,.340000,TURB,TURBIDITY,NTU,43.32500,-81.78806
202402001,2025-03-04 13:41:00,CCGS LIMNOS,LAKE HURON,20,433254,-814441,5,11.50,2024-08-28 09:54:00,1434,1.00,.00,0.05000000,,0,.340000,TURB,TURBIDITY,NTU,43.54833,-81.74472
202402001,2025-03-04 13:41:00,CCGS LIMNOS,LAKE HURON,20,433254,-814441,5,11.50,2024-08-28 09:54:00,1434,999.00,.00,0.05000000,<,0,.050000,TURB,TURBIDITY,NTU,43.54833,-81.74472
202402001,2025-03-04 13:41:00,CCGS LIMNOS,LAKE HURON,21,434512,-814652,10,12.50,2024-08-28 11:47:00,1434,1.00,.00,0.05000000,,0,.140000,TURB,TURBIDITY,NTU,43.75333,-81.78111
202402001,2025-03-04 13:41:00,CCGS LIMNOS,LAKE HURON,22,435723,-814712,11,10.50,2024-08-28 22:01:00,1434,1.00,.00,0.05000000,,0,.160000,TURB,TURBIDITY,NTU,43.95639,-81.78667
202402001,2025-03-04 13:41:00,CCGS LIMNOS,LAKE HURON,23,442159,-815000,29,123.00,2024-08-29 01:48:00,1434,1.00,.00,0.05000000,,0,.160000,TURB,TURBIDITY,NTU,44.36639,-81.83333
202402001,2025-03-04 13:41:00,CCGS LIMNOS,LAKE HURON,24,442759,-812712,30,21.50,2024-08-29 05:15:00,1434,1.00,.00,0.05000000,,0,.140000,TURB,TURBIDITY,NTU,44.46639,-81.45333
202402001,2025-03-04 13:41:00,CCGS LIMNOS,LAKE HURON,25,443924,-812242,39,26.00,2024-08-29 06:59:00,1434,1.00,.00,0.05000000,,0,.110000,TURB,TURBIDITY,NTU,44.65667,-81.37833
202402001,2025-03-04 13:41:00,CCGS LIMNOS,LAKE HURON,25,443924,-812242,39,26.00,2024-08-29 06:59:00,1434,1.00,.00,0.05000000,,1,.110000,TURB,TURBIDITY,NTU,44.65667,-81.37833
202402001,2025-03-04 13:41:00,CCGS LIMNOS,LAKE HURON,26,445354,-812613,40,20.00,2024-08-29 09:31:00,1434,1.00,.00,0.05000000,,0,.230000,TURB,TURBIDITY,NTU,44.89833,-81.43694
202402001,2025-03-04 13:41:00,CCGS LIMNOS,LAKE HURON,27,450459,-813212,41,22.50,2024-08-29 11:17:00,1434,1.00,.00,0.05000000,,0,.110000,TURB,TURBIDITY,NTU,45.08306,-81.53667
202402001,2025-03-04 13:41:00,CCGS LIMNOS,LAKE HURON,28,450048,-820030,43,172.00,2024-08-29 14:43:00,1434,1.00,.00,0.05000000,,0,.100000,TURB,TURBIDITY,NTU,45.01333,-82.00833
202402001,2025-03-04 13:41:00,CCGS LIMNOS,LAKE HURON,29,451642,-822707,48,110.00,2024-08-29 18:21:00,1434,1.00,.00,0.05000000,,0,.100000,TURB,TURBIDITY,NTU,45.27833,-82.45194
202402001,2025-03-04 13:41:00,CCGS LIMNOS,LAKE HURON,30,450059,-824106,44,166.50,2024-08-29 21:09:00,1434,1.00,.00,0.05000000,,0,.120000,TURB,TURBIDITY,NTU,45.01639,-82.68500
202402001,2025-03-04 13:41:00,CCGS LIMNOS,LAKE HURON,30,450059,-824106,44,166.50,2024-08-29 21:09:00,1434,999.00,.00,0.05000000,,0,.050000,TURB,TURBIDITY,NTU,45.01639,-82.68500
202402001,2025-03-04 13:41:00,CCGS LIMNOS,LAKE HURON,31,444424,-820326,38,134.00,2024-08-30 01:46:00,1434,1.00,.00,0.05000000,,0,.120000,TURB,TURBIDITY,NTU,44.74000,-82.05722
202402001,2025-03-04 13:41:00,CCGS LIMNOS,LAKE HURON,32,442712,-822030,32,83.00,2024-08-30 05:08:00,1434,1.00,.00,0.05000000,,0,.100000,TURB,TURBIDITY,NTU,44.45333,-82.34167
202402001,2025-03-04 13:41:00,CCGS LIMNOS,LAKE HURON,33,435325,-820324,12,87.00,2024-08-30 10:38:00,1434,1.00,.00,0.05000000,,0,.120000,TURB,TURBIDITY,NTU,43.89028,-82.05667
202402001,2025-03-04 13:41:00,CCGS LIMNOS,LAKE HURON,34,441154,-823011,27,55.00,2024-09-03 23:11:00,1434,1.00,.00,0.05000000,,0,.110000,TURB,TURBIDITY,NTU,44.19833,-82.50306
202402001,2025-03-04 13:41:00,CCGS LIMNOS,LAKE HURON,35,443000,-825000,33,72.50,2024-09-04 02:23:00,1434,1.00,.00,0.05000000,,0,.100000,TURB,TURBIDITY,NTU,44.50000,-82.83333
202402001,2025-03-04 13:41:00,CCGS LIMNOS,LAKE HURON,35,443000,-825000,33,72.50,2024-09-04 02:23:00,1434,1.00,.00,0.05000000,,1,.100000,TURB,TURBIDITY,NTU,44.50000,-82.83333
202402001,2025-03-04 13:41:00,CCGS LIMNOS,LAKE HURON,36,443824,-831354,34,9.00,2024-09-04 05:09:00,1434,1.00,.00,0.05000000,,0,.190000,TURB,TURBIDITY,NTU,44.64000,-83.23167
202402001,2025-03-04 13:41:00,CCGS LIMNOS,LAKE HURON,37,450224,-832241,36,9.00,2024-09-04 08:34:00,1434,1.00,.00,0.05000000,,0,.280000,TURB,TURBIDITY,NTU,45.04000,-83.37806
202402001,2025-03-04 13:41:00,CCGS LIMNOS,LAKE HURON,38,451516,-832044,47,23.50,2024-09-04 11:59:00,1434,1.00,.00,0.05000000,,0,.140000,TURB,TURBIDITY,NTU,45.25444,-83.34556
202402001,2025-03-04 13:41:00,CCGS LIMNOS,LAKE HURON,39,453100,-832459,54,132.50,2024-09-04 15:02:00,1434,1.00,.00,0.05000000,,0,.170000,TURB,TURBIDITY,NTU,45.51667,-83.41639
202402001,2025-03-04 13:41:00,CCGS LIMNOS,LAKE HURON,40,452530,-833905,55,37.00,2024-09-04 17:32:00,1434,1.00,.00,0.05000000,,0,.180000,TURB,TURBIDITY,NTU,45.42500,-83.65139
202402001,2025-03-04 13:41:00,CCGS LIMNOS,LAKE HURON,40,452530,-833905,55,37.00,2024-09-04 17:32:00,1434,999.00,.00,0.05000000,,0,.050000,TURB,TURBIDITY,NTU,45.42500,-83.65139
202402001,2025-03-04 13:41:00,CCGS LIMNOS,LAKE HURON,41,453059,-840500,56,22.50,2024-09-04 20:07:00,1434,1.00,.00,0.05000000,,0,.200000,TURB,TURBIDITY,NTU,45.51639,-84.08333
202402001,2025-03-04 13:41:00,CCGS LIMNOS,LAKE HURON,42,454459,-835500,61,117.00,2024-09-04 22:19:00,1434,1.00,.00,0.05000000,,0,.160000,TURB,TURBIDITY,NTU,45.74972,-83.91667
202402001,2025-03-04 13:41:00,CCGS LIMNOS,LAKE HURON,43,454029,-841112,62,44.00,2024-09-05 00:10:00,1434,1.00,.00,0.05000000,,0,.300000,TURB,TURBIDITY,NTU,45.67472,-84.18667
202402001,2025-03-04 13:41:00,CCGS LIMNOS,LAKE HURON,44,454212,-843041,63,15.00,2024-09-05 02:25:00,1434,1.00,.00,0.05000000,,0,.210000,TURB,TURBIDITY,NTU,45.70333,-84.51139
202402001,2025-03-04 13:41:00,CCGS LIMNOS,LAKE HURON,45,454848,-844519,64,36.00,2024-09-05 04:05:00,1434,1.00,.00,0.05000000,,0,.150000,TURB,TURBIDITY,NTU,45.81333,-84.75528
202402001,2025-03-04 13:41:00,CCGS LIMNOS,LAKE HURON,45,454848,-844519,64,36.00,2024-09-05 04:05:00,1434,1.00,.00,0.05000000,,1,.140000,TURB,TURBIDITY,NTU,45.81333,-84.75528
202402001,2025-03-04 13:41:00,CCGS LIMNOS,LAKE HURON,46,455043,-843400,65,58.50,2024-09-05 05:27:00,1434,1.00,.00,0.05000000,,0,.150000,TURB,TURBIDITY,NTU,45.84528,-84.56667
202402001,2025-03-04 13:41:00,CCGS LIMNOS,LAKE HURON,47,455149,-841741,66,69.00,2024-09-05 07:08:00,1434,1.00,.00,0.05000000,,0,.180000,TURB,TURBIDITY,NTU,45.86361,-84.29472
202402001,2025-03-04 13:41:00,CCGS LIMNOS,LAKE HURON,48,455606,-835359,67,31.00,2024-09-05 09:35:00,1434,1.00,.00,0.05000000,,0,.210000,TURB,TURBIDITY,NTU,45.93500,-83.89972
202402001,2025-03-04 13:41:00,CCGS LIMNOS,LAKE HURON,49,460442,-840141,69,10.00,2024-09-05 11:24:00,1434,1.00,.00,0.05000000,,0,2.300000,TURB,TURBIDITY,NTU,46.07833,-84.02806
202402001,2025-03-04 13:41:00,CCGS LIMNOS,LAKE HURON,50,460230,-835112,68,17.00,2024-09-05 12:44:00,1434,1.00,.00,0.05000000,,0,1.330000,TURB,TURBIDITY,NTU,46.04167,-83.85333
202402001,2025-03-04 13:41:00,CCGS LIMNOS,LAKE HURON,50,460230,-835112,68,17.00,2024-09-05 12:44:00,1434,999.00,.00,0.05000000,,0,.050000,TURB,TURBIDITY,NTU,46.04167,-83.85333
202402001,2025-03-04 13:41:00,CCGS LIMNOS,LAKE HURON,51,460812,-834018,70,22.00,2024-09-05 14:24:00,1434,1.00,.00,0.05000000,,0,.230000,TURB,TURBIDITY,NTU,46.13667,-83.67167
202402001,2025-03-04 13:41:00,CCGS LIMNOS,LAKE HURON,52,461400,-834447,71,34.00,2024-09-05 15:25:00,1434,1.00,.00,0.05000000,,0,.490000,TURB,TURBIDITY,NTU,46.23333,-83.74639
202402001,2025-03-04 13:41:00,CCGS LIMNOS,LAKE HURON,53,461112,-832117,73,19.00,2024-09-05 17:38:00,1434,1.00,.00,0.05000000,,0,.300000,TURB,TURBIDITY,NTU,46.18667,-83.35472
202402001,2025-03-04 13:41:00,CCGS LIMNOS,LAKE HURON,54,460724,-825309,79,26.00,2024-09-05 20:17:00,1434,1.00,.00,0.05000000,,0,.170000,TURB,TURBIDITY,NTU,46.12333,-82.88583
202402001,2025-03-04 13:41:00,CCGS LIMNOS,LAKE HURON,55,460530,-823324,84,36.00,2024-09-05 22:18:00,1434,1.00,.00,0.05000000,,0,.190000,TURB,TURBIDITY,NTU,46.09167,-82.55667
202402001,2025-03-04 13:41:00,CCGS LIMNOS,LAKE HURON,55,460530,-823324,84,36.00,2024-09-05 22:18:00,1434,1.00,.00,0.05000000,,1,.190000,TURB,TURBIDITY,NTU,46.09167,-82.55667
202402001,2025-03-04 13:41:00,CCGS LIMNOS,LAKE HURON,56,460340,-821149,87,35.00,2024-09-06 00:45:00,1434,1.00,.00,0.05000000,,0,.270000,TURB,TURBIDITY,NTU,46.06111,-82.19694
202402001,2025-03-04 13:41:00,CCGS LIMNOS,LAKE HURON,57,460320,-815959,88,36.00,2024-09-06 02:07:00,1434,1.00,.00,0.05000000,,0,.320000,TURB,TURBIDITY,NTU,46.05556,-81.99972
202402001,2025-03-04 13:41:00,CCGS LIMNOS,LAKE HURON,58,455459,-820940,89,39.00,2024-09-06 03:48:00,1434,1.00,.00,0.05000000,,0,.340000,TURB,TURBIDITY,NTU,45.91639,-82.16111
202402001,2025-03-04 13:41:00,CCGS LIMNOS,LAKE HURON,59,460000,-823258,83,31.00,2024-09-06 07:05:00,1434,1.00,.00,0.05000000,,0,.190000,TURB,TURBIDITY,NTU,46.00000,-82.54944
202402001,2025-03-04 13:41:00,CCGS LIMNOS,LAKE HURON,60,455611,-824527,82,28.50,2024-09-06 08:34:00,1434,1.00,.00,0.05000000,,0,.280000,TURB,TURBIDITY,NTU,45.93639,-82.75750
202402001,2025-03-04 13:41:00,CCGS LIMNOS,LAKE HURON,60,455611,-824527,82,28.50,2024-09-06 08:34:00,1434,999.00,.00,0.05000000,,0,.050000,TURB,TURBIDITY,NTU,45.93639,-82.75750
202402001,2025-03-04 13:41:00,CCGS LIMNOS,LAKE HURON,61,455811,-831154,77,78.00,2024-09-06 11:34:00,1434,1.00,.00,0.05000000,,0,.180000,TURB,TURBIDITY,NTU,45.96972,-83.19833
202402001,2025-03-04 13:41:00,CCGS LIMNOS,LAKE HURON,62,455959,-832600,76,58.00,2024-09-06 13:08:00,1434,1.00,.00,0.05000000,,0,.190000,TURB,TURBIDITY,NTU,45.99972,-83.43333
202402001,2025-03-04 13:41:00,CCGS LIMNOS,LAKE HURON,63,455405,-833105,60,25.00,2024-09-06 14:16:00,1434,1.00,.00,0.05000000,,0,.210000,TURB,TURBIDITY,NTU,45.90139,-83.51806
202402001,2025-03-04 13:41:00,CCGS LIMNOS,LAKE HURON,64,455159,-831600,58,12.00,2024-09-06 16:39:00,1434,1.00,.00,0.05000000,,0,.200000,TURB,TURBIDITY,NTU,45.86639,-83.26667
202402001,2025-03-04 13:41:00,CCGS LIMNOS,LAKE HURON,65,454600,-830141,59,18.00,2024-09-06 18:18:00,1434,1.00,.00,0.05000000,,0,.170000,TURB,TURBIDITY,NTU,45.76667,-83.02806
202402001,2025-03-04 13:41:00,CCGS LIMNOS,LAKE HURON,65,454600,-830141,59,18.00,2024-09-06 18:18:00,1434,1.00,.00,0.05000000,,1,.170000,TURB,TURBIDITY,NTU,45.76667,-83.02806
202402001,2025-03-04 13:41:00,CCGS LIMNOS,LAKE HURON,66,453905,-823852,52,66.00,2024-09-06 20:48:00,1434,1.00,.00,0.05000000,,0,.280000,TURB,TURBIDITY,NTU,45.65139,-82.64778
202402001,2025-03-04 13:41:00,CCGS LIMNOS,LAKE HURON,67,453205,-820242,50,27.00,2024-09-07 00:19:00,1434,1.00,.00,0.05000000,,0,.110000,TURB,TURBIDITY,NTU,45.53472,-82.04500
202402001,2025-03-04 13:41:00,CCGS LIMNOS,LAKE HURON,68,451316,-814909,42,42.00,2024-09-07 03:12:00,1434,1.00,.00,0.05000000,,0,.160000,TURB,TURBIDITY,NTU,45.22111,-81.81917
202402001,2025-03-04 13:41:00,CCGS LIMNOS,LAKE HURON,1,430523,-822330,1,11.00,2024-08-26 18:44:00,1639,1.00,.00,0.01000000,,0,.070000,F-F,FLUORIDE,MG/L,43.08972,-82.39167
202402001,2025-03-04 13:41:00,CCGS LIMNOS,LAKE HURON,1,430523,-822330,1,11.00,2024-08-26 18:44:00,1639,9.00,.00,0.01000000,,0,.070000,F-F,FLUORIDE,MG/L,43.08972,-82.39167
202402001,2025-03-04 13:41:00,CCGS LIMNOS,LAKE HURON,2,432030,-823021,7,11.00,2024-08-26 20:43:00,1639,1.00,.00,0.01000000,,0,.070000,F-F,FLUORIDE,MG/L,43.34167,-82.50583
202402001,2025-03-04 13:41:00,CCGS LIMNOS,LAKE HURON,3,433402,-822907,8,30.00,2024-08-26 22:29:00,1639,1.00,.00,0.01000000,,0,.070000,F-F,FLUORIDE,MG/L,43.56722,-82.48528
202402001,2025-03-04 13:41:00,CCGS LIMNOS,LAKE HURON,4,433759,-821301,9,60.00,2024-08-27 00:08:00,1639,1.00,.00,0.01000000,,0,.070000,F-F,FLUORIDE,MG/L,43.63306,-82.21694
202402001,2025-03-04 13:41:00,CCGS LIMNOS,LAKE HURON,4,433759,-821301,9,60.00,2024-08-27 00:08:00,1639,23.00,.00,0.01000000,,0,.070000,F-F,FLUORIDE,MG/L,43.63306,-82.21694
202402001,2025-03-04 13:41:00,CCGS LIMNOS,LAKE HURON,4,433759,-821301,9,60.00,2024-08-27 00:08:00,1639,32.00,.00,0.01000000,,0,.070000,F-F,FLUORIDE,MG/L,43.63306,-82.21694
202402001,2025-03-04 13:41:00,CCGS LIMNOS,LAKE HURON,4,433759,-821301,9,60.00,2024-08-27 00:08:00,1639,41.00,.00,0.01000000,,0,.070000,F-F,FLUORIDE,MG/L,43.63306,-82.21694
202402001,2025-03-04 13:41:00,CCGS LIMNOS,LAKE HURON,4,433759,-821301,9,60.00,2024-08-27 00:08:00,1639,50.00,.00,0.01000000,,0,.070000,F-F,FLUORIDE,MG/L,43.63306,-82.21694
202402001,2025-03-04 13:41:00,CCGS LIMNOS,LAKE HURON,4,433759,-821301,9,60.00,2024-08-27 00:08:00,1639,58.00,.00,0.01000000,,0,.070000,F-F,FLUORIDE,MG/L,43.63306,-82.21694
202402001,2025-03-04 13:41:00,CCGS LIMNOS,LAKE HURON,5,434513,-823405,13,17.00,2024-08-27 03:04:00,1639,1.00,.00,0.01000000,,0,.070000,F-F,FLUORIDE,MG/L,43.75361,-82.56806
202402001,2025-03-04 13:41:00,CCGS LIMNOS,LAKE HURON,5,434513,-823405,13,17.00,2024-08-27 03:04:00,1639,1.00,.00,0.01000000,,1,.070000,F-F,FLUORIDE,MG/L,43.75361,-82.56806
202402001,2025-03-04 13:41:00,CCGS LIMNOS,LAKE HURON,6,435631,-824000,14,12.50,2024-08-27 04:44:00,1639,1.00,.00,0.01000000,,0,.070000,F-F,FLUORIDE,MG/L,43.94194,-82.66667
202402001,2025-03-04 13:41:00,CCGS LIMNOS,LAKE HURON,7,440600,-825159,17,15.00,2024-08-27 06:32:00,1639,1.00,.00,0.01000000,,0,.080000,F-F,FLUORIDE,MG/L,44.10000,-82.86639
202402001,2025-03-04 13:41:00,CCGS LIMNOS,LAKE HURON,7,440600,-825159,17,15.00,2024-08-27 06:32:00,1639,10.00,.00,0.01000000,,0,.070000,F-F,FLUORIDE,MG/L,44.10000,-82.86639
202402001,2025-03-04 13:41:00,CCGS LIMNOS,LAKE HURON,7,440600,-825159,17,15.00,2024-08-27 06:32:00,1639,13.00,.00,0.01000000,,0,.070000,F-F,FLUORIDE,MG/L,44.10000,-82.86639
202402001,2025-03-04 13:41:00,CCGS LIMNOS,LAKE HURON,8,440409,-830450,94,14.50,2024-08-27 07:55:00,1639,1.00,.00,0.01000000,,0,.070000,F-F,FLUORIDE,MG/L,44.06917,-83.08056
202402001,2025-03-04 13:41:00,CCGS LIMNOS,LAKE HURON,9,440735,-831014,96,30.00,2024-08-27 08:46:00,1639,1.00,.00,0.01000000,,0,.070000,F-F,FLUORIDE,MG/L,44.12639,-83.17056
202402001,2025-03-04 13:41:00,CCGS LIMNOS,LAKE HURON,10,440654,-833144,97,11.00,2024-08-27 10:47:00,1639,1.00,.00,0.01000000,,0,.080000,F-F,FLUORIDE,MG/L,44.11500,-83.52889
202402001,2025-03-04 13:41:00,CCGS LIMNOS,LAKE HURON,10,440654,-833144,97,11.00,2024-08-27 10:47:00,1639,998.00,.00,0.01000000,<,0,.010000,F-F,FLUORIDE,MG/L,44.11500,-83.52889
202402001,2025-03-04 13:41:00,CCGS LIMNOS,LAKE HURON,10,440654,-833144,97,11.00,2024-08-27 10:47:00,1639,999.00,.00,0.01000000,<,0,.010000,F-F,FLUORIDE,MG/L,44.11500,-83.52889
202402001,2025-03-04 13:41:00,CCGS LIMNOS,LAKE HURON,11,435834,-833430,98,11.00,2024-08-27 12:08:00,1639,1.00,.00,0.01000000,,0,.090000,F-F,FLUORIDE,MG/L,43.97611,-83.57500
202402001,2025-03-04 13:41:00,CCGS LIMNOS,LAKE HURON,12,434915,-833728,101,6.00,2024-08-27 13:32:00,1639,1.00,.00,0.01000000,,0,.100000,F-F,FLUORIDE,MG/L,43.82083,-83.62444
202402001,2025-03-04 13:41:00,CCGS LIMNOS,LAKE HURON,13,434930,-834901,100,7.00,2024-08-27 14:43:00,1639,.50,.00,0.01000000,,0,.120000,F-F,FLUORIDE,MG/L,43.82500,-83.81694
202402001,2025-03-04 13:41:00,CCGS LIMNOS,LAKE HURON,13,434930,-834901,100,7.00,2024-08-27 14:43:00,1639,1.00,.00,0.01000000,,0,.120000,F-F,FLUORIDE,MG/L,43.82500,-83.81694
202402001,2025-03-04 13:41:00,CCGS LIMNOS,LAKE HURON,13,434930,-834901,100,7.00,2024-08-27 14:43:00,1639,5.00,.00,0.01000000,,0,.120000,F-F,FLUORIDE,MG/L,43.82500,-83.81694
202402001,2025-03-04 13:41:00,CCGS LIMNOS,LAKE HURON,14,435430,-834427,99,7.00,2024-08-27 15:59:00,1639,1.00,.00,0.01000000,,0,.100000,F-F,FLUORIDE,MG/L,43.90833,-83.74083
202402001,2025-03-04 13:41:00,CCGS LIMNOS,LAKE HURON,15,441246,-832214,95,21.00,2024-08-27 19:10:00,1639,1.00,.00,0.01000000,,0,.080000,F-F,FLUORIDE,MG/L,44.21278,-83.37056
202402001,2025-03-04 13:41:00,CCGS LIMNOS,LAKE HURON,15,441246,-832214,95,21.00,2024-08-27 19:10:00,1639,1.00,.00,0.01000000,,1,.080000,F-F,FLUORIDE,MG/L,44.21278,-83.37056
202402001,2025-03-04 13:41:00,CCGS LIMNOS,LAKE HURON,15,441246,-832214,95,21.00,2024-08-27 19:10:00,1639,11.00,.00,0.01000000,,0,.070000,F-F,FLUORIDE,MG/L,44.21278,-83.37056
202402001,2025-03-04 13:41:00,CCGS LIMNOS,LAKE HURON,15,441246,-832214,95,21.00,2024-08-27 19:10:00,1639,19.00,.00,0.01000000,,0,.070000,F-F,FLUORIDE,MG/L,44.21278,-83.37056
202402001,2025-03-04 13:41:00,CCGS LIMNOS,LAKE HURON,16,442002,-831758,23,9.00,2024-08-27 20:21:00,1639,1.00,.00,0.01000000,,0,.070000,F-F,FLUORIDE,MG/L,44.33389,-83.29944
202402001,2025-03-04 13:41:00,CCGS LIMNOS,LAKE HURON,17,441303,-830501,20,47.00,2024-08-27 22:00:00,1639,1.00,.00,0.01000000,,0,.070000,F-F,FLUORIDE,MG/L,44.21750,-83.08361
202402001,2025-03-04 13:41:00,CCGS LIMNOS,LAKE HURON,18,431525,-820217,3,16.00,2024-08-28 06:31:00,1639,1.00,.00,0.01000000,,0,.070000,F-F,FLUORIDE,MG/L,43.25694,-82.03806
202402001,2025-03-04 13:41:00,CCGS LIMNOS,LAKE HURON,19,431930,-814717,4,10.00,2024-08-28 08:11:00,1639,1.00,.00,0.01000000,,0,.080000,F-F,FLUORIDE,MG/L,43.32500,-81.78806
202402001,2025-03-04 13:41:00,CCGS LIMNOS,LAKE HURON,20,433254,-814441,5,11.50,2024-08-28 09:54:00,1639,1.00,.00,0.01000000,,0,.080000,F-F,FLUORIDE,MG/L,43.54833,-81.74472
202402001,2025-03-04 13:41:00,CCGS LIMNOS,LAKE HURON,20,433254,-814441,5,11.50,2024-08-28 09:54:00,1639,998.00,.00,0.01000000,<,0,.010000,F-F,FLUORIDE,MG/L,43.54833,-81.74472
202402001,2025-03-04 13:41:00,CCGS LIMNOS,LAKE HURON,20,433254,-814441,5,11.50,2024-08-28 09:54:00,1639,999.00,.00,0.01000000,<,0,.010000,F-F,FLUORIDE,MG/L,43.54833,-81.74472
202402001,2025-03-04 13:41:00,CCGS LIMNOS,LAKE HURON,21,434512,-814652,10,12.50,2024-08-28 11:47:00,1639,1.00,.00,0.01000000,,0,.080000,F-F,FLUORIDE,MG/L,43.75333,-81.78111
202402001,2025-03-04 13:41:00,CCGS LIMNOS,LAKE HURON,22,435723,-814712,11,10.50,2024-08-28 22:01:00,1639,1.00,.00,0.01000000,,0,.080000,F-F,FLUORIDE,MG/L,43.95639,-81.78667
202402001,2025-03-04 13:41:00,CCGS LIMNOS,LAKE HURON,23,442159,-815000,29,123.00,2024-08-29 01:48:00,1639,1.00,.00,0.01000000,,0,.080000,F-F,FLUORIDE,MG/L,44.36639,-81.83333
202402001,2025-03-04 13:41:00,CCGS LIMNOS,LAKE HURON,23,442159,-815000,29,123.00,2024-08-29 01:48:00,1639,14.00,.00,0.01000000,,0,.070000,F-F,FLUORIDE,MG/L,44.36639,-81.83333
202402001,2025-03-04 13:41:00,CCGS LIMNOS,LAKE HURON,23,442159,-815000,29,123.00,2024-08-29 01:48:00,1639,24.00,.00,0.01000000,,0,.070000,F-F,FLUORIDE,MG/L,44.36639,-81.83333
202402001,2025-03-04 13:41:00,CCGS LIMNOS,LAKE HURON,23,442159,-815000,29,123.00,2024-08-29 01:48:00,1639,34.00,.00,0.01000000,,0,.070000,F-F,FLUORIDE,MG/L,44.36639,-81.83333
202402001,2025-03-04 13:41:00,CCGS LIMNOS,LAKE HURON,23,442159,-815000,29,123.00,2024-08-29 01:48:00,1639,113.00,.00,0.01000000,,0,.070000,F-F,FLUORIDE,MG/L,44.36639,-81.83333
202402001,2025-03-04 13:41:00,CCGS LIMNOS,LAKE HURON,23,442159,-815000,29,123.00,2024-08-29 01:48:00,1639,121.00,.00,0.01000000,,0,.070000,F-F,FLUORIDE,MG/L,44.36639,-81.83333
202402001,2025-03-04 13:41:00,CCGS LIMNOS,LAKE HURON,24,442759,-812712,30,21.50,2024-08-29 05:15:00,1639,1.00,.00,0.01000000,,0,.070000,F-F,FLUORIDE,MG/L,44.46639,-81.45333
202402001,2025-03-04 13:41:00,CCGS LIMNOS,LAKE HURON,25,443924,-812242,39,26.00,2024-08-29 06:59:00,1639,1.00,.00,0.01000000,,0,.070000,F-F,FLUORIDE,MG/L,44.65667,-81.37833
202402001,2025-03-04 13:41:00,CCGS LIMNOS,LAKE HURON,25,443924,-812242,39,26.00,2024-08-29 06:59:00,1639,1.00,.00,0.01000000,,1,.070000,F-F,FLUORIDE,MG/L,44.65667,-81.37833
202402001,2025-03-04 13:41:00,CCGS LIMNOS,LAKE HURON,26,445354,-812613,40,20.00,2024-08-29 09:31:00,1639,1.00,.00,0.01000000,,0,.070000,F-F,FLUORIDE,MG/L,44.89833,-81.43694
202402001,2025-03-04 13:41:00,CCGS LIMNOS,LAKE HURON,27,450459,-813212,41,22.50,2024-08-29 11:17:00,1639,1.00,.00,0.01000000,,0,.070000,F-F,FLUORIDE,MG/L,45.08306,-81.53667
202402001,2025-03-04 13:41:00,CCGS LIMNOS,LAKE HURON,28,450048,-820030,43,172.00,2024-08-29 14:43:00,1639,1.00,.00,0.01000000,,0,.070000,F-F,FLUORIDE,MG/L,45.01333,-82.00833
202402001,2025-03-04 13:41:00,CCGS LIMNOS,LAKE HURON,29,451642,-822707,48,110.00,2024-08-29 18:21:00,1639,1.00,.00,0.01000000,,0,.070000,F-F,FLUORIDE,MG/L,45.27833,-82.45194
202402001,2025-03-04 13:41:00,CCGS LIMNOS,LAKE HURON,30,450059,-824106,44,166.50,2024-08-29 21:09:00,1639,1.00,.00,0.01000000,,0,.070000,F-F,FLUORIDE,MG/L,45.01639,-82.68500
202402001,2025-03-04 13:41:00,CCGS LIMNOS,LAKE HURON,30,450059,-824106,44,166.50,2024-08-29 21:09:00,1639,14.00,.00,0.01000000,,0,.070000,F-F,FLUORIDE,MG/L,45.01639,-82.68500
202402001,2025-03-04 13:41:00,CCGS LIMNOS,LAKE HURON,30,450059,-824106,44,166.50,2024-08-29 21:09:00,1639,45.50,.00,0.01000000,,0,.070000,F-F,FLUORIDE,MG/L,45.01639,-82.68500
202402001,2025-03-04 13:41:00,CCGS LIMNOS,LAKE HURON,30,450059,-824106,44,166.50,2024-08-29 21:09:00,1639,77.00,.00,0.01000000,,0,.070000,F-F,FLUORIDE,MG/L,45.01639,-82.68500
202402001,2025-03-04 13:41:00,CCGS LIMNOS,LAKE HURON,30,450059,-824106,44,166.50,2024-08-29 21:09:00,1639,156.50,.00,0.01000000,,0,.070000,F-F,FLUORIDE,MG/L,45.01639,-82.68500
202402001,2025-03-04 13:41:00,CCGS LIMNOS,LAKE HURON,30,450059,-824106,44,166.50,2024-08-29 21:09:00,1639,164.50,.00,0.01000000,,0,.070000,F-F,FLUORIDE,MG/L,45.01639,-82.68500
202402001,2025-03-04 13:41:00,CCGS LIMNOS,LAKE HURON,30,450059,-824106,44,166.50,2024-08-29 21:09:00,1639,998.00,.00,0.01000000,<,0,.010000,F-F,FLUORIDE,MG/L,45.01639,-82.68500
202402001,2025-03-04 13:41:00,CCGS LIMNOS,LAKE HURON,30,450059,-824106,44,166.50,2024-08-29 21:09:00,1639,999.00,.00,0.01000000,<,0,.010000,F-F,FLUORIDE,MG/L,45.01639,-82.68500
202402001,2025-03-04 13:41:00,CCGS LIMNOS,LAKE HURON,31,444424,-820326,38,134.00,2024-08-30 01:46:00,1639,1.00,.00,0.01000000,,0,.070000,F-F,FLUORIDE,MG/L,44.74000,-82.05722
202402001,2025-03-04 13:41:00,CCGS LIMNOS,LAKE HURON,32,442712,-822030,32,83.00,2024-08-30 05:08:00,1639,1.00,.00,0.01000000,,0,.070000,F-F,FLUORIDE,MG/L,44.45333,-82.34167
202402001,2025-03-04 13:41:00,CCGS LIMNOS,LAKE HURON,33,435325,-820324,12,87.00,2024-08-30 10:38:00,1639,1.00,.00,0.01000000,,0,.070000,F-F,FLUORIDE,MG/L,43.89028,-82.05667
202402001,2025-03-04 13:41:00,CCGS LIMNOS,LAKE HURON,34,441154,-823011,27,55.00,2024-09-03 23:11:00,1639,1.00,.00,0.01000000,,0,.070000,F-F,FLUORIDE,MG/L,44.19833,-82.50306
202402001,2025-03-04 13:41:00,CCGS LIMNOS,LAKE HURON,35,443000,-825000,33,72.50,2024-09-04 02:23:00,1639,1.00,.00,0.01000000,,0,.070000,F-F,FLUORIDE,MG/L,44.50000,-82.83333
202402001,2025-03-04 13:41:00,CCGS LIMNOS,LAKE HURON,35,443000,-825000,33,72.50,2024-09-04 02:23:00,1639,1.00,.00,0.01000000,,1,.070000,F-F,FLUORIDE,MG/L,44.50000,-82.83333
202402001,2025-03-04 13:41:00,CCGS LIMNOS,LAKE HURON,36,443824,-831354,34,9.00,2024-09-04 05:09:00,1639,1.00,.00,0.01000000,,0,.070000,F-F,FLUORIDE,MG/L,44.64000,-83.23167
202402001,2025-03-04 13:41:00,CCGS LIMNOS,LAKE HURON,37,450224,-832241,36,9.00,2024-09-04 08:34:00,1639,1.00,.00,0.01000000,,0,.070000,F-F,FLUORIDE,MG/L,45.04000,-83.37806
202402001,2025-03-04 13:41:00,CCGS LIMNOS,LAKE HURON,37,450224,-832241,36,9.00,2024-09-04 08:34:00,1639,7.00,.00,0.01000000,,0,.070000,F-F,FLUORIDE,MG/L,45.04000,-83.37806
202402001,2025-03-04 13:41:00,CCGS LIMNOS,LAKE HURON,38,451516,-832044,47,23.50,2024-09-04 11:59:00,1639,1.00,.00,0.01000000,,0,.070000,F-F,FLUORIDE,MG/L,45.25444,-83.34556
202402001,2025-03-04 13:41:00,CCGS LIMNOS,LAKE HURON,39,453100,-832459,54,132.50,2024-09-04 15:02:00,1639,1.00,.00,0.01000000,,0,.070000,F-F,FLUORIDE,MG/L,45.51667,-83.41639
202402001,2025-03-04 13:41:00,CCGS LIMNOS,LAKE HURON,39,453100,-832459,54,132.50,2024-09-04 15:02:00,1639,11.00,.00,0.01000000,,0,.070000,F-F,FLUORIDE,MG/L,45.51667,-83.41639
202402001,2025-03-04 13:41:00,CCGS LIMNOS,LAKE HURON,39,453100,-832459,54,132.50,2024-09-04 15:02:00,1639,25.50,.00,0.01000000,,0,.070000,F-F,FLUORIDE,MG/L,45.51667,-83.41639
202402001,2025-03-04 13:41:00,CCGS LIMNOS,LAKE HURON,39,453100,-832459,54,132.50,2024-09-04 15:02:00,1639,40.00,.00,0.01000000,,0,.070000,F-F,FLUORIDE,MG/L,45.51667,-83.41639
202402001,2025-03-04 13:41:00,CCGS LIMNOS,LAKE HURON,39,453100,-832459,54,132.50,2024-09-04 15:02:00,1639,122.50,.00,0.01000000,,0,.070000,F-F,FLUORIDE,MG/L,45.51667,-83.41639
202402001,2025-03-04 13:41:00,CCGS LIMNOS,LAKE HURON,39,453100,-832459,54,132.50,2024-09-04 15:02:00,1639,130.50,.00,0.01000000,,0,.070000,F-F,FLUORIDE,MG/L,45.51667,-83.41639
202402001,2025-03-04 13:41:00,CCGS LIMNOS,LAKE HURON,40,452530,-833905,55,37.00,2024-09-04 17:32:00,1639,1.00,.00,0.01000000,,0,.080000,F-F,FLUORIDE,MG/L,45.42500,-83.65139
202402001,2025-03-04 13:41:00,CCGS LIMNOS,LAKE HURON,40,452530,-833905,55,37.00,2024-09-04 17:32:00,1639,998.00,.00,0.01000000,<,0,.010000,F-F,FLUORIDE,MG/L,45.42500,-83.65139
202402001,2025-03-04 13:41:00,CCGS LIMNOS,LAKE HURON,40,452530,-833905,55,37.00,2024-09-04 17:32:00,1639,999.00,.00,0.01000000,<,0,.010000,F-F,FLUORIDE,MG/L,45.42500,-83.65139
202402001,2025-03-04 13:41:00,CCGS LIMNOS,LAKE HURON,41,453059,-840500,56,22.50,2024-09-04 20:07:00,1639,1.00,.00,0.01000000,,0,.080000,F-F,FLUORIDE,MG/L,45.51639,-84.08333
202402001,2025-03-04 13:41:00,CCGS LIMNOS,LAKE HURON,42,454459,-835500,61,117.00,2024-09-04 22:19:00,1639,1.00,.00,0.01000000,,0,.070000,F-F,FLUORIDE,MG/L,45.74972,-83.91667
202402001,2025-03-04 13:41:00,CCGS LIMNOS,LAKE HURON,43,454029,-841112,62,44.00,2024-09-05 00:10:00,1639,1.00,.00,0.01000000,,0,.070000,F-F,FLUORIDE,MG/L,45.67472,-84.18667
202402001,2025-03-04 13:41:00,CCGS LIMNOS,LAKE HURON,44,454212,-843041,63,15.00,2024-09-05 02:25:00,1639,1.00,.00,0.01000000,,0,.080000,F-F,FLUORIDE,MG/L,45.70333,-84.51139
202402001,2025-03-04 13:41:00,CCGS LIMNOS,LAKE HURON,45,454848,-844519,64,36.00,2024-09-05 04:05:00,1639,1.00,.00,0.01000000,,0,.090000,F-F,FLUORIDE,MG/L,45.81333,-84.75528
202402001,2025-03-04 13:41:00,CCGS LIMNOS,LAKE HURON,45,454848,-844519,64,36.00,2024-09-05 04:05:00,1639,1.00,.00,0.01000000,,1,.090000,F-F,FLUORIDE,MG/L,45.81333,-84.75528
202402001,2025-03-04 13:41:00,CCGS LIMNOS,LAKE HURON,45,454848,-844519,64,36.00,2024-09-05 04:05:00,1639,16.00,.00,0.01000000,,0,.080000,F-F,FLUORIDE,MG/L,45.81333,-84.75528
202402001,2025-03-04 13:41:00,CCGS LIMNOS,LAKE HURON,45,454848,-844519,64,36.00,2024-09-05 04:05:00,1639,24.50,.00,0.01000000,,0,.080000,F-F,FLUORIDE,MG/L,45.81333,-84.75528
202402001,2025-03-04 13:41:00,CCGS LIMNOS,LAKE HURON,45,454848,-844519,64,36.00,2024-09-05 04:05:00,1639,26.00,.00,0.01000000,,0,.080000,F-F,FLUORIDE,MG/L,45.81333,-84.75528
202402001,2025-03-04 13:41:00,CCGS LIMNOS,LAKE HURON,45,454848,-844519,64,36.00,2024-09-05 04:05:00,1639,33.00,.00,0.01000000,,0,.080000,F-F,FLUORIDE,MG/L,45.81333,-84.75528
202402001,2025-03-04 13:41:00,CCGS LIMNOS,LAKE HURON,46,455043,-843400,65,58.50,2024-09-05 05:27:00,1639,1.00,.00,0.01000000,,0,.080000,F-F,FLUORIDE,MG/L,45.84528,-84.56667
202402001,2025-03-04 13:41:00,CCGS LIMNOS,LAKE HURON,47,455149,-841741,66,69.00,2024-09-05 07:08:00,1639,1.00,.00,0.01000000,,0,.070000,F-F,FLUORIDE,MG/L,45.86361,-84.29472
202402001,2025-03-04 13:41:00,CCGS LIMNOS,LAKE HURON,48,455606,-835359,67,31.00,2024-09-05 09:35:00,1639,1.00,.00,0.01000000,,0,.070000,F-F,FLUORIDE,MG/L,45.93500,-83.89972
202402001,2025-03-04 13:41:00,CCGS LIMNOS,LAKE HURON,49,460442,-840141,69,10.00,2024-09-05 11:24:00,1639,1.00,.00,0.01000000,,0,.040000,F-F,FLUORIDE,MG/L,46.07833,-84.02806
202402001,2025-03-04 13:41:00,CCGS LIMNOS,LAKE HURON,49,460442,-840141,69,10.00,2024-09-05 11:24:00,1639,8.00,.00,0.01000000,,0,.040000,F-F,FLUORIDE,MG/L,46.07833,-84.02806
202402001,2025-03-04 13:41:00,CCGS LIMNOS,LAKE HURON,50,460230,-835112,68,17.00,2024-09-05 12:44:00,1639,1.00,.00,0.01000000,,0,.040000,F-F,FLUORIDE,MG/L,46.04167,-83.85333
202402001,2025-03-04 13:41:00,CCGS LIMNOS,LAKE HURON,50,460230,-835112,68,17.00,2024-09-05 12:44:00,1639,998.00,.00,0.01000000,<,0,.010000,F-F,FLUORIDE,MG/L,46.04167,-83.85333
202402001,2025-03-04 13:41:00,CCGS LIMNOS,LAKE HURON,50,460230,-835112,68,17.00,2024-09-05 12:44:00,1639,999.00,.00,0.01000000,<,0,.010000,F-F,FLUORIDE,MG/L,46.04167,-83.85333
202402001,2025-03-04 13:41:00,CCGS LIMNOS,LAKE HURON,51,460812,-834018,70,22.00,2024-09-05 14:24:00,1639,1.00,.00,0.01000000,,0,.060000,F-F,FLUORIDE,MG/L,46.13667,-83.67167
202402001,2025-03-04 13:41:00,CCGS LIMNOS,LAKE HURON,52,461400,-834447,71,34.00,2024-09-05 15:25:00,1639,1.00,.00,0.01000000,,0,.050000,F-F,FLUORIDE,MG/L,46.23333,-83.74639
202402001,2025-03-04 13:41:00,CCGS LIMNOS,LAKE HURON,52,461400,-834447,71,34.00,2024-09-05 15:25:00,1639,3.00,.00,0.01000000,,0,.060000,F-F,FLUORIDE,MG/L,46.23333,-83.74639
202402001,2025-03-04 13:41:00,CCGS LIMNOS,LAKE HURON,52,461400,-834447,71,34.00,2024-09-05 15:25:00,1639,9.50,.00,0.01000000,,0,.060000,F-F,FLUORIDE,MG/L,46.23333,-83.74639
202402001,2025-03-04 13:41:00,CCGS LIMNOS,LAKE HURON,52,461400,-834447,71,34.00,2024-09-05 15:25:00,1639,16.00,.00,0.01000000,,0,.060000,F-F,FLUORIDE,MG/L,46.23333,-83.74639
202402001,2025-03-04 13:41:00,CCGS LIMNOS,LAKE HURON,52,461400,-834447,71,34.00,2024-09-05 15:25:00,1639,32.00,.00,0.01000000,,0,.060000,F-F,FLUORIDE,MG/L,46.23333,-83.74639
202402001,2025-03-04 13:41:00,CCGS LIMNOS,LAKE HURON,53,461112,-832117,73,19.00,2024-09-05 17:38:00,1639,1.00,.00,0.01000000,,0,.060000,F-F,FLUORIDE,MG/L,46.18667,-83.35472
202402001,2025-03-04 13:41:00,CCGS LIMNOS,LAKE HURON,54,460724,-825309,79,26.00,2024-09-05 20:17:00,1639,1.00,.00,0.01000000,,0,.060000,F-F,FLUORIDE,MG/L,46.12333,-82.88583
202402001,2025-03-04 13:41:00,CCGS LIMNOS,LAKE HURON,54,460724,-825309,79,26.00,2024-09-05 20:17:00,1639,10.00,.00,0.01000000,,0,.060000,F-F,FLUORIDE,MG/L,46.12333,-82.88583
202402001,2025-03-04 13:41:00,CCGS LIMNOS,LAKE HURON,54,460724,-825309,79,26.00,2024-09-05 20:17:00,1639,24.00,.00,0.01000000,,0,.060000,F-F,FLUORIDE,MG/L,46.12333,-82.88583
202402001,2025-03-04 13:41:00,CCGS LIMNOS,LAKE HURON,55,460530,-823324,84,36.00,2024-09-05 22:18:00,1639,1.00,.00,0.01000000,,0,.060000,F-F,FLUORIDE,MG/L,46.09167,-82.55667
202402001,2025-03-04 13:41:00,CCGS LIMNOS,LAKE HURON,55,460530,-823324,84,36.00,2024-09-05 22:18:00,1639,1.00,.00,0.01000000,,1,.060000,F-F,FLUORIDE,MG/L,46.09167,-82.55667
202402001,2025-03-04 13:41:00,CCGS LIMNOS,LAKE HURON,55,460530,-823324,84,36.00,2024-09-05 22:18:00,1639,7.00,.00,0.01000000,,0,.060000,F-F,FLUORIDE,MG/L,46.09167,-82.55667
202402001,2025-03-04 13:41:00,CCGS LIMNOS,LAKE HURON,55,460530,-823324,84,36.00,2024-09-05 22:18:00,1639,20.50,.00,0.01000000,,0,.060000,F-F,FLUORIDE,MG/L,46.09167,-82.55667
202402001,2025-03-04 13:41:00,CCGS LIMNOS,LAKE HURON,55,460530,-823324,84,36.00,2024-09-05 22:18:00,1639,26.00,.00,0.01000000,,0,.060000,F-F,FLUORIDE,MG/L,46.09167,-82.55667
202402001,2025-03-04 13:41:00,CCGS LIMNOS,LAKE HURON,55,460530,-823324,84,36.00,2024-09-05 22:18:00,1639,34.00,.00,0.01000000,,0,.060000,F-F,FLUORIDE,MG/L,46.09167,-82.55667
202402001,2025-03-04 13:41:00,CCGS LIMNOS,LAKE HURON,56,460340,-821149,87,35.00,2024-09-06 00:45:00,1639,1.00,.00,0.01000000,,0,.060000,F-F,FLUORIDE,MG/L,46.06111,-82.19694
202402001,2025-03-04 13:41:00,CCGS LIMNOS,LAKE HURON,57,460320,-815959,88,36.00,2024-09-06 02:07:00,1639,1.00,.00,0.01000000,,0,.060000,F-F,FLUORIDE,MG/L,46.05556,-81.99972
202402001,2025-03-04 13:41:00,CCGS LIMNOS,LAKE HURON,58,455459,-820940,89,39.00,2024-09-06 03:48:00,1639,1.00,.00,0.01000000,,0,.060000,F-F,FLUORIDE,MG/L,45.91639,-82.16111
202402001,2025-03-04 13:41:00,CCGS LIMNOS,LAKE HURON,59,460000,-823258,83,31.00,2024-09-06 07:05:00,1639,1.00,.00,0.01000000,,0,.060000,F-F,FLUORIDE,MG/L,46.00000,-82.54944
202402001,2025-03-04 13:41:00,CCGS LIMNOS,LAKE HURON,60,455611,-824527,82,28.50,2024-09-06 08:34:00,1639,1.00,.00,0.01000000,,0,.060000,F-F,FLUORIDE,MG/L,45.93639,-82.75750
202402001,2025-03-04 13:41:00,CCGS LIMNOS,LAKE HURON,60,455611,-824527,82,28.50,2024-09-06 08:34:00,1639,998.00,.00,0.01000000,<,0,.010000,F-F,FLUORIDE,MG/L,45.93639,-82.75750
202402001,2025-03-04 13:41:00,CCGS LIMNOS,LAKE HURON,60,455611,-824527,82,28.50,2024-09-06 08:34:00,1639,999.00,.00,0.01000000,<,0,.010000,F-F,FLUORIDE,MG/L,45.93639,-82.75750
202402001,2025-03-04 13:41:00,CCGS LIMNOS,LAKE HURON,61,455811,-831154,77,78.00,2024-09-06 11:34:00,1639,1.00,.00,0.01000000,,0,.060000,F-F,FLUORIDE,MG/L,45.96972,-83.19833
202402001,2025-03-04 13:41:00,CCGS LIMNOS,LAKE HURON,62,455959,-832600,76,58.00,2024-09-06 13:08:00,1639,1.00,.00,0.01000000,,0,.060000,F-F,FLUORIDE,MG/L,45.99972,-83.43333
202402001,2025-03-04 13:41:00,CCGS LIMNOS,LAKE HURON,63,455405,-833105,60,25.00,2024-09-06 14:16:00,1639,1.00,.00,0.01000000,,0,.070000,F-F,FLUORIDE,MG/L,45.90139,-83.51806
202402001,2025-03-04 13:41:00,CCGS LIMNOS,LAKE HURON,64,455159,-831600,58,12.00,2024-09-06 16:39:00,1639,1.00,.00,0.01000000,,0,.060000,F-F,FLUORIDE,MG/L,45.86639,-83.26667
202402001,2025-03-04 13:41:00,CCGS LIMNOS,LAKE HURON,65,454600,-830141,59,18.00,2024-09-06 18:18:00,1639,1.00,.00,0.01000000,,0,.070000,F-F,FLUORIDE,MG/L,45.76667,-83.02806
202402001,2025-03-04 13:41:00,CCGS LIMNOS,LAKE HURON,65,454600,-830141,59,18.00,2024-09-06 18:18:00,1639,1.00,.00,0.01000000,,1,.070000,F-F,FLUORIDE,MG/L,45.76667,-83.02806
202402001,2025-03-04 13:41:00,CCGS LIMNOS,LAKE HURON,66,453905,-823852,52,66.00,2024-09-06 20:48:00,1639,1.00,.00,0.01000000,,0,.070000,F-F,FLUORIDE,MG/L,45.65139,-82.64778
202402001,2025-03-04 13:41:00,CCGS LIMNOS,LAKE HURON,67,453205,-820242,50,27.00,2024-09-07 00:19:00,1639,1.00,.00,0.01000000,,0,.070000,F-F,FLUORIDE,MG/L,45.53472,-82.04500
202402001,2025-03-04 13:41:00,CCGS LIMNOS,LAKE HURON,68,451316,-814909,42,42.00,2024-09-07 03:12:00,1639,1.00,.00,0.01000000,,0,.070000,F-F,FLUORIDE,MG/L,45.22111,-81.81917
202402001,2025-03-04 13:41:00,CCGS LIMNOS,LAKE HURON,1,430523,-822330,1,11.00,2024-08-26 18:44:00,1640,1.00,.00,0.01000000,,0,8.110000,CL-F,CHLORIDE,MG/L,43.08972,-82.39167
202402001,2025-03-04 13:41:00,CCGS LIMNOS,LAKE HURON,1,430523,-822330,1,11.00,2024-08-26 18:44:00,1640,9.00,.00,0.01000000,,0,8.060000,CL-F,CHLORIDE,MG/L,43.08972,-82.39167
202402001,2025-03-04 13:41:00,CCGS LIMNOS,LAKE HURON,2,432030,-823021,7,11.00,2024-08-26 20:43:00,1640,1.00,.00,0.01000000,,0,8.150000,CL-F,CHLORIDE,MG/L,43.34167,-82.50583
202402001,2025-03-04 13:41:00,CCGS LIMNOS,LAKE HURON,3,433402,-822907,8,30.00,2024-08-26 22:29:00,1640,1.00,.00,0.01000000,,0,8.090000,CL-F,CHLORIDE,MG/L,43.56722,-82.48528
202402001,2025-03-04 13:41:00,CCGS LIMNOS,LAKE HURON,4,433759,-821301,9,60.00,2024-08-27 00:08:00,1640,1.00,.00,0.01000000,,0,8.000000,CL-F,CHLORIDE,MG/L,43.63306,-82.21694
202402001,2025-03-04 13:41:00,CCGS LIMNOS,LAKE HURON,4,433759,-821301,9,60.00,2024-08-27 00:08:00,1640,23.00,.00,0.01000000,,0,7.990000,CL-F,CHLORIDE,MG/L,43.63306,-82.21694
202402001,2025-03-04 13:41:00,CCGS LIMNOS,LAKE HURON,4,433759,-821301,9,60.00,2024-08-27 00:08:00,1640,32.00,.00,0.01000000,,0,7.860000,CL-F,CHLORIDE,MG/L,43.63306,-82.21694
202402001,2025-03-04 13:41:00,CCGS LIMNOS,LAKE HURON,4,433759,-821301,9,60.00,2024-08-27 00:08:00,1640,41.00,.00,0.01000000,,0,7.800000,CL-F,CHLORIDE,MG/L,43.63306,-82.21694
202402001,2025-03-04 13:41:00,CCGS LIMNOS,LAKE HURON,4,433759,-821301,9,60.00,2024-08-27 00:08:00,1640,50.00,.00,0.01000000,,0,7.780000,CL-F,CHLORIDE,MG/L,43.63306,-82.21694
202402001,2025-03-04 13:41:00,CCGS LIMNOS,LAKE HURON,4,433759,-821301,9,60.00,2024-08-27 00:08:00,1640,58.00,.00,0.01000000,,0,7.750000,CL-F,CHLORIDE,MG/L,43.63306,-82.21694
202402001,2025-03-04 13:41:00,CCGS LIMNOS,LAKE HURON,5,434513,-823405,13,17.00,2024-08-27 03:04:00,1640,1.00,.00,0.01000000,,0,8.150000,CL-F,CHLORIDE,MG/L,43.75361,-82.56806
202402001,2025-03-04 13:41:00,CCGS LIMNOS,LAKE HURON,5,434513,-823405,13,17.00,2024-08-27 03:04:00,1640,1.00,.00,0.01000000,,1,8.140000,CL-F,CHLORIDE,MG/L,43.75361,-82.56806
202402001,2025-03-04 13:41:00,CCGS LIMNOS,LAKE HURON,6,435631,-824000,14,12.50,2024-08-27 04:44:00,1640,1.00,.00,0.01000000,,0,8.410000,CL-F,CHLORIDE,MG/L,43.94194,-82.66667
202402001,2025-03-04 13:41:00,CCGS LIMNOS,LAKE HURON,7,440600,-825159,17,15.00,2024-08-27 06:32:00,1640,1.00,.00,0.01000000,,0,8.780000,CL-F,CHLORIDE,MG/L,44.10000,-82.86639
202402001,2025-03-04 13:41:00,CCGS LIMNOS,LAKE HURON,7,440600,-825159,17,15.00,2024-08-27 06:32:00,1640,10.00,.00,0.01000000,,0,8.220000,CL-F,CHLORIDE,MG/L,44.10000,-82.86639
202402001,2025-03-04 13:41:00,CCGS LIMNOS,LAKE HURON,7,440600,-825159,17,15.00,2024-08-27 06:32:00,1640,13.00,.00,0.01000000,,0,8.200000,CL-F,CHLORIDE,MG/L,44.10000,-82.86639
202402001,2025-03-04 13:41:00,CCGS LIMNOS,LAKE HURON,8,440409,-830450,94,14.50,2024-08-27 07:55:00,1640,1.00,.00,0.01000000,,0,8.180000,CL-F,CHLORIDE,MG/L,44.06917,-83.08056
202402001,2025-03-04 13:41:00,CCGS LIMNOS,LAKE HURON,9,440735,-831014,96,30.00,2024-08-27 08:46:00,1640,1.00,.00,0.01000000,,0,8.040000,CL-F,CHLORIDE,MG/L,44.12639,-83.17056
202402001,2025-03-04 13:41:00,CCGS LIMNOS,LAKE HURON,10,440654,-833144,97,11.00,2024-08-27 10:47:00,1640,1.00,.00,0.01000000,,0,11.400000,CL-F,CHLORIDE,MG/L,44.11500,-83.52889
202402001,2025-03-04 13:41:00,CCGS LIMNOS,LAKE HURON,10,440654,-833144,97,11.00,2024-08-27 10:47:00,1640,998.00,.00,0.01000000,<,0,.010000,CL-F,CHLORIDE,MG/L,44.11500,-83.52889
202402001,2025-03-04 13:41:00,CCGS LIMNOS,LAKE HURON,10,440654,-833144,97,11.00,2024-08-27 10:47:00,1640,999.00,.00,0.01000000,<,0,.010000,CL-F,CHLORIDE,MG/L,44.11500,-83.52889
202402001,2025-03-04 13:41:00,CCGS LIMNOS,LAKE HURON,11,435834,-833430,98,11.00,2024-08-27 12:08:00,1640,1.00,.00,0.01000000,,0,15.000000,CL-F,CHLORIDE,MG/L,43.97611,-83.57500
202402001,2025-03-04 13:41:00,CCGS LIMNOS,LAKE HURON,12,434915,-833728,101,6.00,2024-08-27 13:32:00,1640,1.00,.00,0.01000000,,0,16.400000,CL-F,CHLORIDE,MG/L,43.82083,-83.62444
202402001,2025-03-04 13:41:00,CCGS LIMNOS,LAKE HURON,13,434930,-834901,100,7.00,2024-08-27 14:43:00,1640,.50,.00,0.01000000,,0,23.300000,CL-F,CHLORIDE,MG/L,43.82500,-83.81694
202402001,2025-03-04 13:41:00,CCGS LIMNOS,LAKE HURON,13,434930,-834901,100,7.00,2024-08-27 14:43:00,1640,1.00,.00,0.01000000,,0,23.400000,CL-F,CHLORIDE,MG/L,43.82500,-83.81694
202402001,2025-03-04 13:41:00,CCGS LIMNOS,LAKE HURON,13,434930,-834901,100,7.00,2024-08-27 14:43:00,1640,5.00,.00,0.01000000,,0,23.400000,CL-F,CHLORIDE,MG/L,43.82500,-83.81694
202402001,2025-03-04 13:41:00,CCGS LIMNOS,LAKE HURON,14,435430,-834427,99,7.00,2024-08-27 15:59:00,1640,1.00,.00,0.01000000,,0,19.700000,CL-F,CHLORIDE,MG/L,43.90833,-83.74083
202402001,2025-03-04 13:41:00,CCGS LIMNOS,LAKE HURON,15,441246,-832214,95,21.00,2024-08-27 19:10:00,1640,1.00,.00,0.01000000,,0,9.060000,CL-F,CHLORIDE,MG/L,44.21278,-83.37056
202402001,2025-03-04 13:41:00,CCGS LIMNOS,LAKE HURON,15,441246,-832214,95,21.00,2024-08-27 19:10:00,1640,1.00,.00,0.01000000,,1,9.040000,CL-F,CHLORIDE,MG/L,44.21278,-83.37056
202402001,2025-03-04 13:41:00,CCGS LIMNOS,LAKE HURON,15,441246,-832214,95,21.00,2024-08-27 19:10:00,1640,11.00,.00,0.01000000,,0,7.630000,CL-F,CHLORIDE,MG/L,44.21278,-83.37056
202402001,2025-03-04 13:41:00,CCGS LIMNOS,LAKE HURON,15,441246,-832214,95,21.00,2024-08-27 19:10:00,1640,19.00,.00,0.01000000,,0,7.740000,CL-F,CHLORIDE,MG/L,44.21278,-83.37056
202402001,2025-03-04 13:41:00,CCGS LIMNOS,LAKE HURON,16,442002,-831758,23,9.00,2024-08-27 20:21:00,1640,1.00,.00,0.01000000,,0,8.380000,CL-F,CHLORIDE,MG/L,44.33389,-83.29944
202402001,2025-03-04 13:41:00,CCGS LIMNOS,LAKE HURON,17,441303,-830501,20,47.00,2024-08-27 22:00:00,1640,1.00,.00,0.01000000,,0,7.580000,CL-F,CHLORIDE,MG/L,44.21750,-83.08361
202402001,2025-03-04 13:41:00,CCGS LIMNOS,LAKE HURON,18,431525,-820217,3,16.00,2024-08-28 06:31:00,1640,1.00,.00,0.01000000,,0,8.030000,CL-F,CHLORIDE,MG/L,43.25694,-82.03806
202402001,2025-03-04 13:41:00,CCGS LIMNOS,LAKE HURON,19,431930,-814717,4,10.00,2024-08-28 08:11:00,1640,1.00,.00,0.01000000,,0,8.080000,CL-F,CHLORIDE,MG/L,43.32500,-81.78806
202402001,2025-03-04 13:41:00,CCGS LIMNOS,LAKE HURON,20,433254,-814441,5,11.50,2024-08-28 09:54:00,1640,1.00,.00,0.01000000,,0,8.080000,CL-F,CHLORIDE,MG/L,43.54833,-81.74472
202402001,2025-03-04 13:41:00,CCGS LIMNOS,LAKE HURON,20,433254,-814441,5,11.50,2024-08-28 09:54:00,1640,998.00,.00,0.01000000,<,0,.010000,CL-F,CHLORIDE,MG/L,43.54833,-81.74472
202402001,2025-03-04 13:41:00,CCGS LIMNOS,LAKE HURON,20,433254,-814441,5,11.50,2024-08-28 09:54:00,1640,999.00,.00,0.01000000,<,0,.010000,CL-F,CHLORIDE,MG/L,43.54833,-81.74472
202402001,2025-03-04 13:41:00,CCGS LIMNOS,LAKE HURON,21,434512,-814652,10,12.50,2024-08-28 11:47:00,1640,1.00,.00,0.01000000,,0,8.050000,CL-F,CHLORIDE,MG/L,43.75333,-81.78111
202402001,2025-03-04 13:41:00,CCGS LIMNOS,LAKE HURON,22,435723,-814712,11,10.50,2024-08-28 22:01:00,1640,1.00,.00,0.01000000,,0,7.990000,CL-F,CHLORIDE,MG/L,43.95639,-81.78667
202402001,2025-03-04 13:41:00,CCGS LIMNOS,LAKE HURON,23,442159,-815000,29,123.00,2024-08-29 01:48:00,1640,1.00,.00,0.01000000,,0,7.730000,CL-F,CHLORIDE,MG/L,44.36639,-81.83333
202402001,2025-03-04 13:41:00,CCGS LIMNOS,LAKE HURON,23,442159,-815000,29,123.00,2024-08-29 01:48:00,1640,14.00,.00,0.01000000,,0,7.760000,CL-F,CHLORIDE,MG/L,44.36639,-81.83333
202402001,2025-03-04 13:41:00,CCGS LIMNOS,LAKE HURON,23,442159,-815000,29,123.00,2024-08-29 01:48:00,1640,24.00,.00,0.01000000,,0,7.740000,CL-F,CHLORIDE,MG/L,44.36639,-81.83333
202402001,2025-03-04 13:41:00,CCGS LIMNOS,LAKE HURON,23,442159,-815000,29,123.00,2024-08-29 01:48:00,1640,34.00,.00,0.01000000,,0,7.660000,CL-F,CHLORIDE,MG/L,44.36639,-81.83333
202402001,2025-03-04 13:41:00,CCGS LIMNOS,LAKE HURON,23,442159,-815000,29,123.00,2024-08-29 01:48:00,1640,113.00,.00,0.01000000,,0,7.670000,CL-F,CHLORIDE,MG/L,44.36639,-81.83333
202402001,2025-03-04 13:41:00,CCGS LIMNOS,LAKE HURON,23,442159,-815000,29,123.00,2024-08-29 01:48:00,1640,121.00,.00,0.01000000,,0,7.680000,CL-F,CHLORIDE,MG/L,44.36639,-81.83333
202402001,2025-03-04 13:41:00,CCGS LIMNOS,LAKE HURON,24,442759,-812712,30,21.50,2024-08-29 05:15:00,1640,1.00,.00,0.01000000,,0,7.800000,CL-F,CHLORIDE,MG/L,44.46639,-81.45333
202402001,2025-03-04 13:41:00,CCGS LIMNOS,LAKE HURON,25,443924,-812242,39,26.00,2024-08-29 06:59:00,1640,1.00,.00,0.01000000,,0,7.790000,CL-F,CHLORIDE,MG/L,44.65667,-81.37833
202402001,2025-03-04 13:41:00,CCGS LIMNOS,LAKE HURON,25,443924,-812242,39,26.00,2024-08-29 06:59:00,1640,1.00,.00,0.01000000,,1,7.790000,CL-F,CHLORIDE,MG/L,44.65667,-81.37833
202402001,2025-03-04 13:41:00,CCGS LIMNOS,LAKE HURON,26,445354,-812613,40,20.00,2024-08-29 09:31:00,1640,1.00,.00,0.01000000,,0,7.770000,CL-F,CHLORIDE,MG/L,44.89833,-81.43694
202402001,2025-03-04 13:41:00,CCGS LIMNOS,LAKE HURON,27,450459,-813212,41,22.50,2024-08-29 11:17:00,1640,1.00,.00,0.01000000,,0,7.700000,CL-F,CHLORIDE,MG/L,45.08306,-81.53667
202402001,2025-03-04 13:41:00,CCGS LIMNOS,LAKE HURON,28,450048,-820030,43,172.00,2024-08-29 14:43:00,1640,1.00,.00,0.01000000,,0,7.610000,CL-F,CHLORIDE,MG/L,45.01333,-82.00833
202402001,2025-03-04 13:41:00,CCGS LIMNOS,LAKE HURON,29,451642,-822707,48,110.00,2024-08-29 18:21:00,1640,1.00,.00,0.01000000,,0,7.490000,CL-F,CHLORIDE,MG/L,45.27833,-82.45194
202402001,2025-03-04 13:41:00,CCGS LIMNOS,LAKE HURON,30,450059,-824106,44,166.50,2024-08-29 21:09:00,1640,1.00,.00,0.01000000,,0,7.330000,CL-F,CHLORIDE,MG/L,45.01639,-82.68500
202402001,2025-03-04 13:41:00,CCGS LIMNOS,LAKE HURON,30,450059,-824106,44,166.50,2024-08-29 21:09:00,1640,14.00,.00,0.01000000,,0,7.150000,CL-F,CHLORIDE,MG/L,45.01639,-82.68500
202402001,2025-03-04 13:41:00,CCGS LIMNOS,LAKE HURON,30,450059,-824106,44,166.50,2024-08-29 21:09:00,1640,45.50,.00,0.01000000,,0,7.650000,CL-F,CHLORIDE,MG/L,45.01639,-82.68500
202402001,2025-03-04 13:41:00,CCGS LIMNOS,LAKE HURON,30,450059,-824106,44,166.50,2024-08-29 21:09:00,1640,77.00,.00,0.01000000,,0,7.670000,CL-F,CHLORIDE,MG/L,45.01639,-82.68500
202402001,2025-03-04 13:41:00,CCGS LIMNOS,LAKE HURON,30,450059,-824106,44,166.50,2024-08-29 21:09:00,1640,156.50,.00,0.01000000,,0,7.700000,CL-F,CHLORIDE,MG/L,45.01639,-82.68500
202402001,2025-03-04 13:41:00,CCGS LIMNOS,LAKE HURON,30,450059,-824106,44,166.50,2024-08-29 21:09:00,1640,164.50,.00,0.01000000,,0,7.700000,CL-F,CHLORIDE,MG/L,45.01639,-82.68500
202402001,2025-03-04 13:41:00,CCGS LIMNOS,LAKE HURON,30,450059,-824106,44,166.50,2024-08-29 21:09:00,1640,998.00,.00,0.01000000,<,0,.010000,CL-F,CHLORIDE,MG/L,45.01639,-82.68500
202402001,2025-03-04 13:41:00,CCGS LIMNOS,LAKE HURON,30,450059,-824106,44,166.50,2024-08-29 21:09:00,1640,999.00,.00,0.01000000,<,0,.010000,CL-F,CHLORIDE,MG/L,45.01639,-82.68500
202402001,2025-03-04 13:41:00,CCGS LIMNOS,LAKE HURON,31,444424,-820326,38,134.00,2024-08-30 01:46:00,1640,1.00,.00,0.01000000,,0,7.650000,CL-F,CHLORIDE,MG/L,44.74000,-82.05722
202402001,2025-03-04 13:41:00,CCGS LIMNOS,LAKE HURON,32,442712,-822030,32,83.00,2024-08-30 05:08:00,1640,1.00,.00,0.01000000,,0,7.700000,CL-F,CHLORIDE,MG/L,44.45333,-82.34167
202402001,2025-03-04 13:41:00,CCGS LIMNOS,LAKE HURON,33,435325,-820324,12,87.00,2024-08-30 10:38:00,1640,1.00,.00,0.01000000,,0,8.020000,CL-F,CHLORIDE,MG/L,43.89028,-82.05667
202402001,2025-03-04 13:41:00,CCGS LIMNOS,LAKE HURON,34,441154,-823011,27,55.00,2024-09-03 23:11:00,1640,1.00,.00,0.01000000,,0,7.810000,CL-F,CHLORIDE,MG/L,44.19833,-82.50306
202402001,2025-03-04 13:41:00,CCGS LIMNOS,LAKE HURON,35,443000,-825000,33,72.50,2024-09-04 02:23:00,1640,1.00,.00,0.01000000,,0,7.640000,CL-F,CHLORIDE,MG/L,44.50000,-82.83333
202402001,2025-03-04 13:41:00,CCGS LIMNOS,LAKE HURON,35,443000,-825000,33,72.50,2024-09-04 02:23:00,1640,1.00,.00,0.01000000,,1,7.630000,CL-F,CHLORIDE,MG/L,44.50000,-82.83333
202402001,2025-03-04 13:41:00,CCGS LIMNOS,LAKE HURON,36,443824,-831354,34,9.00,2024-09-04 05:09:00,1640,1.00,.00,0.01000000,,0,7.930000,CL-F,CHLORIDE,MG/L,44.64000,-83.23167
202402001,2025-03-04 13:41:00,CCGS LIMNOS,LAKE HURON,37,450224,-832241,36,9.00,2024-09-04 08:34:00,1640,1.00,.00,0.01000000,,0,7.740000,CL-F,CHLORIDE,MG/L,45.04000,-83.37806
202402001,2025-03-04 13:41:00,CCGS LIMNOS,LAKE HURON,37,450224,-832241,36,9.00,2024-09-04 08:34:00,1640,7.00,.00,0.01000000,,0,7.680000,CL-F,CHLORIDE,MG/L,45.04000,-83.37806
202402001,2025-03-04 13:41:00,CCGS LIMNOS,LAKE HURON,38,451516,-832044,47,23.50,2024-09-04 11:59:00,1640,1.00,.00,0.01000000,,0,7.530000,CL-F,CHLORIDE,MG/L,45.25444,-83.34556
202402001,2025-03-04 13:41:00,CCGS LIMNOS,LAKE HURON,39,453100,-832459,54,132.50,2024-09-04 15:02:00,1640,1.00,.00,0.01000000,,0,7.510000,CL-F,CHLORIDE,MG/L,45.51667,-83.41639
202402001,2025-03-04 13:41:00,CCGS LIMNOS,LAKE HURON,39,453100,-832459,54,132.50,2024-09-04 15:02:00,1640,11.00,.00,0.01000000,,0,7.510000,CL-F,CHLORIDE,MG/L,45.51667,-83.41639
202402001,2025-03-04 13:41:00,CCGS LIMNOS,LAKE HURON,39,453100,-832459,54,132.50,2024-09-04 15:02:00,1640,25.50,.00,0.01000000,,0,7.540000,CL-F,CHLORIDE,MG/L,45.51667,-83.41639
202402001,2025-03-04 13:41:00,CCGS LIMNOS,LAKE HURON,39,453100,-832459,54,132.50,2024-09-04 15:02:00,1640,40.00,.00,0.01000000,,0,7.550000,CL-F,CHLORIDE,MG/L,45.51667,-83.41639
202402001,2025-03-04 13:41:00,CCGS LIMNOS,LAKE HURON,39,453100,-832459,54,132.50,2024-09-04 15:02:00,1640,122.50,.00,0.01000000,,0,7.640000,CL-F,CHLORIDE,MG/L,45.51667,-83.41639
202402001,2025-03-04 13:41:00,CCGS LIMNOS,LAKE HURON,39,453100,-832459,54,132.50,2024-09-04 15:02:00,1640,130.50,.00,0.01000000,,0,7.620000,CL-F,CHLORIDE,MG/L,45.51667,-83.41639
202402001,2025-03-04 13:41:00,CCGS LIMNOS,LAKE HURON,40,452530,-833905,55,37.00,2024-09-04 17:32:00,1640,1.00,.00,0.01000000,,0,8.350000,CL-F,CHLORIDE,MG/L,45.42500,-83.65139
202402001,2025-03-04 13:41:00,CCGS LIMNOS,LAKE HURON,40,452530,-833905,55,37.00,2024-09-04 17:32:00,1640,998.00,.00,0.01000000,<,0,.010000,CL-F,CHLORIDE,MG/L,45.42500,-83.65139
202402001,2025-03-04 13:41:00,CCGS LIMNOS,LAKE HURON,40,452530,-833905,55,37.00,2024-09-04 17:32:00,1640,999.00,.00,0.01000000,<,0,.010000,CL-F,CHLORIDE,MG/L,45.42500,-83.65139
202402001,2025-03-04 13:41:00,CCGS LIMNOS,LAKE HURON,41,453059,-840500,56,22.50,2024-09-04 20:07:00,1640,1.00,.00,0.01000000,,0,8.440000,CL-F,CHLORIDE,MG/L,45.51639,-84.08333
202402001,2025-03-04 13:41:00,CCGS LIMNOS,LAKE HURON,42,454459,-835500,61,117.00,2024-09-04 22:19:00,1640,1.00,.00,0.01000000,,0,7.140000,CL-F,CHLORIDE,MG/L,45.74972,-83.91667
202402001,2025-03-04 13:41:00,CCGS LIMNOS,LAKE HURON,43,454029,-841112,62,44.00,2024-09-05 00:10:00,1640,1.00,.00,0.01000000,,0,8.190000,CL-F,CHLORIDE,MG/L,45.67472,-84.18667
202402001,2025-03-04 13:41:00,CCGS LIMNOS,LAKE HURON,44,454212,-843041,63,15.00,2024-09-05 02:25:00,1640,1.00,.00,0.01000000,,0,8.980000,CL-F,CHLORIDE,MG/L,45.70333,-84.51139
202402001,2025-03-04 13:41:00,CCGS LIMNOS,LAKE HURON,45,454848,-844519,64,36.00,2024-09-05 04:05:00,1640,1.00,.00,0.01000000,,0,11.900000,CL-F,CHLORIDE,MG/L,45.81333,-84.75528
202402001,2025-03-04 13:41:00,CCGS LIMNOS,LAKE HURON,45,454848,-844519,64,36.00,2024-09-05 04:05:00,1640,1.00,.00,0.01000000,,1,11.900000,CL-F,CHLORIDE,MG/L,45.81333,-84.75528
202402001,2025-03-04 13:41:00,CCGS LIMNOS,LAKE HURON,45,454848,-844519,64,36.00,2024-09-05 04:05:00,1640,16.00,.00,0.01000000,,0,9.680000,CL-F,CHLORIDE,MG/L,45.81333,-84.75528
202402001,2025-03-04 13:41:00,CCGS LIMNOS,LAKE HURON,45,454848,-844519,64,36.00,2024-09-05 04:05:00,1640,24.50,.00,0.01000000,,0,8.880000,CL-F,CHLORIDE,MG/L,45.81333,-84.75528
202402001,2025-03-04 13:41:00,CCGS LIMNOS,LAKE HURON,45,454848,-844519,64,36.00,2024-09-05 04:05:00,1640,26.00,.00,0.01000000,,0,8.560000,CL-F,CHLORIDE,MG/L,45.81333,-84.75528
202402001,2025-03-04 13:41:00,CCGS LIMNOS,LAKE HURON,45,454848,-844519,64,36.00,2024-09-05 04:05:00,1640,33.00,.00,0.01000000,,0,8.830000,CL-F,CHLORIDE,MG/L,45.81333,-84.75528
202402001,2025-03-04 13:41:00,CCGS LIMNOS,LAKE HURON,46,455043,-843400,65,58.50,2024-09-05 05:27:00,1640,1.00,.00,0.01000000,,0,8.640000,CL-F,CHLORIDE,MG/L,45.84528,-84.56667
202402001,2025-03-04 13:41:00,CCGS LIMNOS,LAKE HURON,47,455149,-841741,66,69.00,2024-09-05 07:08:00,1640,1.00,.00,0.01000000,,0,7.450000,CL-F,CHLORIDE,MG/L,45.86361,-84.29472
202402001,2025-03-04 13:41:00,CCGS LIMNOS,LAKE HURON,48,455606,-835359,67,31.00,2024-09-05 09:35:00,1640,1.00,.00,0.01000000,,0,6.890000,CL-F,CHLORIDE,MG/L,45.93500,-83.89972
202402001,2025-03-04 13:41:00,CCGS LIMNOS,LAKE HURON,49,460442,-840141,69,10.00,2024-09-05 11:24:00,1640,1.00,.00,0.01000000,,0,1.980000,CL-F,CHLORIDE,MG/L,46.07833,-84.02806
202402001,2025-03-04 13:41:00,CCGS LIMNOS,LAKE HURON,49,460442,-840141,69,10.00,2024-09-05 11:24:00,1640,8.00,.00,0.01000000,,0,2.100000,CL-F,CHLORIDE,MG/L,46.07833,-84.02806
202402001,2025-03-04 13:41:00,CCGS LIMNOS,LAKE HURON,50,460230,-835112,68,17.00,2024-09-05 12:44:00,1640,1.00,.00,0.01000000,,0,2.840000,CL-F,CHLORIDE,MG/L,46.04167,-83.85333
202402001,2025-03-04 13:41:00,CCGS LIMNOS,LAKE HURON,50,460230,-835112,68,17.00,2024-09-05 12:44:00,1640,998.00,.00,0.01000000,<,0,.010000,CL-F,CHLORIDE,MG/L,46.04167,-83.85333
202402001,2025-03-04 13:41:00,CCGS LIMNOS,LAKE HURON,50,460230,-835112,68,17.00,2024-09-05 12:44:00,1640,999.00,.00,0.01000000,<,0,.010000,CL-F,CHLORIDE,MG/L,46.04167,-83.85333
202402001,2025-03-04 13:41:00,CCGS LIMNOS,LAKE HURON,51,460812,-834018,70,22.00,2024-09-05 14:24:00,1640,1.00,.00,0.01000000,,0,5.060000,CL-F,CHLORIDE,MG/L,46.13667,-83.67167
202402001,2025-03-04 13:41:00,CCGS LIMNOS,LAKE HURON,52,461400,-834447,71,34.00,2024-09-05 15:25:00,1640,1.00,.00,0.01000000,,0,4.350000,CL-F,CHLORIDE,MG/L,46.23333,-83.74639
202402001,2025-03-04 13:41:00,CCGS LIMNOS,LAKE HURON,52,461400,-834447,71,34.00,2024-09-05 15:25:00,1640,3.00,.00,0.01000000,,0,5.460000,CL-F,CHLORIDE,MG/L,46.23333,-83.74639
202402001,2025-03-04 13:41:00,CCGS LIMNOS,LAKE HURON,52,461400,-834447,71,34.00,2024-09-05 15:25:00,1640,9.50,.00,0.01000000,,0,6.360000,CL-F,CHLORIDE,MG/L,46.23333,-83.74639
202402001,2025-03-04 13:41:00,CCGS LIMNOS,LAKE HURON,52,461400,-834447,71,34.00,2024-09-05 15:25:00,1640,16.00,.00,0.01000000,,0,6.670000,CL-F,CHLORIDE,MG/L,46.23333,-83.74639
202402001,2025-03-04 13:41:00,CCGS LIMNOS,LAKE HURON,52,461400,-834447,71,34.00,2024-09-05 15:25:00,1640,32.00,.00,0.01000000,,0,6.700000,CL-F,CHLORIDE,MG/L,46.23333,-83.74639
202402001,2025-03-04 13:41:00,CCGS LIMNOS,LAKE HURON,53,461112,-832117,73,19.00,2024-09-05 17:38:00,1640,1.00,.00,0.01000000,,0,4.930000,CL-F,CHLORIDE,MG/L,46.18667,-83.35472
202402001,2025-03-04 13:41:00,CCGS LIMNOS,LAKE HURON,54,460724,-825309,79,26.00,2024-09-05 20:17:00,1640,1.00,.00,0.01000000,,0,6.370000,CL-F,CHLORIDE,MG/L,46.12333,-82.88583
202402001,2025-03-04 13:41:00,CCGS LIMNOS,LAKE HURON,54,460724,-825309,79,26.00,2024-09-05 20:17:00,1640,10.00,.00,0.01000000,,0,6.360000,CL-F,CHLORIDE,MG/L,46.12333,-82.88583
202402001,2025-03-04 13:41:00,CCGS LIMNOS,LAKE HURON,54,460724,-825309,79,26.00,2024-09-05 20:17:00,1640,24.00,.00,0.01000000,,0,6.540000,CL-F,CHLORIDE,MG/L,46.12333,-82.88583
202402001,2025-03-04 13:41:00,CCGS LIMNOS,LAKE HURON,55,460530,-823324,84,36.00,2024-09-05 22:18:00,1640,1.00,.00,0.01000000,,0,6.360000,CL-F,CHLORIDE,MG/L,46.09167,-82.55667
202402001,2025-03-04 13:41:00,CCGS LIMNOS,LAKE HURON,55,460530,-823324,84,36.00,2024-09-05 22:18:00,1640,1.00,.00,0.01000000,,1,6.360000,CL-F,CHLORIDE,MG/L,46.09167,-82.55667
202402001,2025-03-04 13:41:00,CCGS LIMNOS,LAKE HURON,55,460530,-823324,84,36.00,2024-09-05 22:18:00,1640,7.00,.00,0.01000000,,0,6.280000,CL-F,CHLORIDE,MG/L,46.09167,-82.55667
202402001,2025-03-04 13:41:00,CCGS LIMNOS,LAKE HURON,55,460530,-823324,84,36.00,2024-09-05 22:18:00,1640,20.50,.00,0.01000000,,0,6.470000,CL-F,CHLORIDE,MG/L,46.09167,-82.55667
202402001,2025-03-04 13:41:00,CCGS LIMNOS,LAKE HURON,55,460530,-823324,84,36.00,2024-09-05 22:18:00,1640,26.00,.00,0.01000000,,0,6.560000,CL-F,CHLORIDE,MG/L,46.09167,-82.55667
202402001,2025-03-04 13:41:00,CCGS LIMNOS,LAKE HURON,55,460530,-823324,84,36.00,2024-09-05 22:18:00,1640,34.00,.00,0.01000000,,0,6.700000,CL-F,CHLORIDE,MG/L,46.09167,-82.55667
202402001,2025-03-04 13:41:00,CCGS LIMNOS,LAKE HURON,56,460340,-821149,87,35.00,2024-09-06 00:45:00,1640,1.00,.00,0.01000000,,0,6.370000,CL-F,CHLORIDE,MG/L,46.06111,-82.19694
202402001,2025-03-04 13:41:00,CCGS LIMNOS,LAKE HURON,57,460320,-815959,88,36.00,2024-09-06 02:07:00,1640,1.00,.00,0.01000000,,0,6.280000,CL-F,CHLORIDE,MG/L,46.05556,-81.99972
202402001,2025-03-04 13:41:00,CCGS LIMNOS,LAKE HURON,58,455459,-820940,89,39.00,2024-09-06 03:48:00,1640,1.00,.00,0.01000000,,0,6.300000,CL-F,CHLORIDE,MG/L,45.91639,-82.16111
202402001,2025-03-04 13:41:00,CCGS LIMNOS,LAKE HURON,59,460000,-823258,83,31.00,2024-09-06 07:05:00,1640,1.00,.00,0.01000000,,0,6.220000,CL-F,CHLORIDE,MG/L,46.00000,-82.54944
202402001,2025-03-04 13:41:00,CCGS LIMNOS,LAKE HURON,60,455611,-824527,82,28.50,2024-09-06 08:34:00,1640,1.00,.00,0.01000000,,0,6.270000,CL-F,CHLORIDE,MG/L,45.93639,-82.75750
202402001,2025-03-04 13:41:00,CCGS LIMNOS,LAKE HURON,60,455611,-824527,82,28.50,2024-09-06 08:34:00,1640,998.00,.00,0.01000000,<,0,.010000,CL-F,CHLORIDE,MG/L,45.93639,-82.75750
202402001,2025-03-04 13:41:00,CCGS LIMNOS,LAKE HURON,60,455611,-824527,82,28.50,2024-09-06 08:34:00,1640,999.00,.00,0.01000000,<,0,.010000,CL-F,CHLORIDE,MG/L,45.93639,-82.75750
202402001,2025-03-04 13:41:00,CCGS LIMNOS,LAKE HURON,61,455811,-831154,77,78.00,2024-09-06 11:34:00,1640,1.00,.00,0.01000000,,0,5.880000,CL-F,CHLORIDE,MG/L,45.96972,-83.19833
202402001,2025-03-04 13:41:00,CCGS LIMNOS,LAKE HURON,62,455959,-832600,76,58.00,2024-09-06 13:08:00,1640,1.00,.00,0.01000000,,0,5.800000,CL-F,CHLORIDE,MG/L,45.99972,-83.43333
202402001,2025-03-04 13:41:00,CCGS LIMNOS,LAKE HURON,63,455405,-833105,60,25.00,2024-09-06 14:16:00,1640,1.00,.00,0.01000000,,0,7.290000,CL-F,CHLORIDE,MG/L,45.90139,-83.51806
202402001,2025-03-04 13:41:00,CCGS LIMNOS,LAKE HURON,64,455159,-831600,58,12.00,2024-09-06 16:39:00,1640,1.00,.00,0.01000000,,0,6.160000,CL-F,CHLORIDE,MG/L,45.86639,-83.26667
202402001,2025-03-04 13:41:00,CCGS LIMNOS,LAKE HURON,65,454600,-830141,59,18.00,2024-09-06 18:18:00,1640,1.00,.00,0.01000000,,0,6.910000,CL-F,CHLORIDE,MG/L,45.76667,-83.02806
202402001,2025-03-04 13:41:00,CCGS LIMNOS,LAKE HURON,65,454600,-830141,59,18.00,2024-09-06 18:18:00,1640,1.00,.00,0.01000000,,1,6.890000,CL-F,CHLORIDE,MG/L,45.76667,-83.02806
202402001,2025-03-04 13:41:00,CCGS LIMNOS,LAKE HURON,66,453905,-823852,52,66.00,2024-09-06 20:48:00,1640,1.00,.00,0.01000000,,0,7.460000,CL-F,CHLORIDE,MG/L,45.65139,-82.64778
202402001,2025-03-04 13:41:00,CCGS LIMNOS,LAKE HURON,67,453205,-820242,50,27.00,2024-09-07 00:19:00,1640,1.00,.00,0.01000000,,0,7.640000,CL-F,CHLORIDE,MG/L,45.53472,-82.04500
202402001,2025-03-04 13:41:00,CCGS LIMNOS,LAKE HURON,68,451316,-814909,42,42.00,2024-09-07 03:12:00,1640,1.00,.00,0.01000000,,0,7.700000,CL-F,CHLORIDE,MG/L,45.22111,-81.81917
202402001,2025-03-04 13:41:00,CCGS LIMNOS,LAKE HURON,1,430523,-822330,1,11.00,2024-08-26 18:44:00,1641,1.00,.00,0.01000000,,0,15.000000,SO4-F,SULPHATE,MG/L,43.08972,-82.39167
202402001,2025-03-04 13:41:00,CCGS LIMNOS,LAKE HURON,1,430523,-822330,1,11.00,2024-08-26 18:44:00,1641,9.00,.00,0.01000000,,0,14.900000,SO4-F,SULPHATE,MG/L,43.08972,-82.39167
202402001,2025-03-04 13:41:00,CCGS LIMNOS,LAKE HURON,2,432030,-823021,7,11.00,2024-08-26 20:43:00,1641,1.00,.00,0.01000000,,0,15.100000,SO4-F,SULPHATE,MG/L,43.34167,-82.50583
202402001,2025-03-04 13:41:00,CCGS LIMNOS,LAKE HURON,3,433402,-822907,8,30.00,2024-08-26 22:29:00,1641,1.00,.00,0.01000000,,0,15.000000,SO4-F,SULPHATE,MG/L,43.56722,-82.48528
202402001,2025-03-04 13:41:00,CCGS LIMNOS,LAKE HURON,4,433759,-821301,9,60.00,2024-08-27 00:08:00,1641,1.00,.00,0.01000000,,0,14.900000,SO4-F,SULPHATE,MG/L,43.63306,-82.21694
202402001,2025-03-04 13:41:00,CCGS LIMNOS,LAKE HURON,4,433759,-821301,9,60.00,2024-08-27 00:08:00,1641,23.00,.00,0.01000000,,0,15.100000,SO4-F,SULPHATE,MG/L,43.63306,-82.21694
202402001,2025-03-04 13:41:00,CCGS LIMNOS,LAKE HURON,4,433759,-821301,9,60.00,2024-08-27 00:08:00,1641,32.00,.00,0.01000000,,0,14.900000,SO4-F,SULPHATE,MG/L,43.63306,-82.21694
202402001,2025-03-04 13:41:00,CCGS LIMNOS,LAKE HURON,4,433759,-821301,9,60.00,2024-08-27 00:08:00,1641,41.00,.00,0.01000000,,0,14.900000,SO4-F,SULPHATE,MG/L,43.63306,-82.21694
202402001,2025-03-04 13:41:00,CCGS LIMNOS,LAKE HURON,4,433759,-821301,9,60.00,2024-08-27 00:08:00,1641,50.00,.00,0.01000000,,0,14.900000,SO4-F,SULPHATE,MG/L,43.63306,-82.21694
202402001,2025-03-04 13:41:00,CCGS LIMNOS,LAKE HURON,4,433759,-821301,9,60.00,2024-08-27 00:08:00,1641,58.00,.00,0.01000000,,0,14.800000,SO4-F,SULPHATE,MG/L,43.63306,-82.21694
202402001,2025-03-04 13:41:00,CCGS LIMNOS,LAKE HURON,5,434513,-823405,13,17.00,2024-08-27 03:04:00,1641,1.00,.00,0.01000000,,0,15.100000,SO4-F,SULPHATE,MG/L,43.75361,-82.56806
202402001,2025-03-04 13:41:00,CCGS LIMNOS,LAKE HURON,5,434513,-823405,13,17.00,2024-08-27 03:04:00,1641,1.00,.00,0.01000000,,1,15.100000,SO4-F,SULPHATE,MG/L,43.75361,-82.56806
202402001,2025-03-04 13:41:00,CCGS LIMNOS,LAKE HURON,6,435631,-824000,14,12.50,2024-08-27 04:44:00,1641,1.00,.00,0.01000000,,0,15.000000,SO4-F,SULPHATE,MG/L,43.94194,-82.66667
202402001,2025-03-04 13:41:00,CCGS LIMNOS,LAKE HURON,7,440600,-825159,17,15.00,2024-08-27 06:32:00,1641,1.00,.00,0.01000000,,0,15.200000,SO4-F,SULPHATE,MG/L,44.10000,-82.86639
202402001,2025-03-04 13:41:00,CCGS LIMNOS,LAKE HURON,7,440600,-825159,17,15.00,2024-08-27 06:32:00,1641,10.00,.00,0.01000000,,0,14.900000,SO4-F,SULPHATE,MG/L,44.10000,-82.86639
202402001,2025-03-04 13:41:00,CCGS LIMNOS,LAKE HURON,7,440600,-825159,17,15.00,2024-08-27 06:32:00,1641,13.00,.00,0.01000000,,0,14.900000,SO4-F,SULPHATE,MG/L,44.10000,-82.86639
202402001,2025-03-04 13:41:00,CCGS LIMNOS,LAKE HURON,8,440409,-830450,94,14.50,2024-08-27 07:55:00,1641,1.00,.00,0.01000000,,0,14.900000,SO4-F,SULPHATE,MG/L,44.06917,-83.08056
202402001,2025-03-04 13:41:00,CCGS LIMNOS,LAKE HURON,9,440735,-831014,96,30.00,2024-08-27 08:46:00,1641,1.00,.00,0.01000000,,0,14.800000,SO4-F,SULPHATE,MG/L,44.12639,-83.17056
202402001,2025-03-04 13:41:00,CCGS LIMNOS,LAKE HURON,10,440654,-833144,97,11.00,2024-08-27 10:47:00,1641,1.00,.00,0.01000000,,0,16.200000,SO4-F,SULPHATE,MG/L,44.11500,-83.52889
202402001,2025-03-04 13:41:00,CCGS LIMNOS,LAKE HURON,10,440654,-833144,97,11.00,2024-08-27 10:47:00,1641,998.00,.00,0.01000000,<,0,.010000,SO4-F,SULPHATE,MG/L,44.11500,-83.52889
202402001,2025-03-04 13:41:00,CCGS LIMNOS,LAKE HURON,10,440654,-833144,97,11.00,2024-08-27 10:47:00,1641,999.00,.00,0.01000000,<,0,.010000,SO4-F,SULPHATE,MG/L,44.11500,-83.52889
202402001,2025-03-04 13:41:00,CCGS LIMNOS,LAKE HURON,11,435834,-833430,98,11.00,2024-08-27 12:08:00,1641,1.00,.00,0.01000000,,0,17.400000,SO4-F,SULPHATE,MG/L,43.97611,-83.57500
202402001,2025-03-04 13:41:00,CCGS LIMNOS,LAKE HURON,12,434915,-833728,101,6.00,2024-08-27 13:32:00,1641,1.00,.00,0.01000000,,0,17.800000,SO4-F,SULPHATE,MG/L,43.82083,-83.62444
202402001,2025-03-04 13:41:00,CCGS LIMNOS,LAKE HURON,13,434930,-834901,100,7.00,2024-08-27 14:43:00,1641,.50,.00,0.01000000,,0,19.100000,SO4-F,SULPHATE,MG/L,43.82500,-83.81694
202402001,2025-03-04 13:41:00,CCGS LIMNOS,LAKE HURON,13,434930,-834901,100,7.00,2024-08-27 14:43:00,1641,1.00,.00,0.01000000,,0,19.200000,SO4-F,SULPHATE,MG/L,43.82500,-83.81694
202402001,2025-03-04 13:41:00,CCGS LIMNOS,LAKE HURON,13,434930,-834901,100,7.00,2024-08-27 14:43:00,1641,5.00,.00,0.01000000,,0,19.100000,SO4-F,SULPHATE,MG/L,43.82500,-83.81694
202402001,2025-03-04 13:41:00,CCGS LIMNOS,LAKE HURON,14,435430,-834427,99,7.00,2024-08-27 15:59:00,1641,1.00,.00,0.01000000,,0,18.600000,SO4-F,SULPHATE,MG/L,43.90833,-83.74083
202402001,2025-03-04 13:41:00,CCGS LIMNOS,LAKE HURON,15,441246,-832214,95,21.00,2024-08-27 19:10:00,1641,1.00,.00,0.01000000,,0,15.300000,SO4-F,SULPHATE,MG/L,44.21278,-83.37056
202402001,2025-03-04 13:41:00,CCGS LIMNOS,LAKE HURON,15,441246,-832214,95,21.00,2024-08-27 19:10:00,1641,1.00,.00,0.01000000,,1,15.300000,SO4-F,SULPHATE,MG/L,44.21278,-83.37056
202402001,2025-03-04 13:41:00,CCGS LIMNOS,LAKE HURON,15,441246,-832214,95,21.00,2024-08-27 19:10:00,1641,11.00,.00,0.01000000,,0,14.600000,SO4-F,SULPHATE,MG/L,44.21278,-83.37056
202402001,2025-03-04 13:41:00,CCGS LIMNOS,LAKE HURON,15,441246,-832214,95,21.00,2024-08-27 19:10:00,1641,19.00,.00,0.01000000,,0,14.700000,SO4-F,SULPHATE,MG/L,44.21278,-83.37056
202402001,2025-03-04 13:41:00,CCGS LIMNOS,LAKE HURON,16,442002,-831758,23,9.00,2024-08-27 20:21:00,1641,1.00,.00,0.01000000,,0,15.000000,SO4-F,SULPHATE,MG/L,44.33389,-83.29944
202402001,2025-03-04 13:41:00,CCGS LIMNOS,LAKE HURON,17,441303,-830501,20,47.00,2024-08-27 22:00:00,1641,1.00,.00,0.01000000,,0,14.500000,SO4-F,SULPHATE,MG/L,44.21750,-83.08361
202402001,2025-03-04 13:41:00,CCGS LIMNOS,LAKE HURON,18,431525,-820217,3,16.00,2024-08-28 06:31:00,1641,1.00,.00,0.01000000,,0,15.400000,SO4-F,SULPHATE,MG/L,43.25694,-82.03806
202402001,2025-03-04 13:41:00,CCGS LIMNOS,LAKE HURON,19,431930,-814717,4,10.00,2024-08-28 08:11:00,1641,1.00,.00,0.01000000,,0,15.700000,SO4-F,SULPHATE,MG/L,43.32500,-81.78806
202402001,2025-03-04 13:41:00,CCGS LIMNOS,LAKE HURON,20,433254,-814441,5,11.50,2024-08-28 09:54:00,1641,1.00,.00,0.01000000,,0,15.400000,SO4-F,SULPHATE,MG/L,43.54833,-81.74472
202402001,2025-03-04 13:41:00,CCGS LIMNOS,LAKE HURON,20,433254,-814441,5,11.50,2024-08-28 09:54:00,1641,998.00,.00,0.01000000,<,0,.010000,SO4-F,SULPHATE,MG/L,43.54833,-81.74472
202402001,2025-03-04 13:41:00,CCGS LIMNOS,LAKE HURON,20,433254,-814441,5,11.50,2024-08-28 09:54:00,1641,999.00,.00,0.01000000,<,0,.010000,SO4-F,SULPHATE,MG/L,43.54833,-81.74472
202402001,2025-03-04 13:41:00,CCGS LIMNOS,LAKE HURON,21,434512,-814652,10,12.50,2024-08-28 11:47:00,1641,1.00,.00,0.01000000,,0,15.200000,SO4-F,SULPHATE,MG/L,43.75333,-81.78111
202402001,2025-03-04 13:41:00,CCGS LIMNOS,LAKE HURON,22,435723,-814712,11,10.50,2024-08-28 22:01:00,1641,1.00,.00,0.01000000,,0,15.100000,SO4-F,SULPHATE,MG/L,43.95639,-81.78667
202402001,2025-03-04 13:41:00,CCGS LIMNOS,LAKE HURON,23,442159,-815000,29,123.00,2024-08-29 01:48:00,1641,1.00,.00,0.01000000,,0,14.900000,SO4-F,SULPHATE,MG/L,44.36639,-81.83333
202402001,2025-03-04 13:41:00,CCGS LIMNOS,LAKE HURON,23,442159,-815000,29,123.00,2024-08-29 01:48:00,1641,14.00,.00,0.01000000,,0,14.900000,SO4-F,SULPHATE,MG/L,44.36639,-81.83333
202402001,2025-03-04 13:41:00,CCGS LIMNOS,LAKE HURON,23,442159,-815000,29,123.00,2024-08-29 01:48:00,1641,24.00,.00,0.01000000,,0,14.900000,SO4-F,SULPHATE,MG/L,44.36639,-81.83333
202402001,2025-03-04 13:41:00,CCGS LIMNOS,LAKE HURON,23,442159,-815000,29,123.00,2024-08-29 01:48:00,1641,34.00,.00,0.01000000,,0,14.800000,SO4-F,SULPHATE,MG/L,44.36639,-81.83333
202402001,2025-03-04 13:41:00,CCGS LIMNOS,LAKE HURON,23,442159,-815000,29,123.00,2024-08-29 01:48:00,1641,113.00,.00,0.01000000,,0,15.000000,SO4-F,SULPHATE,MG/L,44.36639,-81.83333
202402001,2025-03-04 13:41:00,CCGS LIMNOS,LAKE HURON,23,442159,-815000,29,123.00,2024-08-29 01:48:00,1641,121.00,.00,0.01000000,,0,15.000000,SO4-F,SULPHATE,MG/L,44.36639,-81.83333
202402001,2025-03-04 13:41:00,CCGS LIMNOS,LAKE HURON,24,442759,-812712,30,21.50,2024-08-29 05:15:00,1641,1.00,.00,0.01000000,,0,15.000000,SO4-F,SULPHATE,MG/L,44.46639,-81.45333
202402001,2025-03-04 13:41:00,CCGS LIMNOS,LAKE HURON,25,443924,-812242,39,26.00,2024-08-29 06:59:00,1641,1.00,.00,0.01000000,,0,15.000000,SO4-F,SULPHATE,MG/L,44.65667,-81.37833
202402001,2025-03-04 13:41:00,CCGS LIMNOS,LAKE HURON,25,443924,-812242,39,26.00,2024-08-29 06:59:00,1641,1.00,.00,0.01000000,,1,15.000000,SO4-F,SULPHATE,MG/L,44.65667,-81.37833
202402001,2025-03-04 13:41:00,CCGS LIMNOS,LAKE HURON,26,445354,-812613,40,20.00,2024-08-29 09:31:00,1641,1.00,.00,0.01000000,,0,14.900000,SO4-F,SULPHATE,MG/L,44.89833,-81.43694
202402001,2025-03-04 13:41:00,CCGS LIMNOS,LAKE HURON,27,450459,-813212,41,22.50,2024-08-29 11:17:00,1641,1.00,.00,0.01000000,,0,14.700000,SO4-F,SULPHATE,MG/L,45.08306,-81.53667
202402001,2025-03-04 13:41:00,CCGS LIMNOS,LAKE HURON,28,450048,-820030,43,172.00,2024-08-29 14:43:00,1641,1.00,.00,0.01000000,,0,14.600000,SO4-F,SULPHATE,MG/L,45.01333,-82.00833
202402001,2025-03-04 13:41:00,CCGS LIMNOS,LAKE HURON,29,451642,-822707,48,110.00,2024-08-29 18:21:00,1641,1.00,.00,0.01000000,,0,14.300000,SO4-F,SULPHATE,MG/L,45.27833,-82.45194
202402001,2025-03-04 13:41:00,CCGS LIMNOS,LAKE HURON,30,450059,-824106,44,166.50,2024-08-29 21:09:00,1641,1.00,.00,0.01000000,,0,14.000000,SO4-F,SULPHATE,MG/L,45.01639,-82.68500
202402001,2025-03-04 13:41:00,CCGS LIMNOS,LAKE HURON,30,450059,-824106,44,166.50,2024-08-29 21:09:00,1641,14.00,.00,0.01000000,,0,13.600000,SO4-F,SULPHATE,MG/L,45.01639,-82.68500
202402001,2025-03-04 13:41:00,CCGS LIMNOS,LAKE HURON,30,450059,-824106,44,166.50,2024-08-29 21:09:00,1641,45.50,.00,0.01000000,,0,14.800000,SO4-F,SULPHATE,MG/L,45.01639,-82.68500
202402001,2025-03-04 13:41:00,CCGS LIMNOS,LAKE HURON,30,450059,-824106,44,166.50,2024-08-29 21:09:00,1641,77.00,.00,0.01000000,,0,14.900000,SO4-F,SULPHATE,MG/L,45.01639,-82.68500
202402001,2025-03-04 13:41:00,CCGS LIMNOS,LAKE HURON,30,450059,-824106,44,166.50,2024-08-29 21:09:00,1641,156.50,.00,0.01000000,,0,14.900000,SO4-F,SULPHATE,MG/L,45.01639,-82.68500
202402001,2025-03-04 13:41:00,CCGS LIMNOS,LAKE HURON,30,450059,-824106,44,166.50,2024-08-29 21:09:00,1641,164.50,.00,0.01000000,,0,14.900000,SO4-F,SULPHATE,MG/L,45.01639,-82.68500
202402001,2025-03-04 13:41:00,CCGS LIMNOS,LAKE HURON,30,450059,-824106,44,166.50,2024-08-29 21:09:00,1641,998.00,.00,0.01000000,<,0,.010000,SO4-F,SULPHATE,MG/L,45.01639,-82.68500
202402001,2025-03-04 13:41:00,CCGS LIMNOS,LAKE HURON,30,450059,-824106,44,166.50,2024-08-29 21:09:00,1641,999.00,.00,0.01000000,<,0,.010000,SO4-F,SULPHATE,MG/L,45.01639,-82.68500
202402001,2025-03-04 13:41:00,CCGS LIMNOS,LAKE HURON,31,444424,-820326,38,134.00,2024-08-30 01:46:00,1641,1.00,.00,0.01000000,,0,14.800000,SO4-F,SULPHATE,MG/L,44.74000,-82.05722
202402001,2025-03-04 13:41:00,CCGS LIMNOS,LAKE HURON,32,442712,-822030,32,83.00,2024-08-30 05:08:00,1641,1.00,.00,0.01000000,,0,14.800000,SO4-F,SULPHATE,MG/L,44.45333,-82.34167
202402001,2025-03-04 13:41:00,CCGS LIMNOS,LAKE HURON,33,435325,-820324,12,87.00,2024-08-30 10:38:00,1641,1.00,.00,0.01000000,,0,15.100000,SO4-F,SULPHATE,MG/L,43.89028,-82.05667
202402001,2025-03-04 13:41:00,CCGS LIMNOS,LAKE HURON,34,441154,-823011,27,55.00,2024-09-03 23:11:00,1641,1.00,.00,0.01000000,,0,14.800000,SO4-F,SULPHATE,MG/L,44.19833,-82.50306
202402001,2025-03-04 13:41:00,CCGS LIMNOS,LAKE HURON,35,443000,-825000,33,72.50,2024-09-04 02:23:00,1641,1.00,.00,0.01000000,,0,14.600000,SO4-F,SULPHATE,MG/L,44.50000,-82.83333
202402001,2025-03-04 13:41:00,CCGS LIMNOS,LAKE HURON,35,443000,-825000,33,72.50,2024-09-04 02:23:00,1641,1.00,.00,0.01000000,,1,14.600000,SO4-F,SULPHATE,MG/L,44.50000,-82.83333
202402001,2025-03-04 13:41:00,CCGS LIMNOS,LAKE HURON,36,443824,-831354,34,9.00,2024-09-04 05:09:00,1641,1.00,.00,0.01000000,,0,14.700000,SO4-F,SULPHATE,MG/L,44.64000,-83.23167
202402001,2025-03-04 13:41:00,CCGS LIMNOS,LAKE HURON,37,450224,-832241,36,9.00,2024-09-04 08:34:00,1641,1.00,.00,0.01000000,,0,14.600000,SO4-F,SULPHATE,MG/L,45.04000,-83.37806
202402001,2025-03-04 13:41:00,CCGS LIMNOS,LAKE HURON,37,450224,-832241,36,9.00,2024-09-04 08:34:00,1641,7.00,.00,0.01000000,,0,14.500000,SO4-F,SULPHATE,MG/L,45.04000,-83.37806
202402001,2025-03-04 13:41:00,CCGS LIMNOS,LAKE HURON,38,451516,-832044,47,23.50,2024-09-04 11:59:00,1641,1.00,.00,0.01000000,,0,14.200000,SO4-F,SULPHATE,MG/L,45.25444,-83.34556
202402001,2025-03-04 13:41:00,CCGS LIMNOS,LAKE HURON,39,453100,-832459,54,132.50,2024-09-04 15:02:00,1641,1.00,.00,0.01000000,,0,14.200000,SO4-F,SULPHATE,MG/L,45.51667,-83.41639
202402001,2025-03-04 13:41:00,CCGS LIMNOS,LAKE HURON,39,453100,-832459,54,132.50,2024-09-04 15:02:00,1641,11.00,.00,0.01000000,,0,14.300000,SO4-F,SULPHATE,MG/L,45.51667,-83.41639
202402001,2025-03-04 13:41:00,CCGS LIMNOS,LAKE HURON,39,453100,-832459,54,132.50,2024-09-04 15:02:00,1641,25.50,.00,0.01000000,,0,14.500000,SO4-F,SULPHATE,MG/L,45.51667,-83.41639
202402001,2025-03-04 13:41:00,CCGS LIMNOS,LAKE HURON,39,453100,-832459,54,132.50,2024-09-04 15:02:00,1641,40.00,.00,0.01000000,,0,14.600000,SO4-F,SULPHATE,MG/L,45.51667,-83.41639
202402001,2025-03-04 13:41:00,CCGS LIMNOS,LAKE HURON,39,453100,-832459,54,132.50,2024-09-04 15:02:00,1641,122.50,.00,0.01000000,,0,14.700000,SO4-F,SULPHATE,MG/L,45.51667,-83.41639
202402001,2025-03-04 13:41:00,CCGS LIMNOS,LAKE HURON,39,453100,-832459,54,132.50,2024-09-04 15:02:00,1641,130.50,.00,0.01000000,,0,14.700000,SO4-F,SULPHATE,MG/L,45.51667,-83.41639
202402001,2025-03-04 13:41:00,CCGS LIMNOS,LAKE HURON,40,452530,-833905,55,37.00,2024-09-04 17:32:00,1641,1.00,.00,0.01000000,,0,15.200000,SO4-F,SULPHATE,MG/L,45.42500,-83.65139
202402001,2025-03-04 13:41:00,CCGS LIMNOS,LAKE HURON,40,452530,-833905,55,37.00,2024-09-04 17:32:00,1641,998.00,.00,0.01000000,,0,.010000,SO4-F,SULPHATE,MG/L,45.42500,-83.65139
202402001,2025-03-04 13:41:00,CCGS LIMNOS,LAKE HURON,40,452530,-833905,55,37.00,2024-09-04 17:32:00,1641,999.00,.00,0.01000000,<,0,.010000,SO4-F,SULPHATE,MG/L,45.42500,-83.65139
202402001,2025-03-04 13:41:00,CCGS LIMNOS,LAKE HURON,41,453059,-840500,56,22.50,2024-09-04 20:07:00,1641,1.00,.00,0.01000000,,0,15.200000,SO4-F,SULPHATE,MG/L,45.51639,-84.08333
202402001,2025-03-04 13:41:00,CCGS LIMNOS,LAKE HURON,42,454459,-835500,61,117.00,2024-09-04 22:19:00,1641,1.00,.00,0.01000000,,0,13.500000,SO4-F,SULPHATE,MG/L,45.74972,-83.91667
202402001,2025-03-04 13:41:00,CCGS LIMNOS,LAKE HURON,43,454029,-841112,62,44.00,2024-09-05 00:10:00,1641,1.00,.00,0.01000000,,0,14.800000,SO4-F,SULPHATE,MG/L,45.67472,-84.18667
202402001,2025-03-04 13:41:00,CCGS LIMNOS,LAKE HURON,44,454212,-843041,63,15.00,2024-09-05 02:25:00,1641,1.00,.00,0.01000000,,0,15.900000,SO4-F,SULPHATE,MG/L,45.70333,-84.51139
202402001,2025-03-04 13:41:00,CCGS LIMNOS,LAKE HURON,45,454848,-844519,64,36.00,2024-09-05 04:05:00,1641,1.00,.00,0.01000000,,0,19.800000,SO4-F,SULPHATE,MG/L,45.81333,-84.75528
202402001,2025-03-04 13:41:00,CCGS LIMNOS,LAKE HURON,45,454848,-844519,64,36.00,2024-09-05 04:05:00,1641,1.00,.00,0.01000000,,1,19.800000,SO4-F,SULPHATE,MG/L,45.81333,-84.75528
202402001,2025-03-04 13:41:00,CCGS LIMNOS,LAKE HURON,45,454848,-844519,64,36.00,2024-09-05 04:05:00,1641,16.00,.00,0.01000000,,0,17.100000,SO4-F,SULPHATE,MG/L,45.81333,-84.75528
202402001,2025-03-04 13:41:00,CCGS LIMNOS,LAKE HURON,45,454848,-844519,64,36.00,2024-09-05 04:05:00,1641,24.50,.00,0.01000000,,0,16.100000,SO4-F,SULPHATE,MG/L,45.81333,-84.75528
202402001,2025-03-04 13:41:00,CCGS LIMNOS,LAKE HURON,45,454848,-844519,64,36.00,2024-09-05 04:05:00,1641,26.00,.00,0.01000000,,0,15.700000,SO4-F,SULPHATE,MG/L,45.81333,-84.75528
202402001,2025-03-04 13:41:00,CCGS LIMNOS,LAKE HURON,45,454848,-844519,64,36.00,2024-09-05 04:05:00,1641,33.00,.00,0.01000000,,0,16.000000,SO4-F,SULPHATE,MG/L,45.81333,-84.75528
202402001,2025-03-04 13:41:00,CCGS LIMNOS,LAKE HURON,46,455043,-843400,65,58.50,2024-09-05 05:27:00,1641,1.00,.00,0.01000000,,0,15.500000,SO4-F,SULPHATE,MG/L,45.84528,-84.56667
202402001,2025-03-04 13:41:00,CCGS LIMNOS,LAKE HURON,47,455149,-841741,66,69.00,2024-09-05 07:08:00,1641,1.00,.00,0.01000000,,0,13.800000,SO4-F,SULPHATE,MG/L,45.86361,-84.29472
202402001,2025-03-04 13:41:00,CCGS LIMNOS,LAKE HURON,48,455606,-835359,67,31.00,2024-09-05 09:35:00,1641,1.00,.00,0.01000000,,0,13.100000,SO4-F,SULPHATE,MG/L,45.93500,-83.89972
202402001,2025-03-04 13:41:00,CCGS LIMNOS,LAKE HURON,49,460442,-840141,69,10.00,2024-09-05 11:24:00,1641,1.00,.00,0.01000000,,0,4.170000,SO4-F,SULPHATE,MG/L,46.07833,-84.02806
202402001,2025-03-04 13:41:00,CCGS LIMNOS,LAKE HURON,49,460442,-840141,69,10.00,2024-09-05 11:24:00,1641,8.00,.00,0.01000000,,0,4.390000,SO4-F,SULPHATE,MG/L,46.07833,-84.02806
202402001,2025-03-04 13:41:00,CCGS LIMNOS,LAKE HURON,50,460230,-835112,68,17.00,2024-09-05 12:44:00,1641,1.00,.00,0.01000000,,0,5.810000,SO4-F,SULPHATE,MG/L,46.04167,-83.85333
202402001,2025-03-04 13:41:00,CCGS LIMNOS,LAKE HURON,50,460230,-835112,68,17.00,2024-09-05 12:44:00,1641,998.00,.00,0.01000000,,0,.010000,SO4-F,SULPHATE,MG/L,46.04167,-83.85333
202402001,2025-03-04 13:41:00,CCGS LIMNOS,LAKE HURON,50,460230,-835112,68,17.00,2024-09-05 12:44:00,1641,999.00,.00,0.01000000,<,0,.010000,SO4-F,SULPHATE,MG/L,46.04167,-83.85333
202402001,2025-03-04 13:41:00,CCGS LIMNOS,LAKE HURON,51,460812,-834018,70,22.00,2024-09-05 14:24:00,1641,1.00,.00,0.01000000,,0,9.970000,SO4-F,SULPHATE,MG/L,46.13667,-83.67167
202402001,2025-03-04 13:41:00,CCGS LIMNOS,LAKE HURON,52,461400,-834447,71,34.00,2024-09-05 15:25:00,1641,1.00,.00,0.01000000,,0,8.630000,SO4-F,SULPHATE,MG/L,46.23333,-83.74639
202402001,2025-03-04 13:41:00,CCGS LIMNOS,LAKE HURON,52,461400,-834447,71,34.00,2024-09-05 15:25:00,1641,3.00,.00,0.01000000,,0,10.700000,SO4-F,SULPHATE,MG/L,46.23333,-83.74639
202402001,2025-03-04 13:41:00,CCGS LIMNOS,LAKE HURON,52,461400,-834447,71,34.00,2024-09-05 15:25:00,1641,9.50,.00,0.01000000,,0,12.500000,SO4-F,SULPHATE,MG/L,46.23333,-83.74639
202402001,2025-03-04 13:41:00,CCGS LIMNOS,LAKE HURON,52,461400,-834447,71,34.00,2024-09-05 15:25:00,1641,16.00,.00,0.01000000,,0,13.000000,SO4-F,SULPHATE,MG/L,46.23333,-83.74639
202402001,2025-03-04 13:41:00,CCGS LIMNOS,LAKE HURON,52,461400,-834447,71,34.00,2024-09-05 15:25:00,1641,32.00,.00,0.01000000,,0,13.100000,SO4-F,SULPHATE,MG/L,46.23333,-83.74639
202402001,2025-03-04 13:41:00,CCGS LIMNOS,LAKE HURON,53,461112,-832117,73,19.00,2024-09-05 17:38:00,1641,1.00,.00,0.01000000,,0,9.720000,SO4-F,SULPHATE,MG/L,46.18667,-83.35472
202402001,2025-03-04 13:41:00,CCGS LIMNOS,LAKE HURON,54,460724,-825309,79,26.00,2024-09-05 20:17:00,1641,1.00,.00,0.01000000,,0,12.600000,SO4-F,SULPHATE,MG/L,46.12333,-82.88583
202402001,2025-03-04 13:41:00,CCGS LIMNOS,LAKE HURON,54,460724,-825309,79,26.00,2024-09-05 20:17:00,1641,10.00,.00,0.01000000,,0,12.600000,SO4-F,SULPHATE,MG/L,46.12333,-82.88583
202402001,2025-03-04 13:41:00,CCGS LIMNOS,LAKE HURON,54,460724,-825309,79,26.00,2024-09-05 20:17:00,1641,24.00,.00,0.01000000,,0,12.900000,SO4-F,SULPHATE,MG/L,46.12333,-82.88583
202402001,2025-03-04 13:41:00,CCGS LIMNOS,LAKE HURON,55,460530,-823324,84,36.00,2024-09-05 22:18:00,1641,1.00,.00,0.01000000,,0,12.500000,SO4-F,SULPHATE,MG/L,46.09167,-82.55667
202402001,2025-03-04 13:41:00,CCGS LIMNOS,LAKE HURON,55,460530,-823324,84,36.00,2024-09-05 22:18:00,1641,1.00,.00,0.01000000,,1,12.500000,SO4-F,SULPHATE,MG/L,46.09167,-82.55667
202402001,2025-03-04 13:41:00,CCGS LIMNOS,LAKE HURON,55,460530,-823324,84,36.00,2024-09-05 22:18:00,1641,7.00,.00,0.01000000,,0,12.400000,SO4-F,SULPHATE,MG/L,46.09167,-82.55667
202402001,2025-03-04 13:41:00,CCGS LIMNOS,LAKE HURON,55,460530,-823324,84,36.00,2024-09-05 22:18:00,1641,20.50,.00,0.01000000,,0,12.700000,SO4-F,SULPHATE,MG/L,46.09167,-82.55667
202402001,2025-03-04 13:41:00,CCGS LIMNOS,LAKE HURON,55,460530,-823324,84,36.00,2024-09-05 22:18:00,1641,26.00,.00,0.01000000,,0,12.900000,SO4-F,SULPHATE,MG/L,46.09167,-82.55667
202402001,2025-03-04 13:41:00,CCGS LIMNOS,LAKE HURON,55,460530,-823324,84,36.00,2024-09-05 22:18:00,1641,34.00,.00,0.01000000,,0,13.100000,SO4-F,SULPHATE,MG/L,46.09167,-82.55667
202402001,2025-03-04 13:41:00,CCGS LIMNOS,LAKE HURON,56,460340,-821149,87,35.00,2024-09-06 00:45:00,1641,1.00,.00,0.01000000,,0,12.500000,SO4-F,SULPHATE,MG/L,46.06111,-82.19694
202402001,2025-03-04 13:41:00,CCGS LIMNOS,LAKE HURON,57,460320,-815959,88,36.00,2024-09-06 02:07:00,1641,1.00,.00,0.01000000,,0,12.100000,SO4-F,SULPHATE,MG/L,46.05556,-81.99972
202402001,2025-03-04 13:41:00,CCGS LIMNOS,LAKE HURON,58,455459,-820940,89,39.00,2024-09-06 03:48:00,1641,1.00,.00,0.01000000,,0,12.200000,SO4-F,SULPHATE,MG/L,45.91639,-82.16111
202402001,2025-03-04 13:41:00,CCGS LIMNOS,LAKE HURON,59,460000,-823258,83,31.00,2024-09-06 07:05:00,1641,1.00,.00,0.01000000,,0,12.300000,SO4-F,SULPHATE,MG/L,46.00000,-82.54944
202402001,2025-03-04 13:41:00,CCGS LIMNOS,LAKE HURON,60,455611,-824527,82,28.50,2024-09-06 08:34:00,1641,1.00,.00,0.01000000,,0,12.400000,SO4-F,SULPHATE,MG/L,45.93639,-82.75750
202402001,2025-03-04 13:41:00,CCGS LIMNOS,LAKE HURON,60,455611,-824527,82,28.50,2024-09-06 08:34:00,1641,998.00,.00,0.01000000,<,0,.010000,SO4-F,SULPHATE,MG/L,45.93639,-82.75750
202402001,2025-03-04 13:41:00,CCGS LIMNOS,LAKE HURON,60,455611,-824527,82,28.50,2024-09-06 08:34:00,1641,999.00,.00,0.01000000,<,0,.010000,SO4-F,SULPHATE,MG/L,45.93639,-82.75750
202402001,2025-03-04 13:41:00,CCGS LIMNOS,LAKE HURON,61,455811,-831154,77,78.00,2024-09-06 11:34:00,1641,1.00,.00,0.01000000,,0,11.600000,SO4-F,SULPHATE,MG/L,45.96972,-83.19833
202402001,2025-03-04 13:41:00,CCGS LIMNOS,LAKE HURON,62,455959,-832600,76,58.00,2024-09-06 13:08:00,1641,1.00,.00,0.01000000,,0,11.400000,SO4-F,SULPHATE,MG/L,45.99972,-83.43333
202402001,2025-03-04 13:41:00,CCGS LIMNOS,LAKE HURON,63,455405,-833105,60,25.00,2024-09-06 14:16:00,1641,1.00,.00,0.01000000,,0,13.800000,SO4-F,SULPHATE,MG/L,45.90139,-83.51806
202402001,2025-03-04 13:41:00,CCGS LIMNOS,LAKE HURON,64,455159,-831600,58,12.00,2024-09-06 16:39:00,1641,1.00,.00,0.01000000,,0,12.000000,SO4-F,SULPHATE,MG/L,45.86639,-83.26667
202402001,2025-03-04 13:41:00,CCGS LIMNOS,LAKE HURON,65,454600,-830141,59,18.00,2024-09-06 18:18:00,1641,1.00,.00,0.01000000,,0,13.200000,SO4-F,SULPHATE,MG/L,45.76667,-83.02806
202402001,2025-03-04 13:41:00,CCGS LIMNOS,LAKE HURON,65,454600,-830141,59,18.00,2024-09-06 18:18:00,1641,1.00,.00,0.01000000,,1,13.200000,SO4-F,SULPHATE,MG/L,45.76667,-83.02806
202402001,2025-03-04 13:41:00,CCGS LIMNOS,LAKE HURON,66,453905,-823852,52,66.00,2024-09-06 20:48:00,1641,1.00,.00,0.01000000,,0,14.100000,SO4-F,SULPHATE,MG/L,45.65139,-82.64778
202402001,2025-03-04 13:41:00,CCGS LIMNOS,LAKE HURON,67,453205,-820242,50,27.00,2024-09-07 00:19:00,1641,1.00,.00,0.01000000,,0,14.300000,SO4-F,SULPHATE,MG/L,45.53472,-82.04500
202402001,2025-03-04 13:41:00,CCGS LIMNOS,LAKE HURON,68,451316,-814909,42,42.00,2024-09-07 03:12:00,1641,1.00,.00,0.01000000,,0,14.600000,SO4-F,SULPHATE,MG/L,45.22111,-81.81917
202402001,2025-03-04 13:41:00,CCGS LIMNOS,LAKE HURON,1,430523,-822330,1,11.00,2024-08-26 18:44:00,2036,1.00,.00,0.00050000,,0,.001800,TP-P-UF,TOTAL PHOSPHOROUS,MG/L,43.08972,-82.39167
202402001,2025-03-04 13:41:00,CCGS LIMNOS,LAKE HURON,1,430523,-822330,1,11.00,2024-08-26 18:44:00,2036,9.00,.00,0.00050000,,0,.002600,TP-P-UF,TOTAL PHOSPHOROUS,MG/L,43.08972,-82.39167
202402001,2025-03-04 13:41:00,CCGS LIMNOS,LAKE HURON,2,432030,-823021,7,11.00,2024-08-26 20:43:00,2036,1.00,.00,0.00050000,,0,.002900,TP-P-UF,TOTAL PHOSPHOROUS,MG/L,43.34167,-82.50583
202402001,2025-03-04 13:41:00,CCGS LIMNOS,LAKE HURON,3,433402,-822907,8,30.00,2024-08-26 22:29:00,2036,1.00,.00,0.00050000,,0,.002000,TP-P-UF,TOTAL PHOSPHOROUS,MG/L,43.56722,-82.48528
202402001,2025-03-04 13:41:00,CCGS LIMNOS,LAKE HURON,4,433759,-821301,9,60.00,2024-08-27 00:08:00,2036,1.00,.00,0.00050000,,0,.002100,TP-P-UF,TOTAL PHOSPHOROUS,MG/L,43.63306,-82.21694
202402001,2025-03-04 13:41:00,CCGS LIMNOS,LAKE HURON,4,433759,-821301,9,60.00,2024-08-27 00:08:00,2036,23.00,.00,0.00050000,,0,.002500,TP-P-UF,TOTAL PHOSPHOROUS,MG/L,43.63306,-82.21694
202402001,2025-03-04 13:41:00,CCGS LIMNOS,LAKE HURON,4,433759,-821301,9,60.00,2024-08-27 00:08:00,2036,32.00,.00,0.00050000,,0,.002500,TP-P-UF,TOTAL PHOSPHOROUS,MG/L,43.63306,-82.21694
202402001,2025-03-04 13:41:00,CCGS LIMNOS,LAKE HURON,4,433759,-821301,9,60.00,2024-08-27 00:08:00,2036,41.00,.00,0.00050000,,0,.002300,TP-P-UF,TOTAL PHOSPHOROUS,MG/L,43.63306,-82.21694
202402001,2025-03-04 13:41:00,CCGS LIMNOS,LAKE HURON,4,433759,-821301,9,60.00,2024-08-27 00:08:00,2036,50.00,.00,0.00050000,,0,.002300,TP-P-UF,TOTAL PHOSPHOROUS,MG/L,43.63306,-82.21694
202402001,2025-03-04 13:41:00,CCGS LIMNOS,LAKE HURON,4,433759,-821301,9,60.00,2024-08-27 00:08:00,2036,58.00,.00,0.00050000,,0,.002400,TP-P-UF,TOTAL PHOSPHOROUS,MG/L,43.63306,-82.21694
202402001,2025-03-04 13:41:00,CCGS LIMNOS,LAKE HURON,5,434513,-823405,13,17.00,2024-08-27 03:04:00,2036,1.00,.00,0.00050000,,0,.002200,TP-P-UF,TOTAL PHOSPHOROUS,MG/L,43.75361,-82.56806
202402001,2025-03-04 13:41:00,CCGS LIMNOS,LAKE HURON,5,434513,-823405,13,17.00,2024-08-27 03:04:00,2036,1.00,.00,0.00050000,,1,.002400,TP-P-UF,TOTAL PHOSPHOROUS,MG/L,43.75361,-82.56806
202402001,2025-03-04 13:41:00,CCGS LIMNOS,LAKE HURON,6,435631,-824000,14,12.50,2024-08-27 04:44:00,2036,1.00,.00,0.00050000,,0,.004400,TP-P-UF,TOTAL PHOSPHOROUS,MG/L,43.94194,-82.66667
202402001,2025-03-04 13:41:00,CCGS LIMNOS,LAKE HURON,7,440600,-825159,17,15.00,2024-08-27 06:32:00,2036,1.00,.00,0.00050000,,0,.004200,TP-P-UF,TOTAL PHOSPHOROUS,MG/L,44.10000,-82.86639
202402001,2025-03-04 13:41:00,CCGS LIMNOS,LAKE HURON,7,440600,-825159,17,15.00,2024-08-27 06:32:00,2036,10.00,.00,0.00050000,,0,.001800,TP-P-UF,TOTAL PHOSPHOROUS,MG/L,44.10000,-82.86639
202402001,2025-03-04 13:41:00,CCGS LIMNOS,LAKE HURON,7,440600,-825159,17,15.00,2024-08-27 06:32:00,2036,13.00,.00,0.00050000,,0,.002100,TP-P-UF,TOTAL PHOSPHOROUS,MG/L,44.10000,-82.86639
202402001,2025-03-04 13:41:00,CCGS LIMNOS,LAKE HURON,8,440409,-830450,94,14.50,2024-08-27 07:55:00,2036,1.00,.00,0.00050000,,0,.002400,TP-P-UF,TOTAL PHOSPHOROUS,MG/L,44.06917,-83.08056
202402001,2025-03-04 13:41:00,CCGS LIMNOS,LAKE HURON,9,440735,-831014,96,30.00,2024-08-27 08:46:00,2036,1.00,.00,0.00050000,,0,.002200,TP-P-UF,TOTAL PHOSPHOROUS,MG/L,44.12639,-83.17056
202402001,2025-03-04 13:41:00,CCGS LIMNOS,LAKE HURON,10,440654,-833144,97,11.00,2024-08-27 10:47:00,2036,1.00,.00,0.00050000,,0,.007700,TP-P-UF,TOTAL PHOSPHOROUS,MG/L,44.11500,-83.52889
202402001,2025-03-04 13:41:00,CCGS LIMNOS,LAKE HURON,10,440654,-833144,97,11.00,2024-08-27 10:47:00,2036,998.00,.00,0.00050000,<,0,.000500,TP-P-UF,TOTAL PHOSPHOROUS,MG/L,44.11500,-83.52889
202402001,2025-03-04 13:41:00,CCGS LIMNOS,LAKE HURON,10,440654,-833144,97,11.00,2024-08-27 10:47:00,2036,999.00,.00,0.00050000,<,0,.000500,TP-P-UF,TOTAL PHOSPHOROUS,MG/L,44.11500,-83.52889
202402001,2025-03-04 13:41:00,CCGS LIMNOS,LAKE HURON,11,435834,-833430,98,11.00,2024-08-27 12:08:00,2036,1.00,.00,0.00050000,,0,.013400,TP-P-UF,TOTAL PHOSPHOROUS,MG/L,43.97611,-83.57500
202402001,2025-03-04 13:41:00,CCGS LIMNOS,LAKE HURON,12,434915,-833728,101,6.00,2024-08-27 13:32:00,2036,1.00,.00,0.00050000,,0,.010800,TP-P-UF,TOTAL PHOSPHOROUS,MG/L,43.82083,-83.62444
202402001,2025-03-04 13:41:00,CCGS LIMNOS,LAKE HURON,13,434930,-834901,100,7.00,2024-08-27 14:43:00,2036,.50,.00,0.00050000,,0,.017800,TP-P-UF,TOTAL PHOSPHOROUS,MG/L,43.82500,-83.81694
202402001,2025-03-04 13:41:00,CCGS LIMNOS,LAKE HURON,13,434930,-834901,100,7.00,2024-08-27 14:43:00,2036,1.00,.00,0.00050000,,0,.017300,TP-P-UF,TOTAL PHOSPHOROUS,MG/L,43.82500,-83.81694
202402001,2025-03-04 13:41:00,CCGS LIMNOS,LAKE HURON,13,434930,-834901,100,7.00,2024-08-27 14:43:00,2036,5.00,.00,0.00050000,,0,.019800,TP-P-UF,TOTAL PHOSPHOROUS,MG/L,43.82500,-83.81694
202402001,2025-03-04 13:41:00,CCGS LIMNOS,LAKE HURON,14,435430,-834427,99,7.00,2024-08-27 15:59:00,2036,1.00,.00,0.00050000,,0,.027800,TP-P-UF,TOTAL PHOSPHOROUS,MG/L,43.90833,-83.74083
202402001,2025-03-04 13:41:00,CCGS LIMNOS,LAKE HURON,15,441246,-832214,95,21.00,2024-08-27 19:10:00,2036,1.00,.00,0.00050000,,0,.003200,TP-P-UF,TOTAL PHOSPHOROUS,MG/L,44.21278,-83.37056
202402001,2025-03-04 13:41:00,CCGS LIMNOS,LAKE HURON,15,441246,-832214,95,21.00,2024-08-27 19:10:00,2036,1.00,.00,0.00050000,,1,.003300,TP-P-UF,TOTAL PHOSPHOROUS,MG/L,44.21278,-83.37056
202402001,2025-03-04 13:41:00,CCGS LIMNOS,LAKE HURON,15,441246,-832214,95,21.00,2024-08-27 19:10:00,2036,11.00,.00,0.00050000,,0,.001600,TP-P-UF,TOTAL PHOSPHOROUS,MG/L,44.21278,-83.37056
202402001,2025-03-04 13:41:00,CCGS LIMNOS,LAKE HURON,15,441246,-832214,95,21.00,2024-08-27 19:10:00,2036,19.00,.00,0.00050000,,0,.002100,TP-P-UF,TOTAL PHOSPHOROUS,MG/L,44.21278,-83.37056
202402001,2025-03-04 13:41:00,CCGS LIMNOS,LAKE HURON,16,442002,-831758,23,9.00,2024-08-27 20:21:00,2036,1.00,.00,0.00050000,,0,.003000,TP-P-UF,TOTAL PHOSPHOROUS,MG/L,44.33389,-83.29944
202402001,2025-03-04 13:41:00,CCGS LIMNOS,LAKE HURON,17,441303,-830501,20,47.00,2024-08-27 22:00:00,2036,1.00,.00,0.00050000,,0,.001100,TP-P-UF,TOTAL PHOSPHOROUS,MG/L,44.21750,-83.08361
202402001,2025-03-04 13:41:00,CCGS LIMNOS,LAKE HURON,18,431525,-820217,3,16.00,2024-08-28 06:31:00,2036,1.00,.00,0.00050000,,0,.002000,TP-P-UF,TOTAL PHOSPHOROUS,MG/L,43.25694,-82.03806
202402001,2025-03-04 13:41:00,CCGS LIMNOS,LAKE HURON,19,431930,-814717,4,10.00,2024-08-28 08:11:00,2036,1.00,.00,0.00050000,,0,.002600,TP-P-UF,TOTAL PHOSPHOROUS,MG/L,43.32500,-81.78806
202402001,2025-03-04 13:41:00,CCGS LIMNOS,LAKE HURON,20,433254,-814441,5,11.50,2024-08-28 09:54:00,2036,1.00,.00,0.00050000,,0,.002400,TP-P-UF,TOTAL PHOSPHOROUS,MG/L,43.54833,-81.74472
202402001,2025-03-04 13:41:00,CCGS LIMNOS,LAKE HURON,20,433254,-814441,5,11.50,2024-08-28 09:54:00,2036,998.00,.00,0.00050000,<,0,.000500,TP-P-UF,TOTAL PHOSPHOROUS,MG/L,43.54833,-81.74472
202402001,2025-03-04 13:41:00,CCGS LIMNOS,LAKE HURON,20,433254,-814441,5,11.50,2024-08-28 09:54:00,2036,999.00,.00,0.00050000,<,0,.000500,TP-P-UF,TOTAL PHOSPHOROUS,MG/L,43.54833,-81.74472
202402001,2025-03-04 13:41:00,CCGS LIMNOS,LAKE HURON,21,434512,-814652,10,12.50,2024-08-28 11:47:00,2036,1.00,.00,0.00050000,,0,.001400,TP-P-UF,TOTAL PHOSPHOROUS,MG/L,43.75333,-81.78111
202402001,2025-03-04 13:41:00,CCGS LIMNOS,LAKE HURON,22,435723,-814712,11,10.50,2024-08-28 22:01:00,2036,1.00,.00,0.00050000,,0,.002300,TP-P-UF,TOTAL PHOSPHOROUS,MG/L,43.95639,-81.78667
202402001,2025-03-04 13:41:00,CCGS LIMNOS,LAKE HURON,23,442159,-815000,29,123.00,2024-08-29 01:48:00,2036,1.00,.00,0.00050000,,0,.001300,TP-P-UF,TOTAL PHOSPHOROUS,MG/L,44.36639,-81.83333
202402001,2025-03-04 13:41:00,CCGS LIMNOS,LAKE HURON,23,442159,-815000,29,123.00,2024-08-29 01:48:00,2036,14.00,.00,0.00050000,,0,.001700,TP-P-UF,TOTAL PHOSPHOROUS,MG/L,44.36639,-81.83333
202402001,2025-03-04 13:41:00,CCGS LIMNOS,LAKE HURON,23,442159,-815000,29,123.00,2024-08-29 01:48:00,2036,24.00,.00,0.00050000,,0,.001900,TP-P-UF,TOTAL PHOSPHOROUS,MG/L,44.36639,-81.83333
202402001,2025-03-04 13:41:00,CCGS LIMNOS,LAKE HURON,23,442159,-815000,29,123.00,2024-08-29 01:48:00,2036,34.00,.00,0.00050000,,0,.002200,TP-P-UF,TOTAL PHOSPHOROUS,MG/L,44.36639,-81.83333
202402001,2025-03-04 13:41:00,CCGS LIMNOS,LAKE HURON,23,442159,-815000,29,123.00,2024-08-29 01:48:00,2036,113.00,.00,0.00050000,,0,.001400,TP-P-UF,TOTAL PHOSPHOROUS,MG/L,44.36639,-81.83333
202402001,2025-03-04 13:41:00,CCGS LIMNOS,LAKE HURON,23,442159,-815000,29,123.00,2024-08-29 01:48:00,2036,121.00,.00,0.00050000,,0,.001700,TP-P-UF,TOTAL PHOSPHOROUS,MG/L,44.36639,-81.83333
202402001,2025-03-04 13:41:00,CCGS LIMNOS,LAKE HURON,24,442759,-812712,30,21.50,2024-08-29 05:15:00,2036,1.00,.00,0.00050000,,0,.001500,TP-P-UF,TOTAL PHOSPHOROUS,MG/L,44.46639,-81.45333
202402001,2025-03-04 13:41:00,CCGS LIMNOS,LAKE HURON,25,443924,-812242,39,26.00,2024-08-29 06:59:00,2036,1.00,.00,0.00050000,,0,.001200,TP-P-UF,TOTAL PHOSPHOROUS,MG/L,44.65667,-81.37833
202402001,2025-03-04 13:41:00,CCGS LIMNOS,LAKE HURON,25,443924,-812242,39,26.00,2024-08-29 06:59:00,2036,1.00,.00,0.00050000,,1,.001700,TP-P-UF,TOTAL PHOSPHOROUS,MG/L,44.65667,-81.37833
202402001,2025-03-04 13:41:00,CCGS LIMNOS,LAKE HURON,26,445354,-812613,40,20.00,2024-08-29 09:31:00,2036,1.00,.00,0.00050000,,0,.004100,TP-P-UF,TOTAL PHOSPHOROUS,MG/L,44.89833,-81.43694
202402001,2025-03-04 13:41:00,CCGS LIMNOS,LAKE HURON,27,450459,-813212,41,22.50,2024-08-29 11:17:00,2036,1.00,.00,0.00050000,,0,.001500,TP-P-UF,TOTAL PHOSPHOROUS,MG/L,45.08306,-81.53667
202402001,2025-03-04 13:41:00,CCGS LIMNOS,LAKE HURON,28,450048,-820030,43,172.00,2024-08-29 14:43:00,2036,1.00,.00,0.00050000,,0,.001100,TP-P-UF,TOTAL PHOSPHOROUS,MG/L,45.01333,-82.00833
202402001,2025-03-04 13:41:00,CCGS LIMNOS,LAKE HURON,29,451642,-822707,48,110.00,2024-08-29 18:21:00,2036,1.00,.00,0.00050000,,0,.001200,TP-P-UF,TOTAL PHOSPHOROUS,MG/L,45.27833,-82.45194
202402001,2025-03-04 13:41:00,CCGS LIMNOS,LAKE HURON,30,450059,-824106,44,166.50,2024-08-29 21:09:00,2036,1.00,.00,0.00050000,,0,.002100,TP-P-UF,TOTAL PHOSPHOROUS,MG/L,45.01639,-82.68500
202402001,2025-03-04 13:41:00,CCGS LIMNOS,LAKE HURON,30,450059,-824106,44,166.50,2024-08-29 21:09:00,2036,14.00,.00,0.00050000,,0,.001700,TP-P-UF,TOTAL PHOSPHOROUS,MG/L,45.01639,-82.68500
202402001,2025-03-04 13:41:00,CCGS LIMNOS,LAKE HURON,30,450059,-824106,44,166.50,2024-08-29 21:09:00,2036,45.50,.00,0.00050000,,0,.001500,TP-P-UF,TOTAL PHOSPHOROUS,MG/L,45.01639,-82.68500
202402001,2025-03-04 13:41:00,CCGS LIMNOS,LAKE HURON,30,450059,-824106,44,166.50,2024-08-29 21:09:00,2036,77.00,.00,0.00050000,,0,.001300,TP-P-UF,TOTAL PHOSPHOROUS,MG/L,45.01639,-82.68500
202402001,2025-03-04 13:41:00,CCGS LIMNOS,LAKE HURON,30,450059,-824106,44,166.50,2024-08-29 21:09:00,2036,156.50,.00,0.00050000,,0,.001700,TP-P-UF,TOTAL PHOSPHOROUS,MG/L,45.01639,-82.68500
202402001,2025-03-04 13:41:00,CCGS LIMNOS,LAKE HURON,30,450059,-824106,44,166.50,2024-08-29 21:09:00,2036,164.50,.00,0.00050000,,0,.001400,TP-P-UF,TOTAL PHOSPHOROUS,MG/L,45.01639,-82.68500
202402001,2025-03-04 13:41:00,CCGS LIMNOS,LAKE HURON,30,450059,-824106,44,166.50,2024-08-29 21:09:00,2036,998.00,.00,0.00050000,<,0,.000500,TP-P-UF,TOTAL PHOSPHOROUS,MG/L,45.01639,-82.68500
202402001,2025-03-04 13:41:00,CCGS LIMNOS,LAKE HURON,30,450059,-824106,44,166.50,2024-08-29 21:09:00,2036,999.00,.00,0.00050000,<,0,.000500,TP-P-UF,TOTAL PHOSPHOROUS,MG/L,45.01639,-82.68500
202402001,2025-03-04 13:41:00,CCGS LIMNOS,LAKE HURON,31,444424,-820326,38,134.00,2024-08-30 01:46:00,2036,1.00,.00,0.00050000,,0,.000900,TP-P-UF,TOTAL PHOSPHOROUS,MG/L,44.74000,-82.05722
202402001,2025-03-04 13:41:00,CCGS LIMNOS,LAKE HURON,32,442712,-822030,32,83.00,2024-08-30 05:08:00,2036,1.00,.00,0.00050000,,0,.001000,TP-P-UF,TOTAL PHOSPHOROUS,MG/L,44.45333,-82.34167
202402001,2025-03-04 13:41:00,CCGS LIMNOS,LAKE HURON,33,435325,-820324,12,87.00,2024-08-30 10:38:00,2036,1.00,.00,0.00050000,,0,.003400,TP-P-UF,TOTAL PHOSPHOROUS,MG/L,43.89028,-82.05667
202402001,2025-03-04 13:41:00,CCGS LIMNOS,LAKE HURON,34,441154,-823011,27,55.00,2024-09-03 23:11:00,2036,1.00,.00,0.00050000,,0,.002000,TP-P-UF,TOTAL PHOSPHOROUS,MG/L,44.19833,-82.50306
202402001,2025-03-04 13:41:00,CCGS LIMNOS,LAKE HURON,35,443000,-825000,33,72.50,2024-09-04 02:23:00,2036,1.00,.00,0.00050000,,0,.002100,TP-P-UF,TOTAL PHOSPHOROUS,MG/L,44.50000,-82.83333
202402001,2025-03-04 13:41:00,CCGS LIMNOS,LAKE HURON,35,443000,-825000,33,72.50,2024-09-04 02:23:00,2036,1.00,.00,0.00050000,,1,.001800,TP-P-UF,TOTAL PHOSPHOROUS,MG/L,44.50000,-82.83333
202402001,2025-03-04 13:41:00,CCGS LIMNOS,LAKE HURON,36,443824,-831354,34,9.00,2024-09-04 05:09:00,2036,1.00,.00,0.00050000,,0,.002500,TP-P-UF,TOTAL PHOSPHOROUS,MG/L,44.64000,-83.23167
202402001,2025-03-04 13:41:00,CCGS LIMNOS,LAKE HURON,37,450224,-832241,36,9.00,2024-09-04 08:34:00,2036,1.00,.00,0.00050000,,0,.003600,TP-P-UF,TOTAL PHOSPHOROUS,MG/L,45.04000,-83.37806
202402001,2025-03-04 13:41:00,CCGS LIMNOS,LAKE HURON,37,450224,-832241,36,9.00,2024-09-04 08:34:00,2036,7.00,.00,0.00050000,,0,.003600,TP-P-UF,TOTAL PHOSPHOROUS,MG/L,45.04000,-83.37806
202402001,2025-03-04 13:41:00,CCGS LIMNOS,LAKE HURON,38,451516,-832044,47,23.50,2024-09-04 11:59:00,2036,1.00,.00,0.00050000,,0,.004100,TP-P-UF,TOTAL PHOSPHOROUS,MG/L,45.25444,-83.34556
202402001,2025-03-04 13:41:00,CCGS LIMNOS,LAKE HURON,39,453100,-832459,54,132.50,2024-09-04 15:02:00,2036,1.00,.00,0.00050000,,0,.002000,TP-P-UF,TOTAL PHOSPHOROUS,MG/L,45.51667,-83.41639
202402001,2025-03-04 13:41:00,CCGS LIMNOS,LAKE HURON,39,453100,-832459,54,132.50,2024-09-04 15:02:00,2036,11.00,.00,0.00050000,,0,.003200,TP-P-UF,TOTAL PHOSPHOROUS,MG/L,45.51667,-83.41639
202402001,2025-03-04 13:41:00,CCGS LIMNOS,LAKE HURON,39,453100,-832459,54,132.50,2024-09-04 15:02:00,2036,25.50,.00,0.00050000,,0,.004100,TP-P-UF,TOTAL PHOSPHOROUS,MG/L,45.51667,-83.41639
202402001,2025-03-04 13:41:00,CCGS LIMNOS,LAKE HURON,39,453100,-832459,54,132.50,2024-09-04 15:02:00,2036,40.00,.00,0.00050000,,0,.002200,TP-P-UF,TOTAL PHOSPHOROUS,MG/L,45.51667,-83.41639
202402001,2025-03-04 13:41:00,CCGS LIMNOS,LAKE HURON,39,453100,-832459,54,132.50,2024-09-04 15:02:00,2036,122.50,.00,0.00050000,,0,.002100,TP-P-UF,TOTAL PHOSPHOROUS,MG/L,45.51667,-83.41639
202402001,2025-03-04 13:41:00,CCGS LIMNOS,LAKE HURON,39,453100,-832459,54,132.50,2024-09-04 15:02:00,2036,130.50,.00,0.00050000,,0,.002500,TP-P-UF,TOTAL PHOSPHOROUS,MG/L,45.51667,-83.41639
202402001,2025-03-04 13:41:00,CCGS LIMNOS,LAKE HURON,40,452530,-833905,55,37.00,2024-09-04 17:32:00,2036,1.00,.00,0.00050000,,0,.004900,TP-P-UF,TOTAL PHOSPHOROUS,MG/L,45.42500,-83.65139
202402001,2025-03-04 13:41:00,CCGS LIMNOS,LAKE HURON,40,452530,-833905,55,37.00,2024-09-04 17:32:00,2036,998.00,.00,0.00050000,,0,.001000,TP-P-UF,TOTAL PHOSPHOROUS,MG/L,45.42500,-83.65139
202402001,2025-03-04 13:41:00,CCGS LIMNOS,LAKE HURON,40,452530,-833905,55,37.00,2024-09-04 17:32:00,2036,999.00,.00,0.00050000,,0,.001100,TP-P-UF,TOTAL PHOSPHOROUS,MG/L,45.42500,-83.65139
202402001,2025-03-04 13:41:00,CCGS LIMNOS,LAKE HURON,41,453059,-840500,56,22.50,2024-09-04 20:07:00,2036,1.00,.00,0.00050000,,0,.002500,TP-P-UF,TOTAL PHOSPHOROUS,MG/L,45.51639,-84.08333
202402001,2025-03-04 13:41:00,CCGS LIMNOS,LAKE HURON,42,454459,-835500,61,117.00,2024-09-04 22:19:00,2036,1.00,.00,0.00050000,,0,.002500,TP-P-UF,TOTAL PHOSPHOROUS,MG/L,45.74972,-83.91667
202402001,2025-03-04 13:41:00,CCGS LIMNOS,LAKE HURON,43,454029,-841112,62,44.00,2024-09-05 00:10:00,2036,1.00,.00,0.00050000,,0,.002900,TP-P-UF,TOTAL PHOSPHOROUS,MG/L,45.67472,-84.18667
202402001,2025-03-04 13:41:00,CCGS LIMNOS,LAKE HURON,44,454212,-843041,63,15.00,2024-09-05 02:25:00,2036,1.00,.00,0.00050000,,0,.003300,TP-P-UF,TOTAL PHOSPHOROUS,MG/L,45.70333,-84.51139
202402001,2025-03-04 13:41:00,CCGS LIMNOS,LAKE HURON,45,454848,-844519,64,36.00,2024-09-05 04:05:00,2036,1.00,.00,0.00050000,,0,.006400,TP-P-UF,TOTAL PHOSPHOROUS,MG/L,45.81333,-84.75528
202402001,2025-03-04 13:41:00,CCGS LIMNOS,LAKE HURON,45,454848,-844519,64,36.00,2024-09-05 04:05:00,2036,1.00,.00,0.00050000,,1,.002800,TP-P-UF,TOTAL PHOSPHOROUS,MG/L,45.81333,-84.75528
202402001,2025-03-04 13:41:00,CCGS LIMNOS,LAKE HURON,45,454848,-844519,64,36.00,2024-09-05 04:05:00,2036,16.00,.00,0.00050000,,0,.004700,TP-P-UF,TOTAL PHOSPHOROUS,MG/L,45.81333,-84.75528
202402001,2025-03-04 13:41:00,CCGS LIMNOS,LAKE HURON,45,454848,-844519,64,36.00,2024-09-05 04:05:00,2036,24.50,.00,0.00050000,,0,.003600,TP-P-UF,TOTAL PHOSPHOROUS,MG/L,45.81333,-84.75528
202402001,2025-03-04 13:41:00,CCGS LIMNOS,LAKE HURON,45,454848,-844519,64,36.00,2024-09-05 04:05:00,2036,26.00,.00,0.00050000,,0,.002300,TP-P-UF,TOTAL PHOSPHOROUS,MG/L,45.81333,-84.75528
202402001,2025-03-04 13:41:00,CCGS LIMNOS,LAKE HURON,45,454848,-844519,64,36.00,2024-09-05 04:05:00,2036,33.00,.00,0.00050000,,0,.002900,TP-P-UF,TOTAL PHOSPHOROUS,MG/L,45.81333,-84.75528
202402001,2025-03-04 13:41:00,CCGS LIMNOS,LAKE HURON,46,455043,-843400,65,58.50,2024-09-05 05:27:00,2036,1.00,.00,0.00050000,,0,.004600,TP-P-UF,TOTAL PHOSPHOROUS,MG/L,45.84528,-84.56667
202402001,2025-03-04 13:41:00,CCGS LIMNOS,LAKE HURON,47,455149,-841741,66,69.00,2024-09-05 07:08:00,2036,1.00,.00,0.00050000,,0,.002200,TP-P-UF,TOTAL PHOSPHOROUS,MG/L,45.86361,-84.29472
202402001,2025-03-04 13:41:00,CCGS LIMNOS,LAKE HURON,48,455606,-835359,67,31.00,2024-09-05 09:35:00,2036,1.00,.00,0.00050000,,0,.002700,TP-P-UF,TOTAL PHOSPHOROUS,MG/L,45.93500,-83.89972
202402001,2025-03-04 13:41:00,CCGS LIMNOS,LAKE HURON,49,460442,-840141,69,10.00,2024-09-05 11:24:00,2036,1.00,.00,0.00050000,,0,.005600,TP-P-UF,TOTAL PHOSPHOROUS,MG/L,46.07833,-84.02806
202402001,2025-03-04 13:41:00,CCGS LIMNOS,LAKE HURON,49,460442,-840141,69,10.00,2024-09-05 11:24:00,2036,8.00,.00,0.00050000,,0,.005600,TP-P-UF,TOTAL PHOSPHOROUS,MG/L,46.07833,-84.02806
202402001,2025-03-04 13:41:00,CCGS LIMNOS,LAKE HURON,50,460230,-835112,68,17.00,2024-09-05 12:44:00,2036,1.00,.00,0.00050000,,0,.004600,TP-P-UF,TOTAL PHOSPHOROUS,MG/L,46.04167,-83.85333
202402001,2025-03-04 13:41:00,CCGS LIMNOS,LAKE HURON,50,460230,-835112,68,17.00,2024-09-05 12:44:00,2036,998.00,.00,0.00050000,<,0,.000500,TP-P-UF,TOTAL PHOSPHOROUS,MG/L,46.04167,-83.85333
202402001,2025-03-04 13:41:00,CCGS LIMNOS,LAKE HURON,50,460230,-835112,68,17.00,2024-09-05 12:44:00,2036,999.00,.00,0.00050000,,0,.000900,TP-P-UF,TOTAL PHOSPHOROUS,MG/L,46.04167,-83.85333
202402001,2025-03-04 13:41:00,CCGS LIMNOS,LAKE HURON,51,460812,-834018,70,22.00,2024-09-05 14:24:00,2036,1.00,.00,0.00050000,,0,.004400,TP-P-UF,TOTAL PHOSPHOROUS,MG/L,46.13667,-83.67167
202402001,2025-03-04 13:41:00,CCGS LIMNOS,LAKE HURON,52,461400,-834447,71,34.00,2024-09-05 15:25:00,2036,1.00,.00,0.00050000,,0,.003800,TP-P-UF,TOTAL PHOSPHOROUS,MG/L,46.23333,-83.74639
202402001,2025-03-04 13:41:00,CCGS LIMNOS,LAKE HURON,52,461400,-834447,71,34.00,2024-09-05 15:25:00,2036,3.00,.00,0.00050000,,0,.004100,TP-P-UF,TOTAL PHOSPHOROUS,MG/L,46.23333,-83.74639
202402001,2025-03-04 13:41:00,CCGS LIMNOS,LAKE HURON,52,461400,-834447,71,34.00,2024-09-05 15:25:00,2036,9.50,.00,0.00050000,,0,.004300,TP-P-UF,TOTAL PHOSPHOROUS,MG/L,46.23333,-83.74639
202402001,2025-03-04 13:41:00,CCGS LIMNOS,LAKE HURON,52,461400,-834447,71,34.00,2024-09-05 15:25:00,2036,16.00,.00,0.00050000,,0,.003800,TP-P-UF,TOTAL PHOSPHOROUS,MG/L,46.23333,-83.74639
202402001,2025-03-04 13:41:00,CCGS LIMNOS,LAKE HURON,52,461400,-834447,71,34.00,2024-09-05 15:25:00,2036,32.00,.00,0.00050000,,0,.004300,TP-P-UF,TOTAL PHOSPHOROUS,MG/L,46.23333,-83.74639
202402001,2025-03-04 13:41:00,CCGS LIMNOS,LAKE HURON,53,461112,-832117,73,19.00,2024-09-05 17:38:00,2036,1.00,.00,0.00050000,,0,.013100,TP-P-UF,TOTAL PHOSPHOROUS,MG/L,46.18667,-83.35472
202402001,2025-03-04 13:41:00,CCGS LIMNOS,LAKE HURON,54,460724,-825309,79,26.00,2024-09-05 20:17:00,2036,1.00,.00,0.00050000,,0,.004100,TP-P-UF,TOTAL PHOSPHOROUS,MG/L,46.12333,-82.88583
202402001,2025-03-04 13:41:00,CCGS LIMNOS,LAKE HURON,54,460724,-825309,79,26.00,2024-09-05 20:17:00,2036,10.00,.00,0.00050000,,0,.003400,TP-P-UF,TOTAL PHOSPHOROUS,MG/L,46.12333,-82.88583
202402001,2025-03-04 13:41:00,CCGS LIMNOS,LAKE HURON,54,460724,-825309,79,26.00,2024-09-05 20:17:00,2036,24.00,.00,0.00050000,,0,.003700,TP-P-UF,TOTAL PHOSPHOROUS,MG/L,46.12333,-82.88583
202402001,2025-03-04 13:41:00,CCGS LIMNOS,LAKE HURON,55,460530,-823324,84,36.00,2024-09-05 22:18:00,2036,1.00,.00,0.00050000,,0,.003700,TP-P-UF,TOTAL PHOSPHOROUS,MG/L,46.09167,-82.55667
202402001,2025-03-04 13:41:00,CCGS LIMNOS,LAKE HURON,55,460530,-823324,84,36.00,2024-09-05 22:18:00,2036,1.00,.00,0.00050000,,1,.003200,TP-P-UF,TOTAL PHOSPHOROUS,MG/L,46.09167,-82.55667
202402001,2025-03-04 13:41:00,CCGS LIMNOS,LAKE HURON,55,460530,-823324,84,36.00,2024-09-05 22:18:00,2036,7.00,.00,0.00050000,,0,.003100,TP-P-UF,TOTAL PHOSPHOROUS,MG/L,46.09167,-82.55667
202402001,2025-03-04 13:41:00,CCGS LIMNOS,LAKE HURON,55,460530,-823324,84,36.00,2024-09-05 22:18:00,2036,20.50,.00,0.00050000,,0,.004100,TP-P-UF,TOTAL PHOSPHOROUS,MG/L,46.09167,-82.55667
202402001,2025-03-04 13:41:00,CCGS LIMNOS,LAKE HURON,55,460530,-823324,84,36.00,2024-09-05 22:18:00,2036,26.00,.00,0.00050000,,0,.004100,TP-P-UF,TOTAL PHOSPHOROUS,MG/L,46.09167,-82.55667
202402001,2025-03-04 13:41:00,CCGS LIMNOS,LAKE HURON,55,460530,-823324,84,36.00,2024-09-05 22:18:00,2036,34.00,.00,0.00050000,,0,.009000,TP-P-UF,TOTAL PHOSPHOROUS,MG/L,46.09167,-82.55667
202402001,2025-03-04 13:41:00,CCGS LIMNOS,LAKE HURON,56,460340,-821149,87,35.00,2024-09-06 00:45:00,2036,1.00,.00,0.00050000,,0,.004200,TP-P-UF,TOTAL PHOSPHOROUS,MG/L,46.06111,-82.19694
202402001,2025-03-04 13:41:00,CCGS LIMNOS,LAKE HURON,57,460320,-815959,88,36.00,2024-09-06 02:07:00,2036,1.00,.00,0.00050000,,0,.004300,TP-P-UF,TOTAL PHOSPHOROUS,MG/L,46.05556,-81.99972
202402001,2025-03-04 13:41:00,CCGS LIMNOS,LAKE HURON,58,455459,-820940,89,39.00,2024-09-06 03:48:00,2036,1.00,.00,0.00050000,,0,.004900,TP-P-UF,TOTAL PHOSPHOROUS,MG/L,45.91639,-82.16111
202402001,2025-03-04 13:41:00,CCGS LIMNOS,LAKE HURON,59,460000,-823258,83,31.00,2024-09-06 07:05:00,2036,1.00,.00,0.00050000,,0,.003000,TP-P-UF,TOTAL PHOSPHOROUS,MG/L,46.00000,-82.54944
202402001,2025-03-04 13:41:00,CCGS LIMNOS,LAKE HURON,60,455611,-824527,82,28.50,2024-09-06 08:34:00,2036,1.00,.00,0.00050000,,0,.003500,TP-P-UF,TOTAL PHOSPHOROUS,MG/L,45.93639,-82.75750
202402001,2025-03-04 13:41:00,CCGS LIMNOS,LAKE HURON,60,455611,-824527,82,28.50,2024-09-06 08:34:00,2036,998.00,.00,0.00050000,,0,.000500,TP-P-UF,TOTAL PHOSPHOROUS,MG/L,45.93639,-82.75750
202402001,2025-03-04 13:41:00,CCGS LIMNOS,LAKE HURON,60,455611,-824527,82,28.50,2024-09-06 08:34:00,2036,999.00,.00,0.00050000,<,0,.000500,TP-P-UF,TOTAL PHOSPHOROUS,MG/L,45.93639,-82.75750
202402001,2025-03-04 13:41:00,CCGS LIMNOS,LAKE HURON,61,455811,-831154,77,78.00,2024-09-06 11:34:00,2036,1.00,.00,0.00050000,,0,.003700,TP-P-UF,TOTAL PHOSPHOROUS,MG/L,45.96972,-83.19833
202402001,2025-03-04 13:41:00,CCGS LIMNOS,LAKE HURON,62,455959,-832600,76,58.00,2024-09-06 13:08:00,2036,1.00,.00,0.00050000,,0,.003300,TP-P-UF,TOTAL PHOSPHOROUS,MG/L,45.99972,-83.43333
202402001,2025-03-04 13:41:00,CCGS LIMNOS,LAKE HURON,63,455405,-833105,60,25.00,2024-09-06 14:16:00,2036,1.00,.00,0.00050000,,0,.006300,TP-P-UF,TOTAL PHOSPHOROUS,MG/L,45.90139,-83.51806
202402001,2025-03-04 13:41:00,CCGS LIMNOS,LAKE HURON,64,455159,-831600,58,12.00,2024-09-06 16:39:00,2036,1.00,.00,0.00050000,,0,.003200,TP-P-UF,TOTAL PHOSPHOROUS,MG/L,45.86639,-83.26667
202402001,2025-03-04 13:41:00,CCGS LIMNOS,LAKE HURON,65,454600,-830141,59,18.00,2024-09-06 18:18:00,2036,1.00,.00,0.00050000,,0,.004000,TP-P-UF,TOTAL PHOSPHOROUS,MG/L,45.76667,-83.02806
202402001,2025-03-04 13:41:00,CCGS LIMNOS,LAKE HURON,65,454600,-830141,59,18.00,2024-09-06 18:18:00,2036,1.00,.00,0.00050000,,1,.002600,TP-P-UF,TOTAL PHOSPHOROUS,MG/L,45.76667,-83.02806
202402001,2025-03-04 13:41:00,CCGS LIMNOS,LAKE HURON,66,453905,-823852,52,66.00,2024-09-06 20:48:00,2036,1.00,.00,0.00050000,,0,.001900,TP-P-UF,TOTAL PHOSPHOROUS,MG/L,45.65139,-82.64778
202402001,2025-03-04 13:41:00,CCGS LIMNOS,LAKE HURON,67,453205,-820242,50,27.00,2024-09-07 00:19:00,2036,1.00,.00,0.00050000,,0,.001400,TP-P-UF,TOTAL PHOSPHOROUS,MG/L,45.53472,-82.04500
202402001,2025-03-04 13:41:00,CCGS LIMNOS,LAKE HURON,68,451316,-814909,42,42.00,2024-09-07 03:12:00,2036,1.00,.00,0.00050000,,0,.001700,TP-P-UF,TOTAL PHOSPHOROUS,MG/L,45.22111,-81.81917
202402001,2025-03-04 13:41:00,CCGS LIMNOS,LAKE HURON,1,430523,-822330,1,11.00,2024-08-26 18:44:00,2038,1.00,.00,0.00050000,,0,.001400,TP-P-F,TOTAL PHOSPHOROUS FILTERED,MG/L,43.08972,-82.39167
202402001,2025-03-04 13:41:00,CCGS LIMNOS,LAKE HURON,1,430523,-822330,1,11.00,2024-08-26 18:44:00,2038,9.00,.00,0.00050000,,0,.001600,TP-P-F,TOTAL PHOSPHOROUS FILTERED,MG/L,43.08972,-82.39167
202402001,2025-03-04 13:41:00,CCGS LIMNOS,LAKE HURON,2,432030,-823021,7,11.00,2024-08-26 20:43:00,2038,1.00,.00,0.00050000,,0,.001200,TP-P-F,TOTAL PHOSPHOROUS FILTERED,MG/L,43.34167,-82.50583
202402001,2025-03-04 13:41:00,CCGS LIMNOS,LAKE HURON,3,433402,-822907,8,30.00,2024-08-26 22:29:00,2038,1.00,.00,0.00050000,,0,.000900,TP-P-F,TOTAL PHOSPHOROUS FILTERED,MG/L,43.56722,-82.48528
202402001,2025-03-04 13:41:00,CCGS LIMNOS,LAKE HURON,4,433759,-821301,9,60.00,2024-08-27 00:08:00,2038,1.00,.00,0.00050000,,0,.000700,TP-P-F,TOTAL PHOSPHOROUS FILTERED,MG/L,43.63306,-82.21694
202402001,2025-03-04 13:41:00,CCGS LIMNOS,LAKE HURON,4,433759,-821301,9,60.00,2024-08-27 00:08:00,2038,23.00,.00,0.00050000,,0,.000700,TP-P-F,TOTAL PHOSPHOROUS FILTERED,MG/L,43.63306,-82.21694
202402001,2025-03-04 13:41:00,CCGS LIMNOS,LAKE HURON,4,433759,-821301,9,60.00,2024-08-27 00:08:00,2038,32.00,.00,0.00050000,,0,.001000,TP-P-F,TOTAL PHOSPHOROUS FILTERED,MG/L,43.63306,-82.21694
202402001,2025-03-04 13:41:00,CCGS LIMNOS,LAKE HURON,4,433759,-821301,9,60.00,2024-08-27 00:08:00,2038,41.00,.00,0.00050000,,0,.001100,TP-P-F,TOTAL PHOSPHOROUS FILTERED,MG/L,43.63306,-82.21694
202402001,2025-03-04 13:41:00,CCGS LIMNOS,LAKE HURON,4,433759,-821301,9,60.00,2024-08-27 00:08:00,2038,50.00,.00,0.00050000,,0,.000900,TP-P-F,TOTAL PHOSPHOROUS FILTERED,MG/L,43.63306,-82.21694
202402001,2025-03-04 13:41:00,CCGS LIMNOS,LAKE HURON,4,433759,-821301,9,60.00,2024-08-27 00:08:00,2038,58.00,.00,0.00050000,,0,.001100,TP-P-F,TOTAL PHOSPHOROUS FILTERED,MG/L,43.63306,-82.21694
202402001,2025-03-04 13:41:00,CCGS LIMNOS,LAKE HURON,5,434513,-823405,13,17.00,2024-08-27 03:04:00,2038,1.00,.00,0.00050000,,0,.000600,TP-P-F,TOTAL PHOSPHOROUS FILTERED,MG/L,43.75361,-82.56806
202402001,2025-03-04 13:41:00,CCGS LIMNOS,LAKE HURON,5,434513,-823405,13,17.00,2024-08-27 03:04:00,2038,1.00,.00,0.00050000,,1,.001000,TP-P-F,TOTAL PHOSPHOROUS FILTERED,MG/L,43.75361,-82.56806
202402001,2025-03-04 13:41:00,CCGS LIMNOS,LAKE HURON,6,435631,-824000,14,12.50,2024-08-27 04:44:00,2038,1.00,.00,0.00050000,,0,.001700,TP-P-F,TOTAL PHOSPHOROUS FILTERED,MG/L,43.94194,-82.66667
202402001,2025-03-04 13:41:00,CCGS LIMNOS,LAKE HURON,7,440600,-825159,17,15.00,2024-08-27 06:32:00,2038,1.00,.00,0.00050000,,0,.000900,TP-P-F,TOTAL PHOSPHOROUS FILTERED,MG/L,44.10000,-82.86639
202402001,2025-03-04 13:41:00,CCGS LIMNOS,LAKE HURON,7,440600,-825159,17,15.00,2024-08-27 06:32:00,2038,10.00,.00,0.00050000,,0,.000600,TP-P-F,TOTAL PHOSPHOROUS FILTERED,MG/L,44.10000,-82.86639
202402001,2025-03-04 13:41:00,CCGS LIMNOS,LAKE HURON,7,440600,-825159,17,15.00,2024-08-27 06:32:00,2038,13.00,.00,0.00050000,,0,.000700,TP-P-F,TOTAL PHOSPHOROUS FILTERED,MG/L,44.10000,-82.86639
202402001,2025-03-04 13:41:00,CCGS LIMNOS,LAKE HURON,8,440409,-830450,94,14.50,2024-08-27 07:55:00,2038,1.00,.00,0.00050000,,0,.000800,TP-P-F,TOTAL PHOSPHOROUS FILTERED,MG/L,44.06917,-83.08056
202402001,2025-03-04 13:41:00,CCGS LIMNOS,LAKE HURON,9,440735,-831014,96,30.00,2024-08-27 08:46:00,2038,1.00,.00,0.00050000,,0,.000500,TP-P-F,TOTAL PHOSPHOROUS FILTERED,MG/L,44.12639,-83.17056
202402001,2025-03-04 13:41:00,CCGS LIMNOS,LAKE HURON,10,440654,-833144,97,11.00,2024-08-27 10:47:00,2038,1.00,.00,0.00050000,,0,.001700,TP-P-F,TOTAL PHOSPHOROUS FILTERED,MG/L,44.11500,-83.52889
202402001,2025-03-04 13:41:00,CCGS LIMNOS,LAKE HURON,10,440654,-833144,97,11.00,2024-08-27 10:47:00,2038,998.00,.00,0.00050000,<,0,.000500,TP-P-F,TOTAL PHOSPHOROUS FILTERED,MG/L,44.11500,-83.52889
202402001,2025-03-04 13:41:00,CCGS LIMNOS,LAKE HURON,10,440654,-833144,97,11.00,2024-08-27 10:47:00,2038,999.00,.00,0.00050000,<,0,.000500,TP-P-F,TOTAL PHOSPHOROUS FILTERED,MG/L,44.11500,-83.52889
202402001,2025-03-04 13:41:00,CCGS LIMNOS,LAKE HURON,11,435834,-833430,98,11.00,2024-08-27 12:08:00,2038,1.00,.00,0.00050000,,0,.002900,TP-P-F,TOTAL PHOSPHOROUS FILTERED,MG/L,43.97611,-83.57500
202402001,2025-03-04 13:41:00,CCGS LIMNOS,LAKE HURON,12,434915,-833728,101,6.00,2024-08-27 13:32:00,2038,1.00,.00,0.00050000,,0,.002400,TP-P-F,TOTAL PHOSPHOROUS FILTERED,MG/L,43.82083,-83.62444
202402001,2025-03-04 13:41:00,CCGS LIMNOS,LAKE HURON,13,434930,-834901,100,7.00,2024-08-27 14:43:00,2038,.50,.00,0.00050000,,0,.005400,TP-P-F,TOTAL PHOSPHOROUS FILTERED,MG/L,43.82500,-83.81694
202402001,2025-03-04 13:41:00,CCGS LIMNOS,LAKE HURON,13,434930,-834901,100,7.00,2024-08-27 14:43:00,2038,1.00,.00,0.00050000,,0,.004000,TP-P-F,TOTAL PHOSPHOROUS FILTERED,MG/L,43.82500,-83.81694
202402001,2025-03-04 13:41:00,CCGS LIMNOS,LAKE HURON,13,434930,-834901,100,7.00,2024-08-27 14:43:00,2038,5.00,.00,0.00050000,,0,.004000,TP-P-F,TOTAL PHOSPHOROUS FILTERED,MG/L,43.82500,-83.81694
202402001,2025-03-04 13:41:00,CCGS LIMNOS,LAKE HURON,14,435430,-834427,99,7.00,2024-08-27 15:59:00,2038,1.00,.00,0.00050000,,0,.004100,TP-P-F,TOTAL PHOSPHOROUS FILTERED,MG/L,43.90833,-83.74083
202402001,2025-03-04 13:41:00,CCGS LIMNOS,LAKE HURON,15,441246,-832214,95,21.00,2024-08-27 19:10:00,2038,1.00,.00,0.00050000,,0,.001300,TP-P-F,TOTAL PHOSPHOROUS FILTERED,MG/L,44.21278,-83.37056
202402001,2025-03-04 13:41:00,CCGS LIMNOS,LAKE HURON,15,441246,-832214,95,21.00,2024-08-27 19:10:00,2038,1.00,.00,0.00050000,,1,.001900,TP-P-F,TOTAL PHOSPHOROUS FILTERED,MG/L,44.21278,-83.37056
202402001,2025-03-04 13:41:00,CCGS LIMNOS,LAKE HURON,15,441246,-832214,95,21.00,2024-08-27 19:10:00,2038,11.00,.00,0.00050000,,0,.001400,TP-P-F,TOTAL PHOSPHOROUS FILTERED,MG/L,44.21278,-83.37056
202402001,2025-03-04 13:41:00,CCGS LIMNOS,LAKE HURON,15,441246,-832214,95,21.00,2024-08-27 19:10:00,2038,19.00,.00,0.00050000,,0,.001100,TP-P-F,TOTAL PHOSPHOROUS FILTERED,MG/L,44.21278,-83.37056
202402001,2025-03-04 13:41:00,CCGS LIMNOS,LAKE HURON,16,442002,-831758,23,9.00,2024-08-27 20:21:00,2038,1.00,.00,0.00050000,,0,.001400,TP-P-F,TOTAL PHOSPHOROUS FILTERED,MG/L,44.33389,-83.29944
202402001,2025-03-04 13:41:00,CCGS LIMNOS,LAKE HURON,17,441303,-830501,20,47.00,2024-08-27 22:00:00,2038,1.00,.00,0.00050000,,0,.000600,TP-P-F,TOTAL PHOSPHOROUS FILTERED,MG/L,44.21750,-83.08361
202402001,2025-03-04 13:41:00,CCGS LIMNOS,LAKE HURON,18,431525,-820217,3,16.00,2024-08-28 06:31:00,2038,1.00,.00,0.00050000,,0,.001000,TP-P-F,TOTAL PHOSPHOROUS FILTERED,MG/L,43.25694,-82.03806
202402001,2025-03-04 13:41:00,CCGS LIMNOS,LAKE HURON,19,431930,-814717,4,10.00,2024-08-28 08:11:00,2038,1.00,.00,0.00050000,,0,.001000,TP-P-F,TOTAL PHOSPHOROUS FILTERED,MG/L,43.32500,-81.78806
202402001,2025-03-04 13:41:00,CCGS LIMNOS,LAKE HURON,20,433254,-814441,5,11.50,2024-08-28 09:54:00,2038,1.00,.00,0.00050000,,0,.000800,TP-P-F,TOTAL PHOSPHOROUS FILTERED,MG/L,43.54833,-81.74472
202402001,2025-03-04 13:41:00,CCGS LIMNOS,LAKE HURON,20,433254,-814441,5,11.50,2024-08-28 09:54:00,2038,998.00,.00,0.00050000,<,0,.000500,TP-P-F,TOTAL PHOSPHOROUS FILTERED,MG/L,43.54833,-81.74472
202402001,2025-03-04 13:41:00,CCGS LIMNOS,LAKE HURON,20,433254,-814441,5,11.50,2024-08-28 09:54:00,2038,999.00,.00,0.00050000,<,0,.000500,TP-P-F,TOTAL PHOSPHOROUS FILTERED,MG/L,43.54833,-81.74472
202402001,2025-03-04 13:41:00,CCGS LIMNOS,LAKE HURON,21,434512,-814652,10,12.50,2024-08-28 11:47:00,2038,1.00,.00,0.00050000,,0,.000800,TP-P-F,TOTAL PHOSPHOROUS FILTERED,MG/L,43.75333,-81.78111
202402001,2025-03-04 13:41:00,CCGS LIMNOS,LAKE HURON,22,435723,-814712,11,10.50,2024-08-28 22:01:00,2038,1.00,.00,0.00050000,,0,.000700,TP-P-F,TOTAL PHOSPHOROUS FILTERED,MG/L,43.95639,-81.78667
202402001,2025-03-04 13:41:00,CCGS LIMNOS,LAKE HURON,23,442159,-815000,29,123.00,2024-08-29 01:48:00,2038,1.00,.00,0.00050000,,0,.000900,TP-P-F,TOTAL PHOSPHOROUS FILTERED,MG/L,44.36639,-81.83333
202402001,2025-03-04 13:41:00,CCGS LIMNOS,LAKE HURON,23,442159,-815000,29,123.00,2024-08-29 01:48:00,2038,14.00,.00,0.00050000,<,0,.000500,TP-P-F,TOTAL PHOSPHOROUS FILTERED,MG/L,44.36639,-81.83333
202402001,2025-03-04 13:41:00,CCGS LIMNOS,LAKE HURON,23,442159,-815000,29,123.00,2024-08-29 01:48:00,2038,24.00,.00,0.00050000,,0,.001400,TP-P-F,TOTAL PHOSPHOROUS FILTERED,MG/L,44.36639,-81.83333
202402001,2025-03-04 13:41:00,CCGS LIMNOS,LAKE HURON,23,442159,-815000,29,123.00,2024-08-29 01:48:00,2038,34.00,.00,0.00050000,,0,.001800,TP-P-F,TOTAL PHOSPHOROUS FILTERED,MG/L,44.36639,-81.83333
202402001,2025-03-04 13:41:00,CCGS LIMNOS,LAKE HURON,23,442159,-815000,29,123.00,2024-08-29 01:48:00,2038,113.00,.00,0.00050000,,0,.000700,TP-P-F,TOTAL PHOSPHOROUS FILTERED,MG/L,44.36639,-81.83333
202402001,2025-03-04 13:41:00,CCGS LIMNOS,LAKE HURON,23,442159,-815000,29,123.00,2024-08-29 01:48:00,2038,121.00,.00,0.00050000,,0,.001100,TP-P-F,TOTAL PHOSPHOROUS FILTERED,MG/L,44.36639,-81.83333
202402001,2025-03-04 13:41:00,CCGS LIMNOS,LAKE HURON,24,442759,-812712,30,21.50,2024-08-29 05:15:00,2038,1.00,.00,0.00050000,,0,.000800,TP-P-F,TOTAL PHOSPHOROUS FILTERED,MG/L,44.46639,-81.45333
202402001,2025-03-04 13:41:00,CCGS LIMNOS,LAKE HURON,25,443924,-812242,39,26.00,2024-08-29 06:59:00,2038,1.00,.00,0.00050000,,0,.000600,TP-P-F,TOTAL PHOSPHOROUS FILTERED,MG/L,44.65667,-81.37833
202402001,2025-03-04 13:41:00,CCGS LIMNOS,LAKE HURON,25,443924,-812242,39,26.00,2024-08-29 06:59:00,2038,1.00,.00,0.00050000,,1,.001200,TP-P-F,TOTAL PHOSPHOROUS FILTERED,MG/L,44.65667,-81.37833
202402001,2025-03-04 13:41:00,CCGS LIMNOS,LAKE HURON,26,445354,-812613,40,20.00,2024-08-29 09:31:00,2038,1.00,.00,0.00050000,,0,.000800,TP-P-F,TOTAL PHOSPHOROUS FILTERED,MG/L,44.89833,-81.43694
202402001,2025-03-04 13:41:00,CCGS LIMNOS,LAKE HURON,27,450459,-813212,41,22.50,2024-08-29 11:17:00,2038,1.00,.00,0.00050000,,0,.000600,TP-P-F,TOTAL PHOSPHOROUS FILTERED,MG/L,45.08306,-81.53667
202402001,2025-03-04 13:41:00,CCGS LIMNOS,LAKE HURON,28,450048,-820030,43,172.00,2024-08-29 14:43:00,2038,1.00,.00,0.00050000,,0,.000700,TP-P-F,TOTAL PHOSPHOROUS FILTERED,MG/L,45.01333,-82.00833
202402001,2025-03-04 13:41:00,CCGS LIMNOS,LAKE HURON,29,451642,-822707,48,110.00,2024-08-29 18:21:00,2038,1.00,.00,0.00050000,,0,.001100,TP-P-F,TOTAL PHOSPHOROUS FILTERED,MG/L,45.27833,-82.45194
202402001,2025-03-04 13:41:00,CCGS LIMNOS,LAKE HURON,30,450059,-824106,44,166.50,2024-08-29 21:09:00,2038,1.00,.00,0.00050000,,0,.000500,TP-P-F,TOTAL PHOSPHOROUS FILTERED,MG/L,45.01639,-82.68500
202402001,2025-03-04 13:41:00,CCGS LIMNOS,LAKE HURON,30,450059,-824106,44,166.50,2024-08-29 21:09:00,2038,14.00,.00,0.00050000,,0,.000700,TP-P-F,TOTAL PHOSPHOROUS FILTERED,MG/L,45.01639,-82.68500
202402001,2025-03-04 13:41:00,CCGS LIMNOS,LAKE HURON,30,450059,-824106,44,166.50,2024-08-29 21:09:00,2038,45.50,.00,0.00050000,,0,.000500,TP-P-F,TOTAL PHOSPHOROUS FILTERED,MG/L,45.01639,-82.68500
202402001,2025-03-04 13:41:00,CCGS LIMNOS,LAKE HURON,30,450059,-824106,44,166.50,2024-08-29 21:09:00,2038,77.00,.00,0.00050000,<,0,.000500,TP-P-F,TOTAL PHOSPHOROUS FILTERED,MG/L,45.01639,-82.68500
202402001,2025-03-04 13:41:00,CCGS LIMNOS,LAKE HURON,30,450059,-824106,44,166.50,2024-08-29 21:09:00,2038,156.50,.00,0.00050000,,0,.000800,TP-P-F,TOTAL PHOSPHOROUS FILTERED,MG/L,45.01639,-82.68500
202402001,2025-03-04 13:41:00,CCGS LIMNOS,LAKE HURON,30,450059,-824106,44,166.50,2024-08-29 21:09:00,2038,164.50,.00,0.00050000,,0,.001100,TP-P-F,TOTAL PHOSPHOROUS FILTERED,MG/L,45.01639,-82.68500
202402001,2025-03-04 13:41:00,CCGS LIMNOS,LAKE HURON,30,450059,-824106,44,166.50,2024-08-29 21:09:00,2038,998.00,.00,0.00050000,<,0,.000500,TP-P-F,TOTAL PHOSPHOROUS FILTERED,MG/L,45.01639,-82.68500
202402001,2025-03-04 13:41:00,CCGS LIMNOS,LAKE HURON,30,450059,-824106,44,166.50,2024-08-29 21:09:00,2038,999.00,.00,0.00050000,<,0,.000500,TP-P-F,TOTAL PHOSPHOROUS FILTERED,MG/L,45.01639,-82.68500
202402001,2025-03-04 13:41:00,CCGS LIMNOS,LAKE HURON,31,444424,-820326,38,134.00,2024-08-30 01:46:00,2038,1.00,.00,0.00050000,<,0,.000500,TP-P-F,TOTAL PHOSPHOROUS FILTERED,MG/L,44.74000,-82.05722
202402001,2025-03-04 13:41:00,CCGS LIMNOS,LAKE HURON,32,442712,-822030,32,83.00,2024-08-30 05:08:00,2038,1.00,.00,0.00050000,,0,.000700,TP-P-F,TOTAL PHOSPHOROUS FILTERED,MG/L,44.45333,-82.34167
202402001,2025-03-04 13:41:00,CCGS LIMNOS,LAKE HURON,33,435325,-820324,12,87.00,2024-08-30 10:38:00,2038,1.00,.00,0.00050000,,0,.001000,TP-P-F,TOTAL PHOSPHOROUS FILTERED,MG/L,43.89028,-82.05667
202402001,2025-03-04 13:41:00,CCGS LIMNOS,LAKE HURON,34,441154,-823011,27,55.00,2024-09-03 23:11:00,2038,1.00,.00,0.00050000,,0,.001000,TP-P-F,TOTAL PHOSPHOROUS FILTERED,MG/L,44.19833,-82.50306
202402001,2025-03-04 13:41:00,CCGS LIMNOS,LAKE HURON,35,443000,-825000,33,72.50,2024-09-04 02:23:00,2038,1.00,.00,0.00050000,,0,.001000,TP-P-F,TOTAL PHOSPHOROUS FILTERED,MG/L,44.50000,-82.83333
202402001,2025-03-04 13:41:00,CCGS LIMNOS,LAKE HURON,35,443000,-825000,33,72.50,2024-09-04 02:23:00,2038,1.00,.00,0.00050000,,1,.000700,TP-P-F,TOTAL PHOSPHOROUS FILTERED,MG/L,44.50000,-82.83333
202402001,2025-03-04 13:41:00,CCGS LIMNOS,LAKE HURON,36,443824,-831354,34,9.00,2024-09-04 05:09:00,2038,1.00,.00,0.00050000,,0,.001100,TP-P-F,TOTAL PHOSPHOROUS FILTERED,MG/L,44.64000,-83.23167
202402001,2025-03-04 13:41:00,CCGS LIMNOS,LAKE HURON,37,450224,-832241,36,9.00,2024-09-04 08:34:00,2038,1.00,.00,0.00050000,,0,.003000,TP-P-F,TOTAL PHOSPHOROUS FILTERED,MG/L,45.04000,-83.37806
202402001,2025-03-04 13:41:00,CCGS LIMNOS,LAKE HURON,37,450224,-832241,36,9.00,2024-09-04 08:34:00,2038,7.00,.00,0.00050000,,0,.001600,TP-P-F,TOTAL PHOSPHOROUS FILTERED,MG/L,45.04000,-83.37806
202402001,2025-03-04 13:41:00,CCGS LIMNOS,LAKE HURON,38,451516,-832044,47,23.50,2024-09-04 11:59:00,2038,1.00,.00,0.00050000,,0,.002600,TP-P-F,TOTAL PHOSPHOROUS FILTERED,MG/L,45.25444,-83.34556
202402001,2025-03-04 13:41:00,CCGS LIMNOS,LAKE HURON,39,453100,-832459,54,132.50,2024-09-04 15:02:00,2038,1.00,.00,0.00050000,,0,.001200,TP-P-F,TOTAL PHOSPHOROUS FILTERED,MG/L,45.51667,-83.41639
202402001,2025-03-04 13:41:00,CCGS LIMNOS,LAKE HURON,39,453100,-832459,54,132.50,2024-09-04 15:02:00,2038,11.00,.00,0.00050000,,0,.000900,TP-P-F,TOTAL PHOSPHOROUS FILTERED,MG/L,45.51667,-83.41639
202402001,2025-03-04 13:41:00,CCGS LIMNOS,LAKE HURON,39,453100,-832459,54,132.50,2024-09-04 15:02:00,2038,25.50,.00,0.00050000,,0,.001000,TP-P-F,TOTAL PHOSPHOROUS FILTERED,MG/L,45.51667,-83.41639
202402001,2025-03-04 13:41:00,CCGS LIMNOS,LAKE HURON,39,453100,-832459,54,132.50,2024-09-04 15:02:00,2038,40.00,.00,0.00050000,,0,.002000,TP-P-F,TOTAL PHOSPHOROUS FILTERED,MG/L,45.51667,-83.41639
202402001,2025-03-04 13:41:00,CCGS LIMNOS,LAKE HURON,39,453100,-832459,54,132.50,2024-09-04 15:02:00,2038,122.50,.00,0.00050000,,0,.000900,TP-P-F,TOTAL PHOSPHOROUS FILTERED,MG/L,45.51667,-83.41639
202402001,2025-03-04 13:41:00,CCGS LIMNOS,LAKE HURON,39,453100,-832459,54,132.50,2024-09-04 15:02:00,2038,130.50,.00,0.00050000,,0,.001500,TP-P-F,TOTAL PHOSPHOROUS FILTERED,MG/L,45.51667,-83.41639
202402001,2025-03-04 13:41:00,CCGS LIMNOS,LAKE HURON,40,452530,-833905,55,37.00,2024-09-04 17:32:00,2038,1.00,.00,0.00050000,,0,.000800,TP-P-F,TOTAL PHOSPHOROUS FILTERED,MG/L,45.42500,-83.65139
202402001,2025-03-04 13:41:00,CCGS LIMNOS,LAKE HURON,40,452530,-833905,55,37.00,2024-09-04 17:32:00,2038,998.00,.00,0.00050000,,0,.000500,TP-P-F,TOTAL PHOSPHOROUS FILTERED,MG/L,45.42500,-83.65139
202402001,2025-03-04 13:41:00,CCGS LIMNOS,LAKE HURON,40,452530,-833905,55,37.00,2024-09-04 17:32:00,2038,999.00,.00,0.00050000,<,0,.000500,TP-P-F,TOTAL PHOSPHOROUS FILTERED,MG/L,45.42500,-83.65139
202402001,2025-03-04 13:41:00,CCGS LIMNOS,LAKE HURON,41,453059,-840500,56,22.50,2024-09-04 20:07:00,2038,1.00,.00,0.00050000,,0,.001200,TP-P-F,TOTAL PHOSPHOROUS FILTERED,MG/L,45.51639,-84.08333
202402001,2025-03-04 13:41:00,CCGS LIMNOS,LAKE HURON,42,454459,-835500,61,117.00,2024-09-04 22:19:00,2038,1.00,.00,0.00050000,,0,.001500,TP-P-F,TOTAL PHOSPHOROUS FILTERED,MG/L,45.74972,-83.91667
202402001,2025-03-04 13:41:00,CCGS LIMNOS,LAKE HURON,43,454029,-841112,62,44.00,2024-09-05 00:10:00,2038,1.00,.00,0.00050000,,0,.001100,TP-P-F,TOTAL PHOSPHOROUS FILTERED,MG/L,45.67472,-84.18667
202402001,2025-03-04 13:41:00,CCGS LIMNOS,LAKE HURON,44,454212,-843041,63,15.00,2024-09-05 02:25:00,2038,1.00,.00,0.00050000,,0,.003100,TP-P-F,TOTAL PHOSPHOROUS FILTERED,MG/L,45.70333,-84.51139
202402001,2025-03-04 13:41:00,CCGS LIMNOS,LAKE HURON,45,454848,-844519,64,36.00,2024-09-05 04:05:00,2038,1.00,.00,0.00050000,,0,.002100,TP-P-F,TOTAL PHOSPHOROUS FILTERED,MG/L,45.81333,-84.75528
202402001,2025-03-04 13:41:00,CCGS LIMNOS,LAKE HURON,45,454848,-844519,64,36.00,2024-09-05 04:05:00,2038,1.00,.00,0.00050000,,1,.001400,TP-P-F,TOTAL PHOSPHOROUS FILTERED,MG/L,45.81333,-84.75528
202402001,2025-03-04 13:41:00,CCGS LIMNOS,LAKE HURON,45,454848,-844519,64,36.00,2024-09-05 04:05:00,2038,16.00,.00,0.00050000,,0,.001200,TP-P-F,TOTAL PHOSPHOROUS FILTERED,MG/L,45.81333,-84.75528
202402001,2025-03-04 13:41:00,CCGS LIMNOS,LAKE HURON,45,454848,-844519,64,36.00,2024-09-05 04:05:00,2038,24.50,.00,0.00050000,,0,.001800,TP-P-F,TOTAL PHOSPHOROUS FILTERED,MG/L,45.81333,-84.75528
202402001,2025-03-04 13:41:00,CCGS LIMNOS,LAKE HURON,45,454848,-844519,64,36.00,2024-09-05 04:05:00,2038,26.00,.00,0.00050000,,0,.001700,TP-P-F,TOTAL PHOSPHOROUS FILTERED,MG/L,45.81333,-84.75528
202402001,2025-03-04 13:41:00,CCGS LIMNOS,LAKE HURON,45,454848,-844519,64,36.00,2024-09-05 04:05:00,2038,33.00,.00,0.00050000,,0,.002100,TP-P-F,TOTAL PHOSPHOROUS FILTERED,MG/L,45.81333,-84.75528
202402001,2025-03-04 13:41:00,CCGS LIMNOS,LAKE HURON,46,455043,-843400,65,58.50,2024-09-05 05:27:00,2038,1.00,.00,0.00050000,,0,.001600,TP-P-F,TOTAL PHOSPHOROUS FILTERED,MG/L,45.84528,-84.56667
202402001,2025-03-04 13:41:00,CCGS LIMNOS,LAKE HURON,47,455149,-841741,66,69.00,2024-09-05 07:08:00,2038,1.00,.00,0.00050000,,0,.001000,TP-P-F,TOTAL PHOSPHOROUS FILTERED,MG/L,45.86361,-84.29472
202402001,2025-03-04 13:41:00,CCGS LIMNOS,LAKE HURON,48,455606,-835359,67,31.00,2024-09-05 09:35:00,2038,1.00,.00,0.00050000,,0,.001200,TP-P-F,TOTAL PHOSPHOROUS FILTERED,MG/L,45.93500,-83.89972
202402001,2025-03-04 13:41:00,CCGS LIMNOS,LAKE HURON,49,460442,-840141,69,10.00,2024-09-05 11:24:00,2038,1.00,.00,0.00050000,,0,.001000,TP-P-F,TOTAL PHOSPHOROUS FILTERED,MG/L,46.07833,-84.02806
202402001,2025-03-04 13:41:00,CCGS LIMNOS,LAKE HURON,49,460442,-840141,69,10.00,2024-09-05 11:24:00,2038,8.00,.00,0.00050000,,0,.001200,TP-P-F,TOTAL PHOSPHOROUS FILTERED,MG/L,46.07833,-84.02806
202402001,2025-03-04 13:41:00,CCGS LIMNOS,LAKE HURON,50,460230,-835112,68,17.00,2024-09-05 12:44:00,2038,1.00,.00,0.00050000,,0,.001500,TP-P-F,TOTAL PHOSPHOROUS FILTERED,MG/L,46.04167,-83.85333
202402001,2025-03-04 13:41:00,CCGS LIMNOS,LAKE HURON,50,460230,-835112,68,17.00,2024-09-05 12:44:00,2038,998.00,.00,0.00050000,<,0,.000500,TP-P-F,TOTAL PHOSPHOROUS FILTERED,MG/L,46.04167,-83.85333
202402001,2025-03-04 13:41:00,CCGS LIMNOS,LAKE HURON,50,460230,-835112,68,17.00,2024-09-05 12:44:00,2038,999.00,.00,0.00050000,<,0,.000500,TP-P-F,TOTAL PHOSPHOROUS FILTERED,MG/L,46.04167,-83.85333
202402001,2025-03-04 13:41:00,CCGS LIMNOS,LAKE HURON,51,460812,-834018,70,22.00,2024-09-05 14:24:00,2038,1.00,.00,0.00050000,,0,.001300,TP-P-F,TOTAL PHOSPHOROUS FILTERED,MG/L,46.13667,-83.67167
202402001,2025-03-04 13:41:00,CCGS LIMNOS,LAKE HURON,52,461400,-834447,71,34.00,2024-09-05 15:25:00,2038,1.00,.00,0.00050000,,0,.001100,TP-P-F,TOTAL PHOSPHOROUS FILTERED,MG/L,46.23333,-83.74639
202402001,2025-03-04 13:41:00,CCGS LIMNOS,LAKE HURON,52,461400,-834447,71,34.00,2024-09-05 15:25:00,2038,3.00,.00,0.00050000,,0,.001100,TP-P-F,TOTAL PHOSPHOROUS FILTERED,MG/L,46.23333,-83.74639
202402001,2025-03-04 13:41:00,CCGS LIMNOS,LAKE HURON,52,461400,-834447,71,34.00,2024-09-05 15:25:00,2038,9.50,.00,0.00050000,,0,.001600,TP-P-F,TOTAL PHOSPHOROUS FILTERED,MG/L,46.23333,-83.74639
202402001,2025-03-04 13:41:00,CCGS LIMNOS,LAKE HURON,52,461400,-834447,71,34.00,2024-09-05 15:25:00,2038,16.00,.00,0.00050000,,0,.001300,TP-P-F,TOTAL PHOSPHOROUS FILTERED,MG/L,46.23333,-83.74639
202402001,2025-03-04 13:41:00,CCGS LIMNOS,LAKE HURON,52,461400,-834447,71,34.00,2024-09-05 15:25:00,2038,32.00,.00,0.00050000,,0,.001500,TP-P-F,TOTAL PHOSPHOROUS FILTERED,MG/L,46.23333,-83.74639
202402001,2025-03-04 13:41:00,CCGS LIMNOS,LAKE HURON,53,461112,-832117,73,19.00,2024-09-05 17:38:00,2038,1.00,.00,0.00050000,,0,.001100,TP-P-F,TOTAL PHOSPHOROUS FILTERED,MG/L,46.18667,-83.35472
202402001,2025-03-04 13:41:00,CCGS LIMNOS,LAKE HURON,54,460724,-825309,79,26.00,2024-09-05 20:17:00,2038,1.00,.00,0.00050000,,0,.001800,TP-P-F,TOTAL PHOSPHOROUS FILTERED,MG/L,46.12333,-82.88583
202402001,2025-03-04 13:41:00,CCGS LIMNOS,LAKE HURON,54,460724,-825309,79,26.00,2024-09-05 20:17:00,2038,10.00,.00,0.00050000,,0,.001600,TP-P-F,TOTAL PHOSPHOROUS FILTERED,MG/L,46.12333,-82.88583
202402001,2025-03-04 13:41:00,CCGS LIMNOS,LAKE HURON,54,460724,-825309,79,26.00,2024-09-05 20:17:00,2038,24.00,.00,0.00050000,,0,.001500,TP-P-F,TOTAL PHOSPHOROUS FILTERED,MG/L,46.12333,-82.88583
202402001,2025-03-04 13:41:00,CCGS LIMNOS,LAKE HURON,55,460530,-823324,84,36.00,2024-09-05 22:18:00,2038,1.00,.00,0.00050000,,0,.001300,TP-P-F,TOTAL PHOSPHOROUS FILTERED,MG/L,46.09167,-82.55667
202402001,2025-03-04 13:41:00,CCGS LIMNOS,LAKE HURON,55,460530,-823324,84,36.00,2024-09-05 22:18:00,2038,1.00,.00,0.00050000,,1,.001300,TP-P-F,TOTAL PHOSPHOROUS FILTERED,MG/L,46.09167,-82.55667
202402001,2025-03-04 13:41:00,CCGS LIMNOS,LAKE HURON,55,460530,-823324,84,36.00,2024-09-05 22:18:00,2038,7.00,.00,0.00050000,,0,.001300,TP-P-F,TOTAL PHOSPHOROUS FILTERED,MG/L,46.09167,-82.55667
202402001,2025-03-04 13:41:00,CCGS LIMNOS,LAKE HURON,55,460530,-823324,84,36.00,2024-09-05 22:18:00,2038,20.50,.00,0.00050000,,0,.001900,TP-P-F,TOTAL PHOSPHOROUS FILTERED,MG/L,46.09167,-82.55667
202402001,2025-03-04 13:41:00,CCGS LIMNOS,LAKE HURON,55,460530,-823324,84,36.00,2024-09-05 22:18:00,2038,26.00,.00,0.00050000,,0,.001400,TP-P-F,TOTAL PHOSPHOROUS FILTERED,MG/L,46.09167,-82.55667
202402001,2025-03-04 13:41:00,CCGS LIMNOS,LAKE HURON,55,460530,-823324,84,36.00,2024-09-05 22:18:00,2038,34.00,.00,0.00050000,,0,.001900,TP-P-F,TOTAL PHOSPHOROUS FILTERED,MG/L,46.09167,-82.55667
202402001,2025-03-04 13:41:00,CCGS LIMNOS,LAKE HURON,56,460340,-821149,87,35.00,2024-09-06 00:45:00,2038,1.00,.00,0.00050000,,0,.002200,TP-P-F,TOTAL PHOSPHOROUS FILTERED,MG/L,46.06111,-82.19694
202402001,2025-03-04 13:41:00,CCGS LIMNOS,LAKE HURON,57,460320,-815959,88,36.00,2024-09-06 02:07:00,2038,1.00,.00,0.00050000,,0,.001500,TP-P-F,TOTAL PHOSPHOROUS FILTERED,MG/L,46.05556,-81.99972
202402001,2025-03-04 13:41:00,CCGS LIMNOS,LAKE HURON,58,455459,-820940,89,39.00,2024-09-06 03:48:00,2038,1.00,.00,0.00050000,,0,.001900,TP-P-F,TOTAL PHOSPHOROUS FILTERED,MG/L,45.91639,-82.16111
202402001,2025-03-04 13:41:00,CCGS LIMNOS,LAKE HURON,59,460000,-823258,83,31.00,2024-09-06 07:05:00,2038,1.00,.00,0.00050000,,0,.001600,TP-P-F,TOTAL PHOSPHOROUS FILTERED,MG/L,46.00000,-82.54944
202402001,2025-03-04 13:41:00,CCGS LIMNOS,LAKE HURON,60,455611,-824527,82,28.50,2024-09-06 08:34:00,2038,1.00,.00,0.00050000,,0,.001300,TP-P-F,TOTAL PHOSPHOROUS FILTERED,MG/L,45.93639,-82.75750
202402001,2025-03-04 13:41:00,CCGS LIMNOS,LAKE HURON,60,455611,-824527,82,28.50,2024-09-06 08:34:00,2038,998.00,.00,0.00050000,,0,.000500,TP-P-F,TOTAL PHOSPHOROUS FILTERED,MG/L,45.93639,-82.75750
202402001,2025-03-04 13:41:00,CCGS LIMNOS,LAKE HURON,60,455611,-824527,82,28.50,2024-09-06 08:34:00,2038,999.00,.00,0.00050000,,0,.000500,TP-P-F,TOTAL PHOSPHOROUS FILTERED,MG/L,45.93639,-82.75750
202402001,2025-03-04 13:41:00,CCGS LIMNOS,LAKE HURON,61,455811,-831154,77,78.00,2024-09-06 11:34:00,2038,1.00,.00,0.00050000,,0,.001000,TP-P-F,TOTAL PHOSPHOROUS FILTERED,MG/L,45.96972,-83.19833
202402001,2025-03-04 13:41:00,CCGS LIMNOS,LAKE HURON,62,455959,-832600,76,58.00,2024-09-06 13:08:00,2038,1.00,.00,0.00050000,,0,.001700,TP-P-F,TOTAL PHOSPHOROUS FILTERED,MG/L,45.99972,-83.43333
202402001,2025-03-04 13:41:00,CCGS LIMNOS,LAKE HURON,63,455405,-833105,60,25.00,2024-09-06 14:16:00,2038,1.00,.00,0.00050000,,0,.002300,TP-P-F,TOTAL PHOSPHOROUS FILTERED,MG/L,45.90139,-83.51806
202402001,2025-03-04 13:41:00,CCGS LIMNOS,LAKE HURON,64,455159,-831600,58,12.00,2024-09-06 16:39:00,2038,1.00,.00,0.00050000,,0,.001300,TP-P-F,TOTAL PHOSPHOROUS FILTERED,MG/L,45.86639,-83.26667
202402001,2025-03-04 13:41:00,CCGS LIMNOS,LAKE HURON,65,454600,-830141,59,18.00,2024-09-06 18:18:00,2038,1.00,.00,0.00050000,,0,.000900,TP-P-F,TOTAL PHOSPHOROUS FILTERED,MG/L,45.76667,-83.02806
202402001,2025-03-04 13:41:00,CCGS LIMNOS,LAKE HURON,65,454600,-830141,59,18.00,2024-09-06 18:18:00,2038,1.00,.00,0.00050000,,1,.001000,TP-P-F,TOTAL PHOSPHOROUS FILTERED,MG/L,45.76667,-83.02806
202402001,2025-03-04 13:41:00,CCGS LIMNOS,LAKE HURON,66,453905,-823852,52,66.00,2024-09-06 20:48:00,2038,1.00,.00,0.00050000,,0,.001300,TP-P-F,TOTAL PHOSPHOROUS FILTERED,MG/L,45.65139,-82.64778
202402001,2025-03-04 13:41:00,CCGS LIMNOS,LAKE HURON,67,453205,-820242,50,27.00,2024-09-07 00:19:00,2038,1.00,.00,0.00050000,,0,.000600,TP-P-F,TOTAL PHOSPHOROUS FILTERED,MG/L,45.53472,-82.04500
202402001,2025-03-04 13:41:00,CCGS LIMNOS,LAKE HURON,68,451316,-814909,42,42.00,2024-09-07 03:12:00,2038,1.00,.00,0.00050000,,0,.000900,TP-P-F,TOTAL PHOSPHOROUS FILTERED,MG/L,45.22111,-81.81917
202402001,2025-03-04 13:41:00,CCGS LIMNOS,LAKE HURON,1,430523,-822330,1,11.00,2024-08-26 18:44:00,2042,1.00,.00,0.01000000,,0,26.400000,CA-F,CALCIUM,MG/L,43.08972,-82.39167
202402001,2025-03-04 13:41:00,CCGS LIMNOS,LAKE HURON,1,430523,-822330,1,11.00,2024-08-26 18:44:00,2042,9.00,.00,0.01000000,,0,26.200000,CA-F,CALCIUM,MG/L,43.08972,-82.39167
202402001,2025-03-04 13:41:00,CCGS LIMNOS,LAKE HURON,2,432030,-823021,7,11.00,2024-08-26 20:43:00,2042,1.00,.00,0.01000000,,0,26.000000,CA-F,CALCIUM,MG/L,43.34167,-82.50583
202402001,2025-03-04 13:41:00,CCGS LIMNOS,LAKE HURON,3,433402,-822907,8,30.00,2024-08-26 22:29:00,2042,1.00,.00,0.01000000,,0,26.000000,CA-F,CALCIUM,MG/L,43.56722,-82.48528
202402001,2025-03-04 13:41:00,CCGS LIMNOS,LAKE HURON,4,433759,-821301,9,60.00,2024-08-27 00:08:00,2042,1.00,.00,0.01000000,,0,25.800000,CA-F,CALCIUM,MG/L,43.63306,-82.21694
202402001,2025-03-04 13:41:00,CCGS LIMNOS,LAKE HURON,4,433759,-821301,9,60.00,2024-08-27 00:08:00,2042,23.00,.00,0.01000000,,0,26.000000,CA-F,CALCIUM,MG/L,43.63306,-82.21694
202402001,2025-03-04 13:41:00,CCGS LIMNOS,LAKE HURON,4,433759,-821301,9,60.00,2024-08-27 00:08:00,2042,32.00,.00,0.01000000,,0,25.500000,CA-F,CALCIUM,MG/L,43.63306,-82.21694
202402001,2025-03-04 13:41:00,CCGS LIMNOS,LAKE HURON,4,433759,-821301,9,60.00,2024-08-27 00:08:00,2042,41.00,.00,0.01000000,,0,25.700000,CA-F,CALCIUM,MG/L,43.63306,-82.21694
202402001,2025-03-04 13:41:00,CCGS LIMNOS,LAKE HURON,4,433759,-821301,9,60.00,2024-08-27 00:08:00,2042,50.00,.00,0.01000000,,0,25.600000,CA-F,CALCIUM,MG/L,43.63306,-82.21694
202402001,2025-03-04 13:41:00,CCGS LIMNOS,LAKE HURON,4,433759,-821301,9,60.00,2024-08-27 00:08:00,2042,58.00,.00,0.01000000,,0,25.600000,CA-F,CALCIUM,MG/L,43.63306,-82.21694
202402001,2025-03-04 13:41:00,CCGS LIMNOS,LAKE HURON,5,434513,-823405,13,17.00,2024-08-27 03:04:00,2042,1.00,.00,0.01000000,,0,26.000000,CA-F,CALCIUM,MG/L,43.75361,-82.56806
202402001,2025-03-04 13:41:00,CCGS LIMNOS,LAKE HURON,5,434513,-823405,13,17.00,2024-08-27 03:04:00,2042,1.00,.00,0.01000000,,1,26.000000,CA-F,CALCIUM,MG/L,43.75361,-82.56806
202402001,2025-03-04 13:41:00,CCGS LIMNOS,LAKE HURON,6,435631,-824000,14,12.50,2024-08-27 04:44:00,2042,1.00,.00,0.01000000,,0,25.900000,CA-F,CALCIUM,MG/L,43.94194,-82.66667
202402001,2025-03-04 13:41:00,CCGS LIMNOS,LAKE HURON,7,440600,-825159,17,15.00,2024-08-27 06:32:00,2042,1.00,.00,0.01000000,,0,26.000000,CA-F,CALCIUM,MG/L,44.10000,-82.86639
202402001,2025-03-04 13:41:00,CCGS LIMNOS,LAKE HURON,7,440600,-825159,17,15.00,2024-08-27 06:32:00,2042,10.00,.00,0.01000000,,0,25.800000,CA-F,CALCIUM,MG/L,44.10000,-82.86639
202402001,2025-03-04 13:41:00,CCGS LIMNOS,LAKE HURON,7,440600,-825159,17,15.00,2024-08-27 06:32:00,2042,13.00,.00,0.01000000,,0,25.600000,CA-F,CALCIUM,MG/L,44.10000,-82.86639
202402001,2025-03-04 13:41:00,CCGS LIMNOS,LAKE HURON,8,440409,-830450,94,14.50,2024-08-27 07:55:00,2042,1.00,.00,0.01000000,,0,25.700000,CA-F,CALCIUM,MG/L,44.06917,-83.08056
202402001,2025-03-04 13:41:00,CCGS LIMNOS,LAKE HURON,9,440735,-831014,96,30.00,2024-08-27 08:46:00,2042,1.00,.00,0.01000000,,0,25.500000,CA-F,CALCIUM,MG/L,44.12639,-83.17056
202402001,2025-03-04 13:41:00,CCGS LIMNOS,LAKE HURON,10,440654,-833144,97,11.00,2024-08-27 10:47:00,2042,1.00,.00,0.01000000,,0,28.200000,CA-F,CALCIUM,MG/L,44.11500,-83.52889
202402001,2025-03-04 13:41:00,CCGS LIMNOS,LAKE HURON,10,440654,-833144,97,11.00,2024-08-27 10:47:00,2042,998.00,.00,0.01000000,,0,.010000,CA-F,CALCIUM,MG/L,44.11500,-83.52889
202402001,2025-03-04 13:41:00,CCGS LIMNOS,LAKE HURON,10,440654,-833144,97,11.00,2024-08-27 10:47:00,2042,999.00,.00,0.01000000,<,0,.010000,CA-F,CALCIUM,MG/L,44.11500,-83.52889
202402001,2025-03-04 13:41:00,CCGS LIMNOS,LAKE HURON,11,435834,-833430,98,11.00,2024-08-27 12:08:00,2042,1.00,.00,0.01000000,,0,30.500000,CA-F,CALCIUM,MG/L,43.97611,-83.57500
202402001,2025-03-04 13:41:00,CCGS LIMNOS,LAKE HURON,12,434915,-833728,101,6.00,2024-08-27 13:32:00,2042,1.00,.00,0.01000000,,0,29.700000,CA-F,CALCIUM,MG/L,43.82083,-83.62444
202402001,2025-03-04 13:41:00,CCGS LIMNOS,LAKE HURON,13,434930,-834901,100,7.00,2024-08-27 14:43:00,2042,.50,.00,0.01000000,,0,32.500000,CA-F,CALCIUM,MG/L,43.82500,-83.81694
202402001,2025-03-04 13:41:00,CCGS LIMNOS,LAKE HURON,13,434930,-834901,100,7.00,2024-08-27 14:43:00,2042,1.00,.00,0.01000000,,0,32.600000,CA-F,CALCIUM,MG/L,43.82500,-83.81694
202402001,2025-03-04 13:41:00,CCGS LIMNOS,LAKE HURON,13,434930,-834901,100,7.00,2024-08-27 14:43:00,2042,5.00,.00,0.01000000,,0,32.700000,CA-F,CALCIUM,MG/L,43.82500,-83.81694
202402001,2025-03-04 13:41:00,CCGS LIMNOS,LAKE HURON,14,435430,-834427,99,7.00,2024-08-27 15:59:00,2042,1.00,.00,0.01000000,,0,32.800000,CA-F,CALCIUM,MG/L,43.90833,-83.74083
202402001,2025-03-04 13:41:00,CCGS LIMNOS,LAKE HURON,15,441246,-832214,95,21.00,2024-08-27 19:10:00,2042,1.00,.00,0.01000000,,0,26.100000,CA-F,CALCIUM,MG/L,44.21278,-83.37056
202402001,2025-03-04 13:41:00,CCGS LIMNOS,LAKE HURON,15,441246,-832214,95,21.00,2024-08-27 19:10:00,2042,1.00,.00,0.01000000,,1,26.100000,CA-F,CALCIUM,MG/L,44.21278,-83.37056
202402001,2025-03-04 13:41:00,CCGS LIMNOS,LAKE HURON,15,441246,-832214,95,21.00,2024-08-27 19:10:00,2042,11.00,.00,0.01000000,,0,25.100000,CA-F,CALCIUM,MG/L,44.21278,-83.37056
202402001,2025-03-04 13:41:00,CCGS LIMNOS,LAKE HURON,15,441246,-832214,95,21.00,2024-08-27 19:10:00,2042,19.00,.00,0.01000000,,0,25.100000,CA-F,CALCIUM,MG/L,44.21278,-83.37056
202402001,2025-03-04 13:41:00,CCGS LIMNOS,LAKE HURON,16,442002,-831758,23,9.00,2024-08-27 20:21:00,2042,1.00,.00,0.01000000,,0,25.900000,CA-F,CALCIUM,MG/L,44.33389,-83.29944
202402001,2025-03-04 13:41:00,CCGS LIMNOS,LAKE HURON,17,441303,-830501,20,47.00,2024-08-27 22:00:00,2042,1.00,.00,0.01000000,,0,25.000000,CA-F,CALCIUM,MG/L,44.21750,-83.08361
202402001,2025-03-04 13:41:00,CCGS LIMNOS,LAKE HURON,18,431525,-820217,3,16.00,2024-08-28 06:31:00,2042,1.00,.00,0.01000000,,0,26.400000,CA-F,CALCIUM,MG/L,43.25694,-82.03806
202402001,2025-03-04 13:41:00,CCGS LIMNOS,LAKE HURON,19,431930,-814717,4,10.00,2024-08-28 08:11:00,2042,1.00,.00,0.01000000,,0,26.400000,CA-F,CALCIUM,MG/L,43.32500,-81.78806
202402001,2025-03-04 13:41:00,CCGS LIMNOS,LAKE HURON,20,433254,-814441,5,11.50,2024-08-28 09:54:00,2042,1.00,.00,0.01000000,,0,26.100000,CA-F,CALCIUM,MG/L,43.54833,-81.74472
202402001,2025-03-04 13:41:00,CCGS LIMNOS,LAKE HURON,20,433254,-814441,5,11.50,2024-08-28 09:54:00,2042,998.00,.00,0.01000000,,0,.010000,CA-F,CALCIUM,MG/L,43.54833,-81.74472
202402001,2025-03-04 13:41:00,CCGS LIMNOS,LAKE HURON,20,433254,-814441,5,11.50,2024-08-28 09:54:00,2042,999.00,.00,0.01000000,<,0,.010000,CA-F,CALCIUM,MG/L,43.54833,-81.74472
202402001,2025-03-04 13:41:00,CCGS LIMNOS,LAKE HURON,21,434512,-814652,10,12.50,2024-08-28 11:47:00,2042,1.00,.00,0.01000000,,0,25.900000,CA-F,CALCIUM,MG/L,43.75333,-81.78111
202402001,2025-03-04 13:41:00,CCGS LIMNOS,LAKE HURON,22,435723,-814712,11,10.50,2024-08-28 22:01:00,2042,1.00,.00,0.01000000,,0,25.700000,CA-F,CALCIUM,MG/L,43.95639,-81.78667
202402001,2025-03-04 13:41:00,CCGS LIMNOS,LAKE HURON,23,442159,-815000,29,123.00,2024-08-29 01:48:00,2042,1.00,.00,0.01000000,,0,25.700000,CA-F,CALCIUM,MG/L,44.36639,-81.83333
202402001,2025-03-04 13:41:00,CCGS LIMNOS,LAKE HURON,23,442159,-815000,29,123.00,2024-08-29 01:48:00,2042,14.00,.00,0.01000000,,0,25.600000,CA-F,CALCIUM,MG/L,44.36639,-81.83333
202402001,2025-03-04 13:41:00,CCGS LIMNOS,LAKE HURON,23,442159,-815000,29,123.00,2024-08-29 01:48:00,2042,24.00,.00,0.01000000,,0,25.300000,CA-F,CALCIUM,MG/L,44.36639,-81.83333
202402001,2025-03-04 13:41:00,CCGS LIMNOS,LAKE HURON,23,442159,-815000,29,123.00,2024-08-29 01:48:00,2042,34.00,.00,0.01000000,,0,25.400000,CA-F,CALCIUM,MG/L,44.36639,-81.83333
202402001,2025-03-04 13:41:00,CCGS LIMNOS,LAKE HURON,23,442159,-815000,29,123.00,2024-08-29 01:48:00,2042,113.00,.00,0.01000000,,0,25.700000,CA-F,CALCIUM,MG/L,44.36639,-81.83333
202402001,2025-03-04 13:41:00,CCGS LIMNOS,LAKE HURON,23,442159,-815000,29,123.00,2024-08-29 01:48:00,2042,121.00,.00,0.01000000,,0,26.000000,CA-F,CALCIUM,MG/L,44.36639,-81.83333
202402001,2025-03-04 13:41:00,CCGS LIMNOS,LAKE HURON,24,442759,-812712,30,21.50,2024-08-29 05:15:00,2042,1.00,.00,0.01000000,,0,25.900000,CA-F,CALCIUM,MG/L,44.46639,-81.45333
202402001,2025-03-04 13:41:00,CCGS LIMNOS,LAKE HURON,25,443924,-812242,39,26.00,2024-08-29 06:59:00,2042,1.00,.00,0.01000000,,0,26.400000,CA-F,CALCIUM,MG/L,44.65667,-81.37833
202402001,2025-03-04 13:41:00,CCGS LIMNOS,LAKE HURON,25,443924,-812242,39,26.00,2024-08-29 06:59:00,2042,1.00,.00,0.01000000,,1,26.300000,CA-F,CALCIUM,MG/L,44.65667,-81.37833
202402001,2025-03-04 13:41:00,CCGS LIMNOS,LAKE HURON,26,445354,-812613,40,20.00,2024-08-29 09:31:00,2042,1.00,.00,0.01000000,,0,25.500000,CA-F,CALCIUM,MG/L,44.89833,-81.43694
202402001,2025-03-04 13:41:00,CCGS LIMNOS,LAKE HURON,27,450459,-813212,41,22.50,2024-08-29 11:17:00,2042,1.00,.00,0.01000000,,0,27.600000,CA-F,CALCIUM,MG/L,45.08306,-81.53667
202402001,2025-03-04 13:41:00,CCGS LIMNOS,LAKE HURON,28,450048,-820030,43,172.00,2024-08-29 14:43:00,2042,1.00,.00,0.01000000,,0,25.300000,CA-F,CALCIUM,MG/L,45.01333,-82.00833
202402001,2025-03-04 13:41:00,CCGS LIMNOS,LAKE HURON,29,451642,-822707,48,110.00,2024-08-29 18:21:00,2042,1.00,.00,0.01000000,,0,25.200000,CA-F,CALCIUM,MG/L,45.27833,-82.45194
202402001,2025-03-04 13:41:00,CCGS LIMNOS,LAKE HURON,30,450059,-824106,44,166.50,2024-08-29 21:09:00,2042,1.00,.00,0.01000000,,0,24.600000,CA-F,CALCIUM,MG/L,45.01639,-82.68500
202402001,2025-03-04 13:41:00,CCGS LIMNOS,LAKE HURON,30,450059,-824106,44,166.50,2024-08-29 21:09:00,2042,14.00,.00,0.01000000,,0,23.800000,CA-F,CALCIUM,MG/L,45.01639,-82.68500
202402001,2025-03-04 13:41:00,CCGS LIMNOS,LAKE HURON,30,450059,-824106,44,166.50,2024-08-29 21:09:00,2042,45.50,.00,0.01000000,,0,26.000000,CA-F,CALCIUM,MG/L,45.01639,-82.68500
202402001,2025-03-04 13:41:00,CCGS LIMNOS,LAKE HURON,30,450059,-824106,44,166.50,2024-08-29 21:09:00,2042,77.00,.00,0.01000000,,0,25.600000,CA-F,CALCIUM,MG/L,45.01639,-82.68500
202402001,2025-03-04 13:41:00,CCGS LIMNOS,LAKE HURON,30,450059,-824106,44,166.50,2024-08-29 21:09:00,2042,156.50,.00,0.01000000,,0,26.100000,CA-F,CALCIUM,MG/L,45.01639,-82.68500
202402001,2025-03-04 13:41:00,CCGS LIMNOS,LAKE HURON,30,450059,-824106,44,166.50,2024-08-29 21:09:00,2042,164.50,.00,0.01000000,,0,25.800000,CA-F,CALCIUM,MG/L,45.01639,-82.68500
202402001,2025-03-04 13:41:00,CCGS LIMNOS,LAKE HURON,30,450059,-824106,44,166.50,2024-08-29 21:09:00,2042,998.00,.00,0.01000000,,0,.010000,CA-F,CALCIUM,MG/L,45.01639,-82.68500
202402001,2025-03-04 13:41:00,CCGS LIMNOS,LAKE HURON,30,450059,-824106,44,166.50,2024-08-29 21:09:00,2042,999.00,.00,0.01000000,<,0,.010000,CA-F,CALCIUM,MG/L,45.01639,-82.68500
202402001,2025-03-04 13:41:00,CCGS LIMNOS,LAKE HURON,31,444424,-820326,38,134.00,2024-08-30 01:46:00,2042,1.00,.00,0.01000000,,0,25.800000,CA-F,CALCIUM,MG/L,44.74000,-82.05722
202402001,2025-03-04 13:41:00,CCGS LIMNOS,LAKE HURON,32,442712,-822030,32,83.00,2024-08-30 05:08:00,2042,1.00,.00,0.01000000,,0,25.500000,CA-F,CALCIUM,MG/L,44.45333,-82.34167
202402001,2025-03-04 13:41:00,CCGS LIMNOS,LAKE HURON,33,435325,-820324,12,87.00,2024-08-30 10:38:00,2042,1.00,.00,0.01000000,,0,26.000000,CA-F,CALCIUM,MG/L,43.89028,-82.05667
202402001,2025-03-04 13:41:00,CCGS LIMNOS,LAKE HURON,34,441154,-823011,27,55.00,2024-09-03 23:11:00,2042,1.00,.00,0.01000000,,0,25.500000,CA-F,CALCIUM,MG/L,44.19833,-82.50306
202402001,2025-03-04 13:41:00,CCGS LIMNOS,LAKE HURON,35,443000,-825000,33,72.50,2024-09-04 02:23:00,2042,1.00,.00,0.01000000,,0,25.800000,CA-F,CALCIUM,MG/L,44.50000,-82.83333
202402001,2025-03-04 13:41:00,CCGS LIMNOS,LAKE HURON,35,443000,-825000,33,72.50,2024-09-04 02:23:00,2042,1.00,.00,0.01000000,,1,25.800000,CA-F,CALCIUM,MG/L,44.50000,-82.83333
202402001,2025-03-04 13:41:00,CCGS LIMNOS,LAKE HURON,36,443824,-831354,34,9.00,2024-09-04 05:09:00,2042,1.00,.00,0.01000000,,0,25.400000,CA-F,CALCIUM,MG/L,44.64000,-83.23167
202402001,2025-03-04 13:41:00,CCGS LIMNOS,LAKE HURON,37,450224,-832241,36,9.00,2024-09-04 08:34:00,2042,1.00,.00,0.01000000,,0,25.400000,CA-F,CALCIUM,MG/L,45.04000,-83.37806
202402001,2025-03-04 13:41:00,CCGS LIMNOS,LAKE HURON,37,450224,-832241,36,9.00,2024-09-04 08:34:00,2042,7.00,.00,0.01000000,,0,25.800000,CA-F,CALCIUM,MG/L,45.04000,-83.37806
202402001,2025-03-04 13:41:00,CCGS LIMNOS,LAKE HURON,38,451516,-832044,47,23.50,2024-09-04 11:59:00,2042,1.00,.00,0.01000000,,0,25.100000,CA-F,CALCIUM,MG/L,45.25444,-83.34556
202402001,2025-03-04 13:41:00,CCGS LIMNOS,LAKE HURON,39,453100,-832459,54,132.50,2024-09-04 15:02:00,2042,1.00,.00,0.01000000,,0,24.600000,CA-F,CALCIUM,MG/L,45.51667,-83.41639
202402001,2025-03-04 13:41:00,CCGS LIMNOS,LAKE HURON,39,453100,-832459,54,132.50,2024-09-04 15:02:00,2042,11.00,.00,0.01000000,,0,24.600000,CA-F,CALCIUM,MG/L,45.51667,-83.41639
202402001,2025-03-04 13:41:00,CCGS LIMNOS,LAKE HURON,39,453100,-832459,54,132.50,2024-09-04 15:02:00,2042,25.50,.00,0.01000000,,0,24.900000,CA-F,CALCIUM,MG/L,45.51667,-83.41639
202402001,2025-03-04 13:41:00,CCGS LIMNOS,LAKE HURON,39,453100,-832459,54,132.50,2024-09-04 15:02:00,2042,40.00,.00,0.01000000,,0,25.100000,CA-F,CALCIUM,MG/L,45.51667,-83.41639
202402001,2025-03-04 13:41:00,CCGS LIMNOS,LAKE HURON,39,453100,-832459,54,132.50,2024-09-04 15:02:00,2042,122.50,.00,0.01000000,,0,25.300000,CA-F,CALCIUM,MG/L,45.51667,-83.41639
202402001,2025-03-04 13:41:00,CCGS LIMNOS,LAKE HURON,39,453100,-832459,54,132.50,2024-09-04 15:02:00,2042,130.50,.00,0.01000000,,0,26.200000,CA-F,CALCIUM,MG/L,45.51667,-83.41639
202402001,2025-03-04 13:41:00,CCGS LIMNOS,LAKE HURON,40,452530,-833905,55,37.00,2024-09-04 17:32:00,2042,1.00,.00,0.01000000,,0,25.700000,CA-F,CALCIUM,MG/L,45.42500,-83.65139
202402001,2025-03-04 13:41:00,CCGS LIMNOS,LAKE HURON,40,452530,-833905,55,37.00,2024-09-04 17:32:00,2042,998.00,.00,0.01000000,,0,.020000,CA-F,CALCIUM,MG/L,45.42500,-83.65139
202402001,2025-03-04 13:41:00,CCGS LIMNOS,LAKE HURON,40,452530,-833905,55,37.00,2024-09-04 17:32:00,2042,999.00,.00,0.01000000,<,0,.010000,CA-F,CALCIUM,MG/L,45.42500,-83.65139
202402001,2025-03-04 13:41:00,CCGS LIMNOS,LAKE HURON,41,453059,-840500,56,22.50,2024-09-04 20:07:00,2042,1.00,.00,0.01000000,,0,25.900000,CA-F,CALCIUM,MG/L,45.51639,-84.08333
202402001,2025-03-04 13:41:00,CCGS LIMNOS,LAKE HURON,42,454459,-835500,61,117.00,2024-09-04 22:19:00,2042,1.00,.00,0.01000000,,0,24.200000,CA-F,CALCIUM,MG/L,45.74972,-83.91667
202402001,2025-03-04 13:41:00,CCGS LIMNOS,LAKE HURON,43,454029,-841112,62,44.00,2024-09-05 00:10:00,2042,1.00,.00,0.01000000,,0,25.400000,CA-F,CALCIUM,MG/L,45.67472,-84.18667
202402001,2025-03-04 13:41:00,CCGS LIMNOS,LAKE HURON,44,454212,-843041,63,15.00,2024-09-05 02:25:00,2042,1.00,.00,0.01000000,,0,25.600000,CA-F,CALCIUM,MG/L,45.70333,-84.51139
202402001,2025-03-04 13:41:00,CCGS LIMNOS,LAKE HURON,45,454848,-844519,64,36.00,2024-09-05 04:05:00,2042,1.00,.00,0.01000000,,0,31.200000,CA-F,CALCIUM,MG/L,45.81333,-84.75528
202402001,2025-03-04 13:41:00,CCGS LIMNOS,LAKE HURON,45,454848,-844519,64,36.00,2024-09-05 04:05:00,2042,1.00,.00,0.01000000,,1,31.200000,CA-F,CALCIUM,MG/L,45.81333,-84.75528
202402001,2025-03-04 13:41:00,CCGS LIMNOS,LAKE HURON,45,454848,-844519,64,36.00,2024-09-05 04:05:00,2042,16.00,.00,0.01000000,,0,27.700000,CA-F,CALCIUM,MG/L,45.81333,-84.75528
202402001,2025-03-04 13:41:00,CCGS LIMNOS,LAKE HURON,45,454848,-844519,64,36.00,2024-09-05 04:05:00,2042,24.50,.00,0.01000000,,0,26.800000,CA-F,CALCIUM,MG/L,45.81333,-84.75528
202402001,2025-03-04 13:41:00,CCGS LIMNOS,LAKE HURON,45,454848,-844519,64,36.00,2024-09-05 04:05:00,2042,26.00,.00,0.01000000,,0,26.600000,CA-F,CALCIUM,MG/L,45.81333,-84.75528
202402001,2025-03-04 13:41:00,CCGS LIMNOS,LAKE HURON,45,454848,-844519,64,36.00,2024-09-05 04:05:00,2042,33.00,.00,0.01000000,,0,27.400000,CA-F,CALCIUM,MG/L,45.81333,-84.75528
202402001,2025-03-04 13:41:00,CCGS LIMNOS,LAKE HURON,46,455043,-843400,65,58.50,2024-09-05 05:27:00,2042,1.00,.00,0.01000000,,0,25.800000,CA-F,CALCIUM,MG/L,45.84528,-84.56667
202402001,2025-03-04 13:41:00,CCGS LIMNOS,LAKE HURON,47,455149,-841741,66,69.00,2024-09-05 07:08:00,2042,1.00,.00,0.01000000,,0,24.600000,CA-F,CALCIUM,MG/L,45.86361,-84.29472
202402001,2025-03-04 13:41:00,CCGS LIMNOS,LAKE HURON,48,455606,-835359,67,31.00,2024-09-05 09:35:00,2042,1.00,.00,0.01000000,,0,23.500000,CA-F,CALCIUM,MG/L,45.93500,-83.89972
202402001,2025-03-04 13:41:00,CCGS LIMNOS,LAKE HURON,49,460442,-840141,69,10.00,2024-09-05 11:24:00,2042,1.00,.00,0.01000000,,0,14.800000,CA-F,CALCIUM,MG/L,46.07833,-84.02806
202402001,2025-03-04 13:41:00,CCGS LIMNOS,LAKE HURON,49,460442,-840141,69,10.00,2024-09-05 11:24:00,2042,8.00,.00,0.01000000,,0,15.000000,CA-F,CALCIUM,MG/L,46.07833,-84.02806
202402001,2025-03-04 13:41:00,CCGS LIMNOS,LAKE HURON,50,460230,-835112,68,17.00,2024-09-05 12:44:00,2042,1.00,.00,0.01000000,,0,16.700000,CA-F,CALCIUM,MG/L,46.04167,-83.85333
202402001,2025-03-04 13:41:00,CCGS LIMNOS,LAKE HURON,50,460230,-835112,68,17.00,2024-09-05 12:44:00,2042,998.00,.00,0.01000000,,0,.030000,CA-F,CALCIUM,MG/L,46.04167,-83.85333
202402001,2025-03-04 13:41:00,CCGS LIMNOS,LAKE HURON,50,460230,-835112,68,17.00,2024-09-05 12:44:00,2042,999.00,.00,0.01000000,<,0,.010000,CA-F,CALCIUM,MG/L,46.04167,-83.85333
202402001,2025-03-04 13:41:00,CCGS LIMNOS,LAKE HURON,51,460812,-834018,70,22.00,2024-09-05 14:24:00,2042,1.00,.00,0.01000000,,0,19.300000,CA-F,CALCIUM,MG/L,46.13667,-83.67167
202402001,2025-03-04 13:41:00,CCGS LIMNOS,LAKE HURON,52,461400,-834447,71,34.00,2024-09-05 15:25:00,2042,1.00,.00,0.01000000,,0,18.500000,CA-F,CALCIUM,MG/L,46.23333,-83.74639
202402001,2025-03-04 13:41:00,CCGS LIMNOS,LAKE HURON,52,461400,-834447,71,34.00,2024-09-05 15:25:00,2042,3.00,.00,0.01000000,,0,20.500000,CA-F,CALCIUM,MG/L,46.23333,-83.74639
202402001,2025-03-04 13:41:00,CCGS LIMNOS,LAKE HURON,52,461400,-834447,71,34.00,2024-09-05 15:25:00,2042,9.50,.00,0.01000000,,0,22.100000,CA-F,CALCIUM,MG/L,46.23333,-83.74639
202402001,2025-03-04 13:41:00,CCGS LIMNOS,LAKE HURON,52,461400,-834447,71,34.00,2024-09-05 15:25:00,2042,16.00,.00,0.01000000,,0,22.700000,CA-F,CALCIUM,MG/L,46.23333,-83.74639
202402001,2025-03-04 13:41:00,CCGS LIMNOS,LAKE HURON,52,461400,-834447,71,34.00,2024-09-05 15:25:00,2042,32.00,.00,0.01000000,,0,22.800000,CA-F,CALCIUM,MG/L,46.23333,-83.74639
202402001,2025-03-04 13:41:00,CCGS LIMNOS,LAKE HURON,53,461112,-832117,73,19.00,2024-09-05 17:38:00,2042,1.00,.00,0.01000000,,0,19.700000,CA-F,CALCIUM,MG/L,46.18667,-83.35472
202402001,2025-03-04 13:41:00,CCGS LIMNOS,LAKE HURON,54,460724,-825309,79,26.00,2024-09-05 20:17:00,2042,1.00,.00,0.01000000,,0,21.700000,CA-F,CALCIUM,MG/L,46.12333,-82.88583
202402001,2025-03-04 13:41:00,CCGS LIMNOS,LAKE HURON,54,460724,-825309,79,26.00,2024-09-05 20:17:00,2042,10.00,.00,0.01000000,,0,21.100000,CA-F,CALCIUM,MG/L,46.12333,-82.88583
202402001,2025-03-04 13:41:00,CCGS LIMNOS,LAKE HURON,54,460724,-825309,79,26.00,2024-09-05 20:17:00,2042,24.00,.00,0.01000000,,0,22.200000,CA-F,CALCIUM,MG/L,46.12333,-82.88583
202402001,2025-03-04 13:41:00,CCGS LIMNOS,LAKE HURON,55,460530,-823324,84,36.00,2024-09-05 22:18:00,2042,1.00,.00,0.01000000,,0,21.400000,CA-F,CALCIUM,MG/L,46.09167,-82.55667
202402001,2025-03-04 13:41:00,CCGS LIMNOS,LAKE HURON,55,460530,-823324,84,36.00,2024-09-05 22:18:00,2042,1.00,.00,0.01000000,,1,21.500000,CA-F,CALCIUM,MG/L,46.09167,-82.55667
202402001,2025-03-04 13:41:00,CCGS LIMNOS,LAKE HURON,55,460530,-823324,84,36.00,2024-09-05 22:18:00,2042,7.00,.00,0.01000000,,0,21.100000,CA-F,CALCIUM,MG/L,46.09167,-82.55667
202402001,2025-03-04 13:41:00,CCGS LIMNOS,LAKE HURON,55,460530,-823324,84,36.00,2024-09-05 22:18:00,2042,20.50,.00,0.01000000,,0,21.700000,CA-F,CALCIUM,MG/L,46.09167,-82.55667
202402001,2025-03-04 13:41:00,CCGS LIMNOS,LAKE HURON,55,460530,-823324,84,36.00,2024-09-05 22:18:00,2042,26.00,.00,0.01000000,,0,22.100000,CA-F,CALCIUM,MG/L,46.09167,-82.55667
202402001,2025-03-04 13:41:00,CCGS LIMNOS,LAKE HURON,55,460530,-823324,84,36.00,2024-09-05 22:18:00,2042,34.00,.00,0.01000000,,0,22.400000,CA-F,CALCIUM,MG/L,46.09167,-82.55667
202402001,2025-03-04 13:41:00,CCGS LIMNOS,LAKE HURON,56,460340,-821149,87,35.00,2024-09-06 00:45:00,2042,1.00,.00,0.01000000,,0,21.400000,CA-F,CALCIUM,MG/L,46.06111,-82.19694
202402001,2025-03-04 13:41:00,CCGS LIMNOS,LAKE HURON,57,460320,-815959,88,36.00,2024-09-06 02:07:00,2042,1.00,.00,0.01000000,,0,21.200000,CA-F,CALCIUM,MG/L,46.05556,-81.99972
202402001,2025-03-04 13:41:00,CCGS LIMNOS,LAKE HURON,58,455459,-820940,89,39.00,2024-09-06 03:48:00,2042,1.00,.00,0.01000000,,0,21.400000,CA-F,CALCIUM,MG/L,45.91639,-82.16111
202402001,2025-03-04 13:41:00,CCGS LIMNOS,LAKE HURON,59,460000,-823258,83,31.00,2024-09-06 07:05:00,2042,1.00,.00,0.01000000,,0,21.600000,CA-F,CALCIUM,MG/L,46.00000,-82.54944
202402001,2025-03-04 13:41:00,CCGS LIMNOS,LAKE HURON,60,455611,-824527,82,28.50,2024-09-06 08:34:00,2042,1.00,.00,0.01000000,,0,21.200000,CA-F,CALCIUM,MG/L,45.93639,-82.75750
202402001,2025-03-04 13:41:00,CCGS LIMNOS,LAKE HURON,60,455611,-824527,82,28.50,2024-09-06 08:34:00,2042,998.00,.00,0.01000000,<,0,.010000,CA-F,CALCIUM,MG/L,45.93639,-82.75750
202402001,2025-03-04 13:41:00,CCGS LIMNOS,LAKE HURON,60,455611,-824527,82,28.50,2024-09-06 08:34:00,2042,999.00,.00,0.01000000,<,0,.010000,CA-F,CALCIUM,MG/L,45.93639,-82.75750
202402001,2025-03-04 13:41:00,CCGS LIMNOS,LAKE HURON,61,455811,-831154,77,78.00,2024-09-06 11:34:00,2042,1.00,.00,0.01000000,,0,20.800000,CA-F,CALCIUM,MG/L,45.96972,-83.19833
202402001,2025-03-04 13:41:00,CCGS LIMNOS,LAKE HURON,62,455959,-832600,76,58.00,2024-09-06 13:08:00,2042,1.00,.00,0.01000000,,0,20.500000,CA-F,CALCIUM,MG/L,45.99972,-83.43333
202402001,2025-03-04 13:41:00,CCGS LIMNOS,LAKE HURON,63,455405,-833105,60,25.00,2024-09-06 14:16:00,2042,1.00,.00,0.01000000,,0,24.400000,CA-F,CALCIUM,MG/L,45.90139,-83.51806
202402001,2025-03-04 13:41:00,CCGS LIMNOS,LAKE HURON,64,455159,-831600,58,12.00,2024-09-06 16:39:00,2042,1.00,.00,0.01000000,,0,21.100000,CA-F,CALCIUM,MG/L,45.86639,-83.26667
202402001,2025-03-04 13:41:00,CCGS LIMNOS,LAKE HURON,65,454600,-830141,59,18.00,2024-09-06 18:18:00,2042,1.00,.00,0.01000000,,0,23.200000,CA-F,CALCIUM,MG/L,45.76667,-83.02806
202402001,2025-03-04 13:41:00,CCGS LIMNOS,LAKE HURON,65,454600,-830141,59,18.00,2024-09-06 18:18:00,2042,1.00,.00,0.01000000,,1,23.200000,CA-F,CALCIUM,MG/L,45.76667,-83.02806
202402001,2025-03-04 13:41:00,CCGS LIMNOS,LAKE HURON,66,453905,-823852,52,66.00,2024-09-06 20:48:00,2042,1.00,.00,0.01000000,,0,25.100000,CA-F,CALCIUM,MG/L,45.65139,-82.64778
202402001,2025-03-04 13:41:00,CCGS LIMNOS,LAKE HURON,67,453205,-820242,50,27.00,2024-09-07 00:19:00,2042,1.00,.00,0.01000000,,0,25.300000,CA-F,CALCIUM,MG/L,45.53472,-82.04500
202402001,2025-03-04 13:41:00,CCGS LIMNOS,LAKE HURON,68,451316,-814909,42,42.00,2024-09-07 03:12:00,2042,1.00,.00,0.01000000,,0,25.500000,CA-F,CALCIUM,MG/L,45.22111,-81.81917
202402001,2025-03-04 13:41:00,CCGS LIMNOS,LAKE HURON,1,430523,-822330,1,11.00,2024-08-26 18:44:00,2044,1.00,.00,0.03000000,,0,1.010000,K-F,POTASSIUM,MG/L,43.08972,-82.39167
202402001,2025-03-04 13:41:00,CCGS LIMNOS,LAKE HURON,1,430523,-822330,1,11.00,2024-08-26 18:44:00,2044,9.00,.00,0.03000000,,0,1.010000,K-F,POTASSIUM,MG/L,43.08972,-82.39167
202402001,2025-03-04 13:41:00,CCGS LIMNOS,LAKE HURON,2,432030,-823021,7,11.00,2024-08-26 20:43:00,2044,1.00,.00,0.03000000,,0,1.010000,K-F,POTASSIUM,MG/L,43.34167,-82.50583
202402001,2025-03-04 13:41:00,CCGS LIMNOS,LAKE HURON,3,433402,-822907,8,30.00,2024-08-26 22:29:00,2044,1.00,.00,0.03000000,,0,1.040000,K-F,POTASSIUM,MG/L,43.56722,-82.48528
202402001,2025-03-04 13:41:00,CCGS LIMNOS,LAKE HURON,4,433759,-821301,9,60.00,2024-08-27 00:08:00,2044,1.00,.00,0.03000000,,0,1.030000,K-F,POTASSIUM,MG/L,43.63306,-82.21694
202402001,2025-03-04 13:41:00,CCGS LIMNOS,LAKE HURON,4,433759,-821301,9,60.00,2024-08-27 00:08:00,2044,23.00,.00,0.03000000,,0,1.020000,K-F,POTASSIUM,MG/L,43.63306,-82.21694
202402001,2025-03-04 13:41:00,CCGS LIMNOS,LAKE HURON,4,433759,-821301,9,60.00,2024-08-27 00:08:00,2044,32.00,.00,0.03000000,,0,1.020000,K-F,POTASSIUM,MG/L,43.63306,-82.21694
202402001,2025-03-04 13:41:00,CCGS LIMNOS,LAKE HURON,4,433759,-821301,9,60.00,2024-08-27 00:08:00,2044,41.00,.00,0.03000000,,0,1.030000,K-F,POTASSIUM,MG/L,43.63306,-82.21694
202402001,2025-03-04 13:41:00,CCGS LIMNOS,LAKE HURON,4,433759,-821301,9,60.00,2024-08-27 00:08:00,2044,50.00,.00,0.03000000,,0,1.000000,K-F,POTASSIUM,MG/L,43.63306,-82.21694
202402001,2025-03-04 13:41:00,CCGS LIMNOS,LAKE HURON,4,433759,-821301,9,60.00,2024-08-27 00:08:00,2044,58.00,.00,0.03000000,,0,1.010000,K-F,POTASSIUM,MG/L,43.63306,-82.21694
202402001,2025-03-04 13:41:00,CCGS LIMNOS,LAKE HURON,5,434513,-823405,13,17.00,2024-08-27 03:04:00,2044,1.00,.00,0.03000000,,0,1.040000,K-F,POTASSIUM,MG/L,43.75361,-82.56806
202402001,2025-03-04 13:41:00,CCGS LIMNOS,LAKE HURON,5,434513,-823405,13,17.00,2024-08-27 03:04:00,2044,1.00,.00,0.03000000,,1,1.020000,K-F,POTASSIUM,MG/L,43.75361,-82.56806
202402001,2025-03-04 13:41:00,CCGS LIMNOS,LAKE HURON,6,435631,-824000,14,12.50,2024-08-27 04:44:00,2044,1.00,.00,0.03000000,,0,1.040000,K-F,POTASSIUM,MG/L,43.94194,-82.66667
202402001,2025-03-04 13:41:00,CCGS LIMNOS,LAKE HURON,7,440600,-825159,17,15.00,2024-08-27 06:32:00,2044,1.00,.00,0.03000000,,0,1.060000,K-F,POTASSIUM,MG/L,44.10000,-82.86639
202402001,2025-03-04 13:41:00,CCGS LIMNOS,LAKE HURON,7,440600,-825159,17,15.00,2024-08-27 06:32:00,2044,10.00,.00,0.03000000,,0,1.040000,K-F,POTASSIUM,MG/L,44.10000,-82.86639
202402001,2025-03-04 13:41:00,CCGS LIMNOS,LAKE HURON,7,440600,-825159,17,15.00,2024-08-27 06:32:00,2044,13.00,.00,0.03000000,,0,1.010000,K-F,POTASSIUM,MG/L,44.10000,-82.86639
202402001,2025-03-04 13:41:00,CCGS LIMNOS,LAKE HURON,8,440409,-830450,94,14.50,2024-08-27 07:55:00,2044,1.00,.00,0.03000000,,0,.980000,K-F,POTASSIUM,MG/L,44.06917,-83.08056
202402001,2025-03-04 13:41:00,CCGS LIMNOS,LAKE HURON,9,440735,-831014,96,30.00,2024-08-27 08:46:00,2044,1.00,.00,0.03000000,,0,1.030000,K-F,POTASSIUM,MG/L,44.12639,-83.17056
202402001,2025-03-04 13:41:00,CCGS LIMNOS,LAKE HURON,10,440654,-833144,97,11.00,2024-08-27 10:47:00,2044,1.00,.00,0.03000000,,0,1.200000,K-F,POTASSIUM,MG/L,44.11500,-83.52889
202402001,2025-03-04 13:41:00,CCGS LIMNOS,LAKE HURON,10,440654,-833144,97,11.00,2024-08-27 10:47:00,2044,998.00,.00,0.03000000,<,0,.030000,K-F,POTASSIUM,MG/L,44.11500,-83.52889
202402001,2025-03-04 13:41:00,CCGS LIMNOS,LAKE HURON,10,440654,-833144,97,11.00,2024-08-27 10:47:00,2044,999.00,.00,0.03000000,<,0,.030000,K-F,POTASSIUM,MG/L,44.11500,-83.52889
202402001,2025-03-04 13:41:00,CCGS LIMNOS,LAKE HURON,11,435834,-833430,98,11.00,2024-08-27 12:08:00,2044,1.00,.00,0.03000000,,0,1.350000,K-F,POTASSIUM,MG/L,43.97611,-83.57500
202402001,2025-03-04 13:41:00,CCGS LIMNOS,LAKE HURON,12,434915,-833728,101,6.00,2024-08-27 13:32:00,2044,1.00,.00,0.03000000,,0,1.450000,K-F,POTASSIUM,MG/L,43.82083,-83.62444
202402001,2025-03-04 13:41:00,CCGS LIMNOS,LAKE HURON,13,434930,-834901,100,7.00,2024-08-27 14:43:00,2044,.50,.00,0.03000000,,0,1.820000,K-F,POTASSIUM,MG/L,43.82500,-83.81694
202402001,2025-03-04 13:41:00,CCGS LIMNOS,LAKE HURON,13,434930,-834901,100,7.00,2024-08-27 14:43:00,2044,1.00,.00,0.03000000,,0,1.830000,K-F,POTASSIUM,MG/L,43.82500,-83.81694
202402001,2025-03-04 13:41:00,CCGS LIMNOS,LAKE HURON,13,434930,-834901,100,7.00,2024-08-27 14:43:00,2044,5.00,.00,0.03000000,,0,1.850000,K-F,POTASSIUM,MG/L,43.82500,-83.81694
202402001,2025-03-04 13:41:00,CCGS LIMNOS,LAKE HURON,14,435430,-834427,99,7.00,2024-08-27 15:59:00,2044,1.00,.00,0.03000000,,0,1.620000,K-F,POTASSIUM,MG/L,43.90833,-83.74083
202402001,2025-03-04 13:41:00,CCGS LIMNOS,LAKE HURON,15,441246,-832214,95,21.00,2024-08-27 19:10:00,2044,1.00,.00,0.03000000,,0,1.080000,K-F,POTASSIUM,MG/L,44.21278,-83.37056
202402001,2025-03-04 13:41:00,CCGS LIMNOS,LAKE HURON,15,441246,-832214,95,21.00,2024-08-27 19:10:00,2044,1.00,.00,0.03000000,,1,1.050000,K-F,POTASSIUM,MG/L,44.21278,-83.37056
202402001,2025-03-04 13:41:00,CCGS LIMNOS,LAKE HURON,15,441246,-832214,95,21.00,2024-08-27 19:10:00,2044,11.00,.00,0.03000000,,0,.980000,K-F,POTASSIUM,MG/L,44.21278,-83.37056
202402001,2025-03-04 13:41:00,CCGS LIMNOS,LAKE HURON,15,441246,-832214,95,21.00,2024-08-27 19:10:00,2044,19.00,.00,0.03000000,,0,1.020000,K-F,POTASSIUM,MG/L,44.21278,-83.37056
202402001,2025-03-04 13:41:00,CCGS LIMNOS,LAKE HURON,16,442002,-831758,23,9.00,2024-08-27 20:21:00,2044,1.00,.00,0.03000000,,0,1.050000,K-F,POTASSIUM,MG/L,44.33389,-83.29944
202402001,2025-03-04 13:41:00,CCGS LIMNOS,LAKE HURON,17,441303,-830501,20,47.00,2024-08-27 22:00:00,2044,1.00,.00,0.03000000,,0,.980000,K-F,POTASSIUM,MG/L,44.21750,-83.08361
202402001,2025-03-04 13:41:00,CCGS LIMNOS,LAKE HURON,18,431525,-820217,3,16.00,2024-08-28 06:31:00,2044,1.00,.00,0.03000000,,0,.990000,K-F,POTASSIUM,MG/L,43.25694,-82.03806
202402001,2025-03-04 13:41:00,CCGS LIMNOS,LAKE HURON,19,431930,-814717,4,10.00,2024-08-28 08:11:00,2044,1.00,.00,0.03000000,,0,1.010000,K-F,POTASSIUM,MG/L,43.32500,-81.78806
202402001,2025-03-04 13:41:00,CCGS LIMNOS,LAKE HURON,20,433254,-814441,5,11.50,2024-08-28 09:54:00,2044,1.00,.00,0.03000000,,0,1.000000,K-F,POTASSIUM,MG/L,43.54833,-81.74472
202402001,2025-03-04 13:41:00,CCGS LIMNOS,LAKE HURON,20,433254,-814441,5,11.50,2024-08-28 09:54:00,2044,998.00,.00,0.03000000,<,0,.030000,K-F,POTASSIUM,MG/L,43.54833,-81.74472
202402001,2025-03-04 13:41:00,CCGS LIMNOS,LAKE HURON,20,433254,-814441,5,11.50,2024-08-28 09:54:00,2044,999.00,.00,0.03000000,<,0,.030000,K-F,POTASSIUM,MG/L,43.54833,-81.74472
202402001,2025-03-04 13:41:00,CCGS LIMNOS,LAKE HURON,21,434512,-814652,10,12.50,2024-08-28 11:47:00,2044,1.00,.00,0.03000000,,0,1.030000,K-F,POTASSIUM,MG/L,43.75333,-81.78111
202402001,2025-03-04 13:41:00,CCGS LIMNOS,LAKE HURON,22,435723,-814712,11,10.50,2024-08-28 22:01:00,2044,1.00,.00,0.03000000,,0,1.010000,K-F,POTASSIUM,MG/L,43.95639,-81.78667
202402001,2025-03-04 13:41:00,CCGS LIMNOS,LAKE HURON,23,442159,-815000,29,123.00,2024-08-29 01:48:00,2044,1.00,.00,0.03000000,,0,.990000,K-F,POTASSIUM,MG/L,44.36639,-81.83333
202402001,2025-03-04 13:41:00,CCGS LIMNOS,LAKE HURON,23,442159,-815000,29,123.00,2024-08-29 01:48:00,2044,14.00,.00,0.03000000,,0,1.000000,K-F,POTASSIUM,MG/L,44.36639,-81.83333
202402001,2025-03-04 13:41:00,CCGS LIMNOS,LAKE HURON,23,442159,-815000,29,123.00,2024-08-29 01:48:00,2044,24.00,.00,0.03000000,,0,.990000,K-F,POTASSIUM,MG/L,44.36639,-81.83333
202402001,2025-03-04 13:41:00,CCGS LIMNOS,LAKE HURON,23,442159,-815000,29,123.00,2024-08-29 01:48:00,2044,34.00,.00,0.03000000,,0,.960000,K-F,POTASSIUM,MG/L,44.36639,-81.83333
202402001,2025-03-04 13:41:00,CCGS LIMNOS,LAKE HURON,23,442159,-815000,29,123.00,2024-08-29 01:48:00,2044,113.00,.00,0.03000000,,0,1.000000,K-F,POTASSIUM,MG/L,44.36639,-81.83333
202402001,2025-03-04 13:41:00,CCGS LIMNOS,LAKE HURON,23,442159,-815000,29,123.00,2024-08-29 01:48:00,2044,121.00,.00,0.03000000,,0,1.010000,K-F,POTASSIUM,MG/L,44.36639,-81.83333
202402001,2025-03-04 13:41:00,CCGS LIMNOS,LAKE HURON,24,442759,-812712,30,21.50,2024-08-29 05:15:00,2044,1.00,.00,0.03000000,,0,.990000,K-F,POTASSIUM,MG/L,44.46639,-81.45333
202402001,2025-03-04 13:41:00,CCGS LIMNOS,LAKE HURON,25,443924,-812242,39,26.00,2024-08-29 06:59:00,2044,1.00,.00,0.03000000,,0,1.010000,K-F,POTASSIUM,MG/L,44.65667,-81.37833
202402001,2025-03-04 13:41:00,CCGS LIMNOS,LAKE HURON,25,443924,-812242,39,26.00,2024-08-29 06:59:00,2044,1.00,.00,0.03000000,,1,1.000000,K-F,POTASSIUM,MG/L,44.65667,-81.37833
202402001,2025-03-04 13:41:00,CCGS LIMNOS,LAKE HURON,26,445354,-812613,40,20.00,2024-08-29 09:31:00,2044,1.00,.00,0.03000000,,0,.930000,K-F,POTASSIUM,MG/L,44.89833,-81.43694
202402001,2025-03-04 13:41:00,CCGS LIMNOS,LAKE HURON,27,450459,-813212,41,22.50,2024-08-29 11:17:00,2044,1.00,.00,0.03000000,,0,.980000,K-F,POTASSIUM,MG/L,45.08306,-81.53667
202402001,2025-03-04 13:41:00,CCGS LIMNOS,LAKE HURON,28,450048,-820030,43,172.00,2024-08-29 14:43:00,2044,1.00,.00,0.03000000,,0,.960000,K-F,POTASSIUM,MG/L,45.01333,-82.00833
202402001,2025-03-04 13:41:00,CCGS LIMNOS,LAKE HURON,29,451642,-822707,48,110.00,2024-08-29 18:21:00,2044,1.00,.00,0.03000000,,0,.950000,K-F,POTASSIUM,MG/L,45.27833,-82.45194
202402001,2025-03-04 13:41:00,CCGS LIMNOS,LAKE HURON,30,450059,-824106,44,166.50,2024-08-29 21:09:00,2044,1.00,.00,0.03000000,,0,.960000,K-F,POTASSIUM,MG/L,45.01639,-82.68500
202402001,2025-03-04 13:41:00,CCGS LIMNOS,LAKE HURON,30,450059,-824106,44,166.50,2024-08-29 21:09:00,2044,14.00,.00,0.03000000,,0,.920000,K-F,POTASSIUM,MG/L,45.01639,-82.68500
202402001,2025-03-04 13:41:00,CCGS LIMNOS,LAKE HURON,30,450059,-824106,44,166.50,2024-08-29 21:09:00,2044,45.50,.00,0.03000000,,0,.990000,K-F,POTASSIUM,MG/L,45.01639,-82.68500
202402001,2025-03-04 13:41:00,CCGS LIMNOS,LAKE HURON,30,450059,-824106,44,166.50,2024-08-29 21:09:00,2044,77.00,.00,0.03000000,,0,.970000,K-F,POTASSIUM,MG/L,45.01639,-82.68500
202402001,2025-03-04 13:41:00,CCGS LIMNOS,LAKE HURON,30,450059,-824106,44,166.50,2024-08-29 21:09:00,2044,156.50,.00,0.03000000,,0,.980000,K-F,POTASSIUM,MG/L,45.01639,-82.68500
202402001,2025-03-04 13:41:00,CCGS LIMNOS,LAKE HURON,30,450059,-824106,44,166.50,2024-08-29 21:09:00,2044,164.50,.00,0.03000000,,0,.970000,K-F,POTASSIUM,MG/L,45.01639,-82.68500
202402001,2025-03-04 13:41:00,CCGS LIMNOS,LAKE HURON,30,450059,-824106,44,166.50,2024-08-29 21:09:00,2044,998.00,.00,0.03000000,<,0,.030000,K-F,POTASSIUM,MG/L,45.01639,-82.68500
202402001,2025-03-04 13:41:00,CCGS LIMNOS,LAKE HURON,30,450059,-824106,44,166.50,2024-08-29 21:09:00,2044,999.00,.00,0.03000000,<,0,.030000,K-F,POTASSIUM,MG/L,45.01639,-82.68500
202402001,2025-03-04 13:41:00,CCGS LIMNOS,LAKE HURON,31,444424,-820326,38,134.00,2024-08-30 01:46:00,2044,1.00,.00,0.03000000,,0,.960000,K-F,POTASSIUM,MG/L,44.74000,-82.05722
202402001,2025-03-04 13:41:00,CCGS LIMNOS,LAKE HURON,32,442712,-822030,32,83.00,2024-08-30 05:08:00,2044,1.00,.00,0.03000000,,0,.940000,K-F,POTASSIUM,MG/L,44.45333,-82.34167
202402001,2025-03-04 13:41:00,CCGS LIMNOS,LAKE HURON,33,435325,-820324,12,87.00,2024-08-30 10:38:00,2044,1.00,.00,0.03000000,,0,.980000,K-F,POTASSIUM,MG/L,43.89028,-82.05667
202402001,2025-03-04 13:41:00,CCGS LIMNOS,LAKE HURON,34,441154,-823011,27,55.00,2024-09-03 23:11:00,2044,1.00,.00,0.03000000,,0,.960000,K-F,POTASSIUM,MG/L,44.19833,-82.50306
202402001,2025-03-04 13:41:00,CCGS LIMNOS,LAKE HURON,35,443000,-825000,33,72.50,2024-09-04 02:23:00,2044,1.00,.00,0.03000000,,0,1.010000,K-F,POTASSIUM,MG/L,44.50000,-82.83333
202402001,2025-03-04 13:41:00,CCGS LIMNOS,LAKE HURON,35,443000,-825000,33,72.50,2024-09-04 02:23:00,2044,1.00,.00,0.03000000,,1,1.000000,K-F,POTASSIUM,MG/L,44.50000,-82.83333
202402001,2025-03-04 13:41:00,CCGS LIMNOS,LAKE HURON,36,443824,-831354,34,9.00,2024-09-04 05:09:00,2044,1.00,.00,0.03000000,,0,.970000,K-F,POTASSIUM,MG/L,44.64000,-83.23167
202402001,2025-03-04 13:41:00,CCGS LIMNOS,LAKE HURON,37,450224,-832241,36,9.00,2024-09-04 08:34:00,2044,1.00,.00,0.03000000,,0,1.010000,K-F,POTASSIUM,MG/L,45.04000,-83.37806
202402001,2025-03-04 13:41:00,CCGS LIMNOS,LAKE HURON,37,450224,-832241,36,9.00,2024-09-04 08:34:00,2044,7.00,.00,0.03000000,,0,1.040000,K-F,POTASSIUM,MG/L,45.04000,-83.37806
202402001,2025-03-04 13:41:00,CCGS LIMNOS,LAKE HURON,38,451516,-832044,47,23.50,2024-09-04 11:59:00,2044,1.00,.00,0.03000000,,0,.930000,K-F,POTASSIUM,MG/L,45.25444,-83.34556
202402001,2025-03-04 13:41:00,CCGS LIMNOS,LAKE HURON,39,453100,-832459,54,132.50,2024-09-04 15:02:00,2044,1.00,.00,0.03000000,,0,.940000,K-F,POTASSIUM,MG/L,45.51667,-83.41639
202402001,2025-03-04 13:41:00,CCGS LIMNOS,LAKE HURON,39,453100,-832459,54,132.50,2024-09-04 15:02:00,2044,11.00,.00,0.03000000,,0,.940000,K-F,POTASSIUM,MG/L,45.51667,-83.41639
202402001,2025-03-04 13:41:00,CCGS LIMNOS,LAKE HURON,39,453100,-832459,54,132.50,2024-09-04 15:02:00,2044,25.50,.00,0.03000000,,0,.950000,K-F,POTASSIUM,MG/L,45.51667,-83.41639
202402001,2025-03-04 13:41:00,CCGS LIMNOS,LAKE HURON,39,453100,-832459,54,132.50,2024-09-04 15:02:00,2044,40.00,.00,0.03000000,,0,.940000,K-F,POTASSIUM,MG/L,45.51667,-83.41639
202402001,2025-03-04 13:41:00,CCGS LIMNOS,LAKE HURON,39,453100,-832459,54,132.50,2024-09-04 15:02:00,2044,122.50,.00,0.03000000,,0,.960000,K-F,POTASSIUM,MG/L,45.51667,-83.41639
202402001,2025-03-04 13:41:00,CCGS LIMNOS,LAKE HURON,39,453100,-832459,54,132.50,2024-09-04 15:02:00,2044,130.50,.00,0.03000000,,0,.970000,K-F,POTASSIUM,MG/L,45.51667,-83.41639
202402001,2025-03-04 13:41:00,CCGS LIMNOS,LAKE HURON,40,452530,-833905,55,37.00,2024-09-04 17:32:00,2044,1.00,.00,0.03000000,,0,1.000000,K-F,POTASSIUM,MG/L,45.42500,-83.65139
202402001,2025-03-04 13:41:00,CCGS LIMNOS,LAKE HURON,40,452530,-833905,55,37.00,2024-09-04 17:32:00,2044,998.00,.00,0.03000000,<,0,.030000,K-F,POTASSIUM,MG/L,45.42500,-83.65139
202402001,2025-03-04 13:41:00,CCGS LIMNOS,LAKE HURON,40,452530,-833905,55,37.00,2024-09-04 17:32:00,2044,999.00,.00,0.03000000,<,0,.030000,K-F,POTASSIUM,MG/L,45.42500,-83.65139
202402001,2025-03-04 13:41:00,CCGS LIMNOS,LAKE HURON,41,453059,-840500,56,22.50,2024-09-04 20:07:00,2044,1.00,.00,0.03000000,,0,1.040000,K-F,POTASSIUM,MG/L,45.51639,-84.08333
202402001,2025-03-04 13:41:00,CCGS LIMNOS,LAKE HURON,42,454459,-835500,61,117.00,2024-09-04 22:19:00,2044,1.00,.00,0.03000000,,0,.900000,K-F,POTASSIUM,MG/L,45.74972,-83.91667
202402001,2025-03-04 13:41:00,CCGS LIMNOS,LAKE HURON,43,454029,-841112,62,44.00,2024-09-05 00:10:00,2044,1.00,.00,0.03000000,,0,1.010000,K-F,POTASSIUM,MG/L,45.67472,-84.18667
202402001,2025-03-04 13:41:00,CCGS LIMNOS,LAKE HURON,44,454212,-843041,63,15.00,2024-09-05 02:25:00,2044,1.00,.00,0.03000000,,0,1.020000,K-F,POTASSIUM,MG/L,45.70333,-84.51139
202402001,2025-03-04 13:41:00,CCGS LIMNOS,LAKE HURON,45,454848,-844519,64,36.00,2024-09-05 04:05:00,2044,1.00,.00,0.03000000,,0,1.330000,K-F,POTASSIUM,MG/L,45.81333,-84.75528
202402001,2025-03-04 13:41:00,CCGS LIMNOS,LAKE HURON,45,454848,-844519,64,36.00,2024-09-05 04:05:00,2044,1.00,.00,0.03000000,,1,1.330000,K-F,POTASSIUM,MG/L,45.81333,-84.75528
202402001,2025-03-04 13:41:00,CCGS LIMNOS,LAKE HURON,45,454848,-844519,64,36.00,2024-09-05 04:05:00,2044,16.00,.00,0.03000000,,0,1.180000,K-F,POTASSIUM,MG/L,45.81333,-84.75528
202402001,2025-03-04 13:41:00,CCGS LIMNOS,LAKE HURON,45,454848,-844519,64,36.00,2024-09-05 04:05:00,2044,24.50,.00,0.03000000,,0,1.140000,K-F,POTASSIUM,MG/L,45.81333,-84.75528
202402001,2025-03-04 13:41:00,CCGS LIMNOS,LAKE HURON,45,454848,-844519,64,36.00,2024-09-05 04:05:00,2044,26.00,.00,0.03000000,,0,1.090000,K-F,POTASSIUM,MG/L,45.81333,-84.75528
202402001,2025-03-04 13:41:00,CCGS LIMNOS,LAKE HURON,45,454848,-844519,64,36.00,2024-09-05 04:05:00,2044,33.00,.00,0.03000000,,0,1.120000,K-F,POTASSIUM,MG/L,45.81333,-84.75528
202402001,2025-03-04 13:41:00,CCGS LIMNOS,LAKE HURON,46,455043,-843400,65,58.50,2024-09-05 05:27:00,2044,1.00,.00,0.03000000,,0,1.070000,K-F,POTASSIUM,MG/L,45.84528,-84.56667
202402001,2025-03-04 13:41:00,CCGS LIMNOS,LAKE HURON,47,455149,-841741,66,69.00,2024-09-05 07:08:00,2044,1.00,.00,0.03000000,,0,1.010000,K-F,POTASSIUM,MG/L,45.86361,-84.29472
202402001,2025-03-04 13:41:00,CCGS LIMNOS,LAKE HURON,48,455606,-835359,67,31.00,2024-09-05 09:35:00,2044,1.00,.00,0.03000000,,0,.960000,K-F,POTASSIUM,MG/L,45.93500,-83.89972
202402001,2025-03-04 13:41:00,CCGS LIMNOS,LAKE HURON,49,460442,-840141,69,10.00,2024-09-05 11:24:00,2044,1.00,.00,0.03000000,,0,.590000,K-F,POTASSIUM,MG/L,46.07833,-84.02806
202402001,2025-03-04 13:41:00,CCGS LIMNOS,LAKE HURON,49,460442,-840141,69,10.00,2024-09-05 11:24:00,2044,8.00,.00,0.03000000,,0,.600000,K-F,POTASSIUM,MG/L,46.07833,-84.02806
202402001,2025-03-04 13:41:00,CCGS LIMNOS,LAKE HURON,50,460230,-835112,68,17.00,2024-09-05 12:44:00,2044,1.00,.00,0.03000000,,0,.690000,K-F,POTASSIUM,MG/L,46.04167,-83.85333
202402001,2025-03-04 13:41:00,CCGS LIMNOS,LAKE HURON,50,460230,-835112,68,17.00,2024-09-05 12:44:00,2044,998.00,.00,0.03000000,<,0,.030000,K-F,POTASSIUM,MG/L,46.04167,-83.85333
202402001,2025-03-04 13:41:00,CCGS LIMNOS,LAKE HURON,50,460230,-835112,68,17.00,2024-09-05 12:44:00,2044,999.00,.00,0.03000000,<,0,.030000,K-F,POTASSIUM,MG/L,46.04167,-83.85333
202402001,2025-03-04 13:41:00,CCGS LIMNOS,LAKE HURON,51,460812,-834018,70,22.00,2024-09-05 14:24:00,2044,1.00,.00,0.03000000,,0,.790000,K-F,POTASSIUM,MG/L,46.13667,-83.67167
202402001,2025-03-04 13:41:00,CCGS LIMNOS,LAKE HURON,52,461400,-834447,71,34.00,2024-09-05 15:25:00,2044,1.00,.00,0.03000000,,0,.750000,K-F,POTASSIUM,MG/L,46.23333,-83.74639
202402001,2025-03-04 13:41:00,CCGS LIMNOS,LAKE HURON,52,461400,-834447,71,34.00,2024-09-05 15:25:00,2044,3.00,.00,0.03000000,,0,.840000,K-F,POTASSIUM,MG/L,46.23333,-83.74639
202402001,2025-03-04 13:41:00,CCGS LIMNOS,LAKE HURON,52,461400,-834447,71,34.00,2024-09-05 15:25:00,2044,9.50,.00,0.03000000,,0,.890000,K-F,POTASSIUM,MG/L,46.23333,-83.74639
202402001,2025-03-04 13:41:00,CCGS LIMNOS,LAKE HURON,52,461400,-834447,71,34.00,2024-09-05 15:25:00,2044,16.00,.00,0.03000000,,0,.930000,K-F,POTASSIUM,MG/L,46.23333,-83.74639
202402001,2025-03-04 13:41:00,CCGS LIMNOS,LAKE HURON,52,461400,-834447,71,34.00,2024-09-05 15:25:00,2044,32.00,.00,0.03000000,,0,.910000,K-F,POTASSIUM,MG/L,46.23333,-83.74639
202402001,2025-03-04 13:41:00,CCGS LIMNOS,LAKE HURON,53,461112,-832117,73,19.00,2024-09-05 17:38:00,2044,1.00,.00,0.03000000,,0,.810000,K-F,POTASSIUM,MG/L,46.18667,-83.35472
202402001,2025-03-04 13:41:00,CCGS LIMNOS,LAKE HURON,54,460724,-825309,79,26.00,2024-09-05 20:17:00,2044,1.00,.00,0.03000000,,0,.910000,K-F,POTASSIUM,MG/L,46.12333,-82.88583
202402001,2025-03-04 13:41:00,CCGS LIMNOS,LAKE HURON,54,460724,-825309,79,26.00,2024-09-05 20:17:00,2044,10.00,.00,0.03000000,,0,.900000,K-F,POTASSIUM,MG/L,46.12333,-82.88583
202402001,2025-03-04 13:41:00,CCGS LIMNOS,LAKE HURON,54,460724,-825309,79,26.00,2024-09-05 20:17:00,2044,24.00,.00,0.03000000,,0,.900000,K-F,POTASSIUM,MG/L,46.12333,-82.88583
202402001,2025-03-04 13:41:00,CCGS LIMNOS,LAKE HURON,55,460530,-823324,84,36.00,2024-09-05 22:18:00,2044,1.00,.00,0.03000000,,0,.880000,K-F,POTASSIUM,MG/L,46.09167,-82.55667
202402001,2025-03-04 13:41:00,CCGS LIMNOS,LAKE HURON,55,460530,-823324,84,36.00,2024-09-05 22:18:00,2044,1.00,.00,0.03000000,,1,.890000,K-F,POTASSIUM,MG/L,46.09167,-82.55667
202402001,2025-03-04 13:41:00,CCGS LIMNOS,LAKE HURON,55,460530,-823324,84,36.00,2024-09-05 22:18:00,2044,7.00,.00,0.03000000,,0,.850000,K-F,POTASSIUM,MG/L,46.09167,-82.55667
202402001,2025-03-04 13:41:00,CCGS LIMNOS,LAKE HURON,55,460530,-823324,84,36.00,2024-09-05 22:18:00,2044,20.50,.00,0.03000000,,0,.900000,K-F,POTASSIUM,MG/L,46.09167,-82.55667
202402001,2025-03-04 13:41:00,CCGS LIMNOS,LAKE HURON,55,460530,-823324,84,36.00,2024-09-05 22:18:00,2044,26.00,.00,0.03000000,,0,.900000,K-F,POTASSIUM,MG/L,46.09167,-82.55667
202402001,2025-03-04 13:41:00,CCGS LIMNOS,LAKE HURON,55,460530,-823324,84,36.00,2024-09-05 22:18:00,2044,34.00,.00,0.03000000,,0,.910000,K-F,POTASSIUM,MG/L,46.09167,-82.55667
202402001,2025-03-04 13:41:00,CCGS LIMNOS,LAKE HURON,56,460340,-821149,87,35.00,2024-09-06 00:45:00,2044,1.00,.00,0.03000000,,0,.870000,K-F,POTASSIUM,MG/L,46.06111,-82.19694
202402001,2025-03-04 13:41:00,CCGS LIMNOS,LAKE HURON,57,460320,-815959,88,36.00,2024-09-06 02:07:00,2044,1.00,.00,0.03000000,,0,.850000,K-F,POTASSIUM,MG/L,46.05556,-81.99972
202402001,2025-03-04 13:41:00,CCGS LIMNOS,LAKE HURON,58,455459,-820940,89,39.00,2024-09-06 03:48:00,2044,1.00,.00,0.03000000,,0,.880000,K-F,POTASSIUM,MG/L,45.91639,-82.16111
202402001,2025-03-04 13:41:00,CCGS LIMNOS,LAKE HURON,59,460000,-823258,83,31.00,2024-09-06 07:05:00,2044,1.00,.00,0.03000000,,0,.910000,K-F,POTASSIUM,MG/L,46.00000,-82.54944
202402001,2025-03-04 13:41:00,CCGS LIMNOS,LAKE HURON,60,455611,-824527,82,28.50,2024-09-06 08:34:00,2044,1.00,.00,0.03000000,,0,.880000,K-F,POTASSIUM,MG/L,45.93639,-82.75750
202402001,2025-03-04 13:41:00,CCGS LIMNOS,LAKE HURON,60,455611,-824527,82,28.50,2024-09-06 08:34:00,2044,998.00,.00,0.03000000,,0,.040000,K-F,POTASSIUM,MG/L,45.93639,-82.75750
202402001,2025-03-04 13:41:00,CCGS LIMNOS,LAKE HURON,60,455611,-824527,82,28.50,2024-09-06 08:34:00,2044,999.00,.00,0.03000000,<,0,.030000,K-F,POTASSIUM,MG/L,45.93639,-82.75750
202402001,2025-03-04 13:41:00,CCGS LIMNOS,LAKE HURON,61,455811,-831154,77,78.00,2024-09-06 11:34:00,2044,1.00,.00,0.03000000,,0,.840000,K-F,POTASSIUM,MG/L,45.96972,-83.19833
202402001,2025-03-04 13:41:00,CCGS LIMNOS,LAKE HURON,62,455959,-832600,76,58.00,2024-09-06 13:08:00,2044,1.00,.00,0.03000000,,0,.840000,K-F,POTASSIUM,MG/L,45.99972,-83.43333
202402001,2025-03-04 13:41:00,CCGS LIMNOS,LAKE HURON,63,455405,-833105,60,25.00,2024-09-06 14:16:00,2044,1.00,.00,0.03000000,,0,.980000,K-F,POTASSIUM,MG/L,45.90139,-83.51806
202402001,2025-03-04 13:41:00,CCGS LIMNOS,LAKE HURON,64,455159,-831600,58,12.00,2024-09-06 16:39:00,2044,1.00,.00,0.03000000,,0,.860000,K-F,POTASSIUM,MG/L,45.86639,-83.26667
202402001,2025-03-04 13:41:00,CCGS LIMNOS,LAKE HURON,65,454600,-830141,59,18.00,2024-09-06 18:18:00,2044,1.00,.00,0.03000000,,0,.970000,K-F,POTASSIUM,MG/L,45.76667,-83.02806
202402001,2025-03-04 13:41:00,CCGS LIMNOS,LAKE HURON,65,454600,-830141,59,18.00,2024-09-06 18:18:00,2044,1.00,.00,0.03000000,,1,.930000,K-F,POTASSIUM,MG/L,45.76667,-83.02806
202402001,2025-03-04 13:41:00,CCGS LIMNOS,LAKE HURON,66,453905,-823852,52,66.00,2024-09-06 20:48:00,2044,1.00,.00,0.03000000,,0,.990000,K-F,POTASSIUM,MG/L,45.65139,-82.64778
202402001,2025-03-04 13:41:00,CCGS LIMNOS,LAKE HURON,67,453205,-820242,50,27.00,2024-09-07 00:19:00,2044,1.00,.00,0.03000000,,0,.990000,K-F,POTASSIUM,MG/L,45.53472,-82.04500
202402001,2025-03-04 13:41:00,CCGS LIMNOS,LAKE HURON,68,451316,-814909,42,42.00,2024-09-07 03:12:00,2044,1.00,.00,0.03000000,,0,1.000000,K-F,POTASSIUM,MG/L,45.22111,-81.81917
202402001,2025-03-04 13:41:00,CCGS LIMNOS,LAKE HURON,1,430523,-822330,1,11.00,2024-08-26 18:44:00,2046,1.00,.00,0.01000000,,0,7.980000,MG-F,MAGNESIUM,MG/L,43.08972,-82.39167
202402001,2025-03-04 13:41:00,CCGS LIMNOS,LAKE HURON,1,430523,-822330,1,11.00,2024-08-26 18:44:00,2046,9.00,.00,0.01000000,,0,7.890000,MG-F,MAGNESIUM,MG/L,43.08972,-82.39167
202402001,2025-03-04 13:41:00,CCGS LIMNOS,LAKE HURON,2,432030,-823021,7,11.00,2024-08-26 20:43:00,2046,1.00,.00,0.01000000,,0,7.750000,MG-F,MAGNESIUM,MG/L,43.34167,-82.50583
202402001,2025-03-04 13:41:00,CCGS LIMNOS,LAKE HURON,3,433402,-822907,8,30.00,2024-08-26 22:29:00,2046,1.00,.00,0.01000000,,0,7.750000,MG-F,MAGNESIUM,MG/L,43.56722,-82.48528
202402001,2025-03-04 13:41:00,CCGS LIMNOS,LAKE HURON,4,433759,-821301,9,60.00,2024-08-27 00:08:00,2046,1.00,.00,0.01000000,,0,7.710000,MG-F,MAGNESIUM,MG/L,43.63306,-82.21694
202402001,2025-03-04 13:41:00,CCGS LIMNOS,LAKE HURON,4,433759,-821301,9,60.00,2024-08-27 00:08:00,2046,23.00,.00,0.01000000,,0,7.740000,MG-F,MAGNESIUM,MG/L,43.63306,-82.21694
202402001,2025-03-04 13:41:00,CCGS LIMNOS,LAKE HURON,4,433759,-821301,9,60.00,2024-08-27 00:08:00,2046,32.00,.00,0.01000000,,0,7.620000,MG-F,MAGNESIUM,MG/L,43.63306,-82.21694
202402001,2025-03-04 13:41:00,CCGS LIMNOS,LAKE HURON,4,433759,-821301,9,60.00,2024-08-27 00:08:00,2046,41.00,.00,0.01000000,,0,7.640000,MG-F,MAGNESIUM,MG/L,43.63306,-82.21694
202402001,2025-03-04 13:41:00,CCGS LIMNOS,LAKE HURON,4,433759,-821301,9,60.00,2024-08-27 00:08:00,2046,50.00,.00,0.01000000,,0,7.610000,MG-F,MAGNESIUM,MG/L,43.63306,-82.21694
202402001,2025-03-04 13:41:00,CCGS LIMNOS,LAKE HURON,4,433759,-821301,9,60.00,2024-08-27 00:08:00,2046,58.00,.00,0.01000000,,0,7.610000,MG-F,MAGNESIUM,MG/L,43.63306,-82.21694
202402001,2025-03-04 13:41:00,CCGS LIMNOS,LAKE HURON,5,434513,-823405,13,17.00,2024-08-27 03:04:00,2046,1.00,.00,0.01000000,,0,7.780000,MG-F,MAGNESIUM,MG/L,43.75361,-82.56806
202402001,2025-03-04 13:41:00,CCGS LIMNOS,LAKE HURON,5,434513,-823405,13,17.00,2024-08-27 03:04:00,2046,1.00,.00,0.01000000,,1,7.770000,MG-F,MAGNESIUM,MG/L,43.75361,-82.56806
202402001,2025-03-04 13:41:00,CCGS LIMNOS,LAKE HURON,6,435631,-824000,14,12.50,2024-08-27 04:44:00,2046,1.00,.00,0.01000000,,0,7.860000,MG-F,MAGNESIUM,MG/L,43.94194,-82.66667
202402001,2025-03-04 13:41:00,CCGS LIMNOS,LAKE HURON,7,440600,-825159,17,15.00,2024-08-27 06:32:00,2046,1.00,.00,0.01000000,,0,8.020000,MG-F,MAGNESIUM,MG/L,44.10000,-82.86639
202402001,2025-03-04 13:41:00,CCGS LIMNOS,LAKE HURON,7,440600,-825159,17,15.00,2024-08-27 06:32:00,2046,10.00,.00,0.01000000,,0,7.830000,MG-F,MAGNESIUM,MG/L,44.10000,-82.86639
202402001,2025-03-04 13:41:00,CCGS LIMNOS,LAKE HURON,7,440600,-825159,17,15.00,2024-08-27 06:32:00,2046,13.00,.00,0.01000000,,0,7.740000,MG-F,MAGNESIUM,MG/L,44.10000,-82.86639
202402001,2025-03-04 13:41:00,CCGS LIMNOS,LAKE HURON,8,440409,-830450,94,14.50,2024-08-27 07:55:00,2046,1.00,.00,0.01000000,,0,7.760000,MG-F,MAGNESIUM,MG/L,44.06917,-83.08056
202402001,2025-03-04 13:41:00,CCGS LIMNOS,LAKE HURON,9,440735,-831014,96,30.00,2024-08-27 08:46:00,2046,1.00,.00,0.01000000,,0,7.700000,MG-F,MAGNESIUM,MG/L,44.12639,-83.17056
202402001,2025-03-04 13:41:00,CCGS LIMNOS,LAKE HURON,10,440654,-833144,97,11.00,2024-08-27 10:47:00,2046,1.00,.00,0.01000000,,0,8.860000,MG-F,MAGNESIUM,MG/L,44.11500,-83.52889
202402001,2025-03-04 13:41:00,CCGS LIMNOS,LAKE HURON,10,440654,-833144,97,11.00,2024-08-27 10:47:00,2046,998.00,.00,0.01000000,<,0,.010000,MG-F,MAGNESIUM,MG/L,44.11500,-83.52889
202402001,2025-03-04 13:41:00,CCGS LIMNOS,LAKE HURON,10,440654,-833144,97,11.00,2024-08-27 10:47:00,2046,999.00,.00,0.01000000,<,0,.010000,MG-F,MAGNESIUM,MG/L,44.11500,-83.52889
202402001,2025-03-04 13:41:00,CCGS LIMNOS,LAKE HURON,11,435834,-833430,98,11.00,2024-08-27 12:08:00,2046,1.00,.00,0.01000000,,0,9.950000,MG-F,MAGNESIUM,MG/L,43.97611,-83.57500
202402001,2025-03-04 13:41:00,CCGS LIMNOS,LAKE HURON,12,434915,-833728,101,6.00,2024-08-27 13:32:00,2046,1.00,.00,0.01000000,,0,10.300000,MG-F,MAGNESIUM,MG/L,43.82083,-83.62444
202402001,2025-03-04 13:41:00,CCGS LIMNOS,LAKE HURON,13,434930,-834901,100,7.00,2024-08-27 14:43:00,2046,.50,.00,0.01000000,,0,12.000000,MG-F,MAGNESIUM,MG/L,43.82500,-83.81694
202402001,2025-03-04 13:41:00,CCGS LIMNOS,LAKE HURON,13,434930,-834901,100,7.00,2024-08-27 14:43:00,2046,1.00,.00,0.01000000,,0,12.000000,MG-F,MAGNESIUM,MG/L,43.82500,-83.81694
202402001,2025-03-04 13:41:00,CCGS LIMNOS,LAKE HURON,13,434930,-834901,100,7.00,2024-08-27 14:43:00,2046,5.00,.00,0.01000000,,0,12.000000,MG-F,MAGNESIUM,MG/L,43.82500,-83.81694
202402001,2025-03-04 13:41:00,CCGS LIMNOS,LAKE HURON,14,435430,-834427,99,7.00,2024-08-27 15:59:00,2046,1.00,.00,0.01000000,,0,11.100000,MG-F,MAGNESIUM,MG/L,43.90833,-83.74083
202402001,2025-03-04 13:41:00,CCGS LIMNOS,LAKE HURON,15,441246,-832214,95,21.00,2024-08-27 19:10:00,2046,1.00,.00,0.01000000,,0,8.030000,MG-F,MAGNESIUM,MG/L,44.21278,-83.37056
202402001,2025-03-04 13:41:00,CCGS LIMNOS,LAKE HURON,15,441246,-832214,95,21.00,2024-08-27 19:10:00,2046,1.00,.00,0.01000000,,1,8.070000,MG-F,MAGNESIUM,MG/L,44.21278,-83.37056
202402001,2025-03-04 13:41:00,CCGS LIMNOS,LAKE HURON,15,441246,-832214,95,21.00,2024-08-27 19:10:00,2046,11.00,.00,0.01000000,,0,7.410000,MG-F,MAGNESIUM,MG/L,44.21278,-83.37056
202402001,2025-03-04 13:41:00,CCGS LIMNOS,LAKE HURON,15,441246,-832214,95,21.00,2024-08-27 19:10:00,2046,19.00,.00,0.01000000,,0,7.410000,MG-F,MAGNESIUM,MG/L,44.21278,-83.37056
202402001,2025-03-04 13:41:00,CCGS LIMNOS,LAKE HURON,16,442002,-831758,23,9.00,2024-08-27 20:21:00,2046,1.00,.00,0.01000000,,0,7.710000,MG-F,MAGNESIUM,MG/L,44.33389,-83.29944
202402001,2025-03-04 13:41:00,CCGS LIMNOS,LAKE HURON,17,441303,-830501,20,47.00,2024-08-27 22:00:00,2046,1.00,.00,0.01000000,,0,7.350000,MG-F,MAGNESIUM,MG/L,44.21750,-83.08361
202402001,2025-03-04 13:41:00,CCGS LIMNOS,LAKE HURON,18,431525,-820217,3,16.00,2024-08-28 06:31:00,2046,1.00,.00,0.01000000,,0,7.870000,MG-F,MAGNESIUM,MG/L,43.25694,-82.03806
202402001,2025-03-04 13:41:00,CCGS LIMNOS,LAKE HURON,19,431930,-814717,4,10.00,2024-08-28 08:11:00,2046,1.00,.00,0.01000000,,0,7.850000,MG-F,MAGNESIUM,MG/L,43.32500,-81.78806
202402001,2025-03-04 13:41:00,CCGS LIMNOS,LAKE HURON,20,433254,-814441,5,11.50,2024-08-28 09:54:00,2046,1.00,.00,0.01000000,,0,7.670000,MG-F,MAGNESIUM,MG/L,43.54833,-81.74472
202402001,2025-03-04 13:41:00,CCGS LIMNOS,LAKE HURON,20,433254,-814441,5,11.50,2024-08-28 09:54:00,2046,998.00,.00,0.01000000,<,0,.010000,MG-F,MAGNESIUM,MG/L,43.54833,-81.74472
202402001,2025-03-04 13:41:00,CCGS LIMNOS,LAKE HURON,20,433254,-814441,5,11.50,2024-08-28 09:54:00,2046,999.00,.00,0.01000000,<,0,.010000,MG-F,MAGNESIUM,MG/L,43.54833,-81.74472
202402001,2025-03-04 13:41:00,CCGS LIMNOS,LAKE HURON,21,434512,-814652,10,12.50,2024-08-28 11:47:00,2046,1.00,.00,0.01000000,,0,7.590000,MG-F,MAGNESIUM,MG/L,43.75333,-81.78111
202402001,2025-03-04 13:41:00,CCGS LIMNOS,LAKE HURON,22,435723,-814712,11,10.50,2024-08-28 22:01:00,2046,1.00,.00,0.01000000,,0,7.580000,MG-F,MAGNESIUM,MG/L,43.95639,-81.78667
202402001,2025-03-04 13:41:00,CCGS LIMNOS,LAKE HURON,23,442159,-815000,29,123.00,2024-08-29 01:48:00,2046,1.00,.00,0.01000000,,0,7.710000,MG-F,MAGNESIUM,MG/L,44.36639,-81.83333
202402001,2025-03-04 13:41:00,CCGS LIMNOS,LAKE HURON,23,442159,-815000,29,123.00,2024-08-29 01:48:00,2046,14.00,.00,0.01000000,,0,7.540000,MG-F,MAGNESIUM,MG/L,44.36639,-81.83333
202402001,2025-03-04 13:41:00,CCGS LIMNOS,LAKE HURON,23,442159,-815000,29,123.00,2024-08-29 01:48:00,2046,24.00,.00,0.01000000,,0,7.470000,MG-F,MAGNESIUM,MG/L,44.36639,-81.83333
202402001,2025-03-04 13:41:00,CCGS LIMNOS,LAKE HURON,23,442159,-815000,29,123.00,2024-08-29 01:48:00,2046,34.00,.00,0.01000000,,0,7.570000,MG-F,MAGNESIUM,MG/L,44.36639,-81.83333
202402001,2025-03-04 13:41:00,CCGS LIMNOS,LAKE HURON,23,442159,-815000,29,123.00,2024-08-29 01:48:00,2046,113.00,.00,0.01000000,,0,7.680000,MG-F,MAGNESIUM,MG/L,44.36639,-81.83333
202402001,2025-03-04 13:41:00,CCGS LIMNOS,LAKE HURON,23,442159,-815000,29,123.00,2024-08-29 01:48:00,2046,121.00,.00,0.01000000,,0,7.740000,MG-F,MAGNESIUM,MG/L,44.36639,-81.83333
202402001,2025-03-04 13:41:00,CCGS LIMNOS,LAKE HURON,24,442759,-812712,30,21.50,2024-08-29 05:15:00,2046,1.00,.00,0.01000000,,0,7.770000,MG-F,MAGNESIUM,MG/L,44.46639,-81.45333
202402001,2025-03-04 13:41:00,CCGS LIMNOS,LAKE HURON,25,443924,-812242,39,26.00,2024-08-29 06:59:00,2046,1.00,.00,0.01000000,,0,7.750000,MG-F,MAGNESIUM,MG/L,44.65667,-81.37833
202402001,2025-03-04 13:41:00,CCGS LIMNOS,LAKE HURON,25,443924,-812242,39,26.00,2024-08-29 06:59:00,2046,1.00,.00,0.01000000,,1,7.720000,MG-F,MAGNESIUM,MG/L,44.65667,-81.37833
202402001,2025-03-04 13:41:00,CCGS LIMNOS,LAKE HURON,26,445354,-812613,40,20.00,2024-08-29 09:31:00,2046,1.00,.00,0.01000000,,0,7.510000,MG-F,MAGNESIUM,MG/L,44.89833,-81.43694
202402001,2025-03-04 13:41:00,CCGS LIMNOS,LAKE HURON,27,450459,-813212,41,22.50,2024-08-29 11:17:00,2046,1.00,.00,0.01000000,,0,8.310000,MG-F,MAGNESIUM,MG/L,45.08306,-81.53667
202402001,2025-03-04 13:41:00,CCGS LIMNOS,LAKE HURON,28,450048,-820030,43,172.00,2024-08-29 14:43:00,2046,1.00,.00,0.01000000,,0,7.410000,MG-F,MAGNESIUM,MG/L,45.01333,-82.00833
202402001,2025-03-04 13:41:00,CCGS LIMNOS,LAKE HURON,29,451642,-822707,48,110.00,2024-08-29 18:21:00,2046,1.00,.00,0.01000000,,0,7.520000,MG-F,MAGNESIUM,MG/L,45.27833,-82.45194
202402001,2025-03-04 13:41:00,CCGS LIMNOS,LAKE HURON,30,450059,-824106,44,166.50,2024-08-29 21:09:00,2046,1.00,.00,0.01000000,,0,7.330000,MG-F,MAGNESIUM,MG/L,45.01639,-82.68500
202402001,2025-03-04 13:41:00,CCGS LIMNOS,LAKE HURON,30,450059,-824106,44,166.50,2024-08-29 21:09:00,2046,14.00,.00,0.01000000,,0,7.130000,MG-F,MAGNESIUM,MG/L,45.01639,-82.68500
202402001,2025-03-04 13:41:00,CCGS LIMNOS,LAKE HURON,30,450059,-824106,44,166.50,2024-08-29 21:09:00,2046,45.50,.00,0.01000000,,0,7.770000,MG-F,MAGNESIUM,MG/L,45.01639,-82.68500
202402001,2025-03-04 13:41:00,CCGS LIMNOS,LAKE HURON,30,450059,-824106,44,166.50,2024-08-29 21:09:00,2046,77.00,.00,0.01000000,,0,7.620000,MG-F,MAGNESIUM,MG/L,45.01639,-82.68500
202402001,2025-03-04 13:41:00,CCGS LIMNOS,LAKE HURON,30,450059,-824106,44,166.50,2024-08-29 21:09:00,2046,156.50,.00,0.01000000,,0,7.780000,MG-F,MAGNESIUM,MG/L,45.01639,-82.68500
202402001,2025-03-04 13:41:00,CCGS LIMNOS,LAKE HURON,30,450059,-824106,44,166.50,2024-08-29 21:09:00,2046,164.50,.00,0.01000000,,0,7.690000,MG-F,MAGNESIUM,MG/L,45.01639,-82.68500
202402001,2025-03-04 13:41:00,CCGS LIMNOS,LAKE HURON,30,450059,-824106,44,166.50,2024-08-29 21:09:00,2046,998.00,.00,0.01000000,<,0,.010000,MG-F,MAGNESIUM,MG/L,45.01639,-82.68500
202402001,2025-03-04 13:41:00,CCGS LIMNOS,LAKE HURON,30,450059,-824106,44,166.50,2024-08-29 21:09:00,2046,999.00,.00,0.01000000,<,0,.010000,MG-F,MAGNESIUM,MG/L,45.01639,-82.68500
202402001,2025-03-04 13:41:00,CCGS LIMNOS,LAKE HURON,31,444424,-820326,38,134.00,2024-08-30 01:46:00,2046,1.00,.00,0.01000000,,0,7.740000,MG-F,MAGNESIUM,MG/L,44.74000,-82.05722
202402001,2025-03-04 13:41:00,CCGS LIMNOS,LAKE HURON,32,442712,-822030,32,83.00,2024-08-30 05:08:00,2046,1.00,.00,0.01000000,,0,7.630000,MG-F,MAGNESIUM,MG/L,44.45333,-82.34167
202402001,2025-03-04 13:41:00,CCGS LIMNOS,LAKE HURON,33,435325,-820324,12,87.00,2024-08-30 10:38:00,2046,1.00,.00,0.01000000,,0,7.740000,MG-F,MAGNESIUM,MG/L,43.89028,-82.05667
202402001,2025-03-04 13:41:00,CCGS LIMNOS,LAKE HURON,34,441154,-823011,27,55.00,2024-09-03 23:11:00,2046,1.00,.00,0.01000000,,0,7.630000,MG-F,MAGNESIUM,MG/L,44.19833,-82.50306
202402001,2025-03-04 13:41:00,CCGS LIMNOS,LAKE HURON,35,443000,-825000,33,72.50,2024-09-04 02:23:00,2046,1.00,.00,0.01000000,,0,7.560000,MG-F,MAGNESIUM,MG/L,44.50000,-82.83333
202402001,2025-03-04 13:41:00,CCGS LIMNOS,LAKE HURON,35,443000,-825000,33,72.50,2024-09-04 02:23:00,2046,1.00,.00,0.01000000,,1,7.570000,MG-F,MAGNESIUM,MG/L,44.50000,-82.83333
202402001,2025-03-04 13:41:00,CCGS LIMNOS,LAKE HURON,36,443824,-831354,34,9.00,2024-09-04 05:09:00,2046,1.00,.00,0.01000000,,0,7.660000,MG-F,MAGNESIUM,MG/L,44.64000,-83.23167
202402001,2025-03-04 13:41:00,CCGS LIMNOS,LAKE HURON,37,450224,-832241,36,9.00,2024-09-04 08:34:00,2046,1.00,.00,0.01000000,,0,7.610000,MG-F,MAGNESIUM,MG/L,45.04000,-83.37806
202402001,2025-03-04 13:41:00,CCGS LIMNOS,LAKE HURON,37,450224,-832241,36,9.00,2024-09-04 08:34:00,2046,7.00,.00,0.01000000,,0,7.690000,MG-F,MAGNESIUM,MG/L,45.04000,-83.37806
202402001,2025-03-04 13:41:00,CCGS LIMNOS,LAKE HURON,38,451516,-832044,47,23.50,2024-09-04 11:59:00,2046,1.00,.00,0.01000000,,0,7.580000,MG-F,MAGNESIUM,MG/L,45.25444,-83.34556
202402001,2025-03-04 13:41:00,CCGS LIMNOS,LAKE HURON,39,453100,-832459,54,132.50,2024-09-04 15:02:00,2046,1.00,.00,0.01000000,,0,7.360000,MG-F,MAGNESIUM,MG/L,45.51667,-83.41639
202402001,2025-03-04 13:41:00,CCGS LIMNOS,LAKE HURON,39,453100,-832459,54,132.50,2024-09-04 15:02:00,2046,11.00,.00,0.01000000,,0,7.350000,MG-F,MAGNESIUM,MG/L,45.51667,-83.41639
202402001,2025-03-04 13:41:00,CCGS LIMNOS,LAKE HURON,39,453100,-832459,54,132.50,2024-09-04 15:02:00,2046,25.50,.00,0.01000000,,0,7.400000,MG-F,MAGNESIUM,MG/L,45.51667,-83.41639
202402001,2025-03-04 13:41:00,CCGS LIMNOS,LAKE HURON,39,453100,-832459,54,132.50,2024-09-04 15:02:00,2046,40.00,.00,0.01000000,,0,7.450000,MG-F,MAGNESIUM,MG/L,45.51667,-83.41639
202402001,2025-03-04 13:41:00,CCGS LIMNOS,LAKE HURON,39,453100,-832459,54,132.50,2024-09-04 15:02:00,2046,122.50,.00,0.01000000,,0,7.520000,MG-F,MAGNESIUM,MG/L,45.51667,-83.41639
202402001,2025-03-04 13:41:00,CCGS LIMNOS,LAKE HURON,39,453100,-832459,54,132.50,2024-09-04 15:02:00,2046,130.50,.00,0.01000000,,0,7.770000,MG-F,MAGNESIUM,MG/L,45.51667,-83.41639
202402001,2025-03-04 13:41:00,CCGS LIMNOS,LAKE HURON,40,452530,-833905,55,37.00,2024-09-04 17:32:00,2046,1.00,.00,0.01000000,,0,8.090000,MG-F,MAGNESIUM,MG/L,45.42500,-83.65139
202402001,2025-03-04 13:41:00,CCGS LIMNOS,LAKE HURON,40,452530,-833905,55,37.00,2024-09-04 17:32:00,2046,998.00,.00,0.01000000,,0,.010000,MG-F,MAGNESIUM,MG/L,45.42500,-83.65139
202402001,2025-03-04 13:41:00,CCGS LIMNOS,LAKE HURON,40,452530,-833905,55,37.00,2024-09-04 17:32:00,2046,999.00,.00,0.01000000,<,0,.010000,MG-F,MAGNESIUM,MG/L,45.42500,-83.65139
202402001,2025-03-04 13:41:00,CCGS LIMNOS,LAKE HURON,41,453059,-840500,56,22.50,2024-09-04 20:07:00,2046,1.00,.00,0.01000000,,0,8.220000,MG-F,MAGNESIUM,MG/L,45.51639,-84.08333
202402001,2025-03-04 13:41:00,CCGS LIMNOS,LAKE HURON,42,454459,-835500,61,117.00,2024-09-04 22:19:00,2046,1.00,.00,0.01000000,,0,7.200000,MG-F,MAGNESIUM,MG/L,45.74972,-83.91667
202402001,2025-03-04 13:41:00,CCGS LIMNOS,LAKE HURON,43,454029,-841112,62,44.00,2024-09-05 00:10:00,2046,1.00,.00,0.01000000,,0,7.560000,MG-F,MAGNESIUM,MG/L,45.67472,-84.18667
202402001,2025-03-04 13:41:00,CCGS LIMNOS,LAKE HURON,44,454212,-843041,63,15.00,2024-09-05 02:25:00,2046,1.00,.00,0.01000000,,0,7.640000,MG-F,MAGNESIUM,MG/L,45.70333,-84.51139
202402001,2025-03-04 13:41:00,CCGS LIMNOS,LAKE HURON,45,454848,-844519,64,36.00,2024-09-05 04:05:00,2046,1.00,.00,0.01000000,,0,10.700000,MG-F,MAGNESIUM,MG/L,45.81333,-84.75528
202402001,2025-03-04 13:41:00,CCGS LIMNOS,LAKE HURON,45,454848,-844519,64,36.00,2024-09-05 04:05:00,2046,1.00,.00,0.01000000,,1,10.700000,MG-F,MAGNESIUM,MG/L,45.81333,-84.75528
202402001,2025-03-04 13:41:00,CCGS LIMNOS,LAKE HURON,45,454848,-844519,64,36.00,2024-09-05 04:05:00,2046,16.00,.00,0.01000000,,0,9.130000,MG-F,MAGNESIUM,MG/L,45.81333,-84.75528
202402001,2025-03-04 13:41:00,CCGS LIMNOS,LAKE HURON,45,454848,-844519,64,36.00,2024-09-05 04:05:00,2046,24.50,.00,0.01000000,,0,8.480000,MG-F,MAGNESIUM,MG/L,45.81333,-84.75528
202402001,2025-03-04 13:41:00,CCGS LIMNOS,LAKE HURON,45,454848,-844519,64,36.00,2024-09-05 04:05:00,2046,26.00,.00,0.01000000,,0,8.320000,MG-F,MAGNESIUM,MG/L,45.81333,-84.75528
202402001,2025-03-04 13:41:00,CCGS LIMNOS,LAKE HURON,45,454848,-844519,64,36.00,2024-09-05 04:05:00,2046,33.00,.00,0.01000000,,0,8.660000,MG-F,MAGNESIUM,MG/L,45.81333,-84.75528
202402001,2025-03-04 13:41:00,CCGS LIMNOS,LAKE HURON,46,455043,-843400,65,58.50,2024-09-05 05:27:00,2046,1.00,.00,0.01000000,,0,8.280000,MG-F,MAGNESIUM,MG/L,45.84528,-84.56667
202402001,2025-03-04 13:41:00,CCGS LIMNOS,LAKE HURON,47,455149,-841741,66,69.00,2024-09-05 07:08:00,2046,1.00,.00,0.01000000,,0,7.540000,MG-F,MAGNESIUM,MG/L,45.86361,-84.29472
202402001,2025-03-04 13:41:00,CCGS LIMNOS,LAKE HURON,48,455606,-835359,67,31.00,2024-09-05 09:35:00,2046,1.00,.00,0.01000000,,0,6.970000,MG-F,MAGNESIUM,MG/L,45.93500,-83.89972
202402001,2025-03-04 13:41:00,CCGS LIMNOS,LAKE HURON,49,460442,-840141,69,10.00,2024-09-05 11:24:00,2046,1.00,.00,0.01000000,,0,3.310000,MG-F,MAGNESIUM,MG/L,46.07833,-84.02806
202402001,2025-03-04 13:41:00,CCGS LIMNOS,LAKE HURON,49,460442,-840141,69,10.00,2024-09-05 11:24:00,2046,8.00,.00,0.01000000,,0,3.410000,MG-F,MAGNESIUM,MG/L,46.07833,-84.02806
202402001,2025-03-04 13:41:00,CCGS LIMNOS,LAKE HURON,50,460230,-835112,68,17.00,2024-09-05 12:44:00,2046,1.00,.00,0.01000000,,0,4.050000,MG-F,MAGNESIUM,MG/L,46.04167,-83.85333
202402001,2025-03-04 13:41:00,CCGS LIMNOS,LAKE HURON,50,460230,-835112,68,17.00,2024-09-05 12:44:00,2046,998.00,.00,0.01000000,,0,.010000,MG-F,MAGNESIUM,MG/L,46.04167,-83.85333
202402001,2025-03-04 13:41:00,CCGS LIMNOS,LAKE HURON,50,460230,-835112,68,17.00,2024-09-05 12:44:00,2046,999.00,.00,0.01000000,<,0,.010000,MG-F,MAGNESIUM,MG/L,46.04167,-83.85333
202402001,2025-03-04 13:41:00,CCGS LIMNOS,LAKE HURON,51,460812,-834018,70,22.00,2024-09-05 14:24:00,2046,1.00,.00,0.01000000,,0,5.280000,MG-F,MAGNESIUM,MG/L,46.13667,-83.67167
202402001,2025-03-04 13:41:00,CCGS LIMNOS,LAKE HURON,52,461400,-834447,71,34.00,2024-09-05 15:25:00,2046,1.00,.00,0.01000000,,0,4.900000,MG-F,MAGNESIUM,MG/L,46.23333,-83.74639
202402001,2025-03-04 13:41:00,CCGS LIMNOS,LAKE HURON,52,461400,-834447,71,34.00,2024-09-05 15:25:00,2046,3.00,.00,0.01000000,,0,5.730000,MG-F,MAGNESIUM,MG/L,46.23333,-83.74639
202402001,2025-03-04 13:41:00,CCGS LIMNOS,LAKE HURON,52,461400,-834447,71,34.00,2024-09-05 15:25:00,2046,9.50,.00,0.01000000,,0,6.360000,MG-F,MAGNESIUM,MG/L,46.23333,-83.74639
202402001,2025-03-04 13:41:00,CCGS LIMNOS,LAKE HURON,52,461400,-834447,71,34.00,2024-09-05 15:25:00,2046,16.00,.00,0.01000000,,0,6.570000,MG-F,MAGNESIUM,MG/L,46.23333,-83.74639
202402001,2025-03-04 13:41:00,CCGS LIMNOS,LAKE HURON,52,461400,-834447,71,34.00,2024-09-05 15:25:00,2046,32.00,.00,0.01000000,,0,6.630000,MG-F,MAGNESIUM,MG/L,46.23333,-83.74639
202402001,2025-03-04 13:41:00,CCGS LIMNOS,LAKE HURON,53,461112,-832117,73,19.00,2024-09-05 17:38:00,2046,1.00,.00,0.01000000,,0,5.380000,MG-F,MAGNESIUM,MG/L,46.18667,-83.35472
202402001,2025-03-04 13:41:00,CCGS LIMNOS,LAKE HURON,54,460724,-825309,79,26.00,2024-09-05 20:17:00,2046,1.00,.00,0.01000000,,0,6.250000,MG-F,MAGNESIUM,MG/L,46.12333,-82.88583
202402001,2025-03-04 13:41:00,CCGS LIMNOS,LAKE HURON,54,460724,-825309,79,26.00,2024-09-05 20:17:00,2046,10.00,.00,0.01000000,,0,6.070000,MG-F,MAGNESIUM,MG/L,46.12333,-82.88583
202402001,2025-03-04 13:41:00,CCGS LIMNOS,LAKE HURON,54,460724,-825309,79,26.00,2024-09-05 20:17:00,2046,24.00,.00,0.01000000,,0,6.430000,MG-F,MAGNESIUM,MG/L,46.12333,-82.88583
202402001,2025-03-04 13:41:00,CCGS LIMNOS,LAKE HURON,55,460530,-823324,84,36.00,2024-09-05 22:18:00,2046,1.00,.00,0.01000000,,0,6.170000,MG-F,MAGNESIUM,MG/L,46.09167,-82.55667
202402001,2025-03-04 13:41:00,CCGS LIMNOS,LAKE HURON,55,460530,-823324,84,36.00,2024-09-05 22:18:00,2046,1.00,.00,0.01000000,,1,6.190000,MG-F,MAGNESIUM,MG/L,46.09167,-82.55667
202402001,2025-03-04 13:41:00,CCGS LIMNOS,LAKE HURON,55,460530,-823324,84,36.00,2024-09-05 22:18:00,2046,7.00,.00,0.01000000,,0,6.080000,MG-F,MAGNESIUM,MG/L,46.09167,-82.55667
202402001,2025-03-04 13:41:00,CCGS LIMNOS,LAKE HURON,55,460530,-823324,84,36.00,2024-09-05 22:18:00,2046,20.50,.00,0.01000000,,0,6.260000,MG-F,MAGNESIUM,MG/L,46.09167,-82.55667
202402001,2025-03-04 13:41:00,CCGS LIMNOS,LAKE HURON,55,460530,-823324,84,36.00,2024-09-05 22:18:00,2046,26.00,.00,0.01000000,,0,6.380000,MG-F,MAGNESIUM,MG/L,46.09167,-82.55667
202402001,2025-03-04 13:41:00,CCGS LIMNOS,LAKE HURON,55,460530,-823324,84,36.00,2024-09-05 22:18:00,2046,34.00,.00,0.01000000,,0,6.500000,MG-F,MAGNESIUM,MG/L,46.09167,-82.55667
202402001,2025-03-04 13:41:00,CCGS LIMNOS,LAKE HURON,56,460340,-821149,87,35.00,2024-09-06 00:45:00,2046,1.00,.00,0.01000000,,0,6.170000,MG-F,MAGNESIUM,MG/L,46.06111,-82.19694
202402001,2025-03-04 13:41:00,CCGS LIMNOS,LAKE HURON,57,460320,-815959,88,36.00,2024-09-06 02:07:00,2046,1.00,.00,0.01000000,,0,6.110000,MG-F,MAGNESIUM,MG/L,46.05556,-81.99972
202402001,2025-03-04 13:41:00,CCGS LIMNOS,LAKE HURON,58,455459,-820940,89,39.00,2024-09-06 03:48:00,2046,1.00,.00,0.01000000,,0,6.180000,MG-F,MAGNESIUM,MG/L,45.91639,-82.16111
202402001,2025-03-04 13:41:00,CCGS LIMNOS,LAKE HURON,59,460000,-823258,83,31.00,2024-09-06 07:05:00,2046,1.00,.00,0.01000000,,0,6.190000,MG-F,MAGNESIUM,MG/L,46.00000,-82.54944
202402001,2025-03-04 13:41:00,CCGS LIMNOS,LAKE HURON,60,455611,-824527,82,28.50,2024-09-06 08:34:00,2046,1.00,.00,0.01000000,,0,6.120000,MG-F,MAGNESIUM,MG/L,45.93639,-82.75750
202402001,2025-03-04 13:41:00,CCGS LIMNOS,LAKE HURON,60,455611,-824527,82,28.50,2024-09-06 08:34:00,2046,998.00,.00,0.01000000,<,0,.010000,MG-F,MAGNESIUM,MG/L,45.93639,-82.75750
202402001,2025-03-04 13:41:00,CCGS LIMNOS,LAKE HURON,60,455611,-824527,82,28.50,2024-09-06 08:34:00,2046,999.00,.00,0.01000000,<,0,.010000,MG-F,MAGNESIUM,MG/L,45.93639,-82.75750
202402001,2025-03-04 13:41:00,CCGS LIMNOS,LAKE HURON,61,455811,-831154,77,78.00,2024-09-06 11:34:00,2046,1.00,.00,0.01000000,,0,5.860000,MG-F,MAGNESIUM,MG/L,45.96972,-83.19833
202402001,2025-03-04 13:41:00,CCGS LIMNOS,LAKE HURON,62,455959,-832600,76,58.00,2024-09-06 13:08:00,2046,1.00,.00,0.01000000,,0,5.770000,MG-F,MAGNESIUM,MG/L,45.99972,-83.43333
202402001,2025-03-04 13:41:00,CCGS LIMNOS,LAKE HURON,63,455405,-833105,60,25.00,2024-09-06 14:16:00,2046,1.00,.00,0.01000000,,0,7.250000,MG-F,MAGNESIUM,MG/L,45.90139,-83.51806
202402001,2025-03-04 13:41:00,CCGS LIMNOS,LAKE HURON,64,455159,-831600,58,12.00,2024-09-06 16:39:00,2046,1.00,.00,0.01000000,,0,6.040000,MG-F,MAGNESIUM,MG/L,45.86639,-83.26667
202402001,2025-03-04 13:41:00,CCGS LIMNOS,LAKE HURON,65,454600,-830141,59,18.00,2024-09-06 18:18:00,2046,1.00,.00,0.01000000,,0,6.800000,MG-F,MAGNESIUM,MG/L,45.76667,-83.02806
202402001,2025-03-04 13:41:00,CCGS LIMNOS,LAKE HURON,65,454600,-830141,59,18.00,2024-09-06 18:18:00,2046,1.00,.00,0.01000000,,1,6.790000,MG-F,MAGNESIUM,MG/L,45.76667,-83.02806
202402001,2025-03-04 13:41:00,CCGS LIMNOS,LAKE HURON,66,453905,-823852,52,66.00,2024-09-06 20:48:00,2046,1.00,.00,0.01000000,,0,7.450000,MG-F,MAGNESIUM,MG/L,45.65139,-82.64778
202402001,2025-03-04 13:41:00,CCGS LIMNOS,LAKE HURON,67,453205,-820242,50,27.00,2024-09-07 00:19:00,2046,1.00,.00,0.01000000,,0,7.490000,MG-F,MAGNESIUM,MG/L,45.53472,-82.04500
202402001,2025-03-04 13:41:00,CCGS LIMNOS,LAKE HURON,68,451316,-814909,42,42.00,2024-09-07 03:12:00,2046,1.00,.00,0.01000000,,0,7.600000,MG-F,MAGNESIUM,MG/L,45.22111,-81.81917
202402001,2025-03-04 13:41:00,CCGS LIMNOS,LAKE HURON,1,430523,-822330,1,11.00,2024-08-26 18:44:00,2048,1.00,.00,0.01000000,,0,5.090000,NA-F,SODIUM,MG/L,43.08972,-82.39167
202402001,2025-03-04 13:41:00,CCGS LIMNOS,LAKE HURON,1,430523,-822330,1,11.00,2024-08-26 18:44:00,2048,9.00,.00,0.01000000,,0,5.030000,NA-F,SODIUM,MG/L,43.08972,-82.39167
202402001,2025-03-04 13:41:00,CCGS LIMNOS,LAKE HURON,2,432030,-823021,7,11.00,2024-08-26 20:43:00,2048,1.00,.00,0.01000000,,0,5.120000,NA-F,SODIUM,MG/L,43.34167,-82.50583
202402001,2025-03-04 13:41:00,CCGS LIMNOS,LAKE HURON,3,433402,-822907,8,30.00,2024-08-26 22:29:00,2048,1.00,.00,0.01000000,,0,5.120000,NA-F,SODIUM,MG/L,43.56722,-82.48528
202402001,2025-03-04 13:41:00,CCGS LIMNOS,LAKE HURON,4,433759,-821301,9,60.00,2024-08-27 00:08:00,2048,1.00,.00,0.01000000,,0,5.080000,NA-F,SODIUM,MG/L,43.63306,-82.21694
202402001,2025-03-04 13:41:00,CCGS LIMNOS,LAKE HURON,4,433759,-821301,9,60.00,2024-08-27 00:08:00,2048,23.00,.00,0.01000000,,0,5.060000,NA-F,SODIUM,MG/L,43.63306,-82.21694
202402001,2025-03-04 13:41:00,CCGS LIMNOS,LAKE HURON,4,433759,-821301,9,60.00,2024-08-27 00:08:00,2048,32.00,.00,0.01000000,,0,4.970000,NA-F,SODIUM,MG/L,43.63306,-82.21694
202402001,2025-03-04 13:41:00,CCGS LIMNOS,LAKE HURON,4,433759,-821301,9,60.00,2024-08-27 00:08:00,2048,41.00,.00,0.01000000,,0,4.960000,NA-F,SODIUM,MG/L,43.63306,-82.21694
202402001,2025-03-04 13:41:00,CCGS LIMNOS,LAKE HURON,4,433759,-821301,9,60.00,2024-08-27 00:08:00,2048,50.00,.00,0.01000000,,0,4.930000,NA-F,SODIUM,MG/L,43.63306,-82.21694
202402001,2025-03-04 13:41:00,CCGS LIMNOS,LAKE HURON,4,433759,-821301,9,60.00,2024-08-27 00:08:00,2048,58.00,.00,0.01000000,,0,4.930000,NA-F,SODIUM,MG/L,43.63306,-82.21694
202402001,2025-03-04 13:41:00,CCGS LIMNOS,LAKE HURON,5,434513,-823405,13,17.00,2024-08-27 03:04:00,2048,1.00,.00,0.01000000,,0,5.150000,NA-F,SODIUM,MG/L,43.75361,-82.56806
202402001,2025-03-04 13:41:00,CCGS LIMNOS,LAKE HURON,5,434513,-823405,13,17.00,2024-08-27 03:04:00,2048,1.00,.00,0.01000000,,1,5.160000,NA-F,SODIUM,MG/L,43.75361,-82.56806
202402001,2025-03-04 13:41:00,CCGS LIMNOS,LAKE HURON,6,435631,-824000,14,12.50,2024-08-27 04:44:00,2048,1.00,.00,0.01000000,,0,5.300000,NA-F,SODIUM,MG/L,43.94194,-82.66667
202402001,2025-03-04 13:41:00,CCGS LIMNOS,LAKE HURON,7,440600,-825159,17,15.00,2024-08-27 06:32:00,2048,1.00,.00,0.01000000,,0,5.490000,NA-F,SODIUM,MG/L,44.10000,-82.86639
202402001,2025-03-04 13:41:00,CCGS LIMNOS,LAKE HURON,7,440600,-825159,17,15.00,2024-08-27 06:32:00,2048,10.00,.00,0.01000000,,0,5.210000,NA-F,SODIUM,MG/L,44.10000,-82.86639
202402001,2025-03-04 13:41:00,CCGS LIMNOS,LAKE HURON,7,440600,-825159,17,15.00,2024-08-27 06:32:00,2048,13.00,.00,0.01000000,,0,5.150000,NA-F,SODIUM,MG/L,44.10000,-82.86639
202402001,2025-03-04 13:41:00,CCGS LIMNOS,LAKE HURON,8,440409,-830450,94,14.50,2024-08-27 07:55:00,2048,1.00,.00,0.01000000,,0,5.140000,NA-F,SODIUM,MG/L,44.06917,-83.08056
202402001,2025-03-04 13:41:00,CCGS LIMNOS,LAKE HURON,9,440735,-831014,96,30.00,2024-08-27 08:46:00,2048,1.00,.00,0.01000000,,0,5.060000,NA-F,SODIUM,MG/L,44.12639,-83.17056
202402001,2025-03-04 13:41:00,CCGS LIMNOS,LAKE HURON,10,440654,-833144,97,11.00,2024-08-27 10:47:00,2048,1.00,.00,0.01000000,,0,6.940000,NA-F,SODIUM,MG/L,44.11500,-83.52889
202402001,2025-03-04 13:41:00,CCGS LIMNOS,LAKE HURON,10,440654,-833144,97,11.00,2024-08-27 10:47:00,2048,998.00,.00,0.01000000,,0,.010000,NA-F,SODIUM,MG/L,44.11500,-83.52889
202402001,2025-03-04 13:41:00,CCGS LIMNOS,LAKE HURON,10,440654,-833144,97,11.00,2024-08-27 10:47:00,2048,999.00,.00,0.01000000,<,0,.010000,NA-F,SODIUM,MG/L,44.11500,-83.52889
202402001,2025-03-04 13:41:00,CCGS LIMNOS,LAKE HURON,11,435834,-833430,98,11.00,2024-08-27 12:08:00,2048,1.00,.00,0.01000000,,0,8.870000,NA-F,SODIUM,MG/L,43.97611,-83.57500
202402001,2025-03-04 13:41:00,CCGS LIMNOS,LAKE HURON,12,434915,-833728,101,6.00,2024-08-27 13:32:00,2048,1.00,.00,0.01000000,,0,9.680000,NA-F,SODIUM,MG/L,43.82083,-83.62444
202402001,2025-03-04 13:41:00,CCGS LIMNOS,LAKE HURON,13,434930,-834901,100,7.00,2024-08-27 14:43:00,2048,.50,.00,0.01000000,,0,13.700000,NA-F,SODIUM,MG/L,43.82500,-83.81694
202402001,2025-03-04 13:41:00,CCGS LIMNOS,LAKE HURON,13,434930,-834901,100,7.00,2024-08-27 14:43:00,2048,1.00,.00,0.01000000,,0,13.700000,NA-F,SODIUM,MG/L,43.82500,-83.81694
202402001,2025-03-04 13:41:00,CCGS LIMNOS,LAKE HURON,13,434930,-834901,100,7.00,2024-08-27 14:43:00,2048,5.00,.00,0.01000000,,0,13.700000,NA-F,SODIUM,MG/L,43.82500,-83.81694
202402001,2025-03-04 13:41:00,CCGS LIMNOS,LAKE HURON,14,435430,-834427,99,7.00,2024-08-27 15:59:00,2048,1.00,.00,0.01000000,,0,11.500000,NA-F,SODIUM,MG/L,43.90833,-83.74083
202402001,2025-03-04 13:41:00,CCGS LIMNOS,LAKE HURON,15,441246,-832214,95,21.00,2024-08-27 19:10:00,2048,1.00,.00,0.01000000,,0,5.640000,NA-F,SODIUM,MG/L,44.21278,-83.37056
202402001,2025-03-04 13:41:00,CCGS LIMNOS,LAKE HURON,15,441246,-832214,95,21.00,2024-08-27 19:10:00,2048,1.00,.00,0.01000000,,1,5.620000,NA-F,SODIUM,MG/L,44.21278,-83.37056
202402001,2025-03-04 13:41:00,CCGS LIMNOS,LAKE HURON,15,441246,-832214,95,21.00,2024-08-27 19:10:00,2048,11.00,.00,0.01000000,,0,4.880000,NA-F,SODIUM,MG/L,44.21278,-83.37056
202402001,2025-03-04 13:41:00,CCGS LIMNOS,LAKE HURON,15,441246,-832214,95,21.00,2024-08-27 19:10:00,2048,19.00,.00,0.01000000,,0,4.940000,NA-F,SODIUM,MG/L,44.21278,-83.37056
202402001,2025-03-04 13:41:00,CCGS LIMNOS,LAKE HURON,16,442002,-831758,23,9.00,2024-08-27 20:21:00,2048,1.00,.00,0.01000000,,0,5.310000,NA-F,SODIUM,MG/L,44.33389,-83.29944
202402001,2025-03-04 13:41:00,CCGS LIMNOS,LAKE HURON,17,441303,-830501,20,47.00,2024-08-27 22:00:00,2048,1.00,.00,0.01000000,,0,4.880000,NA-F,SODIUM,MG/L,44.21750,-83.08361
202402001,2025-03-04 13:41:00,CCGS LIMNOS,LAKE HURON,18,431525,-820217,3,16.00,2024-08-28 06:31:00,2048,1.00,.00,0.01000000,,0,5.080000,NA-F,SODIUM,MG/L,43.25694,-82.03806
202402001,2025-03-04 13:41:00,CCGS LIMNOS,LAKE HURON,19,431930,-814717,4,10.00,2024-08-28 08:11:00,2048,1.00,.00,0.01000000,,0,5.120000,NA-F,SODIUM,MG/L,43.32500,-81.78806
202402001,2025-03-04 13:41:00,CCGS LIMNOS,LAKE HURON,20,433254,-814441,5,11.50,2024-08-28 09:54:00,2048,1.00,.00,0.01000000,,0,5.120000,NA-F,SODIUM,MG/L,43.54833,-81.74472
202402001,2025-03-04 13:41:00,CCGS LIMNOS,LAKE HURON,20,433254,-814441,5,11.50,2024-08-28 09:54:00,2048,998.00,.00,0.01000000,,0,.010000,NA-F,SODIUM,MG/L,43.54833,-81.74472
202402001,2025-03-04 13:41:00,CCGS LIMNOS,LAKE HURON,20,433254,-814441,5,11.50,2024-08-28 09:54:00,2048,999.00,.00,0.01000000,<,0,.010000,NA-F,SODIUM,MG/L,43.54833,-81.74472
202402001,2025-03-04 13:41:00,CCGS LIMNOS,LAKE HURON,21,434512,-814652,10,12.50,2024-08-28 11:47:00,2048,1.00,.00,0.01000000,,0,5.090000,NA-F,SODIUM,MG/L,43.75333,-81.78111
202402001,2025-03-04 13:41:00,CCGS LIMNOS,LAKE HURON,22,435723,-814712,11,10.50,2024-08-28 22:01:00,2048,1.00,.00,0.01000000,,0,5.070000,NA-F,SODIUM,MG/L,43.95639,-81.78667
202402001,2025-03-04 13:41:00,CCGS LIMNOS,LAKE HURON,23,442159,-815000,29,123.00,2024-08-29 01:48:00,2048,1.00,.00,0.01000000,,0,4.920000,NA-F,SODIUM,MG/L,44.36639,-81.83333
202402001,2025-03-04 13:41:00,CCGS LIMNOS,LAKE HURON,23,442159,-815000,29,123.00,2024-08-29 01:48:00,2048,14.00,.00,0.01000000,,0,4.970000,NA-F,SODIUM,MG/L,44.36639,-81.83333
202402001,2025-03-04 13:41:00,CCGS LIMNOS,LAKE HURON,23,442159,-815000,29,123.00,2024-08-29 01:48:00,2048,24.00,.00,0.01000000,,0,4.920000,NA-F,SODIUM,MG/L,44.36639,-81.83333
202402001,2025-03-04 13:41:00,CCGS LIMNOS,LAKE HURON,23,442159,-815000,29,123.00,2024-08-29 01:48:00,2048,34.00,.00,0.01000000,,0,4.880000,NA-F,SODIUM,MG/L,44.36639,-81.83333
202402001,2025-03-04 13:41:00,CCGS LIMNOS,LAKE HURON,23,442159,-815000,29,123.00,2024-08-29 01:48:00,2048,113.00,.00,0.01000000,,0,4.880000,NA-F,SODIUM,MG/L,44.36639,-81.83333
202402001,2025-03-04 13:41:00,CCGS LIMNOS,LAKE HURON,23,442159,-815000,29,123.00,2024-08-29 01:48:00,2048,121.00,.00,0.01000000,,0,4.940000,NA-F,SODIUM,MG/L,44.36639,-81.83333
202402001,2025-03-04 13:41:00,CCGS LIMNOS,LAKE HURON,24,442759,-812712,30,21.50,2024-08-29 05:15:00,2048,1.00,.00,0.01000000,,0,5.000000,NA-F,SODIUM,MG/L,44.46639,-81.45333
202402001,2025-03-04 13:41:00,CCGS LIMNOS,LAKE HURON,25,443924,-812242,39,26.00,2024-08-29 06:59:00,2048,1.00,.00,0.01000000,,0,4.930000,NA-F,SODIUM,MG/L,44.65667,-81.37833
202402001,2025-03-04 13:41:00,CCGS LIMNOS,LAKE HURON,25,443924,-812242,39,26.00,2024-08-29 06:59:00,2048,1.00,.00,0.01000000,,1,4.920000,NA-F,SODIUM,MG/L,44.65667,-81.37833
202402001,2025-03-04 13:41:00,CCGS LIMNOS,LAKE HURON,26,445354,-812613,40,20.00,2024-08-29 09:31:00,2048,1.00,.00,0.01000000,,0,4.920000,NA-F,SODIUM,MG/L,44.89833,-81.43694
202402001,2025-03-04 13:41:00,CCGS LIMNOS,LAKE HURON,27,450459,-813212,41,22.50,2024-08-29 11:17:00,2048,1.00,.00,0.01000000,,0,5.150000,NA-F,SODIUM,MG/L,45.08306,-81.53667
202402001,2025-03-04 13:41:00,CCGS LIMNOS,LAKE HURON,28,450048,-820030,43,172.00,2024-08-29 14:43:00,2048,1.00,.00,0.01000000,,0,4.900000,NA-F,SODIUM,MG/L,45.01333,-82.00833
202402001,2025-03-04 13:41:00,CCGS LIMNOS,LAKE HURON,29,451642,-822707,48,110.00,2024-08-29 18:21:00,2048,1.00,.00,0.01000000,,0,4.890000,NA-F,SODIUM,MG/L,45.27833,-82.45194
202402001,2025-03-04 13:41:00,CCGS LIMNOS,LAKE HURON,30,450059,-824106,44,166.50,2024-08-29 21:09:00,2048,1.00,.00,0.01000000,,0,4.840000,NA-F,SODIUM,MG/L,45.01639,-82.68500
202402001,2025-03-04 13:41:00,CCGS LIMNOS,LAKE HURON,30,450059,-824106,44,166.50,2024-08-29 21:09:00,2048,14.00,.00,0.01000000,,0,4.700000,NA-F,SODIUM,MG/L,45.01639,-82.68500
202402001,2025-03-04 13:41:00,CCGS LIMNOS,LAKE HURON,30,450059,-824106,44,166.50,2024-08-29 21:09:00,2048,45.50,.00,0.01000000,,0,5.080000,NA-F,SODIUM,MG/L,45.01639,-82.68500
202402001,2025-03-04 13:41:00,CCGS LIMNOS,LAKE HURON,30,450059,-824106,44,166.50,2024-08-29 21:09:00,2048,77.00,.00,0.01000000,,0,4.980000,NA-F,SODIUM,MG/L,45.01639,-82.68500
202402001,2025-03-04 13:41:00,CCGS LIMNOS,LAKE HURON,30,450059,-824106,44,166.50,2024-08-29 21:09:00,2048,156.50,.00,0.01000000,,0,5.080000,NA-F,SODIUM,MG/L,45.01639,-82.68500
202402001,2025-03-04 13:41:00,CCGS LIMNOS,LAKE HURON,30,450059,-824106,44,166.50,2024-08-29 21:09:00,2048,164.50,.00,0.01000000,,0,4.990000,NA-F,SODIUM,MG/L,45.01639,-82.68500
202402001,2025-03-04 13:41:00,CCGS LIMNOS,LAKE HURON,30,450059,-824106,44,166.50,2024-08-29 21:09:00,2048,998.00,.00,0.01000000,,0,.010000,NA-F,SODIUM,MG/L,45.01639,-82.68500
202402001,2025-03-04 13:41:00,CCGS LIMNOS,LAKE HURON,30,450059,-824106,44,166.50,2024-08-29 21:09:00,2048,999.00,.00,0.01000000,<,0,.010000,NA-F,SODIUM,MG/L,45.01639,-82.68500
202402001,2025-03-04 13:41:00,CCGS LIMNOS,LAKE HURON,31,444424,-820326,38,134.00,2024-08-30 01:46:00,2048,1.00,.00,0.01000000,,0,5.030000,NA-F,SODIUM,MG/L,44.74000,-82.05722
202402001,2025-03-04 13:41:00,CCGS LIMNOS,LAKE HURON,32,442712,-822030,32,83.00,2024-08-30 05:08:00,2048,1.00,.00,0.01000000,,0,5.000000,NA-F,SODIUM,MG/L,44.45333,-82.34167
202402001,2025-03-04 13:41:00,CCGS LIMNOS,LAKE HURON,33,435325,-820324,12,87.00,2024-08-30 10:38:00,2048,1.00,.00,0.01000000,,0,5.180000,NA-F,SODIUM,MG/L,43.89028,-82.05667
202402001,2025-03-04 13:41:00,CCGS LIMNOS,LAKE HURON,34,441154,-823011,27,55.00,2024-09-03 23:11:00,2048,1.00,.00,0.01000000,,0,5.020000,NA-F,SODIUM,MG/L,44.19833,-82.50306
202402001,2025-03-04 13:41:00,CCGS LIMNOS,LAKE HURON,35,443000,-825000,33,72.50,2024-09-04 02:23:00,2048,1.00,.00,0.01000000,,0,4.850000,NA-F,SODIUM,MG/L,44.50000,-82.83333
202402001,2025-03-04 13:41:00,CCGS LIMNOS,LAKE HURON,35,443000,-825000,33,72.50,2024-09-04 02:23:00,2048,1.00,.00,0.01000000,,1,4.830000,NA-F,SODIUM,MG/L,44.50000,-82.83333
202402001,2025-03-04 13:41:00,CCGS LIMNOS,LAKE HURON,36,443824,-831354,34,9.00,2024-09-04 05:09:00,2048,1.00,.00,0.01000000,,0,5.090000,NA-F,SODIUM,MG/L,44.64000,-83.23167
202402001,2025-03-04 13:41:00,CCGS LIMNOS,LAKE HURON,37,450224,-832241,36,9.00,2024-09-04 08:34:00,2048,1.00,.00,0.01000000,,0,5.020000,NA-F,SODIUM,MG/L,45.04000,-83.37806
202402001,2025-03-04 13:41:00,CCGS LIMNOS,LAKE HURON,37,450224,-832241,36,9.00,2024-09-04 08:34:00,2048,7.00,.00,0.01000000,,0,5.060000,NA-F,SODIUM,MG/L,45.04000,-83.37806
202402001,2025-03-04 13:41:00,CCGS LIMNOS,LAKE HURON,38,451516,-832044,47,23.50,2024-09-04 11:59:00,2048,1.00,.00,0.01000000,,0,5.010000,NA-F,SODIUM,MG/L,45.25444,-83.34556
202402001,2025-03-04 13:41:00,CCGS LIMNOS,LAKE HURON,39,453100,-832459,54,132.50,2024-09-04 15:02:00,2048,1.00,.00,0.01000000,,0,4.870000,NA-F,SODIUM,MG/L,45.51667,-83.41639
202402001,2025-03-04 13:41:00,CCGS LIMNOS,LAKE HURON,39,453100,-832459,54,132.50,2024-09-04 15:02:00,2048,11.00,.00,0.01000000,,0,4.830000,NA-F,SODIUM,MG/L,45.51667,-83.41639
202402001,2025-03-04 13:41:00,CCGS LIMNOS,LAKE HURON,39,453100,-832459,54,132.50,2024-09-04 15:02:00,2048,25.50,.00,0.01000000,,0,4.830000,NA-F,SODIUM,MG/L,45.51667,-83.41639
202402001,2025-03-04 13:41:00,CCGS LIMNOS,LAKE HURON,39,453100,-832459,54,132.50,2024-09-04 15:02:00,2048,40.00,.00,0.01000000,,0,4.870000,NA-F,SODIUM,MG/L,45.51667,-83.41639
202402001,2025-03-04 13:41:00,CCGS LIMNOS,LAKE HURON,39,453100,-832459,54,132.50,2024-09-04 15:02:00,2048,122.50,.00,0.01000000,,0,4.900000,NA-F,SODIUM,MG/L,45.51667,-83.41639
202402001,2025-03-04 13:41:00,CCGS LIMNOS,LAKE HURON,39,453100,-832459,54,132.50,2024-09-04 15:02:00,2048,130.50,.00,0.01000000,,0,5.070000,NA-F,SODIUM,MG/L,45.51667,-83.41639
202402001,2025-03-04 13:41:00,CCGS LIMNOS,LAKE HURON,40,452530,-833905,55,37.00,2024-09-04 17:32:00,2048,1.00,.00,0.01000000,,0,5.360000,NA-F,SODIUM,MG/L,45.42500,-83.65139
202402001,2025-03-04 13:41:00,CCGS LIMNOS,LAKE HURON,40,452530,-833905,55,37.00,2024-09-04 17:32:00,2048,998.00,.00,0.01000000,,0,.010000,NA-F,SODIUM,MG/L,45.42500,-83.65139
202402001,2025-03-04 13:41:00,CCGS LIMNOS,LAKE HURON,40,452530,-833905,55,37.00,2024-09-04 17:32:00,2048,999.00,.00,0.01000000,<,0,.010000,NA-F,SODIUM,MG/L,45.42500,-83.65139
202402001,2025-03-04 13:41:00,CCGS LIMNOS,LAKE HURON,41,453059,-840500,56,22.50,2024-09-04 20:07:00,2048,1.00,.00,0.01000000,,0,5.440000,NA-F,SODIUM,MG/L,45.51639,-84.08333
202402001,2025-03-04 13:41:00,CCGS LIMNOS,LAKE HURON,42,454459,-835500,61,117.00,2024-09-04 22:19:00,2048,1.00,.00,0.01000000,,0,4.780000,NA-F,SODIUM,MG/L,45.74972,-83.91667
202402001,2025-03-04 13:41:00,CCGS LIMNOS,LAKE HURON,43,454029,-841112,62,44.00,2024-09-05 00:10:00,2048,1.00,.00,0.01000000,,0,4.880000,NA-F,SODIUM,MG/L,45.67472,-84.18667
202402001,2025-03-04 13:41:00,CCGS LIMNOS,LAKE HURON,44,454212,-843041,63,15.00,2024-09-05 02:25:00,2048,1.00,.00,0.01000000,,0,4.920000,NA-F,SODIUM,MG/L,45.70333,-84.51139
202402001,2025-03-04 13:41:00,CCGS LIMNOS,LAKE HURON,45,454848,-844519,64,36.00,2024-09-05 04:05:00,2048,1.00,.00,0.01000000,,0,7.150000,NA-F,SODIUM,MG/L,45.81333,-84.75528
202402001,2025-03-04 13:41:00,CCGS LIMNOS,LAKE HURON,45,454848,-844519,64,36.00,2024-09-05 04:05:00,2048,1.00,.00,0.01000000,,1,7.190000,NA-F,SODIUM,MG/L,45.81333,-84.75528
202402001,2025-03-04 13:41:00,CCGS LIMNOS,LAKE HURON,45,454848,-844519,64,36.00,2024-09-05 04:05:00,2048,16.00,.00,0.01000000,,0,6.010000,NA-F,SODIUM,MG/L,45.81333,-84.75528
202402001,2025-03-04 13:41:00,CCGS LIMNOS,LAKE HURON,45,454848,-844519,64,36.00,2024-09-05 04:05:00,2048,24.50,.00,0.01000000,,0,5.610000,NA-F,SODIUM,MG/L,45.81333,-84.75528
202402001,2025-03-04 13:41:00,CCGS LIMNOS,LAKE HURON,45,454848,-844519,64,36.00,2024-09-05 04:05:00,2048,26.00,.00,0.01000000,,0,5.450000,NA-F,SODIUM,MG/L,45.81333,-84.75528
202402001,2025-03-04 13:41:00,CCGS LIMNOS,LAKE HURON,45,454848,-844519,64,36.00,2024-09-05 04:05:00,2048,33.00,.00,0.01000000,,0,5.660000,NA-F,SODIUM,MG/L,45.81333,-84.75528
202402001,2025-03-04 13:41:00,CCGS LIMNOS,LAKE HURON,46,455043,-843400,65,58.50,2024-09-05 05:27:00,2048,1.00,.00,0.01000000,,0,5.440000,NA-F,SODIUM,MG/L,45.84528,-84.56667
202402001,2025-03-04 13:41:00,CCGS LIMNOS,LAKE HURON,47,455149,-841741,66,69.00,2024-09-05 07:08:00,2048,1.00,.00,0.01000000,,0,4.920000,NA-F,SODIUM,MG/L,45.86361,-84.29472
202402001,2025-03-04 13:41:00,CCGS LIMNOS,LAKE HURON,48,455606,-835359,67,31.00,2024-09-05 09:35:00,2048,1.00,.00,0.01000000,,0,4.590000,NA-F,SODIUM,MG/L,45.93500,-83.89972
202402001,2025-03-04 13:41:00,CCGS LIMNOS,LAKE HURON,49,460442,-840141,69,10.00,2024-09-05 11:24:00,2048,1.00,.00,0.01000000,,0,1.930000,NA-F,SODIUM,MG/L,46.07833,-84.02806
202402001,2025-03-04 13:41:00,CCGS LIMNOS,LAKE HURON,49,460442,-840141,69,10.00,2024-09-05 11:24:00,2048,8.00,.00,0.01000000,,0,2.000000,NA-F,SODIUM,MG/L,46.07833,-84.02806
202402001,2025-03-04 13:41:00,CCGS LIMNOS,LAKE HURON,50,460230,-835112,68,17.00,2024-09-05 12:44:00,2048,1.00,.00,0.01000000,,0,2.460000,NA-F,SODIUM,MG/L,46.04167,-83.85333
202402001,2025-03-04 13:41:00,CCGS LIMNOS,LAKE HURON,50,460230,-835112,68,17.00,2024-09-05 12:44:00,2048,998.00,.00,0.01000000,,0,.010000,NA-F,SODIUM,MG/L,46.04167,-83.85333
202402001,2025-03-04 13:41:00,CCGS LIMNOS,LAKE HURON,50,460230,-835112,68,17.00,2024-09-05 12:44:00,2048,999.00,.00,0.01000000,<,0,.010000,NA-F,SODIUM,MG/L,46.04167,-83.85333
202402001,2025-03-04 13:41:00,CCGS LIMNOS,LAKE HURON,51,460812,-834018,70,22.00,2024-09-05 14:24:00,2048,1.00,.00,0.01000000,,0,3.560000,NA-F,SODIUM,MG/L,46.13667,-83.67167
202402001,2025-03-04 13:41:00,CCGS LIMNOS,LAKE HURON,52,461400,-834447,71,34.00,2024-09-05 15:25:00,2048,1.00,.00,0.01000000,,0,3.130000,NA-F,SODIUM,MG/L,46.23333,-83.74639
202402001,2025-03-04 13:41:00,CCGS LIMNOS,LAKE HURON,52,461400,-834447,71,34.00,2024-09-05 15:25:00,2048,3.00,.00,0.01000000,,0,3.800000,NA-F,SODIUM,MG/L,46.23333,-83.74639
202402001,2025-03-04 13:41:00,CCGS LIMNOS,LAKE HURON,52,461400,-834447,71,34.00,2024-09-05 15:25:00,2048,9.50,.00,0.01000000,,0,4.280000,NA-F,SODIUM,MG/L,46.23333,-83.74639
202402001,2025-03-04 13:41:00,CCGS LIMNOS,LAKE HURON,52,461400,-834447,71,34.00,2024-09-05 15:25:00,2048,16.00,.00,0.01000000,,0,4.420000,NA-F,SODIUM,MG/L,46.23333,-83.74639
202402001,2025-03-04 13:41:00,CCGS LIMNOS,LAKE HURON,52,461400,-834447,71,34.00,2024-09-05 15:25:00,2048,32.00,.00,0.01000000,,0,4.420000,NA-F,SODIUM,MG/L,46.23333,-83.74639
202402001,2025-03-04 13:41:00,CCGS LIMNOS,LAKE HURON,53,461112,-832117,73,19.00,2024-09-05 17:38:00,2048,1.00,.00,0.01000000,,0,3.620000,NA-F,SODIUM,MG/L,46.18667,-83.35472
202402001,2025-03-04 13:41:00,CCGS LIMNOS,LAKE HURON,54,460724,-825309,79,26.00,2024-09-05 20:17:00,2048,1.00,.00,0.01000000,,0,4.410000,NA-F,SODIUM,MG/L,46.12333,-82.88583
202402001,2025-03-04 13:41:00,CCGS LIMNOS,LAKE HURON,54,460724,-825309,79,26.00,2024-09-05 20:17:00,2048,10.00,.00,0.01000000,,0,4.300000,NA-F,SODIUM,MG/L,46.12333,-82.88583
202402001,2025-03-04 13:41:00,CCGS LIMNOS,LAKE HURON,54,460724,-825309,79,26.00,2024-09-05 20:17:00,2048,24.00,.00,0.01000000,,0,4.470000,NA-F,SODIUM,MG/L,46.12333,-82.88583
202402001,2025-03-04 13:41:00,CCGS LIMNOS,LAKE HURON,55,460530,-823324,84,36.00,2024-09-05 22:18:00,2048,1.00,.00,0.01000000,,0,4.290000,NA-F,SODIUM,MG/L,46.09167,-82.55667
202402001,2025-03-04 13:41:00,CCGS LIMNOS,LAKE HURON,55,460530,-823324,84,36.00,2024-09-05 22:18:00,2048,1.00,.00,0.01000000,,1,4.280000,NA-F,SODIUM,MG/L,46.09167,-82.55667
202402001,2025-03-04 13:41:00,CCGS LIMNOS,LAKE HURON,55,460530,-823324,84,36.00,2024-09-05 22:18:00,2048,7.00,.00,0.01000000,,0,4.270000,NA-F,SODIUM,MG/L,46.09167,-82.55667
202402001,2025-03-04 13:41:00,CCGS LIMNOS,LAKE HURON,55,460530,-823324,84,36.00,2024-09-05 22:18:00,2048,20.50,.00,0.01000000,,0,4.370000,NA-F,SODIUM,MG/L,46.09167,-82.55667
202402001,2025-03-04 13:41:00,CCGS LIMNOS,LAKE HURON,55,460530,-823324,84,36.00,2024-09-05 22:18:00,2048,26.00,.00,0.01000000,,0,4.400000,NA-F,SODIUM,MG/L,46.09167,-82.55667
202402001,2025-03-04 13:41:00,CCGS LIMNOS,LAKE HURON,55,460530,-823324,84,36.00,2024-09-05 22:18:00,2048,34.00,.00,0.01000000,,0,4.420000,NA-F,SODIUM,MG/L,46.09167,-82.55667
202402001,2025-03-04 13:41:00,CCGS LIMNOS,LAKE HURON,56,460340,-821149,87,35.00,2024-09-06 00:45:00,2048,1.00,.00,0.01000000,,0,4.360000,NA-F,SODIUM,MG/L,46.06111,-82.19694
202402001,2025-03-04 13:41:00,CCGS LIMNOS,LAKE HURON,57,460320,-815959,88,36.00,2024-09-06 02:07:00,2048,1.00,.00,0.01000000,,0,4.330000,NA-F,SODIUM,MG/L,46.05556,-81.99972
202402001,2025-03-04 13:41:00,CCGS LIMNOS,LAKE HURON,58,455459,-820940,89,39.00,2024-09-06 03:48:00,2048,1.00,.00,0.01000000,,0,4.340000,NA-F,SODIUM,MG/L,45.91639,-82.16111
202402001,2025-03-04 13:41:00,CCGS LIMNOS,LAKE HURON,59,460000,-823258,83,31.00,2024-09-06 07:05:00,2048,1.00,.00,0.01000000,,0,4.370000,NA-F,SODIUM,MG/L,46.00000,-82.54944
202402001,2025-03-04 13:41:00,CCGS LIMNOS,LAKE HURON,60,455611,-824527,82,28.50,2024-09-06 08:34:00,2048,1.00,.00,0.01000000,,0,4.250000,NA-F,SODIUM,MG/L,45.93639,-82.75750
202402001,2025-03-04 13:41:00,CCGS LIMNOS,LAKE HURON,60,455611,-824527,82,28.50,2024-09-06 08:34:00,2048,998.00,.00,0.01000000,,0,.010000,NA-F,SODIUM,MG/L,45.93639,-82.75750
202402001,2025-03-04 13:41:00,CCGS LIMNOS,LAKE HURON,60,455611,-824527,82,28.50,2024-09-06 08:34:00,2048,999.00,.00,0.01000000,<,0,.010000,NA-F,SODIUM,MG/L,45.93639,-82.75750
202402001,2025-03-04 13:41:00,CCGS LIMNOS,LAKE HURON,61,455811,-831154,77,78.00,2024-09-06 11:34:00,2048,1.00,.00,0.01000000,,0,4.060000,NA-F,SODIUM,MG/L,45.96972,-83.19833
202402001,2025-03-04 13:41:00,CCGS LIMNOS,LAKE HURON,62,455959,-832600,76,58.00,2024-09-06 13:08:00,2048,1.00,.00,0.01000000,,0,4.000000,NA-F,SODIUM,MG/L,45.99972,-83.43333
202402001,2025-03-04 13:41:00,CCGS LIMNOS,LAKE HURON,63,455405,-833105,60,25.00,2024-09-06 14:16:00,2048,1.00,.00,0.01000000,,0,4.820000,NA-F,SODIUM,MG/L,45.90139,-83.51806
202402001,2025-03-04 13:41:00,CCGS LIMNOS,LAKE HURON,64,455159,-831600,58,12.00,2024-09-06 16:39:00,2048,1.00,.00,0.01000000,,0,4.170000,NA-F,SODIUM,MG/L,45.86639,-83.26667
202402001,2025-03-04 13:41:00,CCGS LIMNOS,LAKE HURON,65,454600,-830141,59,18.00,2024-09-06 18:18:00,2048,1.00,.00,0.01000000,,0,4.590000,NA-F,SODIUM,MG/L,45.76667,-83.02806
202402001,2025-03-04 13:41:00,CCGS LIMNOS,LAKE HURON,65,454600,-830141,59,18.00,2024-09-06 18:18:00,2048,1.00,.00,0.01000000,,1,4.530000,NA-F,SODIUM,MG/L,45.76667,-83.02806
202402001,2025-03-04 13:41:00,CCGS LIMNOS,LAKE HURON,66,453905,-823852,52,66.00,2024-09-06 20:48:00,2048,1.00,.00,0.01000000,,0,4.900000,NA-F,SODIUM,MG/L,45.65139,-82.64778
202402001,2025-03-04 13:41:00,CCGS LIMNOS,LAKE HURON,67,453205,-820242,50,27.00,2024-09-07 00:19:00,2048,1.00,.00,0.01000000,,0,4.980000,NA-F,SODIUM,MG/L,45.53472,-82.04500
202402001,2025-03-04 13:41:00,CCGS LIMNOS,LAKE HURON,68,451316,-814909,42,42.00,2024-09-07 03:12:00,2048,1.00,.00,0.01000000,,0,4.940000,NA-F,SODIUM,MG/L,45.22111,-81.81917
202402001,2025-03-04 13:41:00,CCGS LIMNOS,LAKE HURON,1,430523,-822330,1,11.00,2024-08-26 18:44:00,2050,1.00,.00,0.01000000,,0,1.790000,SIO2-F,SILICA,MG/L,43.08972,-82.39167
202402001,2025-03-04 13:41:00,CCGS LIMNOS,LAKE HURON,1,430523,-822330,1,11.00,2024-08-26 18:44:00,2050,9.00,.00,0.01000000,,0,1.770000,SIO2-F,SILICA,MG/L,43.08972,-82.39167
202402001,2025-03-04 13:41:00,CCGS LIMNOS,LAKE HURON,2,432030,-823021,7,11.00,2024-08-26 20:43:00,2050,1.00,.00,0.01000000,,0,1.840000,SIO2-F,SILICA,MG/L,43.34167,-82.50583
202402001,2025-03-04 13:41:00,CCGS LIMNOS,LAKE HURON,3,433402,-822907,8,30.00,2024-08-26 22:29:00,2050,1.00,.00,0.01000000,,0,1.790000,SIO2-F,SILICA,MG/L,43.56722,-82.48528
202402001,2025-03-04 13:41:00,CCGS LIMNOS,LAKE HURON,4,433759,-821301,9,60.00,2024-08-27 00:08:00,2050,1.00,.00,0.01000000,,0,1.810000,SIO2-F,SILICA,MG/L,43.63306,-82.21694
202402001,2025-03-04 13:41:00,CCGS LIMNOS,LAKE HURON,4,433759,-821301,9,60.00,2024-08-27 00:08:00,2050,23.00,.00,0.01000000,,0,1.810000,SIO2-F,SILICA,MG/L,43.63306,-82.21694
202402001,2025-03-04 13:41:00,CCGS LIMNOS,LAKE HURON,4,433759,-821301,9,60.00,2024-08-27 00:08:00,2050,32.00,.00,0.01000000,,0,2.060000,SIO2-F,SILICA,MG/L,43.63306,-82.21694
202402001,2025-03-04 13:41:00,CCGS LIMNOS,LAKE HURON,4,433759,-821301,9,60.00,2024-08-27 00:08:00,2050,41.00,.00,0.01000000,,0,2.340000,SIO2-F,SILICA,MG/L,43.63306,-82.21694
202402001,2025-03-04 13:41:00,CCGS LIMNOS,LAKE HURON,4,433759,-821301,9,60.00,2024-08-27 00:08:00,2050,50.00,.00,0.01000000,,0,2.390000,SIO2-F,SILICA,MG/L,43.63306,-82.21694
202402001,2025-03-04 13:41:00,CCGS LIMNOS,LAKE HURON,4,433759,-821301,9,60.00,2024-08-27 00:08:00,2050,58.00,.00,0.01000000,,0,2.420000,SIO2-F,SILICA,MG/L,43.63306,-82.21694
202402001,2025-03-04 13:41:00,CCGS LIMNOS,LAKE HURON,5,434513,-823405,13,17.00,2024-08-27 03:04:00,2050,1.00,.00,0.01000000,,0,1.880000,SIO2-F,SILICA,MG/L,43.75361,-82.56806
202402001,2025-03-04 13:41:00,CCGS LIMNOS,LAKE HURON,5,434513,-823405,13,17.00,2024-08-27 03:04:00,2050,1.00,.00,0.01000000,,1,1.890000,SIO2-F,SILICA,MG/L,43.75361,-82.56806
202402001,2025-03-04 13:41:00,CCGS LIMNOS,LAKE HURON,6,435631,-824000,14,12.50,2024-08-27 04:44:00,2050,1.00,.00,0.01000000,,0,1.920000,SIO2-F,SILICA,MG/L,43.94194,-82.66667
202402001,2025-03-04 13:41:00,CCGS LIMNOS,LAKE HURON,7,440600,-825159,17,15.00,2024-08-27 06:32:00,2050,1.00,.00,0.01000000,,0,1.800000,SIO2-F,SILICA,MG/L,44.10000,-82.86639
202402001,2025-03-04 13:41:00,CCGS LIMNOS,LAKE HURON,7,440600,-825159,17,15.00,2024-08-27 06:32:00,2050,10.00,.00,0.01000000,,0,1.870000,SIO2-F,SILICA,MG/L,44.10000,-82.86639
202402001,2025-03-04 13:41:00,CCGS LIMNOS,LAKE HURON,7,440600,-825159,17,15.00,2024-08-27 06:32:00,2050,13.00,.00,0.01000000,,0,1.840000,SIO2-F,SILICA,MG/L,44.10000,-82.86639
202402001,2025-03-04 13:41:00,CCGS LIMNOS,LAKE HURON,8,440409,-830450,94,14.50,2024-08-27 07:55:00,2050,1.00,.00,0.01000000,,0,1.830000,SIO2-F,SILICA,MG/L,44.06917,-83.08056
202402001,2025-03-04 13:41:00,CCGS LIMNOS,LAKE HURON,9,440735,-831014,96,30.00,2024-08-27 08:46:00,2050,1.00,.00,0.01000000,,0,1.820000,SIO2-F,SILICA,MG/L,44.12639,-83.17056
202402001,2025-03-04 13:41:00,CCGS LIMNOS,LAKE HURON,10,440654,-833144,97,11.00,2024-08-27 10:47:00,2050,1.00,.00,0.01000000,,0,3.420000,SIO2-F,SILICA,MG/L,44.11500,-83.52889
202402001,2025-03-04 13:41:00,CCGS LIMNOS,LAKE HURON,10,440654,-833144,97,11.00,2024-08-27 10:47:00,2050,998.00,.00,0.01000000,,0,.010000,SIO2-F,SILICA,MG/L,44.11500,-83.52889
202402001,2025-03-04 13:41:00,CCGS LIMNOS,LAKE HURON,10,440654,-833144,97,11.00,2024-08-27 10:47:00,2050,999.00,.00,0.01000000,<,0,.010000,SIO2-F,SILICA,MG/L,44.11500,-83.52889
202402001,2025-03-04 13:41:00,CCGS LIMNOS,LAKE HURON,11,435834,-833430,98,11.00,2024-08-27 12:08:00,2050,1.00,.00,0.01000000,,0,5.270000,SIO2-F,SILICA,MG/L,43.97611,-83.57500
202402001,2025-03-04 13:41:00,CCGS LIMNOS,LAKE HURON,12,434915,-833728,101,6.00,2024-08-27 13:32:00,2050,1.00,.00,0.01000000,,0,4.330000,SIO2-F,SILICA,MG/L,43.82083,-83.62444
202402001,2025-03-04 13:41:00,CCGS LIMNOS,LAKE HURON,13,434930,-834901,100,7.00,2024-08-27 14:43:00,2050,.50,.00,0.01000000,,0,6.380000,SIO2-F,SILICA,MG/L,43.82500,-83.81694
202402001,2025-03-04 13:41:00,CCGS LIMNOS,LAKE HURON,13,434930,-834901,100,7.00,2024-08-27 14:43:00,2050,1.00,.00,0.01000000,,0,6.400000,SIO2-F,SILICA,MG/L,43.82500,-83.81694
202402001,2025-03-04 13:41:00,CCGS LIMNOS,LAKE HURON,13,434930,-834901,100,7.00,2024-08-27 14:43:00,2050,5.00,.00,0.01000000,,0,6.500000,SIO2-F,SILICA,MG/L,43.82500,-83.81694
202402001,2025-03-04 13:41:00,CCGS LIMNOS,LAKE HURON,14,435430,-834427,99,7.00,2024-08-27 15:59:00,2050,1.00,.00,0.01000000,,0,7.560000,SIO2-F,SILICA,MG/L,43.90833,-83.74083
202402001,2025-03-04 13:41:00,CCGS LIMNOS,LAKE HURON,15,441246,-832214,95,21.00,2024-08-27 19:10:00,2050,1.00,.00,0.01000000,,0,2.020000,SIO2-F,SILICA,MG/L,44.21278,-83.37056
202402001,2025-03-04 13:41:00,CCGS LIMNOS,LAKE HURON,15,441246,-832214,95,21.00,2024-08-27 19:10:00,2050,1.00,.00,0.01000000,,1,2.010000,SIO2-F,SILICA,MG/L,44.21278,-83.37056
202402001,2025-03-04 13:41:00,CCGS LIMNOS,LAKE HURON,15,441246,-832214,95,21.00,2024-08-27 19:10:00,2050,11.00,.00,0.01000000,,0,1.810000,SIO2-F,SILICA,MG/L,44.21278,-83.37056
202402001,2025-03-04 13:41:00,CCGS LIMNOS,LAKE HURON,15,441246,-832214,95,21.00,2024-08-27 19:10:00,2050,19.00,.00,0.01000000,,0,1.880000,SIO2-F,SILICA,MG/L,44.21278,-83.37056
202402001,2025-03-04 13:41:00,CCGS LIMNOS,LAKE HURON,16,442002,-831758,23,9.00,2024-08-27 20:21:00,2050,1.00,.00,0.01000000,,0,2.080000,SIO2-F,SILICA,MG/L,44.33389,-83.29944
202402001,2025-03-04 13:41:00,CCGS LIMNOS,LAKE HURON,17,441303,-830501,20,47.00,2024-08-27 22:00:00,2050,1.00,.00,0.01000000,,0,1.810000,SIO2-F,SILICA,MG/L,44.21750,-83.08361
202402001,2025-03-04 13:41:00,CCGS LIMNOS,LAKE HURON,18,431525,-820217,3,16.00,2024-08-28 06:31:00,2050,1.00,.00,0.01000000,,0,1.670000,SIO2-F,SILICA,MG/L,43.25694,-82.03806
202402001,2025-03-04 13:41:00,CCGS LIMNOS,LAKE HURON,19,431930,-814717,4,10.00,2024-08-28 08:11:00,2050,1.00,.00,0.01000000,,0,1.580000,SIO2-F,SILICA,MG/L,43.32500,-81.78806
202402001,2025-03-04 13:41:00,CCGS LIMNOS,LAKE HURON,20,433254,-814441,5,11.50,2024-08-28 09:54:00,2050,1.00,.00,0.01000000,,0,1.690000,SIO2-F,SILICA,MG/L,43.54833,-81.74472
202402001,2025-03-04 13:41:00,CCGS LIMNOS,LAKE HURON,20,433254,-814441,5,11.50,2024-08-28 09:54:00,2050,998.00,.00,0.01000000,<,0,.010000,SIO2-F,SILICA,MG/L,43.54833,-81.74472
202402001,2025-03-04 13:41:00,CCGS LIMNOS,LAKE HURON,20,433254,-814441,5,11.50,2024-08-28 09:54:00,2050,999.00,.00,0.01000000,<,0,.010000,SIO2-F,SILICA,MG/L,43.54833,-81.74472
202402001,2025-03-04 13:41:00,CCGS LIMNOS,LAKE HURON,21,434512,-814652,10,12.50,2024-08-28 11:47:00,2050,1.00,.00,0.01000000,,0,1.700000,SIO2-F,SILICA,MG/L,43.75333,-81.78111
202402001,2025-03-04 13:41:00,CCGS LIMNOS,LAKE HURON,22,435723,-814712,11,10.50,2024-08-28 22:01:00,2050,1.00,.00,0.01000000,,0,1.740000,SIO2-F,SILICA,MG/L,43.95639,-81.78667
202402001,2025-03-04 13:41:00,CCGS LIMNOS,LAKE HURON,23,442159,-815000,29,123.00,2024-08-29 01:48:00,2050,1.00,.00,0.01000000,,0,1.890000,SIO2-F,SILICA,MG/L,44.36639,-81.83333
202402001,2025-03-04 13:41:00,CCGS LIMNOS,LAKE HURON,23,442159,-815000,29,123.00,2024-08-29 01:48:00,2050,14.00,.00,0.01000000,,0,1.850000,SIO2-F,SILICA,MG/L,44.36639,-81.83333
202402001,2025-03-04 13:41:00,CCGS LIMNOS,LAKE HURON,23,442159,-815000,29,123.00,2024-08-29 01:48:00,2050,24.00,.00,0.01000000,,0,1.970000,SIO2-F,SILICA,MG/L,44.36639,-81.83333
202402001,2025-03-04 13:41:00,CCGS LIMNOS,LAKE HURON,23,442159,-815000,29,123.00,2024-08-29 01:48:00,2050,34.00,.00,0.01000000,,0,2.140000,SIO2-F,SILICA,MG/L,44.36639,-81.83333
202402001,2025-03-04 13:41:00,CCGS LIMNOS,LAKE HURON,23,442159,-815000,29,123.00,2024-08-29 01:48:00,2050,113.00,.00,0.01000000,,0,2.400000,SIO2-F,SILICA,MG/L,44.36639,-81.83333
202402001,2025-03-04 13:41:00,CCGS LIMNOS,LAKE HURON,23,442159,-815000,29,123.00,2024-08-29 01:48:00,2050,121.00,.00,0.01000000,,0,2.430000,SIO2-F,SILICA,MG/L,44.36639,-81.83333
202402001,2025-03-04 13:41:00,CCGS LIMNOS,LAKE HURON,24,442759,-812712,30,21.50,2024-08-29 05:15:00,2050,1.00,.00,0.01000000,,0,1.810000,SIO2-F,SILICA,MG/L,44.46639,-81.45333
202402001,2025-03-04 13:41:00,CCGS LIMNOS,LAKE HURON,25,443924,-812242,39,26.00,2024-08-29 06:59:00,2050,1.00,.00,0.01000000,,0,1.810000,SIO2-F,SILICA,MG/L,44.65667,-81.37833
202402001,2025-03-04 13:41:00,CCGS LIMNOS,LAKE HURON,25,443924,-812242,39,26.00,2024-08-29 06:59:00,2050,1.00,.00,0.01000000,,1,1.810000,SIO2-F,SILICA,MG/L,44.65667,-81.37833
202402001,2025-03-04 13:41:00,CCGS LIMNOS,LAKE HURON,26,445354,-812613,40,20.00,2024-08-29 09:31:00,2050,1.00,.00,0.01000000,,0,1.770000,SIO2-F,SILICA,MG/L,44.89833,-81.43694
202402001,2025-03-04 13:41:00,CCGS LIMNOS,LAKE HURON,27,450459,-813212,41,22.50,2024-08-29 11:17:00,2050,1.00,.00,0.01000000,,0,1.870000,SIO2-F,SILICA,MG/L,45.08306,-81.53667
202402001,2025-03-04 13:41:00,CCGS LIMNOS,LAKE HURON,28,450048,-820030,43,172.00,2024-08-29 14:43:00,2050,1.00,.00,0.01000000,,0,1.850000,SIO2-F,SILICA,MG/L,45.01333,-82.00833
202402001,2025-03-04 13:41:00,CCGS LIMNOS,LAKE HURON,29,451642,-822707,48,110.00,2024-08-29 18:21:00,2050,1.00,.00,0.01000000,,0,1.880000,SIO2-F,SILICA,MG/L,45.27833,-82.45194
202402001,2025-03-04 13:41:00,CCGS LIMNOS,LAKE HURON,30,450059,-824106,44,166.50,2024-08-29 21:09:00,2050,1.00,.00,0.01000000,,0,1.810000,SIO2-F,SILICA,MG/L,45.01639,-82.68500
202402001,2025-03-04 13:41:00,CCGS LIMNOS,LAKE HURON,30,450059,-824106,44,166.50,2024-08-29 21:09:00,2050,14.00,.00,0.01000000,,0,1.760000,SIO2-F,SILICA,MG/L,45.01639,-82.68500
202402001,2025-03-04 13:41:00,CCGS LIMNOS,LAKE HURON,30,450059,-824106,44,166.50,2024-08-29 21:09:00,2050,45.50,.00,0.01000000,,0,2.210000,SIO2-F,SILICA,MG/L,45.01639,-82.68500
202402001,2025-03-04 13:41:00,CCGS LIMNOS,LAKE HURON,30,450059,-824106,44,166.50,2024-08-29 21:09:00,2050,77.00,.00,0.01000000,,0,2.320000,SIO2-F,SILICA,MG/L,45.01639,-82.68500
202402001,2025-03-04 13:41:00,CCGS LIMNOS,LAKE HURON,30,450059,-824106,44,166.50,2024-08-29 21:09:00,2050,156.50,.00,0.01000000,,0,2.420000,SIO2-F,SILICA,MG/L,45.01639,-82.68500
202402001,2025-03-04 13:41:00,CCGS LIMNOS,LAKE HURON,30,450059,-824106,44,166.50,2024-08-29 21:09:00,2050,164.50,.00,0.01000000,,0,2.380000,SIO2-F,SILICA,MG/L,45.01639,-82.68500
202402001,2025-03-04 13:41:00,CCGS LIMNOS,LAKE HURON,30,450059,-824106,44,166.50,2024-08-29 21:09:00,2050,998.00,.00,0.01000000,,0,.010000,SIO2-F,SILICA,MG/L,45.01639,-82.68500
202402001,2025-03-04 13:41:00,CCGS LIMNOS,LAKE HURON,30,450059,-824106,44,166.50,2024-08-29 21:09:00,2050,999.00,.00,0.01000000,<,0,.010000,SIO2-F,SILICA,MG/L,45.01639,-82.68500
202402001,2025-03-04 13:41:00,CCGS LIMNOS,LAKE HURON,31,444424,-820326,38,134.00,2024-08-30 01:46:00,2050,1.00,.00,0.01000000,,0,1.950000,SIO2-F,SILICA,MG/L,44.74000,-82.05722
202402001,2025-03-04 13:41:00,CCGS LIMNOS,LAKE HURON,32,442712,-822030,32,83.00,2024-08-30 05:08:00,2050,1.00,.00,0.01000000,,0,1.940000,SIO2-F,SILICA,MG/L,44.45333,-82.34167
202402001,2025-03-04 13:41:00,CCGS LIMNOS,LAKE HURON,33,435325,-820324,12,87.00,2024-08-30 10:38:00,2050,1.00,.00,0.01000000,,0,1.780000,SIO2-F,SILICA,MG/L,43.89028,-82.05667
202402001,2025-03-04 13:41:00,CCGS LIMNOS,LAKE HURON,34,441154,-823011,27,55.00,2024-09-03 23:11:00,2050,1.00,.00,0.01000000,,0,1.920000,SIO2-F,SILICA,MG/L,44.19833,-82.50306
202402001,2025-03-04 13:41:00,CCGS LIMNOS,LAKE HURON,35,443000,-825000,33,72.50,2024-09-04 02:23:00,2050,1.00,.00,0.01000000,,0,1.940000,SIO2-F,SILICA,MG/L,44.50000,-82.83333
202402001,2025-03-04 13:41:00,CCGS LIMNOS,LAKE HURON,35,443000,-825000,33,72.50,2024-09-04 02:23:00,2050,1.00,.00,0.01000000,,1,1.940000,SIO2-F,SILICA,MG/L,44.50000,-82.83333
202402001,2025-03-04 13:41:00,CCGS LIMNOS,LAKE HURON,36,443824,-831354,34,9.00,2024-09-04 05:09:00,2050,1.00,.00,0.01000000,,0,1.890000,SIO2-F,SILICA,MG/L,44.64000,-83.23167
202402001,2025-03-04 13:41:00,CCGS LIMNOS,LAKE HURON,37,450224,-832241,36,9.00,2024-09-04 08:34:00,2050,1.00,.00,0.01000000,,0,1.900000,SIO2-F,SILICA,MG/L,45.04000,-83.37806
202402001,2025-03-04 13:41:00,CCGS LIMNOS,LAKE HURON,37,450224,-832241,36,9.00,2024-09-04 08:34:00,2050,7.00,.00,0.01000000,,0,1.940000,SIO2-F,SILICA,MG/L,45.04000,-83.37806
202402001,2025-03-04 13:41:00,CCGS LIMNOS,LAKE HURON,38,451516,-832044,47,23.50,2024-09-04 11:59:00,2050,1.00,.00,0.01000000,,0,1.790000,SIO2-F,SILICA,MG/L,45.25444,-83.34556
202402001,2025-03-04 13:41:00,CCGS LIMNOS,LAKE HURON,39,453100,-832459,54,132.50,2024-09-04 15:02:00,2050,1.00,.00,0.01000000,,0,1.770000,SIO2-F,SILICA,MG/L,45.51667,-83.41639
202402001,2025-03-04 13:41:00,CCGS LIMNOS,LAKE HURON,39,453100,-832459,54,132.50,2024-09-04 15:02:00,2050,11.00,.00,0.01000000,,0,1.850000,SIO2-F,SILICA,MG/L,45.51667,-83.41639
202402001,2025-03-04 13:41:00,CCGS LIMNOS,LAKE HURON,39,453100,-832459,54,132.50,2024-09-04 15:02:00,2050,25.50,.00,0.01000000,,0,2.150000,SIO2-F,SILICA,MG/L,45.51667,-83.41639
202402001,2025-03-04 13:41:00,CCGS LIMNOS,LAKE HURON,39,453100,-832459,54,132.50,2024-09-04 15:02:00,2050,40.00,.00,0.01000000,,0,2.250000,SIO2-F,SILICA,MG/L,45.51667,-83.41639
202402001,2025-03-04 13:41:00,CCGS LIMNOS,LAKE HURON,39,453100,-832459,54,132.50,2024-09-04 15:02:00,2050,122.50,.00,0.01000000,,0,2.380000,SIO2-F,SILICA,MG/L,45.51667,-83.41639
202402001,2025-03-04 13:41:00,CCGS LIMNOS,LAKE HURON,39,453100,-832459,54,132.50,2024-09-04 15:02:00,2050,130.50,.00,0.01000000,,0,2.480000,SIO2-F,SILICA,MG/L,45.51667,-83.41639
202402001,2025-03-04 13:41:00,CCGS LIMNOS,LAKE HURON,40,452530,-833905,55,37.00,2024-09-04 17:32:00,2050,1.00,.00,0.01000000,,0,1.650000,SIO2-F,SILICA,MG/L,45.42500,-83.65139
202402001,2025-03-04 13:41:00,CCGS LIMNOS,LAKE HURON,40,452530,-833905,55,37.00,2024-09-04 17:32:00,2050,998.00,.00,0.01000000,,0,.010000,SIO2-F,SILICA,MG/L,45.42500,-83.65139
202402001,2025-03-04 13:41:00,CCGS LIMNOS,LAKE HURON,40,452530,-833905,55,37.00,2024-09-04 17:32:00,2050,999.00,.00,0.01000000,<,0,.010000,SIO2-F,SILICA,MG/L,45.42500,-83.65139
202402001,2025-03-04 13:41:00,CCGS LIMNOS,LAKE HURON,41,453059,-840500,56,22.50,2024-09-04 20:07:00,2050,1.00,.00,0.01000000,,0,1.640000,SIO2-F,SILICA,MG/L,45.51639,-84.08333
202402001,2025-03-04 13:41:00,CCGS LIMNOS,LAKE HURON,42,454459,-835500,61,117.00,2024-09-04 22:19:00,2050,1.00,.00,0.01000000,,0,1.810000,SIO2-F,SILICA,MG/L,45.74972,-83.91667
202402001,2025-03-04 13:41:00,CCGS LIMNOS,LAKE HURON,43,454029,-841112,62,44.00,2024-09-05 00:10:00,2050,1.00,.00,0.01000000,,0,2.260000,SIO2-F,SILICA,MG/L,45.67472,-84.18667
202402001,2025-03-04 13:41:00,CCGS LIMNOS,LAKE HURON,44,454212,-843041,63,15.00,2024-09-05 02:25:00,2050,1.00,.00,0.01000000,,0,2.410000,SIO2-F,SILICA,MG/L,45.70333,-84.51139
202402001,2025-03-04 13:41:00,CCGS LIMNOS,LAKE HURON,45,454848,-844519,64,36.00,2024-09-05 04:05:00,2050,1.00,.00,0.01000000,,0,1.570000,SIO2-F,SILICA,MG/L,45.81333,-84.75528
202402001,2025-03-04 13:41:00,CCGS LIMNOS,LAKE HURON,45,454848,-844519,64,36.00,2024-09-05 04:05:00,2050,1.00,.00,0.01000000,,1,1.580000,SIO2-F,SILICA,MG/L,45.81333,-84.75528
202402001,2025-03-04 13:41:00,CCGS LIMNOS,LAKE HURON,45,454848,-844519,64,36.00,2024-09-05 04:05:00,2050,16.00,.00,0.01000000,,0,1.850000,SIO2-F,SILICA,MG/L,45.81333,-84.75528
202402001,2025-03-04 13:41:00,CCGS LIMNOS,LAKE HURON,45,454848,-844519,64,36.00,2024-09-05 04:05:00,2050,24.50,.00,0.01000000,,0,2.020000,SIO2-F,SILICA,MG/L,45.81333,-84.75528
202402001,2025-03-04 13:41:00,CCGS LIMNOS,LAKE HURON,45,454848,-844519,64,36.00,2024-09-05 04:05:00,2050,26.00,.00,0.01000000,,0,2.100000,SIO2-F,SILICA,MG/L,45.81333,-84.75528
202402001,2025-03-04 13:41:00,CCGS LIMNOS,LAKE HURON,45,454848,-844519,64,36.00,2024-09-05 04:05:00,2050,33.00,.00,0.01000000,,0,2.090000,SIO2-F,SILICA,MG/L,45.81333,-84.75528
202402001,2025-03-04 13:41:00,CCGS LIMNOS,LAKE HURON,46,455043,-843400,65,58.50,2024-09-05 05:27:00,2050,1.00,.00,0.01000000,,0,1.590000,SIO2-F,SILICA,MG/L,45.84528,-84.56667
202402001,2025-03-04 13:41:00,CCGS LIMNOS,LAKE HURON,47,455149,-841741,66,69.00,2024-09-05 07:08:00,2050,1.00,.00,0.01000000,,0,1.710000,SIO2-F,SILICA,MG/L,45.86361,-84.29472
202402001,2025-03-04 13:41:00,CCGS LIMNOS,LAKE HURON,48,455606,-835359,67,31.00,2024-09-05 09:35:00,2050,1.00,.00,0.01000000,,0,1.960000,SIO2-F,SILICA,MG/L,45.93500,-83.89972
202402001,2025-03-04 13:41:00,CCGS LIMNOS,LAKE HURON,49,460442,-840141,69,10.00,2024-09-05 11:24:00,2050,1.00,.00,0.01000000,,0,2.270000,SIO2-F,SILICA,MG/L,46.07833,-84.02806
202402001,2025-03-04 13:41:00,CCGS LIMNOS,LAKE HURON,49,460442,-840141,69,10.00,2024-09-05 11:24:00,2050,8.00,.00,0.01000000,,0,2.280000,SIO2-F,SILICA,MG/L,46.07833,-84.02806
202402001,2025-03-04 13:41:00,CCGS LIMNOS,LAKE HURON,50,460230,-835112,68,17.00,2024-09-05 12:44:00,2050,1.00,.00,0.01000000,,0,2.270000,SIO2-F,SILICA,MG/L,46.04167,-83.85333
202402001,2025-03-04 13:41:00,CCGS LIMNOS,LAKE HURON,50,460230,-835112,68,17.00,2024-09-05 12:44:00,2050,998.00,.00,0.01000000,,0,.010000,SIO2-F,SILICA,MG/L,46.04167,-83.85333
202402001,2025-03-04 13:41:00,CCGS LIMNOS,LAKE HURON,50,460230,-835112,68,17.00,2024-09-05 12:44:00,2050,999.00,.00,0.01000000,<,0,.010000,SIO2-F,SILICA,MG/L,46.04167,-83.85333
202402001,2025-03-04 13:41:00,CCGS LIMNOS,LAKE HURON,51,460812,-834018,70,22.00,2024-09-05 14:24:00,2050,1.00,.00,0.01000000,,0,1.900000,SIO2-F,SILICA,MG/L,46.13667,-83.67167
202402001,2025-03-04 13:41:00,CCGS LIMNOS,LAKE HURON,52,461400,-834447,71,34.00,2024-09-05 15:25:00,2050,1.00,.00,0.01000000,,0,2.120000,SIO2-F,SILICA,MG/L,46.23333,-83.74639
202402001,2025-03-04 13:41:00,CCGS LIMNOS,LAKE HURON,52,461400,-834447,71,34.00,2024-09-05 15:25:00,2050,3.00,.00,0.01000000,,0,2.360000,SIO2-F,SILICA,MG/L,46.23333,-83.74639
202402001,2025-03-04 13:41:00,CCGS LIMNOS,LAKE HURON,52,461400,-834447,71,34.00,2024-09-05 15:25:00,2050,9.50,.00,0.01000000,,0,2.540000,SIO2-F,SILICA,MG/L,46.23333,-83.74639
202402001,2025-03-04 13:41:00,CCGS LIMNOS,LAKE HURON,52,461400,-834447,71,34.00,2024-09-05 15:25:00,2050,16.00,.00,0.01000000,,0,2.520000,SIO2-F,SILICA,MG/L,46.23333,-83.74639
202402001,2025-03-04 13:41:00,CCGS LIMNOS,LAKE HURON,52,461400,-834447,71,34.00,2024-09-05 15:25:00,2050,32.00,.00,0.01000000,,0,2.570000,SIO2-F,SILICA,MG/L,46.23333,-83.74639
202402001,2025-03-04 13:41:00,CCGS LIMNOS,LAKE HURON,53,461112,-832117,73,19.00,2024-09-05 17:38:00,2050,1.00,.00,0.01000000,,0,2.090000,SIO2-F,SILICA,MG/L,46.18667,-83.35472
202402001,2025-03-04 13:41:00,CCGS LIMNOS,LAKE HURON,54,460724,-825309,79,26.00,2024-09-05 20:17:00,2050,1.00,.00,0.01000000,,0,2.120000,SIO2-F,SILICA,MG/L,46.12333,-82.88583
202402001,2025-03-04 13:41:00,CCGS LIMNOS,LAKE HURON,54,460724,-825309,79,26.00,2024-09-05 20:17:00,2050,10.00,.00,0.01000000,,0,2.240000,SIO2-F,SILICA,MG/L,46.12333,-82.88583
202402001,2025-03-04 13:41:00,CCGS LIMNOS,LAKE HURON,54,460724,-825309,79,26.00,2024-09-05 20:17:00,2050,24.00,.00,0.01000000,,0,2.440000,SIO2-F,SILICA,MG/L,46.12333,-82.88583
202402001,2025-03-04 13:41:00,CCGS LIMNOS,LAKE HURON,55,460530,-823324,84,36.00,2024-09-05 22:18:00,2050,1.00,.00,0.01000000,,0,1.900000,SIO2-F,SILICA,MG/L,46.09167,-82.55667
202402001,2025-03-04 13:41:00,CCGS LIMNOS,LAKE HURON,55,460530,-823324,84,36.00,2024-09-05 22:18:00,2050,1.00,.00,0.01000000,,1,1.910000,SIO2-F,SILICA,MG/L,46.09167,-82.55667
202402001,2025-03-04 13:41:00,CCGS LIMNOS,LAKE HURON,55,460530,-823324,84,36.00,2024-09-05 22:18:00,2050,7.00,.00,0.01000000,,0,1.940000,SIO2-F,SILICA,MG/L,46.09167,-82.55667
202402001,2025-03-04 13:41:00,CCGS LIMNOS,LAKE HURON,55,460530,-823324,84,36.00,2024-09-05 22:18:00,2050,20.50,.00,0.01000000,,0,2.450000,SIO2-F,SILICA,MG/L,46.09167,-82.55667
202402001,2025-03-04 13:41:00,CCGS LIMNOS,LAKE HURON,55,460530,-823324,84,36.00,2024-09-05 22:18:00,2050,26.00,.00,0.01000000,,0,2.490000,SIO2-F,SILICA,MG/L,46.09167,-82.55667
202402001,2025-03-04 13:41:00,CCGS LIMNOS,LAKE HURON,55,460530,-823324,84,36.00,2024-09-05 22:18:00,2050,34.00,.00,0.01000000,,0,2.500000,SIO2-F,SILICA,MG/L,46.09167,-82.55667
202402001,2025-03-04 13:41:00,CCGS LIMNOS,LAKE HURON,56,460340,-821149,87,35.00,2024-09-06 00:45:00,2050,1.00,.00,0.01000000,,0,2.340000,SIO2-F,SILICA,MG/L,46.06111,-82.19694
202402001,2025-03-04 13:41:00,CCGS LIMNOS,LAKE HURON,57,460320,-815959,88,36.00,2024-09-06 02:07:00,2050,1.00,.00,0.01000000,,0,2.270000,SIO2-F,SILICA,MG/L,46.05556,-81.99972
202402001,2025-03-04 13:41:00,CCGS LIMNOS,LAKE HURON,58,455459,-820940,89,39.00,2024-09-06 03:48:00,2050,1.00,.00,0.01000000,,0,1.880000,SIO2-F,SILICA,MG/L,45.91639,-82.16111
202402001,2025-03-04 13:41:00,CCGS LIMNOS,LAKE HURON,59,460000,-823258,83,31.00,2024-09-06 07:05:00,2050,1.00,.00,0.01000000,,0,1.870000,SIO2-F,SILICA,MG/L,46.00000,-82.54944
202402001,2025-03-04 13:41:00,CCGS LIMNOS,LAKE HURON,60,455611,-824527,82,28.50,2024-09-06 08:34:00,2050,1.00,.00,0.01000000,,0,1.870000,SIO2-F,SILICA,MG/L,45.93639,-82.75750
202402001,2025-03-04 13:41:00,CCGS LIMNOS,LAKE HURON,60,455611,-824527,82,28.50,2024-09-06 08:34:00,2050,998.00,.00,0.01000000,,0,.010000,SIO2-F,SILICA,MG/L,45.93639,-82.75750
202402001,2025-03-04 13:41:00,CCGS LIMNOS,LAKE HURON,60,455611,-824527,82,28.50,2024-09-06 08:34:00,2050,999.00,.00,0.01000000,<,0,.010000,SIO2-F,SILICA,MG/L,45.93639,-82.75750
202402001,2025-03-04 13:41:00,CCGS LIMNOS,LAKE HURON,61,455811,-831154,77,78.00,2024-09-06 11:34:00,2050,1.00,.00,0.01000000,,0,1.850000,SIO2-F,SILICA,MG/L,45.96972,-83.19833
202402001,2025-03-04 13:41:00,CCGS LIMNOS,LAKE HURON,62,455959,-832600,76,58.00,2024-09-06 13:08:00,2050,1.00,.00,0.01000000,,0,1.810000,SIO2-F,SILICA,MG/L,45.99972,-83.43333
202402001,2025-03-04 13:41:00,CCGS LIMNOS,LAKE HURON,63,455405,-833105,60,25.00,2024-09-06 14:16:00,2050,1.00,.00,0.01000000,,0,1.850000,SIO2-F,SILICA,MG/L,45.90139,-83.51806
202402001,2025-03-04 13:41:00,CCGS LIMNOS,LAKE HURON,64,455159,-831600,58,12.00,2024-09-06 16:39:00,2050,1.00,.00,0.01000000,,0,1.840000,SIO2-F,SILICA,MG/L,45.86639,-83.26667
202402001,2025-03-04 13:41:00,CCGS LIMNOS,LAKE HURON,65,454600,-830141,59,18.00,2024-09-06 18:18:00,2050,1.00,.00,0.01000000,,0,1.780000,SIO2-F,SILICA,MG/L,45.76667,-83.02806
202402001,2025-03-04 13:41:00,CCGS LIMNOS,LAKE HURON,65,454600,-830141,59,18.00,2024-09-06 18:18:00,2050,1.00,.00,0.01000000,,1,1.790000,SIO2-F,SILICA,MG/L,45.76667,-83.02806
202402001,2025-03-04 13:41:00,CCGS LIMNOS,LAKE HURON,66,453905,-823852,52,66.00,2024-09-06 20:48:00,2050,1.00,.00,0.01000000,,0,1.820000,SIO2-F,SILICA,MG/L,45.65139,-82.64778
202402001,2025-03-04 13:41:00,CCGS LIMNOS,LAKE HURON,67,453205,-820242,50,27.00,2024-09-07 00:19:00,2050,1.00,.00,0.01000000,,0,1.800000,SIO2-F,SILICA,MG/L,45.53472,-82.04500
202402001,2025-03-04 13:41:00,CCGS LIMNOS,LAKE HURON,68,451316,-814909,42,42.00,2024-09-07 03:12:00,2050,1.00,.00,0.01000000,,0,1.800000,SIO2-F,SILICA,MG/L,45.22111,-81.81917
202402001,2025-03-04 13:41:00,CCGS LIMNOS,LAKE HURON,1,430523,-822330,1,11.00,2024-08-26 18:44:00,3723,1.00,.00,0.10000000,,0,82.100000,ALKCACO3,"Alkalinity, Total CaCO3 dissolved",mg/L,43.08972,-82.39167
202402001,2025-03-04 13:41:00,CCGS LIMNOS,LAKE HURON,1,430523,-822330,1,11.00,2024-08-26 18:44:00,3723,9.00,.00,0.10000000,,0,81.300000,ALKCACO3,"Alkalinity, Total CaCO3 dissolved",mg/L,43.08972,-82.39167
202402001,2025-03-04 13:41:00,CCGS LIMNOS,LAKE HURON,2,432030,-823021,7,11.00,2024-08-26 20:43:00,3723,1.00,.00,0.10000000,,0,82.100000,ALKCACO3,"Alkalinity, Total CaCO3 dissolved",mg/L,43.34167,-82.50583
202402001,2025-03-04 13:41:00,CCGS LIMNOS,LAKE HURON,3,433402,-822907,8,30.00,2024-08-26 22:29:00,3723,1.00,.00,0.10000000,,0,82.000000,ALKCACO3,"Alkalinity, Total CaCO3 dissolved",mg/L,43.56722,-82.48528
202402001,2025-03-04 13:41:00,CCGS LIMNOS,LAKE HURON,4,433759,-821301,9,60.00,2024-08-27 00:08:00,3723,1.00,.00,0.10000000,,0,81.300000,ALKCACO3,"Alkalinity, Total CaCO3 dissolved",mg/L,43.63306,-82.21694
202402001,2025-03-04 13:41:00,CCGS LIMNOS,LAKE HURON,4,433759,-821301,9,60.00,2024-08-27 00:08:00,3723,23.00,.00,0.10000000,,0,81.500000,ALKCACO3,"Alkalinity, Total CaCO3 dissolved",mg/L,43.63306,-82.21694
202402001,2025-03-04 13:41:00,CCGS LIMNOS,LAKE HURON,4,433759,-821301,9,60.00,2024-08-27 00:08:00,3723,32.00,.00,0.10000000,,0,80.900000,ALKCACO3,"Alkalinity, Total CaCO3 dissolved",mg/L,43.63306,-82.21694
202402001,2025-03-04 13:41:00,CCGS LIMNOS,LAKE HURON,4,433759,-821301,9,60.00,2024-08-27 00:08:00,3723,41.00,.00,0.10000000,,0,80.500000,ALKCACO3,"Alkalinity, Total CaCO3 dissolved",mg/L,43.63306,-82.21694
202402001,2025-03-04 13:41:00,CCGS LIMNOS,LAKE HURON,4,433759,-821301,9,60.00,2024-08-27 00:08:00,3723,50.00,.00,0.10000000,,0,80.900000,ALKCACO3,"Alkalinity, Total CaCO3 dissolved",mg/L,43.63306,-82.21694
202402001,2025-03-04 13:41:00,CCGS LIMNOS,LAKE HURON,4,433759,-821301,9,60.00,2024-08-27 00:08:00,3723,58.00,.00,0.10000000,,0,80.900000,ALKCACO3,"Alkalinity, Total CaCO3 dissolved",mg/L,43.63306,-82.21694
202402001,2025-03-04 13:41:00,CCGS LIMNOS,LAKE HURON,5,434513,-823405,13,17.00,2024-08-27 03:04:00,3723,1.00,.00,0.10000000,,0,82.300000,ALKCACO3,"Alkalinity, Total CaCO3 dissolved",mg/L,43.75361,-82.56806
202402001,2025-03-04 13:41:00,CCGS LIMNOS,LAKE HURON,5,434513,-823405,13,17.00,2024-08-27 03:04:00,3723,1.00,.00,0.10000000,,1,81.600000,ALKCACO3,"Alkalinity, Total CaCO3 dissolved",mg/L,43.75361,-82.56806
202402001,2025-03-04 13:41:00,CCGS LIMNOS,LAKE HURON,6,435631,-824000,14,12.50,2024-08-27 04:44:00,3723,1.00,.00,0.10000000,,0,81.800000,ALKCACO3,"Alkalinity, Total CaCO3 dissolved",mg/L,43.94194,-82.66667
202402001,2025-03-04 13:41:00,CCGS LIMNOS,LAKE HURON,7,440600,-825159,17,15.00,2024-08-27 06:32:00,3723,1.00,.00,0.10000000,,0,82.500000,ALKCACO3,"Alkalinity, Total CaCO3 dissolved",mg/L,44.10000,-82.86639
202402001,2025-03-04 13:41:00,CCGS LIMNOS,LAKE HURON,7,440600,-825159,17,15.00,2024-08-27 06:32:00,3723,10.00,.00,0.10000000,,0,81.700000,ALKCACO3,"Alkalinity, Total CaCO3 dissolved",mg/L,44.10000,-82.86639
202402001,2025-03-04 13:41:00,CCGS LIMNOS,LAKE HURON,7,440600,-825159,17,15.00,2024-08-27 06:32:00,3723,13.00,.00,0.10000000,,0,81.600000,ALKCACO3,"Alkalinity, Total CaCO3 dissolved",mg/L,44.10000,-82.86639
202402001,2025-03-04 13:41:00,CCGS LIMNOS,LAKE HURON,8,440409,-830450,94,14.50,2024-08-27 07:55:00,3723,1.00,.00,0.10000000,,0,81.000000,ALKCACO3,"Alkalinity, Total CaCO3 dissolved",mg/L,44.06917,-83.08056
202402001,2025-03-04 13:41:00,CCGS LIMNOS,LAKE HURON,9,440735,-831014,96,30.00,2024-08-27 08:46:00,3723,1.00,.00,0.10000000,,0,80.500000,ALKCACO3,"Alkalinity, Total CaCO3 dissolved",mg/L,44.12639,-83.17056
202402001,2025-03-04 13:41:00,CCGS LIMNOS,LAKE HURON,10,440654,-833144,97,11.00,2024-08-27 10:47:00,3723,1.00,.00,0.10000000,,0,89.900000,ALKCACO3,"Alkalinity, Total CaCO3 dissolved",mg/L,44.11500,-83.52889
202402001,2025-03-04 13:41:00,CCGS LIMNOS,LAKE HURON,10,440654,-833144,97,11.00,2024-08-27 10:47:00,3723,998.00,.00,0.10000000,<,0,.100000,ALKCACO3,"Alkalinity, Total CaCO3 dissolved",mg/L,44.11500,-83.52889
202402001,2025-03-04 13:41:00,CCGS LIMNOS,LAKE HURON,10,440654,-833144,97,11.00,2024-08-27 10:47:00,3723,999.00,.00,0.10000000,<,0,.100000,ALKCACO3,"Alkalinity, Total CaCO3 dissolved",mg/L,44.11500,-83.52889
202402001,2025-03-04 13:41:00,CCGS LIMNOS,LAKE HURON,11,435834,-833430,98,11.00,2024-08-27 12:08:00,3723,1.00,.00,0.10000000,,0,98.100000,ALKCACO3,"Alkalinity, Total CaCO3 dissolved",mg/L,43.97611,-83.57500
202402001,2025-03-04 13:41:00,CCGS LIMNOS,LAKE HURON,12,434915,-833728,101,6.00,2024-08-27 13:32:00,3723,1.00,.00,0.10000000,,0,97.200000,ALKCACO3,"Alkalinity, Total CaCO3 dissolved",mg/L,43.82083,-83.62444
202402001,2025-03-04 13:41:00,CCGS LIMNOS,LAKE HURON,13,434930,-834901,100,7.00,2024-08-27 14:43:00,3723,.50,.00,0.10000000,,0,108.000000,ALKCACO3,"Alkalinity, Total CaCO3 dissolved",mg/L,43.82500,-83.81694
202402001,2025-03-04 13:41:00,CCGS LIMNOS,LAKE HURON,13,434930,-834901,100,7.00,2024-08-27 14:43:00,3723,1.00,.00,0.10000000,,0,109.000000,ALKCACO3,"Alkalinity, Total CaCO3 dissolved",mg/L,43.82500,-83.81694
202402001,2025-03-04 13:41:00,CCGS LIMNOS,LAKE HURON,13,434930,-834901,100,7.00,2024-08-27 14:43:00,3723,5.00,.00,0.10000000,,0,109.000000,ALKCACO3,"Alkalinity, Total CaCO3 dissolved",mg/L,43.82500,-83.81694
202402001,2025-03-04 13:41:00,CCGS LIMNOS,LAKE HURON,14,435430,-834427,99,7.00,2024-08-27 15:59:00,3723,1.00,.00,0.10000000,,0,107.000000,ALKCACO3,"Alkalinity, Total CaCO3 dissolved",mg/L,43.90833,-83.74083
202402001,2025-03-04 13:41:00,CCGS LIMNOS,LAKE HURON,15,441246,-832214,95,21.00,2024-08-27 19:10:00,3723,1.00,.00,0.10000000,,0,83.100000,ALKCACO3,"Alkalinity, Total CaCO3 dissolved",mg/L,44.21278,-83.37056
202402001,2025-03-04 13:41:00,CCGS LIMNOS,LAKE HURON,15,441246,-832214,95,21.00,2024-08-27 19:10:00,3723,1.00,.00,0.10000000,,1,82.800000,ALKCACO3,"Alkalinity, Total CaCO3 dissolved",mg/L,44.21278,-83.37056
202402001,2025-03-04 13:41:00,CCGS LIMNOS,LAKE HURON,15,441246,-832214,95,21.00,2024-08-27 19:10:00,3723,11.00,.00,0.10000000,,0,79.300000,ALKCACO3,"Alkalinity, Total CaCO3 dissolved",mg/L,44.21278,-83.37056
202402001,2025-03-04 13:41:00,CCGS LIMNOS,LAKE HURON,15,441246,-832214,95,21.00,2024-08-27 19:10:00,3723,19.00,.00,0.10000000,,0,79.700000,ALKCACO3,"Alkalinity, Total CaCO3 dissolved",mg/L,44.21278,-83.37056
202402001,2025-03-04 13:41:00,CCGS LIMNOS,LAKE HURON,16,442002,-831758,23,9.00,2024-08-27 20:21:00,3723,1.00,.00,0.10000000,,0,82.100000,ALKCACO3,"Alkalinity, Total CaCO3 dissolved",mg/L,44.33389,-83.29944
202402001,2025-03-04 13:41:00,CCGS LIMNOS,LAKE HURON,17,441303,-830501,20,47.00,2024-08-27 22:00:00,3723,1.00,.00,0.10000000,,0,78.900000,ALKCACO3,"Alkalinity, Total CaCO3 dissolved",mg/L,44.21750,-83.08361
202402001,2025-03-04 13:41:00,CCGS LIMNOS,LAKE HURON,18,431525,-820217,3,16.00,2024-08-28 06:31:00,3723,1.00,.00,0.10000000,,0,81.500000,ALKCACO3,"Alkalinity, Total CaCO3 dissolved",mg/L,43.25694,-82.03806
202402001,2025-03-04 13:41:00,CCGS LIMNOS,LAKE HURON,19,431930,-814717,4,10.00,2024-08-28 08:11:00,3723,1.00,.00,0.10000000,,0,82.000000,ALKCACO3,"Alkalinity, Total CaCO3 dissolved",mg/L,43.32500,-81.78806
202402001,2025-03-04 13:41:00,CCGS LIMNOS,LAKE HURON,20,433254,-814441,5,11.50,2024-08-28 09:54:00,3723,1.00,.00,0.10000000,,0,82.000000,ALKCACO3,"Alkalinity, Total CaCO3 dissolved",mg/L,43.54833,-81.74472
202402001,2025-03-04 13:41:00,CCGS LIMNOS,LAKE HURON,20,433254,-814441,5,11.50,2024-08-28 09:54:00,3723,998.00,.00,0.10000000,<,0,.100000,ALKCACO3,"Alkalinity, Total CaCO3 dissolved",mg/L,43.54833,-81.74472
202402001,2025-03-04 13:41:00,CCGS LIMNOS,LAKE HURON,20,433254,-814441,5,11.50,2024-08-28 09:54:00,3723,999.00,.00,0.10000000,<,0,.100000,ALKCACO3,"Alkalinity, Total CaCO3 dissolved",mg/L,43.54833,-81.74472
202402001,2025-03-04 13:41:00,CCGS LIMNOS,LAKE HURON,21,434512,-814652,10,12.50,2024-08-28 11:47:00,3723,1.00,.00,0.10000000,,0,81.500000,ALKCACO3,"Alkalinity, Total CaCO3 dissolved",mg/L,43.75333,-81.78111
202402001,2025-03-04 13:41:00,CCGS LIMNOS,LAKE HURON,22,435723,-814712,11,10.50,2024-08-28 22:01:00,3723,1.00,.00,0.10000000,,0,81.400000,ALKCACO3,"Alkalinity, Total CaCO3 dissolved",mg/L,43.95639,-81.78667
202402001,2025-03-04 13:41:00,CCGS LIMNOS,LAKE HURON,23,442159,-815000,29,123.00,2024-08-29 01:48:00,3723,1.00,.00,0.10000000,,0,80.000000,ALKCACO3,"Alkalinity, Total CaCO3 dissolved",mg/L,44.36639,-81.83333
202402001,2025-03-04 13:41:00,CCGS LIMNOS,LAKE HURON,23,442159,-815000,29,123.00,2024-08-29 01:48:00,3723,14.00,.00,0.10000000,,0,81.200000,ALKCACO3,"Alkalinity, Total CaCO3 dissolved",mg/L,44.36639,-81.83333
202402001,2025-03-04 13:41:00,CCGS LIMNOS,LAKE HURON,23,442159,-815000,29,123.00,2024-08-29 01:48:00,3723,24.00,.00,0.10000000,,0,80.400000,ALKCACO3,"Alkalinity, Total CaCO3 dissolved",mg/L,44.36639,-81.83333
202402001,2025-03-04 13:41:00,CCGS LIMNOS,LAKE HURON,23,442159,-815000,29,123.00,2024-08-29 01:48:00,3723,34.00,.00,0.10000000,,0,80.000000,ALKCACO3,"Alkalinity, Total CaCO3 dissolved",mg/L,44.36639,-81.83333
202402001,2025-03-04 13:41:00,CCGS LIMNOS,LAKE HURON,23,442159,-815000,29,123.00,2024-08-29 01:48:00,3723,113.00,.00,0.10000000,,0,80.400000,ALKCACO3,"Alkalinity, Total CaCO3 dissolved",mg/L,44.36639,-81.83333
202402001,2025-03-04 13:41:00,CCGS LIMNOS,LAKE HURON,23,442159,-815000,29,123.00,2024-08-29 01:48:00,3723,121.00,.00,0.10000000,,0,80.900000,ALKCACO3,"Alkalinity, Total CaCO3 dissolved",mg/L,44.36639,-81.83333
202402001,2025-03-04 13:41:00,CCGS LIMNOS,LAKE HURON,24,442759,-812712,30,21.50,2024-08-29 05:15:00,3723,1.00,.00,0.10000000,,0,80.700000,ALKCACO3,"Alkalinity, Total CaCO3 dissolved",mg/L,44.46639,-81.45333
202402001,2025-03-04 13:41:00,CCGS LIMNOS,LAKE HURON,25,443924,-812242,39,26.00,2024-08-29 06:59:00,3723,1.00,.00,0.10000000,,0,81.200000,ALKCACO3,"Alkalinity, Total CaCO3 dissolved",mg/L,44.65667,-81.37833
202402001,2025-03-04 13:41:00,CCGS LIMNOS,LAKE HURON,25,443924,-812242,39,26.00,2024-08-29 06:59:00,3723,1.00,.00,0.10000000,,1,81.300000,ALKCACO3,"Alkalinity, Total CaCO3 dissolved",mg/L,44.65667,-81.37833
202402001,2025-03-04 13:41:00,CCGS LIMNOS,LAKE HURON,26,445354,-812613,40,20.00,2024-08-29 09:31:00,3723,1.00,.00,0.10000000,,0,81.000000,ALKCACO3,"Alkalinity, Total CaCO3 dissolved",mg/L,44.89833,-81.43694
202402001,2025-03-04 13:41:00,CCGS LIMNOS,LAKE HURON,27,450459,-813212,41,22.50,2024-08-29 11:17:00,3723,1.00,.00,0.10000000,,0,80.200000,ALKCACO3,"Alkalinity, Total CaCO3 dissolved",mg/L,45.08306,-81.53667
202402001,2025-03-04 13:41:00,CCGS LIMNOS,LAKE HURON,28,450048,-820030,43,172.00,2024-08-29 14:43:00,3723,1.00,.00,0.10000000,,0,79.200000,ALKCACO3,"Alkalinity, Total CaCO3 dissolved",mg/L,45.01333,-82.00833
202402001,2025-03-04 13:41:00,CCGS LIMNOS,LAKE HURON,29,451642,-822707,48,110.00,2024-08-29 18:21:00,3723,1.00,.00,0.10000000,,0,78.100000,ALKCACO3,"Alkalinity, Total CaCO3 dissolved",mg/L,45.27833,-82.45194
202402001,2025-03-04 13:41:00,CCGS LIMNOS,LAKE HURON,30,450059,-824106,44,166.50,2024-08-29 21:09:00,3723,1.00,.00,0.10000000,,0,77.000000,ALKCACO3,"Alkalinity, Total CaCO3 dissolved",mg/L,45.01639,-82.68500
202402001,2025-03-04 13:41:00,CCGS LIMNOS,LAKE HURON,30,450059,-824106,44,166.50,2024-08-29 21:09:00,3723,14.00,.00,0.10000000,,0,75.700000,ALKCACO3,"Alkalinity, Total CaCO3 dissolved",mg/L,45.01639,-82.68500
202402001,2025-03-04 13:41:00,CCGS LIMNOS,LAKE HURON,30,450059,-824106,44,166.50,2024-08-29 21:09:00,3723,45.50,.00,0.10000000,,0,80.000000,ALKCACO3,"Alkalinity, Total CaCO3 dissolved",mg/L,45.01639,-82.68500
202402001,2025-03-04 13:41:00,CCGS LIMNOS,LAKE HURON,30,450059,-824106,44,166.50,2024-08-29 21:09:00,3723,77.00,.00,0.10000000,,0,80.300000,ALKCACO3,"Alkalinity, Total CaCO3 dissolved",mg/L,45.01639,-82.68500
202402001,2025-03-04 13:41:00,CCGS LIMNOS,LAKE HURON,30,450059,-824106,44,166.50,2024-08-29 21:09:00,3723,156.50,.00,0.10000000,,0,80.400000,ALKCACO3,"Alkalinity, Total CaCO3 dissolved",mg/L,45.01639,-82.68500
202402001,2025-03-04 13:41:00,CCGS LIMNOS,LAKE HURON,30,450059,-824106,44,166.50,2024-08-29 21:09:00,3723,164.50,.00,0.10000000,,0,80.200000,ALKCACO3,"Alkalinity, Total CaCO3 dissolved",mg/L,45.01639,-82.68500
202402001,2025-03-04 13:41:00,CCGS LIMNOS,LAKE HURON,30,450059,-824106,44,166.50,2024-08-29 21:09:00,3723,998.00,.00,0.10000000,<,0,.100000,ALKCACO3,"Alkalinity, Total CaCO3 dissolved",mg/L,45.01639,-82.68500
202402001,2025-03-04 13:41:00,CCGS LIMNOS,LAKE HURON,30,450059,-824106,44,166.50,2024-08-29 21:09:00,3723,999.00,.00,0.10000000,<,0,.100000,ALKCACO3,"Alkalinity, Total CaCO3 dissolved",mg/L,45.01639,-82.68500
202402001,2025-03-04 13:41:00,CCGS LIMNOS,LAKE HURON,31,444424,-820326,38,134.00,2024-08-30 01:46:00,3723,1.00,.00,0.10000000,,0,79.900000,ALKCACO3,"Alkalinity, Total CaCO3 dissolved",mg/L,44.74000,-82.05722
202402001,2025-03-04 13:41:00,CCGS LIMNOS,LAKE HURON,32,442712,-822030,32,83.00,2024-08-30 05:08:00,3723,1.00,.00,0.10000000,,0,81.100000,ALKCACO3,"Alkalinity, Total CaCO3 dissolved",mg/L,44.45333,-82.34167
202402001,2025-03-04 13:41:00,CCGS LIMNOS,LAKE HURON,33,435325,-820324,12,87.00,2024-08-30 10:38:00,3723,1.00,.00,0.10000000,,0,81.500000,ALKCACO3,"Alkalinity, Total CaCO3 dissolved",mg/L,43.89028,-82.05667
202402001,2025-03-04 13:41:00,CCGS LIMNOS,LAKE HURON,34,441154,-823011,27,55.00,2024-09-03 23:11:00,3723,1.00,.00,0.10000000,,0,80.200000,ALKCACO3,"Alkalinity, Total CaCO3 dissolved",mg/L,44.19833,-82.50306
202402001,2025-03-04 13:41:00,CCGS LIMNOS,LAKE HURON,35,443000,-825000,33,72.50,2024-09-04 02:23:00,3723,1.00,.00,0.10000000,,0,79.200000,ALKCACO3,"Alkalinity, Total CaCO3 dissolved",mg/L,44.50000,-82.83333
202402001,2025-03-04 13:41:00,CCGS LIMNOS,LAKE HURON,35,443000,-825000,33,72.50,2024-09-04 02:23:00,3723,1.00,.00,0.10000000,,1,79.100000,ALKCACO3,"Alkalinity, Total CaCO3 dissolved",mg/L,44.50000,-82.83333
202402001,2025-03-04 13:41:00,CCGS LIMNOS,LAKE HURON,36,443824,-831354,34,9.00,2024-09-04 05:09:00,3723,1.00,.00,0.10000000,,0,80.500000,ALKCACO3,"Alkalinity, Total CaCO3 dissolved",mg/L,44.64000,-83.23167
202402001,2025-03-04 13:41:00,CCGS LIMNOS,LAKE HURON,37,450224,-832241,36,9.00,2024-09-04 08:34:00,3723,1.00,.00,0.10000000,,0,81.700000,ALKCACO3,"Alkalinity, Total CaCO3 dissolved",mg/L,45.04000,-83.37806
202402001,2025-03-04 13:41:00,CCGS LIMNOS,LAKE HURON,37,450224,-832241,36,9.00,2024-09-04 08:34:00,3723,7.00,.00,0.10000000,,0,81.400000,ALKCACO3,"Alkalinity, Total CaCO3 dissolved",mg/L,45.04000,-83.37806
202402001,2025-03-04 13:41:00,CCGS LIMNOS,LAKE HURON,38,451516,-832044,47,23.50,2024-09-04 11:59:00,3723,1.00,.00,0.10000000,,0,77.700000,ALKCACO3,"Alkalinity, Total CaCO3 dissolved",mg/L,45.25444,-83.34556
202402001,2025-03-04 13:41:00,CCGS LIMNOS,LAKE HURON,39,453100,-832459,54,132.50,2024-09-04 15:02:00,3723,1.00,.00,0.10000000,,0,78.400000,ALKCACO3,"Alkalinity, Total CaCO3 dissolved",mg/L,45.51667,-83.41639
202402001,2025-03-04 13:41:00,CCGS LIMNOS,LAKE HURON,39,453100,-832459,54,132.50,2024-09-04 15:02:00,3723,11.00,.00,0.10000000,,0,78.500000,ALKCACO3,"Alkalinity, Total CaCO3 dissolved",mg/L,45.51667,-83.41639
202402001,2025-03-04 13:41:00,CCGS LIMNOS,LAKE HURON,39,453100,-832459,54,132.50,2024-09-04 15:02:00,3723,25.50,.00,0.10000000,,0,78.700000,ALKCACO3,"Alkalinity, Total CaCO3 dissolved",mg/L,45.51667,-83.41639
202402001,2025-03-04 13:41:00,CCGS LIMNOS,LAKE HURON,39,453100,-832459,54,132.50,2024-09-04 15:02:00,3723,40.00,.00,0.10000000,,0,78.700000,ALKCACO3,"Alkalinity, Total CaCO3 dissolved",mg/L,45.51667,-83.41639
202402001,2025-03-04 13:41:00,CCGS LIMNOS,LAKE HURON,39,453100,-832459,54,132.50,2024-09-04 15:02:00,3723,122.50,.00,0.10000000,,0,79.800000,ALKCACO3,"Alkalinity, Total CaCO3 dissolved",mg/L,45.51667,-83.41639
202402001,2025-03-04 13:41:00,CCGS LIMNOS,LAKE HURON,39,453100,-832459,54,132.50,2024-09-04 15:02:00,3723,130.50,.00,0.10000000,,0,79.300000,ALKCACO3,"Alkalinity, Total CaCO3 dissolved",mg/L,45.51667,-83.41639
202402001,2025-03-04 13:41:00,CCGS LIMNOS,LAKE HURON,40,452530,-833905,55,37.00,2024-09-04 17:32:00,3723,1.00,.00,0.10000000,,0,82.100000,ALKCACO3,"Alkalinity, Total CaCO3 dissolved",mg/L,45.42500,-83.65139
202402001,2025-03-04 13:41:00,CCGS LIMNOS,LAKE HURON,40,452530,-833905,55,37.00,2024-09-04 17:32:00,3723,998.00,.00,0.10000000,<,0,.100000,ALKCACO3,"Alkalinity, Total CaCO3 dissolved",mg/L,45.42500,-83.65139
202402001,2025-03-04 13:41:00,CCGS LIMNOS,LAKE HURON,40,452530,-833905,55,37.00,2024-09-04 17:32:00,3723,999.00,.00,0.10000000,<,0,.100000,ALKCACO3,"Alkalinity, Total CaCO3 dissolved",mg/L,45.42500,-83.65139
202402001,2025-03-04 13:41:00,CCGS LIMNOS,LAKE HURON,41,453059,-840500,56,22.50,2024-09-04 20:07:00,3723,1.00,.00,0.10000000,,0,82.700000,ALKCACO3,"Alkalinity, Total CaCO3 dissolved",mg/L,45.51639,-84.08333
202402001,2025-03-04 13:41:00,CCGS LIMNOS,LAKE HURON,42,454459,-835500,61,117.00,2024-09-04 22:19:00,3723,1.00,.00,0.10000000,,0,74.700000,ALKCACO3,"Alkalinity, Total CaCO3 dissolved",mg/L,45.74972,-83.91667
202402001,2025-03-04 13:41:00,CCGS LIMNOS,LAKE HURON,43,454029,-841112,62,44.00,2024-09-05 00:10:00,3723,1.00,.00,0.10000000,,0,80.800000,ALKCACO3,"Alkalinity, Total CaCO3 dissolved",mg/L,45.67472,-84.18667
202402001,2025-03-04 13:41:00,CCGS LIMNOS,LAKE HURON,44,454212,-843041,63,15.00,2024-09-05 02:25:00,3723,1.00,.00,0.10000000,,0,84.800000,ALKCACO3,"Alkalinity, Total CaCO3 dissolved",mg/L,45.70333,-84.51139
202402001,2025-03-04 13:41:00,CCGS LIMNOS,LAKE HURON,45,454848,-844519,64,36.00,2024-09-05 04:05:00,3723,1.00,.00,0.10000000,,0,99.900000,ALKCACO3,"Alkalinity, Total CaCO3 dissolved",mg/L,45.81333,-84.75528
202402001,2025-03-04 13:41:00,CCGS LIMNOS,LAKE HURON,45,454848,-844519,64,36.00,2024-09-05 04:05:00,3723,1.00,.00,0.10000000,,1,99.600000,ALKCACO3,"Alkalinity, Total CaCO3 dissolved",mg/L,45.81333,-84.75528
202402001,2025-03-04 13:41:00,CCGS LIMNOS,LAKE HURON,45,454848,-844519,64,36.00,2024-09-05 04:05:00,3723,16.00,.00,0.10000000,,0,89.400000,ALKCACO3,"Alkalinity, Total CaCO3 dissolved",mg/L,45.81333,-84.75528
202402001,2025-03-04 13:41:00,CCGS LIMNOS,LAKE HURON,45,454848,-844519,64,36.00,2024-09-05 04:05:00,3723,24.50,.00,0.10000000,,0,85.300000,ALKCACO3,"Alkalinity, Total CaCO3 dissolved",mg/L,45.81333,-84.75528
202402001,2025-03-04 13:41:00,CCGS LIMNOS,LAKE HURON,45,454848,-844519,64,36.00,2024-09-05 04:05:00,3723,26.00,.00,0.10000000,,0,84.000000,ALKCACO3,"Alkalinity, Total CaCO3 dissolved",mg/L,45.81333,-84.75528
202402001,2025-03-04 13:41:00,CCGS LIMNOS,LAKE HURON,45,454848,-844519,64,36.00,2024-09-05 04:05:00,3723,33.00,.00,0.10000000,,0,85.600000,ALKCACO3,"Alkalinity, Total CaCO3 dissolved",mg/L,45.81333,-84.75528
202402001,2025-03-04 13:41:00,CCGS LIMNOS,LAKE HURON,46,455043,-843400,65,58.50,2024-09-05 05:27:00,3723,1.00,.00,0.10000000,,0,83.300000,ALKCACO3,"Alkalinity, Total CaCO3 dissolved",mg/L,45.84528,-84.56667
202402001,2025-03-04 13:41:00,CCGS LIMNOS,LAKE HURON,47,455149,-841741,66,69.00,2024-09-05 07:08:00,3723,1.00,.00,0.10000000,,0,77.000000,ALKCACO3,"Alkalinity, Total CaCO3 dissolved",mg/L,45.86361,-84.29472
202402001,2025-03-04 13:41:00,CCGS LIMNOS,LAKE HURON,48,455606,-835359,67,31.00,2024-09-05 09:35:00,3723,1.00,.00,0.10000000,,0,74.000000,ALKCACO3,"Alkalinity, Total CaCO3 dissolved",mg/L,45.93500,-83.89972
202402001,2025-03-04 13:41:00,CCGS LIMNOS,LAKE HURON,49,460442,-840141,69,10.00,2024-09-05 11:24:00,3723,1.00,.00,0.10000000,,0,48.200000,ALKCACO3,"Alkalinity, Total CaCO3 dissolved",mg/L,46.07833,-84.02806
202402001,2025-03-04 13:41:00,CCGS LIMNOS,LAKE HURON,49,460442,-840141,69,10.00,2024-09-05 11:24:00,3723,8.00,.00,0.10000000,,0,48.300000,ALKCACO3,"Alkalinity, Total CaCO3 dissolved",mg/L,46.07833,-84.02806
202402001,2025-03-04 13:41:00,CCGS LIMNOS,LAKE HURON,50,460230,-835112,68,17.00,2024-09-05 12:44:00,3723,1.00,.00,0.10000000,,0,53.200000,ALKCACO3,"Alkalinity, Total CaCO3 dissolved",mg/L,46.04167,-83.85333
202402001,2025-03-04 13:41:00,CCGS LIMNOS,LAKE HURON,50,460230,-835112,68,17.00,2024-09-05 12:44:00,3723,998.00,.00,0.10000000,<,0,.100000,ALKCACO3,"Alkalinity, Total CaCO3 dissolved",mg/L,46.04167,-83.85333
202402001,2025-03-04 13:41:00,CCGS LIMNOS,LAKE HURON,50,460230,-835112,68,17.00,2024-09-05 12:44:00,3723,999.00,.00,0.10000000,<,0,.100000,ALKCACO3,"Alkalinity, Total CaCO3 dissolved",mg/L,46.04167,-83.85333
202402001,2025-03-04 13:41:00,CCGS LIMNOS,LAKE HURON,51,460812,-834018,70,22.00,2024-09-05 14:24:00,3723,1.00,.00,0.10000000,,0,61.200000,ALKCACO3,"Alkalinity, Total CaCO3 dissolved",mg/L,46.13667,-83.67167
202402001,2025-03-04 13:41:00,CCGS LIMNOS,LAKE HURON,52,461400,-834447,71,34.00,2024-09-05 15:25:00,3723,1.00,.00,0.10000000,,0,58.800000,ALKCACO3,"Alkalinity, Total CaCO3 dissolved",mg/L,46.23333,-83.74639
202402001,2025-03-04 13:41:00,CCGS LIMNOS,LAKE HURON,52,461400,-834447,71,34.00,2024-09-05 15:25:00,3723,3.00,.00,0.10000000,,0,64.500000,ALKCACO3,"Alkalinity, Total CaCO3 dissolved",mg/L,46.23333,-83.74639
202402001,2025-03-04 13:41:00,CCGS LIMNOS,LAKE HURON,52,461400,-834447,71,34.00,2024-09-05 15:25:00,3723,9.50,.00,0.10000000,,0,69.300000,ALKCACO3,"Alkalinity, Total CaCO3 dissolved",mg/L,46.23333,-83.74639
202402001,2025-03-04 13:41:00,CCGS LIMNOS,LAKE HURON,52,461400,-834447,71,34.00,2024-09-05 15:25:00,3723,16.00,.00,0.10000000,,0,71.300000,ALKCACO3,"Alkalinity, Total CaCO3 dissolved",mg/L,46.23333,-83.74639
202402001,2025-03-04 13:41:00,CCGS LIMNOS,LAKE HURON,52,461400,-834447,71,34.00,2024-09-05 15:25:00,3723,32.00,.00,0.10000000,,0,72.000000,ALKCACO3,"Alkalinity, Total CaCO3 dissolved",mg/L,46.23333,-83.74639
202402001,2025-03-04 13:41:00,CCGS LIMNOS,LAKE HURON,53,461112,-832117,73,19.00,2024-09-05 17:38:00,3723,1.00,.00,0.10000000,,0,61.400000,ALKCACO3,"Alkalinity, Total CaCO3 dissolved",mg/L,46.18667,-83.35472
202402001,2025-03-04 13:41:00,CCGS LIMNOS,LAKE HURON,54,460724,-825309,79,26.00,2024-09-05 20:17:00,3723,1.00,.00,0.10000000,,0,67.300000,ALKCACO3,"Alkalinity, Total CaCO3 dissolved",mg/L,46.12333,-82.88583
202402001,2025-03-04 13:41:00,CCGS LIMNOS,LAKE HURON,54,460724,-825309,79,26.00,2024-09-05 20:17:00,3723,10.00,.00,0.10000000,,0,67.200000,ALKCACO3,"Alkalinity, Total CaCO3 dissolved",mg/L,46.12333,-82.88583
202402001,2025-03-04 13:41:00,CCGS LIMNOS,LAKE HURON,54,460724,-825309,79,26.00,2024-09-05 20:17:00,3723,24.00,.00,0.10000000,,0,68.600000,ALKCACO3,"Alkalinity, Total CaCO3 dissolved",mg/L,46.12333,-82.88583
202402001,2025-03-04 13:41:00,CCGS LIMNOS,LAKE HURON,55,460530,-823324,84,36.00,2024-09-05 22:18:00,3723,1.00,.00,0.10000000,,0,67.900000,ALKCACO3,"Alkalinity, Total CaCO3 dissolved",mg/L,46.09167,-82.55667
202402001,2025-03-04 13:41:00,CCGS LIMNOS,LAKE HURON,55,460530,-823324,84,36.00,2024-09-05 22:18:00,3723,1.00,.00,0.10000000,,1,67.800000,ALKCACO3,"Alkalinity, Total CaCO3 dissolved",mg/L,46.09167,-82.55667
202402001,2025-03-04 13:41:00,CCGS LIMNOS,LAKE HURON,55,460530,-823324,84,36.00,2024-09-05 22:18:00,3723,7.00,.00,0.10000000,,0,66.900000,ALKCACO3,"Alkalinity, Total CaCO3 dissolved",mg/L,46.09167,-82.55667
202402001,2025-03-04 13:41:00,CCGS LIMNOS,LAKE HURON,55,460530,-823324,84,36.00,2024-09-05 22:18:00,3723,20.50,.00,0.10000000,,0,68.600000,ALKCACO3,"Alkalinity, Total CaCO3 dissolved",mg/L,46.09167,-82.55667
202402001,2025-03-04 13:41:00,CCGS LIMNOS,LAKE HURON,55,460530,-823324,84,36.00,2024-09-05 22:18:00,3723,26.00,.00,0.10000000,,0,69.300000,ALKCACO3,"Alkalinity, Total CaCO3 dissolved",mg/L,46.09167,-82.55667
202402001,2025-03-04 13:41:00,CCGS LIMNOS,LAKE HURON,55,460530,-823324,84,36.00,2024-09-05 22:18:00,3723,34.00,.00,0.10000000,,0,70.700000,ALKCACO3,"Alkalinity, Total CaCO3 dissolved",mg/L,46.09167,-82.55667
202402001,2025-03-04 13:41:00,CCGS LIMNOS,LAKE HURON,56,460340,-821149,87,35.00,2024-09-06 00:45:00,3723,1.00,.00,0.10000000,,0,67.600000,ALKCACO3,"Alkalinity, Total CaCO3 dissolved",mg/L,46.06111,-82.19694
202402001,2025-03-04 13:41:00,CCGS LIMNOS,LAKE HURON,57,460320,-815959,88,36.00,2024-09-06 02:07:00,3723,1.00,.00,0.10000000,,0,66.500000,ALKCACO3,"Alkalinity, Total CaCO3 dissolved",mg/L,46.05556,-81.99972
202402001,2025-03-04 13:41:00,CCGS LIMNOS,LAKE HURON,58,455459,-820940,89,39.00,2024-09-06 03:48:00,3723,1.00,.00,0.10000000,,0,67.300000,ALKCACO3,"Alkalinity, Total CaCO3 dissolved",mg/L,45.91639,-82.16111
202402001,2025-03-04 13:41:00,CCGS LIMNOS,LAKE HURON,59,460000,-823258,83,31.00,2024-09-06 07:05:00,3723,1.00,.00,0.10000000,,0,66.500000,ALKCACO3,"Alkalinity, Total CaCO3 dissolved",mg/L,46.00000,-82.54944
202402001,2025-03-04 13:41:00,CCGS LIMNOS,LAKE HURON,60,455611,-824527,82,28.50,2024-09-06 08:34:00,3723,1.00,.00,0.10000000,,0,67.600000,ALKCACO3,"Alkalinity, Total CaCO3 dissolved",mg/L,45.93639,-82.75750
202402001,2025-03-04 13:41:00,CCGS LIMNOS,LAKE HURON,60,455611,-824527,82,28.50,2024-09-06 08:34:00,3723,998.00,.00,0.10000000,<,0,.100000,ALKCACO3,"Alkalinity, Total CaCO3 dissolved",mg/L,45.93639,-82.75750
202402001,2025-03-04 13:41:00,CCGS LIMNOS,LAKE HURON,60,455611,-824527,82,28.50,2024-09-06 08:34:00,3723,999.00,.00,0.10000000,<,0,.100000,ALKCACO3,"Alkalinity, Total CaCO3 dissolved",mg/L,45.93639,-82.75750
202402001,2025-03-04 13:41:00,CCGS LIMNOS,LAKE HURON,61,455811,-831154,77,78.00,2024-09-06 11:34:00,3723,1.00,.00,0.10000000,,0,65.200000,ALKCACO3,"Alkalinity, Total CaCO3 dissolved",mg/L,45.96972,-83.19833
202402001,2025-03-04 13:41:00,CCGS LIMNOS,LAKE HURON,62,455959,-832600,76,58.00,2024-09-06 13:08:00,3723,1.00,.00,0.10000000,,0,64.700000,ALKCACO3,"Alkalinity, Total CaCO3 dissolved",mg/L,45.99972,-83.43333
202402001,2025-03-04 13:41:00,CCGS LIMNOS,LAKE HURON,63,455405,-833105,60,25.00,2024-09-06 14:16:00,3723,1.00,.00,0.10000000,,0,76.100000,ALKCACO3,"Alkalinity, Total CaCO3 dissolved",mg/L,45.90139,-83.51806
202402001,2025-03-04 13:41:00,CCGS LIMNOS,LAKE HURON,64,455159,-831600,58,12.00,2024-09-06 16:39:00,3723,1.00,.00,0.10000000,,0,66.900000,ALKCACO3,"Alkalinity, Total CaCO3 dissolved",mg/L,45.86639,-83.26667
202402001,2025-03-04 13:41:00,CCGS LIMNOS,LAKE HURON,65,454600,-830141,59,18.00,2024-09-06 18:18:00,3723,1.00,.00,0.10000000,,0,73.100000,ALKCACO3,"Alkalinity, Total CaCO3 dissolved",mg/L,45.76667,-83.02806
202402001,2025-03-04 13:41:00,CCGS LIMNOS,LAKE HURON,65,454600,-830141,59,18.00,2024-09-06 18:18:00,3723,1.00,.00,0.10000000,,1,72.600000,ALKCACO3,"Alkalinity, Total CaCO3 dissolved",mg/L,45.76667,-83.02806
202402001,2025-03-04 13:41:00,CCGS LIMNOS,LAKE HURON,66,453905,-823852,52,66.00,2024-09-06 20:48:00,3723,1.00,.00,0.10000000,,0,77.600000,ALKCACO3,"Alkalinity, Total CaCO3 dissolved",mg/L,45.65139,-82.64778
202402001,2025-03-04 13:41:00,CCGS LIMNOS,LAKE HURON,67,453205,-820242,50,27.00,2024-09-07 00:19:00,3723,1.00,.00,0.10000000,,0,78.700000,ALKCACO3,"Alkalinity, Total CaCO3 dissolved",mg/L,45.53472,-82.04500
202402001,2025-03-04 13:41:00,CCGS LIMNOS,LAKE HURON,68,451316,-814909,42,42.00,2024-09-07 03:12:00,3723,1.00,.00,0.10000000,,0,80.100000,ALKCACO3,"Alkalinity, Total CaCO3 dissolved",mg/L,45.22111,-81.81917
202402001,2025-03-04 13:41:00,CCGS LIMNOS,LAKE HURON,1,430523,-822330,1,11.00,2024-08-26 18:44:00,3724,1.00,.00,-999.00000000,,0,-88.880000,ALKCACO3,"Alkalinity, Gran CaCO3 dissolved",mg/L,43.08972,-82.39167
202402001,2025-03-04 13:41:00,CCGS LIMNOS,LAKE HURON,1,430523,-822330,1,11.00,2024-08-26 18:44:00,3724,9.00,.00,-999.00000000,,0,-88.880000,ALKCACO3,"Alkalinity, Gran CaCO3 dissolved",mg/L,43.08972,-82.39167
202402001,2025-03-04 13:41:00,CCGS LIMNOS,LAKE HURON,2,432030,-823021,7,11.00,2024-08-26 20:43:00,3724,1.00,.00,-999.00000000,,0,-88.880000,ALKCACO3,"Alkalinity, Gran CaCO3 dissolved",mg/L,43.34167,-82.50583
202402001,2025-03-04 13:41:00,CCGS LIMNOS,LAKE HURON,3,433402,-822907,8,30.00,2024-08-26 22:29:00,3724,1.00,.00,-999.00000000,,0,-88.880000,ALKCACO3,"Alkalinity, Gran CaCO3 dissolved",mg/L,43.56722,-82.48528
202402001,2025-03-04 13:41:00,CCGS LIMNOS,LAKE HURON,4,433759,-821301,9,60.00,2024-08-27 00:08:00,3724,1.00,.00,-999.00000000,,0,-88.880000,ALKCACO3,"Alkalinity, Gran CaCO3 dissolved",mg/L,43.63306,-82.21694
202402001,2025-03-04 13:41:00,CCGS LIMNOS,LAKE HURON,4,433759,-821301,9,60.00,2024-08-27 00:08:00,3724,23.00,.00,-999.00000000,,0,-88.880000,ALKCACO3,"Alkalinity, Gran CaCO3 dissolved",mg/L,43.63306,-82.21694
202402001,2025-03-04 13:41:00,CCGS LIMNOS,LAKE HURON,4,433759,-821301,9,60.00,2024-08-27 00:08:00,3724,32.00,.00,-999.00000000,,0,-88.880000,ALKCACO3,"Alkalinity, Gran CaCO3 dissolved",mg/L,43.63306,-82.21694
202402001,2025-03-04 13:41:00,CCGS LIMNOS,LAKE HURON,4,433759,-821301,9,60.00,2024-08-27 00:08:00,3724,41.00,.00,-999.00000000,,0,-88.880000,ALKCACO3,"Alkalinity, Gran CaCO3 dissolved",mg/L,43.63306,-82.21694
202402001,2025-03-04 13:41:00,CCGS LIMNOS,LAKE HURON,4,433759,-821301,9,60.00,2024-08-27 00:08:00,3724,50.00,.00,-999.00000000,,0,-88.880000,ALKCACO3,"Alkalinity, Gran CaCO3 dissolved",mg/L,43.63306,-82.21694
202402001,2025-03-04 13:41:00,CCGS LIMNOS,LAKE HURON,4,433759,-821301,9,60.00,2024-08-27 00:08:00,3724,58.00,.00,-999.00000000,,0,-88.880000,ALKCACO3,"Alkalinity, Gran CaCO3 dissolved",mg/L,43.63306,-82.21694
202402001,2025-03-04 13:41:00,CCGS LIMNOS,LAKE HURON,5,434513,-823405,13,17.00,2024-08-27 03:04:00,3724,1.00,.00,-999.00000000,,0,-88.880000,ALKCACO3,"Alkalinity, Gran CaCO3 dissolved",mg/L,43.75361,-82.56806
202402001,2025-03-04 13:41:00,CCGS LIMNOS,LAKE HURON,5,434513,-823405,13,17.00,2024-08-27 03:04:00,3724,1.00,.00,-999.00000000,,1,-88.880000,ALKCACO3,"Alkalinity, Gran CaCO3 dissolved",mg/L,43.75361,-82.56806
202402001,2025-03-04 13:41:00,CCGS LIMNOS,LAKE HURON,6,435631,-824000,14,12.50,2024-08-27 04:44:00,3724,1.00,.00,-999.00000000,,0,-88.880000,ALKCACO3,"Alkalinity, Gran CaCO3 dissolved",mg/L,43.94194,-82.66667
202402001,2025-03-04 13:41:00,CCGS LIMNOS,LAKE HURON,7,440600,-825159,17,15.00,2024-08-27 06:32:00,3724,1.00,.00,-999.00000000,,0,-88.880000,ALKCACO3,"Alkalinity, Gran CaCO3 dissolved",mg/L,44.10000,-82.86639
202402001,2025-03-04 13:41:00,CCGS LIMNOS,LAKE HURON,7,440600,-825159,17,15.00,2024-08-27 06:32:00,3724,10.00,.00,-999.00000000,,0,-88.880000,ALKCACO3,"Alkalinity, Gran CaCO3 dissolved",mg/L,44.10000,-82.86639
202402001,2025-03-04 13:41:00,CCGS LIMNOS,LAKE HURON,7,440600,-825159,17,15.00,2024-08-27 06:32:00,3724,13.00,.00,-999.00000000,,0,-88.880000,ALKCACO3,"Alkalinity, Gran CaCO3 dissolved",mg/L,44.10000,-82.86639
202402001,2025-03-04 13:41:00,CCGS LIMNOS,LAKE HURON,8,440409,-830450,94,14.50,2024-08-27 07:55:00,3724,1.00,.00,-999.00000000,,0,-88.880000,ALKCACO3,"Alkalinity, Gran CaCO3 dissolved",mg/L,44.06917,-83.08056
202402001,2025-03-04 13:41:00,CCGS LIMNOS,LAKE HURON,9,440735,-831014,96,30.00,2024-08-27 08:46:00,3724,1.00,.00,-999.00000000,,0,-88.880000,ALKCACO3,"Alkalinity, Gran CaCO3 dissolved",mg/L,44.12639,-83.17056
202402001,2025-03-04 13:41:00,CCGS LIMNOS,LAKE HURON,10,440654,-833144,97,11.00,2024-08-27 10:47:00,3724,1.00,.00,-999.00000000,,0,-88.880000,ALKCACO3,"Alkalinity, Gran CaCO3 dissolved",mg/L,44.11500,-83.52889
202402001,2025-03-04 13:41:00,CCGS LIMNOS,LAKE HURON,10,440654,-833144,97,11.00,2024-08-27 10:47:00,3724,998.00,.00,-999.00000000,,0,.090000,ALKCACO3,"Alkalinity, Gran CaCO3 dissolved",mg/L,44.11500,-83.52889
202402001,2025-03-04 13:41:00,CCGS LIMNOS,LAKE HURON,10,440654,-833144,97,11.00,2024-08-27 10:47:00,3724,999.00,.00,-999.00000000,,0,-.007000,ALKCACO3,"Alkalinity, Gran CaCO3 dissolved",mg/L,44.11500,-83.52889
202402001,2025-03-04 13:41:00,CCGS LIMNOS,LAKE HURON,11,435834,-833430,98,11.00,2024-08-27 12:08:00,3724,1.00,.00,-999.00000000,,0,-88.880000,ALKCACO3,"Alkalinity, Gran CaCO3 dissolved",mg/L,43.97611,-83.57500
202402001,2025-03-04 13:41:00,CCGS LIMNOS,LAKE HURON,12,434915,-833728,101,6.00,2024-08-27 13:32:00,3724,1.00,.00,-999.00000000,,0,-88.880000,ALKCACO3,"Alkalinity, Gran CaCO3 dissolved",mg/L,43.82083,-83.62444
202402001,2025-03-04 13:41:00,CCGS LIMNOS,LAKE HURON,13,434930,-834901,100,7.00,2024-08-27 14:43:00,3724,.50,.00,-999.00000000,,0,-88.880000,ALKCACO3,"Alkalinity, Gran CaCO3 dissolved",mg/L,43.82500,-83.81694
202402001,2025-03-04 13:41:00,CCGS LIMNOS,LAKE HURON,13,434930,-834901,100,7.00,2024-08-27 14:43:00,3724,1.00,.00,-999.00000000,,0,-88.880000,ALKCACO3,"Alkalinity, Gran CaCO3 dissolved",mg/L,43.82500,-83.81694
202402001,2025-03-04 13:41:00,CCGS LIMNOS,LAKE HURON,13,434930,-834901,100,7.00,2024-08-27 14:43:00,3724,5.00,.00,-999.00000000,,0,-88.880000,ALKCACO3,"Alkalinity, Gran CaCO3 dissolved",mg/L,43.82500,-83.81694
202402001,2025-03-04 13:41:00,CCGS LIMNOS,LAKE HURON,14,435430,-834427,99,7.00,2024-08-27 15:59:00,3724,1.00,.00,-999.00000000,,0,-88.880000,ALKCACO3,"Alkalinity, Gran CaCO3 dissolved",mg/L,43.90833,-83.74083
202402001,2025-03-04 13:41:00,CCGS LIMNOS,LAKE HURON,15,441246,-832214,95,21.00,2024-08-27 19:10:00,3724,1.00,.00,-999.00000000,,0,-88.880000,ALKCACO3,"Alkalinity, Gran CaCO3 dissolved",mg/L,44.21278,-83.37056
202402001,2025-03-04 13:41:00,CCGS LIMNOS,LAKE HURON,15,441246,-832214,95,21.00,2024-08-27 19:10:00,3724,1.00,.00,-999.00000000,,1,-88.880000,ALKCACO3,"Alkalinity, Gran CaCO3 dissolved",mg/L,44.21278,-83.37056
202402001,2025-03-04 13:41:00,CCGS LIMNOS,LAKE HURON,15,441246,-832214,95,21.00,2024-08-27 19:10:00,3724,11.00,.00,-999.00000000,,0,-88.880000,ALKCACO3,"Alkalinity, Gran CaCO3 dissolved",mg/L,44.21278,-83.37056
202402001,2025-03-04 13:41:00,CCGS LIMNOS,LAKE HURON,15,441246,-832214,95,21.00,2024-08-27 19:10:00,3724,19.00,.00,-999.00000000,,0,-88.880000,ALKCACO3,"Alkalinity, Gran CaCO3 dissolved",mg/L,44.21278,-83.37056
202402001,2025-03-04 13:41:00,CCGS LIMNOS,LAKE HURON,16,442002,-831758,23,9.00,2024-08-27 20:21:00,3724,1.00,.00,-999.00000000,,0,-88.880000,ALKCACO3,"Alkalinity, Gran CaCO3 dissolved",mg/L,44.33389,-83.29944
202402001,2025-03-04 13:41:00,CCGS LIMNOS,LAKE HURON,17,441303,-830501,20,47.00,2024-08-27 22:00:00,3724,1.00,.00,-999.00000000,,0,-88.880000,ALKCACO3,"Alkalinity, Gran CaCO3 dissolved",mg/L,44.21750,-83.08361
202402001,2025-03-04 13:41:00,CCGS LIMNOS,LAKE HURON,18,431525,-820217,3,16.00,2024-08-28 06:31:00,3724,1.00,.00,-999.00000000,,0,-88.880000,ALKCACO3,"Alkalinity, Gran CaCO3 dissolved",mg/L,43.25694,-82.03806
202402001,2025-03-04 13:41:00,CCGS LIMNOS,LAKE HURON,19,431930,-814717,4,10.00,2024-08-28 08:11:00,3724,1.00,.00,-999.00000000,,0,-88.880000,ALKCACO3,"Alkalinity, Gran CaCO3 dissolved",mg/L,43.32500,-81.78806
202402001,2025-03-04 13:41:00,CCGS LIMNOS,LAKE HURON,20,433254,-814441,5,11.50,2024-08-28 09:54:00,3724,1.00,.00,-999.00000000,,0,-88.880000,ALKCACO3,"Alkalinity, Gran CaCO3 dissolved",mg/L,43.54833,-81.74472
202402001,2025-03-04 13:41:00,CCGS LIMNOS,LAKE HURON,20,433254,-814441,5,11.50,2024-08-28 09:54:00,3724,998.00,.00,-999.00000000,,0,.090000,ALKCACO3,"Alkalinity, Gran CaCO3 dissolved",mg/L,43.54833,-81.74472
202402001,2025-03-04 13:41:00,CCGS LIMNOS,LAKE HURON,20,433254,-814441,5,11.50,2024-08-28 09:54:00,3724,999.00,.00,-999.00000000,,0,-.005000,ALKCACO3,"Alkalinity, Gran CaCO3 dissolved",mg/L,43.54833,-81.74472
202402001,2025-03-04 13:41:00,CCGS LIMNOS,LAKE HURON,21,434512,-814652,10,12.50,2024-08-28 11:47:00,3724,1.00,.00,-999.00000000,,0,-88.880000,ALKCACO3,"Alkalinity, Gran CaCO3 dissolved",mg/L,43.75333,-81.78111
202402001,2025-03-04 13:41:00,CCGS LIMNOS,LAKE HURON,22,435723,-814712,11,10.50,2024-08-28 22:01:00,3724,1.00,.00,-999.00000000,,0,-88.880000,ALKCACO3,"Alkalinity, Gran CaCO3 dissolved",mg/L,43.95639,-81.78667
202402001,2025-03-04 13:41:00,CCGS LIMNOS,LAKE HURON,23,442159,-815000,29,123.00,2024-08-29 01:48:00,3724,1.00,.00,-999.00000000,,0,-88.880000,ALKCACO3,"Alkalinity, Gran CaCO3 dissolved",mg/L,44.36639,-81.83333
202402001,2025-03-04 13:41:00,CCGS LIMNOS,LAKE HURON,23,442159,-815000,29,123.00,2024-08-29 01:48:00,3724,14.00,.00,-999.00000000,,0,-88.880000,ALKCACO3,"Alkalinity, Gran CaCO3 dissolved",mg/L,44.36639,-81.83333
202402001,2025-03-04 13:41:00,CCGS LIMNOS,LAKE HURON,23,442159,-815000,29,123.00,2024-08-29 01:48:00,3724,24.00,.00,-999.00000000,,0,-88.880000,ALKCACO3,"Alkalinity, Gran CaCO3 dissolved",mg/L,44.36639,-81.83333
202402001,2025-03-04 13:41:00,CCGS LIMNOS,LAKE HURON,23,442159,-815000,29,123.00,2024-08-29 01:48:00,3724,34.00,.00,-999.00000000,,0,-88.880000,ALKCACO3,"Alkalinity, Gran CaCO3 dissolved",mg/L,44.36639,-81.83333
202402001,2025-03-04 13:41:00,CCGS LIMNOS,LAKE HURON,23,442159,-815000,29,123.00,2024-08-29 01:48:00,3724,113.00,.00,-999.00000000,,0,-88.880000,ALKCACO3,"Alkalinity, Gran CaCO3 dissolved",mg/L,44.36639,-81.83333
202402001,2025-03-04 13:41:00,CCGS LIMNOS,LAKE HURON,23,442159,-815000,29,123.00,2024-08-29 01:48:00,3724,121.00,.00,-999.00000000,,0,-88.880000,ALKCACO3,"Alkalinity, Gran CaCO3 dissolved",mg/L,44.36639,-81.83333
202402001,2025-03-04 13:41:00,CCGS LIMNOS,LAKE HURON,24,442759,-812712,30,21.50,2024-08-29 05:15:00,3724,1.00,.00,-999.00000000,,0,-88.880000,ALKCACO3,"Alkalinity, Gran CaCO3 dissolved",mg/L,44.46639,-81.45333
202402001,2025-03-04 13:41:00,CCGS LIMNOS,LAKE HURON,25,443924,-812242,39,26.00,2024-08-29 06:59:00,3724,1.00,.00,-999.00000000,,0,-88.880000,ALKCACO3,"Alkalinity, Gran CaCO3 dissolved",mg/L,44.65667,-81.37833
202402001,2025-03-04 13:41:00,CCGS LIMNOS,LAKE HURON,25,443924,-812242,39,26.00,2024-08-29 06:59:00,3724,1.00,.00,-999.00000000,,1,-88.880000,ALKCACO3,"Alkalinity, Gran CaCO3 dissolved",mg/L,44.65667,-81.37833
202402001,2025-03-04 13:41:00,CCGS LIMNOS,LAKE HURON,26,445354,-812613,40,20.00,2024-08-29 09:31:00,3724,1.00,.00,-999.00000000,,0,-88.880000,ALKCACO3,"Alkalinity, Gran CaCO3 dissolved",mg/L,44.89833,-81.43694
202402001,2025-03-04 13:41:00,CCGS LIMNOS,LAKE HURON,27,450459,-813212,41,22.50,2024-08-29 11:17:00,3724,1.00,.00,-999.00000000,,0,-88.880000,ALKCACO3,"Alkalinity, Gran CaCO3 dissolved",mg/L,45.08306,-81.53667
202402001,2025-03-04 13:41:00,CCGS LIMNOS,LAKE HURON,28,450048,-820030,43,172.00,2024-08-29 14:43:00,3724,1.00,.00,-999.00000000,,0,-88.880000,ALKCACO3,"Alkalinity, Gran CaCO3 dissolved",mg/L,45.01333,-82.00833
202402001,2025-03-04 13:41:00,CCGS LIMNOS,LAKE HURON,29,451642,-822707,48,110.00,2024-08-29 18:21:00,3724,1.00,.00,-999.00000000,,0,-88.880000,ALKCACO3,"Alkalinity, Gran CaCO3 dissolved",mg/L,45.27833,-82.45194
202402001,2025-03-04 13:41:00,CCGS LIMNOS,LAKE HURON,30,450059,-824106,44,166.50,2024-08-29 21:09:00,3724,1.00,.00,-999.00000000,,0,-88.880000,ALKCACO3,"Alkalinity, Gran CaCO3 dissolved",mg/L,45.01639,-82.68500
202402001,2025-03-04 13:41:00,CCGS LIMNOS,LAKE HURON,30,450059,-824106,44,166.50,2024-08-29 21:09:00,3724,14.00,.00,-999.00000000,,0,-88.880000,ALKCACO3,"Alkalinity, Gran CaCO3 dissolved",mg/L,45.01639,-82.68500
202402001,2025-03-04 13:41:00,CCGS LIMNOS,LAKE HURON,30,450059,-824106,44,166.50,2024-08-29 21:09:00,3724,45.50,.00,-999.00000000,,0,-88.880000,ALKCACO3,"Alkalinity, Gran CaCO3 dissolved",mg/L,45.01639,-82.68500
202402001,2025-03-04 13:41:00,CCGS LIMNOS,LAKE HURON,30,450059,-824106,44,166.50,2024-08-29 21:09:00,3724,77.00,.00,-999.00000000,,0,-88.880000,ALKCACO3,"Alkalinity, Gran CaCO3 dissolved",mg/L,45.01639,-82.68500
202402001,2025-03-04 13:41:00,CCGS LIMNOS,LAKE HURON,30,450059,-824106,44,166.50,2024-08-29 21:09:00,3724,156.50,.00,-999.00000000,,0,-88.880000,ALKCACO3,"Alkalinity, Gran CaCO3 dissolved",mg/L,45.01639,-82.68500
202402001,2025-03-04 13:41:00,CCGS LIMNOS,LAKE HURON,30,450059,-824106,44,166.50,2024-08-29 21:09:00,3724,164.50,.00,-999.00000000,,0,-88.880000,ALKCACO3,"Alkalinity, Gran CaCO3 dissolved",mg/L,45.01639,-82.68500
202402001,2025-03-04 13:41:00,CCGS LIMNOS,LAKE HURON,30,450059,-824106,44,166.50,2024-08-29 21:09:00,3724,998.00,.00,-999.00000000,,0,.090000,ALKCACO3,"Alkalinity, Gran CaCO3 dissolved",mg/L,45.01639,-82.68500
202402001,2025-03-04 13:41:00,CCGS LIMNOS,LAKE HURON,30,450059,-824106,44,166.50,2024-08-29 21:09:00,3724,999.00,.00,-999.00000000,,0,.010000,ALKCACO3,"Alkalinity, Gran CaCO3 dissolved",mg/L,45.01639,-82.68500
202402001,2025-03-04 13:41:00,CCGS LIMNOS,LAKE HURON,31,444424,-820326,38,134.00,2024-08-30 01:46:00,3724,1.00,.00,-999.00000000,,0,-88.880000,ALKCACO3,"Alkalinity, Gran CaCO3 dissolved",mg/L,44.74000,-82.05722
202402001,2025-03-04 13:41:00,CCGS LIMNOS,LAKE HURON,32,442712,-822030,32,83.00,2024-08-30 05:08:00,3724,1.00,.00,-999.00000000,,0,-88.880000,ALKCACO3,"Alkalinity, Gran CaCO3 dissolved",mg/L,44.45333,-82.34167
202402001,2025-03-04 13:41:00,CCGS LIMNOS,LAKE HURON,33,435325,-820324,12,87.00,2024-08-30 10:38:00,3724,1.00,.00,-999.00000000,,0,-88.880000,ALKCACO3,"Alkalinity, Gran CaCO3 dissolved",mg/L,43.89028,-82.05667
202402001,2025-03-04 13:41:00,CCGS LIMNOS,LAKE HURON,34,441154,-823011,27,55.00,2024-09-03 23:11:00,3724,1.00,.00,-999.00000000,,0,-88.880000,ALKCACO3,"Alkalinity, Gran CaCO3 dissolved",mg/L,44.19833,-82.50306
202402001,2025-03-04 13:41:00,CCGS LIMNOS,LAKE HURON,35,443000,-825000,33,72.50,2024-09-04 02:23:00,3724,1.00,.00,-999.00000000,,0,-88.880000,ALKCACO3,"Alkalinity, Gran CaCO3 dissolved",mg/L,44.50000,-82.83333
202402001,2025-03-04 13:41:00,CCGS LIMNOS,LAKE HURON,35,443000,-825000,33,72.50,2024-09-04 02:23:00,3724,1.00,.00,-999.00000000,,1,-88.880000,ALKCACO3,"Alkalinity, Gran CaCO3 dissolved",mg/L,44.50000,-82.83333
202402001,2025-03-04 13:41:00,CCGS LIMNOS,LAKE HURON,36,443824,-831354,34,9.00,2024-09-04 05:09:00,3724,1.00,.00,-999.00000000,,0,-88.880000,ALKCACO3,"Alkalinity, Gran CaCO3 dissolved",mg/L,44.64000,-83.23167
202402001,2025-03-04 13:41:00,CCGS LIMNOS,LAKE HURON,37,450224,-832241,36,9.00,2024-09-04 08:34:00,3724,1.00,.00,-999.00000000,,0,-88.880000,ALKCACO3,"Alkalinity, Gran CaCO3 dissolved",mg/L,45.04000,-83.37806
202402001,2025-03-04 13:41:00,CCGS LIMNOS,LAKE HURON,37,450224,-832241,36,9.00,2024-09-04 08:34:00,3724,7.00,.00,-999.00000000,,0,-88.880000,ALKCACO3,"Alkalinity, Gran CaCO3 dissolved",mg/L,45.04000,-83.37806
202402001,2025-03-04 13:41:00,CCGS LIMNOS,LAKE HURON,38,451516,-832044,47,23.50,2024-09-04 11:59:00,3724,1.00,.00,-999.00000000,,0,-88.880000,ALKCACO3,"Alkalinity, Gran CaCO3 dissolved",mg/L,45.25444,-83.34556
202402001,2025-03-04 13:41:00,CCGS LIMNOS,LAKE HURON,39,453100,-832459,54,132.50,2024-09-04 15:02:00,3724,1.00,.00,-999.00000000,,0,-88.880000,ALKCACO3,"Alkalinity, Gran CaCO3 dissolved",mg/L,45.51667,-83.41639
202402001,2025-03-04 13:41:00,CCGS LIMNOS,LAKE HURON,39,453100,-832459,54,132.50,2024-09-04 15:02:00,3724,11.00,.00,-999.00000000,,0,-88.880000,ALKCACO3,"Alkalinity, Gran CaCO3 dissolved",mg/L,45.51667,-83.41639
202402001,2025-03-04 13:41:00,CCGS LIMNOS,LAKE HURON,39,453100,-832459,54,132.50,2024-09-04 15:02:00,3724,25.50,.00,-999.00000000,,0,-88.880000,ALKCACO3,"Alkalinity, Gran CaCO3 dissolved",mg/L,45.51667,-83.41639
202402001,2025-03-04 13:41:00,CCGS LIMNOS,LAKE HURON,39,453100,-832459,54,132.50,2024-09-04 15:02:00,3724,40.00,.00,-999.00000000,,0,-88.880000,ALKCACO3,"Alkalinity, Gran CaCO3 dissolved",mg/L,45.51667,-83.41639
202402001,2025-03-04 13:41:00,CCGS LIMNOS,LAKE HURON,39,453100,-832459,54,132.50,2024-09-04 15:02:00,3724,122.50,.00,-999.00000000,,0,-88.880000,ALKCACO3,"Alkalinity, Gran CaCO3 dissolved",mg/L,45.51667,-83.41639
202402001,2025-03-04 13:41:00,CCGS LIMNOS,LAKE HURON,39,453100,-832459,54,132.50,2024-09-04 15:02:00,3724,130.50,.00,-999.00000000,,0,-88.880000,ALKCACO3,"Alkalinity, Gran CaCO3 dissolved",mg/L,45.51667,-83.41639
202402001,2025-03-04 13:41:00,CCGS LIMNOS,LAKE HURON,40,452530,-833905,55,37.00,2024-09-04 17:32:00,3724,1.00,.00,-999.00000000,,0,-88.880000,ALKCACO3,"Alkalinity, Gran CaCO3 dissolved",mg/L,45.42500,-83.65139
202402001,2025-03-04 13:41:00,CCGS LIMNOS,LAKE HURON,40,452530,-833905,55,37.00,2024-09-04 17:32:00,3724,998.00,.00,-999.00000000,,0,.160000,ALKCACO3,"Alkalinity, Gran CaCO3 dissolved",mg/L,45.42500,-83.65139
202402001,2025-03-04 13:41:00,CCGS LIMNOS,LAKE HURON,40,452530,-833905,55,37.00,2024-09-04 17:32:00,3724,999.00,.00,-999.00000000,,0,-.020000,ALKCACO3,"Alkalinity, Gran CaCO3 dissolved",mg/L,45.42500,-83.65139
202402001,2025-03-04 13:41:00,CCGS LIMNOS,LAKE HURON,41,453059,-840500,56,22.50,2024-09-04 20:07:00,3724,1.00,.00,-999.00000000,,0,-88.880000,ALKCACO3,"Alkalinity, Gran CaCO3 dissolved",mg/L,45.51639,-84.08333
202402001,2025-03-04 13:41:00,CCGS LIMNOS,LAKE HURON,42,454459,-835500,61,117.00,2024-09-04 22:19:00,3724,1.00,.00,-999.00000000,,0,-88.880000,ALKCACO3,"Alkalinity, Gran CaCO3 dissolved",mg/L,45.74972,-83.91667
202402001,2025-03-04 13:41:00,CCGS LIMNOS,LAKE HURON,43,454029,-841112,62,44.00,2024-09-05 00:10:00,3724,1.00,.00,-999.00000000,,0,-88.880000,ALKCACO3,"Alkalinity, Gran CaCO3 dissolved",mg/L,45.67472,-84.18667
202402001,2025-03-04 13:41:00,CCGS LIMNOS,LAKE HURON,44,454212,-843041,63,15.00,2024-09-05 02:25:00,3724,1.00,.00,-999.00000000,,0,-88.880000,ALKCACO3,"Alkalinity, Gran CaCO3 dissolved",mg/L,45.70333,-84.51139
202402001,2025-03-04 13:41:00,CCGS LIMNOS,LAKE HURON,45,454848,-844519,64,36.00,2024-09-05 04:05:00,3724,1.00,.00,-999.00000000,,0,-88.880000,ALKCACO3,"Alkalinity, Gran CaCO3 dissolved",mg/L,45.81333,-84.75528
202402001,2025-03-04 13:41:00,CCGS LIMNOS,LAKE HURON,45,454848,-844519,64,36.00,2024-09-05 04:05:00,3724,1.00,.00,-999.00000000,,1,-88.880000,ALKCACO3,"Alkalinity, Gran CaCO3 dissolved",mg/L,45.81333,-84.75528
202402001,2025-03-04 13:41:00,CCGS LIMNOS,LAKE HURON,45,454848,-844519,64,36.00,2024-09-05 04:05:00,3724,16.00,.00,-999.00000000,,0,-88.880000,ALKCACO3,"Alkalinity, Gran CaCO3 dissolved",mg/L,45.81333,-84.75528
202402001,2025-03-04 13:41:00,CCGS LIMNOS,LAKE HURON,45,454848,-844519,64,36.00,2024-09-05 04:05:00,3724,24.50,.00,-999.00000000,,0,-88.880000,ALKCACO3,"Alkalinity, Gran CaCO3 dissolved",mg/L,45.81333,-84.75528
202402001,2025-03-04 13:41:00,CCGS LIMNOS,LAKE HURON,45,454848,-844519,64,36.00,2024-09-05 04:05:00,3724,26.00,.00,-999.00000000,,0,-88.880000,ALKCACO3,"Alkalinity, Gran CaCO3 dissolved",mg/L,45.81333,-84.75528
202402001,2025-03-04 13:41:00,CCGS LIMNOS,LAKE HURON,45,454848,-844519,64,36.00,2024-09-05 04:05:00,3724,33.00,.00,-999.00000000,,0,-88.880000,ALKCACO3,"Alkalinity, Gran CaCO3 dissolved",mg/L,45.81333,-84.75528
202402001,2025-03-04 13:41:00,CCGS LIMNOS,LAKE HURON,46,455043,-843400,65,58.50,2024-09-05 05:27:00,3724,1.00,.00,-999.00000000,,0,-88.880000,ALKCACO3,"Alkalinity, Gran CaCO3 dissolved",mg/L,45.84528,-84.56667
202402001,2025-03-04 13:41:00,CCGS LIMNOS,LAKE HURON,47,455149,-841741,66,69.00,2024-09-05 07:08:00,3724,1.00,.00,-999.00000000,,0,-88.880000,ALKCACO3,"Alkalinity, Gran CaCO3 dissolved",mg/L,45.86361,-84.29472
202402001,2025-03-04 13:41:00,CCGS LIMNOS,LAKE HURON,48,455606,-835359,67,31.00,2024-09-05 09:35:00,3724,1.00,.00,-999.00000000,,0,-88.880000,ALKCACO3,"Alkalinity, Gran CaCO3 dissolved",mg/L,45.93500,-83.89972
202402001,2025-03-04 13:41:00,CCGS LIMNOS,LAKE HURON,49,460442,-840141,69,10.00,2024-09-05 11:24:00,3724,1.00,.00,-999.00000000,,0,-88.880000,ALKCACO3,"Alkalinity, Gran CaCO3 dissolved",mg/L,46.07833,-84.02806
202402001,2025-03-04 13:41:00,CCGS LIMNOS,LAKE HURON,49,460442,-840141,69,10.00,2024-09-05 11:24:00,3724,8.00,.00,-999.00000000,,0,-88.880000,ALKCACO3,"Alkalinity, Gran CaCO3 dissolved",mg/L,46.07833,-84.02806
202402001,2025-03-04 13:41:00,CCGS LIMNOS,LAKE HURON,50,460230,-835112,68,17.00,2024-09-05 12:44:00,3724,1.00,.00,-999.00000000,,0,-88.880000,ALKCACO3,"Alkalinity, Gran CaCO3 dissolved",mg/L,46.04167,-83.85333
202402001,2025-03-04 13:41:00,CCGS LIMNOS,LAKE HURON,50,460230,-835112,68,17.00,2024-09-05 12:44:00,3724,998.00,.00,-999.00000000,,0,.170000,ALKCACO3,"Alkalinity, Gran CaCO3 dissolved",mg/L,46.04167,-83.85333
202402001,2025-03-04 13:41:00,CCGS LIMNOS,LAKE HURON,50,460230,-835112,68,17.00,2024-09-05 12:44:00,3724,999.00,.00,-999.00000000,,0,.010000,ALKCACO3,"Alkalinity, Gran CaCO3 dissolved",mg/L,46.04167,-83.85333
202402001,2025-03-04 13:41:00,CCGS LIMNOS,LAKE HURON,51,460812,-834018,70,22.00,2024-09-05 14:24:00,3724,1.00,.00,-999.00000000,,0,-88.880000,ALKCACO3,"Alkalinity, Gran CaCO3 dissolved",mg/L,46.13667,-83.67167
202402001,2025-03-04 13:41:00,CCGS LIMNOS,LAKE HURON,52,461400,-834447,71,34.00,2024-09-05 15:25:00,3724,1.00,.00,-999.00000000,,0,-88.880000,ALKCACO3,"Alkalinity, Gran CaCO3 dissolved",mg/L,46.23333,-83.74639
202402001,2025-03-04 13:41:00,CCGS LIMNOS,LAKE HURON,52,461400,-834447,71,34.00,2024-09-05 15:25:00,3724,3.00,.00,-999.00000000,,0,-88.880000,ALKCACO3,"Alkalinity, Gran CaCO3 dissolved",mg/L,46.23333,-83.74639
202402001,2025-03-04 13:41:00,CCGS LIMNOS,LAKE HURON,52,461400,-834447,71,34.00,2024-09-05 15:25:00,3724,9.50,.00,-999.00000000,,0,-88.880000,ALKCACO3,"Alkalinity, Gran CaCO3 dissolved",mg/L,46.23333,-83.74639
202402001,2025-03-04 13:41:00,CCGS LIMNOS,LAKE HURON,52,461400,-834447,71,34.00,2024-09-05 15:25:00,3724,16.00,.00,-999.00000000,,0,-88.880000,ALKCACO3,"Alkalinity, Gran CaCO3 dissolved",mg/L,46.23333,-83.74639
202402001,2025-03-04 13:41:00,CCGS LIMNOS,LAKE HURON,52,461400,-834447,71,34.00,2024-09-05 15:25:00,3724,32.00,.00,-999.00000000,,0,-88.880000,ALKCACO3,"Alkalinity, Gran CaCO3 dissolved",mg/L,46.23333,-83.74639
202402001,2025-03-04 13:41:00,CCGS LIMNOS,LAKE HURON,53,461112,-832117,73,19.00,2024-09-05 17:38:00,3724,1.00,.00,-999.00000000,,0,-88.880000,ALKCACO3,"Alkalinity, Gran CaCO3 dissolved",mg/L,46.18667,-83.35472
202402001,2025-03-04 13:41:00,CCGS LIMNOS,LAKE HURON,54,460724,-825309,79,26.00,2024-09-05 20:17:00,3724,1.00,.00,-999.00000000,,0,-88.880000,ALKCACO3,"Alkalinity, Gran CaCO3 dissolved",mg/L,46.12333,-82.88583
202402001,2025-03-04 13:41:00,CCGS LIMNOS,LAKE HURON,54,460724,-825309,79,26.00,2024-09-05 20:17:00,3724,10.00,.00,-999.00000000,,0,-88.880000,ALKCACO3,"Alkalinity, Gran CaCO3 dissolved",mg/L,46.12333,-82.88583
202402001,2025-03-04 13:41:00,CCGS LIMNOS,LAKE HURON,54,460724,-825309,79,26.00,2024-09-05 20:17:00,3724,24.00,.00,-999.00000000,,0,-88.880000,ALKCACO3,"Alkalinity, Gran CaCO3 dissolved",mg/L,46.12333,-82.88583
202402001,2025-03-04 13:41:00,CCGS LIMNOS,LAKE HURON,55,460530,-823324,84,36.00,2024-09-05 22:18:00,3724,1.00,.00,-999.00000000,,0,-88.880000,ALKCACO3,"Alkalinity, Gran CaCO3 dissolved",mg/L,46.09167,-82.55667
202402001,2025-03-04 13:41:00,CCGS LIMNOS,LAKE HURON,55,460530,-823324,84,36.00,2024-09-05 22:18:00,3724,1.00,.00,-999.00000000,,1,-88.880000,ALKCACO3,"Alkalinity, Gran CaCO3 dissolved",mg/L,46.09167,-82.55667
202402001,2025-03-04 13:41:00,CCGS LIMNOS,LAKE HURON,55,460530,-823324,84,36.00,2024-09-05 22:18:00,3724,7.00,.00,-999.00000000,,0,-88.880000,ALKCACO3,"Alkalinity, Gran CaCO3 dissolved",mg/L,46.09167,-82.55667
202402001,2025-03-04 13:41:00,CCGS LIMNOS,LAKE HURON,55,460530,-823324,84,36.00,2024-09-05 22:18:00,3724,20.50,.00,-999.00000000,,0,-88.880000,ALKCACO3,"Alkalinity, Gran CaCO3 dissolved",mg/L,46.09167,-82.55667
202402001,2025-03-04 13:41:00,CCGS LIMNOS,LAKE HURON,55,460530,-823324,84,36.00,2024-09-05 22:18:00,3724,26.00,.00,-999.00000000,,0,-88.880000,ALKCACO3,"Alkalinity, Gran CaCO3 dissolved",mg/L,46.09167,-82.55667
202402001,2025-03-04 13:41:00,CCGS LIMNOS,LAKE HURON,55,460530,-823324,84,36.00,2024-09-05 22:18:00,3724,34.00,.00,-999.00000000,,0,-88.880000,ALKCACO3,"Alkalinity, Gran CaCO3 dissolved",mg/L,46.09167,-82.55667
202402001,2025-03-04 13:41:00,CCGS LIMNOS,LAKE HURON,56,460340,-821149,87,35.00,2024-09-06 00:45:00,3724,1.00,.00,-999.00000000,,0,-88.880000,ALKCACO3,"Alkalinity, Gran CaCO3 dissolved",mg/L,46.06111,-82.19694
202402001,2025-03-04 13:41:00,CCGS LIMNOS,LAKE HURON,57,460320,-815959,88,36.00,2024-09-06 02:07:00,3724,1.00,.00,-999.00000000,,0,-88.880000,ALKCACO3,"Alkalinity, Gran CaCO3 dissolved",mg/L,46.05556,-81.99972
202402001,2025-03-04 13:41:00,CCGS LIMNOS,LAKE HURON,58,455459,-820940,89,39.00,2024-09-06 03:48:00,3724,1.00,.00,-999.00000000,,0,-88.880000,ALKCACO3,"Alkalinity, Gran CaCO3 dissolved",mg/L,45.91639,-82.16111
202402001,2025-03-04 13:41:00,CCGS LIMNOS,LAKE HURON,59,460000,-823258,83,31.00,2024-09-06 07:05:00,3724,1.00,.00,-999.00000000,,0,-88.880000,ALKCACO3,"Alkalinity, Gran CaCO3 dissolved",mg/L,46.00000,-82.54944
202402001,2025-03-04 13:41:00,CCGS LIMNOS,LAKE HURON,60,455611,-824527,82,28.50,2024-09-06 08:34:00,3724,1.00,.00,-999.00000000,,0,-88.880000,ALKCACO3,"Alkalinity, Gran CaCO3 dissolved",mg/L,45.93639,-82.75750
202402001,2025-03-04 13:41:00,CCGS LIMNOS,LAKE HURON,60,455611,-824527,82,28.50,2024-09-06 08:34:00,3724,998.00,.00,-999.00000000,,0,.090000,ALKCACO3,"Alkalinity, Gran CaCO3 dissolved",mg/L,45.93639,-82.75750
202402001,2025-03-04 13:41:00,CCGS LIMNOS,LAKE HURON,60,455611,-824527,82,28.50,2024-09-06 08:34:00,3724,999.00,.00,-999.00000000,,0,-.002000,ALKCACO3,"Alkalinity, Gran CaCO3 dissolved",mg/L,45.93639,-82.75750
202402001,2025-03-04 13:41:00,CCGS LIMNOS,LAKE HURON,61,455811,-831154,77,78.00,2024-09-06 11:34:00,3724,1.00,.00,-999.00000000,,0,-88.880000,ALKCACO3,"Alkalinity, Gran CaCO3 dissolved",mg/L,45.96972,-83.19833
202402001,2025-03-04 13:41:00,CCGS LIMNOS,LAKE HURON,62,455959,-832600,76,58.00,2024-09-06 13:08:00,3724,1.00,.00,-999.00000000,,0,-88.880000,ALKCACO3,"Alkalinity, Gran CaCO3 dissolved",mg/L,45.99972,-83.43333
202402001,2025-03-04 13:41:00,CCGS LIMNOS,LAKE HURON,63,455405,-833105,60,25.00,2024-09-06 14:16:00,3724,1.00,.00,-999.00000000,,0,-88.880000,ALKCACO3,"Alkalinity, Gran CaCO3 dissolved",mg/L,45.90139,-83.51806
202402001,2025-03-04 13:41:00,CCGS LIMNOS,LAKE HURON,64,455159,-831600,58,12.00,2024-09-06 16:39:00,3724,1.00,.00,-999.00000000,,0,-88.880000,ALKCACO3,"Alkalinity, Gran CaCO3 dissolved",mg/L,45.86639,-83.26667
202402001,2025-03-04 13:41:00,CCGS LIMNOS,LAKE HURON,65,454600,-830141,59,18.00,2024-09-06 18:18:00,3724,1.00,.00,-999.00000000,,0,-88.880000,ALKCACO3,"Alkalinity, Gran CaCO3 dissolved",mg/L,45.76667,-83.02806
202402001,2025-03-04 13:41:00,CCGS LIMNOS,LAKE HURON,65,454600,-830141,59,18.00,2024-09-06 18:18:00,3724,1.00,.00,-999.00000000,,1,-88.880000,ALKCACO3,"Alkalinity, Gran CaCO3 dissolved",mg/L,45.76667,-83.02806
202402001,2025-03-04 13:41:00,CCGS LIMNOS,LAKE HURON,66,453905,-823852,52,66.00,2024-09-06 20:48:00,3724,1.00,.00,-999.00000000,,0,-88.880000,ALKCACO3,"Alkalinity, Gran CaCO3 dissolved",mg/L,45.65139,-82.64778
202402001,2025-03-04 13:41:00,CCGS LIMNOS,LAKE HURON,67,453205,-820242,50,27.00,2024-09-07 00:19:00,3724,1.00,.00,-999.00000000,,0,-88.880000,ALKCACO3,"Alkalinity, Gran CaCO3 dissolved",mg/L,45.53472,-82.04500
202402001,2025-03-04 13:41:00,CCGS LIMNOS,LAKE HURON,68,451316,-814909,42,42.00,2024-09-07 03:12:00,3724,1.00,.00,-999.00000000,,0,-88.880000,ALKCACO3,"Alkalinity, Gran CaCO3 dissolved",mg/L,45.22111,-81.81917
202402001,2025-03-04 13:41:00,CCGS LIMNOS,LAKE HURON,1,430523,-822330,1,11.00,2024-08-26 18:44:00,3725,1.00,.00,0.10000000,<,0,.100000,ALKALINITY,"Alkalinity, phenolphthalein CaCO3 dissolved",mg/L,43.08972,-82.39167
202402001,2025-03-04 13:41:00,CCGS LIMNOS,LAKE HURON,1,430523,-822330,1,11.00,2024-08-26 18:44:00,3725,9.00,.00,0.10000000,<,0,.100000,ALKALINITY,"Alkalinity, phenolphthalein CaCO3 dissolved",mg/L,43.08972,-82.39167
202402001,2025-03-04 13:41:00,CCGS LIMNOS,LAKE HURON,2,432030,-823021,7,11.00,2024-08-26 20:43:00,3725,1.00,.00,0.10000000,<,0,.100000,ALKALINITY,"Alkalinity, phenolphthalein CaCO3 dissolved",mg/L,43.34167,-82.50583
202402001,2025-03-04 13:41:00,CCGS LIMNOS,LAKE HURON,3,433402,-822907,8,30.00,2024-08-26 22:29:00,3725,1.00,.00,0.10000000,<,0,.100000,ALKALINITY,"Alkalinity, phenolphthalein CaCO3 dissolved",mg/L,43.56722,-82.48528
202402001,2025-03-04 13:41:00,CCGS LIMNOS,LAKE HURON,4,433759,-821301,9,60.00,2024-08-27 00:08:00,3725,1.00,.00,0.10000000,<,0,.100000,ALKALINITY,"Alkalinity, phenolphthalein CaCO3 dissolved",mg/L,43.63306,-82.21694
202402001,2025-03-04 13:41:00,CCGS LIMNOS,LAKE HURON,4,433759,-821301,9,60.00,2024-08-27 00:08:00,3725,23.00,.00,0.10000000,<,0,.100000,ALKALINITY,"Alkalinity, phenolphthalein CaCO3 dissolved",mg/L,43.63306,-82.21694
202402001,2025-03-04 13:41:00,CCGS LIMNOS,LAKE HURON,4,433759,-821301,9,60.00,2024-08-27 00:08:00,3725,32.00,.00,0.10000000,<,0,.100000,ALKALINITY,"Alkalinity, phenolphthalein CaCO3 dissolved",mg/L,43.63306,-82.21694
202402001,2025-03-04 13:41:00,CCGS LIMNOS,LAKE HURON,4,433759,-821301,9,60.00,2024-08-27 00:08:00,3725,41.00,.00,0.10000000,<,0,.100000,ALKALINITY,"Alkalinity, phenolphthalein CaCO3 dissolved",mg/L,43.63306,-82.21694
202402001,2025-03-04 13:41:00,CCGS LIMNOS,LAKE HURON,4,433759,-821301,9,60.00,2024-08-27 00:08:00,3725,50.00,.00,0.10000000,<,0,.100000,ALKALINITY,"Alkalinity, phenolphthalein CaCO3 dissolved",mg/L,43.63306,-82.21694
202402001,2025-03-04 13:41:00,CCGS LIMNOS,LAKE HURON,4,433759,-821301,9,60.00,2024-08-27 00:08:00,3725,58.00,.00,0.10000000,<,0,.100000,ALKALINITY,"Alkalinity, phenolphthalein CaCO3 dissolved",mg/L,43.63306,-82.21694
202402001,2025-03-04 13:41:00,CCGS LIMNOS,LAKE HURON,5,434513,-823405,13,17.00,2024-08-27 03:04:00,3725,1.00,.00,0.10000000,<,0,.100000,ALKALINITY,"Alkalinity, phenolphthalein CaCO3 dissolved",mg/L,43.75361,-82.56806
202402001,2025-03-04 13:41:00,CCGS LIMNOS,LAKE HURON,5,434513,-823405,13,17.00,2024-08-27 03:04:00,3725,1.00,.00,0.10000000,<,1,.100000,ALKALINITY,"Alkalinity, phenolphthalein CaCO3 dissolved",mg/L,43.75361,-82.56806
202402001,2025-03-04 13:41:00,CCGS LIMNOS,LAKE HURON,6,435631,-824000,14,12.50,2024-08-27 04:44:00,3725,1.00,.00,0.10000000,<,0,.100000,ALKALINITY,"Alkalinity, phenolphthalein CaCO3 dissolved",mg/L,43.94194,-82.66667
202402001,2025-03-04 13:41:00,CCGS LIMNOS,LAKE HURON,7,440600,-825159,17,15.00,2024-08-27 06:32:00,3725,1.00,.00,0.10000000,<,0,.100000,ALKALINITY,"Alkalinity, phenolphthalein CaCO3 dissolved",mg/L,44.10000,-82.86639
202402001,2025-03-04 13:41:00,CCGS LIMNOS,LAKE HURON,7,440600,-825159,17,15.00,2024-08-27 06:32:00,3725,10.00,.00,0.10000000,<,0,.100000,ALKALINITY,"Alkalinity, phenolphthalein CaCO3 dissolved",mg/L,44.10000,-82.86639
202402001,2025-03-04 13:41:00,CCGS LIMNOS,LAKE HURON,7,440600,-825159,17,15.00,2024-08-27 06:32:00,3725,13.00,.00,0.10000000,<,0,.100000,ALKALINITY,"Alkalinity, phenolphthalein CaCO3 dissolved",mg/L,44.10000,-82.86639
202402001,2025-03-04 13:41:00,CCGS LIMNOS,LAKE HURON,8,440409,-830450,94,14.50,2024-08-27 07:55:00,3725,1.00,.00,0.10000000,<,0,.100000,ALKALINITY,"Alkalinity, phenolphthalein CaCO3 dissolved",mg/L,44.06917,-83.08056
202402001,2025-03-04 13:41:00,CCGS LIMNOS,LAKE HURON,9,440735,-831014,96,30.00,2024-08-27 08:46:00,3725,1.00,.00,0.10000000,<,0,.100000,ALKALINITY,"Alkalinity, phenolphthalein CaCO3 dissolved",mg/L,44.12639,-83.17056
202402001,2025-03-04 13:41:00,CCGS LIMNOS,LAKE HURON,10,440654,-833144,97,11.00,2024-08-27 10:47:00,3725,1.00,.00,0.10000000,<,0,.100000,ALKALINITY,"Alkalinity, phenolphthalein CaCO3 dissolved",mg/L,44.11500,-83.52889
202402001,2025-03-04 13:41:00,CCGS LIMNOS,LAKE HURON,10,440654,-833144,97,11.00,2024-08-27 10:47:00,3725,998.00,.00,0.10000000,<,0,.100000,ALKALINITY,"Alkalinity, phenolphthalein CaCO3 dissolved",mg/L,44.11500,-83.52889
202402001,2025-03-04 13:41:00,CCGS LIMNOS,LAKE HURON,10,440654,-833144,97,11.00,2024-08-27 10:47:00,3725,999.00,.00,0.10000000,<,0,.100000,ALKALINITY,"Alkalinity, phenolphthalein CaCO3 dissolved",mg/L,44.11500,-83.52889
202402001,2025-03-04 13:41:00,CCGS LIMNOS,LAKE HURON,11,435834,-833430,98,11.00,2024-08-27 12:08:00,3725,1.00,.00,0.10000000,<,0,.100000,ALKALINITY,"Alkalinity, phenolphthalein CaCO3 dissolved",mg/L,43.97611,-83.57500
202402001,2025-03-04 13:41:00,CCGS LIMNOS,LAKE HURON,12,434915,-833728,101,6.00,2024-08-27 13:32:00,3725,1.00,.00,0.10000000,<,0,.100000,ALKALINITY,"Alkalinity, phenolphthalein CaCO3 dissolved",mg/L,43.82083,-83.62444
202402001,2025-03-04 13:41:00,CCGS LIMNOS,LAKE HURON,13,434930,-834901,100,7.00,2024-08-27 14:43:00,3725,.50,.00,0.10000000,<,0,.100000,ALKALINITY,"Alkalinity, phenolphthalein CaCO3 dissolved",mg/L,43.82500,-83.81694
202402001,2025-03-04 13:41:00,CCGS LIMNOS,LAKE HURON,13,434930,-834901,100,7.00,2024-08-27 14:43:00,3725,1.00,.00,0.10000000,<,0,.100000,ALKALINITY,"Alkalinity, phenolphthalein CaCO3 dissolved",mg/L,43.82500,-83.81694
202402001,2025-03-04 13:41:00,CCGS LIMNOS,LAKE HURON,13,434930,-834901,100,7.00,2024-08-27 14:43:00,3725,5.00,.00,0.10000000,<,0,.100000,ALKALINITY,"Alkalinity, phenolphthalein CaCO3 dissolved",mg/L,43.82500,-83.81694
202402001,2025-03-04 13:41:00,CCGS LIMNOS,LAKE HURON,14,435430,-834427,99,7.00,2024-08-27 15:59:00,3725,1.00,.00,0.10000000,<,0,.100000,ALKALINITY,"Alkalinity, phenolphthalein CaCO3 dissolved",mg/L,43.90833,-83.74083
202402001,2025-03-04 13:41:00,CCGS LIMNOS,LAKE HURON,15,441246,-832214,95,21.00,2024-08-27 19:10:00,3725,1.00,.00,0.10000000,<,0,.100000,ALKALINITY,"Alkalinity, phenolphthalein CaCO3 dissolved",mg/L,44.21278,-83.37056
202402001,2025-03-04 13:41:00,CCGS LIMNOS,LAKE HURON,15,441246,-832214,95,21.00,2024-08-27 19:10:00,3725,1.00,.00,0.10000000,<,1,.100000,ALKALINITY,"Alkalinity, phenolphthalein CaCO3 dissolved",mg/L,44.21278,-83.37056
202402001,2025-03-04 13:41:00,CCGS LIMNOS,LAKE HURON,15,441246,-832214,95,21.00,2024-08-27 19:10:00,3725,11.00,.00,0.10000000,<,0,.100000,ALKALINITY,"Alkalinity, phenolphthalein CaCO3 dissolved",mg/L,44.21278,-83.37056
202402001,2025-03-04 13:41:00,CCGS LIMNOS,LAKE HURON,15,441246,-832214,95,21.00,2024-08-27 19:10:00,3725,19.00,.00,0.10000000,<,0,.100000,ALKALINITY,"Alkalinity, phenolphthalein CaCO3 dissolved",mg/L,44.21278,-83.37056
202402001,2025-03-04 13:41:00,CCGS LIMNOS,LAKE HURON,16,442002,-831758,23,9.00,2024-08-27 20:21:00,3725,1.00,.00,0.10000000,<,0,.100000,ALKALINITY,"Alkalinity, phenolphthalein CaCO3 dissolved",mg/L,44.33389,-83.29944
202402001,2025-03-04 13:41:00,CCGS LIMNOS,LAKE HURON,17,441303,-830501,20,47.00,2024-08-27 22:00:00,3725,1.00,.00,0.10000000,<,0,.100000,ALKALINITY,"Alkalinity, phenolphthalein CaCO3 dissolved",mg/L,44.21750,-83.08361
202402001,2025-03-04 13:41:00,CCGS LIMNOS,LAKE HURON,18,431525,-820217,3,16.00,2024-08-28 06:31:00,3725,1.00,.00,0.10000000,<,0,.100000,ALKALINITY,"Alkalinity, phenolphthalein CaCO3 dissolved",mg/L,43.25694,-82.03806
202402001,2025-03-04 13:41:00,CCGS LIMNOS,LAKE HURON,19,431930,-814717,4,10.00,2024-08-28 08:11:00,3725,1.00,.00,0.10000000,<,0,.100000,ALKALINITY,"Alkalinity, phenolphthalein CaCO3 dissolved",mg/L,43.32500,-81.78806
202402001,2025-03-04 13:41:00,CCGS LIMNOS,LAKE HURON,20,433254,-814441,5,11.50,2024-08-28 09:54:00,3725,1.00,.00,0.10000000,<,0,.100000,ALKALINITY,"Alkalinity, phenolphthalein CaCO3 dissolved",mg/L,43.54833,-81.74472
202402001,2025-03-04 13:41:00,CCGS LIMNOS,LAKE HURON,20,433254,-814441,5,11.50,2024-08-28 09:54:00,3725,998.00,.00,0.10000000,<,0,.100000,ALKALINITY,"Alkalinity, phenolphthalein CaCO3 dissolved",mg/L,43.54833,-81.74472
202402001,2025-03-04 13:41:00,CCGS LIMNOS,LAKE HURON,20,433254,-814441,5,11.50,2024-08-28 09:54:00,3725,999.00,.00,0.10000000,<,0,.100000,ALKALINITY,"Alkalinity, phenolphthalein CaCO3 dissolved",mg/L,43.54833,-81.74472
202402001,2025-03-04 13:41:00,CCGS LIMNOS,LAKE HURON,21,434512,-814652,10,12.50,2024-08-28 11:47:00,3725,1.00,.00,0.10000000,<,0,.100000,ALKALINITY,"Alkalinity, phenolphthalein CaCO3 dissolved",mg/L,43.75333,-81.78111
202402001,2025-03-04 13:41:00,CCGS LIMNOS,LAKE HURON,22,435723,-814712,11,10.50,2024-08-28 22:01:00,3725,1.00,.00,0.10000000,<,0,.100000,ALKALINITY,"Alkalinity, phenolphthalein CaCO3 dissolved",mg/L,43.95639,-81.78667
202402001,2025-03-04 13:41:00,CCGS LIMNOS,LAKE HURON,23,442159,-815000,29,123.00,2024-08-29 01:48:00,3725,1.00,.00,0.10000000,<,0,.100000,ALKALINITY,"Alkalinity, phenolphthalein CaCO3 dissolved",mg/L,44.36639,-81.83333
202402001,2025-03-04 13:41:00,CCGS LIMNOS,LAKE HURON,23,442159,-815000,29,123.00,2024-08-29 01:48:00,3725,14.00,.00,0.10000000,<,0,.100000,ALKALINITY,"Alkalinity, phenolphthalein CaCO3 dissolved",mg/L,44.36639,-81.83333
202402001,2025-03-04 13:41:00,CCGS LIMNOS,LAKE HURON,23,442159,-815000,29,123.00,2024-08-29 01:48:00,3725,24.00,.00,0.10000000,<,0,.100000,ALKALINITY,"Alkalinity, phenolphthalein CaCO3 dissolved",mg/L,44.36639,-81.83333
202402001,2025-03-04 13:41:00,CCGS LIMNOS,LAKE HURON,23,442159,-815000,29,123.00,2024-08-29 01:48:00,3725,34.00,.00,0.10000000,<,0,.100000,ALKALINITY,"Alkalinity, phenolphthalein CaCO3 dissolved",mg/L,44.36639,-81.83333
202402001,2025-03-04 13:41:00,CCGS LIMNOS,LAKE HURON,23,442159,-815000,29,123.00,2024-08-29 01:48:00,3725,113.00,.00,0.10000000,<,0,.100000,ALKALINITY,"Alkalinity, phenolphthalein CaCO3 dissolved",mg/L,44.36639,-81.83333
202402001,2025-03-04 13:41:00,CCGS LIMNOS,LAKE HURON,23,442159,-815000,29,123.00,2024-08-29 01:48:00,3725,121.00,.00,0.10000000,<,0,.100000,ALKALINITY,"Alkalinity, phenolphthalein CaCO3 dissolved",mg/L,44.36639,-81.83333
202402001,2025-03-04 13:41:00,CCGS LIMNOS,LAKE HURON,24,442759,-812712,30,21.50,2024-08-29 05:15:00,3725,1.00,.00,0.10000000,<,0,.100000,ALKALINITY,"Alkalinity, phenolphthalein CaCO3 dissolved",mg/L,44.46639,-81.45333
202402001,2025-03-04 13:41:00,CCGS LIMNOS,LAKE HURON,25,443924,-812242,39,26.00,2024-08-29 06:59:00,3725,1.00,.00,0.10000000,<,0,.100000,ALKALINITY,"Alkalinity, phenolphthalein CaCO3 dissolved",mg/L,44.65667,-81.37833
202402001,2025-03-04 13:41:00,CCGS LIMNOS,LAKE HURON,25,443924,-812242,39,26.00,2024-08-29 06:59:00,3725,1.00,.00,0.10000000,<,1,.100000,ALKALINITY,"Alkalinity, phenolphthalein CaCO3 dissolved",mg/L,44.65667,-81.37833
202402001,2025-03-04 13:41:00,CCGS LIMNOS,LAKE HURON,26,445354,-812613,40,20.00,2024-08-29 09:31:00,3725,1.00,.00,0.10000000,<,0,.100000,ALKALINITY,"Alkalinity, phenolphthalein CaCO3 dissolved",mg/L,44.89833,-81.43694
202402001,2025-03-04 13:41:00,CCGS LIMNOS,LAKE HURON,27,450459,-813212,41,22.50,2024-08-29 11:17:00,3725,1.00,.00,0.10000000,<,0,.100000,ALKALINITY,"Alkalinity, phenolphthalein CaCO3 dissolved",mg/L,45.08306,-81.53667
202402001,2025-03-04 13:41:00,CCGS LIMNOS,LAKE HURON,28,450048,-820030,43,172.00,2024-08-29 14:43:00,3725,1.00,.00,0.10000000,<,0,.100000,ALKALINITY,"Alkalinity, phenolphthalein CaCO3 dissolved",mg/L,45.01333,-82.00833
202402001,2025-03-04 13:41:00,CCGS LIMNOS,LAKE HURON,29,451642,-822707,48,110.00,2024-08-29 18:21:00,3725,1.00,.00,0.10000000,<,0,.100000,ALKALINITY,"Alkalinity, phenolphthalein CaCO3 dissolved",mg/L,45.27833,-82.45194
202402001,2025-03-04 13:41:00,CCGS LIMNOS,LAKE HURON,30,450059,-824106,44,166.50,2024-08-29 21:09:00,3725,1.00,.00,0.10000000,<,0,.100000,ALKALINITY,"Alkalinity, phenolphthalein CaCO3 dissolved",mg/L,45.01639,-82.68500
202402001,2025-03-04 13:41:00,CCGS LIMNOS,LAKE HURON,30,450059,-824106,44,166.50,2024-08-29 21:09:00,3725,14.00,.00,0.10000000,<,0,.100000,ALKALINITY,"Alkalinity, phenolphthalein CaCO3 dissolved",mg/L,45.01639,-82.68500
202402001,2025-03-04 13:41:00,CCGS LIMNOS,LAKE HURON,30,450059,-824106,44,166.50,2024-08-29 21:09:00,3725,45.50,.00,0.10000000,<,0,.100000,ALKALINITY,"Alkalinity, phenolphthalein CaCO3 dissolved",mg/L,45.01639,-82.68500
202402001,2025-03-04 13:41:00,CCGS LIMNOS,LAKE HURON,30,450059,-824106,44,166.50,2024-08-29 21:09:00,3725,77.00,.00,0.10000000,<,0,.100000,ALKALINITY,"Alkalinity, phenolphthalein CaCO3 dissolved",mg/L,45.01639,-82.68500
202402001,2025-03-04 13:41:00,CCGS LIMNOS,LAKE HURON,30,450059,-824106,44,166.50,2024-08-29 21:09:00,3725,156.50,.00,0.10000000,<,0,.100000,ALKALINITY,"Alkalinity, phenolphthalein CaCO3 dissolved",mg/L,45.01639,-82.68500
202402001,2025-03-04 13:41:00,CCGS LIMNOS,LAKE HURON,30,450059,-824106,44,166.50,2024-08-29 21:09:00,3725,164.50,.00,0.10000000,<,0,.100000,ALKALINITY,"Alkalinity, phenolphthalein CaCO3 dissolved",mg/L,45.01639,-82.68500
202402001,2025-03-04 13:41:00,CCGS LIMNOS,LAKE HURON,30,450059,-824106,44,166.50,2024-08-29 21:09:00,3725,998.00,.00,0.10000000,<,0,.100000,ALKALINITY,"Alkalinity, phenolphthalein CaCO3 dissolved",mg/L,45.01639,-82.68500
202402001,2025-03-04 13:41:00,CCGS LIMNOS,LAKE HURON,30,450059,-824106,44,166.50,2024-08-29 21:09:00,3725,999.00,.00,0.10000000,<,0,.100000,ALKALINITY,"Alkalinity, phenolphthalein CaCO3 dissolved",mg/L,45.01639,-82.68500
202402001,2025-03-04 13:41:00,CCGS LIMNOS,LAKE HURON,31,444424,-820326,38,134.00,2024-08-30 01:46:00,3725,1.00,.00,0.10000000,<,0,.100000,ALKALINITY,"Alkalinity, phenolphthalein CaCO3 dissolved",mg/L,44.74000,-82.05722
202402001,2025-03-04 13:41:00,CCGS LIMNOS,LAKE HURON,32,442712,-822030,32,83.00,2024-08-30 05:08:00,3725,1.00,.00,0.10000000,<,0,.100000,ALKALINITY,"Alkalinity, phenolphthalein CaCO3 dissolved",mg/L,44.45333,-82.34167
202402001,2025-03-04 13:41:00,CCGS LIMNOS,LAKE HURON,33,435325,-820324,12,87.00,2024-08-30 10:38:00,3725,1.00,.00,0.10000000,<,0,.100000,ALKALINITY,"Alkalinity, phenolphthalein CaCO3 dissolved",mg/L,43.89028,-82.05667
202402001,2025-03-04 13:41:00,CCGS LIMNOS,LAKE HURON,34,441154,-823011,27,55.00,2024-09-03 23:11:00,3725,1.00,.00,0.10000000,<,0,.100000,ALKALINITY,"Alkalinity, phenolphthalein CaCO3 dissolved",mg/L,44.19833,-82.50306
202402001,2025-03-04 13:41:00,CCGS LIMNOS,LAKE HURON,35,443000,-825000,33,72.50,2024-09-04 02:23:00,3725,1.00,.00,0.10000000,<,0,.100000,ALKALINITY,"Alkalinity, phenolphthalein CaCO3 dissolved",mg/L,44.50000,-82.83333
202402001,2025-03-04 13:41:00,CCGS LIMNOS,LAKE HURON,35,443000,-825000,33,72.50,2024-09-04 02:23:00,3725,1.00,.00,0.10000000,<,1,.100000,ALKALINITY,"Alkalinity, phenolphthalein CaCO3 dissolved",mg/L,44.50000,-82.83333
202402001,2025-03-04 13:41:00,CCGS LIMNOS,LAKE HURON,36,443824,-831354,34,9.00,2024-09-04 05:09:00,3725,1.00,.00,0.10000000,<,0,.100000,ALKALINITY,"Alkalinity, phenolphthalein CaCO3 dissolved",mg/L,44.64000,-83.23167
202402001,2025-03-04 13:41:00,CCGS LIMNOS,LAKE HURON,37,450224,-832241,36,9.00,2024-09-04 08:34:00,3725,1.00,.00,0.10000000,<,0,.100000,ALKALINITY,"Alkalinity, phenolphthalein CaCO3 dissolved",mg/L,45.04000,-83.37806
202402001,2025-03-04 13:41:00,CCGS LIMNOS,LAKE HURON,37,450224,-832241,36,9.00,2024-09-04 08:34:00,3725,7.00,.00,0.10000000,<,0,.100000,ALKALINITY,"Alkalinity, phenolphthalein CaCO3 dissolved",mg/L,45.04000,-83.37806
202402001,2025-03-04 13:41:00,CCGS LIMNOS,LAKE HURON,38,451516,-832044,47,23.50,2024-09-04 11:59:00,3725,1.00,.00,0.10000000,<,0,.100000,ALKALINITY,"Alkalinity, phenolphthalein CaCO3 dissolved",mg/L,45.25444,-83.34556
202402001,2025-03-04 13:41:00,CCGS LIMNOS,LAKE HURON,39,453100,-832459,54,132.50,2024-09-04 15:02:00,3725,1.00,.00,0.10000000,<,0,.100000,ALKALINITY,"Alkalinity, phenolphthalein CaCO3 dissolved",mg/L,45.51667,-83.41639
202402001,2025-03-04 13:41:00,CCGS LIMNOS,LAKE HURON,39,453100,-832459,54,132.50,2024-09-04 15:02:00,3725,11.00,.00,0.10000000,<,0,.100000,ALKALINITY,"Alkalinity, phenolphthalein CaCO3 dissolved",mg/L,45.51667,-83.41639
202402001,2025-03-04 13:41:00,CCGS LIMNOS,LAKE HURON,39,453100,-832459,54,132.50,2024-09-04 15:02:00,3725,25.50,.00,0.10000000,<,0,.100000,ALKALINITY,"Alkalinity, phenolphthalein CaCO3 dissolved",mg/L,45.51667,-83.41639
202402001,2025-03-04 13:41:00,CCGS LIMNOS,LAKE HURON,39,453100,-832459,54,132.50,2024-09-04 15:02:00,3725,40.00,.00,0.10000000,<,0,.100000,ALKALINITY,"Alkalinity, phenolphthalein CaCO3 dissolved",mg/L,45.51667,-83.41639
202402001,2025-03-04 13:41:00,CCGS LIMNOS,LAKE HURON,39,453100,-832459,54,132.50,2024-09-04 15:02:00,3725,122.50,.00,0.10000000,<,0,.100000,ALKALINITY,"Alkalinity, phenolphthalein CaCO3 dissolved",mg/L,45.51667,-83.41639
202402001,2025-03-04 13:41:00,CCGS LIMNOS,LAKE HURON,39,453100,-832459,54,132.50,2024-09-04 15:02:00,3725,130.50,.00,0.10000000,<,0,.100000,ALKALINITY,"Alkalinity, phenolphthalein CaCO3 dissolved",mg/L,45.51667,-83.41639
202402001,2025-03-04 13:41:00,CCGS LIMNOS,LAKE HURON,40,452530,-833905,55,37.00,2024-09-04 17:32:00,3725,1.00,.00,0.10000000,<,0,.100000,ALKALINITY,"Alkalinity, phenolphthalein CaCO3 dissolved",mg/L,45.42500,-83.65139
202402001,2025-03-04 13:41:00,CCGS LIMNOS,LAKE HURON,40,452530,-833905,55,37.00,2024-09-04 17:32:00,3725,998.00,.00,0.10000000,<,0,.100000,ALKALINITY,"Alkalinity, phenolphthalein CaCO3 dissolved",mg/L,45.42500,-83.65139
202402001,2025-03-04 13:41:00,CCGS LIMNOS,LAKE HURON,40,452530,-833905,55,37.00,2024-09-04 17:32:00,3725,999.00,.00,0.10000000,<,0,.100000,ALKALINITY,"Alkalinity, phenolphthalein CaCO3 dissolved",mg/L,45.42500,-83.65139
202402001,2025-03-04 13:41:00,CCGS LIMNOS,LAKE HURON,41,453059,-840500,56,22.50,2024-09-04 20:07:00,3725,1.00,.00,0.10000000,<,0,.100000,ALKALINITY,"Alkalinity, phenolphthalein CaCO3 dissolved",mg/L,45.51639,-84.08333
202402001,2025-03-04 13:41:00,CCGS LIMNOS,LAKE HURON,42,454459,-835500,61,117.00,2024-09-04 22:19:00,3725,1.00,.00,0.10000000,<,0,.100000,ALKALINITY,"Alkalinity, phenolphthalein CaCO3 dissolved",mg/L,45.74972,-83.91667
202402001,2025-03-04 13:41:00,CCGS LIMNOS,LAKE HURON,43,454029,-841112,62,44.00,2024-09-05 00:10:00,3725,1.00,.00,0.10000000,<,0,.100000,ALKALINITY,"Alkalinity, phenolphthalein CaCO3 dissolved",mg/L,45.67472,-84.18667
202402001,2025-03-04 13:41:00,CCGS LIMNOS,LAKE HURON,44,454212,-843041,63,15.00,2024-09-05 02:25:00,3725,1.00,.00,0.10000000,<,0,.100000,ALKALINITY,"Alkalinity, phenolphthalein CaCO3 dissolved",mg/L,45.70333,-84.51139
202402001,2025-03-04 13:41:00,CCGS LIMNOS,LAKE HURON,45,454848,-844519,64,36.00,2024-09-05 04:05:00,3725,1.00,.00,0.10000000,<,0,.100000,ALKALINITY,"Alkalinity, phenolphthalein CaCO3 dissolved",mg/L,45.81333,-84.75528
202402001,2025-03-04 13:41:00,CCGS LIMNOS,LAKE HURON,45,454848,-844519,64,36.00,2024-09-05 04:05:00,3725,1.00,.00,0.10000000,<,1,.100000,ALKALINITY,"Alkalinity, phenolphthalein CaCO3 dissolved",mg/L,45.81333,-84.75528
202402001,2025-03-04 13:41:00,CCGS LIMNOS,LAKE HURON,45,454848,-844519,64,36.00,2024-09-05 04:05:00,3725,16.00,.00,0.10000000,<,0,.100000,ALKALINITY,"Alkalinity, phenolphthalein CaCO3 dissolved",mg/L,45.81333,-84.75528
202402001,2025-03-04 13:41:00,CCGS LIMNOS,LAKE HURON,45,454848,-844519,64,36.00,2024-09-05 04:05:00,3725,24.50,.00,0.10000000,<,0,.100000,ALKALINITY,"Alkalinity, phenolphthalein CaCO3 dissolved",mg/L,45.81333,-84.75528
202402001,2025-03-04 13:41:00,CCGS LIMNOS,LAKE HURON,45,454848,-844519,64,36.00,2024-09-05 04:05:00,3725,26.00,.00,0.10000000,<,0,.100000,ALKALINITY,"Alkalinity, phenolphthalein CaCO3 dissolved",mg/L,45.81333,-84.75528
202402001,2025-03-04 13:41:00,CCGS LIMNOS,LAKE HURON,45,454848,-844519,64,36.00,2024-09-05 04:05:00,3725,33.00,.00,0.10000000,<,0,.100000,ALKALINITY,"Alkalinity, phenolphthalein CaCO3 dissolved",mg/L,45.81333,-84.75528
202402001,2025-03-04 13:41:00,CCGS LIMNOS,LAKE HURON,46,455043,-843400,65,58.50,2024-09-05 05:27:00,3725,1.00,.00,0.10000000,<,0,.100000,ALKALINITY,"Alkalinity, phenolphthalein CaCO3 dissolved",mg/L,45.84528,-84.56667
202402001,2025-03-04 13:41:00,CCGS LIMNOS,LAKE HURON,47,455149,-841741,66,69.00,2024-09-05 07:08:00,3725,1.00,.00,0.10000000,<,0,.100000,ALKALINITY,"Alkalinity, phenolphthalein CaCO3 dissolved",mg/L,45.86361,-84.29472
202402001,2025-03-04 13:41:00,CCGS LIMNOS,LAKE HURON,48,455606,-835359,67,31.00,2024-09-05 09:35:00,3725,1.00,.00,0.10000000,<,0,.100000,ALKALINITY,"Alkalinity, phenolphthalein CaCO3 dissolved",mg/L,45.93500,-83.89972
202402001,2025-03-04 13:41:00,CCGS LIMNOS,LAKE HURON,49,460442,-840141,69,10.00,2024-09-05 11:24:00,3725,1.00,.00,0.10000000,<,0,.100000,ALKALINITY,"Alkalinity, phenolphthalein CaCO3 dissolved",mg/L,46.07833,-84.02806
202402001,2025-03-04 13:41:00,CCGS LIMNOS,LAKE HURON,49,460442,-840141,69,10.00,2024-09-05 11:24:00,3725,8.00,.00,0.10000000,<,0,.100000,ALKALINITY,"Alkalinity, phenolphthalein CaCO3 dissolved",mg/L,46.07833,-84.02806
202402001,2025-03-04 13:41:00,CCGS LIMNOS,LAKE HURON,50,460230,-835112,68,17.00,2024-09-05 12:44:00,3725,1.00,.00,0.10000000,<,0,.100000,ALKALINITY,"Alkalinity, phenolphthalein CaCO3 dissolved",mg/L,46.04167,-83.85333
202402001,2025-03-04 13:41:00,CCGS LIMNOS,LAKE HURON,50,460230,-835112,68,17.00,2024-09-05 12:44:00,3725,998.00,.00,0.10000000,<,0,.100000,ALKALINITY,"Alkalinity, phenolphthalein CaCO3 dissolved",mg/L,46.04167,-83.85333
202402001,2025-03-04 13:41:00,CCGS LIMNOS,LAKE HURON,50,460230,-835112,68,17.00,2024-09-05 12:44:00,3725,999.00,.00,0.10000000,<,0,.100000,ALKALINITY,"Alkalinity, phenolphthalein CaCO3 dissolved",mg/L,46.04167,-83.85333
202402001,2025-03-04 13:41:00,CCGS LIMNOS,LAKE HURON,51,460812,-834018,70,22.00,2024-09-05 14:24:00,3725,1.00,.00,0.10000000,<,0,.100000,ALKALINITY,"Alkalinity, phenolphthalein CaCO3 dissolved",mg/L,46.13667,-83.67167
202402001,2025-03-04 13:41:00,CCGS LIMNOS,LAKE HURON,52,461400,-834447,71,34.00,2024-09-05 15:25:00,3725,1.00,.00,0.10000000,<,0,.100000,ALKALINITY,"Alkalinity, phenolphthalein CaCO3 dissolved",mg/L,46.23333,-83.74639
202402001,2025-03-04 13:41:00,CCGS LIMNOS,LAKE HURON,52,461400,-834447,71,34.00,2024-09-05 15:25:00,3725,3.00,.00,0.10000000,<,0,.100000,ALKALINITY,"Alkalinity, phenolphthalein CaCO3 dissolved",mg/L,46.23333,-83.74639
202402001,2025-03-04 13:41:00,CCGS LIMNOS,LAKE HURON,52,461400,-834447,71,34.00,2024-09-05 15:25:00,3725,9.50,.00,0.10000000,<,0,.100000,ALKALINITY,"Alkalinity, phenolphthalein CaCO3 dissolved",mg/L,46.23333,-83.74639
202402001,2025-03-04 13:41:00,CCGS LIMNOS,LAKE HURON,52,461400,-834447,71,34.00,2024-09-05 15:25:00,3725,16.00,.00,0.10000000,<,0,.100000,ALKALINITY,"Alkalinity, phenolphthalein CaCO3 dissolved",mg/L,46.23333,-83.74639
202402001,2025-03-04 13:41:00,CCGS LIMNOS,LAKE HURON,52,461400,-834447,71,34.00,2024-09-05 15:25:00,3725,32.00,.00,0.10000000,<,0,.100000,ALKALINITY,"Alkalinity, phenolphthalein CaCO3 dissolved",mg/L,46.23333,-83.74639
202402001,2025-03-04 13:41:00,CCGS LIMNOS,LAKE HURON,53,461112,-832117,73,19.00,2024-09-05 17:38:00,3725,1.00,.00,0.10000000,<,0,.100000,ALKALINITY,"Alkalinity, phenolphthalein CaCO3 dissolved",mg/L,46.18667,-83.35472
202402001,2025-03-04 13:41:00,CCGS LIMNOS,LAKE HURON,54,460724,-825309,79,26.00,2024-09-05 20:17:00,3725,1.00,.00,0.10000000,<,0,.100000,ALKALINITY,"Alkalinity, phenolphthalein CaCO3 dissolved",mg/L,46.12333,-82.88583
202402001,2025-03-04 13:41:00,CCGS LIMNOS,LAKE HURON,54,460724,-825309,79,26.00,2024-09-05 20:17:00,3725,10.00,.00,0.10000000,<,0,.100000,ALKALINITY,"Alkalinity, phenolphthalein CaCO3 dissolved",mg/L,46.12333,-82.88583
202402001,2025-03-04 13:41:00,CCGS LIMNOS,LAKE HURON,54,460724,-825309,79,26.00,2024-09-05 20:17:00,3725,24.00,.00,0.10000000,<,0,.100000,ALKALINITY,"Alkalinity, phenolphthalein CaCO3 dissolved",mg/L,46.12333,-82.88583
202402001,2025-03-04 13:41:00,CCGS LIMNOS,LAKE HURON,55,460530,-823324,84,36.00,2024-09-05 22:18:00,3725,1.00,.00,0.10000000,<,0,.100000,ALKALINITY,"Alkalinity, phenolphthalein CaCO3 dissolved",mg/L,46.09167,-82.55667
202402001,2025-03-04 13:41:00,CCGS LIMNOS,LAKE HURON,55,460530,-823324,84,36.00,2024-09-05 22:18:00,3725,1.00,.00,0.10000000,<,1,.100000,ALKALINITY,"Alkalinity, phenolphthalein CaCO3 dissolved",mg/L,46.09167,-82.55667
202402001,2025-03-04 13:41:00,CCGS LIMNOS,LAKE HURON,55,460530,-823324,84,36.00,2024-09-05 22:18:00,3725,7.00,.00,0.10000000,<,0,.100000,ALKALINITY,"Alkalinity, phenolphthalein CaCO3 dissolved",mg/L,46.09167,-82.55667
202402001,2025-03-04 13:41:00,CCGS LIMNOS,LAKE HURON,55,460530,-823324,84,36.00,2024-09-05 22:18:00,3725,20.50,.00,0.10000000,<,0,.100000,ALKALINITY,"Alkalinity, phenolphthalein CaCO3 dissolved",mg/L,46.09167,-82.55667
202402001,2025-03-04 13:41:00,CCGS LIMNOS,LAKE HURON,55,460530,-823324,84,36.00,2024-09-05 22:18:00,3725,26.00,.00,0.10000000,<,0,.100000,ALKALINITY,"Alkalinity, phenolphthalein CaCO3 dissolved",mg/L,46.09167,-82.55667
202402001,2025-03-04 13:41:00,CCGS LIMNOS,LAKE HURON,55,460530,-823324,84,36.00,2024-09-05 22:18:00,3725,34.00,.00,0.10000000,<,0,.100000,ALKALINITY,"Alkalinity, phenolphthalein CaCO3 dissolved",mg/L,46.09167,-82.55667
202402001,2025-03-04 13:41:00,CCGS LIMNOS,LAKE HURON,56,460340,-821149,87,35.00,2024-09-06 00:45:00,3725,1.00,.00,0.10000000,<,0,.100000,ALKALINITY,"Alkalinity, phenolphthalein CaCO3 dissolved",mg/L,46.06111,-82.19694
202402001,2025-03-04 13:41:00,CCGS LIMNOS,LAKE HURON,57,460320,-815959,88,36.00,2024-09-06 02:07:00,3725,1.00,.00,0.10000000,<,0,.100000,ALKALINITY,"Alkalinity, phenolphthalein CaCO3 dissolved",mg/L,46.05556,-81.99972
202402001,2025-03-04 13:41:00,CCGS LIMNOS,LAKE HURON,58,455459,-820940,89,39.00,2024-09-06 03:48:00,3725,1.00,.00,0.10000000,<,0,.100000,ALKALINITY,"Alkalinity, phenolphthalein CaCO3 dissolved",mg/L,45.91639,-82.16111
202402001,2025-03-04 13:41:00,CCGS LIMNOS,LAKE HURON,59,460000,-823258,83,31.00,2024-09-06 07:05:00,3725,1.00,.00,0.10000000,<,0,.100000,ALKALINITY,"Alkalinity, phenolphthalein CaCO3 dissolved",mg/L,46.00000,-82.54944
202402001,2025-03-04 13:41:00,CCGS LIMNOS,LAKE HURON,60,455611,-824527,82,28.50,2024-09-06 08:34:00,3725,1.00,.00,0.10000000,<,0,.100000,ALKALINITY,"Alkalinity, phenolphthalein CaCO3 dissolved",mg/L,45.93639,-82.75750
202402001,2025-03-04 13:41:00,CCGS LIMNOS,LAKE HURON,60,455611,-824527,82,28.50,2024-09-06 08:34:00,3725,998.00,.00,0.10000000,<,0,.100000,ALKALINITY,"Alkalinity, phenolphthalein CaCO3 dissolved",mg/L,45.93639,-82.75750
202402001,2025-03-04 13:41:00,CCGS LIMNOS,LAKE HURON,60,455611,-824527,82,28.50,2024-09-06 08:34:00,3725,999.00,.00,0.10000000,<,0,.100000,ALKALINITY,"Alkalinity, phenolphthalein CaCO3 dissolved",mg/L,45.93639,-82.75750
202402001,2025-03-04 13:41:00,CCGS LIMNOS,LAKE HURON,61,455811,-831154,77,78.00,2024-09-06 11:34:00,3725,1.00,.00,0.10000000,<,0,.100000,ALKALINITY,"Alkalinity, phenolphthalein CaCO3 dissolved",mg/L,45.96972,-83.19833
202402001,2025-03-04 13:41:00,CCGS LIMNOS,LAKE HURON,62,455959,-832600,76,58.00,2024-09-06 13:08:00,3725,1.00,.00,0.10000000,<,0,.100000,ALKALINITY,"Alkalinity, phenolphthalein CaCO3 dissolved",mg/L,45.99972,-83.43333
202402001,2025-03-04 13:41:00,CCGS LIMNOS,LAKE HURON,63,455405,-833105,60,25.00,2024-09-06 14:16:00,3725,1.00,.00,0.10000000,<,0,.100000,ALKALINITY,"Alkalinity, phenolphthalein CaCO3 dissolved",mg/L,45.90139,-83.51806
202402001,2025-03-04 13:41:00,CCGS LIMNOS,LAKE HURON,64,455159,-831600,58,12.00,2024-09-06 16:39:00,3725,1.00,.00,0.10000000,<,0,.100000,ALKALINITY,"Alkalinity, phenolphthalein CaCO3 dissolved",mg/L,45.86639,-83.26667
202402001,2025-03-04 13:41:00,CCGS LIMNOS,LAKE HURON,65,454600,-830141,59,18.00,2024-09-06 18:18:00,3725,1.00,.00,0.10000000,<,0,.100000,ALKALINITY,"Alkalinity, phenolphthalein CaCO3 dissolved",mg/L,45.76667,-83.02806
202402001,2025-03-04 13:41:00,CCGS LIMNOS,LAKE HURON,65,454600,-830141,59,18.00,2024-09-06 18:18:00,3725,1.00,.00,0.10000000,<,1,.100000,ALKALINITY,"Alkalinity, phenolphthalein CaCO3 dissolved",mg/L,45.76667,-83.02806
202402001,2025-03-04 13:41:00,CCGS LIMNOS,LAKE HURON,66,453905,-823852,52,66.00,2024-09-06 20:48:00,3725,1.00,.00,0.10000000,<,0,.100000,ALKALINITY,"Alkalinity, phenolphthalein CaCO3 dissolved",mg/L,45.65139,-82.64778
202402001,2025-03-04 13:41:00,CCGS LIMNOS,LAKE HURON,67,453205,-820242,50,27.00,2024-09-07 00:19:00,3725,1.00,.00,0.10000000,<,0,.100000,ALKALINITY,"Alkalinity, phenolphthalein CaCO3 dissolved",mg/L,45.53472,-82.04500
202402001,2025-03-04 13:41:00,CCGS LIMNOS,LAKE HURON,68,451316,-814909,42,42.00,2024-09-07 03:12:00,3725,1.00,.00,0.10000000,<,0,.100000,ALKALINITY,"Alkalinity, phenolphthalein CaCO3 dissolved",mg/L,45.22111,-81.81917
