CRUISE_PLAN,LAST_DATE_UPDATED,SHIP_NAME,WATER_BODY,CSN,LATITUDE,LONGITUDE,PSN,SOUNDING,STN_DATE,CODE,DEPTH_FROM,DEPTH_TO,DETECTION,FLAG,SEQ_NO,VALUE,ABBREV,FULL_NAME,UNITS,LATITUDE_DD,LONGITUDE_DD
200905001,2009-06-04 10:58:50,CCGS LIMNOS,GEORGIAN BAY,1,454544,-814801,46,19.9,2009-05-10 01:42:00,6,.00,.00,0.00000000,,0,1.000000,TPL,TEMPERATURE PROFILE LOCATION,,45.76222,-81.80028
200905001,2009-06-04 10:58:50,CCGS LIMNOS,GEORGIAN BAY,1,454544,-814801,46,19.9,2009-05-10 01:42:00,6,1.00,.00,0.00000000,,0,1.000000,TPL,TEMPERATURE PROFILE LOCATION,,45.76222,-81.80028
200905001,2009-06-04 10:58:50,CCGS LIMNOS,GEORGIAN BAY,2,455446,-813545,42,27.4,2009-05-10 03:27:00,6,.00,.00,0.00000000,,0,1.000000,TPL,TEMPERATURE PROFILE LOCATION,,45.91278,-81.59583
200905001,2009-06-04 10:58:50,CCGS LIMNOS,GEORGIAN BAY,2,455446,-813545,42,27.4,2009-05-10 03:27:00,6,1.00,.00,0.00000000,,0,1.000000,TPL,TEMPERATURE PROFILE LOCATION,,45.91278,-81.59583
200905001,2009-06-04 10:58:50,CCGS LIMNOS,GEORGIAN BAY,3,454228,-813713,36,53.6,2009-05-10 05:01:00,6,.00,.00,0.00000000,,0,1.000000,TPL,TEMPERATURE PROFILE LOCATION,,45.70778,-81.62028
200905001,2009-06-04 10:58:50,CCGS LIMNOS,GEORGIAN BAY,3,454228,-813713,36,53.6,2009-05-10 05:01:00,6,1.00,.00,0.00000000,,0,1.000000,TPL,TEMPERATURE PROFILE LOCATION,,45.70778,-81.62028
200905001,2009-06-04 10:58:50,CCGS LIMNOS,GEORGIAN BAY,4,455223,-811529,39,27.3,2009-05-10 07:09:00,6,.00,.00,0.00000000,,0,1.000000,TPL,TEMPERATURE PROFILE LOCATION,,45.87306,-81.25806
200905001,2009-06-04 10:58:50,CCGS LIMNOS,GEORGIAN BAY,4,455223,-811529,39,27.3,2009-05-10 07:09:00,6,1.00,.00,0.00000000,,0,1.000000,TPL,TEMPERATURE PROFILE LOCATION,,45.87306,-81.25806
200905001,2009-06-04 10:58:50,CCGS LIMNOS,GEORGIAN BAY,5,455200,-805958,27,18.9,2009-05-10 08:36:00,6,.00,.00,0.00000000,,0,1.000000,TPL,TEMPERATURE PROFILE LOCATION,,45.86667,-80.99944
200905001,2009-06-04 10:58:50,CCGS LIMNOS,GEORGIAN BAY,5,455200,-805958,27,18.9,2009-05-10 08:36:00,6,1.00,.00,0.00000000,,0,1.000000,TPL,TEMPERATURE PROFILE LOCATION,,45.86667,-80.99944
200905001,2009-06-04 10:58:50,CCGS LIMNOS,GEORGIAN BAY,5,455200,-805958,27,18.9,2009-05-10 08:36:00,6,1.00,.00,0.00000000,,1,1.000000,TPL,TEMPERATURE PROFILE LOCATION,,45.86667,-80.99944
200905001,2009-06-04 10:58:50,CCGS LIMNOS,GEORGIAN BAY,6,455003,-805355,26,25.3,2009-05-10 09:15:00,6,.00,.00,0.00000000,,0,1.000000,TPL,TEMPERATURE PROFILE LOCATION,,45.83417,-80.89861
200905001,2009-06-04 10:58:50,CCGS LIMNOS,GEORGIAN BAY,6,455003,-805355,26,25.3,2009-05-10 09:15:00,6,1.00,.00,0.00000000,,0,1.000000,TPL,TEMPERATURE PROFILE LOCATION,,45.83417,-80.89861
200905001,2009-06-04 10:58:50,CCGS LIMNOS,GEORGIAN BAY,7,454044,-805022,24,40,2009-05-10 10:26:00,6,.00,.00,0.00000000,,0,1.000000,TPL,TEMPERATURE PROFILE LOCATION,,45.67889,-80.83944
200905001,2009-06-04 10:58:50,CCGS LIMNOS,GEORGIAN BAY,7,454044,-805022,24,40,2009-05-10 10:26:00,6,1.00,.00,0.00000000,,0,1.000000,TPL,TEMPERATURE PROFILE LOCATION,,45.67889,-80.83944
200905001,2009-06-04 10:58:50,CCGS LIMNOS,GEORGIAN BAY,8,453501,-810539,29,42.4,2009-05-10 11:49:00,6,.00,.00,0.00000000,,0,1.000000,TPL,TEMPERATURE PROFILE LOCATION,,45.58361,-81.09417
200905001,2009-06-04 10:58:50,CCGS LIMNOS,GEORGIAN BAY,8,453501,-810539,29,42.4,2009-05-10 11:49:00,6,1.00,.00,0.00000000,,0,1.000000,TPL,TEMPERATURE PROFILE LOCATION,,45.58361,-81.09417
200905001,2009-06-04 10:58:50,CCGS LIMNOS,GEORGIAN BAY,9,452116,-802913,16,22.8,2009-05-10 14:55:00,6,.00,.00,0.00000000,,0,1.000000,TPL,TEMPERATURE PROFILE LOCATION,,45.35444,-80.48694
200905001,2009-06-04 10:58:50,CCGS LIMNOS,GEORGIAN BAY,9,452116,-802913,16,22.8,2009-05-10 14:55:00,6,1.00,.00,0.00000000,,0,1.000000,TPL,TEMPERATURE PROFILE LOCATION,,45.35444,-80.48694
200905001,2009-06-04 10:58:50,CCGS LIMNOS,GEORGIAN BAY,10,451934,-800658,122,89.2,2009-05-10 16:56:00,6,.00,.00,0.00000000,,0,1.000000,TPL,TEMPERATURE PROFILE LOCATION,,45.32611,-80.11611
200905001,2009-06-04 10:58:50,CCGS LIMNOS,GEORGIAN BAY,10,451934,-800658,122,89.2,2009-05-10 16:56:00,6,1.00,.00,0.00000000,,0,1.000000,TPL,TEMPERATURE PROFILE LOCATION,,45.32611,-80.11611
200905001,2009-06-04 10:58:50,CCGS LIMNOS,GEORGIAN BAY,10,451934,-800658,122,89.2,2009-05-10 16:56:00,6,1.00,.00,0.00000000,,1,1.000000,TPL,TEMPERATURE PROFILE LOCATION,,45.32611,-80.11611
200905001,2009-06-04 10:58:50,CCGS LIMNOS,GEORGIAN BAY,11,451000,-801747,15,46.1,2009-05-10 20:00:00,6,.00,.00,0.00000000,,0,1.000000,TPL,TEMPERATURE PROFILE LOCATION,,45.16667,-80.29639
200905001,2009-06-04 10:58:50,CCGS LIMNOS,GEORGIAN BAY,11,451000,-801747,15,46.1,2009-05-10 20:00:00,6,1.00,.00,0.00000000,,0,1.000000,TPL,TEMPERATURE PROFILE LOCATION,,45.16667,-80.29639
200905001,2009-06-04 10:58:50,CCGS LIMNOS,GEORGIAN BAY,12,445708,-800901,8,48.3,2009-05-10 21:41:00,6,.00,.00,0.00000000,,0,1.000000,TPL,TEMPERATURE PROFILE LOCATION,,44.95222,-80.15028
200905001,2009-06-04 10:58:50,CCGS LIMNOS,GEORGIAN BAY,12,445708,-800901,8,48.3,2009-05-10 21:41:00,6,1.00,.00,0.00000000,,0,1.000000,TPL,TEMPERATURE PROFILE LOCATION,,44.95222,-80.15028
200905001,2009-06-04 10:58:50,CCGS LIMNOS,GEORGIAN BAY,13,445220,-795807,9,28.9,2009-05-10 22:51:00,6,.00,.00,0.00000000,,0,1.000000,TPL,TEMPERATURE PROFILE LOCATION,,44.87222,-79.96861
200905001,2009-06-04 10:58:50,CCGS LIMNOS,GEORGIAN BAY,13,445220,-795807,9,28.9,2009-05-10 22:51:00,6,1.00,.00,0.00000000,,0,1.000000,TPL,TEMPERATURE PROFILE LOCATION,,44.87222,-79.96861
200905001,2009-06-04 10:58:50,CCGS LIMNOS,GEORGIAN BAY,14,444748,-801434,5,54.9,2009-05-11 00:36:00,6,.00,.00,0.00000000,,0,1.000000,TPL,TEMPERATURE PROFILE LOCATION,,44.79667,-80.24278
200905001,2009-06-04 10:58:50,CCGS LIMNOS,GEORGIAN BAY,14,444748,-801434,5,54.9,2009-05-11 00:36:00,6,1.00,.00,0.00000000,,0,1.000000,TPL,TEMPERATURE PROFILE LOCATION,,44.79667,-80.24278
200905001,2009-06-04 10:58:50,CCGS LIMNOS,GEORGIAN BAY,15,443847,-801003,4,57.5,2009-05-11 01:46:00,6,.00,.00,0.00000000,,0,1.000000,TPL,TEMPERATURE PROFILE LOCATION,,44.64639,-80.16750
200905001,2009-06-04 10:58:50,CCGS LIMNOS,GEORGIAN BAY,15,443847,-801003,4,57.5,2009-05-11 01:46:00,6,1.00,.00,0.00000000,,0,1.000000,TPL,TEMPERATURE PROFILE LOCATION,,44.64639,-80.16750
200905001,2009-06-04 10:58:50,CCGS LIMNOS,GEORGIAN BAY,15,443847,-801003,4,57.5,2009-05-11 01:46:00,6,1.00,.00,0.00000000,,1,1.000000,TPL,TEMPERATURE PROFILE LOCATION,,44.64639,-80.16750
200905001,2009-06-04 10:58:50,CCGS LIMNOS,GEORGIAN BAY,16,444411,-802604,6,86.7,2009-05-11 03:20:00,6,.00,.00,0.00000000,,0,1.000000,TPL,TEMPERATURE PROFILE LOCATION,,44.73639,-80.43444
200905001,2009-06-04 10:58:50,CCGS LIMNOS,GEORGIAN BAY,16,444411,-802604,6,86.7,2009-05-11 03:20:00,6,1.00,.00,0.00000000,,0,1.000000,TPL,TEMPERATURE PROFILE LOCATION,,44.73639,-80.43444
200905001,2009-06-04 10:58:50,CCGS LIMNOS,GEORGIAN BAY,17,444400,-803600,3,30.7,2009-05-11 04:23:00,6,.00,.00,0.00000000,,0,1.000000,TPL,TEMPERATURE PROFILE LOCATION,,44.73333,-80.60000
200905001,2009-06-04 10:58:50,CCGS LIMNOS,GEORGIAN BAY,17,444400,-803600,3,30.7,2009-05-11 04:23:00,6,1.00,.00,0.00000000,,0,1.000000,TPL,TEMPERATURE PROFILE LOCATION,,44.73333,-80.60000
200905001,2009-06-04 10:58:50,CCGS LIMNOS,GEORGIAN BAY,18,444302,-805124,1,88.7,2009-05-11 05:59:00,6,.00,.00,0.00000000,,0,1.000000,TPL,TEMPERATURE PROFILE LOCATION,,44.71722,-80.85667
200905001,2009-06-04 10:58:50,CCGS LIMNOS,GEORGIAN BAY,18,444302,-805124,1,88.7,2009-05-11 05:59:00,6,1.00,.00,0.00000000,,0,1.000000,TPL,TEMPERATURE PROFILE LOCATION,,44.71722,-80.85667
200905001,2009-06-04 10:58:50,CCGS LIMNOS,GEORGIAN BAY,19,445516,-803621,11,63,2009-05-11 07:53:00,6,.00,.00,0.00000000,,0,1.000000,TPL,TEMPERATURE PROFILE LOCATION,,44.92111,-80.60583
200905001,2009-06-04 10:58:50,CCGS LIMNOS,GEORGIAN BAY,19,445516,-803621,11,63,2009-05-11 07:53:00,6,1.00,.00,0.00000000,,0,1.000000,TPL,TEMPERATURE PROFILE LOCATION,,44.92111,-80.60583
200905001,2009-06-04 10:58:50,CCGS LIMNOS,GEORGIAN BAY,20,445508,-805232,12,88.5,2009-05-11 09:24:00,6,.00,.00,0.00000000,,0,1.000000,TPL,TEMPERATURE PROFILE LOCATION,,44.91889,-80.87556
200905001,2009-06-04 10:58:50,CCGS LIMNOS,GEORGIAN BAY,20,445508,-805232,12,88.5,2009-05-11 09:24:00,6,1.00,.00,0.00000000,,0,1.000000,TPL,TEMPERATURE PROFILE LOCATION,,44.91889,-80.87556
200905001,2009-06-04 10:58:50,CCGS LIMNOS,GEORGIAN BAY,20,445508,-805232,12,88.5,2009-05-11 09:24:00,6,1.00,.00,0.00000000,,1,1.000000,TPL,TEMPERATURE PROFILE LOCATION,,44.91889,-80.87556
200905001,2009-06-04 10:58:50,CCGS LIMNOS,GEORGIAN BAY,21,450359,-811512,19,53,2009-05-11 11:35:00,6,.00,.00,0.00000000,,0,1.000000,TPL,TEMPERATURE PROFILE LOCATION,,45.06639,-81.25333
200905001,2009-06-04 10:58:50,CCGS LIMNOS,GEORGIAN BAY,21,450359,-811512,19,53,2009-05-11 11:35:00,6,1.00,.00,0.00000000,,0,1.000000,TPL,TEMPERATURE PROFILE LOCATION,,45.06639,-81.25333
200905001,2009-06-04 10:58:50,CCGS LIMNOS,GEORGIAN BAY,22,451442,-805232,17,78,2009-05-11 13:44:00,6,.00,.00,0.00000000,,0,1.000000,TPL,TEMPERATURE PROFILE LOCATION,,45.24500,-80.87556
200905001,2009-06-04 10:58:50,CCGS LIMNOS,GEORGIAN BAY,22,451442,-805232,17,78,2009-05-11 13:44:00,6,1.00,.00,0.00000000,,0,1.000000,TPL,TEMPERATURE PROFILE LOCATION,,45.24500,-80.87556
200905001,2009-06-04 10:58:50,CCGS LIMNOS,GEORGIAN BAY,23,452153,-811124,21,86.4,2009-05-11 15:38:00,6,.00,.00,0.00000000,,0,1.000000,TPL,TEMPERATURE PROFILE LOCATION,,45.36472,-81.19000
200905001,2009-06-04 10:58:50,CCGS LIMNOS,GEORGIAN BAY,23,452153,-811124,21,86.4,2009-05-11 15:38:00,6,1.00,.00,0.00000000,,0,1.000000,TPL,TEMPERATURE PROFILE LOCATION,,45.36472,-81.19000
200905001,2009-06-04 10:58:50,CCGS LIMNOS,GEORGIAN BAY,24,451417,-812625,31,58.9,2009-05-11 17:18:00,6,.00,.00,0.00000000,,0,1.000000,TPL,TEMPERATURE PROFILE LOCATION,,45.23806,-81.44028
200905001,2009-06-04 10:58:50,CCGS LIMNOS,GEORGIAN BAY,24,451417,-812625,31,58.9,2009-05-11 17:18:00,6,1.00,.00,0.00000000,,0,1.000000,TPL,TEMPERATURE PROFILE LOCATION,,45.23806,-81.44028
200905001,2009-06-04 10:58:50,CCGS LIMNOS,GEORGIAN BAY,25,452213,-813507,33,53.3,2009-05-11 18:51:00,6,.00,.00,0.00000000,,0,1.000000,TPL,TEMPERATURE PROFILE LOCATION,,45.37028,-81.58528
200905001,2009-06-04 10:58:50,CCGS LIMNOS,GEORGIAN BAY,25,452213,-813507,33,53.3,2009-05-11 18:51:00,6,1.00,.00,0.00000000,,0,1.000000,TPL,TEMPERATURE PROFILE LOCATION,,45.37028,-81.58528
200905001,2009-06-04 10:58:50,CCGS LIMNOS,GEORGIAN BAY,26,453140,-814012,35,35.6,2009-05-11 20:09:00,6,.00,.00,0.00000000,,0,1.000000,TPL,TEMPERATURE PROFILE LOCATION,,45.52778,-81.67000
200905001,2009-06-04 10:58:50,CCGS LIMNOS,GEORGIAN BAY,26,453140,-814012,35,35.6,2009-05-11 20:09:00,6,1.00,.00,0.00000000,,0,1.000000,TPL,TEMPERATURE PROFILE LOCATION,,45.52778,-81.67000
200905003,2009-09-29 08:06:17,CCGS LIMNOS,GEORGIAN BAY,1,454547,-814746,46,19,2009-08-10 09:35:00,6,.00,.00,0.00000000,,0,1.000000,TPL,TEMPERATURE PROFILE LOCATION,,45.76306,-81.79611
200905003,2009-09-29 08:06:17,CCGS LIMNOS,GEORGIAN BAY,1,454547,-814746,46,19,2009-08-10 09:35:00,6,1.00,.00,0.00000000,,0,1.000000,TPL,TEMPERATURE PROFILE LOCATION,,45.76306,-81.79611
200905003,2009-09-29 08:06:17,CCGS LIMNOS,GEORGIAN BAY,2,455444,-813542,42,28.1,2009-08-10 11:17:00,6,.00,.00,0.00000000,,0,1.000000,TPL,TEMPERATURE PROFILE LOCATION,,45.91222,-81.59500
200905003,2009-09-29 08:06:17,CCGS LIMNOS,GEORGIAN BAY,2,455444,-813542,42,28.1,2009-08-10 11:17:00,6,1.00,.00,0.00000000,,0,1.000000,TPL,TEMPERATURE PROFILE LOCATION,,45.91222,-81.59500
200905003,2009-09-29 08:06:17,CCGS LIMNOS,GEORGIAN BAY,2,455444,-813542,42,28.1,2009-08-10 11:17:00,6,15.00,.00,0.00000000,,0,2.000000,TPL,TEMPERATURE PROFILE LOCATION,,45.91222,-81.59500
200905003,2009-09-29 08:06:17,CCGS LIMNOS,GEORGIAN BAY,3,454231,-813715,36,50.5,2009-08-10 12:57:00,6,.00,.00,0.00000000,,0,1.000000,TPL,TEMPERATURE PROFILE LOCATION,,45.70861,-81.62083
200905003,2009-09-29 08:06:17,CCGS LIMNOS,GEORGIAN BAY,3,454231,-813715,36,50.5,2009-08-10 12:57:00,6,1.00,.00,0.00000000,,0,1.000000,TPL,TEMPERATURE PROFILE LOCATION,,45.70861,-81.62083
200905003,2009-09-29 08:06:17,CCGS LIMNOS,GEORGIAN BAY,4,455224,-811529,39,25,2009-08-10 15:05:00,6,.00,.00,0.00000000,,0,1.000000,TPL,TEMPERATURE PROFILE LOCATION,,45.87333,-81.25806
200905003,2009-09-29 08:06:17,CCGS LIMNOS,GEORGIAN BAY,4,455224,-811529,39,25,2009-08-10 15:05:00,6,1.00,.00,0.00000000,,0,1.000000,TPL,TEMPERATURE PROFILE LOCATION,,45.87333,-81.25806
200905003,2009-09-29 08:06:17,CCGS LIMNOS,GEORGIAN BAY,5,455159,-810002,27,16.5,2009-08-10 16:22:00,6,.00,.00,0.00000000,,0,1.000000,TPL,TEMPERATURE PROFILE LOCATION,,45.86639,-81.00056
200905003,2009-09-29 08:06:17,CCGS LIMNOS,GEORGIAN BAY,5,455159,-810002,27,16.5,2009-08-10 16:22:00,6,1.00,.00,0.00000000,,0,1.000000,TPL,TEMPERATURE PROFILE LOCATION,,45.86639,-81.00056
200905003,2009-09-29 08:06:17,CCGS LIMNOS,GEORGIAN BAY,5,455159,-810002,27,16.5,2009-08-10 16:22:00,6,1.00,.00,0.00000000,,1,1.000000,TPL,TEMPERATURE PROFILE LOCATION,,45.86639,-81.00056
200905003,2009-09-29 08:06:17,CCGS LIMNOS,GEORGIAN BAY,5,455159,-810002,27,16.5,2009-08-10 16:22:00,6,13.00,.00,0.00000000,,0,1.000000,TPL,TEMPERATURE PROFILE LOCATION,,45.86639,-81.00056
200905003,2009-09-29 08:06:17,CCGS LIMNOS,GEORGIAN BAY,6,454958,-805400,26,25.4,2009-08-10 17:25:00,6,.00,.00,0.00000000,,0,1.000000,TPL,TEMPERATURE PROFILE LOCATION,,45.83278,-80.90000
200905003,2009-09-29 08:06:17,CCGS LIMNOS,GEORGIAN BAY,6,454958,-805400,26,25.4,2009-08-10 17:25:00,6,1.00,.00,0.00000000,,0,1.000000,TPL,TEMPERATURE PROFILE LOCATION,,45.83278,-80.90000
200905003,2009-09-29 08:06:17,CCGS LIMNOS,GEORGIAN BAY,7,454044,-805022,24,40.4,2009-08-10 18:41:00,6,.00,.00,0.00000000,,0,1.000000,TPL,TEMPERATURE PROFILE LOCATION,,45.67889,-80.83944
200905003,2009-09-29 08:06:17,CCGS LIMNOS,GEORGIAN BAY,7,454044,-805022,24,40.4,2009-08-10 18:41:00,6,1.00,.00,0.00000000,,0,1.000000,TPL,TEMPERATURE PROFILE LOCATION,,45.67889,-80.83944
200905003,2009-09-29 08:06:17,CCGS LIMNOS,GEORGIAN BAY,8,453500,-810500,29,43.1,2009-08-10 20:24:00,6,.00,.00,0.00000000,,0,1.000000,TPL,TEMPERATURE PROFILE LOCATION,,45.58333,-81.08333
200905003,2009-09-29 08:06:17,CCGS LIMNOS,GEORGIAN BAY,8,453500,-810500,29,43.1,2009-08-10 20:24:00,6,1.00,.00,0.00000000,,0,1.000000,TPL,TEMPERATURE PROFILE LOCATION,,45.58333,-81.08333
200905003,2009-09-29 08:06:17,CCGS LIMNOS,GEORGIAN BAY,8,453500,-810500,29,43.1,2009-08-10 20:24:00,6,10.00,.00,0.00000000,,0,1.000000,TPL,TEMPERATURE PROFILE LOCATION,,45.58333,-81.08333
200905003,2009-09-29 08:06:17,CCGS LIMNOS,GEORGIAN BAY,8,453500,-810500,29,43.1,2009-08-10 20:24:00,6,16.00,.00,0.00000000,,0,2.000000,TPL,TEMPERATURE PROFILE LOCATION,,45.58333,-81.08333
200905003,2009-09-29 08:06:17,CCGS LIMNOS,GEORGIAN BAY,8,453500,-810500,29,43.1,2009-08-10 20:24:00,6,26.00,.00,0.00000000,,0,3.000000,TPL,TEMPERATURE PROFILE LOCATION,,45.58333,-81.08333
200905003,2009-09-29 08:06:17,CCGS LIMNOS,GEORGIAN BAY,8,453500,-810500,29,43.1,2009-08-10 20:24:00,6,32.00,.00,0.00000000,,0,3.000000,TPL,TEMPERATURE PROFILE LOCATION,,45.58333,-81.08333
200905003,2009-09-29 08:06:17,CCGS LIMNOS,GEORGIAN BAY,8,453500,-810500,29,43.1,2009-08-10 20:24:00,6,40.00,.00,0.00000000,,0,3.000000,TPL,TEMPERATURE PROFILE LOCATION,,45.58333,-81.08333
200905003,2009-09-29 08:06:17,CCGS LIMNOS,GEORGIAN BAY,9,452110,-802911,16,23.1,2009-08-10 23:28:00,6,.00,.00,0.00000000,,0,1.000000,TPL,TEMPERATURE PROFILE LOCATION,,45.35278,-80.48639
200905003,2009-09-29 08:06:17,CCGS LIMNOS,GEORGIAN BAY,9,452110,-802911,16,23.1,2009-08-10 23:28:00,6,1.00,.00,0.00000000,,0,1.000000,TPL,TEMPERATURE PROFILE LOCATION,,45.35278,-80.48639
200905003,2009-09-29 08:06:17,CCGS LIMNOS,GEORGIAN BAY,10,451929,-800701,122,95.7,2009-08-11 01:29:00,6,.00,.00,0.00000000,,0,1.000000,TPL,TEMPERATURE PROFILE LOCATION,,45.32472,-80.11694
200905003,2009-09-29 08:06:17,CCGS LIMNOS,GEORGIAN BAY,10,451929,-800701,122,95.7,2009-08-11 01:29:00,6,1.00,.00,0.00000000,,0,1.000000,TPL,TEMPERATURE PROFILE LOCATION,,45.32472,-80.11694
200905003,2009-09-29 08:06:17,CCGS LIMNOS,GEORGIAN BAY,10,451929,-800701,122,95.7,2009-08-11 01:29:00,6,1.00,.00,0.00000000,,1,1.000000,TPL,TEMPERATURE PROFILE LOCATION,,45.32472,-80.11694
200905003,2009-09-29 08:06:17,CCGS LIMNOS,GEORGIAN BAY,11,451001,-801748,15,44.2,2009-08-11 04:36:00,6,.00,.00,0.00000000,,0,1.000000,TPL,TEMPERATURE PROFILE LOCATION,,45.16694,-80.29667
200905003,2009-09-29 08:06:17,CCGS LIMNOS,GEORGIAN BAY,11,451001,-801748,15,44.2,2009-08-11 04:36:00,6,1.00,.00,0.00000000,,0,1.000000,TPL,TEMPERATURE PROFILE LOCATION,,45.16694,-80.29667
200905003,2009-09-29 08:06:17,CCGS LIMNOS,GEORGIAN BAY,12,445710,-800859,8,50.8,2009-08-11 06:20:00,6,.00,.00,0.00000000,,0,1.000000,TPL,TEMPERATURE PROFILE LOCATION,,44.95278,-80.14972
200905003,2009-09-29 08:06:17,CCGS LIMNOS,GEORGIAN BAY,12,445710,-800859,8,50.8,2009-08-11 06:20:00,6,1.00,.00,0.00000000,,0,1.000000,TPL,TEMPERATURE PROFILE LOCATION,,44.95278,-80.14972
200905003,2009-09-29 08:06:17,CCGS LIMNOS,GEORGIAN BAY,13,445216,-795802,9,28,2009-08-11 07:39:00,6,.00,.00,0.00000000,,0,1.000000,TPL,TEMPERATURE PROFILE LOCATION,,44.87111,-79.96722
200905003,2009-09-29 08:06:17,CCGS LIMNOS,GEORGIAN BAY,13,445216,-795802,9,28,2009-08-11 07:39:00,6,1.00,.00,0.00000000,,0,1.000000,TPL,TEMPERATURE PROFILE LOCATION,,44.87111,-79.96722
200905003,2009-09-29 08:06:17,CCGS LIMNOS,GEORGIAN BAY,13,445216,-795802,9,28,2009-08-11 07:39:00,6,10.00,.00,0.00000000,,0,1.000000,TPL,TEMPERATURE PROFILE LOCATION,,44.87111,-79.96722
200905003,2009-09-29 08:06:17,CCGS LIMNOS,GEORGIAN BAY,13,445216,-795802,9,28,2009-08-11 07:39:00,6,18.50,.00,0.00000000,,0,2.000000,TPL,TEMPERATURE PROFILE LOCATION,,44.87111,-79.96722
200905003,2009-09-29 08:06:17,CCGS LIMNOS,GEORGIAN BAY,13,445216,-795802,9,28,2009-08-11 07:39:00,6,25.00,.00,0.00000000,,0,2.000000,TPL,TEMPERATURE PROFILE LOCATION,,44.87111,-79.96722
200905003,2009-09-29 08:06:17,CCGS LIMNOS,GEORGIAN BAY,14,444748,-801437,5,58.4,2009-08-11 10:10:00,6,.00,.00,0.00000000,,0,1.000000,TPL,TEMPERATURE PROFILE LOCATION,,44.79667,-80.24361
200905003,2009-09-29 08:06:17,CCGS LIMNOS,GEORGIAN BAY,14,444748,-801437,5,58.4,2009-08-11 10:10:00,6,1.00,.00,0.00000000,,0,1.000000,TPL,TEMPERATURE PROFILE LOCATION,,44.79667,-80.24361
200905003,2009-09-29 08:06:17,CCGS LIMNOS,GEORGIAN BAY,15,443842,-801003,4,58.1,2009-08-11 11:22:00,6,.00,.00,0.00000000,,0,1.000000,TPL,TEMPERATURE PROFILE LOCATION,,44.64500,-80.16750
200905003,2009-09-29 08:06:17,CCGS LIMNOS,GEORGIAN BAY,15,443842,-801003,4,58.1,2009-08-11 11:22:00,6,1.00,.00,0.00000000,,0,1.000000,TPL,TEMPERATURE PROFILE LOCATION,,44.64500,-80.16750
200905003,2009-09-29 08:06:17,CCGS LIMNOS,GEORGIAN BAY,15,443842,-801003,4,58.1,2009-08-11 11:22:00,6,1.00,.00,0.00000000,,1,1.000000,TPL,TEMPERATURE PROFILE LOCATION,,44.64500,-80.16750
200905003,2009-09-29 08:06:17,CCGS LIMNOS,GEORGIAN BAY,15,443842,-801003,4,58.1,2009-08-11 11:22:00,6,17.00,.00,0.00000000,,0,1.000000,TPL,TEMPERATURE PROFILE LOCATION,,44.64500,-80.16750
200905003,2009-09-29 08:06:17,CCGS LIMNOS,GEORGIAN BAY,15,443842,-801003,4,58.1,2009-08-11 11:22:00,6,30.00,.00,0.00000000,,0,2.000000,TPL,TEMPERATURE PROFILE LOCATION,,44.64500,-80.16750
200905003,2009-09-29 08:06:17,CCGS LIMNOS,GEORGIAN BAY,15,443842,-801003,4,58.1,2009-08-11 11:22:00,6,44.00,.00,0.00000000,,0,3.000000,TPL,TEMPERATURE PROFILE LOCATION,,44.64500,-80.16750
200905003,2009-09-29 08:06:17,CCGS LIMNOS,GEORGIAN BAY,15,443842,-801003,4,58.1,2009-08-11 11:22:00,6,48.00,.00,0.00000000,,0,3.000000,TPL,TEMPERATURE PROFILE LOCATION,,44.64500,-80.16750
200905003,2009-09-29 08:06:17,CCGS LIMNOS,GEORGIAN BAY,15,443842,-801003,4,58.1,2009-08-11 11:22:00,6,56.00,.00,0.00000000,,0,3.000000,TPL,TEMPERATURE PROFILE LOCATION,,44.64500,-80.16750
200905003,2009-09-29 08:06:17,CCGS LIMNOS,GEORGIAN BAY,16,444413,-802607,6,86.7,2009-08-11 13:08:00,6,.00,.00,0.00000000,,0,1.000000,TPL,TEMPERATURE PROFILE LOCATION,,44.73694,-80.43528
200905003,2009-09-29 08:06:17,CCGS LIMNOS,GEORGIAN BAY,16,444413,-802607,6,86.7,2009-08-11 13:08:00,6,1.00,.00,0.00000000,,0,1.000000,TPL,TEMPERATURE PROFILE LOCATION,,44.73694,-80.43528
200905003,2009-09-29 08:06:17,CCGS LIMNOS,GEORGIAN BAY,17,444333,-803606,3,31.3,2009-08-11 14:06:00,6,.00,.00,0.00000000,,0,1.000000,TPL,TEMPERATURE PROFILE LOCATION,,44.72583,-80.60167
200905003,2009-09-29 08:06:17,CCGS LIMNOS,GEORGIAN BAY,17,444333,-803606,3,31.3,2009-08-11 14:06:00,6,1.00,.00,0.00000000,,0,1.000000,TPL,TEMPERATURE PROFILE LOCATION,,44.72583,-80.60167
200905003,2009-09-29 08:06:17,CCGS LIMNOS,GEORGIAN BAY,18,444303,-805125,1,89.9,2009-08-11 16:04:00,6,.00,.00,0.00000000,,0,1.000000,TPL,TEMPERATURE PROFILE LOCATION,,44.71750,-80.85694
200905003,2009-09-29 08:06:17,CCGS LIMNOS,GEORGIAN BAY,18,444303,-805125,1,89.9,2009-08-11 16:04:00,6,1.00,.00,0.00000000,,0,1.000000,TPL,TEMPERATURE PROFILE LOCATION,,44.71750,-80.85694
200905003,2009-09-29 08:06:17,CCGS LIMNOS,GEORGIAN BAY,18,444303,-805125,1,89.9,2009-08-11 16:04:00,6,5.00,.00,0.00000000,,0,1.000000,TPL,TEMPERATURE PROFILE LOCATION,,44.71750,-80.85694
200905003,2009-09-29 08:06:17,CCGS LIMNOS,GEORGIAN BAY,18,444303,-805125,1,89.9,2009-08-11 16:04:00,6,17.00,.00,0.00000000,,0,2.000000,TPL,TEMPERATURE PROFILE LOCATION,,44.71750,-80.85694
200905003,2009-09-29 08:06:17,CCGS LIMNOS,GEORGIAN BAY,18,444303,-805125,1,89.9,2009-08-11 16:04:00,6,29.00,.00,0.00000000,,0,3.000000,TPL,TEMPERATURE PROFILE LOCATION,,44.71750,-80.85694
200905003,2009-09-29 08:06:17,CCGS LIMNOS,GEORGIAN BAY,18,444303,-805125,1,89.9,2009-08-11 16:04:00,6,79.50,.00,0.00000000,,0,3.000000,TPL,TEMPERATURE PROFILE LOCATION,,44.71750,-80.85694
200905003,2009-09-29 08:06:17,CCGS LIMNOS,GEORGIAN BAY,18,444303,-805125,1,89.9,2009-08-11 16:04:00,6,87.50,.00,0.00000000,,0,3.000000,TPL,TEMPERATURE PROFILE LOCATION,,44.71750,-80.85694
200905003,2009-09-29 08:06:17,CCGS LIMNOS,GEORGIAN BAY,19,445518,-803629,11,59.9,2009-08-11 17:53:00,6,.00,.00,0.00000000,,0,1.000000,TPL,TEMPERATURE PROFILE LOCATION,,44.92167,-80.60806
200905003,2009-09-29 08:06:17,CCGS LIMNOS,GEORGIAN BAY,19,445518,-803629,11,59.9,2009-08-11 17:53:00,6,1.00,.00,0.00000000,,0,1.000000,TPL,TEMPERATURE PROFILE LOCATION,,44.92167,-80.60806
200905003,2009-09-29 08:06:17,CCGS LIMNOS,GEORGIAN BAY,20,445513,-805229,12,88.9,2009-08-11 19:24:00,6,.00,.00,0.00000000,,0,1.000000,TPL,TEMPERATURE PROFILE LOCATION,,44.92028,-80.87472
200905003,2009-09-29 08:06:17,CCGS LIMNOS,GEORGIAN BAY,20,445513,-805229,12,88.9,2009-08-11 19:24:00,6,1.00,.00,0.00000000,,0,1.000000,TPL,TEMPERATURE PROFILE LOCATION,,44.92028,-80.87472
200905003,2009-09-29 08:06:17,CCGS LIMNOS,GEORGIAN BAY,20,445513,-805229,12,88.9,2009-08-11 19:24:00,6,1.00,.00,0.00000000,,1,1.000000,TPL,TEMPERATURE PROFILE LOCATION,,44.92028,-80.87472
200905003,2009-09-29 08:06:17,CCGS LIMNOS,GEORGIAN BAY,21,450401,-811512,19,53.5,2009-08-11 21:41:00,6,.00,.00,0.00000000,,0,1.000000,TPL,TEMPERATURE PROFILE LOCATION,,45.06694,-81.25333
200905003,2009-09-29 08:06:17,CCGS LIMNOS,GEORGIAN BAY,21,450401,-811512,19,53.5,2009-08-11 21:41:00,6,1.00,.00,0.00000000,,0,1.000000,TPL,TEMPERATURE PROFILE LOCATION,,45.06694,-81.25333
200905003,2009-09-29 08:06:17,CCGS LIMNOS,GEORGIAN BAY,22,451439,-805224,17,76.7,2009-08-11 23:56:00,6,.00,.00,0.00000000,,0,1.000000,TPL,TEMPERATURE PROFILE LOCATION,,45.24417,-80.87333
200905003,2009-09-29 08:06:17,CCGS LIMNOS,GEORGIAN BAY,22,451439,-805224,17,76.7,2009-08-11 23:56:00,6,1.00,.00,0.00000000,,0,1.000000,TPL,TEMPERATURE PROFILE LOCATION,,45.24417,-80.87333
200905003,2009-09-29 08:06:17,CCGS LIMNOS,GEORGIAN BAY,22,451439,-805224,17,76.7,2009-08-11 23:56:00,6,17.00,.00,0.00000000,,0,1.000000,TPL,TEMPERATURE PROFILE LOCATION,,45.24417,-80.87333
200905003,2009-09-29 08:06:17,CCGS LIMNOS,GEORGIAN BAY,22,451439,-805224,17,76.7,2009-08-11 23:56:00,6,30.00,.00,0.00000000,,0,2.000000,TPL,TEMPERATURE PROFILE LOCATION,,45.24417,-80.87333
200905003,2009-09-29 08:06:17,CCGS LIMNOS,GEORGIAN BAY,22,451439,-805224,17,76.7,2009-08-11 23:56:00,6,43.00,.00,0.00000000,,0,3.000000,TPL,TEMPERATURE PROFILE LOCATION,,45.24417,-80.87333
200905003,2009-09-29 08:06:17,CCGS LIMNOS,GEORGIAN BAY,22,451439,-805224,17,76.7,2009-08-11 23:56:00,6,67.00,.00,0.00000000,,0,3.000000,TPL,TEMPERATURE PROFILE LOCATION,,45.24417,-80.87333
200905003,2009-09-29 08:06:17,CCGS LIMNOS,GEORGIAN BAY,22,451439,-805224,17,76.7,2009-08-11 23:56:00,6,74.00,.00,0.00000000,,0,3.000000,TPL,TEMPERATURE PROFILE LOCATION,,45.24417,-80.87333
200905003,2009-09-29 08:06:17,CCGS LIMNOS,GEORGIAN BAY,23,452152,-811122,21,87,2009-08-12 02:10:00,6,.00,.00,0.00000000,,0,1.000000,TPL,TEMPERATURE PROFILE LOCATION,,45.36444,-81.18944
200905003,2009-09-29 08:06:17,CCGS LIMNOS,GEORGIAN BAY,23,452152,-811122,21,87,2009-08-12 02:10:00,6,1.00,.00,0.00000000,,0,1.000000,TPL,TEMPERATURE PROFILE LOCATION,,45.36444,-81.18944
200905003,2009-09-29 08:06:17,CCGS LIMNOS,GEORGIAN BAY,24,451418,-812623,31,61.3,2009-08-12 03:55:00,6,.00,.00,0.00000000,,0,1.000000,TPL,TEMPERATURE PROFILE LOCATION,,45.23833,-81.43972
200905003,2009-09-29 08:06:17,CCGS LIMNOS,GEORGIAN BAY,24,451418,-812623,31,61.3,2009-08-12 03:55:00,6,1.00,.00,0.00000000,,0,1.000000,TPL,TEMPERATURE PROFILE LOCATION,,45.23833,-81.43972
200905003,2009-09-29 08:06:17,CCGS LIMNOS,GEORGIAN BAY,25,452212,-813505,33,54.3,2009-08-12 05:09:00,6,.00,.00,0.00000000,,0,1.000000,TPL,TEMPERATURE PROFILE LOCATION,,45.37000,-81.58472
200905003,2009-09-29 08:06:17,CCGS LIMNOS,GEORGIAN BAY,25,452212,-813505,33,54.3,2009-08-12 05:09:00,6,1.00,.00,0.00000000,,0,1.000000,TPL,TEMPERATURE PROFILE LOCATION,,45.37000,-81.58472
200905003,2009-09-29 08:06:17,CCGS LIMNOS,GEORGIAN BAY,25,452212,-813505,33,54.3,2009-08-12 05:09:00,6,1.00,.00,0.00000000,,1,1.000000,TPL,TEMPERATURE PROFILE LOCATION,,45.37000,-81.58472
200905003,2009-09-29 08:06:17,CCGS LIMNOS,GEORGIAN BAY,25,452212,-813505,33,54.3,2009-08-12 05:09:00,6,6.00,.00,0.00000000,,0,1.000000,TPL,TEMPERATURE PROFILE LOCATION,,45.37000,-81.58472
200905003,2009-09-29 08:06:17,CCGS LIMNOS,GEORGIAN BAY,25,452212,-813505,33,54.3,2009-08-12 05:09:00,6,25.00,.00,0.00000000,,0,2.000000,TPL,TEMPERATURE PROFILE LOCATION,,45.37000,-81.58472
200905003,2009-09-29 08:06:17,CCGS LIMNOS,GEORGIAN BAY,25,452212,-813505,33,54.3,2009-08-12 05:09:00,6,43.50,.00,0.00000000,,0,2.000000,TPL,TEMPERATURE PROFILE LOCATION,,45.37000,-81.58472
200905003,2009-09-29 08:06:17,CCGS LIMNOS,GEORGIAN BAY,25,452212,-813505,33,54.3,2009-08-12 05:09:00,6,48.00,.00,0.00000000,,0,3.000000,TPL,TEMPERATURE PROFILE LOCATION,,45.37000,-81.58472
200905003,2009-09-29 08:06:17,CCGS LIMNOS,GEORGIAN BAY,25,452212,-813505,33,54.3,2009-08-12 05:09:00,6,51.50,.00,0.00000000,,0,3.000000,TPL,TEMPERATURE PROFILE LOCATION,,45.37000,-81.58472
200905003,2009-09-29 08:06:17,CCGS LIMNOS,GEORGIAN BAY,26,453138,-814010,35,36.7,2009-08-12 06:50:00,6,.00,.00,0.00000000,,0,1.000000,TPL,TEMPERATURE PROFILE LOCATION,,45.52722,-81.66944
200905003,2009-09-29 08:06:17,CCGS LIMNOS,GEORGIAN BAY,26,453138,-814010,35,36.7,2009-08-12 06:50:00,6,1.00,.00,0.00000000,,0,1.000000,TPL,TEMPERATURE PROFILE LOCATION,,45.52722,-81.66944
200905001,2009-06-04 10:58:50,CCGS LIMNOS,GEORGIAN BAY,8,453501,-810539,29,42.4,2009-05-10 11:49:00,30,.00,.00,0.00000000,,0,15.000000,SECCHI,SECCHI DISC DEPTH,METRE,45.58361,-81.09417
200905001,2009-06-04 10:58:50,CCGS LIMNOS,GEORGIAN BAY,9,452116,-802913,16,22.8,2009-05-10 14:55:00,30,.00,.00,0.00000000,,0,13.000000,SECCHI,SECCHI DISC DEPTH,METRE,45.35444,-80.48694
200905001,2009-06-04 10:58:50,CCGS LIMNOS,GEORGIAN BAY,10,451934,-800658,122,89.2,2009-05-10 16:56:00,30,.00,.00,0.00000000,,0,6.000000,SECCHI,SECCHI DISC DEPTH,METRE,45.32611,-80.11611
200905001,2009-06-04 10:58:50,CCGS LIMNOS,GEORGIAN BAY,11,451000,-801747,15,46.1,2009-05-10 20:00:00,30,.00,.00,0.00000000,,0,13.000000,SECCHI,SECCHI DISC DEPTH,METRE,45.16667,-80.29639
200905001,2009-06-04 10:58:50,CCGS LIMNOS,GEORGIAN BAY,12,445708,-800901,8,48.3,2009-05-10 21:41:00,30,.00,.00,0.00000000,,0,16.000000,SECCHI,SECCHI DISC DEPTH,METRE,44.95222,-80.15028
200905001,2009-06-04 10:58:50,CCGS LIMNOS,GEORGIAN BAY,13,445220,-795807,9,28.9,2009-05-10 22:51:00,30,.00,.00,0.00000000,,0,5.500000,SECCHI,SECCHI DISC DEPTH,METRE,44.87222,-79.96861
200905001,2009-06-04 10:58:50,CCGS LIMNOS,GEORGIAN BAY,21,450359,-811512,19,53,2009-05-11 11:35:00,30,.00,.00,0.00000000,,0,16.000000,SECCHI,SECCHI DISC DEPTH,METRE,45.06639,-81.25333
200905001,2009-06-04 10:58:50,CCGS LIMNOS,GEORGIAN BAY,22,451442,-805232,17,78,2009-05-11 13:44:00,30,.00,.00,0.00000000,,0,18.000000,SECCHI,SECCHI DISC DEPTH,METRE,45.24500,-80.87556
200905001,2009-06-04 10:58:50,CCGS LIMNOS,GEORGIAN BAY,23,452153,-811124,21,86.4,2009-05-11 15:38:00,30,.00,.00,0.00000000,,0,19.000000,SECCHI,SECCHI DISC DEPTH,METRE,45.36472,-81.19000
200905001,2009-06-04 10:58:50,CCGS LIMNOS,GEORGIAN BAY,24,451417,-812625,31,58.9,2009-05-11 17:18:00,30,.00,.00,0.00000000,,0,16.000000,SECCHI,SECCHI DISC DEPTH,METRE,45.23806,-81.44028
200905001,2009-06-04 10:58:50,CCGS LIMNOS,GEORGIAN BAY,25,452213,-813507,33,53.3,2009-05-11 18:51:00,30,.00,.00,0.00000000,,0,16.000000,SECCHI,SECCHI DISC DEPTH,METRE,45.37028,-81.58528
200905001,2009-06-04 10:58:50,CCGS LIMNOS,GEORGIAN BAY,26,453140,-814012,35,35.6,2009-05-11 20:09:00,30,.00,.00,0.00000000,,0,12.000000,SECCHI,SECCHI DISC DEPTH,METRE,45.52778,-81.67000
200905003,2009-09-29 08:06:17,CCGS LIMNOS,GEORGIAN BAY,3,454231,-813715,36,50.5,2009-08-10 12:57:00,30,.00,.00,0.00000000,,0,9.500000,SECCHI,SECCHI DISC DEPTH,METRE,45.70861,-81.62083
200905003,2009-09-29 08:06:17,CCGS LIMNOS,GEORGIAN BAY,4,455224,-811529,39,25,2009-08-10 15:05:00,30,.00,.00,0.00000000,,0,5.000000,SECCHI,SECCHI DISC DEPTH,METRE,45.87333,-81.25806
200905003,2009-09-29 08:06:17,CCGS LIMNOS,GEORGIAN BAY,5,455159,-810002,27,16.5,2009-08-10 16:22:00,30,.00,.00,0.00000000,,0,16.000000,SECCHI,SECCHI DISC DEPTH,METRE,45.86639,-81.00056
200905003,2009-09-29 08:06:17,CCGS LIMNOS,GEORGIAN BAY,6,454958,-805400,26,25.4,2009-08-10 17:25:00,30,.00,.00,0.00000000,,0,12.000000,SECCHI,SECCHI DISC DEPTH,METRE,45.83278,-80.90000
200905003,2009-09-29 08:06:17,CCGS LIMNOS,GEORGIAN BAY,7,454044,-805022,24,40.4,2009-08-10 18:41:00,30,.00,.00,0.00000000,,0,10.000000,SECCHI,SECCHI DISC DEPTH,METRE,45.67889,-80.83944
200905003,2009-09-29 08:06:17,CCGS LIMNOS,GEORGIAN BAY,8,453500,-810500,29,43.1,2009-08-10 20:24:00,30,.00,.00,0.00000000,,0,15.000000,SECCHI,SECCHI DISC DEPTH,METRE,45.58333,-81.08333
200905003,2009-09-29 08:06:17,CCGS LIMNOS,GEORGIAN BAY,9,452110,-802911,16,23.1,2009-08-10 23:28:00,30,.00,.00,0.00000000,,0,10.000000,SECCHI,SECCHI DISC DEPTH,METRE,45.35278,-80.48639
200905003,2009-09-29 08:06:17,CCGS LIMNOS,GEORGIAN BAY,16,444413,-802607,6,86.7,2009-08-11 13:08:00,30,.00,.00,0.00000000,,0,10.500000,SECCHI,SECCHI DISC DEPTH,METRE,44.73694,-80.43528
200905003,2009-09-29 08:06:17,CCGS LIMNOS,GEORGIAN BAY,17,444333,-803606,3,31.3,2009-08-11 14:06:00,30,.00,.00,0.00000000,,0,11.500000,SECCHI,SECCHI DISC DEPTH,METRE,44.72583,-80.60167
200905003,2009-09-29 08:06:17,CCGS LIMNOS,GEORGIAN BAY,19,445518,-803629,11,59.9,2009-08-11 17:53:00,30,.00,.00,0.00000000,,0,14.000000,SECCHI,SECCHI DISC DEPTH,METRE,44.92167,-80.60806
200905003,2009-09-29 08:06:17,CCGS LIMNOS,GEORGIAN BAY,20,445513,-805229,12,88.9,2009-08-11 19:24:00,30,.00,.00,0.00000000,,0,9.000000,SECCHI,SECCHI DISC DEPTH,METRE,44.92028,-80.87472
200905003,2009-09-29 08:06:17,CCGS LIMNOS,GEORGIAN BAY,21,450401,-811512,19,53.5,2009-08-11 21:41:00,30,.00,.00,0.00000000,,0,14.500000,SECCHI,SECCHI DISC DEPTH,METRE,45.06694,-81.25333
200905001,2009-06-04 10:58:50,CCGS LIMNOS,GEORGIAN BAY,1,454544,-814801,46,19.9,2009-05-10 01:42:00,100,.00,.00,0.00000000,,0,5.600000,TEMP,TEMPERATURE (OF WATER),DEG C,45.76222,-81.80028
200905001,2009-06-04 10:58:50,CCGS LIMNOS,GEORGIAN BAY,2,455446,-813545,42,27.4,2009-05-10 03:27:00,100,.00,.00,0.00000000,,0,6.100000,TEMP,TEMPERATURE (OF WATER),DEG C,45.91278,-81.59583
200905001,2009-06-04 10:58:50,CCGS LIMNOS,GEORGIAN BAY,3,454228,-813713,36,53.6,2009-05-10 05:01:00,100,.00,.00,0.00000000,,0,4.000000,TEMP,TEMPERATURE (OF WATER),DEG C,45.70778,-81.62028
200905001,2009-06-04 10:58:50,CCGS LIMNOS,GEORGIAN BAY,4,455223,-811529,39,27.3,2009-05-10 07:09:00,100,.00,.00,0.00000000,,0,5.000000,TEMP,TEMPERATURE (OF WATER),DEG C,45.87306,-81.25806
200905001,2009-06-04 10:58:50,CCGS LIMNOS,GEORGIAN BAY,5,455200,-805958,27,18.9,2009-05-10 08:36:00,100,.00,.00,0.00000000,,0,5.200000,TEMP,TEMPERATURE (OF WATER),DEG C,45.86667,-80.99944
200905001,2009-06-04 10:58:50,CCGS LIMNOS,GEORGIAN BAY,6,455003,-805355,26,25.3,2009-05-10 09:15:00,100,.00,.00,0.00000000,,0,6.400000,TEMP,TEMPERATURE (OF WATER),DEG C,45.83417,-80.89861
200905001,2009-06-04 10:58:50,CCGS LIMNOS,GEORGIAN BAY,7,454044,-805022,24,40,2009-05-10 10:26:00,100,.00,.00,0.00000000,,0,3.200000,TEMP,TEMPERATURE (OF WATER),DEG C,45.67889,-80.83944
200905001,2009-06-04 10:58:50,CCGS LIMNOS,GEORGIAN BAY,8,453501,-810539,29,42.4,2009-05-10 11:49:00,100,.00,.00,0.00000000,,0,2.500000,TEMP,TEMPERATURE (OF WATER),DEG C,45.58361,-81.09417
200905001,2009-06-04 10:58:50,CCGS LIMNOS,GEORGIAN BAY,9,452116,-802913,16,22.8,2009-05-10 14:55:00,100,.00,.00,0.00000000,,0,6.100000,TEMP,TEMPERATURE (OF WATER),DEG C,45.35444,-80.48694
200905001,2009-06-04 10:58:50,CCGS LIMNOS,GEORGIAN BAY,10,451934,-800658,122,89.2,2009-05-10 16:56:00,100,.00,.00,0.00000000,,0,6.500000,TEMP,TEMPERATURE (OF WATER),DEG C,45.32611,-80.11611
200905001,2009-06-04 10:58:50,CCGS LIMNOS,GEORGIAN BAY,11,451000,-801747,15,46.1,2009-05-10 20:00:00,100,.00,.00,0.00000000,,0,3.300000,TEMP,TEMPERATURE (OF WATER),DEG C,45.16667,-80.29639
200905001,2009-06-04 10:58:50,CCGS LIMNOS,GEORGIAN BAY,12,445708,-800901,8,48.3,2009-05-10 21:41:00,100,.00,.00,0.00000000,,0,3.500000,TEMP,TEMPERATURE (OF WATER),DEG C,44.95222,-80.15028
200905001,2009-06-04 10:58:50,CCGS LIMNOS,GEORGIAN BAY,13,445220,-795807,9,28.9,2009-05-10 22:51:00,100,.00,.00,0.00000000,,0,8.700000,TEMP,TEMPERATURE (OF WATER),DEG C,44.87222,-79.96861
200905001,2009-06-04 10:58:50,CCGS LIMNOS,GEORGIAN BAY,14,444748,-801434,5,54.9,2009-05-11 00:36:00,100,.00,.00,0.00000000,,0,3.400000,TEMP,TEMPERATURE (OF WATER),DEG C,44.79667,-80.24278
200905001,2009-06-04 10:58:50,CCGS LIMNOS,GEORGIAN BAY,15,443847,-801003,4,57.5,2009-05-11 01:46:00,100,.00,.00,0.00000000,,0,3.000000,TEMP,TEMPERATURE (OF WATER),DEG C,44.64639,-80.16750
200905001,2009-06-04 10:58:50,CCGS LIMNOS,GEORGIAN BAY,16,444411,-802604,6,86.7,2009-05-11 03:20:00,100,.00,.00,0.00000000,,0,2.100000,TEMP,TEMPERATURE (OF WATER),DEG C,44.73639,-80.43444
200905001,2009-06-04 10:58:50,CCGS LIMNOS,GEORGIAN BAY,17,444400,-803600,3,30.7,2009-05-11 04:23:00,100,.00,.00,0.00000000,,0,3.500000,TEMP,TEMPERATURE (OF WATER),DEG C,44.73333,-80.60000
200905001,2009-06-04 10:58:50,CCGS LIMNOS,GEORGIAN BAY,18,444302,-805124,1,88.7,2009-05-11 05:59:00,100,.00,.00,0.00000000,,0,2.500000,TEMP,TEMPERATURE (OF WATER),DEG C,44.71722,-80.85667
200905001,2009-06-04 10:58:50,CCGS LIMNOS,GEORGIAN BAY,19,445516,-803621,11,63,2009-05-11 07:53:00,100,.00,.00,0.00000000,,0,2.500000,TEMP,TEMPERATURE (OF WATER),DEG C,44.92111,-80.60583
200905001,2009-06-04 10:58:50,CCGS LIMNOS,GEORGIAN BAY,20,445508,-805232,12,88.5,2009-05-11 09:24:00,100,.00,.00,0.00000000,,0,2.100000,TEMP,TEMPERATURE (OF WATER),DEG C,44.91889,-80.87556
200905001,2009-06-04 10:58:50,CCGS LIMNOS,GEORGIAN BAY,21,450359,-811512,19,53,2009-05-11 11:35:00,100,.00,.00,0.00000000,,0,1.900000,TEMP,TEMPERATURE (OF WATER),DEG C,45.06639,-81.25333
200905001,2009-06-04 10:58:50,CCGS LIMNOS,GEORGIAN BAY,22,451442,-805232,17,78,2009-05-11 13:44:00,100,.00,.00,0.00000000,,0,2.000000,TEMP,TEMPERATURE (OF WATER),DEG C,45.24500,-80.87556
200905001,2009-06-04 10:58:50,CCGS LIMNOS,GEORGIAN BAY,23,452153,-811124,21,86.4,2009-05-11 15:38:00,100,.00,.00,0.00000000,,0,1.900000,TEMP,TEMPERATURE (OF WATER),DEG C,45.36472,-81.19000
200905001,2009-06-04 10:58:50,CCGS LIMNOS,GEORGIAN BAY,24,451417,-812625,31,58.9,2009-05-11 17:18:00,100,.00,.00,0.00000000,,0,2.500000,TEMP,TEMPERATURE (OF WATER),DEG C,45.23806,-81.44028
200905001,2009-06-04 10:58:50,CCGS LIMNOS,GEORGIAN BAY,25,452213,-813507,33,53.3,2009-05-11 18:51:00,100,.00,.00,0.00000000,,0,4.000000,TEMP,TEMPERATURE (OF WATER),DEG C,45.37028,-81.58528
200905001,2009-06-04 10:58:50,CCGS LIMNOS,GEORGIAN BAY,26,453140,-814012,35,35.6,2009-05-11 20:09:00,100,.00,.00,0.00000000,,0,3.000000,TEMP,TEMPERATURE (OF WATER),DEG C,45.52778,-81.67000
200905003,2009-09-29 08:06:17,CCGS LIMNOS,GEORGIAN BAY,1,454547,-814746,46,19,2009-08-10 09:35:00,100,.00,.00,0.00000000,,0,16.900000,TEMP,TEMPERATURE (OF WATER),DEG C,45.76306,-81.79611
200905003,2009-09-29 08:06:17,CCGS LIMNOS,GEORGIAN BAY,2,455444,-813542,42,28.1,2009-08-10 11:17:00,100,.00,.00,0.00000000,,0,16.700000,TEMP,TEMPERATURE (OF WATER),DEG C,45.91222,-81.59500
200905003,2009-09-29 08:06:17,CCGS LIMNOS,GEORGIAN BAY,3,454231,-813715,36,50.5,2009-08-10 12:57:00,100,.00,.00,0.00000000,,0,17.300000,TEMP,TEMPERATURE (OF WATER),DEG C,45.70861,-81.62083
200905003,2009-09-29 08:06:17,CCGS LIMNOS,GEORGIAN BAY,4,455224,-811529,39,25,2009-08-10 15:05:00,100,.00,.00,0.00000000,,0,17.800000,TEMP,TEMPERATURE (OF WATER),DEG C,45.87333,-81.25806
200905003,2009-09-29 08:06:17,CCGS LIMNOS,GEORGIAN BAY,5,455159,-810002,27,16.5,2009-08-10 16:22:00,100,.00,.00,0.00000000,,0,17.500000,TEMP,TEMPERATURE (OF WATER),DEG C,45.86639,-81.00056
200905003,2009-09-29 08:06:17,CCGS LIMNOS,GEORGIAN BAY,6,454958,-805400,26,25.4,2009-08-10 17:25:00,100,.00,.00,0.00000000,,0,17.500000,TEMP,TEMPERATURE (OF WATER),DEG C,45.83278,-80.90000
200905003,2009-09-29 08:06:17,CCGS LIMNOS,GEORGIAN BAY,7,454044,-805022,24,40.4,2009-08-10 18:41:00,100,.00,.00,0.00000000,,0,18.000000,TEMP,TEMPERATURE (OF WATER),DEG C,45.67889,-80.83944
200905003,2009-09-29 08:06:17,CCGS LIMNOS,GEORGIAN BAY,8,453500,-810500,29,43.1,2009-08-10 20:24:00,100,.00,.00,0.00000000,,0,17.500000,TEMP,TEMPERATURE (OF WATER),DEG C,45.58333,-81.08333
200905003,2009-09-29 08:06:17,CCGS LIMNOS,GEORGIAN BAY,9,452110,-802911,16,23.1,2009-08-10 23:28:00,100,.00,.00,0.00000000,,0,18.600000,TEMP,TEMPERATURE (OF WATER),DEG C,45.35278,-80.48639
200905003,2009-09-29 08:06:17,CCGS LIMNOS,GEORGIAN BAY,10,451929,-800701,122,95.7,2009-08-11 01:29:00,100,.00,.00,0.00000000,,0,21.400000,TEMP,TEMPERATURE (OF WATER),DEG C,45.32472,-80.11694
200905003,2009-09-29 08:06:17,CCGS LIMNOS,GEORGIAN BAY,11,451001,-801748,15,44.2,2009-08-11 04:36:00,100,.00,.00,0.00000000,,0,19.000000,TEMP,TEMPERATURE (OF WATER),DEG C,45.16694,-80.29667
200905003,2009-09-29 08:06:17,CCGS LIMNOS,GEORGIAN BAY,12,445710,-800859,8,50.8,2009-08-11 06:20:00,100,.00,.00,0.00000000,,0,19.000000,TEMP,TEMPERATURE (OF WATER),DEG C,44.95278,-80.14972
200905003,2009-09-29 08:06:17,CCGS LIMNOS,GEORGIAN BAY,13,445216,-795802,9,28,2009-08-11 07:39:00,100,.00,.00,0.00000000,,0,20.000000,TEMP,TEMPERATURE (OF WATER),DEG C,44.87111,-79.96722
200905003,2009-09-29 08:06:17,CCGS LIMNOS,GEORGIAN BAY,14,444748,-801437,5,58.4,2009-08-11 10:10:00,100,.00,.00,0.00000000,,0,20.000000,TEMP,TEMPERATURE (OF WATER),DEG C,44.79667,-80.24361
200905003,2009-09-29 08:06:17,CCGS LIMNOS,GEORGIAN BAY,15,443842,-801003,4,58.1,2009-08-11 11:22:00,100,.00,.00,0.00000000,,0,20.000000,TEMP,TEMPERATURE (OF WATER),DEG C,44.64500,-80.16750
200905003,2009-09-29 08:06:17,CCGS LIMNOS,GEORGIAN BAY,16,444413,-802607,6,86.7,2009-08-11 13:08:00,100,.00,.00,0.00000000,,0,19.300000,TEMP,TEMPERATURE (OF WATER),DEG C,44.73694,-80.43528
200905003,2009-09-29 08:06:17,CCGS LIMNOS,GEORGIAN BAY,17,444333,-803606,3,31.3,2009-08-11 14:06:00,100,.00,.00,0.00000000,,0,19.400000,TEMP,TEMPERATURE (OF WATER),DEG C,44.72583,-80.60167
200905003,2009-09-29 08:06:17,CCGS LIMNOS,GEORGIAN BAY,18,444303,-805125,1,89.9,2009-08-11 16:04:00,100,.00,.00,0.00000000,,0,20.000000,TEMP,TEMPERATURE (OF WATER),DEG C,44.71750,-80.85694
200905003,2009-09-29 08:06:17,CCGS LIMNOS,GEORGIAN BAY,19,445518,-803629,11,59.9,2009-08-11 17:53:00,100,.00,.00,0.00000000,,0,18.500000,TEMP,TEMPERATURE (OF WATER),DEG C,44.92167,-80.60806
200905003,2009-09-29 08:06:17,CCGS LIMNOS,GEORGIAN BAY,20,445513,-805229,12,88.9,2009-08-11 19:24:00,100,.00,.00,0.00000000,,0,18.000000,TEMP,TEMPERATURE (OF WATER),DEG C,44.92028,-80.87472
200905003,2009-09-29 08:06:17,CCGS LIMNOS,GEORGIAN BAY,21,450401,-811512,19,53.5,2009-08-11 21:41:00,100,.00,.00,0.00000000,,0,18.500000,TEMP,TEMPERATURE (OF WATER),DEG C,45.06694,-81.25333
200905003,2009-09-29 08:06:17,CCGS LIMNOS,GEORGIAN BAY,22,451439,-805224,17,76.7,2009-08-11 23:56:00,100,.00,.00,0.00000000,,0,18.190000,TEMP,TEMPERATURE (OF WATER),DEG C,45.24417,-80.87333
200905003,2009-09-29 08:06:17,CCGS LIMNOS,GEORGIAN BAY,23,452152,-811122,21,87,2009-08-12 02:10:00,100,.00,.00,0.00000000,,0,18.000000,TEMP,TEMPERATURE (OF WATER),DEG C,45.36444,-81.18944
200905003,2009-09-29 08:06:17,CCGS LIMNOS,GEORGIAN BAY,24,451418,-812623,31,61.3,2009-08-12 03:55:00,100,.00,.00,0.00000000,,0,18.300000,TEMP,TEMPERATURE (OF WATER),DEG C,45.23833,-81.43972
200905003,2009-09-29 08:06:17,CCGS LIMNOS,GEORGIAN BAY,25,452212,-813505,33,54.3,2009-08-12 05:09:00,100,.00,.00,0.00000000,,0,15.500000,TEMP,TEMPERATURE (OF WATER),DEG C,45.37000,-81.58472
200905003,2009-09-29 08:06:17,CCGS LIMNOS,GEORGIAN BAY,26,453138,-814010,35,36.7,2009-08-12 06:50:00,100,.00,.00,0.00000000,,0,15.500000,TEMP,TEMPERATURE (OF WATER),DEG C,45.52722,-81.66944
200905001,2009-06-04 10:58:50,CCGS LIMNOS,GEORGIAN BAY,1,454544,-814801,46,19.9,2009-05-10 01:42:00,104,1.00,.00,0.00000000,,0,5.760000,T EBT,TEMPERATURE EBT,DEG C,45.76222,-81.80028
200905001,2009-06-04 10:58:50,CCGS LIMNOS,GEORGIAN BAY,2,455446,-813545,42,27.4,2009-05-10 03:27:00,104,1.00,.00,0.00000000,,0,6.300000,T EBT,TEMPERATURE EBT,DEG C,45.91278,-81.59583
200905001,2009-06-04 10:58:50,CCGS LIMNOS,GEORGIAN BAY,3,454228,-813713,36,53.6,2009-05-10 05:01:00,104,1.00,.00,0.00000000,,0,4.140000,T EBT,TEMPERATURE EBT,DEG C,45.70778,-81.62028
200905001,2009-06-04 10:58:50,CCGS LIMNOS,GEORGIAN BAY,4,455223,-811529,39,27.3,2009-05-10 07:09:00,104,1.00,.00,0.00000000,,0,4.740000,T EBT,TEMPERATURE EBT,DEG C,45.87306,-81.25806
200905001,2009-06-04 10:58:50,CCGS LIMNOS,GEORGIAN BAY,5,455200,-805958,27,18.9,2009-05-10 08:36:00,104,1.00,.00,0.00000000,,0,6.990000,T EBT,TEMPERATURE EBT,DEG C,45.86667,-80.99944
200905001,2009-06-04 10:58:50,CCGS LIMNOS,GEORGIAN BAY,5,455200,-805958,27,18.9,2009-05-10 08:36:00,104,1.00,.00,0.00000000,,1,6.990000,T EBT,TEMPERATURE EBT,DEG C,45.86667,-80.99944
200905001,2009-06-04 10:58:50,CCGS LIMNOS,GEORGIAN BAY,6,455003,-805355,26,25.3,2009-05-10 09:15:00,104,1.00,.00,0.00000000,,0,6.710000,T EBT,TEMPERATURE EBT,DEG C,45.83417,-80.89861
200905001,2009-06-04 10:58:50,CCGS LIMNOS,GEORGIAN BAY,7,454044,-805022,24,40,2009-05-10 10:26:00,104,1.00,.00,0.00000000,,0,3.330000,T EBT,TEMPERATURE EBT,DEG C,45.67889,-80.83944
200905001,2009-06-04 10:58:50,CCGS LIMNOS,GEORGIAN BAY,8,453501,-810539,29,42.4,2009-05-10 11:49:00,104,1.00,.00,0.00000000,,0,2.740000,T EBT,TEMPERATURE EBT,DEG C,45.58361,-81.09417
200905001,2009-06-04 10:58:50,CCGS LIMNOS,GEORGIAN BAY,9,452116,-802913,16,22.8,2009-05-10 14:55:00,104,1.00,.00,0.00000000,,0,6.010000,T EBT,TEMPERATURE EBT,DEG C,45.35444,-80.48694
200905001,2009-06-04 10:58:50,CCGS LIMNOS,GEORGIAN BAY,10,451934,-800658,122,89.2,2009-05-10 16:56:00,104,1.00,.00,0.00000000,,0,6.730000,T EBT,TEMPERATURE EBT,DEG C,45.32611,-80.11611
200905001,2009-06-04 10:58:50,CCGS LIMNOS,GEORGIAN BAY,10,451934,-800658,122,89.2,2009-05-10 16:56:00,104,1.00,.00,0.00000000,,1,6.730000,T EBT,TEMPERATURE EBT,DEG C,45.32611,-80.11611
200905001,2009-06-04 10:58:50,CCGS LIMNOS,GEORGIAN BAY,11,451000,-801747,15,46.1,2009-05-10 20:00:00,104,1.00,.00,0.00000000,,0,3.420000,T EBT,TEMPERATURE EBT,DEG C,45.16667,-80.29639
200905001,2009-06-04 10:58:50,CCGS LIMNOS,GEORGIAN BAY,12,445708,-800901,8,48.3,2009-05-10 21:41:00,104,1.00,.00,0.00000000,,0,3.660000,T EBT,TEMPERATURE EBT,DEG C,44.95222,-80.15028
200905001,2009-06-04 10:58:50,CCGS LIMNOS,GEORGIAN BAY,13,445220,-795807,9,28.9,2009-05-10 22:51:00,104,1.00,.00,0.00000000,,0,8.830000,T EBT,TEMPERATURE EBT,DEG C,44.87222,-79.96861
200905001,2009-06-04 10:58:50,CCGS LIMNOS,GEORGIAN BAY,14,444748,-801434,5,54.9,2009-05-11 00:36:00,104,1.00,.00,0.00000000,,0,3.510000,T EBT,TEMPERATURE EBT,DEG C,44.79667,-80.24278
200905001,2009-06-04 10:58:50,CCGS LIMNOS,GEORGIAN BAY,15,443847,-801003,4,57.5,2009-05-11 01:46:00,104,1.00,.00,0.00000000,,0,3.130000,T EBT,TEMPERATURE EBT,DEG C,44.64639,-80.16750
200905001,2009-06-04 10:58:50,CCGS LIMNOS,GEORGIAN BAY,15,443847,-801003,4,57.5,2009-05-11 01:46:00,104,1.00,.00,0.00000000,,1,3.130000,T EBT,TEMPERATURE EBT,DEG C,44.64639,-80.16750
200905001,2009-06-04 10:58:50,CCGS LIMNOS,GEORGIAN BAY,16,444411,-802604,6,86.7,2009-05-11 03:20:00,104,1.00,.00,0.00000000,,0,2.330000,T EBT,TEMPERATURE EBT,DEG C,44.73639,-80.43444
200905001,2009-06-04 10:58:50,CCGS LIMNOS,GEORGIAN BAY,17,444400,-803600,3,30.7,2009-05-11 04:23:00,104,1.00,.00,0.00000000,,0,3.250000,T EBT,TEMPERATURE EBT,DEG C,44.73333,-80.60000
200905001,2009-06-04 10:58:50,CCGS LIMNOS,GEORGIAN BAY,18,444302,-805124,1,88.7,2009-05-11 05:59:00,104,1.00,.00,0.00000000,,0,2.650000,T EBT,TEMPERATURE EBT,DEG C,44.71722,-80.85667
200905001,2009-06-04 10:58:50,CCGS LIMNOS,GEORGIAN BAY,19,445516,-803621,11,63,2009-05-11 07:53:00,104,1.00,.00,0.00000000,,0,2.370000,T EBT,TEMPERATURE EBT,DEG C,44.92111,-80.60583
200905001,2009-06-04 10:58:50,CCGS LIMNOS,GEORGIAN BAY,20,445508,-805232,12,88.5,2009-05-11 09:24:00,104,1.00,.00,0.00000000,,0,2.280000,T EBT,TEMPERATURE EBT,DEG C,44.91889,-80.87556
200905001,2009-06-04 10:58:50,CCGS LIMNOS,GEORGIAN BAY,20,445508,-805232,12,88.5,2009-05-11 09:24:00,104,1.00,.00,0.00000000,,1,2.280000,T EBT,TEMPERATURE EBT,DEG C,44.91889,-80.87556
200905001,2009-06-04 10:58:50,CCGS LIMNOS,GEORGIAN BAY,21,450359,-811512,19,53,2009-05-11 11:35:00,104,1.00,.00,0.00000000,,0,2.090000,T EBT,TEMPERATURE EBT,DEG C,45.06639,-81.25333
200905001,2009-06-04 10:58:50,CCGS LIMNOS,GEORGIAN BAY,22,451442,-805232,17,78,2009-05-11 13:44:00,104,1.00,.00,0.00000000,,0,2.090000,T EBT,TEMPERATURE EBT,DEG C,45.24500,-80.87556
200905001,2009-06-04 10:58:50,CCGS LIMNOS,GEORGIAN BAY,23,452153,-811124,21,86.4,2009-05-11 15:38:00,104,1.00,.00,0.00000000,,0,1.960000,T EBT,TEMPERATURE EBT,DEG C,45.36472,-81.19000
200905001,2009-06-04 10:58:50,CCGS LIMNOS,GEORGIAN BAY,24,451417,-812625,31,58.9,2009-05-11 17:18:00,104,1.00,.00,0.00000000,,0,2.250000,T EBT,TEMPERATURE EBT,DEG C,45.23806,-81.44028
200905001,2009-06-04 10:58:50,CCGS LIMNOS,GEORGIAN BAY,25,452213,-813507,33,53.3,2009-05-11 18:51:00,104,1.00,.00,0.00000000,,0,3.610000,T EBT,TEMPERATURE EBT,DEG C,45.37028,-81.58528
200905001,2009-06-04 10:58:50,CCGS LIMNOS,GEORGIAN BAY,25,452213,-813507,33,53.3,2009-05-11 18:51:00,104,1.00,.00,0.00000000,,1,3.610000,T EBT,TEMPERATURE EBT,DEG C,45.37028,-81.58528
200905001,2009-06-04 10:58:50,CCGS LIMNOS,GEORGIAN BAY,26,453140,-814012,35,35.6,2009-05-11 20:09:00,104,1.00,.00,0.00000000,,0,3.180000,T EBT,TEMPERATURE EBT,DEG C,45.52778,-81.67000
200905003,2009-09-29 08:06:17,CCGS LIMNOS,GEORGIAN BAY,1,454547,-814746,46,19,2009-08-10 09:35:00,104,1.00,.00,0.00000000,,0,16.530000,T EBT,TEMPERATURE EBT,DEG C,45.76306,-81.79611
200905003,2009-09-29 08:06:17,CCGS LIMNOS,GEORGIAN BAY,2,455444,-813542,42,28.1,2009-08-10 11:17:00,104,1.00,.00,0.00000000,,0,16.780000,T EBT,TEMPERATURE EBT,DEG C,45.91222,-81.59500
200905003,2009-09-29 08:06:17,CCGS LIMNOS,GEORGIAN BAY,2,455444,-813542,42,28.1,2009-08-10 11:17:00,104,15.00,.00,0.00000000,,0,15.000000,T EBT,TEMPERATURE EBT,DEG C,45.91222,-81.59500
200905003,2009-09-29 08:06:17,CCGS LIMNOS,GEORGIAN BAY,3,454231,-813715,36,50.5,2009-08-10 12:57:00,104,1.00,.00,0.00000000,,0,16.570000,T EBT,TEMPERATURE EBT,DEG C,45.70861,-81.62083
200905003,2009-09-29 08:06:17,CCGS LIMNOS,GEORGIAN BAY,4,455224,-811529,39,25,2009-08-10 15:05:00,104,1.00,.00,0.00000000,,0,17.310000,T EBT,TEMPERATURE EBT,DEG C,45.87333,-81.25806
200905003,2009-09-29 08:06:17,CCGS LIMNOS,GEORGIAN BAY,5,455159,-810002,27,16.5,2009-08-10 16:22:00,104,1.00,.00,0.00000000,,0,17.300000,T EBT,TEMPERATURE EBT,DEG C,45.86639,-81.00056
200905003,2009-09-29 08:06:17,CCGS LIMNOS,GEORGIAN BAY,5,455159,-810002,27,16.5,2009-08-10 16:22:00,104,1.00,.00,0.00000000,,1,17.300000,T EBT,TEMPERATURE EBT,DEG C,45.86639,-81.00056
200905003,2009-09-29 08:06:17,CCGS LIMNOS,GEORGIAN BAY,5,455159,-810002,27,16.5,2009-08-10 16:22:00,104,13.00,.00,0.00000000,,0,16.670000,T EBT,TEMPERATURE EBT,DEG C,45.86639,-81.00056
200905003,2009-09-29 08:06:17,CCGS LIMNOS,GEORGIAN BAY,6,454958,-805400,26,25.4,2009-08-10 17:25:00,104,1.00,.00,0.00000000,,0,17.360000,T EBT,TEMPERATURE EBT,DEG C,45.83278,-80.90000
200905003,2009-09-29 08:06:17,CCGS LIMNOS,GEORGIAN BAY,7,454044,-805022,24,40.4,2009-08-10 18:41:00,104,1.00,.00,0.00000000,,0,17.990000,T EBT,TEMPERATURE EBT,DEG C,45.67889,-80.83944
200905003,2009-09-29 08:06:17,CCGS LIMNOS,GEORGIAN BAY,8,453500,-810500,29,43.1,2009-08-10 20:24:00,104,1.00,.00,0.00000000,,0,16.610000,T EBT,TEMPERATURE EBT,DEG C,45.58333,-81.08333
200905003,2009-09-29 08:06:17,CCGS LIMNOS,GEORGIAN BAY,8,453500,-810500,29,43.1,2009-08-10 20:24:00,104,10.00,.00,0.00000000,,0,15.920000,T EBT,TEMPERATURE EBT,DEG C,45.58333,-81.08333
200905003,2009-09-29 08:06:17,CCGS LIMNOS,GEORGIAN BAY,8,453500,-810500,29,43.1,2009-08-10 20:24:00,104,16.00,.00,0.00000000,,0,11.430000,T EBT,TEMPERATURE EBT,DEG C,45.58333,-81.08333
200905003,2009-09-29 08:06:17,CCGS LIMNOS,GEORGIAN BAY,8,453500,-810500,29,43.1,2009-08-10 20:24:00,104,26.00,.00,0.00000000,,0,4.510000,T EBT,TEMPERATURE EBT,DEG C,45.58333,-81.08333
200905003,2009-09-29 08:06:17,CCGS LIMNOS,GEORGIAN BAY,8,453500,-810500,29,43.1,2009-08-10 20:24:00,104,32.00,.00,0.00000000,,0,4.440000,T EBT,TEMPERATURE EBT,DEG C,45.58333,-81.08333
200905003,2009-09-29 08:06:17,CCGS LIMNOS,GEORGIAN BAY,8,453500,-810500,29,43.1,2009-08-10 20:24:00,104,40.00,.00,0.00000000,,0,4.440000,T EBT,TEMPERATURE EBT,DEG C,45.58333,-81.08333
200905003,2009-09-29 08:06:17,CCGS LIMNOS,GEORGIAN BAY,9,452110,-802911,16,23.1,2009-08-10 23:28:00,104,1.00,.00,0.00000000,,0,18.690000,T EBT,TEMPERATURE EBT,DEG C,45.35278,-80.48639
200905003,2009-09-29 08:06:17,CCGS LIMNOS,GEORGIAN BAY,10,451929,-800701,122,95.7,2009-08-11 01:29:00,104,1.00,.00,0.00000000,,0,20.730000,T EBT,TEMPERATURE EBT,DEG C,45.32472,-80.11694
200905003,2009-09-29 08:06:17,CCGS LIMNOS,GEORGIAN BAY,10,451929,-800701,122,95.7,2009-08-11 01:29:00,104,1.00,.00,0.00000000,,1,20.730000,T EBT,TEMPERATURE EBT,DEG C,45.32472,-80.11694
200905003,2009-09-29 08:06:17,CCGS LIMNOS,GEORGIAN BAY,11,451001,-801748,15,44.2,2009-08-11 04:36:00,104,1.00,.00,0.00000000,,0,18.940000,T EBT,TEMPERATURE EBT,DEG C,45.16694,-80.29667
200905003,2009-09-29 08:06:17,CCGS LIMNOS,GEORGIAN BAY,12,445710,-800859,8,50.8,2009-08-11 06:20:00,104,1.00,.00,0.00000000,,0,19.000000,T EBT,TEMPERATURE EBT,DEG C,44.95278,-80.14972
200905003,2009-09-29 08:06:17,CCGS LIMNOS,GEORGIAN BAY,13,445216,-795802,9,28,2009-08-11 07:39:00,104,1.00,.00,0.00000000,,0,20.490000,T EBT,TEMPERATURE EBT,DEG C,44.87111,-79.96722
200905003,2009-09-29 08:06:17,CCGS LIMNOS,GEORGIAN BAY,13,445216,-795802,9,28,2009-08-11 07:39:00,104,10.00,.00,0.00000000,,0,20.430000,T EBT,TEMPERATURE EBT,DEG C,44.87111,-79.96722
200905003,2009-09-29 08:06:17,CCGS LIMNOS,GEORGIAN BAY,13,445216,-795802,9,28,2009-08-11 07:39:00,104,18.50,.00,0.00000000,,0,17.260000,T EBT,TEMPERATURE EBT,DEG C,44.87111,-79.96722
200905003,2009-09-29 08:06:17,CCGS LIMNOS,GEORGIAN BAY,13,445216,-795802,9,28,2009-08-11 07:39:00,104,25.00,.00,0.00000000,,0,14.740000,T EBT,TEMPERATURE EBT,DEG C,44.87111,-79.96722
200905003,2009-09-29 08:06:17,CCGS LIMNOS,GEORGIAN BAY,14,444748,-801437,5,58.4,2009-08-11 10:10:00,104,1.00,.00,0.00000000,,0,19.480000,T EBT,TEMPERATURE EBT,DEG C,44.79667,-80.24361
200905003,2009-09-29 08:06:17,CCGS LIMNOS,GEORGIAN BAY,15,443842,-801003,4,58.1,2009-08-11 11:22:00,104,1.00,.00,0.00000000,,0,19.560000,T EBT,TEMPERATURE EBT,DEG C,44.64500,-80.16750
200905003,2009-09-29 08:06:17,CCGS LIMNOS,GEORGIAN BAY,15,443842,-801003,4,58.1,2009-08-11 11:22:00,104,1.00,.00,0.00000000,,1,19.560000,T EBT,TEMPERATURE EBT,DEG C,44.64500,-80.16750
200905003,2009-09-29 08:06:17,CCGS LIMNOS,GEORGIAN BAY,15,443842,-801003,4,58.1,2009-08-11 11:22:00,104,17.00,.00,0.00000000,,0,18.770000,T EBT,TEMPERATURE EBT,DEG C,44.64500,-80.16750
200905003,2009-09-29 08:06:17,CCGS LIMNOS,GEORGIAN BAY,15,443842,-801003,4,58.1,2009-08-11 11:22:00,104,30.00,.00,0.00000000,,0,8.250000,T EBT,TEMPERATURE EBT,DEG C,44.64500,-80.16750
200905003,2009-09-29 08:06:17,CCGS LIMNOS,GEORGIAN BAY,15,443842,-801003,4,58.1,2009-08-11 11:22:00,104,44.00,.00,0.00000000,,0,5.120000,T EBT,TEMPERATURE EBT,DEG C,44.64500,-80.16750
200905003,2009-09-29 08:06:17,CCGS LIMNOS,GEORGIAN BAY,15,443842,-801003,4,58.1,2009-08-11 11:22:00,104,48.00,.00,0.00000000,,0,5.010000,T EBT,TEMPERATURE EBT,DEG C,44.64500,-80.16750
200905003,2009-09-29 08:06:17,CCGS LIMNOS,GEORGIAN BAY,15,443842,-801003,4,58.1,2009-08-11 11:22:00,104,56.00,.00,0.00000000,,0,4.940000,T EBT,TEMPERATURE EBT,DEG C,44.64500,-80.16750
200905003,2009-09-29 08:06:17,CCGS LIMNOS,GEORGIAN BAY,16,444413,-802607,6,86.7,2009-08-11 13:08:00,104,1.00,.00,0.00000000,,0,19.220000,T EBT,TEMPERATURE EBT,DEG C,44.73694,-80.43528
200905003,2009-09-29 08:06:17,CCGS LIMNOS,GEORGIAN BAY,17,444333,-803606,3,31.3,2009-08-11 14:06:00,104,1.00,.00,0.00000000,,0,18.820000,T EBT,TEMPERATURE EBT,DEG C,44.72583,-80.60167
200905003,2009-09-29 08:06:17,CCGS LIMNOS,GEORGIAN BAY,18,444303,-805125,1,89.9,2009-08-11 16:04:00,104,1.00,.00,0.00000000,,0,19.800000,T EBT,TEMPERATURE EBT,DEG C,44.71750,-80.85694
200905003,2009-09-29 08:06:17,CCGS LIMNOS,GEORGIAN BAY,18,444303,-805125,1,89.9,2009-08-11 16:04:00,104,5.00,.00,0.00000000,,0,18.990000,T EBT,TEMPERATURE EBT,DEG C,44.71750,-80.85694
200905003,2009-09-29 08:06:17,CCGS LIMNOS,GEORGIAN BAY,18,444303,-805125,1,89.9,2009-08-11 16:04:00,104,17.00,.00,0.00000000,,0,12.540000,T EBT,TEMPERATURE EBT,DEG C,44.71750,-80.85694
200905003,2009-09-29 08:06:17,CCGS LIMNOS,GEORGIAN BAY,18,444303,-805125,1,89.9,2009-08-11 16:04:00,104,29.00,.00,0.00000000,,0,5.560000,T EBT,TEMPERATURE EBT,DEG C,44.71750,-80.85694
200905003,2009-09-29 08:06:17,CCGS LIMNOS,GEORGIAN BAY,18,444303,-805125,1,89.9,2009-08-11 16:04:00,104,79.50,.00,0.00000000,,0,4.100000,T EBT,TEMPERATURE EBT,DEG C,44.71750,-80.85694
200905003,2009-09-29 08:06:17,CCGS LIMNOS,GEORGIAN BAY,18,444303,-805125,1,89.9,2009-08-11 16:04:00,104,87.50,.00,0.00000000,,0,4.090000,T EBT,TEMPERATURE EBT,DEG C,44.71750,-80.85694
200905003,2009-09-29 08:06:17,CCGS LIMNOS,GEORGIAN BAY,19,445518,-803629,11,59.9,2009-08-11 17:53:00,104,1.00,.00,0.00000000,,0,18.400000,T EBT,TEMPERATURE EBT,DEG C,44.92167,-80.60806
200905003,2009-09-29 08:06:17,CCGS LIMNOS,GEORGIAN BAY,20,445513,-805229,12,88.9,2009-08-11 19:24:00,104,1.00,.00,0.00000000,,0,18.250000,T EBT,TEMPERATURE EBT,DEG C,44.92028,-80.87472
200905003,2009-09-29 08:06:17,CCGS LIMNOS,GEORGIAN BAY,20,445513,-805229,12,88.9,2009-08-11 19:24:00,104,1.00,.00,0.00000000,,1,18.250000,T EBT,TEMPERATURE EBT,DEG C,44.92028,-80.87472
200905003,2009-09-29 08:06:17,CCGS LIMNOS,GEORGIAN BAY,21,450401,-811512,19,53.5,2009-08-11 21:41:00,104,1.00,.00,0.00000000,,0,18.530000,T EBT,TEMPERATURE EBT,DEG C,45.06694,-81.25333
200905003,2009-09-29 08:06:17,CCGS LIMNOS,GEORGIAN BAY,22,451439,-805224,17,76.7,2009-08-11 23:56:00,104,1.00,.00,0.00000000,,0,18.190000,T EBT,TEMPERATURE EBT,DEG C,45.24417,-80.87333
200905003,2009-09-29 08:06:17,CCGS LIMNOS,GEORGIAN BAY,22,451439,-805224,17,76.7,2009-08-11 23:56:00,104,17.00,.00,0.00000000,,0,16.740000,T EBT,TEMPERATURE EBT,DEG C,45.24417,-80.87333
200905003,2009-09-29 08:06:17,CCGS LIMNOS,GEORGIAN BAY,22,451439,-805224,17,76.7,2009-08-11 23:56:00,104,30.00,.00,0.00000000,,0,6.780000,T EBT,TEMPERATURE EBT,DEG C,45.24417,-80.87333
200905003,2009-09-29 08:06:17,CCGS LIMNOS,GEORGIAN BAY,22,451439,-805224,17,76.7,2009-08-11 23:56:00,104,43.00,.00,0.00000000,,0,4.860000,T EBT,TEMPERATURE EBT,DEG C,45.24417,-80.87333
200905003,2009-09-29 08:06:17,CCGS LIMNOS,GEORGIAN BAY,22,451439,-805224,17,76.7,2009-08-11 23:56:00,104,67.00,.00,0.00000000,,0,4.450000,T EBT,TEMPERATURE EBT,DEG C,45.24417,-80.87333
200905003,2009-09-29 08:06:17,CCGS LIMNOS,GEORGIAN BAY,22,451439,-805224,17,76.7,2009-08-11 23:56:00,104,74.00,.00,0.00000000,,0,4.440000,T EBT,TEMPERATURE EBT,DEG C,45.24417,-80.87333
200905003,2009-09-29 08:06:17,CCGS LIMNOS,GEORGIAN BAY,23,452152,-811122,21,87,2009-08-12 02:10:00,104,1.00,.00,0.00000000,,0,17.550000,T EBT,TEMPERATURE EBT,DEG C,45.36444,-81.18944
200905003,2009-09-29 08:06:17,CCGS LIMNOS,GEORGIAN BAY,24,451418,-812623,31,61.3,2009-08-12 03:55:00,104,1.00,.00,0.00000000,,0,17.800000,T EBT,TEMPERATURE EBT,DEG C,45.23833,-81.43972
200905003,2009-09-29 08:06:17,CCGS LIMNOS,GEORGIAN BAY,25,452212,-813505,33,54.3,2009-08-12 05:09:00,104,1.00,.00,0.00000000,,0,16.460000,T EBT,TEMPERATURE EBT,DEG C,45.37000,-81.58472
200905003,2009-09-29 08:06:17,CCGS LIMNOS,GEORGIAN BAY,25,452212,-813505,33,54.3,2009-08-12 05:09:00,104,1.00,.00,0.00000000,,1,16.460000,T EBT,TEMPERATURE EBT,DEG C,45.37000,-81.58472
200905003,2009-09-29 08:06:17,CCGS LIMNOS,GEORGIAN BAY,25,452212,-813505,33,54.3,2009-08-12 05:09:00,104,6.00,.00,0.00000000,,0,15.790000,T EBT,TEMPERATURE EBT,DEG C,45.37000,-81.58472
200905003,2009-09-29 08:06:17,CCGS LIMNOS,GEORGIAN BAY,25,452212,-813505,33,54.3,2009-08-12 05:09:00,104,25.00,.00,0.00000000,,0,5.200000,T EBT,TEMPERATURE EBT,DEG C,45.37000,-81.58472
200905003,2009-09-29 08:06:17,CCGS LIMNOS,GEORGIAN BAY,25,452212,-813505,33,54.3,2009-08-12 05:09:00,104,43.50,.00,0.00000000,,0,4.260000,T EBT,TEMPERATURE EBT,DEG C,45.37000,-81.58472
200905003,2009-09-29 08:06:17,CCGS LIMNOS,GEORGIAN BAY,25,452212,-813505,33,54.3,2009-08-12 05:09:00,104,48.00,.00,0.00000000,,0,4.180000,T EBT,TEMPERATURE EBT,DEG C,45.37000,-81.58472
200905003,2009-09-29 08:06:17,CCGS LIMNOS,GEORGIAN BAY,25,452212,-813505,33,54.3,2009-08-12 05:09:00,104,51.50,.00,0.00000000,,0,4.100000,T EBT,TEMPERATURE EBT,DEG C,45.37000,-81.58472
200905003,2009-09-29 08:06:17,CCGS LIMNOS,GEORGIAN BAY,26,453138,-814010,35,36.7,2009-08-12 06:50:00,104,1.00,.00,0.00000000,,0,17.100000,T EBT,TEMPERATURE EBT,DEG C,45.52722,-81.66944
200905001,2009-06-04 10:58:50,CCGS LIMNOS,GEORGIAN BAY,1,454544,-814801,46,19.9,2009-05-10 01:42:00,124,1.00,.00,0.00000000,,0,84.000000,TRANS,TRANSPARENCY,PERCENT,45.76222,-81.80028
200905001,2009-06-04 10:58:50,CCGS LIMNOS,GEORGIAN BAY,2,455446,-813545,42,27.4,2009-05-10 03:27:00,124,1.00,.00,0.00000000,,0,90.000000,TRANS,TRANSPARENCY,PERCENT,45.91278,-81.59583
200905001,2009-06-04 10:58:50,CCGS LIMNOS,GEORGIAN BAY,3,454228,-813713,36,53.6,2009-05-10 05:01:00,124,1.00,.00,0.00000000,,0,91.000000,TRANS,TRANSPARENCY,PERCENT,45.70778,-81.62028
200905001,2009-06-04 10:58:50,CCGS LIMNOS,GEORGIAN BAY,4,455223,-811529,39,27.3,2009-05-10 07:09:00,124,1.00,.00,0.00000000,,0,89.000000,TRANS,TRANSPARENCY,PERCENT,45.87306,-81.25806
200905001,2009-06-04 10:58:50,CCGS LIMNOS,GEORGIAN BAY,5,455200,-805958,27,18.9,2009-05-10 08:36:00,124,1.00,.00,0.00000000,,0,87.000000,TRANS,TRANSPARENCY,PERCENT,45.86667,-80.99944
200905001,2009-06-04 10:58:50,CCGS LIMNOS,GEORGIAN BAY,6,455003,-805355,26,25.3,2009-05-10 09:15:00,124,1.00,.00,0.00000000,,0,88.000000,TRANS,TRANSPARENCY,PERCENT,45.83417,-80.89861
200905001,2009-06-04 10:58:50,CCGS LIMNOS,GEORGIAN BAY,7,454044,-805022,24,40,2009-05-10 10:26:00,124,1.00,.00,0.00000000,,0,91.000000,TRANS,TRANSPARENCY,PERCENT,45.67889,-80.83944
200905001,2009-06-04 10:58:50,CCGS LIMNOS,GEORGIAN BAY,8,453501,-810539,29,42.4,2009-05-10 11:49:00,124,1.00,.00,0.00000000,,0,90.000000,TRANS,TRANSPARENCY,PERCENT,45.58361,-81.09417
200905001,2009-06-04 10:58:50,CCGS LIMNOS,GEORGIAN BAY,9,452116,-802913,16,22.8,2009-05-10 14:55:00,124,1.00,.00,0.00000000,,0,91.000000,TRANS,TRANSPARENCY,PERCENT,45.35444,-80.48694
200905001,2009-06-04 10:58:50,CCGS LIMNOS,GEORGIAN BAY,10,451934,-800658,122,89.2,2009-05-10 16:56:00,124,1.00,.00,0.00000000,,0,82.000000,TRANS,TRANSPARENCY,PERCENT,45.32611,-80.11611
200905001,2009-06-04 10:58:50,CCGS LIMNOS,GEORGIAN BAY,11,451000,-801747,15,46.1,2009-05-10 20:00:00,124,1.00,.00,0.00000000,,0,91.000000,TRANS,TRANSPARENCY,PERCENT,45.16667,-80.29639
200905001,2009-06-04 10:58:50,CCGS LIMNOS,GEORGIAN BAY,12,445708,-800901,8,48.3,2009-05-10 21:41:00,124,1.00,.00,0.00000000,,0,91.000000,TRANS,TRANSPARENCY,PERCENT,44.95222,-80.15028
200905001,2009-06-04 10:58:50,CCGS LIMNOS,GEORGIAN BAY,13,445220,-795807,9,28.9,2009-05-10 22:51:00,124,1.00,.00,0.00000000,,0,85.000000,TRANS,TRANSPARENCY,PERCENT,44.87222,-79.96861
200905001,2009-06-04 10:58:50,CCGS LIMNOS,GEORGIAN BAY,14,444748,-801434,5,54.9,2009-05-11 00:36:00,124,1.00,.00,0.00000000,,0,89.000000,TRANS,TRANSPARENCY,PERCENT,44.79667,-80.24278
200905001,2009-06-04 10:58:50,CCGS LIMNOS,GEORGIAN BAY,15,443847,-801003,4,57.5,2009-05-11 01:46:00,124,1.00,.00,0.00000000,,0,89.000000,TRANS,TRANSPARENCY,PERCENT,44.64639,-80.16750
200905001,2009-06-04 10:58:50,CCGS LIMNOS,GEORGIAN BAY,16,444411,-802604,6,86.7,2009-05-11 03:20:00,124,1.00,.00,0.00000000,,0,90.000000,TRANS,TRANSPARENCY,PERCENT,44.73639,-80.43444
200905001,2009-06-04 10:58:50,CCGS LIMNOS,GEORGIAN BAY,17,444400,-803600,3,30.7,2009-05-11 04:23:00,124,1.00,.00,0.00000000,,0,91.000000,TRANS,TRANSPARENCY,PERCENT,44.73333,-80.60000
200905001,2009-06-04 10:58:50,CCGS LIMNOS,GEORGIAN BAY,18,444302,-805124,1,88.7,2009-05-11 05:59:00,124,1.00,.00,0.00000000,,0,90.000000,TRANS,TRANSPARENCY,PERCENT,44.71722,-80.85667
200905001,2009-06-04 10:58:50,CCGS LIMNOS,GEORGIAN BAY,19,445516,-803621,11,63,2009-05-11 07:53:00,124,1.00,.00,0.00000000,,0,91.000000,TRANS,TRANSPARENCY,PERCENT,44.92111,-80.60583
200905001,2009-06-04 10:58:50,CCGS LIMNOS,GEORGIAN BAY,20,445508,-805232,12,88.5,2009-05-11 09:24:00,124,1.00,.00,0.00000000,,0,90.000000,TRANS,TRANSPARENCY,PERCENT,44.91889,-80.87556
200905001,2009-06-04 10:58:50,CCGS LIMNOS,GEORGIAN BAY,21,450359,-811512,19,53,2009-05-11 11:35:00,124,1.00,.00,0.00000000,,0,90.000000,TRANS,TRANSPARENCY,PERCENT,45.06639,-81.25333
200905001,2009-06-04 10:58:50,CCGS LIMNOS,GEORGIAN BAY,22,451442,-805232,17,78,2009-05-11 13:44:00,124,1.00,.00,0.00000000,,0,90.000000,TRANS,TRANSPARENCY,PERCENT,45.24500,-80.87556
200905001,2009-06-04 10:58:50,CCGS LIMNOS,GEORGIAN BAY,23,452153,-811124,21,86.4,2009-05-11 15:38:00,124,1.00,.00,0.00000000,,0,89.000000,TRANS,TRANSPARENCY,PERCENT,45.36472,-81.19000
200905001,2009-06-04 10:58:50,CCGS LIMNOS,GEORGIAN BAY,24,451417,-812625,31,58.9,2009-05-11 17:18:00,124,1.00,.00,0.00000000,,0,90.000000,TRANS,TRANSPARENCY,PERCENT,45.23806,-81.44028
200905001,2009-06-04 10:58:50,CCGS LIMNOS,GEORGIAN BAY,25,452213,-813507,33,53.3,2009-05-11 18:51:00,124,1.00,.00,0.00000000,,0,90.000000,TRANS,TRANSPARENCY,PERCENT,45.37028,-81.58528
200905001,2009-06-04 10:58:50,CCGS LIMNOS,GEORGIAN BAY,26,453140,-814012,35,35.6,2009-05-11 20:09:00,124,1.00,.00,0.00000000,,0,91.000000,TRANS,TRANSPARENCY,PERCENT,45.52778,-81.67000
200905003,2009-09-29 08:06:17,CCGS LIMNOS,GEORGIAN BAY,1,454547,-814746,46,19,2009-08-10 09:35:00,124,1.00,.00,0.00000000,,0,85.000000,TRANS,TRANSPARENCY,PERCENT,45.76306,-81.79611
200905003,2009-09-29 08:06:17,CCGS LIMNOS,GEORGIAN BAY,2,455444,-813542,42,28.1,2009-08-10 11:17:00,124,1.00,.00,0.00000000,,0,84.000000,TRANS,TRANSPARENCY,PERCENT,45.91222,-81.59500
200905003,2009-09-29 08:06:17,CCGS LIMNOS,GEORGIAN BAY,3,454231,-813715,36,50.5,2009-08-10 12:57:00,124,1.00,.00,0.00000000,,0,85.000000,TRANS,TRANSPARENCY,PERCENT,45.70861,-81.62083
200905003,2009-09-29 08:06:17,CCGS LIMNOS,GEORGIAN BAY,4,455224,-811529,39,25,2009-08-10 15:05:00,124,1.00,.00,0.00000000,,0,85.000000,TRANS,TRANSPARENCY,PERCENT,45.87333,-81.25806
200905003,2009-09-29 08:06:17,CCGS LIMNOS,GEORGIAN BAY,5,455159,-810002,27,16.5,2009-08-10 16:22:00,124,1.00,.00,0.00000000,,0,84.000000,TRANS,TRANSPARENCY,PERCENT,45.86639,-81.00056
200905003,2009-09-29 08:06:17,CCGS LIMNOS,GEORGIAN BAY,6,454958,-805400,26,25.4,2009-08-10 17:25:00,124,1.00,.00,0.00000000,,0,85.000000,TRANS,TRANSPARENCY,PERCENT,45.83278,-80.90000
200905003,2009-09-29 08:06:17,CCGS LIMNOS,GEORGIAN BAY,7,454044,-805022,24,40.4,2009-08-10 18:41:00,124,1.00,.00,0.00000000,,0,85.000000,TRANS,TRANSPARENCY,PERCENT,45.67889,-80.83944
200905003,2009-09-29 08:06:17,CCGS LIMNOS,GEORGIAN BAY,8,453500,-810500,29,43.1,2009-08-10 20:24:00,124,1.00,.00,0.00000000,,0,87.000000,TRANS,TRANSPARENCY,PERCENT,45.58333,-81.08333
200905003,2009-09-29 08:06:17,CCGS LIMNOS,GEORGIAN BAY,9,452110,-802911,16,23.1,2009-08-10 23:28:00,124,1.00,.00,0.00000000,,0,85.000000,TRANS,TRANSPARENCY,PERCENT,45.35278,-80.48639
200905003,2009-09-29 08:06:17,CCGS LIMNOS,GEORGIAN BAY,10,451929,-800701,122,95.7,2009-08-11 01:29:00,124,1.00,.00,0.00000000,,0,74.000000,TRANS,TRANSPARENCY,PERCENT,45.32472,-80.11694
200905003,2009-09-29 08:06:17,CCGS LIMNOS,GEORGIAN BAY,11,451001,-801748,15,44.2,2009-08-11 04:36:00,124,1.00,.00,0.00000000,,0,87.000000,TRANS,TRANSPARENCY,PERCENT,45.16694,-80.29667
200905003,2009-09-29 08:06:17,CCGS LIMNOS,GEORGIAN BAY,12,445710,-800859,8,50.8,2009-08-11 06:20:00,124,1.00,.00,0.00000000,,0,87.000000,TRANS,TRANSPARENCY,PERCENT,44.95278,-80.14972
200905003,2009-09-29 08:06:17,CCGS LIMNOS,GEORGIAN BAY,13,445216,-795802,9,28,2009-08-11 07:39:00,124,1.00,.00,0.00000000,,0,82.000000,TRANS,TRANSPARENCY,PERCENT,44.87111,-79.96722
200905003,2009-09-29 08:06:17,CCGS LIMNOS,GEORGIAN BAY,14,444748,-801437,5,58.4,2009-08-11 10:10:00,124,1.00,.00,0.00000000,,0,87.000000,TRANS,TRANSPARENCY,PERCENT,44.79667,-80.24361
200905003,2009-09-29 08:06:17,CCGS LIMNOS,GEORGIAN BAY,15,443842,-801003,4,58.1,2009-08-11 11:22:00,124,1.00,.00,0.00000000,,0,86.000000,TRANS,TRANSPARENCY,PERCENT,44.64500,-80.16750
200905003,2009-09-29 08:06:17,CCGS LIMNOS,GEORGIAN BAY,16,444413,-802607,6,86.7,2009-08-11 13:08:00,124,1.00,.00,0.00000000,,0,82.000000,TRANS,TRANSPARENCY,PERCENT,44.73694,-80.43528
200905003,2009-09-29 08:06:17,CCGS LIMNOS,GEORGIAN BAY,17,444333,-803606,3,31.3,2009-08-11 14:06:00,124,1.00,.00,0.00000000,,0,86.000000,TRANS,TRANSPARENCY,PERCENT,44.72583,-80.60167
200905003,2009-09-29 08:06:17,CCGS LIMNOS,GEORGIAN BAY,18,444303,-805125,1,89.9,2009-08-11 16:04:00,124,1.00,.00,0.00000000,,0,88.000000,TRANS,TRANSPARENCY,PERCENT,44.71750,-80.85694
200905003,2009-09-29 08:06:17,CCGS LIMNOS,GEORGIAN BAY,19,445518,-803629,11,59.9,2009-08-11 17:53:00,124,1.00,.00,0.00000000,,0,87.000000,TRANS,TRANSPARENCY,PERCENT,44.92167,-80.60806
200905003,2009-09-29 08:06:17,CCGS LIMNOS,GEORGIAN BAY,20,445513,-805229,12,88.9,2009-08-11 19:24:00,124,1.00,.00,0.00000000,,0,88.000000,TRANS,TRANSPARENCY,PERCENT,44.92028,-80.87472
200905003,2009-09-29 08:06:17,CCGS LIMNOS,GEORGIAN BAY,21,450401,-811512,19,53.5,2009-08-11 21:41:00,124,1.00,.00,0.00000000,,0,88.000000,TRANS,TRANSPARENCY,PERCENT,45.06694,-81.25333
200905003,2009-09-29 08:06:17,CCGS LIMNOS,GEORGIAN BAY,22,451439,-805224,17,76.7,2009-08-11 23:56:00,124,1.00,.00,0.00000000,,0,88.000000,TRANS,TRANSPARENCY,PERCENT,45.24417,-80.87333
200905003,2009-09-29 08:06:17,CCGS LIMNOS,GEORGIAN BAY,23,452152,-811122,21,87,2009-08-12 02:10:00,124,1.00,.00,0.00000000,,0,88.000000,TRANS,TRANSPARENCY,PERCENT,45.36444,-81.18944
200905003,2009-09-29 08:06:17,CCGS LIMNOS,GEORGIAN BAY,24,451418,-812623,31,61.3,2009-08-12 03:55:00,124,1.00,.00,0.00000000,,0,88.000000,TRANS,TRANSPARENCY,PERCENT,45.23833,-81.43972
200905003,2009-09-29 08:06:17,CCGS LIMNOS,GEORGIAN BAY,25,452212,-813505,33,54.3,2009-08-12 05:09:00,124,1.00,.00,0.00000000,,0,87.000000,TRANS,TRANSPARENCY,PERCENT,45.37000,-81.58472
200905003,2009-09-29 08:06:17,CCGS LIMNOS,GEORGIAN BAY,26,453138,-814010,35,36.7,2009-08-12 06:50:00,124,1.00,.00,0.00000000,,0,88.000000,TRANS,TRANSPARENCY,PERCENT,45.52722,-81.66944
200905001,2009-06-04 10:58:50,CCGS LIMNOS,GEORGIAN BAY,1,454544,-814801,46,19.9,2009-05-10 01:42:00,160,1.00,.00,0.00000000,,0,187.000000,CON 25,SPECIFIC CONDUCTANCE 25 DEG. C,USIEMENS,45.76222,-81.80028
200905001,2009-06-04 10:58:50,CCGS LIMNOS,GEORGIAN BAY,2,455446,-813545,42,27.4,2009-05-10 03:27:00,160,1.00,.00,0.00000000,,0,174.000000,CON 25,SPECIFIC CONDUCTANCE 25 DEG. C,USIEMENS,45.91278,-81.59583
200905001,2009-06-04 10:58:50,CCGS LIMNOS,GEORGIAN BAY,3,454228,-813713,36,53.6,2009-05-10 05:01:00,160,1.00,.00,0.00000000,,0,191.000000,CON 25,SPECIFIC CONDUCTANCE 25 DEG. C,USIEMENS,45.70778,-81.62028
200905001,2009-06-04 10:58:50,CCGS LIMNOS,GEORGIAN BAY,4,455223,-811529,39,27.3,2009-05-10 07:09:00,160,1.00,.00,0.00000000,,0,172.000000,CON 25,SPECIFIC CONDUCTANCE 25 DEG. C,USIEMENS,45.87306,-81.25806
200905001,2009-06-04 10:58:50,CCGS LIMNOS,GEORGIAN BAY,5,455200,-805958,27,18.9,2009-05-10 08:36:00,160,1.00,.00,0.00000000,,0,138.000000,CON 25,SPECIFIC CONDUCTANCE 25 DEG. C,USIEMENS,45.86667,-80.99944
200905001,2009-06-04 10:58:50,CCGS LIMNOS,GEORGIAN BAY,5,455200,-805958,27,18.9,2009-05-10 08:36:00,160,1.00,.00,0.00000000,,1,139.000000,CON 25,SPECIFIC CONDUCTANCE 25 DEG. C,USIEMENS,45.86667,-80.99944
200905001,2009-06-04 10:58:50,CCGS LIMNOS,GEORGIAN BAY,6,455003,-805355,26,25.3,2009-05-10 09:15:00,160,1.00,.00,0.00000000,,0,154.000000,CON 25,SPECIFIC CONDUCTANCE 25 DEG. C,USIEMENS,45.83417,-80.89861
200905001,2009-06-04 10:58:50,CCGS LIMNOS,GEORGIAN BAY,7,454044,-805022,24,40,2009-05-10 10:26:00,160,1.00,.00,0.00000000,,0,188.000000,CON 25,SPECIFIC CONDUCTANCE 25 DEG. C,USIEMENS,45.67889,-80.83944
200905001,2009-06-04 10:58:50,CCGS LIMNOS,GEORGIAN BAY,8,453501,-810539,29,42.4,2009-05-10 11:49:00,160,1.00,.00,0.00000000,,0,192.000000,CON 25,SPECIFIC CONDUCTANCE 25 DEG. C,USIEMENS,45.58361,-81.09417
200905001,2009-06-04 10:58:50,CCGS LIMNOS,GEORGIAN BAY,9,452116,-802913,16,22.8,2009-05-10 14:55:00,160,1.00,.00,0.00000000,,0,179.000000,CON 25,SPECIFIC CONDUCTANCE 25 DEG. C,USIEMENS,45.35444,-80.48694
200905001,2009-06-04 10:58:50,CCGS LIMNOS,GEORGIAN BAY,10,451934,-800658,122,89.2,2009-05-10 16:56:00,160,1.00,.00,0.00000000,,0,122.000000,CON 25,SPECIFIC CONDUCTANCE 25 DEG. C,USIEMENS,45.32611,-80.11611
200905001,2009-06-04 10:58:50,CCGS LIMNOS,GEORGIAN BAY,10,451934,-800658,122,89.2,2009-05-10 16:56:00,160,1.00,.00,0.00000000,,1,121.000000,CON 25,SPECIFIC CONDUCTANCE 25 DEG. C,USIEMENS,45.32611,-80.11611
200905001,2009-06-04 10:58:50,CCGS LIMNOS,GEORGIAN BAY,11,451000,-801747,15,46.1,2009-05-10 20:00:00,160,1.00,.00,0.00000000,,0,194.000000,CON 25,SPECIFIC CONDUCTANCE 25 DEG. C,USIEMENS,45.16667,-80.29639
200905001,2009-06-04 10:58:50,CCGS LIMNOS,GEORGIAN BAY,12,445708,-800901,8,48.3,2009-05-10 21:41:00,160,1.00,.00,0.00000000,,0,197.000000,CON 25,SPECIFIC CONDUCTANCE 25 DEG. C,USIEMENS,44.95222,-80.15028
200905001,2009-06-04 10:58:50,CCGS LIMNOS,GEORGIAN BAY,13,445220,-795807,9,28.9,2009-05-10 22:51:00,160,1.00,.00,0.00000000,,0,191.000000,CON 25,SPECIFIC CONDUCTANCE 25 DEG. C,USIEMENS,44.87222,-79.96861
200905001,2009-06-04 10:58:50,CCGS LIMNOS,GEORGIAN BAY,14,444748,-801434,5,54.9,2009-05-11 00:36:00,160,1.00,.00,0.00000000,,0,199.000000,CON 25,SPECIFIC CONDUCTANCE 25 DEG. C,USIEMENS,44.79667,-80.24278
200905001,2009-06-04 10:58:50,CCGS LIMNOS,GEORGIAN BAY,15,443847,-801003,4,57.5,2009-05-11 01:46:00,160,1.00,.00,0.00000000,,0,195.000000,CON 25,SPECIFIC CONDUCTANCE 25 DEG. C,USIEMENS,44.64639,-80.16750
200905001,2009-06-04 10:58:50,CCGS LIMNOS,GEORGIAN BAY,15,443847,-801003,4,57.5,2009-05-11 01:46:00,160,1.00,.00,0.00000000,,1,197.000000,CON 25,SPECIFIC CONDUCTANCE 25 DEG. C,USIEMENS,44.64639,-80.16750
200905001,2009-06-04 10:58:50,CCGS LIMNOS,GEORGIAN BAY,16,444411,-802604,6,86.7,2009-05-11 03:20:00,160,1.00,.00,0.00000000,,0,194.000000,CON 25,SPECIFIC CONDUCTANCE 25 DEG. C,USIEMENS,44.73639,-80.43444
200905001,2009-06-04 10:58:50,CCGS LIMNOS,GEORGIAN BAY,17,444400,-803600,3,30.7,2009-05-11 04:23:00,160,1.00,.00,0.00000000,,0,197.000000,CON 25,SPECIFIC CONDUCTANCE 25 DEG. C,USIEMENS,44.73333,-80.60000
200905001,2009-06-04 10:58:50,CCGS LIMNOS,GEORGIAN BAY,18,444302,-805124,1,88.7,2009-05-11 05:59:00,160,1.00,.00,0.00000000,,0,196.000000,CON 25,SPECIFIC CONDUCTANCE 25 DEG. C,USIEMENS,44.71722,-80.85667
200905001,2009-06-04 10:58:50,CCGS LIMNOS,GEORGIAN BAY,19,445516,-803621,11,63,2009-05-11 07:53:00,160,1.00,.00,0.00000000,,0,200.000000,CON 25,SPECIFIC CONDUCTANCE 25 DEG. C,USIEMENS,44.92111,-80.60583
200905001,2009-06-04 10:58:50,CCGS LIMNOS,GEORGIAN BAY,20,445508,-805232,12,88.5,2009-05-11 09:24:00,160,1.00,.00,0.00000000,,0,194.000000,CON 25,SPECIFIC CONDUCTANCE 25 DEG. C,USIEMENS,44.91889,-80.87556
200905001,2009-06-04 10:58:50,CCGS LIMNOS,GEORGIAN BAY,20,445508,-805232,12,88.5,2009-05-11 09:24:00,160,1.00,.00,0.00000000,,1,196.000000,CON 25,SPECIFIC CONDUCTANCE 25 DEG. C,USIEMENS,44.91889,-80.87556
200905001,2009-06-04 10:58:50,CCGS LIMNOS,GEORGIAN BAY,21,450359,-811512,19,53,2009-05-11 11:35:00,160,1.00,.00,0.00000000,,0,191.000000,CON 25,SPECIFIC CONDUCTANCE 25 DEG. C,USIEMENS,45.06639,-81.25333
200905001,2009-06-04 10:58:50,CCGS LIMNOS,GEORGIAN BAY,22,451442,-805232,17,78,2009-05-11 13:44:00,160,1.00,.00,0.00000000,,0,193.000000,CON 25,SPECIFIC CONDUCTANCE 25 DEG. C,USIEMENS,45.24500,-80.87556
200905001,2009-06-04 10:58:50,CCGS LIMNOS,GEORGIAN BAY,23,452153,-811124,21,86.4,2009-05-11 15:38:00,160,1.00,.00,0.00000000,,0,197.000000,CON 25,SPECIFIC CONDUCTANCE 25 DEG. C,USIEMENS,45.36472,-81.19000
200905001,2009-06-04 10:58:50,CCGS LIMNOS,GEORGIAN BAY,24,451417,-812625,31,58.9,2009-05-11 17:18:00,160,1.00,.00,0.00000000,,0,192.000000,CON 25,SPECIFIC CONDUCTANCE 25 DEG. C,USIEMENS,45.23806,-81.44028
200905001,2009-06-04 10:58:50,CCGS LIMNOS,GEORGIAN BAY,25,452213,-813507,33,53.3,2009-05-11 18:51:00,160,1.00,.00,0.00000000,,0,197.000000,CON 25,SPECIFIC CONDUCTANCE 25 DEG. C,USIEMENS,45.37028,-81.58528
200905001,2009-06-04 10:58:50,CCGS LIMNOS,GEORGIAN BAY,25,452213,-813507,33,53.3,2009-05-11 18:51:00,160,1.00,.00,0.00000000,,1,185.000000,CON 25,SPECIFIC CONDUCTANCE 25 DEG. C,USIEMENS,45.37028,-81.58528
200905001,2009-06-04 10:58:50,CCGS LIMNOS,GEORGIAN BAY,26,453140,-814012,35,35.6,2009-05-11 20:09:00,160,1.00,.00,0.00000000,,0,194.000000,CON 25,SPECIFIC CONDUCTANCE 25 DEG. C,USIEMENS,45.52778,-81.67000
200905003,2009-09-29 08:06:17,CCGS LIMNOS,GEORGIAN BAY,1,454547,-814746,46,19,2009-08-10 09:35:00,160,1.00,.00,0.00000000,,0,180.000000,CON 25,SPECIFIC CONDUCTANCE 25 DEG. C,USIEMENS,45.76306,-81.79611
200905003,2009-09-29 08:06:17,CCGS LIMNOS,GEORGIAN BAY,2,455444,-813542,42,28.1,2009-08-10 11:17:00,160,1.00,.00,0.00000000,,0,178.000000,CON 25,SPECIFIC CONDUCTANCE 25 DEG. C,USIEMENS,45.91222,-81.59500
200905003,2009-09-29 08:06:17,CCGS LIMNOS,GEORGIAN BAY,2,455444,-813542,42,28.1,2009-08-10 11:17:00,160,15.00,.00,0.00000000,,0,178.000000,CON 25,SPECIFIC CONDUCTANCE 25 DEG. C,USIEMENS,45.91222,-81.59500
200905003,2009-09-29 08:06:17,CCGS LIMNOS,GEORGIAN BAY,3,454231,-813715,36,50.5,2009-08-10 12:57:00,160,1.00,.00,0.00000000,,0,182.000000,CON 25,SPECIFIC CONDUCTANCE 25 DEG. C,USIEMENS,45.70861,-81.62083
200905003,2009-09-29 08:06:17,CCGS LIMNOS,GEORGIAN BAY,4,455224,-811529,39,25,2009-08-10 15:05:00,160,1.00,.00,0.00000000,,0,178.000000,CON 25,SPECIFIC CONDUCTANCE 25 DEG. C,USIEMENS,45.87333,-81.25806
200905003,2009-09-29 08:06:17,CCGS LIMNOS,GEORGIAN BAY,5,455159,-810002,27,16.5,2009-08-10 16:22:00,160,1.00,.00,0.00000000,,0,171.000000,CON 25,SPECIFIC CONDUCTANCE 25 DEG. C,USIEMENS,45.86639,-81.00056
200905003,2009-09-29 08:06:17,CCGS LIMNOS,GEORGIAN BAY,5,455159,-810002,27,16.5,2009-08-10 16:22:00,160,1.00,.00,0.00000000,,1,170.000000,CON 25,SPECIFIC CONDUCTANCE 25 DEG. C,USIEMENS,45.86639,-81.00056
200905003,2009-09-29 08:06:17,CCGS LIMNOS,GEORGIAN BAY,5,455159,-810002,27,16.5,2009-08-10 16:22:00,160,13.00,.00,0.00000000,,0,168.000000,CON 25,SPECIFIC CONDUCTANCE 25 DEG. C,USIEMENS,45.86639,-81.00056
200905003,2009-09-29 08:06:17,CCGS LIMNOS,GEORGIAN BAY,6,454958,-805400,26,25.4,2009-08-10 17:25:00,160,1.00,.00,0.00000000,,0,170.000000,CON 25,SPECIFIC CONDUCTANCE 25 DEG. C,USIEMENS,45.83278,-80.90000
200905003,2009-09-29 08:06:17,CCGS LIMNOS,GEORGIAN BAY,7,454044,-805022,24,40.4,2009-08-10 18:41:00,160,1.00,.00,0.00000000,,0,170.000000,CON 25,SPECIFIC CONDUCTANCE 25 DEG. C,USIEMENS,45.67889,-80.83944
200905003,2009-09-29 08:06:17,CCGS LIMNOS,GEORGIAN BAY,8,453500,-810500,29,43.1,2009-08-10 20:24:00,160,1.00,.00,0.00000000,,0,182.000000,CON 25,SPECIFIC CONDUCTANCE 25 DEG. C,USIEMENS,45.58333,-81.08333
200905003,2009-09-29 08:06:17,CCGS LIMNOS,GEORGIAN BAY,8,453500,-810500,29,43.1,2009-08-10 20:24:00,160,10.00,.00,0.00000000,,0,182.000000,CON 25,SPECIFIC CONDUCTANCE 25 DEG. C,USIEMENS,45.58333,-81.08333
200905003,2009-09-29 08:06:17,CCGS LIMNOS,GEORGIAN BAY,8,453500,-810500,29,43.1,2009-08-10 20:24:00,160,16.00,.00,0.00000000,,0,185.000000,CON 25,SPECIFIC CONDUCTANCE 25 DEG. C,USIEMENS,45.58333,-81.08333
200905003,2009-09-29 08:06:17,CCGS LIMNOS,GEORGIAN BAY,8,453500,-810500,29,43.1,2009-08-10 20:24:00,160,26.00,.00,0.00000000,,0,193.000000,CON 25,SPECIFIC CONDUCTANCE 25 DEG. C,USIEMENS,45.58333,-81.08333
200905003,2009-09-29 08:06:17,CCGS LIMNOS,GEORGIAN BAY,8,453500,-810500,29,43.1,2009-08-10 20:24:00,160,32.00,.00,0.00000000,,0,191.000000,CON 25,SPECIFIC CONDUCTANCE 25 DEG. C,USIEMENS,45.58333,-81.08333
200905003,2009-09-29 08:06:17,CCGS LIMNOS,GEORGIAN BAY,8,453500,-810500,29,43.1,2009-08-10 20:24:00,160,40.00,.00,0.00000000,,0,193.000000,CON 25,SPECIFIC CONDUCTANCE 25 DEG. C,USIEMENS,45.58333,-81.08333
200905003,2009-09-29 08:06:17,CCGS LIMNOS,GEORGIAN BAY,9,452110,-802911,16,23.1,2009-08-10 23:28:00,160,1.00,.00,0.00000000,,0,183.000000,CON 25,SPECIFIC CONDUCTANCE 25 DEG. C,USIEMENS,45.35278,-80.48639
200905003,2009-09-29 08:06:17,CCGS LIMNOS,GEORGIAN BAY,10,451929,-800701,122,95.7,2009-08-11 01:29:00,160,1.00,.00,0.00000000,,0,138.000000,CON 25,SPECIFIC CONDUCTANCE 25 DEG. C,USIEMENS,45.32472,-80.11694
200905003,2009-09-29 08:06:17,CCGS LIMNOS,GEORGIAN BAY,10,451929,-800701,122,95.7,2009-08-11 01:29:00,160,1.00,.00,0.00000000,,1,128.000000,CON 25,SPECIFIC CONDUCTANCE 25 DEG. C,USIEMENS,45.32472,-80.11694
200905003,2009-09-29 08:06:17,CCGS LIMNOS,GEORGIAN BAY,11,451001,-801748,15,44.2,2009-08-11 04:36:00,160,1.00,.00,0.00000000,,0,184.000000,CON 25,SPECIFIC CONDUCTANCE 25 DEG. C,USIEMENS,45.16694,-80.29667
200905003,2009-09-29 08:06:17,CCGS LIMNOS,GEORGIAN BAY,12,445710,-800859,8,50.8,2009-08-11 06:20:00,160,1.00,.00,0.00000000,,0,178.000000,CON 25,SPECIFIC CONDUCTANCE 25 DEG. C,USIEMENS,44.95278,-80.14972
200905003,2009-09-29 08:06:17,CCGS LIMNOS,GEORGIAN BAY,13,445216,-795802,9,28,2009-08-11 07:39:00,160,1.00,.00,0.00000000,,0,182.000000,CON 25,SPECIFIC CONDUCTANCE 25 DEG. C,USIEMENS,44.87111,-79.96722
200905003,2009-09-29 08:06:17,CCGS LIMNOS,GEORGIAN BAY,13,445216,-795802,9,28,2009-08-11 07:39:00,160,10.00,.00,0.00000000,,0,183.000000,CON 25,SPECIFIC CONDUCTANCE 25 DEG. C,USIEMENS,44.87111,-79.96722
200905003,2009-09-29 08:06:17,CCGS LIMNOS,GEORGIAN BAY,13,445216,-795802,9,28,2009-08-11 07:39:00,160,18.50,.00,0.00000000,,0,183.000000,CON 25,SPECIFIC CONDUCTANCE 25 DEG. C,USIEMENS,44.87111,-79.96722
200905003,2009-09-29 08:06:17,CCGS LIMNOS,GEORGIAN BAY,13,445216,-795802,9,28,2009-08-11 07:39:00,160,25.00,.00,0.00000000,,0,187.000000,CON 25,SPECIFIC CONDUCTANCE 25 DEG. C,USIEMENS,44.87111,-79.96722
200905003,2009-09-29 08:06:17,CCGS LIMNOS,GEORGIAN BAY,14,444748,-801437,5,58.4,2009-08-11 10:10:00,160,1.00,.00,0.00000000,,0,188.000000,CON 25,SPECIFIC CONDUCTANCE 25 DEG. C,USIEMENS,44.79667,-80.24361
200905003,2009-09-29 08:06:17,CCGS LIMNOS,GEORGIAN BAY,15,443842,-801003,4,58.1,2009-08-11 11:22:00,160,1.00,.00,0.00000000,,0,186.000000,CON 25,SPECIFIC CONDUCTANCE 25 DEG. C,USIEMENS,44.64500,-80.16750
200905003,2009-09-29 08:06:17,CCGS LIMNOS,GEORGIAN BAY,15,443842,-801003,4,58.1,2009-08-11 11:22:00,160,1.00,.00,0.00000000,,1,183.000000,CON 25,SPECIFIC CONDUCTANCE 25 DEG. C,USIEMENS,44.64500,-80.16750
200905003,2009-09-29 08:06:17,CCGS LIMNOS,GEORGIAN BAY,15,443842,-801003,4,58.1,2009-08-11 11:22:00,160,17.00,.00,0.00000000,,0,185.000000,CON 25,SPECIFIC CONDUCTANCE 25 DEG. C,USIEMENS,44.64500,-80.16750
200905003,2009-09-29 08:06:17,CCGS LIMNOS,GEORGIAN BAY,15,443842,-801003,4,58.1,2009-08-11 11:22:00,160,30.00,.00,0.00000000,,0,196.000000,CON 25,SPECIFIC CONDUCTANCE 25 DEG. C,USIEMENS,44.64500,-80.16750
200905003,2009-09-29 08:06:17,CCGS LIMNOS,GEORGIAN BAY,15,443842,-801003,4,58.1,2009-08-11 11:22:00,160,44.00,.00,0.00000000,,0,199.000000,CON 25,SPECIFIC CONDUCTANCE 25 DEG. C,USIEMENS,44.64500,-80.16750
200905003,2009-09-29 08:06:17,CCGS LIMNOS,GEORGIAN BAY,15,443842,-801003,4,58.1,2009-08-11 11:22:00,160,48.00,.00,0.00000000,,0,197.000000,CON 25,SPECIFIC CONDUCTANCE 25 DEG. C,USIEMENS,44.64500,-80.16750
200905003,2009-09-29 08:06:17,CCGS LIMNOS,GEORGIAN BAY,15,443842,-801003,4,58.1,2009-08-11 11:22:00,160,56.00,.00,0.00000000,,0,199.000000,CON 25,SPECIFIC CONDUCTANCE 25 DEG. C,USIEMENS,44.64500,-80.16750
200905003,2009-09-29 08:06:17,CCGS LIMNOS,GEORGIAN BAY,16,444413,-802607,6,86.7,2009-08-11 13:08:00,160,1.00,.00,0.00000000,,0,189.000000,CON 25,SPECIFIC CONDUCTANCE 25 DEG. C,USIEMENS,44.73694,-80.43528
200905003,2009-09-29 08:06:17,CCGS LIMNOS,GEORGIAN BAY,17,444333,-803606,3,31.3,2009-08-11 14:06:00,160,1.00,.00,0.00000000,,0,187.000000,CON 25,SPECIFIC CONDUCTANCE 25 DEG. C,USIEMENS,44.72583,-80.60167
200905003,2009-09-29 08:06:17,CCGS LIMNOS,GEORGIAN BAY,18,444303,-805125,1,89.9,2009-08-11 16:04:00,160,1.00,.00,0.00000000,,0,185.000000,CON 25,SPECIFIC CONDUCTANCE 25 DEG. C,USIEMENS,44.71750,-80.85694
200905003,2009-09-29 08:06:17,CCGS LIMNOS,GEORGIAN BAY,18,444303,-805125,1,89.9,2009-08-11 16:04:00,160,5.00,.00,0.00000000,,0,183.000000,CON 25,SPECIFIC CONDUCTANCE 25 DEG. C,USIEMENS,44.71750,-80.85694
200905003,2009-09-29 08:06:17,CCGS LIMNOS,GEORGIAN BAY,18,444303,-805125,1,89.9,2009-08-11 16:04:00,160,17.00,.00,0.00000000,,0,189.000000,CON 25,SPECIFIC CONDUCTANCE 25 DEG. C,USIEMENS,44.71750,-80.85694
200905003,2009-09-29 08:06:17,CCGS LIMNOS,GEORGIAN BAY,18,444303,-805125,1,89.9,2009-08-11 16:04:00,160,29.00,.00,0.00000000,,0,195.000000,CON 25,SPECIFIC CONDUCTANCE 25 DEG. C,USIEMENS,44.71750,-80.85694
200905003,2009-09-29 08:06:17,CCGS LIMNOS,GEORGIAN BAY,18,444303,-805125,1,89.9,2009-08-11 16:04:00,160,79.50,.00,0.00000000,,0,197.000000,CON 25,SPECIFIC CONDUCTANCE 25 DEG. C,USIEMENS,44.71750,-80.85694
200905003,2009-09-29 08:06:17,CCGS LIMNOS,GEORGIAN BAY,18,444303,-805125,1,89.9,2009-08-11 16:04:00,160,87.50,.00,0.00000000,,0,197.000000,CON 25,SPECIFIC CONDUCTANCE 25 DEG. C,USIEMENS,44.71750,-80.85694
200905003,2009-09-29 08:06:17,CCGS LIMNOS,GEORGIAN BAY,19,445518,-803629,11,59.9,2009-08-11 17:53:00,160,1.00,.00,0.00000000,,0,183.000000,CON 25,SPECIFIC CONDUCTANCE 25 DEG. C,USIEMENS,44.92167,-80.60806
200905003,2009-09-29 08:06:17,CCGS LIMNOS,GEORGIAN BAY,20,445513,-805229,12,88.9,2009-08-11 19:24:00,160,1.00,.00,0.00000000,,0,188.000000,CON 25,SPECIFIC CONDUCTANCE 25 DEG. C,USIEMENS,44.92028,-80.87472
200905003,2009-09-29 08:06:17,CCGS LIMNOS,GEORGIAN BAY,20,445513,-805229,12,88.9,2009-08-11 19:24:00,160,1.00,.00,0.00000000,,1,187.000000,CON 25,SPECIFIC CONDUCTANCE 25 DEG. C,USIEMENS,44.92028,-80.87472
200905003,2009-09-29 08:06:17,CCGS LIMNOS,GEORGIAN BAY,21,450401,-811512,19,53.5,2009-08-11 21:41:00,160,1.00,.00,0.00000000,,0,188.000000,CON 25,SPECIFIC CONDUCTANCE 25 DEG. C,USIEMENS,45.06694,-81.25333
200905003,2009-09-29 08:06:17,CCGS LIMNOS,GEORGIAN BAY,22,451439,-805224,17,76.7,2009-08-11 23:56:00,160,1.00,.00,0.00000000,,0,185.000000,CON 25,SPECIFIC CONDUCTANCE 25 DEG. C,USIEMENS,45.24417,-80.87333
200905003,2009-09-29 08:06:17,CCGS LIMNOS,GEORGIAN BAY,22,451439,-805224,17,76.7,2009-08-11 23:56:00,160,17.00,.00,0.00000000,,0,182.000000,CON 25,SPECIFIC CONDUCTANCE 25 DEG. C,USIEMENS,45.24417,-80.87333
200905003,2009-09-29 08:06:17,CCGS LIMNOS,GEORGIAN BAY,22,451439,-805224,17,76.7,2009-08-11 23:56:00,160,30.00,.00,0.00000000,,0,193.000000,CON 25,SPECIFIC CONDUCTANCE 25 DEG. C,USIEMENS,45.24417,-80.87333
200905003,2009-09-29 08:06:17,CCGS LIMNOS,GEORGIAN BAY,22,451439,-805224,17,76.7,2009-08-11 23:56:00,160,43.00,.00,0.00000000,,0,189.000000,CON 25,SPECIFIC CONDUCTANCE 25 DEG. C,USIEMENS,45.24417,-80.87333
200905003,2009-09-29 08:06:17,CCGS LIMNOS,GEORGIAN BAY,22,451439,-805224,17,76.7,2009-08-11 23:56:00,160,67.00,.00,0.00000000,,0,196.000000,CON 25,SPECIFIC CONDUCTANCE 25 DEG. C,USIEMENS,45.24417,-80.87333
200905003,2009-09-29 08:06:17,CCGS LIMNOS,GEORGIAN BAY,22,451439,-805224,17,76.7,2009-08-11 23:56:00,160,74.00,.00,0.00000000,,0,194.000000,CON 25,SPECIFIC CONDUCTANCE 25 DEG. C,USIEMENS,45.24417,-80.87333
200905003,2009-09-29 08:06:17,CCGS LIMNOS,GEORGIAN BAY,23,452152,-811122,21,87,2009-08-12 02:10:00,160,1.00,.00,0.00000000,,0,199.000000,CON 25,SPECIFIC CONDUCTANCE 25 DEG. C,USIEMENS,45.36444,-81.18944
200905003,2009-09-29 08:06:17,CCGS LIMNOS,GEORGIAN BAY,24,451418,-812623,31,61.3,2009-08-12 03:55:00,160,1.00,.00,0.00000000,,0,199.000000,CON 25,SPECIFIC CONDUCTANCE 25 DEG. C,USIEMENS,45.23833,-81.43972
200905003,2009-09-29 08:06:17,CCGS LIMNOS,GEORGIAN BAY,25,452212,-813505,33,54.3,2009-08-12 05:09:00,160,1.00,.00,0.00000000,,0,186.000000,CON 25,SPECIFIC CONDUCTANCE 25 DEG. C,USIEMENS,45.37000,-81.58472
200905003,2009-09-29 08:06:17,CCGS LIMNOS,GEORGIAN BAY,25,452212,-813505,33,54.3,2009-08-12 05:09:00,160,1.00,.00,0.00000000,,1,186.000000,CON 25,SPECIFIC CONDUCTANCE 25 DEG. C,USIEMENS,45.37000,-81.58472
200905003,2009-09-29 08:06:17,CCGS LIMNOS,GEORGIAN BAY,25,452212,-813505,33,54.3,2009-08-12 05:09:00,160,6.00,.00,0.00000000,,0,192.000000,CON 25,SPECIFIC CONDUCTANCE 25 DEG. C,USIEMENS,45.37000,-81.58472
200905003,2009-09-29 08:06:17,CCGS LIMNOS,GEORGIAN BAY,25,452212,-813505,33,54.3,2009-08-12 05:09:00,160,25.00,.00,0.00000000,,0,191.000000,CON 25,SPECIFIC CONDUCTANCE 25 DEG. C,USIEMENS,45.37000,-81.58472
200905003,2009-09-29 08:06:17,CCGS LIMNOS,GEORGIAN BAY,25,452212,-813505,33,54.3,2009-08-12 05:09:00,160,43.50,.00,0.00000000,,0,193.000000,CON 25,SPECIFIC CONDUCTANCE 25 DEG. C,USIEMENS,45.37000,-81.58472
200905003,2009-09-29 08:06:17,CCGS LIMNOS,GEORGIAN BAY,25,452212,-813505,33,54.3,2009-08-12 05:09:00,160,48.00,.00,0.00000000,,0,191.000000,CON 25,SPECIFIC CONDUCTANCE 25 DEG. C,USIEMENS,45.37000,-81.58472
200905003,2009-09-29 08:06:17,CCGS LIMNOS,GEORGIAN BAY,25,452212,-813505,33,54.3,2009-08-12 05:09:00,160,51.50,.00,0.00000000,,0,191.000000,CON 25,SPECIFIC CONDUCTANCE 25 DEG. C,USIEMENS,45.37000,-81.58472
200905003,2009-09-29 08:06:17,CCGS LIMNOS,GEORGIAN BAY,26,453138,-814010,35,36.7,2009-08-12 06:50:00,160,1.00,.00,0.00000000,,0,182.000000,CON 25,SPECIFIC CONDUCTANCE 25 DEG. C,USIEMENS,45.52722,-81.66944
200905001,2009-06-04 10:58:50,CCGS LIMNOS,GEORGIAN BAY,1,454544,-814801,46,19.9,2009-05-10 01:42:00,213,1.00,.00,0.00000000,,0,7.960000,PH,PH,PH UNITS,45.76222,-81.80028
200905001,2009-06-04 10:58:50,CCGS LIMNOS,GEORGIAN BAY,2,455446,-813545,42,27.4,2009-05-10 03:27:00,213,1.00,.00,0.00000000,,0,7.960000,PH,PH,PH UNITS,45.91278,-81.59583
200905001,2009-06-04 10:58:50,CCGS LIMNOS,GEORGIAN BAY,3,454228,-813713,36,53.6,2009-05-10 05:01:00,213,1.00,.00,0.00000000,,0,7.970000,PH,PH,PH UNITS,45.70778,-81.62028
200905001,2009-06-04 10:58:50,CCGS LIMNOS,GEORGIAN BAY,4,455223,-811529,39,27.3,2009-05-10 07:09:00,213,1.00,.00,0.00000000,,0,7.790000,PH,PH,PH UNITS,45.87306,-81.25806
200905001,2009-06-04 10:58:50,CCGS LIMNOS,GEORGIAN BAY,5,455200,-805958,27,18.9,2009-05-10 08:36:00,213,1.00,.00,0.00000000,,0,7.780000,PH,PH,PH UNITS,45.86667,-80.99944
200905001,2009-06-04 10:58:50,CCGS LIMNOS,GEORGIAN BAY,5,455200,-805958,27,18.9,2009-05-10 08:36:00,213,1.00,.00,0.00000000,,1,7.720000,PH,PH,PH UNITS,45.86667,-80.99944
200905001,2009-06-04 10:58:50,CCGS LIMNOS,GEORGIAN BAY,6,455003,-805355,26,25.3,2009-05-10 09:15:00,213,1.00,.00,0.00000000,,0,7.760000,PH,PH,PH UNITS,45.83417,-80.89861
200905001,2009-06-04 10:58:50,CCGS LIMNOS,GEORGIAN BAY,7,454044,-805022,24,40,2009-05-10 10:26:00,213,1.00,.00,0.00000000,,0,7.930000,PH,PH,PH UNITS,45.67889,-80.83944
200905001,2009-06-04 10:58:50,CCGS LIMNOS,GEORGIAN BAY,8,453501,-810539,29,42.4,2009-05-10 11:49:00,213,1.00,.00,0.00000000,,0,7.900000,PH,PH,PH UNITS,45.58361,-81.09417
200905001,2009-06-04 10:58:50,CCGS LIMNOS,GEORGIAN BAY,9,452116,-802913,16,22.8,2009-05-10 14:55:00,213,1.00,.00,0.00000000,,0,7.980000,PH,PH,PH UNITS,45.35444,-80.48694
200905001,2009-06-04 10:58:50,CCGS LIMNOS,GEORGIAN BAY,10,451934,-800658,122,89.2,2009-05-10 16:56:00,213,1.00,.00,0.00000000,,0,7.610000,PH,PH,PH UNITS,45.32611,-80.11611
200905001,2009-06-04 10:58:50,CCGS LIMNOS,GEORGIAN BAY,10,451934,-800658,122,89.2,2009-05-10 16:56:00,213,1.00,.00,0.00000000,,1,7.520000,PH,PH,PH UNITS,45.32611,-80.11611
200905001,2009-06-04 10:58:50,CCGS LIMNOS,GEORGIAN BAY,11,451000,-801747,15,46.1,2009-05-10 20:00:00,213,1.00,.00,0.00000000,,0,7.940000,PH,PH,PH UNITS,45.16667,-80.29639
200905001,2009-06-04 10:58:50,CCGS LIMNOS,GEORGIAN BAY,12,445708,-800901,8,48.3,2009-05-10 21:41:00,213,1.00,.00,0.00000000,,0,7.900000,PH,PH,PH UNITS,44.95222,-80.15028
200905001,2009-06-04 10:58:50,CCGS LIMNOS,GEORGIAN BAY,13,445220,-795807,9,28.9,2009-05-10 22:51:00,213,1.00,.00,0.00000000,,0,7.960000,PH,PH,PH UNITS,44.87222,-79.96861
200905001,2009-06-04 10:58:50,CCGS LIMNOS,GEORGIAN BAY,14,444748,-801434,5,54.9,2009-05-11 00:36:00,213,1.00,.00,0.00000000,,0,7.940000,PH,PH,PH UNITS,44.79667,-80.24278
200905001,2009-06-04 10:58:50,CCGS LIMNOS,GEORGIAN BAY,15,443847,-801003,4,57.5,2009-05-11 01:46:00,213,1.00,.00,0.00000000,,0,7.980000,PH,PH,PH UNITS,44.64639,-80.16750
200905001,2009-06-04 10:58:50,CCGS LIMNOS,GEORGIAN BAY,15,443847,-801003,4,57.5,2009-05-11 01:46:00,213,1.00,.00,0.00000000,,1,7.940000,PH,PH,PH UNITS,44.64639,-80.16750
200905001,2009-06-04 10:58:50,CCGS LIMNOS,GEORGIAN BAY,16,444411,-802604,6,86.7,2009-05-11 03:20:00,213,1.00,.00,0.00000000,,0,7.950000,PH,PH,PH UNITS,44.73639,-80.43444
200905001,2009-06-04 10:58:50,CCGS LIMNOS,GEORGIAN BAY,17,444400,-803600,3,30.7,2009-05-11 04:23:00,213,1.00,.00,0.00000000,,0,7.960000,PH,PH,PH UNITS,44.73333,-80.60000
200905001,2009-06-04 10:58:50,CCGS LIMNOS,GEORGIAN BAY,18,444302,-805124,1,88.7,2009-05-11 05:59:00,213,1.00,.00,0.00000000,,0,7.950000,PH,PH,PH UNITS,44.71722,-80.85667
200905001,2009-06-04 10:58:50,CCGS LIMNOS,GEORGIAN BAY,19,445516,-803621,11,63,2009-05-11 07:53:00,213,1.00,.00,0.00000000,,0,7.920000,PH,PH,PH UNITS,44.92111,-80.60583
200905001,2009-06-04 10:58:50,CCGS LIMNOS,GEORGIAN BAY,20,445508,-805232,12,88.5,2009-05-11 09:24:00,213,1.00,.00,0.00000000,,0,7.980000,PH,PH,PH UNITS,44.91889,-80.87556
200905001,2009-06-04 10:58:50,CCGS LIMNOS,GEORGIAN BAY,20,445508,-805232,12,88.5,2009-05-11 09:24:00,213,1.00,.00,0.00000000,,1,7.940000,PH,PH,PH UNITS,44.91889,-80.87556
200905001,2009-06-04 10:58:50,CCGS LIMNOS,GEORGIAN BAY,21,450359,-811512,19,53,2009-05-11 11:35:00,213,1.00,.00,0.00000000,,0,7.930000,PH,PH,PH UNITS,45.06639,-81.25333
200905001,2009-06-04 10:58:50,CCGS LIMNOS,GEORGIAN BAY,22,451442,-805232,17,78,2009-05-11 13:44:00,213,1.00,.00,0.00000000,,0,7.960000,PH,PH,PH UNITS,45.24500,-80.87556
200905001,2009-06-04 10:58:50,CCGS LIMNOS,GEORGIAN BAY,23,452153,-811124,21,86.4,2009-05-11 15:38:00,213,1.00,.00,0.00000000,,0,7.880000,PH,PH,PH UNITS,45.36472,-81.19000
200905001,2009-06-04 10:58:50,CCGS LIMNOS,GEORGIAN BAY,24,451417,-812625,31,58.9,2009-05-11 17:18:00,213,1.00,.00,0.00000000,,0,7.970000,PH,PH,PH UNITS,45.23806,-81.44028
200905001,2009-06-04 10:58:50,CCGS LIMNOS,GEORGIAN BAY,25,452213,-813507,33,53.3,2009-05-11 18:51:00,213,1.00,.00,0.00000000,,0,7.990000,PH,PH,PH UNITS,45.37028,-81.58528
200905001,2009-06-04 10:58:50,CCGS LIMNOS,GEORGIAN BAY,25,452213,-813507,33,53.3,2009-05-11 18:51:00,213,1.00,.00,0.00000000,,1,7.970000,PH,PH,PH UNITS,45.37028,-81.58528
200905001,2009-06-04 10:58:50,CCGS LIMNOS,GEORGIAN BAY,26,453140,-814012,35,35.6,2009-05-11 20:09:00,213,1.00,.00,0.00000000,,0,7.950000,PH,PH,PH UNITS,45.52778,-81.67000
200905003,2009-09-29 08:06:17,CCGS LIMNOS,GEORGIAN BAY,1,454547,-814746,46,19,2009-08-10 09:35:00,213,1.00,.00,0.00000000,,0,8.100000,PH,PH,PH UNITS,45.76306,-81.79611
200905003,2009-09-29 08:06:17,CCGS LIMNOS,GEORGIAN BAY,2,455444,-813542,42,28.1,2009-08-10 11:17:00,213,1.00,.00,0.00000000,,0,8.100000,PH,PH,PH UNITS,45.91222,-81.59500
200905003,2009-09-29 08:06:17,CCGS LIMNOS,GEORGIAN BAY,2,455444,-813542,42,28.1,2009-08-10 11:17:00,213,15.00,.00,0.00000000,,0,8.020000,PH,PH,PH UNITS,45.91222,-81.59500
200905003,2009-09-29 08:06:17,CCGS LIMNOS,GEORGIAN BAY,3,454231,-813715,36,50.5,2009-08-10 12:57:00,213,1.00,.00,0.00000000,,0,8.080000,PH,PH,PH UNITS,45.70861,-81.62083
200905003,2009-09-29 08:06:17,CCGS LIMNOS,GEORGIAN BAY,4,455224,-811529,39,25,2009-08-10 15:05:00,213,1.00,.00,0.00000000,,0,8.140000,PH,PH,PH UNITS,45.87333,-81.25806
200905003,2009-09-29 08:06:17,CCGS LIMNOS,GEORGIAN BAY,5,455159,-810002,27,16.5,2009-08-10 16:22:00,213,1.00,.00,0.00000000,,0,8.100000,PH,PH,PH UNITS,45.86639,-81.00056
200905003,2009-09-29 08:06:17,CCGS LIMNOS,GEORGIAN BAY,5,455159,-810002,27,16.5,2009-08-10 16:22:00,213,1.00,.00,0.00000000,,1,8.100000,PH,PH,PH UNITS,45.86639,-81.00056
200905003,2009-09-29 08:06:17,CCGS LIMNOS,GEORGIAN BAY,5,455159,-810002,27,16.5,2009-08-10 16:22:00,213,13.00,.00,0.00000000,,0,8.050000,PH,PH,PH UNITS,45.86639,-81.00056
200905003,2009-09-29 08:06:17,CCGS LIMNOS,GEORGIAN BAY,6,454958,-805400,26,25.4,2009-08-10 17:25:00,213,1.00,.00,0.00000000,,0,8.080000,PH,PH,PH UNITS,45.83278,-80.90000
200905003,2009-09-29 08:06:17,CCGS LIMNOS,GEORGIAN BAY,7,454044,-805022,24,40.4,2009-08-10 18:41:00,213,1.00,.00,0.00000000,,0,8.140000,PH,PH,PH UNITS,45.67889,-80.83944
200905003,2009-09-29 08:06:17,CCGS LIMNOS,GEORGIAN BAY,8,453500,-810500,29,43.1,2009-08-10 20:24:00,213,1.00,.00,0.00000000,,0,8.130000,PH,PH,PH UNITS,45.58333,-81.08333
200905003,2009-09-29 08:06:17,CCGS LIMNOS,GEORGIAN BAY,8,453500,-810500,29,43.1,2009-08-10 20:24:00,213,10.00,.00,0.00000000,,0,8.070000,PH,PH,PH UNITS,45.58333,-81.08333
200905003,2009-09-29 08:06:17,CCGS LIMNOS,GEORGIAN BAY,8,453500,-810500,29,43.1,2009-08-10 20:24:00,213,16.00,.00,0.00000000,,0,8.010000,PH,PH,PH UNITS,45.58333,-81.08333
200905003,2009-09-29 08:06:17,CCGS LIMNOS,GEORGIAN BAY,8,453500,-810500,29,43.1,2009-08-10 20:24:00,213,26.00,.00,0.00000000,,0,7.800000,PH,PH,PH UNITS,45.58333,-81.08333
200905003,2009-09-29 08:06:17,CCGS LIMNOS,GEORGIAN BAY,8,453500,-810500,29,43.1,2009-08-10 20:24:00,213,32.00,.00,0.00000000,,0,7.820000,PH,PH,PH UNITS,45.58333,-81.08333
200905003,2009-09-29 08:06:17,CCGS LIMNOS,GEORGIAN BAY,8,453500,-810500,29,43.1,2009-08-10 20:24:00,213,40.00,.00,0.00000000,,0,7.770000,PH,PH,PH UNITS,45.58333,-81.08333
200905003,2009-09-29 08:06:17,CCGS LIMNOS,GEORGIAN BAY,9,452110,-802911,16,23.1,2009-08-10 23:28:00,213,1.00,.00,0.00000000,,0,8.210000,PH,PH,PH UNITS,45.35278,-80.48639
200905003,2009-09-29 08:06:17,CCGS LIMNOS,GEORGIAN BAY,10,451929,-800701,122,95.7,2009-08-11 01:29:00,213,1.00,.00,0.00000000,,0,8.300000,PH,PH,PH UNITS,45.32472,-80.11694
200905003,2009-09-29 08:06:17,CCGS LIMNOS,GEORGIAN BAY,10,451929,-800701,122,95.7,2009-08-11 01:29:00,213,1.00,.00,0.00000000,,1,8.360000,PH,PH,PH UNITS,45.32472,-80.11694
200905003,2009-09-29 08:06:17,CCGS LIMNOS,GEORGIAN BAY,11,451001,-801748,15,44.2,2009-08-11 04:36:00,213,1.00,.00,0.00000000,,0,8.180000,PH,PH,PH UNITS,45.16694,-80.29667
200905003,2009-09-29 08:06:17,CCGS LIMNOS,GEORGIAN BAY,12,445710,-800859,8,50.8,2009-08-11 06:20:00,213,1.00,.00,0.00000000,,0,8.150000,PH,PH,PH UNITS,44.95278,-80.14972
200905003,2009-09-29 08:06:17,CCGS LIMNOS,GEORGIAN BAY,13,445216,-795802,9,28,2009-08-11 07:39:00,213,1.00,.00,0.00000000,,0,8.150000,PH,PH,PH UNITS,44.87111,-79.96722
200905003,2009-09-29 08:06:17,CCGS LIMNOS,GEORGIAN BAY,13,445216,-795802,9,28,2009-08-11 07:39:00,213,10.00,.00,0.00000000,,0,8.020000,PH,PH,PH UNITS,44.87111,-79.96722
200905003,2009-09-29 08:06:17,CCGS LIMNOS,GEORGIAN BAY,13,445216,-795802,9,28,2009-08-11 07:39:00,213,18.50,.00,0.00000000,,0,7.960000,PH,PH,PH UNITS,44.87111,-79.96722
200905003,2009-09-29 08:06:17,CCGS LIMNOS,GEORGIAN BAY,13,445216,-795802,9,28,2009-08-11 07:39:00,213,25.00,.00,0.00000000,,0,7.900000,PH,PH,PH UNITS,44.87111,-79.96722
200905003,2009-09-29 08:06:17,CCGS LIMNOS,GEORGIAN BAY,14,444748,-801437,5,58.4,2009-08-11 10:10:00,213,1.00,.00,0.00000000,,0,8.190000,PH,PH,PH UNITS,44.79667,-80.24361
200905003,2009-09-29 08:06:17,CCGS LIMNOS,GEORGIAN BAY,15,443842,-801003,4,58.1,2009-08-11 11:22:00,213,1.00,.00,0.00000000,,0,8.170000,PH,PH,PH UNITS,44.64500,-80.16750
200905003,2009-09-29 08:06:17,CCGS LIMNOS,GEORGIAN BAY,15,443842,-801003,4,58.1,2009-08-11 11:22:00,213,1.00,.00,0.00000000,,1,8.230000,PH,PH,PH UNITS,44.64500,-80.16750
200905003,2009-09-29 08:06:17,CCGS LIMNOS,GEORGIAN BAY,15,443842,-801003,4,58.1,2009-08-11 11:22:00,213,17.00,.00,0.00000000,,0,8.130000,PH,PH,PH UNITS,44.64500,-80.16750
200905003,2009-09-29 08:06:17,CCGS LIMNOS,GEORGIAN BAY,15,443842,-801003,4,58.1,2009-08-11 11:22:00,213,30.00,.00,0.00000000,,0,8.070000,PH,PH,PH UNITS,44.64500,-80.16750
200905003,2009-09-29 08:06:17,CCGS LIMNOS,GEORGIAN BAY,15,443842,-801003,4,58.1,2009-08-11 11:22:00,213,44.00,.00,0.00000000,,0,7.780000,PH,PH,PH UNITS,44.64500,-80.16750
200905003,2009-09-29 08:06:17,CCGS LIMNOS,GEORGIAN BAY,15,443842,-801003,4,58.1,2009-08-11 11:22:00,213,48.00,.00,0.00000000,,0,7.780000,PH,PH,PH UNITS,44.64500,-80.16750
200905003,2009-09-29 08:06:17,CCGS LIMNOS,GEORGIAN BAY,15,443842,-801003,4,58.1,2009-08-11 11:22:00,213,56.00,.00,0.00000000,,0,7.750000,PH,PH,PH UNITS,44.64500,-80.16750
200905003,2009-09-29 08:06:17,CCGS LIMNOS,GEORGIAN BAY,16,444413,-802607,6,86.7,2009-08-11 13:08:00,213,1.00,.00,0.00000000,,0,8.190000,PH,PH,PH UNITS,44.73694,-80.43528
200905003,2009-09-29 08:06:17,CCGS LIMNOS,GEORGIAN BAY,17,444333,-803606,3,31.3,2009-08-11 14:06:00,213,1.00,.00,0.00000000,,0,8.160000,PH,PH,PH UNITS,44.72583,-80.60167
200905003,2009-09-29 08:06:17,CCGS LIMNOS,GEORGIAN BAY,18,444303,-805125,1,89.9,2009-08-11 16:04:00,213,1.00,.00,0.00000000,,0,8.200000,PH,PH,PH UNITS,44.71750,-80.85694
200905003,2009-09-29 08:06:17,CCGS LIMNOS,GEORGIAN BAY,18,444303,-805125,1,89.9,2009-08-11 16:04:00,213,5.00,.00,0.00000000,,0,8.150000,PH,PH,PH UNITS,44.71750,-80.85694
200905003,2009-09-29 08:06:17,CCGS LIMNOS,GEORGIAN BAY,18,444303,-805125,1,89.9,2009-08-11 16:04:00,213,17.00,.00,0.00000000,,0,8.100000,PH,PH,PH UNITS,44.71750,-80.85694
200905003,2009-09-29 08:06:17,CCGS LIMNOS,GEORGIAN BAY,18,444303,-805125,1,89.9,2009-08-11 16:04:00,213,29.00,.00,0.00000000,,0,7.920000,PH,PH,PH UNITS,44.71750,-80.85694
200905003,2009-09-29 08:06:17,CCGS LIMNOS,GEORGIAN BAY,18,444303,-805125,1,89.9,2009-08-11 16:04:00,213,79.50,.00,0.00000000,,0,7.760000,PH,PH,PH UNITS,44.71750,-80.85694
200905003,2009-09-29 08:06:17,CCGS LIMNOS,GEORGIAN BAY,18,444303,-805125,1,89.9,2009-08-11 16:04:00,213,87.50,.00,0.00000000,,0,7.740000,PH,PH,PH UNITS,44.71750,-80.85694
200905003,2009-09-29 08:06:17,CCGS LIMNOS,GEORGIAN BAY,19,445518,-803629,11,59.9,2009-08-11 17:53:00,213,1.00,.00,0.00000000,,0,8.200000,PH,PH,PH UNITS,44.92167,-80.60806
200905003,2009-09-29 08:06:17,CCGS LIMNOS,GEORGIAN BAY,20,445513,-805229,12,88.9,2009-08-11 19:24:00,213,1.00,.00,0.00000000,,0,8.130000,PH,PH,PH UNITS,44.92028,-80.87472
200905003,2009-09-29 08:06:17,CCGS LIMNOS,GEORGIAN BAY,20,445513,-805229,12,88.9,2009-08-11 19:24:00,213,1.00,.00,0.00000000,,1,8.120000,PH,PH,PH UNITS,44.92028,-80.87472
200905003,2009-09-29 08:06:17,CCGS LIMNOS,GEORGIAN BAY,21,450401,-811512,19,53.5,2009-08-11 21:41:00,213,1.00,.00,0.00000000,,0,8.140000,PH,PH,PH UNITS,45.06694,-81.25333
200905003,2009-09-29 08:06:17,CCGS LIMNOS,GEORGIAN BAY,22,451439,-805224,17,76.7,2009-08-11 23:56:00,213,1.00,.00,0.00000000,,0,8.130000,PH,PH,PH UNITS,45.24417,-80.87333
200905003,2009-09-29 08:06:17,CCGS LIMNOS,GEORGIAN BAY,22,451439,-805224,17,76.7,2009-08-11 23:56:00,213,17.00,.00,0.00000000,,0,8.160000,PH,PH,PH UNITS,45.24417,-80.87333
200905003,2009-09-29 08:06:17,CCGS LIMNOS,GEORGIAN BAY,22,451439,-805224,17,76.7,2009-08-11 23:56:00,213,30.00,.00,0.00000000,,0,8.000000,PH,PH,PH UNITS,45.24417,-80.87333
200905003,2009-09-29 08:06:17,CCGS LIMNOS,GEORGIAN BAY,22,451439,-805224,17,76.7,2009-08-11 23:56:00,213,43.00,.00,0.00000000,,0,7.900000,PH,PH,PH UNITS,45.24417,-80.87333
200905003,2009-09-29 08:06:17,CCGS LIMNOS,GEORGIAN BAY,22,451439,-805224,17,76.7,2009-08-11 23:56:00,213,67.00,.00,0.00000000,,0,7.820000,PH,PH,PH UNITS,45.24417,-80.87333
200905003,2009-09-29 08:06:17,CCGS LIMNOS,GEORGIAN BAY,22,451439,-805224,17,76.7,2009-08-11 23:56:00,213,74.00,.00,0.00000000,,0,7.830000,PH,PH,PH UNITS,45.24417,-80.87333
200905003,2009-09-29 08:06:17,CCGS LIMNOS,GEORGIAN BAY,23,452152,-811122,21,87,2009-08-12 02:10:00,213,1.00,.00,0.00000000,,0,8.150000,PH,PH,PH UNITS,45.36444,-81.18944
200905003,2009-09-29 08:06:17,CCGS LIMNOS,GEORGIAN BAY,24,451418,-812623,31,61.3,2009-08-12 03:55:00,213,1.00,.00,0.00000000,,0,8.170000,PH,PH,PH UNITS,45.23833,-81.43972
200905003,2009-09-29 08:06:17,CCGS LIMNOS,GEORGIAN BAY,25,452212,-813505,33,54.3,2009-08-12 05:09:00,213,1.00,.00,0.00000000,,0,8.100000,PH,PH,PH UNITS,45.37000,-81.58472
200905003,2009-09-29 08:06:17,CCGS LIMNOS,GEORGIAN BAY,25,452212,-813505,33,54.3,2009-08-12 05:09:00,213,1.00,.00,0.00000000,,1,8.090000,PH,PH,PH UNITS,45.37000,-81.58472
200905003,2009-09-29 08:06:17,CCGS LIMNOS,GEORGIAN BAY,25,452212,-813505,33,54.3,2009-08-12 05:09:00,213,6.00,.00,0.00000000,,0,8.040000,PH,PH,PH UNITS,45.37000,-81.58472
200905003,2009-09-29 08:06:17,CCGS LIMNOS,GEORGIAN BAY,25,452212,-813505,33,54.3,2009-08-12 05:09:00,213,25.00,.00,0.00000000,,0,7.880000,PH,PH,PH UNITS,45.37000,-81.58472
200905003,2009-09-29 08:06:17,CCGS LIMNOS,GEORGIAN BAY,25,452212,-813505,33,54.3,2009-08-12 05:09:00,213,43.50,.00,0.00000000,,0,7.780000,PH,PH,PH UNITS,45.37000,-81.58472
200905003,2009-09-29 08:06:17,CCGS LIMNOS,GEORGIAN BAY,25,452212,-813505,33,54.3,2009-08-12 05:09:00,213,48.00,.00,0.00000000,,0,7.740000,PH,PH,PH UNITS,45.37000,-81.58472
200905003,2009-09-29 08:06:17,CCGS LIMNOS,GEORGIAN BAY,25,452212,-813505,33,54.3,2009-08-12 05:09:00,213,51.50,.00,0.00000000,,0,7.740000,PH,PH,PH UNITS,45.37000,-81.58472
200905003,2009-09-29 08:06:17,CCGS LIMNOS,GEORGIAN BAY,26,453138,-814010,35,36.7,2009-08-12 06:50:00,213,1.00,.00,0.00000000,,0,8.080000,PH,PH,PH UNITS,45.52722,-81.66944
200905001,2009-06-04 10:58:50,CCGS LIMNOS,GEORGIAN BAY,1,454544,-814801,46,19.9,2009-05-10 01:42:00,225,.00,17.00,0.00500000,,0,.172000,I-POC,"CARBON,PARTICULATE ORGANIC,INTEGRATED",MG C/L,45.76222,-81.80028
200905001,2009-06-04 10:58:50,CCGS LIMNOS,GEORGIAN BAY,2,455446,-813545,42,27.4,2009-05-10 03:27:00,225,.00,20.00,0.00500000,,0,.060000,I-POC,"CARBON,PARTICULATE ORGANIC,INTEGRATED",MG C/L,45.91278,-81.59583
200905001,2009-06-04 10:58:50,CCGS LIMNOS,GEORGIAN BAY,3,454228,-813713,36,53.6,2009-05-10 05:01:00,225,.00,20.00,0.00500000,,0,.061000,I-POC,"CARBON,PARTICULATE ORGANIC,INTEGRATED",MG C/L,45.70778,-81.62028
200905001,2009-06-04 10:58:50,CCGS LIMNOS,GEORGIAN BAY,4,455223,-811529,39,27.3,2009-05-10 07:09:00,225,.00,20.00,0.00500000,,0,.066000,I-POC,"CARBON,PARTICULATE ORGANIC,INTEGRATED",MG C/L,45.87306,-81.25806
200905001,2009-06-04 10:58:50,CCGS LIMNOS,GEORGIAN BAY,5,455200,-805958,27,18.9,2009-05-10 08:36:00,225,.00,15.00,0.00500000,,0,.064000,I-POC,"CARBON,PARTICULATE ORGANIC,INTEGRATED",MG C/L,45.86667,-80.99944
200905001,2009-06-04 10:58:50,CCGS LIMNOS,GEORGIAN BAY,5,455200,-805958,27,18.9,2009-05-10 08:36:00,225,.00,15.00,0.00500000,,1,.067000,I-POC,"CARBON,PARTICULATE ORGANIC,INTEGRATED",MG C/L,45.86667,-80.99944
200905001,2009-06-04 10:58:50,CCGS LIMNOS,GEORGIAN BAY,6,455003,-805355,26,25.3,2009-05-10 09:15:00,225,.00,18.00,0.00500000,,0,.051000,I-POC,"CARBON,PARTICULATE ORGANIC,INTEGRATED",MG C/L,45.83417,-80.89861
200905001,2009-06-04 10:58:50,CCGS LIMNOS,GEORGIAN BAY,7,454044,-805022,24,40,2009-05-10 10:26:00,225,.00,20.00,0.00500000,,0,.025000,I-POC,"CARBON,PARTICULATE ORGANIC,INTEGRATED",MG C/L,45.67889,-80.83944
200905001,2009-06-04 10:58:50,CCGS LIMNOS,GEORGIAN BAY,8,453501,-810539,29,42.4,2009-05-10 11:49:00,225,.00,20.00,0.00500000,,0,.040000,I-POC,"CARBON,PARTICULATE ORGANIC,INTEGRATED",MG C/L,45.58361,-81.09417
200905001,2009-06-04 10:58:50,CCGS LIMNOS,GEORGIAN BAY,9,452116,-802913,16,22.8,2009-05-10 14:55:00,225,.00,20.00,0.00500000,,0,.040000,I-POC,"CARBON,PARTICULATE ORGANIC,INTEGRATED",MG C/L,45.35444,-80.48694
200905001,2009-06-04 10:58:50,CCGS LIMNOS,GEORGIAN BAY,10,451934,-800658,122,89.2,2009-05-10 16:56:00,225,.00,20.00,0.00500000,,0,.152000,I-POC,"CARBON,PARTICULATE ORGANIC,INTEGRATED",MG C/L,45.32611,-80.11611
200905001,2009-06-04 10:58:50,CCGS LIMNOS,GEORGIAN BAY,10,451934,-800658,122,89.2,2009-05-10 16:56:00,225,.00,20.00,0.00500000,,1,.127000,I-POC,"CARBON,PARTICULATE ORGANIC,INTEGRATED",MG C/L,45.32611,-80.11611
200905001,2009-06-04 10:58:50,CCGS LIMNOS,GEORGIAN BAY,11,451000,-801747,15,46.1,2009-05-10 20:00:00,225,.00,20.00,0.00500000,,0,.049000,I-POC,"CARBON,PARTICULATE ORGANIC,INTEGRATED",MG C/L,45.16667,-80.29639
200905001,2009-06-04 10:58:50,CCGS LIMNOS,GEORGIAN BAY,12,445708,-800901,8,48.3,2009-05-10 21:41:00,225,.00,20.00,0.00500000,,0,.068000,I-POC,"CARBON,PARTICULATE ORGANIC,INTEGRATED",MG C/L,44.95222,-80.15028
200905001,2009-06-04 10:58:50,CCGS LIMNOS,GEORGIAN BAY,13,445220,-795807,9,28.9,2009-05-10 22:51:00,225,.00,20.00,0.00500000,,0,.098000,I-POC,"CARBON,PARTICULATE ORGANIC,INTEGRATED",MG C/L,44.87222,-79.96861
200905001,2009-06-04 10:58:50,CCGS LIMNOS,GEORGIAN BAY,14,444748,-801434,5,54.9,2009-05-11 00:36:00,225,.00,20.00,0.00500000,,0,.035000,I-POC,"CARBON,PARTICULATE ORGANIC,INTEGRATED",MG C/L,44.79667,-80.24278
200905001,2009-06-04 10:58:50,CCGS LIMNOS,GEORGIAN BAY,15,443847,-801003,4,57.5,2009-05-11 01:46:00,225,.00,20.00,0.00500000,,0,.070000,I-POC,"CARBON,PARTICULATE ORGANIC,INTEGRATED",MG C/L,44.64639,-80.16750
200905001,2009-06-04 10:58:50,CCGS LIMNOS,GEORGIAN BAY,15,443847,-801003,4,57.5,2009-05-11 01:46:00,225,.00,20.00,0.00500000,,1,.099000,I-POC,"CARBON,PARTICULATE ORGANIC,INTEGRATED",MG C/L,44.64639,-80.16750
200905001,2009-06-04 10:58:50,CCGS LIMNOS,GEORGIAN BAY,16,444411,-802604,6,86.7,2009-05-11 03:20:00,225,.00,20.00,0.00500000,,0,.069000,I-POC,"CARBON,PARTICULATE ORGANIC,INTEGRATED",MG C/L,44.73639,-80.43444
200905001,2009-06-04 10:58:50,CCGS LIMNOS,GEORGIAN BAY,17,444400,-803600,3,30.7,2009-05-11 04:23:00,225,.00,20.00,0.00500000,,0,.045000,I-POC,"CARBON,PARTICULATE ORGANIC,INTEGRATED",MG C/L,44.73333,-80.60000
200905001,2009-06-04 10:58:50,CCGS LIMNOS,GEORGIAN BAY,18,444302,-805124,1,88.7,2009-05-11 05:59:00,225,.00,20.00,0.00500000,,0,.079000,I-POC,"CARBON,PARTICULATE ORGANIC,INTEGRATED",MG C/L,44.71722,-80.85667
200905001,2009-06-04 10:58:50,CCGS LIMNOS,GEORGIAN BAY,19,445516,-803621,11,63,2009-05-11 07:53:00,225,.00,20.00,0.00500000,,0,.054000,I-POC,"CARBON,PARTICULATE ORGANIC,INTEGRATED",MG C/L,44.92111,-80.60583
200905001,2009-06-04 10:58:50,CCGS LIMNOS,GEORGIAN BAY,20,445508,-805232,12,88.5,2009-05-11 09:24:00,225,.00,20.00,0.00500000,,0,.061000,I-POC,"CARBON,PARTICULATE ORGANIC,INTEGRATED",MG C/L,44.91889,-80.87556
200905001,2009-06-04 10:58:50,CCGS LIMNOS,GEORGIAN BAY,20,445508,-805232,12,88.5,2009-05-11 09:24:00,225,.00,20.00,0.00500000,,1,.057000,I-POC,"CARBON,PARTICULATE ORGANIC,INTEGRATED",MG C/L,44.91889,-80.87556
200905001,2009-06-04 10:58:50,CCGS LIMNOS,GEORGIAN BAY,21,450359,-811512,19,53,2009-05-11 11:35:00,225,.00,20.00,0.00500000,,0,.066000,I-POC,"CARBON,PARTICULATE ORGANIC,INTEGRATED",MG C/L,45.06639,-81.25333
200905001,2009-06-04 10:58:50,CCGS LIMNOS,GEORGIAN BAY,22,451442,-805232,17,78,2009-05-11 13:44:00,225,.00,20.00,0.00500000,,0,.033000,I-POC,"CARBON,PARTICULATE ORGANIC,INTEGRATED",MG C/L,45.24500,-80.87556
200905001,2009-06-04 10:58:50,CCGS LIMNOS,GEORGIAN BAY,23,452153,-811124,21,86.4,2009-05-11 15:38:00,225,.00,20.00,0.00500000,,0,.089000,I-POC,"CARBON,PARTICULATE ORGANIC,INTEGRATED",MG C/L,45.36472,-81.19000
200905001,2009-06-04 10:58:50,CCGS LIMNOS,GEORGIAN BAY,24,451417,-812625,31,58.9,2009-05-11 17:18:00,225,.00,20.00,0.00500000,,0,.061000,I-POC,"CARBON,PARTICULATE ORGANIC,INTEGRATED",MG C/L,45.23806,-81.44028
200905001,2009-06-04 10:58:50,CCGS LIMNOS,GEORGIAN BAY,25,452213,-813507,33,53.3,2009-05-11 18:51:00,225,.00,20.00,0.00500000,,0,.059000,I-POC,"CARBON,PARTICULATE ORGANIC,INTEGRATED",MG C/L,45.37028,-81.58528
200905001,2009-06-04 10:58:50,CCGS LIMNOS,GEORGIAN BAY,25,452213,-813507,33,53.3,2009-05-11 18:51:00,225,.00,20.00,0.00500000,,1,.059000,I-POC,"CARBON,PARTICULATE ORGANIC,INTEGRATED",MG C/L,45.37028,-81.58528
200905001,2009-06-04 10:58:50,CCGS LIMNOS,GEORGIAN BAY,26,453140,-814012,35,35.6,2009-05-11 20:09:00,225,.00,20.00,0.00500000,,0,.075000,I-POC,"CARBON,PARTICULATE ORGANIC,INTEGRATED",MG C/L,45.52778,-81.67000
200905003,2009-09-29 08:06:17,CCGS LIMNOS,GEORGIAN BAY,1,454547,-814746,46,19,2009-08-10 09:35:00,225,.00,17.00,0.00500000,,0,.159000,I-POC,"CARBON,PARTICULATE ORGANIC,INTEGRATED",MG C/L,45.76306,-81.79611
200905003,2009-09-29 08:06:17,CCGS LIMNOS,GEORGIAN BAY,2,455444,-813542,42,28.1,2009-08-10 11:17:00,225,.00,20.00,0.00500000,,0,.105000,I-POC,"CARBON,PARTICULATE ORGANIC,INTEGRATED",MG C/L,45.91222,-81.59500
200905003,2009-09-29 08:06:17,CCGS LIMNOS,GEORGIAN BAY,3,454231,-813715,36,50.5,2009-08-10 12:57:00,225,.00,20.00,0.00500000,,0,.127000,I-POC,"CARBON,PARTICULATE ORGANIC,INTEGRATED",MG C/L,45.70861,-81.62083
200905003,2009-09-29 08:06:17,CCGS LIMNOS,GEORGIAN BAY,4,455224,-811529,39,25,2009-08-10 15:05:00,225,.00,20.00,0.00500000,,0,.139000,I-POC,"CARBON,PARTICULATE ORGANIC,INTEGRATED",MG C/L,45.87333,-81.25806
200905003,2009-09-29 08:06:17,CCGS LIMNOS,GEORGIAN BAY,5,455159,-810002,27,16.5,2009-08-10 16:22:00,225,.00,13.00,0.00500000,,0,.153000,I-POC,"CARBON,PARTICULATE ORGANIC,INTEGRATED",MG C/L,45.86639,-81.00056
200905003,2009-09-29 08:06:17,CCGS LIMNOS,GEORGIAN BAY,5,455159,-810002,27,16.5,2009-08-10 16:22:00,225,.00,13.00,0.00500000,,1,.145000,I-POC,"CARBON,PARTICULATE ORGANIC,INTEGRATED",MG C/L,45.86639,-81.00056
200905003,2009-09-29 08:06:17,CCGS LIMNOS,GEORGIAN BAY,6,454958,-805400,26,25.4,2009-08-10 17:25:00,225,.00,20.00,0.00500000,,0,.131000,I-POC,"CARBON,PARTICULATE ORGANIC,INTEGRATED",MG C/L,45.83278,-80.90000
200905003,2009-09-29 08:06:17,CCGS LIMNOS,GEORGIAN BAY,7,454044,-805022,24,40.4,2009-08-10 18:41:00,225,.00,20.00,0.00500000,,0,.140000,I-POC,"CARBON,PARTICULATE ORGANIC,INTEGRATED",MG C/L,45.67889,-80.83944
200905003,2009-09-29 08:06:17,CCGS LIMNOS,GEORGIAN BAY,8,453500,-810500,29,43.1,2009-08-10 20:24:00,225,.00,20.00,0.00500000,,0,.117000,I-POC,"CARBON,PARTICULATE ORGANIC,INTEGRATED",MG C/L,45.58333,-81.08333
200905003,2009-09-29 08:06:17,CCGS LIMNOS,GEORGIAN BAY,9,452110,-802911,16,23.1,2009-08-10 23:28:00,225,.00,20.00,0.00500000,,0,.141000,I-POC,"CARBON,PARTICULATE ORGANIC,INTEGRATED",MG C/L,45.35278,-80.48639
200905003,2009-09-29 08:06:17,CCGS LIMNOS,GEORGIAN BAY,10,451929,-800701,122,95.7,2009-08-11 01:29:00,225,.00,20.00,0.00500000,,0,.361000,I-POC,"CARBON,PARTICULATE ORGANIC,INTEGRATED",MG C/L,45.32472,-80.11694
200905003,2009-09-29 08:06:17,CCGS LIMNOS,GEORGIAN BAY,10,451929,-800701,122,95.7,2009-08-11 01:29:00,225,.00,20.00,0.00500000,,1,.318000,I-POC,"CARBON,PARTICULATE ORGANIC,INTEGRATED",MG C/L,45.32472,-80.11694
200905003,2009-09-29 08:06:17,CCGS LIMNOS,GEORGIAN BAY,11,451001,-801748,15,44.2,2009-08-11 04:36:00,225,.00,20.00,0.00500000,,0,.144000,I-POC,"CARBON,PARTICULATE ORGANIC,INTEGRATED",MG C/L,45.16694,-80.29667
200905003,2009-09-29 08:06:17,CCGS LIMNOS,GEORGIAN BAY,12,445710,-800859,8,50.8,2009-08-11 06:20:00,225,.00,20.00,0.00500000,,0,.144000,I-POC,"CARBON,PARTICULATE ORGANIC,INTEGRATED",MG C/L,44.95278,-80.14972
200905003,2009-09-29 08:06:17,CCGS LIMNOS,GEORGIAN BAY,13,445216,-795802,9,28,2009-08-11 07:39:00,225,.00,20.00,0.00500000,,0,.163000,I-POC,"CARBON,PARTICULATE ORGANIC,INTEGRATED",MG C/L,44.87111,-79.96722
200905003,2009-09-29 08:06:17,CCGS LIMNOS,GEORGIAN BAY,14,444748,-801437,5,58.4,2009-08-11 10:10:00,225,.00,20.00,0.00500000,,0,.157000,I-POC,"CARBON,PARTICULATE ORGANIC,INTEGRATED",MG C/L,44.79667,-80.24361
200905003,2009-09-29 08:06:17,CCGS LIMNOS,GEORGIAN BAY,15,443842,-801003,4,58.1,2009-08-11 11:22:00,225,.00,20.00,0.00500000,,0,.145000,I-POC,"CARBON,PARTICULATE ORGANIC,INTEGRATED",MG C/L,44.64500,-80.16750
200905003,2009-09-29 08:06:17,CCGS LIMNOS,GEORGIAN BAY,15,443842,-801003,4,58.1,2009-08-11 11:22:00,225,.00,20.00,0.00500000,,1,.138000,I-POC,"CARBON,PARTICULATE ORGANIC,INTEGRATED",MG C/L,44.64500,-80.16750
200905003,2009-09-29 08:06:17,CCGS LIMNOS,GEORGIAN BAY,16,444413,-802607,6,86.7,2009-08-11 13:08:00,225,.00,20.00,0.00500000,,0,.157000,I-POC,"CARBON,PARTICULATE ORGANIC,INTEGRATED",MG C/L,44.73694,-80.43528
200905003,2009-09-29 08:06:17,CCGS LIMNOS,GEORGIAN BAY,17,444333,-803606,3,31.3,2009-08-11 14:06:00,225,.00,20.00,0.00500000,,0,.159000,I-POC,"CARBON,PARTICULATE ORGANIC,INTEGRATED",MG C/L,44.72583,-80.60167
200905003,2009-09-29 08:06:17,CCGS LIMNOS,GEORGIAN BAY,18,444303,-805125,1,89.9,2009-08-11 16:04:00,225,.00,20.00,0.00500000,,0,.125000,I-POC,"CARBON,PARTICULATE ORGANIC,INTEGRATED",MG C/L,44.71750,-80.85694
200905003,2009-09-29 08:06:17,CCGS LIMNOS,GEORGIAN BAY,19,445518,-803629,11,59.9,2009-08-11 17:53:00,225,.00,20.00,0.00500000,,0,.140000,I-POC,"CARBON,PARTICULATE ORGANIC,INTEGRATED",MG C/L,44.92167,-80.60806
200905003,2009-09-29 08:06:17,CCGS LIMNOS,GEORGIAN BAY,20,445513,-805229,12,88.9,2009-08-11 19:24:00,225,.00,20.00,0.00500000,,0,.124000,I-POC,"CARBON,PARTICULATE ORGANIC,INTEGRATED",MG C/L,44.92028,-80.87472
200905003,2009-09-29 08:06:17,CCGS LIMNOS,GEORGIAN BAY,20,445513,-805229,12,88.9,2009-08-11 19:24:00,225,.00,20.00,0.00500000,,1,.119000,I-POC,"CARBON,PARTICULATE ORGANIC,INTEGRATED",MG C/L,44.92028,-80.87472
200905003,2009-09-29 08:06:17,CCGS LIMNOS,GEORGIAN BAY,21,450401,-811512,19,53.5,2009-08-11 21:41:00,225,.00,20.00,0.00500000,,0,.120000,I-POC,"CARBON,PARTICULATE ORGANIC,INTEGRATED",MG C/L,45.06694,-81.25333
200905003,2009-09-29 08:06:17,CCGS LIMNOS,GEORGIAN BAY,22,451439,-805224,17,76.7,2009-08-11 23:56:00,225,.00,20.00,0.00500000,,0,.140000,I-POC,"CARBON,PARTICULATE ORGANIC,INTEGRATED",MG C/L,45.24417,-80.87333
200905003,2009-09-29 08:06:17,CCGS LIMNOS,GEORGIAN BAY,23,452152,-811122,21,87,2009-08-12 02:10:00,225,.00,20.00,0.00500000,,0,.115000,I-POC,"CARBON,PARTICULATE ORGANIC,INTEGRATED",MG C/L,45.36444,-81.18944
200905003,2009-09-29 08:06:17,CCGS LIMNOS,GEORGIAN BAY,24,451418,-812623,31,61.3,2009-08-12 03:55:00,225,.00,20.00,0.00500000,,0,.112000,I-POC,"CARBON,PARTICULATE ORGANIC,INTEGRATED",MG C/L,45.23833,-81.43972
200905003,2009-09-29 08:06:17,CCGS LIMNOS,GEORGIAN BAY,25,452212,-813505,33,54.3,2009-08-12 05:09:00,225,.00,20.00,0.00500000,,0,.102000,I-POC,"CARBON,PARTICULATE ORGANIC,INTEGRATED",MG C/L,45.37000,-81.58472
200905003,2009-09-29 08:06:17,CCGS LIMNOS,GEORGIAN BAY,25,452212,-813505,33,54.3,2009-08-12 05:09:00,225,.00,20.00,0.00500000,,1,.109000,I-POC,"CARBON,PARTICULATE ORGANIC,INTEGRATED",MG C/L,45.37000,-81.58472
200905003,2009-09-29 08:06:17,CCGS LIMNOS,GEORGIAN BAY,26,453138,-814010,35,36.7,2009-08-12 06:50:00,225,.00,20.00,0.00500000,,0,.105000,I-POC,"CARBON,PARTICULATE ORGANIC,INTEGRATED",MG C/L,45.52722,-81.66944
200905001,2009-06-04 10:58:50,CCGS LIMNOS,GEORGIAN BAY,5,455200,-805958,27,18.9,2009-05-10 08:36:00,227,998.00,.00,0.00500000,,0,.016000,POC,"CARBON,PARTICULATE ORGANIC",MG C/L,45.86667,-80.99944
200905001,2009-06-04 10:58:50,CCGS LIMNOS,GEORGIAN BAY,10,451934,-800658,122,89.2,2009-05-10 16:56:00,227,998.00,.00,0.00500000,,0,.016000,POC,"CARBON,PARTICULATE ORGANIC",MG C/L,45.32611,-80.11611
200905001,2009-06-04 10:58:50,CCGS LIMNOS,GEORGIAN BAY,15,443847,-801003,4,57.5,2009-05-11 01:46:00,227,998.00,.00,0.00500000,,0,.030000,POC,"CARBON,PARTICULATE ORGANIC",MG C/L,44.64639,-80.16750
200905001,2009-06-04 10:58:50,CCGS LIMNOS,GEORGIAN BAY,20,445508,-805232,12,88.5,2009-05-11 09:24:00,227,998.00,.00,0.00500000,,0,.015000,POC,"CARBON,PARTICULATE ORGANIC",MG C/L,44.91889,-80.87556
200905001,2009-06-04 10:58:50,CCGS LIMNOS,GEORGIAN BAY,25,452213,-813507,33,53.3,2009-05-11 18:51:00,227,998.00,.00,0.00500000,,0,.015000,POC,"CARBON,PARTICULATE ORGANIC",MG C/L,45.37028,-81.58528
200905003,2009-09-29 08:06:17,CCGS LIMNOS,GEORGIAN BAY,5,455159,-810002,27,16.5,2009-08-10 16:22:00,227,998.00,.00,0.00500000,,0,.024000,POC,"CARBON,PARTICULATE ORGANIC",MG C/L,45.86639,-81.00056
200905003,2009-09-29 08:06:17,CCGS LIMNOS,GEORGIAN BAY,10,451929,-800701,122,95.7,2009-08-11 01:29:00,227,998.00,.00,0.00500000,,0,.021000,POC,"CARBON,PARTICULATE ORGANIC",MG C/L,45.32472,-80.11694
200905003,2009-09-29 08:06:17,CCGS LIMNOS,GEORGIAN BAY,15,443842,-801003,4,58.1,2009-08-11 11:22:00,227,998.00,.00,0.00500000,,0,.018000,POC,"CARBON,PARTICULATE ORGANIC",MG C/L,44.64500,-80.16750
200905003,2009-09-29 08:06:17,CCGS LIMNOS,GEORGIAN BAY,20,445513,-805229,12,88.9,2009-08-11 19:24:00,227,998.00,.00,0.00500000,,0,.017000,POC,"CARBON,PARTICULATE ORGANIC",MG C/L,44.92028,-80.87472
200905003,2009-09-29 08:06:17,CCGS LIMNOS,GEORGIAN BAY,25,452212,-813505,33,54.3,2009-08-12 05:09:00,227,998.00,.00,0.00500000,,0,.014000,POC,"CARBON,PARTICULATE ORGANIC",MG C/L,45.37000,-81.58472
200905001,2009-06-04 10:58:50,CCGS LIMNOS,GEORGIAN BAY,1,454544,-814801,46,19.9,2009-05-10 01:42:00,245,1.00,.00,0.00000000,,0,13.120000,D 02 W,"OXYGEN,CONCENTRATION DISSOLVED",MG 02/L,45.76222,-81.80028
200905001,2009-06-04 10:58:50,CCGS LIMNOS,GEORGIAN BAY,2,455446,-813545,42,27.4,2009-05-10 03:27:00,245,1.00,.00,0.00000000,,0,12.870000,D 02 W,"OXYGEN,CONCENTRATION DISSOLVED",MG 02/L,45.91278,-81.59583
200905001,2009-06-04 10:58:50,CCGS LIMNOS,GEORGIAN BAY,3,454228,-813713,36,53.6,2009-05-10 05:01:00,245,1.00,.00,0.00000000,,0,13.670000,D 02 W,"OXYGEN,CONCENTRATION DISSOLVED",MG 02/L,45.70778,-81.62028
200905001,2009-06-04 10:58:50,CCGS LIMNOS,GEORGIAN BAY,4,455223,-811529,39,27.3,2009-05-10 07:09:00,245,1.00,.00,0.00000000,,0,13.150000,D 02 W,"OXYGEN,CONCENTRATION DISSOLVED",MG 02/L,45.87306,-81.25806
200905001,2009-06-04 10:58:50,CCGS LIMNOS,GEORGIAN BAY,5,455200,-805958,27,18.9,2009-05-10 08:36:00,245,1.00,.00,0.00000000,,0,12.280000,D 02 W,"OXYGEN,CONCENTRATION DISSOLVED",MG 02/L,45.86667,-80.99944
200905001,2009-06-04 10:58:50,CCGS LIMNOS,GEORGIAN BAY,5,455200,-805958,27,18.9,2009-05-10 08:36:00,245,1.00,.00,0.00000000,,1,12.280000,D 02 W,"OXYGEN,CONCENTRATION DISSOLVED",MG 02/L,45.86667,-80.99944
200905001,2009-06-04 10:58:50,CCGS LIMNOS,GEORGIAN BAY,6,455003,-805355,26,25.3,2009-05-10 09:15:00,245,1.00,.00,0.00000000,,0,12.410000,D 02 W,"OXYGEN,CONCENTRATION DISSOLVED",MG 02/L,45.83417,-80.89861
200905001,2009-06-04 10:58:50,CCGS LIMNOS,GEORGIAN BAY,7,454044,-805022,24,40,2009-05-10 10:26:00,245,1.00,.00,0.00000000,,0,13.830000,D 02 W,"OXYGEN,CONCENTRATION DISSOLVED",MG 02/L,45.67889,-80.83944
200905001,2009-06-04 10:58:50,CCGS LIMNOS,GEORGIAN BAY,8,453501,-810539,29,42.4,2009-05-10 11:49:00,245,1.00,.00,0.00000000,,0,13.890000,D 02 W,"OXYGEN,CONCENTRATION DISSOLVED",MG 02/L,45.58361,-81.09417
200905001,2009-06-04 10:58:50,CCGS LIMNOS,GEORGIAN BAY,9,452116,-802913,16,22.8,2009-05-10 14:55:00,245,1.00,.00,0.00000000,,0,12.810000,D 02 W,"OXYGEN,CONCENTRATION DISSOLVED",MG 02/L,45.35444,-80.48694
200905001,2009-06-04 10:58:50,CCGS LIMNOS,GEORGIAN BAY,10,451934,-800658,122,89.2,2009-05-10 16:56:00,245,1.00,.00,0.00000000,,0,12.570000,D 02 W,"OXYGEN,CONCENTRATION DISSOLVED",MG 02/L,45.32611,-80.11611
200905001,2009-06-04 10:58:50,CCGS LIMNOS,GEORGIAN BAY,10,451934,-800658,122,89.2,2009-05-10 16:56:00,245,1.00,.00,0.00000000,,1,12.550000,D 02 W,"OXYGEN,CONCENTRATION DISSOLVED",MG 02/L,45.32611,-80.11611
200905001,2009-06-04 10:58:50,CCGS LIMNOS,GEORGIAN BAY,11,451000,-801747,15,46.1,2009-05-10 20:00:00,245,1.00,.00,0.00000000,,0,13.800000,D 02 W,"OXYGEN,CONCENTRATION DISSOLVED",MG 02/L,45.16667,-80.29639
200905001,2009-06-04 10:58:50,CCGS LIMNOS,GEORGIAN BAY,12,445708,-800901,8,48.3,2009-05-10 21:41:00,245,1.00,.00,0.00000000,,0,13.740000,D 02 W,"OXYGEN,CONCENTRATION DISSOLVED",MG 02/L,44.95222,-80.15028
200905001,2009-06-04 10:58:50,CCGS LIMNOS,GEORGIAN BAY,13,445220,-795807,9,28.9,2009-05-10 22:51:00,245,1.00,.00,0.00000000,,0,11.970000,D 02 W,"OXYGEN,CONCENTRATION DISSOLVED",MG 02/L,44.87222,-79.96861
200905001,2009-06-04 10:58:50,CCGS LIMNOS,GEORGIAN BAY,14,444748,-801434,5,54.9,2009-05-11 00:36:00,245,1.00,.00,0.00000000,,0,12.890000,D 02 W,"OXYGEN,CONCENTRATION DISSOLVED",MG 02/L,44.79667,-80.24278
200905001,2009-06-04 10:58:50,CCGS LIMNOS,GEORGIAN BAY,15,443847,-801003,4,57.5,2009-05-11 01:46:00,245,1.00,.00,0.00000000,,0,12.950000,D 02 W,"OXYGEN,CONCENTRATION DISSOLVED",MG 02/L,44.64639,-80.16750
200905001,2009-06-04 10:58:50,CCGS LIMNOS,GEORGIAN BAY,15,443847,-801003,4,57.5,2009-05-11 01:46:00,245,1.00,.00,0.00000000,,1,12.970000,D 02 W,"OXYGEN,CONCENTRATION DISSOLVED",MG 02/L,44.64639,-80.16750
200905001,2009-06-04 10:58:50,CCGS LIMNOS,GEORGIAN BAY,16,444411,-802604,6,86.7,2009-05-11 03:20:00,245,1.00,.00,0.00000000,,0,13.440000,D 02 W,"OXYGEN,CONCENTRATION DISSOLVED",MG 02/L,44.73639,-80.43444
200905001,2009-06-04 10:58:50,CCGS LIMNOS,GEORGIAN BAY,17,444400,-803600,3,30.7,2009-05-11 04:23:00,245,1.00,.00,0.00000000,,0,13.940000,D 02 W,"OXYGEN,CONCENTRATION DISSOLVED",MG 02/L,44.73333,-80.60000
200905001,2009-06-04 10:58:50,CCGS LIMNOS,GEORGIAN BAY,18,444302,-805124,1,88.7,2009-05-11 05:59:00,245,1.00,.00,0.00000000,,0,13.970000,D 02 W,"OXYGEN,CONCENTRATION DISSOLVED",MG 02/L,44.71722,-80.85667
200905001,2009-06-04 10:58:50,CCGS LIMNOS,GEORGIAN BAY,19,445516,-803621,11,63,2009-05-11 07:53:00,245,1.00,.00,0.00000000,,0,13.990000,D 02 W,"OXYGEN,CONCENTRATION DISSOLVED",MG 02/L,44.92111,-80.60583
200905001,2009-06-04 10:58:50,CCGS LIMNOS,GEORGIAN BAY,20,445508,-805232,12,88.5,2009-05-11 09:24:00,245,1.00,.00,0.00000000,,0,13.970000,D 02 W,"OXYGEN,CONCENTRATION DISSOLVED",MG 02/L,44.91889,-80.87556
200905001,2009-06-04 10:58:50,CCGS LIMNOS,GEORGIAN BAY,20,445508,-805232,12,88.5,2009-05-11 09:24:00,245,1.00,.00,0.00000000,,1,13.960000,D 02 W,"OXYGEN,CONCENTRATION DISSOLVED",MG 02/L,44.91889,-80.87556
200905001,2009-06-04 10:58:50,CCGS LIMNOS,GEORGIAN BAY,21,450359,-811512,19,53,2009-05-11 11:35:00,245,1.00,.00,0.00000000,,0,13.970000,D 02 W,"OXYGEN,CONCENTRATION DISSOLVED",MG 02/L,45.06639,-81.25333
200905001,2009-06-04 10:58:50,CCGS LIMNOS,GEORGIAN BAY,22,451442,-805232,17,78,2009-05-11 13:44:00,245,1.00,.00,0.00000000,,0,13.920000,D 02 W,"OXYGEN,CONCENTRATION DISSOLVED",MG 02/L,45.24500,-80.87556
200905001,2009-06-04 10:58:50,CCGS LIMNOS,GEORGIAN BAY,23,452153,-811124,21,86.4,2009-05-11 15:38:00,245,1.00,.00,0.00000000,,0,13.920000,D 02 W,"OXYGEN,CONCENTRATION DISSOLVED",MG 02/L,45.36472,-81.19000
200905001,2009-06-04 10:58:50,CCGS LIMNOS,GEORGIAN BAY,24,451417,-812625,31,58.9,2009-05-11 17:18:00,245,1.00,.00,0.00000000,,0,13.780000,D 02 W,"OXYGEN,CONCENTRATION DISSOLVED",MG 02/L,45.23806,-81.44028
200905001,2009-06-04 10:58:50,CCGS LIMNOS,GEORGIAN BAY,25,452213,-813507,33,53.3,2009-05-11 18:51:00,245,1.00,.00,0.00000000,,0,12.930000,D 02 W,"OXYGEN,CONCENTRATION DISSOLVED",MG 02/L,45.37028,-81.58528
200905001,2009-06-04 10:58:50,CCGS LIMNOS,GEORGIAN BAY,25,452213,-813507,33,53.3,2009-05-11 18:51:00,245,1.00,.00,0.00000000,,1,12.930000,D 02 W,"OXYGEN,CONCENTRATION DISSOLVED",MG 02/L,45.37028,-81.58528
200905001,2009-06-04 10:58:50,CCGS LIMNOS,GEORGIAN BAY,26,453140,-814012,35,35.6,2009-05-11 20:09:00,245,1.00,.00,0.00000000,,0,13.710000,D 02 W,"OXYGEN,CONCENTRATION DISSOLVED",MG 02/L,45.52778,-81.67000
200905003,2009-09-29 08:06:17,CCGS LIMNOS,GEORGIAN BAY,1,454547,-814746,46,19,2009-08-10 09:35:00,245,1.00,.00,0.00000000,,0,10.210000,D 02 W,"OXYGEN,CONCENTRATION DISSOLVED",MG 02/L,45.76306,-81.79611
200905003,2009-09-29 08:06:17,CCGS LIMNOS,GEORGIAN BAY,2,455444,-813542,42,28.1,2009-08-10 11:17:00,245,1.00,.00,0.00000000,,0,9.970000,D 02 W,"OXYGEN,CONCENTRATION DISSOLVED",MG 02/L,45.91222,-81.59500
200905003,2009-09-29 08:06:17,CCGS LIMNOS,GEORGIAN BAY,2,455444,-813542,42,28.1,2009-08-10 11:17:00,245,15.00,.00,0.00000000,,0,10.600000,D 02 W,"OXYGEN,CONCENTRATION DISSOLVED",MG 02/L,45.91222,-81.59500
200905003,2009-09-29 08:06:17,CCGS LIMNOS,GEORGIAN BAY,3,454231,-813715,36,50.5,2009-08-10 12:57:00,245,1.00,.00,0.00000000,,0,10.670000,D 02 W,"OXYGEN,CONCENTRATION DISSOLVED",MG 02/L,45.70861,-81.62083
200905003,2009-09-29 08:06:17,CCGS LIMNOS,GEORGIAN BAY,4,455224,-811529,39,25,2009-08-10 15:05:00,245,1.00,.00,0.00000000,,0,9.770000,D 02 W,"OXYGEN,CONCENTRATION DISSOLVED",MG 02/L,45.87333,-81.25806
200905003,2009-09-29 08:06:17,CCGS LIMNOS,GEORGIAN BAY,5,455159,-810002,27,16.5,2009-08-10 16:22:00,245,1.00,.00,0.00000000,,0,9.780000,D 02 W,"OXYGEN,CONCENTRATION DISSOLVED",MG 02/L,45.86639,-81.00056
200905003,2009-09-29 08:06:17,CCGS LIMNOS,GEORGIAN BAY,5,455159,-810002,27,16.5,2009-08-10 16:22:00,245,1.00,.00,0.00000000,,1,9.780000,D 02 W,"OXYGEN,CONCENTRATION DISSOLVED",MG 02/L,45.86639,-81.00056
200905003,2009-09-29 08:06:17,CCGS LIMNOS,GEORGIAN BAY,5,455159,-810002,27,16.5,2009-08-10 16:22:00,245,13.00,.00,0.00000000,,0,9.890000,D 02 W,"OXYGEN,CONCENTRATION DISSOLVED",MG 02/L,45.86639,-81.00056
200905003,2009-09-29 08:06:17,CCGS LIMNOS,GEORGIAN BAY,6,454958,-805400,26,25.4,2009-08-10 17:25:00,245,1.00,.00,0.00000000,,0,9.810000,D 02 W,"OXYGEN,CONCENTRATION DISSOLVED",MG 02/L,45.83278,-80.90000
200905003,2009-09-29 08:06:17,CCGS LIMNOS,GEORGIAN BAY,7,454044,-805022,24,40.4,2009-08-10 18:41:00,245,1.00,.00,0.00000000,,0,9.810000,D 02 W,"OXYGEN,CONCENTRATION DISSOLVED",MG 02/L,45.67889,-80.83944
200905003,2009-09-29 08:06:17,CCGS LIMNOS,GEORGIAN BAY,8,453500,-810500,29,43.1,2009-08-10 20:24:00,245,1.00,.00,0.00000000,,0,10.090000,D 02 W,"OXYGEN,CONCENTRATION DISSOLVED",MG 02/L,45.58333,-81.08333
200905003,2009-09-29 08:06:17,CCGS LIMNOS,GEORGIAN BAY,8,453500,-810500,29,43.1,2009-08-10 20:24:00,245,10.00,.00,0.00000000,,0,10.650000,D 02 W,"OXYGEN,CONCENTRATION DISSOLVED",MG 02/L,45.58333,-81.08333
200905003,2009-09-29 08:06:17,CCGS LIMNOS,GEORGIAN BAY,8,453500,-810500,29,43.1,2009-08-10 20:24:00,245,16.00,.00,0.00000000,,0,13.030000,D 02 W,"OXYGEN,CONCENTRATION DISSOLVED",MG 02/L,45.58333,-81.08333
200905003,2009-09-29 08:06:17,CCGS LIMNOS,GEORGIAN BAY,8,453500,-810500,29,43.1,2009-08-10 20:24:00,245,26.00,.00,0.00000000,,0,13.420000,D 02 W,"OXYGEN,CONCENTRATION DISSOLVED",MG 02/L,45.58333,-81.08333
200905003,2009-09-29 08:06:17,CCGS LIMNOS,GEORGIAN BAY,8,453500,-810500,29,43.1,2009-08-10 20:24:00,245,32.00,.00,0.00000000,,0,13.350000,D 02 W,"OXYGEN,CONCENTRATION DISSOLVED",MG 02/L,45.58333,-81.08333
200905003,2009-09-29 08:06:17,CCGS LIMNOS,GEORGIAN BAY,8,453500,-810500,29,43.1,2009-08-10 20:24:00,245,40.00,.00,0.00000000,,0,13.350000,D 02 W,"OXYGEN,CONCENTRATION DISSOLVED",MG 02/L,45.58333,-81.08333
200905003,2009-09-29 08:06:17,CCGS LIMNOS,GEORGIAN BAY,9,452110,-802911,16,23.1,2009-08-10 23:28:00,245,1.00,.00,0.00000000,,0,9.600000,D 02 W,"OXYGEN,CONCENTRATION DISSOLVED",MG 02/L,45.35278,-80.48639
200905003,2009-09-29 08:06:17,CCGS LIMNOS,GEORGIAN BAY,10,451929,-800701,122,95.7,2009-08-11 01:29:00,245,1.00,.00,0.00000000,,0,9.480000,D 02 W,"OXYGEN,CONCENTRATION DISSOLVED",MG 02/L,45.32472,-80.11694
200905003,2009-09-29 08:06:17,CCGS LIMNOS,GEORGIAN BAY,10,451929,-800701,122,95.7,2009-08-11 01:29:00,245,1.00,.00,0.00000000,,1,9.520000,D 02 W,"OXYGEN,CONCENTRATION DISSOLVED",MG 02/L,45.32472,-80.11694
200905003,2009-09-29 08:06:17,CCGS LIMNOS,GEORGIAN BAY,11,451001,-801748,15,44.2,2009-08-11 04:36:00,245,1.00,.00,0.00000000,,0,9.490000,D 02 W,"OXYGEN,CONCENTRATION DISSOLVED",MG 02/L,45.16694,-80.29667
200905003,2009-09-29 08:06:17,CCGS LIMNOS,GEORGIAN BAY,12,445710,-800859,8,50.8,2009-08-11 06:20:00,245,1.00,.00,0.00000000,,0,9.490000,D 02 W,"OXYGEN,CONCENTRATION DISSOLVED",MG 02/L,44.95278,-80.14972
200905003,2009-09-29 08:06:17,CCGS LIMNOS,GEORGIAN BAY,13,445216,-795802,9,28,2009-08-11 07:39:00,245,1.00,.00,0.00000000,,0,8.970000,D 02 W,"OXYGEN,CONCENTRATION DISSOLVED",MG 02/L,44.87111,-79.96722
200905003,2009-09-29 08:06:17,CCGS LIMNOS,GEORGIAN BAY,13,445216,-795802,9,28,2009-08-11 07:39:00,245,10.00,.00,0.00000000,,0,9.060000,D 02 W,"OXYGEN,CONCENTRATION DISSOLVED",MG 02/L,44.87111,-79.96722
200905003,2009-09-29 08:06:17,CCGS LIMNOS,GEORGIAN BAY,13,445216,-795802,9,28,2009-08-11 07:39:00,245,18.50,.00,0.00000000,,0,9.620000,D 02 W,"OXYGEN,CONCENTRATION DISSOLVED",MG 02/L,44.87111,-79.96722
200905003,2009-09-29 08:06:17,CCGS LIMNOS,GEORGIAN BAY,13,445216,-795802,9,28,2009-08-11 07:39:00,245,25.00,.00,0.00000000,,0,9.680000,D 02 W,"OXYGEN,CONCENTRATION DISSOLVED",MG 02/L,44.87111,-79.96722
200905003,2009-09-29 08:06:17,CCGS LIMNOS,GEORGIAN BAY,14,444748,-801437,5,58.4,2009-08-11 10:10:00,245,1.00,.00,0.00000000,,0,9.330000,D 02 W,"OXYGEN,CONCENTRATION DISSOLVED",MG 02/L,44.79667,-80.24361
200905003,2009-09-29 08:06:17,CCGS LIMNOS,GEORGIAN BAY,15,443842,-801003,4,58.1,2009-08-11 11:22:00,245,1.00,.00,0.00000000,,0,9.270000,D 02 W,"OXYGEN,CONCENTRATION DISSOLVED",MG 02/L,44.64500,-80.16750
200905003,2009-09-29 08:06:17,CCGS LIMNOS,GEORGIAN BAY,15,443842,-801003,4,58.1,2009-08-11 11:22:00,245,1.00,.00,0.00000000,,1,9.280000,D 02 W,"OXYGEN,CONCENTRATION DISSOLVED",MG 02/L,44.64500,-80.16750
200905003,2009-09-29 08:06:17,CCGS LIMNOS,GEORGIAN BAY,15,443842,-801003,4,58.1,2009-08-11 11:22:00,245,17.00,.00,0.00000000,,0,10.250000,D 02 W,"OXYGEN,CONCENTRATION DISSOLVED",MG 02/L,44.64500,-80.16750
200905003,2009-09-29 08:06:17,CCGS LIMNOS,GEORGIAN BAY,15,443842,-801003,4,58.1,2009-08-11 11:22:00,245,30.00,.00,0.00000000,,0,13.210000,D 02 W,"OXYGEN,CONCENTRATION DISSOLVED",MG 02/L,44.64500,-80.16750
200905003,2009-09-29 08:06:17,CCGS LIMNOS,GEORGIAN BAY,15,443842,-801003,4,58.1,2009-08-11 11:22:00,245,44.00,.00,0.00000000,,0,12.910000,D 02 W,"OXYGEN,CONCENTRATION DISSOLVED",MG 02/L,44.64500,-80.16750
200905003,2009-09-29 08:06:17,CCGS LIMNOS,GEORGIAN BAY,15,443842,-801003,4,58.1,2009-08-11 11:22:00,245,48.00,.00,0.00000000,,0,12.890000,D 02 W,"OXYGEN,CONCENTRATION DISSOLVED",MG 02/L,44.64500,-80.16750
200905003,2009-09-29 08:06:17,CCGS LIMNOS,GEORGIAN BAY,15,443842,-801003,4,58.1,2009-08-11 11:22:00,245,56.00,.00,0.00000000,,0,12.880000,D 02 W,"OXYGEN,CONCENTRATION DISSOLVED",MG 02/L,44.64500,-80.16750
200905003,2009-09-29 08:06:17,CCGS LIMNOS,GEORGIAN BAY,16,444413,-802607,6,86.7,2009-08-11 13:08:00,245,1.00,.00,0.00000000,,0,9.300000,D 02 W,"OXYGEN,CONCENTRATION DISSOLVED",MG 02/L,44.73694,-80.43528
200905003,2009-09-29 08:06:17,CCGS LIMNOS,GEORGIAN BAY,17,444333,-803606,3,31.3,2009-08-11 14:06:00,245,1.00,.00,0.00000000,,0,9.460000,D 02 W,"OXYGEN,CONCENTRATION DISSOLVED",MG 02/L,44.72583,-80.60167
200905003,2009-09-29 08:06:17,CCGS LIMNOS,GEORGIAN BAY,18,444303,-805125,1,89.9,2009-08-11 16:04:00,245,1.00,.00,0.00000000,,0,9.550000,D 02 W,"OXYGEN,CONCENTRATION DISSOLVED",MG 02/L,44.71750,-80.85694
200905003,2009-09-29 08:06:17,CCGS LIMNOS,GEORGIAN BAY,18,444303,-805125,1,89.9,2009-08-11 16:04:00,245,5.00,.00,0.00000000,,0,9.810000,D 02 W,"OXYGEN,CONCENTRATION DISSOLVED",MG 02/L,44.71750,-80.85694
200905003,2009-09-29 08:06:17,CCGS LIMNOS,GEORGIAN BAY,18,444303,-805125,1,89.9,2009-08-11 16:04:00,245,17.00,.00,0.00000000,,0,12.150000,D 02 W,"OXYGEN,CONCENTRATION DISSOLVED",MG 02/L,44.71750,-80.85694
200905003,2009-09-29 08:06:17,CCGS LIMNOS,GEORGIAN BAY,18,444303,-805125,1,89.9,2009-08-11 16:04:00,245,29.00,.00,0.00000000,,0,13.550000,D 02 W,"OXYGEN,CONCENTRATION DISSOLVED",MG 02/L,44.71750,-80.85694
200905003,2009-09-29 08:06:17,CCGS LIMNOS,GEORGIAN BAY,18,444303,-805125,1,89.9,2009-08-11 16:04:00,245,79.50,.00,0.00000000,,0,13.240000,D 02 W,"OXYGEN,CONCENTRATION DISSOLVED",MG 02/L,44.71750,-80.85694
200905003,2009-09-29 08:06:17,CCGS LIMNOS,GEORGIAN BAY,18,444303,-805125,1,89.9,2009-08-11 16:04:00,245,87.50,.00,0.00000000,,0,13.160000,D 02 W,"OXYGEN,CONCENTRATION DISSOLVED",MG 02/L,44.71750,-80.85694
200905003,2009-09-29 08:06:17,CCGS LIMNOS,GEORGIAN BAY,19,445518,-803629,11,59.9,2009-08-11 17:53:00,245,1.00,.00,0.00000000,,0,9.620000,D 02 W,"OXYGEN,CONCENTRATION DISSOLVED",MG 02/L,44.92167,-80.60806
200905003,2009-09-29 08:06:17,CCGS LIMNOS,GEORGIAN BAY,20,445513,-805229,12,88.9,2009-08-11 19:24:00,245,1.00,.00,0.00000000,,0,9.630000,D 02 W,"OXYGEN,CONCENTRATION DISSOLVED",MG 02/L,44.92028,-80.87472
200905003,2009-09-29 08:06:17,CCGS LIMNOS,GEORGIAN BAY,20,445513,-805229,12,88.9,2009-08-11 19:24:00,245,1.00,.00,0.00000000,,1,9.660000,D 02 W,"OXYGEN,CONCENTRATION DISSOLVED",MG 02/L,44.92028,-80.87472
200905003,2009-09-29 08:06:17,CCGS LIMNOS,GEORGIAN BAY,21,450401,-811512,19,53.5,2009-08-11 21:41:00,245,1.00,.00,0.00000000,,0,9.780000,D 02 W,"OXYGEN,CONCENTRATION DISSOLVED",MG 02/L,45.06694,-81.25333
200905003,2009-09-29 08:06:17,CCGS LIMNOS,GEORGIAN BAY,22,451439,-805224,17,76.7,2009-08-11 23:56:00,245,1.00,.00,0.00000000,,0,9.680000,D 02 W,"OXYGEN,CONCENTRATION DISSOLVED",MG 02/L,45.24417,-80.87333
200905003,2009-09-29 08:06:17,CCGS LIMNOS,GEORGIAN BAY,22,451439,-805224,17,76.7,2009-08-11 23:56:00,245,17.00,.00,0.00000000,,0,10.180000,D 02 W,"OXYGEN,CONCENTRATION DISSOLVED",MG 02/L,45.24417,-80.87333
200905003,2009-09-29 08:06:17,CCGS LIMNOS,GEORGIAN BAY,22,451439,-805224,17,76.7,2009-08-11 23:56:00,245,30.00,.00,0.00000000,,0,13.290000,D 02 W,"OXYGEN,CONCENTRATION DISSOLVED",MG 02/L,45.24417,-80.87333
200905003,2009-09-29 08:06:17,CCGS LIMNOS,GEORGIAN BAY,22,451439,-805224,17,76.7,2009-08-11 23:56:00,245,43.00,.00,0.00000000,,0,13.340000,D 02 W,"OXYGEN,CONCENTRATION DISSOLVED",MG 02/L,45.24417,-80.87333
200905003,2009-09-29 08:06:17,CCGS LIMNOS,GEORGIAN BAY,22,451439,-805224,17,76.7,2009-08-11 23:56:00,245,67.00,.00,0.00000000,,0,12.290000,D 02 W,"OXYGEN,CONCENTRATION DISSOLVED",MG 02/L,45.24417,-80.87333
200905003,2009-09-29 08:06:17,CCGS LIMNOS,GEORGIAN BAY,22,451439,-805224,17,76.7,2009-08-11 23:56:00,245,74.00,.00,0.00000000,,0,13.200000,D 02 W,"OXYGEN,CONCENTRATION DISSOLVED",MG 02/L,45.24417,-80.87333
200905003,2009-09-29 08:06:17,CCGS LIMNOS,GEORGIAN BAY,23,452152,-811122,21,87,2009-08-12 02:10:00,245,1.00,.00,0.00000000,,0,9.660000,D 02 W,"OXYGEN,CONCENTRATION DISSOLVED",MG 02/L,45.36444,-81.18944
200905003,2009-09-29 08:06:17,CCGS LIMNOS,GEORGIAN BAY,24,451418,-812623,31,61.3,2009-08-12 03:55:00,245,1.00,.00,0.00000000,,0,9.710000,D 02 W,"OXYGEN,CONCENTRATION DISSOLVED",MG 02/L,45.23833,-81.43972
200905003,2009-09-29 08:06:17,CCGS LIMNOS,GEORGIAN BAY,25,452212,-813505,33,54.3,2009-08-12 05:09:00,245,1.00,.00,0.00000000,,0,10.210000,D 02 W,"OXYGEN,CONCENTRATION DISSOLVED",MG 02/L,45.37000,-81.58472
200905003,2009-09-29 08:06:17,CCGS LIMNOS,GEORGIAN BAY,25,452212,-813505,33,54.3,2009-08-12 05:09:00,245,1.00,.00,0.00000000,,1,10.210000,D 02 W,"OXYGEN,CONCENTRATION DISSOLVED",MG 02/L,45.37000,-81.58472
200905003,2009-09-29 08:06:17,CCGS LIMNOS,GEORGIAN BAY,25,452212,-813505,33,54.3,2009-08-12 05:09:00,245,6.00,.00,0.00000000,,0,11.370000,D 02 W,"OXYGEN,CONCENTRATION DISSOLVED",MG 02/L,45.37000,-81.58472
200905003,2009-09-29 08:06:17,CCGS LIMNOS,GEORGIAN BAY,25,452212,-813505,33,54.3,2009-08-12 05:09:00,245,25.00,.00,0.00000000,,0,13.470000,D 02 W,"OXYGEN,CONCENTRATION DISSOLVED",MG 02/L,45.37000,-81.58472
200905003,2009-09-29 08:06:17,CCGS LIMNOS,GEORGIAN BAY,25,452212,-813505,33,54.3,2009-08-12 05:09:00,245,43.50,.00,0.00000000,,0,13.550000,D 02 W,"OXYGEN,CONCENTRATION DISSOLVED",MG 02/L,45.37000,-81.58472
200905003,2009-09-29 08:06:17,CCGS LIMNOS,GEORGIAN BAY,25,452212,-813505,33,54.3,2009-08-12 05:09:00,245,48.00,.00,0.00000000,,0,13.330000,D 02 W,"OXYGEN,CONCENTRATION DISSOLVED",MG 02/L,45.37000,-81.58472
200905003,2009-09-29 08:06:17,CCGS LIMNOS,GEORGIAN BAY,25,452212,-813505,33,54.3,2009-08-12 05:09:00,245,51.50,.00,0.00000000,,0,13.330000,D 02 W,"OXYGEN,CONCENTRATION DISSOLVED",MG 02/L,45.37000,-81.58472
200905003,2009-09-29 08:06:17,CCGS LIMNOS,GEORGIAN BAY,26,453138,-814010,35,36.7,2009-08-12 06:50:00,245,1.00,.00,0.00000000,,0,10.030000,D 02 W,"OXYGEN,CONCENTRATION DISSOLVED",MG 02/L,45.52722,-81.66944
200905001,2009-06-04 10:58:50,CCGS LIMNOS,GEORGIAN BAY,1,454544,-814801,46,19.9,2009-05-10 01:42:00,247,1.00,.00,0.00000000,,0,106.000000,SAT 02,"OXYGEN,% SAT. DISSOLVED",PERCENT,45.76222,-81.80028
200905001,2009-06-04 10:58:50,CCGS LIMNOS,GEORGIAN BAY,2,455446,-813545,42,27.4,2009-05-10 03:27:00,247,1.00,.00,0.00000000,,0,106.000000,SAT 02,"OXYGEN,% SAT. DISSOLVED",PERCENT,45.91278,-81.59583
200905001,2009-06-04 10:58:50,CCGS LIMNOS,GEORGIAN BAY,3,454228,-813713,36,53.6,2009-05-10 05:01:00,247,1.00,.00,0.00000000,,0,106.000000,SAT 02,"OXYGEN,% SAT. DISSOLVED",PERCENT,45.70778,-81.62028
200905001,2009-06-04 10:58:50,CCGS LIMNOS,GEORGIAN BAY,4,455223,-811529,39,27.3,2009-05-10 07:09:00,247,1.00,.00,0.00000000,,0,104.000000,SAT 02,"OXYGEN,% SAT. DISSOLVED",PERCENT,45.87306,-81.25806
200905001,2009-06-04 10:58:50,CCGS LIMNOS,GEORGIAN BAY,5,455200,-805958,27,18.9,2009-05-10 08:36:00,247,1.00,.00,0.00000000,,0,103.000000,SAT 02,"OXYGEN,% SAT. DISSOLVED",PERCENT,45.86667,-80.99944
200905001,2009-06-04 10:58:50,CCGS LIMNOS,GEORGIAN BAY,5,455200,-805958,27,18.9,2009-05-10 08:36:00,247,1.00,.00,0.00000000,,1,103.000000,SAT 02,"OXYGEN,% SAT. DISSOLVED",PERCENT,45.86667,-80.99944
200905001,2009-06-04 10:58:50,CCGS LIMNOS,GEORGIAN BAY,6,455003,-805355,26,25.3,2009-05-10 09:15:00,247,1.00,.00,0.00000000,,0,103.000000,SAT 02,"OXYGEN,% SAT. DISSOLVED",PERCENT,45.83417,-80.89861
200905001,2009-06-04 10:58:50,CCGS LIMNOS,GEORGIAN BAY,7,454044,-805022,24,40,2009-05-10 10:26:00,247,1.00,.00,0.00000000,,0,105.000000,SAT 02,"OXYGEN,% SAT. DISSOLVED",PERCENT,45.67889,-80.83944
200905001,2009-06-04 10:58:50,CCGS LIMNOS,GEORGIAN BAY,8,453501,-810539,29,42.4,2009-05-10 11:49:00,247,1.00,.00,0.00000000,,0,104.000000,SAT 02,"OXYGEN,% SAT. DISSOLVED",PERCENT,45.58361,-81.09417
200905001,2009-06-04 10:58:50,CCGS LIMNOS,GEORGIAN BAY,9,452116,-802913,16,22.8,2009-05-10 14:55:00,247,1.00,.00,0.00000000,,0,104.000000,SAT 02,"OXYGEN,% SAT. DISSOLVED",PERCENT,45.35444,-80.48694
200905001,2009-06-04 10:58:50,CCGS LIMNOS,GEORGIAN BAY,10,451934,-800658,122,89.2,2009-05-10 16:56:00,247,1.00,.00,0.00000000,,0,104.000000,SAT 02,"OXYGEN,% SAT. DISSOLVED",PERCENT,45.32611,-80.11611
200905001,2009-06-04 10:58:50,CCGS LIMNOS,GEORGIAN BAY,10,451934,-800658,122,89.2,2009-05-10 16:56:00,247,1.00,.00,0.00000000,,1,104.000000,SAT 02,"OXYGEN,% SAT. DISSOLVED",PERCENT,45.32611,-80.11611
200905001,2009-06-04 10:58:50,CCGS LIMNOS,GEORGIAN BAY,11,451000,-801747,15,46.1,2009-05-10 20:00:00,247,1.00,.00,0.00000000,,0,105.000000,SAT 02,"OXYGEN,% SAT. DISSOLVED",PERCENT,45.16667,-80.29639
200905001,2009-06-04 10:58:50,CCGS LIMNOS,GEORGIAN BAY,12,445708,-800901,8,48.3,2009-05-10 21:41:00,247,1.00,.00,0.00000000,,0,105.000000,SAT 02,"OXYGEN,% SAT. DISSOLVED",PERCENT,44.95222,-80.15028
200905001,2009-06-04 10:58:50,CCGS LIMNOS,GEORGIAN BAY,13,445220,-795807,9,28.9,2009-05-10 22:51:00,247,1.00,.00,0.00000000,,0,105.000000,SAT 02,"OXYGEN,% SAT. DISSOLVED",PERCENT,44.87222,-79.96861
200905001,2009-06-04 10:58:50,CCGS LIMNOS,GEORGIAN BAY,14,444748,-801434,5,54.9,2009-05-11 00:36:00,247,1.00,.00,0.00000000,,0,98.000000,SAT 02,"OXYGEN,% SAT. DISSOLVED",PERCENT,44.79667,-80.24278
200905001,2009-06-04 10:58:50,CCGS LIMNOS,GEORGIAN BAY,15,443847,-801003,4,57.5,2009-05-11 01:46:00,247,1.00,.00,0.00000000,,0,98.000000,SAT 02,"OXYGEN,% SAT. DISSOLVED",PERCENT,44.64639,-80.16750
200905001,2009-06-04 10:58:50,CCGS LIMNOS,GEORGIAN BAY,15,443847,-801003,4,57.5,2009-05-11 01:46:00,247,1.00,.00,0.00000000,,1,98.000000,SAT 02,"OXYGEN,% SAT. DISSOLVED",PERCENT,44.64639,-80.16750
200905001,2009-06-04 10:58:50,CCGS LIMNOS,GEORGIAN BAY,16,444411,-802604,6,86.7,2009-05-11 03:20:00,247,1.00,.00,0.00000000,,0,99.000000,SAT 02,"OXYGEN,% SAT. DISSOLVED",PERCENT,44.73639,-80.43444
200905001,2009-06-04 10:58:50,CCGS LIMNOS,GEORGIAN BAY,17,444400,-803600,3,30.7,2009-05-11 04:23:00,247,1.00,.00,0.00000000,,0,106.000000,SAT 02,"OXYGEN,% SAT. DISSOLVED",PERCENT,44.73333,-80.60000
200905001,2009-06-04 10:58:50,CCGS LIMNOS,GEORGIAN BAY,18,444302,-805124,1,88.7,2009-05-11 05:59:00,247,1.00,.00,0.00000000,,0,104.000000,SAT 02,"OXYGEN,% SAT. DISSOLVED",PERCENT,44.71722,-80.85667
200905001,2009-06-04 10:58:50,CCGS LIMNOS,GEORGIAN BAY,19,445516,-803621,11,63,2009-05-11 07:53:00,247,1.00,.00,0.00000000,,0,103.000000,SAT 02,"OXYGEN,% SAT. DISSOLVED",PERCENT,44.92111,-80.60583
200905001,2009-06-04 10:58:50,CCGS LIMNOS,GEORGIAN BAY,20,445508,-805232,12,88.5,2009-05-11 09:24:00,247,1.00,.00,0.00000000,,0,103.000000,SAT 02,"OXYGEN,% SAT. DISSOLVED",PERCENT,44.91889,-80.87556
200905001,2009-06-04 10:58:50,CCGS LIMNOS,GEORGIAN BAY,20,445508,-805232,12,88.5,2009-05-11 09:24:00,247,1.00,.00,0.00000000,,1,103.000000,SAT 02,"OXYGEN,% SAT. DISSOLVED",PERCENT,44.91889,-80.87556
200905001,2009-06-04 10:58:50,CCGS LIMNOS,GEORGIAN BAY,21,450359,-811512,19,53,2009-05-11 11:35:00,247,1.00,.00,0.00000000,,0,103.000000,SAT 02,"OXYGEN,% SAT. DISSOLVED",PERCENT,45.06639,-81.25333
200905001,2009-06-04 10:58:50,CCGS LIMNOS,GEORGIAN BAY,22,451442,-805232,17,78,2009-05-11 13:44:00,247,1.00,.00,0.00000000,,0,102.000000,SAT 02,"OXYGEN,% SAT. DISSOLVED",PERCENT,45.24500,-80.87556
200905001,2009-06-04 10:58:50,CCGS LIMNOS,GEORGIAN BAY,23,452153,-811124,21,86.4,2009-05-11 15:38:00,247,1.00,.00,0.00000000,,0,102.000000,SAT 02,"OXYGEN,% SAT. DISSOLVED",PERCENT,45.36472,-81.19000
200905001,2009-06-04 10:58:50,CCGS LIMNOS,GEORGIAN BAY,24,451417,-812625,31,58.9,2009-05-11 17:18:00,247,1.00,.00,0.00000000,,0,102.000000,SAT 02,"OXYGEN,% SAT. DISSOLVED",PERCENT,45.23806,-81.44028
200905001,2009-06-04 10:58:50,CCGS LIMNOS,GEORGIAN BAY,25,452213,-813507,33,53.3,2009-05-11 18:51:00,247,1.00,.00,0.00000000,,0,99.000000,SAT 02,"OXYGEN,% SAT. DISSOLVED",PERCENT,45.37028,-81.58528
200905001,2009-06-04 10:58:50,CCGS LIMNOS,GEORGIAN BAY,25,452213,-813507,33,53.3,2009-05-11 18:51:00,247,1.00,.00,0.00000000,,1,99.000000,SAT 02,"OXYGEN,% SAT. DISSOLVED",PERCENT,45.37028,-81.58528
200905001,2009-06-04 10:58:50,CCGS LIMNOS,GEORGIAN BAY,26,453140,-814012,35,35.6,2009-05-11 20:09:00,247,1.00,.00,0.00000000,,0,104.000000,SAT 02,"OXYGEN,% SAT. DISSOLVED",PERCENT,45.52778,-81.67000
200905003,2009-09-29 08:06:17,CCGS LIMNOS,GEORGIAN BAY,1,454547,-814746,46,19,2009-08-10 09:35:00,247,1.00,.00,0.00000000,,0,106.000000,SAT 02,"OXYGEN,% SAT. DISSOLVED",PERCENT,45.76306,-81.79611
200905003,2009-09-29 08:06:17,CCGS LIMNOS,GEORGIAN BAY,2,455444,-813542,42,28.1,2009-08-10 11:17:00,247,1.00,.00,0.00000000,,0,104.000000,SAT 02,"OXYGEN,% SAT. DISSOLVED",PERCENT,45.91222,-81.59500
200905003,2009-09-29 08:06:17,CCGS LIMNOS,GEORGIAN BAY,2,455444,-813542,42,28.1,2009-08-10 11:17:00,247,15.00,.00,0.00000000,,0,107.000000,SAT 02,"OXYGEN,% SAT. DISSOLVED",PERCENT,45.91222,-81.59500
200905003,2009-09-29 08:06:17,CCGS LIMNOS,GEORGIAN BAY,3,454231,-813715,36,50.5,2009-08-10 12:57:00,247,1.00,.00,0.00000000,,0,111.000000,SAT 02,"OXYGEN,% SAT. DISSOLVED",PERCENT,45.70861,-81.62083
200905003,2009-09-29 08:06:17,CCGS LIMNOS,GEORGIAN BAY,4,455224,-811529,39,25,2009-08-10 15:05:00,247,1.00,.00,0.00000000,,0,103.000000,SAT 02,"OXYGEN,% SAT. DISSOLVED",PERCENT,45.87333,-81.25806
200905003,2009-09-29 08:06:17,CCGS LIMNOS,GEORGIAN BAY,5,455159,-810002,27,16.5,2009-08-10 16:22:00,247,1.00,.00,0.00000000,,0,103.000000,SAT 02,"OXYGEN,% SAT. DISSOLVED",PERCENT,45.86639,-81.00056
200905003,2009-09-29 08:06:17,CCGS LIMNOS,GEORGIAN BAY,5,455159,-810002,27,16.5,2009-08-10 16:22:00,247,1.00,.00,0.00000000,,1,103.000000,SAT 02,"OXYGEN,% SAT. DISSOLVED",PERCENT,45.86639,-81.00056
200905003,2009-09-29 08:06:17,CCGS LIMNOS,GEORGIAN BAY,5,455159,-810002,27,16.5,2009-08-10 16:22:00,247,13.00,.00,0.00000000,,0,103.000000,SAT 02,"OXYGEN,% SAT. DISSOLVED",PERCENT,45.86639,-81.00056
200905003,2009-09-29 08:06:17,CCGS LIMNOS,GEORGIAN BAY,6,454958,-805400,26,25.4,2009-08-10 17:25:00,247,1.00,.00,0.00000000,,0,104.000000,SAT 02,"OXYGEN,% SAT. DISSOLVED",PERCENT,45.83278,-80.90000
200905003,2009-09-29 08:06:17,CCGS LIMNOS,GEORGIAN BAY,7,454044,-805022,24,40.4,2009-08-10 18:41:00,247,1.00,.00,0.00000000,,0,105.000000,SAT 02,"OXYGEN,% SAT. DISSOLVED",PERCENT,45.67889,-80.83944
200905003,2009-09-29 08:06:17,CCGS LIMNOS,GEORGIAN BAY,8,453500,-810500,29,43.1,2009-08-10 20:24:00,247,1.00,.00,0.00000000,,0,105.000000,SAT 02,"OXYGEN,% SAT. DISSOLVED",PERCENT,45.58333,-81.08333
200905003,2009-09-29 08:06:17,CCGS LIMNOS,GEORGIAN BAY,8,453500,-810500,29,43.1,2009-08-10 20:24:00,247,10.00,.00,0.00000000,,0,109.000000,SAT 02,"OXYGEN,% SAT. DISSOLVED",PERCENT,45.58333,-81.08333
200905003,2009-09-29 08:06:17,CCGS LIMNOS,GEORGIAN BAY,8,453500,-810500,29,43.1,2009-08-10 20:24:00,247,16.00,.00,0.00000000,,0,121.000000,SAT 02,"OXYGEN,% SAT. DISSOLVED",PERCENT,45.58333,-81.08333
200905003,2009-09-29 08:06:17,CCGS LIMNOS,GEORGIAN BAY,8,453500,-810500,29,43.1,2009-08-10 20:24:00,247,26.00,.00,0.00000000,,0,105.000000,SAT 02,"OXYGEN,% SAT. DISSOLVED",PERCENT,45.58333,-81.08333
200905003,2009-09-29 08:06:17,CCGS LIMNOS,GEORGIAN BAY,8,453500,-810500,29,43.1,2009-08-10 20:24:00,247,32.00,.00,0.00000000,,0,104.000000,SAT 02,"OXYGEN,% SAT. DISSOLVED",PERCENT,45.58333,-81.08333
200905003,2009-09-29 08:06:17,CCGS LIMNOS,GEORGIAN BAY,8,453500,-810500,29,43.1,2009-08-10 20:24:00,247,40.00,.00,0.00000000,,0,104.000000,SAT 02,"OXYGEN,% SAT. DISSOLVED",PERCENT,45.58333,-81.08333
200905003,2009-09-29 08:06:17,CCGS LIMNOS,GEORGIAN BAY,9,452110,-802911,16,23.1,2009-08-10 23:28:00,247,1.00,.00,0.00000000,,0,104.000000,SAT 02,"OXYGEN,% SAT. DISSOLVED",PERCENT,45.35278,-80.48639
200905003,2009-09-29 08:06:17,CCGS LIMNOS,GEORGIAN BAY,10,451929,-800701,122,95.7,2009-08-11 01:29:00,247,1.00,.00,0.00000000,,0,107.000000,SAT 02,"OXYGEN,% SAT. DISSOLVED",PERCENT,45.32472,-80.11694
200905003,2009-09-29 08:06:17,CCGS LIMNOS,GEORGIAN BAY,10,451929,-800701,122,95.7,2009-08-11 01:29:00,247,1.00,.00,0.00000000,,1,108.000000,SAT 02,"OXYGEN,% SAT. DISSOLVED",PERCENT,45.32472,-80.11694
200905003,2009-09-29 08:06:17,CCGS LIMNOS,GEORGIAN BAY,11,451001,-801748,15,44.2,2009-08-11 04:36:00,247,1.00,.00,0.00000000,,0,104.000000,SAT 02,"OXYGEN,% SAT. DISSOLVED",PERCENT,45.16694,-80.29667
200905003,2009-09-29 08:06:17,CCGS LIMNOS,GEORGIAN BAY,12,445710,-800859,8,50.8,2009-08-11 06:20:00,247,1.00,.00,0.00000000,,0,104.000000,SAT 02,"OXYGEN,% SAT. DISSOLVED",PERCENT,44.95278,-80.14972
200905003,2009-09-29 08:06:17,CCGS LIMNOS,GEORGIAN BAY,13,445216,-795802,9,28,2009-08-11 07:39:00,247,1.00,.00,0.00000000,,0,101.000000,SAT 02,"OXYGEN,% SAT. DISSOLVED",PERCENT,44.87111,-79.96722
200905003,2009-09-29 08:06:17,CCGS LIMNOS,GEORGIAN BAY,13,445216,-795802,9,28,2009-08-11 07:39:00,247,10.00,.00,0.00000000,,0,102.000000,SAT 02,"OXYGEN,% SAT. DISSOLVED",PERCENT,44.87111,-79.96722
200905003,2009-09-29 08:06:17,CCGS LIMNOS,GEORGIAN BAY,13,445216,-795802,9,28,2009-08-11 07:39:00,247,18.50,.00,0.00000000,,0,102.000000,SAT 02,"OXYGEN,% SAT. DISSOLVED",PERCENT,44.87111,-79.96722
200905003,2009-09-29 08:06:17,CCGS LIMNOS,GEORGIAN BAY,13,445216,-795802,9,28,2009-08-11 07:39:00,247,25.00,.00,0.00000000,,0,97.000000,SAT 02,"OXYGEN,% SAT. DISSOLVED",PERCENT,44.87111,-79.96722
200905003,2009-09-29 08:06:17,CCGS LIMNOS,GEORGIAN BAY,14,444748,-801437,5,58.4,2009-08-11 10:10:00,247,1.00,.00,0.00000000,,0,103.000000,SAT 02,"OXYGEN,% SAT. DISSOLVED",PERCENT,44.79667,-80.24361
200905003,2009-09-29 08:06:17,CCGS LIMNOS,GEORGIAN BAY,15,443842,-801003,4,58.1,2009-08-11 11:22:00,247,1.00,.00,0.00000000,,0,102.000000,SAT 02,"OXYGEN,% SAT. DISSOLVED",PERCENT,44.64500,-80.16750
200905003,2009-09-29 08:06:17,CCGS LIMNOS,GEORGIAN BAY,15,443842,-801003,4,58.1,2009-08-11 11:22:00,247,1.00,.00,0.00000000,,1,103.000000,SAT 02,"OXYGEN,% SAT. DISSOLVED",PERCENT,44.64500,-80.16750
200905003,2009-09-29 08:06:17,CCGS LIMNOS,GEORGIAN BAY,15,443842,-801003,4,58.1,2009-08-11 11:22:00,247,17.00,.00,0.00000000,,0,112.000000,SAT 02,"OXYGEN,% SAT. DISSOLVED",PERCENT,44.64500,-80.16750
200905003,2009-09-29 08:06:17,CCGS LIMNOS,GEORGIAN BAY,15,443842,-801003,4,58.1,2009-08-11 11:22:00,247,30.00,.00,0.00000000,,0,114.000000,SAT 02,"OXYGEN,% SAT. DISSOLVED",PERCENT,44.64500,-80.16750
200905003,2009-09-29 08:06:17,CCGS LIMNOS,GEORGIAN BAY,15,443842,-801003,4,58.1,2009-08-11 11:22:00,247,44.00,.00,0.00000000,,0,103.000000,SAT 02,"OXYGEN,% SAT. DISSOLVED",PERCENT,44.64500,-80.16750
200905003,2009-09-29 08:06:17,CCGS LIMNOS,GEORGIAN BAY,15,443842,-801003,4,58.1,2009-08-11 11:22:00,247,48.00,.00,0.00000000,,0,102.000000,SAT 02,"OXYGEN,% SAT. DISSOLVED",PERCENT,44.64500,-80.16750
200905003,2009-09-29 08:06:17,CCGS LIMNOS,GEORGIAN BAY,15,443842,-801003,4,58.1,2009-08-11 11:22:00,247,56.00,.00,0.00000000,,0,102.000000,SAT 02,"OXYGEN,% SAT. DISSOLVED",PERCENT,44.64500,-80.16750
200905003,2009-09-29 08:06:17,CCGS LIMNOS,GEORGIAN BAY,16,444413,-802607,6,86.7,2009-08-11 13:08:00,247,1.00,.00,0.00000000,,0,102.000000,SAT 02,"OXYGEN,% SAT. DISSOLVED",PERCENT,44.73694,-80.43528
200905003,2009-09-29 08:06:17,CCGS LIMNOS,GEORGIAN BAY,17,444333,-803606,3,31.3,2009-08-11 14:06:00,247,1.00,.00,0.00000000,,0,103.000000,SAT 02,"OXYGEN,% SAT. DISSOLVED",PERCENT,44.72583,-80.60167
200905003,2009-09-29 08:06:17,CCGS LIMNOS,GEORGIAN BAY,18,444303,-805125,1,89.9,2009-08-11 16:04:00,247,1.00,.00,0.00000000,,0,106.000000,SAT 02,"OXYGEN,% SAT. DISSOLVED",PERCENT,44.71750,-80.85694
200905003,2009-09-29 08:06:17,CCGS LIMNOS,GEORGIAN BAY,18,444303,-805125,1,89.9,2009-08-11 16:04:00,247,5.00,.00,0.00000000,,0,107.000000,SAT 02,"OXYGEN,% SAT. DISSOLVED",PERCENT,44.71750,-80.85694
200905003,2009-09-29 08:06:17,CCGS LIMNOS,GEORGIAN BAY,18,444303,-805125,1,89.9,2009-08-11 16:04:00,247,17.00,.00,0.00000000,,0,116.000000,SAT 02,"OXYGEN,% SAT. DISSOLVED",PERCENT,44.71750,-80.85694
200905003,2009-09-29 08:06:17,CCGS LIMNOS,GEORGIAN BAY,18,444303,-805125,1,89.9,2009-08-11 16:04:00,247,29.00,.00,0.00000000,,0,109.000000,SAT 02,"OXYGEN,% SAT. DISSOLVED",PERCENT,44.71750,-80.85694
200905003,2009-09-29 08:06:17,CCGS LIMNOS,GEORGIAN BAY,18,444303,-805125,1,89.9,2009-08-11 16:04:00,247,79.50,.00,0.00000000,,0,103.000000,SAT 02,"OXYGEN,% SAT. DISSOLVED",PERCENT,44.71750,-80.85694
200905003,2009-09-29 08:06:17,CCGS LIMNOS,GEORGIAN BAY,18,444303,-805125,1,89.9,2009-08-11 16:04:00,247,87.50,.00,0.00000000,,0,102.000000,SAT 02,"OXYGEN,% SAT. DISSOLVED",PERCENT,44.71750,-80.85694
200905003,2009-09-29 08:06:17,CCGS LIMNOS,GEORGIAN BAY,19,445518,-803629,11,59.9,2009-08-11 17:53:00,247,1.00,.00,0.00000000,,0,104.000000,SAT 02,"OXYGEN,% SAT. DISSOLVED",PERCENT,44.92167,-80.60806
200905003,2009-09-29 08:06:17,CCGS LIMNOS,GEORGIAN BAY,20,445513,-805229,12,88.9,2009-08-11 19:24:00,247,1.00,.00,0.00000000,,0,104.000000,SAT 02,"OXYGEN,% SAT. DISSOLVED",PERCENT,44.92028,-80.87472
200905003,2009-09-29 08:06:17,CCGS LIMNOS,GEORGIAN BAY,20,445513,-805229,12,88.9,2009-08-11 19:24:00,247,1.00,.00,0.00000000,,1,104.000000,SAT 02,"OXYGEN,% SAT. DISSOLVED",PERCENT,44.92028,-80.87472
200905003,2009-09-29 08:06:17,CCGS LIMNOS,GEORGIAN BAY,21,450401,-811512,19,53.5,2009-08-11 21:41:00,247,1.00,.00,0.00000000,,0,71.000000,SAT 02,"OXYGEN,% SAT. DISSOLVED",PERCENT,45.06694,-81.25333
200905003,2009-09-29 08:06:17,CCGS LIMNOS,GEORGIAN BAY,22,451439,-805224,17,76.7,2009-08-11 23:56:00,247,1.00,.00,0.00000000,,0,104.000000,SAT 02,"OXYGEN,% SAT. DISSOLVED",PERCENT,45.24417,-80.87333
200905003,2009-09-29 08:06:17,CCGS LIMNOS,GEORGIAN BAY,22,451439,-805224,17,76.7,2009-08-11 23:56:00,247,17.00,.00,0.00000000,,0,106.000000,SAT 02,"OXYGEN,% SAT. DISSOLVED",PERCENT,45.24417,-80.87333
200905003,2009-09-29 08:06:17,CCGS LIMNOS,GEORGIAN BAY,22,451439,-805224,17,76.7,2009-08-11 23:56:00,247,30.00,.00,0.00000000,,0,111.000000,SAT 02,"OXYGEN,% SAT. DISSOLVED",PERCENT,45.24417,-80.87333
200905003,2009-09-29 08:06:17,CCGS LIMNOS,GEORGIAN BAY,22,451439,-805224,17,76.7,2009-08-11 23:56:00,247,43.00,.00,0.00000000,,0,106.000000,SAT 02,"OXYGEN,% SAT. DISSOLVED",PERCENT,45.24417,-80.87333
200905003,2009-09-29 08:06:17,CCGS LIMNOS,GEORGIAN BAY,22,451439,-805224,17,76.7,2009-08-11 23:56:00,247,67.00,.00,0.00000000,,0,96.000000,SAT 02,"OXYGEN,% SAT. DISSOLVED",PERCENT,45.24417,-80.87333
200905003,2009-09-29 08:06:17,CCGS LIMNOS,GEORGIAN BAY,22,451439,-805224,17,76.7,2009-08-11 23:56:00,247,74.00,.00,0.00000000,,0,103.000000,SAT 02,"OXYGEN,% SAT. DISSOLVED",PERCENT,45.24417,-80.87333
200905003,2009-09-29 08:06:17,CCGS LIMNOS,GEORGIAN BAY,23,452152,-811122,21,87,2009-08-12 02:10:00,247,1.00,.00,0.00000000,,0,103.000000,SAT 02,"OXYGEN,% SAT. DISSOLVED",PERCENT,45.36444,-81.18944
200905003,2009-09-29 08:06:17,CCGS LIMNOS,GEORGIAN BAY,24,451418,-812623,31,61.3,2009-08-12 03:55:00,247,1.00,.00,0.00000000,,0,104.000000,SAT 02,"OXYGEN,% SAT. DISSOLVED",PERCENT,45.23833,-81.43972
200905003,2009-09-29 08:06:17,CCGS LIMNOS,GEORGIAN BAY,25,452212,-813505,33,54.3,2009-08-12 05:09:00,247,1.00,.00,0.00000000,,0,106.000000,SAT 02,"OXYGEN,% SAT. DISSOLVED",PERCENT,45.37000,-81.58472
200905003,2009-09-29 08:06:17,CCGS LIMNOS,GEORGIAN BAY,25,452212,-813505,33,54.3,2009-08-12 05:09:00,247,1.00,.00,0.00000000,,1,106.000000,SAT 02,"OXYGEN,% SAT. DISSOLVED",PERCENT,45.37000,-81.58472
200905003,2009-09-29 08:06:17,CCGS LIMNOS,GEORGIAN BAY,25,452212,-813505,33,54.3,2009-08-12 05:09:00,247,6.00,.00,0.00000000,,0,116.000000,SAT 02,"OXYGEN,% SAT. DISSOLVED",PERCENT,45.37000,-81.58472
200905003,2009-09-29 08:06:17,CCGS LIMNOS,GEORGIAN BAY,25,452212,-813505,33,54.3,2009-08-12 05:09:00,247,25.00,.00,0.00000000,,0,108.000000,SAT 02,"OXYGEN,% SAT. DISSOLVED",PERCENT,45.37000,-81.58472
200905003,2009-09-29 08:06:17,CCGS LIMNOS,GEORGIAN BAY,25,452212,-813505,33,54.3,2009-08-12 05:09:00,247,43.50,.00,0.00000000,,0,106.000000,SAT 02,"OXYGEN,% SAT. DISSOLVED",PERCENT,45.37000,-81.58472
200905003,2009-09-29 08:06:17,CCGS LIMNOS,GEORGIAN BAY,25,452212,-813505,33,54.3,2009-08-12 05:09:00,247,48.00,.00,0.00000000,,0,104.000000,SAT 02,"OXYGEN,% SAT. DISSOLVED",PERCENT,45.37000,-81.58472
200905003,2009-09-29 08:06:17,CCGS LIMNOS,GEORGIAN BAY,25,452212,-813505,33,54.3,2009-08-12 05:09:00,247,51.50,.00,0.00000000,,0,103.000000,SAT 02,"OXYGEN,% SAT. DISSOLVED",PERCENT,45.37000,-81.58472
200905003,2009-09-29 08:06:17,CCGS LIMNOS,GEORGIAN BAY,26,453138,-814010,35,36.7,2009-08-12 06:50:00,247,1.00,.00,0.00000000,,0,106.000000,SAT 02,"OXYGEN,% SAT. DISSOLVED",PERCENT,45.52722,-81.66944
200905001,2009-06-04 10:58:50,CCGS LIMNOS,GEORGIAN BAY,1,454544,-814801,46,19.9,2009-05-10 01:42:00,260,1.00,.00,0.00050000,,0,.003100,TP,"PHOSPHOROUS,TOTAL",MG P/L,45.76222,-81.80028
200905001,2009-06-04 10:58:50,CCGS LIMNOS,GEORGIAN BAY,2,455446,-813545,42,27.4,2009-05-10 03:27:00,260,1.00,.00,0.00050000,,0,.003000,TP,"PHOSPHOROUS,TOTAL",MG P/L,45.91278,-81.59583
200905001,2009-06-04 10:58:50,CCGS LIMNOS,GEORGIAN BAY,3,454228,-813713,36,53.6,2009-05-10 05:01:00,260,1.00,.00,0.00050000,,0,.002300,TP,"PHOSPHOROUS,TOTAL",MG P/L,45.70778,-81.62028
200905001,2009-06-04 10:58:50,CCGS LIMNOS,GEORGIAN BAY,4,455223,-811529,39,27.3,2009-05-10 07:09:00,260,1.00,.00,0.00050000,,0,.002700,TP,"PHOSPHOROUS,TOTAL",MG P/L,45.87306,-81.25806
200905001,2009-06-04 10:58:50,CCGS LIMNOS,GEORGIAN BAY,5,455200,-805958,27,18.9,2009-05-10 08:36:00,260,1.00,.00,0.00050000,,0,.003800,TP,"PHOSPHOROUS,TOTAL",MG P/L,45.86667,-80.99944
200905001,2009-06-04 10:58:50,CCGS LIMNOS,GEORGIAN BAY,5,455200,-805958,27,18.9,2009-05-10 08:36:00,260,1.00,.00,0.00050000,,1,.004400,TP,"PHOSPHOROUS,TOTAL",MG P/L,45.86667,-80.99944
200905001,2009-06-04 10:58:50,CCGS LIMNOS,GEORGIAN BAY,5,455200,-805958,27,18.9,2009-05-10 08:36:00,260,998.00,.00,0.00050000,<,0,.000500,TP,"PHOSPHOROUS,TOTAL",MG P/L,45.86667,-80.99944
200905001,2009-06-04 10:58:50,CCGS LIMNOS,GEORGIAN BAY,5,455200,-805958,27,18.9,2009-05-10 08:36:00,260,999.00,.00,0.00050000,,0,.003200,TP,"PHOSPHOROUS,TOTAL",MG P/L,45.86667,-80.99944
200905001,2009-06-04 10:58:50,CCGS LIMNOS,GEORGIAN BAY,6,455003,-805355,26,25.3,2009-05-10 09:15:00,260,1.00,.00,0.00050000,,0,.003700,TP,"PHOSPHOROUS,TOTAL",MG P/L,45.83417,-80.89861
200905001,2009-06-04 10:58:50,CCGS LIMNOS,GEORGIAN BAY,7,454044,-805022,24,40,2009-05-10 10:26:00,260,1.00,.00,0.00050000,,0,.002300,TP,"PHOSPHOROUS,TOTAL",MG P/L,45.67889,-80.83944
200905001,2009-06-04 10:58:50,CCGS LIMNOS,GEORGIAN BAY,8,453501,-810539,29,42.4,2009-05-10 11:49:00,260,1.00,.00,0.00050000,,0,.002500,TP,"PHOSPHOROUS,TOTAL",MG P/L,45.58361,-81.09417
200905001,2009-06-04 10:58:50,CCGS LIMNOS,GEORGIAN BAY,9,452116,-802913,16,22.8,2009-05-10 14:55:00,260,1.00,.00,0.00050000,,0,.002400,TP,"PHOSPHOROUS,TOTAL",MG P/L,45.35444,-80.48694
200905001,2009-06-04 10:58:50,CCGS LIMNOS,GEORGIAN BAY,10,451934,-800658,122,89.2,2009-05-10 16:56:00,260,1.00,.00,0.00050000,,0,.006200,TP,"PHOSPHOROUS,TOTAL",MG P/L,45.32611,-80.11611
200905001,2009-06-04 10:58:50,CCGS LIMNOS,GEORGIAN BAY,10,451934,-800658,122,89.2,2009-05-10 16:56:00,260,1.00,.00,0.00050000,,1,.006300,TP,"PHOSPHOROUS,TOTAL",MG P/L,45.32611,-80.11611
200905001,2009-06-04 10:58:50,CCGS LIMNOS,GEORGIAN BAY,10,451934,-800658,122,89.2,2009-05-10 16:56:00,260,998.00,.00,0.00050000,,0,.001700,TP,"PHOSPHOROUS,TOTAL",MG P/L,45.32611,-80.11611
200905001,2009-06-04 10:58:50,CCGS LIMNOS,GEORGIAN BAY,10,451934,-800658,122,89.2,2009-05-10 16:56:00,260,999.00,.00,0.00050000,,0,.001000,TP,"PHOSPHOROUS,TOTAL",MG P/L,45.32611,-80.11611
200905001,2009-06-04 10:58:50,CCGS LIMNOS,GEORGIAN BAY,11,451000,-801747,15,46.1,2009-05-10 20:00:00,260,1.00,.00,0.00050000,,0,.002400,TP,"PHOSPHOROUS,TOTAL",MG P/L,45.16667,-80.29639
200905001,2009-06-04 10:58:50,CCGS LIMNOS,GEORGIAN BAY,12,445708,-800901,8,48.3,2009-05-10 21:41:00,260,1.00,.00,0.00050000,,0,.003600,TP,"PHOSPHOROUS,TOTAL",MG P/L,44.95222,-80.15028
200905001,2009-06-04 10:58:50,CCGS LIMNOS,GEORGIAN BAY,13,445220,-795807,9,28.9,2009-05-10 22:51:00,260,1.00,.00,0.00050000,,0,.004900,TP,"PHOSPHOROUS,TOTAL",MG P/L,44.87222,-79.96861
200905001,2009-06-04 10:58:50,CCGS LIMNOS,GEORGIAN BAY,14,444748,-801434,5,54.9,2009-05-11 00:36:00,260,1.00,.00,0.00050000,,0,.003500,TP,"PHOSPHOROUS,TOTAL",MG P/L,44.79667,-80.24278
200905001,2009-06-04 10:58:50,CCGS LIMNOS,GEORGIAN BAY,15,443847,-801003,4,57.5,2009-05-11 01:46:00,260,1.00,.00,0.00050000,,0,.002200,TP,"PHOSPHOROUS,TOTAL",MG P/L,44.64639,-80.16750
200905001,2009-06-04 10:58:50,CCGS LIMNOS,GEORGIAN BAY,15,443847,-801003,4,57.5,2009-05-11 01:46:00,260,1.00,.00,0.00050000,,1,.002300,TP,"PHOSPHOROUS,TOTAL",MG P/L,44.64639,-80.16750
200905001,2009-06-04 10:58:50,CCGS LIMNOS,GEORGIAN BAY,15,443847,-801003,4,57.5,2009-05-11 01:46:00,260,998.00,.00,0.00050000,,0,.001300,TP,"PHOSPHOROUS,TOTAL",MG P/L,44.64639,-80.16750
200905001,2009-06-04 10:58:50,CCGS LIMNOS,GEORGIAN BAY,15,443847,-801003,4,57.5,2009-05-11 01:46:00,260,999.00,.00,0.00050000,,0,.001100,TP,"PHOSPHOROUS,TOTAL",MG P/L,44.64639,-80.16750
200905001,2009-06-04 10:58:50,CCGS LIMNOS,GEORGIAN BAY,16,444411,-802604,6,86.7,2009-05-11 03:20:00,260,1.00,.00,0.00050000,,0,.002500,TP,"PHOSPHOROUS,TOTAL",MG P/L,44.73639,-80.43444
200905001,2009-06-04 10:58:50,CCGS LIMNOS,GEORGIAN BAY,17,444400,-803600,3,30.7,2009-05-11 04:23:00,260,1.00,.00,0.00050000,,0,.001900,TP,"PHOSPHOROUS,TOTAL",MG P/L,44.73333,-80.60000
200905001,2009-06-04 10:58:50,CCGS LIMNOS,GEORGIAN BAY,18,444302,-805124,1,88.7,2009-05-11 05:59:00,260,1.00,.00,0.00050000,,0,.002100,TP,"PHOSPHOROUS,TOTAL",MG P/L,44.71722,-80.85667
200905001,2009-06-04 10:58:50,CCGS LIMNOS,GEORGIAN BAY,19,445516,-803621,11,63,2009-05-11 07:53:00,260,1.00,.00,0.00050000,,0,.002100,TP,"PHOSPHOROUS,TOTAL",MG P/L,44.92111,-80.60583
200905001,2009-06-04 10:58:50,CCGS LIMNOS,GEORGIAN BAY,20,445508,-805232,12,88.5,2009-05-11 09:24:00,260,1.00,.00,0.00050000,,0,.001900,TP,"PHOSPHOROUS,TOTAL",MG P/L,44.91889,-80.87556
200905001,2009-06-04 10:58:50,CCGS LIMNOS,GEORGIAN BAY,20,445508,-805232,12,88.5,2009-05-11 09:24:00,260,1.00,.00,0.00050000,,1,.001600,TP,"PHOSPHOROUS,TOTAL",MG P/L,44.91889,-80.87556
200905001,2009-06-04 10:58:50,CCGS LIMNOS,GEORGIAN BAY,20,445508,-805232,12,88.5,2009-05-11 09:24:00,260,998.00,.00,0.00050000,<,0,.000500,TP,"PHOSPHOROUS,TOTAL",MG P/L,44.91889,-80.87556
200905001,2009-06-04 10:58:50,CCGS LIMNOS,GEORGIAN BAY,20,445508,-805232,12,88.5,2009-05-11 09:24:00,260,999.00,.00,0.00050000,<,0,.000500,TP,"PHOSPHOROUS,TOTAL",MG P/L,44.91889,-80.87556
200905001,2009-06-04 10:58:50,CCGS LIMNOS,GEORGIAN BAY,21,450359,-811512,19,53,2009-05-11 11:35:00,260,1.00,.00,0.00050000,,0,.001700,TP,"PHOSPHOROUS,TOTAL",MG P/L,45.06639,-81.25333
200905001,2009-06-04 10:58:50,CCGS LIMNOS,GEORGIAN BAY,22,451442,-805232,17,78,2009-05-11 13:44:00,260,1.00,.00,0.00050000,,0,.002300,TP,"PHOSPHOROUS,TOTAL",MG P/L,45.24500,-80.87556
200905001,2009-06-04 10:58:50,CCGS LIMNOS,GEORGIAN BAY,23,452153,-811124,21,86.4,2009-05-11 15:38:00,260,1.00,.00,0.00050000,,0,.001900,TP,"PHOSPHOROUS,TOTAL",MG P/L,45.36472,-81.19000
200905001,2009-06-04 10:58:50,CCGS LIMNOS,GEORGIAN BAY,24,451417,-812625,31,58.9,2009-05-11 17:18:00,260,1.00,.00,0.00050000,,0,.002100,TP,"PHOSPHOROUS,TOTAL",MG P/L,45.23806,-81.44028
200905001,2009-06-04 10:58:50,CCGS LIMNOS,GEORGIAN BAY,25,452213,-813507,33,53.3,2009-05-11 18:51:00,260,1.00,.00,0.00050000,,0,.002300,TP,"PHOSPHOROUS,TOTAL",MG P/L,45.37028,-81.58528
200905001,2009-06-04 10:58:50,CCGS LIMNOS,GEORGIAN BAY,25,452213,-813507,33,53.3,2009-05-11 18:51:00,260,1.00,.00,0.00050000,,1,.001900,TP,"PHOSPHOROUS,TOTAL",MG P/L,45.37028,-81.58528
200905001,2009-06-04 10:58:50,CCGS LIMNOS,GEORGIAN BAY,25,452213,-813507,33,53.3,2009-05-11 18:51:00,260,998.00,.00,0.00050000,,0,.004500,TP,"PHOSPHOROUS,TOTAL",MG P/L,45.37028,-81.58528
200905001,2009-06-04 10:58:50,CCGS LIMNOS,GEORGIAN BAY,25,452213,-813507,33,53.3,2009-05-11 18:51:00,260,999.00,.00,0.00050000,<,0,.000500,TP,"PHOSPHOROUS,TOTAL",MG P/L,45.37028,-81.58528
200905001,2009-06-04 10:58:50,CCGS LIMNOS,GEORGIAN BAY,26,453140,-814012,35,35.6,2009-05-11 20:09:00,260,1.00,.00,0.00050000,,0,.001600,TP,"PHOSPHOROUS,TOTAL",MG P/L,45.52778,-81.67000
200905003,2009-09-29 08:06:17,CCGS LIMNOS,GEORGIAN BAY,1,454547,-814746,46,19,2009-08-10 09:35:00,260,1.00,.00,0.00050000,,0,.003200,TP,"PHOSPHOROUS,TOTAL",MG P/L,45.76306,-81.79611
200905003,2009-09-29 08:06:17,CCGS LIMNOS,GEORGIAN BAY,2,455444,-813542,42,28.1,2009-08-10 11:17:00,260,1.00,.00,0.00050000,,0,.002900,TP,"PHOSPHOROUS,TOTAL",MG P/L,45.91222,-81.59500
200905003,2009-09-29 08:06:17,CCGS LIMNOS,GEORGIAN BAY,2,455444,-813542,42,28.1,2009-08-10 11:17:00,260,15.00,.00,0.00050000,,0,.002800,TP,"PHOSPHOROUS,TOTAL",MG P/L,45.91222,-81.59500
200905003,2009-09-29 08:06:17,CCGS LIMNOS,GEORGIAN BAY,3,454231,-813715,36,50.5,2009-08-10 12:57:00,260,1.00,.00,0.00050000,,0,.002300,TP,"PHOSPHOROUS,TOTAL",MG P/L,45.70861,-81.62083
200905003,2009-09-29 08:06:17,CCGS LIMNOS,GEORGIAN BAY,4,455224,-811529,39,25,2009-08-10 15:05:00,260,1.00,.00,0.00050000,,0,.002200,TP,"PHOSPHOROUS,TOTAL",MG P/L,45.87333,-81.25806
200905003,2009-09-29 08:06:17,CCGS LIMNOS,GEORGIAN BAY,5,455159,-810002,27,16.5,2009-08-10 16:22:00,260,1.00,.00,0.00050000,,0,.003500,TP,"PHOSPHOROUS,TOTAL",MG P/L,45.86639,-81.00056
200905003,2009-09-29 08:06:17,CCGS LIMNOS,GEORGIAN BAY,5,455159,-810002,27,16.5,2009-08-10 16:22:00,260,1.00,.00,0.00050000,,1,.002700,TP,"PHOSPHOROUS,TOTAL",MG P/L,45.86639,-81.00056
200905003,2009-09-29 08:06:17,CCGS LIMNOS,GEORGIAN BAY,5,455159,-810002,27,16.5,2009-08-10 16:22:00,260,13.00,.00,0.00050000,,0,.003100,TP,"PHOSPHOROUS,TOTAL",MG P/L,45.86639,-81.00056
200905003,2009-09-29 08:06:17,CCGS LIMNOS,GEORGIAN BAY,5,455159,-810002,27,16.5,2009-08-10 16:22:00,260,998.00,.00,0.00050000,<,0,.000500,TP,"PHOSPHOROUS,TOTAL",MG P/L,45.86639,-81.00056
200905003,2009-09-29 08:06:17,CCGS LIMNOS,GEORGIAN BAY,6,454958,-805400,26,25.4,2009-08-10 17:25:00,260,1.00,.00,0.00050000,,0,.003500,TP,"PHOSPHOROUS,TOTAL",MG P/L,45.83278,-80.90000
200905003,2009-09-29 08:06:17,CCGS LIMNOS,GEORGIAN BAY,7,454044,-805022,24,40.4,2009-08-10 18:41:00,260,1.00,.00,0.00050000,,0,.003500,TP,"PHOSPHOROUS,TOTAL",MG P/L,45.67889,-80.83944
200905003,2009-09-29 08:06:17,CCGS LIMNOS,GEORGIAN BAY,8,453500,-810500,29,43.1,2009-08-10 20:24:00,260,1.00,.00,0.00050000,,0,.002000,TP,"PHOSPHOROUS,TOTAL",MG P/L,45.58333,-81.08333
200905003,2009-09-29 08:06:17,CCGS LIMNOS,GEORGIAN BAY,8,453500,-810500,29,43.1,2009-08-10 20:24:00,260,10.00,.00,0.00050000,,0,.001900,TP,"PHOSPHOROUS,TOTAL",MG P/L,45.58333,-81.08333
200905003,2009-09-29 08:06:17,CCGS LIMNOS,GEORGIAN BAY,8,453500,-810500,29,43.1,2009-08-10 20:24:00,260,16.00,.00,0.00050000,,0,.002600,TP,"PHOSPHOROUS,TOTAL",MG P/L,45.58333,-81.08333
200905003,2009-09-29 08:06:17,CCGS LIMNOS,GEORGIAN BAY,8,453500,-810500,29,43.1,2009-08-10 20:24:00,260,26.00,.00,0.00050000,,0,.002300,TP,"PHOSPHOROUS,TOTAL",MG P/L,45.58333,-81.08333
200905003,2009-09-29 08:06:17,CCGS LIMNOS,GEORGIAN BAY,8,453500,-810500,29,43.1,2009-08-10 20:24:00,260,32.00,.00,0.00050000,,0,.002500,TP,"PHOSPHOROUS,TOTAL",MG P/L,45.58333,-81.08333
200905003,2009-09-29 08:06:17,CCGS LIMNOS,GEORGIAN BAY,8,453500,-810500,29,43.1,2009-08-10 20:24:00,260,40.00,.00,0.00050000,,0,.002500,TP,"PHOSPHOROUS,TOTAL",MG P/L,45.58333,-81.08333
200905003,2009-09-29 08:06:17,CCGS LIMNOS,GEORGIAN BAY,9,452110,-802911,16,23.1,2009-08-10 23:28:00,260,1.00,.00,0.00050000,,0,.002700,TP,"PHOSPHOROUS,TOTAL",MG P/L,45.35278,-80.48639
200905003,2009-09-29 08:06:17,CCGS LIMNOS,GEORGIAN BAY,10,451929,-800701,122,95.7,2009-08-11 01:29:00,260,1.00,.00,0.00050000,,0,.007000,TP,"PHOSPHOROUS,TOTAL",MG P/L,45.32472,-80.11694
200905003,2009-09-29 08:06:17,CCGS LIMNOS,GEORGIAN BAY,10,451929,-800701,122,95.7,2009-08-11 01:29:00,260,1.00,.00,0.00050000,,1,.006600,TP,"PHOSPHOROUS,TOTAL",MG P/L,45.32472,-80.11694
200905003,2009-09-29 08:06:17,CCGS LIMNOS,GEORGIAN BAY,10,451929,-800701,122,95.7,2009-08-11 01:29:00,260,998.00,.00,0.00050000,,0,.000500,TP,"PHOSPHOROUS,TOTAL",MG P/L,45.32472,-80.11694
200905003,2009-09-29 08:06:17,CCGS LIMNOS,GEORGIAN BAY,11,451001,-801748,15,44.2,2009-08-11 04:36:00,260,1.00,.00,0.00050000,,0,.002400,TP,"PHOSPHOROUS,TOTAL",MG P/L,45.16694,-80.29667
200905003,2009-09-29 08:06:17,CCGS LIMNOS,GEORGIAN BAY,12,445710,-800859,8,50.8,2009-08-11 06:20:00,260,1.00,.00,0.00050000,,0,.002300,TP,"PHOSPHOROUS,TOTAL",MG P/L,44.95278,-80.14972
200905003,2009-09-29 08:06:17,CCGS LIMNOS,GEORGIAN BAY,13,445216,-795802,9,28,2009-08-11 07:39:00,260,1.00,.00,0.00050000,,0,.004500,TP,"PHOSPHOROUS,TOTAL",MG P/L,44.87111,-79.96722
200905003,2009-09-29 08:06:17,CCGS LIMNOS,GEORGIAN BAY,13,445216,-795802,9,28,2009-08-11 07:39:00,260,10.00,.00,0.00050000,,0,.012400,TP,"PHOSPHOROUS,TOTAL",MG P/L,44.87111,-79.96722
200905003,2009-09-29 08:06:17,CCGS LIMNOS,GEORGIAN BAY,13,445216,-795802,9,28,2009-08-11 07:39:00,260,18.50,.00,0.00050000,,0,.003100,TP,"PHOSPHOROUS,TOTAL",MG P/L,44.87111,-79.96722
200905003,2009-09-29 08:06:17,CCGS LIMNOS,GEORGIAN BAY,13,445216,-795802,9,28,2009-08-11 07:39:00,260,25.00,.00,0.00050000,,0,.008700,TP,"PHOSPHOROUS,TOTAL",MG P/L,44.87111,-79.96722
200905003,2009-09-29 08:06:17,CCGS LIMNOS,GEORGIAN BAY,14,444748,-801437,5,58.4,2009-08-11 10:10:00,260,1.00,.00,0.00050000,,0,.002500,TP,"PHOSPHOROUS,TOTAL",MG P/L,44.79667,-80.24361
200905003,2009-09-29 08:06:17,CCGS LIMNOS,GEORGIAN BAY,15,443842,-801003,4,58.1,2009-08-11 11:22:00,260,1.00,.00,0.00050000,,0,.002400,TP,"PHOSPHOROUS,TOTAL",MG P/L,44.64500,-80.16750
200905003,2009-09-29 08:06:17,CCGS LIMNOS,GEORGIAN BAY,15,443842,-801003,4,58.1,2009-08-11 11:22:00,260,1.00,.00,0.00050000,,1,.003100,TP,"PHOSPHOROUS,TOTAL",MG P/L,44.64500,-80.16750
200905003,2009-09-29 08:06:17,CCGS LIMNOS,GEORGIAN BAY,15,443842,-801003,4,58.1,2009-08-11 11:22:00,260,17.00,.00,0.00050000,,0,.002300,TP,"PHOSPHOROUS,TOTAL",MG P/L,44.64500,-80.16750
200905003,2009-09-29 08:06:17,CCGS LIMNOS,GEORGIAN BAY,15,443842,-801003,4,58.1,2009-08-11 11:22:00,260,30.00,.00,0.00050000,,0,.002800,TP,"PHOSPHOROUS,TOTAL",MG P/L,44.64500,-80.16750
200905003,2009-09-29 08:06:17,CCGS LIMNOS,GEORGIAN BAY,15,443842,-801003,4,58.1,2009-08-11 11:22:00,260,44.00,.00,0.00050000,,0,.002700,TP,"PHOSPHOROUS,TOTAL",MG P/L,44.64500,-80.16750
200905003,2009-09-29 08:06:17,CCGS LIMNOS,GEORGIAN BAY,15,443842,-801003,4,58.1,2009-08-11 11:22:00,260,48.00,.00,0.00050000,,0,.002500,TP,"PHOSPHOROUS,TOTAL",MG P/L,44.64500,-80.16750
200905003,2009-09-29 08:06:17,CCGS LIMNOS,GEORGIAN BAY,15,443842,-801003,4,58.1,2009-08-11 11:22:00,260,56.00,.00,0.00050000,,0,.002600,TP,"PHOSPHOROUS,TOTAL",MG P/L,44.64500,-80.16750
200905003,2009-09-29 08:06:17,CCGS LIMNOS,GEORGIAN BAY,15,443842,-801003,4,58.1,2009-08-11 11:22:00,260,998.00,.00,0.00050000,<,0,.000500,TP,"PHOSPHOROUS,TOTAL",MG P/L,44.64500,-80.16750
200905003,2009-09-29 08:06:17,CCGS LIMNOS,GEORGIAN BAY,16,444413,-802607,6,86.7,2009-08-11 13:08:00,260,1.00,.00,0.00050000,,0,.007200,TP,"PHOSPHOROUS,TOTAL",MG P/L,44.73694,-80.43528
200905003,2009-09-29 08:06:17,CCGS LIMNOS,GEORGIAN BAY,17,444333,-803606,3,31.3,2009-08-11 14:06:00,260,1.00,.00,0.00050000,,0,.010900,TP,"PHOSPHOROUS,TOTAL",MG P/L,44.72583,-80.60167
200905003,2009-09-29 08:06:17,CCGS LIMNOS,GEORGIAN BAY,18,444303,-805125,1,89.9,2009-08-11 16:04:00,260,1.00,.00,0.00050000,,0,.002300,TP,"PHOSPHOROUS,TOTAL",MG P/L,44.71750,-80.85694
200905003,2009-09-29 08:06:17,CCGS LIMNOS,GEORGIAN BAY,18,444303,-805125,1,89.9,2009-08-11 16:04:00,260,5.00,.00,0.00050000,,0,.002400,TP,"PHOSPHOROUS,TOTAL",MG P/L,44.71750,-80.85694
200905003,2009-09-29 08:06:17,CCGS LIMNOS,GEORGIAN BAY,18,444303,-805125,1,89.9,2009-08-11 16:04:00,260,17.00,.00,0.00050000,,0,.002400,TP,"PHOSPHOROUS,TOTAL",MG P/L,44.71750,-80.85694
200905003,2009-09-29 08:06:17,CCGS LIMNOS,GEORGIAN BAY,18,444303,-805125,1,89.9,2009-08-11 16:04:00,260,29.00,.00,0.00050000,,0,.002300,TP,"PHOSPHOROUS,TOTAL",MG P/L,44.71750,-80.85694
200905003,2009-09-29 08:06:17,CCGS LIMNOS,GEORGIAN BAY,18,444303,-805125,1,89.9,2009-08-11 16:04:00,260,79.50,.00,0.00050000,,0,.002400,TP,"PHOSPHOROUS,TOTAL",MG P/L,44.71750,-80.85694
200905003,2009-09-29 08:06:17,CCGS LIMNOS,GEORGIAN BAY,18,444303,-805125,1,89.9,2009-08-11 16:04:00,260,87.50,.00,0.00050000,,0,.002900,TP,"PHOSPHOROUS,TOTAL",MG P/L,44.71750,-80.85694
200905003,2009-09-29 08:06:17,CCGS LIMNOS,GEORGIAN BAY,19,445518,-803629,11,59.9,2009-08-11 17:53:00,260,1.00,.00,0.00050000,,0,.002800,TP,"PHOSPHOROUS,TOTAL",MG P/L,44.92167,-80.60806
200905003,2009-09-29 08:06:17,CCGS LIMNOS,GEORGIAN BAY,20,445513,-805229,12,88.9,2009-08-11 19:24:00,260,1.00,.00,0.00050000,,0,.001900,TP,"PHOSPHOROUS,TOTAL",MG P/L,44.92028,-80.87472
200905003,2009-09-29 08:06:17,CCGS LIMNOS,GEORGIAN BAY,20,445513,-805229,12,88.9,2009-08-11 19:24:00,260,1.00,.00,0.00050000,,1,.001900,TP,"PHOSPHOROUS,TOTAL",MG P/L,44.92028,-80.87472
200905003,2009-09-29 08:06:17,CCGS LIMNOS,GEORGIAN BAY,20,445513,-805229,12,88.9,2009-08-11 19:24:00,260,998.00,.00,0.00050000,<,0,.000500,TP,"PHOSPHOROUS,TOTAL",MG P/L,44.92028,-80.87472
200905003,2009-09-29 08:06:17,CCGS LIMNOS,GEORGIAN BAY,21,450401,-811512,19,53.5,2009-08-11 21:41:00,260,1.00,.00,0.00050000,,0,.002900,TP,"PHOSPHOROUS,TOTAL",MG P/L,45.06694,-81.25333
200905003,2009-09-29 08:06:17,CCGS LIMNOS,GEORGIAN BAY,22,451439,-805224,17,76.7,2009-08-11 23:56:00,260,1.00,.00,0.00050000,,0,.002000,TP,"PHOSPHOROUS,TOTAL",MG P/L,45.24417,-80.87333
200905003,2009-09-29 08:06:17,CCGS LIMNOS,GEORGIAN BAY,22,451439,-805224,17,76.7,2009-08-11 23:56:00,260,17.00,.00,0.00050000,,0,.002000,TP,"PHOSPHOROUS,TOTAL",MG P/L,45.24417,-80.87333
200905003,2009-09-29 08:06:17,CCGS LIMNOS,GEORGIAN BAY,22,451439,-805224,17,76.7,2009-08-11 23:56:00,260,30.00,.00,0.00050000,,0,.002300,TP,"PHOSPHOROUS,TOTAL",MG P/L,45.24417,-80.87333
200905003,2009-09-29 08:06:17,CCGS LIMNOS,GEORGIAN BAY,22,451439,-805224,17,76.7,2009-08-11 23:56:00,260,43.00,.00,0.00050000,,0,.002100,TP,"PHOSPHOROUS,TOTAL",MG P/L,45.24417,-80.87333
200905003,2009-09-29 08:06:17,CCGS LIMNOS,GEORGIAN BAY,22,451439,-805224,17,76.7,2009-08-11 23:56:00,260,67.00,.00,0.00050000,,0,.002100,TP,"PHOSPHOROUS,TOTAL",MG P/L,45.24417,-80.87333
200905003,2009-09-29 08:06:17,CCGS LIMNOS,GEORGIAN BAY,22,451439,-805224,17,76.7,2009-08-11 23:56:00,260,74.00,.00,0.00050000,,0,.002100,TP,"PHOSPHOROUS,TOTAL",MG P/L,45.24417,-80.87333
200905003,2009-09-29 08:06:17,CCGS LIMNOS,GEORGIAN BAY,23,452152,-811122,21,87,2009-08-12 02:10:00,260,1.00,.00,0.00050000,,0,.002100,TP,"PHOSPHOROUS,TOTAL",MG P/L,45.36444,-81.18944
200905003,2009-09-29 08:06:17,CCGS LIMNOS,GEORGIAN BAY,24,451418,-812623,31,61.3,2009-08-12 03:55:00,260,1.00,.00,0.00050000,,0,.002100,TP,"PHOSPHOROUS,TOTAL",MG P/L,45.23833,-81.43972
200905003,2009-09-29 08:06:17,CCGS LIMNOS,GEORGIAN BAY,25,452212,-813505,33,54.3,2009-08-12 05:09:00,260,1.00,.00,0.00050000,,0,.001700,TP,"PHOSPHOROUS,TOTAL",MG P/L,45.37000,-81.58472
200905003,2009-09-29 08:06:17,CCGS LIMNOS,GEORGIAN BAY,25,452212,-813505,33,54.3,2009-08-12 05:09:00,260,1.00,.00,0.00050000,,1,.001800,TP,"PHOSPHOROUS,TOTAL",MG P/L,45.37000,-81.58472
200905003,2009-09-29 08:06:17,CCGS LIMNOS,GEORGIAN BAY,25,452212,-813505,33,54.3,2009-08-12 05:09:00,260,6.00,.00,0.00050000,,0,.001900,TP,"PHOSPHOROUS,TOTAL",MG P/L,45.37000,-81.58472
200905003,2009-09-29 08:06:17,CCGS LIMNOS,GEORGIAN BAY,25,452212,-813505,33,54.3,2009-08-12 05:09:00,260,25.00,.00,0.00050000,,0,.002600,TP,"PHOSPHOROUS,TOTAL",MG P/L,45.37000,-81.58472
200905003,2009-09-29 08:06:17,CCGS LIMNOS,GEORGIAN BAY,25,452212,-813505,33,54.3,2009-08-12 05:09:00,260,43.50,.00,0.00050000,,0,.002300,TP,"PHOSPHOROUS,TOTAL",MG P/L,45.37000,-81.58472
200905003,2009-09-29 08:06:17,CCGS LIMNOS,GEORGIAN BAY,25,452212,-813505,33,54.3,2009-08-12 05:09:00,260,48.00,.00,0.00050000,,0,.003000,TP,"PHOSPHOROUS,TOTAL",MG P/L,45.37000,-81.58472
200905003,2009-09-29 08:06:17,CCGS LIMNOS,GEORGIAN BAY,25,452212,-813505,33,54.3,2009-08-12 05:09:00,260,51.50,.00,0.00050000,,0,.002600,TP,"PHOSPHOROUS,TOTAL",MG P/L,45.37000,-81.58472
200905003,2009-09-29 08:06:17,CCGS LIMNOS,GEORGIAN BAY,25,452212,-813505,33,54.3,2009-08-12 05:09:00,260,998.00,.00,0.00050000,,0,.000900,TP,"PHOSPHOROUS,TOTAL",MG P/L,45.37000,-81.58472
200905003,2009-09-29 08:06:17,CCGS LIMNOS,GEORGIAN BAY,26,453138,-814010,35,36.7,2009-08-12 06:50:00,260,1.00,.00,0.00050000,,0,.002300,TP,"PHOSPHOROUS,TOTAL",MG P/L,45.52722,-81.66944
200905001,2009-06-04 10:58:50,CCGS LIMNOS,GEORGIAN BAY,1,454544,-814801,46,19.9,2009-05-10 01:42:00,263,1.00,.00,0.00020000,,0,.000600,SR P,"PHOSPHOROUS,SOLUBLE REACTIVE,FILTERED",MG P/L,45.76222,-81.80028
200905001,2009-06-04 10:58:50,CCGS LIMNOS,GEORGIAN BAY,2,455446,-813545,42,27.4,2009-05-10 03:27:00,263,1.00,.00,0.00020000,,0,.000500,SR P,"PHOSPHOROUS,SOLUBLE REACTIVE,FILTERED",MG P/L,45.91278,-81.59583
200905001,2009-06-04 10:58:50,CCGS LIMNOS,GEORGIAN BAY,3,454228,-813713,36,53.6,2009-05-10 05:01:00,263,1.00,.00,0.00020000,,0,.000500,SR P,"PHOSPHOROUS,SOLUBLE REACTIVE,FILTERED",MG P/L,45.70778,-81.62028
200905001,2009-06-04 10:58:50,CCGS LIMNOS,GEORGIAN BAY,4,455223,-811529,39,27.3,2009-05-10 07:09:00,263,1.00,.00,0.00020000,,0,.000800,SR P,"PHOSPHOROUS,SOLUBLE REACTIVE,FILTERED",MG P/L,45.87306,-81.25806
200905001,2009-06-04 10:58:50,CCGS LIMNOS,GEORGIAN BAY,5,455200,-805958,27,18.9,2009-05-10 08:36:00,263,1.00,.00,0.00020000,,0,.000400,SR P,"PHOSPHOROUS,SOLUBLE REACTIVE,FILTERED",MG P/L,45.86667,-80.99944
200905001,2009-06-04 10:58:50,CCGS LIMNOS,GEORGIAN BAY,5,455200,-805958,27,18.9,2009-05-10 08:36:00,263,1.00,.00,0.00020000,,1,.000400,SR P,"PHOSPHOROUS,SOLUBLE REACTIVE,FILTERED",MG P/L,45.86667,-80.99944
200905001,2009-06-04 10:58:50,CCGS LIMNOS,GEORGIAN BAY,5,455200,-805958,27,18.9,2009-05-10 08:36:00,263,998.00,.00,0.00020000,,0,.000200,SR P,"PHOSPHOROUS,SOLUBLE REACTIVE,FILTERED",MG P/L,45.86667,-80.99944
200905001,2009-06-04 10:58:50,CCGS LIMNOS,GEORGIAN BAY,5,455200,-805958,27,18.9,2009-05-10 08:36:00,263,999.00,.00,0.00020000,,0,.000200,SR P,"PHOSPHOROUS,SOLUBLE REACTIVE,FILTERED",MG P/L,45.86667,-80.99944
200905001,2009-06-04 10:58:50,CCGS LIMNOS,GEORGIAN BAY,6,455003,-805355,26,25.3,2009-05-10 09:15:00,263,1.00,.00,0.00020000,,0,.000400,SR P,"PHOSPHOROUS,SOLUBLE REACTIVE,FILTERED",MG P/L,45.83417,-80.89861
200905001,2009-06-04 10:58:50,CCGS LIMNOS,GEORGIAN BAY,7,454044,-805022,24,40,2009-05-10 10:26:00,263,1.00,.00,0.00020000,,0,.000200,SR P,"PHOSPHOROUS,SOLUBLE REACTIVE,FILTERED",MG P/L,45.67889,-80.83944
200905001,2009-06-04 10:58:50,CCGS LIMNOS,GEORGIAN BAY,8,453501,-810539,29,42.4,2009-05-10 11:49:00,263,1.00,.00,0.00020000,,0,.000300,SR P,"PHOSPHOROUS,SOLUBLE REACTIVE,FILTERED",MG P/L,45.58361,-81.09417
200905001,2009-06-04 10:58:50,CCGS LIMNOS,GEORGIAN BAY,9,452116,-802913,16,22.8,2009-05-10 14:55:00,263,1.00,.00,0.00020000,,0,.000500,SR P,"PHOSPHOROUS,SOLUBLE REACTIVE,FILTERED",MG P/L,45.35444,-80.48694
200905001,2009-06-04 10:58:50,CCGS LIMNOS,GEORGIAN BAY,10,451934,-800658,122,89.2,2009-05-10 16:56:00,263,1.00,.00,0.00020000,,0,.000700,SR P,"PHOSPHOROUS,SOLUBLE REACTIVE,FILTERED",MG P/L,45.32611,-80.11611
200905001,2009-06-04 10:58:50,CCGS LIMNOS,GEORGIAN BAY,10,451934,-800658,122,89.2,2009-05-10 16:56:00,263,1.00,.00,0.00020000,,1,.000700,SR P,"PHOSPHOROUS,SOLUBLE REACTIVE,FILTERED",MG P/L,45.32611,-80.11611
200905001,2009-06-04 10:58:50,CCGS LIMNOS,GEORGIAN BAY,10,451934,-800658,122,89.2,2009-05-10 16:56:00,263,998.00,.00,0.00020000,,0,.000200,SR P,"PHOSPHOROUS,SOLUBLE REACTIVE,FILTERED",MG P/L,45.32611,-80.11611
200905001,2009-06-04 10:58:50,CCGS LIMNOS,GEORGIAN BAY,10,451934,-800658,122,89.2,2009-05-10 16:56:00,263,999.00,.00,0.00020000,,0,.000200,SR P,"PHOSPHOROUS,SOLUBLE REACTIVE,FILTERED",MG P/L,45.32611,-80.11611
200905001,2009-06-04 10:58:50,CCGS LIMNOS,GEORGIAN BAY,11,451000,-801747,15,46.1,2009-05-10 20:00:00,263,1.00,.00,0.00020000,,0,.000300,SR P,"PHOSPHOROUS,SOLUBLE REACTIVE,FILTERED",MG P/L,45.16667,-80.29639
200905001,2009-06-04 10:58:50,CCGS LIMNOS,GEORGIAN BAY,12,445708,-800901,8,48.3,2009-05-10 21:41:00,263,1.00,.00,0.00020000,,0,.000500,SR P,"PHOSPHOROUS,SOLUBLE REACTIVE,FILTERED",MG P/L,44.95222,-80.15028
200905001,2009-06-04 10:58:50,CCGS LIMNOS,GEORGIAN BAY,13,445220,-795807,9,28.9,2009-05-10 22:51:00,263,1.00,.00,0.00020000,,0,.000700,SR P,"PHOSPHOROUS,SOLUBLE REACTIVE,FILTERED",MG P/L,44.87222,-79.96861
200905001,2009-06-04 10:58:50,CCGS LIMNOS,GEORGIAN BAY,14,444748,-801434,5,54.9,2009-05-11 00:36:00,263,1.00,.00,0.00020000,,0,.000700,SR P,"PHOSPHOROUS,SOLUBLE REACTIVE,FILTERED",MG P/L,44.79667,-80.24278
200905001,2009-06-04 10:58:50,CCGS LIMNOS,GEORGIAN BAY,15,443847,-801003,4,57.5,2009-05-11 01:46:00,263,1.00,.00,0.00020000,,0,.000400,SR P,"PHOSPHOROUS,SOLUBLE REACTIVE,FILTERED",MG P/L,44.64639,-80.16750
200905001,2009-06-04 10:58:50,CCGS LIMNOS,GEORGIAN BAY,15,443847,-801003,4,57.5,2009-05-11 01:46:00,263,1.00,.00,0.00020000,,1,.000400,SR P,"PHOSPHOROUS,SOLUBLE REACTIVE,FILTERED",MG P/L,44.64639,-80.16750
200905001,2009-06-04 10:58:50,CCGS LIMNOS,GEORGIAN BAY,15,443847,-801003,4,57.5,2009-05-11 01:46:00,263,998.00,.00,0.00020000,<,0,.000200,SR P,"PHOSPHOROUS,SOLUBLE REACTIVE,FILTERED",MG P/L,44.64639,-80.16750
200905001,2009-06-04 10:58:50,CCGS LIMNOS,GEORGIAN BAY,15,443847,-801003,4,57.5,2009-05-11 01:46:00,263,999.00,.00,0.00020000,<,0,.000200,SR P,"PHOSPHOROUS,SOLUBLE REACTIVE,FILTERED",MG P/L,44.64639,-80.16750
200905001,2009-06-04 10:58:50,CCGS LIMNOS,GEORGIAN BAY,16,444411,-802604,6,86.7,2009-05-11 03:20:00,263,1.00,.00,0.00020000,,0,.000600,SR P,"PHOSPHOROUS,SOLUBLE REACTIVE,FILTERED",MG P/L,44.73639,-80.43444
200905001,2009-06-04 10:58:50,CCGS LIMNOS,GEORGIAN BAY,17,444400,-803600,3,30.7,2009-05-11 04:23:00,263,1.00,.00,0.00020000,<,0,.000200,SR P,"PHOSPHOROUS,SOLUBLE REACTIVE,FILTERED",MG P/L,44.73333,-80.60000
200905001,2009-06-04 10:58:50,CCGS LIMNOS,GEORGIAN BAY,18,444302,-805124,1,88.7,2009-05-11 05:59:00,263,1.00,.00,0.00020000,,0,.000400,SR P,"PHOSPHOROUS,SOLUBLE REACTIVE,FILTERED",MG P/L,44.71722,-80.85667
200905001,2009-06-04 10:58:50,CCGS LIMNOS,GEORGIAN BAY,19,445516,-803621,11,63,2009-05-11 07:53:00,263,1.00,.00,0.00020000,,0,.000400,SR P,"PHOSPHOROUS,SOLUBLE REACTIVE,FILTERED",MG P/L,44.92111,-80.60583
200905001,2009-06-04 10:58:50,CCGS LIMNOS,GEORGIAN BAY,20,445508,-805232,12,88.5,2009-05-11 09:24:00,263,1.00,.00,0.00020000,,0,.000300,SR P,"PHOSPHOROUS,SOLUBLE REACTIVE,FILTERED",MG P/L,44.91889,-80.87556
200905001,2009-06-04 10:58:50,CCGS LIMNOS,GEORGIAN BAY,20,445508,-805232,12,88.5,2009-05-11 09:24:00,263,1.00,.00,0.00020000,,1,.000300,SR P,"PHOSPHOROUS,SOLUBLE REACTIVE,FILTERED",MG P/L,44.91889,-80.87556
200905001,2009-06-04 10:58:50,CCGS LIMNOS,GEORGIAN BAY,20,445508,-805232,12,88.5,2009-05-11 09:24:00,263,998.00,.00,0.00020000,,0,.000200,SR P,"PHOSPHOROUS,SOLUBLE REACTIVE,FILTERED",MG P/L,44.91889,-80.87556
200905001,2009-06-04 10:58:50,CCGS LIMNOS,GEORGIAN BAY,20,445508,-805232,12,88.5,2009-05-11 09:24:00,263,999.00,.00,0.00020000,<,0,.000200,SR P,"PHOSPHOROUS,SOLUBLE REACTIVE,FILTERED",MG P/L,44.91889,-80.87556
200905001,2009-06-04 10:58:50,CCGS LIMNOS,GEORGIAN BAY,21,450359,-811512,19,53,2009-05-11 11:35:00,263,1.00,.00,0.00020000,,0,.000400,SR P,"PHOSPHOROUS,SOLUBLE REACTIVE,FILTERED",MG P/L,45.06639,-81.25333
200905001,2009-06-04 10:58:50,CCGS LIMNOS,GEORGIAN BAY,22,451442,-805232,17,78,2009-05-11 13:44:00,263,1.00,.00,0.00020000,,0,.000300,SR P,"PHOSPHOROUS,SOLUBLE REACTIVE,FILTERED",MG P/L,45.24500,-80.87556
200905001,2009-06-04 10:58:50,CCGS LIMNOS,GEORGIAN BAY,23,452153,-811124,21,86.4,2009-05-11 15:38:00,263,1.00,.00,0.00020000,,0,.000400,SR P,"PHOSPHOROUS,SOLUBLE REACTIVE,FILTERED",MG P/L,45.36472,-81.19000
200905001,2009-06-04 10:58:50,CCGS LIMNOS,GEORGIAN BAY,24,451417,-812625,31,58.9,2009-05-11 17:18:00,263,1.00,.00,0.00020000,,0,.000500,SR P,"PHOSPHOROUS,SOLUBLE REACTIVE,FILTERED",MG P/L,45.23806,-81.44028
200905001,2009-06-04 10:58:50,CCGS LIMNOS,GEORGIAN BAY,25,452213,-813507,33,53.3,2009-05-11 18:51:00,263,1.00,.00,0.00020000,,0,.000700,SR P,"PHOSPHOROUS,SOLUBLE REACTIVE,FILTERED",MG P/L,45.37028,-81.58528
200905001,2009-06-04 10:58:50,CCGS LIMNOS,GEORGIAN BAY,25,452213,-813507,33,53.3,2009-05-11 18:51:00,263,1.00,.00,0.00020000,,1,.000700,SR P,"PHOSPHOROUS,SOLUBLE REACTIVE,FILTERED",MG P/L,45.37028,-81.58528
200905001,2009-06-04 10:58:50,CCGS LIMNOS,GEORGIAN BAY,25,452213,-813507,33,53.3,2009-05-11 18:51:00,263,998.00,.00,0.00020000,<,0,.000200,SR P,"PHOSPHOROUS,SOLUBLE REACTIVE,FILTERED",MG P/L,45.37028,-81.58528
200905001,2009-06-04 10:58:50,CCGS LIMNOS,GEORGIAN BAY,25,452213,-813507,33,53.3,2009-05-11 18:51:00,263,999.00,.00,0.00020000,<,0,.000200,SR P,"PHOSPHOROUS,SOLUBLE REACTIVE,FILTERED",MG P/L,45.37028,-81.58528
200905001,2009-06-04 10:58:50,CCGS LIMNOS,GEORGIAN BAY,26,453140,-814012,35,35.6,2009-05-11 20:09:00,263,1.00,.00,0.00020000,,0,.000500,SR P,"PHOSPHOROUS,SOLUBLE REACTIVE,FILTERED",MG P/L,45.52778,-81.67000
200905001,2009-06-04 10:58:50,CCGS LIMNOS,GEORGIAN BAY,1,454544,-814801,46,19.9,2009-05-10 01:42:00,264,1.00,.00,0.00050000,,0,.000900,TF P,"PHOSPHORUS,TOTAL FILTERED",MG P/L,45.76222,-81.80028
200905001,2009-06-04 10:58:50,CCGS LIMNOS,GEORGIAN BAY,2,455446,-813545,42,27.4,2009-05-10 03:27:00,264,1.00,.00,0.00050000,,0,.001300,TF P,"PHOSPHORUS,TOTAL FILTERED",MG P/L,45.91278,-81.59583
200905001,2009-06-04 10:58:50,CCGS LIMNOS,GEORGIAN BAY,3,454228,-813713,36,53.6,2009-05-10 05:01:00,264,1.00,.00,0.00050000,,0,.000700,TF P,"PHOSPHORUS,TOTAL FILTERED",MG P/L,45.70778,-81.62028
200905001,2009-06-04 10:58:50,CCGS LIMNOS,GEORGIAN BAY,4,455223,-811529,39,27.3,2009-05-10 07:09:00,264,1.00,.00,0.00050000,,0,.001200,TF P,"PHOSPHORUS,TOTAL FILTERED",MG P/L,45.87306,-81.25806
200905001,2009-06-04 10:58:50,CCGS LIMNOS,GEORGIAN BAY,5,455200,-805958,27,18.9,2009-05-10 08:36:00,264,1.00,.00,0.00050000,,0,.002000,TF P,"PHOSPHORUS,TOTAL FILTERED",MG P/L,45.86667,-80.99944
200905001,2009-06-04 10:58:50,CCGS LIMNOS,GEORGIAN BAY,5,455200,-805958,27,18.9,2009-05-10 08:36:00,264,1.00,.00,0.00050000,,1,.001900,TF P,"PHOSPHORUS,TOTAL FILTERED",MG P/L,45.86667,-80.99944
200905001,2009-06-04 10:58:50,CCGS LIMNOS,GEORGIAN BAY,5,455200,-805958,27,18.9,2009-05-10 08:36:00,264,998.00,.00,0.00050000,<,0,.000500,TF P,"PHOSPHORUS,TOTAL FILTERED",MG P/L,45.86667,-80.99944
200905001,2009-06-04 10:58:50,CCGS LIMNOS,GEORGIAN BAY,5,455200,-805958,27,18.9,2009-05-10 08:36:00,264,999.00,.00,0.00050000,,0,.003100,TF P,"PHOSPHORUS,TOTAL FILTERED",MG P/L,45.86667,-80.99944
200905001,2009-06-04 10:58:50,CCGS LIMNOS,GEORGIAN BAY,6,455003,-805355,26,25.3,2009-05-10 09:15:00,264,1.00,.00,0.00050000,,0,.002500,TF P,"PHOSPHORUS,TOTAL FILTERED",MG P/L,45.83417,-80.89861
200905001,2009-06-04 10:58:50,CCGS LIMNOS,GEORGIAN BAY,7,454044,-805022,24,40,2009-05-10 10:26:00,264,1.00,.00,0.00050000,,0,.002500,TF P,"PHOSPHORUS,TOTAL FILTERED",MG P/L,45.67889,-80.83944
200905001,2009-06-04 10:58:50,CCGS LIMNOS,GEORGIAN BAY,8,453501,-810539,29,42.4,2009-05-10 11:49:00,264,1.00,.00,0.00050000,,0,.000800,TF P,"PHOSPHORUS,TOTAL FILTERED",MG P/L,45.58361,-81.09417
200905001,2009-06-04 10:58:50,CCGS LIMNOS,GEORGIAN BAY,9,452116,-802913,16,22.8,2009-05-10 14:55:00,264,1.00,.00,0.00050000,,0,.000900,TF P,"PHOSPHORUS,TOTAL FILTERED",MG P/L,45.35444,-80.48694
200905001,2009-06-04 10:58:50,CCGS LIMNOS,GEORGIAN BAY,10,451934,-800658,122,89.2,2009-05-10 16:56:00,264,1.00,.00,0.00050000,,0,.002700,TF P,"PHOSPHORUS,TOTAL FILTERED",MG P/L,45.32611,-80.11611
200905001,2009-06-04 10:58:50,CCGS LIMNOS,GEORGIAN BAY,10,451934,-800658,122,89.2,2009-05-10 16:56:00,264,1.00,.00,0.00050000,,1,.002200,TF P,"PHOSPHORUS,TOTAL FILTERED",MG P/L,45.32611,-80.11611
200905001,2009-06-04 10:58:50,CCGS LIMNOS,GEORGIAN BAY,10,451934,-800658,122,89.2,2009-05-10 16:56:00,264,998.00,.00,0.00050000,,0,.001900,TF P,"PHOSPHORUS,TOTAL FILTERED",MG P/L,45.32611,-80.11611
200905001,2009-06-04 10:58:50,CCGS LIMNOS,GEORGIAN BAY,10,451934,-800658,122,89.2,2009-05-10 16:56:00,264,999.00,.00,0.00050000,<,0,.000500,TF P,"PHOSPHORUS,TOTAL FILTERED",MG P/L,45.32611,-80.11611
200905001,2009-06-04 10:58:50,CCGS LIMNOS,GEORGIAN BAY,11,451000,-801747,15,46.1,2009-05-10 20:00:00,264,1.00,.00,0.00050000,,0,.003100,TF P,"PHOSPHORUS,TOTAL FILTERED",MG P/L,45.16667,-80.29639
200905001,2009-06-04 10:58:50,CCGS LIMNOS,GEORGIAN BAY,12,445708,-800901,8,48.3,2009-05-10 21:41:00,264,1.00,.00,0.00050000,,0,.000800,TF P,"PHOSPHORUS,TOTAL FILTERED",MG P/L,44.95222,-80.15028
200905001,2009-06-04 10:58:50,CCGS LIMNOS,GEORGIAN BAY,13,445220,-795807,9,28.9,2009-05-10 22:51:00,264,1.00,.00,0.00050000,,0,.002700,TF P,"PHOSPHORUS,TOTAL FILTERED",MG P/L,44.87222,-79.96861
200905001,2009-06-04 10:58:50,CCGS LIMNOS,GEORGIAN BAY,14,444748,-801434,5,54.9,2009-05-11 00:36:00,264,1.00,.00,0.00050000,,0,.000800,TF P,"PHOSPHORUS,TOTAL FILTERED",MG P/L,44.79667,-80.24278
200905001,2009-06-04 10:58:50,CCGS LIMNOS,GEORGIAN BAY,15,443847,-801003,4,57.5,2009-05-11 01:46:00,264,1.00,.00,0.00050000,,0,.001000,TF P,"PHOSPHORUS,TOTAL FILTERED",MG P/L,44.64639,-80.16750
200905001,2009-06-04 10:58:50,CCGS LIMNOS,GEORGIAN BAY,15,443847,-801003,4,57.5,2009-05-11 01:46:00,264,1.00,.00,0.00050000,,1,.000600,TF P,"PHOSPHORUS,TOTAL FILTERED",MG P/L,44.64639,-80.16750
200905001,2009-06-04 10:58:50,CCGS LIMNOS,GEORGIAN BAY,15,443847,-801003,4,57.5,2009-05-11 01:46:00,264,998.00,.00,0.00050000,,0,.000600,TF P,"PHOSPHORUS,TOTAL FILTERED",MG P/L,44.64639,-80.16750
200905001,2009-06-04 10:58:50,CCGS LIMNOS,GEORGIAN BAY,15,443847,-801003,4,57.5,2009-05-11 01:46:00,264,999.00,.00,0.00050000,,0,.002200,TF P,"PHOSPHORUS,TOTAL FILTERED",MG P/L,44.64639,-80.16750
200905001,2009-06-04 10:58:50,CCGS LIMNOS,GEORGIAN BAY,16,444411,-802604,6,86.7,2009-05-11 03:20:00,264,1.00,.00,0.00050000,,0,.001100,TF P,"PHOSPHORUS,TOTAL FILTERED",MG P/L,44.73639,-80.43444
200905001,2009-06-04 10:58:50,CCGS LIMNOS,GEORGIAN BAY,17,444400,-803600,3,30.7,2009-05-11 04:23:00,264,1.00,.00,0.00050000,,0,.001400,TF P,"PHOSPHORUS,TOTAL FILTERED",MG P/L,44.73333,-80.60000
200905001,2009-06-04 10:58:50,CCGS LIMNOS,GEORGIAN BAY,18,444302,-805124,1,88.7,2009-05-11 05:59:00,264,1.00,.00,0.00050000,,0,.001100,TF P,"PHOSPHORUS,TOTAL FILTERED",MG P/L,44.71722,-80.85667
200905001,2009-06-04 10:58:50,CCGS LIMNOS,GEORGIAN BAY,19,445516,-803621,11,63,2009-05-11 07:53:00,264,1.00,.00,0.00050000,,0,.001100,TF P,"PHOSPHORUS,TOTAL FILTERED",MG P/L,44.92111,-80.60583
200905001,2009-06-04 10:58:50,CCGS LIMNOS,GEORGIAN BAY,20,445508,-805232,12,88.5,2009-05-11 09:24:00,264,1.00,.00,0.00050000,,0,.000600,TF P,"PHOSPHORUS,TOTAL FILTERED",MG P/L,44.91889,-80.87556
200905001,2009-06-04 10:58:50,CCGS LIMNOS,GEORGIAN BAY,20,445508,-805232,12,88.5,2009-05-11 09:24:00,264,1.00,.00,0.00050000,,1,.000500,TF P,"PHOSPHORUS,TOTAL FILTERED",MG P/L,44.91889,-80.87556
200905001,2009-06-04 10:58:50,CCGS LIMNOS,GEORGIAN BAY,20,445508,-805232,12,88.5,2009-05-11 09:24:00,264,998.00,.00,0.00050000,<,0,.000500,TF P,"PHOSPHORUS,TOTAL FILTERED",MG P/L,44.91889,-80.87556
200905001,2009-06-04 10:58:50,CCGS LIMNOS,GEORGIAN BAY,20,445508,-805232,12,88.5,2009-05-11 09:24:00,264,999.00,.00,0.00050000,<,0,.000500,TF P,"PHOSPHORUS,TOTAL FILTERED",MG P/L,44.91889,-80.87556
200905001,2009-06-04 10:58:50,CCGS LIMNOS,GEORGIAN BAY,21,450359,-811512,19,53,2009-05-11 11:35:00,264,1.00,.00,0.00050000,,0,.000900,TF P,"PHOSPHORUS,TOTAL FILTERED",MG P/L,45.06639,-81.25333
200905001,2009-06-04 10:58:50,CCGS LIMNOS,GEORGIAN BAY,22,451442,-805232,17,78,2009-05-11 13:44:00,264,1.00,.00,0.00050000,,0,.000600,TF P,"PHOSPHORUS,TOTAL FILTERED",MG P/L,45.24500,-80.87556
200905001,2009-06-04 10:58:50,CCGS LIMNOS,GEORGIAN BAY,23,452153,-811124,21,86.4,2009-05-11 15:38:00,264,1.00,.00,0.00050000,,0,.000600,TF P,"PHOSPHORUS,TOTAL FILTERED",MG P/L,45.36472,-81.19000
200905001,2009-06-04 10:58:50,CCGS LIMNOS,GEORGIAN BAY,24,451417,-812625,31,58.9,2009-05-11 17:18:00,264,1.00,.00,0.00050000,,0,.000800,TF P,"PHOSPHORUS,TOTAL FILTERED",MG P/L,45.23806,-81.44028
200905001,2009-06-04 10:58:50,CCGS LIMNOS,GEORGIAN BAY,25,452213,-813507,33,53.3,2009-05-11 18:51:00,264,1.00,.00,0.00050000,,0,.001600,TF P,"PHOSPHORUS,TOTAL FILTERED",MG P/L,45.37028,-81.58528
200905001,2009-06-04 10:58:50,CCGS LIMNOS,GEORGIAN BAY,25,452213,-813507,33,53.3,2009-05-11 18:51:00,264,1.00,.00,0.00050000,,1,.000800,TF P,"PHOSPHORUS,TOTAL FILTERED",MG P/L,45.37028,-81.58528
200905001,2009-06-04 10:58:50,CCGS LIMNOS,GEORGIAN BAY,25,452213,-813507,33,53.3,2009-05-11 18:51:00,264,998.00,.00,0.00050000,,0,.000700,TF P,"PHOSPHORUS,TOTAL FILTERED",MG P/L,45.37028,-81.58528
200905001,2009-06-04 10:58:50,CCGS LIMNOS,GEORGIAN BAY,25,452213,-813507,33,53.3,2009-05-11 18:51:00,264,999.00,.00,0.00050000,<,0,.000500,TF P,"PHOSPHORUS,TOTAL FILTERED",MG P/L,45.37028,-81.58528
200905001,2009-06-04 10:58:50,CCGS LIMNOS,GEORGIAN BAY,26,453140,-814012,35,35.6,2009-05-11 20:09:00,264,1.00,.00,0.00050000,,0,.000800,TF P,"PHOSPHORUS,TOTAL FILTERED",MG P/L,45.52778,-81.67000
200905003,2009-09-29 08:06:17,CCGS LIMNOS,GEORGIAN BAY,1,454547,-814746,46,19,2009-08-10 09:35:00,264,1.00,.00,0.00050000,,0,.001900,TF P,"PHOSPHORUS,TOTAL FILTERED",MG P/L,45.76306,-81.79611
200905003,2009-09-29 08:06:17,CCGS LIMNOS,GEORGIAN BAY,2,455444,-813542,42,28.1,2009-08-10 11:17:00,264,1.00,.00,0.00050000,,0,.001900,TF P,"PHOSPHORUS,TOTAL FILTERED",MG P/L,45.91222,-81.59500
200905003,2009-09-29 08:06:17,CCGS LIMNOS,GEORGIAN BAY,2,455444,-813542,42,28.1,2009-08-10 11:17:00,264,15.00,.00,0.00050000,,0,.001800,TF P,"PHOSPHORUS,TOTAL FILTERED",MG P/L,45.91222,-81.59500
200905003,2009-09-29 08:06:17,CCGS LIMNOS,GEORGIAN BAY,3,454231,-813715,36,50.5,2009-08-10 12:57:00,264,1.00,.00,0.00050000,,0,.001600,TF P,"PHOSPHORUS,TOTAL FILTERED",MG P/L,45.70861,-81.62083
200905003,2009-09-29 08:06:17,CCGS LIMNOS,GEORGIAN BAY,4,455224,-811529,39,25,2009-08-10 15:05:00,264,1.00,.00,0.00050000,,0,.001600,TF P,"PHOSPHORUS,TOTAL FILTERED",MG P/L,45.87333,-81.25806
200905003,2009-09-29 08:06:17,CCGS LIMNOS,GEORGIAN BAY,5,455159,-810002,27,16.5,2009-08-10 16:22:00,264,1.00,.00,0.00050000,,0,.002300,TF P,"PHOSPHORUS,TOTAL FILTERED",MG P/L,45.86639,-81.00056
200905003,2009-09-29 08:06:17,CCGS LIMNOS,GEORGIAN BAY,5,455159,-810002,27,16.5,2009-08-10 16:22:00,264,1.00,.00,0.00050000,,1,.001800,TF P,"PHOSPHORUS,TOTAL FILTERED",MG P/L,45.86639,-81.00056
200905003,2009-09-29 08:06:17,CCGS LIMNOS,GEORGIAN BAY,5,455159,-810002,27,16.5,2009-08-10 16:22:00,264,13.00,.00,0.00050000,,0,.002800,TF P,"PHOSPHORUS,TOTAL FILTERED",MG P/L,45.86639,-81.00056
200905003,2009-09-29 08:06:17,CCGS LIMNOS,GEORGIAN BAY,5,455159,-810002,27,16.5,2009-08-10 16:22:00,264,998.00,.00,0.00050000,<,0,.000500,TF P,"PHOSPHORUS,TOTAL FILTERED",MG P/L,45.86639,-81.00056
200905003,2009-09-29 08:06:17,CCGS LIMNOS,GEORGIAN BAY,6,454958,-805400,26,25.4,2009-08-10 17:25:00,264,1.00,.00,0.00050000,,0,.001500,TF P,"PHOSPHORUS,TOTAL FILTERED",MG P/L,45.83278,-80.90000
200905003,2009-09-29 08:06:17,CCGS LIMNOS,GEORGIAN BAY,7,454044,-805022,24,40.4,2009-08-10 18:41:00,264,1.00,.00,0.00050000,,0,.001900,TF P,"PHOSPHORUS,TOTAL FILTERED",MG P/L,45.67889,-80.83944
200905003,2009-09-29 08:06:17,CCGS LIMNOS,GEORGIAN BAY,8,453500,-810500,29,43.1,2009-08-10 20:24:00,264,1.00,.00,0.00050000,,0,.001200,TF P,"PHOSPHORUS,TOTAL FILTERED",MG P/L,45.58333,-81.08333
200905003,2009-09-29 08:06:17,CCGS LIMNOS,GEORGIAN BAY,8,453500,-810500,29,43.1,2009-08-10 20:24:00,264,10.00,.00,0.00050000,,0,.001300,TF P,"PHOSPHORUS,TOTAL FILTERED",MG P/L,45.58333,-81.08333
200905003,2009-09-29 08:06:17,CCGS LIMNOS,GEORGIAN BAY,8,453500,-810500,29,43.1,2009-08-10 20:24:00,264,16.00,.00,0.00050000,,0,.001200,TF P,"PHOSPHORUS,TOTAL FILTERED",MG P/L,45.58333,-81.08333
200905003,2009-09-29 08:06:17,CCGS LIMNOS,GEORGIAN BAY,8,453500,-810500,29,43.1,2009-08-10 20:24:00,264,26.00,.00,0.00050000,,0,.001700,TF P,"PHOSPHORUS,TOTAL FILTERED",MG P/L,45.58333,-81.08333
200905003,2009-09-29 08:06:17,CCGS LIMNOS,GEORGIAN BAY,8,453500,-810500,29,43.1,2009-08-10 20:24:00,264,32.00,.00,0.00050000,,0,.001700,TF P,"PHOSPHORUS,TOTAL FILTERED",MG P/L,45.58333,-81.08333
200905003,2009-09-29 08:06:17,CCGS LIMNOS,GEORGIAN BAY,8,453500,-810500,29,43.1,2009-08-10 20:24:00,264,40.00,.00,0.00050000,,0,.001600,TF P,"PHOSPHORUS,TOTAL FILTERED",MG P/L,45.58333,-81.08333
200905003,2009-09-29 08:06:17,CCGS LIMNOS,GEORGIAN BAY,9,452110,-802911,16,23.1,2009-08-10 23:28:00,264,1.00,.00,0.00050000,,0,.001700,TF P,"PHOSPHORUS,TOTAL FILTERED",MG P/L,45.35278,-80.48639
200905003,2009-09-29 08:06:17,CCGS LIMNOS,GEORGIAN BAY,10,451929,-800701,122,95.7,2009-08-11 01:29:00,264,1.00,.00,0.00050000,,0,.003100,TF P,"PHOSPHORUS,TOTAL FILTERED",MG P/L,45.32472,-80.11694
200905003,2009-09-29 08:06:17,CCGS LIMNOS,GEORGIAN BAY,10,451929,-800701,122,95.7,2009-08-11 01:29:00,264,1.00,.00,0.00050000,,1,.002800,TF P,"PHOSPHORUS,TOTAL FILTERED",MG P/L,45.32472,-80.11694
200905003,2009-09-29 08:06:17,CCGS LIMNOS,GEORGIAN BAY,10,451929,-800701,122,95.7,2009-08-11 01:29:00,264,998.00,.00,0.00050000,<,0,.000500,TF P,"PHOSPHORUS,TOTAL FILTERED",MG P/L,45.32472,-80.11694
200905003,2009-09-29 08:06:17,CCGS LIMNOS,GEORGIAN BAY,11,451001,-801748,15,44.2,2009-08-11 04:36:00,264,1.00,.00,0.00050000,,0,.002200,TF P,"PHOSPHORUS,TOTAL FILTERED",MG P/L,45.16694,-80.29667
200905003,2009-09-29 08:06:17,CCGS LIMNOS,GEORGIAN BAY,12,445710,-800859,8,50.8,2009-08-11 06:20:00,264,1.00,.00,0.00050000,,0,.001900,TF P,"PHOSPHORUS,TOTAL FILTERED",MG P/L,44.95278,-80.14972
200905003,2009-09-29 08:06:17,CCGS LIMNOS,GEORGIAN BAY,13,445216,-795802,9,28,2009-08-11 07:39:00,264,1.00,.00,0.00050000,,0,.002200,TF P,"PHOSPHORUS,TOTAL FILTERED",MG P/L,44.87111,-79.96722
200905003,2009-09-29 08:06:17,CCGS LIMNOS,GEORGIAN BAY,13,445216,-795802,9,28,2009-08-11 07:39:00,264,10.00,.00,0.00050000,,0,.002600,TF P,"PHOSPHORUS,TOTAL FILTERED",MG P/L,44.87111,-79.96722
200905003,2009-09-29 08:06:17,CCGS LIMNOS,GEORGIAN BAY,13,445216,-795802,9,28,2009-08-11 07:39:00,264,18.50,.00,0.00050000,,0,.001900,TF P,"PHOSPHORUS,TOTAL FILTERED",MG P/L,44.87111,-79.96722
200905003,2009-09-29 08:06:17,CCGS LIMNOS,GEORGIAN BAY,13,445216,-795802,9,28,2009-08-11 07:39:00,264,25.00,.00,0.00050000,,0,.002100,TF P,"PHOSPHORUS,TOTAL FILTERED",MG P/L,44.87111,-79.96722
200905003,2009-09-29 08:06:17,CCGS LIMNOS,GEORGIAN BAY,14,444748,-801437,5,58.4,2009-08-11 10:10:00,264,1.00,.00,0.00050000,,0,.002300,TF P,"PHOSPHORUS,TOTAL FILTERED",MG P/L,44.79667,-80.24361
200905003,2009-09-29 08:06:17,CCGS LIMNOS,GEORGIAN BAY,15,443842,-801003,4,58.1,2009-08-11 11:22:00,264,1.00,.00,0.00050000,,0,.001500,TF P,"PHOSPHORUS,TOTAL FILTERED",MG P/L,44.64500,-80.16750
200905003,2009-09-29 08:06:17,CCGS LIMNOS,GEORGIAN BAY,15,443842,-801003,4,58.1,2009-08-11 11:22:00,264,1.00,.00,0.00050000,,1,.001200,TF P,"PHOSPHORUS,TOTAL FILTERED",MG P/L,44.64500,-80.16750
200905003,2009-09-29 08:06:17,CCGS LIMNOS,GEORGIAN BAY,15,443842,-801003,4,58.1,2009-08-11 11:22:00,264,17.00,.00,0.00050000,,0,.001400,TF P,"PHOSPHORUS,TOTAL FILTERED",MG P/L,44.64500,-80.16750
200905003,2009-09-29 08:06:17,CCGS LIMNOS,GEORGIAN BAY,15,443842,-801003,4,58.1,2009-08-11 11:22:00,264,30.00,.00,0.00050000,,0,.001200,TF P,"PHOSPHORUS,TOTAL FILTERED",MG P/L,44.64500,-80.16750
200905003,2009-09-29 08:06:17,CCGS LIMNOS,GEORGIAN BAY,15,443842,-801003,4,58.1,2009-08-11 11:22:00,264,44.00,.00,0.00050000,,0,.001400,TF P,"PHOSPHORUS,TOTAL FILTERED",MG P/L,44.64500,-80.16750
200905003,2009-09-29 08:06:17,CCGS LIMNOS,GEORGIAN BAY,15,443842,-801003,4,58.1,2009-08-11 11:22:00,264,48.00,.00,0.00050000,,0,.001200,TF P,"PHOSPHORUS,TOTAL FILTERED",MG P/L,44.64500,-80.16750
200905003,2009-09-29 08:06:17,CCGS LIMNOS,GEORGIAN BAY,15,443842,-801003,4,58.1,2009-08-11 11:22:00,264,56.00,.00,0.00050000,,0,.001600,TF P,"PHOSPHORUS,TOTAL FILTERED",MG P/L,44.64500,-80.16750
200905003,2009-09-29 08:06:17,CCGS LIMNOS,GEORGIAN BAY,15,443842,-801003,4,58.1,2009-08-11 11:22:00,264,998.00,.00,0.00050000,<,0,.000500,TF P,"PHOSPHORUS,TOTAL FILTERED",MG P/L,44.64500,-80.16750
200905003,2009-09-29 08:06:17,CCGS LIMNOS,GEORGIAN BAY,16,444413,-802607,6,86.7,2009-08-11 13:08:00,264,1.00,.00,0.00050000,,0,.001500,TF P,"PHOSPHORUS,TOTAL FILTERED",MG P/L,44.73694,-80.43528
200905003,2009-09-29 08:06:17,CCGS LIMNOS,GEORGIAN BAY,17,444333,-803606,3,31.3,2009-08-11 14:06:00,264,1.00,.00,0.00050000,,0,.002100,TF P,"PHOSPHORUS,TOTAL FILTERED",MG P/L,44.72583,-80.60167
200905003,2009-09-29 08:06:17,CCGS LIMNOS,GEORGIAN BAY,18,444303,-805125,1,89.9,2009-08-11 16:04:00,264,1.00,.00,0.00050000,,0,.001600,TF P,"PHOSPHORUS,TOTAL FILTERED",MG P/L,44.71750,-80.85694
200905003,2009-09-29 08:06:17,CCGS LIMNOS,GEORGIAN BAY,18,444303,-805125,1,89.9,2009-08-11 16:04:00,264,5.00,.00,0.00050000,,0,.001800,TF P,"PHOSPHORUS,TOTAL FILTERED",MG P/L,44.71750,-80.85694
200905003,2009-09-29 08:06:17,CCGS LIMNOS,GEORGIAN BAY,18,444303,-805125,1,89.9,2009-08-11 16:04:00,264,17.00,.00,0.00050000,,0,.001600,TF P,"PHOSPHORUS,TOTAL FILTERED",MG P/L,44.71750,-80.85694
200905003,2009-09-29 08:06:17,CCGS LIMNOS,GEORGIAN BAY,18,444303,-805125,1,89.9,2009-08-11 16:04:00,264,29.00,.00,0.00050000,,0,.001500,TF P,"PHOSPHORUS,TOTAL FILTERED",MG P/L,44.71750,-80.85694
200905003,2009-09-29 08:06:17,CCGS LIMNOS,GEORGIAN BAY,18,444303,-805125,1,89.9,2009-08-11 16:04:00,264,79.50,.00,0.00050000,,0,.001300,TF P,"PHOSPHORUS,TOTAL FILTERED",MG P/L,44.71750,-80.85694
200905003,2009-09-29 08:06:17,CCGS LIMNOS,GEORGIAN BAY,18,444303,-805125,1,89.9,2009-08-11 16:04:00,264,87.50,.00,0.00050000,,0,.001600,TF P,"PHOSPHORUS,TOTAL FILTERED",MG P/L,44.71750,-80.85694
200905003,2009-09-29 08:06:17,CCGS LIMNOS,GEORGIAN BAY,19,445518,-803629,11,59.9,2009-08-11 17:53:00,264,1.00,.00,0.00050000,,0,.001500,TF P,"PHOSPHORUS,TOTAL FILTERED",MG P/L,44.92167,-80.60806
200905003,2009-09-29 08:06:17,CCGS LIMNOS,GEORGIAN BAY,20,445513,-805229,12,88.9,2009-08-11 19:24:00,264,1.00,.00,0.00050000,,0,.001300,TF P,"PHOSPHORUS,TOTAL FILTERED",MG P/L,44.92028,-80.87472
200905003,2009-09-29 08:06:17,CCGS LIMNOS,GEORGIAN BAY,20,445513,-805229,12,88.9,2009-08-11 19:24:00,264,1.00,.00,0.00050000,,1,.001100,TF P,"PHOSPHORUS,TOTAL FILTERED",MG P/L,44.92028,-80.87472
200905003,2009-09-29 08:06:17,CCGS LIMNOS,GEORGIAN BAY,20,445513,-805229,12,88.9,2009-08-11 19:24:00,264,998.00,.00,0.00050000,<,0,.000500,TF P,"PHOSPHORUS,TOTAL FILTERED",MG P/L,44.92028,-80.87472
200905003,2009-09-29 08:06:17,CCGS LIMNOS,GEORGIAN BAY,21,450401,-811512,19,53.5,2009-08-11 21:41:00,264,1.00,.00,0.00050000,,0,.001200,TF P,"PHOSPHORUS,TOTAL FILTERED",MG P/L,45.06694,-81.25333
200905003,2009-09-29 08:06:17,CCGS LIMNOS,GEORGIAN BAY,22,451439,-805224,17,76.7,2009-08-11 23:56:00,264,1.00,.00,0.00050000,,0,.001500,TF P,"PHOSPHORUS,TOTAL FILTERED",MG P/L,45.24417,-80.87333
200905003,2009-09-29 08:06:17,CCGS LIMNOS,GEORGIAN BAY,22,451439,-805224,17,76.7,2009-08-11 23:56:00,264,17.00,.00,0.00050000,,0,.001600,TF P,"PHOSPHORUS,TOTAL FILTERED",MG P/L,45.24417,-80.87333
200905003,2009-09-29 08:06:17,CCGS LIMNOS,GEORGIAN BAY,22,451439,-805224,17,76.7,2009-08-11 23:56:00,264,30.00,.00,0.00050000,,0,.001400,TF P,"PHOSPHORUS,TOTAL FILTERED",MG P/L,45.24417,-80.87333
200905003,2009-09-29 08:06:17,CCGS LIMNOS,GEORGIAN BAY,22,451439,-805224,17,76.7,2009-08-11 23:56:00,264,43.00,.00,0.00050000,,0,.001400,TF P,"PHOSPHORUS,TOTAL FILTERED",MG P/L,45.24417,-80.87333
200905003,2009-09-29 08:06:17,CCGS LIMNOS,GEORGIAN BAY,22,451439,-805224,17,76.7,2009-08-11 23:56:00,264,67.00,.00,0.00050000,,0,.001300,TF P,"PHOSPHORUS,TOTAL FILTERED",MG P/L,45.24417,-80.87333
200905003,2009-09-29 08:06:17,CCGS LIMNOS,GEORGIAN BAY,22,451439,-805224,17,76.7,2009-08-11 23:56:00,264,74.00,.00,0.00050000,,0,.001500,TF P,"PHOSPHORUS,TOTAL FILTERED",MG P/L,45.24417,-80.87333
200905003,2009-09-29 08:06:17,CCGS LIMNOS,GEORGIAN BAY,23,452152,-811122,21,87,2009-08-12 02:10:00,264,1.00,.00,0.00050000,,0,.001500,TF P,"PHOSPHORUS,TOTAL FILTERED",MG P/L,45.36444,-81.18944
200905003,2009-09-29 08:06:17,CCGS LIMNOS,GEORGIAN BAY,24,451418,-812623,31,61.3,2009-08-12 03:55:00,264,1.00,.00,0.00050000,,0,.001500,TF P,"PHOSPHORUS,TOTAL FILTERED",MG P/L,45.23833,-81.43972
200905003,2009-09-29 08:06:17,CCGS LIMNOS,GEORGIAN BAY,25,452212,-813505,33,54.3,2009-08-12 05:09:00,264,1.00,.00,0.00050000,,0,.001100,TF P,"PHOSPHORUS,TOTAL FILTERED",MG P/L,45.37000,-81.58472
200905003,2009-09-29 08:06:17,CCGS LIMNOS,GEORGIAN BAY,25,452212,-813505,33,54.3,2009-08-12 05:09:00,264,1.00,.00,0.00050000,,1,.001400,TF P,"PHOSPHORUS,TOTAL FILTERED",MG P/L,45.37000,-81.58472
200905003,2009-09-29 08:06:17,CCGS LIMNOS,GEORGIAN BAY,25,452212,-813505,33,54.3,2009-08-12 05:09:00,264,6.00,.00,0.00050000,,0,.001200,TF P,"PHOSPHORUS,TOTAL FILTERED",MG P/L,45.37000,-81.58472
200905003,2009-09-29 08:06:17,CCGS LIMNOS,GEORGIAN BAY,25,452212,-813505,33,54.3,2009-08-12 05:09:00,264,25.00,.00,0.00050000,,0,.001300,TF P,"PHOSPHORUS,TOTAL FILTERED",MG P/L,45.37000,-81.58472
200905003,2009-09-29 08:06:17,CCGS LIMNOS,GEORGIAN BAY,25,452212,-813505,33,54.3,2009-08-12 05:09:00,264,43.50,.00,0.00050000,,0,.001100,TF P,"PHOSPHORUS,TOTAL FILTERED",MG P/L,45.37000,-81.58472
200905003,2009-09-29 08:06:17,CCGS LIMNOS,GEORGIAN BAY,25,452212,-813505,33,54.3,2009-08-12 05:09:00,264,48.00,.00,0.00050000,,0,.001200,TF P,"PHOSPHORUS,TOTAL FILTERED",MG P/L,45.37000,-81.58472
200905003,2009-09-29 08:06:17,CCGS LIMNOS,GEORGIAN BAY,25,452212,-813505,33,54.3,2009-08-12 05:09:00,264,51.50,.00,0.00050000,,0,.001300,TF P,"PHOSPHORUS,TOTAL FILTERED",MG P/L,45.37000,-81.58472
200905003,2009-09-29 08:06:17,CCGS LIMNOS,GEORGIAN BAY,25,452212,-813505,33,54.3,2009-08-12 05:09:00,264,998.00,.00,0.00050000,<,0,.000500,TF P,"PHOSPHORUS,TOTAL FILTERED",MG P/L,45.37000,-81.58472
200905003,2009-09-29 08:06:17,CCGS LIMNOS,GEORGIAN BAY,26,453138,-814010,35,36.7,2009-08-12 06:50:00,264,1.00,.00,0.00050000,,0,.001300,TF P,"PHOSPHORUS,TOTAL FILTERED",MG P/L,45.52722,-81.66944
200905001,2009-06-04 10:58:50,CCGS LIMNOS,GEORGIAN BAY,1,454544,-814801,46,19.9,2009-05-10 01:42:00,265,1.00,.00,0.01400000,,0,.172000,TF KJN,"TOTAL KJELDAHL NITROGEN,FILTERED",MG N/L,45.76222,-81.80028
200905001,2009-06-04 10:58:50,CCGS LIMNOS,GEORGIAN BAY,2,455446,-813545,42,27.4,2009-05-10 03:27:00,265,1.00,.00,0.01400000,,0,.241000,TF KJN,"TOTAL KJELDAHL NITROGEN,FILTERED",MG N/L,45.91278,-81.59583
200905001,2009-06-04 10:58:50,CCGS LIMNOS,GEORGIAN BAY,3,454228,-813713,36,53.6,2009-05-10 05:01:00,265,1.00,.00,0.01400000,,0,.189000,TF KJN,"TOTAL KJELDAHL NITROGEN,FILTERED",MG N/L,45.70778,-81.62028
200905001,2009-06-04 10:58:50,CCGS LIMNOS,GEORGIAN BAY,4,455223,-811529,39,27.3,2009-05-10 07:09:00,265,1.00,.00,0.01400000,,0,.153000,TF KJN,"TOTAL KJELDAHL NITROGEN,FILTERED",MG N/L,45.87306,-81.25806
200905001,2009-06-04 10:58:50,CCGS LIMNOS,GEORGIAN BAY,5,455200,-805958,27,18.9,2009-05-10 08:36:00,265,1.00,.00,0.01400000,,0,.210000,TF KJN,"TOTAL KJELDAHL NITROGEN,FILTERED",MG N/L,45.86667,-80.99944
200905001,2009-06-04 10:58:50,CCGS LIMNOS,GEORGIAN BAY,5,455200,-805958,27,18.9,2009-05-10 08:36:00,265,1.00,.00,0.01400000,,1,.224000,TF KJN,"TOTAL KJELDAHL NITROGEN,FILTERED",MG N/L,45.86667,-80.99944
200905001,2009-06-04 10:58:50,CCGS LIMNOS,GEORGIAN BAY,5,455200,-805958,27,18.9,2009-05-10 08:36:00,265,998.00,.00,0.01400000,<,0,.014000,TF KJN,"TOTAL KJELDAHL NITROGEN,FILTERED",MG N/L,45.86667,-80.99944
200905001,2009-06-04 10:58:50,CCGS LIMNOS,GEORGIAN BAY,5,455200,-805958,27,18.9,2009-05-10 08:36:00,265,999.00,.00,0.01400000,<,0,.014000,TF KJN,"TOTAL KJELDAHL NITROGEN,FILTERED",MG N/L,45.86667,-80.99944
200905001,2009-06-04 10:58:50,CCGS LIMNOS,GEORGIAN BAY,6,455003,-805355,26,25.3,2009-05-10 09:15:00,265,1.00,.00,0.01400000,,0,.228000,TF KJN,"TOTAL KJELDAHL NITROGEN,FILTERED",MG N/L,45.83417,-80.89861
200905001,2009-06-04 10:58:50,CCGS LIMNOS,GEORGIAN BAY,7,454044,-805022,24,40,2009-05-10 10:26:00,265,1.00,.00,0.01400000,,0,.166000,TF KJN,"TOTAL KJELDAHL NITROGEN,FILTERED",MG N/L,45.67889,-80.83944
200905001,2009-06-04 10:58:50,CCGS LIMNOS,GEORGIAN BAY,8,453501,-810539,29,42.4,2009-05-10 11:49:00,265,1.00,.00,0.01400000,,0,.154000,TF KJN,"TOTAL KJELDAHL NITROGEN,FILTERED",MG N/L,45.58361,-81.09417
200905001,2009-06-04 10:58:50,CCGS LIMNOS,GEORGIAN BAY,9,452116,-802913,16,22.8,2009-05-10 14:55:00,265,1.00,.00,0.01400000,,0,.141000,TF KJN,"TOTAL KJELDAHL NITROGEN,FILTERED",MG N/L,45.35444,-80.48694
200905001,2009-06-04 10:58:50,CCGS LIMNOS,GEORGIAN BAY,10,451934,-800658,122,89.2,2009-05-10 16:56:00,265,1.00,.00,0.01400000,,0,.168000,TF KJN,"TOTAL KJELDAHL NITROGEN,FILTERED",MG N/L,45.32611,-80.11611
200905001,2009-06-04 10:58:50,CCGS LIMNOS,GEORGIAN BAY,10,451934,-800658,122,89.2,2009-05-10 16:56:00,265,1.00,.00,0.01400000,,1,.175000,TF KJN,"TOTAL KJELDAHL NITROGEN,FILTERED",MG N/L,45.32611,-80.11611
200905001,2009-06-04 10:58:50,CCGS LIMNOS,GEORGIAN BAY,10,451934,-800658,122,89.2,2009-05-10 16:56:00,265,998.00,.00,0.01400000,<,0,.014000,TF KJN,"TOTAL KJELDAHL NITROGEN,FILTERED",MG N/L,45.32611,-80.11611
200905001,2009-06-04 10:58:50,CCGS LIMNOS,GEORGIAN BAY,10,451934,-800658,122,89.2,2009-05-10 16:56:00,265,999.00,.00,0.01400000,,0,.019000,TF KJN,"TOTAL KJELDAHL NITROGEN,FILTERED",MG N/L,45.32611,-80.11611
200905001,2009-06-04 10:58:50,CCGS LIMNOS,GEORGIAN BAY,11,451000,-801747,15,46.1,2009-05-10 20:00:00,265,1.00,.00,0.01400000,,0,.125000,TF KJN,"TOTAL KJELDAHL NITROGEN,FILTERED",MG N/L,45.16667,-80.29639
200905001,2009-06-04 10:58:50,CCGS LIMNOS,GEORGIAN BAY,12,445708,-800901,8,48.3,2009-05-10 21:41:00,265,1.00,.00,0.01400000,,0,.227000,TF KJN,"TOTAL KJELDAHL NITROGEN,FILTERED",MG N/L,44.95222,-80.15028
200905001,2009-06-04 10:58:50,CCGS LIMNOS,GEORGIAN BAY,13,445220,-795807,9,28.9,2009-05-10 22:51:00,265,1.00,.00,0.01400000,,0,.261000,TF KJN,"TOTAL KJELDAHL NITROGEN,FILTERED",MG N/L,44.87222,-79.96861
200905001,2009-06-04 10:58:50,CCGS LIMNOS,GEORGIAN BAY,14,444748,-801434,5,54.9,2009-05-11 00:36:00,265,1.00,.00,0.01400000,,0,.151000,TF KJN,"TOTAL KJELDAHL NITROGEN,FILTERED",MG N/L,44.79667,-80.24278
200905001,2009-06-04 10:58:50,CCGS LIMNOS,GEORGIAN BAY,15,443847,-801003,4,57.5,2009-05-11 01:46:00,265,1.00,.00,0.01400000,,0,.115000,TF KJN,"TOTAL KJELDAHL NITROGEN,FILTERED",MG N/L,44.64639,-80.16750
200905001,2009-06-04 10:58:50,CCGS LIMNOS,GEORGIAN BAY,15,443847,-801003,4,57.5,2009-05-11 01:46:00,265,1.00,.00,0.01400000,,1,.113000,TF KJN,"TOTAL KJELDAHL NITROGEN,FILTERED",MG N/L,44.64639,-80.16750
200905001,2009-06-04 10:58:50,CCGS LIMNOS,GEORGIAN BAY,15,443847,-801003,4,57.5,2009-05-11 01:46:00,265,998.00,.00,0.01400000,<,0,.014000,TF KJN,"TOTAL KJELDAHL NITROGEN,FILTERED",MG N/L,44.64639,-80.16750
200905001,2009-06-04 10:58:50,CCGS LIMNOS,GEORGIAN BAY,15,443847,-801003,4,57.5,2009-05-11 01:46:00,265,999.00,.00,0.01400000,<,0,.014000,TF KJN,"TOTAL KJELDAHL NITROGEN,FILTERED",MG N/L,44.64639,-80.16750
200905001,2009-06-04 10:58:50,CCGS LIMNOS,GEORGIAN BAY,16,444411,-802604,6,86.7,2009-05-11 03:20:00,265,1.00,.00,0.01400000,,0,.155000,TF KJN,"TOTAL KJELDAHL NITROGEN,FILTERED",MG N/L,44.73639,-80.43444
200905001,2009-06-04 10:58:50,CCGS LIMNOS,GEORGIAN BAY,17,444400,-803600,3,30.7,2009-05-11 04:23:00,265,1.00,.00,0.01400000,,0,.204000,TF KJN,"TOTAL KJELDAHL NITROGEN,FILTERED",MG N/L,44.73333,-80.60000
200905001,2009-06-04 10:58:50,CCGS LIMNOS,GEORGIAN BAY,18,444302,-805124,1,88.7,2009-05-11 05:59:00,265,1.00,.00,0.01400000,,0,.151000,TF KJN,"TOTAL KJELDAHL NITROGEN,FILTERED",MG N/L,44.71722,-80.85667
200905001,2009-06-04 10:58:50,CCGS LIMNOS,GEORGIAN BAY,19,445516,-803621,11,63,2009-05-11 07:53:00,265,1.00,.00,0.01400000,,0,.118000,TF KJN,"TOTAL KJELDAHL NITROGEN,FILTERED",MG N/L,44.92111,-80.60583
200905001,2009-06-04 10:58:50,CCGS LIMNOS,GEORGIAN BAY,20,445508,-805232,12,88.5,2009-05-11 09:24:00,265,1.00,.00,0.01400000,,0,.110000,TF KJN,"TOTAL KJELDAHL NITROGEN,FILTERED",MG N/L,44.91889,-80.87556
200905001,2009-06-04 10:58:50,CCGS LIMNOS,GEORGIAN BAY,20,445508,-805232,12,88.5,2009-05-11 09:24:00,265,1.00,.00,0.01400000,,1,.109000,TF KJN,"TOTAL KJELDAHL NITROGEN,FILTERED",MG N/L,44.91889,-80.87556
200905001,2009-06-04 10:58:50,CCGS LIMNOS,GEORGIAN BAY,20,445508,-805232,12,88.5,2009-05-11 09:24:00,265,998.00,.00,0.01400000,,0,.026000,TF KJN,"TOTAL KJELDAHL NITROGEN,FILTERED",MG N/L,44.91889,-80.87556
200905001,2009-06-04 10:58:50,CCGS LIMNOS,GEORGIAN BAY,20,445508,-805232,12,88.5,2009-05-11 09:24:00,265,999.00,.00,0.01400000,<,0,.014000,TF KJN,"TOTAL KJELDAHL NITROGEN,FILTERED",MG N/L,44.91889,-80.87556
200905001,2009-06-04 10:58:50,CCGS LIMNOS,GEORGIAN BAY,21,450359,-811512,19,53,2009-05-11 11:35:00,265,1.00,.00,0.01400000,,0,.111000,TF KJN,"TOTAL KJELDAHL NITROGEN,FILTERED",MG N/L,45.06639,-81.25333
200905001,2009-06-04 10:58:50,CCGS LIMNOS,GEORGIAN BAY,22,451442,-805232,17,78,2009-05-11 13:44:00,265,1.00,.00,0.01400000,,0,.139000,TF KJN,"TOTAL KJELDAHL NITROGEN,FILTERED",MG N/L,45.24500,-80.87556
200905001,2009-06-04 10:58:50,CCGS LIMNOS,GEORGIAN BAY,23,452153,-811124,21,86.4,2009-05-11 15:38:00,265,1.00,.00,0.01400000,,0,.117000,TF KJN,"TOTAL KJELDAHL NITROGEN,FILTERED",MG N/L,45.36472,-81.19000
200905001,2009-06-04 10:58:50,CCGS LIMNOS,GEORGIAN BAY,24,451417,-812625,31,58.9,2009-05-11 17:18:00,265,1.00,.00,0.01400000,,0,.146000,TF KJN,"TOTAL KJELDAHL NITROGEN,FILTERED",MG N/L,45.23806,-81.44028
200905001,2009-06-04 10:58:50,CCGS LIMNOS,GEORGIAN BAY,25,452213,-813507,33,53.3,2009-05-11 18:51:00,265,1.00,.00,0.01400000,,0,.137000,TF KJN,"TOTAL KJELDAHL NITROGEN,FILTERED",MG N/L,45.37028,-81.58528
200905001,2009-06-04 10:58:50,CCGS LIMNOS,GEORGIAN BAY,25,452213,-813507,33,53.3,2009-05-11 18:51:00,265,1.00,.00,0.01400000,,1,.149000,TF KJN,"TOTAL KJELDAHL NITROGEN,FILTERED",MG N/L,45.37028,-81.58528
200905001,2009-06-04 10:58:50,CCGS LIMNOS,GEORGIAN BAY,25,452213,-813507,33,53.3,2009-05-11 18:51:00,265,998.00,.00,0.01400000,<,0,.014000,TF KJN,"TOTAL KJELDAHL NITROGEN,FILTERED",MG N/L,45.37028,-81.58528
200905001,2009-06-04 10:58:50,CCGS LIMNOS,GEORGIAN BAY,25,452213,-813507,33,53.3,2009-05-11 18:51:00,265,999.00,.00,0.01400000,,0,.020000,TF KJN,"TOTAL KJELDAHL NITROGEN,FILTERED",MG N/L,45.37028,-81.58528
200905001,2009-06-04 10:58:50,CCGS LIMNOS,GEORGIAN BAY,26,453140,-814012,35,35.6,2009-05-11 20:09:00,265,1.00,.00,0.01400000,,0,.131000,TF KJN,"TOTAL KJELDAHL NITROGEN,FILTERED",MG N/L,45.52778,-81.67000
200905003,2009-09-29 08:06:17,CCGS LIMNOS,GEORGIAN BAY,1,454547,-814746,46,19,2009-08-10 09:35:00,265,1.00,.00,0.01400000,,0,.166000,TF KJN,"TOTAL KJELDAHL NITROGEN,FILTERED",MG N/L,45.76306,-81.79611
200905003,2009-09-29 08:06:17,CCGS LIMNOS,GEORGIAN BAY,2,455444,-813542,42,28.1,2009-08-10 11:17:00,265,1.00,.00,0.01400000,,0,.162000,TF KJN,"TOTAL KJELDAHL NITROGEN,FILTERED",MG N/L,45.91222,-81.59500
200905003,2009-09-29 08:06:17,CCGS LIMNOS,GEORGIAN BAY,2,455444,-813542,42,28.1,2009-08-10 11:17:00,265,15.00,.00,0.01400000,,0,.180000,TF KJN,"TOTAL KJELDAHL NITROGEN,FILTERED",MG N/L,45.91222,-81.59500
200905003,2009-09-29 08:06:17,CCGS LIMNOS,GEORGIAN BAY,3,454231,-813715,36,50.5,2009-08-10 12:57:00,265,1.00,.00,0.01400000,,0,.156000,TF KJN,"TOTAL KJELDAHL NITROGEN,FILTERED",MG N/L,45.70861,-81.62083
200905003,2009-09-29 08:06:17,CCGS LIMNOS,GEORGIAN BAY,4,455224,-811529,39,25,2009-08-10 15:05:00,265,1.00,.00,0.01400000,,0,.171000,TF KJN,"TOTAL KJELDAHL NITROGEN,FILTERED",MG N/L,45.87333,-81.25806
200905003,2009-09-29 08:06:17,CCGS LIMNOS,GEORGIAN BAY,5,455159,-810002,27,16.5,2009-08-10 16:22:00,265,1.00,.00,0.01400000,,0,.149000,TF KJN,"TOTAL KJELDAHL NITROGEN,FILTERED",MG N/L,45.86639,-81.00056
200905003,2009-09-29 08:06:17,CCGS LIMNOS,GEORGIAN BAY,5,455159,-810002,27,16.5,2009-08-10 16:22:00,265,1.00,.00,0.01400000,,1,.154000,TF KJN,"TOTAL KJELDAHL NITROGEN,FILTERED",MG N/L,45.86639,-81.00056
200905003,2009-09-29 08:06:17,CCGS LIMNOS,GEORGIAN BAY,5,455159,-810002,27,16.5,2009-08-10 16:22:00,265,13.00,.00,0.01400000,,0,.181000,TF KJN,"TOTAL KJELDAHL NITROGEN,FILTERED",MG N/L,45.86639,-81.00056
200905003,2009-09-29 08:06:17,CCGS LIMNOS,GEORGIAN BAY,5,455159,-810002,27,16.5,2009-08-10 16:22:00,265,998.00,.00,0.01400000,,0,.028000,TF KJN,"TOTAL KJELDAHL NITROGEN,FILTERED",MG N/L,45.86639,-81.00056
200905003,2009-09-29 08:06:17,CCGS LIMNOS,GEORGIAN BAY,6,454958,-805400,26,25.4,2009-08-10 17:25:00,265,1.00,.00,0.01400000,,0,.150000,TF KJN,"TOTAL KJELDAHL NITROGEN,FILTERED",MG N/L,45.83278,-80.90000
200905003,2009-09-29 08:06:17,CCGS LIMNOS,GEORGIAN BAY,7,454044,-805022,24,40.4,2009-08-10 18:41:00,265,1.00,.00,0.01400000,,0,.149000,TF KJN,"TOTAL KJELDAHL NITROGEN,FILTERED",MG N/L,45.67889,-80.83944
200905003,2009-09-29 08:06:17,CCGS LIMNOS,GEORGIAN BAY,8,453500,-810500,29,43.1,2009-08-10 20:24:00,265,1.00,.00,0.01400000,,0,.161000,TF KJN,"TOTAL KJELDAHL NITROGEN,FILTERED",MG N/L,45.58333,-81.08333
200905003,2009-09-29 08:06:17,CCGS LIMNOS,GEORGIAN BAY,8,453500,-810500,29,43.1,2009-08-10 20:24:00,265,10.00,.00,0.01400000,,0,.173000,TF KJN,"TOTAL KJELDAHL NITROGEN,FILTERED",MG N/L,45.58333,-81.08333
200905003,2009-09-29 08:06:17,CCGS LIMNOS,GEORGIAN BAY,8,453500,-810500,29,43.1,2009-08-10 20:24:00,265,16.00,.00,0.01400000,,0,.149000,TF KJN,"TOTAL KJELDAHL NITROGEN,FILTERED",MG N/L,45.58333,-81.08333
200905003,2009-09-29 08:06:17,CCGS LIMNOS,GEORGIAN BAY,8,453500,-810500,29,43.1,2009-08-10 20:24:00,265,26.00,.00,0.01400000,,0,.144000,TF KJN,"TOTAL KJELDAHL NITROGEN,FILTERED",MG N/L,45.58333,-81.08333
200905003,2009-09-29 08:06:17,CCGS LIMNOS,GEORGIAN BAY,8,453500,-810500,29,43.1,2009-08-10 20:24:00,265,32.00,.00,0.01400000,,0,.136000,TF KJN,"TOTAL KJELDAHL NITROGEN,FILTERED",MG N/L,45.58333,-81.08333
200905003,2009-09-29 08:06:17,CCGS LIMNOS,GEORGIAN BAY,8,453500,-810500,29,43.1,2009-08-10 20:24:00,265,40.00,.00,0.01400000,,0,.161000,TF KJN,"TOTAL KJELDAHL NITROGEN,FILTERED",MG N/L,45.58333,-81.08333
200905003,2009-09-29 08:06:17,CCGS LIMNOS,GEORGIAN BAY,9,452110,-802911,16,23.1,2009-08-10 23:28:00,265,1.00,.00,0.01400000,,0,.171000,TF KJN,"TOTAL KJELDAHL NITROGEN,FILTERED",MG N/L,45.35278,-80.48639
200905003,2009-09-29 08:06:17,CCGS LIMNOS,GEORGIAN BAY,10,451929,-800701,122,95.7,2009-08-11 01:29:00,265,1.00,.00,0.01400000,,0,.231000,TF KJN,"TOTAL KJELDAHL NITROGEN,FILTERED",MG N/L,45.32472,-80.11694
200905003,2009-09-29 08:06:17,CCGS LIMNOS,GEORGIAN BAY,10,451929,-800701,122,95.7,2009-08-11 01:29:00,265,1.00,.00,0.01400000,,1,.228000,TF KJN,"TOTAL KJELDAHL NITROGEN,FILTERED",MG N/L,45.32472,-80.11694
200905003,2009-09-29 08:06:17,CCGS LIMNOS,GEORGIAN BAY,10,451929,-800701,122,95.7,2009-08-11 01:29:00,265,998.00,.00,0.01400000,,0,.024000,TF KJN,"TOTAL KJELDAHL NITROGEN,FILTERED",MG N/L,45.32472,-80.11694
200905003,2009-09-29 08:06:17,CCGS LIMNOS,GEORGIAN BAY,11,451001,-801748,15,44.2,2009-08-11 04:36:00,265,1.00,.00,0.01400000,,0,.141000,TF KJN,"TOTAL KJELDAHL NITROGEN,FILTERED",MG N/L,45.16694,-80.29667
200905003,2009-09-29 08:06:17,CCGS LIMNOS,GEORGIAN BAY,12,445710,-800859,8,50.8,2009-08-11 06:20:00,265,1.00,.00,0.01400000,,0,.142000,TF KJN,"TOTAL KJELDAHL NITROGEN,FILTERED",MG N/L,44.95278,-80.14972
200905003,2009-09-29 08:06:17,CCGS LIMNOS,GEORGIAN BAY,13,445216,-795802,9,28,2009-08-11 07:39:00,265,1.00,.00,0.01400000,,0,.170000,TF KJN,"TOTAL KJELDAHL NITROGEN,FILTERED",MG N/L,44.87111,-79.96722
200905003,2009-09-29 08:06:17,CCGS LIMNOS,GEORGIAN BAY,13,445216,-795802,9,28,2009-08-11 07:39:00,265,10.00,.00,0.01400000,,0,.202000,TF KJN,"TOTAL KJELDAHL NITROGEN,FILTERED",MG N/L,44.87111,-79.96722
200905003,2009-09-29 08:06:17,CCGS LIMNOS,GEORGIAN BAY,13,445216,-795802,9,28,2009-08-11 07:39:00,265,18.50,.00,0.01400000,,0,.161000,TF KJN,"TOTAL KJELDAHL NITROGEN,FILTERED",MG N/L,44.87111,-79.96722
200905003,2009-09-29 08:06:17,CCGS LIMNOS,GEORGIAN BAY,13,445216,-795802,9,28,2009-08-11 07:39:00,265,25.00,.00,0.01400000,,0,.150000,TF KJN,"TOTAL KJELDAHL NITROGEN,FILTERED",MG N/L,44.87111,-79.96722
200905003,2009-09-29 08:06:17,CCGS LIMNOS,GEORGIAN BAY,14,444748,-801437,5,58.4,2009-08-11 10:10:00,265,1.00,.00,0.01400000,,0,.215000,TF KJN,"TOTAL KJELDAHL NITROGEN,FILTERED",MG N/L,44.79667,-80.24361
200905003,2009-09-29 08:06:17,CCGS LIMNOS,GEORGIAN BAY,15,443842,-801003,4,58.1,2009-08-11 11:22:00,265,1.00,.00,0.01400000,,0,.155000,TF KJN,"TOTAL KJELDAHL NITROGEN,FILTERED",MG N/L,44.64500,-80.16750
200905003,2009-09-29 08:06:17,CCGS LIMNOS,GEORGIAN BAY,15,443842,-801003,4,58.1,2009-08-11 11:22:00,265,1.00,.00,0.01400000,,1,.185000,TF KJN,"TOTAL KJELDAHL NITROGEN,FILTERED",MG N/L,44.64500,-80.16750
200905003,2009-09-29 08:06:17,CCGS LIMNOS,GEORGIAN BAY,15,443842,-801003,4,58.1,2009-08-11 11:22:00,265,17.00,.00,0.01400000,,0,.163000,TF KJN,"TOTAL KJELDAHL NITROGEN,FILTERED",MG N/L,44.64500,-80.16750
200905003,2009-09-29 08:06:17,CCGS LIMNOS,GEORGIAN BAY,15,443842,-801003,4,58.1,2009-08-11 11:22:00,265,30.00,.00,0.01400000,,0,.138000,TF KJN,"TOTAL KJELDAHL NITROGEN,FILTERED",MG N/L,44.64500,-80.16750
200905003,2009-09-29 08:06:17,CCGS LIMNOS,GEORGIAN BAY,15,443842,-801003,4,58.1,2009-08-11 11:22:00,265,44.00,.00,0.01400000,,0,.144000,TF KJN,"TOTAL KJELDAHL NITROGEN,FILTERED",MG N/L,44.64500,-80.16750
200905003,2009-09-29 08:06:17,CCGS LIMNOS,GEORGIAN BAY,15,443842,-801003,4,58.1,2009-08-11 11:22:00,265,48.00,.00,0.01400000,,0,.139000,TF KJN,"TOTAL KJELDAHL NITROGEN,FILTERED",MG N/L,44.64500,-80.16750
200905003,2009-09-29 08:06:17,CCGS LIMNOS,GEORGIAN BAY,15,443842,-801003,4,58.1,2009-08-11 11:22:00,265,56.00,.00,0.01400000,,0,.120000,TF KJN,"TOTAL KJELDAHL NITROGEN,FILTERED",MG N/L,44.64500,-80.16750
200905003,2009-09-29 08:06:17,CCGS LIMNOS,GEORGIAN BAY,15,443842,-801003,4,58.1,2009-08-11 11:22:00,265,998.00,.00,0.01400000,,0,.025000,TF KJN,"TOTAL KJELDAHL NITROGEN,FILTERED",MG N/L,44.64500,-80.16750
200905003,2009-09-29 08:06:17,CCGS LIMNOS,GEORGIAN BAY,16,444413,-802607,6,86.7,2009-08-11 13:08:00,265,1.00,.00,0.01400000,,0,.157000,TF KJN,"TOTAL KJELDAHL NITROGEN,FILTERED",MG N/L,44.73694,-80.43528
200905003,2009-09-29 08:06:17,CCGS LIMNOS,GEORGIAN BAY,17,444333,-803606,3,31.3,2009-08-11 14:06:00,265,1.00,.00,0.01400000,,0,.148000,TF KJN,"TOTAL KJELDAHL NITROGEN,FILTERED",MG N/L,44.72583,-80.60167
200905003,2009-09-29 08:06:17,CCGS LIMNOS,GEORGIAN BAY,18,444303,-805125,1,89.9,2009-08-11 16:04:00,265,1.00,.00,0.01400000,,0,.157000,TF KJN,"TOTAL KJELDAHL NITROGEN,FILTERED",MG N/L,44.71750,-80.85694
200905003,2009-09-29 08:06:17,CCGS LIMNOS,GEORGIAN BAY,18,444303,-805125,1,89.9,2009-08-11 16:04:00,265,5.00,.00,0.01400000,,0,.147000,TF KJN,"TOTAL KJELDAHL NITROGEN,FILTERED",MG N/L,44.71750,-80.85694
200905003,2009-09-29 08:06:17,CCGS LIMNOS,GEORGIAN BAY,18,444303,-805125,1,89.9,2009-08-11 16:04:00,265,17.00,.00,0.01400000,,0,.146000,TF KJN,"TOTAL KJELDAHL NITROGEN,FILTERED",MG N/L,44.71750,-80.85694
200905003,2009-09-29 08:06:17,CCGS LIMNOS,GEORGIAN BAY,18,444303,-805125,1,89.9,2009-08-11 16:04:00,265,29.00,.00,0.01400000,,0,.139000,TF KJN,"TOTAL KJELDAHL NITROGEN,FILTERED",MG N/L,44.71750,-80.85694
200905003,2009-09-29 08:06:17,CCGS LIMNOS,GEORGIAN BAY,18,444303,-805125,1,89.9,2009-08-11 16:04:00,265,79.50,.00,0.01400000,,0,.142000,TF KJN,"TOTAL KJELDAHL NITROGEN,FILTERED",MG N/L,44.71750,-80.85694
200905003,2009-09-29 08:06:17,CCGS LIMNOS,GEORGIAN BAY,18,444303,-805125,1,89.9,2009-08-11 16:04:00,265,87.50,.00,0.01400000,,0,.141000,TF KJN,"TOTAL KJELDAHL NITROGEN,FILTERED",MG N/L,44.71750,-80.85694
200905003,2009-09-29 08:06:17,CCGS LIMNOS,GEORGIAN BAY,19,445518,-803629,11,59.9,2009-08-11 17:53:00,265,1.00,.00,0.01400000,,0,.130000,TF KJN,"TOTAL KJELDAHL NITROGEN,FILTERED",MG N/L,44.92167,-80.60806
200905003,2009-09-29 08:06:17,CCGS LIMNOS,GEORGIAN BAY,20,445513,-805229,12,88.9,2009-08-11 19:24:00,265,1.00,.00,0.01400000,,0,.125000,TF KJN,"TOTAL KJELDAHL NITROGEN,FILTERED",MG N/L,44.92028,-80.87472
200905003,2009-09-29 08:06:17,CCGS LIMNOS,GEORGIAN BAY,20,445513,-805229,12,88.9,2009-08-11 19:24:00,265,1.00,.00,0.01400000,,1,.150000,TF KJN,"TOTAL KJELDAHL NITROGEN,FILTERED",MG N/L,44.92028,-80.87472
200905003,2009-09-29 08:06:17,CCGS LIMNOS,GEORGIAN BAY,20,445513,-805229,12,88.9,2009-08-11 19:24:00,265,998.00,.00,0.01400000,<,0,.014000,TF KJN,"TOTAL KJELDAHL NITROGEN,FILTERED",MG N/L,44.92028,-80.87472
200905003,2009-09-29 08:06:17,CCGS LIMNOS,GEORGIAN BAY,21,450401,-811512,19,53.5,2009-08-11 21:41:00,265,1.00,.00,0.01400000,,0,.128000,TF KJN,"TOTAL KJELDAHL NITROGEN,FILTERED",MG N/L,45.06694,-81.25333
200905003,2009-09-29 08:06:17,CCGS LIMNOS,GEORGIAN BAY,22,451439,-805224,17,76.7,2009-08-11 23:56:00,265,1.00,.00,0.01400000,,0,.162000,TF KJN,"TOTAL KJELDAHL NITROGEN,FILTERED",MG N/L,45.24417,-80.87333
200905003,2009-09-29 08:06:17,CCGS LIMNOS,GEORGIAN BAY,22,451439,-805224,17,76.7,2009-08-11 23:56:00,265,17.00,.00,0.01400000,,0,.156000,TF KJN,"TOTAL KJELDAHL NITROGEN,FILTERED",MG N/L,45.24417,-80.87333
200905003,2009-09-29 08:06:17,CCGS LIMNOS,GEORGIAN BAY,22,451439,-805224,17,76.7,2009-08-11 23:56:00,265,30.00,.00,0.01400000,,0,.174000,TF KJN,"TOTAL KJELDAHL NITROGEN,FILTERED",MG N/L,45.24417,-80.87333
200905003,2009-09-29 08:06:17,CCGS LIMNOS,GEORGIAN BAY,22,451439,-805224,17,76.7,2009-08-11 23:56:00,265,43.00,.00,0.01400000,,0,.143000,TF KJN,"TOTAL KJELDAHL NITROGEN,FILTERED",MG N/L,45.24417,-80.87333
200905003,2009-09-29 08:06:17,CCGS LIMNOS,GEORGIAN BAY,22,451439,-805224,17,76.7,2009-08-11 23:56:00,265,67.00,.00,0.01400000,,0,.136000,TF KJN,"TOTAL KJELDAHL NITROGEN,FILTERED",MG N/L,45.24417,-80.87333
200905003,2009-09-29 08:06:17,CCGS LIMNOS,GEORGIAN BAY,22,451439,-805224,17,76.7,2009-08-11 23:56:00,265,74.00,.00,0.01400000,,0,.136000,TF KJN,"TOTAL KJELDAHL NITROGEN,FILTERED",MG N/L,45.24417,-80.87333
200905003,2009-09-29 08:06:17,CCGS LIMNOS,GEORGIAN BAY,23,452152,-811122,21,87,2009-08-12 02:10:00,265,1.00,.00,0.01400000,,0,.141000,TF KJN,"TOTAL KJELDAHL NITROGEN,FILTERED",MG N/L,45.36444,-81.18944
200905003,2009-09-29 08:06:17,CCGS LIMNOS,GEORGIAN BAY,24,451418,-812623,31,61.3,2009-08-12 03:55:00,265,1.00,.00,0.01400000,,0,.131000,TF KJN,"TOTAL KJELDAHL NITROGEN,FILTERED",MG N/L,45.23833,-81.43972
200905003,2009-09-29 08:06:17,CCGS LIMNOS,GEORGIAN BAY,25,452212,-813505,33,54.3,2009-08-12 05:09:00,265,1.00,.00,0.01400000,,0,.127000,TF KJN,"TOTAL KJELDAHL NITROGEN,FILTERED",MG N/L,45.37000,-81.58472
200905003,2009-09-29 08:06:17,CCGS LIMNOS,GEORGIAN BAY,25,452212,-813505,33,54.3,2009-08-12 05:09:00,265,1.00,.00,0.01400000,,1,.124000,TF KJN,"TOTAL KJELDAHL NITROGEN,FILTERED",MG N/L,45.37000,-81.58472
200905003,2009-09-29 08:06:17,CCGS LIMNOS,GEORGIAN BAY,25,452212,-813505,33,54.3,2009-08-12 05:09:00,265,6.00,.00,0.01400000,,0,.118000,TF KJN,"TOTAL KJELDAHL NITROGEN,FILTERED",MG N/L,45.37000,-81.58472
200905003,2009-09-29 08:06:17,CCGS LIMNOS,GEORGIAN BAY,25,452212,-813505,33,54.3,2009-08-12 05:09:00,265,25.00,.00,0.01400000,,0,.126000,TF KJN,"TOTAL KJELDAHL NITROGEN,FILTERED",MG N/L,45.37000,-81.58472
200905003,2009-09-29 08:06:17,CCGS LIMNOS,GEORGIAN BAY,25,452212,-813505,33,54.3,2009-08-12 05:09:00,265,43.50,.00,0.01400000,,0,.124000,TF KJN,"TOTAL KJELDAHL NITROGEN,FILTERED",MG N/L,45.37000,-81.58472
200905003,2009-09-29 08:06:17,CCGS LIMNOS,GEORGIAN BAY,25,452212,-813505,33,54.3,2009-08-12 05:09:00,265,48.00,.00,0.01400000,,0,.126000,TF KJN,"TOTAL KJELDAHL NITROGEN,FILTERED",MG N/L,45.37000,-81.58472
200905003,2009-09-29 08:06:17,CCGS LIMNOS,GEORGIAN BAY,25,452212,-813505,33,54.3,2009-08-12 05:09:00,265,51.50,.00,0.01400000,,0,.135000,TF KJN,"TOTAL KJELDAHL NITROGEN,FILTERED",MG N/L,45.37000,-81.58472
200905003,2009-09-29 08:06:17,CCGS LIMNOS,GEORGIAN BAY,25,452212,-813505,33,54.3,2009-08-12 05:09:00,265,998.00,.00,0.01400000,<,0,.014000,TF KJN,"TOTAL KJELDAHL NITROGEN,FILTERED",MG N/L,45.37000,-81.58472
200905003,2009-09-29 08:06:17,CCGS LIMNOS,GEORGIAN BAY,26,453138,-814010,35,36.7,2009-08-12 06:50:00,265,1.00,.00,0.01400000,,0,.130000,TF KJN,"TOTAL KJELDAHL NITROGEN,FILTERED",MG N/L,45.52722,-81.66944
200905001,2009-06-04 10:58:50,CCGS LIMNOS,GEORGIAN BAY,1,454544,-814801,46,19.9,2009-05-10 01:42:00,267,.00,17.00,0.00200000,,0,.024000,I-N,"NITROGEN,TOTAL PARTICULATE - INTEGRATED",MG N/L,45.76222,-81.80028
200905001,2009-06-04 10:58:50,CCGS LIMNOS,GEORGIAN BAY,2,455446,-813545,42,27.4,2009-05-10 03:27:00,267,.00,20.00,0.00200000,,0,.006000,I-N,"NITROGEN,TOTAL PARTICULATE - INTEGRATED",MG N/L,45.91278,-81.59583
200905001,2009-06-04 10:58:50,CCGS LIMNOS,GEORGIAN BAY,3,454228,-813713,36,53.6,2009-05-10 05:01:00,267,.00,20.00,0.00200000,,0,.006000,I-N,"NITROGEN,TOTAL PARTICULATE - INTEGRATED",MG N/L,45.70778,-81.62028
200905001,2009-06-04 10:58:50,CCGS LIMNOS,GEORGIAN BAY,4,455223,-811529,39,27.3,2009-05-10 07:09:00,267,.00,20.00,0.00200000,,0,.007000,I-N,"NITROGEN,TOTAL PARTICULATE - INTEGRATED",MG N/L,45.87306,-81.25806
200905001,2009-06-04 10:58:50,CCGS LIMNOS,GEORGIAN BAY,5,455200,-805958,27,18.9,2009-05-10 08:36:00,267,.00,15.00,0.00200000,,0,.007000,I-N,"NITROGEN,TOTAL PARTICULATE - INTEGRATED",MG N/L,45.86667,-80.99944
200905001,2009-06-04 10:58:50,CCGS LIMNOS,GEORGIAN BAY,5,455200,-805958,27,18.9,2009-05-10 08:36:00,267,.00,15.00,0.00200000,,1,.006000,I-N,"NITROGEN,TOTAL PARTICULATE - INTEGRATED",MG N/L,45.86667,-80.99944
200905001,2009-06-04 10:58:50,CCGS LIMNOS,GEORGIAN BAY,6,455003,-805355,26,25.3,2009-05-10 09:15:00,267,.00,18.00,0.00200000,,0,.006000,I-N,"NITROGEN,TOTAL PARTICULATE - INTEGRATED",MG N/L,45.83417,-80.89861
200905001,2009-06-04 10:58:50,CCGS LIMNOS,GEORGIAN BAY,7,454044,-805022,24,40,2009-05-10 10:26:00,267,.00,20.00,0.00200000,,0,.003000,I-N,"NITROGEN,TOTAL PARTICULATE - INTEGRATED",MG N/L,45.67889,-80.83944
200905001,2009-06-04 10:58:50,CCGS LIMNOS,GEORGIAN BAY,8,453501,-810539,29,42.4,2009-05-10 11:49:00,267,.00,20.00,0.00200000,,0,.005000,I-N,"NITROGEN,TOTAL PARTICULATE - INTEGRATED",MG N/L,45.58361,-81.09417
200905001,2009-06-04 10:58:50,CCGS LIMNOS,GEORGIAN BAY,9,452116,-802913,16,22.8,2009-05-10 14:55:00,267,.00,20.00,0.00200000,,0,.005000,I-N,"NITROGEN,TOTAL PARTICULATE - INTEGRATED",MG N/L,45.35444,-80.48694
200905001,2009-06-04 10:58:50,CCGS LIMNOS,GEORGIAN BAY,10,451934,-800658,122,89.2,2009-05-10 16:56:00,267,.00,20.00,0.00200000,,0,.021000,I-N,"NITROGEN,TOTAL PARTICULATE - INTEGRATED",MG N/L,45.32611,-80.11611
200905001,2009-06-04 10:58:50,CCGS LIMNOS,GEORGIAN BAY,10,451934,-800658,122,89.2,2009-05-10 16:56:00,267,.00,20.00,0.00200000,,1,.017000,I-N,"NITROGEN,TOTAL PARTICULATE - INTEGRATED",MG N/L,45.32611,-80.11611
200905001,2009-06-04 10:58:50,CCGS LIMNOS,GEORGIAN BAY,11,451000,-801747,15,46.1,2009-05-10 20:00:00,267,.00,20.00,0.00200000,,0,.005000,I-N,"NITROGEN,TOTAL PARTICULATE - INTEGRATED",MG N/L,45.16667,-80.29639
200905001,2009-06-04 10:58:50,CCGS LIMNOS,GEORGIAN BAY,12,445708,-800901,8,48.3,2009-05-10 21:41:00,267,.00,20.00,0.00200000,,0,.007000,I-N,"NITROGEN,TOTAL PARTICULATE - INTEGRATED",MG N/L,44.95222,-80.15028
200905001,2009-06-04 10:58:50,CCGS LIMNOS,GEORGIAN BAY,13,445220,-795807,9,28.9,2009-05-10 22:51:00,267,.00,20.00,0.00200000,,0,.013000,I-N,"NITROGEN,TOTAL PARTICULATE - INTEGRATED",MG N/L,44.87222,-79.96861
200905001,2009-06-04 10:58:50,CCGS LIMNOS,GEORGIAN BAY,14,444748,-801434,5,54.9,2009-05-11 00:36:00,267,.00,20.00,0.00200000,,0,.005000,I-N,"NITROGEN,TOTAL PARTICULATE - INTEGRATED",MG N/L,44.79667,-80.24278
200905001,2009-06-04 10:58:50,CCGS LIMNOS,GEORGIAN BAY,15,443847,-801003,4,57.5,2009-05-11 01:46:00,267,.00,20.00,0.00200000,,0,.008000,I-N,"NITROGEN,TOTAL PARTICULATE - INTEGRATED",MG N/L,44.64639,-80.16750
200905001,2009-06-04 10:58:50,CCGS LIMNOS,GEORGIAN BAY,15,443847,-801003,4,57.5,2009-05-11 01:46:00,267,.00,20.00,0.00200000,,1,.012000,I-N,"NITROGEN,TOTAL PARTICULATE - INTEGRATED",MG N/L,44.64639,-80.16750
200905001,2009-06-04 10:58:50,CCGS LIMNOS,GEORGIAN BAY,16,444411,-802604,6,86.7,2009-05-11 03:20:00,267,.00,20.00,0.00200000,,0,.008000,I-N,"NITROGEN,TOTAL PARTICULATE - INTEGRATED",MG N/L,44.73639,-80.43444
200905001,2009-06-04 10:58:50,CCGS LIMNOS,GEORGIAN BAY,17,444400,-803600,3,30.7,2009-05-11 04:23:00,267,.00,20.00,0.00200000,,0,.005000,I-N,"NITROGEN,TOTAL PARTICULATE - INTEGRATED",MG N/L,44.73333,-80.60000
200905001,2009-06-04 10:58:50,CCGS LIMNOS,GEORGIAN BAY,18,444302,-805124,1,88.7,2009-05-11 05:59:00,267,.00,20.00,0.00200000,,0,.011000,I-N,"NITROGEN,TOTAL PARTICULATE - INTEGRATED",MG N/L,44.71722,-80.85667
200905001,2009-06-04 10:58:50,CCGS LIMNOS,GEORGIAN BAY,19,445516,-803621,11,63,2009-05-11 07:53:00,267,.00,20.00,0.00200000,,0,.006000,I-N,"NITROGEN,TOTAL PARTICULATE - INTEGRATED",MG N/L,44.92111,-80.60583
200905001,2009-06-04 10:58:50,CCGS LIMNOS,GEORGIAN BAY,20,445508,-805232,12,88.5,2009-05-11 09:24:00,267,.00,20.00,0.00200000,,0,.007000,I-N,"NITROGEN,TOTAL PARTICULATE - INTEGRATED",MG N/L,44.91889,-80.87556
200905001,2009-06-04 10:58:50,CCGS LIMNOS,GEORGIAN BAY,20,445508,-805232,12,88.5,2009-05-11 09:24:00,267,.00,20.00,0.00200000,,1,.006000,I-N,"NITROGEN,TOTAL PARTICULATE - INTEGRATED",MG N/L,44.91889,-80.87556
200905001,2009-06-04 10:58:50,CCGS LIMNOS,GEORGIAN BAY,21,450359,-811512,19,53,2009-05-11 11:35:00,267,.00,20.00,0.00200000,,0,.007000,I-N,"NITROGEN,TOTAL PARTICULATE - INTEGRATED",MG N/L,45.06639,-81.25333
200905001,2009-06-04 10:58:50,CCGS LIMNOS,GEORGIAN BAY,22,451442,-805232,17,78,2009-05-11 13:44:00,267,.00,20.00,0.00200000,,0,.003000,I-N,"NITROGEN,TOTAL PARTICULATE - INTEGRATED",MG N/L,45.24500,-80.87556
200905001,2009-06-04 10:58:50,CCGS LIMNOS,GEORGIAN BAY,23,452153,-811124,21,86.4,2009-05-11 15:38:00,267,.00,20.00,0.00200000,,0,.008000,I-N,"NITROGEN,TOTAL PARTICULATE - INTEGRATED",MG N/L,45.36472,-81.19000
200905001,2009-06-04 10:58:50,CCGS LIMNOS,GEORGIAN BAY,24,451417,-812625,31,58.9,2009-05-11 17:18:00,267,.00,20.00,0.00200000,,0,.007000,I-N,"NITROGEN,TOTAL PARTICULATE - INTEGRATED",MG N/L,45.23806,-81.44028
200905001,2009-06-04 10:58:50,CCGS LIMNOS,GEORGIAN BAY,25,452213,-813507,33,53.3,2009-05-11 18:51:00,267,.00,20.00,0.00200000,,0,.006000,I-N,"NITROGEN,TOTAL PARTICULATE - INTEGRATED",MG N/L,45.37028,-81.58528
200905001,2009-06-04 10:58:50,CCGS LIMNOS,GEORGIAN BAY,25,452213,-813507,33,53.3,2009-05-11 18:51:00,267,.00,20.00,0.00200000,,1,.008000,I-N,"NITROGEN,TOTAL PARTICULATE - INTEGRATED",MG N/L,45.37028,-81.58528
200905001,2009-06-04 10:58:50,CCGS LIMNOS,GEORGIAN BAY,26,453140,-814012,35,35.6,2009-05-11 20:09:00,267,.00,20.00,0.00200000,,0,.008000,I-N,"NITROGEN,TOTAL PARTICULATE - INTEGRATED",MG N/L,45.52778,-81.67000
200905003,2009-09-29 08:06:17,CCGS LIMNOS,GEORGIAN BAY,1,454547,-814746,46,19,2009-08-10 09:35:00,267,.00,17.00,0.00200000,,0,.022000,I-N,"NITROGEN,TOTAL PARTICULATE - INTEGRATED",MG N/L,45.76306,-81.79611
200905003,2009-09-29 08:06:17,CCGS LIMNOS,GEORGIAN BAY,2,455444,-813542,42,28.1,2009-08-10 11:17:00,267,.00,20.00,0.00200000,,0,.014000,I-N,"NITROGEN,TOTAL PARTICULATE - INTEGRATED",MG N/L,45.91222,-81.59500
200905003,2009-09-29 08:06:17,CCGS LIMNOS,GEORGIAN BAY,3,454231,-813715,36,50.5,2009-08-10 12:57:00,267,.00,20.00,0.00200000,,0,.016000,I-N,"NITROGEN,TOTAL PARTICULATE - INTEGRATED",MG N/L,45.70861,-81.62083
200905003,2009-09-29 08:06:17,CCGS LIMNOS,GEORGIAN BAY,4,455224,-811529,39,25,2009-08-10 15:05:00,267,.00,20.00,0.00200000,,0,.017000,I-N,"NITROGEN,TOTAL PARTICULATE - INTEGRATED",MG N/L,45.87333,-81.25806
200905003,2009-09-29 08:06:17,CCGS LIMNOS,GEORGIAN BAY,5,455159,-810002,27,16.5,2009-08-10 16:22:00,267,.00,13.00,0.00200000,,0,.021000,I-N,"NITROGEN,TOTAL PARTICULATE - INTEGRATED",MG N/L,45.86639,-81.00056
200905003,2009-09-29 08:06:17,CCGS LIMNOS,GEORGIAN BAY,5,455159,-810002,27,16.5,2009-08-10 16:22:00,267,.00,13.00,0.00200000,,1,.020000,I-N,"NITROGEN,TOTAL PARTICULATE - INTEGRATED",MG N/L,45.86639,-81.00056
200905003,2009-09-29 08:06:17,CCGS LIMNOS,GEORGIAN BAY,6,454958,-805400,26,25.4,2009-08-10 17:25:00,267,.00,20.00,0.00200000,,0,.017000,I-N,"NITROGEN,TOTAL PARTICULATE - INTEGRATED",MG N/L,45.83278,-80.90000
200905003,2009-09-29 08:06:17,CCGS LIMNOS,GEORGIAN BAY,7,454044,-805022,24,40.4,2009-08-10 18:41:00,267,.00,20.00,0.00200000,,0,.018000,I-N,"NITROGEN,TOTAL PARTICULATE - INTEGRATED",MG N/L,45.67889,-80.83944
200905003,2009-09-29 08:06:17,CCGS LIMNOS,GEORGIAN BAY,8,453500,-810500,29,43.1,2009-08-10 20:24:00,267,.00,20.00,0.00200000,,0,.013000,I-N,"NITROGEN,TOTAL PARTICULATE - INTEGRATED",MG N/L,45.58333,-81.08333
200905003,2009-09-29 08:06:17,CCGS LIMNOS,GEORGIAN BAY,9,452110,-802911,16,23.1,2009-08-10 23:28:00,267,.00,20.00,0.00200000,,0,.015000,I-N,"NITROGEN,TOTAL PARTICULATE - INTEGRATED",MG N/L,45.35278,-80.48639
200905003,2009-09-29 08:06:17,CCGS LIMNOS,GEORGIAN BAY,10,451929,-800701,122,95.7,2009-08-11 01:29:00,267,.00,20.00,0.00200000,,0,.053000,I-N,"NITROGEN,TOTAL PARTICULATE - INTEGRATED",MG N/L,45.32472,-80.11694
200905003,2009-09-29 08:06:17,CCGS LIMNOS,GEORGIAN BAY,10,451929,-800701,122,95.7,2009-08-11 01:29:00,267,.00,20.00,0.00200000,,1,.045000,I-N,"NITROGEN,TOTAL PARTICULATE - INTEGRATED",MG N/L,45.32472,-80.11694
200905003,2009-09-29 08:06:17,CCGS LIMNOS,GEORGIAN BAY,11,451001,-801748,15,44.2,2009-08-11 04:36:00,267,.00,20.00,0.00200000,,0,.017000,I-N,"NITROGEN,TOTAL PARTICULATE - INTEGRATED",MG N/L,45.16694,-80.29667
200905003,2009-09-29 08:06:17,CCGS LIMNOS,GEORGIAN BAY,12,445710,-800859,8,50.8,2009-08-11 06:20:00,267,.00,20.00,0.00200000,,0,.017000,I-N,"NITROGEN,TOTAL PARTICULATE - INTEGRATED",MG N/L,44.95278,-80.14972
200905003,2009-09-29 08:06:17,CCGS LIMNOS,GEORGIAN BAY,13,445216,-795802,9,28,2009-08-11 07:39:00,267,.00,20.00,0.00200000,,0,.022000,I-N,"NITROGEN,TOTAL PARTICULATE - INTEGRATED",MG N/L,44.87111,-79.96722
200905003,2009-09-29 08:06:17,CCGS LIMNOS,GEORGIAN BAY,14,444748,-801437,5,58.4,2009-08-11 10:10:00,267,.00,20.00,0.00200000,,0,.019000,I-N,"NITROGEN,TOTAL PARTICULATE - INTEGRATED",MG N/L,44.79667,-80.24361
200905003,2009-09-29 08:06:17,CCGS LIMNOS,GEORGIAN BAY,15,443842,-801003,4,58.1,2009-08-11 11:22:00,267,.00,20.00,0.00200000,,0,.017000,I-N,"NITROGEN,TOTAL PARTICULATE - INTEGRATED",MG N/L,44.64500,-80.16750
200905003,2009-09-29 08:06:17,CCGS LIMNOS,GEORGIAN BAY,15,443842,-801003,4,58.1,2009-08-11 11:22:00,267,.00,20.00,0.00200000,,1,.013000,I-N,"NITROGEN,TOTAL PARTICULATE - INTEGRATED",MG N/L,44.64500,-80.16750
200905003,2009-09-29 08:06:17,CCGS LIMNOS,GEORGIAN BAY,16,444413,-802607,6,86.7,2009-08-11 13:08:00,267,.00,20.00,0.00200000,,0,.020000,I-N,"NITROGEN,TOTAL PARTICULATE - INTEGRATED",MG N/L,44.73694,-80.43528
200905003,2009-09-29 08:06:17,CCGS LIMNOS,GEORGIAN BAY,17,444333,-803606,3,31.3,2009-08-11 14:06:00,267,.00,20.00,0.00200000,,0,.020000,I-N,"NITROGEN,TOTAL PARTICULATE - INTEGRATED",MG N/L,44.72583,-80.60167
200905003,2009-09-29 08:06:17,CCGS LIMNOS,GEORGIAN BAY,18,444303,-805125,1,89.9,2009-08-11 16:04:00,267,.00,20.00,0.00200000,,0,.015000,I-N,"NITROGEN,TOTAL PARTICULATE - INTEGRATED",MG N/L,44.71750,-80.85694
200905003,2009-09-29 08:06:17,CCGS LIMNOS,GEORGIAN BAY,19,445518,-803629,11,59.9,2009-08-11 17:53:00,267,.00,20.00,0.00200000,,0,.016000,I-N,"NITROGEN,TOTAL PARTICULATE - INTEGRATED",MG N/L,44.92167,-80.60806
200905003,2009-09-29 08:06:17,CCGS LIMNOS,GEORGIAN BAY,20,445513,-805229,12,88.9,2009-08-11 19:24:00,267,.00,20.00,0.00200000,,0,.013000,I-N,"NITROGEN,TOTAL PARTICULATE - INTEGRATED",MG N/L,44.92028,-80.87472
200905003,2009-09-29 08:06:17,CCGS LIMNOS,GEORGIAN BAY,20,445513,-805229,12,88.9,2009-08-11 19:24:00,267,.00,20.00,0.00200000,,1,.013000,I-N,"NITROGEN,TOTAL PARTICULATE - INTEGRATED",MG N/L,44.92028,-80.87472
200905003,2009-09-29 08:06:17,CCGS LIMNOS,GEORGIAN BAY,21,450401,-811512,19,53.5,2009-08-11 21:41:00,267,.00,20.00,0.00200000,,0,.013000,I-N,"NITROGEN,TOTAL PARTICULATE - INTEGRATED",MG N/L,45.06694,-81.25333
200905003,2009-09-29 08:06:17,CCGS LIMNOS,GEORGIAN BAY,22,451439,-805224,17,76.7,2009-08-11 23:56:00,267,.00,20.00,0.00200000,,0,.014000,I-N,"NITROGEN,TOTAL PARTICULATE - INTEGRATED",MG N/L,45.24417,-80.87333
200905003,2009-09-29 08:06:17,CCGS LIMNOS,GEORGIAN BAY,23,452152,-811122,21,87,2009-08-12 02:10:00,267,.00,20.00,0.00200000,,0,.013000,I-N,"NITROGEN,TOTAL PARTICULATE - INTEGRATED",MG N/L,45.36444,-81.18944
200905003,2009-09-29 08:06:17,CCGS LIMNOS,GEORGIAN BAY,24,451418,-812623,31,61.3,2009-08-12 03:55:00,267,.00,20.00,0.00200000,,0,.013000,I-N,"NITROGEN,TOTAL PARTICULATE - INTEGRATED",MG N/L,45.23833,-81.43972
200905003,2009-09-29 08:06:17,CCGS LIMNOS,GEORGIAN BAY,25,452212,-813505,33,54.3,2009-08-12 05:09:00,267,.00,20.00,0.00200000,,0,.012000,I-N,"NITROGEN,TOTAL PARTICULATE - INTEGRATED",MG N/L,45.37000,-81.58472
200905003,2009-09-29 08:06:17,CCGS LIMNOS,GEORGIAN BAY,25,452212,-813505,33,54.3,2009-08-12 05:09:00,267,.00,20.00,0.00200000,,1,.013000,I-N,"NITROGEN,TOTAL PARTICULATE - INTEGRATED",MG N/L,45.37000,-81.58472
200905003,2009-09-29 08:06:17,CCGS LIMNOS,GEORGIAN BAY,26,453138,-814010,35,36.7,2009-08-12 06:50:00,267,.00,20.00,0.00200000,,0,.012000,I-N,"NITROGEN,TOTAL PARTICULATE - INTEGRATED",MG N/L,45.52722,-81.66944
200905001,2009-06-04 10:58:50,CCGS LIMNOS,GEORGIAN BAY,5,455200,-805958,27,18.9,2009-05-10 08:36:00,268,998.00,.00,0.00200000,<,0,.002000,N TP,"NITROGEN,TOTAL PARTICULATE",MG N/L,45.86667,-80.99944
200905001,2009-06-04 10:58:50,CCGS LIMNOS,GEORGIAN BAY,10,451934,-800658,122,89.2,2009-05-10 16:56:00,268,998.00,.00,0.00200000,,0,.002000,N TP,"NITROGEN,TOTAL PARTICULATE",MG N/L,45.32611,-80.11611
200905001,2009-06-04 10:58:50,CCGS LIMNOS,GEORGIAN BAY,15,443847,-801003,4,57.5,2009-05-11 01:46:00,268,998.00,.00,0.00200000,<,0,.002000,N TP,"NITROGEN,TOTAL PARTICULATE",MG N/L,44.64639,-80.16750
200905001,2009-06-04 10:58:50,CCGS LIMNOS,GEORGIAN BAY,20,445508,-805232,12,88.5,2009-05-11 09:24:00,268,998.00,.00,0.00200000,<,0,.002000,N TP,"NITROGEN,TOTAL PARTICULATE",MG N/L,44.91889,-80.87556
200905001,2009-06-04 10:58:50,CCGS LIMNOS,GEORGIAN BAY,25,452213,-813507,33,53.3,2009-05-11 18:51:00,268,998.00,.00,0.00200000,<,0,.002000,N TP,"NITROGEN,TOTAL PARTICULATE",MG N/L,45.37028,-81.58528
200905003,2009-09-29 08:06:17,CCGS LIMNOS,GEORGIAN BAY,5,455159,-810002,27,16.5,2009-08-10 16:22:00,268,998.00,.00,0.00200000,,0,.002000,N TP,"NITROGEN,TOTAL PARTICULATE",MG N/L,45.86639,-81.00056
200905003,2009-09-29 08:06:17,CCGS LIMNOS,GEORGIAN BAY,10,451929,-800701,122,95.7,2009-08-11 01:29:00,268,998.00,.00,0.00200000,<,0,.002000,N TP,"NITROGEN,TOTAL PARTICULATE",MG N/L,45.32472,-80.11694
200905003,2009-09-29 08:06:17,CCGS LIMNOS,GEORGIAN BAY,15,443842,-801003,4,58.1,2009-08-11 11:22:00,268,998.00,.00,0.00200000,<,0,.002000,N TP,"NITROGEN,TOTAL PARTICULATE",MG N/L,44.64500,-80.16750
200905003,2009-09-29 08:06:17,CCGS LIMNOS,GEORGIAN BAY,20,445513,-805229,12,88.9,2009-08-11 19:24:00,268,998.00,.00,0.00200000,<,0,.002000,N TP,"NITROGEN,TOTAL PARTICULATE",MG N/L,44.92028,-80.87472
200905003,2009-09-29 08:06:17,CCGS LIMNOS,GEORGIAN BAY,25,452212,-813505,33,54.3,2009-08-12 05:09:00,268,998.00,.00,0.00200000,<,0,.002000,N TP,"NITROGEN,TOTAL PARTICULATE",MG N/L,45.37000,-81.58472
200905001,2009-06-04 10:58:50,CCGS LIMNOS,GEORGIAN BAY,1,454544,-814801,46,19.9,2009-05-10 01:42:00,270,1.00,.00,0.00100000,,0,.004000,NH3,"AMMONIA NITROGEN,SOLUBLE",MG N/L,45.76222,-81.80028
200905001,2009-06-04 10:58:50,CCGS LIMNOS,GEORGIAN BAY,2,455446,-813545,42,27.4,2009-05-10 03:27:00,270,1.00,.00,0.00100000,,0,.005000,NH3,"AMMONIA NITROGEN,SOLUBLE",MG N/L,45.91278,-81.59583
200905001,2009-06-04 10:58:50,CCGS LIMNOS,GEORGIAN BAY,3,454228,-813713,36,53.6,2009-05-10 05:01:00,270,1.00,.00,0.00100000,,0,.004000,NH3,"AMMONIA NITROGEN,SOLUBLE",MG N/L,45.70778,-81.62028
200905001,2009-06-04 10:58:50,CCGS LIMNOS,GEORGIAN BAY,4,455223,-811529,39,27.3,2009-05-10 07:09:00,270,1.00,.00,0.00100000,,0,.009000,NH3,"AMMONIA NITROGEN,SOLUBLE",MG N/L,45.87306,-81.25806
200905001,2009-06-04 10:58:50,CCGS LIMNOS,GEORGIAN BAY,5,455200,-805958,27,18.9,2009-05-10 08:36:00,270,1.00,.00,0.00100000,,0,.011000,NH3,"AMMONIA NITROGEN,SOLUBLE",MG N/L,45.86667,-80.99944
200905001,2009-06-04 10:58:50,CCGS LIMNOS,GEORGIAN BAY,5,455200,-805958,27,18.9,2009-05-10 08:36:00,270,1.00,.00,0.00100000,,1,.011000,NH3,"AMMONIA NITROGEN,SOLUBLE",MG N/L,45.86667,-80.99944
200905001,2009-06-04 10:58:50,CCGS LIMNOS,GEORGIAN BAY,5,455200,-805958,27,18.9,2009-05-10 08:36:00,270,998.00,.00,0.00100000,<,0,.001000,NH3,"AMMONIA NITROGEN,SOLUBLE",MG N/L,45.86667,-80.99944
200905001,2009-06-04 10:58:50,CCGS LIMNOS,GEORGIAN BAY,5,455200,-805958,27,18.9,2009-05-10 08:36:00,270,999.00,.00,0.00100000,<,0,.001000,NH3,"AMMONIA NITROGEN,SOLUBLE",MG N/L,45.86667,-80.99944
200905001,2009-06-04 10:58:50,CCGS LIMNOS,GEORGIAN BAY,6,455003,-805355,26,25.3,2009-05-10 09:15:00,270,1.00,.00,0.00100000,,0,.011000,NH3,"AMMONIA NITROGEN,SOLUBLE",MG N/L,45.83417,-80.89861
200905001,2009-06-04 10:58:50,CCGS LIMNOS,GEORGIAN BAY,7,454044,-805022,24,40,2009-05-10 10:26:00,270,1.00,.00,0.00100000,,0,.005000,NH3,"AMMONIA NITROGEN,SOLUBLE",MG N/L,45.67889,-80.83944
200905001,2009-06-04 10:58:50,CCGS LIMNOS,GEORGIAN BAY,8,453501,-810539,29,42.4,2009-05-10 11:49:00,270,1.00,.00,0.00100000,,0,.004000,NH3,"AMMONIA NITROGEN,SOLUBLE",MG N/L,45.58361,-81.09417
200905001,2009-06-04 10:58:50,CCGS LIMNOS,GEORGIAN BAY,9,452116,-802913,16,22.8,2009-05-10 14:55:00,270,1.00,.00,0.00100000,,0,.008000,NH3,"AMMONIA NITROGEN,SOLUBLE",MG N/L,45.35444,-80.48694
200905001,2009-06-04 10:58:50,CCGS LIMNOS,GEORGIAN BAY,10,451934,-800658,122,89.2,2009-05-10 16:56:00,270,1.00,.00,0.00100000,,0,.002000,NH3,"AMMONIA NITROGEN,SOLUBLE",MG N/L,45.32611,-80.11611
200905001,2009-06-04 10:58:50,CCGS LIMNOS,GEORGIAN BAY,10,451934,-800658,122,89.2,2009-05-10 16:56:00,270,1.00,.00,0.00100000,,1,.002000,NH3,"AMMONIA NITROGEN,SOLUBLE",MG N/L,45.32611,-80.11611
200905001,2009-06-04 10:58:50,CCGS LIMNOS,GEORGIAN BAY,10,451934,-800658,122,89.2,2009-05-10 16:56:00,270,998.00,.00,0.00100000,,0,.001000,NH3,"AMMONIA NITROGEN,SOLUBLE",MG N/L,45.32611,-80.11611
200905001,2009-06-04 10:58:50,CCGS LIMNOS,GEORGIAN BAY,10,451934,-800658,122,89.2,2009-05-10 16:56:00,270,999.00,.00,0.00100000,<,0,.001000,NH3,"AMMONIA NITROGEN,SOLUBLE",MG N/L,45.32611,-80.11611
200905001,2009-06-04 10:58:50,CCGS LIMNOS,GEORGIAN BAY,11,451000,-801747,15,46.1,2009-05-10 20:00:00,270,1.00,.00,0.00100000,,0,.006000,NH3,"AMMONIA NITROGEN,SOLUBLE",MG N/L,45.16667,-80.29639
200905001,2009-06-04 10:58:50,CCGS LIMNOS,GEORGIAN BAY,12,445708,-800901,8,48.3,2009-05-10 21:41:00,270,1.00,.00,0.00100000,,0,.007000,NH3,"AMMONIA NITROGEN,SOLUBLE",MG N/L,44.95222,-80.15028
200905001,2009-06-04 10:58:50,CCGS LIMNOS,GEORGIAN BAY,13,445220,-795807,9,28.9,2009-05-10 22:51:00,270,1.00,.00,0.00100000,,0,.010000,NH3,"AMMONIA NITROGEN,SOLUBLE",MG N/L,44.87222,-79.96861
200905001,2009-06-04 10:58:50,CCGS LIMNOS,GEORGIAN BAY,14,444748,-801434,5,54.9,2009-05-11 00:36:00,270,1.00,.00,0.00100000,,0,.004000,NH3,"AMMONIA NITROGEN,SOLUBLE",MG N/L,44.79667,-80.24278
200905001,2009-06-04 10:58:50,CCGS LIMNOS,GEORGIAN BAY,15,443847,-801003,4,57.5,2009-05-11 01:46:00,270,1.00,.00,0.00100000,,0,.004000,NH3,"AMMONIA NITROGEN,SOLUBLE",MG N/L,44.64639,-80.16750
200905001,2009-06-04 10:58:50,CCGS LIMNOS,GEORGIAN BAY,15,443847,-801003,4,57.5,2009-05-11 01:46:00,270,1.00,.00,0.00100000,,1,.004000,NH3,"AMMONIA NITROGEN,SOLUBLE",MG N/L,44.64639,-80.16750
200905001,2009-06-04 10:58:50,CCGS LIMNOS,GEORGIAN BAY,15,443847,-801003,4,57.5,2009-05-11 01:46:00,270,998.00,.00,0.00100000,<,0,.001000,NH3,"AMMONIA NITROGEN,SOLUBLE",MG N/L,44.64639,-80.16750
200905001,2009-06-04 10:58:50,CCGS LIMNOS,GEORGIAN BAY,15,443847,-801003,4,57.5,2009-05-11 01:46:00,270,999.00,.00,0.00100000,<,0,.001000,NH3,"AMMONIA NITROGEN,SOLUBLE",MG N/L,44.64639,-80.16750
200905001,2009-06-04 10:58:50,CCGS LIMNOS,GEORGIAN BAY,16,444411,-802604,6,86.7,2009-05-11 03:20:00,270,1.00,.00,0.00100000,,0,.003000,NH3,"AMMONIA NITROGEN,SOLUBLE",MG N/L,44.73639,-80.43444
200905001,2009-06-04 10:58:50,CCGS LIMNOS,GEORGIAN BAY,17,444400,-803600,3,30.7,2009-05-11 04:23:00,270,1.00,.00,0.00100000,,0,.004000,NH3,"AMMONIA NITROGEN,SOLUBLE",MG N/L,44.73333,-80.60000
200905001,2009-06-04 10:58:50,CCGS LIMNOS,GEORGIAN BAY,18,444302,-805124,1,88.7,2009-05-11 05:59:00,270,1.00,.00,0.00100000,,0,.004000,NH3,"AMMONIA NITROGEN,SOLUBLE",MG N/L,44.71722,-80.85667
200905001,2009-06-04 10:58:50,CCGS LIMNOS,GEORGIAN BAY,19,445516,-803621,11,63,2009-05-11 07:53:00,270,1.00,.00,0.00100000,,0,.005000,NH3,"AMMONIA NITROGEN,SOLUBLE",MG N/L,44.92111,-80.60583
200905001,2009-06-04 10:58:50,CCGS LIMNOS,GEORGIAN BAY,20,445508,-805232,12,88.5,2009-05-11 09:24:00,270,1.00,.00,0.00100000,,0,.004000,NH3,"AMMONIA NITROGEN,SOLUBLE",MG N/L,44.91889,-80.87556
200905001,2009-06-04 10:58:50,CCGS LIMNOS,GEORGIAN BAY,20,445508,-805232,12,88.5,2009-05-11 09:24:00,270,1.00,.00,0.00100000,,1,.004000,NH3,"AMMONIA NITROGEN,SOLUBLE",MG N/L,44.91889,-80.87556
200905001,2009-06-04 10:58:50,CCGS LIMNOS,GEORGIAN BAY,20,445508,-805232,12,88.5,2009-05-11 09:24:00,270,998.00,.00,0.00100000,<,0,.001000,NH3,"AMMONIA NITROGEN,SOLUBLE",MG N/L,44.91889,-80.87556
200905001,2009-06-04 10:58:50,CCGS LIMNOS,GEORGIAN BAY,20,445508,-805232,12,88.5,2009-05-11 09:24:00,270,999.00,.00,0.00100000,<,0,.001000,NH3,"AMMONIA NITROGEN,SOLUBLE",MG N/L,44.91889,-80.87556
200905001,2009-06-04 10:58:50,CCGS LIMNOS,GEORGIAN BAY,21,450359,-811512,19,53,2009-05-11 11:35:00,270,1.00,.00,0.00100000,,0,.004000,NH3,"AMMONIA NITROGEN,SOLUBLE",MG N/L,45.06639,-81.25333
200905001,2009-06-04 10:58:50,CCGS LIMNOS,GEORGIAN BAY,22,451442,-805232,17,78,2009-05-11 13:44:00,270,1.00,.00,0.00100000,,0,.004000,NH3,"AMMONIA NITROGEN,SOLUBLE",MG N/L,45.24500,-80.87556
200905001,2009-06-04 10:58:50,CCGS LIMNOS,GEORGIAN BAY,23,452153,-811124,21,86.4,2009-05-11 15:38:00,270,1.00,.00,0.00100000,,0,.003000,NH3,"AMMONIA NITROGEN,SOLUBLE",MG N/L,45.36472,-81.19000
200905001,2009-06-04 10:58:50,CCGS LIMNOS,GEORGIAN BAY,24,451417,-812625,31,58.9,2009-05-11 17:18:00,270,1.00,.00,0.00100000,,0,.003000,NH3,"AMMONIA NITROGEN,SOLUBLE",MG N/L,45.23806,-81.44028
200905001,2009-06-04 10:58:50,CCGS LIMNOS,GEORGIAN BAY,25,452213,-813507,33,53.3,2009-05-11 18:51:00,270,1.00,.00,0.00100000,,0,.004000,NH3,"AMMONIA NITROGEN,SOLUBLE",MG N/L,45.37028,-81.58528
200905001,2009-06-04 10:58:50,CCGS LIMNOS,GEORGIAN BAY,25,452213,-813507,33,53.3,2009-05-11 18:51:00,270,1.00,.00,0.00100000,,1,.004000,NH3,"AMMONIA NITROGEN,SOLUBLE",MG N/L,45.37028,-81.58528
200905001,2009-06-04 10:58:50,CCGS LIMNOS,GEORGIAN BAY,25,452213,-813507,33,53.3,2009-05-11 18:51:00,270,998.00,.00,0.00100000,<,0,.001000,NH3,"AMMONIA NITROGEN,SOLUBLE",MG N/L,45.37028,-81.58528
200905001,2009-06-04 10:58:50,CCGS LIMNOS,GEORGIAN BAY,25,452213,-813507,33,53.3,2009-05-11 18:51:00,270,999.00,.00,0.00100000,<,0,.001000,NH3,"AMMONIA NITROGEN,SOLUBLE",MG N/L,45.37028,-81.58528
200905001,2009-06-04 10:58:50,CCGS LIMNOS,GEORGIAN BAY,26,453140,-814012,35,35.6,2009-05-11 20:09:00,270,1.00,.00,0.00100000,,0,.004000,NH3,"AMMONIA NITROGEN,SOLUBLE",MG N/L,45.52778,-81.67000
200905001,2009-06-04 10:58:50,CCGS LIMNOS,GEORGIAN BAY,1,454544,-814801,46,19.9,2009-05-10 01:42:00,276,1.00,.00,0.00500000,,0,.165000,NO3NO2 F,"NITRATE+NITRITE NITROGEN,FILTERED",MG N/L,45.76222,-81.80028
200905001,2009-06-04 10:58:50,CCGS LIMNOS,GEORGIAN BAY,2,455446,-813545,42,27.4,2009-05-10 03:27:00,276,1.00,.00,0.00500000,,0,.268000,NO3NO2 F,"NITRATE+NITRITE NITROGEN,FILTERED",MG N/L,45.91278,-81.59583
200905001,2009-06-04 10:58:50,CCGS LIMNOS,GEORGIAN BAY,3,454228,-813713,36,53.6,2009-05-10 05:01:00,276,1.00,.00,0.00500000,,0,.297000,NO3NO2 F,"NITRATE+NITRITE NITROGEN,FILTERED",MG N/L,45.70778,-81.62028
200905001,2009-06-04 10:58:50,CCGS LIMNOS,GEORGIAN BAY,4,455223,-811529,39,27.3,2009-05-10 07:09:00,276,1.00,.00,0.00500000,,0,.272000,NO3NO2 F,"NITRATE+NITRITE NITROGEN,FILTERED",MG N/L,45.87306,-81.25806
200905001,2009-06-04 10:58:50,CCGS LIMNOS,GEORGIAN BAY,5,455200,-805958,27,18.9,2009-05-10 08:36:00,276,1.00,.00,0.00500000,,0,.234000,NO3NO2 F,"NITRATE+NITRITE NITROGEN,FILTERED",MG N/L,45.86667,-80.99944
200905001,2009-06-04 10:58:50,CCGS LIMNOS,GEORGIAN BAY,5,455200,-805958,27,18.9,2009-05-10 08:36:00,276,1.00,.00,0.00500000,,1,.234000,NO3NO2 F,"NITRATE+NITRITE NITROGEN,FILTERED",MG N/L,45.86667,-80.99944
200905001,2009-06-04 10:58:50,CCGS LIMNOS,GEORGIAN BAY,5,455200,-805958,27,18.9,2009-05-10 08:36:00,276,998.00,.00,0.00500000,<,0,.005000,NO3NO2 F,"NITRATE+NITRITE NITROGEN,FILTERED",MG N/L,45.86667,-80.99944
200905001,2009-06-04 10:58:50,CCGS LIMNOS,GEORGIAN BAY,5,455200,-805958,27,18.9,2009-05-10 08:36:00,276,999.00,.00,0.00500000,<,0,.005000,NO3NO2 F,"NITRATE+NITRITE NITROGEN,FILTERED",MG N/L,45.86667,-80.99944
200905001,2009-06-04 10:58:50,CCGS LIMNOS,GEORGIAN BAY,6,455003,-805355,26,25.3,2009-05-10 09:15:00,276,1.00,.00,0.00500000,,0,.248000,NO3NO2 F,"NITRATE+NITRITE NITROGEN,FILTERED",MG N/L,45.83417,-80.89861
200905001,2009-06-04 10:58:50,CCGS LIMNOS,GEORGIAN BAY,7,454044,-805022,24,40,2009-05-10 10:26:00,276,1.00,.00,0.00500000,,0,.296000,NO3NO2 F,"NITRATE+NITRITE NITROGEN,FILTERED",MG N/L,45.67889,-80.83944
200905001,2009-06-04 10:58:50,CCGS LIMNOS,GEORGIAN BAY,8,453501,-810539,29,42.4,2009-05-10 11:49:00,276,1.00,.00,0.00500000,,0,.304000,NO3NO2 F,"NITRATE+NITRITE NITROGEN,FILTERED",MG N/L,45.58361,-81.09417
200905001,2009-06-04 10:58:50,CCGS LIMNOS,GEORGIAN BAY,9,452116,-802913,16,22.8,2009-05-10 14:55:00,276,1.00,.00,0.00500000,,0,.286000,NO3NO2 F,"NITRATE+NITRITE NITROGEN,FILTERED",MG N/L,45.35444,-80.48694
200905001,2009-06-04 10:58:50,CCGS LIMNOS,GEORGIAN BAY,10,451934,-800658,122,89.2,2009-05-10 16:56:00,276,1.00,.00,0.00500000,,0,.271000,NO3NO2 F,"NITRATE+NITRITE NITROGEN,FILTERED",MG N/L,45.32611,-80.11611
200905001,2009-06-04 10:58:50,CCGS LIMNOS,GEORGIAN BAY,10,451934,-800658,122,89.2,2009-05-10 16:56:00,276,1.00,.00,0.00500000,,1,.271000,NO3NO2 F,"NITRATE+NITRITE NITROGEN,FILTERED",MG N/L,45.32611,-80.11611
200905001,2009-06-04 10:58:50,CCGS LIMNOS,GEORGIAN BAY,10,451934,-800658,122,89.2,2009-05-10 16:56:00,276,998.00,.00,0.00500000,<,0,.005000,NO3NO2 F,"NITRATE+NITRITE NITROGEN,FILTERED",MG N/L,45.32611,-80.11611
200905001,2009-06-04 10:58:50,CCGS LIMNOS,GEORGIAN BAY,10,451934,-800658,122,89.2,2009-05-10 16:56:00,276,999.00,.00,0.00500000,<,0,.005000,NO3NO2 F,"NITRATE+NITRITE NITROGEN,FILTERED",MG N/L,45.32611,-80.11611
200905001,2009-06-04 10:58:50,CCGS LIMNOS,GEORGIAN BAY,11,451000,-801747,15,46.1,2009-05-10 20:00:00,276,1.00,.00,0.00500000,,0,.289000,NO3NO2 F,"NITRATE+NITRITE NITROGEN,FILTERED",MG N/L,45.16667,-80.29639
200905001,2009-06-04 10:58:50,CCGS LIMNOS,GEORGIAN BAY,12,445708,-800901,8,48.3,2009-05-10 21:41:00,276,1.00,.00,0.00500000,,0,.300000,NO3NO2 F,"NITRATE+NITRITE NITROGEN,FILTERED",MG N/L,44.95222,-80.15028
200905001,2009-06-04 10:58:50,CCGS LIMNOS,GEORGIAN BAY,13,445220,-795807,9,28.9,2009-05-10 22:51:00,276,1.00,.00,0.00500000,,0,.230000,NO3NO2 F,"NITRATE+NITRITE NITROGEN,FILTERED",MG N/L,44.87222,-79.96861
200905001,2009-06-04 10:58:50,CCGS LIMNOS,GEORGIAN BAY,14,444748,-801434,5,54.9,2009-05-11 00:36:00,276,1.00,.00,0.00500000,,0,.320000,NO3NO2 F,"NITRATE+NITRITE NITROGEN,FILTERED",MG N/L,44.79667,-80.24278
200905001,2009-06-04 10:58:50,CCGS LIMNOS,GEORGIAN BAY,15,443847,-801003,4,57.5,2009-05-11 01:46:00,276,1.00,.00,0.00500000,,0,.321000,NO3NO2 F,"NITRATE+NITRITE NITROGEN,FILTERED",MG N/L,44.64639,-80.16750
200905001,2009-06-04 10:58:50,CCGS LIMNOS,GEORGIAN BAY,15,443847,-801003,4,57.5,2009-05-11 01:46:00,276,1.00,.00,0.00500000,,1,.321000,NO3NO2 F,"NITRATE+NITRITE NITROGEN,FILTERED",MG N/L,44.64639,-80.16750
200905001,2009-06-04 10:58:50,CCGS LIMNOS,GEORGIAN BAY,15,443847,-801003,4,57.5,2009-05-11 01:46:00,276,998.00,.00,0.00500000,<,0,.005000,NO3NO2 F,"NITRATE+NITRITE NITROGEN,FILTERED",MG N/L,44.64639,-80.16750
200905001,2009-06-04 10:58:50,CCGS LIMNOS,GEORGIAN BAY,15,443847,-801003,4,57.5,2009-05-11 01:46:00,276,999.00,.00,0.00500000,<,0,.005000,NO3NO2 F,"NITRATE+NITRITE NITROGEN,FILTERED",MG N/L,44.64639,-80.16750
200905001,2009-06-04 10:58:50,CCGS LIMNOS,GEORGIAN BAY,16,444411,-802604,6,86.7,2009-05-11 03:20:00,276,1.00,.00,0.00500000,,0,.317000,NO3NO2 F,"NITRATE+NITRITE NITROGEN,FILTERED",MG N/L,44.73639,-80.43444
200905001,2009-06-04 10:58:50,CCGS LIMNOS,GEORGIAN BAY,17,444400,-803600,3,30.7,2009-05-11 04:23:00,276,1.00,.00,0.00500000,,0,.305000,NO3NO2 F,"NITRATE+NITRITE NITROGEN,FILTERED",MG N/L,44.73333,-80.60000
200905001,2009-06-04 10:58:50,CCGS LIMNOS,GEORGIAN BAY,18,444302,-805124,1,88.7,2009-05-11 05:59:00,276,1.00,.00,0.00500000,,0,.311000,NO3NO2 F,"NITRATE+NITRITE NITROGEN,FILTERED",MG N/L,44.71722,-80.85667
200905001,2009-06-04 10:58:50,CCGS LIMNOS,GEORGIAN BAY,19,445516,-803621,11,63,2009-05-11 07:53:00,276,1.00,.00,0.00500000,,0,.305000,NO3NO2 F,"NITRATE+NITRITE NITROGEN,FILTERED",MG N/L,44.92111,-80.60583
200905001,2009-06-04 10:58:50,CCGS LIMNOS,GEORGIAN BAY,20,445508,-805232,12,88.5,2009-05-11 09:24:00,276,1.00,.00,0.00500000,,0,.310000,NO3NO2 F,"NITRATE+NITRITE NITROGEN,FILTERED",MG N/L,44.91889,-80.87556
200905001,2009-06-04 10:58:50,CCGS LIMNOS,GEORGIAN BAY,20,445508,-805232,12,88.5,2009-05-11 09:24:00,276,1.00,.00,0.00500000,,1,.310000,NO3NO2 F,"NITRATE+NITRITE NITROGEN,FILTERED",MG N/L,44.91889,-80.87556
200905001,2009-06-04 10:58:50,CCGS LIMNOS,GEORGIAN BAY,20,445508,-805232,12,88.5,2009-05-11 09:24:00,276,998.00,.00,0.00500000,<,0,.005000,NO3NO2 F,"NITRATE+NITRITE NITROGEN,FILTERED",MG N/L,44.91889,-80.87556
200905001,2009-06-04 10:58:50,CCGS LIMNOS,GEORGIAN BAY,20,445508,-805232,12,88.5,2009-05-11 09:24:00,276,999.00,.00,0.00500000,<,0,.005000,NO3NO2 F,"NITRATE+NITRITE NITROGEN,FILTERED",MG N/L,44.91889,-80.87556
200905001,2009-06-04 10:58:50,CCGS LIMNOS,GEORGIAN BAY,21,450359,-811512,19,53,2009-05-11 11:35:00,276,1.00,.00,0.00500000,,0,.310000,NO3NO2 F,"NITRATE+NITRITE NITROGEN,FILTERED",MG N/L,45.06639,-81.25333
200905001,2009-06-04 10:58:50,CCGS LIMNOS,GEORGIAN BAY,22,451442,-805232,17,78,2009-05-11 13:44:00,276,1.00,.00,0.00500000,,0,.314000,NO3NO2 F,"NITRATE+NITRITE NITROGEN,FILTERED",MG N/L,45.24500,-80.87556
200905001,2009-06-04 10:58:50,CCGS LIMNOS,GEORGIAN BAY,23,452153,-811124,21,86.4,2009-05-11 15:38:00,276,1.00,.00,0.00500000,,0,.315000,NO3NO2 F,"NITRATE+NITRITE NITROGEN,FILTERED",MG N/L,45.36472,-81.19000
200905001,2009-06-04 10:58:50,CCGS LIMNOS,GEORGIAN BAY,24,451417,-812625,31,58.9,2009-05-11 17:18:00,276,1.00,.00,0.00500000,,0,.315000,NO3NO2 F,"NITRATE+NITRITE NITROGEN,FILTERED",MG N/L,45.23806,-81.44028
200905001,2009-06-04 10:58:50,CCGS LIMNOS,GEORGIAN BAY,25,452213,-813507,33,53.3,2009-05-11 18:51:00,276,1.00,.00,0.00500000,,0,.312000,NO3NO2 F,"NITRATE+NITRITE NITROGEN,FILTERED",MG N/L,45.37028,-81.58528
200905001,2009-06-04 10:58:50,CCGS LIMNOS,GEORGIAN BAY,25,452213,-813507,33,53.3,2009-05-11 18:51:00,276,1.00,.00,0.00500000,,1,.312000,NO3NO2 F,"NITRATE+NITRITE NITROGEN,FILTERED",MG N/L,45.37028,-81.58528
200905001,2009-06-04 10:58:50,CCGS LIMNOS,GEORGIAN BAY,25,452213,-813507,33,53.3,2009-05-11 18:51:00,276,998.00,.00,0.00500000,<,0,.005000,NO3NO2 F,"NITRATE+NITRITE NITROGEN,FILTERED",MG N/L,45.37028,-81.58528
200905001,2009-06-04 10:58:50,CCGS LIMNOS,GEORGIAN BAY,25,452213,-813507,33,53.3,2009-05-11 18:51:00,276,999.00,.00,0.00500000,<,0,.005000,NO3NO2 F,"NITRATE+NITRITE NITROGEN,FILTERED",MG N/L,45.37028,-81.58528
200905001,2009-06-04 10:58:50,CCGS LIMNOS,GEORGIAN BAY,26,453140,-814012,35,35.6,2009-05-11 20:09:00,276,1.00,.00,0.00500000,,0,.311000,NO3NO2 F,"NITRATE+NITRITE NITROGEN,FILTERED",MG N/L,45.52778,-81.67000
200905001,2009-06-04 10:58:50,CCGS LIMNOS,GEORGIAN BAY,1,454544,-814801,46,19.9,2009-05-10 01:42:00,295,1.00,.00,0.02000000,,0,1.680000,R SI02,"SILICA,SOLUBLE REACTIVE",MG/L,45.76222,-81.80028
200905001,2009-06-04 10:58:50,CCGS LIMNOS,GEORGIAN BAY,2,455446,-813545,42,27.4,2009-05-10 03:27:00,295,1.00,.00,0.02000000,,0,1.770000,R SI02,"SILICA,SOLUBLE REACTIVE",MG/L,45.91278,-81.59583
200905001,2009-06-04 10:58:50,CCGS LIMNOS,GEORGIAN BAY,3,454228,-813713,36,53.6,2009-05-10 05:01:00,295,1.00,.00,0.02000000,,0,1.670000,R SI02,"SILICA,SOLUBLE REACTIVE",MG/L,45.70778,-81.62028
200905001,2009-06-04 10:58:50,CCGS LIMNOS,GEORGIAN BAY,4,455223,-811529,39,27.3,2009-05-10 07:09:00,295,1.00,.00,0.02000000,,0,2.120000,R SI02,"SILICA,SOLUBLE REACTIVE",MG/L,45.87306,-81.25806
200905001,2009-06-04 10:58:50,CCGS LIMNOS,GEORGIAN BAY,5,455200,-805958,27,18.9,2009-05-10 08:36:00,295,1.00,.00,0.02000000,,0,2.570000,R SI02,"SILICA,SOLUBLE REACTIVE",MG/L,45.86667,-80.99944
200905001,2009-06-04 10:58:50,CCGS LIMNOS,GEORGIAN BAY,5,455200,-805958,27,18.9,2009-05-10 08:36:00,295,1.00,.00,0.02000000,,1,2.580000,R SI02,"SILICA,SOLUBLE REACTIVE",MG/L,45.86667,-80.99944
200905001,2009-06-04 10:58:50,CCGS LIMNOS,GEORGIAN BAY,5,455200,-805958,27,18.9,2009-05-10 08:36:00,295,998.00,.00,0.02000000,<,0,.020000,R SI02,"SILICA,SOLUBLE REACTIVE",MG/L,45.86667,-80.99944
200905001,2009-06-04 10:58:50,CCGS LIMNOS,GEORGIAN BAY,5,455200,-805958,27,18.9,2009-05-10 08:36:00,295,999.00,.00,0.02000000,<,0,.020000,R SI02,"SILICA,SOLUBLE REACTIVE",MG/L,45.86667,-80.99944
200905001,2009-06-04 10:58:50,CCGS LIMNOS,GEORGIAN BAY,6,455003,-805355,26,25.3,2009-05-10 09:15:00,295,1.00,.00,0.02000000,,0,2.430000,R SI02,"SILICA,SOLUBLE REACTIVE",MG/L,45.83417,-80.89861
200905001,2009-06-04 10:58:50,CCGS LIMNOS,GEORGIAN BAY,7,454044,-805022,24,40,2009-05-10 10:26:00,295,1.00,.00,0.02000000,,0,1.800000,R SI02,"SILICA,SOLUBLE REACTIVE",MG/L,45.67889,-80.83944
200905001,2009-06-04 10:58:50,CCGS LIMNOS,GEORGIAN BAY,8,453501,-810539,29,42.4,2009-05-10 11:49:00,295,1.00,.00,0.02000000,,0,1.740000,R SI02,"SILICA,SOLUBLE REACTIVE",MG/L,45.58361,-81.09417
200905001,2009-06-04 10:58:50,CCGS LIMNOS,GEORGIAN BAY,9,452116,-802913,16,22.8,2009-05-10 14:55:00,295,1.00,.00,0.02000000,,0,1.650000,R SI02,"SILICA,SOLUBLE REACTIVE",MG/L,45.35444,-80.48694
200905001,2009-06-04 10:58:50,CCGS LIMNOS,GEORGIAN BAY,10,451934,-800658,122,89.2,2009-05-10 16:56:00,295,1.00,.00,0.02000000,,0,2.280000,R SI02,"SILICA,SOLUBLE REACTIVE",MG/L,45.32611,-80.11611
200905001,2009-06-04 10:58:50,CCGS LIMNOS,GEORGIAN BAY,10,451934,-800658,122,89.2,2009-05-10 16:56:00,295,1.00,.00,0.02000000,,1,2.290000,R SI02,"SILICA,SOLUBLE REACTIVE",MG/L,45.32611,-80.11611
200905001,2009-06-04 10:58:50,CCGS LIMNOS,GEORGIAN BAY,10,451934,-800658,122,89.2,2009-05-10 16:56:00,295,998.00,.00,0.02000000,<,0,.020000,R SI02,"SILICA,SOLUBLE REACTIVE",MG/L,45.32611,-80.11611
200905001,2009-06-04 10:58:50,CCGS LIMNOS,GEORGIAN BAY,10,451934,-800658,122,89.2,2009-05-10 16:56:00,295,999.00,.00,0.02000000,<,0,.020000,R SI02,"SILICA,SOLUBLE REACTIVE",MG/L,45.32611,-80.11611
200905001,2009-06-04 10:58:50,CCGS LIMNOS,GEORGIAN BAY,11,451000,-801747,15,46.1,2009-05-10 20:00:00,295,1.00,.00,0.02000000,,0,1.740000,R SI02,"SILICA,SOLUBLE REACTIVE",MG/L,45.16667,-80.29639
200905001,2009-06-04 10:58:50,CCGS LIMNOS,GEORGIAN BAY,12,445708,-800901,8,48.3,2009-05-10 21:41:00,295,1.00,.00,0.02000000,,0,1.890000,R SI02,"SILICA,SOLUBLE REACTIVE",MG/L,44.95222,-80.15028
200905001,2009-06-04 10:58:50,CCGS LIMNOS,GEORGIAN BAY,13,445220,-795807,9,28.9,2009-05-10 22:51:00,295,1.00,.00,0.02000000,,0,2.910000,R SI02,"SILICA,SOLUBLE REACTIVE",MG/L,44.87222,-79.96861
200905001,2009-06-04 10:58:50,CCGS LIMNOS,GEORGIAN BAY,14,444748,-801434,5,54.9,2009-05-11 00:36:00,295,1.00,.00,0.02000000,,0,1.730000,R SI02,"SILICA,SOLUBLE REACTIVE",MG/L,44.79667,-80.24278
200905001,2009-06-04 10:58:50,CCGS LIMNOS,GEORGIAN BAY,15,443847,-801003,4,57.5,2009-05-11 01:46:00,295,1.00,.00,0.02000000,,0,1.740000,R SI02,"SILICA,SOLUBLE REACTIVE",MG/L,44.64639,-80.16750
200905001,2009-06-04 10:58:50,CCGS LIMNOS,GEORGIAN BAY,15,443847,-801003,4,57.5,2009-05-11 01:46:00,295,1.00,.00,0.02000000,,1,1.750000,R SI02,"SILICA,SOLUBLE REACTIVE",MG/L,44.64639,-80.16750
200905001,2009-06-04 10:58:50,CCGS LIMNOS,GEORGIAN BAY,15,443847,-801003,4,57.5,2009-05-11 01:46:00,295,998.00,.00,0.02000000,<,0,.020000,R SI02,"SILICA,SOLUBLE REACTIVE",MG/L,44.64639,-80.16750
200905001,2009-06-04 10:58:50,CCGS LIMNOS,GEORGIAN BAY,15,443847,-801003,4,57.5,2009-05-11 01:46:00,295,999.00,.00,0.02000000,<,0,.020000,R SI02,"SILICA,SOLUBLE REACTIVE",MG/L,44.64639,-80.16750
200905001,2009-06-04 10:58:50,CCGS LIMNOS,GEORGIAN BAY,16,444411,-802604,6,86.7,2009-05-11 03:20:00,295,1.00,.00,0.02000000,,0,1.750000,R SI02,"SILICA,SOLUBLE REACTIVE",MG/L,44.73639,-80.43444
200905001,2009-06-04 10:58:50,CCGS LIMNOS,GEORGIAN BAY,17,444400,-803600,3,30.7,2009-05-11 04:23:00,295,1.00,.00,0.02000000,,0,1.700000,R SI02,"SILICA,SOLUBLE REACTIVE",MG/L,44.73333,-80.60000
200905001,2009-06-04 10:58:50,CCGS LIMNOS,GEORGIAN BAY,18,444302,-805124,1,88.7,2009-05-11 05:59:00,295,1.00,.00,0.02000000,,0,1.730000,R SI02,"SILICA,SOLUBLE REACTIVE",MG/L,44.71722,-80.85667
200905001,2009-06-04 10:58:50,CCGS LIMNOS,GEORGIAN BAY,19,445516,-803621,11,63,2009-05-11 07:53:00,295,1.00,.00,0.02000000,,0,1.740000,R SI02,"SILICA,SOLUBLE REACTIVE",MG/L,44.92111,-80.60583
200905001,2009-06-04 10:58:50,CCGS LIMNOS,GEORGIAN BAY,20,445508,-805232,12,88.5,2009-05-11 09:24:00,295,1.00,.00,0.02000000,,0,1.720000,R SI02,"SILICA,SOLUBLE REACTIVE",MG/L,44.91889,-80.87556
200905001,2009-06-04 10:58:50,CCGS LIMNOS,GEORGIAN BAY,20,445508,-805232,12,88.5,2009-05-11 09:24:00,295,1.00,.00,0.02000000,,1,1.730000,R SI02,"SILICA,SOLUBLE REACTIVE",MG/L,44.91889,-80.87556
200905001,2009-06-04 10:58:50,CCGS LIMNOS,GEORGIAN BAY,20,445508,-805232,12,88.5,2009-05-11 09:24:00,295,998.00,.00,0.02000000,<,0,.020000,R SI02,"SILICA,SOLUBLE REACTIVE",MG/L,44.91889,-80.87556
200905001,2009-06-04 10:58:50,CCGS LIMNOS,GEORGIAN BAY,20,445508,-805232,12,88.5,2009-05-11 09:24:00,295,999.00,.00,0.02000000,<,0,.020000,R SI02,"SILICA,SOLUBLE REACTIVE",MG/L,44.91889,-80.87556
200905001,2009-06-04 10:58:50,CCGS LIMNOS,GEORGIAN BAY,21,450359,-811512,19,53,2009-05-11 11:35:00,295,1.00,.00,0.02000000,,0,1.740000,R SI02,"SILICA,SOLUBLE REACTIVE",MG/L,45.06639,-81.25333
200905001,2009-06-04 10:58:50,CCGS LIMNOS,GEORGIAN BAY,22,451442,-805232,17,78,2009-05-11 13:44:00,295,1.00,.00,0.02000000,,0,1.740000,R SI02,"SILICA,SOLUBLE REACTIVE",MG/L,45.24500,-80.87556
200905001,2009-06-04 10:58:50,CCGS LIMNOS,GEORGIAN BAY,23,452153,-811124,21,86.4,2009-05-11 15:38:00,295,1.00,.00,0.02000000,,0,1.740000,R SI02,"SILICA,SOLUBLE REACTIVE",MG/L,45.36472,-81.19000
200905001,2009-06-04 10:58:50,CCGS LIMNOS,GEORGIAN BAY,24,451417,-812625,31,58.9,2009-05-11 17:18:00,295,1.00,.00,0.02000000,,0,1.750000,R SI02,"SILICA,SOLUBLE REACTIVE",MG/L,45.23806,-81.44028
200905001,2009-06-04 10:58:50,CCGS LIMNOS,GEORGIAN BAY,25,452213,-813507,33,53.3,2009-05-11 18:51:00,295,1.00,.00,0.02000000,,0,1.710000,R SI02,"SILICA,SOLUBLE REACTIVE",MG/L,45.37028,-81.58528
200905001,2009-06-04 10:58:50,CCGS LIMNOS,GEORGIAN BAY,25,452213,-813507,33,53.3,2009-05-11 18:51:00,295,1.00,.00,0.02000000,,1,1.710000,R SI02,"SILICA,SOLUBLE REACTIVE",MG/L,45.37028,-81.58528
200905001,2009-06-04 10:58:50,CCGS LIMNOS,GEORGIAN BAY,25,452213,-813507,33,53.3,2009-05-11 18:51:00,295,998.00,.00,0.02000000,<,0,.020000,R SI02,"SILICA,SOLUBLE REACTIVE",MG/L,45.37028,-81.58528
200905001,2009-06-04 10:58:50,CCGS LIMNOS,GEORGIAN BAY,25,452213,-813507,33,53.3,2009-05-11 18:51:00,295,999.00,.00,0.02000000,<,0,.020000,R SI02,"SILICA,SOLUBLE REACTIVE",MG/L,45.37028,-81.58528
200905001,2009-06-04 10:58:50,CCGS LIMNOS,GEORGIAN BAY,26,453140,-814012,35,35.6,2009-05-11 20:09:00,295,1.00,.00,0.02000000,,0,1.720000,R SI02,"SILICA,SOLUBLE REACTIVE",MG/L,45.52778,-81.67000
200905003,2009-09-29 08:06:17,CCGS LIMNOS,GEORGIAN BAY,1,454547,-814746,46,19,2009-08-10 09:35:00,295,1.00,.00,0.02000000,,0,1.100000,R SI02,"SILICA,SOLUBLE REACTIVE",MG/L,45.76306,-81.79611
200905003,2009-09-29 08:06:17,CCGS LIMNOS,GEORGIAN BAY,2,455444,-813542,42,28.1,2009-08-10 11:17:00,295,1.00,.00,0.02000000,,0,1.290000,R SI02,"SILICA,SOLUBLE REACTIVE",MG/L,45.91222,-81.59500
200905003,2009-09-29 08:06:17,CCGS LIMNOS,GEORGIAN BAY,2,455444,-813542,42,28.1,2009-08-10 11:17:00,295,15.00,.00,0.02000000,,0,1.430000,R SI02,"SILICA,SOLUBLE REACTIVE",MG/L,45.91222,-81.59500
200905003,2009-09-29 08:06:17,CCGS LIMNOS,GEORGIAN BAY,3,454231,-813715,36,50.5,2009-08-10 12:57:00,295,1.00,.00,0.02000000,,0,1.460000,R SI02,"SILICA,SOLUBLE REACTIVE",MG/L,45.70861,-81.62083
200905003,2009-09-29 08:06:17,CCGS LIMNOS,GEORGIAN BAY,4,455224,-811529,39,25,2009-08-10 15:05:00,295,1.00,.00,0.02000000,,0,1.520000,R SI02,"SILICA,SOLUBLE REACTIVE",MG/L,45.87333,-81.25806
200905003,2009-09-29 08:06:17,CCGS LIMNOS,GEORGIAN BAY,5,455159,-810002,27,16.5,2009-08-10 16:22:00,295,1.00,.00,0.02000000,,0,1.510000,R SI02,"SILICA,SOLUBLE REACTIVE",MG/L,45.86639,-81.00056
200905003,2009-09-29 08:06:17,CCGS LIMNOS,GEORGIAN BAY,5,455159,-810002,27,16.5,2009-08-10 16:22:00,295,1.00,.00,0.02000000,,1,1.520000,R SI02,"SILICA,SOLUBLE REACTIVE",MG/L,45.86639,-81.00056
200905003,2009-09-29 08:06:17,CCGS LIMNOS,GEORGIAN BAY,5,455159,-810002,27,16.5,2009-08-10 16:22:00,295,13.00,.00,0.02000000,,0,1.500000,R SI02,"SILICA,SOLUBLE REACTIVE",MG/L,45.86639,-81.00056
200905003,2009-09-29 08:06:17,CCGS LIMNOS,GEORGIAN BAY,5,455159,-810002,27,16.5,2009-08-10 16:22:00,295,998.00,.00,0.02000000,<,0,.020000,R SI02,"SILICA,SOLUBLE REACTIVE",MG/L,45.86639,-81.00056
200905003,2009-09-29 08:06:17,CCGS LIMNOS,GEORGIAN BAY,6,454958,-805400,26,25.4,2009-08-10 17:25:00,295,1.00,.00,0.02000000,,0,1.490000,R SI02,"SILICA,SOLUBLE REACTIVE",MG/L,45.83278,-80.90000
200905003,2009-09-29 08:06:17,CCGS LIMNOS,GEORGIAN BAY,7,454044,-805022,24,40.4,2009-08-10 18:41:00,295,1.00,.00,0.02000000,,0,1.530000,R SI02,"SILICA,SOLUBLE REACTIVE",MG/L,45.67889,-80.83944
200905003,2009-09-29 08:06:17,CCGS LIMNOS,GEORGIAN BAY,8,453500,-810500,29,43.1,2009-08-10 20:24:00,295,1.00,.00,0.02000000,,0,1.500000,R SI02,"SILICA,SOLUBLE REACTIVE",MG/L,45.58333,-81.08333
200905003,2009-09-29 08:06:17,CCGS LIMNOS,GEORGIAN BAY,8,453500,-810500,29,43.1,2009-08-10 20:24:00,295,10.00,.00,0.02000000,,0,1.480000,R SI02,"SILICA,SOLUBLE REACTIVE",MG/L,45.58333,-81.08333
200905003,2009-09-29 08:06:17,CCGS LIMNOS,GEORGIAN BAY,8,453500,-810500,29,43.1,2009-08-10 20:24:00,295,16.00,.00,0.02000000,,0,1.690000,R SI02,"SILICA,SOLUBLE REACTIVE",MG/L,45.58333,-81.08333
200905003,2009-09-29 08:06:17,CCGS LIMNOS,GEORGIAN BAY,8,453500,-810500,29,43.1,2009-08-10 20:24:00,295,26.00,.00,0.02000000,,0,1.760000,R SI02,"SILICA,SOLUBLE REACTIVE",MG/L,45.58333,-81.08333
200905003,2009-09-29 08:06:17,CCGS LIMNOS,GEORGIAN BAY,8,453500,-810500,29,43.1,2009-08-10 20:24:00,295,32.00,.00,0.02000000,,0,1.790000,R SI02,"SILICA,SOLUBLE REACTIVE",MG/L,45.58333,-81.08333
200905003,2009-09-29 08:06:17,CCGS LIMNOS,GEORGIAN BAY,8,453500,-810500,29,43.1,2009-08-10 20:24:00,295,40.00,.00,0.02000000,,0,1.800000,R SI02,"SILICA,SOLUBLE REACTIVE",MG/L,45.58333,-81.08333
200905003,2009-09-29 08:06:17,CCGS LIMNOS,GEORGIAN BAY,9,452110,-802911,16,23.1,2009-08-10 23:28:00,295,1.00,.00,0.02000000,,0,1.490000,R SI02,"SILICA,SOLUBLE REACTIVE",MG/L,45.35278,-80.48639
200905003,2009-09-29 08:06:17,CCGS LIMNOS,GEORGIAN BAY,10,451929,-800701,122,95.7,2009-08-11 01:29:00,295,1.00,.00,0.02000000,,0,1.010000,R SI02,"SILICA,SOLUBLE REACTIVE",MG/L,45.32472,-80.11694
200905003,2009-09-29 08:06:17,CCGS LIMNOS,GEORGIAN BAY,10,451929,-800701,122,95.7,2009-08-11 01:29:00,295,1.00,.00,0.02000000,,1,1.010000,R SI02,"SILICA,SOLUBLE REACTIVE",MG/L,45.32472,-80.11694
200905003,2009-09-29 08:06:17,CCGS LIMNOS,GEORGIAN BAY,10,451929,-800701,122,95.7,2009-08-11 01:29:00,295,998.00,.00,0.02000000,<,0,.020000,R SI02,"SILICA,SOLUBLE REACTIVE",MG/L,45.32472,-80.11694
200905003,2009-09-29 08:06:17,CCGS LIMNOS,GEORGIAN BAY,11,451001,-801748,15,44.2,2009-08-11 04:36:00,295,1.00,.00,0.02000000,,0,1.490000,R SI02,"SILICA,SOLUBLE REACTIVE",MG/L,45.16694,-80.29667
200905003,2009-09-29 08:06:17,CCGS LIMNOS,GEORGIAN BAY,12,445710,-800859,8,50.8,2009-08-11 06:20:00,295,1.00,.00,0.02000000,,0,1.540000,R SI02,"SILICA,SOLUBLE REACTIVE",MG/L,44.95278,-80.14972
200905003,2009-09-29 08:06:17,CCGS LIMNOS,GEORGIAN BAY,13,445216,-795802,9,28,2009-08-11 07:39:00,295,1.00,.00,0.02000000,,0,1.530000,R SI02,"SILICA,SOLUBLE REACTIVE",MG/L,44.87111,-79.96722
200905003,2009-09-29 08:06:17,CCGS LIMNOS,GEORGIAN BAY,13,445216,-795802,9,28,2009-08-11 07:39:00,295,10.00,.00,0.02000000,,0,1.580000,R SI02,"SILICA,SOLUBLE REACTIVE",MG/L,44.87111,-79.96722
200905003,2009-09-29 08:06:17,CCGS LIMNOS,GEORGIAN BAY,13,445216,-795802,9,28,2009-08-11 07:39:00,295,18.50,.00,0.02000000,,0,1.660000,R SI02,"SILICA,SOLUBLE REACTIVE",MG/L,44.87111,-79.96722
200905003,2009-09-29 08:06:17,CCGS LIMNOS,GEORGIAN BAY,13,445216,-795802,9,28,2009-08-11 07:39:00,295,25.00,.00,0.02000000,,0,1.730000,R SI02,"SILICA,SOLUBLE REACTIVE",MG/L,44.87111,-79.96722
200905003,2009-09-29 08:06:17,CCGS LIMNOS,GEORGIAN BAY,14,444748,-801437,5,58.4,2009-08-11 10:10:00,295,1.00,.00,0.02000000,,0,1.550000,R SI02,"SILICA,SOLUBLE REACTIVE",MG/L,44.79667,-80.24361
200905003,2009-09-29 08:06:17,CCGS LIMNOS,GEORGIAN BAY,15,443842,-801003,4,58.1,2009-08-11 11:22:00,295,1.00,.00,0.02000000,,0,1.540000,R SI02,"SILICA,SOLUBLE REACTIVE",MG/L,44.64500,-80.16750
200905003,2009-09-29 08:06:17,CCGS LIMNOS,GEORGIAN BAY,15,443842,-801003,4,58.1,2009-08-11 11:22:00,295,1.00,.00,0.02000000,,1,1.540000,R SI02,"SILICA,SOLUBLE REACTIVE",MG/L,44.64500,-80.16750
200905003,2009-09-29 08:06:17,CCGS LIMNOS,GEORGIAN BAY,15,443842,-801003,4,58.1,2009-08-11 11:22:00,295,17.00,.00,0.02000000,,0,1.550000,R SI02,"SILICA,SOLUBLE REACTIVE",MG/L,44.64500,-80.16750
200905003,2009-09-29 08:06:17,CCGS LIMNOS,GEORGIAN BAY,15,443842,-801003,4,58.1,2009-08-11 11:22:00,295,30.00,.00,0.02000000,,0,1.640000,R SI02,"SILICA,SOLUBLE REACTIVE",MG/L,44.64500,-80.16750
200905003,2009-09-29 08:06:17,CCGS LIMNOS,GEORGIAN BAY,15,443842,-801003,4,58.1,2009-08-11 11:22:00,295,44.00,.00,0.02000000,,0,1.910000,R SI02,"SILICA,SOLUBLE REACTIVE",MG/L,44.64500,-80.16750
200905003,2009-09-29 08:06:17,CCGS LIMNOS,GEORGIAN BAY,15,443842,-801003,4,58.1,2009-08-11 11:22:00,295,48.00,.00,0.02000000,,0,1.930000,R SI02,"SILICA,SOLUBLE REACTIVE",MG/L,44.64500,-80.16750
200905003,2009-09-29 08:06:17,CCGS LIMNOS,GEORGIAN BAY,15,443842,-801003,4,58.1,2009-08-11 11:22:00,295,56.00,.00,0.02000000,,0,1.940000,R SI02,"SILICA,SOLUBLE REACTIVE",MG/L,44.64500,-80.16750
200905003,2009-09-29 08:06:17,CCGS LIMNOS,GEORGIAN BAY,15,443842,-801003,4,58.1,2009-08-11 11:22:00,295,998.00,.00,0.02000000,<,0,.020000,R SI02,"SILICA,SOLUBLE REACTIVE",MG/L,44.64500,-80.16750
200905003,2009-09-29 08:06:17,CCGS LIMNOS,GEORGIAN BAY,16,444413,-802607,6,86.7,2009-08-11 13:08:00,295,1.00,.00,0.02000000,,0,1.540000,R SI02,"SILICA,SOLUBLE REACTIVE",MG/L,44.73694,-80.43528
200905003,2009-09-29 08:06:17,CCGS LIMNOS,GEORGIAN BAY,17,444333,-803606,3,31.3,2009-08-11 14:06:00,295,1.00,.00,0.02000000,,0,1.530000,R SI02,"SILICA,SOLUBLE REACTIVE",MG/L,44.72583,-80.60167
200905003,2009-09-29 08:06:17,CCGS LIMNOS,GEORGIAN BAY,18,444303,-805125,1,89.9,2009-08-11 16:04:00,295,1.00,.00,0.02000000,,0,1.530000,R SI02,"SILICA,SOLUBLE REACTIVE",MG/L,44.71750,-80.85694
200905003,2009-09-29 08:06:17,CCGS LIMNOS,GEORGIAN BAY,18,444303,-805125,1,89.9,2009-08-11 16:04:00,295,5.00,.00,0.02000000,,0,1.550000,R SI02,"SILICA,SOLUBLE REACTIVE",MG/L,44.71750,-80.85694
200905003,2009-09-29 08:06:17,CCGS LIMNOS,GEORGIAN BAY,18,444303,-805125,1,89.9,2009-08-11 16:04:00,295,17.00,.00,0.02000000,,0,1.650000,R SI02,"SILICA,SOLUBLE REACTIVE",MG/L,44.71750,-80.85694
200905003,2009-09-29 08:06:17,CCGS LIMNOS,GEORGIAN BAY,18,444303,-805125,1,89.9,2009-08-11 16:04:00,295,29.00,.00,0.02000000,,0,1.770000,R SI02,"SILICA,SOLUBLE REACTIVE",MG/L,44.71750,-80.85694
200905003,2009-09-29 08:06:17,CCGS LIMNOS,GEORGIAN BAY,18,444303,-805125,1,89.9,2009-08-11 16:04:00,295,79.50,.00,0.02000000,,0,1.920000,R SI02,"SILICA,SOLUBLE REACTIVE",MG/L,44.71750,-80.85694
200905003,2009-09-29 08:06:17,CCGS LIMNOS,GEORGIAN BAY,18,444303,-805125,1,89.9,2009-08-11 16:04:00,295,87.50,.00,0.02000000,,0,1.940000,R SI02,"SILICA,SOLUBLE REACTIVE",MG/L,44.71750,-80.85694
200905003,2009-09-29 08:06:17,CCGS LIMNOS,GEORGIAN BAY,19,445518,-803629,11,59.9,2009-08-11 17:53:00,295,1.00,.00,0.02000000,,0,1.550000,R SI02,"SILICA,SOLUBLE REACTIVE",MG/L,44.92167,-80.60806
200905003,2009-09-29 08:06:17,CCGS LIMNOS,GEORGIAN BAY,20,445513,-805229,12,88.9,2009-08-11 19:24:00,295,1.00,.00,0.02000000,,0,1.500000,R SI02,"SILICA,SOLUBLE REACTIVE",MG/L,44.92028,-80.87472
200905003,2009-09-29 08:06:17,CCGS LIMNOS,GEORGIAN BAY,20,445513,-805229,12,88.9,2009-08-11 19:24:00,295,1.00,.00,0.02000000,,1,1.500000,R SI02,"SILICA,SOLUBLE REACTIVE",MG/L,44.92028,-80.87472
200905003,2009-09-29 08:06:17,CCGS LIMNOS,GEORGIAN BAY,20,445513,-805229,12,88.9,2009-08-11 19:24:00,295,998.00,.00,0.02000000,<,0,.020000,R SI02,"SILICA,SOLUBLE REACTIVE",MG/L,44.92028,-80.87472
200905003,2009-09-29 08:06:17,CCGS LIMNOS,GEORGIAN BAY,21,450401,-811512,19,53.5,2009-08-11 21:41:00,295,1.00,.00,0.02000000,,0,1.480000,R SI02,"SILICA,SOLUBLE REACTIVE",MG/L,45.06694,-81.25333
200905003,2009-09-29 08:06:17,CCGS LIMNOS,GEORGIAN BAY,22,451439,-805224,17,76.7,2009-08-11 23:56:00,295,1.00,.00,0.02000000,,0,1.510000,R SI02,"SILICA,SOLUBLE REACTIVE",MG/L,45.24417,-80.87333
200905003,2009-09-29 08:06:17,CCGS LIMNOS,GEORGIAN BAY,22,451439,-805224,17,76.7,2009-08-11 23:56:00,295,17.00,.00,0.02000000,,0,1.500000,R SI02,"SILICA,SOLUBLE REACTIVE",MG/L,45.24417,-80.87333
200905003,2009-09-29 08:06:17,CCGS LIMNOS,GEORGIAN BAY,22,451439,-805224,17,76.7,2009-08-11 23:56:00,295,30.00,.00,0.02000000,,0,1.690000,R SI02,"SILICA,SOLUBLE REACTIVE",MG/L,45.24417,-80.87333
200905003,2009-09-29 08:06:17,CCGS LIMNOS,GEORGIAN BAY,22,451439,-805224,17,76.7,2009-08-11 23:56:00,295,43.00,.00,0.02000000,,0,1.770000,R SI02,"SILICA,SOLUBLE REACTIVE",MG/L,45.24417,-80.87333
200905003,2009-09-29 08:06:17,CCGS LIMNOS,GEORGIAN BAY,22,451439,-805224,17,76.7,2009-08-11 23:56:00,295,67.00,.00,0.02000000,,0,1.810000,R SI02,"SILICA,SOLUBLE REACTIVE",MG/L,45.24417,-80.87333
200905003,2009-09-29 08:06:17,CCGS LIMNOS,GEORGIAN BAY,22,451439,-805224,17,76.7,2009-08-11 23:56:00,295,74.00,.00,0.02000000,,0,1.800000,R SI02,"SILICA,SOLUBLE REACTIVE",MG/L,45.24417,-80.87333
200905003,2009-09-29 08:06:17,CCGS LIMNOS,GEORGIAN BAY,23,452152,-811122,21,87,2009-08-12 02:10:00,295,1.00,.00,0.02000000,,0,1.470000,R SI02,"SILICA,SOLUBLE REACTIVE",MG/L,45.36444,-81.18944
200905003,2009-09-29 08:06:17,CCGS LIMNOS,GEORGIAN BAY,24,451418,-812623,31,61.3,2009-08-12 03:55:00,295,1.00,.00,0.02000000,,0,1.560000,R SI02,"SILICA,SOLUBLE REACTIVE",MG/L,45.23833,-81.43972
200905003,2009-09-29 08:06:17,CCGS LIMNOS,GEORGIAN BAY,25,452212,-813505,33,54.3,2009-08-12 05:09:00,295,1.00,.00,0.02000000,,0,1.450000,R SI02,"SILICA,SOLUBLE REACTIVE",MG/L,45.37000,-81.58472
200905003,2009-09-29 08:06:17,CCGS LIMNOS,GEORGIAN BAY,25,452212,-813505,33,54.3,2009-08-12 05:09:00,295,1.00,.00,0.02000000,,1,1.460000,R SI02,"SILICA,SOLUBLE REACTIVE",MG/L,45.37000,-81.58472
200905003,2009-09-29 08:06:17,CCGS LIMNOS,GEORGIAN BAY,25,452212,-813505,33,54.3,2009-08-12 05:09:00,295,6.00,.00,0.02000000,,0,1.530000,R SI02,"SILICA,SOLUBLE REACTIVE",MG/L,45.37000,-81.58472
200905003,2009-09-29 08:06:17,CCGS LIMNOS,GEORGIAN BAY,25,452212,-813505,33,54.3,2009-08-12 05:09:00,295,25.00,.00,0.02000000,,0,1.730000,R SI02,"SILICA,SOLUBLE REACTIVE",MG/L,45.37000,-81.58472
200905003,2009-09-29 08:06:17,CCGS LIMNOS,GEORGIAN BAY,25,452212,-813505,33,54.3,2009-08-12 05:09:00,295,43.50,.00,0.02000000,,0,1.780000,R SI02,"SILICA,SOLUBLE REACTIVE",MG/L,45.37000,-81.58472
200905003,2009-09-29 08:06:17,CCGS LIMNOS,GEORGIAN BAY,25,452212,-813505,33,54.3,2009-08-12 05:09:00,295,48.00,.00,0.02000000,,0,1.790000,R SI02,"SILICA,SOLUBLE REACTIVE",MG/L,45.37000,-81.58472
200905003,2009-09-29 08:06:17,CCGS LIMNOS,GEORGIAN BAY,25,452212,-813505,33,54.3,2009-08-12 05:09:00,295,51.50,.00,0.02000000,,0,1.790000,R SI02,"SILICA,SOLUBLE REACTIVE",MG/L,45.37000,-81.58472
200905003,2009-09-29 08:06:17,CCGS LIMNOS,GEORGIAN BAY,25,452212,-813505,33,54.3,2009-08-12 05:09:00,295,998.00,.00,0.02000000,<,0,.020000,R SI02,"SILICA,SOLUBLE REACTIVE",MG/L,45.37000,-81.58472
200905003,2009-09-29 08:06:17,CCGS LIMNOS,GEORGIAN BAY,26,453138,-814010,35,36.7,2009-08-12 06:50:00,295,1.00,.00,0.02000000,,0,1.490000,R SI02,"SILICA,SOLUBLE REACTIVE",MG/L,45.52722,-81.66944
200905001,2009-06-04 10:58:50,CCGS LIMNOS,GEORGIAN BAY,1,454544,-814801,46,19.9,2009-05-10 01:42:00,325,1.00,.00,0.05000000,,0,23.000000,CA FA,"CALCIUM,FILTERED ATOMIC ABS.",PPM,45.76222,-81.80028
200905001,2009-06-04 10:58:50,CCGS LIMNOS,GEORGIAN BAY,2,455446,-813545,42,27.4,2009-05-10 03:27:00,325,1.00,.00,0.05000000,,0,21.900000,CA FA,"CALCIUM,FILTERED ATOMIC ABS.",PPM,45.91278,-81.59583
200905001,2009-06-04 10:58:50,CCGS LIMNOS,GEORGIAN BAY,3,454228,-813713,36,53.6,2009-05-10 05:01:00,325,1.00,.00,0.05000000,,0,23.500000,CA FA,"CALCIUM,FILTERED ATOMIC ABS.",PPM,45.70778,-81.62028
200905001,2009-06-04 10:58:50,CCGS LIMNOS,GEORGIAN BAY,4,455223,-811529,39,27.3,2009-05-10 07:09:00,325,1.00,.00,0.05000000,,0,20.400000,CA FA,"CALCIUM,FILTERED ATOMIC ABS.",PPM,45.87306,-81.25806
200905001,2009-06-04 10:58:50,CCGS LIMNOS,GEORGIAN BAY,5,455200,-805958,27,18.9,2009-05-10 08:36:00,325,1.00,.00,0.05000000,,0,16.400000,CA FA,"CALCIUM,FILTERED ATOMIC ABS.",PPM,45.86667,-80.99944
200905001,2009-06-04 10:58:50,CCGS LIMNOS,GEORGIAN BAY,5,455200,-805958,27,18.9,2009-05-10 08:36:00,325,1.00,.00,0.05000000,,1,16.700000,CA FA,"CALCIUM,FILTERED ATOMIC ABS.",PPM,45.86667,-80.99944
200905001,2009-06-04 10:58:50,CCGS LIMNOS,GEORGIAN BAY,5,455200,-805958,27,18.9,2009-05-10 08:36:00,325,998.00,.00,0.05000000,<,0,.050000,CA FA,"CALCIUM,FILTERED ATOMIC ABS.",PPM,45.86667,-80.99944
200905001,2009-06-04 10:58:50,CCGS LIMNOS,GEORGIAN BAY,5,455200,-805958,27,18.9,2009-05-10 08:36:00,325,999.00,.00,0.05000000,<,0,.050000,CA FA,"CALCIUM,FILTERED ATOMIC ABS.",PPM,45.86667,-80.99944
200905001,2009-06-04 10:58:50,CCGS LIMNOS,GEORGIAN BAY,6,455003,-805355,26,25.3,2009-05-10 09:15:00,325,1.00,.00,0.05000000,,0,17.900000,CA FA,"CALCIUM,FILTERED ATOMIC ABS.",PPM,45.83417,-80.89861
200905001,2009-06-04 10:58:50,CCGS LIMNOS,GEORGIAN BAY,7,454044,-805022,24,40,2009-05-10 10:26:00,325,1.00,.00,0.05000000,,0,23.100000,CA FA,"CALCIUM,FILTERED ATOMIC ABS.",PPM,45.67889,-80.83944
200905001,2009-06-04 10:58:50,CCGS LIMNOS,GEORGIAN BAY,8,453501,-810539,29,42.4,2009-05-10 11:49:00,325,1.00,.00,0.05000000,,0,23.800000,CA FA,"CALCIUM,FILTERED ATOMIC ABS.",PPM,45.58361,-81.09417
200905001,2009-06-04 10:58:50,CCGS LIMNOS,GEORGIAN BAY,9,452116,-802913,16,22.8,2009-05-10 14:55:00,325,1.00,.00,0.05000000,,0,22.600000,CA FA,"CALCIUM,FILTERED ATOMIC ABS.",PPM,45.35444,-80.48694
200905001,2009-06-04 10:58:50,CCGS LIMNOS,GEORGIAN BAY,10,451934,-800658,122,89.2,2009-05-10 16:56:00,325,1.00,.00,0.05000000,,0,13.200000,CA FA,"CALCIUM,FILTERED ATOMIC ABS.",PPM,45.32611,-80.11611
200905001,2009-06-04 10:58:50,CCGS LIMNOS,GEORGIAN BAY,10,451934,-800658,122,89.2,2009-05-10 16:56:00,325,1.00,.00,0.05000000,,1,13.400000,CA FA,"CALCIUM,FILTERED ATOMIC ABS.",PPM,45.32611,-80.11611
200905001,2009-06-04 10:58:50,CCGS LIMNOS,GEORGIAN BAY,10,451934,-800658,122,89.2,2009-05-10 16:56:00,325,998.00,.00,0.05000000,<,0,.050000,CA FA,"CALCIUM,FILTERED ATOMIC ABS.",PPM,45.32611,-80.11611
200905001,2009-06-04 10:58:50,CCGS LIMNOS,GEORGIAN BAY,10,451934,-800658,122,89.2,2009-05-10 16:56:00,325,999.00,.00,0.05000000,<,0,.050000,CA FA,"CALCIUM,FILTERED ATOMIC ABS.",PPM,45.32611,-80.11611
200905001,2009-06-04 10:58:50,CCGS LIMNOS,GEORGIAN BAY,11,451000,-801747,15,46.1,2009-05-10 20:00:00,325,1.00,.00,0.05000000,,0,23.500000,CA FA,"CALCIUM,FILTERED ATOMIC ABS.",PPM,45.16667,-80.29639
200905001,2009-06-04 10:58:50,CCGS LIMNOS,GEORGIAN BAY,12,445708,-800901,8,48.3,2009-05-10 21:41:00,325,1.00,.00,0.05000000,,0,23.500000,CA FA,"CALCIUM,FILTERED ATOMIC ABS.",PPM,44.95222,-80.15028
200905001,2009-06-04 10:58:50,CCGS LIMNOS,GEORGIAN BAY,13,445220,-795807,9,28.9,2009-05-10 22:51:00,325,1.00,.00,0.05000000,,0,22.400000,CA FA,"CALCIUM,FILTERED ATOMIC ABS.",PPM,44.87222,-79.96861
200905001,2009-06-04 10:58:50,CCGS LIMNOS,GEORGIAN BAY,14,444748,-801434,5,54.9,2009-05-11 00:36:00,325,1.00,.00,0.05000000,,0,24.700000,CA FA,"CALCIUM,FILTERED ATOMIC ABS.",PPM,44.79667,-80.24278
200905001,2009-06-04 10:58:50,CCGS LIMNOS,GEORGIAN BAY,15,443847,-801003,4,57.5,2009-05-11 01:46:00,325,1.00,.00,0.05000000,,0,24.400000,CA FA,"CALCIUM,FILTERED ATOMIC ABS.",PPM,44.64639,-80.16750
200905001,2009-06-04 10:58:50,CCGS LIMNOS,GEORGIAN BAY,15,443847,-801003,4,57.5,2009-05-11 01:46:00,325,1.00,.00,0.05000000,,1,24.300000,CA FA,"CALCIUM,FILTERED ATOMIC ABS.",PPM,44.64639,-80.16750
200905001,2009-06-04 10:58:50,CCGS LIMNOS,GEORGIAN BAY,15,443847,-801003,4,57.5,2009-05-11 01:46:00,325,998.00,.00,0.05000000,<,0,.050000,CA FA,"CALCIUM,FILTERED ATOMIC ABS.",PPM,44.64639,-80.16750
200905001,2009-06-04 10:58:50,CCGS LIMNOS,GEORGIAN BAY,15,443847,-801003,4,57.5,2009-05-11 01:46:00,325,999.00,.00,0.05000000,<,0,.050000,CA FA,"CALCIUM,FILTERED ATOMIC ABS.",PPM,44.64639,-80.16750
200905001,2009-06-04 10:58:50,CCGS LIMNOS,GEORGIAN BAY,16,444411,-802604,6,86.7,2009-05-11 03:20:00,325,1.00,.00,0.05000000,,0,24.100000,CA FA,"CALCIUM,FILTERED ATOMIC ABS.",PPM,44.73639,-80.43444
200905001,2009-06-04 10:58:50,CCGS LIMNOS,GEORGIAN BAY,17,444400,-803600,3,30.7,2009-05-11 04:23:00,325,1.00,.00,0.05000000,,0,24.000000,CA FA,"CALCIUM,FILTERED ATOMIC ABS.",PPM,44.73333,-80.60000
200905001,2009-06-04 10:58:50,CCGS LIMNOS,GEORGIAN BAY,18,444302,-805124,1,88.7,2009-05-11 05:59:00,325,1.00,.00,0.05000000,,0,23.700000,CA FA,"CALCIUM,FILTERED ATOMIC ABS.",PPM,44.71722,-80.85667
200905001,2009-06-04 10:58:50,CCGS LIMNOS,GEORGIAN BAY,19,445516,-803621,11,63,2009-05-11 07:53:00,325,1.00,.00,0.05000000,,0,23.800000,CA FA,"CALCIUM,FILTERED ATOMIC ABS.",PPM,44.92111,-80.60583
200905001,2009-06-04 10:58:50,CCGS LIMNOS,GEORGIAN BAY,20,445508,-805232,12,88.5,2009-05-11 09:24:00,325,1.00,.00,0.05000000,,0,23.700000,CA FA,"CALCIUM,FILTERED ATOMIC ABS.",PPM,44.91889,-80.87556
200905001,2009-06-04 10:58:50,CCGS LIMNOS,GEORGIAN BAY,20,445508,-805232,12,88.5,2009-05-11 09:24:00,325,1.00,.00,0.05000000,,1,23.900000,CA FA,"CALCIUM,FILTERED ATOMIC ABS.",PPM,44.91889,-80.87556
200905001,2009-06-04 10:58:50,CCGS LIMNOS,GEORGIAN BAY,20,445508,-805232,12,88.5,2009-05-11 09:24:00,325,998.00,.00,0.05000000,<,0,.050000,CA FA,"CALCIUM,FILTERED ATOMIC ABS.",PPM,44.91889,-80.87556
200905001,2009-06-04 10:58:50,CCGS LIMNOS,GEORGIAN BAY,20,445508,-805232,12,88.5,2009-05-11 09:24:00,325,999.00,.00,0.05000000,<,0,.050000,CA FA,"CALCIUM,FILTERED ATOMIC ABS.",PPM,44.91889,-80.87556
200905001,2009-06-04 10:58:50,CCGS LIMNOS,GEORGIAN BAY,21,450359,-811512,19,53,2009-05-11 11:35:00,325,1.00,.00,0.05000000,,0,23.800000,CA FA,"CALCIUM,FILTERED ATOMIC ABS.",PPM,45.06639,-81.25333
200905001,2009-06-04 10:58:50,CCGS LIMNOS,GEORGIAN BAY,22,451442,-805232,17,78,2009-05-11 13:44:00,325,1.00,.00,0.05000000,,0,23.600000,CA FA,"CALCIUM,FILTERED ATOMIC ABS.",PPM,45.24500,-80.87556
200905001,2009-06-04 10:58:50,CCGS LIMNOS,GEORGIAN BAY,23,452153,-811124,21,86.4,2009-05-11 15:38:00,325,1.00,.00,0.05000000,,0,23.600000,CA FA,"CALCIUM,FILTERED ATOMIC ABS.",PPM,45.36472,-81.19000
200905001,2009-06-04 10:58:50,CCGS LIMNOS,GEORGIAN BAY,24,451417,-812625,31,58.9,2009-05-11 17:18:00,325,1.00,.00,0.05000000,,0,23.700000,CA FA,"CALCIUM,FILTERED ATOMIC ABS.",PPM,45.23806,-81.44028
200905001,2009-06-04 10:58:50,CCGS LIMNOS,GEORGIAN BAY,25,452213,-813507,33,53.3,2009-05-11 18:51:00,325,1.00,.00,0.05000000,,0,23.700000,CA FA,"CALCIUM,FILTERED ATOMIC ABS.",PPM,45.37028,-81.58528
200905001,2009-06-04 10:58:50,CCGS LIMNOS,GEORGIAN BAY,25,452213,-813507,33,53.3,2009-05-11 18:51:00,325,1.00,.00,0.05000000,,1,23.800000,CA FA,"CALCIUM,FILTERED ATOMIC ABS.",PPM,45.37028,-81.58528
200905001,2009-06-04 10:58:50,CCGS LIMNOS,GEORGIAN BAY,25,452213,-813507,33,53.3,2009-05-11 18:51:00,325,998.00,.00,0.05000000,<,0,.050000,CA FA,"CALCIUM,FILTERED ATOMIC ABS.",PPM,45.37028,-81.58528
200905001,2009-06-04 10:58:50,CCGS LIMNOS,GEORGIAN BAY,25,452213,-813507,33,53.3,2009-05-11 18:51:00,325,999.00,.00,0.05000000,<,0,.050000,CA FA,"CALCIUM,FILTERED ATOMIC ABS.",PPM,45.37028,-81.58528
200905001,2009-06-04 10:58:50,CCGS LIMNOS,GEORGIAN BAY,26,453140,-814012,35,35.6,2009-05-11 20:09:00,325,1.00,.00,0.05000000,,0,23.500000,CA FA,"CALCIUM,FILTERED ATOMIC ABS.",PPM,45.52778,-81.67000
200905003,2009-09-29 08:06:17,CCGS LIMNOS,GEORGIAN BAY,1,454547,-814746,46,19,2009-08-10 09:35:00,325,1.00,.00,0.05000000,,0,22.300000,CA FA,"CALCIUM,FILTERED ATOMIC ABS.",PPM,45.76306,-81.79611
200905003,2009-09-29 08:06:17,CCGS LIMNOS,GEORGIAN BAY,2,455444,-813542,42,28.1,2009-08-10 11:17:00,325,1.00,.00,0.05000000,,0,22.000000,CA FA,"CALCIUM,FILTERED ATOMIC ABS.",PPM,45.91222,-81.59500
200905003,2009-09-29 08:06:17,CCGS LIMNOS,GEORGIAN BAY,2,455444,-813542,42,28.1,2009-08-10 11:17:00,325,15.00,.00,0.05000000,,0,22.000000,CA FA,"CALCIUM,FILTERED ATOMIC ABS.",PPM,45.91222,-81.59500
200905003,2009-09-29 08:06:17,CCGS LIMNOS,GEORGIAN BAY,3,454231,-813715,36,50.5,2009-08-10 12:57:00,325,1.00,.00,0.05000000,,0,22.000000,CA FA,"CALCIUM,FILTERED ATOMIC ABS.",PPM,45.70861,-81.62083
200905003,2009-09-29 08:06:17,CCGS LIMNOS,GEORGIAN BAY,4,455224,-811529,39,25,2009-08-10 15:05:00,325,1.00,.00,0.05000000,,0,21.700000,CA FA,"CALCIUM,FILTERED ATOMIC ABS.",PPM,45.87333,-81.25806
200905003,2009-09-29 08:06:17,CCGS LIMNOS,GEORGIAN BAY,5,455159,-810002,27,16.5,2009-08-10 16:22:00,325,1.00,.00,0.05000000,,0,21.100000,CA FA,"CALCIUM,FILTERED ATOMIC ABS.",PPM,45.86639,-81.00056
200905003,2009-09-29 08:06:17,CCGS LIMNOS,GEORGIAN BAY,5,455159,-810002,27,16.5,2009-08-10 16:22:00,325,1.00,.00,0.05000000,,1,21.000000,CA FA,"CALCIUM,FILTERED ATOMIC ABS.",PPM,45.86639,-81.00056
200905003,2009-09-29 08:06:17,CCGS LIMNOS,GEORGIAN BAY,5,455159,-810002,27,16.5,2009-08-10 16:22:00,325,13.00,.00,0.05000000,,0,21.100000,CA FA,"CALCIUM,FILTERED ATOMIC ABS.",PPM,45.86639,-81.00056
200905003,2009-09-29 08:06:17,CCGS LIMNOS,GEORGIAN BAY,5,455159,-810002,27,16.5,2009-08-10 16:22:00,325,998.00,.00,0.05000000,<,0,.050000,CA FA,"CALCIUM,FILTERED ATOMIC ABS.",PPM,45.86639,-81.00056
200905003,2009-09-29 08:06:17,CCGS LIMNOS,GEORGIAN BAY,6,454958,-805400,26,25.4,2009-08-10 17:25:00,325,1.00,.00,0.05000000,,0,21.200000,CA FA,"CALCIUM,FILTERED ATOMIC ABS.",PPM,45.83278,-80.90000
200905003,2009-09-29 08:06:17,CCGS LIMNOS,GEORGIAN BAY,7,454044,-805022,24,40.4,2009-08-10 18:41:00,325,1.00,.00,0.05000000,,0,21.200000,CA FA,"CALCIUM,FILTERED ATOMIC ABS.",PPM,45.67889,-80.83944
200905003,2009-09-29 08:06:17,CCGS LIMNOS,GEORGIAN BAY,8,453500,-810500,29,43.1,2009-08-10 20:24:00,325,1.00,.00,0.05000000,,0,22.200000,CA FA,"CALCIUM,FILTERED ATOMIC ABS.",PPM,45.58333,-81.08333
200905003,2009-09-29 08:06:17,CCGS LIMNOS,GEORGIAN BAY,8,453500,-810500,29,43.1,2009-08-10 20:24:00,325,10.00,.00,0.05000000,,0,22.000000,CA FA,"CALCIUM,FILTERED ATOMIC ABS.",PPM,45.58333,-81.08333
200905003,2009-09-29 08:06:17,CCGS LIMNOS,GEORGIAN BAY,8,453500,-810500,29,43.1,2009-08-10 20:24:00,325,16.00,.00,0.05000000,,0,22.600000,CA FA,"CALCIUM,FILTERED ATOMIC ABS.",PPM,45.58333,-81.08333
200905003,2009-09-29 08:06:17,CCGS LIMNOS,GEORGIAN BAY,8,453500,-810500,29,43.1,2009-08-10 20:24:00,325,26.00,.00,0.05000000,,0,23.300000,CA FA,"CALCIUM,FILTERED ATOMIC ABS.",PPM,45.58333,-81.08333
200905003,2009-09-29 08:06:17,CCGS LIMNOS,GEORGIAN BAY,8,453500,-810500,29,43.1,2009-08-10 20:24:00,325,32.00,.00,0.05000000,,0,23.500000,CA FA,"CALCIUM,FILTERED ATOMIC ABS.",PPM,45.58333,-81.08333
200905003,2009-09-29 08:06:17,CCGS LIMNOS,GEORGIAN BAY,8,453500,-810500,29,43.1,2009-08-10 20:24:00,325,40.00,.00,0.05000000,,0,23.600000,CA FA,"CALCIUM,FILTERED ATOMIC ABS.",PPM,45.58333,-81.08333
200905003,2009-09-29 08:06:17,CCGS LIMNOS,GEORGIAN BAY,9,452110,-802911,16,23.1,2009-08-10 23:28:00,325,1.00,.00,0.05000000,,0,23.100000,CA FA,"CALCIUM,FILTERED ATOMIC ABS.",PPM,45.35278,-80.48639
200905003,2009-09-29 08:06:17,CCGS LIMNOS,GEORGIAN BAY,10,451929,-800701,122,95.7,2009-08-11 01:29:00,325,1.00,.00,0.05000000,,0,14.900000,CA FA,"CALCIUM,FILTERED ATOMIC ABS.",PPM,45.32472,-80.11694
200905003,2009-09-29 08:06:17,CCGS LIMNOS,GEORGIAN BAY,10,451929,-800701,122,95.7,2009-08-11 01:29:00,325,1.00,.00,0.05000000,,1,14.600000,CA FA,"CALCIUM,FILTERED ATOMIC ABS.",PPM,45.32472,-80.11694
200905003,2009-09-29 08:06:17,CCGS LIMNOS,GEORGIAN BAY,10,451929,-800701,122,95.7,2009-08-11 01:29:00,325,998.00,.00,0.05000000,<,0,.050000,CA FA,"CALCIUM,FILTERED ATOMIC ABS.",PPM,45.32472,-80.11694
200905003,2009-09-29 08:06:17,CCGS LIMNOS,GEORGIAN BAY,11,451001,-801748,15,44.2,2009-08-11 04:36:00,325,1.00,.00,0.05000000,,0,23.400000,CA FA,"CALCIUM,FILTERED ATOMIC ABS.",PPM,45.16694,-80.29667
200905003,2009-09-29 08:06:17,CCGS LIMNOS,GEORGIAN BAY,12,445710,-800859,8,50.8,2009-08-11 06:20:00,325,1.00,.00,0.05000000,,0,23.000000,CA FA,"CALCIUM,FILTERED ATOMIC ABS.",PPM,44.95278,-80.14972
200905003,2009-09-29 08:06:17,CCGS LIMNOS,GEORGIAN BAY,13,445216,-795802,9,28,2009-08-11 07:39:00,325,1.00,.00,0.05000000,,0,22.700000,CA FA,"CALCIUM,FILTERED ATOMIC ABS.",PPM,44.87111,-79.96722
200905003,2009-09-29 08:06:17,CCGS LIMNOS,GEORGIAN BAY,13,445216,-795802,9,28,2009-08-11 07:39:00,325,10.00,.00,0.05000000,,0,23.100000,CA FA,"CALCIUM,FILTERED ATOMIC ABS.",PPM,44.87111,-79.96722
200905003,2009-09-29 08:06:17,CCGS LIMNOS,GEORGIAN BAY,13,445216,-795802,9,28,2009-08-11 07:39:00,325,18.50,.00,0.05000000,,0,23.900000,CA FA,"CALCIUM,FILTERED ATOMIC ABS.",PPM,44.87111,-79.96722
200905003,2009-09-29 08:06:17,CCGS LIMNOS,GEORGIAN BAY,13,445216,-795802,9,28,2009-08-11 07:39:00,325,25.00,.00,0.05000000,,0,23.800000,CA FA,"CALCIUM,FILTERED ATOMIC ABS.",PPM,44.87111,-79.96722
200905003,2009-09-29 08:06:17,CCGS LIMNOS,GEORGIAN BAY,14,444748,-801437,5,58.4,2009-08-11 10:10:00,325,1.00,.00,0.05000000,,0,23.800000,CA FA,"CALCIUM,FILTERED ATOMIC ABS.",PPM,44.79667,-80.24361
200905003,2009-09-29 08:06:17,CCGS LIMNOS,GEORGIAN BAY,15,443842,-801003,4,58.1,2009-08-11 11:22:00,325,1.00,.00,0.05000000,,0,23.500000,CA FA,"CALCIUM,FILTERED ATOMIC ABS.",PPM,44.64500,-80.16750
200905003,2009-09-29 08:06:17,CCGS LIMNOS,GEORGIAN BAY,15,443842,-801003,4,58.1,2009-08-11 11:22:00,325,1.00,.00,0.05000000,,1,23.500000,CA FA,"CALCIUM,FILTERED ATOMIC ABS.",PPM,44.64500,-80.16750
200905003,2009-09-29 08:06:17,CCGS LIMNOS,GEORGIAN BAY,15,443842,-801003,4,58.1,2009-08-11 11:22:00,325,17.00,.00,0.05000000,,0,23.300000,CA FA,"CALCIUM,FILTERED ATOMIC ABS.",PPM,44.64500,-80.16750
200905003,2009-09-29 08:06:17,CCGS LIMNOS,GEORGIAN BAY,15,443842,-801003,4,58.1,2009-08-11 11:22:00,325,30.00,.00,0.05000000,,0,24.200000,CA FA,"CALCIUM,FILTERED ATOMIC ABS.",PPM,44.64500,-80.16750
200905003,2009-09-29 08:06:17,CCGS LIMNOS,GEORGIAN BAY,15,443842,-801003,4,58.1,2009-08-11 11:22:00,325,44.00,.00,0.05000000,,0,24.400000,CA FA,"CALCIUM,FILTERED ATOMIC ABS.",PPM,44.64500,-80.16750
200905003,2009-09-29 08:06:17,CCGS LIMNOS,GEORGIAN BAY,15,443842,-801003,4,58.1,2009-08-11 11:22:00,325,48.00,.00,0.05000000,,0,24.300000,CA FA,"CALCIUM,FILTERED ATOMIC ABS.",PPM,44.64500,-80.16750
200905003,2009-09-29 08:06:17,CCGS LIMNOS,GEORGIAN BAY,15,443842,-801003,4,58.1,2009-08-11 11:22:00,325,56.00,.00,0.05000000,,0,24.100000,CA FA,"CALCIUM,FILTERED ATOMIC ABS.",PPM,44.64500,-80.16750
200905003,2009-09-29 08:06:17,CCGS LIMNOS,GEORGIAN BAY,15,443842,-801003,4,58.1,2009-08-11 11:22:00,325,998.00,.00,0.05000000,<,0,.050000,CA FA,"CALCIUM,FILTERED ATOMIC ABS.",PPM,44.64500,-80.16750
200905003,2009-09-29 08:06:17,CCGS LIMNOS,GEORGIAN BAY,16,444413,-802607,6,86.7,2009-08-11 13:08:00,325,1.00,.00,0.05000000,,0,23.000000,CA FA,"CALCIUM,FILTERED ATOMIC ABS.",PPM,44.73694,-80.43528
200905003,2009-09-29 08:06:17,CCGS LIMNOS,GEORGIAN BAY,17,444333,-803606,3,31.3,2009-08-11 14:06:00,325,1.00,.00,0.05000000,,0,23.200000,CA FA,"CALCIUM,FILTERED ATOMIC ABS.",PPM,44.72583,-80.60167
200905003,2009-09-29 08:06:17,CCGS LIMNOS,GEORGIAN BAY,18,444303,-805125,1,89.9,2009-08-11 16:04:00,325,1.00,.00,0.05000000,,0,22.800000,CA FA,"CALCIUM,FILTERED ATOMIC ABS.",PPM,44.71750,-80.85694
200905003,2009-09-29 08:06:17,CCGS LIMNOS,GEORGIAN BAY,18,444303,-805125,1,89.9,2009-08-11 16:04:00,325,5.00,.00,0.05000000,,0,22.800000,CA FA,"CALCIUM,FILTERED ATOMIC ABS.",PPM,44.71750,-80.85694
200905003,2009-09-29 08:06:17,CCGS LIMNOS,GEORGIAN BAY,18,444303,-805125,1,89.9,2009-08-11 16:04:00,325,17.00,.00,0.05000000,,0,23.000000,CA FA,"CALCIUM,FILTERED ATOMIC ABS.",PPM,44.71750,-80.85694
200905003,2009-09-29 08:06:17,CCGS LIMNOS,GEORGIAN BAY,18,444303,-805125,1,89.9,2009-08-11 16:04:00,325,29.00,.00,0.05000000,,0,23.400000,CA FA,"CALCIUM,FILTERED ATOMIC ABS.",PPM,44.71750,-80.85694
200905003,2009-09-29 08:06:17,CCGS LIMNOS,GEORGIAN BAY,18,444303,-805125,1,89.9,2009-08-11 16:04:00,325,79.50,.00,0.05000000,,0,23.500000,CA FA,"CALCIUM,FILTERED ATOMIC ABS.",PPM,44.71750,-80.85694
200905003,2009-09-29 08:06:17,CCGS LIMNOS,GEORGIAN BAY,18,444303,-805125,1,89.9,2009-08-11 16:04:00,325,87.50,.00,0.05000000,,0,23.600000,CA FA,"CALCIUM,FILTERED ATOMIC ABS.",PPM,44.71750,-80.85694
200905003,2009-09-29 08:06:17,CCGS LIMNOS,GEORGIAN BAY,19,445518,-803629,11,59.9,2009-08-11 17:53:00,325,1.00,.00,0.05000000,,0,22.600000,CA FA,"CALCIUM,FILTERED ATOMIC ABS.",PPM,44.92167,-80.60806
200905003,2009-09-29 08:06:17,CCGS LIMNOS,GEORGIAN BAY,20,445513,-805229,12,88.9,2009-08-11 19:24:00,325,1.00,.00,0.05000000,,0,23.200000,CA FA,"CALCIUM,FILTERED ATOMIC ABS.",PPM,44.92028,-80.87472
200905003,2009-09-29 08:06:17,CCGS LIMNOS,GEORGIAN BAY,20,445513,-805229,12,88.9,2009-08-11 19:24:00,325,1.00,.00,0.05000000,,1,23.100000,CA FA,"CALCIUM,FILTERED ATOMIC ABS.",PPM,44.92028,-80.87472
200905003,2009-09-29 08:06:17,CCGS LIMNOS,GEORGIAN BAY,20,445513,-805229,12,88.9,2009-08-11 19:24:00,325,998.00,.00,0.05000000,<,0,.050000,CA FA,"CALCIUM,FILTERED ATOMIC ABS.",PPM,44.92028,-80.87472
200905003,2009-09-29 08:06:17,CCGS LIMNOS,GEORGIAN BAY,21,450401,-811512,19,53.5,2009-08-11 21:41:00,325,1.00,.00,0.05000000,,0,23.300000,CA FA,"CALCIUM,FILTERED ATOMIC ABS.",PPM,45.06694,-81.25333
200905003,2009-09-29 08:06:17,CCGS LIMNOS,GEORGIAN BAY,22,451439,-805224,17,76.7,2009-08-11 23:56:00,325,1.00,.00,0.05000000,,0,23.000000,CA FA,"CALCIUM,FILTERED ATOMIC ABS.",PPM,45.24417,-80.87333
200905003,2009-09-29 08:06:17,CCGS LIMNOS,GEORGIAN BAY,22,451439,-805224,17,76.7,2009-08-11 23:56:00,325,17.00,.00,0.05000000,,0,22.400000,CA FA,"CALCIUM,FILTERED ATOMIC ABS.",PPM,45.24417,-80.87333
200905003,2009-09-29 08:06:17,CCGS LIMNOS,GEORGIAN BAY,22,451439,-805224,17,76.7,2009-08-11 23:56:00,325,30.00,.00,0.05000000,,0,23.600000,CA FA,"CALCIUM,FILTERED ATOMIC ABS.",PPM,45.24417,-80.87333
200905003,2009-09-29 08:06:17,CCGS LIMNOS,GEORGIAN BAY,22,451439,-805224,17,76.7,2009-08-11 23:56:00,325,43.00,.00,0.05000000,,0,23.600000,CA FA,"CALCIUM,FILTERED ATOMIC ABS.",PPM,45.24417,-80.87333
200905003,2009-09-29 08:06:17,CCGS LIMNOS,GEORGIAN BAY,22,451439,-805224,17,76.7,2009-08-11 23:56:00,325,67.00,.00,0.05000000,,0,23.700000,CA FA,"CALCIUM,FILTERED ATOMIC ABS.",PPM,45.24417,-80.87333
200905003,2009-09-29 08:06:17,CCGS LIMNOS,GEORGIAN BAY,22,451439,-805224,17,76.7,2009-08-11 23:56:00,325,74.00,.00,0.05000000,,0,23.700000,CA FA,"CALCIUM,FILTERED ATOMIC ABS.",PPM,45.24417,-80.87333
200905003,2009-09-29 08:06:17,CCGS LIMNOS,GEORGIAN BAY,23,452152,-811122,21,87,2009-08-12 02:10:00,325,1.00,.00,0.05000000,,0,24.600000,CA FA,"CALCIUM,FILTERED ATOMIC ABS.",PPM,45.36444,-81.18944
200905003,2009-09-29 08:06:17,CCGS LIMNOS,GEORGIAN BAY,24,451418,-812623,31,61.3,2009-08-12 03:55:00,325,1.00,.00,0.05000000,,0,25.400000,CA FA,"CALCIUM,FILTERED ATOMIC ABS.",PPM,45.23833,-81.43972
200905003,2009-09-29 08:06:17,CCGS LIMNOS,GEORGIAN BAY,25,452212,-813505,33,54.3,2009-08-12 05:09:00,325,1.00,.00,0.05000000,,0,22.900000,CA FA,"CALCIUM,FILTERED ATOMIC ABS.",PPM,45.37000,-81.58472
200905003,2009-09-29 08:06:17,CCGS LIMNOS,GEORGIAN BAY,25,452212,-813505,33,54.3,2009-08-12 05:09:00,325,1.00,.00,0.05000000,,1,22.800000,CA FA,"CALCIUM,FILTERED ATOMIC ABS.",PPM,45.37000,-81.58472
200905003,2009-09-29 08:06:17,CCGS LIMNOS,GEORGIAN BAY,25,452212,-813505,33,54.3,2009-08-12 05:09:00,325,6.00,.00,0.05000000,,0,23.300000,CA FA,"CALCIUM,FILTERED ATOMIC ABS.",PPM,45.37000,-81.58472
200905003,2009-09-29 08:06:17,CCGS LIMNOS,GEORGIAN BAY,25,452212,-813505,33,54.3,2009-08-12 05:09:00,325,25.00,.00,0.05000000,,0,23.700000,CA FA,"CALCIUM,FILTERED ATOMIC ABS.",PPM,45.37000,-81.58472
200905003,2009-09-29 08:06:17,CCGS LIMNOS,GEORGIAN BAY,25,452212,-813505,33,54.3,2009-08-12 05:09:00,325,43.50,.00,0.05000000,,0,23.500000,CA FA,"CALCIUM,FILTERED ATOMIC ABS.",PPM,45.37000,-81.58472
200905003,2009-09-29 08:06:17,CCGS LIMNOS,GEORGIAN BAY,25,452212,-813505,33,54.3,2009-08-12 05:09:00,325,48.00,.00,0.05000000,,0,23.500000,CA FA,"CALCIUM,FILTERED ATOMIC ABS.",PPM,45.37000,-81.58472
200905003,2009-09-29 08:06:17,CCGS LIMNOS,GEORGIAN BAY,25,452212,-813505,33,54.3,2009-08-12 05:09:00,325,51.50,.00,0.05000000,,0,23.500000,CA FA,"CALCIUM,FILTERED ATOMIC ABS.",PPM,45.37000,-81.58472
200905003,2009-09-29 08:06:17,CCGS LIMNOS,GEORGIAN BAY,25,452212,-813505,33,54.3,2009-08-12 05:09:00,325,998.00,.00,0.05000000,<,0,.050000,CA FA,"CALCIUM,FILTERED ATOMIC ABS.",PPM,45.37000,-81.58472
200905003,2009-09-29 08:06:17,CCGS LIMNOS,GEORGIAN BAY,26,453138,-814010,35,36.7,2009-08-12 06:50:00,325,1.00,.00,0.05000000,,0,22.200000,CA FA,"CALCIUM,FILTERED ATOMIC ABS.",PPM,45.52722,-81.66944
200905001,2009-06-04 10:58:50,CCGS LIMNOS,GEORGIAN BAY,1,454544,-814801,46,19.9,2009-05-10 01:42:00,355,1.00,.00,0.01000000,,0,6.820000,MG F,"MAGNESIUM,FILTERED",PPM,45.76222,-81.80028
200905001,2009-06-04 10:58:50,CCGS LIMNOS,GEORGIAN BAY,2,455446,-813545,42,27.4,2009-05-10 03:27:00,355,1.00,.00,0.01000000,,0,6.290000,MG F,"MAGNESIUM,FILTERED",PPM,45.91278,-81.59583
200905001,2009-06-04 10:58:50,CCGS LIMNOS,GEORGIAN BAY,3,454228,-813713,36,53.6,2009-05-10 05:01:00,355,1.00,.00,0.01000000,,0,6.690000,MG F,"MAGNESIUM,FILTERED",PPM,45.70778,-81.62028
200905001,2009-06-04 10:58:50,CCGS LIMNOS,GEORGIAN BAY,4,455223,-811529,39,27.3,2009-05-10 07:09:00,355,1.00,.00,0.01000000,,0,5.810000,MG F,"MAGNESIUM,FILTERED",PPM,45.87306,-81.25806
200905001,2009-06-04 10:58:50,CCGS LIMNOS,GEORGIAN BAY,5,455200,-805958,27,18.9,2009-05-10 08:36:00,355,1.00,.00,0.01000000,,0,4.710000,MG F,"MAGNESIUM,FILTERED",PPM,45.86667,-80.99944
200905001,2009-06-04 10:58:50,CCGS LIMNOS,GEORGIAN BAY,5,455200,-805958,27,18.9,2009-05-10 08:36:00,355,1.00,.00,0.01000000,,1,4.720000,MG F,"MAGNESIUM,FILTERED",PPM,45.86667,-80.99944
200905001,2009-06-04 10:58:50,CCGS LIMNOS,GEORGIAN BAY,5,455200,-805958,27,18.9,2009-05-10 08:36:00,355,998.00,.00,0.01000000,<,0,.010000,MG F,"MAGNESIUM,FILTERED",PPM,45.86667,-80.99944
200905001,2009-06-04 10:58:50,CCGS LIMNOS,GEORGIAN BAY,5,455200,-805958,27,18.9,2009-05-10 08:36:00,355,999.00,.00,0.01000000,<,0,.010000,MG F,"MAGNESIUM,FILTERED",PPM,45.86667,-80.99944
200905001,2009-06-04 10:58:50,CCGS LIMNOS,GEORGIAN BAY,6,455003,-805355,26,25.3,2009-05-10 09:15:00,355,1.00,.00,0.01000000,,0,5.010000,MG F,"MAGNESIUM,FILTERED",PPM,45.83417,-80.89861
200905001,2009-06-04 10:58:50,CCGS LIMNOS,GEORGIAN BAY,7,454044,-805022,24,40,2009-05-10 10:26:00,355,1.00,.00,0.01000000,,0,6.500000,MG F,"MAGNESIUM,FILTERED",PPM,45.67889,-80.83944
200905001,2009-06-04 10:58:50,CCGS LIMNOS,GEORGIAN BAY,8,453501,-810539,29,42.4,2009-05-10 11:49:00,355,1.00,.00,0.01000000,,0,6.670000,MG F,"MAGNESIUM,FILTERED",PPM,45.58361,-81.09417
200905001,2009-06-04 10:58:50,CCGS LIMNOS,GEORGIAN BAY,9,452116,-802913,16,22.8,2009-05-10 14:55:00,355,1.00,.00,0.01000000,,0,6.300000,MG F,"MAGNESIUM,FILTERED",PPM,45.35444,-80.48694
200905001,2009-06-04 10:58:50,CCGS LIMNOS,GEORGIAN BAY,10,451934,-800658,122,89.2,2009-05-10 16:56:00,355,1.00,.00,0.01000000,,0,3.560000,MG F,"MAGNESIUM,FILTERED",PPM,45.32611,-80.11611
200905001,2009-06-04 10:58:50,CCGS LIMNOS,GEORGIAN BAY,10,451934,-800658,122,89.2,2009-05-10 16:56:00,355,1.00,.00,0.01000000,,1,3.570000,MG F,"MAGNESIUM,FILTERED",PPM,45.32611,-80.11611
200905001,2009-06-04 10:58:50,CCGS LIMNOS,GEORGIAN BAY,10,451934,-800658,122,89.2,2009-05-10 16:56:00,355,998.00,.00,0.01000000,<,0,.010000,MG F,"MAGNESIUM,FILTERED",PPM,45.32611,-80.11611
200905001,2009-06-04 10:58:50,CCGS LIMNOS,GEORGIAN BAY,10,451934,-800658,122,89.2,2009-05-10 16:56:00,355,999.00,.00,0.01000000,<,0,.010000,MG F,"MAGNESIUM,FILTERED",PPM,45.32611,-80.11611
200905001,2009-06-04 10:58:50,CCGS LIMNOS,GEORGIAN BAY,11,451000,-801747,15,46.1,2009-05-10 20:00:00,355,1.00,.00,0.01000000,,0,6.600000,MG F,"MAGNESIUM,FILTERED",PPM,45.16667,-80.29639
200905001,2009-06-04 10:58:50,CCGS LIMNOS,GEORGIAN BAY,12,445708,-800901,8,48.3,2009-05-10 21:41:00,355,1.00,.00,0.01000000,,0,6.410000,MG F,"MAGNESIUM,FILTERED",PPM,44.95222,-80.15028
200905001,2009-06-04 10:58:50,CCGS LIMNOS,GEORGIAN BAY,13,445220,-795807,9,28.9,2009-05-10 22:51:00,355,1.00,.00,0.01000000,,0,5.130000,MG F,"MAGNESIUM,FILTERED",PPM,44.87222,-79.96861
200905001,2009-06-04 10:58:50,CCGS LIMNOS,GEORGIAN BAY,14,444748,-801434,5,54.9,2009-05-11 00:36:00,355,1.00,.00,0.01000000,,0,6.840000,MG F,"MAGNESIUM,FILTERED",PPM,44.79667,-80.24278
200905001,2009-06-04 10:58:50,CCGS LIMNOS,GEORGIAN BAY,15,443847,-801003,4,57.5,2009-05-11 01:46:00,355,1.00,.00,0.01000000,,0,6.840000,MG F,"MAGNESIUM,FILTERED",PPM,44.64639,-80.16750
200905001,2009-06-04 10:58:50,CCGS LIMNOS,GEORGIAN BAY,15,443847,-801003,4,57.5,2009-05-11 01:46:00,355,1.00,.00,0.01000000,,1,6.920000,MG F,"MAGNESIUM,FILTERED",PPM,44.64639,-80.16750
200905001,2009-06-04 10:58:50,CCGS LIMNOS,GEORGIAN BAY,15,443847,-801003,4,57.5,2009-05-11 01:46:00,355,998.00,.00,0.01000000,<,0,.010000,MG F,"MAGNESIUM,FILTERED",PPM,44.64639,-80.16750
200905001,2009-06-04 10:58:50,CCGS LIMNOS,GEORGIAN BAY,15,443847,-801003,4,57.5,2009-05-11 01:46:00,355,999.00,.00,0.01000000,<,0,.010000,MG F,"MAGNESIUM,FILTERED",PPM,44.64639,-80.16750
200905001,2009-06-04 10:58:50,CCGS LIMNOS,GEORGIAN BAY,16,444411,-802604,6,86.7,2009-05-11 03:20:00,355,1.00,.00,0.01000000,,0,6.830000,MG F,"MAGNESIUM,FILTERED",PPM,44.73639,-80.43444
200905001,2009-06-04 10:58:50,CCGS LIMNOS,GEORGIAN BAY,17,444400,-803600,3,30.7,2009-05-11 04:23:00,355,1.00,.00,0.01000000,,0,6.810000,MG F,"MAGNESIUM,FILTERED",PPM,44.73333,-80.60000
200905001,2009-06-04 10:58:50,CCGS LIMNOS,GEORGIAN BAY,18,444302,-805124,1,88.7,2009-05-11 05:59:00,355,1.00,.00,0.01000000,,0,6.780000,MG F,"MAGNESIUM,FILTERED",PPM,44.71722,-80.85667
200905001,2009-06-04 10:58:50,CCGS LIMNOS,GEORGIAN BAY,19,445516,-803621,11,63,2009-05-11 07:53:00,355,1.00,.00,0.01000000,,0,6.760000,MG F,"MAGNESIUM,FILTERED",PPM,44.92111,-80.60583
200905001,2009-06-04 10:58:50,CCGS LIMNOS,GEORGIAN BAY,20,445508,-805232,12,88.5,2009-05-11 09:24:00,355,1.00,.00,0.01000000,,0,6.770000,MG F,"MAGNESIUM,FILTERED",PPM,44.91889,-80.87556
200905001,2009-06-04 10:58:50,CCGS LIMNOS,GEORGIAN BAY,20,445508,-805232,12,88.5,2009-05-11 09:24:00,355,1.00,.00,0.01000000,,1,6.820000,MG F,"MAGNESIUM,FILTERED",PPM,44.91889,-80.87556
200905001,2009-06-04 10:58:50,CCGS LIMNOS,GEORGIAN BAY,20,445508,-805232,12,88.5,2009-05-11 09:24:00,355,998.00,.00,0.01000000,<,0,.010000,MG F,"MAGNESIUM,FILTERED",PPM,44.91889,-80.87556
200905001,2009-06-04 10:58:50,CCGS LIMNOS,GEORGIAN BAY,20,445508,-805232,12,88.5,2009-05-11 09:24:00,355,999.00,.00,0.01000000,<,0,.010000,MG F,"MAGNESIUM,FILTERED",PPM,44.91889,-80.87556
200905001,2009-06-04 10:58:50,CCGS LIMNOS,GEORGIAN BAY,21,450359,-811512,19,53,2009-05-11 11:35:00,355,1.00,.00,0.01000000,,0,6.770000,MG F,"MAGNESIUM,FILTERED",PPM,45.06639,-81.25333
200905001,2009-06-04 10:58:50,CCGS LIMNOS,GEORGIAN BAY,22,451442,-805232,17,78,2009-05-11 13:44:00,355,1.00,.00,0.01000000,,0,6.780000,MG F,"MAGNESIUM,FILTERED",PPM,45.24500,-80.87556
200905001,2009-06-04 10:58:50,CCGS LIMNOS,GEORGIAN BAY,23,452153,-811124,21,86.4,2009-05-11 15:38:00,355,1.00,.00,0.01000000,,0,6.750000,MG F,"MAGNESIUM,FILTERED",PPM,45.36472,-81.19000
200905001,2009-06-04 10:58:50,CCGS LIMNOS,GEORGIAN BAY,24,451417,-812625,31,58.9,2009-05-11 17:18:00,355,1.00,.00,0.01000000,,0,6.790000,MG F,"MAGNESIUM,FILTERED",PPM,45.23806,-81.44028
200905001,2009-06-04 10:58:50,CCGS LIMNOS,GEORGIAN BAY,25,452213,-813507,33,53.3,2009-05-11 18:51:00,355,1.00,.00,0.01000000,,0,6.810000,MG F,"MAGNESIUM,FILTERED",PPM,45.37028,-81.58528
200905001,2009-06-04 10:58:50,CCGS LIMNOS,GEORGIAN BAY,25,452213,-813507,33,53.3,2009-05-11 18:51:00,355,1.00,.00,0.01000000,,1,6.830000,MG F,"MAGNESIUM,FILTERED",PPM,45.37028,-81.58528
200905001,2009-06-04 10:58:50,CCGS LIMNOS,GEORGIAN BAY,25,452213,-813507,33,53.3,2009-05-11 18:51:00,355,998.00,.00,0.01000000,<,0,.010000,MG F,"MAGNESIUM,FILTERED",PPM,45.37028,-81.58528
200905001,2009-06-04 10:58:50,CCGS LIMNOS,GEORGIAN BAY,25,452213,-813507,33,53.3,2009-05-11 18:51:00,355,999.00,.00,0.01000000,<,0,.010000,MG F,"MAGNESIUM,FILTERED",PPM,45.37028,-81.58528
200905001,2009-06-04 10:58:50,CCGS LIMNOS,GEORGIAN BAY,26,453140,-814012,35,35.6,2009-05-11 20:09:00,355,1.00,.00,0.01000000,,0,6.790000,MG F,"MAGNESIUM,FILTERED",PPM,45.52778,-81.67000
200905003,2009-09-29 08:06:17,CCGS LIMNOS,GEORGIAN BAY,1,454547,-814746,46,19,2009-08-10 09:35:00,355,1.00,.00,0.01000000,,0,6.610000,MG F,"MAGNESIUM,FILTERED",PPM,45.76306,-81.79611
200905003,2009-09-29 08:06:17,CCGS LIMNOS,GEORGIAN BAY,2,455444,-813542,42,28.1,2009-08-10 11:17:00,355,1.00,.00,0.01000000,,0,6.450000,MG F,"MAGNESIUM,FILTERED",PPM,45.91222,-81.59500
200905003,2009-09-29 08:06:17,CCGS LIMNOS,GEORGIAN BAY,2,455444,-813542,42,28.1,2009-08-10 11:17:00,355,15.00,.00,0.01000000,,0,6.420000,MG F,"MAGNESIUM,FILTERED",PPM,45.91222,-81.59500
200905003,2009-09-29 08:06:17,CCGS LIMNOS,GEORGIAN BAY,3,454231,-813715,36,50.5,2009-08-10 12:57:00,355,1.00,.00,0.01000000,,0,6.410000,MG F,"MAGNESIUM,FILTERED",PPM,45.70861,-81.62083
200905003,2009-09-29 08:06:17,CCGS LIMNOS,GEORGIAN BAY,4,455224,-811529,39,25,2009-08-10 15:05:00,355,1.00,.00,0.01000000,,0,6.260000,MG F,"MAGNESIUM,FILTERED",PPM,45.87333,-81.25806
200905003,2009-09-29 08:06:17,CCGS LIMNOS,GEORGIAN BAY,5,455159,-810002,27,16.5,2009-08-10 16:22:00,355,1.00,.00,0.01000000,,0,6.140000,MG F,"MAGNESIUM,FILTERED",PPM,45.86639,-81.00056
200905003,2009-09-29 08:06:17,CCGS LIMNOS,GEORGIAN BAY,5,455159,-810002,27,16.5,2009-08-10 16:22:00,355,1.00,.00,0.01000000,,1,6.100000,MG F,"MAGNESIUM,FILTERED",PPM,45.86639,-81.00056
200905003,2009-09-29 08:06:17,CCGS LIMNOS,GEORGIAN BAY,5,455159,-810002,27,16.5,2009-08-10 16:22:00,355,13.00,.00,0.01000000,,0,6.080000,MG F,"MAGNESIUM,FILTERED",PPM,45.86639,-81.00056
200905003,2009-09-29 08:06:17,CCGS LIMNOS,GEORGIAN BAY,5,455159,-810002,27,16.5,2009-08-10 16:22:00,355,998.00,.00,0.01000000,<,0,.010000,MG F,"MAGNESIUM,FILTERED",PPM,45.86639,-81.00056
200905003,2009-09-29 08:06:17,CCGS LIMNOS,GEORGIAN BAY,6,454958,-805400,26,25.4,2009-08-10 17:25:00,355,1.00,.00,0.01000000,,0,6.120000,MG F,"MAGNESIUM,FILTERED",PPM,45.83278,-80.90000
200905003,2009-09-29 08:06:17,CCGS LIMNOS,GEORGIAN BAY,7,454044,-805022,24,40.4,2009-08-10 18:41:00,355,1.00,.00,0.01000000,,0,6.130000,MG F,"MAGNESIUM,FILTERED",PPM,45.67889,-80.83944
200905003,2009-09-29 08:06:17,CCGS LIMNOS,GEORGIAN BAY,8,453500,-810500,29,43.1,2009-08-10 20:24:00,355,1.00,.00,0.01000000,,0,6.470000,MG F,"MAGNESIUM,FILTERED",PPM,45.58333,-81.08333
200905003,2009-09-29 08:06:17,CCGS LIMNOS,GEORGIAN BAY,8,453500,-810500,29,43.1,2009-08-10 20:24:00,355,10.00,.00,0.01000000,,0,6.390000,MG F,"MAGNESIUM,FILTERED",PPM,45.58333,-81.08333
200905003,2009-09-29 08:06:17,CCGS LIMNOS,GEORGIAN BAY,8,453500,-810500,29,43.1,2009-08-10 20:24:00,355,16.00,.00,0.01000000,,0,6.530000,MG F,"MAGNESIUM,FILTERED",PPM,45.58333,-81.08333
200905003,2009-09-29 08:06:17,CCGS LIMNOS,GEORGIAN BAY,8,453500,-810500,29,43.1,2009-08-10 20:24:00,355,26.00,.00,0.01000000,,0,6.570000,MG F,"MAGNESIUM,FILTERED",PPM,45.58333,-81.08333
200905003,2009-09-29 08:06:17,CCGS LIMNOS,GEORGIAN BAY,8,453500,-810500,29,43.1,2009-08-10 20:24:00,355,32.00,.00,0.01000000,,0,6.670000,MG F,"MAGNESIUM,FILTERED",PPM,45.58333,-81.08333
200905003,2009-09-29 08:06:17,CCGS LIMNOS,GEORGIAN BAY,8,453500,-810500,29,43.1,2009-08-10 20:24:00,355,40.00,.00,0.01000000,,0,6.700000,MG F,"MAGNESIUM,FILTERED",PPM,45.58333,-81.08333
200905003,2009-09-29 08:06:17,CCGS LIMNOS,GEORGIAN BAY,9,452110,-802911,16,23.1,2009-08-10 23:28:00,355,1.00,.00,0.01000000,,0,6.380000,MG F,"MAGNESIUM,FILTERED",PPM,45.35278,-80.48639
200905003,2009-09-29 08:06:17,CCGS LIMNOS,GEORGIAN BAY,10,451929,-800701,122,95.7,2009-08-11 01:29:00,355,1.00,.00,0.01000000,,0,4.040000,MG F,"MAGNESIUM,FILTERED",PPM,45.32472,-80.11694
200905003,2009-09-29 08:06:17,CCGS LIMNOS,GEORGIAN BAY,10,451929,-800701,122,95.7,2009-08-11 01:29:00,355,1.00,.00,0.01000000,,1,3.970000,MG F,"MAGNESIUM,FILTERED",PPM,45.32472,-80.11694
200905003,2009-09-29 08:06:17,CCGS LIMNOS,GEORGIAN BAY,10,451929,-800701,122,95.7,2009-08-11 01:29:00,355,998.00,.00,0.01000000,<,0,.010000,MG F,"MAGNESIUM,FILTERED",PPM,45.32472,-80.11694
200905003,2009-09-29 08:06:17,CCGS LIMNOS,GEORGIAN BAY,11,451001,-801748,15,44.2,2009-08-11 04:36:00,355,1.00,.00,0.01000000,,0,6.530000,MG F,"MAGNESIUM,FILTERED",PPM,45.16694,-80.29667
200905003,2009-09-29 08:06:17,CCGS LIMNOS,GEORGIAN BAY,12,445710,-800859,8,50.8,2009-08-11 06:20:00,355,1.00,.00,0.01000000,,0,6.450000,MG F,"MAGNESIUM,FILTERED",PPM,44.95278,-80.14972
200905003,2009-09-29 08:06:17,CCGS LIMNOS,GEORGIAN BAY,13,445216,-795802,9,28,2009-08-11 07:39:00,355,1.00,.00,0.01000000,,0,5.900000,MG F,"MAGNESIUM,FILTERED",PPM,44.87111,-79.96722
200905003,2009-09-29 08:06:17,CCGS LIMNOS,GEORGIAN BAY,13,445216,-795802,9,28,2009-08-11 07:39:00,355,10.00,.00,0.01000000,,0,5.990000,MG F,"MAGNESIUM,FILTERED",PPM,44.87111,-79.96722
200905003,2009-09-29 08:06:17,CCGS LIMNOS,GEORGIAN BAY,13,445216,-795802,9,28,2009-08-11 07:39:00,355,18.50,.00,0.01000000,,0,6.520000,MG F,"MAGNESIUM,FILTERED",PPM,44.87111,-79.96722
200905003,2009-09-29 08:06:17,CCGS LIMNOS,GEORGIAN BAY,13,445216,-795802,9,28,2009-08-11 07:39:00,355,25.00,.00,0.01000000,,0,6.480000,MG F,"MAGNESIUM,FILTERED",PPM,44.87111,-79.96722
200905003,2009-09-29 08:06:17,CCGS LIMNOS,GEORGIAN BAY,14,444748,-801437,5,58.4,2009-08-11 10:10:00,355,1.00,.00,0.01000000,,0,6.570000,MG F,"MAGNESIUM,FILTERED",PPM,44.79667,-80.24361
200905003,2009-09-29 08:06:17,CCGS LIMNOS,GEORGIAN BAY,15,443842,-801003,4,58.1,2009-08-11 11:22:00,355,1.00,.00,0.01000000,,0,6.540000,MG F,"MAGNESIUM,FILTERED",PPM,44.64500,-80.16750
200905003,2009-09-29 08:06:17,CCGS LIMNOS,GEORGIAN BAY,15,443842,-801003,4,58.1,2009-08-11 11:22:00,355,1.00,.00,0.01000000,,1,6.490000,MG F,"MAGNESIUM,FILTERED",PPM,44.64500,-80.16750
200905003,2009-09-29 08:06:17,CCGS LIMNOS,GEORGIAN BAY,15,443842,-801003,4,58.1,2009-08-11 11:22:00,355,17.00,.00,0.01000000,,0,6.530000,MG F,"MAGNESIUM,FILTERED",PPM,44.64500,-80.16750
200905003,2009-09-29 08:06:17,CCGS LIMNOS,GEORGIAN BAY,15,443842,-801003,4,58.1,2009-08-11 11:22:00,355,30.00,.00,0.01000000,,0,6.710000,MG F,"MAGNESIUM,FILTERED",PPM,44.64500,-80.16750
200905003,2009-09-29 08:06:17,CCGS LIMNOS,GEORGIAN BAY,15,443842,-801003,4,58.1,2009-08-11 11:22:00,355,44.00,.00,0.01000000,,0,6.780000,MG F,"MAGNESIUM,FILTERED",PPM,44.64500,-80.16750
200905003,2009-09-29 08:06:17,CCGS LIMNOS,GEORGIAN BAY,15,443842,-801003,4,58.1,2009-08-11 11:22:00,355,48.00,.00,0.01000000,,0,6.770000,MG F,"MAGNESIUM,FILTERED",PPM,44.64500,-80.16750
200905003,2009-09-29 08:06:17,CCGS LIMNOS,GEORGIAN BAY,15,443842,-801003,4,58.1,2009-08-11 11:22:00,355,56.00,.00,0.01000000,,0,6.640000,MG F,"MAGNESIUM,FILTERED",PPM,44.64500,-80.16750
200905003,2009-09-29 08:06:17,CCGS LIMNOS,GEORGIAN BAY,15,443842,-801003,4,58.1,2009-08-11 11:22:00,355,998.00,.00,0.01000000,<,0,.010000,MG F,"MAGNESIUM,FILTERED",PPM,44.64500,-80.16750
200905003,2009-09-29 08:06:17,CCGS LIMNOS,GEORGIAN BAY,16,444413,-802607,6,86.7,2009-08-11 13:08:00,355,1.00,.00,0.01000000,,0,6.470000,MG F,"MAGNESIUM,FILTERED",PPM,44.73694,-80.43528
200905003,2009-09-29 08:06:17,CCGS LIMNOS,GEORGIAN BAY,17,444333,-803606,3,31.3,2009-08-11 14:06:00,355,1.00,.00,0.01000000,,0,6.480000,MG F,"MAGNESIUM,FILTERED",PPM,44.72583,-80.60167
200905003,2009-09-29 08:06:17,CCGS LIMNOS,GEORGIAN BAY,18,444303,-805125,1,89.9,2009-08-11 16:04:00,355,1.00,.00,0.01000000,,0,6.400000,MG F,"MAGNESIUM,FILTERED",PPM,44.71750,-80.85694
200905003,2009-09-29 08:06:17,CCGS LIMNOS,GEORGIAN BAY,18,444303,-805125,1,89.9,2009-08-11 16:04:00,355,5.00,.00,0.01000000,,0,6.430000,MG F,"MAGNESIUM,FILTERED",PPM,44.71750,-80.85694
200905003,2009-09-29 08:06:17,CCGS LIMNOS,GEORGIAN BAY,18,444303,-805125,1,89.9,2009-08-11 16:04:00,355,17.00,.00,0.01000000,,0,6.520000,MG F,"MAGNESIUM,FILTERED",PPM,44.71750,-80.85694
200905003,2009-09-29 08:06:17,CCGS LIMNOS,GEORGIAN BAY,18,444303,-805125,1,89.9,2009-08-11 16:04:00,355,29.00,.00,0.01000000,,0,6.630000,MG F,"MAGNESIUM,FILTERED",PPM,44.71750,-80.85694
200905003,2009-09-29 08:06:17,CCGS LIMNOS,GEORGIAN BAY,18,444303,-805125,1,89.9,2009-08-11 16:04:00,355,79.50,.00,0.01000000,,0,6.640000,MG F,"MAGNESIUM,FILTERED",PPM,44.71750,-80.85694
200905003,2009-09-29 08:06:17,CCGS LIMNOS,GEORGIAN BAY,18,444303,-805125,1,89.9,2009-08-11 16:04:00,355,87.50,.00,0.01000000,,0,6.650000,MG F,"MAGNESIUM,FILTERED",PPM,44.71750,-80.85694
200905003,2009-09-29 08:06:17,CCGS LIMNOS,GEORGIAN BAY,19,445518,-803629,11,59.9,2009-08-11 17:53:00,355,1.00,.00,0.01000000,,0,6.340000,MG F,"MAGNESIUM,FILTERED",PPM,44.92167,-80.60806
200905003,2009-09-29 08:06:17,CCGS LIMNOS,GEORGIAN BAY,20,445513,-805229,12,88.9,2009-08-11 19:24:00,355,1.00,.00,0.01000000,,0,6.620000,MG F,"MAGNESIUM,FILTERED",PPM,44.92028,-80.87472
200905003,2009-09-29 08:06:17,CCGS LIMNOS,GEORGIAN BAY,20,445513,-805229,12,88.9,2009-08-11 19:24:00,355,1.00,.00,0.01000000,,1,6.620000,MG F,"MAGNESIUM,FILTERED",PPM,44.92028,-80.87472
200905003,2009-09-29 08:06:17,CCGS LIMNOS,GEORGIAN BAY,20,445513,-805229,12,88.9,2009-08-11 19:24:00,355,998.00,.00,0.01000000,<,0,.010000,MG F,"MAGNESIUM,FILTERED",PPM,44.92028,-80.87472
200905003,2009-09-29 08:06:17,CCGS LIMNOS,GEORGIAN BAY,21,450401,-811512,19,53.5,2009-08-11 21:41:00,355,1.00,.00,0.01000000,,0,6.660000,MG F,"MAGNESIUM,FILTERED",PPM,45.06694,-81.25333
200905003,2009-09-29 08:06:17,CCGS LIMNOS,GEORGIAN BAY,22,451439,-805224,17,76.7,2009-08-11 23:56:00,355,1.00,.00,0.01000000,,0,6.510000,MG F,"MAGNESIUM,FILTERED",PPM,45.24417,-80.87333
200905003,2009-09-29 08:06:17,CCGS LIMNOS,GEORGIAN BAY,22,451439,-805224,17,76.7,2009-08-11 23:56:00,355,17.00,.00,0.01000000,,0,6.320000,MG F,"MAGNESIUM,FILTERED",PPM,45.24417,-80.87333
200905003,2009-09-29 08:06:17,CCGS LIMNOS,GEORGIAN BAY,22,451439,-805224,17,76.7,2009-08-11 23:56:00,355,30.00,.00,0.01000000,,0,6.550000,MG F,"MAGNESIUM,FILTERED",PPM,45.24417,-80.87333
200905003,2009-09-29 08:06:17,CCGS LIMNOS,GEORGIAN BAY,22,451439,-805224,17,76.7,2009-08-11 23:56:00,355,43.00,.00,0.01000000,,0,6.560000,MG F,"MAGNESIUM,FILTERED",PPM,45.24417,-80.87333
200905003,2009-09-29 08:06:17,CCGS LIMNOS,GEORGIAN BAY,22,451439,-805224,17,76.7,2009-08-11 23:56:00,355,67.00,.00,0.01000000,,0,6.670000,MG F,"MAGNESIUM,FILTERED",PPM,45.24417,-80.87333
200905003,2009-09-29 08:06:17,CCGS LIMNOS,GEORGIAN BAY,22,451439,-805224,17,76.7,2009-08-11 23:56:00,355,74.00,.00,0.01000000,,0,6.640000,MG F,"MAGNESIUM,FILTERED",PPM,45.24417,-80.87333
200905003,2009-09-29 08:06:17,CCGS LIMNOS,GEORGIAN BAY,23,452152,-811122,21,87,2009-08-12 02:10:00,355,1.00,.00,0.01000000,,0,7.110000,MG F,"MAGNESIUM,FILTERED",PPM,45.36444,-81.18944
200905003,2009-09-29 08:06:17,CCGS LIMNOS,GEORGIAN BAY,24,451418,-812623,31,61.3,2009-08-12 03:55:00,355,1.00,.00,0.01000000,,0,7.360000,MG F,"MAGNESIUM,FILTERED",PPM,45.23833,-81.43972
200905003,2009-09-29 08:06:17,CCGS LIMNOS,GEORGIAN BAY,25,452212,-813505,33,54.3,2009-08-12 05:09:00,355,1.00,.00,0.01000000,,0,6.520000,MG F,"MAGNESIUM,FILTERED",PPM,45.37000,-81.58472
200905003,2009-09-29 08:06:17,CCGS LIMNOS,GEORGIAN BAY,25,452212,-813505,33,54.3,2009-08-12 05:09:00,355,1.00,.00,0.01000000,,1,6.420000,MG F,"MAGNESIUM,FILTERED",PPM,45.37000,-81.58472
200905003,2009-09-29 08:06:17,CCGS LIMNOS,GEORGIAN BAY,25,452212,-813505,33,54.3,2009-08-12 05:09:00,355,6.00,.00,0.01000000,,0,6.660000,MG F,"MAGNESIUM,FILTERED",PPM,45.37000,-81.58472
200905003,2009-09-29 08:06:17,CCGS LIMNOS,GEORGIAN BAY,25,452212,-813505,33,54.3,2009-08-12 05:09:00,355,25.00,.00,0.01000000,,0,6.650000,MG F,"MAGNESIUM,FILTERED",PPM,45.37000,-81.58472
200905003,2009-09-29 08:06:17,CCGS LIMNOS,GEORGIAN BAY,25,452212,-813505,33,54.3,2009-08-12 05:09:00,355,43.50,.00,0.01000000,,0,6.650000,MG F,"MAGNESIUM,FILTERED",PPM,45.37000,-81.58472
200905003,2009-09-29 08:06:17,CCGS LIMNOS,GEORGIAN BAY,25,452212,-813505,33,54.3,2009-08-12 05:09:00,355,48.00,.00,0.01000000,,0,6.640000,MG F,"MAGNESIUM,FILTERED",PPM,45.37000,-81.58472
200905003,2009-09-29 08:06:17,CCGS LIMNOS,GEORGIAN BAY,25,452212,-813505,33,54.3,2009-08-12 05:09:00,355,51.50,.00,0.01000000,,0,6.640000,MG F,"MAGNESIUM,FILTERED",PPM,45.37000,-81.58472
200905003,2009-09-29 08:06:17,CCGS LIMNOS,GEORGIAN BAY,25,452212,-813505,33,54.3,2009-08-12 05:09:00,355,998.00,.00,0.01000000,<,0,.010000,MG F,"MAGNESIUM,FILTERED",PPM,45.37000,-81.58472
200905003,2009-09-29 08:06:17,CCGS LIMNOS,GEORGIAN BAY,26,453138,-814010,35,36.7,2009-08-12 06:50:00,355,1.00,.00,0.01000000,,0,6.250000,MG F,"MAGNESIUM,FILTERED",PPM,45.52722,-81.66944
200905001,2009-06-04 10:58:50,CCGS LIMNOS,GEORGIAN BAY,1,454544,-814801,46,19.9,2009-05-10 01:42:00,613,.00,17.00,0.10000000,,0,1.000000,CAUI,CHLOROPHYLL A UNCORRECTED INTEGRATED,UG/L,45.76222,-81.80028
200905001,2009-06-04 10:58:50,CCGS LIMNOS,GEORGIAN BAY,2,455446,-813545,42,27.4,2009-05-10 03:27:00,613,.00,20.00,0.10000000,,0,.700000,CAUI,CHLOROPHYLL A UNCORRECTED INTEGRATED,UG/L,45.91278,-81.59583
200905001,2009-06-04 10:58:50,CCGS LIMNOS,GEORGIAN BAY,3,454228,-813713,36,53.6,2009-05-10 05:01:00,613,.00,20.00,0.10000000,,0,.400000,CAUI,CHLOROPHYLL A UNCORRECTED INTEGRATED,UG/L,45.70778,-81.62028
200905001,2009-06-04 10:58:50,CCGS LIMNOS,GEORGIAN BAY,4,455223,-811529,39,27.3,2009-05-10 07:09:00,613,.00,20.00,0.10000000,,0,.700000,CAUI,CHLOROPHYLL A UNCORRECTED INTEGRATED,UG/L,45.87306,-81.25806
200905001,2009-06-04 10:58:50,CCGS LIMNOS,GEORGIAN BAY,5,455200,-805958,27,18.9,2009-05-10 08:36:00,613,.00,15.00,0.10000000,,0,.500000,CAUI,CHLOROPHYLL A UNCORRECTED INTEGRATED,UG/L,45.86667,-80.99944
200905001,2009-06-04 10:58:50,CCGS LIMNOS,GEORGIAN BAY,8,453501,-810539,29,42.4,2009-05-10 11:49:00,613,.00,20.00,0.10000000,,0,.200000,CAUI,CHLOROPHYLL A UNCORRECTED INTEGRATED,UG/L,45.58361,-81.09417
200905001,2009-06-04 10:58:50,CCGS LIMNOS,GEORGIAN BAY,11,451000,-801747,15,46.1,2009-05-10 20:00:00,613,.00,20.00,0.10000000,,0,.200000,CAUI,CHLOROPHYLL A UNCORRECTED INTEGRATED,UG/L,45.16667,-80.29639
200905001,2009-06-04 10:58:50,CCGS LIMNOS,GEORGIAN BAY,12,445708,-800901,8,48.3,2009-05-10 21:41:00,613,.00,20.00,0.10000000,,0,.200000,CAUI,CHLOROPHYLL A UNCORRECTED INTEGRATED,UG/L,44.95222,-80.15028
200905001,2009-06-04 10:58:50,CCGS LIMNOS,GEORGIAN BAY,13,445220,-795807,9,28.9,2009-05-10 22:51:00,613,.00,20.00,0.10000000,,0,.600000,CAUI,CHLOROPHYLL A UNCORRECTED INTEGRATED,UG/L,44.87222,-79.96861
200905001,2009-06-04 10:58:50,CCGS LIMNOS,GEORGIAN BAY,14,444748,-801434,5,54.9,2009-05-11 00:36:00,613,.00,20.00,0.10000000,,0,.200000,CAUI,CHLOROPHYLL A UNCORRECTED INTEGRATED,UG/L,44.79667,-80.24278
200905001,2009-06-04 10:58:50,CCGS LIMNOS,GEORGIAN BAY,15,443847,-801003,4,57.5,2009-05-11 01:46:00,613,.00,20.00,0.10000000,,0,.300000,CAUI,CHLOROPHYLL A UNCORRECTED INTEGRATED,UG/L,44.64639,-80.16750
200905001,2009-06-04 10:58:50,CCGS LIMNOS,GEORGIAN BAY,15,443847,-801003,4,57.5,2009-05-11 01:46:00,613,.00,20.00,0.10000000,,1,.300000,CAUI,CHLOROPHYLL A UNCORRECTED INTEGRATED,UG/L,44.64639,-80.16750
200905001,2009-06-04 10:58:50,CCGS LIMNOS,GEORGIAN BAY,16,444411,-802604,6,86.7,2009-05-11 03:20:00,613,.00,20.00,0.10000000,,0,.200000,CAUI,CHLOROPHYLL A UNCORRECTED INTEGRATED,UG/L,44.73639,-80.43444
200905001,2009-06-04 10:58:50,CCGS LIMNOS,GEORGIAN BAY,17,444400,-803600,3,30.7,2009-05-11 04:23:00,613,.00,20.00,0.10000000,<,0,.100000,CAUI,CHLOROPHYLL A UNCORRECTED INTEGRATED,UG/L,44.73333,-80.60000
200905001,2009-06-04 10:58:50,CCGS LIMNOS,GEORGIAN BAY,18,444302,-805124,1,88.7,2009-05-11 05:59:00,613,.00,20.00,0.10000000,,0,.300000,CAUI,CHLOROPHYLL A UNCORRECTED INTEGRATED,UG/L,44.71722,-80.85667
200905001,2009-06-04 10:58:50,CCGS LIMNOS,GEORGIAN BAY,19,445516,-803621,11,63,2009-05-11 07:53:00,613,.00,20.00,0.10000000,,0,.500000,CAUI,CHLOROPHYLL A UNCORRECTED INTEGRATED,UG/L,44.92111,-80.60583
200905001,2009-06-04 10:58:50,CCGS LIMNOS,GEORGIAN BAY,20,445508,-805232,12,88.5,2009-05-11 09:24:00,613,.00,20.00,0.10000000,,1,.300000,CAUI,CHLOROPHYLL A UNCORRECTED INTEGRATED,UG/L,44.91889,-80.87556
200905001,2009-06-04 10:58:50,CCGS LIMNOS,GEORGIAN BAY,21,450359,-811512,19,53,2009-05-11 11:35:00,613,.00,20.00,0.10000000,,0,.500000,CAUI,CHLOROPHYLL A UNCORRECTED INTEGRATED,UG/L,45.06639,-81.25333
200905001,2009-06-04 10:58:50,CCGS LIMNOS,GEORGIAN BAY,22,451442,-805232,17,78,2009-05-11 13:44:00,613,.00,20.00,0.10000000,,0,.500000,CAUI,CHLOROPHYLL A UNCORRECTED INTEGRATED,UG/L,45.24500,-80.87556
200905001,2009-06-04 10:58:50,CCGS LIMNOS,GEORGIAN BAY,23,452153,-811124,21,86.4,2009-05-11 15:38:00,613,.00,20.00,0.10000000,,0,.500000,CAUI,CHLOROPHYLL A UNCORRECTED INTEGRATED,UG/L,45.36472,-81.19000
200905001,2009-06-04 10:58:50,CCGS LIMNOS,GEORGIAN BAY,24,451417,-812625,31,58.9,2009-05-11 17:18:00,613,.00,20.00,0.10000000,,0,.300000,CAUI,CHLOROPHYLL A UNCORRECTED INTEGRATED,UG/L,45.23806,-81.44028
200905001,2009-06-04 10:58:50,CCGS LIMNOS,GEORGIAN BAY,25,452213,-813507,33,53.3,2009-05-11 18:51:00,613,.00,20.00,0.10000000,,0,.300000,CAUI,CHLOROPHYLL A UNCORRECTED INTEGRATED,UG/L,45.37028,-81.58528
200905001,2009-06-04 10:58:50,CCGS LIMNOS,GEORGIAN BAY,25,452213,-813507,33,53.3,2009-05-11 18:51:00,613,.00,20.00,0.10000000,,1,.300000,CAUI,CHLOROPHYLL A UNCORRECTED INTEGRATED,UG/L,45.37028,-81.58528
200905001,2009-06-04 10:58:50,CCGS LIMNOS,GEORGIAN BAY,26,453140,-814012,35,35.6,2009-05-11 20:09:00,613,.00,20.00,0.10000000,<,0,.100000,CAUI,CHLOROPHYLL A UNCORRECTED INTEGRATED,UG/L,45.52778,-81.67000
200905003,2009-09-29 08:06:17,CCGS LIMNOS,GEORGIAN BAY,1,454547,-814746,46,19,2009-08-10 09:35:00,613,.00,17.00,0.10000000,,0,.800000,CAUI,CHLOROPHYLL A UNCORRECTED INTEGRATED,UG/L,45.76306,-81.79611
200905003,2009-09-29 08:06:17,CCGS LIMNOS,GEORGIAN BAY,2,455444,-813542,42,28.1,2009-08-10 11:17:00,613,.00,20.00,0.10000000,,0,.400000,CAUI,CHLOROPHYLL A UNCORRECTED INTEGRATED,UG/L,45.91222,-81.59500
200905003,2009-09-29 08:06:17,CCGS LIMNOS,GEORGIAN BAY,3,454231,-813715,36,50.5,2009-08-10 12:57:00,613,.00,20.00,0.10000000,,0,.400000,CAUI,CHLOROPHYLL A UNCORRECTED INTEGRATED,UG/L,45.70861,-81.62083
200905003,2009-09-29 08:06:17,CCGS LIMNOS,GEORGIAN BAY,4,455224,-811529,39,25,2009-08-10 15:05:00,613,.00,20.00,0.10000000,,0,.600000,CAUI,CHLOROPHYLL A UNCORRECTED INTEGRATED,UG/L,45.87333,-81.25806
200905003,2009-09-29 08:06:17,CCGS LIMNOS,GEORGIAN BAY,5,455159,-810002,27,16.5,2009-08-10 16:22:00,613,.00,13.00,0.10000000,,0,.900000,CAUI,CHLOROPHYLL A UNCORRECTED INTEGRATED,UG/L,45.86639,-81.00056
200905003,2009-09-29 08:06:17,CCGS LIMNOS,GEORGIAN BAY,5,455159,-810002,27,16.5,2009-08-10 16:22:00,613,.00,13.00,0.10000000,,1,1.200000,CAUI,CHLOROPHYLL A UNCORRECTED INTEGRATED,UG/L,45.86639,-81.00056
200905003,2009-09-29 08:06:17,CCGS LIMNOS,GEORGIAN BAY,6,454958,-805400,26,25.4,2009-08-10 17:25:00,613,.00,20.00,0.10000000,,0,.900000,CAUI,CHLOROPHYLL A UNCORRECTED INTEGRATED,UG/L,45.83278,-80.90000
200905003,2009-09-29 08:06:17,CCGS LIMNOS,GEORGIAN BAY,7,454044,-805022,24,40.4,2009-08-10 18:41:00,613,.00,20.00,0.10000000,,0,1.500000,CAUI,CHLOROPHYLL A UNCORRECTED INTEGRATED,UG/L,45.67889,-80.83944
200905003,2009-09-29 08:06:17,CCGS LIMNOS,GEORGIAN BAY,8,453500,-810500,29,43.1,2009-08-10 20:24:00,613,.00,20.00,0.10000000,,0,.200000,CAUI,CHLOROPHYLL A UNCORRECTED INTEGRATED,UG/L,45.58333,-81.08333
200905003,2009-09-29 08:06:17,CCGS LIMNOS,GEORGIAN BAY,9,452110,-802911,16,23.1,2009-08-10 23:28:00,613,.00,20.00,0.10000000,,0,.800000,CAUI,CHLOROPHYLL A UNCORRECTED INTEGRATED,UG/L,45.35278,-80.48639
200905003,2009-09-29 08:06:17,CCGS LIMNOS,GEORGIAN BAY,10,451929,-800701,122,95.7,2009-08-11 01:29:00,613,.00,20.00,0.10000000,,0,3.300000,CAUI,CHLOROPHYLL A UNCORRECTED INTEGRATED,UG/L,45.32472,-80.11694
200905003,2009-09-29 08:06:17,CCGS LIMNOS,GEORGIAN BAY,10,451929,-800701,122,95.7,2009-08-11 01:29:00,613,.00,20.00,0.10000000,,1,3.200000,CAUI,CHLOROPHYLL A UNCORRECTED INTEGRATED,UG/L,45.32472,-80.11694
200905003,2009-09-29 08:06:17,CCGS LIMNOS,GEORGIAN BAY,11,451001,-801748,15,44.2,2009-08-11 04:36:00,613,.00,20.00,0.10000000,,0,.400000,CAUI,CHLOROPHYLL A UNCORRECTED INTEGRATED,UG/L,45.16694,-80.29667
200905003,2009-09-29 08:06:17,CCGS LIMNOS,GEORGIAN BAY,13,445216,-795802,9,28,2009-08-11 07:39:00,613,.00,20.00,0.10000000,,0,.400000,CAUI,CHLOROPHYLL A UNCORRECTED INTEGRATED,UG/L,44.87111,-79.96722
200905003,2009-09-29 08:06:17,CCGS LIMNOS,GEORGIAN BAY,14,444748,-801437,5,58.4,2009-08-11 10:10:00,613,.00,20.00,0.10000000,,0,.300000,CAUI,CHLOROPHYLL A UNCORRECTED INTEGRATED,UG/L,44.79667,-80.24361
200905003,2009-09-29 08:06:17,CCGS LIMNOS,GEORGIAN BAY,15,443842,-801003,4,58.1,2009-08-11 11:22:00,613,.00,20.00,0.10000000,,0,.100000,CAUI,CHLOROPHYLL A UNCORRECTED INTEGRATED,UG/L,44.64500,-80.16750
200905003,2009-09-29 08:06:17,CCGS LIMNOS,GEORGIAN BAY,15,443842,-801003,4,58.1,2009-08-11 11:22:00,613,.00,20.00,0.10000000,,1,.100000,CAUI,CHLOROPHYLL A UNCORRECTED INTEGRATED,UG/L,44.64500,-80.16750
200905003,2009-09-29 08:06:17,CCGS LIMNOS,GEORGIAN BAY,16,444413,-802607,6,86.7,2009-08-11 13:08:00,613,.00,20.00,0.10000000,,0,.500000,CAUI,CHLOROPHYLL A UNCORRECTED INTEGRATED,UG/L,44.73694,-80.43528
200905003,2009-09-29 08:06:17,CCGS LIMNOS,GEORGIAN BAY,17,444333,-803606,3,31.3,2009-08-11 14:06:00,613,.00,20.00,0.10000000,,0,1.000000,CAUI,CHLOROPHYLL A UNCORRECTED INTEGRATED,UG/L,44.72583,-80.60167
200905003,2009-09-29 08:06:17,CCGS LIMNOS,GEORGIAN BAY,18,444303,-805125,1,89.9,2009-08-11 16:04:00,613,.00,20.00,0.10000000,,0,.700000,CAUI,CHLOROPHYLL A UNCORRECTED INTEGRATED,UG/L,44.71750,-80.85694
200905003,2009-09-29 08:06:17,CCGS LIMNOS,GEORGIAN BAY,19,445518,-803629,11,59.9,2009-08-11 17:53:00,613,.00,20.00,0.10000000,,0,.900000,CAUI,CHLOROPHYLL A UNCORRECTED INTEGRATED,UG/L,44.92167,-80.60806
200905003,2009-09-29 08:06:17,CCGS LIMNOS,GEORGIAN BAY,20,445513,-805229,12,88.9,2009-08-11 19:24:00,613,.00,20.00,0.10000000,,0,.300000,CAUI,CHLOROPHYLL A UNCORRECTED INTEGRATED,UG/L,44.92028,-80.87472
200905003,2009-09-29 08:06:17,CCGS LIMNOS,GEORGIAN BAY,20,445513,-805229,12,88.9,2009-08-11 19:24:00,613,.00,20.00,0.10000000,,1,.600000,CAUI,CHLOROPHYLL A UNCORRECTED INTEGRATED,UG/L,44.92028,-80.87472
200905003,2009-09-29 08:06:17,CCGS LIMNOS,GEORGIAN BAY,21,450401,-811512,19,53.5,2009-08-11 21:41:00,613,.00,20.00,0.10000000,,0,.700000,CAUI,CHLOROPHYLL A UNCORRECTED INTEGRATED,UG/L,45.06694,-81.25333
200905003,2009-09-29 08:06:17,CCGS LIMNOS,GEORGIAN BAY,22,451439,-805224,17,76.7,2009-08-11 23:56:00,613,.00,20.00,0.10000000,,0,.400000,CAUI,CHLOROPHYLL A UNCORRECTED INTEGRATED,UG/L,45.24417,-80.87333
200905003,2009-09-29 08:06:17,CCGS LIMNOS,GEORGIAN BAY,23,452152,-811122,21,87,2009-08-12 02:10:00,613,.00,20.00,0.10000000,,0,.300000,CAUI,CHLOROPHYLL A UNCORRECTED INTEGRATED,UG/L,45.36444,-81.18944
200905003,2009-09-29 08:06:17,CCGS LIMNOS,GEORGIAN BAY,24,451418,-812623,31,61.3,2009-08-12 03:55:00,613,.00,20.00,0.10000000,,0,.600000,CAUI,CHLOROPHYLL A UNCORRECTED INTEGRATED,UG/L,45.23833,-81.43972
200905003,2009-09-29 08:06:17,CCGS LIMNOS,GEORGIAN BAY,25,452212,-813505,33,54.3,2009-08-12 05:09:00,613,.00,20.00,0.10000000,,0,.300000,CAUI,CHLOROPHYLL A UNCORRECTED INTEGRATED,UG/L,45.37000,-81.58472
200905003,2009-09-29 08:06:17,CCGS LIMNOS,GEORGIAN BAY,25,452212,-813505,33,54.3,2009-08-12 05:09:00,613,.00,20.00,0.10000000,,1,.200000,CAUI,CHLOROPHYLL A UNCORRECTED INTEGRATED,UG/L,45.37000,-81.58472
200905003,2009-09-29 08:06:17,CCGS LIMNOS,GEORGIAN BAY,26,453138,-814010,35,36.7,2009-08-12 06:50:00,613,.00,20.00,0.10000000,,0,.200000,CAUI,CHLOROPHYLL A UNCORRECTED INTEGRATED,UG/L,45.52722,-81.66944
200905001,2009-06-04 10:58:50,CCGS LIMNOS,GEORGIAN BAY,1,454544,-814801,46,19.9,2009-05-10 01:42:00,614,.00,17.00,0.10000000,,0,.800000,CACI,CHLOROPHYLL A CORRECTED INTEGRATED,UG/L,45.76222,-81.80028
200905001,2009-06-04 10:58:50,CCGS LIMNOS,GEORGIAN BAY,2,455446,-813545,42,27.4,2009-05-10 03:27:00,614,.00,20.00,0.10000000,,0,.800000,CACI,CHLOROPHYLL A CORRECTED INTEGRATED,UG/L,45.91278,-81.59583
200905001,2009-06-04 10:58:50,CCGS LIMNOS,GEORGIAN BAY,8,453501,-810539,29,42.4,2009-05-10 11:49:00,614,.00,20.00,0.10000000,<,0,.100000,CACI,CHLOROPHYLL A CORRECTED INTEGRATED,UG/L,45.58361,-81.09417
200905001,2009-06-04 10:58:50,CCGS LIMNOS,GEORGIAN BAY,11,451000,-801747,15,46.1,2009-05-10 20:00:00,614,.00,20.00,0.10000000,<,0,.100000,CACI,CHLOROPHYLL A CORRECTED INTEGRATED,UG/L,45.16667,-80.29639
200905001,2009-06-04 10:58:50,CCGS LIMNOS,GEORGIAN BAY,12,445708,-800901,8,48.3,2009-05-10 21:41:00,614,.00,20.00,0.10000000,<,0,.100000,CACI,CHLOROPHYLL A CORRECTED INTEGRATED,UG/L,44.95222,-80.15028
200905001,2009-06-04 10:58:50,CCGS LIMNOS,GEORGIAN BAY,14,444748,-801434,5,54.9,2009-05-11 00:36:00,614,.00,20.00,0.10000000,<,0,.100000,CACI,CHLOROPHYLL A CORRECTED INTEGRATED,UG/L,44.79667,-80.24278
200905001,2009-06-04 10:58:50,CCGS LIMNOS,GEORGIAN BAY,16,444411,-802604,6,86.7,2009-05-11 03:20:00,614,.00,20.00,0.10000000,<,0,.100000,CACI,CHLOROPHYLL A CORRECTED INTEGRATED,UG/L,44.73639,-80.43444
200905001,2009-06-04 10:58:50,CCGS LIMNOS,GEORGIAN BAY,17,444400,-803600,3,30.7,2009-05-11 04:23:00,614,.00,20.00,0.10000000,<,0,.100000,CACI,CHLOROPHYLL A CORRECTED INTEGRATED,UG/L,44.73333,-80.60000
200905001,2009-06-04 10:58:50,CCGS LIMNOS,GEORGIAN BAY,25,452213,-813507,33,53.3,2009-05-11 18:51:00,614,.00,20.00,0.10000000,,0,.400000,CACI,CHLOROPHYLL A CORRECTED INTEGRATED,UG/L,45.37028,-81.58528
200905001,2009-06-04 10:58:50,CCGS LIMNOS,GEORGIAN BAY,25,452213,-813507,33,53.3,2009-05-11 18:51:00,614,.00,20.00,0.10000000,,1,.400000,CACI,CHLOROPHYLL A CORRECTED INTEGRATED,UG/L,45.37028,-81.58528
200905001,2009-06-04 10:58:50,CCGS LIMNOS,GEORGIAN BAY,26,453140,-814012,35,35.6,2009-05-11 20:09:00,614,.00,20.00,0.10000000,<,0,.100000,CACI,CHLOROPHYLL A CORRECTED INTEGRATED,UG/L,45.52778,-81.67000
200905003,2009-09-29 08:06:17,CCGS LIMNOS,GEORGIAN BAY,1,454547,-814746,46,19,2009-08-10 09:35:00,614,.00,17.00,0.10000000,,0,.800000,CACI,CHLOROPHYLL A CORRECTED INTEGRATED,UG/L,45.76306,-81.79611
200905003,2009-09-29 08:06:17,CCGS LIMNOS,GEORGIAN BAY,2,455444,-813542,42,28.1,2009-08-10 11:17:00,614,.00,20.00,0.10000000,,0,.300000,CACI,CHLOROPHYLL A CORRECTED INTEGRATED,UG/L,45.91222,-81.59500
200905003,2009-09-29 08:06:17,CCGS LIMNOS,GEORGIAN BAY,3,454231,-813715,36,50.5,2009-08-10 12:57:00,614,.00,20.00,0.10000000,,0,.300000,CACI,CHLOROPHYLL A CORRECTED INTEGRATED,UG/L,45.70861,-81.62083
200905003,2009-09-29 08:06:17,CCGS LIMNOS,GEORGIAN BAY,4,455224,-811529,39,25,2009-08-10 15:05:00,614,.00,20.00,0.10000000,,0,.300000,CACI,CHLOROPHYLL A CORRECTED INTEGRATED,UG/L,45.87333,-81.25806
200905003,2009-09-29 08:06:17,CCGS LIMNOS,GEORGIAN BAY,5,455159,-810002,27,16.5,2009-08-10 16:22:00,614,.00,13.00,0.10000000,,0,.700000,CACI,CHLOROPHYLL A CORRECTED INTEGRATED,UG/L,45.86639,-81.00056
200905003,2009-09-29 08:06:17,CCGS LIMNOS,GEORGIAN BAY,5,455159,-810002,27,16.5,2009-08-10 16:22:00,614,.00,13.00,0.10000000,,1,.700000,CACI,CHLOROPHYLL A CORRECTED INTEGRATED,UG/L,45.86639,-81.00056
200905003,2009-09-29 08:06:17,CCGS LIMNOS,GEORGIAN BAY,6,454958,-805400,26,25.4,2009-08-10 17:25:00,614,.00,20.00,0.10000000,,0,.800000,CACI,CHLOROPHYLL A CORRECTED INTEGRATED,UG/L,45.83278,-80.90000
200905003,2009-09-29 08:06:17,CCGS LIMNOS,GEORGIAN BAY,7,454044,-805022,24,40.4,2009-08-10 18:41:00,614,.00,20.00,0.10000000,,0,1.400000,CACI,CHLOROPHYLL A CORRECTED INTEGRATED,UG/L,45.67889,-80.83944
200905003,2009-09-29 08:06:17,CCGS LIMNOS,GEORGIAN BAY,9,452110,-802911,16,23.1,2009-08-10 23:28:00,614,.00,20.00,0.10000000,,0,.700000,CACI,CHLOROPHYLL A CORRECTED INTEGRATED,UG/L,45.35278,-80.48639
200905003,2009-09-29 08:06:17,CCGS LIMNOS,GEORGIAN BAY,10,451929,-800701,122,95.7,2009-08-11 01:29:00,614,.00,20.00,0.10000000,,0,2.900000,CACI,CHLOROPHYLL A CORRECTED INTEGRATED,UG/L,45.32472,-80.11694
200905003,2009-09-29 08:06:17,CCGS LIMNOS,GEORGIAN BAY,10,451929,-800701,122,95.7,2009-08-11 01:29:00,614,.00,20.00,0.10000000,,1,2.600000,CACI,CHLOROPHYLL A CORRECTED INTEGRATED,UG/L,45.32472,-80.11694
200905003,2009-09-29 08:06:17,CCGS LIMNOS,GEORGIAN BAY,11,451001,-801748,15,44.2,2009-08-11 04:36:00,614,.00,20.00,0.10000000,,0,.300000,CACI,CHLOROPHYLL A CORRECTED INTEGRATED,UG/L,45.16694,-80.29667
200905003,2009-09-29 08:06:17,CCGS LIMNOS,GEORGIAN BAY,13,445216,-795802,9,28,2009-08-11 07:39:00,614,.00,20.00,0.10000000,<,0,.100000,CACI,CHLOROPHYLL A CORRECTED INTEGRATED,UG/L,44.87111,-79.96722
200905003,2009-09-29 08:06:17,CCGS LIMNOS,GEORGIAN BAY,14,444748,-801437,5,58.4,2009-08-11 10:10:00,614,.00,20.00,0.10000000,,0,.300000,CACI,CHLOROPHYLL A CORRECTED INTEGRATED,UG/L,44.79667,-80.24361
200905003,2009-09-29 08:06:17,CCGS LIMNOS,GEORGIAN BAY,15,443842,-801003,4,58.1,2009-08-11 11:22:00,614,.00,20.00,0.10000000,<,0,.100000,CACI,CHLOROPHYLL A CORRECTED INTEGRATED,UG/L,44.64500,-80.16750
200905003,2009-09-29 08:06:17,CCGS LIMNOS,GEORGIAN BAY,15,443842,-801003,4,58.1,2009-08-11 11:22:00,614,.00,20.00,0.10000000,<,1,.100000,CACI,CHLOROPHYLL A CORRECTED INTEGRATED,UG/L,44.64500,-80.16750
200905003,2009-09-29 08:06:17,CCGS LIMNOS,GEORGIAN BAY,16,444413,-802607,6,86.7,2009-08-11 13:08:00,614,.00,20.00,0.10000000,,0,.400000,CACI,CHLOROPHYLL A CORRECTED INTEGRATED,UG/L,44.73694,-80.43528
200905003,2009-09-29 08:06:17,CCGS LIMNOS,GEORGIAN BAY,17,444333,-803606,3,31.3,2009-08-11 14:06:00,614,.00,20.00,0.10000000,,0,.700000,CACI,CHLOROPHYLL A CORRECTED INTEGRATED,UG/L,44.72583,-80.60167
200905003,2009-09-29 08:06:17,CCGS LIMNOS,GEORGIAN BAY,18,444303,-805125,1,89.9,2009-08-11 16:04:00,614,.00,20.00,0.10000000,,0,.300000,CACI,CHLOROPHYLL A CORRECTED INTEGRATED,UG/L,44.71750,-80.85694
200905003,2009-09-29 08:06:17,CCGS LIMNOS,GEORGIAN BAY,19,445518,-803629,11,59.9,2009-08-11 17:53:00,614,.00,20.00,0.10000000,,0,.700000,CACI,CHLOROPHYLL A CORRECTED INTEGRATED,UG/L,44.92167,-80.60806
200905003,2009-09-29 08:06:17,CCGS LIMNOS,GEORGIAN BAY,20,445513,-805229,12,88.9,2009-08-11 19:24:00,614,.00,20.00,0.10000000,,1,.700000,CACI,CHLOROPHYLL A CORRECTED INTEGRATED,UG/L,44.92028,-80.87472
200905003,2009-09-29 08:06:17,CCGS LIMNOS,GEORGIAN BAY,20,445513,-805229,12,88.9,2009-08-11 19:24:00,614,.00,20.00,0.10000000,<,0,.100000,CACI,CHLOROPHYLL A CORRECTED INTEGRATED,UG/L,44.92028,-80.87472
200905003,2009-09-29 08:06:17,CCGS LIMNOS,GEORGIAN BAY,21,450401,-811512,19,53.5,2009-08-11 21:41:00,614,.00,20.00,0.10000000,,0,.700000,CACI,CHLOROPHYLL A CORRECTED INTEGRATED,UG/L,45.06694,-81.25333
200905003,2009-09-29 08:06:17,CCGS LIMNOS,GEORGIAN BAY,22,451439,-805224,17,76.7,2009-08-11 23:56:00,614,.00,20.00,0.10000000,,0,.300000,CACI,CHLOROPHYLL A CORRECTED INTEGRATED,UG/L,45.24417,-80.87333
200905003,2009-09-29 08:06:17,CCGS LIMNOS,GEORGIAN BAY,23,452152,-811122,21,87,2009-08-12 02:10:00,614,.00,20.00,0.10000000,,0,.400000,CACI,CHLOROPHYLL A CORRECTED INTEGRATED,UG/L,45.36444,-81.18944
200905003,2009-09-29 08:06:17,CCGS LIMNOS,GEORGIAN BAY,24,451418,-812623,31,61.3,2009-08-12 03:55:00,614,.00,20.00,0.10000000,,0,.700000,CACI,CHLOROPHYLL A CORRECTED INTEGRATED,UG/L,45.23833,-81.43972
200905003,2009-09-29 08:06:17,CCGS LIMNOS,GEORGIAN BAY,25,452212,-813505,33,54.3,2009-08-12 05:09:00,614,.00,20.00,0.10000000,,0,.400000,CACI,CHLOROPHYLL A CORRECTED INTEGRATED,UG/L,45.37000,-81.58472
200905003,2009-09-29 08:06:17,CCGS LIMNOS,GEORGIAN BAY,25,452212,-813505,33,54.3,2009-08-12 05:09:00,614,.00,20.00,0.10000000,<,1,.100000,CACI,CHLOROPHYLL A CORRECTED INTEGRATED,UG/L,45.37000,-81.58472
200905003,2009-09-29 08:06:17,CCGS LIMNOS,GEORGIAN BAY,26,453138,-814010,35,36.7,2009-08-12 06:50:00,614,.00,20.00,0.10000000,<,0,.100000,CACI,CHLOROPHYLL A CORRECTED INTEGRATED,UG/L,45.52722,-81.66944
200905001,2009-06-04 10:58:50,CCGS LIMNOS,GEORGIAN BAY,1,454544,-814801,46,19.9,2009-05-10 01:42:00,940,1.00,.00,0.01000000,,0,.890000,K-FAAS,"POTASSIUM-F.,ATOMIC ABSORPTION",MG/L,45.76222,-81.80028
200905001,2009-06-04 10:58:50,CCGS LIMNOS,GEORGIAN BAY,2,455446,-813545,42,27.4,2009-05-10 03:27:00,940,1.00,.00,0.01000000,,0,.850000,K-FAAS,"POTASSIUM-F.,ATOMIC ABSORPTION",MG/L,45.91278,-81.59583
200905001,2009-06-04 10:58:50,CCGS LIMNOS,GEORGIAN BAY,3,454228,-813713,36,53.6,2009-05-10 05:01:00,940,1.00,.00,0.01000000,,0,.870000,K-FAAS,"POTASSIUM-F.,ATOMIC ABSORPTION",MG/L,45.70778,-81.62028
200905001,2009-06-04 10:58:50,CCGS LIMNOS,GEORGIAN BAY,4,455223,-811529,39,27.3,2009-05-10 07:09:00,940,1.00,.00,0.01000000,,0,.820000,K-FAAS,"POTASSIUM-F.,ATOMIC ABSORPTION",MG/L,45.87306,-81.25806
200905001,2009-06-04 10:58:50,CCGS LIMNOS,GEORGIAN BAY,5,455200,-805958,27,18.9,2009-05-10 08:36:00,940,1.00,.00,0.01000000,,0,.720000,K-FAAS,"POTASSIUM-F.,ATOMIC ABSORPTION",MG/L,45.86667,-80.99944
200905001,2009-06-04 10:58:50,CCGS LIMNOS,GEORGIAN BAY,5,455200,-805958,27,18.9,2009-05-10 08:36:00,940,1.00,.00,0.01000000,,1,.720000,K-FAAS,"POTASSIUM-F.,ATOMIC ABSORPTION",MG/L,45.86667,-80.99944
200905001,2009-06-04 10:58:50,CCGS LIMNOS,GEORGIAN BAY,5,455200,-805958,27,18.9,2009-05-10 08:36:00,940,998.00,.00,0.01000000,<,0,.010000,K-FAAS,"POTASSIUM-F.,ATOMIC ABSORPTION",MG/L,45.86667,-80.99944
200905001,2009-06-04 10:58:50,CCGS LIMNOS,GEORGIAN BAY,5,455200,-805958,27,18.9,2009-05-10 08:36:00,940,999.00,.00,0.01000000,<,0,.010000,K-FAAS,"POTASSIUM-F.,ATOMIC ABSORPTION",MG/L,45.86667,-80.99944
200905001,2009-06-04 10:58:50,CCGS LIMNOS,GEORGIAN BAY,6,455003,-805355,26,25.3,2009-05-10 09:15:00,940,1.00,.00,0.01000000,,0,.740000,K-FAAS,"POTASSIUM-F.,ATOMIC ABSORPTION",MG/L,45.83417,-80.89861
200905001,2009-06-04 10:58:50,CCGS LIMNOS,GEORGIAN BAY,7,454044,-805022,24,40,2009-05-10 10:26:00,940,1.00,.00,0.01000000,,0,.830000,K-FAAS,"POTASSIUM-F.,ATOMIC ABSORPTION",MG/L,45.67889,-80.83944
200905001,2009-06-04 10:58:50,CCGS LIMNOS,GEORGIAN BAY,8,453501,-810539,29,42.4,2009-05-10 11:49:00,940,1.00,.00,0.01000000,,0,.850000,K-FAAS,"POTASSIUM-F.,ATOMIC ABSORPTION",MG/L,45.58361,-81.09417
200905001,2009-06-04 10:58:50,CCGS LIMNOS,GEORGIAN BAY,9,452116,-802913,16,22.8,2009-05-10 14:55:00,940,1.00,.00,0.01000000,,0,.820000,K-FAAS,"POTASSIUM-F.,ATOMIC ABSORPTION",MG/L,45.35444,-80.48694
200905001,2009-06-04 10:58:50,CCGS LIMNOS,GEORGIAN BAY,10,451934,-800658,122,89.2,2009-05-10 16:56:00,940,1.00,.00,0.01000000,,0,.650000,K-FAAS,"POTASSIUM-F.,ATOMIC ABSORPTION",MG/L,45.32611,-80.11611
200905001,2009-06-04 10:58:50,CCGS LIMNOS,GEORGIAN BAY,10,451934,-800658,122,89.2,2009-05-10 16:56:00,940,1.00,.00,0.01000000,,1,.700000,K-FAAS,"POTASSIUM-F.,ATOMIC ABSORPTION",MG/L,45.32611,-80.11611
200905001,2009-06-04 10:58:50,CCGS LIMNOS,GEORGIAN BAY,10,451934,-800658,122,89.2,2009-05-10 16:56:00,940,998.00,.00,0.01000000,<,0,.010000,K-FAAS,"POTASSIUM-F.,ATOMIC ABSORPTION",MG/L,45.32611,-80.11611
200905001,2009-06-04 10:58:50,CCGS LIMNOS,GEORGIAN BAY,10,451934,-800658,122,89.2,2009-05-10 16:56:00,940,999.00,.00,0.01000000,<,0,.010000,K-FAAS,"POTASSIUM-F.,ATOMIC ABSORPTION",MG/L,45.32611,-80.11611
200905001,2009-06-04 10:58:50,CCGS LIMNOS,GEORGIAN BAY,11,451000,-801747,15,46.1,2009-05-10 20:00:00,940,1.00,.00,0.01000000,,0,.850000,K-FAAS,"POTASSIUM-F.,ATOMIC ABSORPTION",MG/L,45.16667,-80.29639
200905001,2009-06-04 10:58:50,CCGS LIMNOS,GEORGIAN BAY,12,445708,-800901,8,48.3,2009-05-10 21:41:00,940,1.00,.00,0.01000000,,0,.900000,K-FAAS,"POTASSIUM-F.,ATOMIC ABSORPTION",MG/L,44.95222,-80.15028
200905001,2009-06-04 10:58:50,CCGS LIMNOS,GEORGIAN BAY,13,445220,-795807,9,28.9,2009-05-10 22:51:00,940,1.00,.00,0.01000000,,0,.970000,K-FAAS,"POTASSIUM-F.,ATOMIC ABSORPTION",MG/L,44.87222,-79.96861
200905001,2009-06-04 10:58:50,CCGS LIMNOS,GEORGIAN BAY,14,444748,-801434,5,54.9,2009-05-11 00:36:00,940,1.00,.00,0.01000000,,0,.890000,K-FAAS,"POTASSIUM-F.,ATOMIC ABSORPTION",MG/L,44.79667,-80.24278
200905001,2009-06-04 10:58:50,CCGS LIMNOS,GEORGIAN BAY,15,443847,-801003,4,57.5,2009-05-11 01:46:00,940,1.00,.00,0.01000000,,0,.860000,K-FAAS,"POTASSIUM-F.,ATOMIC ABSORPTION",MG/L,44.64639,-80.16750
200905001,2009-06-04 10:58:50,CCGS LIMNOS,GEORGIAN BAY,15,443847,-801003,4,57.5,2009-05-11 01:46:00,940,1.00,.00,0.01000000,,1,.920000,K-FAAS,"POTASSIUM-F.,ATOMIC ABSORPTION",MG/L,44.64639,-80.16750
200905001,2009-06-04 10:58:50,CCGS LIMNOS,GEORGIAN BAY,15,443847,-801003,4,57.5,2009-05-11 01:46:00,940,998.00,.00,0.01000000,<,0,.010000,K-FAAS,"POTASSIUM-F.,ATOMIC ABSORPTION",MG/L,44.64639,-80.16750
200905001,2009-06-04 10:58:50,CCGS LIMNOS,GEORGIAN BAY,15,443847,-801003,4,57.5,2009-05-11 01:46:00,940,999.00,.00,0.01000000,<,0,.010000,K-FAAS,"POTASSIUM-F.,ATOMIC ABSORPTION",MG/L,44.64639,-80.16750
200905001,2009-06-04 10:58:50,CCGS LIMNOS,GEORGIAN BAY,16,444411,-802604,6,86.7,2009-05-11 03:20:00,940,1.00,.00,0.01000000,,0,.880000,K-FAAS,"POTASSIUM-F.,ATOMIC ABSORPTION",MG/L,44.73639,-80.43444
200905001,2009-06-04 10:58:50,CCGS LIMNOS,GEORGIAN BAY,17,444400,-803600,3,30.7,2009-05-11 04:23:00,940,1.00,.00,0.01000000,,0,.890000,K-FAAS,"POTASSIUM-F.,ATOMIC ABSORPTION",MG/L,44.73333,-80.60000
200905001,2009-06-04 10:58:50,CCGS LIMNOS,GEORGIAN BAY,18,444302,-805124,1,88.7,2009-05-11 05:59:00,940,1.00,.00,0.01000000,,0,.910000,K-FAAS,"POTASSIUM-F.,ATOMIC ABSORPTION",MG/L,44.71722,-80.85667
200905001,2009-06-04 10:58:50,CCGS LIMNOS,GEORGIAN BAY,19,445516,-803621,11,63,2009-05-11 07:53:00,940,1.00,.00,0.01000000,,0,.880000,K-FAAS,"POTASSIUM-F.,ATOMIC ABSORPTION",MG/L,44.92111,-80.60583
200905001,2009-06-04 10:58:50,CCGS LIMNOS,GEORGIAN BAY,20,445508,-805232,12,88.5,2009-05-11 09:24:00,940,1.00,.00,0.01000000,,0,.870000,K-FAAS,"POTASSIUM-F.,ATOMIC ABSORPTION",MG/L,44.91889,-80.87556
200905001,2009-06-04 10:58:50,CCGS LIMNOS,GEORGIAN BAY,20,445508,-805232,12,88.5,2009-05-11 09:24:00,940,1.00,.00,0.01000000,,1,.880000,K-FAAS,"POTASSIUM-F.,ATOMIC ABSORPTION",MG/L,44.91889,-80.87556
200905001,2009-06-04 10:58:50,CCGS LIMNOS,GEORGIAN BAY,20,445508,-805232,12,88.5,2009-05-11 09:24:00,940,998.00,.00,0.01000000,<,0,.010000,K-FAAS,"POTASSIUM-F.,ATOMIC ABSORPTION",MG/L,44.91889,-80.87556
200905001,2009-06-04 10:58:50,CCGS LIMNOS,GEORGIAN BAY,20,445508,-805232,12,88.5,2009-05-11 09:24:00,940,999.00,.00,0.01000000,<,0,.010000,K-FAAS,"POTASSIUM-F.,ATOMIC ABSORPTION",MG/L,44.91889,-80.87556
200905001,2009-06-04 10:58:50,CCGS LIMNOS,GEORGIAN BAY,21,450359,-811512,19,53,2009-05-11 11:35:00,940,1.00,.00,0.01000000,,0,.870000,K-FAAS,"POTASSIUM-F.,ATOMIC ABSORPTION",MG/L,45.06639,-81.25333
200905001,2009-06-04 10:58:50,CCGS LIMNOS,GEORGIAN BAY,22,451442,-805232,17,78,2009-05-11 13:44:00,940,1.00,.00,0.01000000,,0,.890000,K-FAAS,"POTASSIUM-F.,ATOMIC ABSORPTION",MG/L,45.24500,-80.87556
200905001,2009-06-04 10:58:50,CCGS LIMNOS,GEORGIAN BAY,23,452153,-811124,21,86.4,2009-05-11 15:38:00,940,1.00,.00,0.01000000,,0,.890000,K-FAAS,"POTASSIUM-F.,ATOMIC ABSORPTION",MG/L,45.36472,-81.19000
200905001,2009-06-04 10:58:50,CCGS LIMNOS,GEORGIAN BAY,24,451417,-812625,31,58.9,2009-05-11 17:18:00,940,1.00,.00,0.01000000,,0,.890000,K-FAAS,"POTASSIUM-F.,ATOMIC ABSORPTION",MG/L,45.23806,-81.44028
200905001,2009-06-04 10:58:50,CCGS LIMNOS,GEORGIAN BAY,25,452213,-813507,33,53.3,2009-05-11 18:51:00,940,1.00,.00,0.01000000,,0,.870000,K-FAAS,"POTASSIUM-F.,ATOMIC ABSORPTION",MG/L,45.37028,-81.58528
200905001,2009-06-04 10:58:50,CCGS LIMNOS,GEORGIAN BAY,25,452213,-813507,33,53.3,2009-05-11 18:51:00,940,1.00,.00,0.01000000,,1,.900000,K-FAAS,"POTASSIUM-F.,ATOMIC ABSORPTION",MG/L,45.37028,-81.58528
200905001,2009-06-04 10:58:50,CCGS LIMNOS,GEORGIAN BAY,25,452213,-813507,33,53.3,2009-05-11 18:51:00,940,998.00,.00,0.01000000,<,0,.010000,K-FAAS,"POTASSIUM-F.,ATOMIC ABSORPTION",MG/L,45.37028,-81.58528
200905001,2009-06-04 10:58:50,CCGS LIMNOS,GEORGIAN BAY,25,452213,-813507,33,53.3,2009-05-11 18:51:00,940,999.00,.00,0.01000000,<,0,.010000,K-FAAS,"POTASSIUM-F.,ATOMIC ABSORPTION",MG/L,45.37028,-81.58528
200905001,2009-06-04 10:58:50,CCGS LIMNOS,GEORGIAN BAY,26,453140,-814012,35,35.6,2009-05-11 20:09:00,940,1.00,.00,0.01000000,,0,.880000,K-FAAS,"POTASSIUM-F.,ATOMIC ABSORPTION",MG/L,45.52778,-81.67000
200905003,2009-09-29 08:06:17,CCGS LIMNOS,GEORGIAN BAY,1,454547,-814746,46,19,2009-08-10 09:35:00,940,1.00,.00,0.01000000,,0,.860000,K-FAAS,"POTASSIUM-F.,ATOMIC ABSORPTION",MG/L,45.76306,-81.79611
200905003,2009-09-29 08:06:17,CCGS LIMNOS,GEORGIAN BAY,2,455444,-813542,42,28.1,2009-08-10 11:17:00,940,1.00,.00,0.01000000,,0,.870000,K-FAAS,"POTASSIUM-F.,ATOMIC ABSORPTION",MG/L,45.91222,-81.59500
200905003,2009-09-29 08:06:17,CCGS LIMNOS,GEORGIAN BAY,2,455444,-813542,42,28.1,2009-08-10 11:17:00,940,15.00,.00,0.01000000,,0,.850000,K-FAAS,"POTASSIUM-F.,ATOMIC ABSORPTION",MG/L,45.91222,-81.59500
200905003,2009-09-29 08:06:17,CCGS LIMNOS,GEORGIAN BAY,3,454231,-813715,36,50.5,2009-08-10 12:57:00,940,1.00,.00,0.01000000,,0,.840000,K-FAAS,"POTASSIUM-F.,ATOMIC ABSORPTION",MG/L,45.70861,-81.62083
200905003,2009-09-29 08:06:17,CCGS LIMNOS,GEORGIAN BAY,4,455224,-811529,39,25,2009-08-10 15:05:00,940,1.00,.00,0.01000000,,0,.850000,K-FAAS,"POTASSIUM-F.,ATOMIC ABSORPTION",MG/L,45.87333,-81.25806
200905003,2009-09-29 08:06:17,CCGS LIMNOS,GEORGIAN BAY,5,455159,-810002,27,16.5,2009-08-10 16:22:00,940,1.00,.00,0.01000000,,0,.830000,K-FAAS,"POTASSIUM-F.,ATOMIC ABSORPTION",MG/L,45.86639,-81.00056
200905003,2009-09-29 08:06:17,CCGS LIMNOS,GEORGIAN BAY,5,455159,-810002,27,16.5,2009-08-10 16:22:00,940,1.00,.00,0.01000000,,1,.840000,K-FAAS,"POTASSIUM-F.,ATOMIC ABSORPTION",MG/L,45.86639,-81.00056
200905003,2009-09-29 08:06:17,CCGS LIMNOS,GEORGIAN BAY,5,455159,-810002,27,16.5,2009-08-10 16:22:00,940,13.00,.00,0.01000000,,0,.840000,K-FAAS,"POTASSIUM-F.,ATOMIC ABSORPTION",MG/L,45.86639,-81.00056
200905003,2009-09-29 08:06:17,CCGS LIMNOS,GEORGIAN BAY,5,455159,-810002,27,16.5,2009-08-10 16:22:00,940,998.00,.00,0.01000000,<,0,.010000,K-FAAS,"POTASSIUM-F.,ATOMIC ABSORPTION",MG/L,45.86639,-81.00056
200905003,2009-09-29 08:06:17,CCGS LIMNOS,GEORGIAN BAY,6,454958,-805400,26,25.4,2009-08-10 17:25:00,940,1.00,.00,0.01000000,,0,.850000,K-FAAS,"POTASSIUM-F.,ATOMIC ABSORPTION",MG/L,45.83278,-80.90000
200905003,2009-09-29 08:06:17,CCGS LIMNOS,GEORGIAN BAY,7,454044,-805022,24,40.4,2009-08-10 18:41:00,940,1.00,.00,0.01000000,,0,.850000,K-FAAS,"POTASSIUM-F.,ATOMIC ABSORPTION",MG/L,45.67889,-80.83944
200905003,2009-09-29 08:06:17,CCGS LIMNOS,GEORGIAN BAY,8,453500,-810500,29,43.1,2009-08-10 20:24:00,940,1.00,.00,0.01000000,,0,.860000,K-FAAS,"POTASSIUM-F.,ATOMIC ABSORPTION",MG/L,45.58333,-81.08333
200905003,2009-09-29 08:06:17,CCGS LIMNOS,GEORGIAN BAY,8,453500,-810500,29,43.1,2009-08-10 20:24:00,940,10.00,.00,0.01000000,,0,.840000,K-FAAS,"POTASSIUM-F.,ATOMIC ABSORPTION",MG/L,45.58333,-81.08333
200905003,2009-09-29 08:06:17,CCGS LIMNOS,GEORGIAN BAY,8,453500,-810500,29,43.1,2009-08-10 20:24:00,940,16.00,.00,0.01000000,,0,.840000,K-FAAS,"POTASSIUM-F.,ATOMIC ABSORPTION",MG/L,45.58333,-81.08333
200905003,2009-09-29 08:06:17,CCGS LIMNOS,GEORGIAN BAY,8,453500,-810500,29,43.1,2009-08-10 20:24:00,940,26.00,.00,0.01000000,,0,.840000,K-FAAS,"POTASSIUM-F.,ATOMIC ABSORPTION",MG/L,45.58333,-81.08333
200905003,2009-09-29 08:06:17,CCGS LIMNOS,GEORGIAN BAY,8,453500,-810500,29,43.1,2009-08-10 20:24:00,940,32.00,.00,0.01000000,,0,.860000,K-FAAS,"POTASSIUM-F.,ATOMIC ABSORPTION",MG/L,45.58333,-81.08333
200905003,2009-09-29 08:06:17,CCGS LIMNOS,GEORGIAN BAY,8,453500,-810500,29,43.1,2009-08-10 20:24:00,940,40.00,.00,0.01000000,,0,.840000,K-FAAS,"POTASSIUM-F.,ATOMIC ABSORPTION",MG/L,45.58333,-81.08333
200905003,2009-09-29 08:06:17,CCGS LIMNOS,GEORGIAN BAY,9,452110,-802911,16,23.1,2009-08-10 23:28:00,940,1.00,.00,0.01000000,,0,.820000,K-FAAS,"POTASSIUM-F.,ATOMIC ABSORPTION",MG/L,45.35278,-80.48639
200905003,2009-09-29 08:06:17,CCGS LIMNOS,GEORGIAN BAY,10,451929,-800701,122,95.7,2009-08-11 01:29:00,940,1.00,.00,0.01000000,,0,.680000,K-FAAS,"POTASSIUM-F.,ATOMIC ABSORPTION",MG/L,45.32472,-80.11694
200905003,2009-09-29 08:06:17,CCGS LIMNOS,GEORGIAN BAY,10,451929,-800701,122,95.7,2009-08-11 01:29:00,940,1.00,.00,0.01000000,,1,.660000,K-FAAS,"POTASSIUM-F.,ATOMIC ABSORPTION",MG/L,45.32472,-80.11694
200905003,2009-09-29 08:06:17,CCGS LIMNOS,GEORGIAN BAY,10,451929,-800701,122,95.7,2009-08-11 01:29:00,940,998.00,.00,0.01000000,<,0,.010000,K-FAAS,"POTASSIUM-F.,ATOMIC ABSORPTION",MG/L,45.32472,-80.11694
200905003,2009-09-29 08:06:17,CCGS LIMNOS,GEORGIAN BAY,11,451001,-801748,15,44.2,2009-08-11 04:36:00,940,1.00,.00,0.01000000,,0,.850000,K-FAAS,"POTASSIUM-F.,ATOMIC ABSORPTION",MG/L,45.16694,-80.29667
200905003,2009-09-29 08:06:17,CCGS LIMNOS,GEORGIAN BAY,12,445710,-800859,8,50.8,2009-08-11 06:20:00,940,1.00,.00,0.01000000,,0,.840000,K-FAAS,"POTASSIUM-F.,ATOMIC ABSORPTION",MG/L,44.95278,-80.14972
200905003,2009-09-29 08:06:17,CCGS LIMNOS,GEORGIAN BAY,13,445216,-795802,9,28,2009-08-11 07:39:00,940,1.00,.00,0.01000000,,0,.870000,K-FAAS,"POTASSIUM-F.,ATOMIC ABSORPTION",MG/L,44.87111,-79.96722
200905003,2009-09-29 08:06:17,CCGS LIMNOS,GEORGIAN BAY,13,445216,-795802,9,28,2009-08-11 07:39:00,940,10.00,.00,0.01000000,,0,.880000,K-FAAS,"POTASSIUM-F.,ATOMIC ABSORPTION",MG/L,44.87111,-79.96722
200905003,2009-09-29 08:06:17,CCGS LIMNOS,GEORGIAN BAY,13,445216,-795802,9,28,2009-08-11 07:39:00,940,18.50,.00,0.01000000,,0,.880000,K-FAAS,"POTASSIUM-F.,ATOMIC ABSORPTION",MG/L,44.87111,-79.96722
200905003,2009-09-29 08:06:17,CCGS LIMNOS,GEORGIAN BAY,13,445216,-795802,9,28,2009-08-11 07:39:00,940,25.00,.00,0.01000000,,0,.860000,K-FAAS,"POTASSIUM-F.,ATOMIC ABSORPTION",MG/L,44.87111,-79.96722
200905003,2009-09-29 08:06:17,CCGS LIMNOS,GEORGIAN BAY,14,444748,-801437,5,58.4,2009-08-11 10:10:00,940,1.00,.00,0.01000000,,0,.820000,K-FAAS,"POTASSIUM-F.,ATOMIC ABSORPTION",MG/L,44.79667,-80.24361
200905003,2009-09-29 08:06:17,CCGS LIMNOS,GEORGIAN BAY,15,443842,-801003,4,58.1,2009-08-11 11:22:00,940,1.00,.00,0.01000000,,0,.870000,K-FAAS,"POTASSIUM-F.,ATOMIC ABSORPTION",MG/L,44.64500,-80.16750
200905003,2009-09-29 08:06:17,CCGS LIMNOS,GEORGIAN BAY,15,443842,-801003,4,58.1,2009-08-11 11:22:00,940,1.00,.00,0.01000000,,1,.820000,K-FAAS,"POTASSIUM-F.,ATOMIC ABSORPTION",MG/L,44.64500,-80.16750
200905003,2009-09-29 08:06:17,CCGS LIMNOS,GEORGIAN BAY,15,443842,-801003,4,58.1,2009-08-11 11:22:00,940,17.00,.00,0.01000000,,0,.830000,K-FAAS,"POTASSIUM-F.,ATOMIC ABSORPTION",MG/L,44.64500,-80.16750
200905003,2009-09-29 08:06:17,CCGS LIMNOS,GEORGIAN BAY,15,443842,-801003,4,58.1,2009-08-11 11:22:00,940,30.00,.00,0.01000000,,0,.870000,K-FAAS,"POTASSIUM-F.,ATOMIC ABSORPTION",MG/L,44.64500,-80.16750
200905003,2009-09-29 08:06:17,CCGS LIMNOS,GEORGIAN BAY,15,443842,-801003,4,58.1,2009-08-11 11:22:00,940,44.00,.00,0.01000000,,0,.870000,K-FAAS,"POTASSIUM-F.,ATOMIC ABSORPTION",MG/L,44.64500,-80.16750
200905003,2009-09-29 08:06:17,CCGS LIMNOS,GEORGIAN BAY,15,443842,-801003,4,58.1,2009-08-11 11:22:00,940,48.00,.00,0.01000000,,0,.850000,K-FAAS,"POTASSIUM-F.,ATOMIC ABSORPTION",MG/L,44.64500,-80.16750
200905003,2009-09-29 08:06:17,CCGS LIMNOS,GEORGIAN BAY,15,443842,-801003,4,58.1,2009-08-11 11:22:00,940,56.00,.00,0.01000000,,0,.860000,K-FAAS,"POTASSIUM-F.,ATOMIC ABSORPTION",MG/L,44.64500,-80.16750
200905003,2009-09-29 08:06:17,CCGS LIMNOS,GEORGIAN BAY,15,443842,-801003,4,58.1,2009-08-11 11:22:00,940,998.00,.00,0.01000000,<,0,.010000,K-FAAS,"POTASSIUM-F.,ATOMIC ABSORPTION",MG/L,44.64500,-80.16750
200905003,2009-09-29 08:06:17,CCGS LIMNOS,GEORGIAN BAY,16,444413,-802607,6,86.7,2009-08-11 13:08:00,940,1.00,.00,0.01000000,,0,.820000,K-FAAS,"POTASSIUM-F.,ATOMIC ABSORPTION",MG/L,44.73694,-80.43528
200905003,2009-09-29 08:06:17,CCGS LIMNOS,GEORGIAN BAY,17,444333,-803606,3,31.3,2009-08-11 14:06:00,940,1.00,.00,0.01000000,,0,.830000,K-FAAS,"POTASSIUM-F.,ATOMIC ABSORPTION",MG/L,44.72583,-80.60167
200905003,2009-09-29 08:06:17,CCGS LIMNOS,GEORGIAN BAY,18,444303,-805125,1,89.9,2009-08-11 16:04:00,940,1.00,.00,0.01000000,,0,.820000,K-FAAS,"POTASSIUM-F.,ATOMIC ABSORPTION",MG/L,44.71750,-80.85694
200905003,2009-09-29 08:06:17,CCGS LIMNOS,GEORGIAN BAY,18,444303,-805125,1,89.9,2009-08-11 16:04:00,940,5.00,.00,0.01000000,,0,.860000,K-FAAS,"POTASSIUM-F.,ATOMIC ABSORPTION",MG/L,44.71750,-80.85694
200905003,2009-09-29 08:06:17,CCGS LIMNOS,GEORGIAN BAY,18,444303,-805125,1,89.9,2009-08-11 16:04:00,940,17.00,.00,0.01000000,,0,.840000,K-FAAS,"POTASSIUM-F.,ATOMIC ABSORPTION",MG/L,44.71750,-80.85694
200905003,2009-09-29 08:06:17,CCGS LIMNOS,GEORGIAN BAY,18,444303,-805125,1,89.9,2009-08-11 16:04:00,940,29.00,.00,0.01000000,,0,.840000,K-FAAS,"POTASSIUM-F.,ATOMIC ABSORPTION",MG/L,44.71750,-80.85694
200905003,2009-09-29 08:06:17,CCGS LIMNOS,GEORGIAN BAY,18,444303,-805125,1,89.9,2009-08-11 16:04:00,940,79.50,.00,0.01000000,,0,.850000,K-FAAS,"POTASSIUM-F.,ATOMIC ABSORPTION",MG/L,44.71750,-80.85694
200905003,2009-09-29 08:06:17,CCGS LIMNOS,GEORGIAN BAY,18,444303,-805125,1,89.9,2009-08-11 16:04:00,940,87.50,.00,0.01000000,,0,.850000,K-FAAS,"POTASSIUM-F.,ATOMIC ABSORPTION",MG/L,44.71750,-80.85694
200905003,2009-09-29 08:06:17,CCGS LIMNOS,GEORGIAN BAY,19,445518,-803629,11,59.9,2009-08-11 17:53:00,940,1.00,.00,0.01000000,,0,.820000,K-FAAS,"POTASSIUM-F.,ATOMIC ABSORPTION",MG/L,44.92167,-80.60806
200905003,2009-09-29 08:06:17,CCGS LIMNOS,GEORGIAN BAY,20,445513,-805229,12,88.9,2009-08-11 19:24:00,940,1.00,.00,0.01000000,,0,.850000,K-FAAS,"POTASSIUM-F.,ATOMIC ABSORPTION",MG/L,44.92028,-80.87472
200905003,2009-09-29 08:06:17,CCGS LIMNOS,GEORGIAN BAY,20,445513,-805229,12,88.9,2009-08-11 19:24:00,940,1.00,.00,0.01000000,,1,.830000,K-FAAS,"POTASSIUM-F.,ATOMIC ABSORPTION",MG/L,44.92028,-80.87472
200905003,2009-09-29 08:06:17,CCGS LIMNOS,GEORGIAN BAY,20,445513,-805229,12,88.9,2009-08-11 19:24:00,940,998.00,.00,0.01000000,<,0,.010000,K-FAAS,"POTASSIUM-F.,ATOMIC ABSORPTION",MG/L,44.92028,-80.87472
200905003,2009-09-29 08:06:17,CCGS LIMNOS,GEORGIAN BAY,21,450401,-811512,19,53.5,2009-08-11 21:41:00,940,1.00,.00,0.01000000,,0,.850000,K-FAAS,"POTASSIUM-F.,ATOMIC ABSORPTION",MG/L,45.06694,-81.25333
200905003,2009-09-29 08:06:17,CCGS LIMNOS,GEORGIAN BAY,22,451439,-805224,17,76.7,2009-08-11 23:56:00,940,1.00,.00,0.01000000,,0,.830000,K-FAAS,"POTASSIUM-F.,ATOMIC ABSORPTION",MG/L,45.24417,-80.87333
200905003,2009-09-29 08:06:17,CCGS LIMNOS,GEORGIAN BAY,22,451439,-805224,17,76.7,2009-08-11 23:56:00,940,17.00,.00,0.01000000,,0,.830000,K-FAAS,"POTASSIUM-F.,ATOMIC ABSORPTION",MG/L,45.24417,-80.87333
200905003,2009-09-29 08:06:17,CCGS LIMNOS,GEORGIAN BAY,22,451439,-805224,17,76.7,2009-08-11 23:56:00,940,30.00,.00,0.01000000,,0,.850000,K-FAAS,"POTASSIUM-F.,ATOMIC ABSORPTION",MG/L,45.24417,-80.87333
200905003,2009-09-29 08:06:17,CCGS LIMNOS,GEORGIAN BAY,22,451439,-805224,17,76.7,2009-08-11 23:56:00,940,43.00,.00,0.01000000,,0,.840000,K-FAAS,"POTASSIUM-F.,ATOMIC ABSORPTION",MG/L,45.24417,-80.87333
200905003,2009-09-29 08:06:17,CCGS LIMNOS,GEORGIAN BAY,22,451439,-805224,17,76.7,2009-08-11 23:56:00,940,67.00,.00,0.01000000,,0,.860000,K-FAAS,"POTASSIUM-F.,ATOMIC ABSORPTION",MG/L,45.24417,-80.87333
200905003,2009-09-29 08:06:17,CCGS LIMNOS,GEORGIAN BAY,22,451439,-805224,17,76.7,2009-08-11 23:56:00,940,74.00,.00,0.01000000,,0,.850000,K-FAAS,"POTASSIUM-F.,ATOMIC ABSORPTION",MG/L,45.24417,-80.87333
200905003,2009-09-29 08:06:17,CCGS LIMNOS,GEORGIAN BAY,23,452152,-811122,21,87,2009-08-12 02:10:00,940,1.00,.00,0.01000000,,0,.880000,K-FAAS,"POTASSIUM-F.,ATOMIC ABSORPTION",MG/L,45.36444,-81.18944
200905003,2009-09-29 08:06:17,CCGS LIMNOS,GEORGIAN BAY,24,451418,-812623,31,61.3,2009-08-12 03:55:00,940,1.00,.00,0.01000000,,0,.870000,K-FAAS,"POTASSIUM-F.,ATOMIC ABSORPTION",MG/L,45.23833,-81.43972
200905003,2009-09-29 08:06:17,CCGS LIMNOS,GEORGIAN BAY,25,452212,-813505,33,54.3,2009-08-12 05:09:00,940,1.00,.00,0.01000000,,0,.790000,K-FAAS,"POTASSIUM-F.,ATOMIC ABSORPTION",MG/L,45.37000,-81.58472
200905003,2009-09-29 08:06:17,CCGS LIMNOS,GEORGIAN BAY,25,452212,-813505,33,54.3,2009-08-12 05:09:00,940,1.00,.00,0.01000000,,1,.810000,K-FAAS,"POTASSIUM-F.,ATOMIC ABSORPTION",MG/L,45.37000,-81.58472
200905003,2009-09-29 08:06:17,CCGS LIMNOS,GEORGIAN BAY,25,452212,-813505,33,54.3,2009-08-12 05:09:00,940,6.00,.00,0.01000000,,0,.840000,K-FAAS,"POTASSIUM-F.,ATOMIC ABSORPTION",MG/L,45.37000,-81.58472
200905003,2009-09-29 08:06:17,CCGS LIMNOS,GEORGIAN BAY,25,452212,-813505,33,54.3,2009-08-12 05:09:00,940,25.00,.00,0.01000000,,0,.860000,K-FAAS,"POTASSIUM-F.,ATOMIC ABSORPTION",MG/L,45.37000,-81.58472
200905003,2009-09-29 08:06:17,CCGS LIMNOS,GEORGIAN BAY,25,452212,-813505,33,54.3,2009-08-12 05:09:00,940,43.50,.00,0.01000000,,0,.850000,K-FAAS,"POTASSIUM-F.,ATOMIC ABSORPTION",MG/L,45.37000,-81.58472
200905003,2009-09-29 08:06:17,CCGS LIMNOS,GEORGIAN BAY,25,452212,-813505,33,54.3,2009-08-12 05:09:00,940,48.00,.00,0.01000000,,0,.870000,K-FAAS,"POTASSIUM-F.,ATOMIC ABSORPTION",MG/L,45.37000,-81.58472
200905003,2009-09-29 08:06:17,CCGS LIMNOS,GEORGIAN BAY,25,452212,-813505,33,54.3,2009-08-12 05:09:00,940,51.50,.00,0.01000000,,0,.850000,K-FAAS,"POTASSIUM-F.,ATOMIC ABSORPTION",MG/L,45.37000,-81.58472
200905003,2009-09-29 08:06:17,CCGS LIMNOS,GEORGIAN BAY,25,452212,-813505,33,54.3,2009-08-12 05:09:00,940,998.00,.00,0.01000000,<,0,.010000,K-FAAS,"POTASSIUM-F.,ATOMIC ABSORPTION",MG/L,45.37000,-81.58472
200905003,2009-09-29 08:06:17,CCGS LIMNOS,GEORGIAN BAY,26,453138,-814010,35,36.7,2009-08-12 06:50:00,940,1.00,.00,0.01000000,,0,.780000,K-FAAS,"POTASSIUM-F.,ATOMIC ABSORPTION",MG/L,45.52722,-81.66944
200905001,2009-06-04 10:58:50,CCGS LIMNOS,GEORGIAN BAY,1,454544,-814801,46,19.9,2009-05-10 01:42:00,942,1.00,.00,0.01000000,,0,3.930000,NA-FAAS,"SODIUM-F.,ATOMIC ABSORPTION",MG/L,45.76222,-81.80028
200905001,2009-06-04 10:58:50,CCGS LIMNOS,GEORGIAN BAY,2,455446,-813545,42,27.4,2009-05-10 03:27:00,942,1.00,.00,0.01000000,,0,3.790000,NA-FAAS,"SODIUM-F.,ATOMIC ABSORPTION",MG/L,45.91278,-81.59583
200905001,2009-06-04 10:58:50,CCGS LIMNOS,GEORGIAN BAY,3,454228,-813713,36,53.6,2009-05-10 05:01:00,942,1.00,.00,0.01000000,,0,3.960000,NA-FAAS,"SODIUM-F.,ATOMIC ABSORPTION",MG/L,45.70778,-81.62028
200905001,2009-06-04 10:58:50,CCGS LIMNOS,GEORGIAN BAY,4,455223,-811529,39,27.3,2009-05-10 07:09:00,942,1.00,.00,0.01000000,,0,3.730000,NA-FAAS,"SODIUM-F.,ATOMIC ABSORPTION",MG/L,45.87306,-81.25806
200905001,2009-06-04 10:58:50,CCGS LIMNOS,GEORGIAN BAY,5,455200,-805958,27,18.9,2009-05-10 08:36:00,942,1.00,.00,0.01000000,,0,3.370000,NA-FAAS,"SODIUM-F.,ATOMIC ABSORPTION",MG/L,45.86667,-80.99944
200905001,2009-06-04 10:58:50,CCGS LIMNOS,GEORGIAN BAY,5,455200,-805958,27,18.9,2009-05-10 08:36:00,942,1.00,.00,0.01000000,,1,3.390000,NA-FAAS,"SODIUM-F.,ATOMIC ABSORPTION",MG/L,45.86667,-80.99944
200905001,2009-06-04 10:58:50,CCGS LIMNOS,GEORGIAN BAY,5,455200,-805958,27,18.9,2009-05-10 08:36:00,942,998.00,.00,0.01000000,<,0,.010000,NA-FAAS,"SODIUM-F.,ATOMIC ABSORPTION",MG/L,45.86667,-80.99944
200905001,2009-06-04 10:58:50,CCGS LIMNOS,GEORGIAN BAY,5,455200,-805958,27,18.9,2009-05-10 08:36:00,942,999.00,.00,0.01000000,<,0,.010000,NA-FAAS,"SODIUM-F.,ATOMIC ABSORPTION",MG/L,45.86667,-80.99944
200905001,2009-06-04 10:58:50,CCGS LIMNOS,GEORGIAN BAY,6,455003,-805355,26,25.3,2009-05-10 09:15:00,942,1.00,.00,0.01000000,,0,3.500000,NA-FAAS,"SODIUM-F.,ATOMIC ABSORPTION",MG/L,45.83417,-80.89861
200905001,2009-06-04 10:58:50,CCGS LIMNOS,GEORGIAN BAY,7,454044,-805022,24,40,2009-05-10 10:26:00,942,1.00,.00,0.01000000,,0,3.900000,NA-FAAS,"SODIUM-F.,ATOMIC ABSORPTION",MG/L,45.67889,-80.83944
200905001,2009-06-04 10:58:50,CCGS LIMNOS,GEORGIAN BAY,8,453501,-810539,29,42.4,2009-05-10 11:49:00,942,1.00,.00,0.01000000,,0,3.940000,NA-FAAS,"SODIUM-F.,ATOMIC ABSORPTION",MG/L,45.58361,-81.09417
200905001,2009-06-04 10:58:50,CCGS LIMNOS,GEORGIAN BAY,9,452116,-802913,16,22.8,2009-05-10 14:55:00,942,1.00,.00,0.01000000,,0,3.950000,NA-FAAS,"SODIUM-F.,ATOMIC ABSORPTION",MG/L,45.35444,-80.48694
200905001,2009-06-04 10:58:50,CCGS LIMNOS,GEORGIAN BAY,10,451934,-800658,122,89.2,2009-05-10 16:56:00,942,1.00,.00,0.01000000,,0,4.200000,NA-FAAS,"SODIUM-F.,ATOMIC ABSORPTION",MG/L,45.32611,-80.11611
200905001,2009-06-04 10:58:50,CCGS LIMNOS,GEORGIAN BAY,10,451934,-800658,122,89.2,2009-05-10 16:56:00,942,1.00,.00,0.01000000,,1,4.210000,NA-FAAS,"SODIUM-F.,ATOMIC ABSORPTION",MG/L,45.32611,-80.11611
200905001,2009-06-04 10:58:50,CCGS LIMNOS,GEORGIAN BAY,10,451934,-800658,122,89.2,2009-05-10 16:56:00,942,998.00,.00,0.01000000,<,0,.010000,NA-FAAS,"SODIUM-F.,ATOMIC ABSORPTION",MG/L,45.32611,-80.11611
200905001,2009-06-04 10:58:50,CCGS LIMNOS,GEORGIAN BAY,10,451934,-800658,122,89.2,2009-05-10 16:56:00,942,999.00,.00,0.01000000,<,0,.010000,NA-FAAS,"SODIUM-F.,ATOMIC ABSORPTION",MG/L,45.32611,-80.11611
200905001,2009-06-04 10:58:50,CCGS LIMNOS,GEORGIAN BAY,11,451000,-801747,15,46.1,2009-05-10 20:00:00,942,1.00,.00,0.01000000,,0,4.050000,NA-FAAS,"SODIUM-F.,ATOMIC ABSORPTION",MG/L,45.16667,-80.29639
200905001,2009-06-04 10:58:50,CCGS LIMNOS,GEORGIAN BAY,12,445708,-800901,8,48.3,2009-05-10 21:41:00,942,1.00,.00,0.01000000,,0,4.410000,NA-FAAS,"SODIUM-F.,ATOMIC ABSORPTION",MG/L,44.95222,-80.15028
200905001,2009-06-04 10:58:50,CCGS LIMNOS,GEORGIAN BAY,13,445220,-795807,9,28.9,2009-05-10 22:51:00,942,1.00,.00,0.01000000,,0,7.210000,NA-FAAS,"SODIUM-F.,ATOMIC ABSORPTION",MG/L,44.87222,-79.96861
200905001,2009-06-04 10:58:50,CCGS LIMNOS,GEORGIAN BAY,14,444748,-801434,5,54.9,2009-05-11 00:36:00,942,1.00,.00,0.01000000,,0,4.080000,NA-FAAS,"SODIUM-F.,ATOMIC ABSORPTION",MG/L,44.79667,-80.24278
200905001,2009-06-04 10:58:50,CCGS LIMNOS,GEORGIAN BAY,15,443847,-801003,4,57.5,2009-05-11 01:46:00,942,1.00,.00,0.01000000,,0,4.080000,NA-FAAS,"SODIUM-F.,ATOMIC ABSORPTION",MG/L,44.64639,-80.16750
200905001,2009-06-04 10:58:50,CCGS LIMNOS,GEORGIAN BAY,15,443847,-801003,4,57.5,2009-05-11 01:46:00,942,1.00,.00,0.01000000,,1,4.120000,NA-FAAS,"SODIUM-F.,ATOMIC ABSORPTION",MG/L,44.64639,-80.16750
200905001,2009-06-04 10:58:50,CCGS LIMNOS,GEORGIAN BAY,15,443847,-801003,4,57.5,2009-05-11 01:46:00,942,998.00,.00,0.01000000,<,0,.010000,NA-FAAS,"SODIUM-F.,ATOMIC ABSORPTION",MG/L,44.64639,-80.16750
200905001,2009-06-04 10:58:50,CCGS LIMNOS,GEORGIAN BAY,15,443847,-801003,4,57.5,2009-05-11 01:46:00,942,999.00,.00,0.01000000,<,0,.010000,NA-FAAS,"SODIUM-F.,ATOMIC ABSORPTION",MG/L,44.64639,-80.16750
200905001,2009-06-04 10:58:50,CCGS LIMNOS,GEORGIAN BAY,16,444411,-802604,6,86.7,2009-05-11 03:20:00,942,1.00,.00,0.01000000,,0,4.100000,NA-FAAS,"SODIUM-F.,ATOMIC ABSORPTION",MG/L,44.73639,-80.43444
200905001,2009-06-04 10:58:50,CCGS LIMNOS,GEORGIAN BAY,17,444400,-803600,3,30.7,2009-05-11 04:23:00,942,1.00,.00,0.01000000,,0,4.010000,NA-FAAS,"SODIUM-F.,ATOMIC ABSORPTION",MG/L,44.73333,-80.60000
200905001,2009-06-04 10:58:50,CCGS LIMNOS,GEORGIAN BAY,18,444302,-805124,1,88.7,2009-05-11 05:59:00,942,1.00,.00,0.01000000,,0,3.990000,NA-FAAS,"SODIUM-F.,ATOMIC ABSORPTION",MG/L,44.71722,-80.85667
200905001,2009-06-04 10:58:50,CCGS LIMNOS,GEORGIAN BAY,19,445516,-803621,11,63,2009-05-11 07:53:00,942,1.00,.00,0.01000000,,0,4.020000,NA-FAAS,"SODIUM-F.,ATOMIC ABSORPTION",MG/L,44.92111,-80.60583
200905001,2009-06-04 10:58:50,CCGS LIMNOS,GEORGIAN BAY,20,445508,-805232,12,88.5,2009-05-11 09:24:00,942,1.00,.00,0.01000000,,0,3.990000,NA-FAAS,"SODIUM-F.,ATOMIC ABSORPTION",MG/L,44.91889,-80.87556
200905001,2009-06-04 10:58:50,CCGS LIMNOS,GEORGIAN BAY,20,445508,-805232,12,88.5,2009-05-11 09:24:00,942,1.00,.00,0.01000000,,1,4.000000,NA-FAAS,"SODIUM-F.,ATOMIC ABSORPTION",MG/L,44.91889,-80.87556
200905001,2009-06-04 10:58:50,CCGS LIMNOS,GEORGIAN BAY,20,445508,-805232,12,88.5,2009-05-11 09:24:00,942,998.00,.00,0.01000000,<,0,.010000,NA-FAAS,"SODIUM-F.,ATOMIC ABSORPTION",MG/L,44.91889,-80.87556
200905001,2009-06-04 10:58:50,CCGS LIMNOS,GEORGIAN BAY,20,445508,-805232,12,88.5,2009-05-11 09:24:00,942,999.00,.00,0.01000000,<,0,.010000,NA-FAAS,"SODIUM-F.,ATOMIC ABSORPTION",MG/L,44.91889,-80.87556
200905001,2009-06-04 10:58:50,CCGS LIMNOS,GEORGIAN BAY,21,450359,-811512,19,53,2009-05-11 11:35:00,942,1.00,.00,0.01000000,,0,3.970000,NA-FAAS,"SODIUM-F.,ATOMIC ABSORPTION",MG/L,45.06639,-81.25333
200905001,2009-06-04 10:58:50,CCGS LIMNOS,GEORGIAN BAY,22,451442,-805232,17,78,2009-05-11 13:44:00,942,1.00,.00,0.01000000,,0,3.960000,NA-FAAS,"SODIUM-F.,ATOMIC ABSORPTION",MG/L,45.24500,-80.87556
200905001,2009-06-04 10:58:50,CCGS LIMNOS,GEORGIAN BAY,23,452153,-811124,21,86.4,2009-05-11 15:38:00,942,1.00,.00,0.01000000,,0,3.930000,NA-FAAS,"SODIUM-F.,ATOMIC ABSORPTION",MG/L,45.36472,-81.19000
200905001,2009-06-04 10:58:50,CCGS LIMNOS,GEORGIAN BAY,24,451417,-812625,31,58.9,2009-05-11 17:18:00,942,1.00,.00,0.01000000,,0,3.960000,NA-FAAS,"SODIUM-F.,ATOMIC ABSORPTION",MG/L,45.23806,-81.44028
200905001,2009-06-04 10:58:50,CCGS LIMNOS,GEORGIAN BAY,25,452213,-813507,33,53.3,2009-05-11 18:51:00,942,1.00,.00,0.01000000,,0,3.980000,NA-FAAS,"SODIUM-F.,ATOMIC ABSORPTION",MG/L,45.37028,-81.58528
200905001,2009-06-04 10:58:50,CCGS LIMNOS,GEORGIAN BAY,25,452213,-813507,33,53.3,2009-05-11 18:51:00,942,1.00,.00,0.01000000,,1,3.950000,NA-FAAS,"SODIUM-F.,ATOMIC ABSORPTION",MG/L,45.37028,-81.58528
200905001,2009-06-04 10:58:50,CCGS LIMNOS,GEORGIAN BAY,25,452213,-813507,33,53.3,2009-05-11 18:51:00,942,998.00,.00,0.01000000,<,0,.010000,NA-FAAS,"SODIUM-F.,ATOMIC ABSORPTION",MG/L,45.37028,-81.58528
200905001,2009-06-04 10:58:50,CCGS LIMNOS,GEORGIAN BAY,25,452213,-813507,33,53.3,2009-05-11 18:51:00,942,999.00,.00,0.01000000,<,0,.010000,NA-FAAS,"SODIUM-F.,ATOMIC ABSORPTION",MG/L,45.37028,-81.58528
200905001,2009-06-04 10:58:50,CCGS LIMNOS,GEORGIAN BAY,26,453140,-814012,35,35.6,2009-05-11 20:09:00,942,1.00,.00,0.01000000,,0,3.960000,NA-FAAS,"SODIUM-F.,ATOMIC ABSORPTION",MG/L,45.52778,-81.67000
200905003,2009-09-29 08:06:17,CCGS LIMNOS,GEORGIAN BAY,1,454547,-814746,46,19,2009-08-10 09:35:00,942,1.00,.00,0.01000000,,0,3.940000,NA-FAAS,"SODIUM-F.,ATOMIC ABSORPTION",MG/L,45.76306,-81.79611
200905003,2009-09-29 08:06:17,CCGS LIMNOS,GEORGIAN BAY,2,455444,-813542,42,28.1,2009-08-10 11:17:00,942,1.00,.00,0.01000000,,0,3.890000,NA-FAAS,"SODIUM-F.,ATOMIC ABSORPTION",MG/L,45.91222,-81.59500
200905003,2009-09-29 08:06:17,CCGS LIMNOS,GEORGIAN BAY,2,455444,-813542,42,28.1,2009-08-10 11:17:00,942,15.00,.00,0.01000000,,0,3.900000,NA-FAAS,"SODIUM-F.,ATOMIC ABSORPTION",MG/L,45.91222,-81.59500
200905003,2009-09-29 08:06:17,CCGS LIMNOS,GEORGIAN BAY,3,454231,-813715,36,50.5,2009-08-10 12:57:00,942,1.00,.00,0.01000000,,0,3.900000,NA-FAAS,"SODIUM-F.,ATOMIC ABSORPTION",MG/L,45.70861,-81.62083
200905003,2009-09-29 08:06:17,CCGS LIMNOS,GEORGIAN BAY,4,455224,-811529,39,25,2009-08-10 15:05:00,942,1.00,.00,0.01000000,,0,3.860000,NA-FAAS,"SODIUM-F.,ATOMIC ABSORPTION",MG/L,45.87333,-81.25806
200905003,2009-09-29 08:06:17,CCGS LIMNOS,GEORGIAN BAY,5,455159,-810002,27,16.5,2009-08-10 16:22:00,942,1.00,.00,0.01000000,,0,3.830000,NA-FAAS,"SODIUM-F.,ATOMIC ABSORPTION",MG/L,45.86639,-81.00056
200905003,2009-09-29 08:06:17,CCGS LIMNOS,GEORGIAN BAY,5,455159,-810002,27,16.5,2009-08-10 16:22:00,942,1.00,.00,0.01000000,,1,3.830000,NA-FAAS,"SODIUM-F.,ATOMIC ABSORPTION",MG/L,45.86639,-81.00056
200905003,2009-09-29 08:06:17,CCGS LIMNOS,GEORGIAN BAY,5,455159,-810002,27,16.5,2009-08-10 16:22:00,942,13.00,.00,0.01000000,,0,3.840000,NA-FAAS,"SODIUM-F.,ATOMIC ABSORPTION",MG/L,45.86639,-81.00056
200905003,2009-09-29 08:06:17,CCGS LIMNOS,GEORGIAN BAY,5,455159,-810002,27,16.5,2009-08-10 16:22:00,942,998.00,.00,0.01000000,,0,.010000,NA-FAAS,"SODIUM-F.,ATOMIC ABSORPTION",MG/L,45.86639,-81.00056
200905003,2009-09-29 08:06:17,CCGS LIMNOS,GEORGIAN BAY,6,454958,-805400,26,25.4,2009-08-10 17:25:00,942,1.00,.00,0.01000000,,0,3.840000,NA-FAAS,"SODIUM-F.,ATOMIC ABSORPTION",MG/L,45.83278,-80.90000
200905003,2009-09-29 08:06:17,CCGS LIMNOS,GEORGIAN BAY,7,454044,-805022,24,40.4,2009-08-10 18:41:00,942,1.00,.00,0.01000000,,0,3.870000,NA-FAAS,"SODIUM-F.,ATOMIC ABSORPTION",MG/L,45.67889,-80.83944
200905003,2009-09-29 08:06:17,CCGS LIMNOS,GEORGIAN BAY,8,453500,-810500,29,43.1,2009-08-10 20:24:00,942,1.00,.00,0.01000000,,0,3.930000,NA-FAAS,"SODIUM-F.,ATOMIC ABSORPTION",MG/L,45.58333,-81.08333
200905003,2009-09-29 08:06:17,CCGS LIMNOS,GEORGIAN BAY,8,453500,-810500,29,43.1,2009-08-10 20:24:00,942,10.00,.00,0.01000000,,0,3.850000,NA-FAAS,"SODIUM-F.,ATOMIC ABSORPTION",MG/L,45.58333,-81.08333
200905003,2009-09-29 08:06:17,CCGS LIMNOS,GEORGIAN BAY,8,453500,-810500,29,43.1,2009-08-10 20:24:00,942,16.00,.00,0.01000000,,0,3.930000,NA-FAAS,"SODIUM-F.,ATOMIC ABSORPTION",MG/L,45.58333,-81.08333
200905003,2009-09-29 08:06:17,CCGS LIMNOS,GEORGIAN BAY,8,453500,-810500,29,43.1,2009-08-10 20:24:00,942,26.00,.00,0.01000000,,0,3.940000,NA-FAAS,"SODIUM-F.,ATOMIC ABSORPTION",MG/L,45.58333,-81.08333
200905003,2009-09-29 08:06:17,CCGS LIMNOS,GEORGIAN BAY,8,453500,-810500,29,43.1,2009-08-10 20:24:00,942,32.00,.00,0.01000000,,0,3.950000,NA-FAAS,"SODIUM-F.,ATOMIC ABSORPTION",MG/L,45.58333,-81.08333
200905003,2009-09-29 08:06:17,CCGS LIMNOS,GEORGIAN BAY,8,453500,-810500,29,43.1,2009-08-10 20:24:00,942,40.00,.00,0.01000000,,0,3.930000,NA-FAAS,"SODIUM-F.,ATOMIC ABSORPTION",MG/L,45.58333,-81.08333
200905003,2009-09-29 08:06:17,CCGS LIMNOS,GEORGIAN BAY,9,452110,-802911,16,23.1,2009-08-10 23:28:00,942,1.00,.00,0.01000000,,0,4.130000,NA-FAAS,"SODIUM-F.,ATOMIC ABSORPTION",MG/L,45.35278,-80.48639
200905003,2009-09-29 08:06:17,CCGS LIMNOS,GEORGIAN BAY,10,451929,-800701,122,95.7,2009-08-11 01:29:00,942,1.00,.00,0.01000000,,0,4.300000,NA-FAAS,"SODIUM-F.,ATOMIC ABSORPTION",MG/L,45.32472,-80.11694
200905003,2009-09-29 08:06:17,CCGS LIMNOS,GEORGIAN BAY,10,451929,-800701,122,95.7,2009-08-11 01:29:00,942,1.00,.00,0.01000000,,1,4.260000,NA-FAAS,"SODIUM-F.,ATOMIC ABSORPTION",MG/L,45.32472,-80.11694
200905003,2009-09-29 08:06:17,CCGS LIMNOS,GEORGIAN BAY,10,451929,-800701,122,95.7,2009-08-11 01:29:00,942,998.00,.00,0.01000000,<,0,.010000,NA-FAAS,"SODIUM-F.,ATOMIC ABSORPTION",MG/L,45.32472,-80.11694
200905003,2009-09-29 08:06:17,CCGS LIMNOS,GEORGIAN BAY,11,451001,-801748,15,44.2,2009-08-11 04:36:00,942,1.00,.00,0.01000000,,0,4.140000,NA-FAAS,"SODIUM-F.,ATOMIC ABSORPTION",MG/L,45.16694,-80.29667
200905003,2009-09-29 08:06:17,CCGS LIMNOS,GEORGIAN BAY,12,445710,-800859,8,50.8,2009-08-11 06:20:00,942,1.00,.00,0.01000000,,0,4.050000,NA-FAAS,"SODIUM-F.,ATOMIC ABSORPTION",MG/L,44.95278,-80.14972
200905003,2009-09-29 08:06:17,CCGS LIMNOS,GEORGIAN BAY,13,445216,-795802,9,28,2009-08-11 07:39:00,942,1.00,.00,0.01000000,,0,5.620000,NA-FAAS,"SODIUM-F.,ATOMIC ABSORPTION",MG/L,44.87111,-79.96722
200905003,2009-09-29 08:06:17,CCGS LIMNOS,GEORGIAN BAY,13,445216,-795802,9,28,2009-08-11 07:39:00,942,10.00,.00,0.01000000,,0,5.300000,NA-FAAS,"SODIUM-F.,ATOMIC ABSORPTION",MG/L,44.87111,-79.96722
200905003,2009-09-29 08:06:17,CCGS LIMNOS,GEORGIAN BAY,13,445216,-795802,9,28,2009-08-11 07:39:00,942,18.50,.00,0.01000000,,0,4.580000,NA-FAAS,"SODIUM-F.,ATOMIC ABSORPTION",MG/L,44.87111,-79.96722
200905003,2009-09-29 08:06:17,CCGS LIMNOS,GEORGIAN BAY,13,445216,-795802,9,28,2009-08-11 07:39:00,942,25.00,.00,0.01000000,,0,4.580000,NA-FAAS,"SODIUM-F.,ATOMIC ABSORPTION",MG/L,44.87111,-79.96722
200905003,2009-09-29 08:06:17,CCGS LIMNOS,GEORGIAN BAY,14,444748,-801437,5,58.4,2009-08-11 10:10:00,942,1.00,.00,0.01000000,,0,4.080000,NA-FAAS,"SODIUM-F.,ATOMIC ABSORPTION",MG/L,44.79667,-80.24361
200905003,2009-09-29 08:06:17,CCGS LIMNOS,GEORGIAN BAY,15,443842,-801003,4,58.1,2009-08-11 11:22:00,942,1.00,.00,0.01000000,,0,4.080000,NA-FAAS,"SODIUM-F.,ATOMIC ABSORPTION",MG/L,44.64500,-80.16750
200905003,2009-09-29 08:06:17,CCGS LIMNOS,GEORGIAN BAY,15,443842,-801003,4,58.1,2009-08-11 11:22:00,942,1.00,.00,0.01000000,,1,4.070000,NA-FAAS,"SODIUM-F.,ATOMIC ABSORPTION",MG/L,44.64500,-80.16750
200905003,2009-09-29 08:06:17,CCGS LIMNOS,GEORGIAN BAY,15,443842,-801003,4,58.1,2009-08-11 11:22:00,942,17.00,.00,0.01000000,,0,3.970000,NA-FAAS,"SODIUM-F.,ATOMIC ABSORPTION",MG/L,44.64500,-80.16750
200905003,2009-09-29 08:06:17,CCGS LIMNOS,GEORGIAN BAY,15,443842,-801003,4,58.1,2009-08-11 11:22:00,942,30.00,.00,0.01000000,,0,4.000000,NA-FAAS,"SODIUM-F.,ATOMIC ABSORPTION",MG/L,44.64500,-80.16750
200905003,2009-09-29 08:06:17,CCGS LIMNOS,GEORGIAN BAY,15,443842,-801003,4,58.1,2009-08-11 11:22:00,942,44.00,.00,0.01000000,,0,4.050000,NA-FAAS,"SODIUM-F.,ATOMIC ABSORPTION",MG/L,44.64500,-80.16750
200905003,2009-09-29 08:06:17,CCGS LIMNOS,GEORGIAN BAY,15,443842,-801003,4,58.1,2009-08-11 11:22:00,942,48.00,.00,0.01000000,,0,4.030000,NA-FAAS,"SODIUM-F.,ATOMIC ABSORPTION",MG/L,44.64500,-80.16750
200905003,2009-09-29 08:06:17,CCGS LIMNOS,GEORGIAN BAY,15,443842,-801003,4,58.1,2009-08-11 11:22:00,942,56.00,.00,0.01000000,,0,3.990000,NA-FAAS,"SODIUM-F.,ATOMIC ABSORPTION",MG/L,44.64500,-80.16750
200905003,2009-09-29 08:06:17,CCGS LIMNOS,GEORGIAN BAY,15,443842,-801003,4,58.1,2009-08-11 11:22:00,942,998.00,.00,0.01000000,<,0,.010000,NA-FAAS,"SODIUM-F.,ATOMIC ABSORPTION",MG/L,44.64500,-80.16750
200905003,2009-09-29 08:06:17,CCGS LIMNOS,GEORGIAN BAY,16,444413,-802607,6,86.7,2009-08-11 13:08:00,942,1.00,.00,0.01000000,,0,3.880000,NA-FAAS,"SODIUM-F.,ATOMIC ABSORPTION",MG/L,44.73694,-80.43528
200905003,2009-09-29 08:06:17,CCGS LIMNOS,GEORGIAN BAY,17,444333,-803606,3,31.3,2009-08-11 14:06:00,942,1.00,.00,0.01000000,,0,3.900000,NA-FAAS,"SODIUM-F.,ATOMIC ABSORPTION",MG/L,44.72583,-80.60167
200905003,2009-09-29 08:06:17,CCGS LIMNOS,GEORGIAN BAY,18,444303,-805125,1,89.9,2009-08-11 16:04:00,942,1.00,.00,0.01000000,,0,3.870000,NA-FAAS,"SODIUM-F.,ATOMIC ABSORPTION",MG/L,44.71750,-80.85694
200905003,2009-09-29 08:06:17,CCGS LIMNOS,GEORGIAN BAY,18,444303,-805125,1,89.9,2009-08-11 16:04:00,942,5.00,.00,0.01000000,,0,3.890000,NA-FAAS,"SODIUM-F.,ATOMIC ABSORPTION",MG/L,44.71750,-80.85694
200905003,2009-09-29 08:06:17,CCGS LIMNOS,GEORGIAN BAY,18,444303,-805125,1,89.9,2009-08-11 16:04:00,942,17.00,.00,0.01000000,,0,3.880000,NA-FAAS,"SODIUM-F.,ATOMIC ABSORPTION",MG/L,44.71750,-80.85694
200905003,2009-09-29 08:06:17,CCGS LIMNOS,GEORGIAN BAY,18,444303,-805125,1,89.9,2009-08-11 16:04:00,942,29.00,.00,0.01000000,,0,3.890000,NA-FAAS,"SODIUM-F.,ATOMIC ABSORPTION",MG/L,44.71750,-80.85694
200905003,2009-09-29 08:06:17,CCGS LIMNOS,GEORGIAN BAY,18,444303,-805125,1,89.9,2009-08-11 16:04:00,942,79.50,.00,0.01000000,,0,3.890000,NA-FAAS,"SODIUM-F.,ATOMIC ABSORPTION",MG/L,44.71750,-80.85694
200905003,2009-09-29 08:06:17,CCGS LIMNOS,GEORGIAN BAY,18,444303,-805125,1,89.9,2009-08-11 16:04:00,942,87.50,.00,0.01000000,,0,3.920000,NA-FAAS,"SODIUM-F.,ATOMIC ABSORPTION",MG/L,44.71750,-80.85694
200905003,2009-09-29 08:06:17,CCGS LIMNOS,GEORGIAN BAY,19,445518,-803629,11,59.9,2009-08-11 17:53:00,942,1.00,.00,0.01000000,,0,3.860000,NA-FAAS,"SODIUM-F.,ATOMIC ABSORPTION",MG/L,44.92167,-80.60806
200905003,2009-09-29 08:06:17,CCGS LIMNOS,GEORGIAN BAY,20,445513,-805229,12,88.9,2009-08-11 19:24:00,942,1.00,.00,0.01000000,,0,3.870000,NA-FAAS,"SODIUM-F.,ATOMIC ABSORPTION",MG/L,44.92028,-80.87472
200905003,2009-09-29 08:06:17,CCGS LIMNOS,GEORGIAN BAY,20,445513,-805229,12,88.9,2009-08-11 19:24:00,942,1.00,.00,0.01000000,,1,3.900000,NA-FAAS,"SODIUM-F.,ATOMIC ABSORPTION",MG/L,44.92028,-80.87472
200905003,2009-09-29 08:06:17,CCGS LIMNOS,GEORGIAN BAY,20,445513,-805229,12,88.9,2009-08-11 19:24:00,942,998.00,.00,0.01000000,<,0,.010000,NA-FAAS,"SODIUM-F.,ATOMIC ABSORPTION",MG/L,44.92028,-80.87472
200905003,2009-09-29 08:06:17,CCGS LIMNOS,GEORGIAN BAY,21,450401,-811512,19,53.5,2009-08-11 21:41:00,942,1.00,.00,0.01000000,,0,3.870000,NA-FAAS,"SODIUM-F.,ATOMIC ABSORPTION",MG/L,45.06694,-81.25333
200905003,2009-09-29 08:06:17,CCGS LIMNOS,GEORGIAN BAY,22,451439,-805224,17,76.7,2009-08-11 23:56:00,942,1.00,.00,0.01000000,,0,3.900000,NA-FAAS,"SODIUM-F.,ATOMIC ABSORPTION",MG/L,45.24417,-80.87333
200905003,2009-09-29 08:06:17,CCGS LIMNOS,GEORGIAN BAY,22,451439,-805224,17,76.7,2009-08-11 23:56:00,942,17.00,.00,0.01000000,,0,3.830000,NA-FAAS,"SODIUM-F.,ATOMIC ABSORPTION",MG/L,45.24417,-80.87333
200905003,2009-09-29 08:06:17,CCGS LIMNOS,GEORGIAN BAY,22,451439,-805224,17,76.7,2009-08-11 23:56:00,942,30.00,.00,0.01000000,,0,3.970000,NA-FAAS,"SODIUM-F.,ATOMIC ABSORPTION",MG/L,45.24417,-80.87333
200905003,2009-09-29 08:06:17,CCGS LIMNOS,GEORGIAN BAY,22,451439,-805224,17,76.7,2009-08-11 23:56:00,942,43.00,.00,0.01000000,,0,3.960000,NA-FAAS,"SODIUM-F.,ATOMIC ABSORPTION",MG/L,45.24417,-80.87333
200905003,2009-09-29 08:06:17,CCGS LIMNOS,GEORGIAN BAY,22,451439,-805224,17,76.7,2009-08-11 23:56:00,942,67.00,.00,0.01000000,,0,4.020000,NA-FAAS,"SODIUM-F.,ATOMIC ABSORPTION",MG/L,45.24417,-80.87333
200905003,2009-09-29 08:06:17,CCGS LIMNOS,GEORGIAN BAY,22,451439,-805224,17,76.7,2009-08-11 23:56:00,942,74.00,.00,0.01000000,,0,3.970000,NA-FAAS,"SODIUM-F.,ATOMIC ABSORPTION",MG/L,45.24417,-80.87333
200905003,2009-09-29 08:06:17,CCGS LIMNOS,GEORGIAN BAY,23,452152,-811122,21,87,2009-08-12 02:10:00,942,1.00,.00,0.01000000,,0,3.980000,NA-FAAS,"SODIUM-F.,ATOMIC ABSORPTION",MG/L,45.36444,-81.18944
200905003,2009-09-29 08:06:17,CCGS LIMNOS,GEORGIAN BAY,24,451418,-812623,31,61.3,2009-08-12 03:55:00,942,1.00,.00,0.01000000,,0,4.040000,NA-FAAS,"SODIUM-F.,ATOMIC ABSORPTION",MG/L,45.23833,-81.43972
200905003,2009-09-29 08:06:17,CCGS LIMNOS,GEORGIAN BAY,25,452212,-813505,33,54.3,2009-08-12 05:09:00,942,1.00,.00,0.01000000,,0,3.830000,NA-FAAS,"SODIUM-F.,ATOMIC ABSORPTION",MG/L,45.37000,-81.58472
200905003,2009-09-29 08:06:17,CCGS LIMNOS,GEORGIAN BAY,25,452212,-813505,33,54.3,2009-08-12 05:09:00,942,1.00,.00,0.01000000,,1,3.830000,NA-FAAS,"SODIUM-F.,ATOMIC ABSORPTION",MG/L,45.37000,-81.58472
200905003,2009-09-29 08:06:17,CCGS LIMNOS,GEORGIAN BAY,25,452212,-813505,33,54.3,2009-08-12 05:09:00,942,6.00,.00,0.01000000,,0,3.890000,NA-FAAS,"SODIUM-F.,ATOMIC ABSORPTION",MG/L,45.37000,-81.58472
200905003,2009-09-29 08:06:17,CCGS LIMNOS,GEORGIAN BAY,25,452212,-813505,33,54.3,2009-08-12 05:09:00,942,25.00,.00,0.01000000,,0,3.900000,NA-FAAS,"SODIUM-F.,ATOMIC ABSORPTION",MG/L,45.37000,-81.58472
200905003,2009-09-29 08:06:17,CCGS LIMNOS,GEORGIAN BAY,25,452212,-813505,33,54.3,2009-08-12 05:09:00,942,43.50,.00,0.01000000,,0,3.950000,NA-FAAS,"SODIUM-F.,ATOMIC ABSORPTION",MG/L,45.37000,-81.58472
200905003,2009-09-29 08:06:17,CCGS LIMNOS,GEORGIAN BAY,25,452212,-813505,33,54.3,2009-08-12 05:09:00,942,48.00,.00,0.01000000,,0,3.890000,NA-FAAS,"SODIUM-F.,ATOMIC ABSORPTION",MG/L,45.37000,-81.58472
200905003,2009-09-29 08:06:17,CCGS LIMNOS,GEORGIAN BAY,25,452212,-813505,33,54.3,2009-08-12 05:09:00,942,51.50,.00,0.01000000,,0,3.880000,NA-FAAS,"SODIUM-F.,ATOMIC ABSORPTION",MG/L,45.37000,-81.58472
200905003,2009-09-29 08:06:17,CCGS LIMNOS,GEORGIAN BAY,25,452212,-813505,33,54.3,2009-08-12 05:09:00,942,998.00,.00,0.01000000,<,0,.010000,NA-FAAS,"SODIUM-F.,ATOMIC ABSORPTION",MG/L,45.37000,-81.58472
200905003,2009-09-29 08:06:17,CCGS LIMNOS,GEORGIAN BAY,26,453138,-814010,35,36.7,2009-08-12 06:50:00,942,1.00,.00,0.01000000,,0,3.780000,NA-FAAS,"SODIUM-F.,ATOMIC ABSORPTION",MG/L,45.52722,-81.66944
200905001,2009-06-04 10:58:50,CCGS LIMNOS,GEORGIAN BAY,1,454544,-814801,46,19.9,2009-05-10 01:42:00,1178,1.00,.00,0.10000000,,0,70.800000,ALKCACO3,"TOTAL ALKALINITY, FILTERED",MG CACO3/L,45.76222,-81.80028
200905001,2009-06-04 10:58:50,CCGS LIMNOS,GEORGIAN BAY,2,455446,-813545,42,27.4,2009-05-10 03:27:00,1178,1.00,.00,0.10000000,,0,65.100000,ALKCACO3,"TOTAL ALKALINITY, FILTERED",MG CACO3/L,45.91278,-81.59583
200905001,2009-06-04 10:58:50,CCGS LIMNOS,GEORGIAN BAY,3,454228,-813713,36,53.6,2009-05-10 05:01:00,1178,1.00,.00,0.10000000,,0,69.900000,ALKCACO3,"TOTAL ALKALINITY, FILTERED",MG CACO3/L,45.70778,-81.62028
200905001,2009-06-04 10:58:50,CCGS LIMNOS,GEORGIAN BAY,4,455223,-811529,39,27.3,2009-05-10 07:09:00,1178,1.00,.00,0.10000000,,0,59.600000,ALKCACO3,"TOTAL ALKALINITY, FILTERED",MG CACO3/L,45.87306,-81.25806
200905001,2009-06-04 10:58:50,CCGS LIMNOS,GEORGIAN BAY,5,455200,-805958,27,18.9,2009-05-10 08:36:00,1178,1.00,.00,0.10000000,,0,48.100000,ALKCACO3,"TOTAL ALKALINITY, FILTERED",MG CACO3/L,45.86667,-80.99944
200905001,2009-06-04 10:58:50,CCGS LIMNOS,GEORGIAN BAY,5,455200,-805958,27,18.9,2009-05-10 08:36:00,1178,1.00,.00,0.10000000,,1,48.700000,ALKCACO3,"TOTAL ALKALINITY, FILTERED",MG CACO3/L,45.86667,-80.99944
200905001,2009-06-04 10:58:50,CCGS LIMNOS,GEORGIAN BAY,6,455003,-805355,26,25.3,2009-05-10 09:15:00,1178,1.00,.00,0.10000000,,0,52.200000,ALKCACO3,"TOTAL ALKALINITY, FILTERED",MG CACO3/L,45.83417,-80.89861
200905001,2009-06-04 10:58:50,CCGS LIMNOS,GEORGIAN BAY,7,454044,-805022,24,40,2009-05-10 10:26:00,1178,1.00,.00,0.10000000,,0,70.600000,ALKCACO3,"TOTAL ALKALINITY, FILTERED",MG CACO3/L,45.67889,-80.83944
200905001,2009-06-04 10:58:50,CCGS LIMNOS,GEORGIAN BAY,8,453501,-810539,29,42.4,2009-05-10 11:49:00,1178,1.00,.00,0.10000000,,0,69.700000,ALKCACO3,"TOTAL ALKALINITY, FILTERED",MG CACO3/L,45.58361,-81.09417
200905001,2009-06-04 10:58:50,CCGS LIMNOS,GEORGIAN BAY,9,452116,-802913,16,22.8,2009-05-10 14:55:00,1178,1.00,.00,0.10000000,,0,66.000000,ALKCACO3,"TOTAL ALKALINITY, FILTERED",MG CACO3/L,45.35444,-80.48694
200905001,2009-06-04 10:58:50,CCGS LIMNOS,GEORGIAN BAY,10,451934,-800658,122,89.2,2009-05-10 16:56:00,1178,1.00,.00,0.10000000,,0,36.500000,ALKCACO3,"TOTAL ALKALINITY, FILTERED",MG CACO3/L,45.32611,-80.11611
200905001,2009-06-04 10:58:50,CCGS LIMNOS,GEORGIAN BAY,10,451934,-800658,122,89.2,2009-05-10 16:56:00,1178,1.00,.00,0.10000000,,1,37.200000,ALKCACO3,"TOTAL ALKALINITY, FILTERED",MG CACO3/L,45.32611,-80.11611
200905001,2009-06-04 10:58:50,CCGS LIMNOS,GEORGIAN BAY,11,451000,-801747,15,46.1,2009-05-10 20:00:00,1178,1.00,.00,0.10000000,,0,70.100000,ALKCACO3,"TOTAL ALKALINITY, FILTERED",MG CACO3/L,45.16667,-80.29639
200905001,2009-06-04 10:58:50,CCGS LIMNOS,GEORGIAN BAY,12,445708,-800901,8,48.3,2009-05-10 21:41:00,1178,1.00,.00,0.10000000,,0,69.500000,ALKCACO3,"TOTAL ALKALINITY, FILTERED",MG CACO3/L,44.95222,-80.15028
200905001,2009-06-04 10:58:50,CCGS LIMNOS,GEORGIAN BAY,13,445220,-795807,9,28.9,2009-05-10 22:51:00,1178,1.00,.00,0.10000000,,0,63.700000,ALKCACO3,"TOTAL ALKALINITY, FILTERED",MG CACO3/L,44.87222,-79.96861
200905001,2009-06-04 10:58:50,CCGS LIMNOS,GEORGIAN BAY,14,444748,-801434,5,54.9,2009-05-11 00:36:00,1178,1.00,.00,0.10000000,,0,73.200000,ALKCACO3,"TOTAL ALKALINITY, FILTERED",MG CACO3/L,44.79667,-80.24278
200905001,2009-06-04 10:58:50,CCGS LIMNOS,GEORGIAN BAY,15,443847,-801003,4,57.5,2009-05-11 01:46:00,1178,1.00,.00,0.10000000,,0,73.300000,ALKCACO3,"TOTAL ALKALINITY, FILTERED",MG CACO3/L,44.64639,-80.16750
200905001,2009-06-04 10:58:50,CCGS LIMNOS,GEORGIAN BAY,15,443847,-801003,4,57.5,2009-05-11 01:46:00,1178,1.00,.00,0.10000000,,1,73.400000,ALKCACO3,"TOTAL ALKALINITY, FILTERED",MG CACO3/L,44.64639,-80.16750
200905001,2009-06-04 10:58:50,CCGS LIMNOS,GEORGIAN BAY,16,444411,-802604,6,86.7,2009-05-11 03:20:00,1178,1.00,.00,0.10000000,,0,71.900000,ALKCACO3,"TOTAL ALKALINITY, FILTERED",MG CACO3/L,44.73639,-80.43444
200905001,2009-06-04 10:58:50,CCGS LIMNOS,GEORGIAN BAY,17,444400,-803600,3,30.7,2009-05-11 04:23:00,1178,1.00,.00,0.10000000,,0,72.000000,ALKCACO3,"TOTAL ALKALINITY, FILTERED",MG CACO3/L,44.73333,-80.60000
200905001,2009-06-04 10:58:50,CCGS LIMNOS,GEORGIAN BAY,18,444302,-805124,1,88.7,2009-05-11 05:59:00,1178,1.00,.00,0.10000000,,0,71.300000,ALKCACO3,"TOTAL ALKALINITY, FILTERED",MG CACO3/L,44.71722,-80.85667
200905001,2009-06-04 10:58:50,CCGS LIMNOS,GEORGIAN BAY,19,445516,-803621,11,63,2009-05-11 07:53:00,1178,1.00,.00,0.10000000,,0,71.100000,ALKCACO3,"TOTAL ALKALINITY, FILTERED",MG CACO3/L,44.92111,-80.60583
200905001,2009-06-04 10:58:50,CCGS LIMNOS,GEORGIAN BAY,20,445508,-805232,12,88.5,2009-05-11 09:24:00,1178,1.00,.00,0.10000000,,0,70.200000,ALKCACO3,"TOTAL ALKALINITY, FILTERED",MG CACO3/L,44.91889,-80.87556
200905001,2009-06-04 10:58:50,CCGS LIMNOS,GEORGIAN BAY,20,445508,-805232,12,88.5,2009-05-11 09:24:00,1178,1.00,.00,0.10000000,,1,71.100000,ALKCACO3,"TOTAL ALKALINITY, FILTERED",MG CACO3/L,44.91889,-80.87556
200905001,2009-06-04 10:58:50,CCGS LIMNOS,GEORGIAN BAY,21,450359,-811512,19,53,2009-05-11 11:35:00,1178,1.00,.00,0.10000000,,0,70.900000,ALKCACO3,"TOTAL ALKALINITY, FILTERED",MG CACO3/L,45.06639,-81.25333
200905001,2009-06-04 10:58:50,CCGS LIMNOS,GEORGIAN BAY,22,451442,-805232,17,78,2009-05-11 13:44:00,1178,1.00,.00,0.10000000,,0,70.000000,ALKCACO3,"TOTAL ALKALINITY, FILTERED",MG CACO3/L,45.24500,-80.87556
200905001,2009-06-04 10:58:50,CCGS LIMNOS,GEORGIAN BAY,23,452153,-811124,21,86.4,2009-05-11 15:38:00,1178,1.00,.00,0.10000000,,0,70.200000,ALKCACO3,"TOTAL ALKALINITY, FILTERED",MG CACO3/L,45.36472,-81.19000
200905001,2009-06-04 10:58:50,CCGS LIMNOS,GEORGIAN BAY,24,451417,-812625,31,58.9,2009-05-11 17:18:00,1178,1.00,.00,0.10000000,,0,70.900000,ALKCACO3,"TOTAL ALKALINITY, FILTERED",MG CACO3/L,45.23806,-81.44028
200905001,2009-06-04 10:58:50,CCGS LIMNOS,GEORGIAN BAY,25,452213,-813507,33,53.3,2009-05-11 18:51:00,1178,1.00,.00,0.10000000,,0,71.500000,ALKCACO3,"TOTAL ALKALINITY, FILTERED",MG CACO3/L,45.37028,-81.58528
200905001,2009-06-04 10:58:50,CCGS LIMNOS,GEORGIAN BAY,25,452213,-813507,33,53.3,2009-05-11 18:51:00,1178,1.00,.00,0.10000000,,1,71.300000,ALKCACO3,"TOTAL ALKALINITY, FILTERED",MG CACO3/L,45.37028,-81.58528
200905001,2009-06-04 10:58:50,CCGS LIMNOS,GEORGIAN BAY,26,453140,-814012,35,35.6,2009-05-11 20:09:00,1178,1.00,.00,0.10000000,,0,70.200000,ALKCACO3,"TOTAL ALKALINITY, FILTERED",MG CACO3/L,45.52778,-81.67000
200905003,2009-09-29 08:06:17,CCGS LIMNOS,GEORGIAN BAY,1,454547,-814746,46,19,2009-08-10 09:35:00,1178,1.00,.00,0.10000000,,0,69.200000,ALKCACO3,"TOTAL ALKALINITY, FILTERED",MG CACO3/L,45.76306,-81.79611
200905003,2009-09-29 08:06:17,CCGS LIMNOS,GEORGIAN BAY,2,455444,-813542,42,28.1,2009-08-10 11:17:00,1178,1.00,.00,0.10000000,,0,68.500000,ALKCACO3,"TOTAL ALKALINITY, FILTERED",MG CACO3/L,45.91222,-81.59500
200905003,2009-09-29 08:06:17,CCGS LIMNOS,GEORGIAN BAY,2,455444,-813542,42,28.1,2009-08-10 11:17:00,1178,15.00,.00,0.10000000,,0,66.900000,ALKCACO3,"TOTAL ALKALINITY, FILTERED",MG CACO3/L,45.91222,-81.59500
200905003,2009-09-29 08:06:17,CCGS LIMNOS,GEORGIAN BAY,3,454231,-813715,36,50.5,2009-08-10 12:57:00,1178,1.00,.00,0.10000000,,0,67.500000,ALKCACO3,"TOTAL ALKALINITY, FILTERED",MG CACO3/L,45.70861,-81.62083
200905003,2009-09-29 08:06:17,CCGS LIMNOS,GEORGIAN BAY,4,455224,-811529,39,25,2009-08-10 15:05:00,1178,1.00,.00,0.10000000,,0,66.300000,ALKCACO3,"TOTAL ALKALINITY, FILTERED",MG CACO3/L,45.87333,-81.25806
200905003,2009-09-29 08:06:17,CCGS LIMNOS,GEORGIAN BAY,5,455159,-810002,27,16.5,2009-08-10 16:22:00,1178,1.00,.00,0.10000000,,0,64.800000,ALKCACO3,"TOTAL ALKALINITY, FILTERED",MG CACO3/L,45.86639,-81.00056
200905003,2009-09-29 08:06:17,CCGS LIMNOS,GEORGIAN BAY,5,455159,-810002,27,16.5,2009-08-10 16:22:00,1178,1.00,.00,0.10000000,,1,64.600000,ALKCACO3,"TOTAL ALKALINITY, FILTERED",MG CACO3/L,45.86639,-81.00056
200905003,2009-09-29 08:06:17,CCGS LIMNOS,GEORGIAN BAY,5,455159,-810002,27,16.5,2009-08-10 16:22:00,1178,13.00,.00,0.10000000,,0,63.600000,ALKCACO3,"TOTAL ALKALINITY, FILTERED",MG CACO3/L,45.86639,-81.00056
200905003,2009-09-29 08:06:17,CCGS LIMNOS,GEORGIAN BAY,6,454958,-805400,26,25.4,2009-08-10 17:25:00,1178,1.00,.00,0.10000000,,0,64.900000,ALKCACO3,"TOTAL ALKALINITY, FILTERED",MG CACO3/L,45.83278,-80.90000
200905003,2009-09-29 08:06:17,CCGS LIMNOS,GEORGIAN BAY,7,454044,-805022,24,40.4,2009-08-10 18:41:00,1178,1.00,.00,0.10000000,,0,65.300000,ALKCACO3,"TOTAL ALKALINITY, FILTERED",MG CACO3/L,45.67889,-80.83944
200905003,2009-09-29 08:06:17,CCGS LIMNOS,GEORGIAN BAY,8,453500,-810500,29,43.1,2009-08-10 20:24:00,1178,1.00,.00,0.10000000,,0,68.800000,ALKCACO3,"TOTAL ALKALINITY, FILTERED",MG CACO3/L,45.58333,-81.08333
200905003,2009-09-29 08:06:17,CCGS LIMNOS,GEORGIAN BAY,8,453500,-810500,29,43.1,2009-08-10 20:24:00,1178,10.00,.00,0.10000000,,0,68.200000,ALKCACO3,"TOTAL ALKALINITY, FILTERED",MG CACO3/L,45.58333,-81.08333
200905003,2009-09-29 08:06:17,CCGS LIMNOS,GEORGIAN BAY,8,453500,-810500,29,43.1,2009-08-10 20:24:00,1178,16.00,.00,0.10000000,,0,71.200000,ALKCACO3,"TOTAL ALKALINITY, FILTERED",MG CACO3/L,45.58333,-81.08333
200905003,2009-09-29 08:06:17,CCGS LIMNOS,GEORGIAN BAY,8,453500,-810500,29,43.1,2009-08-10 20:24:00,1178,26.00,.00,0.10000000,,0,69.400000,ALKCACO3,"TOTAL ALKALINITY, FILTERED",MG CACO3/L,45.58333,-81.08333
200905003,2009-09-29 08:06:17,CCGS LIMNOS,GEORGIAN BAY,8,453500,-810500,29,43.1,2009-08-10 20:24:00,1178,32.00,.00,0.10000000,,0,69.900000,ALKCACO3,"TOTAL ALKALINITY, FILTERED",MG CACO3/L,45.58333,-81.08333
200905003,2009-09-29 08:06:17,CCGS LIMNOS,GEORGIAN BAY,8,453500,-810500,29,43.1,2009-08-10 20:24:00,1178,40.00,.00,0.10000000,,0,70.100000,ALKCACO3,"TOTAL ALKALINITY, FILTERED",MG CACO3/L,45.58333,-81.08333
200905003,2009-09-29 08:06:17,CCGS LIMNOS,GEORGIAN BAY,9,452110,-802911,16,23.1,2009-08-10 23:28:00,1178,1.00,.00,0.10000000,,0,68.100000,ALKCACO3,"TOTAL ALKALINITY, FILTERED",MG CACO3/L,45.35278,-80.48639
200905003,2009-09-29 08:06:17,CCGS LIMNOS,GEORGIAN BAY,10,451929,-800701,122,95.7,2009-08-11 01:29:00,1178,1.00,.00,0.10000000,,0,42.400000,ALKCACO3,"TOTAL ALKALINITY, FILTERED",MG CACO3/L,45.32472,-80.11694
200905003,2009-09-29 08:06:17,CCGS LIMNOS,GEORGIAN BAY,10,451929,-800701,122,95.7,2009-08-11 01:29:00,1178,1.00,.00,0.10000000,,1,42.000000,ALKCACO3,"TOTAL ALKALINITY, FILTERED",MG CACO3/L,45.32472,-80.11694
200905003,2009-09-29 08:06:17,CCGS LIMNOS,GEORGIAN BAY,11,451001,-801748,15,44.2,2009-08-11 04:36:00,1178,1.00,.00,0.10000000,,0,69.600000,ALKCACO3,"TOTAL ALKALINITY, FILTERED",MG CACO3/L,45.16694,-80.29667
200905003,2009-09-29 08:06:17,CCGS LIMNOS,GEORGIAN BAY,12,445710,-800859,8,50.8,2009-08-11 06:20:00,1178,1.00,.00,0.10000000,,0,68.500000,ALKCACO3,"TOTAL ALKALINITY, FILTERED",MG CACO3/L,44.95278,-80.14972
200905003,2009-09-29 08:06:17,CCGS LIMNOS,GEORGIAN BAY,13,445216,-795802,9,28,2009-08-11 07:39:00,1178,1.00,.00,0.10000000,,0,67.800000,ALKCACO3,"TOTAL ALKALINITY, FILTERED",MG CACO3/L,44.87111,-79.96722
200905003,2009-09-29 08:06:17,CCGS LIMNOS,GEORGIAN BAY,13,445216,-795802,9,28,2009-08-11 07:39:00,1178,10.00,.00,0.10000000,,0,67.500000,ALKCACO3,"TOTAL ALKALINITY, FILTERED",MG CACO3/L,44.87111,-79.96722
200905003,2009-09-29 08:06:17,CCGS LIMNOS,GEORGIAN BAY,13,445216,-795802,9,28,2009-08-11 07:39:00,1178,18.50,.00,0.10000000,,0,70.400000,ALKCACO3,"TOTAL ALKALINITY, FILTERED",MG CACO3/L,44.87111,-79.96722
200905003,2009-09-29 08:06:17,CCGS LIMNOS,GEORGIAN BAY,13,445216,-795802,9,28,2009-08-11 07:39:00,1178,25.00,.00,0.10000000,,0,70.100000,ALKCACO3,"TOTAL ALKALINITY, FILTERED",MG CACO3/L,44.87111,-79.96722
200905003,2009-09-29 08:06:17,CCGS LIMNOS,GEORGIAN BAY,14,444748,-801437,5,58.4,2009-08-11 10:10:00,1178,1.00,.00,0.10000000,,0,71.000000,ALKCACO3,"TOTAL ALKALINITY, FILTERED",MG CACO3/L,44.79667,-80.24361
200905003,2009-09-29 08:06:17,CCGS LIMNOS,GEORGIAN BAY,15,443842,-801003,4,58.1,2009-08-11 11:22:00,1178,1.00,.00,0.10000000,,0,70.700000,ALKCACO3,"TOTAL ALKALINITY, FILTERED",MG CACO3/L,44.64500,-80.16750
200905003,2009-09-29 08:06:17,CCGS LIMNOS,GEORGIAN BAY,15,443842,-801003,4,58.1,2009-08-11 11:22:00,1178,1.00,.00,0.10000000,,1,70.200000,ALKCACO3,"TOTAL ALKALINITY, FILTERED",MG CACO3/L,44.64500,-80.16750
200905003,2009-09-29 08:06:17,CCGS LIMNOS,GEORGIAN BAY,15,443842,-801003,4,58.1,2009-08-11 11:22:00,1178,17.00,.00,0.10000000,,0,69.900000,ALKCACO3,"TOTAL ALKALINITY, FILTERED",MG CACO3/L,44.64500,-80.16750
200905003,2009-09-29 08:06:17,CCGS LIMNOS,GEORGIAN BAY,15,443842,-801003,4,58.1,2009-08-11 11:22:00,1178,30.00,.00,0.10000000,,0,73.100000,ALKCACO3,"TOTAL ALKALINITY, FILTERED",MG CACO3/L,44.64500,-80.16750
200905003,2009-09-29 08:06:17,CCGS LIMNOS,GEORGIAN BAY,15,443842,-801003,4,58.1,2009-08-11 11:22:00,1178,44.00,.00,0.10000000,,0,74.000000,ALKCACO3,"TOTAL ALKALINITY, FILTERED",MG CACO3/L,44.64500,-80.16750
200905003,2009-09-29 08:06:17,CCGS LIMNOS,GEORGIAN BAY,15,443842,-801003,4,58.1,2009-08-11 11:22:00,1178,48.00,.00,0.10000000,,0,73.700000,ALKCACO3,"TOTAL ALKALINITY, FILTERED",MG CACO3/L,44.64500,-80.16750
200905003,2009-09-29 08:06:17,CCGS LIMNOS,GEORGIAN BAY,15,443842,-801003,4,58.1,2009-08-11 11:22:00,1178,56.00,.00,0.10000000,,0,73.400000,ALKCACO3,"TOTAL ALKALINITY, FILTERED",MG CACO3/L,44.64500,-80.16750
200905003,2009-09-29 08:06:17,CCGS LIMNOS,GEORGIAN BAY,16,444413,-802607,6,86.7,2009-08-11 13:08:00,1178,1.00,.00,0.10000000,,0,69.500000,ALKCACO3,"TOTAL ALKALINITY, FILTERED",MG CACO3/L,44.73694,-80.43528
200905003,2009-09-29 08:06:17,CCGS LIMNOS,GEORGIAN BAY,17,444333,-803606,3,31.3,2009-08-11 14:06:00,1178,1.00,.00,0.10000000,,0,71.200000,ALKCACO3,"TOTAL ALKALINITY, FILTERED",MG CACO3/L,44.72583,-80.60167
200905003,2009-09-29 08:06:17,CCGS LIMNOS,GEORGIAN BAY,18,444303,-805125,1,89.9,2009-08-11 16:04:00,1178,1.00,.00,0.10000000,,0,69.000000,ALKCACO3,"TOTAL ALKALINITY, FILTERED",MG CACO3/L,44.71750,-80.85694
200905003,2009-09-29 08:06:17,CCGS LIMNOS,GEORGIAN BAY,18,444303,-805125,1,89.9,2009-08-11 16:04:00,1178,5.00,.00,0.10000000,,0,70.100000,ALKCACO3,"TOTAL ALKALINITY, FILTERED",MG CACO3/L,44.71750,-80.85694
200905003,2009-09-29 08:06:17,CCGS LIMNOS,GEORGIAN BAY,18,444303,-805125,1,89.9,2009-08-11 16:04:00,1178,17.00,.00,0.10000000,,0,71.400000,ALKCACO3,"TOTAL ALKALINITY, FILTERED",MG CACO3/L,44.71750,-80.85694
200905003,2009-09-29 08:06:17,CCGS LIMNOS,GEORGIAN BAY,18,444303,-805125,1,89.9,2009-08-11 16:04:00,1178,29.00,.00,0.10000000,,0,71.900000,ALKCACO3,"TOTAL ALKALINITY, FILTERED",MG CACO3/L,44.71750,-80.85694
200905003,2009-09-29 08:06:17,CCGS LIMNOS,GEORGIAN BAY,18,444303,-805125,1,89.9,2009-08-11 16:04:00,1178,79.50,.00,0.10000000,,0,72.100000,ALKCACO3,"TOTAL ALKALINITY, FILTERED",MG CACO3/L,44.71750,-80.85694
200905003,2009-09-29 08:06:17,CCGS LIMNOS,GEORGIAN BAY,18,444303,-805125,1,89.9,2009-08-11 16:04:00,1178,87.50,.00,0.10000000,,0,71.700000,ALKCACO3,"TOTAL ALKALINITY, FILTERED",MG CACO3/L,44.71750,-80.85694
200905003,2009-09-29 08:06:17,CCGS LIMNOS,GEORGIAN BAY,19,445518,-803629,11,59.9,2009-08-11 17:53:00,1178,1.00,.00,0.10000000,,0,69.300000,ALKCACO3,"TOTAL ALKALINITY, FILTERED",MG CACO3/L,44.92167,-80.60806
200905003,2009-09-29 08:06:17,CCGS LIMNOS,GEORGIAN BAY,20,445513,-805229,12,88.9,2009-08-11 19:24:00,1178,1.00,.00,0.10000000,,0,72.200000,ALKCACO3,"TOTAL ALKALINITY, FILTERED",MG CACO3/L,44.92028,-80.87472
200905003,2009-09-29 08:06:17,CCGS LIMNOS,GEORGIAN BAY,20,445513,-805229,12,88.9,2009-08-11 19:24:00,1178,1.00,.00,0.10000000,,1,71.900000,ALKCACO3,"TOTAL ALKALINITY, FILTERED",MG CACO3/L,44.92028,-80.87472
200905003,2009-09-29 08:06:17,CCGS LIMNOS,GEORGIAN BAY,21,450401,-811512,19,53.5,2009-08-11 21:41:00,1178,1.00,.00,0.10000000,,0,71.700000,ALKCACO3,"TOTAL ALKALINITY, FILTERED",MG CACO3/L,45.06694,-81.25333
200905003,2009-09-29 08:06:17,CCGS LIMNOS,GEORGIAN BAY,22,451439,-805224,17,76.7,2009-08-11 23:56:00,1178,1.00,.00,0.10000000,,0,70.000000,ALKCACO3,"TOTAL ALKALINITY, FILTERED",MG CACO3/L,45.24417,-80.87333
200905003,2009-09-29 08:06:17,CCGS LIMNOS,GEORGIAN BAY,22,451439,-805224,17,76.7,2009-08-11 23:56:00,1178,17.00,.00,0.10000000,,0,68.900000,ALKCACO3,"TOTAL ALKALINITY, FILTERED",MG CACO3/L,45.24417,-80.87333
200905003,2009-09-29 08:06:17,CCGS LIMNOS,GEORGIAN BAY,22,451439,-805224,17,76.7,2009-08-11 23:56:00,1178,30.00,.00,0.10000000,,0,71.600000,ALKCACO3,"TOTAL ALKALINITY, FILTERED",MG CACO3/L,45.24417,-80.87333
200905003,2009-09-29 08:06:17,CCGS LIMNOS,GEORGIAN BAY,22,451439,-805224,17,76.7,2009-08-11 23:56:00,1178,43.00,.00,0.10000000,,0,72.000000,ALKCACO3,"TOTAL ALKALINITY, FILTERED",MG CACO3/L,45.24417,-80.87333
200905003,2009-09-29 08:06:17,CCGS LIMNOS,GEORGIAN BAY,22,451439,-805224,17,76.7,2009-08-11 23:56:00,1178,67.00,.00,0.10000000,,0,72.300000,ALKCACO3,"TOTAL ALKALINITY, FILTERED",MG CACO3/L,45.24417,-80.87333
200905003,2009-09-29 08:06:17,CCGS LIMNOS,GEORGIAN BAY,22,451439,-805224,17,76.7,2009-08-11 23:56:00,1178,74.00,.00,0.10000000,,0,71.600000,ALKCACO3,"TOTAL ALKALINITY, FILTERED",MG CACO3/L,45.24417,-80.87333
200905003,2009-09-29 08:06:17,CCGS LIMNOS,GEORGIAN BAY,23,452152,-811122,21,87,2009-08-12 02:10:00,1178,1.00,.00,0.10000000,,0,76.400000,ALKCACO3,"TOTAL ALKALINITY, FILTERED",MG CACO3/L,45.36444,-81.18944
200905003,2009-09-29 08:06:17,CCGS LIMNOS,GEORGIAN BAY,24,451418,-812623,31,61.3,2009-08-12 03:55:00,1178,1.00,.00,0.10000000,,0,77.300000,ALKCACO3,"TOTAL ALKALINITY, FILTERED",MG CACO3/L,45.23833,-81.43972
200905003,2009-09-29 08:06:17,CCGS LIMNOS,GEORGIAN BAY,25,452212,-813505,33,54.3,2009-08-12 05:09:00,1178,1.00,.00,0.10000000,,0,69.500000,ALKCACO3,"TOTAL ALKALINITY, FILTERED",MG CACO3/L,45.37000,-81.58472
200905003,2009-09-29 08:06:17,CCGS LIMNOS,GEORGIAN BAY,25,452212,-813505,33,54.3,2009-08-12 05:09:00,1178,1.00,.00,0.10000000,,1,70.000000,ALKCACO3,"TOTAL ALKALINITY, FILTERED",MG CACO3/L,45.37000,-81.58472
200905003,2009-09-29 08:06:17,CCGS LIMNOS,GEORGIAN BAY,25,452212,-813505,33,54.3,2009-08-12 05:09:00,1178,6.00,.00,0.10000000,,0,71.700000,ALKCACO3,"TOTAL ALKALINITY, FILTERED",MG CACO3/L,45.37000,-81.58472
200905003,2009-09-29 08:06:17,CCGS LIMNOS,GEORGIAN BAY,25,452212,-813505,33,54.3,2009-08-12 05:09:00,1178,25.00,.00,0.10000000,,0,72.000000,ALKCACO3,"TOTAL ALKALINITY, FILTERED",MG CACO3/L,45.37000,-81.58472
200905003,2009-09-29 08:06:17,CCGS LIMNOS,GEORGIAN BAY,25,452212,-813505,33,54.3,2009-08-12 05:09:00,1178,43.50,.00,0.10000000,,0,72.000000,ALKCACO3,"TOTAL ALKALINITY, FILTERED",MG CACO3/L,45.37000,-81.58472
200905003,2009-09-29 08:06:17,CCGS LIMNOS,GEORGIAN BAY,25,452212,-813505,33,54.3,2009-08-12 05:09:00,1178,48.00,.00,0.10000000,,0,71.900000,ALKCACO3,"TOTAL ALKALINITY, FILTERED",MG CACO3/L,45.37000,-81.58472
200905003,2009-09-29 08:06:17,CCGS LIMNOS,GEORGIAN BAY,25,452212,-813505,33,54.3,2009-08-12 05:09:00,1178,51.50,.00,0.10000000,,0,74.000000,ALKCACO3,"TOTAL ALKALINITY, FILTERED",MG CACO3/L,45.37000,-81.58472
200905003,2009-09-29 08:06:17,CCGS LIMNOS,GEORGIAN BAY,26,453138,-814010,35,36.7,2009-08-12 06:50:00,1178,1.00,.00,0.10000000,,0,67.600000,ALKCACO3,"TOTAL ALKALINITY, FILTERED",MG CACO3/L,45.52722,-81.66944
200905001,2009-06-04 10:58:50,CCGS LIMNOS,GEORGIAN BAY,5,455200,-805958,27,18.9,2009-05-10 08:36:00,1180,998.00,.00,-999.00000000,,0,.570000,ALKCACO3,"ALKALINITY, GRAN, FILTERED",MG CACO3/L,45.86667,-80.99944
200905001,2009-06-04 10:58:50,CCGS LIMNOS,GEORGIAN BAY,5,455200,-805958,27,18.9,2009-05-10 08:36:00,1180,999.00,.00,-999.00000000,,0,.540000,ALKCACO3,"ALKALINITY, GRAN, FILTERED",MG CACO3/L,45.86667,-80.99944
200905001,2009-06-04 10:58:50,CCGS LIMNOS,GEORGIAN BAY,10,451934,-800658,122,89.2,2009-05-10 16:56:00,1180,998.00,.00,-999.00000000,,0,-.060000,ALKCACO3,"ALKALINITY, GRAN, FILTERED",MG CACO3/L,45.32611,-80.11611
200905001,2009-06-04 10:58:50,CCGS LIMNOS,GEORGIAN BAY,10,451934,-800658,122,89.2,2009-05-10 16:56:00,1180,999.00,.00,-999.00000000,,0,.340000,ALKCACO3,"ALKALINITY, GRAN, FILTERED",MG CACO3/L,45.32611,-80.11611
200905001,2009-06-04 10:58:50,CCGS LIMNOS,GEORGIAN BAY,15,443847,-801003,4,57.5,2009-05-11 01:46:00,1180,998.00,.00,-999.00000000,,0,.030000,ALKCACO3,"ALKALINITY, GRAN, FILTERED",MG CACO3/L,44.64639,-80.16750
200905001,2009-06-04 10:58:50,CCGS LIMNOS,GEORGIAN BAY,15,443847,-801003,4,57.5,2009-05-11 01:46:00,1180,999.00,.00,-999.00000000,,0,.340000,ALKCACO3,"ALKALINITY, GRAN, FILTERED",MG CACO3/L,44.64639,-80.16750
200905001,2009-06-04 10:58:50,CCGS LIMNOS,GEORGIAN BAY,20,445508,-805232,12,88.5,2009-05-11 09:24:00,1180,998.00,.00,-999.00000000,,0,.230000,ALKCACO3,"ALKALINITY, GRAN, FILTERED",MG CACO3/L,44.91889,-80.87556
200905001,2009-06-04 10:58:50,CCGS LIMNOS,GEORGIAN BAY,20,445508,-805232,12,88.5,2009-05-11 09:24:00,1180,999.00,.00,-999.00000000,,0,.320000,ALKCACO3,"ALKALINITY, GRAN, FILTERED",MG CACO3/L,44.91889,-80.87556
200905001,2009-06-04 10:58:50,CCGS LIMNOS,GEORGIAN BAY,25,452213,-813507,33,53.3,2009-05-11 18:51:00,1180,998.00,.00,-999.00000000,,0,-.060000,ALKCACO3,"ALKALINITY, GRAN, FILTERED",MG CACO3/L,45.37028,-81.58528
200905001,2009-06-04 10:58:50,CCGS LIMNOS,GEORGIAN BAY,25,452213,-813507,33,53.3,2009-05-11 18:51:00,1180,999.00,.00,-999.00000000,,0,.430000,ALKCACO3,"ALKALINITY, GRAN, FILTERED",MG CACO3/L,45.37028,-81.58528
200905003,2009-09-29 08:06:17,CCGS LIMNOS,GEORGIAN BAY,5,455159,-810002,27,16.5,2009-08-10 16:22:00,1180,998.00,.00,-999.00000000,,0,.270000,ALKCACO3,"ALKALINITY, GRAN, FILTERED",MG CACO3/L,45.86639,-81.00056
200905003,2009-09-29 08:06:17,CCGS LIMNOS,GEORGIAN BAY,10,451929,-800701,122,95.7,2009-08-11 01:29:00,1180,998.00,.00,-999.00000000,,0,.180000,ALKCACO3,"ALKALINITY, GRAN, FILTERED",MG CACO3/L,45.32472,-80.11694
200905003,2009-09-29 08:06:17,CCGS LIMNOS,GEORGIAN BAY,15,443842,-801003,4,58.1,2009-08-11 11:22:00,1180,998.00,.00,-999.00000000,,0,.340000,ALKCACO3,"ALKALINITY, GRAN, FILTERED",MG CACO3/L,44.64500,-80.16750
200905003,2009-09-29 08:06:17,CCGS LIMNOS,GEORGIAN BAY,20,445513,-805229,12,88.9,2009-08-11 19:24:00,1180,998.00,.00,-999.00000000,,0,.280000,ALKCACO3,"ALKALINITY, GRAN, FILTERED",MG CACO3/L,44.92028,-80.87472
200905003,2009-09-29 08:06:17,CCGS LIMNOS,GEORGIAN BAY,25,452212,-813505,33,54.3,2009-08-12 05:09:00,1180,998.00,.00,-999.00000000,,0,.190000,ALKCACO3,"ALKALINITY, GRAN, FILTERED",MG CACO3/L,45.37000,-81.58472
200905001,2009-06-04 10:58:50,CCGS LIMNOS,GEORGIAN BAY,1,454544,-814801,46,19.9,2009-05-10 01:42:00,1184,1.00,.00,0.02000000,,0,13.600000,SO4,SULPHATE,MG/L,45.76222,-81.80028
200905001,2009-06-04 10:58:50,CCGS LIMNOS,GEORGIAN BAY,2,455446,-813545,42,27.4,2009-05-10 03:27:00,1184,1.00,.00,0.02000000,,0,13.400000,SO4,SULPHATE,MG/L,45.91278,-81.59583
200905001,2009-06-04 10:58:50,CCGS LIMNOS,GEORGIAN BAY,3,454228,-813713,36,53.6,2009-05-10 05:01:00,1184,1.00,.00,0.02000000,,0,14.000000,SO4,SULPHATE,MG/L,45.70778,-81.62028
200905001,2009-06-04 10:58:50,CCGS LIMNOS,GEORGIAN BAY,4,455223,-811529,39,27.3,2009-05-10 07:09:00,1184,1.00,.00,0.02000000,,0,12.300000,SO4,SULPHATE,MG/L,45.87306,-81.25806
200905001,2009-06-04 10:58:50,CCGS LIMNOS,GEORGIAN BAY,5,455200,-805958,27,18.9,2009-05-10 08:36:00,1184,1.00,.00,0.02000000,,0,9.990000,SO4,SULPHATE,MG/L,45.86667,-80.99944
200905001,2009-06-04 10:58:50,CCGS LIMNOS,GEORGIAN BAY,5,455200,-805958,27,18.9,2009-05-10 08:36:00,1184,1.00,.00,0.02000000,,1,9.480000,SO4,SULPHATE,MG/L,45.86667,-80.99944
200905001,2009-06-04 10:58:50,CCGS LIMNOS,GEORGIAN BAY,5,455200,-805958,27,18.9,2009-05-10 08:36:00,1184,998.00,.00,0.02000000,<,0,.020000,SO4,SULPHATE,MG/L,45.86667,-80.99944
200905001,2009-06-04 10:58:50,CCGS LIMNOS,GEORGIAN BAY,5,455200,-805958,27,18.9,2009-05-10 08:36:00,1184,999.00,.00,0.02000000,<,0,.020000,SO4,SULPHATE,MG/L,45.86667,-80.99944
200905001,2009-06-04 10:58:50,CCGS LIMNOS,GEORGIAN BAY,6,455003,-805355,26,25.3,2009-05-10 09:15:00,1184,1.00,.00,0.02000000,,0,9.860000,SO4,SULPHATE,MG/L,45.83417,-80.89861
200905001,2009-06-04 10:58:50,CCGS LIMNOS,GEORGIAN BAY,7,454044,-805022,24,40,2009-05-10 10:26:00,1184,1.00,.00,0.02000000,,0,12.600000,SO4,SULPHATE,MG/L,45.67889,-80.83944
200905001,2009-06-04 10:58:50,CCGS LIMNOS,GEORGIAN BAY,8,453501,-810539,29,42.4,2009-05-10 11:49:00,1184,1.00,.00,0.02000000,,0,13.000000,SO4,SULPHATE,MG/L,45.58361,-81.09417
200905001,2009-06-04 10:58:50,CCGS LIMNOS,GEORGIAN BAY,9,452116,-802913,16,22.8,2009-05-10 14:55:00,1184,1.00,.00,0.02000000,,0,12.800000,SO4,SULPHATE,MG/L,45.35444,-80.48694
200905001,2009-06-04 10:58:50,CCGS LIMNOS,GEORGIAN BAY,10,451934,-800658,122,89.2,2009-05-10 16:56:00,1184,1.00,.00,0.02000000,,0,8.730000,SO4,SULPHATE,MG/L,45.32611,-80.11611
200905001,2009-06-04 10:58:50,CCGS LIMNOS,GEORGIAN BAY,10,451934,-800658,122,89.2,2009-05-10 16:56:00,1184,1.00,.00,0.02000000,,1,8.690000,SO4,SULPHATE,MG/L,45.32611,-80.11611
200905001,2009-06-04 10:58:50,CCGS LIMNOS,GEORGIAN BAY,10,451934,-800658,122,89.2,2009-05-10 16:56:00,1184,998.00,.00,0.02000000,<,0,.020000,SO4,SULPHATE,MG/L,45.32611,-80.11611
200905001,2009-06-04 10:58:50,CCGS LIMNOS,GEORGIAN BAY,10,451934,-800658,122,89.2,2009-05-10 16:56:00,1184,999.00,.00,0.02000000,<,0,.020000,SO4,SULPHATE,MG/L,45.32611,-80.11611
200905001,2009-06-04 10:58:50,CCGS LIMNOS,GEORGIAN BAY,11,451000,-801747,15,46.1,2009-05-10 20:00:00,1184,1.00,.00,0.02000000,,0,13.700000,SO4,SULPHATE,MG/L,45.16667,-80.29639
200905001,2009-06-04 10:58:50,CCGS LIMNOS,GEORGIAN BAY,12,445708,-800901,8,48.3,2009-05-10 21:41:00,1184,1.00,.00,0.02000000,,0,13.300000,SO4,SULPHATE,MG/L,44.95222,-80.15028
200905001,2009-06-04 10:58:50,CCGS LIMNOS,GEORGIAN BAY,13,445220,-795807,9,28.9,2009-05-10 22:51:00,1184,1.00,.00,0.02000000,,0,10.600000,SO4,SULPHATE,MG/L,44.87222,-79.96861
200905001,2009-06-04 10:58:50,CCGS LIMNOS,GEORGIAN BAY,14,444748,-801434,5,54.9,2009-05-11 00:36:00,1184,1.00,.00,0.02000000,,0,13.900000,SO4,SULPHATE,MG/L,44.79667,-80.24278
200905001,2009-06-04 10:58:50,CCGS LIMNOS,GEORGIAN BAY,15,443847,-801003,4,57.5,2009-05-11 01:46:00,1184,1.00,.00,0.02000000,,0,14.300000,SO4,SULPHATE,MG/L,44.64639,-80.16750
200905001,2009-06-04 10:58:50,CCGS LIMNOS,GEORGIAN BAY,15,443847,-801003,4,57.5,2009-05-11 01:46:00,1184,1.00,.00,0.02000000,,1,14.200000,SO4,SULPHATE,MG/L,44.64639,-80.16750
200905001,2009-06-04 10:58:50,CCGS LIMNOS,GEORGIAN BAY,15,443847,-801003,4,57.5,2009-05-11 01:46:00,1184,998.00,.00,0.02000000,<,0,.020000,SO4,SULPHATE,MG/L,44.64639,-80.16750
200905001,2009-06-04 10:58:50,CCGS LIMNOS,GEORGIAN BAY,15,443847,-801003,4,57.5,2009-05-11 01:46:00,1184,999.00,.00,0.02000000,<,0,.020000,SO4,SULPHATE,MG/L,44.64639,-80.16750
200905001,2009-06-04 10:58:50,CCGS LIMNOS,GEORGIAN BAY,16,444411,-802604,6,86.7,2009-05-11 03:20:00,1184,1.00,.00,0.02000000,,0,14.500000,SO4,SULPHATE,MG/L,44.73639,-80.43444
200905001,2009-06-04 10:58:50,CCGS LIMNOS,GEORGIAN BAY,17,444400,-803600,3,30.7,2009-05-11 04:23:00,1184,1.00,.00,0.02000000,,0,14.400000,SO4,SULPHATE,MG/L,44.73333,-80.60000
200905001,2009-06-04 10:58:50,CCGS LIMNOS,GEORGIAN BAY,18,444302,-805124,1,88.7,2009-05-11 05:59:00,1184,1.00,.00,0.02000000,,0,14.400000,SO4,SULPHATE,MG/L,44.71722,-80.85667
200905001,2009-06-04 10:58:50,CCGS LIMNOS,GEORGIAN BAY,19,445516,-803621,11,63,2009-05-11 07:53:00,1184,1.00,.00,0.02000000,,0,14.400000,SO4,SULPHATE,MG/L,44.92111,-80.60583
200905001,2009-06-04 10:58:50,CCGS LIMNOS,GEORGIAN BAY,20,445508,-805232,12,88.5,2009-05-11 09:24:00,1184,1.00,.00,0.02000000,,0,14.200000,SO4,SULPHATE,MG/L,44.91889,-80.87556
200905001,2009-06-04 10:58:50,CCGS LIMNOS,GEORGIAN BAY,20,445508,-805232,12,88.5,2009-05-11 09:24:00,1184,1.00,.00,0.02000000,,1,14.300000,SO4,SULPHATE,MG/L,44.91889,-80.87556
200905001,2009-06-04 10:58:50,CCGS LIMNOS,GEORGIAN BAY,20,445508,-805232,12,88.5,2009-05-11 09:24:00,1184,998.00,.00,0.02000000,<,0,.020000,SO4,SULPHATE,MG/L,44.91889,-80.87556
200905001,2009-06-04 10:58:50,CCGS LIMNOS,GEORGIAN BAY,20,445508,-805232,12,88.5,2009-05-11 09:24:00,1184,999.00,.00,0.02000000,<,0,.020000,SO4,SULPHATE,MG/L,44.91889,-80.87556
200905001,2009-06-04 10:58:50,CCGS LIMNOS,GEORGIAN BAY,21,450359,-811512,19,53,2009-05-11 11:35:00,1184,1.00,.00,0.02000000,,0,14.400000,SO4,SULPHATE,MG/L,45.06639,-81.25333
200905001,2009-06-04 10:58:50,CCGS LIMNOS,GEORGIAN BAY,22,451442,-805232,17,78,2009-05-11 13:44:00,1184,1.00,.00,0.02000000,,0,14.400000,SO4,SULPHATE,MG/L,45.24500,-80.87556
200905001,2009-06-04 10:58:50,CCGS LIMNOS,GEORGIAN BAY,23,452153,-811124,21,86.4,2009-05-11 15:38:00,1184,1.00,.00,0.02000000,,0,14.400000,SO4,SULPHATE,MG/L,45.36472,-81.19000
200905001,2009-06-04 10:58:50,CCGS LIMNOS,GEORGIAN BAY,24,451417,-812625,31,58.9,2009-05-11 17:18:00,1184,1.00,.00,0.02000000,,0,14.400000,SO4,SULPHATE,MG/L,45.23806,-81.44028
200905001,2009-06-04 10:58:50,CCGS LIMNOS,GEORGIAN BAY,25,452213,-813507,33,53.3,2009-05-11 18:51:00,1184,1.00,.00,0.02000000,,0,14.400000,SO4,SULPHATE,MG/L,45.37028,-81.58528
200905001,2009-06-04 10:58:50,CCGS LIMNOS,GEORGIAN BAY,25,452213,-813507,33,53.3,2009-05-11 18:51:00,1184,1.00,.00,0.02000000,,1,14.500000,SO4,SULPHATE,MG/L,45.37028,-81.58528
200905001,2009-06-04 10:58:50,CCGS LIMNOS,GEORGIAN BAY,25,452213,-813507,33,53.3,2009-05-11 18:51:00,1184,998.00,.00,0.02000000,<,0,.020000,SO4,SULPHATE,MG/L,45.37028,-81.58528
200905001,2009-06-04 10:58:50,CCGS LIMNOS,GEORGIAN BAY,25,452213,-813507,33,53.3,2009-05-11 18:51:00,1184,999.00,.00,0.02000000,<,0,.020000,SO4,SULPHATE,MG/L,45.37028,-81.58528
200905001,2009-06-04 10:58:50,CCGS LIMNOS,GEORGIAN BAY,26,453140,-814012,35,35.6,2009-05-11 20:09:00,1184,1.00,.00,0.02000000,,0,14.300000,SO4,SULPHATE,MG/L,45.52778,-81.67000
200905003,2009-09-29 08:06:17,CCGS LIMNOS,GEORGIAN BAY,1,454547,-814746,46,19,2009-08-10 09:35:00,1184,1.00,.00,0.02000000,,0,14.300000,SO4,SULPHATE,MG/L,45.76306,-81.79611
200905003,2009-09-29 08:06:17,CCGS LIMNOS,GEORGIAN BAY,2,455444,-813542,42,28.1,2009-08-10 11:17:00,1184,1.00,.00,0.02000000,,0,14.200000,SO4,SULPHATE,MG/L,45.91222,-81.59500
200905003,2009-09-29 08:06:17,CCGS LIMNOS,GEORGIAN BAY,2,455444,-813542,42,28.1,2009-08-10 11:17:00,1184,15.00,.00,0.02000000,,0,14.200000,SO4,SULPHATE,MG/L,45.91222,-81.59500
200905003,2009-09-29 08:06:17,CCGS LIMNOS,GEORGIAN BAY,3,454231,-813715,36,50.5,2009-08-10 12:57:00,1184,1.00,.00,0.02000000,,0,14.100000,SO4,SULPHATE,MG/L,45.70861,-81.62083
200905003,2009-09-29 08:06:17,CCGS LIMNOS,GEORGIAN BAY,4,455224,-811529,39,25,2009-08-10 15:05:00,1184,1.00,.00,0.02000000,,0,14.100000,SO4,SULPHATE,MG/L,45.87333,-81.25806
200905003,2009-09-29 08:06:17,CCGS LIMNOS,GEORGIAN BAY,5,455159,-810002,27,16.5,2009-08-10 16:22:00,1184,1.00,.00,0.02000000,,0,13.800000,SO4,SULPHATE,MG/L,45.86639,-81.00056
200905003,2009-09-29 08:06:17,CCGS LIMNOS,GEORGIAN BAY,5,455159,-810002,27,16.5,2009-08-10 16:22:00,1184,1.00,.00,0.02000000,,1,13.800000,SO4,SULPHATE,MG/L,45.86639,-81.00056
200905003,2009-09-29 08:06:17,CCGS LIMNOS,GEORGIAN BAY,5,455159,-810002,27,16.5,2009-08-10 16:22:00,1184,13.00,.00,0.02000000,,0,13.600000,SO4,SULPHATE,MG/L,45.86639,-81.00056
200905003,2009-09-29 08:06:17,CCGS LIMNOS,GEORGIAN BAY,5,455159,-810002,27,16.5,2009-08-10 16:22:00,1184,998.00,.00,0.02000000,<,0,.020000,SO4,SULPHATE,MG/L,45.86639,-81.00056
200905003,2009-09-29 08:06:17,CCGS LIMNOS,GEORGIAN BAY,6,454958,-805400,26,25.4,2009-08-10 17:25:00,1184,1.00,.00,0.02000000,,0,13.800000,SO4,SULPHATE,MG/L,45.83278,-80.90000
200905003,2009-09-29 08:06:17,CCGS LIMNOS,GEORGIAN BAY,7,454044,-805022,24,40.4,2009-08-10 18:41:00,1184,1.00,.00,0.02000000,,0,13.800000,SO4,SULPHATE,MG/L,45.67889,-80.83944
200905003,2009-09-29 08:06:17,CCGS LIMNOS,GEORGIAN BAY,8,453500,-810500,29,43.1,2009-08-10 20:24:00,1184,1.00,.00,0.02000000,,0,14.500000,SO4,SULPHATE,MG/L,45.58333,-81.08333
200905003,2009-09-29 08:06:17,CCGS LIMNOS,GEORGIAN BAY,8,453500,-810500,29,43.1,2009-08-10 20:24:00,1184,10.00,.00,0.02000000,,0,14.300000,SO4,SULPHATE,MG/L,45.58333,-81.08333
200905003,2009-09-29 08:06:17,CCGS LIMNOS,GEORGIAN BAY,8,453500,-810500,29,43.1,2009-08-10 20:24:00,1184,16.00,.00,0.02000000,,0,14.600000,SO4,SULPHATE,MG/L,45.58333,-81.08333
200905003,2009-09-29 08:06:17,CCGS LIMNOS,GEORGIAN BAY,8,453500,-810500,29,43.1,2009-08-10 20:24:00,1184,26.00,.00,0.02000000,,0,14.600000,SO4,SULPHATE,MG/L,45.58333,-81.08333
200905003,2009-09-29 08:06:17,CCGS LIMNOS,GEORGIAN BAY,8,453500,-810500,29,43.1,2009-08-10 20:24:00,1184,32.00,.00,0.02000000,,0,14.700000,SO4,SULPHATE,MG/L,45.58333,-81.08333
200905003,2009-09-29 08:06:17,CCGS LIMNOS,GEORGIAN BAY,8,453500,-810500,29,43.1,2009-08-10 20:24:00,1184,40.00,.00,0.02000000,,0,14.700000,SO4,SULPHATE,MG/L,45.58333,-81.08333
200905003,2009-09-29 08:06:17,CCGS LIMNOS,GEORGIAN BAY,9,452110,-802911,16,23.1,2009-08-10 23:28:00,1184,1.00,.00,0.02000000,,0,14.000000,SO4,SULPHATE,MG/L,45.35278,-80.48639
200905003,2009-09-29 08:06:17,CCGS LIMNOS,GEORGIAN BAY,10,451929,-800701,122,95.7,2009-08-11 01:29:00,1184,1.00,.00,0.02000000,,0,10.100000,SO4,SULPHATE,MG/L,45.32472,-80.11694
200905003,2009-09-29 08:06:17,CCGS LIMNOS,GEORGIAN BAY,10,451929,-800701,122,95.7,2009-08-11 01:29:00,1184,1.00,.00,0.02000000,,1,10.000000,SO4,SULPHATE,MG/L,45.32472,-80.11694
200905003,2009-09-29 08:06:17,CCGS LIMNOS,GEORGIAN BAY,10,451929,-800701,122,95.7,2009-08-11 01:29:00,1184,998.00,.00,0.02000000,,0,.040000,SO4,SULPHATE,MG/L,45.32472,-80.11694
200905003,2009-09-29 08:06:17,CCGS LIMNOS,GEORGIAN BAY,11,451001,-801748,15,44.2,2009-08-11 04:36:00,1184,1.00,.00,0.02000000,,0,14.300000,SO4,SULPHATE,MG/L,45.16694,-80.29667
200905003,2009-09-29 08:06:17,CCGS LIMNOS,GEORGIAN BAY,12,445710,-800859,8,50.8,2009-08-11 06:20:00,1184,1.00,.00,0.02000000,,0,14.200000,SO4,SULPHATE,MG/L,44.95278,-80.14972
200905003,2009-09-29 08:06:17,CCGS LIMNOS,GEORGIAN BAY,13,445216,-795802,9,28,2009-08-11 07:39:00,1184,1.00,.00,0.02000000,,0,12.900000,SO4,SULPHATE,MG/L,44.87111,-79.96722
200905003,2009-09-29 08:06:17,CCGS LIMNOS,GEORGIAN BAY,13,445216,-795802,9,28,2009-08-11 07:39:00,1184,10.00,.00,0.02000000,,0,13.100000,SO4,SULPHATE,MG/L,44.87111,-79.96722
200905003,2009-09-29 08:06:17,CCGS LIMNOS,GEORGIAN BAY,13,445216,-795802,9,28,2009-08-11 07:39:00,1184,18.50,.00,0.02000000,,0,14.100000,SO4,SULPHATE,MG/L,44.87111,-79.96722
200905003,2009-09-29 08:06:17,CCGS LIMNOS,GEORGIAN BAY,13,445216,-795802,9,28,2009-08-11 07:39:00,1184,25.00,.00,0.02000000,,0,14.100000,SO4,SULPHATE,MG/L,44.87111,-79.96722
200905003,2009-09-29 08:06:17,CCGS LIMNOS,GEORGIAN BAY,14,444748,-801437,5,58.4,2009-08-11 10:10:00,1184,1.00,.00,0.02000000,,0,14.400000,SO4,SULPHATE,MG/L,44.79667,-80.24361
200905003,2009-09-29 08:06:17,CCGS LIMNOS,GEORGIAN BAY,15,443842,-801003,4,58.1,2009-08-11 11:22:00,1184,1.00,.00,0.02000000,,0,14.300000,SO4,SULPHATE,MG/L,44.64500,-80.16750
200905003,2009-09-29 08:06:17,CCGS LIMNOS,GEORGIAN BAY,15,443842,-801003,4,58.1,2009-08-11 11:22:00,1184,1.00,.00,0.02000000,,1,14.300000,SO4,SULPHATE,MG/L,44.64500,-80.16750
200905003,2009-09-29 08:06:17,CCGS LIMNOS,GEORGIAN BAY,15,443842,-801003,4,58.1,2009-08-11 11:22:00,1184,17.00,.00,0.02000000,,0,14.400000,SO4,SULPHATE,MG/L,44.64500,-80.16750
200905003,2009-09-29 08:06:17,CCGS LIMNOS,GEORGIAN BAY,15,443842,-801003,4,58.1,2009-08-11 11:22:00,1184,30.00,.00,0.02000000,,0,14.600000,SO4,SULPHATE,MG/L,44.64500,-80.16750
200905003,2009-09-29 08:06:17,CCGS LIMNOS,GEORGIAN BAY,15,443842,-801003,4,58.1,2009-08-11 11:22:00,1184,44.00,.00,0.02000000,,0,14.800000,SO4,SULPHATE,MG/L,44.64500,-80.16750
200905003,2009-09-29 08:06:17,CCGS LIMNOS,GEORGIAN BAY,15,443842,-801003,4,58.1,2009-08-11 11:22:00,1184,48.00,.00,0.02000000,,0,14.700000,SO4,SULPHATE,MG/L,44.64500,-80.16750
200905003,2009-09-29 08:06:17,CCGS LIMNOS,GEORGIAN BAY,15,443842,-801003,4,58.1,2009-08-11 11:22:00,1184,56.00,.00,0.02000000,,0,14.700000,SO4,SULPHATE,MG/L,44.64500,-80.16750
200905003,2009-09-29 08:06:17,CCGS LIMNOS,GEORGIAN BAY,15,443842,-801003,4,58.1,2009-08-11 11:22:00,1184,998.00,.00,0.02000000,,0,.020000,SO4,SULPHATE,MG/L,44.64500,-80.16750
200905003,2009-09-29 08:06:17,CCGS LIMNOS,GEORGIAN BAY,16,444413,-802607,6,86.7,2009-08-11 13:08:00,1184,1.00,.00,0.02000000,,0,14.400000,SO4,SULPHATE,MG/L,44.73694,-80.43528
200905003,2009-09-29 08:06:17,CCGS LIMNOS,GEORGIAN BAY,17,444333,-803606,3,31.3,2009-08-11 14:06:00,1184,1.00,.00,0.02000000,,0,14.500000,SO4,SULPHATE,MG/L,44.72583,-80.60167
200905003,2009-09-29 08:06:17,CCGS LIMNOS,GEORGIAN BAY,18,444303,-805125,1,89.9,2009-08-11 16:04:00,1184,1.00,.00,0.02000000,,0,14.300000,SO4,SULPHATE,MG/L,44.71750,-80.85694
200905003,2009-09-29 08:06:17,CCGS LIMNOS,GEORGIAN BAY,18,444303,-805125,1,89.9,2009-08-11 16:04:00,1184,5.00,.00,0.02000000,,0,14.400000,SO4,SULPHATE,MG/L,44.71750,-80.85694
200905003,2009-09-29 08:06:17,CCGS LIMNOS,GEORGIAN BAY,18,444303,-805125,1,89.9,2009-08-11 16:04:00,1184,17.00,.00,0.02000000,,0,14.600000,SO4,SULPHATE,MG/L,44.71750,-80.85694
200905003,2009-09-29 08:06:17,CCGS LIMNOS,GEORGIAN BAY,18,444303,-805125,1,89.9,2009-08-11 16:04:00,1184,29.00,.00,0.02000000,,0,14.900000,SO4,SULPHATE,MG/L,44.71750,-80.85694
200905003,2009-09-29 08:06:17,CCGS LIMNOS,GEORGIAN BAY,18,444303,-805125,1,89.9,2009-08-11 16:04:00,1184,79.50,.00,0.02000000,,0,14.900000,SO4,SULPHATE,MG/L,44.71750,-80.85694
200905003,2009-09-29 08:06:17,CCGS LIMNOS,GEORGIAN BAY,18,444303,-805125,1,89.9,2009-08-11 16:04:00,1184,87.50,.00,0.02000000,,0,14.900000,SO4,SULPHATE,MG/L,44.71750,-80.85694
200905003,2009-09-29 08:06:17,CCGS LIMNOS,GEORGIAN BAY,19,445518,-803629,11,59.9,2009-08-11 17:53:00,1184,1.00,.00,0.02000000,,0,14.400000,SO4,SULPHATE,MG/L,44.92167,-80.60806
200905003,2009-09-29 08:06:17,CCGS LIMNOS,GEORGIAN BAY,20,445513,-805229,12,88.9,2009-08-11 19:24:00,1184,1.00,.00,0.02000000,,0,14.900000,SO4,SULPHATE,MG/L,44.92028,-80.87472
200905003,2009-09-29 08:06:17,CCGS LIMNOS,GEORGIAN BAY,20,445513,-805229,12,88.9,2009-08-11 19:24:00,1184,1.00,.00,0.02000000,,1,14.900000,SO4,SULPHATE,MG/L,44.92028,-80.87472
200905003,2009-09-29 08:06:17,CCGS LIMNOS,GEORGIAN BAY,20,445513,-805229,12,88.9,2009-08-11 19:24:00,1184,998.00,.00,0.02000000,,0,.020000,SO4,SULPHATE,MG/L,44.92028,-80.87472
200905003,2009-09-29 08:06:17,CCGS LIMNOS,GEORGIAN BAY,21,450401,-811512,19,53.5,2009-08-11 21:41:00,1184,1.00,.00,0.02000000,,0,14.800000,SO4,SULPHATE,MG/L,45.06694,-81.25333
200905003,2009-09-29 08:06:17,CCGS LIMNOS,GEORGIAN BAY,22,451439,-805224,17,76.7,2009-08-11 23:56:00,1184,1.00,.00,0.02000000,,0,14.600000,SO4,SULPHATE,MG/L,45.24417,-80.87333
200905003,2009-09-29 08:06:17,CCGS LIMNOS,GEORGIAN BAY,22,451439,-805224,17,76.7,2009-08-11 23:56:00,1184,17.00,.00,0.02000000,,0,14.300000,SO4,SULPHATE,MG/L,45.24417,-80.87333
200905003,2009-09-29 08:06:17,CCGS LIMNOS,GEORGIAN BAY,22,451439,-805224,17,76.7,2009-08-11 23:56:00,1184,30.00,.00,0.02000000,,0,14.800000,SO4,SULPHATE,MG/L,45.24417,-80.87333
200905003,2009-09-29 08:06:17,CCGS LIMNOS,GEORGIAN BAY,22,451439,-805224,17,76.7,2009-08-11 23:56:00,1184,43.00,.00,0.02000000,,0,14.800000,SO4,SULPHATE,MG/L,45.24417,-80.87333
200905003,2009-09-29 08:06:17,CCGS LIMNOS,GEORGIAN BAY,22,451439,-805224,17,76.7,2009-08-11 23:56:00,1184,67.00,.00,0.02000000,,0,14.900000,SO4,SULPHATE,MG/L,45.24417,-80.87333
200905003,2009-09-29 08:06:17,CCGS LIMNOS,GEORGIAN BAY,22,451439,-805224,17,76.7,2009-08-11 23:56:00,1184,74.00,.00,0.02000000,,0,14.900000,SO4,SULPHATE,MG/L,45.24417,-80.87333
200905003,2009-09-29 08:06:17,CCGS LIMNOS,GEORGIAN BAY,23,452152,-811122,21,87,2009-08-12 02:10:00,1184,1.00,.00,0.02000000,,0,15.600000,SO4,SULPHATE,MG/L,45.36444,-81.18944
200905003,2009-09-29 08:06:17,CCGS LIMNOS,GEORGIAN BAY,24,451418,-812623,31,61.3,2009-08-12 03:55:00,1184,1.00,.00,0.02000000,,0,16.000000,SO4,SULPHATE,MG/L,45.23833,-81.43972
200905003,2009-09-29 08:06:17,CCGS LIMNOS,GEORGIAN BAY,25,452212,-813505,33,54.3,2009-08-12 05:09:00,1184,1.00,.00,0.02000000,,0,14.600000,SO4,SULPHATE,MG/L,45.37000,-81.58472
200905003,2009-09-29 08:06:17,CCGS LIMNOS,GEORGIAN BAY,25,452212,-813505,33,54.3,2009-08-12 05:09:00,1184,1.00,.00,0.02000000,,1,14.600000,SO4,SULPHATE,MG/L,45.37000,-81.58472
200905003,2009-09-29 08:06:17,CCGS LIMNOS,GEORGIAN BAY,25,452212,-813505,33,54.3,2009-08-12 05:09:00,1184,6.00,.00,0.02000000,,0,14.800000,SO4,SULPHATE,MG/L,45.37000,-81.58472
200905003,2009-09-29 08:06:17,CCGS LIMNOS,GEORGIAN BAY,25,452212,-813505,33,54.3,2009-08-12 05:09:00,1184,25.00,.00,0.02000000,,0,14.900000,SO4,SULPHATE,MG/L,45.37000,-81.58472
200905003,2009-09-29 08:06:17,CCGS LIMNOS,GEORGIAN BAY,25,452212,-813505,33,54.3,2009-08-12 05:09:00,1184,43.50,.00,0.02000000,,0,14.900000,SO4,SULPHATE,MG/L,45.37000,-81.58472
200905003,2009-09-29 08:06:17,CCGS LIMNOS,GEORGIAN BAY,25,452212,-813505,33,54.3,2009-08-12 05:09:00,1184,48.00,.00,0.02000000,,0,15.100000,SO4,SULPHATE,MG/L,45.37000,-81.58472
200905003,2009-09-29 08:06:17,CCGS LIMNOS,GEORGIAN BAY,25,452212,-813505,33,54.3,2009-08-12 05:09:00,1184,51.50,.00,0.02000000,,0,14.900000,SO4,SULPHATE,MG/L,45.37000,-81.58472
200905003,2009-09-29 08:06:17,CCGS LIMNOS,GEORGIAN BAY,25,452212,-813505,33,54.3,2009-08-12 05:09:00,1184,998.00,.00,0.02000000,<,0,.020000,SO4,SULPHATE,MG/L,45.37000,-81.58472
200905003,2009-09-29 08:06:17,CCGS LIMNOS,GEORGIAN BAY,26,453138,-814010,35,36.7,2009-08-12 06:50:00,1184,1.00,.00,0.02000000,,0,14.200000,SO4,SULPHATE,MG/L,45.52722,-81.66944
200905001,2009-06-04 10:58:50,CCGS LIMNOS,GEORGIAN BAY,1,454544,-814801,46,19.9,2009-05-10 01:42:00,1185,1.00,.00,0.02000000,,0,6.170000,CL-F,CHLORIDE,MG/L,45.76222,-81.80028
200905001,2009-06-04 10:58:50,CCGS LIMNOS,GEORGIAN BAY,2,455446,-813545,42,27.4,2009-05-10 03:27:00,1185,1.00,.00,0.02000000,,0,5.890000,CL-F,CHLORIDE,MG/L,45.91278,-81.59583
200905001,2009-06-04 10:58:50,CCGS LIMNOS,GEORGIAN BAY,3,454228,-813713,36,53.6,2009-05-10 05:01:00,1185,1.00,.00,0.02000000,,0,6.220000,CL-F,CHLORIDE,MG/L,45.70778,-81.62028
200905001,2009-06-04 10:58:50,CCGS LIMNOS,GEORGIAN BAY,4,455223,-811529,39,27.3,2009-05-10 07:09:00,1185,1.00,.00,0.02000000,,0,5.590000,CL-F,CHLORIDE,MG/L,45.87306,-81.25806
200905001,2009-06-04 10:58:50,CCGS LIMNOS,GEORGIAN BAY,5,455200,-805958,27,18.9,2009-05-10 08:36:00,1185,1.00,.00,0.02000000,,0,4.720000,CL-F,CHLORIDE,MG/L,45.86667,-80.99944
200905001,2009-06-04 10:58:50,CCGS LIMNOS,GEORGIAN BAY,5,455200,-805958,27,18.9,2009-05-10 08:36:00,1185,1.00,.00,0.02000000,,1,4.460000,CL-F,CHLORIDE,MG/L,45.86667,-80.99944
200905001,2009-06-04 10:58:50,CCGS LIMNOS,GEORGIAN BAY,5,455200,-805958,27,18.9,2009-05-10 08:36:00,1185,998.00,.00,0.02000000,<,0,.020000,CL-F,CHLORIDE,MG/L,45.86667,-80.99944
200905001,2009-06-04 10:58:50,CCGS LIMNOS,GEORGIAN BAY,5,455200,-805958,27,18.9,2009-05-10 08:36:00,1185,999.00,.00,0.02000000,<,0,.020000,CL-F,CHLORIDE,MG/L,45.86667,-80.99944
200905001,2009-06-04 10:58:50,CCGS LIMNOS,GEORGIAN BAY,6,455003,-805355,26,25.3,2009-05-10 09:15:00,1185,1.00,.00,0.02000000,,0,4.600000,CL-F,CHLORIDE,MG/L,45.83417,-80.89861
200905001,2009-06-04 10:58:50,CCGS LIMNOS,GEORGIAN BAY,7,454044,-805022,24,40,2009-05-10 10:26:00,1185,1.00,.00,0.02000000,,0,5.650000,CL-F,CHLORIDE,MG/L,45.67889,-80.83944
200905001,2009-06-04 10:58:50,CCGS LIMNOS,GEORGIAN BAY,8,453501,-810539,29,42.4,2009-05-10 11:49:00,1185,1.00,.00,0.02000000,,0,5.760000,CL-F,CHLORIDE,MG/L,45.58361,-81.09417
200905001,2009-06-04 10:58:50,CCGS LIMNOS,GEORGIAN BAY,9,452116,-802913,16,22.8,2009-05-10 14:55:00,1185,1.00,.00,0.02000000,,0,5.980000,CL-F,CHLORIDE,MG/L,45.35444,-80.48694
200905001,2009-06-04 10:58:50,CCGS LIMNOS,GEORGIAN BAY,10,451934,-800658,122,89.2,2009-05-10 16:56:00,1185,1.00,.00,0.02000000,,0,6.420000,CL-F,CHLORIDE,MG/L,45.32611,-80.11611
200905001,2009-06-04 10:58:50,CCGS LIMNOS,GEORGIAN BAY,10,451934,-800658,122,89.2,2009-05-10 16:56:00,1185,1.00,.00,0.02000000,,1,6.370000,CL-F,CHLORIDE,MG/L,45.32611,-80.11611
200905001,2009-06-04 10:58:50,CCGS LIMNOS,GEORGIAN BAY,10,451934,-800658,122,89.2,2009-05-10 16:56:00,1185,998.00,.00,0.02000000,<,0,.020000,CL-F,CHLORIDE,MG/L,45.32611,-80.11611
200905001,2009-06-04 10:58:50,CCGS LIMNOS,GEORGIAN BAY,10,451934,-800658,122,89.2,2009-05-10 16:56:00,1185,999.00,.00,0.02000000,<,0,.020000,CL-F,CHLORIDE,MG/L,45.32611,-80.11611
200905001,2009-06-04 10:58:50,CCGS LIMNOS,GEORGIAN BAY,11,451000,-801747,15,46.1,2009-05-10 20:00:00,1185,1.00,.00,0.02000000,,0,6.400000,CL-F,CHLORIDE,MG/L,45.16667,-80.29639
200905001,2009-06-04 10:58:50,CCGS LIMNOS,GEORGIAN BAY,12,445708,-800901,8,48.3,2009-05-10 21:41:00,1185,1.00,.00,0.02000000,,0,7.020000,CL-F,CHLORIDE,MG/L,44.95222,-80.15028
200905001,2009-06-04 10:58:50,CCGS LIMNOS,GEORGIAN BAY,13,445220,-795807,9,28.9,2009-05-10 22:51:00,1185,1.00,.00,0.02000000,,0,12.000000,CL-F,CHLORIDE,MG/L,44.87222,-79.96861
200905001,2009-06-04 10:58:50,CCGS LIMNOS,GEORGIAN BAY,14,444748,-801434,5,54.9,2009-05-11 00:36:00,1185,1.00,.00,0.02000000,,0,6.530000,CL-F,CHLORIDE,MG/L,44.79667,-80.24278
200905001,2009-06-04 10:58:50,CCGS LIMNOS,GEORGIAN BAY,15,443847,-801003,4,57.5,2009-05-11 01:46:00,1185,1.00,.00,0.02000000,,0,6.600000,CL-F,CHLORIDE,MG/L,44.64639,-80.16750
200905001,2009-06-04 10:58:50,CCGS LIMNOS,GEORGIAN BAY,15,443847,-801003,4,57.5,2009-05-11 01:46:00,1185,1.00,.00,0.02000000,,1,6.600000,CL-F,CHLORIDE,MG/L,44.64639,-80.16750
200905001,2009-06-04 10:58:50,CCGS LIMNOS,GEORGIAN BAY,15,443847,-801003,4,57.5,2009-05-11 01:46:00,1185,998.00,.00,0.02000000,<,0,.020000,CL-F,CHLORIDE,MG/L,44.64639,-80.16750
200905001,2009-06-04 10:58:50,CCGS LIMNOS,GEORGIAN BAY,15,443847,-801003,4,57.5,2009-05-11 01:46:00,1185,999.00,.00,0.02000000,<,0,.020000,CL-F,CHLORIDE,MG/L,44.64639,-80.16750
200905001,2009-06-04 10:58:50,CCGS LIMNOS,GEORGIAN BAY,16,444411,-802604,6,86.7,2009-05-11 03:20:00,1185,1.00,.00,0.02000000,,0,6.630000,CL-F,CHLORIDE,MG/L,44.73639,-80.43444
200905001,2009-06-04 10:58:50,CCGS LIMNOS,GEORGIAN BAY,17,444400,-803600,3,30.7,2009-05-11 04:23:00,1185,1.00,.00,0.02000000,,0,6.530000,CL-F,CHLORIDE,MG/L,44.73333,-80.60000
200905001,2009-06-04 10:58:50,CCGS LIMNOS,GEORGIAN BAY,18,444302,-805124,1,88.7,2009-05-11 05:59:00,1185,1.00,.00,0.02000000,,0,6.450000,CL-F,CHLORIDE,MG/L,44.71722,-80.85667
200905001,2009-06-04 10:58:50,CCGS LIMNOS,GEORGIAN BAY,19,445516,-803621,11,63,2009-05-11 07:53:00,1185,1.00,.00,0.02000000,,0,6.490000,CL-F,CHLORIDE,MG/L,44.92111,-80.60583
200905001,2009-06-04 10:58:50,CCGS LIMNOS,GEORGIAN BAY,20,445508,-805232,12,88.5,2009-05-11 09:24:00,1185,1.00,.00,0.02000000,,0,6.410000,CL-F,CHLORIDE,MG/L,44.91889,-80.87556
200905001,2009-06-04 10:58:50,CCGS LIMNOS,GEORGIAN BAY,20,445508,-805232,12,88.5,2009-05-11 09:24:00,1185,1.00,.00,0.02000000,,1,6.430000,CL-F,CHLORIDE,MG/L,44.91889,-80.87556
200905001,2009-06-04 10:58:50,CCGS LIMNOS,GEORGIAN BAY,20,445508,-805232,12,88.5,2009-05-11 09:24:00,1185,998.00,.00,0.02000000,<,0,.020000,CL-F,CHLORIDE,MG/L,44.91889,-80.87556
200905001,2009-06-04 10:58:50,CCGS LIMNOS,GEORGIAN BAY,20,445508,-805232,12,88.5,2009-05-11 09:24:00,1185,999.00,.00,0.02000000,<,0,.020000,CL-F,CHLORIDE,MG/L,44.91889,-80.87556
200905001,2009-06-04 10:58:50,CCGS LIMNOS,GEORGIAN BAY,21,450359,-811512,19,53,2009-05-11 11:35:00,1185,1.00,.00,0.02000000,,0,6.370000,CL-F,CHLORIDE,MG/L,45.06639,-81.25333
200905001,2009-06-04 10:58:50,CCGS LIMNOS,GEORGIAN BAY,22,451442,-805232,17,78,2009-05-11 13:44:00,1185,1.00,.00,0.02000000,,0,6.370000,CL-F,CHLORIDE,MG/L,45.24500,-80.87556
200905001,2009-06-04 10:58:50,CCGS LIMNOS,GEORGIAN BAY,23,452153,-811124,21,86.4,2009-05-11 15:38:00,1185,1.00,.00,0.02000000,,0,6.350000,CL-F,CHLORIDE,MG/L,45.36472,-81.19000
200905001,2009-06-04 10:58:50,CCGS LIMNOS,GEORGIAN BAY,24,451417,-812625,31,58.9,2009-05-11 17:18:00,1185,1.00,.00,0.02000000,,0,6.370000,CL-F,CHLORIDE,MG/L,45.23806,-81.44028
200905001,2009-06-04 10:58:50,CCGS LIMNOS,GEORGIAN BAY,25,452213,-813507,33,53.3,2009-05-11 18:51:00,1185,1.00,.00,0.02000000,,0,6.350000,CL-F,CHLORIDE,MG/L,45.37028,-81.58528
200905001,2009-06-04 10:58:50,CCGS LIMNOS,GEORGIAN BAY,25,452213,-813507,33,53.3,2009-05-11 18:51:00,1185,1.00,.00,0.02000000,,1,6.380000,CL-F,CHLORIDE,MG/L,45.37028,-81.58528
200905001,2009-06-04 10:58:50,CCGS LIMNOS,GEORGIAN BAY,25,452213,-813507,33,53.3,2009-05-11 18:51:00,1185,998.00,.00,0.02000000,<,0,.020000,CL-F,CHLORIDE,MG/L,45.37028,-81.58528
200905001,2009-06-04 10:58:50,CCGS LIMNOS,GEORGIAN BAY,25,452213,-813507,33,53.3,2009-05-11 18:51:00,1185,999.00,.00,0.02000000,<,0,.020000,CL-F,CHLORIDE,MG/L,45.37028,-81.58528
200905001,2009-06-04 10:58:50,CCGS LIMNOS,GEORGIAN BAY,26,453140,-814012,35,35.6,2009-05-11 20:09:00,1185,1.00,.00,0.02000000,,0,6.350000,CL-F,CHLORIDE,MG/L,45.52778,-81.67000
200905003,2009-09-29 08:06:17,CCGS LIMNOS,GEORGIAN BAY,1,454547,-814746,46,19,2009-08-10 09:35:00,1185,1.00,.00,0.02000000,,0,6.420000,CL-F,CHLORIDE,MG/L,45.76306,-81.79611
200905003,2009-09-29 08:06:17,CCGS LIMNOS,GEORGIAN BAY,2,455444,-813542,42,28.1,2009-08-10 11:17:00,1185,1.00,.00,0.02000000,,0,6.380000,CL-F,CHLORIDE,MG/L,45.91222,-81.59500
200905003,2009-09-29 08:06:17,CCGS LIMNOS,GEORGIAN BAY,2,455444,-813542,42,28.1,2009-08-10 11:17:00,1185,15.00,.00,0.02000000,,0,6.400000,CL-F,CHLORIDE,MG/L,45.91222,-81.59500
200905003,2009-09-29 08:06:17,CCGS LIMNOS,GEORGIAN BAY,3,454231,-813715,36,50.5,2009-08-10 12:57:00,1185,1.00,.00,0.02000000,,0,6.390000,CL-F,CHLORIDE,MG/L,45.70861,-81.62083
200905003,2009-09-29 08:06:17,CCGS LIMNOS,GEORGIAN BAY,4,455224,-811529,39,25,2009-08-10 15:05:00,1185,1.00,.00,0.02000000,,0,6.360000,CL-F,CHLORIDE,MG/L,45.87333,-81.25806
200905003,2009-09-29 08:06:17,CCGS LIMNOS,GEORGIAN BAY,5,455159,-810002,27,16.5,2009-08-10 16:22:00,1185,1.00,.00,0.02000000,,0,6.280000,CL-F,CHLORIDE,MG/L,45.86639,-81.00056
200905003,2009-09-29 08:06:17,CCGS LIMNOS,GEORGIAN BAY,5,455159,-810002,27,16.5,2009-08-10 16:22:00,1185,1.00,.00,0.02000000,,1,6.290000,CL-F,CHLORIDE,MG/L,45.86639,-81.00056
200905003,2009-09-29 08:06:17,CCGS LIMNOS,GEORGIAN BAY,5,455159,-810002,27,16.5,2009-08-10 16:22:00,1185,13.00,.00,0.02000000,,0,6.240000,CL-F,CHLORIDE,MG/L,45.86639,-81.00056
200905003,2009-09-29 08:06:17,CCGS LIMNOS,GEORGIAN BAY,5,455159,-810002,27,16.5,2009-08-10 16:22:00,1185,998.00,.00,0.02000000,<,0,.020000,CL-F,CHLORIDE,MG/L,45.86639,-81.00056
200905003,2009-09-29 08:06:17,CCGS LIMNOS,GEORGIAN BAY,6,454958,-805400,26,25.4,2009-08-10 17:25:00,1185,1.00,.00,0.02000000,,0,6.310000,CL-F,CHLORIDE,MG/L,45.83278,-80.90000
200905003,2009-09-29 08:06:17,CCGS LIMNOS,GEORGIAN BAY,7,454044,-805022,24,40.4,2009-08-10 18:41:00,1185,1.00,.00,0.02000000,,0,6.370000,CL-F,CHLORIDE,MG/L,45.67889,-80.83944
200905003,2009-09-29 08:06:17,CCGS LIMNOS,GEORGIAN BAY,8,453500,-810500,29,43.1,2009-08-10 20:24:00,1185,1.00,.00,0.02000000,,0,6.520000,CL-F,CHLORIDE,MG/L,45.58333,-81.08333
200905003,2009-09-29 08:06:17,CCGS LIMNOS,GEORGIAN BAY,8,453500,-810500,29,43.1,2009-08-10 20:24:00,1185,10.00,.00,0.02000000,,0,6.440000,CL-F,CHLORIDE,MG/L,45.58333,-81.08333
200905003,2009-09-29 08:06:17,CCGS LIMNOS,GEORGIAN BAY,8,453500,-810500,29,43.1,2009-08-10 20:24:00,1185,16.00,.00,0.02000000,,0,6.590000,CL-F,CHLORIDE,MG/L,45.58333,-81.08333
200905003,2009-09-29 08:06:17,CCGS LIMNOS,GEORGIAN BAY,8,453500,-810500,29,43.1,2009-08-10 20:24:00,1185,26.00,.00,0.02000000,,0,6.560000,CL-F,CHLORIDE,MG/L,45.58333,-81.08333
200905003,2009-09-29 08:06:17,CCGS LIMNOS,GEORGIAN BAY,8,453500,-810500,29,43.1,2009-08-10 20:24:00,1185,32.00,.00,0.02000000,,0,6.600000,CL-F,CHLORIDE,MG/L,45.58333,-81.08333
200905003,2009-09-29 08:06:17,CCGS LIMNOS,GEORGIAN BAY,8,453500,-810500,29,43.1,2009-08-10 20:24:00,1185,40.00,.00,0.02000000,,0,6.600000,CL-F,CHLORIDE,MG/L,45.58333,-81.08333
200905003,2009-09-29 08:06:17,CCGS LIMNOS,GEORGIAN BAY,9,452110,-802911,16,23.1,2009-08-10 23:28:00,1185,1.00,.00,0.02000000,,0,6.890000,CL-F,CHLORIDE,MG/L,45.35278,-80.48639
200905003,2009-09-29 08:06:17,CCGS LIMNOS,GEORGIAN BAY,10,451929,-800701,122,95.7,2009-08-11 01:29:00,1185,1.00,.00,0.02000000,,0,7.020000,CL-F,CHLORIDE,MG/L,45.32472,-80.11694
200905003,2009-09-29 08:06:17,CCGS LIMNOS,GEORGIAN BAY,10,451929,-800701,122,95.7,2009-08-11 01:29:00,1185,1.00,.00,0.02000000,,1,7.010000,CL-F,CHLORIDE,MG/L,45.32472,-80.11694
200905003,2009-09-29 08:06:17,CCGS LIMNOS,GEORGIAN BAY,10,451929,-800701,122,95.7,2009-08-11 01:29:00,1185,998.00,.00,0.02000000,<,0,.020000,CL-F,CHLORIDE,MG/L,45.32472,-80.11694
200905003,2009-09-29 08:06:17,CCGS LIMNOS,GEORGIAN BAY,11,451001,-801748,15,44.2,2009-08-11 04:36:00,1185,1.00,.00,0.02000000,,0,6.960000,CL-F,CHLORIDE,MG/L,45.16694,-80.29667
200905003,2009-09-29 08:06:17,CCGS LIMNOS,GEORGIAN BAY,12,445710,-800859,8,50.8,2009-08-11 06:20:00,1185,1.00,.00,0.02000000,,0,6.750000,CL-F,CHLORIDE,MG/L,44.95278,-80.14972
200905003,2009-09-29 08:06:17,CCGS LIMNOS,GEORGIAN BAY,13,445216,-795802,9,28,2009-08-11 07:39:00,1185,1.00,.00,0.02000000,,0,9.490000,CL-F,CHLORIDE,MG/L,44.87111,-79.96722
200905003,2009-09-29 08:06:17,CCGS LIMNOS,GEORGIAN BAY,13,445216,-795802,9,28,2009-08-11 07:39:00,1185,10.00,.00,0.02000000,,0,9.070000,CL-F,CHLORIDE,MG/L,44.87111,-79.96722
200905003,2009-09-29 08:06:17,CCGS LIMNOS,GEORGIAN BAY,13,445216,-795802,9,28,2009-08-11 07:39:00,1185,18.50,.00,0.02000000,,0,7.710000,CL-F,CHLORIDE,MG/L,44.87111,-79.96722
200905003,2009-09-29 08:06:17,CCGS LIMNOS,GEORGIAN BAY,13,445216,-795802,9,28,2009-08-11 07:39:00,1185,25.00,.00,0.02000000,,0,7.740000,CL-F,CHLORIDE,MG/L,44.87111,-79.96722
200905003,2009-09-29 08:06:17,CCGS LIMNOS,GEORGIAN BAY,14,444748,-801437,5,58.4,2009-08-11 10:10:00,1185,1.00,.00,0.02000000,,0,6.910000,CL-F,CHLORIDE,MG/L,44.79667,-80.24361
200905003,2009-09-29 08:06:17,CCGS LIMNOS,GEORGIAN BAY,15,443842,-801003,4,58.1,2009-08-11 11:22:00,1185,1.00,.00,0.02000000,,0,6.870000,CL-F,CHLORIDE,MG/L,44.64500,-80.16750
200905003,2009-09-29 08:06:17,CCGS LIMNOS,GEORGIAN BAY,15,443842,-801003,4,58.1,2009-08-11 11:22:00,1185,1.00,.00,0.02000000,,1,6.860000,CL-F,CHLORIDE,MG/L,44.64500,-80.16750
200905003,2009-09-29 08:06:17,CCGS LIMNOS,GEORGIAN BAY,15,443842,-801003,4,58.1,2009-08-11 11:22:00,1185,17.00,.00,0.02000000,,0,6.710000,CL-F,CHLORIDE,MG/L,44.64500,-80.16750
200905003,2009-09-29 08:06:17,CCGS LIMNOS,GEORGIAN BAY,15,443842,-801003,4,58.1,2009-08-11 11:22:00,1185,30.00,.00,0.02000000,,0,6.800000,CL-F,CHLORIDE,MG/L,44.64500,-80.16750
200905003,2009-09-29 08:06:17,CCGS LIMNOS,GEORGIAN BAY,15,443842,-801003,4,58.1,2009-08-11 11:22:00,1185,44.00,.00,0.02000000,,0,6.890000,CL-F,CHLORIDE,MG/L,44.64500,-80.16750
200905003,2009-09-29 08:06:17,CCGS LIMNOS,GEORGIAN BAY,15,443842,-801003,4,58.1,2009-08-11 11:22:00,1185,48.00,.00,0.02000000,,0,6.860000,CL-F,CHLORIDE,MG/L,44.64500,-80.16750
200905003,2009-09-29 08:06:17,CCGS LIMNOS,GEORGIAN BAY,15,443842,-801003,4,58.1,2009-08-11 11:22:00,1185,56.00,.00,0.02000000,,0,6.840000,CL-F,CHLORIDE,MG/L,44.64500,-80.16750
200905003,2009-09-29 08:06:17,CCGS LIMNOS,GEORGIAN BAY,15,443842,-801003,4,58.1,2009-08-11 11:22:00,1185,998.00,.00,0.02000000,,0,.020000,CL-F,CHLORIDE,MG/L,44.64500,-80.16750
200905003,2009-09-29 08:06:17,CCGS LIMNOS,GEORGIAN BAY,16,444413,-802607,6,86.7,2009-08-11 13:08:00,1185,1.00,.00,0.02000000,,0,6.610000,CL-F,CHLORIDE,MG/L,44.73694,-80.43528
200905003,2009-09-29 08:06:17,CCGS LIMNOS,GEORGIAN BAY,17,444333,-803606,3,31.3,2009-08-11 14:06:00,1185,1.00,.00,0.02000000,,0,6.610000,CL-F,CHLORIDE,MG/L,44.72583,-80.60167
200905003,2009-09-29 08:06:17,CCGS LIMNOS,GEORGIAN BAY,18,444303,-805125,1,89.9,2009-08-11 16:04:00,1185,1.00,.00,0.02000000,,0,6.550000,CL-F,CHLORIDE,MG/L,44.71750,-80.85694
200905003,2009-09-29 08:06:17,CCGS LIMNOS,GEORGIAN BAY,18,444303,-805125,1,89.9,2009-08-11 16:04:00,1185,5.00,.00,0.02000000,,0,6.600000,CL-F,CHLORIDE,MG/L,44.71750,-80.85694
200905003,2009-09-29 08:06:17,CCGS LIMNOS,GEORGIAN BAY,18,444303,-805125,1,89.9,2009-08-11 16:04:00,1185,17.00,.00,0.02000000,,0,6.670000,CL-F,CHLORIDE,MG/L,44.71750,-80.85694
200905003,2009-09-29 08:06:17,CCGS LIMNOS,GEORGIAN BAY,18,444303,-805125,1,89.9,2009-08-11 16:04:00,1185,29.00,.00,0.02000000,,0,6.720000,CL-F,CHLORIDE,MG/L,44.71750,-80.85694
200905003,2009-09-29 08:06:17,CCGS LIMNOS,GEORGIAN BAY,18,444303,-805125,1,89.9,2009-08-11 16:04:00,1185,79.50,.00,0.02000000,,0,6.730000,CL-F,CHLORIDE,MG/L,44.71750,-80.85694
200905003,2009-09-29 08:06:17,CCGS LIMNOS,GEORGIAN BAY,18,444303,-805125,1,89.9,2009-08-11 16:04:00,1185,87.50,.00,0.02000000,,0,6.750000,CL-F,CHLORIDE,MG/L,44.71750,-80.85694
200905003,2009-09-29 08:06:17,CCGS LIMNOS,GEORGIAN BAY,19,445518,-803629,11,59.9,2009-08-11 17:53:00,1185,1.00,.00,0.02000000,,0,6.590000,CL-F,CHLORIDE,MG/L,44.92167,-80.60806
200905003,2009-09-29 08:06:17,CCGS LIMNOS,GEORGIAN BAY,20,445513,-805229,12,88.9,2009-08-11 19:24:00,1185,1.00,.00,0.02000000,,0,6.680000,CL-F,CHLORIDE,MG/L,44.92028,-80.87472
200905003,2009-09-29 08:06:17,CCGS LIMNOS,GEORGIAN BAY,20,445513,-805229,12,88.9,2009-08-11 19:24:00,1185,1.00,.00,0.02000000,,1,6.670000,CL-F,CHLORIDE,MG/L,44.92028,-80.87472
200905003,2009-09-29 08:06:17,CCGS LIMNOS,GEORGIAN BAY,20,445513,-805229,12,88.9,2009-08-11 19:24:00,1185,998.00,.00,0.02000000,<,0,.020000,CL-F,CHLORIDE,MG/L,44.92028,-80.87472
200905003,2009-09-29 08:06:17,CCGS LIMNOS,GEORGIAN BAY,21,450401,-811512,19,53.5,2009-08-11 21:41:00,1185,1.00,.00,0.02000000,,0,6.640000,CL-F,CHLORIDE,MG/L,45.06694,-81.25333
200905003,2009-09-29 08:06:17,CCGS LIMNOS,GEORGIAN BAY,22,451439,-805224,17,76.7,2009-08-11 23:56:00,1185,1.00,.00,0.02000000,,0,6.620000,CL-F,CHLORIDE,MG/L,45.24417,-80.87333
200905003,2009-09-29 08:06:17,CCGS LIMNOS,GEORGIAN BAY,22,451439,-805224,17,76.7,2009-08-11 23:56:00,1185,17.00,.00,0.02000000,,0,6.550000,CL-F,CHLORIDE,MG/L,45.24417,-80.87333
200905003,2009-09-29 08:06:17,CCGS LIMNOS,GEORGIAN BAY,22,451439,-805224,17,76.7,2009-08-11 23:56:00,1185,30.00,.00,0.02000000,,0,6.840000,CL-F,CHLORIDE,MG/L,45.24417,-80.87333
200905003,2009-09-29 08:06:17,CCGS LIMNOS,GEORGIAN BAY,22,451439,-805224,17,76.7,2009-08-11 23:56:00,1185,43.00,.00,0.02000000,,0,6.830000,CL-F,CHLORIDE,MG/L,45.24417,-80.87333
200905003,2009-09-29 08:06:17,CCGS LIMNOS,GEORGIAN BAY,22,451439,-805224,17,76.7,2009-08-11 23:56:00,1185,67.00,.00,0.02000000,,0,6.830000,CL-F,CHLORIDE,MG/L,45.24417,-80.87333
200905003,2009-09-29 08:06:17,CCGS LIMNOS,GEORGIAN BAY,22,451439,-805224,17,76.7,2009-08-11 23:56:00,1185,74.00,.00,0.02000000,,0,6.820000,CL-F,CHLORIDE,MG/L,45.24417,-80.87333
200905003,2009-09-29 08:06:17,CCGS LIMNOS,GEORGIAN BAY,23,452152,-811122,21,87,2009-08-12 02:10:00,1185,1.00,.00,0.02000000,,0,6.840000,CL-F,CHLORIDE,MG/L,45.36444,-81.18944
200905003,2009-09-29 08:06:17,CCGS LIMNOS,GEORGIAN BAY,24,451418,-812623,31,61.3,2009-08-12 03:55:00,1185,1.00,.00,0.02000000,,0,6.890000,CL-F,CHLORIDE,MG/L,45.23833,-81.43972
200905003,2009-09-29 08:06:17,CCGS LIMNOS,GEORGIAN BAY,25,452212,-813505,33,54.3,2009-08-12 05:09:00,1185,1.00,.00,0.02000000,,0,6.550000,CL-F,CHLORIDE,MG/L,45.37000,-81.58472
200905003,2009-09-29 08:06:17,CCGS LIMNOS,GEORGIAN BAY,25,452212,-813505,33,54.3,2009-08-12 05:09:00,1185,1.00,.00,0.02000000,,1,6.530000,CL-F,CHLORIDE,MG/L,45.37000,-81.58472
200905003,2009-09-29 08:06:17,CCGS LIMNOS,GEORGIAN BAY,25,452212,-813505,33,54.3,2009-08-12 05:09:00,1185,6.00,.00,0.02000000,,0,6.620000,CL-F,CHLORIDE,MG/L,45.37000,-81.58472
200905003,2009-09-29 08:06:17,CCGS LIMNOS,GEORGIAN BAY,25,452212,-813505,33,54.3,2009-08-12 05:09:00,1185,25.00,.00,0.02000000,,0,6.670000,CL-F,CHLORIDE,MG/L,45.37000,-81.58472
200905003,2009-09-29 08:06:17,CCGS LIMNOS,GEORGIAN BAY,25,452212,-813505,33,54.3,2009-08-12 05:09:00,1185,43.50,.00,0.02000000,,0,6.670000,CL-F,CHLORIDE,MG/L,45.37000,-81.58472
200905003,2009-09-29 08:06:17,CCGS LIMNOS,GEORGIAN BAY,25,452212,-813505,33,54.3,2009-08-12 05:09:00,1185,48.00,.00,0.02000000,,0,6.680000,CL-F,CHLORIDE,MG/L,45.37000,-81.58472
200905003,2009-09-29 08:06:17,CCGS LIMNOS,GEORGIAN BAY,25,452212,-813505,33,54.3,2009-08-12 05:09:00,1185,51.50,.00,0.02000000,,0,6.690000,CL-F,CHLORIDE,MG/L,45.37000,-81.58472
200905003,2009-09-29 08:06:17,CCGS LIMNOS,GEORGIAN BAY,25,452212,-813505,33,54.3,2009-08-12 05:09:00,1185,998.00,.00,0.02000000,<,0,.020000,CL-F,CHLORIDE,MG/L,45.37000,-81.58472
200905003,2009-09-29 08:06:17,CCGS LIMNOS,GEORGIAN BAY,26,453138,-814010,35,36.7,2009-08-12 06:50:00,1185,1.00,.00,0.02000000,,0,6.450000,CL-F,CHLORIDE,MG/L,45.52722,-81.66944
200905001,2009-06-04 10:58:50,CCGS LIMNOS,GEORGIAN BAY,1,454544,-814801,46,19.9,2009-05-10 01:42:00,1563,1.00,.00,0.01000000,,0,.070000,F-F,FLUORIDE,MG/L,45.76222,-81.80028
200905001,2009-06-04 10:58:50,CCGS LIMNOS,GEORGIAN BAY,2,455446,-813545,42,27.4,2009-05-10 03:27:00,1563,1.00,.00,0.01000000,,0,.070000,F-F,FLUORIDE,MG/L,45.91278,-81.59583
200905001,2009-06-04 10:58:50,CCGS LIMNOS,GEORGIAN BAY,3,454228,-813713,36,53.6,2009-05-10 05:01:00,1563,1.00,.00,0.01000000,,0,.070000,F-F,FLUORIDE,MG/L,45.70778,-81.62028
200905001,2009-06-04 10:58:50,CCGS LIMNOS,GEORGIAN BAY,4,455223,-811529,39,27.3,2009-05-10 07:09:00,1563,1.00,.00,0.01000000,,0,.060000,F-F,FLUORIDE,MG/L,45.87306,-81.25806
200905001,2009-06-04 10:58:50,CCGS LIMNOS,GEORGIAN BAY,5,455200,-805958,27,18.9,2009-05-10 08:36:00,1563,1.00,.00,0.01000000,,0,.050000,F-F,FLUORIDE,MG/L,45.86667,-80.99944
200905001,2009-06-04 10:58:50,CCGS LIMNOS,GEORGIAN BAY,5,455200,-805958,27,18.9,2009-05-10 08:36:00,1563,1.00,.00,0.01000000,,1,.050000,F-F,FLUORIDE,MG/L,45.86667,-80.99944
200905001,2009-06-04 10:58:50,CCGS LIMNOS,GEORGIAN BAY,5,455200,-805958,27,18.9,2009-05-10 08:36:00,1563,998.00,.00,0.01000000,<,0,.010000,F-F,FLUORIDE,MG/L,45.86667,-80.99944
200905001,2009-06-04 10:58:50,CCGS LIMNOS,GEORGIAN BAY,5,455200,-805958,27,18.9,2009-05-10 08:36:00,1563,999.00,.00,0.01000000,<,0,.010000,F-F,FLUORIDE,MG/L,45.86667,-80.99944
200905001,2009-06-04 10:58:50,CCGS LIMNOS,GEORGIAN BAY,6,455003,-805355,26,25.3,2009-05-10 09:15:00,1563,1.00,.00,0.01000000,,0,.050000,F-F,FLUORIDE,MG/L,45.83417,-80.89861
200905001,2009-06-04 10:58:50,CCGS LIMNOS,GEORGIAN BAY,7,454044,-805022,24,40,2009-05-10 10:26:00,1563,1.00,.00,0.01000000,,0,.050000,F-F,FLUORIDE,MG/L,45.67889,-80.83944
200905001,2009-06-04 10:58:50,CCGS LIMNOS,GEORGIAN BAY,8,453501,-810539,29,42.4,2009-05-10 11:49:00,1563,1.00,.00,0.01000000,,0,.060000,F-F,FLUORIDE,MG/L,45.58361,-81.09417
200905001,2009-06-04 10:58:50,CCGS LIMNOS,GEORGIAN BAY,9,452116,-802913,16,22.8,2009-05-10 14:55:00,1563,1.00,.00,0.01000000,,0,.060000,F-F,FLUORIDE,MG/L,45.35444,-80.48694
200905001,2009-06-04 10:58:50,CCGS LIMNOS,GEORGIAN BAY,10,451934,-800658,122,89.2,2009-05-10 16:56:00,1563,1.00,.00,0.01000000,,0,.050000,F-F,FLUORIDE,MG/L,45.32611,-80.11611
200905001,2009-06-04 10:58:50,CCGS LIMNOS,GEORGIAN BAY,10,451934,-800658,122,89.2,2009-05-10 16:56:00,1563,1.00,.00,0.01000000,,1,.050000,F-F,FLUORIDE,MG/L,45.32611,-80.11611
200905001,2009-06-04 10:58:50,CCGS LIMNOS,GEORGIAN BAY,10,451934,-800658,122,89.2,2009-05-10 16:56:00,1563,998.00,.00,0.01000000,<,0,.010000,F-F,FLUORIDE,MG/L,45.32611,-80.11611
200905001,2009-06-04 10:58:50,CCGS LIMNOS,GEORGIAN BAY,10,451934,-800658,122,89.2,2009-05-10 16:56:00,1563,999.00,.00,0.01000000,<,0,.010000,F-F,FLUORIDE,MG/L,45.32611,-80.11611
200905001,2009-06-04 10:58:50,CCGS LIMNOS,GEORGIAN BAY,11,451000,-801747,15,46.1,2009-05-10 20:00:00,1563,1.00,.00,0.01000000,,0,.070000,F-F,FLUORIDE,MG/L,45.16667,-80.29639
200905001,2009-06-04 10:58:50,CCGS LIMNOS,GEORGIAN BAY,12,445708,-800901,8,48.3,2009-05-10 21:41:00,1563,1.00,.00,0.01000000,,0,.060000,F-F,FLUORIDE,MG/L,44.95222,-80.15028
200905001,2009-06-04 10:58:50,CCGS LIMNOS,GEORGIAN BAY,13,445220,-795807,9,28.9,2009-05-10 22:51:00,1563,1.00,.00,0.01000000,,0,.050000,F-F,FLUORIDE,MG/L,44.87222,-79.96861
200905001,2009-06-04 10:58:50,CCGS LIMNOS,GEORGIAN BAY,14,444748,-801434,5,54.9,2009-05-11 00:36:00,1563,1.00,.00,0.01000000,,0,.060000,F-F,FLUORIDE,MG/L,44.79667,-80.24278
200905001,2009-06-04 10:58:50,CCGS LIMNOS,GEORGIAN BAY,15,443847,-801003,4,57.5,2009-05-11 01:46:00,1563,1.00,.00,0.01000000,,0,.050000,F-F,FLUORIDE,MG/L,44.64639,-80.16750
200905001,2009-06-04 10:58:50,CCGS LIMNOS,GEORGIAN BAY,15,443847,-801003,4,57.5,2009-05-11 01:46:00,1563,1.00,.00,0.01000000,,1,.070000,F-F,FLUORIDE,MG/L,44.64639,-80.16750
200905001,2009-06-04 10:58:50,CCGS LIMNOS,GEORGIAN BAY,15,443847,-801003,4,57.5,2009-05-11 01:46:00,1563,998.00,.00,0.01000000,<,0,.010000,F-F,FLUORIDE,MG/L,44.64639,-80.16750
200905001,2009-06-04 10:58:50,CCGS LIMNOS,GEORGIAN BAY,15,443847,-801003,4,57.5,2009-05-11 01:46:00,1563,999.00,.00,0.01000000,<,0,.010000,F-F,FLUORIDE,MG/L,44.64639,-80.16750
200905001,2009-06-04 10:58:50,CCGS LIMNOS,GEORGIAN BAY,16,444411,-802604,6,86.7,2009-05-11 03:20:00,1563,1.00,.00,0.01000000,,0,.060000,F-F,FLUORIDE,MG/L,44.73639,-80.43444
200905001,2009-06-04 10:58:50,CCGS LIMNOS,GEORGIAN BAY,17,444400,-803600,3,30.7,2009-05-11 04:23:00,1563,1.00,.00,0.01000000,,0,.060000,F-F,FLUORIDE,MG/L,44.73333,-80.60000
200905001,2009-06-04 10:58:50,CCGS LIMNOS,GEORGIAN BAY,18,444302,-805124,1,88.7,2009-05-11 05:59:00,1563,1.00,.00,0.01000000,,0,.070000,F-F,FLUORIDE,MG/L,44.71722,-80.85667
200905001,2009-06-04 10:58:50,CCGS LIMNOS,GEORGIAN BAY,19,445516,-803621,11,63,2009-05-11 07:53:00,1563,1.00,.00,0.01000000,,0,.060000,F-F,FLUORIDE,MG/L,44.92111,-80.60583
200905001,2009-06-04 10:58:50,CCGS LIMNOS,GEORGIAN BAY,20,445508,-805232,12,88.5,2009-05-11 09:24:00,1563,1.00,.00,0.01000000,,0,.060000,F-F,FLUORIDE,MG/L,44.91889,-80.87556
200905001,2009-06-04 10:58:50,CCGS LIMNOS,GEORGIAN BAY,20,445508,-805232,12,88.5,2009-05-11 09:24:00,1563,1.00,.00,0.01000000,,1,.060000,F-F,FLUORIDE,MG/L,44.91889,-80.87556
200905001,2009-06-04 10:58:50,CCGS LIMNOS,GEORGIAN BAY,20,445508,-805232,12,88.5,2009-05-11 09:24:00,1563,998.00,.00,0.01000000,<,0,.010000,F-F,FLUORIDE,MG/L,44.91889,-80.87556
200905001,2009-06-04 10:58:50,CCGS LIMNOS,GEORGIAN BAY,20,445508,-805232,12,88.5,2009-05-11 09:24:00,1563,999.00,.00,0.01000000,<,0,.010000,F-F,FLUORIDE,MG/L,44.91889,-80.87556
200905001,2009-06-04 10:58:50,CCGS LIMNOS,GEORGIAN BAY,21,450359,-811512,19,53,2009-05-11 11:35:00,1563,1.00,.00,0.01000000,,0,.060000,F-F,FLUORIDE,MG/L,45.06639,-81.25333
200905001,2009-06-04 10:58:50,CCGS LIMNOS,GEORGIAN BAY,22,451442,-805232,17,78,2009-05-11 13:44:00,1563,1.00,.00,0.01000000,,0,.060000,F-F,FLUORIDE,MG/L,45.24500,-80.87556
200905001,2009-06-04 10:58:50,CCGS LIMNOS,GEORGIAN BAY,23,452153,-811124,21,86.4,2009-05-11 15:38:00,1563,1.00,.00,0.01000000,,0,.060000,F-F,FLUORIDE,MG/L,45.36472,-81.19000
200905001,2009-06-04 10:58:50,CCGS LIMNOS,GEORGIAN BAY,24,451417,-812625,31,58.9,2009-05-11 17:18:00,1563,1.00,.00,0.01000000,,0,.060000,F-F,FLUORIDE,MG/L,45.23806,-81.44028
200905001,2009-06-04 10:58:50,CCGS LIMNOS,GEORGIAN BAY,25,452213,-813507,33,53.3,2009-05-11 18:51:00,1563,1.00,.00,0.01000000,,0,.060000,F-F,FLUORIDE,MG/L,45.37028,-81.58528
200905001,2009-06-04 10:58:50,CCGS LIMNOS,GEORGIAN BAY,25,452213,-813507,33,53.3,2009-05-11 18:51:00,1563,1.00,.00,0.01000000,,1,.060000,F-F,FLUORIDE,MG/L,45.37028,-81.58528
200905001,2009-06-04 10:58:50,CCGS LIMNOS,GEORGIAN BAY,25,452213,-813507,33,53.3,2009-05-11 18:51:00,1563,998.00,.00,0.01000000,<,0,.010000,F-F,FLUORIDE,MG/L,45.37028,-81.58528
200905001,2009-06-04 10:58:50,CCGS LIMNOS,GEORGIAN BAY,25,452213,-813507,33,53.3,2009-05-11 18:51:00,1563,999.00,.00,0.01000000,<,0,.010000,F-F,FLUORIDE,MG/L,45.37028,-81.58528
200905001,2009-06-04 10:58:50,CCGS LIMNOS,GEORGIAN BAY,26,453140,-814012,35,35.6,2009-05-11 20:09:00,1563,1.00,.00,0.01000000,,0,.060000,F-F,FLUORIDE,MG/L,45.52778,-81.67000
200905003,2009-09-29 08:06:17,CCGS LIMNOS,GEORGIAN BAY,1,454547,-814746,46,19,2009-08-10 09:35:00,1563,1.00,.00,0.01000000,,0,.060000,F-F,FLUORIDE,MG/L,45.76306,-81.79611
200905003,2009-09-29 08:06:17,CCGS LIMNOS,GEORGIAN BAY,2,455444,-813542,42,28.1,2009-08-10 11:17:00,1563,1.00,.00,0.01000000,,0,.060000,F-F,FLUORIDE,MG/L,45.91222,-81.59500
200905003,2009-09-29 08:06:17,CCGS LIMNOS,GEORGIAN BAY,2,455444,-813542,42,28.1,2009-08-10 11:17:00,1563,15.00,.00,0.01000000,,0,.060000,F-F,FLUORIDE,MG/L,45.91222,-81.59500
200905003,2009-09-29 08:06:17,CCGS LIMNOS,GEORGIAN BAY,3,454231,-813715,36,50.5,2009-08-10 12:57:00,1563,1.00,.00,0.01000000,,0,.060000,F-F,FLUORIDE,MG/L,45.70861,-81.62083
200905003,2009-09-29 08:06:17,CCGS LIMNOS,GEORGIAN BAY,4,455224,-811529,39,25,2009-08-10 15:05:00,1563,1.00,.00,0.01000000,,0,.060000,F-F,FLUORIDE,MG/L,45.87333,-81.25806
200905003,2009-09-29 08:06:17,CCGS LIMNOS,GEORGIAN BAY,5,455159,-810002,27,16.5,2009-08-10 16:22:00,1563,1.00,.00,0.01000000,,0,.060000,F-F,FLUORIDE,MG/L,45.86639,-81.00056
200905003,2009-09-29 08:06:17,CCGS LIMNOS,GEORGIAN BAY,5,455159,-810002,27,16.5,2009-08-10 16:22:00,1563,1.00,.00,0.01000000,,1,.060000,F-F,FLUORIDE,MG/L,45.86639,-81.00056
200905003,2009-09-29 08:06:17,CCGS LIMNOS,GEORGIAN BAY,5,455159,-810002,27,16.5,2009-08-10 16:22:00,1563,13.00,.00,0.01000000,,0,.050000,F-F,FLUORIDE,MG/L,45.86639,-81.00056
200905003,2009-09-29 08:06:17,CCGS LIMNOS,GEORGIAN BAY,5,455159,-810002,27,16.5,2009-08-10 16:22:00,1563,998.00,.00,0.01000000,<,0,.010000,F-F,FLUORIDE,MG/L,45.86639,-81.00056
200905003,2009-09-29 08:06:17,CCGS LIMNOS,GEORGIAN BAY,6,454958,-805400,26,25.4,2009-08-10 17:25:00,1563,1.00,.00,0.01000000,,0,.050000,F-F,FLUORIDE,MG/L,45.83278,-80.90000
200905003,2009-09-29 08:06:17,CCGS LIMNOS,GEORGIAN BAY,7,454044,-805022,24,40.4,2009-08-10 18:41:00,1563,1.00,.00,0.01000000,,0,.050000,F-F,FLUORIDE,MG/L,45.67889,-80.83944
200905003,2009-09-29 08:06:17,CCGS LIMNOS,GEORGIAN BAY,8,453500,-810500,29,43.1,2009-08-10 20:24:00,1563,1.00,.00,0.01000000,,0,.060000,F-F,FLUORIDE,MG/L,45.58333,-81.08333
200905003,2009-09-29 08:06:17,CCGS LIMNOS,GEORGIAN BAY,8,453500,-810500,29,43.1,2009-08-10 20:24:00,1563,10.00,.00,0.01000000,,0,.060000,F-F,FLUORIDE,MG/L,45.58333,-81.08333
200905003,2009-09-29 08:06:17,CCGS LIMNOS,GEORGIAN BAY,8,453500,-810500,29,43.1,2009-08-10 20:24:00,1563,16.00,.00,0.01000000,,0,.060000,F-F,FLUORIDE,MG/L,45.58333,-81.08333
200905003,2009-09-29 08:06:17,CCGS LIMNOS,GEORGIAN BAY,8,453500,-810500,29,43.1,2009-08-10 20:24:00,1563,26.00,.00,0.01000000,,0,.060000,F-F,FLUORIDE,MG/L,45.58333,-81.08333
200905003,2009-09-29 08:06:17,CCGS LIMNOS,GEORGIAN BAY,8,453500,-810500,29,43.1,2009-08-10 20:24:00,1563,32.00,.00,0.01000000,,0,.060000,F-F,FLUORIDE,MG/L,45.58333,-81.08333
200905003,2009-09-29 08:06:17,CCGS LIMNOS,GEORGIAN BAY,8,453500,-810500,29,43.1,2009-08-10 20:24:00,1563,40.00,.00,0.01000000,,0,.060000,F-F,FLUORIDE,MG/L,45.58333,-81.08333
200905003,2009-09-29 08:06:17,CCGS LIMNOS,GEORGIAN BAY,9,452110,-802911,16,23.1,2009-08-10 23:28:00,1563,1.00,.00,0.01000000,,0,.060000,F-F,FLUORIDE,MG/L,45.35278,-80.48639
200905003,2009-09-29 08:06:17,CCGS LIMNOS,GEORGIAN BAY,10,451929,-800701,122,95.7,2009-08-11 01:29:00,1563,1.00,.00,0.01000000,,0,.050000,F-F,FLUORIDE,MG/L,45.32472,-80.11694
200905003,2009-09-29 08:06:17,CCGS LIMNOS,GEORGIAN BAY,10,451929,-800701,122,95.7,2009-08-11 01:29:00,1563,1.00,.00,0.01000000,,1,.050000,F-F,FLUORIDE,MG/L,45.32472,-80.11694
200905003,2009-09-29 08:06:17,CCGS LIMNOS,GEORGIAN BAY,10,451929,-800701,122,95.7,2009-08-11 01:29:00,1563,998.00,.00,0.01000000,<,0,.010000,F-F,FLUORIDE,MG/L,45.32472,-80.11694
200905003,2009-09-29 08:06:17,CCGS LIMNOS,GEORGIAN BAY,11,451001,-801748,15,44.2,2009-08-11 04:36:00,1563,1.00,.00,0.01000000,,0,.060000,F-F,FLUORIDE,MG/L,45.16694,-80.29667
200905003,2009-09-29 08:06:17,CCGS LIMNOS,GEORGIAN BAY,12,445710,-800859,8,50.8,2009-08-11 06:20:00,1563,1.00,.00,0.01000000,,0,.060000,F-F,FLUORIDE,MG/L,44.95278,-80.14972
200905003,2009-09-29 08:06:17,CCGS LIMNOS,GEORGIAN BAY,13,445216,-795802,9,28,2009-08-11 07:39:00,1563,1.00,.00,0.01000000,,0,.050000,F-F,FLUORIDE,MG/L,44.87111,-79.96722
200905003,2009-09-29 08:06:17,CCGS LIMNOS,GEORGIAN BAY,13,445216,-795802,9,28,2009-08-11 07:39:00,1563,10.00,.00,0.01000000,,0,.060000,F-F,FLUORIDE,MG/L,44.87111,-79.96722
200905003,2009-09-29 08:06:17,CCGS LIMNOS,GEORGIAN BAY,13,445216,-795802,9,28,2009-08-11 07:39:00,1563,18.50,.00,0.01000000,,0,.060000,F-F,FLUORIDE,MG/L,44.87111,-79.96722
200905003,2009-09-29 08:06:17,CCGS LIMNOS,GEORGIAN BAY,13,445216,-795802,9,28,2009-08-11 07:39:00,1563,25.00,.00,0.01000000,,0,.050000,F-F,FLUORIDE,MG/L,44.87111,-79.96722
200905003,2009-09-29 08:06:17,CCGS LIMNOS,GEORGIAN BAY,14,444748,-801437,5,58.4,2009-08-11 10:10:00,1563,1.00,.00,0.01000000,,0,.060000,F-F,FLUORIDE,MG/L,44.79667,-80.24361
200905003,2009-09-29 08:06:17,CCGS LIMNOS,GEORGIAN BAY,15,443842,-801003,4,58.1,2009-08-11 11:22:00,1563,1.00,.00,0.01000000,,0,.060000,F-F,FLUORIDE,MG/L,44.64500,-80.16750
200905003,2009-09-29 08:06:17,CCGS LIMNOS,GEORGIAN BAY,15,443842,-801003,4,58.1,2009-08-11 11:22:00,1563,1.00,.00,0.01000000,,1,.060000,F-F,FLUORIDE,MG/L,44.64500,-80.16750
200905003,2009-09-29 08:06:17,CCGS LIMNOS,GEORGIAN BAY,15,443842,-801003,4,58.1,2009-08-11 11:22:00,1563,17.00,.00,0.01000000,,0,.060000,F-F,FLUORIDE,MG/L,44.64500,-80.16750
200905003,2009-09-29 08:06:17,CCGS LIMNOS,GEORGIAN BAY,15,443842,-801003,4,58.1,2009-08-11 11:22:00,1563,30.00,.00,0.01000000,,0,.060000,F-F,FLUORIDE,MG/L,44.64500,-80.16750
200905003,2009-09-29 08:06:17,CCGS LIMNOS,GEORGIAN BAY,15,443842,-801003,4,58.1,2009-08-11 11:22:00,1563,44.00,.00,0.01000000,,0,.060000,F-F,FLUORIDE,MG/L,44.64500,-80.16750
200905003,2009-09-29 08:06:17,CCGS LIMNOS,GEORGIAN BAY,15,443842,-801003,4,58.1,2009-08-11 11:22:00,1563,48.00,.00,0.01000000,,0,.060000,F-F,FLUORIDE,MG/L,44.64500,-80.16750
200905003,2009-09-29 08:06:17,CCGS LIMNOS,GEORGIAN BAY,15,443842,-801003,4,58.1,2009-08-11 11:22:00,1563,56.00,.00,0.01000000,,0,.060000,F-F,FLUORIDE,MG/L,44.64500,-80.16750
200905003,2009-09-29 08:06:17,CCGS LIMNOS,GEORGIAN BAY,15,443842,-801003,4,58.1,2009-08-11 11:22:00,1563,998.00,.00,0.01000000,<,0,.010000,F-F,FLUORIDE,MG/L,44.64500,-80.16750
200905003,2009-09-29 08:06:17,CCGS LIMNOS,GEORGIAN BAY,16,444413,-802607,6,86.7,2009-08-11 13:08:00,1563,1.00,.00,0.01000000,,0,.060000,F-F,FLUORIDE,MG/L,44.73694,-80.43528
200905003,2009-09-29 08:06:17,CCGS LIMNOS,GEORGIAN BAY,17,444333,-803606,3,31.3,2009-08-11 14:06:00,1563,1.00,.00,0.01000000,,0,.060000,F-F,FLUORIDE,MG/L,44.72583,-80.60167
200905003,2009-09-29 08:06:17,CCGS LIMNOS,GEORGIAN BAY,18,444303,-805125,1,89.9,2009-08-11 16:04:00,1563,1.00,.00,0.01000000,,0,.060000,F-F,FLUORIDE,MG/L,44.71750,-80.85694
200905003,2009-09-29 08:06:17,CCGS LIMNOS,GEORGIAN BAY,18,444303,-805125,1,89.9,2009-08-11 16:04:00,1563,5.00,.00,0.01000000,,0,.060000,F-F,FLUORIDE,MG/L,44.71750,-80.85694
200905003,2009-09-29 08:06:17,CCGS LIMNOS,GEORGIAN BAY,18,444303,-805125,1,89.9,2009-08-11 16:04:00,1563,17.00,.00,0.01000000,,0,.060000,F-F,FLUORIDE,MG/L,44.71750,-80.85694
200905003,2009-09-29 08:06:17,CCGS LIMNOS,GEORGIAN BAY,18,444303,-805125,1,89.9,2009-08-11 16:04:00,1563,29.00,.00,0.01000000,,0,.060000,F-F,FLUORIDE,MG/L,44.71750,-80.85694
200905003,2009-09-29 08:06:17,CCGS LIMNOS,GEORGIAN BAY,18,444303,-805125,1,89.9,2009-08-11 16:04:00,1563,79.50,.00,0.01000000,,0,.060000,F-F,FLUORIDE,MG/L,44.71750,-80.85694
200905003,2009-09-29 08:06:17,CCGS LIMNOS,GEORGIAN BAY,18,444303,-805125,1,89.9,2009-08-11 16:04:00,1563,87.50,.00,0.01000000,,0,.060000,F-F,FLUORIDE,MG/L,44.71750,-80.85694
200905003,2009-09-29 08:06:17,CCGS LIMNOS,GEORGIAN BAY,19,445518,-803629,11,59.9,2009-08-11 17:53:00,1563,1.00,.00,0.01000000,,0,.060000,F-F,FLUORIDE,MG/L,44.92167,-80.60806
200905003,2009-09-29 08:06:17,CCGS LIMNOS,GEORGIAN BAY,20,445513,-805229,12,88.9,2009-08-11 19:24:00,1563,1.00,.00,0.01000000,,0,.060000,F-F,FLUORIDE,MG/L,44.92028,-80.87472
200905003,2009-09-29 08:06:17,CCGS LIMNOS,GEORGIAN BAY,20,445513,-805229,12,88.9,2009-08-11 19:24:00,1563,1.00,.00,0.01000000,,1,.060000,F-F,FLUORIDE,MG/L,44.92028,-80.87472
200905003,2009-09-29 08:06:17,CCGS LIMNOS,GEORGIAN BAY,20,445513,-805229,12,88.9,2009-08-11 19:24:00,1563,998.00,.00,0.01000000,<,0,.010000,F-F,FLUORIDE,MG/L,44.92028,-80.87472
200905003,2009-09-29 08:06:17,CCGS LIMNOS,GEORGIAN BAY,21,450401,-811512,19,53.5,2009-08-11 21:41:00,1563,1.00,.00,0.01000000,,0,.060000,F-F,FLUORIDE,MG/L,45.06694,-81.25333
200905003,2009-09-29 08:06:17,CCGS LIMNOS,GEORGIAN BAY,22,451439,-805224,17,76.7,2009-08-11 23:56:00,1563,1.00,.00,0.01000000,,0,.060000,F-F,FLUORIDE,MG/L,45.24417,-80.87333
200905003,2009-09-29 08:06:17,CCGS LIMNOS,GEORGIAN BAY,22,451439,-805224,17,76.7,2009-08-11 23:56:00,1563,17.00,.00,0.01000000,,0,.060000,F-F,FLUORIDE,MG/L,45.24417,-80.87333
200905003,2009-09-29 08:06:17,CCGS LIMNOS,GEORGIAN BAY,22,451439,-805224,17,76.7,2009-08-11 23:56:00,1563,30.00,.00,0.01000000,,0,.060000,F-F,FLUORIDE,MG/L,45.24417,-80.87333
200905003,2009-09-29 08:06:17,CCGS LIMNOS,GEORGIAN BAY,22,451439,-805224,17,76.7,2009-08-11 23:56:00,1563,43.00,.00,0.01000000,,0,.060000,F-F,FLUORIDE,MG/L,45.24417,-80.87333
200905003,2009-09-29 08:06:17,CCGS LIMNOS,GEORGIAN BAY,22,451439,-805224,17,76.7,2009-08-11 23:56:00,1563,67.00,.00,0.01000000,,0,.060000,F-F,FLUORIDE,MG/L,45.24417,-80.87333
200905003,2009-09-29 08:06:17,CCGS LIMNOS,GEORGIAN BAY,22,451439,-805224,17,76.7,2009-08-11 23:56:00,1563,74.00,.00,0.01000000,,0,.060000,F-F,FLUORIDE,MG/L,45.24417,-80.87333
200905003,2009-09-29 08:06:17,CCGS LIMNOS,GEORGIAN BAY,23,452152,-811122,21,87,2009-08-12 02:10:00,1563,1.00,.00,0.01000000,,0,.060000,F-F,FLUORIDE,MG/L,45.36444,-81.18944
200905003,2009-09-29 08:06:17,CCGS LIMNOS,GEORGIAN BAY,24,451418,-812623,31,61.3,2009-08-12 03:55:00,1563,1.00,.00,0.01000000,,0,.060000,F-F,FLUORIDE,MG/L,45.23833,-81.43972
200905003,2009-09-29 08:06:17,CCGS LIMNOS,GEORGIAN BAY,25,452212,-813505,33,54.3,2009-08-12 05:09:00,1563,1.00,.00,0.01000000,,0,.060000,F-F,FLUORIDE,MG/L,45.37000,-81.58472
200905003,2009-09-29 08:06:17,CCGS LIMNOS,GEORGIAN BAY,25,452212,-813505,33,54.3,2009-08-12 05:09:00,1563,1.00,.00,0.01000000,,1,.060000,F-F,FLUORIDE,MG/L,45.37000,-81.58472
200905003,2009-09-29 08:06:17,CCGS LIMNOS,GEORGIAN BAY,25,452212,-813505,33,54.3,2009-08-12 05:09:00,1563,6.00,.00,0.01000000,,0,.060000,F-F,FLUORIDE,MG/L,45.37000,-81.58472
200905003,2009-09-29 08:06:17,CCGS LIMNOS,GEORGIAN BAY,25,452212,-813505,33,54.3,2009-08-12 05:09:00,1563,25.00,.00,0.01000000,,0,.060000,F-F,FLUORIDE,MG/L,45.37000,-81.58472
200905003,2009-09-29 08:06:17,CCGS LIMNOS,GEORGIAN BAY,25,452212,-813505,33,54.3,2009-08-12 05:09:00,1563,43.50,.00,0.01000000,,0,.060000,F-F,FLUORIDE,MG/L,45.37000,-81.58472
200905003,2009-09-29 08:06:17,CCGS LIMNOS,GEORGIAN BAY,25,452212,-813505,33,54.3,2009-08-12 05:09:00,1563,48.00,.00,0.01000000,,0,.060000,F-F,FLUORIDE,MG/L,45.37000,-81.58472
200905003,2009-09-29 08:06:17,CCGS LIMNOS,GEORGIAN BAY,25,452212,-813505,33,54.3,2009-08-12 05:09:00,1563,51.50,.00,0.01000000,,0,.060000,F-F,FLUORIDE,MG/L,45.37000,-81.58472
200905003,2009-09-29 08:06:17,CCGS LIMNOS,GEORGIAN BAY,25,452212,-813505,33,54.3,2009-08-12 05:09:00,1563,998.00,.00,0.01000000,<,0,.010000,F-F,FLUORIDE,MG/L,45.37000,-81.58472
200905003,2009-09-29 08:06:17,CCGS LIMNOS,GEORGIAN BAY,26,453138,-814010,35,36.7,2009-08-12 06:50:00,1563,1.00,.00,0.01000000,,0,.060000,F-F,FLUORIDE,MG/L,45.52722,-81.66944
