CRUISE_PLAN,LAST_DATE_UPDATED,SHIP_NAME,WATER_BODY,CSN,LATITUDE,LONGITUDE,PSN,SOUNDING,STN_DATE,CODE,DEPTH_FROM,DEPTH_TO,DETECTION,FLAG,SEQ_NO,VALUE,ABBREV,FULL_NAME,UNITS,LATITUDE_DD,LONGITUDE_DD
201405001,2014-12-03 10:26:42,CCGS LIMNOS,GEORGIAN BAY,1,453140,-814010,35,34.7,2014-05-11 19:35:00,6,1.00,.00,0.00000000,,0,1.000000,TPL,TEMPERATURE PROFILE LOCATION,,45.52778,-81.66944
201405001,2014-12-03 10:26:42,CCGS LIMNOS,GEORGIAN BAY,2,454232,-813712,36,51.8,2014-05-11 21:00:00,6,1.00,.00,0.00000000,,0,1.000000,TPL,TEMPERATURE PROFILE LOCATION,,45.70889,-81.62000
201405001,2014-12-03 10:26:42,CCGS LIMNOS,GEORGIAN BAY,3,455447,-813544,42,23.3,2014-05-11 23:00:00,6,1.00,.00,0.00000000,,0,1.000000,TPL,TEMPERATURE PROFILE LOCATION,,45.91306,-81.59556
201405001,2014-12-03 10:26:42,CCGS LIMNOS,GEORGIAN BAY,3,455447,-813544,42,23.3,2014-05-11 23:00:00,6,13.00,.00,0.00000000,,0,1.000000,TPL,TEMPERATURE PROFILE LOCATION,,45.91306,-81.59556
201405001,2014-12-03 10:26:42,CCGS LIMNOS,GEORGIAN BAY,3,455447,-813544,42,23.3,2014-05-11 23:00:00,6,21.00,.00,0.00000000,,0,1.000000,TPL,TEMPERATURE PROFILE LOCATION,,45.91306,-81.59556
201405001,2014-12-03 10:26:42,CCGS LIMNOS,GEORGIAN BAY,4,455224,-811530,39,27.2,2014-05-12 01:20:00,6,1.00,.00,0.00000000,,0,1.000000,TPL,TEMPERATURE PROFILE LOCATION,,45.87333,-81.25833
201405001,2014-12-03 10:26:42,CCGS LIMNOS,GEORGIAN BAY,5,455200,-810000,27,12.2,2014-05-12 02:50:00,6,1.00,.00,0.00000000,,0,1.000000,TPL,TEMPERATURE PROFILE LOCATION,,45.86667,-81.00000
201405001,2014-12-03 10:26:42,CCGS LIMNOS,GEORGIAN BAY,5,455200,-810000,27,12.2,2014-05-12 02:50:00,6,1.00,.00,0.00000000,,1,1.000000,TPL,TEMPERATURE PROFILE LOCATION,,45.86667,-81.00000
201405001,2014-12-03 10:26:42,CCGS LIMNOS,GEORGIAN BAY,5,455200,-810000,27,12.2,2014-05-12 02:50:00,6,10.00,.00,0.00000000,,0,1.000000,TPL,TEMPERATURE PROFILE LOCATION,,45.86667,-81.00000
201405001,2014-12-03 10:26:42,CCGS LIMNOS,GEORGIAN BAY,6,455001,-805400,26,20.5,2014-05-12 03:50:00,6,1.00,.00,0.00000000,,0,1.000000,TPL,TEMPERATURE PROFILE LOCATION,,45.83361,-80.90000
201405001,2014-12-03 10:26:42,CCGS LIMNOS,GEORGIAN BAY,7,454044,-805021,24,39.7,2014-05-12 05:05:00,6,1.00,.00,0.00000000,,0,1.000000,TPL,TEMPERATURE PROFILE LOCATION,,45.67889,-80.83917
201405001,2014-12-03 10:26:42,CCGS LIMNOS,GEORGIAN BAY,8,453501,-810459,29,42.7,2014-05-12 06:50:00,6,1.00,.00,0.00000000,,0,1.000000,TPL,TEMPERATURE PROFILE LOCATION,,45.58361,-81.08306
201405001,2014-12-03 10:26:42,CCGS LIMNOS,GEORGIAN BAY,8,453501,-810459,29,42.7,2014-05-12 06:50:00,6,40.00,.00,0.00000000,,0,1.000000,TPL,TEMPERATURE PROFILE LOCATION,,45.58361,-81.08306
201405001,2014-12-03 10:26:42,CCGS LIMNOS,GEORGIAN BAY,9,452153,-811126,21,85.4,2014-05-12 09:00:00,6,1.00,.00,0.00000000,,0,1.000000,TPL,TEMPERATURE PROFILE LOCATION,,45.36472,-81.19056
201405001,2014-12-03 10:26:42,CCGS LIMNOS,GEORGIAN BAY,10,451442,-805232,17,77.6,2014-05-12 11:00:00,6,1.00,.00,0.00000000,,0,1.000000,TPL,TEMPERATURE PROFILE LOCATION,,45.24500,-80.87556
201405001,2014-12-03 10:26:42,CCGS LIMNOS,GEORGIAN BAY,10,451442,-805232,17,77.6,2014-05-12 11:00:00,6,1.00,.00,0.00000000,,1,1.000000,TPL,TEMPERATURE PROFILE LOCATION,,45.24500,-80.87556
201405001,2014-12-03 10:26:42,CCGS LIMNOS,GEORGIAN BAY,10,451442,-805232,17,77.6,2014-05-12 11:00:00,6,50.00,.00,0.00000000,,0,1.000000,TPL,TEMPERATURE PROFILE LOCATION,,45.24500,-80.87556
201405001,2014-12-03 10:26:42,CCGS LIMNOS,GEORGIAN BAY,10,451442,-805232,17,77.6,2014-05-12 11:00:00,6,67.00,.00,0.00000000,,0,1.000000,TPL,TEMPERATURE PROFILE LOCATION,,45.24500,-80.87556
201405001,2014-12-03 10:26:42,CCGS LIMNOS,GEORGIAN BAY,10,451442,-805232,17,77.6,2014-05-12 11:00:00,6,75.00,.00,0.00000000,,0,1.000000,TPL,TEMPERATURE PROFILE LOCATION,,45.24500,-80.87556
201405001,2014-12-03 10:26:42,CCGS LIMNOS,GEORGIAN BAY,11,452113,-802913,16,22,2014-05-12 13:55:00,6,1.00,.00,0.00000000,,0,1.000000,TPL,TEMPERATURE PROFILE LOCATION,,45.35361,-80.48694
201405001,2014-12-03 10:26:42,CCGS LIMNOS,GEORGIAN BAY,12,451928,-800700,122,95.7,2014-05-12 15:55:00,6,1.00,.00,0.00000000,,0,1.000000,TPL,TEMPERATURE PROFILE LOCATION,,45.32444,-80.11667
201405001,2014-12-03 10:26:42,CCGS LIMNOS,GEORGIAN BAY,13,451000,-801750,15,46.2,2014-05-12 19:00:00,6,1.00,.00,0.00000000,,0,1.000000,TPL,TEMPERATURE PROFILE LOCATION,,45.16667,-80.29722
201405001,2014-12-03 10:26:42,CCGS LIMNOS,GEORGIAN BAY,14,445710,-800854,8,49.6,2014-05-12 20:48:00,6,1.00,.00,0.00000000,,0,1.000000,TPL,TEMPERATURE PROFILE LOCATION,,44.95278,-80.14833
201405001,2014-12-03 10:26:42,CCGS LIMNOS,GEORGIAN BAY,15,445218,-795804,9,29.6,2014-05-12 22:10:00,6,1.00,.00,0.00000000,,0,1.000000,TPL,TEMPERATURE PROFILE LOCATION,,44.87167,-79.96778
201405001,2014-12-03 10:26:42,CCGS LIMNOS,GEORGIAN BAY,15,445218,-795804,9,29.6,2014-05-12 22:10:00,6,1.00,.00,0.00000000,,1,1.000000,TPL,TEMPERATURE PROFILE LOCATION,,44.87167,-79.96778
201405001,2014-12-03 10:26:42,CCGS LIMNOS,GEORGIAN BAY,15,445218,-795804,9,29.6,2014-05-12 22:10:00,6,19.00,.00,0.00000000,,0,1.000000,TPL,TEMPERATURE PROFILE LOCATION,,44.87167,-79.96778
201405001,2014-12-03 10:26:42,CCGS LIMNOS,GEORGIAN BAY,15,445218,-795804,9,29.6,2014-05-12 22:10:00,6,27.00,.00,0.00000000,,0,1.000000,TPL,TEMPERATURE PROFILE LOCATION,,44.87167,-79.96778
201405001,2014-12-03 10:26:42,CCGS LIMNOS,GEORGIAN BAY,16,444748,-801436,5,58.5,2014-05-13 00:25:00,6,1.00,.00,0.00000000,,0,1.000000,TPL,TEMPERATURE PROFILE LOCATION,,44.79667,-80.24333
201405001,2014-12-03 10:26:42,CCGS LIMNOS,GEORGIAN BAY,17,443846,-801000,4,57.8,2014-05-13 02:00:00,6,1.00,.00,0.00000000,,0,1.000000,TPL,TEMPERATURE PROFILE LOCATION,,44.64611,-80.16667
201405001,2014-12-03 10:26:42,CCGS LIMNOS,GEORGIAN BAY,17,443846,-801000,4,57.8,2014-05-13 02:00:00,6,48.00,.00,0.00000000,,0,1.000000,TPL,TEMPERATURE PROFILE LOCATION,,44.64611,-80.16667
201405001,2014-12-03 10:26:42,CCGS LIMNOS,GEORGIAN BAY,17,443846,-801000,4,57.8,2014-05-13 02:00:00,6,56.00,.00,0.00000000,,0,1.000000,TPL,TEMPERATURE PROFILE LOCATION,,44.64611,-80.16667
201405001,2014-12-03 10:26:42,CCGS LIMNOS,GEORGIAN BAY,18,444412,-802606,6,87.1,2014-05-13 04:00:00,6,1.00,.00,0.00000000,,0,1.000000,TPL,TEMPERATURE PROFILE LOCATION,,44.73667,-80.43500
201405001,2014-12-03 10:26:42,CCGS LIMNOS,GEORGIAN BAY,19,444330,-803658,3,33.7,2014-05-13 05:10:00,6,1.00,.00,0.00000000,,0,1.000000,TPL,TEMPERATURE PROFILE LOCATION,,44.72500,-80.61611
201405001,2014-12-03 10:26:42,CCGS LIMNOS,GEORGIAN BAY,20,444305,-805126,1,88.9,2014-05-13 06:50:00,6,1.00,.00,0.00000000,,0,1.000000,TPL,TEMPERATURE PROFILE LOCATION,,44.71806,-80.85722
201405001,2014-12-03 10:26:42,CCGS LIMNOS,GEORGIAN BAY,20,444305,-805126,1,88.9,2014-05-13 06:50:00,6,1.00,.00,0.00000000,,1,1.000000,TPL,TEMPERATURE PROFILE LOCATION,,44.71806,-80.85722
201405001,2014-12-03 10:26:42,CCGS LIMNOS,GEORGIAN BAY,20,444305,-805126,1,88.9,2014-05-13 06:50:00,6,50.00,.00,0.00000000,,0,1.000000,TPL,TEMPERATURE PROFILE LOCATION,,44.71806,-80.85722
201405001,2014-12-03 10:26:42,CCGS LIMNOS,GEORGIAN BAY,20,444305,-805126,1,88.9,2014-05-13 06:50:00,6,79.00,.00,0.00000000,,0,1.000000,TPL,TEMPERATURE PROFILE LOCATION,,44.71806,-80.85722
201405001,2014-12-03 10:26:42,CCGS LIMNOS,GEORGIAN BAY,20,444305,-805126,1,88.9,2014-05-13 06:50:00,6,87.00,.00,0.00000000,,0,1.000000,TPL,TEMPERATURE PROFILE LOCATION,,44.71806,-80.85722
201405001,2014-12-03 10:26:42,CCGS LIMNOS,GEORGIAN BAY,21,445516,-803627,11,60.3,2014-05-13 09:32:00,6,1.00,.00,0.00000000,,0,1.000000,TPL,TEMPERATURE PROFILE LOCATION,,44.92111,-80.60750
201405001,2014-12-03 10:26:42,CCGS LIMNOS,GEORGIAN BAY,22,445511,-805231,12,88.1,2014-05-13 11:00:00,6,1.00,.00,0.00000000,,0,1.000000,TPL,TEMPERATURE PROFILE LOCATION,,44.91972,-80.87528
201405001,2014-12-03 10:26:42,CCGS LIMNOS,GEORGIAN BAY,23,450359,-811514,19,51.5,2014-05-13 13:20:00,6,1.00,.00,0.00000000,,0,1.000000,TPL,TEMPERATURE PROFILE LOCATION,,45.06639,-81.25389
201405001,2014-12-03 10:26:42,CCGS LIMNOS,GEORGIAN BAY,24,451418,-812626,31,64.5,2014-05-13 16:10:00,6,1.00,.00,0.00000000,,0,1.000000,TPL,TEMPERATURE PROFILE LOCATION,,45.23833,-81.44056
201405001,2014-12-03 10:26:42,CCGS LIMNOS,GEORGIAN BAY,25,452213,-813507,33,51,2014-05-13 17:50:00,6,1.00,.00,0.00000000,,0,1.000000,TPL,TEMPERATURE PROFILE LOCATION,,45.37028,-81.58528
201405001,2014-12-03 10:26:42,CCGS LIMNOS,GEORGIAN BAY,25,452213,-813507,33,51,2014-05-13 17:50:00,6,1.00,.00,0.00000000,,1,1.000000,TPL,TEMPERATURE PROFILE LOCATION,,45.37028,-81.58528
201405001,2014-12-03 10:26:42,CCGS LIMNOS,GEORGIAN BAY,25,452213,-813507,33,51,2014-05-13 17:50:00,6,41.00,.00,0.00000000,,0,1.000000,TPL,TEMPERATURE PROFILE LOCATION,,45.37028,-81.58528
201405001,2014-12-03 10:26:42,CCGS LIMNOS,GEORGIAN BAY,25,452213,-813507,33,51,2014-05-13 17:50:00,6,49.00,.00,0.00000000,,0,1.000000,TPL,TEMPERATURE PROFILE LOCATION,,45.37028,-81.58528
201405003,2014-12-03 10:30:37,CCGS LIMNOS,GEORGIAN BAY,1,452213,-813507,33,54,2014-08-11 18:58:00,6,1.00,.00,0.00000000,,0,1.000000,TPL,TEMPERATURE PROFILE LOCATION,,45.37028,-81.58528
201405003,2014-12-03 10:30:37,CCGS LIMNOS,GEORGIAN BAY,1,452213,-813507,33,54,2014-08-11 18:58:00,6,4.00,.00,0.00000000,,0,1.000000,TPL,TEMPERATURE PROFILE LOCATION,,45.37028,-81.58528
201405003,2014-12-03 10:30:37,CCGS LIMNOS,GEORGIAN BAY,1,452213,-813507,33,54,2014-08-11 18:58:00,6,12.00,.00,0.00000000,,0,2.000000,TPL,TEMPERATURE PROFILE LOCATION,,45.37028,-81.58528
201405003,2014-12-03 10:30:37,CCGS LIMNOS,GEORGIAN BAY,1,452213,-813507,33,54,2014-08-11 18:58:00,6,22.00,.00,0.00000000,,0,3.000000,TPL,TEMPERATURE PROFILE LOCATION,,45.37028,-81.58528
201405003,2014-12-03 10:30:37,CCGS LIMNOS,GEORGIAN BAY,1,452213,-813507,33,54,2014-08-11 18:58:00,6,44.00,.00,0.00000000,,0,3.000000,TPL,TEMPERATURE PROFILE LOCATION,,45.37028,-81.58528
201405003,2014-12-03 10:30:37,CCGS LIMNOS,GEORGIAN BAY,1,452213,-813507,33,54,2014-08-11 18:58:00,6,52.00,.00,0.00000000,,0,3.000000,TPL,TEMPERATURE PROFILE LOCATION,,45.37028,-81.58528
201405003,2014-12-03 10:30:37,CCGS LIMNOS,GEORGIAN BAY,2,451417,-812629,31,63.9,2014-08-11 20:30:00,6,1.00,.00,0.00000000,,0,1.000000,TPL,TEMPERATURE PROFILE LOCATION,,45.23806,-81.44139
201405003,2014-12-03 10:30:37,CCGS LIMNOS,GEORGIAN BAY,3,452153,-811126,21,86,2014-08-11 22:11:00,6,1.00,.00,0.00000000,,0,1.000000,TPL,TEMPERATURE PROFILE LOCATION,,45.36472,-81.19056
201405003,2014-12-03 10:30:37,CCGS LIMNOS,GEORGIAN BAY,4,453506,-810506,29,42.8,2014-08-12 00:19:00,6,1.00,.00,0.00000000,,0,1.000000,TPL,TEMPERATURE PROFILE LOCATION,,45.58500,-81.08500
201405003,2014-12-03 10:30:37,CCGS LIMNOS,GEORGIAN BAY,4,453506,-810506,29,42.8,2014-08-12 00:19:00,6,4.00,.00,0.00000000,,0,1.000000,TPL,TEMPERATURE PROFILE LOCATION,,45.58500,-81.08500
201405003,2014-12-03 10:30:37,CCGS LIMNOS,GEORGIAN BAY,4,453506,-810506,29,42.8,2014-08-12 00:19:00,6,14.00,.00,0.00000000,,0,2.000000,TPL,TEMPERATURE PROFILE LOCATION,,45.58500,-81.08500
201405003,2014-12-03 10:30:37,CCGS LIMNOS,GEORGIAN BAY,4,453506,-810506,29,42.8,2014-08-12 00:19:00,6,24.00,.00,0.00000000,,0,3.000000,TPL,TEMPERATURE PROFILE LOCATION,,45.58500,-81.08500
201405003,2014-12-03 10:30:37,CCGS LIMNOS,GEORGIAN BAY,4,453506,-810506,29,42.8,2014-08-12 00:19:00,6,33.00,.00,0.00000000,,0,3.000000,TPL,TEMPERATURE PROFILE LOCATION,,45.58500,-81.08500
201405003,2014-12-03 10:30:37,CCGS LIMNOS,GEORGIAN BAY,4,453506,-810506,29,42.8,2014-08-12 00:19:00,6,40.50,.00,0.00000000,,0,3.000000,TPL,TEMPERATURE PROFILE LOCATION,,45.58500,-81.08500
201405003,2014-12-03 10:30:37,CCGS LIMNOS,GEORGIAN BAY,5,451441,-805231,17,77.8,2014-08-12 03:22:00,6,1.00,.00,0.00000000,,0,1.000000,TPL,TEMPERATURE PROFILE LOCATION,,45.24472,-80.87528
201405003,2014-12-03 10:30:37,CCGS LIMNOS,GEORGIAN BAY,5,451441,-805231,17,77.8,2014-08-12 03:22:00,6,1.00,.00,0.00000000,,1,1.000000,TPL,TEMPERATURE PROFILE LOCATION,,45.24472,-80.87528
201405003,2014-12-03 10:30:37,CCGS LIMNOS,GEORGIAN BAY,5,451441,-805231,17,77.8,2014-08-12 03:22:00,6,6.00,.00,0.00000000,,0,1.000000,TPL,TEMPERATURE PROFILE LOCATION,,45.24472,-80.87528
201405003,2014-12-03 10:30:37,CCGS LIMNOS,GEORGIAN BAY,5,451441,-805231,17,77.8,2014-08-12 03:22:00,6,17.00,.00,0.00000000,,0,2.000000,TPL,TEMPERATURE PROFILE LOCATION,,45.24472,-80.87528
201405003,2014-12-03 10:30:37,CCGS LIMNOS,GEORGIAN BAY,5,451441,-805231,17,77.8,2014-08-12 03:22:00,6,28.00,.00,0.00000000,,0,3.000000,TPL,TEMPERATURE PROFILE LOCATION,,45.24472,-80.87528
201405003,2014-12-03 10:30:37,CCGS LIMNOS,GEORGIAN BAY,5,451441,-805231,17,77.8,2014-08-12 03:22:00,6,67.00,.00,0.00000000,,0,3.000000,TPL,TEMPERATURE PROFILE LOCATION,,45.24472,-80.87528
201405003,2014-12-03 10:30:37,CCGS LIMNOS,GEORGIAN BAY,5,451441,-805231,17,77.8,2014-08-12 03:22:00,6,75.00,.00,0.00000000,,0,3.000000,TPL,TEMPERATURE PROFILE LOCATION,,45.24472,-80.87528
201405003,2014-12-03 10:30:37,CCGS LIMNOS,GEORGIAN BAY,6,450400,-811514,19,52.6,2014-08-12 06:07:00,6,1.00,.00,0.00000000,,0,1.000000,TPL,TEMPERATURE PROFILE LOCATION,,45.06667,-81.25389
201405003,2014-12-03 10:30:37,CCGS LIMNOS,GEORGIAN BAY,7,444302,-805123,1,89.5,2014-08-12 22:36:00,6,1.00,.00,0.00000000,,0,1.000000,TPL,TEMPERATURE PROFILE LOCATION,,44.71722,-80.85639
201405003,2014-12-03 10:30:37,CCGS LIMNOS,GEORGIAN BAY,7,444302,-805123,1,89.5,2014-08-12 22:36:00,6,10.00,.00,0.00000000,,0,1.000000,TPL,TEMPERATURE PROFILE LOCATION,,44.71722,-80.85639
201405003,2014-12-03 10:30:37,CCGS LIMNOS,GEORGIAN BAY,7,444302,-805123,1,89.5,2014-08-12 22:36:00,6,13.00,.00,0.00000000,,0,2.000000,TPL,TEMPERATURE PROFILE LOCATION,,44.71722,-80.85639
201405003,2014-12-03 10:30:37,CCGS LIMNOS,GEORGIAN BAY,7,444302,-805123,1,89.5,2014-08-12 22:36:00,6,44.00,.00,0.00000000,,0,3.000000,TPL,TEMPERATURE PROFILE LOCATION,,44.71722,-80.85639
201405003,2014-12-03 10:30:37,CCGS LIMNOS,GEORGIAN BAY,7,444302,-805123,1,89.5,2014-08-12 22:36:00,6,79.00,.00,0.00000000,,0,3.000000,TPL,TEMPERATURE PROFILE LOCATION,,44.71722,-80.85639
201405003,2014-12-03 10:30:37,CCGS LIMNOS,GEORGIAN BAY,7,444302,-805123,1,89.5,2014-08-12 22:36:00,6,87.00,.00,0.00000000,,0,3.000000,TPL,TEMPERATURE PROFILE LOCATION,,44.71722,-80.85639
201405003,2014-12-03 10:30:37,CCGS LIMNOS,GEORGIAN BAY,8,445517,-803622,11,61.1,2014-08-13 00:53:00,6,1.00,.00,0.00000000,,0,1.000000,TPL,TEMPERATURE PROFILE LOCATION,,44.92139,-80.60611
201405003,2014-12-03 10:30:37,CCGS LIMNOS,GEORGIAN BAY,9,445512,-805227,12,88,2014-08-13 02:19:00,6,1.00,.00,0.00000000,,0,1.000000,TPL,TEMPERATURE PROFILE LOCATION,,44.92000,-80.87417
201405001,2014-12-03 10:26:42,CCGS LIMNOS,GEORGIAN BAY,1,453140,-814010,35,34.7,2014-05-11 19:35:00,30,.00,.00,0.00000000,,0,20.000000,SECCHI,SECCHI DISC DEPTH,METRE,45.52778,-81.66944
201405001,2014-12-03 10:26:42,CCGS LIMNOS,GEORGIAN BAY,2,454232,-813712,36,51.8,2014-05-11 21:00:00,30,.00,.00,0.00000000,,0,15.000000,SECCHI,SECCHI DISC DEPTH,METRE,45.70889,-81.62000
201405001,2014-12-03 10:26:42,CCGS LIMNOS,GEORGIAN BAY,3,455447,-813544,42,23.3,2014-05-11 23:00:00,30,.00,.00,0.00000000,,0,20.000000,SECCHI,SECCHI DISC DEPTH,METRE,45.91306,-81.59556
201405001,2014-12-03 10:26:42,CCGS LIMNOS,GEORGIAN BAY,10,451442,-805232,17,77.6,2014-05-12 11:00:00,30,.00,.00,0.00000000,,0,18.000000,SECCHI,SECCHI DISC DEPTH,METRE,45.24500,-80.87556
201405001,2014-12-03 10:26:42,CCGS LIMNOS,GEORGIAN BAY,11,452113,-802913,16,22,2014-05-12 13:55:00,30,.00,.00,0.00000000,,0,18.000000,SECCHI,SECCHI DISC DEPTH,METRE,45.35361,-80.48694
201405001,2014-12-03 10:26:42,CCGS LIMNOS,GEORGIAN BAY,12,451928,-800700,122,95.7,2014-05-12 15:55:00,30,.00,.00,0.00000000,,0,6.000000,SECCHI,SECCHI DISC DEPTH,METRE,45.32444,-80.11667
201405001,2014-12-03 10:26:42,CCGS LIMNOS,GEORGIAN BAY,13,451000,-801750,15,46.2,2014-05-12 19:00:00,30,.00,.00,0.00000000,,0,17.500000,SECCHI,SECCHI DISC DEPTH,METRE,45.16667,-80.29722
201405001,2014-12-03 10:26:42,CCGS LIMNOS,GEORGIAN BAY,14,445710,-800854,8,49.6,2014-05-12 20:48:00,30,.00,.00,0.00000000,,0,15.000000,SECCHI,SECCHI DISC DEPTH,METRE,44.95278,-80.14833
201405001,2014-12-03 10:26:42,CCGS LIMNOS,GEORGIAN BAY,15,445218,-795804,9,29.6,2014-05-12 22:10:00,30,.00,.00,0.00000000,,0,7.000000,SECCHI,SECCHI DISC DEPTH,METRE,44.87167,-79.96778
201405001,2014-12-03 10:26:42,CCGS LIMNOS,GEORGIAN BAY,23,450359,-811514,19,51.5,2014-05-13 13:20:00,30,.00,.00,0.00000000,,0,18.000000,SECCHI,SECCHI DISC DEPTH,METRE,45.06639,-81.25389
201405001,2014-12-03 10:26:42,CCGS LIMNOS,GEORGIAN BAY,25,452213,-813507,33,51,2014-05-13 17:50:00,30,.00,.00,0.00000000,,0,18.000000,SECCHI,SECCHI DISC DEPTH,METRE,45.37028,-81.58528
201405003,2014-12-03 10:30:37,CCGS LIMNOS,GEORGIAN BAY,1,452213,-813507,33,54,2014-08-11 18:58:00,30,.00,.00,0.00000000,,0,16.000000,SECCHI,SECCHI DISC DEPTH,METRE,45.37028,-81.58528
201405003,2014-12-03 10:30:37,CCGS LIMNOS,GEORGIAN BAY,2,451417,-812629,31,63.9,2014-08-11 20:30:00,30,.00,.00,0.00000000,,0,14.000000,SECCHI,SECCHI DISC DEPTH,METRE,45.23806,-81.44139
201405003,2014-12-03 10:30:37,CCGS LIMNOS,GEORGIAN BAY,3,452153,-811126,21,86,2014-08-11 22:11:00,30,.00,.00,0.00000000,,0,15.000000,SECCHI,SECCHI DISC DEPTH,METRE,45.36472,-81.19056
201405003,2014-12-03 10:30:37,CCGS LIMNOS,GEORGIAN BAY,7,444302,-805123,1,89.5,2014-08-12 22:36:00,30,.00,.00,0.00000000,,0,12.000000,SECCHI,SECCHI DISC DEPTH,METRE,44.71722,-80.85639
201405001,2014-12-03 10:26:42,CCGS LIMNOS,GEORGIAN BAY,1,453140,-814010,35,34.7,2014-05-11 19:35:00,100,.00,.00,0.00000000,,0,2.100000,TEMP,TEMPERATURE (OF WATER),DEG C,45.52778,-81.66944
201405001,2014-12-03 10:26:42,CCGS LIMNOS,GEORGIAN BAY,2,454232,-813712,36,51.8,2014-05-11 21:00:00,100,.00,.00,0.00000000,,0,2.500000,TEMP,TEMPERATURE (OF WATER),DEG C,45.70889,-81.62000
201405001,2014-12-03 10:26:42,CCGS LIMNOS,GEORGIAN BAY,3,455447,-813544,42,23.3,2014-05-11 23:00:00,100,.00,.00,0.00000000,,0,4.500000,TEMP,TEMPERATURE (OF WATER),DEG C,45.91306,-81.59556
201405001,2014-12-03 10:26:42,CCGS LIMNOS,GEORGIAN BAY,4,455224,-811530,39,27.2,2014-05-12 01:20:00,100,.00,.00,0.00000000,,0,3.400000,TEMP,TEMPERATURE (OF WATER),DEG C,45.87333,-81.25833
201405001,2014-12-03 10:26:42,CCGS LIMNOS,GEORGIAN BAY,5,455200,-810000,27,12.2,2014-05-12 02:50:00,100,.00,.00,0.00000000,,0,3.900000,TEMP,TEMPERATURE (OF WATER),DEG C,45.86667,-81.00000
201405001,2014-12-03 10:26:42,CCGS LIMNOS,GEORGIAN BAY,6,455001,-805400,26,20.5,2014-05-12 03:50:00,100,.00,.00,0.00000000,,0,3.200000,TEMP,TEMPERATURE (OF WATER),DEG C,45.83361,-80.90000
201405001,2014-12-03 10:26:42,CCGS LIMNOS,GEORGIAN BAY,7,454044,-805021,24,39.7,2014-05-12 05:05:00,100,.00,.00,0.00000000,,0,2.100000,TEMP,TEMPERATURE (OF WATER),DEG C,45.67889,-80.83917
201405001,2014-12-03 10:26:42,CCGS LIMNOS,GEORGIAN BAY,8,453501,-810459,29,42.7,2014-05-12 06:50:00,100,.00,.00,0.00000000,,0,1.500000,TEMP,TEMPERATURE (OF WATER),DEG C,45.58361,-81.08306
201405001,2014-12-03 10:26:42,CCGS LIMNOS,GEORGIAN BAY,9,452153,-811126,21,85.4,2014-05-12 09:00:00,100,.00,.00,0.00000000,,0,1.000000,TEMP,TEMPERATURE (OF WATER),DEG C,45.36472,-81.19056
201405001,2014-12-03 10:26:42,CCGS LIMNOS,GEORGIAN BAY,10,451442,-805232,17,77.6,2014-05-12 11:00:00,100,.00,.00,0.00000000,,0,1.000000,TEMP,TEMPERATURE (OF WATER),DEG C,45.24500,-80.87556
201405001,2014-12-03 10:26:42,CCGS LIMNOS,GEORGIAN BAY,11,452113,-802913,16,22,2014-05-12 13:55:00,100,.00,.00,0.00000000,,0,3.200000,TEMP,TEMPERATURE (OF WATER),DEG C,45.35361,-80.48694
201405001,2014-12-03 10:26:42,CCGS LIMNOS,GEORGIAN BAY,12,451928,-800700,122,95.7,2014-05-12 15:55:00,100,.00,.00,0.00000000,,0,3.500000,TEMP,TEMPERATURE (OF WATER),DEG C,45.32444,-80.11667
201405001,2014-12-03 10:26:42,CCGS LIMNOS,GEORGIAN BAY,13,451000,-801750,15,46.2,2014-05-12 19:00:00,100,.00,.00,0.00000000,,0,1.700000,TEMP,TEMPERATURE (OF WATER),DEG C,45.16667,-80.29722
201405001,2014-12-03 10:26:42,CCGS LIMNOS,GEORGIAN BAY,14,445710,-800854,8,49.6,2014-05-12 20:48:00,100,.00,.00,0.00000000,,0,2.000000,TEMP,TEMPERATURE (OF WATER),DEG C,44.95278,-80.14833
201405001,2014-12-03 10:26:42,CCGS LIMNOS,GEORGIAN BAY,15,445218,-795804,9,29.6,2014-05-12 22:10:00,100,.00,.00,0.00000000,,0,5.000000,TEMP,TEMPERATURE (OF WATER),DEG C,44.87167,-79.96778
201405001,2014-12-03 10:26:42,CCGS LIMNOS,GEORGIAN BAY,16,444748,-801436,5,58.5,2014-05-13 00:25:00,100,.00,.00,0.00000000,,0,2.000000,TEMP,TEMPERATURE (OF WATER),DEG C,44.79667,-80.24333
201405001,2014-12-03 10:26:42,CCGS LIMNOS,GEORGIAN BAY,17,443846,-801000,4,57.8,2014-05-13 02:00:00,100,.00,.00,0.00000000,,0,1.800000,TEMP,TEMPERATURE (OF WATER),DEG C,44.64611,-80.16667
201405001,2014-12-03 10:26:42,CCGS LIMNOS,GEORGIAN BAY,18,444412,-802606,6,87.1,2014-05-13 04:00:00,100,.00,.00,0.00000000,,0,1.600000,TEMP,TEMPERATURE (OF WATER),DEG C,44.73667,-80.43500
201405001,2014-12-03 10:26:42,CCGS LIMNOS,GEORGIAN BAY,19,444330,-803658,3,33.7,2014-05-13 05:10:00,100,.00,.00,0.00000000,,0,2.500000,TEMP,TEMPERATURE (OF WATER),DEG C,44.72500,-80.61611
201405001,2014-12-03 10:26:42,CCGS LIMNOS,GEORGIAN BAY,20,444305,-805126,1,88.9,2014-05-13 06:50:00,100,.00,.00,0.00000000,,0,1.800000,TEMP,TEMPERATURE (OF WATER),DEG C,44.71806,-80.85722
201405001,2014-12-03 10:26:42,CCGS LIMNOS,GEORGIAN BAY,21,445516,-803627,11,60.3,2014-05-13 09:32:00,100,.00,.00,0.00000000,,0,1.300000,TEMP,TEMPERATURE (OF WATER),DEG C,44.92111,-80.60750
201405001,2014-12-03 10:26:42,CCGS LIMNOS,GEORGIAN BAY,22,445511,-805231,12,88.1,2014-05-13 11:00:00,100,.00,.00,0.00000000,,0,1.400000,TEMP,TEMPERATURE (OF WATER),DEG C,44.91972,-80.87528
201405001,2014-12-03 10:26:42,CCGS LIMNOS,GEORGIAN BAY,23,450359,-811514,19,51.5,2014-05-13 13:20:00,100,.00,.00,0.00000000,,0,1.400000,TEMP,TEMPERATURE (OF WATER),DEG C,45.06639,-81.25389
201405001,2014-12-03 10:26:42,CCGS LIMNOS,GEORGIAN BAY,24,451418,-812626,31,64.5,2014-05-13 16:10:00,100,.00,.00,0.00000000,,0,1.900000,TEMP,TEMPERATURE (OF WATER),DEG C,45.23833,-81.44056
201405001,2014-12-03 10:26:42,CCGS LIMNOS,GEORGIAN BAY,25,452213,-813507,33,51,2014-05-13 17:50:00,100,.00,.00,0.00000000,,0,2.200000,TEMP,TEMPERATURE (OF WATER),DEG C,45.37028,-81.58528
201405003,2014-12-03 10:30:37,CCGS LIMNOS,GEORGIAN BAY,1,452213,-813507,33,54,2014-08-11 18:58:00,100,.00,.00,0.00000000,,0,20.000000,TEMP,TEMPERATURE (OF WATER),DEG C,45.37028,-81.58528
201405003,2014-12-03 10:30:37,CCGS LIMNOS,GEORGIAN BAY,2,451417,-812629,31,63.9,2014-08-11 20:30:00,100,.00,.00,0.00000000,,0,19.500000,TEMP,TEMPERATURE (OF WATER),DEG C,45.23806,-81.44139
201405003,2014-12-03 10:30:37,CCGS LIMNOS,GEORGIAN BAY,3,452153,-811126,21,86,2014-08-11 22:11:00,100,.00,.00,0.00000000,,0,21.000000,TEMP,TEMPERATURE (OF WATER),DEG C,45.36472,-81.19056
201405003,2014-12-03 10:30:37,CCGS LIMNOS,GEORGIAN BAY,4,453506,-810506,29,42.8,2014-08-12 00:19:00,100,.00,.00,0.00000000,,0,19.800000,TEMP,TEMPERATURE (OF WATER),DEG C,45.58500,-81.08500
201405003,2014-12-03 10:30:37,CCGS LIMNOS,GEORGIAN BAY,5,451441,-805231,17,77.8,2014-08-12 03:22:00,100,.00,.00,0.00000000,,0,20.500000,TEMP,TEMPERATURE (OF WATER),DEG C,45.24472,-80.87528
201405003,2014-12-03 10:30:37,CCGS LIMNOS,GEORGIAN BAY,6,450400,-811514,19,52.6,2014-08-12 06:07:00,100,.00,.00,0.00000000,,0,20.000000,TEMP,TEMPERATURE (OF WATER),DEG C,45.06667,-81.25389
201405003,2014-12-03 10:30:37,CCGS LIMNOS,GEORGIAN BAY,7,444302,-805123,1,89.5,2014-08-12 22:36:00,100,.00,.00,0.00000000,,0,12.500000,TEMP,TEMPERATURE (OF WATER),DEG C,44.71722,-80.85639
201405003,2014-12-03 10:30:37,CCGS LIMNOS,GEORGIAN BAY,8,445517,-803622,11,61.1,2014-08-13 00:53:00,100,.00,.00,0.00000000,,0,19.000000,TEMP,TEMPERATURE (OF WATER),DEG C,44.92139,-80.60611
201405003,2014-12-03 10:30:37,CCGS LIMNOS,GEORGIAN BAY,9,445512,-805227,12,88,2014-08-13 02:19:00,100,.00,.00,0.00000000,,0,16.400000,TEMP,TEMPERATURE (OF WATER),DEG C,44.92000,-80.87417
201405001,2014-12-03 10:26:42,CCGS LIMNOS,GEORGIAN BAY,1,453140,-814010,35,34.7,2014-05-11 19:35:00,104,1.00,.00,0.00000000,,0,2.080000,T EBT,TEMPERATURE EBT,DEG C,45.52778,-81.66944
201405001,2014-12-03 10:26:42,CCGS LIMNOS,GEORGIAN BAY,2,454232,-813712,36,51.8,2014-05-11 21:00:00,104,1.00,.00,0.00000000,,0,2.360000,T EBT,TEMPERATURE EBT,DEG C,45.70889,-81.62000
201405001,2014-12-03 10:26:42,CCGS LIMNOS,GEORGIAN BAY,3,455447,-813544,42,23.3,2014-05-11 23:00:00,104,1.00,.00,0.00000000,,0,3.530000,T EBT,TEMPERATURE EBT,DEG C,45.91306,-81.59556
201405001,2014-12-03 10:26:42,CCGS LIMNOS,GEORGIAN BAY,3,455447,-813544,42,23.3,2014-05-11 23:00:00,104,13.00,.00,0.00000000,,0,3.420000,T EBT,TEMPERATURE EBT,DEG C,45.91306,-81.59556
201405001,2014-12-03 10:26:42,CCGS LIMNOS,GEORGIAN BAY,3,455447,-813544,42,23.3,2014-05-11 23:00:00,104,21.00,.00,0.00000000,,0,3.440000,T EBT,TEMPERATURE EBT,DEG C,45.91306,-81.59556
201405001,2014-12-03 10:26:42,CCGS LIMNOS,GEORGIAN BAY,4,455224,-811530,39,27.2,2014-05-12 01:20:00,104,1.00,.00,0.00000000,,0,3.300000,T EBT,TEMPERATURE EBT,DEG C,45.87333,-81.25833
201405001,2014-12-03 10:26:42,CCGS LIMNOS,GEORGIAN BAY,5,455200,-810000,27,12.2,2014-05-12 02:50:00,104,1.00,.00,0.00000000,,0,3.950000,T EBT,TEMPERATURE EBT,DEG C,45.86667,-81.00000
201405001,2014-12-03 10:26:42,CCGS LIMNOS,GEORGIAN BAY,5,455200,-810000,27,12.2,2014-05-12 02:50:00,104,1.00,.00,0.00000000,,1,3.950000,T EBT,TEMPERATURE EBT,DEG C,45.86667,-81.00000
201405001,2014-12-03 10:26:42,CCGS LIMNOS,GEORGIAN BAY,5,455200,-810000,27,12.2,2014-05-12 02:50:00,104,10.00,.00,0.00000000,,0,3.930000,T EBT,TEMPERATURE EBT,DEG C,45.86667,-81.00000
201405001,2014-12-03 10:26:42,CCGS LIMNOS,GEORGIAN BAY,6,455001,-805400,26,20.5,2014-05-12 03:50:00,104,1.00,.00,0.00000000,,0,3.200000,T EBT,TEMPERATURE EBT,DEG C,45.83361,-80.90000
201405001,2014-12-03 10:26:42,CCGS LIMNOS,GEORGIAN BAY,7,454044,-805021,24,39.7,2014-05-12 05:05:00,104,1.00,.00,0.00000000,,0,2.100000,T EBT,TEMPERATURE EBT,DEG C,45.67889,-80.83917
201405001,2014-12-03 10:26:42,CCGS LIMNOS,GEORGIAN BAY,8,453501,-810459,29,42.7,2014-05-12 06:50:00,104,1.00,.00,0.00000000,,0,1.420000,T EBT,TEMPERATURE EBT,DEG C,45.58361,-81.08306
201405001,2014-12-03 10:26:42,CCGS LIMNOS,GEORGIAN BAY,8,453501,-810459,29,42.7,2014-05-12 06:50:00,104,40.00,.00,0.00000000,,0,1.410000,T EBT,TEMPERATURE EBT,DEG C,45.58361,-81.08306
201405001,2014-12-03 10:26:42,CCGS LIMNOS,GEORGIAN BAY,9,452153,-811126,21,85.4,2014-05-12 09:00:00,104,1.00,.00,0.00000000,,0,.950000,T EBT,TEMPERATURE EBT,DEG C,45.36472,-81.19056
201405001,2014-12-03 10:26:42,CCGS LIMNOS,GEORGIAN BAY,10,451442,-805232,17,77.6,2014-05-12 11:00:00,104,1.00,.00,0.00000000,,0,.890000,T EBT,TEMPERATURE EBT,DEG C,45.24500,-80.87556
201405001,2014-12-03 10:26:42,CCGS LIMNOS,GEORGIAN BAY,10,451442,-805232,17,77.6,2014-05-12 11:00:00,104,1.00,.00,0.00000000,,1,.890000,T EBT,TEMPERATURE EBT,DEG C,45.24500,-80.87556
201405001,2014-12-03 10:26:42,CCGS LIMNOS,GEORGIAN BAY,10,451442,-805232,17,77.6,2014-05-12 11:00:00,104,50.00,.00,0.00000000,,0,.910000,T EBT,TEMPERATURE EBT,DEG C,45.24500,-80.87556
201405001,2014-12-03 10:26:42,CCGS LIMNOS,GEORGIAN BAY,10,451442,-805232,17,77.6,2014-05-12 11:00:00,104,67.00,.00,0.00000000,,0,.910000,T EBT,TEMPERATURE EBT,DEG C,45.24500,-80.87556
201405001,2014-12-03 10:26:42,CCGS LIMNOS,GEORGIAN BAY,10,451442,-805232,17,77.6,2014-05-12 11:00:00,104,75.00,.00,0.00000000,,0,.930000,T EBT,TEMPERATURE EBT,DEG C,45.24500,-80.87556
201405001,2014-12-03 10:26:42,CCGS LIMNOS,GEORGIAN BAY,11,452113,-802913,16,22,2014-05-12 13:55:00,104,1.00,.00,0.00000000,,0,3.200000,T EBT,TEMPERATURE EBT,DEG C,45.35361,-80.48694
201405001,2014-12-03 10:26:42,CCGS LIMNOS,GEORGIAN BAY,12,451928,-800700,122,95.7,2014-05-12 15:55:00,104,1.00,.00,0.00000000,,0,3.550000,T EBT,TEMPERATURE EBT,DEG C,45.32444,-80.11667
201405001,2014-12-03 10:26:42,CCGS LIMNOS,GEORGIAN BAY,13,451000,-801750,15,46.2,2014-05-12 19:00:00,104,1.00,.00,0.00000000,,0,1.580000,T EBT,TEMPERATURE EBT,DEG C,45.16667,-80.29722
201405001,2014-12-03 10:26:42,CCGS LIMNOS,GEORGIAN BAY,14,445710,-800854,8,49.6,2014-05-12 20:48:00,104,1.00,.00,0.00000000,,0,2.020000,T EBT,TEMPERATURE EBT,DEG C,44.95278,-80.14833
201405001,2014-12-03 10:26:42,CCGS LIMNOS,GEORGIAN BAY,15,445218,-795804,9,29.6,2014-05-12 22:10:00,104,1.00,.00,0.00000000,,0,4.700000,T EBT,TEMPERATURE EBT,DEG C,44.87167,-79.96778
201405001,2014-12-03 10:26:42,CCGS LIMNOS,GEORGIAN BAY,15,445218,-795804,9,29.6,2014-05-12 22:10:00,104,1.00,.00,0.00000000,,1,4.700000,T EBT,TEMPERATURE EBT,DEG C,44.87167,-79.96778
201405001,2014-12-03 10:26:42,CCGS LIMNOS,GEORGIAN BAY,15,445218,-795804,9,29.6,2014-05-12 22:10:00,104,19.00,.00,0.00000000,,0,4.130000,T EBT,TEMPERATURE EBT,DEG C,44.87167,-79.96778
201405001,2014-12-03 10:26:42,CCGS LIMNOS,GEORGIAN BAY,15,445218,-795804,9,29.6,2014-05-12 22:10:00,104,27.00,.00,0.00000000,,0,3.960000,T EBT,TEMPERATURE EBT,DEG C,44.87167,-79.96778
201405001,2014-12-03 10:26:42,CCGS LIMNOS,GEORGIAN BAY,16,444748,-801436,5,58.5,2014-05-13 00:25:00,104,1.00,.00,0.00000000,,0,1.940000,T EBT,TEMPERATURE EBT,DEG C,44.79667,-80.24333
201405001,2014-12-03 10:26:42,CCGS LIMNOS,GEORGIAN BAY,17,443846,-801000,4,57.8,2014-05-13 02:00:00,104,1.00,.00,0.00000000,,0,1.800000,T EBT,TEMPERATURE EBT,DEG C,44.64611,-80.16667
201405001,2014-12-03 10:26:42,CCGS LIMNOS,GEORGIAN BAY,17,443846,-801000,4,57.8,2014-05-13 02:00:00,104,48.00,.00,0.00000000,,0,1.800000,T EBT,TEMPERATURE EBT,DEG C,44.64611,-80.16667
201405001,2014-12-03 10:26:42,CCGS LIMNOS,GEORGIAN BAY,17,443846,-801000,4,57.8,2014-05-13 02:00:00,104,56.00,.00,0.00000000,,0,2.940000,T EBT,TEMPERATURE EBT,DEG C,44.64611,-80.16667
201405001,2014-12-03 10:26:42,CCGS LIMNOS,GEORGIAN BAY,18,444412,-802606,6,87.1,2014-05-13 04:00:00,104,1.00,.00,0.00000000,,0,1.550000,T EBT,TEMPERATURE EBT,DEG C,44.73667,-80.43500
201405001,2014-12-03 10:26:42,CCGS LIMNOS,GEORGIAN BAY,19,444330,-803658,3,33.7,2014-05-13 05:10:00,104,1.00,.00,0.00000000,,0,2.540000,T EBT,TEMPERATURE EBT,DEG C,44.72500,-80.61611
201405001,2014-12-03 10:26:42,CCGS LIMNOS,GEORGIAN BAY,20,444305,-805126,1,88.9,2014-05-13 06:50:00,104,1.00,.00,0.00000000,,0,1.690000,T EBT,TEMPERATURE EBT,DEG C,44.71806,-80.85722
201405001,2014-12-03 10:26:42,CCGS LIMNOS,GEORGIAN BAY,20,444305,-805126,1,88.9,2014-05-13 06:50:00,104,1.00,.00,0.00000000,,1,1.690000,T EBT,TEMPERATURE EBT,DEG C,44.71806,-80.85722
201405001,2014-12-03 10:26:42,CCGS LIMNOS,GEORGIAN BAY,20,444305,-805126,1,88.9,2014-05-13 06:50:00,104,50.00,.00,0.00000000,,0,1.960000,T EBT,TEMPERATURE EBT,DEG C,44.71806,-80.85722
201405001,2014-12-03 10:26:42,CCGS LIMNOS,GEORGIAN BAY,20,444305,-805126,1,88.9,2014-05-13 06:50:00,104,79.00,.00,0.00000000,,0,2.480000,T EBT,TEMPERATURE EBT,DEG C,44.71806,-80.85722
201405001,2014-12-03 10:26:42,CCGS LIMNOS,GEORGIAN BAY,20,444305,-805126,1,88.9,2014-05-13 06:50:00,104,87.00,.00,0.00000000,,0,2.980000,T EBT,TEMPERATURE EBT,DEG C,44.71806,-80.85722
201405001,2014-12-03 10:26:42,CCGS LIMNOS,GEORGIAN BAY,21,445516,-803627,11,60.3,2014-05-13 09:32:00,104,1.00,.00,0.00000000,,0,1.190000,T EBT,TEMPERATURE EBT,DEG C,44.92111,-80.60750
201405001,2014-12-03 10:26:42,CCGS LIMNOS,GEORGIAN BAY,22,445511,-805231,12,88.1,2014-05-13 11:00:00,104,1.00,.00,0.00000000,,0,1.270000,T EBT,TEMPERATURE EBT,DEG C,44.91972,-80.87528
201405001,2014-12-03 10:26:42,CCGS LIMNOS,GEORGIAN BAY,23,450359,-811514,19,51.5,2014-05-13 13:20:00,104,1.00,.00,0.00000000,,0,1.280000,T EBT,TEMPERATURE EBT,DEG C,45.06639,-81.25389
201405001,2014-12-03 10:26:42,CCGS LIMNOS,GEORGIAN BAY,24,451418,-812626,31,64.5,2014-05-13 16:10:00,104,1.00,.00,0.00000000,,0,1.630000,T EBT,TEMPERATURE EBT,DEG C,45.23833,-81.44056
201405001,2014-12-03 10:26:42,CCGS LIMNOS,GEORGIAN BAY,25,452213,-813507,33,51,2014-05-13 17:50:00,104,1.00,.00,0.00000000,,0,2.060000,T EBT,TEMPERATURE EBT,DEG C,45.37028,-81.58528
201405001,2014-12-03 10:26:42,CCGS LIMNOS,GEORGIAN BAY,25,452213,-813507,33,51,2014-05-13 17:50:00,104,1.00,.00,0.00000000,,1,2.060000,T EBT,TEMPERATURE EBT,DEG C,45.37028,-81.58528
201405001,2014-12-03 10:26:42,CCGS LIMNOS,GEORGIAN BAY,25,452213,-813507,33,51,2014-05-13 17:50:00,104,41.00,.00,0.00000000,,0,2.030000,T EBT,TEMPERATURE EBT,DEG C,45.37028,-81.58528
201405001,2014-12-03 10:26:42,CCGS LIMNOS,GEORGIAN BAY,25,452213,-813507,33,51,2014-05-13 17:50:00,104,49.00,.00,0.00000000,,0,2.030000,T EBT,TEMPERATURE EBT,DEG C,45.37028,-81.58528
201405003,2014-12-03 10:30:37,CCGS LIMNOS,GEORGIAN BAY,1,452213,-813507,33,54,2014-08-11 18:58:00,104,1.00,.00,0.00000000,,0,19.960000,T EBT,TEMPERATURE EBT,DEG C,45.37028,-81.58528
201405003,2014-12-03 10:30:37,CCGS LIMNOS,GEORGIAN BAY,1,452213,-813507,33,54,2014-08-11 18:58:00,104,4.00,.00,0.00000000,,0,19.900000,T EBT,TEMPERATURE EBT,DEG C,45.37028,-81.58528
201405003,2014-12-03 10:30:37,CCGS LIMNOS,GEORGIAN BAY,1,452213,-813507,33,54,2014-08-11 18:58:00,104,12.00,.00,0.00000000,,0,12.510000,T EBT,TEMPERATURE EBT,DEG C,45.37028,-81.58528
201405003,2014-12-03 10:30:37,CCGS LIMNOS,GEORGIAN BAY,1,452213,-813507,33,54,2014-08-11 18:58:00,104,22.00,.00,0.00000000,,0,5.880000,T EBT,TEMPERATURE EBT,DEG C,45.37028,-81.58528
201405003,2014-12-03 10:30:37,CCGS LIMNOS,GEORGIAN BAY,1,452213,-813507,33,54,2014-08-11 18:58:00,104,44.00,.00,0.00000000,,0,4.800000,T EBT,TEMPERATURE EBT,DEG C,45.37028,-81.58528
201405003,2014-12-03 10:30:37,CCGS LIMNOS,GEORGIAN BAY,1,452213,-813507,33,54,2014-08-11 18:58:00,104,52.00,.00,0.00000000,,0,4.660000,T EBT,TEMPERATURE EBT,DEG C,45.37028,-81.58528
201405003,2014-12-03 10:30:37,CCGS LIMNOS,GEORGIAN BAY,2,451417,-812629,31,63.9,2014-08-11 20:30:00,104,1.00,.00,0.00000000,,0,19.450000,T EBT,TEMPERATURE EBT,DEG C,45.23806,-81.44139
201405003,2014-12-03 10:30:37,CCGS LIMNOS,GEORGIAN BAY,3,452153,-811126,21,86,2014-08-11 22:11:00,104,1.00,.00,0.00000000,,0,20.760000,T EBT,TEMPERATURE EBT,DEG C,45.36472,-81.19056
201405003,2014-12-03 10:30:37,CCGS LIMNOS,GEORGIAN BAY,4,453506,-810506,29,42.8,2014-08-12 00:19:00,104,1.00,.00,0.00000000,,0,19.770000,T EBT,TEMPERATURE EBT,DEG C,45.58500,-81.08500
201405003,2014-12-03 10:30:37,CCGS LIMNOS,GEORGIAN BAY,4,453506,-810506,29,42.8,2014-08-12 00:19:00,104,4.00,.00,0.00000000,,0,19.160000,T EBT,TEMPERATURE EBT,DEG C,45.58500,-81.08500
201405003,2014-12-03 10:30:37,CCGS LIMNOS,GEORGIAN BAY,4,453506,-810506,29,42.8,2014-08-12 00:19:00,104,14.00,.00,0.00000000,,0,15.260000,T EBT,TEMPERATURE EBT,DEG C,45.58500,-81.08500
201405003,2014-12-03 10:30:37,CCGS LIMNOS,GEORGIAN BAY,4,453506,-810506,29,42.8,2014-08-12 00:19:00,104,24.00,.00,0.00000000,,0,5.730000,T EBT,TEMPERATURE EBT,DEG C,45.58500,-81.08500
201405003,2014-12-03 10:30:37,CCGS LIMNOS,GEORGIAN BAY,4,453506,-810506,29,42.8,2014-08-12 00:19:00,104,33.00,.00,0.00000000,,0,5.020000,T EBT,TEMPERATURE EBT,DEG C,45.58500,-81.08500
201405003,2014-12-03 10:30:37,CCGS LIMNOS,GEORGIAN BAY,4,453506,-810506,29,42.8,2014-08-12 00:19:00,104,40.50,.00,0.00000000,,0,4.840000,T EBT,TEMPERATURE EBT,DEG C,45.58500,-81.08500
201405003,2014-12-03 10:30:37,CCGS LIMNOS,GEORGIAN BAY,5,451441,-805231,17,77.8,2014-08-12 03:22:00,104,1.00,.00,0.00000000,,0,20.530000,T EBT,TEMPERATURE EBT,DEG C,45.24472,-80.87528
201405003,2014-12-03 10:30:37,CCGS LIMNOS,GEORGIAN BAY,5,451441,-805231,17,77.8,2014-08-12 03:22:00,104,1.00,.00,0.00000000,,1,20.530000,T EBT,TEMPERATURE EBT,DEG C,45.24472,-80.87528
201405003,2014-12-03 10:30:37,CCGS LIMNOS,GEORGIAN BAY,5,451441,-805231,17,77.8,2014-08-12 03:22:00,104,6.00,.00,0.00000000,,0,20.540000,T EBT,TEMPERATURE EBT,DEG C,45.24472,-80.87528
201405003,2014-12-03 10:30:37,CCGS LIMNOS,GEORGIAN BAY,5,451441,-805231,17,77.8,2014-08-12 03:22:00,104,17.00,.00,0.00000000,,0,13.980000,T EBT,TEMPERATURE EBT,DEG C,45.24472,-80.87528
201405003,2014-12-03 10:30:37,CCGS LIMNOS,GEORGIAN BAY,5,451441,-805231,17,77.8,2014-08-12 03:22:00,104,28.00,.00,0.00000000,,0,5.540000,T EBT,TEMPERATURE EBT,DEG C,45.24472,-80.87528
201405003,2014-12-03 10:30:37,CCGS LIMNOS,GEORGIAN BAY,5,451441,-805231,17,77.8,2014-08-12 03:22:00,104,67.00,.00,0.00000000,,0,4.100000,T EBT,TEMPERATURE EBT,DEG C,45.24472,-80.87528
201405003,2014-12-03 10:30:37,CCGS LIMNOS,GEORGIAN BAY,5,451441,-805231,17,77.8,2014-08-12 03:22:00,104,75.00,.00,0.00000000,,0,4.090000,T EBT,TEMPERATURE EBT,DEG C,45.24472,-80.87528
201405003,2014-12-03 10:30:37,CCGS LIMNOS,GEORGIAN BAY,6,450400,-811514,19,52.6,2014-08-12 06:07:00,104,1.00,.00,0.00000000,,0,19.900000,T EBT,TEMPERATURE EBT,DEG C,45.06667,-81.25389
201405003,2014-12-03 10:30:37,CCGS LIMNOS,GEORGIAN BAY,7,444302,-805123,1,89.5,2014-08-12 22:36:00,104,1.00,.00,0.00000000,,0,12.190000,T EBT,TEMPERATURE EBT,DEG C,44.71722,-80.85639
201405003,2014-12-03 10:30:37,CCGS LIMNOS,GEORGIAN BAY,7,444302,-805123,1,89.5,2014-08-12 22:36:00,104,10.00,.00,0.00000000,,0,12.170000,T EBT,TEMPERATURE EBT,DEG C,44.71722,-80.85639
201405003,2014-12-03 10:30:37,CCGS LIMNOS,GEORGIAN BAY,7,444302,-805123,1,89.5,2014-08-12 22:36:00,104,13.00,.00,0.00000000,,0,8.170000,T EBT,TEMPERATURE EBT,DEG C,44.71722,-80.85639
201405003,2014-12-03 10:30:37,CCGS LIMNOS,GEORGIAN BAY,7,444302,-805123,1,89.5,2014-08-12 22:36:00,104,44.00,.00,0.00000000,,0,4.100000,T EBT,TEMPERATURE EBT,DEG C,44.71722,-80.85639
201405003,2014-12-03 10:30:37,CCGS LIMNOS,GEORGIAN BAY,7,444302,-805123,1,89.5,2014-08-12 22:36:00,104,79.00,.00,0.00000000,,0,3.930000,T EBT,TEMPERATURE EBT,DEG C,44.71722,-80.85639
201405003,2014-12-03 10:30:37,CCGS LIMNOS,GEORGIAN BAY,7,444302,-805123,1,89.5,2014-08-12 22:36:00,104,87.00,.00,0.00000000,,0,3.920000,T EBT,TEMPERATURE EBT,DEG C,44.71722,-80.85639
201405003,2014-12-03 10:30:37,CCGS LIMNOS,GEORGIAN BAY,8,445517,-803622,11,61.1,2014-08-13 00:53:00,104,1.00,.00,0.00000000,,0,19.010000,T EBT,TEMPERATURE EBT,DEG C,44.92139,-80.60611
201405003,2014-12-03 10:30:37,CCGS LIMNOS,GEORGIAN BAY,9,445512,-805227,12,88,2014-08-13 02:19:00,104,1.00,.00,0.00000000,,0,16.700000,T EBT,TEMPERATURE EBT,DEG C,44.92000,-80.87417
201405001,2014-12-03 10:26:42,CCGS LIMNOS,GEORGIAN BAY,1,453140,-814010,35,34.7,2014-05-11 19:35:00,124,1.00,.00,0.00000000,,0,93.720000,TRANS,TRANSPARENCY,PERCENT,45.52778,-81.66944
201405001,2014-12-03 10:26:42,CCGS LIMNOS,GEORGIAN BAY,2,454232,-813712,36,51.8,2014-05-11 21:00:00,124,1.00,.00,0.00000000,,0,93.410000,TRANS,TRANSPARENCY,PERCENT,45.70889,-81.62000
201405001,2014-12-03 10:26:42,CCGS LIMNOS,GEORGIAN BAY,3,455447,-813544,42,23.3,2014-05-11 23:00:00,124,1.00,.00,0.00000000,,0,88.860000,TRANS,TRANSPARENCY,PERCENT,45.91306,-81.59556
201405001,2014-12-03 10:26:42,CCGS LIMNOS,GEORGIAN BAY,4,455224,-811530,39,27.2,2014-05-12 01:20:00,124,1.00,.00,0.00000000,,0,92.110000,TRANS,TRANSPARENCY,PERCENT,45.87333,-81.25833
201405001,2014-12-03 10:26:42,CCGS LIMNOS,GEORGIAN BAY,5,455200,-810000,27,12.2,2014-05-12 02:50:00,124,1.00,.00,0.00000000,,0,85.380000,TRANS,TRANSPARENCY,PERCENT,45.86667,-81.00000
201405001,2014-12-03 10:26:42,CCGS LIMNOS,GEORGIAN BAY,6,455001,-805400,26,20.5,2014-05-12 03:50:00,124,1.00,.00,0.00000000,,0,91.950000,TRANS,TRANSPARENCY,PERCENT,45.83361,-80.90000
201405001,2014-12-03 10:26:42,CCGS LIMNOS,GEORGIAN BAY,7,454044,-805021,24,39.7,2014-05-12 05:05:00,124,1.00,.00,0.00000000,,0,94.170000,TRANS,TRANSPARENCY,PERCENT,45.67889,-80.83917
201405001,2014-12-03 10:26:42,CCGS LIMNOS,GEORGIAN BAY,8,453501,-810459,29,42.7,2014-05-12 06:50:00,124,1.00,.00,0.00000000,,0,94.150000,TRANS,TRANSPARENCY,PERCENT,45.58361,-81.08306
201405001,2014-12-03 10:26:42,CCGS LIMNOS,GEORGIAN BAY,9,452153,-811126,21,85.4,2014-05-12 09:00:00,124,1.00,.00,0.00000000,,0,93.070000,TRANS,TRANSPARENCY,PERCENT,45.36472,-81.19056
201405001,2014-12-03 10:26:42,CCGS LIMNOS,GEORGIAN BAY,10,451442,-805232,17,77.6,2014-05-12 11:00:00,124,1.00,.00,0.00000000,,0,91.610000,TRANS,TRANSPARENCY,PERCENT,45.24500,-80.87556
201405001,2014-12-03 10:26:42,CCGS LIMNOS,GEORGIAN BAY,11,452113,-802913,16,22,2014-05-12 13:55:00,124,1.00,.00,0.00000000,,0,94.720000,TRANS,TRANSPARENCY,PERCENT,45.35361,-80.48694
201405001,2014-12-03 10:26:42,CCGS LIMNOS,GEORGIAN BAY,12,451928,-800700,122,95.7,2014-05-12 15:55:00,124,1.00,.00,0.00000000,,0,89.880000,TRANS,TRANSPARENCY,PERCENT,45.32444,-80.11667
201405001,2014-12-03 10:26:42,CCGS LIMNOS,GEORGIAN BAY,13,451000,-801750,15,46.2,2014-05-12 19:00:00,124,1.00,.00,0.00000000,,0,94.240000,TRANS,TRANSPARENCY,PERCENT,45.16667,-80.29722
201405001,2014-12-03 10:26:42,CCGS LIMNOS,GEORGIAN BAY,14,445710,-800854,8,49.6,2014-05-12 20:48:00,124,1.00,.00,0.00000000,,0,94.120000,TRANS,TRANSPARENCY,PERCENT,44.95278,-80.14833
201405001,2014-12-03 10:26:42,CCGS LIMNOS,GEORGIAN BAY,15,445218,-795804,9,29.6,2014-05-12 22:10:00,124,1.00,.00,0.00000000,,0,87.060000,TRANS,TRANSPARENCY,PERCENT,44.87167,-79.96778
201405001,2014-12-03 10:26:42,CCGS LIMNOS,GEORGIAN BAY,16,444748,-801436,5,58.5,2014-05-13 00:25:00,124,1.00,.00,0.00000000,,0,94.160000,TRANS,TRANSPARENCY,PERCENT,44.79667,-80.24333
201405001,2014-12-03 10:26:42,CCGS LIMNOS,GEORGIAN BAY,17,443846,-801000,4,57.8,2014-05-13 02:00:00,124,1.00,.00,0.00000000,,0,93.790000,TRANS,TRANSPARENCY,PERCENT,44.64611,-80.16667
201405001,2014-12-03 10:26:42,CCGS LIMNOS,GEORGIAN BAY,18,444412,-802606,6,87.1,2014-05-13 04:00:00,124,1.00,.00,0.00000000,,0,93.840000,TRANS,TRANSPARENCY,PERCENT,44.73667,-80.43500
201405001,2014-12-03 10:26:42,CCGS LIMNOS,GEORGIAN BAY,19,444330,-803658,3,33.7,2014-05-13 05:10:00,124,1.00,.00,0.00000000,,0,94.200000,TRANS,TRANSPARENCY,PERCENT,44.72500,-80.61611
201405001,2014-12-03 10:26:42,CCGS LIMNOS,GEORGIAN BAY,20,444305,-805126,1,88.9,2014-05-13 06:50:00,124,1.00,.00,0.00000000,,0,93.820000,TRANS,TRANSPARENCY,PERCENT,44.71806,-80.85722
201405001,2014-12-03 10:26:42,CCGS LIMNOS,GEORGIAN BAY,21,445516,-803627,11,60.3,2014-05-13 09:32:00,124,1.00,.00,0.00000000,,0,91.000000,TRANS,TRANSPARENCY,PERCENT,44.92111,-80.60750
201405001,2014-12-03 10:26:42,CCGS LIMNOS,GEORGIAN BAY,22,445511,-805231,12,88.1,2014-05-13 11:00:00,124,1.00,.00,0.00000000,,0,93.530000,TRANS,TRANSPARENCY,PERCENT,44.91972,-80.87528
201405001,2014-12-03 10:26:42,CCGS LIMNOS,GEORGIAN BAY,23,450359,-811514,19,51.5,2014-05-13 13:20:00,124,1.00,.00,0.00000000,,0,94.060000,TRANS,TRANSPARENCY,PERCENT,45.06639,-81.25389
201405001,2014-12-03 10:26:42,CCGS LIMNOS,GEORGIAN BAY,24,451418,-812626,31,64.5,2014-05-13 16:10:00,124,1.00,.00,0.00000000,,0,94.650000,TRANS,TRANSPARENCY,PERCENT,45.23833,-81.44056
201405001,2014-12-03 10:26:42,CCGS LIMNOS,GEORGIAN BAY,25,452213,-813507,33,51,2014-05-13 17:50:00,124,1.00,.00,0.00000000,,0,96.010000,TRANS,TRANSPARENCY,PERCENT,45.37028,-81.58528
201405003,2014-12-03 10:30:37,CCGS LIMNOS,GEORGIAN BAY,1,452213,-813507,33,54,2014-08-11 18:58:00,124,1.00,.00,0.00000000,,0,89.260000,TRANS,TRANSPARENCY,PERCENT,45.37028,-81.58528
201405003,2014-12-03 10:30:37,CCGS LIMNOS,GEORGIAN BAY,2,451417,-812629,31,63.9,2014-08-11 20:30:00,124,1.00,.00,0.00000000,,0,89.070000,TRANS,TRANSPARENCY,PERCENT,45.23806,-81.44139
201405003,2014-12-03 10:30:37,CCGS LIMNOS,GEORGIAN BAY,3,452153,-811126,21,86,2014-08-11 22:11:00,124,1.00,.00,0.00000000,,0,89.190000,TRANS,TRANSPARENCY,PERCENT,45.36472,-81.19056
201405003,2014-12-03 10:30:37,CCGS LIMNOS,GEORGIAN BAY,4,453506,-810506,29,42.8,2014-08-12 00:19:00,124,1.00,.00,0.00000000,,0,89.860000,TRANS,TRANSPARENCY,PERCENT,45.58500,-81.08500
201405003,2014-12-03 10:30:37,CCGS LIMNOS,GEORGIAN BAY,5,451441,-805231,17,77.8,2014-08-12 03:22:00,124,1.00,.00,0.00000000,,0,90.310000,TRANS,TRANSPARENCY,PERCENT,45.24472,-80.87528
201405003,2014-12-03 10:30:37,CCGS LIMNOS,GEORGIAN BAY,5,451441,-805231,17,77.8,2014-08-12 03:22:00,124,1.00,.00,0.00000000,,1,96.030000,TRANS,TRANSPARENCY,PERCENT,45.24472,-80.87528
201405003,2014-12-03 10:30:37,CCGS LIMNOS,GEORGIAN BAY,6,450400,-811514,19,52.6,2014-08-12 06:07:00,124,1.00,.00,0.00000000,,0,91.030000,TRANS,TRANSPARENCY,PERCENT,45.06667,-81.25389
201405003,2014-12-03 10:30:37,CCGS LIMNOS,GEORGIAN BAY,7,444302,-805123,1,89.5,2014-08-12 22:36:00,124,1.00,.00,0.00000000,,0,86.170000,TRANS,TRANSPARENCY,PERCENT,44.71722,-80.85639
201405003,2014-12-03 10:30:37,CCGS LIMNOS,GEORGIAN BAY,8,445517,-803622,11,61.1,2014-08-13 00:53:00,124,1.00,.00,0.00000000,,0,85.780000,TRANS,TRANSPARENCY,PERCENT,44.92139,-80.60611
201405003,2014-12-03 10:30:37,CCGS LIMNOS,GEORGIAN BAY,9,445512,-805227,12,88,2014-08-13 02:19:00,124,1.00,.00,0.00000000,,0,88.740000,TRANS,TRANSPARENCY,PERCENT,44.92000,-80.87417
201405001,2014-12-03 10:26:42,CCGS LIMNOS,GEORGIAN BAY,1,453140,-814010,35,34.7,2014-05-11 19:35:00,160,1.00,.00,0.00000000,,0,205.000000,CON 25,SPECIFIC CONDUCTANCE 25 DEG. C,USIEMENS,45.52778,-81.66944
201405001,2014-12-03 10:26:42,CCGS LIMNOS,GEORGIAN BAY,2,454232,-813712,36,51.8,2014-05-11 21:00:00,160,1.00,.00,0.00000000,,0,201.000000,CON 25,SPECIFIC CONDUCTANCE 25 DEG. C,USIEMENS,45.70889,-81.62000
201405001,2014-12-03 10:26:42,CCGS LIMNOS,GEORGIAN BAY,3,455447,-813544,42,23.3,2014-05-11 23:00:00,160,1.00,.00,0.00000000,,0,192.000000,CON 25,SPECIFIC CONDUCTANCE 25 DEG. C,USIEMENS,45.91306,-81.59556
201405001,2014-12-03 10:26:42,CCGS LIMNOS,GEORGIAN BAY,3,455447,-813544,42,23.3,2014-05-11 23:00:00,160,13.00,.00,0.00000000,,0,192.000000,CON 25,SPECIFIC CONDUCTANCE 25 DEG. C,USIEMENS,45.91306,-81.59556
201405001,2014-12-03 10:26:42,CCGS LIMNOS,GEORGIAN BAY,3,455447,-813544,42,23.3,2014-05-11 23:00:00,160,21.00,.00,0.00000000,,0,192.000000,CON 25,SPECIFIC CONDUCTANCE 25 DEG. C,USIEMENS,45.91306,-81.59556
201405001,2014-12-03 10:26:42,CCGS LIMNOS,GEORGIAN BAY,4,455224,-811530,39,27.2,2014-05-12 01:20:00,160,1.00,.00,0.00000000,,0,195.000000,CON 25,SPECIFIC CONDUCTANCE 25 DEG. C,USIEMENS,45.87333,-81.25833
201405001,2014-12-03 10:26:42,CCGS LIMNOS,GEORGIAN BAY,5,455200,-810000,27,12.2,2014-05-12 02:50:00,160,1.00,.00,0.00000000,,0,141.000000,CON 25,SPECIFIC CONDUCTANCE 25 DEG. C,USIEMENS,45.86667,-81.00000
201405001,2014-12-03 10:26:42,CCGS LIMNOS,GEORGIAN BAY,5,455200,-810000,27,12.2,2014-05-12 02:50:00,160,1.00,.00,0.00000000,,1,131.000000,CON 25,SPECIFIC CONDUCTANCE 25 DEG. C,USIEMENS,45.86667,-81.00000
201405001,2014-12-03 10:26:42,CCGS LIMNOS,GEORGIAN BAY,5,455200,-810000,27,12.2,2014-05-12 02:50:00,160,10.00,.00,0.00000000,,0,151.000000,CON 25,SPECIFIC CONDUCTANCE 25 DEG. C,USIEMENS,45.86667,-81.00000
201405001,2014-12-03 10:26:42,CCGS LIMNOS,GEORGIAN BAY,6,455001,-805400,26,20.5,2014-05-12 03:50:00,160,1.00,.00,0.00000000,,0,185.000000,CON 25,SPECIFIC CONDUCTANCE 25 DEG. C,USIEMENS,45.83361,-80.90000
201405001,2014-12-03 10:26:42,CCGS LIMNOS,GEORGIAN BAY,7,454044,-805021,24,39.7,2014-05-12 05:05:00,160,1.00,.00,0.00000000,,0,199.000000,CON 25,SPECIFIC CONDUCTANCE 25 DEG. C,USIEMENS,45.67889,-80.83917
201405001,2014-12-03 10:26:42,CCGS LIMNOS,GEORGIAN BAY,8,453501,-810459,29,42.7,2014-05-12 06:50:00,160,1.00,.00,0.00000000,,0,205.000000,CON 25,SPECIFIC CONDUCTANCE 25 DEG. C,USIEMENS,45.58361,-81.08306
201405001,2014-12-03 10:26:42,CCGS LIMNOS,GEORGIAN BAY,8,453501,-810459,29,42.7,2014-05-12 06:50:00,160,40.00,.00,0.00000000,,0,202.000000,CON 25,SPECIFIC CONDUCTANCE 25 DEG. C,USIEMENS,45.58361,-81.08306
201405001,2014-12-03 10:26:42,CCGS LIMNOS,GEORGIAN BAY,9,452153,-811126,21,85.4,2014-05-12 09:00:00,160,1.00,.00,0.00000000,,0,207.000000,CON 25,SPECIFIC CONDUCTANCE 25 DEG. C,USIEMENS,45.36472,-81.19056
201405001,2014-12-03 10:26:42,CCGS LIMNOS,GEORGIAN BAY,10,451442,-805232,17,77.6,2014-05-12 11:00:00,160,1.00,.00,0.00000000,,0,204.000000,CON 25,SPECIFIC CONDUCTANCE 25 DEG. C,USIEMENS,45.24500,-80.87556
201405001,2014-12-03 10:26:42,CCGS LIMNOS,GEORGIAN BAY,10,451442,-805232,17,77.6,2014-05-12 11:00:00,160,1.00,.00,0.00000000,,1,206.000000,CON 25,SPECIFIC CONDUCTANCE 25 DEG. C,USIEMENS,45.24500,-80.87556
201405001,2014-12-03 10:26:42,CCGS LIMNOS,GEORGIAN BAY,10,451442,-805232,17,77.6,2014-05-12 11:00:00,160,50.00,.00,0.00000000,,0,206.000000,CON 25,SPECIFIC CONDUCTANCE 25 DEG. C,USIEMENS,45.24500,-80.87556
201405001,2014-12-03 10:26:42,CCGS LIMNOS,GEORGIAN BAY,10,451442,-805232,17,77.6,2014-05-12 11:00:00,160,67.00,.00,0.00000000,,0,207.000000,CON 25,SPECIFIC CONDUCTANCE 25 DEG. C,USIEMENS,45.24500,-80.87556
201405001,2014-12-03 10:26:42,CCGS LIMNOS,GEORGIAN BAY,10,451442,-805232,17,77.6,2014-05-12 11:00:00,160,75.00,.00,0.00000000,,0,206.000000,CON 25,SPECIFIC CONDUCTANCE 25 DEG. C,USIEMENS,45.24500,-80.87556
201405001,2014-12-03 10:26:42,CCGS LIMNOS,GEORGIAN BAY,11,452113,-802913,16,22,2014-05-12 13:55:00,160,1.00,.00,0.00000000,,0,214.000000,CON 25,SPECIFIC CONDUCTANCE 25 DEG. C,USIEMENS,45.35361,-80.48694
201405001,2014-12-03 10:26:42,CCGS LIMNOS,GEORGIAN BAY,12,451928,-800700,122,95.7,2014-05-12 15:55:00,160,1.00,.00,0.00000000,,0,126.000000,CON 25,SPECIFIC CONDUCTANCE 25 DEG. C,USIEMENS,45.32444,-80.11667
201405001,2014-12-03 10:26:42,CCGS LIMNOS,GEORGIAN BAY,13,451000,-801750,15,46.2,2014-05-12 19:00:00,160,1.00,.00,0.00000000,,0,204.000000,CON 25,SPECIFIC CONDUCTANCE 25 DEG. C,USIEMENS,45.16667,-80.29722
201405001,2014-12-03 10:26:42,CCGS LIMNOS,GEORGIAN BAY,14,445710,-800854,8,49.6,2014-05-12 20:48:00,160,1.00,.00,0.00000000,,0,203.000000,CON 25,SPECIFIC CONDUCTANCE 25 DEG. C,USIEMENS,44.95278,-80.14833
201405001,2014-12-03 10:26:42,CCGS LIMNOS,GEORGIAN BAY,15,445218,-795804,9,29.6,2014-05-12 22:10:00,160,1.00,.00,0.00000000,,0,208.000000,CON 25,SPECIFIC CONDUCTANCE 25 DEG. C,USIEMENS,44.87167,-79.96778
201405001,2014-12-03 10:26:42,CCGS LIMNOS,GEORGIAN BAY,15,445218,-795804,9,29.6,2014-05-12 22:10:00,160,1.00,.00,0.00000000,,1,206.000000,CON 25,SPECIFIC CONDUCTANCE 25 DEG. C,USIEMENS,44.87167,-79.96778
201405001,2014-12-03 10:26:42,CCGS LIMNOS,GEORGIAN BAY,15,445218,-795804,9,29.6,2014-05-12 22:10:00,160,19.00,.00,0.00000000,,0,207.000000,CON 25,SPECIFIC CONDUCTANCE 25 DEG. C,USIEMENS,44.87167,-79.96778
201405001,2014-12-03 10:26:42,CCGS LIMNOS,GEORGIAN BAY,16,444748,-801436,5,58.5,2014-05-13 00:25:00,160,1.00,.00,0.00000000,,0,218.000000,CON 25,SPECIFIC CONDUCTANCE 25 DEG. C,USIEMENS,44.79667,-80.24333
201405001,2014-12-03 10:26:42,CCGS LIMNOS,GEORGIAN BAY,17,443846,-801000,4,57.8,2014-05-13 02:00:00,160,1.00,.00,0.00000000,,0,219.000000,CON 25,SPECIFIC CONDUCTANCE 25 DEG. C,USIEMENS,44.64611,-80.16667
201405001,2014-12-03 10:26:42,CCGS LIMNOS,GEORGIAN BAY,17,443846,-801000,4,57.8,2014-05-13 02:00:00,160,48.00,.00,0.00000000,,0,209.000000,CON 25,SPECIFIC CONDUCTANCE 25 DEG. C,USIEMENS,44.64611,-80.16667
201405001,2014-12-03 10:26:42,CCGS LIMNOS,GEORGIAN BAY,17,443846,-801000,4,57.8,2014-05-13 02:00:00,160,56.00,.00,0.00000000,,0,220.000000,CON 25,SPECIFIC CONDUCTANCE 25 DEG. C,USIEMENS,44.64611,-80.16667
201405001,2014-12-03 10:26:42,CCGS LIMNOS,GEORGIAN BAY,18,444412,-802606,6,87.1,2014-05-13 04:00:00,160,1.00,.00,0.00000000,,0,202.000000,CON 25,SPECIFIC CONDUCTANCE 25 DEG. C,USIEMENS,44.73667,-80.43500
201405001,2014-12-03 10:26:42,CCGS LIMNOS,GEORGIAN BAY,19,444330,-803658,3,33.7,2014-05-13 05:10:00,160,1.00,.00,0.00000000,,0,206.000000,CON 25,SPECIFIC CONDUCTANCE 25 DEG. C,USIEMENS,44.72500,-80.61611
201405001,2014-12-03 10:26:42,CCGS LIMNOS,GEORGIAN BAY,20,444305,-805126,1,88.9,2014-05-13 06:50:00,160,1.00,.00,0.00000000,,0,200.000000,CON 25,SPECIFIC CONDUCTANCE 25 DEG. C,USIEMENS,44.71806,-80.85722
201405001,2014-12-03 10:26:42,CCGS LIMNOS,GEORGIAN BAY,20,444305,-805126,1,88.9,2014-05-13 06:50:00,160,1.00,.00,0.00000000,,1,203.000000,CON 25,SPECIFIC CONDUCTANCE 25 DEG. C,USIEMENS,44.71806,-80.85722
201405001,2014-12-03 10:26:42,CCGS LIMNOS,GEORGIAN BAY,20,444305,-805126,1,88.9,2014-05-13 06:50:00,160,50.00,.00,0.00000000,,0,200.000000,CON 25,SPECIFIC CONDUCTANCE 25 DEG. C,USIEMENS,44.71806,-80.85722
201405001,2014-12-03 10:26:42,CCGS LIMNOS,GEORGIAN BAY,20,444305,-805126,1,88.9,2014-05-13 06:50:00,160,79.00,.00,0.00000000,,0,205.000000,CON 25,SPECIFIC CONDUCTANCE 25 DEG. C,USIEMENS,44.71806,-80.85722
201405001,2014-12-03 10:26:42,CCGS LIMNOS,GEORGIAN BAY,20,444305,-805126,1,88.9,2014-05-13 06:50:00,160,87.00,.00,0.00000000,,0,205.000000,CON 25,SPECIFIC CONDUCTANCE 25 DEG. C,USIEMENS,44.71806,-80.85722
201405001,2014-12-03 10:26:42,CCGS LIMNOS,GEORGIAN BAY,21,445516,-803627,11,60.3,2014-05-13 09:32:00,160,1.00,.00,0.00000000,,0,208.000000,CON 25,SPECIFIC CONDUCTANCE 25 DEG. C,USIEMENS,44.92111,-80.60750
201405001,2014-12-03 10:26:42,CCGS LIMNOS,GEORGIAN BAY,22,445511,-805231,12,88.1,2014-05-13 11:00:00,160,1.00,.00,0.00000000,,0,207.000000,CON 25,SPECIFIC CONDUCTANCE 25 DEG. C,USIEMENS,44.91972,-80.87528
201405001,2014-12-03 10:26:42,CCGS LIMNOS,GEORGIAN BAY,23,450359,-811514,19,51.5,2014-05-13 13:20:00,160,1.00,.00,0.00000000,,0,212.000000,CON 25,SPECIFIC CONDUCTANCE 25 DEG. C,USIEMENS,45.06639,-81.25389
201405001,2014-12-03 10:26:42,CCGS LIMNOS,GEORGIAN BAY,24,451418,-812626,31,64.5,2014-05-13 16:10:00,160,1.00,.00,0.00000000,,0,208.000000,CON 25,SPECIFIC CONDUCTANCE 25 DEG. C,USIEMENS,45.23833,-81.44056
201405001,2014-12-03 10:26:42,CCGS LIMNOS,GEORGIAN BAY,25,452213,-813507,33,51,2014-05-13 17:50:00,160,1.00,.00,0.00000000,,0,203.000000,CON 25,SPECIFIC CONDUCTANCE 25 DEG. C,USIEMENS,45.37028,-81.58528
201405001,2014-12-03 10:26:42,CCGS LIMNOS,GEORGIAN BAY,25,452213,-813507,33,51,2014-05-13 17:50:00,160,1.00,.00,0.00000000,,1,202.000000,CON 25,SPECIFIC CONDUCTANCE 25 DEG. C,USIEMENS,45.37028,-81.58528
201405001,2014-12-03 10:26:42,CCGS LIMNOS,GEORGIAN BAY,25,452213,-813507,33,51,2014-05-13 17:50:00,160,41.00,.00,0.00000000,,0,207.000000,CON 25,SPECIFIC CONDUCTANCE 25 DEG. C,USIEMENS,45.37028,-81.58528
201405001,2014-12-03 10:26:42,CCGS LIMNOS,GEORGIAN BAY,25,452213,-813507,33,51,2014-05-13 17:50:00,160,49.00,.00,0.00000000,,0,202.000000,CON 25,SPECIFIC CONDUCTANCE 25 DEG. C,USIEMENS,45.37028,-81.58528
201405003,2014-12-03 10:30:37,CCGS LIMNOS,GEORGIAN BAY,1,452213,-813507,33,54,2014-08-11 18:58:00,160,1.00,.00,0.00000000,,0,209.000000,CON 25,SPECIFIC CONDUCTANCE 25 DEG. C,USIEMENS,45.37028,-81.58528
201405003,2014-12-03 10:30:37,CCGS LIMNOS,GEORGIAN BAY,1,452213,-813507,33,54,2014-08-11 18:58:00,160,4.00,.00,0.00000000,,0,199.500000,CON 25,SPECIFIC CONDUCTANCE 25 DEG. C,USIEMENS,45.37028,-81.58528
201405003,2014-12-03 10:30:37,CCGS LIMNOS,GEORGIAN BAY,1,452213,-813507,33,54,2014-08-11 18:58:00,160,12.00,.00,0.00000000,,0,198.000000,CON 25,SPECIFIC CONDUCTANCE 25 DEG. C,USIEMENS,45.37028,-81.58528
201405003,2014-12-03 10:30:37,CCGS LIMNOS,GEORGIAN BAY,1,452213,-813507,33,54,2014-08-11 18:58:00,160,22.00,.00,0.00000000,,0,198.800000,CON 25,SPECIFIC CONDUCTANCE 25 DEG. C,USIEMENS,45.37028,-81.58528
201405003,2014-12-03 10:30:37,CCGS LIMNOS,GEORGIAN BAY,1,452213,-813507,33,54,2014-08-11 18:58:00,160,44.00,.00,0.00000000,,0,197.000000,CON 25,SPECIFIC CONDUCTANCE 25 DEG. C,USIEMENS,45.37028,-81.58528
201405003,2014-12-03 10:30:37,CCGS LIMNOS,GEORGIAN BAY,1,452213,-813507,33,54,2014-08-11 18:58:00,160,52.00,.00,0.00000000,,0,197.400000,CON 25,SPECIFIC CONDUCTANCE 25 DEG. C,USIEMENS,45.37028,-81.58528
201405003,2014-12-03 10:30:37,CCGS LIMNOS,GEORGIAN BAY,2,451417,-812629,31,63.9,2014-08-11 20:30:00,160,1.00,.00,0.00000000,,0,205.000000,CON 25,SPECIFIC CONDUCTANCE 25 DEG. C,USIEMENS,45.23806,-81.44139
201405003,2014-12-03 10:30:37,CCGS LIMNOS,GEORGIAN BAY,3,452153,-811126,21,86,2014-08-11 22:11:00,160,1.00,.00,0.00000000,,0,194.100000,CON 25,SPECIFIC CONDUCTANCE 25 DEG. C,USIEMENS,45.36472,-81.19056
201405003,2014-12-03 10:30:37,CCGS LIMNOS,GEORGIAN BAY,4,453506,-810506,29,42.8,2014-08-12 00:19:00,160,1.00,.00,0.00000000,,0,203.000000,CON 25,SPECIFIC CONDUCTANCE 25 DEG. C,USIEMENS,45.58500,-81.08500
201405003,2014-12-03 10:30:37,CCGS LIMNOS,GEORGIAN BAY,4,453506,-810506,29,42.8,2014-08-12 00:19:00,160,4.00,.00,0.00000000,,0,202.000000,CON 25,SPECIFIC CONDUCTANCE 25 DEG. C,USIEMENS,45.58500,-81.08500
201405003,2014-12-03 10:30:37,CCGS LIMNOS,GEORGIAN BAY,4,453506,-810506,29,42.8,2014-08-12 00:19:00,160,14.00,.00,0.00000000,,0,205.000000,CON 25,SPECIFIC CONDUCTANCE 25 DEG. C,USIEMENS,45.58500,-81.08500
201405003,2014-12-03 10:30:37,CCGS LIMNOS,GEORGIAN BAY,4,453506,-810506,29,42.8,2014-08-12 00:19:00,160,24.00,.00,0.00000000,,0,199.700000,CON 25,SPECIFIC CONDUCTANCE 25 DEG. C,USIEMENS,45.58500,-81.08500
201405003,2014-12-03 10:30:37,CCGS LIMNOS,GEORGIAN BAY,4,453506,-810506,29,42.8,2014-08-12 00:19:00,160,33.00,.00,0.00000000,,0,203.000000,CON 25,SPECIFIC CONDUCTANCE 25 DEG. C,USIEMENS,45.58500,-81.08500
201405003,2014-12-03 10:30:37,CCGS LIMNOS,GEORGIAN BAY,4,453506,-810506,29,42.8,2014-08-12 00:19:00,160,40.50,.00,0.00000000,,0,206.000000,CON 25,SPECIFIC CONDUCTANCE 25 DEG. C,USIEMENS,45.58500,-81.08500
201405003,2014-12-03 10:30:37,CCGS LIMNOS,GEORGIAN BAY,5,451441,-805231,17,77.8,2014-08-12 03:22:00,160,1.00,.00,0.00000000,,0,199.000000,CON 25,SPECIFIC CONDUCTANCE 25 DEG. C,USIEMENS,45.24472,-80.87528
201405003,2014-12-03 10:30:37,CCGS LIMNOS,GEORGIAN BAY,5,451441,-805231,17,77.8,2014-08-12 03:22:00,160,1.00,.00,0.00000000,,1,196.900000,CON 25,SPECIFIC CONDUCTANCE 25 DEG. C,USIEMENS,45.24472,-80.87528
201405003,2014-12-03 10:30:37,CCGS LIMNOS,GEORGIAN BAY,5,451441,-805231,17,77.8,2014-08-12 03:22:00,160,6.00,.00,0.00000000,,0,197.400000,CON 25,SPECIFIC CONDUCTANCE 25 DEG. C,USIEMENS,45.24472,-80.87528
201405003,2014-12-03 10:30:37,CCGS LIMNOS,GEORGIAN BAY,5,451441,-805231,17,77.8,2014-08-12 03:22:00,160,17.00,.00,0.00000000,,0,194.300000,CON 25,SPECIFIC CONDUCTANCE 25 DEG. C,USIEMENS,45.24472,-80.87528
201405003,2014-12-03 10:30:37,CCGS LIMNOS,GEORGIAN BAY,5,451441,-805231,17,77.8,2014-08-12 03:22:00,160,28.00,.00,0.00000000,,0,194.000000,CON 25,SPECIFIC CONDUCTANCE 25 DEG. C,USIEMENS,45.24472,-80.87528
201405003,2014-12-03 10:30:37,CCGS LIMNOS,GEORGIAN BAY,5,451441,-805231,17,77.8,2014-08-12 03:22:00,160,67.00,.00,0.00000000,,0,201.000000,CON 25,SPECIFIC CONDUCTANCE 25 DEG. C,USIEMENS,45.24472,-80.87528
201405003,2014-12-03 10:30:37,CCGS LIMNOS,GEORGIAN BAY,5,451441,-805231,17,77.8,2014-08-12 03:22:00,160,75.00,.00,0.00000000,,0,201.000000,CON 25,SPECIFIC CONDUCTANCE 25 DEG. C,USIEMENS,45.24472,-80.87528
201405003,2014-12-03 10:30:37,CCGS LIMNOS,GEORGIAN BAY,6,450400,-811514,19,52.6,2014-08-12 06:07:00,160,1.00,.00,0.00000000,,0,202.000000,CON 25,SPECIFIC CONDUCTANCE 25 DEG. C,USIEMENS,45.06667,-81.25389
201405003,2014-12-03 10:30:37,CCGS LIMNOS,GEORGIAN BAY,7,444302,-805123,1,89.5,2014-08-12 22:36:00,160,1.00,.00,0.00000000,,0,200.000000,CON 25,SPECIFIC CONDUCTANCE 25 DEG. C,USIEMENS,44.71722,-80.85639
201405003,2014-12-03 10:30:37,CCGS LIMNOS,GEORGIAN BAY,7,444302,-805123,1,89.5,2014-08-12 22:36:00,160,10.00,.00,0.00000000,,0,203.000000,CON 25,SPECIFIC CONDUCTANCE 25 DEG. C,USIEMENS,44.71722,-80.85639
201405003,2014-12-03 10:30:37,CCGS LIMNOS,GEORGIAN BAY,7,444302,-805123,1,89.5,2014-08-12 22:36:00,160,13.00,.00,0.00000000,,0,203.000000,CON 25,SPECIFIC CONDUCTANCE 25 DEG. C,USIEMENS,44.71722,-80.85639
201405003,2014-12-03 10:30:37,CCGS LIMNOS,GEORGIAN BAY,7,444302,-805123,1,89.5,2014-08-12 22:36:00,160,44.00,.00,0.00000000,,0,210.000000,CON 25,SPECIFIC CONDUCTANCE 25 DEG. C,USIEMENS,44.71722,-80.85639
201405003,2014-12-03 10:30:37,CCGS LIMNOS,GEORGIAN BAY,7,444302,-805123,1,89.5,2014-08-12 22:36:00,160,79.00,.00,0.00000000,,0,212.000000,CON 25,SPECIFIC CONDUCTANCE 25 DEG. C,USIEMENS,44.71722,-80.85639
201405003,2014-12-03 10:30:37,CCGS LIMNOS,GEORGIAN BAY,7,444302,-805123,1,89.5,2014-08-12 22:36:00,160,87.00,.00,0.00000000,,0,211.000000,CON 25,SPECIFIC CONDUCTANCE 25 DEG. C,USIEMENS,44.71722,-80.85639
201405003,2014-12-03 10:30:37,CCGS LIMNOS,GEORGIAN BAY,8,445517,-803622,11,61.1,2014-08-13 00:53:00,160,1.00,.00,0.00000000,,0,197.100000,CON 25,SPECIFIC CONDUCTANCE 25 DEG. C,USIEMENS,44.92139,-80.60611
201405003,2014-12-03 10:30:37,CCGS LIMNOS,GEORGIAN BAY,9,445512,-805227,12,88,2014-08-13 02:19:00,160,1.00,.00,0.00000000,,0,202.000000,CON 25,SPECIFIC CONDUCTANCE 25 DEG. C,USIEMENS,44.92000,-80.87417
201405001,2014-12-03 10:26:42,CCGS LIMNOS,GEORGIAN BAY,1,453140,-814010,35,34.7,2014-05-11 19:35:00,213,1.00,.00,0.00000000,,0,7.440000,PH,PH,PH UNITS,45.52778,-81.66944
201405001,2014-12-03 10:26:42,CCGS LIMNOS,GEORGIAN BAY,2,454232,-813712,36,51.8,2014-05-11 21:00:00,213,1.00,.00,0.00000000,,0,7.440000,PH,PH,PH UNITS,45.70889,-81.62000
201405001,2014-12-03 10:26:42,CCGS LIMNOS,GEORGIAN BAY,3,455447,-813544,42,23.3,2014-05-11 23:00:00,213,1.00,.00,0.00000000,,0,7.660000,PH,PH,PH UNITS,45.91306,-81.59556
201405001,2014-12-03 10:26:42,CCGS LIMNOS,GEORGIAN BAY,3,455447,-813544,42,23.3,2014-05-11 23:00:00,213,13.00,.00,0.00000000,,0,7.480000,PH,PH,PH UNITS,45.91306,-81.59556
201405001,2014-12-03 10:26:42,CCGS LIMNOS,GEORGIAN BAY,3,455447,-813544,42,23.3,2014-05-11 23:00:00,213,21.00,.00,0.00000000,,0,7.600000,PH,PH,PH UNITS,45.91306,-81.59556
201405001,2014-12-03 10:26:42,CCGS LIMNOS,GEORGIAN BAY,4,455224,-811530,39,27.2,2014-05-12 01:20:00,213,1.00,.00,0.00000000,,0,7.680000,PH,PH,PH UNITS,45.87333,-81.25833
201405001,2014-12-03 10:26:42,CCGS LIMNOS,GEORGIAN BAY,5,455200,-810000,27,12.2,2014-05-12 02:50:00,213,1.00,.00,0.00000000,,0,7.570000,PH,PH,PH UNITS,45.86667,-81.00000
201405001,2014-12-03 10:26:42,CCGS LIMNOS,GEORGIAN BAY,5,455200,-810000,27,12.2,2014-05-12 02:50:00,213,1.00,.00,0.00000000,,1,7.420000,PH,PH,PH UNITS,45.86667,-81.00000
201405001,2014-12-03 10:26:42,CCGS LIMNOS,GEORGIAN BAY,5,455200,-810000,27,12.2,2014-05-12 02:50:00,213,10.00,.00,0.00000000,,0,7.310000,PH,PH,PH UNITS,45.86667,-81.00000
201405001,2014-12-03 10:26:42,CCGS LIMNOS,GEORGIAN BAY,6,455001,-805400,26,20.5,2014-05-12 03:50:00,213,1.00,.00,0.00000000,,0,7.580000,PH,PH,PH UNITS,45.83361,-80.90000
201405001,2014-12-03 10:26:42,CCGS LIMNOS,GEORGIAN BAY,7,454044,-805021,24,39.7,2014-05-12 05:05:00,213,1.00,.00,0.00000000,,0,7.670000,PH,PH,PH UNITS,45.67889,-80.83917
201405001,2014-12-03 10:26:42,CCGS LIMNOS,GEORGIAN BAY,8,453501,-810459,29,42.7,2014-05-12 06:50:00,213,1.00,.00,0.00000000,,0,7.620000,PH,PH,PH UNITS,45.58361,-81.08306
201405001,2014-12-03 10:26:42,CCGS LIMNOS,GEORGIAN BAY,8,453501,-810459,29,42.7,2014-05-12 06:50:00,213,40.00,.00,0.00000000,,0,7.610000,PH,PH,PH UNITS,45.58361,-81.08306
201405001,2014-12-03 10:26:42,CCGS LIMNOS,GEORGIAN BAY,9,452153,-811126,21,85.4,2014-05-12 09:00:00,213,1.00,.00,0.00000000,,0,7.590000,PH,PH,PH UNITS,45.36472,-81.19056
201405001,2014-12-03 10:26:42,CCGS LIMNOS,GEORGIAN BAY,10,451442,-805232,17,77.6,2014-05-12 11:00:00,213,1.00,.00,0.00000000,,0,7.680000,PH,PH,PH UNITS,45.24500,-80.87556
201405001,2014-12-03 10:26:42,CCGS LIMNOS,GEORGIAN BAY,10,451442,-805232,17,77.6,2014-05-12 11:00:00,213,1.00,.00,0.00000000,,1,7.590000,PH,PH,PH UNITS,45.24500,-80.87556
201405001,2014-12-03 10:26:42,CCGS LIMNOS,GEORGIAN BAY,10,451442,-805232,17,77.6,2014-05-12 11:00:00,213,50.00,.00,0.00000000,,0,7.660000,PH,PH,PH UNITS,45.24500,-80.87556
201405001,2014-12-03 10:26:42,CCGS LIMNOS,GEORGIAN BAY,10,451442,-805232,17,77.6,2014-05-12 11:00:00,213,67.00,.00,0.00000000,,0,7.570000,PH,PH,PH UNITS,45.24500,-80.87556
201405001,2014-12-03 10:26:42,CCGS LIMNOS,GEORGIAN BAY,10,451442,-805232,17,77.6,2014-05-12 11:00:00,213,75.00,.00,0.00000000,,0,7.610000,PH,PH,PH UNITS,45.24500,-80.87556
201405001,2014-12-03 10:26:42,CCGS LIMNOS,GEORGIAN BAY,11,452113,-802913,16,22,2014-05-12 13:55:00,213,1.00,.00,0.00000000,,0,7.730000,PH,PH,PH UNITS,45.35361,-80.48694
201405001,2014-12-03 10:26:42,CCGS LIMNOS,GEORGIAN BAY,12,451928,-800700,122,95.7,2014-05-12 15:55:00,213,1.00,.00,0.00000000,,0,7.230000,PH,PH,PH UNITS,45.32444,-80.11667
201405001,2014-12-03 10:26:42,CCGS LIMNOS,GEORGIAN BAY,13,451000,-801750,15,46.2,2014-05-12 19:00:00,213,1.00,.00,0.00000000,,0,7.610000,PH,PH,PH UNITS,45.16667,-80.29722
201405001,2014-12-03 10:26:42,CCGS LIMNOS,GEORGIAN BAY,14,445710,-800854,8,49.6,2014-05-12 20:48:00,213,1.00,.00,0.00000000,,0,7.620000,PH,PH,PH UNITS,44.95278,-80.14833
201405001,2014-12-03 10:26:42,CCGS LIMNOS,GEORGIAN BAY,15,445218,-795804,9,29.6,2014-05-12 22:10:00,213,1.00,.00,0.00000000,,0,7.310000,PH,PH,PH UNITS,44.87167,-79.96778
201405001,2014-12-03 10:26:42,CCGS LIMNOS,GEORGIAN BAY,15,445218,-795804,9,29.6,2014-05-12 22:10:00,213,1.00,.00,0.00000000,,1,7.460000,PH,PH,PH UNITS,44.87167,-79.96778
201405001,2014-12-03 10:26:42,CCGS LIMNOS,GEORGIAN BAY,15,445218,-795804,9,29.6,2014-05-12 22:10:00,213,19.00,.00,0.00000000,,0,7.450000,PH,PH,PH UNITS,44.87167,-79.96778
201405001,2014-12-03 10:26:42,CCGS LIMNOS,GEORGIAN BAY,15,445218,-795804,9,29.6,2014-05-12 22:10:00,213,27.00,.00,0.00000000,,0,7.210000,PH,PH,PH UNITS,44.87167,-79.96778
201405001,2014-12-03 10:26:42,CCGS LIMNOS,GEORGIAN BAY,16,444748,-801436,5,58.5,2014-05-13 00:25:00,213,1.00,.00,0.00000000,,0,7.750000,PH,PH,PH UNITS,44.79667,-80.24333
201405001,2014-12-03 10:26:42,CCGS LIMNOS,GEORGIAN BAY,17,443846,-801000,4,57.8,2014-05-13 02:00:00,213,1.00,.00,0.00000000,,0,7.670000,PH,PH,PH UNITS,44.64611,-80.16667
201405001,2014-12-03 10:26:42,CCGS LIMNOS,GEORGIAN BAY,17,443846,-801000,4,57.8,2014-05-13 02:00:00,213,48.00,.00,0.00000000,,0,7.740000,PH,PH,PH UNITS,44.64611,-80.16667
201405001,2014-12-03 10:26:42,CCGS LIMNOS,GEORGIAN BAY,17,443846,-801000,4,57.8,2014-05-13 02:00:00,213,56.00,.00,0.00000000,,0,7.730000,PH,PH,PH UNITS,44.64611,-80.16667
201405001,2014-12-03 10:26:42,CCGS LIMNOS,GEORGIAN BAY,18,444412,-802606,6,87.1,2014-05-13 04:00:00,213,1.00,.00,0.00000000,,0,7.670000,PH,PH,PH UNITS,44.73667,-80.43500
201405001,2014-12-03 10:26:42,CCGS LIMNOS,GEORGIAN BAY,19,444330,-803658,3,33.7,2014-05-13 05:10:00,213,1.00,.00,0.00000000,,0,7.590000,PH,PH,PH UNITS,44.72500,-80.61611
201405001,2014-12-03 10:26:42,CCGS LIMNOS,GEORGIAN BAY,20,444305,-805126,1,88.9,2014-05-13 06:50:00,213,1.00,.00,0.00000000,,0,7.610000,PH,PH,PH UNITS,44.71806,-80.85722
201405001,2014-12-03 10:26:42,CCGS LIMNOS,GEORGIAN BAY,20,444305,-805126,1,88.9,2014-05-13 06:50:00,213,1.00,.00,0.00000000,,1,7.580000,PH,PH,PH UNITS,44.71806,-80.85722
201405001,2014-12-03 10:26:42,CCGS LIMNOS,GEORGIAN BAY,20,444305,-805126,1,88.9,2014-05-13 06:50:00,213,50.00,.00,0.00000000,,0,7.590000,PH,PH,PH UNITS,44.71806,-80.85722
201405001,2014-12-03 10:26:42,CCGS LIMNOS,GEORGIAN BAY,20,444305,-805126,1,88.9,2014-05-13 06:50:00,213,79.00,.00,0.00000000,,0,7.540000,PH,PH,PH UNITS,44.71806,-80.85722
201405001,2014-12-03 10:26:42,CCGS LIMNOS,GEORGIAN BAY,20,444305,-805126,1,88.9,2014-05-13 06:50:00,213,87.00,.00,0.00000000,,0,7.600000,PH,PH,PH UNITS,44.71806,-80.85722
201405001,2014-12-03 10:26:42,CCGS LIMNOS,GEORGIAN BAY,21,445516,-803627,11,60.3,2014-05-13 09:32:00,213,1.00,.00,0.00000000,,0,7.540000,PH,PH,PH UNITS,44.92111,-80.60750
201405001,2014-12-03 10:26:42,CCGS LIMNOS,GEORGIAN BAY,22,445511,-805231,12,88.1,2014-05-13 11:00:00,213,1.00,.00,0.00000000,,0,7.580000,PH,PH,PH UNITS,44.91972,-80.87528
201405001,2014-12-03 10:26:42,CCGS LIMNOS,GEORGIAN BAY,23,450359,-811514,19,51.5,2014-05-13 13:20:00,213,1.00,.00,0.00000000,,0,7.560000,PH,PH,PH UNITS,45.06639,-81.25389
201405001,2014-12-03 10:26:42,CCGS LIMNOS,GEORGIAN BAY,24,451418,-812626,31,64.5,2014-05-13 16:10:00,213,1.00,.00,0.00000000,,0,7.610000,PH,PH,PH UNITS,45.23833,-81.44056
201405001,2014-12-03 10:26:42,CCGS LIMNOS,GEORGIAN BAY,25,452213,-813507,33,51,2014-05-13 17:50:00,213,1.00,.00,0.00000000,,0,7.520000,PH,PH,PH UNITS,45.37028,-81.58528
201405001,2014-12-03 10:26:42,CCGS LIMNOS,GEORGIAN BAY,25,452213,-813507,33,51,2014-05-13 17:50:00,213,1.00,.00,0.00000000,,1,7.600000,PH,PH,PH UNITS,45.37028,-81.58528
201405001,2014-12-03 10:26:42,CCGS LIMNOS,GEORGIAN BAY,25,452213,-813507,33,51,2014-05-13 17:50:00,213,41.00,.00,0.00000000,,0,7.580000,PH,PH,PH UNITS,45.37028,-81.58528
201405001,2014-12-03 10:26:42,CCGS LIMNOS,GEORGIAN BAY,25,452213,-813507,33,51,2014-05-13 17:50:00,213,49.00,.00,0.00000000,,0,7.600000,PH,PH,PH UNITS,45.37028,-81.58528
201405003,2014-12-03 10:30:37,CCGS LIMNOS,GEORGIAN BAY,1,452213,-813507,33,54,2014-08-11 18:58:00,213,1.00,.00,0.00000000,,0,7.940000,PH,PH,PH UNITS,45.37028,-81.58528
201405003,2014-12-03 10:30:37,CCGS LIMNOS,GEORGIAN BAY,1,452213,-813507,33,54,2014-08-11 18:58:00,213,4.00,.00,0.00000000,,0,7.990000,PH,PH,PH UNITS,45.37028,-81.58528
201405003,2014-12-03 10:30:37,CCGS LIMNOS,GEORGIAN BAY,1,452213,-813507,33,54,2014-08-11 18:58:00,213,12.00,.00,0.00000000,,0,8.010000,PH,PH,PH UNITS,45.37028,-81.58528
201405003,2014-12-03 10:30:37,CCGS LIMNOS,GEORGIAN BAY,1,452213,-813507,33,54,2014-08-11 18:58:00,213,22.00,.00,0.00000000,,0,7.860000,PH,PH,PH UNITS,45.37028,-81.58528
201405003,2014-12-03 10:30:37,CCGS LIMNOS,GEORGIAN BAY,1,452213,-813507,33,54,2014-08-11 18:58:00,213,44.00,.00,0.00000000,,0,7.480000,PH,PH,PH UNITS,45.37028,-81.58528
201405003,2014-12-03 10:30:37,CCGS LIMNOS,GEORGIAN BAY,1,452213,-813507,33,54,2014-08-11 18:58:00,213,52.00,.00,0.00000000,,0,7.700000,PH,PH,PH UNITS,45.37028,-81.58528
201405003,2014-12-03 10:30:37,CCGS LIMNOS,GEORGIAN BAY,2,451417,-812629,31,63.9,2014-08-11 20:30:00,213,1.00,.00,0.00000000,,0,8.010000,PH,PH,PH UNITS,45.23806,-81.44139
201405003,2014-12-03 10:30:37,CCGS LIMNOS,GEORGIAN BAY,3,452153,-811126,21,86,2014-08-11 22:11:00,213,1.00,.00,0.00000000,,0,8.010000,PH,PH,PH UNITS,45.36472,-81.19056
201405003,2014-12-03 10:30:37,CCGS LIMNOS,GEORGIAN BAY,4,453506,-810506,29,42.8,2014-08-12 00:19:00,213,1.00,.00,0.00000000,,0,7.920000,PH,PH,PH UNITS,45.58500,-81.08500
201405003,2014-12-03 10:30:37,CCGS LIMNOS,GEORGIAN BAY,4,453506,-810506,29,42.8,2014-08-12 00:19:00,213,4.00,.00,0.00000000,,0,7.950000,PH,PH,PH UNITS,45.58500,-81.08500
201405003,2014-12-03 10:30:37,CCGS LIMNOS,GEORGIAN BAY,4,453506,-810506,29,42.8,2014-08-12 00:19:00,213,14.00,.00,0.00000000,,0,8.000000,PH,PH,PH UNITS,45.58500,-81.08500
201405003,2014-12-03 10:30:37,CCGS LIMNOS,GEORGIAN BAY,4,453506,-810506,29,42.8,2014-08-12 00:19:00,213,24.00,.00,0.00000000,,0,7.710000,PH,PH,PH UNITS,45.58500,-81.08500
201405003,2014-12-03 10:30:37,CCGS LIMNOS,GEORGIAN BAY,4,453506,-810506,29,42.8,2014-08-12 00:19:00,213,33.00,.00,0.00000000,,0,7.620000,PH,PH,PH UNITS,45.58500,-81.08500
201405003,2014-12-03 10:30:37,CCGS LIMNOS,GEORGIAN BAY,4,453506,-810506,29,42.8,2014-08-12 00:19:00,213,40.50,.00,0.00000000,,0,7.620000,PH,PH,PH UNITS,45.58500,-81.08500
201405003,2014-12-03 10:30:37,CCGS LIMNOS,GEORGIAN BAY,5,451441,-805231,17,77.8,2014-08-12 03:22:00,213,1.00,.00,0.00000000,,0,7.910000,PH,PH,PH UNITS,45.24472,-80.87528
201405003,2014-12-03 10:30:37,CCGS LIMNOS,GEORGIAN BAY,5,451441,-805231,17,77.8,2014-08-12 03:22:00,213,1.00,.00,0.00000000,,1,7.860000,PH,PH,PH UNITS,45.24472,-80.87528
201405003,2014-12-03 10:30:37,CCGS LIMNOS,GEORGIAN BAY,5,451441,-805231,17,77.8,2014-08-12 03:22:00,213,6.00,.00,0.00000000,,0,7.930000,PH,PH,PH UNITS,45.24472,-80.87528
201405003,2014-12-03 10:30:37,CCGS LIMNOS,GEORGIAN BAY,5,451441,-805231,17,77.8,2014-08-12 03:22:00,213,17.00,.00,0.00000000,,0,7.890000,PH,PH,PH UNITS,45.24472,-80.87528
201405003,2014-12-03 10:30:37,CCGS LIMNOS,GEORGIAN BAY,5,451441,-805231,17,77.8,2014-08-12 03:22:00,213,28.00,.00,0.00000000,,0,7.750000,PH,PH,PH UNITS,45.24472,-80.87528
201405003,2014-12-03 10:30:37,CCGS LIMNOS,GEORGIAN BAY,5,451441,-805231,17,77.8,2014-08-12 03:22:00,213,67.00,.00,0.00000000,,0,7.610000,PH,PH,PH UNITS,45.24472,-80.87528
201405003,2014-12-03 10:30:37,CCGS LIMNOS,GEORGIAN BAY,5,451441,-805231,17,77.8,2014-08-12 03:22:00,213,75.00,.00,0.00000000,,0,7.630000,PH,PH,PH UNITS,45.24472,-80.87528
201405003,2014-12-03 10:30:37,CCGS LIMNOS,GEORGIAN BAY,6,450400,-811514,19,52.6,2014-08-12 06:07:00,213,1.00,.00,0.00000000,,0,7.850000,PH,PH,PH UNITS,45.06667,-81.25389
201405003,2014-12-03 10:30:37,CCGS LIMNOS,GEORGIAN BAY,7,444302,-805123,1,89.5,2014-08-12 22:36:00,213,1.00,.00,0.00000000,,0,7.980000,PH,PH,PH UNITS,44.71722,-80.85639
201405003,2014-12-03 10:30:37,CCGS LIMNOS,GEORGIAN BAY,7,444302,-805123,1,89.5,2014-08-12 22:36:00,213,10.00,.00,0.00000000,,0,7.990000,PH,PH,PH UNITS,44.71722,-80.85639
201405003,2014-12-03 10:30:37,CCGS LIMNOS,GEORGIAN BAY,7,444302,-805123,1,89.5,2014-08-12 22:36:00,213,13.00,.00,0.00000000,,0,7.990000,PH,PH,PH UNITS,44.71722,-80.85639
201405003,2014-12-03 10:30:37,CCGS LIMNOS,GEORGIAN BAY,7,444302,-805123,1,89.5,2014-08-12 22:36:00,213,44.00,.00,0.00000000,,0,7.810000,PH,PH,PH UNITS,44.71722,-80.85639
201405003,2014-12-03 10:30:37,CCGS LIMNOS,GEORGIAN BAY,7,444302,-805123,1,89.5,2014-08-12 22:36:00,213,79.00,.00,0.00000000,,0,7.750000,PH,PH,PH UNITS,44.71722,-80.85639
201405003,2014-12-03 10:30:37,CCGS LIMNOS,GEORGIAN BAY,7,444302,-805123,1,89.5,2014-08-12 22:36:00,213,87.00,.00,0.00000000,,0,7.630000,PH,PH,PH UNITS,44.71722,-80.85639
201405003,2014-12-03 10:30:37,CCGS LIMNOS,GEORGIAN BAY,8,445517,-803622,11,61.1,2014-08-13 00:53:00,213,1.00,.00,0.00000000,,0,8.040000,PH,PH,PH UNITS,44.92139,-80.60611
201405003,2014-12-03 10:30:37,CCGS LIMNOS,GEORGIAN BAY,9,445512,-805227,12,88,2014-08-13 02:19:00,213,1.00,.00,0.00000000,,0,7.990000,PH,PH,PH UNITS,44.92000,-80.87417
201405001,2014-12-03 10:26:42,CCGS LIMNOS,GEORGIAN BAY,1,453140,-814010,35,34.7,2014-05-11 19:35:00,225,.00,20.00,0.00500000,,0,.049000,I-POC,"CARBON,PARTICULATE ORGANIC,INTEGRATED",MG C/L,45.52778,-81.66944
201405001,2014-12-03 10:26:42,CCGS LIMNOS,GEORGIAN BAY,2,454232,-813712,36,51.8,2014-05-11 21:00:00,225,.00,20.00,0.00500000,,0,.055000,I-POC,"CARBON,PARTICULATE ORGANIC,INTEGRATED",MG C/L,45.70889,-81.62000
201405001,2014-12-03 10:26:42,CCGS LIMNOS,GEORGIAN BAY,3,455447,-813544,42,23.3,2014-05-11 23:00:00,225,.00,20.00,0.00500000,,0,.054000,I-POC,"CARBON,PARTICULATE ORGANIC,INTEGRATED",MG C/L,45.91306,-81.59556
201405001,2014-12-03 10:26:42,CCGS LIMNOS,GEORGIAN BAY,4,455224,-811530,39,27.2,2014-05-12 01:20:00,225,.00,20.00,0.00500000,,0,.055000,I-POC,"CARBON,PARTICULATE ORGANIC,INTEGRATED",MG C/L,45.87333,-81.25833
201405001,2014-12-03 10:26:42,CCGS LIMNOS,GEORGIAN BAY,5,455200,-810000,27,12.2,2014-05-12 02:50:00,225,.00,10.00,0.00500000,,0,.104000,I-POC,"CARBON,PARTICULATE ORGANIC,INTEGRATED",MG C/L,45.86667,-81.00000
201405001,2014-12-03 10:26:42,CCGS LIMNOS,GEORGIAN BAY,5,455200,-810000,27,12.2,2014-05-12 02:50:00,225,.00,10.00,0.00500000,,1,.116000,I-POC,"CARBON,PARTICULATE ORGANIC,INTEGRATED",MG C/L,45.86667,-81.00000
201405001,2014-12-03 10:26:42,CCGS LIMNOS,GEORGIAN BAY,6,455001,-805400,26,20.5,2014-05-12 03:50:00,225,.00,18.50,0.00500000,,0,.054000,I-POC,"CARBON,PARTICULATE ORGANIC,INTEGRATED",MG C/L,45.83361,-80.90000
201405001,2014-12-03 10:26:42,CCGS LIMNOS,GEORGIAN BAY,7,454044,-805021,24,39.7,2014-05-12 05:05:00,225,.00,20.00,0.00500000,,0,.065000,I-POC,"CARBON,PARTICULATE ORGANIC,INTEGRATED",MG C/L,45.67889,-80.83917
201405001,2014-12-03 10:26:42,CCGS LIMNOS,GEORGIAN BAY,8,453501,-810459,29,42.7,2014-05-12 06:50:00,225,.00,20.00,0.00500000,,0,.054000,I-POC,"CARBON,PARTICULATE ORGANIC,INTEGRATED",MG C/L,45.58361,-81.08306
201405001,2014-12-03 10:26:42,CCGS LIMNOS,GEORGIAN BAY,9,452153,-811126,21,85.4,2014-05-12 09:00:00,225,.00,20.00,0.00500000,,0,.068000,I-POC,"CARBON,PARTICULATE ORGANIC,INTEGRATED",MG C/L,45.36472,-81.19056
201405001,2014-12-03 10:26:42,CCGS LIMNOS,GEORGIAN BAY,10,451442,-805232,17,77.6,2014-05-12 11:00:00,225,.00,20.00,0.00500000,,0,.069000,I-POC,"CARBON,PARTICULATE ORGANIC,INTEGRATED",MG C/L,45.24500,-80.87556
201405001,2014-12-03 10:26:42,CCGS LIMNOS,GEORGIAN BAY,10,451442,-805232,17,77.6,2014-05-12 11:00:00,225,.00,20.00,0.00500000,,1,.069000,I-POC,"CARBON,PARTICULATE ORGANIC,INTEGRATED",MG C/L,45.24500,-80.87556
201405001,2014-12-03 10:26:42,CCGS LIMNOS,GEORGIAN BAY,11,452113,-802913,16,22,2014-05-12 13:55:00,225,.00,20.00,0.00500000,,0,.066000,I-POC,"CARBON,PARTICULATE ORGANIC,INTEGRATED",MG C/L,45.35361,-80.48694
201405001,2014-12-03 10:26:42,CCGS LIMNOS,GEORGIAN BAY,12,451928,-800700,122,95.7,2014-05-12 15:55:00,225,.00,20.00,0.00500000,,0,.072000,I-POC,"CARBON,PARTICULATE ORGANIC,INTEGRATED",MG C/L,45.32444,-80.11667
201405001,2014-12-03 10:26:42,CCGS LIMNOS,GEORGIAN BAY,13,451000,-801750,15,46.2,2014-05-12 19:00:00,225,.00,20.00,0.00500000,,0,.067000,I-POC,"CARBON,PARTICULATE ORGANIC,INTEGRATED",MG C/L,45.16667,-80.29722
201405001,2014-12-03 10:26:42,CCGS LIMNOS,GEORGIAN BAY,14,445710,-800854,8,49.6,2014-05-12 20:48:00,225,.00,20.00,0.00500000,,0,.057000,I-POC,"CARBON,PARTICULATE ORGANIC,INTEGRATED",MG C/L,44.95278,-80.14833
201405001,2014-12-03 10:26:42,CCGS LIMNOS,GEORGIAN BAY,15,445218,-795804,9,29.6,2014-05-12 22:10:00,225,.00,20.00,0.00500000,,0,.083000,I-POC,"CARBON,PARTICULATE ORGANIC,INTEGRATED",MG C/L,44.87167,-79.96778
201405001,2014-12-03 10:26:42,CCGS LIMNOS,GEORGIAN BAY,15,445218,-795804,9,29.6,2014-05-12 22:10:00,225,.00,20.00,0.00500000,,1,.087000,I-POC,"CARBON,PARTICULATE ORGANIC,INTEGRATED",MG C/L,44.87167,-79.96778
201405001,2014-12-03 10:26:42,CCGS LIMNOS,GEORGIAN BAY,16,444748,-801436,5,58.5,2014-05-13 00:25:00,225,.00,20.00,0.00500000,,0,.070000,I-POC,"CARBON,PARTICULATE ORGANIC,INTEGRATED",MG C/L,44.79667,-80.24333
201405001,2014-12-03 10:26:42,CCGS LIMNOS,GEORGIAN BAY,17,443846,-801000,4,57.8,2014-05-13 02:00:00,225,.00,20.00,0.00500000,,0,.072000,I-POC,"CARBON,PARTICULATE ORGANIC,INTEGRATED",MG C/L,44.64611,-80.16667
201405001,2014-12-03 10:26:42,CCGS LIMNOS,GEORGIAN BAY,18,444412,-802606,6,87.1,2014-05-13 04:00:00,225,.00,20.00,0.00500000,,0,.063000,I-POC,"CARBON,PARTICULATE ORGANIC,INTEGRATED",MG C/L,44.73667,-80.43500
201405001,2014-12-03 10:26:42,CCGS LIMNOS,GEORGIAN BAY,19,444330,-803658,3,33.7,2014-05-13 05:10:00,225,.00,20.00,0.00500000,,0,.049000,I-POC,"CARBON,PARTICULATE ORGANIC,INTEGRATED",MG C/L,44.72500,-80.61611
201405001,2014-12-03 10:26:42,CCGS LIMNOS,GEORGIAN BAY,20,444305,-805126,1,88.9,2014-05-13 06:50:00,225,.00,20.00,0.00500000,,0,.077000,I-POC,"CARBON,PARTICULATE ORGANIC,INTEGRATED",MG C/L,44.71806,-80.85722
201405001,2014-12-03 10:26:42,CCGS LIMNOS,GEORGIAN BAY,20,444305,-805126,1,88.9,2014-05-13 06:50:00,225,.00,20.00,0.00500000,,1,.068000,I-POC,"CARBON,PARTICULATE ORGANIC,INTEGRATED",MG C/L,44.71806,-80.85722
201405001,2014-12-03 10:26:42,CCGS LIMNOS,GEORGIAN BAY,21,445516,-803627,11,60.3,2014-05-13 09:32:00,225,.00,20.00,0.00500000,,0,.063000,I-POC,"CARBON,PARTICULATE ORGANIC,INTEGRATED",MG C/L,44.92111,-80.60750
201405001,2014-12-03 10:26:42,CCGS LIMNOS,GEORGIAN BAY,22,445511,-805231,12,88.1,2014-05-13 11:00:00,225,.00,20.00,0.00500000,,0,.076000,I-POC,"CARBON,PARTICULATE ORGANIC,INTEGRATED",MG C/L,44.91972,-80.87528
201405001,2014-12-03 10:26:42,CCGS LIMNOS,GEORGIAN BAY,23,450359,-811514,19,51.5,2014-05-13 13:20:00,225,.00,20.00,0.00500000,,0,.083000,I-POC,"CARBON,PARTICULATE ORGANIC,INTEGRATED",MG C/L,45.06639,-81.25389
201405001,2014-12-03 10:26:42,CCGS LIMNOS,GEORGIAN BAY,24,451418,-812626,31,64.5,2014-05-13 16:10:00,225,.00,20.00,0.00500000,,0,.047000,I-POC,"CARBON,PARTICULATE ORGANIC,INTEGRATED",MG C/L,45.23833,-81.44056
201405001,2014-12-03 10:26:42,CCGS LIMNOS,GEORGIAN BAY,25,452213,-813507,33,51,2014-05-13 17:50:00,225,.00,20.00,0.00500000,,0,.059000,I-POC,"CARBON,PARTICULATE ORGANIC,INTEGRATED",MG C/L,45.37028,-81.58528
201405001,2014-12-03 10:26:42,CCGS LIMNOS,GEORGIAN BAY,25,452213,-813507,33,51,2014-05-13 17:50:00,225,.00,20.00,0.00500000,,1,.061000,I-POC,"CARBON,PARTICULATE ORGANIC,INTEGRATED",MG C/L,45.37028,-81.58528
201405003,2014-12-03 10:30:37,CCGS LIMNOS,GEORGIAN BAY,1,452213,-813507,33,54,2014-08-11 18:58:00,225,.00,20.00,0.00500000,,0,.077000,I-POC,"CARBON,PARTICULATE ORGANIC,INTEGRATED",MG C/L,45.37028,-81.58528
201405003,2014-12-03 10:30:37,CCGS LIMNOS,GEORGIAN BAY,2,451417,-812629,31,63.9,2014-08-11 20:30:00,225,.00,20.00,0.00500000,,0,.095000,I-POC,"CARBON,PARTICULATE ORGANIC,INTEGRATED",MG C/L,45.23806,-81.44139
201405003,2014-12-03 10:30:37,CCGS LIMNOS,GEORGIAN BAY,3,452153,-811126,21,86,2014-08-11 22:11:00,225,.00,20.00,0.00500000,,0,.163000,I-POC,"CARBON,PARTICULATE ORGANIC,INTEGRATED",MG C/L,45.36472,-81.19056
201405003,2014-12-03 10:30:37,CCGS LIMNOS,GEORGIAN BAY,4,453506,-810506,29,42.8,2014-08-12 00:19:00,225,.00,20.00,0.00500000,,0,.102000,I-POC,"CARBON,PARTICULATE ORGANIC,INTEGRATED",MG C/L,45.58500,-81.08500
201405003,2014-12-03 10:30:37,CCGS LIMNOS,GEORGIAN BAY,5,451441,-805231,17,77.8,2014-08-12 03:22:00,225,.00,20.00,0.00500000,,0,.127000,I-POC,"CARBON,PARTICULATE ORGANIC,INTEGRATED",MG C/L,45.24472,-80.87528
201405003,2014-12-03 10:30:37,CCGS LIMNOS,GEORGIAN BAY,5,451441,-805231,17,77.8,2014-08-12 03:22:00,225,.00,20.00,0.00500000,,1,.132000,I-POC,"CARBON,PARTICULATE ORGANIC,INTEGRATED",MG C/L,45.24472,-80.87528
201405003,2014-12-03 10:30:37,CCGS LIMNOS,GEORGIAN BAY,6,450400,-811514,19,52.6,2014-08-12 06:07:00,225,.00,20.00,0.00500000,,0,.138000,I-POC,"CARBON,PARTICULATE ORGANIC,INTEGRATED",MG C/L,45.06667,-81.25389
201405003,2014-12-03 10:30:37,CCGS LIMNOS,GEORGIAN BAY,7,444302,-805123,1,89.5,2014-08-12 22:36:00,225,.00,20.00,0.00500000,,0,.141000,I-POC,"CARBON,PARTICULATE ORGANIC,INTEGRATED",MG C/L,44.71722,-80.85639
201405003,2014-12-03 10:30:37,CCGS LIMNOS,GEORGIAN BAY,8,445517,-803622,11,61.1,2014-08-13 00:53:00,225,.00,20.00,0.00500000,,0,.182000,I-POC,"CARBON,PARTICULATE ORGANIC,INTEGRATED",MG C/L,44.92139,-80.60611
201405003,2014-12-03 10:30:37,CCGS LIMNOS,GEORGIAN BAY,9,445512,-805227,12,88,2014-08-13 02:19:00,225,.00,20.00,0.00500000,,0,.163000,I-POC,"CARBON,PARTICULATE ORGANIC,INTEGRATED",MG C/L,44.92000,-80.87417
201405001,2014-12-03 10:26:42,CCGS LIMNOS,GEORGIAN BAY,3,455447,-813544,42,23.3,2014-05-11 23:00:00,226,1.00,.00,0.10000000,,0,2.200000,D ORG C,"CARBON,DISSOLVED ORGANIC",MG C/L,45.91306,-81.59556
201405001,2014-12-03 10:26:42,CCGS LIMNOS,GEORGIAN BAY,5,455200,-810000,27,12.2,2014-05-12 02:50:00,226,1.00,.00,0.10000000,,0,4.500000,D ORG C,"CARBON,DISSOLVED ORGANIC",MG C/L,45.86667,-81.00000
201405001,2014-12-03 10:26:42,CCGS LIMNOS,GEORGIAN BAY,5,455200,-810000,27,12.2,2014-05-12 02:50:00,226,1.00,.00,0.10000000,,1,4.500000,D ORG C,"CARBON,DISSOLVED ORGANIC",MG C/L,45.86667,-81.00000
201405001,2014-12-03 10:26:42,CCGS LIMNOS,GEORGIAN BAY,8,453501,-810459,29,42.7,2014-05-12 06:50:00,226,1.00,.00,0.10000000,,0,1.700000,D ORG C,"CARBON,DISSOLVED ORGANIC",MG C/L,45.58361,-81.08306
201405001,2014-12-03 10:26:42,CCGS LIMNOS,GEORGIAN BAY,10,451442,-805232,17,77.6,2014-05-12 11:00:00,226,1.00,.00,0.10000000,,0,1.600000,D ORG C,"CARBON,DISSOLVED ORGANIC",MG C/L,45.24500,-80.87556
201405001,2014-12-03 10:26:42,CCGS LIMNOS,GEORGIAN BAY,10,451442,-805232,17,77.6,2014-05-12 11:00:00,226,998.00,.00,0.10000000,,0,.300000,D ORG C,"CARBON,DISSOLVED ORGANIC",MG C/L,45.24500,-80.87556
201405001,2014-12-03 10:26:42,CCGS LIMNOS,GEORGIAN BAY,10,451442,-805232,17,77.6,2014-05-12 11:00:00,226,999.00,.00,0.10000000,,0,.300000,D ORG C,"CARBON,DISSOLVED ORGANIC",MG C/L,45.24500,-80.87556
201405001,2014-12-03 10:26:42,CCGS LIMNOS,GEORGIAN BAY,15,445218,-795804,9,29.6,2014-05-12 22:10:00,226,1.00,.00,0.10000000,,0,3.500000,D ORG C,"CARBON,DISSOLVED ORGANIC",MG C/L,44.87167,-79.96778
201405001,2014-12-03 10:26:42,CCGS LIMNOS,GEORGIAN BAY,15,445218,-795804,9,29.6,2014-05-12 22:10:00,226,1.00,.00,0.10000000,,1,3.600000,D ORG C,"CARBON,DISSOLVED ORGANIC",MG C/L,44.87167,-79.96778
201405001,2014-12-03 10:26:42,CCGS LIMNOS,GEORGIAN BAY,17,443846,-801000,4,57.8,2014-05-13 02:00:00,226,1.00,.00,0.10000000,,0,1.700000,D ORG C,"CARBON,DISSOLVED ORGANIC",MG C/L,44.64611,-80.16667
201405001,2014-12-03 10:26:42,CCGS LIMNOS,GEORGIAN BAY,20,444305,-805126,1,88.9,2014-05-13 06:50:00,226,1.00,.00,0.10000000,,0,1.600000,D ORG C,"CARBON,DISSOLVED ORGANIC",MG C/L,44.71806,-80.85722
201405001,2014-12-03 10:26:42,CCGS LIMNOS,GEORGIAN BAY,20,444305,-805126,1,88.9,2014-05-13 06:50:00,226,1.00,.00,0.10000000,,1,1.600000,D ORG C,"CARBON,DISSOLVED ORGANIC",MG C/L,44.71806,-80.85722
201405001,2014-12-03 10:26:42,CCGS LIMNOS,GEORGIAN BAY,20,444305,-805126,1,88.9,2014-05-13 06:50:00,226,998.00,.00,0.10000000,,0,.200000,D ORG C,"CARBON,DISSOLVED ORGANIC",MG C/L,44.71806,-80.85722
201405001,2014-12-03 10:26:42,CCGS LIMNOS,GEORGIAN BAY,20,444305,-805126,1,88.9,2014-05-13 06:50:00,226,999.00,.00,0.10000000,,0,.200000,D ORG C,"CARBON,DISSOLVED ORGANIC",MG C/L,44.71806,-80.85722
201405001,2014-12-03 10:26:42,CCGS LIMNOS,GEORGIAN BAY,25,452213,-813507,33,51,2014-05-13 17:50:00,226,1.00,.00,0.10000000,,0,1.700000,D ORG C,"CARBON,DISSOLVED ORGANIC",MG C/L,45.37028,-81.58528
201405001,2014-12-03 10:26:42,CCGS LIMNOS,GEORGIAN BAY,25,452213,-813507,33,51,2014-05-13 17:50:00,226,1.00,.00,0.10000000,,1,1.700000,D ORG C,"CARBON,DISSOLVED ORGANIC",MG C/L,45.37028,-81.58528
201405003,2014-12-03 10:30:37,CCGS LIMNOS,GEORGIAN BAY,4,453506,-810506,29,42.8,2014-08-12 00:19:00,226,1.00,.00,0.10000000,,0,1.800000,D ORG C,"CARBON,DISSOLVED ORGANIC",MG C/L,45.58500,-81.08500
201405003,2014-12-03 10:30:37,CCGS LIMNOS,GEORGIAN BAY,5,451441,-805231,17,77.8,2014-08-12 03:22:00,226,1.00,.00,0.10000000,,0,1.900000,D ORG C,"CARBON,DISSOLVED ORGANIC",MG C/L,45.24472,-80.87528
201405003,2014-12-03 10:30:37,CCGS LIMNOS,GEORGIAN BAY,7,444302,-805123,1,89.5,2014-08-12 22:36:00,226,1.00,.00,0.10000000,,0,1.800000,D ORG C,"CARBON,DISSOLVED ORGANIC",MG C/L,44.71722,-80.85639
201405001,2014-12-03 10:26:42,CCGS LIMNOS,GEORGIAN BAY,10,451442,-805232,17,77.6,2014-05-12 11:00:00,227,998.00,.00,0.00500000,,0,.008000,POC,"CARBON,PARTICULATE ORGANIC",MG C/L,45.24500,-80.87556
201405001,2014-12-03 10:26:42,CCGS LIMNOS,GEORGIAN BAY,20,444305,-805126,1,88.9,2014-05-13 06:50:00,227,998.00,.00,0.00500000,,0,.008000,POC,"CARBON,PARTICULATE ORGANIC",MG C/L,44.71806,-80.85722
201405001,2014-12-03 10:26:42,CCGS LIMNOS,GEORGIAN BAY,3,455447,-813544,42,23.3,2014-05-11 23:00:00,236,1.00,.00,0.20000000,,0,16.200000,D.I.C,DISSOLVED INORGANIC CARBON,MG C/L,45.91306,-81.59556
201405001,2014-12-03 10:26:42,CCGS LIMNOS,GEORGIAN BAY,5,455200,-810000,27,12.2,2014-05-12 02:50:00,236,1.00,.00,0.20000000,,0,10.100000,D.I.C,DISSOLVED INORGANIC CARBON,MG C/L,45.86667,-81.00000
201405001,2014-12-03 10:26:42,CCGS LIMNOS,GEORGIAN BAY,5,455200,-810000,27,12.2,2014-05-12 02:50:00,236,1.00,.00,0.20000000,,1,10.000000,D.I.C,DISSOLVED INORGANIC CARBON,MG C/L,45.86667,-81.00000
201405001,2014-12-03 10:26:42,CCGS LIMNOS,GEORGIAN BAY,8,453501,-810459,29,42.7,2014-05-12 06:50:00,236,1.00,.00,0.20000000,,0,16.800000,D.I.C,DISSOLVED INORGANIC CARBON,MG C/L,45.58361,-81.08306
201405001,2014-12-03 10:26:42,CCGS LIMNOS,GEORGIAN BAY,10,451442,-805232,17,77.6,2014-05-12 11:00:00,236,1.00,.00,0.20000000,,0,16.900000,D.I.C,DISSOLVED INORGANIC CARBON,MG C/L,45.24500,-80.87556
201405001,2014-12-03 10:26:42,CCGS LIMNOS,GEORGIAN BAY,10,451442,-805232,17,77.6,2014-05-12 11:00:00,236,998.00,.00,0.20000000,,0,.500000,D.I.C,DISSOLVED INORGANIC CARBON,MG C/L,45.24500,-80.87556
201405001,2014-12-03 10:26:42,CCGS LIMNOS,GEORGIAN BAY,10,451442,-805232,17,77.6,2014-05-12 11:00:00,236,999.00,.00,0.20000000,,0,.600000,D.I.C,DISSOLVED INORGANIC CARBON,MG C/L,45.24500,-80.87556
201405001,2014-12-03 10:26:42,CCGS LIMNOS,GEORGIAN BAY,15,445218,-795804,9,29.6,2014-05-12 22:10:00,236,1.00,.00,0.20000000,,0,15.300000,D.I.C,DISSOLVED INORGANIC CARBON,MG C/L,44.87167,-79.96778
201405001,2014-12-03 10:26:42,CCGS LIMNOS,GEORGIAN BAY,15,445218,-795804,9,29.6,2014-05-12 22:10:00,236,1.00,.00,0.20000000,,1,15.400000,D.I.C,DISSOLVED INORGANIC CARBON,MG C/L,44.87167,-79.96778
201405001,2014-12-03 10:26:42,CCGS LIMNOS,GEORGIAN BAY,17,443846,-801000,4,57.8,2014-05-13 02:00:00,236,1.00,.00,0.20000000,,0,17.100000,D.I.C,DISSOLVED INORGANIC CARBON,MG C/L,44.64611,-80.16667
201405001,2014-12-03 10:26:42,CCGS LIMNOS,GEORGIAN BAY,20,444305,-805126,1,88.9,2014-05-13 06:50:00,236,1.00,.00,0.20000000,,0,16.900000,D.I.C,DISSOLVED INORGANIC CARBON,MG C/L,44.71806,-80.85722
201405001,2014-12-03 10:26:42,CCGS LIMNOS,GEORGIAN BAY,20,444305,-805126,1,88.9,2014-05-13 06:50:00,236,1.00,.00,0.20000000,,1,16.900000,D.I.C,DISSOLVED INORGANIC CARBON,MG C/L,44.71806,-80.85722
201405001,2014-12-03 10:26:42,CCGS LIMNOS,GEORGIAN BAY,20,444305,-805126,1,88.9,2014-05-13 06:50:00,236,998.00,.00,0.20000000,,0,.400000,D.I.C,DISSOLVED INORGANIC CARBON,MG C/L,44.71806,-80.85722
201405001,2014-12-03 10:26:42,CCGS LIMNOS,GEORGIAN BAY,20,444305,-805126,1,88.9,2014-05-13 06:50:00,236,999.00,.00,0.20000000,,0,.500000,D.I.C,DISSOLVED INORGANIC CARBON,MG C/L,44.71806,-80.85722
201405001,2014-12-03 10:26:42,CCGS LIMNOS,GEORGIAN BAY,25,452213,-813507,33,51,2014-05-13 17:50:00,236,1.00,.00,0.20000000,,0,17.000000,D.I.C,DISSOLVED INORGANIC CARBON,MG C/L,45.37028,-81.58528
201405001,2014-12-03 10:26:42,CCGS LIMNOS,GEORGIAN BAY,25,452213,-813507,33,51,2014-05-13 17:50:00,236,1.00,.00,0.20000000,,1,16.900000,D.I.C,DISSOLVED INORGANIC CARBON,MG C/L,45.37028,-81.58528
201405003,2014-12-03 10:30:37,CCGS LIMNOS,GEORGIAN BAY,4,453506,-810506,29,42.8,2014-08-12 00:19:00,236,1.00,.00,0.20000000,,0,17.400000,D.I.C,DISSOLVED INORGANIC CARBON,MG C/L,45.58500,-81.08500
201405003,2014-12-03 10:30:37,CCGS LIMNOS,GEORGIAN BAY,5,451441,-805231,17,77.8,2014-08-12 03:22:00,236,1.00,.00,0.20000000,,0,16.800000,D.I.C,DISSOLVED INORGANIC CARBON,MG C/L,45.24472,-80.87528
201405003,2014-12-03 10:30:37,CCGS LIMNOS,GEORGIAN BAY,7,444302,-805123,1,89.5,2014-08-12 22:36:00,236,1.00,.00,0.20000000,,0,17.200000,D.I.C,DISSOLVED INORGANIC CARBON,MG C/L,44.71722,-80.85639
201405001,2014-12-03 10:26:42,CCGS LIMNOS,GEORGIAN BAY,1,453140,-814010,35,34.7,2014-05-11 19:35:00,245,1.00,.00,0.00000000,,0,14.100000,D 02 W,"OXYGEN,CONCENTRATION DISSOLVED",MG 02/L,45.52778,-81.66944
201405001,2014-12-03 10:26:42,CCGS LIMNOS,GEORGIAN BAY,2,454232,-813712,36,51.8,2014-05-11 21:00:00,245,1.00,.00,0.00000000,,0,13.880000,D 02 W,"OXYGEN,CONCENTRATION DISSOLVED",MG 02/L,45.70889,-81.62000
201405001,2014-12-03 10:26:42,CCGS LIMNOS,GEORGIAN BAY,3,455447,-813544,42,23.3,2014-05-11 23:00:00,245,1.00,.00,0.00000000,,0,13.370000,D 02 W,"OXYGEN,CONCENTRATION DISSOLVED",MG 02/L,45.91306,-81.59556
201405001,2014-12-03 10:26:42,CCGS LIMNOS,GEORGIAN BAY,3,455447,-813544,42,23.3,2014-05-11 23:00:00,245,13.00,.00,0.00000000,,0,13.390000,D 02 W,"OXYGEN,CONCENTRATION DISSOLVED",MG 02/L,45.91306,-81.59556
201405001,2014-12-03 10:26:42,CCGS LIMNOS,GEORGIAN BAY,3,455447,-813544,42,23.3,2014-05-11 23:00:00,245,21.00,.00,0.00000000,,0,13.390000,D 02 W,"OXYGEN,CONCENTRATION DISSOLVED",MG 02/L,45.91306,-81.59556
201405001,2014-12-03 10:26:42,CCGS LIMNOS,GEORGIAN BAY,4,455224,-811530,39,27.2,2014-05-12 01:20:00,245,1.00,.00,0.00000000,,0,13.540000,D 02 W,"OXYGEN,CONCENTRATION DISSOLVED",MG 02/L,45.87333,-81.25833
201405001,2014-12-03 10:26:42,CCGS LIMNOS,GEORGIAN BAY,5,455200,-810000,27,12.2,2014-05-12 02:50:00,245,1.00,.00,0.00000000,,0,12.950000,D 02 W,"OXYGEN,CONCENTRATION DISSOLVED",MG 02/L,45.86667,-81.00000
201405001,2014-12-03 10:26:42,CCGS LIMNOS,GEORGIAN BAY,5,455200,-810000,27,12.2,2014-05-12 02:50:00,245,1.00,.00,0.00000000,,1,12.930000,D 02 W,"OXYGEN,CONCENTRATION DISSOLVED",MG 02/L,45.86667,-81.00000
201405001,2014-12-03 10:26:42,CCGS LIMNOS,GEORGIAN BAY,5,455200,-810000,27,12.2,2014-05-12 02:50:00,245,10.00,.00,0.00000000,,0,13.000000,D 02 W,"OXYGEN,CONCENTRATION DISSOLVED",MG 02/L,45.86667,-81.00000
201405001,2014-12-03 10:26:42,CCGS LIMNOS,GEORGIAN BAY,6,455001,-805400,26,20.5,2014-05-12 03:50:00,245,1.00,.00,0.00000000,,0,13.440000,D 02 W,"OXYGEN,CONCENTRATION DISSOLVED",MG 02/L,45.83361,-80.90000
201405001,2014-12-03 10:26:42,CCGS LIMNOS,GEORGIAN BAY,7,454044,-805021,24,39.7,2014-05-12 05:05:00,245,1.00,.00,0.00000000,,0,14.140000,D 02 W,"OXYGEN,CONCENTRATION DISSOLVED",MG 02/L,45.67889,-80.83917
201405001,2014-12-03 10:26:42,CCGS LIMNOS,GEORGIAN BAY,8,453501,-810459,29,42.7,2014-05-12 06:50:00,245,1.00,.00,0.00000000,,0,14.090000,D 02 W,"OXYGEN,CONCENTRATION DISSOLVED",MG 02/L,45.58361,-81.08306
201405001,2014-12-03 10:26:42,CCGS LIMNOS,GEORGIAN BAY,8,453501,-810459,29,42.7,2014-05-12 06:50:00,245,40.00,.00,0.00000000,,0,14.070000,D 02 W,"OXYGEN,CONCENTRATION DISSOLVED",MG 02/L,45.58361,-81.08306
201405001,2014-12-03 10:26:42,CCGS LIMNOS,GEORGIAN BAY,9,452153,-811126,21,85.4,2014-05-12 09:00:00,245,1.00,.00,0.00000000,,0,13.930000,D 02 W,"OXYGEN,CONCENTRATION DISSOLVED",MG 02/L,45.36472,-81.19056
201405001,2014-12-03 10:26:42,CCGS LIMNOS,GEORGIAN BAY,10,451442,-805232,17,77.6,2014-05-12 11:00:00,245,1.00,.00,0.00000000,,0,13.850000,D 02 W,"OXYGEN,CONCENTRATION DISSOLVED",MG 02/L,45.24500,-80.87556
201405001,2014-12-03 10:26:42,CCGS LIMNOS,GEORGIAN BAY,10,451442,-805232,17,77.6,2014-05-12 11:00:00,245,1.00,.00,0.00000000,,1,13.890000,D 02 W,"OXYGEN,CONCENTRATION DISSOLVED",MG 02/L,45.24500,-80.87556
201405001,2014-12-03 10:26:42,CCGS LIMNOS,GEORGIAN BAY,10,451442,-805232,17,77.6,2014-05-12 11:00:00,245,50.00,.00,0.00000000,,0,13.900000,D 02 W,"OXYGEN,CONCENTRATION DISSOLVED",MG 02/L,45.24500,-80.87556
201405001,2014-12-03 10:26:42,CCGS LIMNOS,GEORGIAN BAY,10,451442,-805232,17,77.6,2014-05-12 11:00:00,245,67.00,.00,0.00000000,,0,13.870000,D 02 W,"OXYGEN,CONCENTRATION DISSOLVED",MG 02/L,45.24500,-80.87556
201405001,2014-12-03 10:26:42,CCGS LIMNOS,GEORGIAN BAY,10,451442,-805232,17,77.6,2014-05-12 11:00:00,245,75.00,.00,0.00000000,,0,13.900000,D 02 W,"OXYGEN,CONCENTRATION DISSOLVED",MG 02/L,45.24500,-80.87556
201405001,2014-12-03 10:26:42,CCGS LIMNOS,GEORGIAN BAY,11,452113,-802913,16,22,2014-05-12 13:55:00,245,1.00,.00,0.00000000,,0,13.720000,D 02 W,"OXYGEN,CONCENTRATION DISSOLVED",MG 02/L,45.35361,-80.48694
201405001,2014-12-03 10:26:42,CCGS LIMNOS,GEORGIAN BAY,12,451928,-800700,122,95.7,2014-05-12 15:55:00,245,1.00,.00,0.00000000,,0,12.260000,D 02 W,"OXYGEN,CONCENTRATION DISSOLVED",MG 02/L,45.32444,-80.11667
201405001,2014-12-03 10:26:42,CCGS LIMNOS,GEORGIAN BAY,13,451000,-801750,15,46.2,2014-05-12 19:00:00,245,1.00,.00,0.00000000,,0,14.070000,D 02 W,"OXYGEN,CONCENTRATION DISSOLVED",MG 02/L,45.16667,-80.29722
201405001,2014-12-03 10:26:42,CCGS LIMNOS,GEORGIAN BAY,14,445710,-800854,8,49.6,2014-05-12 20:48:00,245,1.00,.00,0.00000000,,0,13.650000,D 02 W,"OXYGEN,CONCENTRATION DISSOLVED",MG 02/L,44.95278,-80.14833
201405001,2014-12-03 10:26:42,CCGS LIMNOS,GEORGIAN BAY,15,445218,-795804,9,29.6,2014-05-12 22:10:00,245,1.00,.00,0.00000000,,0,12.860000,D 02 W,"OXYGEN,CONCENTRATION DISSOLVED",MG 02/L,44.87167,-79.96778
201405001,2014-12-03 10:26:42,CCGS LIMNOS,GEORGIAN BAY,15,445218,-795804,9,29.6,2014-05-12 22:10:00,245,1.00,.00,0.00000000,,1,12.890000,D 02 W,"OXYGEN,CONCENTRATION DISSOLVED",MG 02/L,44.87167,-79.96778
201405001,2014-12-03 10:26:42,CCGS LIMNOS,GEORGIAN BAY,15,445218,-795804,9,29.6,2014-05-12 22:10:00,245,19.00,.00,0.00000000,,0,12.960000,D 02 W,"OXYGEN,CONCENTRATION DISSOLVED",MG 02/L,44.87167,-79.96778
201405001,2014-12-03 10:26:42,CCGS LIMNOS,GEORGIAN BAY,15,445218,-795804,9,29.6,2014-05-12 22:10:00,245,27.00,.00,0.00000000,,0,13.010000,D 02 W,"OXYGEN,CONCENTRATION DISSOLVED",MG 02/L,44.87167,-79.96778
201405001,2014-12-03 10:26:42,CCGS LIMNOS,GEORGIAN BAY,16,444748,-801436,5,58.5,2014-05-13 00:25:00,245,1.00,.00,0.00000000,,0,13.790000,D 02 W,"OXYGEN,CONCENTRATION DISSOLVED",MG 02/L,44.79667,-80.24333
201405001,2014-12-03 10:26:42,CCGS LIMNOS,GEORGIAN BAY,17,443846,-801000,4,57.8,2014-05-13 02:00:00,245,1.00,.00,0.00000000,,0,13.950000,D 02 W,"OXYGEN,CONCENTRATION DISSOLVED",MG 02/L,44.64611,-80.16667
201405001,2014-12-03 10:26:42,CCGS LIMNOS,GEORGIAN BAY,17,443846,-801000,4,57.8,2014-05-13 02:00:00,245,48.00,.00,0.00000000,,0,13.940000,D 02 W,"OXYGEN,CONCENTRATION DISSOLVED",MG 02/L,44.64611,-80.16667
201405001,2014-12-03 10:26:42,CCGS LIMNOS,GEORGIAN BAY,17,443846,-801000,4,57.8,2014-05-13 02:00:00,245,56.00,.00,0.00000000,,0,13.760000,D 02 W,"OXYGEN,CONCENTRATION DISSOLVED",MG 02/L,44.64611,-80.16667
201405001,2014-12-03 10:26:42,CCGS LIMNOS,GEORGIAN BAY,18,444412,-802606,6,87.1,2014-05-13 04:00:00,245,1.00,.00,0.00000000,,0,14.050000,D 02 W,"OXYGEN,CONCENTRATION DISSOLVED",MG 02/L,44.73667,-80.43500
201405001,2014-12-03 10:26:42,CCGS LIMNOS,GEORGIAN BAY,19,444330,-803658,3,33.7,2014-05-13 05:10:00,245,1.00,.00,0.00000000,,0,14.000000,D 02 W,"OXYGEN,CONCENTRATION DISSOLVED",MG 02/L,44.72500,-80.61611
201405001,2014-12-03 10:26:42,CCGS LIMNOS,GEORGIAN BAY,20,444305,-805126,1,88.9,2014-05-13 06:50:00,245,1.00,.00,0.00000000,,0,14.070000,D 02 W,"OXYGEN,CONCENTRATION DISSOLVED",MG 02/L,44.71806,-80.85722
201405001,2014-12-03 10:26:42,CCGS LIMNOS,GEORGIAN BAY,20,444305,-805126,1,88.9,2014-05-13 06:50:00,245,1.00,.00,0.00000000,,1,14.050000,D 02 W,"OXYGEN,CONCENTRATION DISSOLVED",MG 02/L,44.71806,-80.85722
201405001,2014-12-03 10:26:42,CCGS LIMNOS,GEORGIAN BAY,20,444305,-805126,1,88.9,2014-05-13 06:50:00,245,50.00,.00,0.00000000,,0,14.070000,D 02 W,"OXYGEN,CONCENTRATION DISSOLVED",MG 02/L,44.71806,-80.85722
201405001,2014-12-03 10:26:42,CCGS LIMNOS,GEORGIAN BAY,20,444305,-805126,1,88.9,2014-05-13 06:50:00,245,79.00,.00,0.00000000,,0,14.020000,D 02 W,"OXYGEN,CONCENTRATION DISSOLVED",MG 02/L,44.71806,-80.85722
201405001,2014-12-03 10:26:42,CCGS LIMNOS,GEORGIAN BAY,20,444305,-805126,1,88.9,2014-05-13 06:50:00,245,87.00,.00,0.00000000,,0,14.020000,D 02 W,"OXYGEN,CONCENTRATION DISSOLVED",MG 02/L,44.71806,-80.85722
201405001,2014-12-03 10:26:42,CCGS LIMNOS,GEORGIAN BAY,21,445516,-803627,11,60.3,2014-05-13 09:32:00,245,1.00,.00,0.00000000,,0,13.950000,D 02 W,"OXYGEN,CONCENTRATION DISSOLVED",MG 02/L,44.92111,-80.60750
201405001,2014-12-03 10:26:42,CCGS LIMNOS,GEORGIAN BAY,22,445511,-805231,12,88.1,2014-05-13 11:00:00,245,1.00,.00,0.00000000,,0,13.900000,D 02 W,"OXYGEN,CONCENTRATION DISSOLVED",MG 02/L,44.91972,-80.87528
201405001,2014-12-03 10:26:42,CCGS LIMNOS,GEORGIAN BAY,23,450359,-811514,19,51.5,2014-05-13 13:20:00,245,1.00,.00,0.00000000,,0,13.920000,D 02 W,"OXYGEN,CONCENTRATION DISSOLVED",MG 02/L,45.06639,-81.25389
201405001,2014-12-03 10:26:42,CCGS LIMNOS,GEORGIAN BAY,24,451418,-812626,31,64.5,2014-05-13 16:10:00,245,1.00,.00,0.00000000,,0,14.140000,D 02 W,"OXYGEN,CONCENTRATION DISSOLVED",MG 02/L,45.23833,-81.44056
201405001,2014-12-03 10:26:42,CCGS LIMNOS,GEORGIAN BAY,25,452213,-813507,33,51,2014-05-13 17:50:00,245,1.00,.00,0.00000000,,0,14.170000,D 02 W,"OXYGEN,CONCENTRATION DISSOLVED",MG 02/L,45.37028,-81.58528
201405001,2014-12-03 10:26:42,CCGS LIMNOS,GEORGIAN BAY,25,452213,-813507,33,51,2014-05-13 17:50:00,245,1.00,.00,0.00000000,,1,14.150000,D 02 W,"OXYGEN,CONCENTRATION DISSOLVED",MG 02/L,45.37028,-81.58528
201405001,2014-12-03 10:26:42,CCGS LIMNOS,GEORGIAN BAY,25,452213,-813507,33,51,2014-05-13 17:50:00,245,41.00,.00,0.00000000,,0,14.220000,D 02 W,"OXYGEN,CONCENTRATION DISSOLVED",MG 02/L,45.37028,-81.58528
201405001,2014-12-03 10:26:42,CCGS LIMNOS,GEORGIAN BAY,25,452213,-813507,33,51,2014-05-13 17:50:00,245,49.00,.00,0.00000000,,0,14.190000,D 02 W,"OXYGEN,CONCENTRATION DISSOLVED",MG 02/L,45.37028,-81.58528
201405003,2014-12-03 10:30:37,CCGS LIMNOS,GEORGIAN BAY,1,452213,-813507,33,54,2014-08-11 18:58:00,245,1.00,.00,0.00000000,,0,9.557000,D 02 W,"OXYGEN,CONCENTRATION DISSOLVED",MG 02/L,45.37028,-81.58528
201405003,2014-12-03 10:30:37,CCGS LIMNOS,GEORGIAN BAY,1,452213,-813507,33,54,2014-08-11 18:58:00,245,4.00,.00,0.00000000,,0,9.510000,D 02 W,"OXYGEN,CONCENTRATION DISSOLVED",MG 02/L,45.37028,-81.58528
201405003,2014-12-03 10:30:37,CCGS LIMNOS,GEORGIAN BAY,1,452213,-813507,33,54,2014-08-11 18:58:00,245,12.00,.00,0.00000000,,0,11.190000,D 02 W,"OXYGEN,CONCENTRATION DISSOLVED",MG 02/L,45.37028,-81.58528
201405003,2014-12-03 10:30:37,CCGS LIMNOS,GEORGIAN BAY,1,452213,-813507,33,54,2014-08-11 18:58:00,245,22.00,.00,0.00000000,,0,13.270000,D 02 W,"OXYGEN,CONCENTRATION DISSOLVED",MG 02/L,45.37028,-81.58528
201405003,2014-12-03 10:30:37,CCGS LIMNOS,GEORGIAN BAY,1,452213,-813507,33,54,2014-08-11 18:58:00,245,44.00,.00,0.00000000,,0,13.650000,D 02 W,"OXYGEN,CONCENTRATION DISSOLVED",MG 02/L,45.37028,-81.58528
201405003,2014-12-03 10:30:37,CCGS LIMNOS,GEORGIAN BAY,1,452213,-813507,33,54,2014-08-11 18:58:00,245,52.00,.00,0.00000000,,0,13.630000,D 02 W,"OXYGEN,CONCENTRATION DISSOLVED",MG 02/L,45.37028,-81.58528
201405003,2014-12-03 10:30:37,CCGS LIMNOS,GEORGIAN BAY,2,451417,-812629,31,63.9,2014-08-11 20:30:00,245,1.00,.00,0.00000000,,0,9.666000,D 02 W,"OXYGEN,CONCENTRATION DISSOLVED",MG 02/L,45.23806,-81.44139
201405003,2014-12-03 10:30:37,CCGS LIMNOS,GEORGIAN BAY,3,452153,-811126,21,86,2014-08-11 22:11:00,245,1.00,.00,0.00000000,,0,9.402000,D 02 W,"OXYGEN,CONCENTRATION DISSOLVED",MG 02/L,45.36472,-81.19056
201405003,2014-12-03 10:30:37,CCGS LIMNOS,GEORGIAN BAY,4,453506,-810506,29,42.8,2014-08-12 00:19:00,245,1.00,.00,0.00000000,,0,9.421000,D 02 W,"OXYGEN,CONCENTRATION DISSOLVED",MG 02/L,45.58500,-81.08500
201405003,2014-12-03 10:30:37,CCGS LIMNOS,GEORGIAN BAY,4,453506,-810506,29,42.8,2014-08-12 00:19:00,245,4.00,.00,0.00000000,,0,9.561000,D 02 W,"OXYGEN,CONCENTRATION DISSOLVED",MG 02/L,45.58500,-81.08500
201405003,2014-12-03 10:30:37,CCGS LIMNOS,GEORGIAN BAY,4,453506,-810506,29,42.8,2014-08-12 00:19:00,245,14.00,.00,0.00000000,,0,10.590000,D 02 W,"OXYGEN,CONCENTRATION DISSOLVED",MG 02/L,45.58500,-81.08500
201405003,2014-12-03 10:30:37,CCGS LIMNOS,GEORGIAN BAY,4,453506,-810506,29,42.8,2014-08-12 00:19:00,245,24.00,.00,0.00000000,,0,12.670000,D 02 W,"OXYGEN,CONCENTRATION DISSOLVED",MG 02/L,45.58500,-81.08500
201405003,2014-12-03 10:30:37,CCGS LIMNOS,GEORGIAN BAY,4,453506,-810506,29,42.8,2014-08-12 00:19:00,245,33.00,.00,0.00000000,,0,12.920000,D 02 W,"OXYGEN,CONCENTRATION DISSOLVED",MG 02/L,45.58500,-81.08500
201405003,2014-12-03 10:30:37,CCGS LIMNOS,GEORGIAN BAY,4,453506,-810506,29,42.8,2014-08-12 00:19:00,245,40.50,.00,0.00000000,,0,13.340000,D 02 W,"OXYGEN,CONCENTRATION DISSOLVED",MG 02/L,45.58500,-81.08500
201405003,2014-12-03 10:30:37,CCGS LIMNOS,GEORGIAN BAY,5,451441,-805231,17,77.8,2014-08-12 03:22:00,245,1.00,.00,0.00000000,,0,9.400000,D 02 W,"OXYGEN,CONCENTRATION DISSOLVED",MG 02/L,45.24472,-80.87528
201405003,2014-12-03 10:30:37,CCGS LIMNOS,GEORGIAN BAY,5,451441,-805231,17,77.8,2014-08-12 03:22:00,245,1.00,.00,0.00000000,,1,9.353000,D 02 W,"OXYGEN,CONCENTRATION DISSOLVED",MG 02/L,45.24472,-80.87528
201405003,2014-12-03 10:30:37,CCGS LIMNOS,GEORGIAN BAY,5,451441,-805231,17,77.8,2014-08-12 03:22:00,245,6.00,.00,0.00000000,,0,9.447000,D 02 W,"OXYGEN,CONCENTRATION DISSOLVED",MG 02/L,45.24472,-80.87528
201405003,2014-12-03 10:30:37,CCGS LIMNOS,GEORGIAN BAY,5,451441,-805231,17,77.8,2014-08-12 03:22:00,245,17.00,.00,0.00000000,,0,11.230000,D 02 W,"OXYGEN,CONCENTRATION DISSOLVED",MG 02/L,45.24472,-80.87528
201405003,2014-12-03 10:30:37,CCGS LIMNOS,GEORGIAN BAY,5,451441,-805231,17,77.8,2014-08-12 03:22:00,245,28.00,.00,0.00000000,,0,13.960000,D 02 W,"OXYGEN,CONCENTRATION DISSOLVED",MG 02/L,45.24472,-80.87528
201405003,2014-12-03 10:30:37,CCGS LIMNOS,GEORGIAN BAY,5,451441,-805231,17,77.8,2014-08-12 03:22:00,245,67.00,.00,0.00000000,,0,13.600000,D 02 W,"OXYGEN,CONCENTRATION DISSOLVED",MG 02/L,45.24472,-80.87528
201405003,2014-12-03 10:30:37,CCGS LIMNOS,GEORGIAN BAY,5,451441,-805231,17,77.8,2014-08-12 03:22:00,245,75.00,.00,0.00000000,,0,13.540000,D 02 W,"OXYGEN,CONCENTRATION DISSOLVED",MG 02/L,45.24472,-80.87528
201405003,2014-12-03 10:30:37,CCGS LIMNOS,GEORGIAN BAY,6,450400,-811514,19,52.6,2014-08-12 06:07:00,245,1.00,.00,0.00000000,,0,9.620000,D 02 W,"OXYGEN,CONCENTRATION DISSOLVED",MG 02/L,45.06667,-81.25389
201405003,2014-12-03 10:30:37,CCGS LIMNOS,GEORGIAN BAY,7,444302,-805123,1,89.5,2014-08-12 22:36:00,245,1.00,.00,0.00000000,,0,11.950000,D 02 W,"OXYGEN,CONCENTRATION DISSOLVED",MG 02/L,44.71722,-80.85639
201405003,2014-12-03 10:30:37,CCGS LIMNOS,GEORGIAN BAY,7,444302,-805123,1,89.5,2014-08-12 22:36:00,245,10.00,.00,0.00000000,,0,11.840000,D 02 W,"OXYGEN,CONCENTRATION DISSOLVED",MG 02/L,44.71722,-80.85639
201405003,2014-12-03 10:30:37,CCGS LIMNOS,GEORGIAN BAY,7,444302,-805123,1,89.5,2014-08-12 22:36:00,245,13.00,.00,0.00000000,,0,13.080000,D 02 W,"OXYGEN,CONCENTRATION DISSOLVED",MG 02/L,44.71722,-80.85639
201405003,2014-12-03 10:30:37,CCGS LIMNOS,GEORGIAN BAY,7,444302,-805123,1,89.5,2014-08-12 22:36:00,245,44.00,.00,0.00000000,,0,13.710000,D 02 W,"OXYGEN,CONCENTRATION DISSOLVED",MG 02/L,44.71722,-80.85639
201405003,2014-12-03 10:30:37,CCGS LIMNOS,GEORGIAN BAY,7,444302,-805123,1,89.5,2014-08-12 22:36:00,245,79.00,.00,0.00000000,,0,13.300000,D 02 W,"OXYGEN,CONCENTRATION DISSOLVED",MG 02/L,44.71722,-80.85639
201405003,2014-12-03 10:30:37,CCGS LIMNOS,GEORGIAN BAY,7,444302,-805123,1,89.5,2014-08-12 22:36:00,245,87.00,.00,0.00000000,,0,13.180000,D 02 W,"OXYGEN,CONCENTRATION DISSOLVED",MG 02/L,44.71722,-80.85639
201405003,2014-12-03 10:30:37,CCGS LIMNOS,GEORGIAN BAY,8,445517,-803622,11,61.1,2014-08-13 00:53:00,245,1.00,.00,0.00000000,,0,9.744000,D 02 W,"OXYGEN,CONCENTRATION DISSOLVED",MG 02/L,44.92139,-80.60611
201405003,2014-12-03 10:30:37,CCGS LIMNOS,GEORGIAN BAY,9,445512,-805227,12,88,2014-08-13 02:19:00,245,1.00,.00,0.00000000,,0,10.290000,D 02 W,"OXYGEN,CONCENTRATION DISSOLVED",MG 02/L,44.92000,-80.87417
201405001,2014-12-03 10:26:42,CCGS LIMNOS,GEORGIAN BAY,1,453140,-814010,35,34.7,2014-05-11 19:35:00,247,1.00,.00,0.00000000,,0,103.000000,SAT 02,"OXYGEN,% SAT. DISSOLVED",PERCENT,45.52778,-81.66944
201405001,2014-12-03 10:26:42,CCGS LIMNOS,GEORGIAN BAY,2,454232,-813712,36,51.8,2014-05-11 21:00:00,247,1.00,.00,0.00000000,,0,102.000000,SAT 02,"OXYGEN,% SAT. DISSOLVED",PERCENT,45.70889,-81.62000
201405001,2014-12-03 10:26:42,CCGS LIMNOS,GEORGIAN BAY,3,455447,-813544,42,23.3,2014-05-11 23:00:00,247,1.00,.00,0.00000000,,0,102.000000,SAT 02,"OXYGEN,% SAT. DISSOLVED",PERCENT,45.91306,-81.59556
201405001,2014-12-03 10:26:42,CCGS LIMNOS,GEORGIAN BAY,3,455447,-813544,42,23.3,2014-05-11 23:00:00,247,13.00,.00,0.00000000,,0,102.000000,SAT 02,"OXYGEN,% SAT. DISSOLVED",PERCENT,45.91306,-81.59556
201405001,2014-12-03 10:26:42,CCGS LIMNOS,GEORGIAN BAY,3,455447,-813544,42,23.3,2014-05-11 23:00:00,247,21.00,.00,0.00000000,,0,102.000000,SAT 02,"OXYGEN,% SAT. DISSOLVED",PERCENT,45.91306,-81.59556
201405001,2014-12-03 10:26:42,CCGS LIMNOS,GEORGIAN BAY,4,455224,-811530,39,27.2,2014-05-12 01:20:00,247,1.00,.00,0.00000000,,0,103.000000,SAT 02,"OXYGEN,% SAT. DISSOLVED",PERCENT,45.87333,-81.25833
201405001,2014-12-03 10:26:42,CCGS LIMNOS,GEORGIAN BAY,5,455200,-810000,27,12.2,2014-05-12 02:50:00,247,1.00,.00,0.00000000,,0,100.000000,SAT 02,"OXYGEN,% SAT. DISSOLVED",PERCENT,45.86667,-81.00000
201405001,2014-12-03 10:26:42,CCGS LIMNOS,GEORGIAN BAY,5,455200,-810000,27,12.2,2014-05-12 02:50:00,247,1.00,.00,0.00000000,,1,100.000000,SAT 02,"OXYGEN,% SAT. DISSOLVED",PERCENT,45.86667,-81.00000
201405001,2014-12-03 10:26:42,CCGS LIMNOS,GEORGIAN BAY,5,455200,-810000,27,12.2,2014-05-12 02:50:00,247,10.00,.00,0.00000000,,0,100.000000,SAT 02,"OXYGEN,% SAT. DISSOLVED",PERCENT,45.86667,-81.00000
201405001,2014-12-03 10:26:42,CCGS LIMNOS,GEORGIAN BAY,6,455001,-805400,26,20.5,2014-05-12 03:50:00,247,1.00,.00,0.00000000,,0,101.000000,SAT 02,"OXYGEN,% SAT. DISSOLVED",PERCENT,45.83361,-80.90000
201405001,2014-12-03 10:26:42,CCGS LIMNOS,GEORGIAN BAY,7,454044,-805021,24,39.7,2014-05-12 05:05:00,247,1.00,.00,0.00000000,,0,104.000000,SAT 02,"OXYGEN,% SAT. DISSOLVED",PERCENT,45.67889,-80.83917
201405001,2014-12-03 10:26:42,CCGS LIMNOS,GEORGIAN BAY,8,453501,-810459,29,42.7,2014-05-12 06:50:00,247,1.00,.00,0.00000000,,0,101.000000,SAT 02,"OXYGEN,% SAT. DISSOLVED",PERCENT,45.58361,-81.08306
201405001,2014-12-03 10:26:42,CCGS LIMNOS,GEORGIAN BAY,8,453501,-810459,29,42.7,2014-05-12 06:50:00,247,40.00,.00,0.00000000,,0,101.000000,SAT 02,"OXYGEN,% SAT. DISSOLVED",PERCENT,45.58361,-81.08306
201405001,2014-12-03 10:26:42,CCGS LIMNOS,GEORGIAN BAY,9,452153,-811126,21,85.4,2014-05-12 09:00:00,247,1.00,.00,0.00000000,,0,99.000000,SAT 02,"OXYGEN,% SAT. DISSOLVED",PERCENT,45.36472,-81.19056
201405001,2014-12-03 10:26:42,CCGS LIMNOS,GEORGIAN BAY,10,451442,-805232,17,77.6,2014-05-12 11:00:00,247,1.00,.00,0.00000000,,0,98.000000,SAT 02,"OXYGEN,% SAT. DISSOLVED",PERCENT,45.24500,-80.87556
201405001,2014-12-03 10:26:42,CCGS LIMNOS,GEORGIAN BAY,10,451442,-805232,17,77.6,2014-05-12 11:00:00,247,1.00,.00,0.00000000,,1,98.000000,SAT 02,"OXYGEN,% SAT. DISSOLVED",PERCENT,45.24500,-80.87556
201405001,2014-12-03 10:26:42,CCGS LIMNOS,GEORGIAN BAY,10,451442,-805232,17,77.6,2014-05-12 11:00:00,247,50.00,.00,0.00000000,,0,99.000000,SAT 02,"OXYGEN,% SAT. DISSOLVED",PERCENT,45.24500,-80.87556
201405001,2014-12-03 10:26:42,CCGS LIMNOS,GEORGIAN BAY,10,451442,-805232,17,77.6,2014-05-12 11:00:00,247,67.00,.00,0.00000000,,0,98.000000,SAT 02,"OXYGEN,% SAT. DISSOLVED",PERCENT,45.24500,-80.87556
201405001,2014-12-03 10:26:42,CCGS LIMNOS,GEORGIAN BAY,10,451442,-805232,17,77.6,2014-05-12 11:00:00,247,75.00,.00,0.00000000,,0,99.000000,SAT 02,"OXYGEN,% SAT. DISSOLVED",PERCENT,45.24500,-80.87556
201405001,2014-12-03 10:26:42,CCGS LIMNOS,GEORGIAN BAY,11,452113,-802913,16,22,2014-05-12 13:55:00,247,1.00,.00,0.00000000,,0,104.000000,SAT 02,"OXYGEN,% SAT. DISSOLVED",PERCENT,45.35361,-80.48694
201405001,2014-12-03 10:26:42,CCGS LIMNOS,GEORGIAN BAY,12,451928,-800700,122,95.7,2014-05-12 15:55:00,247,1.00,.00,0.00000000,,0,93.000000,SAT 02,"OXYGEN,% SAT. DISSOLVED",PERCENT,45.32444,-80.11667
201405001,2014-12-03 10:26:42,CCGS LIMNOS,GEORGIAN BAY,13,451000,-801750,15,46.2,2014-05-12 19:00:00,247,1.00,.00,0.00000000,,0,102.000000,SAT 02,"OXYGEN,% SAT. DISSOLVED",PERCENT,45.16667,-80.29722
201405001,2014-12-03 10:26:42,CCGS LIMNOS,GEORGIAN BAY,14,445710,-800854,8,49.6,2014-05-12 20:48:00,247,1.00,.00,0.00000000,,0,100.000000,SAT 02,"OXYGEN,% SAT. DISSOLVED",PERCENT,44.95278,-80.14833
201405001,2014-12-03 10:26:42,CCGS LIMNOS,GEORGIAN BAY,15,445218,-795804,9,29.6,2014-05-12 22:10:00,247,1.00,.00,0.00000000,,0,101.000000,SAT 02,"OXYGEN,% SAT. DISSOLVED",PERCENT,44.87167,-79.96778
201405001,2014-12-03 10:26:42,CCGS LIMNOS,GEORGIAN BAY,15,445218,-795804,9,29.6,2014-05-12 22:10:00,247,1.00,.00,0.00000000,,1,101.000000,SAT 02,"OXYGEN,% SAT. DISSOLVED",PERCENT,44.87167,-79.96778
201405001,2014-12-03 10:26:42,CCGS LIMNOS,GEORGIAN BAY,15,445218,-795804,9,29.6,2014-05-12 22:10:00,247,19.00,.00,0.00000000,,0,100.000000,SAT 02,"OXYGEN,% SAT. DISSOLVED",PERCENT,44.87167,-79.96778
201405001,2014-12-03 10:26:42,CCGS LIMNOS,GEORGIAN BAY,15,445218,-795804,9,29.6,2014-05-12 22:10:00,247,27.00,.00,0.00000000,,0,100.000000,SAT 02,"OXYGEN,% SAT. DISSOLVED",PERCENT,44.87167,-79.96778
201405001,2014-12-03 10:26:42,CCGS LIMNOS,GEORGIAN BAY,16,444748,-801436,5,58.5,2014-05-13 00:25:00,247,1.00,.00,0.00000000,,0,101.000000,SAT 02,"OXYGEN,% SAT. DISSOLVED",PERCENT,44.79667,-80.24333
201405001,2014-12-03 10:26:42,CCGS LIMNOS,GEORGIAN BAY,17,443846,-801000,4,57.8,2014-05-13 02:00:00,247,1.00,.00,0.00000000,,0,101.000000,SAT 02,"OXYGEN,% SAT. DISSOLVED",PERCENT,44.64611,-80.16667
201405001,2014-12-03 10:26:42,CCGS LIMNOS,GEORGIAN BAY,17,443846,-801000,4,57.8,2014-05-13 02:00:00,247,48.00,.00,0.00000000,,0,101.000000,SAT 02,"OXYGEN,% SAT. DISSOLVED",PERCENT,44.64611,-80.16667
201405001,2014-12-03 10:26:42,CCGS LIMNOS,GEORGIAN BAY,17,443846,-801000,4,57.8,2014-05-13 02:00:00,247,56.00,.00,0.00000000,,0,103.000000,SAT 02,"OXYGEN,% SAT. DISSOLVED",PERCENT,44.64611,-80.16667
201405001,2014-12-03 10:26:42,CCGS LIMNOS,GEORGIAN BAY,18,444412,-802606,6,87.1,2014-05-13 04:00:00,247,1.00,.00,0.00000000,,0,101.000000,SAT 02,"OXYGEN,% SAT. DISSOLVED",PERCENT,44.73667,-80.43500
201405001,2014-12-03 10:26:42,CCGS LIMNOS,GEORGIAN BAY,19,444330,-803658,3,33.7,2014-05-13 05:10:00,247,1.00,.00,0.00000000,,0,104.000000,SAT 02,"OXYGEN,% SAT. DISSOLVED",PERCENT,44.72500,-80.61611
201405001,2014-12-03 10:26:42,CCGS LIMNOS,GEORGIAN BAY,20,444305,-805126,1,88.9,2014-05-13 06:50:00,247,1.00,.00,0.00000000,,0,102.000000,SAT 02,"OXYGEN,% SAT. DISSOLVED",PERCENT,44.71806,-80.85722
201405001,2014-12-03 10:26:42,CCGS LIMNOS,GEORGIAN BAY,20,444305,-805126,1,88.9,2014-05-13 06:50:00,247,1.00,.00,0.00000000,,1,102.000000,SAT 02,"OXYGEN,% SAT. DISSOLVED",PERCENT,44.71806,-80.85722
201405001,2014-12-03 10:26:42,CCGS LIMNOS,GEORGIAN BAY,20,444305,-805126,1,88.9,2014-05-13 06:50:00,247,50.00,.00,0.00000000,,0,103.000000,SAT 02,"OXYGEN,% SAT. DISSOLVED",PERCENT,44.71806,-80.85722
201405001,2014-12-03 10:26:42,CCGS LIMNOS,GEORGIAN BAY,20,444305,-805126,1,88.9,2014-05-13 06:50:00,247,79.00,.00,0.00000000,,0,104.000000,SAT 02,"OXYGEN,% SAT. DISSOLVED",PERCENT,44.71806,-80.85722
201405001,2014-12-03 10:26:42,CCGS LIMNOS,GEORGIAN BAY,20,444305,-805126,1,88.9,2014-05-13 06:50:00,247,87.00,.00,0.00000000,,0,105.000000,SAT 02,"OXYGEN,% SAT. DISSOLVED",PERCENT,44.71806,-80.85722
201405001,2014-12-03 10:26:42,CCGS LIMNOS,GEORGIAN BAY,21,445516,-803627,11,60.3,2014-05-13 09:32:00,247,1.00,.00,0.00000000,,0,100.000000,SAT 02,"OXYGEN,% SAT. DISSOLVED",PERCENT,44.92111,-80.60750
201405001,2014-12-03 10:26:42,CCGS LIMNOS,GEORGIAN BAY,22,445511,-805231,12,88.1,2014-05-13 11:00:00,247,1.00,.00,0.00000000,,0,99.000000,SAT 02,"OXYGEN,% SAT. DISSOLVED",PERCENT,44.91972,-80.87528
201405001,2014-12-03 10:26:42,CCGS LIMNOS,GEORGIAN BAY,23,450359,-811514,19,51.5,2014-05-13 13:20:00,247,1.00,.00,0.00000000,,0,100.000000,SAT 02,"OXYGEN,% SAT. DISSOLVED",PERCENT,45.06639,-81.25389
201405001,2014-12-03 10:26:42,CCGS LIMNOS,GEORGIAN BAY,24,451418,-812626,31,64.5,2014-05-13 16:10:00,247,1.00,.00,0.00000000,,0,102.000000,SAT 02,"OXYGEN,% SAT. DISSOLVED",PERCENT,45.23833,-81.44056
201405001,2014-12-03 10:26:42,CCGS LIMNOS,GEORGIAN BAY,25,452213,-813507,33,51,2014-05-13 17:50:00,247,1.00,.00,0.00000000,,0,104.000000,SAT 02,"OXYGEN,% SAT. DISSOLVED",PERCENT,45.37028,-81.58528
201405001,2014-12-03 10:26:42,CCGS LIMNOS,GEORGIAN BAY,25,452213,-813507,33,51,2014-05-13 17:50:00,247,1.00,.00,0.00000000,,1,104.000000,SAT 02,"OXYGEN,% SAT. DISSOLVED",PERCENT,45.37028,-81.58528
201405001,2014-12-03 10:26:42,CCGS LIMNOS,GEORGIAN BAY,25,452213,-813507,33,51,2014-05-13 17:50:00,247,41.00,.00,0.00000000,,0,104.000000,SAT 02,"OXYGEN,% SAT. DISSOLVED",PERCENT,45.37028,-81.58528
201405001,2014-12-03 10:26:42,CCGS LIMNOS,GEORGIAN BAY,25,452213,-813507,33,51,2014-05-13 17:50:00,247,49.00,.00,0.00000000,,0,104.000000,SAT 02,"OXYGEN,% SAT. DISSOLVED",PERCENT,45.37028,-81.58528
201405003,2014-12-03 10:30:37,CCGS LIMNOS,GEORGIAN BAY,1,452213,-813507,33,54,2014-08-11 18:58:00,247,1.00,.00,0.00000000,,0,106.000000,SAT 02,"OXYGEN,% SAT. DISSOLVED",PERCENT,45.37028,-81.58528
201405003,2014-12-03 10:30:37,CCGS LIMNOS,GEORGIAN BAY,1,452213,-813507,33,54,2014-08-11 18:58:00,247,4.00,.00,0.00000000,,0,106.000000,SAT 02,"OXYGEN,% SAT. DISSOLVED",PERCENT,45.37028,-81.58528
201405003,2014-12-03 10:30:37,CCGS LIMNOS,GEORGIAN BAY,1,452213,-813507,33,54,2014-08-11 18:58:00,247,12.00,.00,0.00000000,,0,106.000000,SAT 02,"OXYGEN,% SAT. DISSOLVED",PERCENT,45.37028,-81.58528
201405003,2014-12-03 10:30:37,CCGS LIMNOS,GEORGIAN BAY,1,452213,-813507,33,54,2014-08-11 18:58:00,247,22.00,.00,0.00000000,,0,108.000000,SAT 02,"OXYGEN,% SAT. DISSOLVED",PERCENT,45.37028,-81.58528
201405003,2014-12-03 10:30:37,CCGS LIMNOS,GEORGIAN BAY,1,452213,-813507,33,54,2014-08-11 18:58:00,247,44.00,.00,0.00000000,,0,108.000000,SAT 02,"OXYGEN,% SAT. DISSOLVED",PERCENT,45.37028,-81.58528
201405003,2014-12-03 10:30:37,CCGS LIMNOS,GEORGIAN BAY,1,452213,-813507,33,54,2014-08-11 18:58:00,247,52.00,.00,0.00000000,,0,107.000000,SAT 02,"OXYGEN,% SAT. DISSOLVED",PERCENT,45.37028,-81.58528
201405003,2014-12-03 10:30:37,CCGS LIMNOS,GEORGIAN BAY,2,451417,-812629,31,63.9,2014-08-11 20:30:00,247,1.00,.00,0.00000000,,0,106.000000,SAT 02,"OXYGEN,% SAT. DISSOLVED",PERCENT,45.23806,-81.44139
201405003,2014-12-03 10:30:37,CCGS LIMNOS,GEORGIAN BAY,3,452153,-811126,21,86,2014-08-11 22:11:00,247,1.00,.00,0.00000000,,0,106.000000,SAT 02,"OXYGEN,% SAT. DISSOLVED",PERCENT,45.36472,-81.19056
201405003,2014-12-03 10:30:37,CCGS LIMNOS,GEORGIAN BAY,4,453506,-810506,29,42.8,2014-08-12 00:19:00,247,1.00,.00,0.00000000,,0,104.000000,SAT 02,"OXYGEN,% SAT. DISSOLVED",PERCENT,45.58500,-81.08500
201405003,2014-12-03 10:30:37,CCGS LIMNOS,GEORGIAN BAY,4,453506,-810506,29,42.8,2014-08-12 00:19:00,247,4.00,.00,0.00000000,,0,105.000000,SAT 02,"OXYGEN,% SAT. DISSOLVED",PERCENT,45.58500,-81.08500
201405003,2014-12-03 10:30:37,CCGS LIMNOS,GEORGIAN BAY,4,453506,-810506,29,42.8,2014-08-12 00:19:00,247,14.00,.00,0.00000000,,0,107.000000,SAT 02,"OXYGEN,% SAT. DISSOLVED",PERCENT,45.58500,-81.08500
201405003,2014-12-03 10:30:37,CCGS LIMNOS,GEORGIAN BAY,4,453506,-810506,29,42.8,2014-08-12 00:19:00,247,24.00,.00,0.00000000,,0,102.000000,SAT 02,"OXYGEN,% SAT. DISSOLVED",PERCENT,45.58500,-81.08500
201405003,2014-12-03 10:30:37,CCGS LIMNOS,GEORGIAN BAY,4,453506,-810506,29,42.8,2014-08-12 00:19:00,247,33.00,.00,0.00000000,,0,102.000000,SAT 02,"OXYGEN,% SAT. DISSOLVED",PERCENT,45.58500,-81.08500
201405003,2014-12-03 10:30:37,CCGS LIMNOS,GEORGIAN BAY,4,453506,-810506,29,42.8,2014-08-12 00:19:00,247,40.50,.00,0.00000000,,0,105.000000,SAT 02,"OXYGEN,% SAT. DISSOLVED",PERCENT,45.58500,-81.08500
201405003,2014-12-03 10:30:37,CCGS LIMNOS,GEORGIAN BAY,5,451441,-805231,17,77.8,2014-08-12 03:22:00,247,1.00,.00,0.00000000,,0,106.000000,SAT 02,"OXYGEN,% SAT. DISSOLVED",PERCENT,45.24472,-80.87528
201405003,2014-12-03 10:30:37,CCGS LIMNOS,GEORGIAN BAY,5,451441,-805231,17,77.8,2014-08-12 03:22:00,247,1.00,.00,0.00000000,,1,105.000000,SAT 02,"OXYGEN,% SAT. DISSOLVED",PERCENT,45.24472,-80.87528
201405003,2014-12-03 10:30:37,CCGS LIMNOS,GEORGIAN BAY,5,451441,-805231,17,77.8,2014-08-12 03:22:00,247,6.00,.00,0.00000000,,0,106.000000,SAT 02,"OXYGEN,% SAT. DISSOLVED",PERCENT,45.24472,-80.87528
201405003,2014-12-03 10:30:37,CCGS LIMNOS,GEORGIAN BAY,5,451441,-805231,17,77.8,2014-08-12 03:22:00,247,17.00,.00,0.00000000,,0,110.000000,SAT 02,"OXYGEN,% SAT. DISSOLVED",PERCENT,45.24472,-80.87528
201405003,2014-12-03 10:30:37,CCGS LIMNOS,GEORGIAN BAY,5,451441,-805231,17,77.8,2014-08-12 03:22:00,247,28.00,.00,0.00000000,,0,112.000000,SAT 02,"OXYGEN,% SAT. DISSOLVED",PERCENT,45.24472,-80.87528
201405003,2014-12-03 10:30:37,CCGS LIMNOS,GEORGIAN BAY,5,451441,-805231,17,77.8,2014-08-12 03:22:00,247,67.00,.00,0.00000000,,0,105.000000,SAT 02,"OXYGEN,% SAT. DISSOLVED",PERCENT,45.24472,-80.87528
201405003,2014-12-03 10:30:37,CCGS LIMNOS,GEORGIAN BAY,5,451441,-805231,17,77.8,2014-08-12 03:22:00,247,75.00,.00,0.00000000,,0,105.000000,SAT 02,"OXYGEN,% SAT. DISSOLVED",PERCENT,45.24472,-80.87528
201405003,2014-12-03 10:30:37,CCGS LIMNOS,GEORGIAN BAY,6,450400,-811514,19,52.6,2014-08-12 06:07:00,247,1.00,.00,0.00000000,,0,107.000000,SAT 02,"OXYGEN,% SAT. DISSOLVED",PERCENT,45.06667,-81.25389
201405003,2014-12-03 10:30:37,CCGS LIMNOS,GEORGIAN BAY,7,444302,-805123,1,89.5,2014-08-12 22:36:00,247,1.00,.00,0.00000000,,0,113.000000,SAT 02,"OXYGEN,% SAT. DISSOLVED",PERCENT,44.71722,-80.85639
201405003,2014-12-03 10:30:37,CCGS LIMNOS,GEORGIAN BAY,7,444302,-805123,1,89.5,2014-08-12 22:36:00,247,10.00,.00,0.00000000,,0,112.000000,SAT 02,"OXYGEN,% SAT. DISSOLVED",PERCENT,44.71722,-80.85639
201405003,2014-12-03 10:30:37,CCGS LIMNOS,GEORGIAN BAY,7,444302,-805123,1,89.5,2014-08-12 22:36:00,247,13.00,.00,0.00000000,,0,112.000000,SAT 02,"OXYGEN,% SAT. DISSOLVED",PERCENT,44.71722,-80.85639
201405003,2014-12-03 10:30:37,CCGS LIMNOS,GEORGIAN BAY,7,444302,-805123,1,89.5,2014-08-12 22:36:00,247,44.00,.00,0.00000000,,0,106.000000,SAT 02,"OXYGEN,% SAT. DISSOLVED",PERCENT,44.71722,-80.85639
201405003,2014-12-03 10:30:37,CCGS LIMNOS,GEORGIAN BAY,7,444302,-805123,1,89.5,2014-08-12 22:36:00,247,79.00,.00,0.00000000,,0,102.000000,SAT 02,"OXYGEN,% SAT. DISSOLVED",PERCENT,44.71722,-80.85639
201405003,2014-12-03 10:30:37,CCGS LIMNOS,GEORGIAN BAY,7,444302,-805123,1,89.5,2014-08-12 22:36:00,247,87.00,.00,0.00000000,,0,101.000000,SAT 02,"OXYGEN,% SAT. DISSOLVED",PERCENT,44.71722,-80.85639
201405003,2014-12-03 10:30:37,CCGS LIMNOS,GEORGIAN BAY,8,445517,-803622,11,61.1,2014-08-13 00:53:00,247,1.00,.00,0.00000000,,0,106.000000,SAT 02,"OXYGEN,% SAT. DISSOLVED",PERCENT,44.92139,-80.60611
201405003,2014-12-03 10:30:37,CCGS LIMNOS,GEORGIAN BAY,9,445512,-805227,12,88,2014-08-13 02:19:00,247,1.00,.00,0.00000000,,0,107.000000,SAT 02,"OXYGEN,% SAT. DISSOLVED",PERCENT,44.92000,-80.87417
201405001,2014-12-03 10:26:42,CCGS LIMNOS,GEORGIAN BAY,1,453140,-814010,35,34.7,2014-05-11 19:35:00,263,1.00,.00,0.00020000,,0,.000600,SR P,"PHOSPHOROUS,SOLUBLE REACTIVE,FILTERED",MG P/L,45.52778,-81.66944
201405001,2014-12-03 10:26:42,CCGS LIMNOS,GEORGIAN BAY,2,454232,-813712,36,51.8,2014-05-11 21:00:00,263,1.00,.00,0.00020000,,0,.000400,SR P,"PHOSPHOROUS,SOLUBLE REACTIVE,FILTERED",MG P/L,45.70889,-81.62000
201405001,2014-12-03 10:26:42,CCGS LIMNOS,GEORGIAN BAY,3,455447,-813544,42,23.3,2014-05-11 23:00:00,263,1.00,.00,0.00020000,,0,.000300,SR P,"PHOSPHOROUS,SOLUBLE REACTIVE,FILTERED",MG P/L,45.91306,-81.59556
201405001,2014-12-03 10:26:42,CCGS LIMNOS,GEORGIAN BAY,3,455447,-813544,42,23.3,2014-05-11 23:00:00,263,13.00,.00,0.00020000,,0,.001000,SR P,"PHOSPHOROUS,SOLUBLE REACTIVE,FILTERED",MG P/L,45.91306,-81.59556
201405001,2014-12-03 10:26:42,CCGS LIMNOS,GEORGIAN BAY,3,455447,-813544,42,23.3,2014-05-11 23:00:00,263,21.00,.00,0.00020000,,0,.000600,SR P,"PHOSPHOROUS,SOLUBLE REACTIVE,FILTERED",MG P/L,45.91306,-81.59556
201405001,2014-12-03 10:26:42,CCGS LIMNOS,GEORGIAN BAY,4,455224,-811530,39,27.2,2014-05-12 01:20:00,263,1.00,.00,0.00020000,,0,.000300,SR P,"PHOSPHOROUS,SOLUBLE REACTIVE,FILTERED",MG P/L,45.87333,-81.25833
201405001,2014-12-03 10:26:42,CCGS LIMNOS,GEORGIAN BAY,5,455200,-810000,27,12.2,2014-05-12 02:50:00,263,1.00,.00,0.00020000,,0,.000600,SR P,"PHOSPHOROUS,SOLUBLE REACTIVE,FILTERED",MG P/L,45.86667,-81.00000
201405001,2014-12-03 10:26:42,CCGS LIMNOS,GEORGIAN BAY,5,455200,-810000,27,12.2,2014-05-12 02:50:00,263,1.00,.00,0.00020000,,1,.000600,SR P,"PHOSPHOROUS,SOLUBLE REACTIVE,FILTERED",MG P/L,45.86667,-81.00000
201405001,2014-12-03 10:26:42,CCGS LIMNOS,GEORGIAN BAY,5,455200,-810000,27,12.2,2014-05-12 02:50:00,263,10.00,.00,0.00020000,,0,.001100,SR P,"PHOSPHOROUS,SOLUBLE REACTIVE,FILTERED",MG P/L,45.86667,-81.00000
201405001,2014-12-03 10:26:42,CCGS LIMNOS,GEORGIAN BAY,6,455001,-805400,26,20.5,2014-05-12 03:50:00,263,1.00,.00,0.00020000,,0,.000600,SR P,"PHOSPHOROUS,SOLUBLE REACTIVE,FILTERED",MG P/L,45.83361,-80.90000
201405001,2014-12-03 10:26:42,CCGS LIMNOS,GEORGIAN BAY,7,454044,-805021,24,39.7,2014-05-12 05:05:00,263,1.00,.00,0.00020000,,0,.000200,SR P,"PHOSPHOROUS,SOLUBLE REACTIVE,FILTERED",MG P/L,45.67889,-80.83917
201405001,2014-12-03 10:26:42,CCGS LIMNOS,GEORGIAN BAY,8,453501,-810459,29,42.7,2014-05-12 06:50:00,263,1.00,.00,0.00020000,,0,.000200,SR P,"PHOSPHOROUS,SOLUBLE REACTIVE,FILTERED",MG P/L,45.58361,-81.08306
201405001,2014-12-03 10:26:42,CCGS LIMNOS,GEORGIAN BAY,8,453501,-810459,29,42.7,2014-05-12 06:50:00,263,40.00,.00,0.00020000,<,0,.000200,SR P,"PHOSPHOROUS,SOLUBLE REACTIVE,FILTERED",MG P/L,45.58361,-81.08306
201405001,2014-12-03 10:26:42,CCGS LIMNOS,GEORGIAN BAY,9,452153,-811126,21,85.4,2014-05-12 09:00:00,263,1.00,.00,0.00020000,,0,.000400,SR P,"PHOSPHOROUS,SOLUBLE REACTIVE,FILTERED",MG P/L,45.36472,-81.19056
201405001,2014-12-03 10:26:42,CCGS LIMNOS,GEORGIAN BAY,10,451442,-805232,17,77.6,2014-05-12 11:00:00,263,1.00,.00,0.00020000,,0,.000600,SR P,"PHOSPHOROUS,SOLUBLE REACTIVE,FILTERED",MG P/L,45.24500,-80.87556
201405001,2014-12-03 10:26:42,CCGS LIMNOS,GEORGIAN BAY,10,451442,-805232,17,77.6,2014-05-12 11:00:00,263,1.00,.00,0.00020000,,1,.000400,SR P,"PHOSPHOROUS,SOLUBLE REACTIVE,FILTERED",MG P/L,45.24500,-80.87556
201405001,2014-12-03 10:26:42,CCGS LIMNOS,GEORGIAN BAY,10,451442,-805232,17,77.6,2014-05-12 11:00:00,263,50.00,.00,0.00020000,,0,.000300,SR P,"PHOSPHOROUS,SOLUBLE REACTIVE,FILTERED",MG P/L,45.24500,-80.87556
201405001,2014-12-03 10:26:42,CCGS LIMNOS,GEORGIAN BAY,10,451442,-805232,17,77.6,2014-05-12 11:00:00,263,67.00,.00,0.00020000,,0,.000500,SR P,"PHOSPHOROUS,SOLUBLE REACTIVE,FILTERED",MG P/L,45.24500,-80.87556
201405001,2014-12-03 10:26:42,CCGS LIMNOS,GEORGIAN BAY,10,451442,-805232,17,77.6,2014-05-12 11:00:00,263,75.00,.00,0.00020000,,0,.000200,SR P,"PHOSPHOROUS,SOLUBLE REACTIVE,FILTERED",MG P/L,45.24500,-80.87556
201405001,2014-12-03 10:26:42,CCGS LIMNOS,GEORGIAN BAY,10,451442,-805232,17,77.6,2014-05-12 11:00:00,263,998.00,.00,0.00020000,,0,.000400,SR P,"PHOSPHOROUS,SOLUBLE REACTIVE,FILTERED",MG P/L,45.24500,-80.87556
201405001,2014-12-03 10:26:42,CCGS LIMNOS,GEORGIAN BAY,10,451442,-805232,17,77.6,2014-05-12 11:00:00,263,999.00,.00,0.00020000,,0,.000400,SR P,"PHOSPHOROUS,SOLUBLE REACTIVE,FILTERED",MG P/L,45.24500,-80.87556
201405001,2014-12-03 10:26:42,CCGS LIMNOS,GEORGIAN BAY,11,452113,-802913,16,22,2014-05-12 13:55:00,263,1.00,.00,0.00020000,,0,.000800,SR P,"PHOSPHOROUS,SOLUBLE REACTIVE,FILTERED",MG P/L,45.35361,-80.48694
201405001,2014-12-03 10:26:42,CCGS LIMNOS,GEORGIAN BAY,12,451928,-800700,122,95.7,2014-05-12 15:55:00,263,1.00,.00,0.00020000,,0,.001100,SR P,"PHOSPHOROUS,SOLUBLE REACTIVE,FILTERED",MG P/L,45.32444,-80.11667
201405001,2014-12-03 10:26:42,CCGS LIMNOS,GEORGIAN BAY,13,451000,-801750,15,46.2,2014-05-12 19:00:00,263,1.00,.00,0.00020000,,0,.000400,SR P,"PHOSPHOROUS,SOLUBLE REACTIVE,FILTERED",MG P/L,45.16667,-80.29722
201405001,2014-12-03 10:26:42,CCGS LIMNOS,GEORGIAN BAY,14,445710,-800854,8,49.6,2014-05-12 20:48:00,263,1.00,.00,0.00020000,,0,.000500,SR P,"PHOSPHOROUS,SOLUBLE REACTIVE,FILTERED",MG P/L,44.95278,-80.14833
201405001,2014-12-03 10:26:42,CCGS LIMNOS,GEORGIAN BAY,15,445218,-795804,9,29.6,2014-05-12 22:10:00,263,1.00,.00,0.00020000,,0,.000900,SR P,"PHOSPHOROUS,SOLUBLE REACTIVE,FILTERED",MG P/L,44.87167,-79.96778
201405001,2014-12-03 10:26:42,CCGS LIMNOS,GEORGIAN BAY,15,445218,-795804,9,29.6,2014-05-12 22:10:00,263,1.00,.00,0.00020000,,1,.000800,SR P,"PHOSPHOROUS,SOLUBLE REACTIVE,FILTERED",MG P/L,44.87167,-79.96778
201405001,2014-12-03 10:26:42,CCGS LIMNOS,GEORGIAN BAY,15,445218,-795804,9,29.6,2014-05-12 22:10:00,263,19.00,.00,0.00020000,,0,.001000,SR P,"PHOSPHOROUS,SOLUBLE REACTIVE,FILTERED",MG P/L,44.87167,-79.96778
201405001,2014-12-03 10:26:42,CCGS LIMNOS,GEORGIAN BAY,15,445218,-795804,9,29.6,2014-05-12 22:10:00,263,27.00,.00,0.00020000,,0,.000800,SR P,"PHOSPHOROUS,SOLUBLE REACTIVE,FILTERED",MG P/L,44.87167,-79.96778
201405001,2014-12-03 10:26:42,CCGS LIMNOS,GEORGIAN BAY,16,444748,-801436,5,58.5,2014-05-13 00:25:00,263,1.00,.00,0.00020000,,0,.000800,SR P,"PHOSPHOROUS,SOLUBLE REACTIVE,FILTERED",MG P/L,44.79667,-80.24333
201405001,2014-12-03 10:26:42,CCGS LIMNOS,GEORGIAN BAY,17,443846,-801000,4,57.8,2014-05-13 02:00:00,263,1.00,.00,0.00020000,,0,.000500,SR P,"PHOSPHOROUS,SOLUBLE REACTIVE,FILTERED",MG P/L,44.64611,-80.16667
201405001,2014-12-03 10:26:42,CCGS LIMNOS,GEORGIAN BAY,17,443846,-801000,4,57.8,2014-05-13 02:00:00,263,48.00,.00,0.00020000,,0,.000600,SR P,"PHOSPHOROUS,SOLUBLE REACTIVE,FILTERED",MG P/L,44.64611,-80.16667
201405001,2014-12-03 10:26:42,CCGS LIMNOS,GEORGIAN BAY,17,443846,-801000,4,57.8,2014-05-13 02:00:00,263,56.00,.00,0.00020000,,0,.000500,SR P,"PHOSPHOROUS,SOLUBLE REACTIVE,FILTERED",MG P/L,44.64611,-80.16667
201405001,2014-12-03 10:26:42,CCGS LIMNOS,GEORGIAN BAY,18,444412,-802606,6,87.1,2014-05-13 04:00:00,263,1.00,.00,0.00020000,,0,.000800,SR P,"PHOSPHOROUS,SOLUBLE REACTIVE,FILTERED",MG P/L,44.73667,-80.43500
201405001,2014-12-03 10:26:42,CCGS LIMNOS,GEORGIAN BAY,19,444330,-803658,3,33.7,2014-05-13 05:10:00,263,1.00,.00,0.00020000,,0,.000500,SR P,"PHOSPHOROUS,SOLUBLE REACTIVE,FILTERED",MG P/L,44.72500,-80.61611
201405001,2014-12-03 10:26:42,CCGS LIMNOS,GEORGIAN BAY,20,444305,-805126,1,88.9,2014-05-13 06:50:00,263,1.00,.00,0.00020000,<,0,.000200,SR P,"PHOSPHOROUS,SOLUBLE REACTIVE,FILTERED",MG P/L,44.71806,-80.85722
201405001,2014-12-03 10:26:42,CCGS LIMNOS,GEORGIAN BAY,20,444305,-805126,1,88.9,2014-05-13 06:50:00,263,1.00,.00,0.00020000,<,1,.000200,SR P,"PHOSPHOROUS,SOLUBLE REACTIVE,FILTERED",MG P/L,44.71806,-80.85722
201405001,2014-12-03 10:26:42,CCGS LIMNOS,GEORGIAN BAY,20,444305,-805126,1,88.9,2014-05-13 06:50:00,263,50.00,.00,0.00020000,<,0,.000200,SR P,"PHOSPHOROUS,SOLUBLE REACTIVE,FILTERED",MG P/L,44.71806,-80.85722
201405001,2014-12-03 10:26:42,CCGS LIMNOS,GEORGIAN BAY,20,444305,-805126,1,88.9,2014-05-13 06:50:00,263,79.00,.00,0.00020000,<,0,.000200,SR P,"PHOSPHOROUS,SOLUBLE REACTIVE,FILTERED",MG P/L,44.71806,-80.85722
201405001,2014-12-03 10:26:42,CCGS LIMNOS,GEORGIAN BAY,20,444305,-805126,1,88.9,2014-05-13 06:50:00,263,87.00,.00,0.00020000,,0,.000200,SR P,"PHOSPHOROUS,SOLUBLE REACTIVE,FILTERED",MG P/L,44.71806,-80.85722
201405001,2014-12-03 10:26:42,CCGS LIMNOS,GEORGIAN BAY,20,444305,-805126,1,88.9,2014-05-13 06:50:00,263,998.00,.00,0.00020000,<,0,.000200,SR P,"PHOSPHOROUS,SOLUBLE REACTIVE,FILTERED",MG P/L,44.71806,-80.85722
201405001,2014-12-03 10:26:42,CCGS LIMNOS,GEORGIAN BAY,20,444305,-805126,1,88.9,2014-05-13 06:50:00,263,999.00,.00,0.00020000,<,0,.000200,SR P,"PHOSPHOROUS,SOLUBLE REACTIVE,FILTERED",MG P/L,44.71806,-80.85722
201405001,2014-12-03 10:26:42,CCGS LIMNOS,GEORGIAN BAY,21,445516,-803627,11,60.3,2014-05-13 09:32:00,263,1.00,.00,0.00020000,,0,.000300,SR P,"PHOSPHOROUS,SOLUBLE REACTIVE,FILTERED",MG P/L,44.92111,-80.60750
201405001,2014-12-03 10:26:42,CCGS LIMNOS,GEORGIAN BAY,22,445511,-805231,12,88.1,2014-05-13 11:00:00,263,1.00,.00,0.00020000,<,0,.000200,SR P,"PHOSPHOROUS,SOLUBLE REACTIVE,FILTERED",MG P/L,44.91972,-80.87528
201405001,2014-12-03 10:26:42,CCGS LIMNOS,GEORGIAN BAY,23,450359,-811514,19,51.5,2014-05-13 13:20:00,263,1.00,.00,0.00020000,<,0,.000200,SR P,"PHOSPHOROUS,SOLUBLE REACTIVE,FILTERED",MG P/L,45.06639,-81.25389
201405001,2014-12-03 10:26:42,CCGS LIMNOS,GEORGIAN BAY,24,451418,-812626,31,64.5,2014-05-13 16:10:00,263,1.00,.00,0.00020000,,0,.000500,SR P,"PHOSPHOROUS,SOLUBLE REACTIVE,FILTERED",MG P/L,45.23833,-81.44056
201405001,2014-12-03 10:26:42,CCGS LIMNOS,GEORGIAN BAY,25,452213,-813507,33,51,2014-05-13 17:50:00,263,1.00,.00,0.00020000,,0,.000400,SR P,"PHOSPHOROUS,SOLUBLE REACTIVE,FILTERED",MG P/L,45.37028,-81.58528
201405001,2014-12-03 10:26:42,CCGS LIMNOS,GEORGIAN BAY,25,452213,-813507,33,51,2014-05-13 17:50:00,263,1.00,.00,0.00020000,,1,.000400,SR P,"PHOSPHOROUS,SOLUBLE REACTIVE,FILTERED",MG P/L,45.37028,-81.58528
201405001,2014-12-03 10:26:42,CCGS LIMNOS,GEORGIAN BAY,25,452213,-813507,33,51,2014-05-13 17:50:00,263,41.00,.00,0.00020000,,0,.000300,SR P,"PHOSPHOROUS,SOLUBLE REACTIVE,FILTERED",MG P/L,45.37028,-81.58528
201405001,2014-12-03 10:26:42,CCGS LIMNOS,GEORGIAN BAY,25,452213,-813507,33,51,2014-05-13 17:50:00,263,49.00,.00,0.00020000,,0,.000700,SR P,"PHOSPHOROUS,SOLUBLE REACTIVE,FILTERED",MG P/L,45.37028,-81.58528
201405001,2014-12-03 10:26:42,CCGS LIMNOS,GEORGIAN BAY,1,453140,-814010,35,34.7,2014-05-11 19:35:00,265,1.00,.00,0.01400000,,0,.236000,TF KJN,"TOTAL KJELDAHL NITROGEN,FILTERED",MG N/L,45.52778,-81.66944
201405001,2014-12-03 10:26:42,CCGS LIMNOS,GEORGIAN BAY,2,454232,-813712,36,51.8,2014-05-11 21:00:00,265,1.00,.00,0.01400000,,0,.281000,TF KJN,"TOTAL KJELDAHL NITROGEN,FILTERED",MG N/L,45.70889,-81.62000
201405001,2014-12-03 10:26:42,CCGS LIMNOS,GEORGIAN BAY,3,455447,-813544,42,23.3,2014-05-11 23:00:00,265,1.00,.00,0.01400000,,0,.344000,TF KJN,"TOTAL KJELDAHL NITROGEN,FILTERED",MG N/L,45.91306,-81.59556
201405001,2014-12-03 10:26:42,CCGS LIMNOS,GEORGIAN BAY,3,455447,-813544,42,23.3,2014-05-11 23:00:00,265,13.00,.00,0.01400000,,0,.382000,TF KJN,"TOTAL KJELDAHL NITROGEN,FILTERED",MG N/L,45.91306,-81.59556
201405001,2014-12-03 10:26:42,CCGS LIMNOS,GEORGIAN BAY,3,455447,-813544,42,23.3,2014-05-11 23:00:00,265,21.00,.00,0.01400000,,0,.256000,TF KJN,"TOTAL KJELDAHL NITROGEN,FILTERED",MG N/L,45.91306,-81.59556
201405001,2014-12-03 10:26:42,CCGS LIMNOS,GEORGIAN BAY,4,455224,-811530,39,27.2,2014-05-12 01:20:00,265,1.00,.00,0.01400000,,0,.346000,TF KJN,"TOTAL KJELDAHL NITROGEN,FILTERED",MG N/L,45.87333,-81.25833
201405001,2014-12-03 10:26:42,CCGS LIMNOS,GEORGIAN BAY,5,455200,-810000,27,12.2,2014-05-12 02:50:00,265,1.00,.00,0.01400000,,0,.266000,TF KJN,"TOTAL KJELDAHL NITROGEN,FILTERED",MG N/L,45.86667,-81.00000
201405001,2014-12-03 10:26:42,CCGS LIMNOS,GEORGIAN BAY,5,455200,-810000,27,12.2,2014-05-12 02:50:00,265,1.00,.00,0.01400000,,1,.258000,TF KJN,"TOTAL KJELDAHL NITROGEN,FILTERED",MG N/L,45.86667,-81.00000
201405001,2014-12-03 10:26:42,CCGS LIMNOS,GEORGIAN BAY,5,455200,-810000,27,12.2,2014-05-12 02:50:00,265,10.00,.00,0.01400000,,0,.248000,TF KJN,"TOTAL KJELDAHL NITROGEN,FILTERED",MG N/L,45.86667,-81.00000
201405001,2014-12-03 10:26:42,CCGS LIMNOS,GEORGIAN BAY,6,455001,-805400,26,20.5,2014-05-12 03:50:00,265,1.00,.00,0.01400000,,0,.309000,TF KJN,"TOTAL KJELDAHL NITROGEN,FILTERED",MG N/L,45.83361,-80.90000
201405001,2014-12-03 10:26:42,CCGS LIMNOS,GEORGIAN BAY,7,454044,-805021,24,39.7,2014-05-12 05:05:00,265,1.00,.00,0.01400000,,0,.234000,TF KJN,"TOTAL KJELDAHL NITROGEN,FILTERED",MG N/L,45.67889,-80.83917
201405001,2014-12-03 10:26:42,CCGS LIMNOS,GEORGIAN BAY,8,453501,-810459,29,42.7,2014-05-12 06:50:00,265,1.00,.00,0.01400000,,0,.125000,TF KJN,"TOTAL KJELDAHL NITROGEN,FILTERED",MG N/L,45.58361,-81.08306
201405001,2014-12-03 10:26:42,CCGS LIMNOS,GEORGIAN BAY,8,453501,-810459,29,42.7,2014-05-12 06:50:00,265,40.00,.00,0.01400000,,0,.284000,TF KJN,"TOTAL KJELDAHL NITROGEN,FILTERED",MG N/L,45.58361,-81.08306
201405001,2014-12-03 10:26:42,CCGS LIMNOS,GEORGIAN BAY,9,452153,-811126,21,85.4,2014-05-12 09:00:00,265,1.00,.00,0.01400000,,0,.148000,TF KJN,"TOTAL KJELDAHL NITROGEN,FILTERED",MG N/L,45.36472,-81.19056
201405001,2014-12-03 10:26:42,CCGS LIMNOS,GEORGIAN BAY,10,451442,-805232,17,77.6,2014-05-12 11:00:00,265,1.00,.00,0.01400000,,0,.190000,TF KJN,"TOTAL KJELDAHL NITROGEN,FILTERED",MG N/L,45.24500,-80.87556
201405001,2014-12-03 10:26:42,CCGS LIMNOS,GEORGIAN BAY,10,451442,-805232,17,77.6,2014-05-12 11:00:00,265,1.00,.00,0.01400000,,1,.195000,TF KJN,"TOTAL KJELDAHL NITROGEN,FILTERED",MG N/L,45.24500,-80.87556
201405001,2014-12-03 10:26:42,CCGS LIMNOS,GEORGIAN BAY,10,451442,-805232,17,77.6,2014-05-12 11:00:00,265,50.00,.00,0.01400000,,0,.152000,TF KJN,"TOTAL KJELDAHL NITROGEN,FILTERED",MG N/L,45.24500,-80.87556
201405001,2014-12-03 10:26:42,CCGS LIMNOS,GEORGIAN BAY,10,451442,-805232,17,77.6,2014-05-12 11:00:00,265,67.00,.00,0.01400000,,0,.225000,TF KJN,"TOTAL KJELDAHL NITROGEN,FILTERED",MG N/L,45.24500,-80.87556
201405001,2014-12-03 10:26:42,CCGS LIMNOS,GEORGIAN BAY,10,451442,-805232,17,77.6,2014-05-12 11:00:00,265,75.00,.00,0.01400000,,0,.337000,TF KJN,"TOTAL KJELDAHL NITROGEN,FILTERED",MG N/L,45.24500,-80.87556
201405001,2014-12-03 10:26:42,CCGS LIMNOS,GEORGIAN BAY,10,451442,-805232,17,77.6,2014-05-12 11:00:00,265,998.00,.00,0.01400000,,0,.019000,TF KJN,"TOTAL KJELDAHL NITROGEN,FILTERED",MG N/L,45.24500,-80.87556
201405001,2014-12-03 10:26:42,CCGS LIMNOS,GEORGIAN BAY,10,451442,-805232,17,77.6,2014-05-12 11:00:00,265,999.00,.00,0.01400000,<,0,.014000,TF KJN,"TOTAL KJELDAHL NITROGEN,FILTERED",MG N/L,45.24500,-80.87556
201405001,2014-12-03 10:26:42,CCGS LIMNOS,GEORGIAN BAY,11,452113,-802913,16,22,2014-05-12 13:55:00,265,1.00,.00,0.01400000,,0,.214000,TF KJN,"TOTAL KJELDAHL NITROGEN,FILTERED",MG N/L,45.35361,-80.48694
201405001,2014-12-03 10:26:42,CCGS LIMNOS,GEORGIAN BAY,12,451928,-800700,122,95.7,2014-05-12 15:55:00,265,1.00,.00,0.01400000,,0,.387000,TF KJN,"TOTAL KJELDAHL NITROGEN,FILTERED",MG N/L,45.32444,-80.11667
201405001,2014-12-03 10:26:42,CCGS LIMNOS,GEORGIAN BAY,13,451000,-801750,15,46.2,2014-05-12 19:00:00,265,1.00,.00,0.01400000,,0,.217000,TF KJN,"TOTAL KJELDAHL NITROGEN,FILTERED",MG N/L,45.16667,-80.29722
201405001,2014-12-03 10:26:42,CCGS LIMNOS,GEORGIAN BAY,14,445710,-800854,8,49.6,2014-05-12 20:48:00,265,1.00,.00,0.01400000,,0,.259000,TF KJN,"TOTAL KJELDAHL NITROGEN,FILTERED",MG N/L,44.95278,-80.14833
201405001,2014-12-03 10:26:42,CCGS LIMNOS,GEORGIAN BAY,15,445218,-795804,9,29.6,2014-05-12 22:10:00,265,1.00,.00,0.01400000,,0,.277000,TF KJN,"TOTAL KJELDAHL NITROGEN,FILTERED",MG N/L,44.87167,-79.96778
201405001,2014-12-03 10:26:42,CCGS LIMNOS,GEORGIAN BAY,15,445218,-795804,9,29.6,2014-05-12 22:10:00,265,1.00,.00,0.01400000,,1,.239000,TF KJN,"TOTAL KJELDAHL NITROGEN,FILTERED",MG N/L,44.87167,-79.96778
201405001,2014-12-03 10:26:42,CCGS LIMNOS,GEORGIAN BAY,15,445218,-795804,9,29.6,2014-05-12 22:10:00,265,19.00,.00,0.01400000,,0,.453000,TF KJN,"TOTAL KJELDAHL NITROGEN,FILTERED",MG N/L,44.87167,-79.96778
201405001,2014-12-03 10:26:42,CCGS LIMNOS,GEORGIAN BAY,15,445218,-795804,9,29.6,2014-05-12 22:10:00,265,27.00,.00,0.01400000,,0,.389000,TF KJN,"TOTAL KJELDAHL NITROGEN,FILTERED",MG N/L,44.87167,-79.96778
201405001,2014-12-03 10:26:42,CCGS LIMNOS,GEORGIAN BAY,16,444748,-801436,5,58.5,2014-05-13 00:25:00,265,1.00,.00,0.01400000,,0,.257000,TF KJN,"TOTAL KJELDAHL NITROGEN,FILTERED",MG N/L,44.79667,-80.24333
201405001,2014-12-03 10:26:42,CCGS LIMNOS,GEORGIAN BAY,17,443846,-801000,4,57.8,2014-05-13 02:00:00,265,1.00,.00,0.01400000,,0,.182000,TF KJN,"TOTAL KJELDAHL NITROGEN,FILTERED",MG N/L,44.64611,-80.16667
201405001,2014-12-03 10:26:42,CCGS LIMNOS,GEORGIAN BAY,17,443846,-801000,4,57.8,2014-05-13 02:00:00,265,48.00,.00,0.01400000,,0,.164000,TF KJN,"TOTAL KJELDAHL NITROGEN,FILTERED",MG N/L,44.64611,-80.16667
201405001,2014-12-03 10:26:42,CCGS LIMNOS,GEORGIAN BAY,17,443846,-801000,4,57.8,2014-05-13 02:00:00,265,56.00,.00,0.01400000,,0,.164000,TF KJN,"TOTAL KJELDAHL NITROGEN,FILTERED",MG N/L,44.64611,-80.16667
201405001,2014-12-03 10:26:42,CCGS LIMNOS,GEORGIAN BAY,18,444412,-802606,6,87.1,2014-05-13 04:00:00,265,1.00,.00,0.01400000,,0,.189000,TF KJN,"TOTAL KJELDAHL NITROGEN,FILTERED",MG N/L,44.73667,-80.43500
201405001,2014-12-03 10:26:42,CCGS LIMNOS,GEORGIAN BAY,19,444330,-803658,3,33.7,2014-05-13 05:10:00,265,1.00,.00,0.01400000,,0,.204000,TF KJN,"TOTAL KJELDAHL NITROGEN,FILTERED",MG N/L,44.72500,-80.61611
201405001,2014-12-03 10:26:42,CCGS LIMNOS,GEORGIAN BAY,20,444305,-805126,1,88.9,2014-05-13 06:50:00,265,1.00,.00,0.01400000,,0,.148000,TF KJN,"TOTAL KJELDAHL NITROGEN,FILTERED",MG N/L,44.71806,-80.85722
201405001,2014-12-03 10:26:42,CCGS LIMNOS,GEORGIAN BAY,20,444305,-805126,1,88.9,2014-05-13 06:50:00,265,1.00,.00,0.01400000,,1,.140000,TF KJN,"TOTAL KJELDAHL NITROGEN,FILTERED",MG N/L,44.71806,-80.85722
201405001,2014-12-03 10:26:42,CCGS LIMNOS,GEORGIAN BAY,20,444305,-805126,1,88.9,2014-05-13 06:50:00,265,50.00,.00,0.01400000,,0,.127000,TF KJN,"TOTAL KJELDAHL NITROGEN,FILTERED",MG N/L,44.71806,-80.85722
201405001,2014-12-03 10:26:42,CCGS LIMNOS,GEORGIAN BAY,20,444305,-805126,1,88.9,2014-05-13 06:50:00,265,79.00,.00,0.01400000,,0,.130000,TF KJN,"TOTAL KJELDAHL NITROGEN,FILTERED",MG N/L,44.71806,-80.85722
201405001,2014-12-03 10:26:42,CCGS LIMNOS,GEORGIAN BAY,20,444305,-805126,1,88.9,2014-05-13 06:50:00,265,87.00,.00,0.01400000,,0,.152000,TF KJN,"TOTAL KJELDAHL NITROGEN,FILTERED",MG N/L,44.71806,-80.85722
201405001,2014-12-03 10:26:42,CCGS LIMNOS,GEORGIAN BAY,20,444305,-805126,1,88.9,2014-05-13 06:50:00,265,998.00,.00,0.01400000,,0,.032000,TF KJN,"TOTAL KJELDAHL NITROGEN,FILTERED",MG N/L,44.71806,-80.85722
201405001,2014-12-03 10:26:42,CCGS LIMNOS,GEORGIAN BAY,20,444305,-805126,1,88.9,2014-05-13 06:50:00,265,999.00,.00,0.01400000,,0,.019000,TF KJN,"TOTAL KJELDAHL NITROGEN,FILTERED",MG N/L,44.71806,-80.85722
201405001,2014-12-03 10:26:42,CCGS LIMNOS,GEORGIAN BAY,21,445516,-803627,11,60.3,2014-05-13 09:32:00,265,1.00,.00,0.01400000,,0,.187000,TF KJN,"TOTAL KJELDAHL NITROGEN,FILTERED",MG N/L,44.92111,-80.60750
201405001,2014-12-03 10:26:42,CCGS LIMNOS,GEORGIAN BAY,22,445511,-805231,12,88.1,2014-05-13 11:00:00,265,1.00,.00,0.01400000,,0,.161000,TF KJN,"TOTAL KJELDAHL NITROGEN,FILTERED",MG N/L,44.91972,-80.87528
201405001,2014-12-03 10:26:42,CCGS LIMNOS,GEORGIAN BAY,23,450359,-811514,19,51.5,2014-05-13 13:20:00,265,1.00,.00,0.01400000,,0,.158000,TF KJN,"TOTAL KJELDAHL NITROGEN,FILTERED",MG N/L,45.06639,-81.25389
201405001,2014-12-03 10:26:42,CCGS LIMNOS,GEORGIAN BAY,24,451418,-812626,31,64.5,2014-05-13 16:10:00,265,1.00,.00,0.01400000,,0,.130000,TF KJN,"TOTAL KJELDAHL NITROGEN,FILTERED",MG N/L,45.23833,-81.44056
201405001,2014-12-03 10:26:42,CCGS LIMNOS,GEORGIAN BAY,25,452213,-813507,33,51,2014-05-13 17:50:00,265,1.00,.00,0.01400000,,0,.210000,TF KJN,"TOTAL KJELDAHL NITROGEN,FILTERED",MG N/L,45.37028,-81.58528
201405001,2014-12-03 10:26:42,CCGS LIMNOS,GEORGIAN BAY,25,452213,-813507,33,51,2014-05-13 17:50:00,265,1.00,.00,0.01400000,,1,.178000,TF KJN,"TOTAL KJELDAHL NITROGEN,FILTERED",MG N/L,45.37028,-81.58528
201405001,2014-12-03 10:26:42,CCGS LIMNOS,GEORGIAN BAY,25,452213,-813507,33,51,2014-05-13 17:50:00,265,41.00,.00,0.01400000,,0,.141000,TF KJN,"TOTAL KJELDAHL NITROGEN,FILTERED",MG N/L,45.37028,-81.58528
201405001,2014-12-03 10:26:42,CCGS LIMNOS,GEORGIAN BAY,25,452213,-813507,33,51,2014-05-13 17:50:00,265,49.00,.00,0.01400000,,0,.160000,TF KJN,"TOTAL KJELDAHL NITROGEN,FILTERED",MG N/L,45.37028,-81.58528
201405003,2014-12-03 10:30:37,CCGS LIMNOS,GEORGIAN BAY,1,452213,-813507,33,54,2014-08-11 18:58:00,265,1.00,.00,0.01400000,,0,.159000,TF KJN,"TOTAL KJELDAHL NITROGEN,FILTERED",MG N/L,45.37028,-81.58528
201405003,2014-12-03 10:30:37,CCGS LIMNOS,GEORGIAN BAY,1,452213,-813507,33,54,2014-08-11 18:58:00,265,4.00,.00,0.01400000,,0,.160000,TF KJN,"TOTAL KJELDAHL NITROGEN,FILTERED",MG N/L,45.37028,-81.58528
201405003,2014-12-03 10:30:37,CCGS LIMNOS,GEORGIAN BAY,1,452213,-813507,33,54,2014-08-11 18:58:00,265,12.00,.00,0.01400000,,0,.155000,TF KJN,"TOTAL KJELDAHL NITROGEN,FILTERED",MG N/L,45.37028,-81.58528
201405003,2014-12-03 10:30:37,CCGS LIMNOS,GEORGIAN BAY,1,452213,-813507,33,54,2014-08-11 18:58:00,265,22.00,.00,0.01400000,,0,.140000,TF KJN,"TOTAL KJELDAHL NITROGEN,FILTERED",MG N/L,45.37028,-81.58528
201405003,2014-12-03 10:30:37,CCGS LIMNOS,GEORGIAN BAY,1,452213,-813507,33,54,2014-08-11 18:58:00,265,44.00,.00,0.01400000,,0,.141000,TF KJN,"TOTAL KJELDAHL NITROGEN,FILTERED",MG N/L,45.37028,-81.58528
201405003,2014-12-03 10:30:37,CCGS LIMNOS,GEORGIAN BAY,1,452213,-813507,33,54,2014-08-11 18:58:00,265,52.00,.00,0.01400000,,0,.158000,TF KJN,"TOTAL KJELDAHL NITROGEN,FILTERED",MG N/L,45.37028,-81.58528
201405003,2014-12-03 10:30:37,CCGS LIMNOS,GEORGIAN BAY,2,451417,-812629,31,63.9,2014-08-11 20:30:00,265,1.00,.00,0.01400000,,0,.151000,TF KJN,"TOTAL KJELDAHL NITROGEN,FILTERED",MG N/L,45.23806,-81.44139
201405003,2014-12-03 10:30:37,CCGS LIMNOS,GEORGIAN BAY,3,452153,-811126,21,86,2014-08-11 22:11:00,265,1.00,.00,0.01400000,,0,.189000,TF KJN,"TOTAL KJELDAHL NITROGEN,FILTERED",MG N/L,45.36472,-81.19056
201405003,2014-12-03 10:30:37,CCGS LIMNOS,GEORGIAN BAY,4,453506,-810506,29,42.8,2014-08-12 00:19:00,265,1.00,.00,0.01400000,,0,.172000,TF KJN,"TOTAL KJELDAHL NITROGEN,FILTERED",MG N/L,45.58500,-81.08500
201405003,2014-12-03 10:30:37,CCGS LIMNOS,GEORGIAN BAY,4,453506,-810506,29,42.8,2014-08-12 00:19:00,265,4.00,.00,0.01400000,,0,.167000,TF KJN,"TOTAL KJELDAHL NITROGEN,FILTERED",MG N/L,45.58500,-81.08500
201405003,2014-12-03 10:30:37,CCGS LIMNOS,GEORGIAN BAY,4,453506,-810506,29,42.8,2014-08-12 00:19:00,265,14.00,.00,0.01400000,,0,.169000,TF KJN,"TOTAL KJELDAHL NITROGEN,FILTERED",MG N/L,45.58500,-81.08500
201405003,2014-12-03 10:30:37,CCGS LIMNOS,GEORGIAN BAY,4,453506,-810506,29,42.8,2014-08-12 00:19:00,265,24.00,.00,0.01400000,,0,.166000,TF KJN,"TOTAL KJELDAHL NITROGEN,FILTERED",MG N/L,45.58500,-81.08500
201405003,2014-12-03 10:30:37,CCGS LIMNOS,GEORGIAN BAY,4,453506,-810506,29,42.8,2014-08-12 00:19:00,265,32.50,.00,0.01400000,,0,.173000,TF KJN,"TOTAL KJELDAHL NITROGEN,FILTERED",MG N/L,45.58500,-81.08500
201405003,2014-12-03 10:30:37,CCGS LIMNOS,GEORGIAN BAY,4,453506,-810506,29,42.8,2014-08-12 00:19:00,265,40.50,.00,0.01400000,,0,.160000,TF KJN,"TOTAL KJELDAHL NITROGEN,FILTERED",MG N/L,45.58500,-81.08500
201405003,2014-12-03 10:30:37,CCGS LIMNOS,GEORGIAN BAY,5,451441,-805231,17,77.8,2014-08-12 03:22:00,265,1.00,.00,0.01400000,,0,.190000,TF KJN,"TOTAL KJELDAHL NITROGEN,FILTERED",MG N/L,45.24472,-80.87528
201405003,2014-12-03 10:30:37,CCGS LIMNOS,GEORGIAN BAY,5,451441,-805231,17,77.8,2014-08-12 03:22:00,265,1.00,.00,0.01400000,,1,.183000,TF KJN,"TOTAL KJELDAHL NITROGEN,FILTERED",MG N/L,45.24472,-80.87528
201405003,2014-12-03 10:30:37,CCGS LIMNOS,GEORGIAN BAY,5,451441,-805231,17,77.8,2014-08-12 03:22:00,265,6.00,.00,0.01400000,,0,.168000,TF KJN,"TOTAL KJELDAHL NITROGEN,FILTERED",MG N/L,45.24472,-80.87528
201405003,2014-12-03 10:30:37,CCGS LIMNOS,GEORGIAN BAY,5,451441,-805231,17,77.8,2014-08-12 03:22:00,265,17.00,.00,0.01400000,,0,.176000,TF KJN,"TOTAL KJELDAHL NITROGEN,FILTERED",MG N/L,45.24472,-80.87528
201405003,2014-12-03 10:30:37,CCGS LIMNOS,GEORGIAN BAY,5,451441,-805231,17,77.8,2014-08-12 03:22:00,265,28.00,.00,0.01400000,,0,.161000,TF KJN,"TOTAL KJELDAHL NITROGEN,FILTERED",MG N/L,45.24472,-80.87528
201405003,2014-12-03 10:30:37,CCGS LIMNOS,GEORGIAN BAY,5,451441,-805231,17,77.8,2014-08-12 03:22:00,265,67.00,.00,0.01400000,,0,.160000,TF KJN,"TOTAL KJELDAHL NITROGEN,FILTERED",MG N/L,45.24472,-80.87528
201405003,2014-12-03 10:30:37,CCGS LIMNOS,GEORGIAN BAY,5,451441,-805231,17,77.8,2014-08-12 03:22:00,265,75.00,.00,0.01400000,,0,.148000,TF KJN,"TOTAL KJELDAHL NITROGEN,FILTERED",MG N/L,45.24472,-80.87528
201405003,2014-12-03 10:30:37,CCGS LIMNOS,GEORGIAN BAY,6,450400,-811514,19,52.6,2014-08-12 06:07:00,265,1.00,.00,0.01400000,,0,.162000,TF KJN,"TOTAL KJELDAHL NITROGEN,FILTERED",MG N/L,45.06667,-81.25389
201405003,2014-12-03 10:30:37,CCGS LIMNOS,GEORGIAN BAY,7,444302,-805123,1,89.5,2014-08-12 22:36:00,265,1.00,.00,0.01400000,,0,.156000,TF KJN,"TOTAL KJELDAHL NITROGEN,FILTERED",MG N/L,44.71722,-80.85639
201405003,2014-12-03 10:30:37,CCGS LIMNOS,GEORGIAN BAY,7,444302,-805123,1,89.5,2014-08-12 22:36:00,265,10.00,.00,0.01400000,,0,.160000,TF KJN,"TOTAL KJELDAHL NITROGEN,FILTERED",MG N/L,44.71722,-80.85639
201405003,2014-12-03 10:30:37,CCGS LIMNOS,GEORGIAN BAY,7,444302,-805123,1,89.5,2014-08-12 22:36:00,265,13.00,.00,0.01400000,,0,.153000,TF KJN,"TOTAL KJELDAHL NITROGEN,FILTERED",MG N/L,44.71722,-80.85639
201405003,2014-12-03 10:30:37,CCGS LIMNOS,GEORGIAN BAY,7,444302,-805123,1,89.5,2014-08-12 22:36:00,265,44.00,.00,0.01400000,,0,.166000,TF KJN,"TOTAL KJELDAHL NITROGEN,FILTERED",MG N/L,44.71722,-80.85639
201405003,2014-12-03 10:30:37,CCGS LIMNOS,GEORGIAN BAY,7,444302,-805123,1,89.5,2014-08-12 22:36:00,265,79.00,.00,0.01400000,,0,.166000,TF KJN,"TOTAL KJELDAHL NITROGEN,FILTERED",MG N/L,44.71722,-80.85639
201405003,2014-12-03 10:30:37,CCGS LIMNOS,GEORGIAN BAY,7,444302,-805123,1,89.5,2014-08-12 22:36:00,265,87.00,.00,0.01400000,,0,.146000,TF KJN,"TOTAL KJELDAHL NITROGEN,FILTERED",MG N/L,44.71722,-80.85639
201405003,2014-12-03 10:30:37,CCGS LIMNOS,GEORGIAN BAY,8,445517,-803622,11,61.1,2014-08-13 00:53:00,265,1.00,.00,0.01400000,,0,.146000,TF KJN,"TOTAL KJELDAHL NITROGEN,FILTERED",MG N/L,44.92139,-80.60611
201405003,2014-12-03 10:30:37,CCGS LIMNOS,GEORGIAN BAY,9,445512,-805227,12,88,2014-08-13 02:19:00,265,1.00,.00,0.01400000,,0,.179000,TF KJN,"TOTAL KJELDAHL NITROGEN,FILTERED",MG N/L,44.92000,-80.87417
201405001,2014-12-03 10:26:42,CCGS LIMNOS,GEORGIAN BAY,1,453140,-814010,35,34.7,2014-05-11 19:35:00,267,.00,20.00,0.00200000,,0,.007000,I-N,"NITROGEN,TOTAL PARTICULATE - INTEGRATED",MG N/L,45.52778,-81.66944
201405001,2014-12-03 10:26:42,CCGS LIMNOS,GEORGIAN BAY,2,454232,-813712,36,51.8,2014-05-11 21:00:00,267,.00,20.00,0.00200000,,0,.007000,I-N,"NITROGEN,TOTAL PARTICULATE - INTEGRATED",MG N/L,45.70889,-81.62000
201405001,2014-12-03 10:26:42,CCGS LIMNOS,GEORGIAN BAY,3,455447,-813544,42,23.3,2014-05-11 23:00:00,267,.00,20.00,0.00200000,,0,.006000,I-N,"NITROGEN,TOTAL PARTICULATE - INTEGRATED",MG N/L,45.91306,-81.59556
201405001,2014-12-03 10:26:42,CCGS LIMNOS,GEORGIAN BAY,4,455224,-811530,39,27.2,2014-05-12 01:20:00,267,.00,20.00,0.00200000,,0,.006000,I-N,"NITROGEN,TOTAL PARTICULATE - INTEGRATED",MG N/L,45.87333,-81.25833
201405001,2014-12-03 10:26:42,CCGS LIMNOS,GEORGIAN BAY,5,455200,-810000,27,12.2,2014-05-12 02:50:00,267,.00,10.00,0.00200000,,0,.013000,I-N,"NITROGEN,TOTAL PARTICULATE - INTEGRATED",MG N/L,45.86667,-81.00000
201405001,2014-12-03 10:26:42,CCGS LIMNOS,GEORGIAN BAY,5,455200,-810000,27,12.2,2014-05-12 02:50:00,267,.00,10.00,0.00200000,,1,.015000,I-N,"NITROGEN,TOTAL PARTICULATE - INTEGRATED",MG N/L,45.86667,-81.00000
201405001,2014-12-03 10:26:42,CCGS LIMNOS,GEORGIAN BAY,6,455001,-805400,26,20.5,2014-05-12 03:50:00,267,.00,18.50,0.00200000,,0,.006000,I-N,"NITROGEN,TOTAL PARTICULATE - INTEGRATED",MG N/L,45.83361,-80.90000
201405001,2014-12-03 10:26:42,CCGS LIMNOS,GEORGIAN BAY,7,454044,-805021,24,39.7,2014-05-12 05:05:00,267,.00,20.00,0.00200000,,0,.008000,I-N,"NITROGEN,TOTAL PARTICULATE - INTEGRATED",MG N/L,45.67889,-80.83917
201405001,2014-12-03 10:26:42,CCGS LIMNOS,GEORGIAN BAY,8,453501,-810459,29,42.7,2014-05-12 06:50:00,267,.00,20.00,0.00200000,,0,.006000,I-N,"NITROGEN,TOTAL PARTICULATE - INTEGRATED",MG N/L,45.58361,-81.08306
201405001,2014-12-03 10:26:42,CCGS LIMNOS,GEORGIAN BAY,9,452153,-811126,21,85.4,2014-05-12 09:00:00,267,.00,20.00,0.00200000,,0,.009000,I-N,"NITROGEN,TOTAL PARTICULATE - INTEGRATED",MG N/L,45.36472,-81.19056
201405001,2014-12-03 10:26:42,CCGS LIMNOS,GEORGIAN BAY,10,451442,-805232,17,77.6,2014-05-12 11:00:00,267,.00,20.00,0.00200000,,0,.009000,I-N,"NITROGEN,TOTAL PARTICULATE - INTEGRATED",MG N/L,45.24500,-80.87556
201405001,2014-12-03 10:26:42,CCGS LIMNOS,GEORGIAN BAY,10,451442,-805232,17,77.6,2014-05-12 11:00:00,267,.00,20.00,0.00200000,,1,.009000,I-N,"NITROGEN,TOTAL PARTICULATE - INTEGRATED",MG N/L,45.24500,-80.87556
201405001,2014-12-03 10:26:42,CCGS LIMNOS,GEORGIAN BAY,11,452113,-802913,16,22,2014-05-12 13:55:00,267,.00,20.00,0.00200000,,0,.008000,I-N,"NITROGEN,TOTAL PARTICULATE - INTEGRATED",MG N/L,45.35361,-80.48694
201405001,2014-12-03 10:26:42,CCGS LIMNOS,GEORGIAN BAY,12,451928,-800700,122,95.7,2014-05-12 15:55:00,267,.00,20.00,0.00200000,,0,.010000,I-N,"NITROGEN,TOTAL PARTICULATE - INTEGRATED",MG N/L,45.32444,-80.11667
201405001,2014-12-03 10:26:42,CCGS LIMNOS,GEORGIAN BAY,13,451000,-801750,15,46.2,2014-05-12 19:00:00,267,.00,20.00,0.00200000,,0,.009000,I-N,"NITROGEN,TOTAL PARTICULATE - INTEGRATED",MG N/L,45.16667,-80.29722
201405001,2014-12-03 10:26:42,CCGS LIMNOS,GEORGIAN BAY,14,445710,-800854,8,49.6,2014-05-12 20:48:00,267,.00,20.00,0.00200000,,0,.008000,I-N,"NITROGEN,TOTAL PARTICULATE - INTEGRATED",MG N/L,44.95278,-80.14833
201405001,2014-12-03 10:26:42,CCGS LIMNOS,GEORGIAN BAY,15,445218,-795804,9,29.6,2014-05-12 22:10:00,267,.00,20.00,0.00200000,,0,.009000,I-N,"NITROGEN,TOTAL PARTICULATE - INTEGRATED",MG N/L,44.87167,-79.96778
201405001,2014-12-03 10:26:42,CCGS LIMNOS,GEORGIAN BAY,15,445218,-795804,9,29.6,2014-05-12 22:10:00,267,.00,20.00,0.00200000,,1,.010000,I-N,"NITROGEN,TOTAL PARTICULATE - INTEGRATED",MG N/L,44.87167,-79.96778
201405001,2014-12-03 10:26:42,CCGS LIMNOS,GEORGIAN BAY,16,444748,-801436,5,58.5,2014-05-13 00:25:00,267,.00,20.00,0.00200000,,0,.008000,I-N,"NITROGEN,TOTAL PARTICULATE - INTEGRATED",MG N/L,44.79667,-80.24333
201405001,2014-12-03 10:26:42,CCGS LIMNOS,GEORGIAN BAY,17,443846,-801000,4,57.8,2014-05-13 02:00:00,267,.00,20.00,0.00200000,,0,.008000,I-N,"NITROGEN,TOTAL PARTICULATE - INTEGRATED",MG N/L,44.64611,-80.16667
201405001,2014-12-03 10:26:42,CCGS LIMNOS,GEORGIAN BAY,18,444412,-802606,6,87.1,2014-05-13 04:00:00,267,.00,20.00,0.00200000,,0,.009000,I-N,"NITROGEN,TOTAL PARTICULATE - INTEGRATED",MG N/L,44.73667,-80.43500
201405001,2014-12-03 10:26:42,CCGS LIMNOS,GEORGIAN BAY,19,444330,-803658,3,33.7,2014-05-13 05:10:00,267,.00,20.00,0.00200000,,0,.007000,I-N,"NITROGEN,TOTAL PARTICULATE - INTEGRATED",MG N/L,44.72500,-80.61611
201405001,2014-12-03 10:26:42,CCGS LIMNOS,GEORGIAN BAY,20,444305,-805126,1,88.9,2014-05-13 06:50:00,267,.00,20.00,0.00200000,,0,.010000,I-N,"NITROGEN,TOTAL PARTICULATE - INTEGRATED",MG N/L,44.71806,-80.85722
201405001,2014-12-03 10:26:42,CCGS LIMNOS,GEORGIAN BAY,20,444305,-805126,1,88.9,2014-05-13 06:50:00,267,.00,20.00,0.00200000,,1,.010000,I-N,"NITROGEN,TOTAL PARTICULATE - INTEGRATED",MG N/L,44.71806,-80.85722
201405001,2014-12-03 10:26:42,CCGS LIMNOS,GEORGIAN BAY,21,445516,-803627,11,60.3,2014-05-13 09:32:00,267,.00,20.00,0.00200000,,0,.008000,I-N,"NITROGEN,TOTAL PARTICULATE - INTEGRATED",MG N/L,44.92111,-80.60750
201405001,2014-12-03 10:26:42,CCGS LIMNOS,GEORGIAN BAY,22,445511,-805231,12,88.1,2014-05-13 11:00:00,267,.00,20.00,0.00200000,,0,.010000,I-N,"NITROGEN,TOTAL PARTICULATE - INTEGRATED",MG N/L,44.91972,-80.87528
201405001,2014-12-03 10:26:42,CCGS LIMNOS,GEORGIAN BAY,23,450359,-811514,19,51.5,2014-05-13 13:20:00,267,.00,20.00,0.00200000,,0,.011000,I-N,"NITROGEN,TOTAL PARTICULATE - INTEGRATED",MG N/L,45.06639,-81.25389
201405001,2014-12-03 10:26:42,CCGS LIMNOS,GEORGIAN BAY,24,451418,-812626,31,64.5,2014-05-13 16:10:00,267,.00,20.00,0.00200000,,0,.006000,I-N,"NITROGEN,TOTAL PARTICULATE - INTEGRATED",MG N/L,45.23833,-81.44056
201405001,2014-12-03 10:26:42,CCGS LIMNOS,GEORGIAN BAY,25,452213,-813507,33,51,2014-05-13 17:50:00,267,.00,20.00,0.00200000,,0,.008000,I-N,"NITROGEN,TOTAL PARTICULATE - INTEGRATED",MG N/L,45.37028,-81.58528
201405001,2014-12-03 10:26:42,CCGS LIMNOS,GEORGIAN BAY,25,452213,-813507,33,51,2014-05-13 17:50:00,267,.00,20.00,0.00200000,,1,.008000,I-N,"NITROGEN,TOTAL PARTICULATE - INTEGRATED",MG N/L,45.37028,-81.58528
201405003,2014-12-03 10:30:37,CCGS LIMNOS,GEORGIAN BAY,1,452213,-813507,33,54,2014-08-11 18:58:00,267,.00,20.00,0.00200000,,0,.010000,I-N,"NITROGEN,TOTAL PARTICULATE - INTEGRATED",MG N/L,45.37028,-81.58528
201405003,2014-12-03 10:30:37,CCGS LIMNOS,GEORGIAN BAY,2,451417,-812629,31,63.9,2014-08-11 20:30:00,267,.00,20.00,0.00200000,,0,.012000,I-N,"NITROGEN,TOTAL PARTICULATE - INTEGRATED",MG N/L,45.23806,-81.44139
201405003,2014-12-03 10:30:37,CCGS LIMNOS,GEORGIAN BAY,3,452153,-811126,21,86,2014-08-11 22:11:00,267,.00,20.00,0.00200000,,0,.020000,I-N,"NITROGEN,TOTAL PARTICULATE - INTEGRATED",MG N/L,45.36472,-81.19056
201405003,2014-12-03 10:30:37,CCGS LIMNOS,GEORGIAN BAY,4,453506,-810506,29,42.8,2014-08-12 00:19:00,267,.00,20.00,0.00200000,,0,.012000,I-N,"NITROGEN,TOTAL PARTICULATE - INTEGRATED",MG N/L,45.58500,-81.08500
201405003,2014-12-03 10:30:37,CCGS LIMNOS,GEORGIAN BAY,5,451441,-805231,17,77.8,2014-08-12 03:22:00,267,.00,20.00,0.00200000,,0,.016000,I-N,"NITROGEN,TOTAL PARTICULATE - INTEGRATED",MG N/L,45.24472,-80.87528
201405003,2014-12-03 10:30:37,CCGS LIMNOS,GEORGIAN BAY,5,451441,-805231,17,77.8,2014-08-12 03:22:00,267,.00,20.00,0.00200000,,1,.016000,I-N,"NITROGEN,TOTAL PARTICULATE - INTEGRATED",MG N/L,45.24472,-80.87528
201405003,2014-12-03 10:30:37,CCGS LIMNOS,GEORGIAN BAY,6,450400,-811514,19,52.6,2014-08-12 06:07:00,267,.00,20.00,0.00200000,,0,.017000,I-N,"NITROGEN,TOTAL PARTICULATE - INTEGRATED",MG N/L,45.06667,-81.25389
201405003,2014-12-03 10:30:37,CCGS LIMNOS,GEORGIAN BAY,7,444302,-805123,1,89.5,2014-08-12 22:36:00,267,.00,20.00,0.00200000,,0,.018000,I-N,"NITROGEN,TOTAL PARTICULATE - INTEGRATED",MG N/L,44.71722,-80.85639
201405003,2014-12-03 10:30:37,CCGS LIMNOS,GEORGIAN BAY,8,445517,-803622,11,61.1,2014-08-13 00:53:00,267,.00,20.00,0.00200000,,0,.021000,I-N,"NITROGEN,TOTAL PARTICULATE - INTEGRATED",MG N/L,44.92139,-80.60611
201405003,2014-12-03 10:30:37,CCGS LIMNOS,GEORGIAN BAY,9,445512,-805227,12,88,2014-08-13 02:19:00,267,.00,20.00,0.00200000,,0,.021000,I-N,"NITROGEN,TOTAL PARTICULATE - INTEGRATED",MG N/L,44.92000,-80.87417
201405001,2014-12-03 10:26:42,CCGS LIMNOS,GEORGIAN BAY,10,451442,-805232,17,77.6,2014-05-12 11:00:00,268,998.00,.00,0.00200000,<,0,.002000,N TP,"NITROGEN,TOTAL PARTICULATE",MG N/L,45.24500,-80.87556
201405001,2014-12-03 10:26:42,CCGS LIMNOS,GEORGIAN BAY,20,444305,-805126,1,88.9,2014-05-13 06:50:00,268,998.00,.00,0.00200000,<,0,.002000,N TP,"NITROGEN,TOTAL PARTICULATE",MG N/L,44.71806,-80.85722
201405001,2014-12-03 10:26:42,CCGS LIMNOS,GEORGIAN BAY,1,453140,-814010,35,34.7,2014-05-11 19:35:00,270,1.00,.00,0.00100000,,0,.005000,NH3,"AMMONIA NITROGEN,SOLUBLE",MG N/L,45.52778,-81.66944
201405001,2014-12-03 10:26:42,CCGS LIMNOS,GEORGIAN BAY,2,454232,-813712,36,51.8,2014-05-11 21:00:00,270,1.00,.00,0.00100000,,0,.006000,NH3,"AMMONIA NITROGEN,SOLUBLE",MG N/L,45.70889,-81.62000
201405001,2014-12-03 10:26:42,CCGS LIMNOS,GEORGIAN BAY,3,455447,-813544,42,23.3,2014-05-11 23:00:00,270,1.00,.00,0.00100000,,0,.012000,NH3,"AMMONIA NITROGEN,SOLUBLE",MG N/L,45.91306,-81.59556
201405001,2014-12-03 10:26:42,CCGS LIMNOS,GEORGIAN BAY,3,455447,-813544,42,23.3,2014-05-11 23:00:00,270,13.00,.00,0.00100000,,0,.015000,NH3,"AMMONIA NITROGEN,SOLUBLE",MG N/L,45.91306,-81.59556
201405001,2014-12-03 10:26:42,CCGS LIMNOS,GEORGIAN BAY,3,455447,-813544,42,23.3,2014-05-11 23:00:00,270,21.00,.00,0.00100000,,0,.013000,NH3,"AMMONIA NITROGEN,SOLUBLE",MG N/L,45.91306,-81.59556
201405001,2014-12-03 10:26:42,CCGS LIMNOS,GEORGIAN BAY,4,455224,-811530,39,27.2,2014-05-12 01:20:00,270,1.00,.00,0.00100000,,0,.009000,NH3,"AMMONIA NITROGEN,SOLUBLE",MG N/L,45.87333,-81.25833
201405001,2014-12-03 10:26:42,CCGS LIMNOS,GEORGIAN BAY,5,455200,-810000,27,12.2,2014-05-12 02:50:00,270,1.00,.00,0.00100000,,0,.016000,NH3,"AMMONIA NITROGEN,SOLUBLE",MG N/L,45.86667,-81.00000
201405001,2014-12-03 10:26:42,CCGS LIMNOS,GEORGIAN BAY,5,455200,-810000,27,12.2,2014-05-12 02:50:00,270,1.00,.00,0.00100000,,1,.015000,NH3,"AMMONIA NITROGEN,SOLUBLE",MG N/L,45.86667,-81.00000
201405001,2014-12-03 10:26:42,CCGS LIMNOS,GEORGIAN BAY,5,455200,-810000,27,12.2,2014-05-12 02:50:00,270,10.00,.00,0.00100000,,0,.017000,NH3,"AMMONIA NITROGEN,SOLUBLE",MG N/L,45.86667,-81.00000
201405001,2014-12-03 10:26:42,CCGS LIMNOS,GEORGIAN BAY,6,455001,-805400,26,20.5,2014-05-12 03:50:00,270,1.00,.00,0.00100000,,0,.018000,NH3,"AMMONIA NITROGEN,SOLUBLE",MG N/L,45.83361,-80.90000
201405001,2014-12-03 10:26:42,CCGS LIMNOS,GEORGIAN BAY,7,454044,-805021,24,39.7,2014-05-12 05:05:00,270,1.00,.00,0.00100000,,0,.006000,NH3,"AMMONIA NITROGEN,SOLUBLE",MG N/L,45.67889,-80.83917
201405001,2014-12-03 10:26:42,CCGS LIMNOS,GEORGIAN BAY,8,453501,-810459,29,42.7,2014-05-12 06:50:00,270,1.00,.00,0.00100000,,0,.007000,NH3,"AMMONIA NITROGEN,SOLUBLE",MG N/L,45.58361,-81.08306
201405001,2014-12-03 10:26:42,CCGS LIMNOS,GEORGIAN BAY,8,453501,-810459,29,42.7,2014-05-12 06:50:00,270,40.00,.00,0.00100000,,0,.006000,NH3,"AMMONIA NITROGEN,SOLUBLE",MG N/L,45.58361,-81.08306
201405001,2014-12-03 10:26:42,CCGS LIMNOS,GEORGIAN BAY,9,452153,-811126,21,85.4,2014-05-12 09:00:00,270,1.00,.00,0.00100000,,0,.007000,NH3,"AMMONIA NITROGEN,SOLUBLE",MG N/L,45.36472,-81.19056
201405001,2014-12-03 10:26:42,CCGS LIMNOS,GEORGIAN BAY,10,451442,-805232,17,77.6,2014-05-12 11:00:00,270,1.00,.00,0.00100000,,0,.005000,NH3,"AMMONIA NITROGEN,SOLUBLE",MG N/L,45.24500,-80.87556
201405001,2014-12-03 10:26:42,CCGS LIMNOS,GEORGIAN BAY,10,451442,-805232,17,77.6,2014-05-12 11:00:00,270,1.00,.00,0.00100000,,1,.006000,NH3,"AMMONIA NITROGEN,SOLUBLE",MG N/L,45.24500,-80.87556
201405001,2014-12-03 10:26:42,CCGS LIMNOS,GEORGIAN BAY,10,451442,-805232,17,77.6,2014-05-12 11:00:00,270,50.00,.00,0.00100000,,0,.008000,NH3,"AMMONIA NITROGEN,SOLUBLE",MG N/L,45.24500,-80.87556
201405001,2014-12-03 10:26:42,CCGS LIMNOS,GEORGIAN BAY,10,451442,-805232,17,77.6,2014-05-12 11:00:00,270,67.00,.00,0.00100000,,0,.007000,NH3,"AMMONIA NITROGEN,SOLUBLE",MG N/L,45.24500,-80.87556
201405001,2014-12-03 10:26:42,CCGS LIMNOS,GEORGIAN BAY,10,451442,-805232,17,77.6,2014-05-12 11:00:00,270,75.00,.00,0.00100000,,0,.005000,NH3,"AMMONIA NITROGEN,SOLUBLE",MG N/L,45.24500,-80.87556
201405001,2014-12-03 10:26:42,CCGS LIMNOS,GEORGIAN BAY,10,451442,-805232,17,77.6,2014-05-12 11:00:00,270,998.00,.00,0.00100000,<,0,.001000,NH3,"AMMONIA NITROGEN,SOLUBLE",MG N/L,45.24500,-80.87556
201405001,2014-12-03 10:26:42,CCGS LIMNOS,GEORGIAN BAY,10,451442,-805232,17,77.6,2014-05-12 11:00:00,270,999.00,.00,0.00100000,<,0,.001000,NH3,"AMMONIA NITROGEN,SOLUBLE",MG N/L,45.24500,-80.87556
201405001,2014-12-03 10:26:42,CCGS LIMNOS,GEORGIAN BAY,11,452113,-802913,16,22,2014-05-12 13:55:00,270,1.00,.00,0.00100000,,0,.007000,NH3,"AMMONIA NITROGEN,SOLUBLE",MG N/L,45.35361,-80.48694
201405001,2014-12-03 10:26:42,CCGS LIMNOS,GEORGIAN BAY,12,451928,-800700,122,95.7,2014-05-12 15:55:00,270,1.00,.00,0.00100000,,0,.003000,NH3,"AMMONIA NITROGEN,SOLUBLE",MG N/L,45.32444,-80.11667
201405001,2014-12-03 10:26:42,CCGS LIMNOS,GEORGIAN BAY,13,451000,-801750,15,46.2,2014-05-12 19:00:00,270,1.00,.00,0.00100000,,0,.007000,NH3,"AMMONIA NITROGEN,SOLUBLE",MG N/L,45.16667,-80.29722
201405001,2014-12-03 10:26:42,CCGS LIMNOS,GEORGIAN BAY,14,445710,-800854,8,49.6,2014-05-12 20:48:00,270,1.00,.00,0.00100000,,0,.006000,NH3,"AMMONIA NITROGEN,SOLUBLE",MG N/L,44.95278,-80.14833
201405001,2014-12-03 10:26:42,CCGS LIMNOS,GEORGIAN BAY,15,445218,-795804,9,29.6,2014-05-12 22:10:00,270,1.00,.00,0.00100000,,0,.007000,NH3,"AMMONIA NITROGEN,SOLUBLE",MG N/L,44.87167,-79.96778
201405001,2014-12-03 10:26:42,CCGS LIMNOS,GEORGIAN BAY,15,445218,-795804,9,29.6,2014-05-12 22:10:00,270,1.00,.00,0.00100000,,1,.010000,NH3,"AMMONIA NITROGEN,SOLUBLE",MG N/L,44.87167,-79.96778
201405001,2014-12-03 10:26:42,CCGS LIMNOS,GEORGIAN BAY,15,445218,-795804,9,29.6,2014-05-12 22:10:00,270,19.00,.00,0.00100000,,0,.005000,NH3,"AMMONIA NITROGEN,SOLUBLE",MG N/L,44.87167,-79.96778
201405001,2014-12-03 10:26:42,CCGS LIMNOS,GEORGIAN BAY,15,445218,-795804,9,29.6,2014-05-12 22:10:00,270,27.00,.00,0.00100000,,0,.008000,NH3,"AMMONIA NITROGEN,SOLUBLE",MG N/L,44.87167,-79.96778
201405001,2014-12-03 10:26:42,CCGS LIMNOS,GEORGIAN BAY,16,444748,-801436,5,58.5,2014-05-13 00:25:00,270,1.00,.00,0.00100000,,0,.007000,NH3,"AMMONIA NITROGEN,SOLUBLE",MG N/L,44.79667,-80.24333
201405001,2014-12-03 10:26:42,CCGS LIMNOS,GEORGIAN BAY,17,443846,-801000,4,57.8,2014-05-13 02:00:00,270,1.00,.00,0.00100000,,0,.007000,NH3,"AMMONIA NITROGEN,SOLUBLE",MG N/L,44.64611,-80.16667
201405001,2014-12-03 10:26:42,CCGS LIMNOS,GEORGIAN BAY,17,443846,-801000,4,57.8,2014-05-13 02:00:00,270,48.00,.00,0.00100000,,0,.007000,NH3,"AMMONIA NITROGEN,SOLUBLE",MG N/L,44.64611,-80.16667
201405001,2014-12-03 10:26:42,CCGS LIMNOS,GEORGIAN BAY,17,443846,-801000,4,57.8,2014-05-13 02:00:00,270,56.00,.00,0.00100000,,0,.008000,NH3,"AMMONIA NITROGEN,SOLUBLE",MG N/L,44.64611,-80.16667
201405001,2014-12-03 10:26:42,CCGS LIMNOS,GEORGIAN BAY,18,444412,-802606,6,87.1,2014-05-13 04:00:00,270,1.00,.00,0.00100000,,0,.006000,NH3,"AMMONIA NITROGEN,SOLUBLE",MG N/L,44.73667,-80.43500
201405001,2014-12-03 10:26:42,CCGS LIMNOS,GEORGIAN BAY,19,444330,-803658,3,33.7,2014-05-13 05:10:00,270,1.00,.00,0.00100000,,0,.005000,NH3,"AMMONIA NITROGEN,SOLUBLE",MG N/L,44.72500,-80.61611
201405001,2014-12-03 10:26:42,CCGS LIMNOS,GEORGIAN BAY,20,444305,-805126,1,88.9,2014-05-13 06:50:00,270,1.00,.00,0.00100000,,0,.006000,NH3,"AMMONIA NITROGEN,SOLUBLE",MG N/L,44.71806,-80.85722
201405001,2014-12-03 10:26:42,CCGS LIMNOS,GEORGIAN BAY,20,444305,-805126,1,88.9,2014-05-13 06:50:00,270,1.00,.00,0.00100000,,1,.008000,NH3,"AMMONIA NITROGEN,SOLUBLE",MG N/L,44.71806,-80.85722
201405001,2014-12-03 10:26:42,CCGS LIMNOS,GEORGIAN BAY,20,444305,-805126,1,88.9,2014-05-13 06:50:00,270,50.00,.00,0.00100000,,0,.006000,NH3,"AMMONIA NITROGEN,SOLUBLE",MG N/L,44.71806,-80.85722
201405001,2014-12-03 10:26:42,CCGS LIMNOS,GEORGIAN BAY,20,444305,-805126,1,88.9,2014-05-13 06:50:00,270,79.00,.00,0.00100000,,0,.007000,NH3,"AMMONIA NITROGEN,SOLUBLE",MG N/L,44.71806,-80.85722
201405001,2014-12-03 10:26:42,CCGS LIMNOS,GEORGIAN BAY,20,444305,-805126,1,88.9,2014-05-13 06:50:00,270,87.00,.00,0.00100000,,0,.007000,NH3,"AMMONIA NITROGEN,SOLUBLE",MG N/L,44.71806,-80.85722
201405001,2014-12-03 10:26:42,CCGS LIMNOS,GEORGIAN BAY,20,444305,-805126,1,88.9,2014-05-13 06:50:00,270,998.00,.00,0.00100000,,0,.001000,NH3,"AMMONIA NITROGEN,SOLUBLE",MG N/L,44.71806,-80.85722
201405001,2014-12-03 10:26:42,CCGS LIMNOS,GEORGIAN BAY,20,444305,-805126,1,88.9,2014-05-13 06:50:00,270,999.00,.00,0.00100000,<,0,.001000,NH3,"AMMONIA NITROGEN,SOLUBLE",MG N/L,44.71806,-80.85722
201405001,2014-12-03 10:26:42,CCGS LIMNOS,GEORGIAN BAY,21,445516,-803627,11,60.3,2014-05-13 09:32:00,270,1.00,.00,0.00100000,,0,.008000,NH3,"AMMONIA NITROGEN,SOLUBLE",MG N/L,44.92111,-80.60750
201405001,2014-12-03 10:26:42,CCGS LIMNOS,GEORGIAN BAY,22,445511,-805231,12,88.1,2014-05-13 11:00:00,270,1.00,.00,0.00100000,,0,.010000,NH3,"AMMONIA NITROGEN,SOLUBLE",MG N/L,44.91972,-80.87528
201405001,2014-12-03 10:26:42,CCGS LIMNOS,GEORGIAN BAY,23,450359,-811514,19,51.5,2014-05-13 13:20:00,270,1.00,.00,0.00100000,,0,.008000,NH3,"AMMONIA NITROGEN,SOLUBLE",MG N/L,45.06639,-81.25389
201405001,2014-12-03 10:26:42,CCGS LIMNOS,GEORGIAN BAY,24,451418,-812626,31,64.5,2014-05-13 16:10:00,270,1.00,.00,0.00100000,,0,.005000,NH3,"AMMONIA NITROGEN,SOLUBLE",MG N/L,45.23833,-81.44056
201405001,2014-12-03 10:26:42,CCGS LIMNOS,GEORGIAN BAY,25,452213,-813507,33,51,2014-05-13 17:50:00,270,1.00,.00,0.00100000,,0,.006000,NH3,"AMMONIA NITROGEN,SOLUBLE",MG N/L,45.37028,-81.58528
201405001,2014-12-03 10:26:42,CCGS LIMNOS,GEORGIAN BAY,25,452213,-813507,33,51,2014-05-13 17:50:00,270,1.00,.00,0.00100000,,1,.005000,NH3,"AMMONIA NITROGEN,SOLUBLE",MG N/L,45.37028,-81.58528
201405001,2014-12-03 10:26:42,CCGS LIMNOS,GEORGIAN BAY,25,452213,-813507,33,51,2014-05-13 17:50:00,270,41.00,.00,0.00100000,,0,.006000,NH3,"AMMONIA NITROGEN,SOLUBLE",MG N/L,45.37028,-81.58528
201405001,2014-12-03 10:26:42,CCGS LIMNOS,GEORGIAN BAY,25,452213,-813507,33,51,2014-05-13 17:50:00,270,49.00,.00,0.00100000,,0,.005000,NH3,"AMMONIA NITROGEN,SOLUBLE",MG N/L,45.37028,-81.58528
201405001,2014-12-03 10:26:42,CCGS LIMNOS,GEORGIAN BAY,1,453140,-814010,35,34.7,2014-05-11 19:35:00,276,1.00,.00,0.00500000,,0,.280000,NO3NO2 F,"NITRATE+NITRITE NITROGEN,FILTERED",MG N/L,45.52778,-81.66944
201405001,2014-12-03 10:26:42,CCGS LIMNOS,GEORGIAN BAY,2,454232,-813712,36,51.8,2014-05-11 21:00:00,276,1.00,.00,0.00500000,,0,.272000,NO3NO2 F,"NITRATE+NITRITE NITROGEN,FILTERED",MG N/L,45.70889,-81.62000
201405001,2014-12-03 10:26:42,CCGS LIMNOS,GEORGIAN BAY,3,455447,-813544,42,23.3,2014-05-11 23:00:00,276,1.00,.00,0.00500000,,0,.241000,NO3NO2 F,"NITRATE+NITRITE NITROGEN,FILTERED",MG N/L,45.91306,-81.59556
201405001,2014-12-03 10:26:42,CCGS LIMNOS,GEORGIAN BAY,3,455447,-813544,42,23.3,2014-05-11 23:00:00,276,13.00,.00,0.00500000,,0,.241000,NO3NO2 F,"NITRATE+NITRITE NITROGEN,FILTERED",MG N/L,45.91306,-81.59556
201405001,2014-12-03 10:26:42,CCGS LIMNOS,GEORGIAN BAY,3,455447,-813544,42,23.3,2014-05-11 23:00:00,276,21.00,.00,0.00500000,,0,.242000,NO3NO2 F,"NITRATE+NITRITE NITROGEN,FILTERED",MG N/L,45.91306,-81.59556
201405001,2014-12-03 10:26:42,CCGS LIMNOS,GEORGIAN BAY,4,455224,-811530,39,27.2,2014-05-12 01:20:00,276,1.00,.00,0.00500000,,0,.255000,NO3NO2 F,"NITRATE+NITRITE NITROGEN,FILTERED",MG N/L,45.87333,-81.25833
201405001,2014-12-03 10:26:42,CCGS LIMNOS,GEORGIAN BAY,5,455200,-810000,27,12.2,2014-05-12 02:50:00,276,1.00,.00,0.00500000,,0,.211000,NO3NO2 F,"NITRATE+NITRITE NITROGEN,FILTERED",MG N/L,45.86667,-81.00000
201405001,2014-12-03 10:26:42,CCGS LIMNOS,GEORGIAN BAY,5,455200,-810000,27,12.2,2014-05-12 02:50:00,276,1.00,.00,0.00500000,,1,.210000,NO3NO2 F,"NITRATE+NITRITE NITROGEN,FILTERED",MG N/L,45.86667,-81.00000
201405001,2014-12-03 10:26:42,CCGS LIMNOS,GEORGIAN BAY,5,455200,-810000,27,12.2,2014-05-12 02:50:00,276,10.00,.00,0.00500000,,0,.209000,NO3NO2 F,"NITRATE+NITRITE NITROGEN,FILTERED",MG N/L,45.86667,-81.00000
201405001,2014-12-03 10:26:42,CCGS LIMNOS,GEORGIAN BAY,6,455001,-805400,26,20.5,2014-05-12 03:50:00,276,1.00,.00,0.00500000,,0,.247000,NO3NO2 F,"NITRATE+NITRITE NITROGEN,FILTERED",MG N/L,45.83361,-80.90000
201405001,2014-12-03 10:26:42,CCGS LIMNOS,GEORGIAN BAY,7,454044,-805021,24,39.7,2014-05-12 05:05:00,276,1.00,.00,0.00500000,,0,.267000,NO3NO2 F,"NITRATE+NITRITE NITROGEN,FILTERED",MG N/L,45.67889,-80.83917
201405001,2014-12-03 10:26:42,CCGS LIMNOS,GEORGIAN BAY,8,453501,-810459,29,42.7,2014-05-12 06:50:00,276,1.00,.00,0.00500000,,0,.271000,NO3NO2 F,"NITRATE+NITRITE NITROGEN,FILTERED",MG N/L,45.58361,-81.08306
201405001,2014-12-03 10:26:42,CCGS LIMNOS,GEORGIAN BAY,8,453501,-810459,29,42.7,2014-05-12 06:50:00,276,40.00,.00,0.00500000,,0,.274000,NO3NO2 F,"NITRATE+NITRITE NITROGEN,FILTERED",MG N/L,45.58361,-81.08306
201405001,2014-12-03 10:26:42,CCGS LIMNOS,GEORGIAN BAY,9,452153,-811126,21,85.4,2014-05-12 09:00:00,276,1.00,.00,0.00500000,,0,.276000,NO3NO2 F,"NITRATE+NITRITE NITROGEN,FILTERED",MG N/L,45.36472,-81.19056
201405001,2014-12-03 10:26:42,CCGS LIMNOS,GEORGIAN BAY,10,451442,-805232,17,77.6,2014-05-12 11:00:00,276,1.00,.00,0.00500000,,0,.271000,NO3NO2 F,"NITRATE+NITRITE NITROGEN,FILTERED",MG N/L,45.24500,-80.87556
201405001,2014-12-03 10:26:42,CCGS LIMNOS,GEORGIAN BAY,10,451442,-805232,17,77.6,2014-05-12 11:00:00,276,1.00,.00,0.00500000,,1,.273000,NO3NO2 F,"NITRATE+NITRITE NITROGEN,FILTERED",MG N/L,45.24500,-80.87556
201405001,2014-12-03 10:26:42,CCGS LIMNOS,GEORGIAN BAY,10,451442,-805232,17,77.6,2014-05-12 11:00:00,276,50.00,.00,0.00500000,,0,.272000,NO3NO2 F,"NITRATE+NITRITE NITROGEN,FILTERED",MG N/L,45.24500,-80.87556
201405001,2014-12-03 10:26:42,CCGS LIMNOS,GEORGIAN BAY,10,451442,-805232,17,77.6,2014-05-12 11:00:00,276,67.00,.00,0.00500000,,0,.275000,NO3NO2 F,"NITRATE+NITRITE NITROGEN,FILTERED",MG N/L,45.24500,-80.87556
201405001,2014-12-03 10:26:42,CCGS LIMNOS,GEORGIAN BAY,10,451442,-805232,17,77.6,2014-05-12 11:00:00,276,75.00,.00,0.00500000,,0,.275000,NO3NO2 F,"NITRATE+NITRITE NITROGEN,FILTERED",MG N/L,45.24500,-80.87556
201405001,2014-12-03 10:26:42,CCGS LIMNOS,GEORGIAN BAY,10,451442,-805232,17,77.6,2014-05-12 11:00:00,276,998.00,.00,0.00500000,<,0,.005000,NO3NO2 F,"NITRATE+NITRITE NITROGEN,FILTERED",MG N/L,45.24500,-80.87556
201405001,2014-12-03 10:26:42,CCGS LIMNOS,GEORGIAN BAY,10,451442,-805232,17,77.6,2014-05-12 11:00:00,276,999.00,.00,0.00500000,<,0,.005000,NO3NO2 F,"NITRATE+NITRITE NITROGEN,FILTERED",MG N/L,45.24500,-80.87556
201405001,2014-12-03 10:26:42,CCGS LIMNOS,GEORGIAN BAY,11,452113,-802913,16,22,2014-05-12 13:55:00,276,1.00,.00,0.00500000,,0,.268000,NO3NO2 F,"NITRATE+NITRITE NITROGEN,FILTERED",MG N/L,45.35361,-80.48694
201405001,2014-12-03 10:26:42,CCGS LIMNOS,GEORGIAN BAY,12,451928,-800700,122,95.7,2014-05-12 15:55:00,276,1.00,.00,0.00500000,,0,.262000,NO3NO2 F,"NITRATE+NITRITE NITROGEN,FILTERED",MG N/L,45.32444,-80.11667
201405001,2014-12-03 10:26:42,CCGS LIMNOS,GEORGIAN BAY,13,451000,-801750,15,46.2,2014-05-12 19:00:00,276,1.00,.00,0.00500000,,0,.265000,NO3NO2 F,"NITRATE+NITRITE NITROGEN,FILTERED",MG N/L,45.16667,-80.29722
201405001,2014-12-03 10:26:42,CCGS LIMNOS,GEORGIAN BAY,14,445710,-800854,8,49.6,2014-05-12 20:48:00,276,1.00,.00,0.00500000,,0,.264000,NO3NO2 F,"NITRATE+NITRITE NITROGEN,FILTERED",MG N/L,44.95278,-80.14833
201405001,2014-12-03 10:26:42,CCGS LIMNOS,GEORGIAN BAY,15,445218,-795804,9,29.6,2014-05-12 22:10:00,276,1.00,.00,0.00500000,,0,.263000,NO3NO2 F,"NITRATE+NITRITE NITROGEN,FILTERED",MG N/L,44.87167,-79.96778
201405001,2014-12-03 10:26:42,CCGS LIMNOS,GEORGIAN BAY,15,445218,-795804,9,29.6,2014-05-12 22:10:00,276,1.00,.00,0.00500000,,1,.263000,NO3NO2 F,"NITRATE+NITRITE NITROGEN,FILTERED",MG N/L,44.87167,-79.96778
201405001,2014-12-03 10:26:42,CCGS LIMNOS,GEORGIAN BAY,15,445218,-795804,9,29.6,2014-05-12 22:10:00,276,19.00,.00,0.00500000,,0,.263000,NO3NO2 F,"NITRATE+NITRITE NITROGEN,FILTERED",MG N/L,44.87167,-79.96778
201405001,2014-12-03 10:26:42,CCGS LIMNOS,GEORGIAN BAY,15,445218,-795804,9,29.6,2014-05-12 22:10:00,276,27.00,.00,0.00500000,,0,.261000,NO3NO2 F,"NITRATE+NITRITE NITROGEN,FILTERED",MG N/L,44.87167,-79.96778
201405001,2014-12-03 10:26:42,CCGS LIMNOS,GEORGIAN BAY,16,444748,-801436,5,58.5,2014-05-13 00:25:00,276,1.00,.00,0.00500000,,0,.291000,NO3NO2 F,"NITRATE+NITRITE NITROGEN,FILTERED",MG N/L,44.79667,-80.24333
201405001,2014-12-03 10:26:42,CCGS LIMNOS,GEORGIAN BAY,17,443846,-801000,4,57.8,2014-05-13 02:00:00,276,1.00,.00,0.00500000,,0,.283000,NO3NO2 F,"NITRATE+NITRITE NITROGEN,FILTERED",MG N/L,44.64611,-80.16667
201405001,2014-12-03 10:26:42,CCGS LIMNOS,GEORGIAN BAY,17,443846,-801000,4,57.8,2014-05-13 02:00:00,276,48.00,.00,0.00500000,,0,.283000,NO3NO2 F,"NITRATE+NITRITE NITROGEN,FILTERED",MG N/L,44.64611,-80.16667
201405001,2014-12-03 10:26:42,CCGS LIMNOS,GEORGIAN BAY,17,443846,-801000,4,57.8,2014-05-13 02:00:00,276,56.00,.00,0.00500000,,0,.286000,NO3NO2 F,"NITRATE+NITRITE NITROGEN,FILTERED",MG N/L,44.64611,-80.16667
201405001,2014-12-03 10:26:42,CCGS LIMNOS,GEORGIAN BAY,18,444412,-802606,6,87.1,2014-05-13 04:00:00,276,1.00,.00,0.00500000,,0,.280000,NO3NO2 F,"NITRATE+NITRITE NITROGEN,FILTERED",MG N/L,44.73667,-80.43500
201405001,2014-12-03 10:26:42,CCGS LIMNOS,GEORGIAN BAY,19,444330,-803658,3,33.7,2014-05-13 05:10:00,276,1.00,.00,0.00500000,,0,.272000,NO3NO2 F,"NITRATE+NITRITE NITROGEN,FILTERED",MG N/L,44.72500,-80.61611
201405001,2014-12-03 10:26:42,CCGS LIMNOS,GEORGIAN BAY,20,444305,-805126,1,88.9,2014-05-13 06:50:00,276,1.00,.00,0.00500000,,0,.277000,NO3NO2 F,"NITRATE+NITRITE NITROGEN,FILTERED",MG N/L,44.71806,-80.85722
201405001,2014-12-03 10:26:42,CCGS LIMNOS,GEORGIAN BAY,20,444305,-805126,1,88.9,2014-05-13 06:50:00,276,1.00,.00,0.00500000,,1,.272000,NO3NO2 F,"NITRATE+NITRITE NITROGEN,FILTERED",MG N/L,44.71806,-80.85722
201405001,2014-12-03 10:26:42,CCGS LIMNOS,GEORGIAN BAY,20,444305,-805126,1,88.9,2014-05-13 06:50:00,276,50.00,.00,0.00500000,,0,.273000,NO3NO2 F,"NITRATE+NITRITE NITROGEN,FILTERED",MG N/L,44.71806,-80.85722
201405001,2014-12-03 10:26:42,CCGS LIMNOS,GEORGIAN BAY,20,444305,-805126,1,88.9,2014-05-13 06:50:00,276,79.00,.00,0.00500000,,0,.273000,NO3NO2 F,"NITRATE+NITRITE NITROGEN,FILTERED",MG N/L,44.71806,-80.85722
201405001,2014-12-03 10:26:42,CCGS LIMNOS,GEORGIAN BAY,20,444305,-805126,1,88.9,2014-05-13 06:50:00,276,87.00,.00,0.00500000,,0,.272000,NO3NO2 F,"NITRATE+NITRITE NITROGEN,FILTERED",MG N/L,44.71806,-80.85722
201405001,2014-12-03 10:26:42,CCGS LIMNOS,GEORGIAN BAY,20,444305,-805126,1,88.9,2014-05-13 06:50:00,276,998.00,.00,0.00500000,<,0,.005000,NO3NO2 F,"NITRATE+NITRITE NITROGEN,FILTERED",MG N/L,44.71806,-80.85722
201405001,2014-12-03 10:26:42,CCGS LIMNOS,GEORGIAN BAY,20,444305,-805126,1,88.9,2014-05-13 06:50:00,276,999.00,.00,0.00500000,<,0,.005000,NO3NO2 F,"NITRATE+NITRITE NITROGEN,FILTERED",MG N/L,44.71806,-80.85722
201405001,2014-12-03 10:26:42,CCGS LIMNOS,GEORGIAN BAY,21,445516,-803627,11,60.3,2014-05-13 09:32:00,276,1.00,.00,0.00500000,,0,.276000,NO3NO2 F,"NITRATE+NITRITE NITROGEN,FILTERED",MG N/L,44.92111,-80.60750
201405001,2014-12-03 10:26:42,CCGS LIMNOS,GEORGIAN BAY,22,445511,-805231,12,88.1,2014-05-13 11:00:00,276,1.00,.00,0.00500000,,0,.276000,NO3NO2 F,"NITRATE+NITRITE NITROGEN,FILTERED",MG N/L,44.91972,-80.87528
201405001,2014-12-03 10:26:42,CCGS LIMNOS,GEORGIAN BAY,23,450359,-811514,19,51.5,2014-05-13 13:20:00,276,1.00,.00,0.00500000,,0,.279000,NO3NO2 F,"NITRATE+NITRITE NITROGEN,FILTERED",MG N/L,45.06639,-81.25389
201405001,2014-12-03 10:26:42,CCGS LIMNOS,GEORGIAN BAY,24,451418,-812626,31,64.5,2014-05-13 16:10:00,276,1.00,.00,0.00500000,,0,.283000,NO3NO2 F,"NITRATE+NITRITE NITROGEN,FILTERED",MG N/L,45.23833,-81.44056
201405001,2014-12-03 10:26:42,CCGS LIMNOS,GEORGIAN BAY,25,452213,-813507,33,51,2014-05-13 17:50:00,276,1.00,.00,0.00500000,,0,.278000,NO3NO2 F,"NITRATE+NITRITE NITROGEN,FILTERED",MG N/L,45.37028,-81.58528
201405001,2014-12-03 10:26:42,CCGS LIMNOS,GEORGIAN BAY,25,452213,-813507,33,51,2014-05-13 17:50:00,276,1.00,.00,0.00500000,,1,.277000,NO3NO2 F,"NITRATE+NITRITE NITROGEN,FILTERED",MG N/L,45.37028,-81.58528
201405001,2014-12-03 10:26:42,CCGS LIMNOS,GEORGIAN BAY,25,452213,-813507,33,51,2014-05-13 17:50:00,276,41.00,.00,0.00500000,,0,.277000,NO3NO2 F,"NITRATE+NITRITE NITROGEN,FILTERED",MG N/L,45.37028,-81.58528
201405001,2014-12-03 10:26:42,CCGS LIMNOS,GEORGIAN BAY,25,452213,-813507,33,51,2014-05-13 17:50:00,276,49.00,.00,0.00500000,,0,.278000,NO3NO2 F,"NITRATE+NITRITE NITROGEN,FILTERED",MG N/L,45.37028,-81.58528
201405001,2014-12-03 10:26:42,CCGS LIMNOS,GEORGIAN BAY,3,455447,-813544,42,23.3,2014-05-11 23:00:00,448,1.00,.00,0.00000000,,0,.040000,NF RES,"RESIDUE,NON-FILTERED",MG/L,45.91306,-81.59556
201405001,2014-12-03 10:26:42,CCGS LIMNOS,GEORGIAN BAY,5,455200,-810000,27,12.2,2014-05-12 02:50:00,448,1.00,.00,0.00000000,,0,.820000,NF RES,"RESIDUE,NON-FILTERED",MG/L,45.86667,-81.00000
201405001,2014-12-03 10:26:42,CCGS LIMNOS,GEORGIAN BAY,8,453501,-810459,29,42.7,2014-05-12 06:50:00,448,1.00,.00,0.00000000,,0,.036364,NF RES,"RESIDUE,NON-FILTERED",MG/L,45.58361,-81.08306
201405001,2014-12-03 10:26:42,CCGS LIMNOS,GEORGIAN BAY,10,451442,-805232,17,77.6,2014-05-12 11:00:00,448,1.00,.00,0.00000000,,0,.140000,NF RES,"RESIDUE,NON-FILTERED",MG/L,45.24500,-80.87556
201405001,2014-12-03 10:26:42,CCGS LIMNOS,GEORGIAN BAY,10,451442,-805232,17,77.6,2014-05-12 11:00:00,448,998.00,.00,0.00000000,,0,.020000,NF RES,"RESIDUE,NON-FILTERED",MG/L,45.24500,-80.87556
201405001,2014-12-03 10:26:42,CCGS LIMNOS,GEORGIAN BAY,15,445218,-795804,9,29.6,2014-05-12 22:10:00,448,1.00,.00,0.00000000,,0,.220000,NF RES,"RESIDUE,NON-FILTERED",MG/L,44.87167,-79.96778
201405001,2014-12-03 10:26:42,CCGS LIMNOS,GEORGIAN BAY,17,443846,-801000,4,57.8,2014-05-13 02:00:00,448,1.00,.00,0.00000000,,0,.225000,NF RES,"RESIDUE,NON-FILTERED",MG/L,44.64611,-80.16667
201405001,2014-12-03 10:26:42,CCGS LIMNOS,GEORGIAN BAY,20,444305,-805126,1,88.9,2014-05-13 06:50:00,448,1.00,.00,0.00000000,,0,.244444,NF RES,"RESIDUE,NON-FILTERED",MG/L,44.71806,-80.85722
201405001,2014-12-03 10:26:42,CCGS LIMNOS,GEORGIAN BAY,20,444305,-805126,1,88.9,2014-05-13 06:50:00,448,1.00,.00,0.00000000,,1,.133333,NF RES,"RESIDUE,NON-FILTERED",MG/L,44.71806,-80.85722
201405001,2014-12-03 10:26:42,CCGS LIMNOS,GEORGIAN BAY,20,444305,-805126,1,88.9,2014-05-13 06:50:00,448,998.00,.00,0.00000000,,0,.000000,NF RES,"RESIDUE,NON-FILTERED",MG/L,44.71806,-80.85722
201405001,2014-12-03 10:26:42,CCGS LIMNOS,GEORGIAN BAY,24,451418,-812626,31,64.5,2014-05-13 16:10:00,448,1.00,.00,0.00000000,,0,.083333,NF RES,"RESIDUE,NON-FILTERED",MG/L,45.23833,-81.44056
201405003,2014-12-03 10:30:37,CCGS LIMNOS,GEORGIAN BAY,1,452213,-813507,33,54,2014-08-11 18:58:00,448,1.00,.00,0.00000000,,0,.128571,NF RES,"RESIDUE,NON-FILTERED",MG/L,45.37028,-81.58528
201405003,2014-12-03 10:30:37,CCGS LIMNOS,GEORGIAN BAY,4,453506,-810506,29,42.8,2014-08-12 00:19:00,448,1.00,.00,0.00000000,,0,.157143,NF RES,"RESIDUE,NON-FILTERED",MG/L,45.58500,-81.08500
201405003,2014-12-03 10:30:37,CCGS LIMNOS,GEORGIAN BAY,5,451441,-805231,17,77.8,2014-08-12 03:22:00,448,1.00,.00,0.00000000,,0,.240000,NF RES,"RESIDUE,NON-FILTERED",MG/L,45.24472,-80.87528
201405003,2014-12-03 10:30:37,CCGS LIMNOS,GEORGIAN BAY,7,444302,-805123,1,89.5,2014-08-12 22:36:00,448,1.00,.00,0.00000000,,0,.360000,NF RES,"RESIDUE,NON-FILTERED",MG/L,44.71722,-80.85639
201405001,2014-12-03 10:26:42,CCGS LIMNOS,GEORGIAN BAY,10,451442,-805232,17,77.6,2014-05-12 11:00:00,610,1.00,.00,0.10000000,,0,.200000,CAU,"CHLOROPHYL A, UNCORRECTED",UG/L,45.24500,-80.87556
201405001,2014-12-03 10:26:42,CCGS LIMNOS,GEORGIAN BAY,10,451442,-805232,17,77.6,2014-05-12 11:00:00,610,50.00,.00,0.10000000,,0,.300000,CAU,"CHLOROPHYL A, UNCORRECTED",UG/L,45.24500,-80.87556
201405001,2014-12-03 10:26:42,CCGS LIMNOS,GEORGIAN BAY,10,451442,-805232,17,77.6,2014-05-12 11:00:00,610,67.00,.00,0.10000000,<,0,.100000,CAU,"CHLOROPHYL A, UNCORRECTED",UG/L,45.24500,-80.87556
201405001,2014-12-03 10:26:42,CCGS LIMNOS,GEORGIAN BAY,10,451442,-805232,17,77.6,2014-05-12 11:00:00,610,75.00,.00,0.10000000,,0,.300000,CAU,"CHLOROPHYL A, UNCORRECTED",UG/L,45.24500,-80.87556
201405001,2014-12-03 10:26:42,CCGS LIMNOS,GEORGIAN BAY,10,451442,-805232,17,77.6,2014-05-12 11:00:00,610,998.00,.00,0.10000000,<,0,.100000,CAU,"CHLOROPHYL A, UNCORRECTED",UG/L,45.24500,-80.87556
201405001,2014-12-03 10:26:42,CCGS LIMNOS,GEORGIAN BAY,17,443846,-801000,4,57.8,2014-05-13 02:00:00,610,1.00,.00,0.10000000,,0,.500000,CAU,"CHLOROPHYL A, UNCORRECTED",UG/L,44.64611,-80.16667
201405001,2014-12-03 10:26:42,CCGS LIMNOS,GEORGIAN BAY,17,443846,-801000,4,57.8,2014-05-13 02:00:00,610,48.00,.00,0.10000000,,0,.200000,CAU,"CHLOROPHYL A, UNCORRECTED",UG/L,44.64611,-80.16667
201405001,2014-12-03 10:26:42,CCGS LIMNOS,GEORGIAN BAY,17,443846,-801000,4,57.8,2014-05-13 02:00:00,610,56.00,.00,0.10000000,,0,.200000,CAU,"CHLOROPHYL A, UNCORRECTED",UG/L,44.64611,-80.16667
201405001,2014-12-03 10:26:42,CCGS LIMNOS,GEORGIAN BAY,20,444305,-805126,1,88.9,2014-05-13 06:50:00,610,998.00,.00,0.10000000,,0,.500000,CAU,"CHLOROPHYL A, UNCORRECTED",UG/L,44.71806,-80.85722
201405003,2014-12-03 10:30:37,CCGS LIMNOS,GEORGIAN BAY,5,451441,-805231,17,77.8,2014-08-12 03:22:00,610,1.00,.00,0.10000000,,0,.500000,CAU,"CHLOROPHYL A, UNCORRECTED",UG/L,45.24472,-80.87528
201405003,2014-12-03 10:30:37,CCGS LIMNOS,GEORGIAN BAY,5,451441,-805231,17,77.8,2014-08-12 03:22:00,610,6.00,.00,0.10000000,,0,.400000,CAU,"CHLOROPHYL A, UNCORRECTED",UG/L,45.24472,-80.87528
201405003,2014-12-03 10:30:37,CCGS LIMNOS,GEORGIAN BAY,5,451441,-805231,17,77.8,2014-08-12 03:22:00,610,17.00,.00,0.10000000,,0,1.000000,CAU,"CHLOROPHYL A, UNCORRECTED",UG/L,45.24472,-80.87528
201405003,2014-12-03 10:30:37,CCGS LIMNOS,GEORGIAN BAY,5,451441,-805231,17,77.8,2014-08-12 03:22:00,610,28.00,.00,0.10000000,,0,.900000,CAU,"CHLOROPHYL A, UNCORRECTED",UG/L,45.24472,-80.87528
201405003,2014-12-03 10:30:37,CCGS LIMNOS,GEORGIAN BAY,5,451441,-805231,17,77.8,2014-08-12 03:22:00,610,67.00,.00,0.10000000,,0,.300000,CAU,"CHLOROPHYL A, UNCORRECTED",UG/L,45.24472,-80.87528
201405003,2014-12-03 10:30:37,CCGS LIMNOS,GEORGIAN BAY,5,451441,-805231,17,77.8,2014-08-12 03:22:00,610,75.00,.00,0.10000000,,0,.400000,CAU,"CHLOROPHYL A, UNCORRECTED",UG/L,45.24472,-80.87528
201405001,2014-12-03 10:26:42,CCGS LIMNOS,GEORGIAN BAY,10,451442,-805232,17,77.6,2014-05-12 11:00:00,611,1.00,.00,0.10000000,,0,.100000,CAC,"CHLOROPHYLL A, CORRECTED PHAEOPHYTIN",UG/L,45.24500,-80.87556
201405001,2014-12-03 10:26:42,CCGS LIMNOS,GEORGIAN BAY,10,451442,-805232,17,77.6,2014-05-12 11:00:00,611,50.00,.00,0.10000000,,0,.200000,CAC,"CHLOROPHYLL A, CORRECTED PHAEOPHYTIN",UG/L,45.24500,-80.87556
201405001,2014-12-03 10:26:42,CCGS LIMNOS,GEORGIAN BAY,10,451442,-805232,17,77.6,2014-05-12 11:00:00,611,67.00,.00,0.10000000,<,0,.100000,CAC,"CHLOROPHYLL A, CORRECTED PHAEOPHYTIN",UG/L,45.24500,-80.87556
201405001,2014-12-03 10:26:42,CCGS LIMNOS,GEORGIAN BAY,10,451442,-805232,17,77.6,2014-05-12 11:00:00,611,75.00,.00,0.10000000,,0,.300000,CAC,"CHLOROPHYLL A, CORRECTED PHAEOPHYTIN",UG/L,45.24500,-80.87556
201405001,2014-12-03 10:26:42,CCGS LIMNOS,GEORGIAN BAY,10,451442,-805232,17,77.6,2014-05-12 11:00:00,611,998.00,.00,0.10000000,<,0,.100000,CAC,"CHLOROPHYLL A, CORRECTED PHAEOPHYTIN",UG/L,45.24500,-80.87556
201405001,2014-12-03 10:26:42,CCGS LIMNOS,GEORGIAN BAY,17,443846,-801000,4,57.8,2014-05-13 02:00:00,611,1.00,.00,0.10000000,,0,.500000,CAC,"CHLOROPHYLL A, CORRECTED PHAEOPHYTIN",UG/L,44.64611,-80.16667
201405001,2014-12-03 10:26:42,CCGS LIMNOS,GEORGIAN BAY,17,443846,-801000,4,57.8,2014-05-13 02:00:00,611,48.00,.00,0.10000000,,0,.100000,CAC,"CHLOROPHYLL A, CORRECTED PHAEOPHYTIN",UG/L,44.64611,-80.16667
201405001,2014-12-03 10:26:42,CCGS LIMNOS,GEORGIAN BAY,17,443846,-801000,4,57.8,2014-05-13 02:00:00,611,56.00,.00,0.10000000,,0,.100000,CAC,"CHLOROPHYLL A, CORRECTED PHAEOPHYTIN",UG/L,44.64611,-80.16667
201405001,2014-12-03 10:26:42,CCGS LIMNOS,GEORGIAN BAY,20,444305,-805126,1,88.9,2014-05-13 06:50:00,611,998.00,.00,0.10000000,,0,.400000,CAC,"CHLOROPHYLL A, CORRECTED PHAEOPHYTIN",UG/L,44.71806,-80.85722
201405003,2014-12-03 10:30:37,CCGS LIMNOS,GEORGIAN BAY,5,451441,-805231,17,77.8,2014-08-12 03:22:00,611,1.00,.00,0.10000000,,0,.500000,CAC,"CHLOROPHYLL A, CORRECTED PHAEOPHYTIN",UG/L,45.24472,-80.87528
201405003,2014-12-03 10:30:37,CCGS LIMNOS,GEORGIAN BAY,5,451441,-805231,17,77.8,2014-08-12 03:22:00,611,6.00,.00,0.10000000,,0,.400000,CAC,"CHLOROPHYLL A, CORRECTED PHAEOPHYTIN",UG/L,45.24472,-80.87528
201405003,2014-12-03 10:30:37,CCGS LIMNOS,GEORGIAN BAY,5,451441,-805231,17,77.8,2014-08-12 03:22:00,611,17.00,.00,0.10000000,,0,.800000,CAC,"CHLOROPHYLL A, CORRECTED PHAEOPHYTIN",UG/L,45.24472,-80.87528
201405003,2014-12-03 10:30:37,CCGS LIMNOS,GEORGIAN BAY,5,451441,-805231,17,77.8,2014-08-12 03:22:00,611,28.00,.00,0.10000000,,0,.700000,CAC,"CHLOROPHYLL A, CORRECTED PHAEOPHYTIN",UG/L,45.24472,-80.87528
201405003,2014-12-03 10:30:37,CCGS LIMNOS,GEORGIAN BAY,5,451441,-805231,17,77.8,2014-08-12 03:22:00,611,67.00,.00,0.10000000,,0,.200000,CAC,"CHLOROPHYLL A, CORRECTED PHAEOPHYTIN",UG/L,45.24472,-80.87528
201405003,2014-12-03 10:30:37,CCGS LIMNOS,GEORGIAN BAY,5,451441,-805231,17,77.8,2014-08-12 03:22:00,611,75.00,.00,0.10000000,,0,.400000,CAC,"CHLOROPHYLL A, CORRECTED PHAEOPHYTIN",UG/L,45.24472,-80.87528
201405001,2014-12-03 10:26:42,CCGS LIMNOS,GEORGIAN BAY,1,453140,-814010,35,34.7,2014-05-11 19:35:00,613,.00,20.00,0.10000000,,0,.200000,CAUI,CHLOROPHYLL A UNCORRECTED INTEGRATED,UG/L,45.52778,-81.66944
201405001,2014-12-03 10:26:42,CCGS LIMNOS,GEORGIAN BAY,2,454232,-813712,36,51.8,2014-05-11 21:00:00,613,.00,20.00,0.10000000,,0,.200000,CAUI,CHLOROPHYLL A UNCORRECTED INTEGRATED,UG/L,45.70889,-81.62000
201405001,2014-12-03 10:26:42,CCGS LIMNOS,GEORGIAN BAY,3,455447,-813544,42,23.3,2014-05-11 23:00:00,613,.00,20.00,0.10000000,,0,.100000,CAUI,CHLOROPHYLL A UNCORRECTED INTEGRATED,UG/L,45.91306,-81.59556
201405001,2014-12-03 10:26:42,CCGS LIMNOS,GEORGIAN BAY,4,455224,-811530,39,27.2,2014-05-12 01:20:00,613,.00,20.00,0.10000000,,0,.300000,CAUI,CHLOROPHYLL A UNCORRECTED INTEGRATED,UG/L,45.87333,-81.25833
201405001,2014-12-03 10:26:42,CCGS LIMNOS,GEORGIAN BAY,5,455200,-810000,27,12.2,2014-05-12 02:50:00,613,.00,10.00,0.10000000,,0,.400000,CAUI,CHLOROPHYLL A UNCORRECTED INTEGRATED,UG/L,45.86667,-81.00000
201405001,2014-12-03 10:26:42,CCGS LIMNOS,GEORGIAN BAY,5,455200,-810000,27,12.2,2014-05-12 02:50:00,613,.00,10.00,0.10000000,,1,.400000,CAUI,CHLOROPHYLL A UNCORRECTED INTEGRATED,UG/L,45.86667,-81.00000
201405001,2014-12-03 10:26:42,CCGS LIMNOS,GEORGIAN BAY,6,455001,-805400,26,20.5,2014-05-12 03:50:00,613,.00,18.50,0.10000000,,0,.200000,CAUI,CHLOROPHYLL A UNCORRECTED INTEGRATED,UG/L,45.83361,-80.90000
201405001,2014-12-03 10:26:42,CCGS LIMNOS,GEORGIAN BAY,7,454044,-805021,24,39.7,2014-05-12 05:05:00,613,.00,20.00,0.10000000,,0,.300000,CAUI,CHLOROPHYLL A UNCORRECTED INTEGRATED,UG/L,45.67889,-80.83917
201405001,2014-12-03 10:26:42,CCGS LIMNOS,GEORGIAN BAY,8,453501,-810459,29,42.7,2014-05-12 06:50:00,613,.00,20.00,0.10000000,,0,.100000,CAUI,CHLOROPHYLL A UNCORRECTED INTEGRATED,UG/L,45.58361,-81.08306
201405001,2014-12-03 10:26:42,CCGS LIMNOS,GEORGIAN BAY,9,452153,-811126,21,85.4,2014-05-12 09:00:00,613,.00,20.00,0.10000000,,0,.300000,CAUI,CHLOROPHYLL A UNCORRECTED INTEGRATED,UG/L,45.36472,-81.19056
201405001,2014-12-03 10:26:42,CCGS LIMNOS,GEORGIAN BAY,10,451442,-805232,17,77.6,2014-05-12 11:00:00,613,.00,20.00,0.10000000,,0,.300000,CAUI,CHLOROPHYLL A UNCORRECTED INTEGRATED,UG/L,45.24500,-80.87556
201405001,2014-12-03 10:26:42,CCGS LIMNOS,GEORGIAN BAY,10,451442,-805232,17,77.6,2014-05-12 11:00:00,613,.00,20.00,0.10000000,,1,.300000,CAUI,CHLOROPHYLL A UNCORRECTED INTEGRATED,UG/L,45.24500,-80.87556
201405001,2014-12-03 10:26:42,CCGS LIMNOS,GEORGIAN BAY,11,452113,-802913,16,22,2014-05-12 13:55:00,613,.00,20.00,0.10000000,,0,.100000,CAUI,CHLOROPHYLL A UNCORRECTED INTEGRATED,UG/L,45.35361,-80.48694
201405001,2014-12-03 10:26:42,CCGS LIMNOS,GEORGIAN BAY,12,451928,-800700,122,95.7,2014-05-12 15:55:00,613,.00,20.00,0.10000000,,0,.200000,CAUI,CHLOROPHYLL A UNCORRECTED INTEGRATED,UG/L,45.32444,-80.11667
201405001,2014-12-03 10:26:42,CCGS LIMNOS,GEORGIAN BAY,13,451000,-801750,15,46.2,2014-05-12 19:00:00,613,.00,20.00,0.10000000,,0,.200000,CAUI,CHLOROPHYLL A UNCORRECTED INTEGRATED,UG/L,45.16667,-80.29722
201405001,2014-12-03 10:26:42,CCGS LIMNOS,GEORGIAN BAY,14,445710,-800854,8,49.6,2014-05-12 20:48:00,613,.00,20.00,0.10000000,,0,.200000,CAUI,CHLOROPHYLL A UNCORRECTED INTEGRATED,UG/L,44.95278,-80.14833
201405001,2014-12-03 10:26:42,CCGS LIMNOS,GEORGIAN BAY,15,445218,-795804,9,29.6,2014-05-12 22:10:00,613,.00,20.00,0.10000000,,0,.200000,CAUI,CHLOROPHYLL A UNCORRECTED INTEGRATED,UG/L,44.87167,-79.96778
201405001,2014-12-03 10:26:42,CCGS LIMNOS,GEORGIAN BAY,15,445218,-795804,9,29.6,2014-05-12 22:10:00,613,.00,20.00,0.10000000,,1,.300000,CAUI,CHLOROPHYLL A UNCORRECTED INTEGRATED,UG/L,44.87167,-79.96778
201405001,2014-12-03 10:26:42,CCGS LIMNOS,GEORGIAN BAY,16,444748,-801436,5,58.5,2014-05-13 00:25:00,613,.00,20.00,0.10000000,,0,.200000,CAUI,CHLOROPHYLL A UNCORRECTED INTEGRATED,UG/L,44.79667,-80.24333
201405001,2014-12-03 10:26:42,CCGS LIMNOS,GEORGIAN BAY,17,443846,-801000,4,57.8,2014-05-13 02:00:00,613,.00,20.00,0.10000000,,0,.300000,CAUI,CHLOROPHYLL A UNCORRECTED INTEGRATED,UG/L,44.64611,-80.16667
201405001,2014-12-03 10:26:42,CCGS LIMNOS,GEORGIAN BAY,18,444412,-802606,6,87.1,2014-05-13 04:00:00,613,.00,20.00,0.10000000,,0,.300000,CAUI,CHLOROPHYLL A UNCORRECTED INTEGRATED,UG/L,44.73667,-80.43500
201405001,2014-12-03 10:26:42,CCGS LIMNOS,GEORGIAN BAY,19,444330,-803658,3,33.7,2014-05-13 05:10:00,613,.00,20.00,0.10000000,,0,.200000,CAUI,CHLOROPHYLL A UNCORRECTED INTEGRATED,UG/L,44.72500,-80.61611
201405001,2014-12-03 10:26:42,CCGS LIMNOS,GEORGIAN BAY,20,444305,-805126,1,88.9,2014-05-13 06:50:00,613,.00,20.00,0.10000000,,0,.300000,CAUI,CHLOROPHYLL A UNCORRECTED INTEGRATED,UG/L,44.71806,-80.85722
201405001,2014-12-03 10:26:42,CCGS LIMNOS,GEORGIAN BAY,20,444305,-805126,1,88.9,2014-05-13 06:50:00,613,.00,20.00,0.10000000,,1,.300000,CAUI,CHLOROPHYLL A UNCORRECTED INTEGRATED,UG/L,44.71806,-80.85722
201405001,2014-12-03 10:26:42,CCGS LIMNOS,GEORGIAN BAY,21,445516,-803627,11,60.3,2014-05-13 09:32:00,613,.00,20.00,0.10000000,,0,.300000,CAUI,CHLOROPHYLL A UNCORRECTED INTEGRATED,UG/L,44.92111,-80.60750
201405001,2014-12-03 10:26:42,CCGS LIMNOS,GEORGIAN BAY,22,445511,-805231,12,88.1,2014-05-13 11:00:00,613,.00,20.00,0.10000000,,0,.300000,CAUI,CHLOROPHYLL A UNCORRECTED INTEGRATED,UG/L,44.91972,-80.87528
201405001,2014-12-03 10:26:42,CCGS LIMNOS,GEORGIAN BAY,23,450359,-811514,19,51.5,2014-05-13 13:20:00,613,.00,20.00,0.10000000,,0,.300000,CAUI,CHLOROPHYLL A UNCORRECTED INTEGRATED,UG/L,45.06639,-81.25389
201405001,2014-12-03 10:26:42,CCGS LIMNOS,GEORGIAN BAY,24,451418,-812626,31,64.5,2014-05-13 16:10:00,613,.00,20.00,0.10000000,,0,.300000,CAUI,CHLOROPHYLL A UNCORRECTED INTEGRATED,UG/L,45.23833,-81.44056
201405001,2014-12-03 10:26:42,CCGS LIMNOS,GEORGIAN BAY,25,452213,-813507,33,51,2014-05-13 17:50:00,613,.00,20.00,0.10000000,,0,.200000,CAUI,CHLOROPHYLL A UNCORRECTED INTEGRATED,UG/L,45.37028,-81.58528
201405001,2014-12-03 10:26:42,CCGS LIMNOS,GEORGIAN BAY,25,452213,-813507,33,51,2014-05-13 17:50:00,613,.00,20.00,0.10000000,,1,.200000,CAUI,CHLOROPHYLL A UNCORRECTED INTEGRATED,UG/L,45.37028,-81.58528
201405003,2014-12-03 10:30:37,CCGS LIMNOS,GEORGIAN BAY,1,452213,-813507,33,54,2014-08-11 18:58:00,613,.00,20.00,0.10000000,,0,.500000,CAUI,CHLOROPHYLL A UNCORRECTED INTEGRATED,UG/L,45.37028,-81.58528
201405003,2014-12-03 10:30:37,CCGS LIMNOS,GEORGIAN BAY,2,451417,-812629,31,63.9,2014-08-11 20:30:00,613,.00,20.00,0.10000000,,0,.500000,CAUI,CHLOROPHYLL A UNCORRECTED INTEGRATED,UG/L,45.23806,-81.44139
201405003,2014-12-03 10:30:37,CCGS LIMNOS,GEORGIAN BAY,3,452153,-811126,21,86,2014-08-11 22:11:00,613,.00,20.00,0.10000000,,0,1.000000,CAUI,CHLOROPHYLL A UNCORRECTED INTEGRATED,UG/L,45.36472,-81.19056
201405003,2014-12-03 10:30:37,CCGS LIMNOS,GEORGIAN BAY,4,453506,-810506,29,42.8,2014-08-12 00:19:00,613,.00,20.00,0.10000000,,0,.600000,CAUI,CHLOROPHYLL A UNCORRECTED INTEGRATED,UG/L,45.58500,-81.08500
201405003,2014-12-03 10:30:37,CCGS LIMNOS,GEORGIAN BAY,5,451441,-805231,17,77.8,2014-08-12 03:22:00,613,.00,20.00,0.10000000,,0,.700000,CAUI,CHLOROPHYLL A UNCORRECTED INTEGRATED,UG/L,45.24472,-80.87528
201405003,2014-12-03 10:30:37,CCGS LIMNOS,GEORGIAN BAY,5,451441,-805231,17,77.8,2014-08-12 03:22:00,613,.00,20.00,0.10000000,,1,.700000,CAUI,CHLOROPHYLL A UNCORRECTED INTEGRATED,UG/L,45.24472,-80.87528
201405003,2014-12-03 10:30:37,CCGS LIMNOS,GEORGIAN BAY,6,450400,-811514,19,52.6,2014-08-12 06:07:00,613,.00,20.00,0.10000000,,0,.700000,CAUI,CHLOROPHYLL A UNCORRECTED INTEGRATED,UG/L,45.06667,-81.25389
201405003,2014-12-03 10:30:37,CCGS LIMNOS,GEORGIAN BAY,7,444302,-805123,1,89.5,2014-08-12 22:36:00,613,.00,20.00,0.10000000,,0,.800000,CAUI,CHLOROPHYLL A UNCORRECTED INTEGRATED,UG/L,44.71722,-80.85639
201405003,2014-12-03 10:30:37,CCGS LIMNOS,GEORGIAN BAY,8,445517,-803622,11,61.1,2014-08-13 00:53:00,613,.00,20.00,0.10000000,,0,1.200000,CAUI,CHLOROPHYLL A UNCORRECTED INTEGRATED,UG/L,44.92139,-80.60611
201405003,2014-12-03 10:30:37,CCGS LIMNOS,GEORGIAN BAY,9,445512,-805227,12,88,2014-08-13 02:19:00,613,.00,20.00,0.10000000,,0,1.200000,CAUI,CHLOROPHYLL A UNCORRECTED INTEGRATED,UG/L,44.92000,-80.87417
201405001,2014-12-03 10:26:42,CCGS LIMNOS,GEORGIAN BAY,1,453140,-814010,35,34.7,2014-05-11 19:35:00,614,.00,20.00,0.10000000,,0,.100000,CACI,CHLOROPHYLL A CORRECTED INTEGRATED,UG/L,45.52778,-81.66944
201405001,2014-12-03 10:26:42,CCGS LIMNOS,GEORGIAN BAY,2,454232,-813712,36,51.8,2014-05-11 21:00:00,614,.00,20.00,0.10000000,,0,.100000,CACI,CHLOROPHYLL A CORRECTED INTEGRATED,UG/L,45.70889,-81.62000
201405001,2014-12-03 10:26:42,CCGS LIMNOS,GEORGIAN BAY,3,455447,-813544,42,23.3,2014-05-11 23:00:00,614,.00,20.00,0.10000000,,0,.100000,CACI,CHLOROPHYLL A CORRECTED INTEGRATED,UG/L,45.91306,-81.59556
201405001,2014-12-03 10:26:42,CCGS LIMNOS,GEORGIAN BAY,4,455224,-811530,39,27.2,2014-05-12 01:20:00,614,.00,20.00,0.10000000,,0,.300000,CACI,CHLOROPHYLL A CORRECTED INTEGRATED,UG/L,45.87333,-81.25833
201405001,2014-12-03 10:26:42,CCGS LIMNOS,GEORGIAN BAY,6,455001,-805400,26,20.5,2014-05-12 03:50:00,614,.00,18.50,0.10000000,,0,.100000,CACI,CHLOROPHYLL A CORRECTED INTEGRATED,UG/L,45.83361,-80.90000
201405001,2014-12-03 10:26:42,CCGS LIMNOS,GEORGIAN BAY,7,454044,-805021,24,39.7,2014-05-12 05:05:00,614,.00,20.00,0.10000000,,0,.300000,CACI,CHLOROPHYLL A CORRECTED INTEGRATED,UG/L,45.67889,-80.83917
201405001,2014-12-03 10:26:42,CCGS LIMNOS,GEORGIAN BAY,8,453501,-810459,29,42.7,2014-05-12 06:50:00,614,.00,20.00,0.10000000,<,0,.100000,CACI,CHLOROPHYLL A CORRECTED INTEGRATED,UG/L,45.58361,-81.08306
201405001,2014-12-03 10:26:42,CCGS LIMNOS,GEORGIAN BAY,9,452153,-811126,21,85.4,2014-05-12 09:00:00,614,.00,20.00,0.10000000,,0,.400000,CACI,CHLOROPHYLL A CORRECTED INTEGRATED,UG/L,45.36472,-81.19056
201405001,2014-12-03 10:26:42,CCGS LIMNOS,GEORGIAN BAY,10,451442,-805232,17,77.6,2014-05-12 11:00:00,614,.00,20.00,0.10000000,,0,.200000,CACI,CHLOROPHYLL A CORRECTED INTEGRATED,UG/L,45.24500,-80.87556
201405001,2014-12-03 10:26:42,CCGS LIMNOS,GEORGIAN BAY,10,451442,-805232,17,77.6,2014-05-12 11:00:00,614,.00,20.00,0.10000000,,1,.200000,CACI,CHLOROPHYLL A CORRECTED INTEGRATED,UG/L,45.24500,-80.87556
201405001,2014-12-03 10:26:42,CCGS LIMNOS,GEORGIAN BAY,11,452113,-802913,16,22,2014-05-12 13:55:00,614,.00,20.00,0.10000000,,0,.100000,CACI,CHLOROPHYLL A CORRECTED INTEGRATED,UG/L,45.35361,-80.48694
201405001,2014-12-03 10:26:42,CCGS LIMNOS,GEORGIAN BAY,12,451928,-800700,122,95.7,2014-05-12 15:55:00,614,.00,20.00,0.10000000,,0,.100000,CACI,CHLOROPHYLL A CORRECTED INTEGRATED,UG/L,45.32444,-80.11667
201405001,2014-12-03 10:26:42,CCGS LIMNOS,GEORGIAN BAY,13,451000,-801750,15,46.2,2014-05-12 19:00:00,614,.00,20.00,0.10000000,,0,.100000,CACI,CHLOROPHYLL A CORRECTED INTEGRATED,UG/L,45.16667,-80.29722
201405001,2014-12-03 10:26:42,CCGS LIMNOS,GEORGIAN BAY,14,445710,-800854,8,49.6,2014-05-12 20:48:00,614,.00,20.00,0.10000000,,0,.100000,CACI,CHLOROPHYLL A CORRECTED INTEGRATED,UG/L,44.95278,-80.14833
201405001,2014-12-03 10:26:42,CCGS LIMNOS,GEORGIAN BAY,15,445218,-795804,9,29.6,2014-05-12 22:10:00,614,.00,20.00,0.10000000,<,0,.100000,CACI,CHLOROPHYLL A CORRECTED INTEGRATED,UG/L,44.87167,-79.96778
201405001,2014-12-03 10:26:42,CCGS LIMNOS,GEORGIAN BAY,15,445218,-795804,9,29.6,2014-05-12 22:10:00,614,.00,20.00,0.10000000,<,1,.100000,CACI,CHLOROPHYLL A CORRECTED INTEGRATED,UG/L,44.87167,-79.96778
201405001,2014-12-03 10:26:42,CCGS LIMNOS,GEORGIAN BAY,16,444748,-801436,5,58.5,2014-05-13 00:25:00,614,.00,20.00,0.10000000,<,0,.100000,CACI,CHLOROPHYLL A CORRECTED INTEGRATED,UG/L,44.79667,-80.24333
201405001,2014-12-03 10:26:42,CCGS LIMNOS,GEORGIAN BAY,17,443846,-801000,4,57.8,2014-05-13 02:00:00,614,.00,20.00,0.10000000,,0,.200000,CACI,CHLOROPHYLL A CORRECTED INTEGRATED,UG/L,44.64611,-80.16667
201405001,2014-12-03 10:26:42,CCGS LIMNOS,GEORGIAN BAY,18,444412,-802606,6,87.1,2014-05-13 04:00:00,614,.00,20.00,0.10000000,,0,.300000,CACI,CHLOROPHYLL A CORRECTED INTEGRATED,UG/L,44.73667,-80.43500
201405001,2014-12-03 10:26:42,CCGS LIMNOS,GEORGIAN BAY,19,444330,-803658,3,33.7,2014-05-13 05:10:00,614,.00,20.00,0.10000000,<,0,.100000,CACI,CHLOROPHYLL A CORRECTED INTEGRATED,UG/L,44.72500,-80.61611
201405001,2014-12-03 10:26:42,CCGS LIMNOS,GEORGIAN BAY,20,444305,-805126,1,88.9,2014-05-13 06:50:00,614,.00,20.00,0.10000000,,0,.300000,CACI,CHLOROPHYLL A CORRECTED INTEGRATED,UG/L,44.71806,-80.85722
201405001,2014-12-03 10:26:42,CCGS LIMNOS,GEORGIAN BAY,20,444305,-805126,1,88.9,2014-05-13 06:50:00,614,.00,20.00,0.10000000,,1,.300000,CACI,CHLOROPHYLL A CORRECTED INTEGRATED,UG/L,44.71806,-80.85722
201405001,2014-12-03 10:26:42,CCGS LIMNOS,GEORGIAN BAY,21,445516,-803627,11,60.3,2014-05-13 09:32:00,614,.00,20.00,0.10000000,,0,.200000,CACI,CHLOROPHYLL A CORRECTED INTEGRATED,UG/L,44.92111,-80.60750
201405001,2014-12-03 10:26:42,CCGS LIMNOS,GEORGIAN BAY,22,445511,-805231,12,88.1,2014-05-13 11:00:00,614,.00,20.00,0.10000000,,0,.200000,CACI,CHLOROPHYLL A CORRECTED INTEGRATED,UG/L,44.91972,-80.87528
201405001,2014-12-03 10:26:42,CCGS LIMNOS,GEORGIAN BAY,23,450359,-811514,19,51.5,2014-05-13 13:20:00,614,.00,20.00,0.10000000,,0,.300000,CACI,CHLOROPHYLL A CORRECTED INTEGRATED,UG/L,45.06639,-81.25389
201405001,2014-12-03 10:26:42,CCGS LIMNOS,GEORGIAN BAY,24,451418,-812626,31,64.5,2014-05-13 16:10:00,614,.00,20.00,0.10000000,,0,.300000,CACI,CHLOROPHYLL A CORRECTED INTEGRATED,UG/L,45.23833,-81.44056
201405001,2014-12-03 10:26:42,CCGS LIMNOS,GEORGIAN BAY,25,452213,-813507,33,51,2014-05-13 17:50:00,614,.00,20.00,0.10000000,,0,.100000,CACI,CHLOROPHYLL A CORRECTED INTEGRATED,UG/L,45.37028,-81.58528
201405001,2014-12-03 10:26:42,CCGS LIMNOS,GEORGIAN BAY,25,452213,-813507,33,51,2014-05-13 17:50:00,614,.00,20.00,0.10000000,,1,.100000,CACI,CHLOROPHYLL A CORRECTED INTEGRATED,UG/L,45.37028,-81.58528
201405003,2014-12-03 10:30:37,CCGS LIMNOS,GEORGIAN BAY,1,452213,-813507,33,54,2014-08-11 18:58:00,614,.00,20.00,0.10000000,,0,.400000,CACI,CHLOROPHYLL A CORRECTED INTEGRATED,UG/L,45.37028,-81.58528
201405003,2014-12-03 10:30:37,CCGS LIMNOS,GEORGIAN BAY,2,451417,-812629,31,63.9,2014-08-11 20:30:00,614,.00,20.00,0.10000000,,0,.400000,CACI,CHLOROPHYLL A CORRECTED INTEGRATED,UG/L,45.23806,-81.44139
201405003,2014-12-03 10:30:37,CCGS LIMNOS,GEORGIAN BAY,3,452153,-811126,21,86,2014-08-11 22:11:00,614,.00,20.00,0.10000000,,0,.500000,CACI,CHLOROPHYLL A CORRECTED INTEGRATED,UG/L,45.36472,-81.19056
201405003,2014-12-03 10:30:37,CCGS LIMNOS,GEORGIAN BAY,4,453506,-810506,29,42.8,2014-08-12 00:19:00,614,.00,20.00,0.10000000,,0,.500000,CACI,CHLOROPHYLL A CORRECTED INTEGRATED,UG/L,45.58500,-81.08500
201405003,2014-12-03 10:30:37,CCGS LIMNOS,GEORGIAN BAY,5,451441,-805231,17,77.8,2014-08-12 03:22:00,614,.00,20.00,0.10000000,,0,.600000,CACI,CHLOROPHYLL A CORRECTED INTEGRATED,UG/L,45.24472,-80.87528
201405003,2014-12-03 10:30:37,CCGS LIMNOS,GEORGIAN BAY,5,451441,-805231,17,77.8,2014-08-12 03:22:00,614,.00,20.00,0.10000000,,1,.600000,CACI,CHLOROPHYLL A CORRECTED INTEGRATED,UG/L,45.24472,-80.87528
201405003,2014-12-03 10:30:37,CCGS LIMNOS,GEORGIAN BAY,6,450400,-811514,19,52.6,2014-08-12 06:07:00,614,.00,20.00,0.10000000,,0,.600000,CACI,CHLOROPHYLL A CORRECTED INTEGRATED,UG/L,45.06667,-81.25389
201405003,2014-12-03 10:30:37,CCGS LIMNOS,GEORGIAN BAY,7,444302,-805123,1,89.5,2014-08-12 22:36:00,614,.00,20.00,0.10000000,,0,.600000,CACI,CHLOROPHYLL A CORRECTED INTEGRATED,UG/L,44.71722,-80.85639
201405003,2014-12-03 10:30:37,CCGS LIMNOS,GEORGIAN BAY,8,445517,-803622,11,61.1,2014-08-13 00:53:00,614,.00,20.00,0.10000000,,0,1.000000,CACI,CHLOROPHYLL A CORRECTED INTEGRATED,UG/L,44.92139,-80.60611
201405003,2014-12-03 10:30:37,CCGS LIMNOS,GEORGIAN BAY,9,445512,-805227,12,88,2014-08-13 02:19:00,614,.00,20.00,0.10000000,,0,1.000000,CACI,CHLOROPHYLL A CORRECTED INTEGRATED,UG/L,44.92000,-80.87417
201405001,2014-12-03 10:26:42,CCGS LIMNOS,GEORGIAN BAY,1,453140,-814010,35,34.7,2014-05-11 19:35:00,1178,1.00,.00,0.10000000,,0,76.500000,ALKCACO3,"TOTAL ALKALINITY, FILTERED",MG CACO3/L,45.52778,-81.66944
201405001,2014-12-03 10:26:42,CCGS LIMNOS,GEORGIAN BAY,2,454232,-813712,36,51.8,2014-05-11 21:00:00,1178,1.00,.00,0.10000000,,0,75.000000,ALKCACO3,"TOTAL ALKALINITY, FILTERED",MG CACO3/L,45.70889,-81.62000
201405001,2014-12-03 10:26:42,CCGS LIMNOS,GEORGIAN BAY,3,455447,-813544,42,23.3,2014-05-11 23:00:00,1178,1.00,.00,0.10000000,,0,71.500000,ALKCACO3,"TOTAL ALKALINITY, FILTERED",MG CACO3/L,45.91306,-81.59556
201405001,2014-12-03 10:26:42,CCGS LIMNOS,GEORGIAN BAY,3,455447,-813544,42,23.3,2014-05-11 23:00:00,1178,13.00,.00,0.10000000,,0,71.600000,ALKCACO3,"TOTAL ALKALINITY, FILTERED",MG CACO3/L,45.91306,-81.59556
201405001,2014-12-03 10:26:42,CCGS LIMNOS,GEORGIAN BAY,3,455447,-813544,42,23.3,2014-05-11 23:00:00,1178,21.00,.00,0.10000000,,0,70.700000,ALKCACO3,"TOTAL ALKALINITY, FILTERED",MG CACO3/L,45.91306,-81.59556
201405001,2014-12-03 10:26:42,CCGS LIMNOS,GEORGIAN BAY,4,455224,-811530,39,27.2,2014-05-12 01:20:00,1178,1.00,.00,0.10000000,,0,65.800000,ALKCACO3,"TOTAL ALKALINITY, FILTERED",MG CACO3/L,45.87333,-81.25833
201405001,2014-12-03 10:26:42,CCGS LIMNOS,GEORGIAN BAY,5,455200,-810000,27,12.2,2014-05-12 02:50:00,1178,1.00,.00,0.10000000,,0,45.900000,ALKCACO3,"TOTAL ALKALINITY, FILTERED",MG CACO3/L,45.86667,-81.00000
201405001,2014-12-03 10:26:42,CCGS LIMNOS,GEORGIAN BAY,5,455200,-810000,27,12.2,2014-05-12 02:50:00,1178,1.00,.00,0.10000000,,1,45.600000,ALKCACO3,"TOTAL ALKALINITY, FILTERED",MG CACO3/L,45.86667,-81.00000
201405001,2014-12-03 10:26:42,CCGS LIMNOS,GEORGIAN BAY,5,455200,-810000,27,12.2,2014-05-12 02:50:00,1178,10.00,.00,0.10000000,,0,45.500000,ALKCACO3,"TOTAL ALKALINITY, FILTERED",MG CACO3/L,45.86667,-81.00000
201405001,2014-12-03 10:26:42,CCGS LIMNOS,GEORGIAN BAY,6,455001,-805400,26,20.5,2014-05-12 03:50:00,1178,1.00,.00,0.10000000,,0,60.100000,ALKCACO3,"TOTAL ALKALINITY, FILTERED",MG CACO3/L,45.83361,-80.90000
201405001,2014-12-03 10:26:42,CCGS LIMNOS,GEORGIAN BAY,7,454044,-805021,24,39.7,2014-05-12 05:05:00,1178,1.00,.00,0.10000000,,0,74.200000,ALKCACO3,"TOTAL ALKALINITY, FILTERED",MG CACO3/L,45.67889,-80.83917
201405001,2014-12-03 10:26:42,CCGS LIMNOS,GEORGIAN BAY,8,453501,-810459,29,42.7,2014-05-12 06:50:00,1178,1.00,.00,0.10000000,,0,75.100000,ALKCACO3,"TOTAL ALKALINITY, FILTERED",MG CACO3/L,45.58361,-81.08306
201405001,2014-12-03 10:26:42,CCGS LIMNOS,GEORGIAN BAY,8,453501,-810459,29,42.7,2014-05-12 06:50:00,1178,40.00,.00,0.10000000,,0,75.600000,ALKCACO3,"TOTAL ALKALINITY, FILTERED",MG CACO3/L,45.58361,-81.08306
201405001,2014-12-03 10:26:42,CCGS LIMNOS,GEORGIAN BAY,9,452153,-811126,21,85.4,2014-05-12 09:00:00,1178,1.00,.00,0.10000000,,0,76.500000,ALKCACO3,"TOTAL ALKALINITY, FILTERED",MG CACO3/L,45.36472,-81.19056
201405001,2014-12-03 10:26:42,CCGS LIMNOS,GEORGIAN BAY,10,451442,-805232,17,77.6,2014-05-12 11:00:00,1178,1.00,.00,0.10000000,,0,76.400000,ALKCACO3,"TOTAL ALKALINITY, FILTERED",MG CACO3/L,45.24500,-80.87556
201405001,2014-12-03 10:26:42,CCGS LIMNOS,GEORGIAN BAY,10,451442,-805232,17,77.6,2014-05-12 11:00:00,1178,1.00,.00,0.10000000,,1,75.200000,ALKCACO3,"TOTAL ALKALINITY, FILTERED",MG CACO3/L,45.24500,-80.87556
201405001,2014-12-03 10:26:42,CCGS LIMNOS,GEORGIAN BAY,10,451442,-805232,17,77.6,2014-05-12 11:00:00,1178,50.00,.00,0.10000000,,0,75.500000,ALKCACO3,"TOTAL ALKALINITY, FILTERED",MG CACO3/L,45.24500,-80.87556
201405001,2014-12-03 10:26:42,CCGS LIMNOS,GEORGIAN BAY,10,451442,-805232,17,77.6,2014-05-12 11:00:00,1178,67.00,.00,0.10000000,,0,75.800000,ALKCACO3,"TOTAL ALKALINITY, FILTERED",MG CACO3/L,45.24500,-80.87556
201405001,2014-12-03 10:26:42,CCGS LIMNOS,GEORGIAN BAY,10,451442,-805232,17,77.6,2014-05-12 11:00:00,1178,75.00,.00,0.10000000,,0,76.700000,ALKCACO3,"TOTAL ALKALINITY, FILTERED",MG CACO3/L,45.24500,-80.87556
201405001,2014-12-03 10:26:42,CCGS LIMNOS,GEORGIAN BAY,11,452113,-802913,16,22,2014-05-12 13:55:00,1178,1.00,.00,0.10000000,,0,74.700000,ALKCACO3,"TOTAL ALKALINITY, FILTERED",MG CACO3/L,45.35361,-80.48694
201405001,2014-12-03 10:26:42,CCGS LIMNOS,GEORGIAN BAY,12,451928,-800700,122,95.7,2014-05-12 15:55:00,1178,1.00,.00,0.10000000,,0,40.300000,ALKCACO3,"TOTAL ALKALINITY, FILTERED",MG CACO3/L,45.32444,-80.11667
201405001,2014-12-03 10:26:42,CCGS LIMNOS,GEORGIAN BAY,13,451000,-801750,15,46.2,2014-05-12 19:00:00,1178,1.00,.00,0.10000000,,0,75.700000,ALKCACO3,"TOTAL ALKALINITY, FILTERED",MG CACO3/L,45.16667,-80.29722
201405001,2014-12-03 10:26:42,CCGS LIMNOS,GEORGIAN BAY,14,445710,-800854,8,49.6,2014-05-12 20:48:00,1178,1.00,.00,0.10000000,,0,74.800000,ALKCACO3,"TOTAL ALKALINITY, FILTERED",MG CACO3/L,44.95278,-80.14833
201405001,2014-12-03 10:26:42,CCGS LIMNOS,GEORGIAN BAY,15,445218,-795804,9,29.6,2014-05-12 22:10:00,1178,1.00,.00,0.10000000,,0,69.400000,ALKCACO3,"TOTAL ALKALINITY, FILTERED",MG CACO3/L,44.87167,-79.96778
201405001,2014-12-03 10:26:42,CCGS LIMNOS,GEORGIAN BAY,15,445218,-795804,9,29.6,2014-05-12 22:10:00,1178,1.00,.00,0.10000000,,1,68.000000,ALKCACO3,"TOTAL ALKALINITY, FILTERED",MG CACO3/L,44.87167,-79.96778
201405001,2014-12-03 10:26:42,CCGS LIMNOS,GEORGIAN BAY,15,445218,-795804,9,29.6,2014-05-12 22:10:00,1178,19.00,.00,0.10000000,,0,69.400000,ALKCACO3,"TOTAL ALKALINITY, FILTERED",MG CACO3/L,44.87167,-79.96778
201405001,2014-12-03 10:26:42,CCGS LIMNOS,GEORGIAN BAY,15,445218,-795804,9,29.6,2014-05-12 22:10:00,1178,27.00,.00,0.10000000,,0,69.100000,ALKCACO3,"TOTAL ALKALINITY, FILTERED",MG CACO3/L,44.87167,-79.96778
201405001,2014-12-03 10:26:42,CCGS LIMNOS,GEORGIAN BAY,16,444748,-801436,5,58.5,2014-05-13 00:25:00,1178,1.00,.00,0.10000000,,0,76.900000,ALKCACO3,"TOTAL ALKALINITY, FILTERED",MG CACO3/L,44.79667,-80.24333
201405001,2014-12-03 10:26:42,CCGS LIMNOS,GEORGIAN BAY,17,443846,-801000,4,57.8,2014-05-13 02:00:00,1178,1.00,.00,0.10000000,,0,76.400000,ALKCACO3,"TOTAL ALKALINITY, FILTERED",MG CACO3/L,44.64611,-80.16667
201405001,2014-12-03 10:26:42,CCGS LIMNOS,GEORGIAN BAY,17,443846,-801000,4,57.8,2014-05-13 02:00:00,1178,48.00,.00,0.10000000,,0,76.900000,ALKCACO3,"TOTAL ALKALINITY, FILTERED",MG CACO3/L,44.64611,-80.16667
201405001,2014-12-03 10:26:42,CCGS LIMNOS,GEORGIAN BAY,17,443846,-801000,4,57.8,2014-05-13 02:00:00,1178,56.00,.00,0.10000000,,0,78.000000,ALKCACO3,"TOTAL ALKALINITY, FILTERED",MG CACO3/L,44.64611,-80.16667
201405001,2014-12-03 10:26:42,CCGS LIMNOS,GEORGIAN BAY,18,444412,-802606,6,87.1,2014-05-13 04:00:00,1178,1.00,.00,0.10000000,,0,77.100000,ALKCACO3,"TOTAL ALKALINITY, FILTERED",MG CACO3/L,44.73667,-80.43500
201405001,2014-12-03 10:26:42,CCGS LIMNOS,GEORGIAN BAY,19,444330,-803658,3,33.7,2014-05-13 05:10:00,1178,1.00,.00,0.10000000,,0,76.300000,ALKCACO3,"TOTAL ALKALINITY, FILTERED",MG CACO3/L,44.72500,-80.61611
201405001,2014-12-03 10:26:42,CCGS LIMNOS,GEORGIAN BAY,20,444305,-805126,1,88.9,2014-05-13 06:50:00,1178,1.00,.00,0.10000000,,0,74.800000,ALKCACO3,"TOTAL ALKALINITY, FILTERED",MG CACO3/L,44.71806,-80.85722
201405001,2014-12-03 10:26:42,CCGS LIMNOS,GEORGIAN BAY,20,444305,-805126,1,88.9,2014-05-13 06:50:00,1178,1.00,.00,0.10000000,,1,76.000000,ALKCACO3,"TOTAL ALKALINITY, FILTERED",MG CACO3/L,44.71806,-80.85722
201405001,2014-12-03 10:26:42,CCGS LIMNOS,GEORGIAN BAY,20,444305,-805126,1,88.9,2014-05-13 06:50:00,1178,50.00,.00,0.10000000,,0,76.300000,ALKCACO3,"TOTAL ALKALINITY, FILTERED",MG CACO3/L,44.71806,-80.85722
201405001,2014-12-03 10:26:42,CCGS LIMNOS,GEORGIAN BAY,20,444305,-805126,1,88.9,2014-05-13 06:50:00,1178,79.00,.00,0.10000000,,0,76.500000,ALKCACO3,"TOTAL ALKALINITY, FILTERED",MG CACO3/L,44.71806,-80.85722
201405001,2014-12-03 10:26:42,CCGS LIMNOS,GEORGIAN BAY,20,444305,-805126,1,88.9,2014-05-13 06:50:00,1178,87.00,.00,0.10000000,,0,76.700000,ALKCACO3,"TOTAL ALKALINITY, FILTERED",MG CACO3/L,44.71806,-80.85722
201405001,2014-12-03 10:26:42,CCGS LIMNOS,GEORGIAN BAY,21,445516,-803627,11,60.3,2014-05-13 09:32:00,1178,1.00,.00,0.10000000,,0,75.400000,ALKCACO3,"TOTAL ALKALINITY, FILTERED",MG CACO3/L,44.92111,-80.60750
201405001,2014-12-03 10:26:42,CCGS LIMNOS,GEORGIAN BAY,22,445511,-805231,12,88.1,2014-05-13 11:00:00,1178,1.00,.00,0.10000000,,0,75.500000,ALKCACO3,"TOTAL ALKALINITY, FILTERED",MG CACO3/L,44.91972,-80.87528
201405001,2014-12-03 10:26:42,CCGS LIMNOS,GEORGIAN BAY,23,450359,-811514,19,51.5,2014-05-13 13:20:00,1178,1.00,.00,0.10000000,,0,74.900000,ALKCACO3,"TOTAL ALKALINITY, FILTERED",MG CACO3/L,45.06639,-81.25389
201405001,2014-12-03 10:26:42,CCGS LIMNOS,GEORGIAN BAY,24,451418,-812626,31,64.5,2014-05-13 16:10:00,1178,1.00,.00,0.10000000,,0,76.800000,ALKCACO3,"TOTAL ALKALINITY, FILTERED",MG CACO3/L,45.23833,-81.44056
201405001,2014-12-03 10:26:42,CCGS LIMNOS,GEORGIAN BAY,25,452213,-813507,33,51,2014-05-13 17:50:00,1178,1.00,.00,0.10000000,,0,77.000000,ALKCACO3,"TOTAL ALKALINITY, FILTERED",MG CACO3/L,45.37028,-81.58528
201405001,2014-12-03 10:26:42,CCGS LIMNOS,GEORGIAN BAY,25,452213,-813507,33,51,2014-05-13 17:50:00,1178,1.00,.00,0.10000000,,1,76.300000,ALKCACO3,"TOTAL ALKALINITY, FILTERED",MG CACO3/L,45.37028,-81.58528
201405001,2014-12-03 10:26:42,CCGS LIMNOS,GEORGIAN BAY,25,452213,-813507,33,51,2014-05-13 17:50:00,1178,41.00,.00,0.10000000,,0,76.600000,ALKCACO3,"TOTAL ALKALINITY, FILTERED",MG CACO3/L,45.37028,-81.58528
201405001,2014-12-03 10:26:42,CCGS LIMNOS,GEORGIAN BAY,25,452213,-813507,33,51,2014-05-13 17:50:00,1178,49.00,.00,0.10000000,,0,76.400000,ALKCACO3,"TOTAL ALKALINITY, FILTERED",MG CACO3/L,45.37028,-81.58528
201405003,2014-12-03 10:30:37,CCGS LIMNOS,GEORGIAN BAY,1,452213,-813507,33,54,2014-08-11 18:58:00,1178,1.00,.00,0.10000000,,0,76.600000,ALKCACO3,"TOTAL ALKALINITY, FILTERED",MG CACO3/L,45.37028,-81.58528
201405003,2014-12-03 10:30:37,CCGS LIMNOS,GEORGIAN BAY,1,452213,-813507,33,54,2014-08-11 18:58:00,1178,4.00,.00,0.10000000,,0,76.400000,ALKCACO3,"TOTAL ALKALINITY, FILTERED",MG CACO3/L,45.37028,-81.58528
201405003,2014-12-03 10:30:37,CCGS LIMNOS,GEORGIAN BAY,1,452213,-813507,33,54,2014-08-11 18:58:00,1178,12.00,.00,0.10000000,,0,75.900000,ALKCACO3,"TOTAL ALKALINITY, FILTERED",MG CACO3/L,45.37028,-81.58528
201405003,2014-12-03 10:30:37,CCGS LIMNOS,GEORGIAN BAY,1,452213,-813507,33,54,2014-08-11 18:58:00,1178,22.00,.00,0.10000000,,0,75.500000,ALKCACO3,"TOTAL ALKALINITY, FILTERED",MG CACO3/L,45.37028,-81.58528
201405003,2014-12-03 10:30:37,CCGS LIMNOS,GEORGIAN BAY,1,452213,-813507,33,54,2014-08-11 18:58:00,1178,44.00,.00,0.10000000,,0,74.800000,ALKCACO3,"TOTAL ALKALINITY, FILTERED",MG CACO3/L,45.37028,-81.58528
201405003,2014-12-03 10:30:37,CCGS LIMNOS,GEORGIAN BAY,1,452213,-813507,33,54,2014-08-11 18:58:00,1178,52.00,.00,0.10000000,,0,74.800000,ALKCACO3,"TOTAL ALKALINITY, FILTERED",MG CACO3/L,45.37028,-81.58528
201405003,2014-12-03 10:30:37,CCGS LIMNOS,GEORGIAN BAY,2,451417,-812629,31,63.9,2014-08-11 20:30:00,1178,1.00,.00,0.10000000,,0,74.900000,ALKCACO3,"TOTAL ALKALINITY, FILTERED",MG CACO3/L,45.23806,-81.44139
201405003,2014-12-03 10:30:37,CCGS LIMNOS,GEORGIAN BAY,3,452153,-811126,21,86,2014-08-11 22:11:00,1178,1.00,.00,0.10000000,,0,70.700000,ALKCACO3,"TOTAL ALKALINITY, FILTERED",MG CACO3/L,45.36472,-81.19056
201405003,2014-12-03 10:30:37,CCGS LIMNOS,GEORGIAN BAY,4,453506,-810506,29,42.8,2014-08-12 00:19:00,1178,1.00,.00,0.10000000,,0,74.700000,ALKCACO3,"TOTAL ALKALINITY, FILTERED",MG CACO3/L,45.58500,-81.08500
201405003,2014-12-03 10:30:37,CCGS LIMNOS,GEORGIAN BAY,4,453506,-810506,29,42.8,2014-08-12 00:19:00,1178,4.00,.00,0.10000000,,0,74.400000,ALKCACO3,"TOTAL ALKALINITY, FILTERED",MG CACO3/L,45.58500,-81.08500
201405003,2014-12-03 10:30:37,CCGS LIMNOS,GEORGIAN BAY,4,453506,-810506,29,42.8,2014-08-12 00:19:00,1178,14.00,.00,0.10000000,,0,75.600000,ALKCACO3,"TOTAL ALKALINITY, FILTERED",MG CACO3/L,45.58500,-81.08500
201405003,2014-12-03 10:30:37,CCGS LIMNOS,GEORGIAN BAY,4,453506,-810506,29,42.8,2014-08-12 00:19:00,1178,24.00,.00,0.10000000,,0,71.300000,ALKCACO3,"TOTAL ALKALINITY, FILTERED",MG CACO3/L,45.58500,-81.08500
201405003,2014-12-03 10:30:37,CCGS LIMNOS,GEORGIAN BAY,4,453506,-810506,29,42.8,2014-08-12 00:19:00,1178,32.50,.00,0.10000000,,0,71.700000,ALKCACO3,"TOTAL ALKALINITY, FILTERED",MG CACO3/L,45.58500,-81.08500
201405003,2014-12-03 10:30:37,CCGS LIMNOS,GEORGIAN BAY,4,453506,-810506,29,42.8,2014-08-12 00:19:00,1178,40.50,.00,0.10000000,,0,73.200000,ALKCACO3,"TOTAL ALKALINITY, FILTERED",MG CACO3/L,45.58500,-81.08500
201405003,2014-12-03 10:30:37,CCGS LIMNOS,GEORGIAN BAY,5,451441,-805231,17,77.8,2014-08-12 03:22:00,1178,1.00,.00,0.10000000,,0,72.900000,ALKCACO3,"TOTAL ALKALINITY, FILTERED",MG CACO3/L,45.24472,-80.87528
201405003,2014-12-03 10:30:37,CCGS LIMNOS,GEORGIAN BAY,5,451441,-805231,17,77.8,2014-08-12 03:22:00,1178,1.00,.00,0.10000000,,1,72.800000,ALKCACO3,"TOTAL ALKALINITY, FILTERED",MG CACO3/L,45.24472,-80.87528
201405003,2014-12-03 10:30:37,CCGS LIMNOS,GEORGIAN BAY,5,451441,-805231,17,77.8,2014-08-12 03:22:00,1178,6.00,.00,0.10000000,,0,72.800000,ALKCACO3,"TOTAL ALKALINITY, FILTERED",MG CACO3/L,45.24472,-80.87528
201405003,2014-12-03 10:30:37,CCGS LIMNOS,GEORGIAN BAY,5,451441,-805231,17,77.8,2014-08-12 03:22:00,1178,17.00,.00,0.10000000,,0,72.400000,ALKCACO3,"TOTAL ALKALINITY, FILTERED",MG CACO3/L,45.24472,-80.87528
201405003,2014-12-03 10:30:37,CCGS LIMNOS,GEORGIAN BAY,5,451441,-805231,17,77.8,2014-08-12 03:22:00,1178,28.00,.00,0.10000000,,0,74.000000,ALKCACO3,"TOTAL ALKALINITY, FILTERED",MG CACO3/L,45.24472,-80.87528
201405003,2014-12-03 10:30:37,CCGS LIMNOS,GEORGIAN BAY,5,451441,-805231,17,77.8,2014-08-12 03:22:00,1178,67.00,.00,0.10000000,,0,74.500000,ALKCACO3,"TOTAL ALKALINITY, FILTERED",MG CACO3/L,45.24472,-80.87528
201405003,2014-12-03 10:30:37,CCGS LIMNOS,GEORGIAN BAY,5,451441,-805231,17,77.8,2014-08-12 03:22:00,1178,75.00,.00,0.10000000,,0,73.800000,ALKCACO3,"TOTAL ALKALINITY, FILTERED",MG CACO3/L,45.24472,-80.87528
201405003,2014-12-03 10:30:37,CCGS LIMNOS,GEORGIAN BAY,6,450400,-811514,19,52.6,2014-08-12 06:07:00,1178,1.00,.00,0.10000000,,0,74.800000,ALKCACO3,"TOTAL ALKALINITY, FILTERED",MG CACO3/L,45.06667,-81.25389
201405003,2014-12-03 10:30:37,CCGS LIMNOS,GEORGIAN BAY,7,444302,-805123,1,89.5,2014-08-12 22:36:00,1178,1.00,.00,0.10000000,,0,74.300000,ALKCACO3,"TOTAL ALKALINITY, FILTERED",MG CACO3/L,44.71722,-80.85639
201405003,2014-12-03 10:30:37,CCGS LIMNOS,GEORGIAN BAY,7,444302,-805123,1,89.5,2014-08-12 22:36:00,1178,10.00,.00,0.10000000,,0,74.700000,ALKCACO3,"TOTAL ALKALINITY, FILTERED",MG CACO3/L,44.71722,-80.85639
201405003,2014-12-03 10:30:37,CCGS LIMNOS,GEORGIAN BAY,7,444302,-805123,1,89.5,2014-08-12 22:36:00,1178,13.00,.00,0.10000000,,0,74.500000,ALKCACO3,"TOTAL ALKALINITY, FILTERED",MG CACO3/L,44.71722,-80.85639
201405003,2014-12-03 10:30:37,CCGS LIMNOS,GEORGIAN BAY,7,444302,-805123,1,89.5,2014-08-12 22:36:00,1178,44.00,.00,0.10000000,,0,74.500000,ALKCACO3,"TOTAL ALKALINITY, FILTERED",MG CACO3/L,44.71722,-80.85639
201405003,2014-12-03 10:30:37,CCGS LIMNOS,GEORGIAN BAY,7,444302,-805123,1,89.5,2014-08-12 22:36:00,1178,79.00,.00,0.10000000,,0,75.000000,ALKCACO3,"TOTAL ALKALINITY, FILTERED",MG CACO3/L,44.71722,-80.85639
201405003,2014-12-03 10:30:37,CCGS LIMNOS,GEORGIAN BAY,7,444302,-805123,1,89.5,2014-08-12 22:36:00,1178,87.00,.00,0.10000000,,0,75.000000,ALKCACO3,"TOTAL ALKALINITY, FILTERED",MG CACO3/L,44.71722,-80.85639
201405003,2014-12-03 10:30:37,CCGS LIMNOS,GEORGIAN BAY,8,445517,-803622,11,61.1,2014-08-13 00:53:00,1178,1.00,.00,0.10000000,,0,71.700000,ALKCACO3,"TOTAL ALKALINITY, FILTERED",MG CACO3/L,44.92139,-80.60611
201405003,2014-12-03 10:30:37,CCGS LIMNOS,GEORGIAN BAY,9,445512,-805227,12,88,2014-08-13 02:19:00,1178,1.00,.00,0.10000000,,0,74.200000,ALKCACO3,"TOTAL ALKALINITY, FILTERED",MG CACO3/L,44.92000,-80.87417
201405001,2014-12-03 10:26:42,CCGS LIMNOS,GEORGIAN BAY,10,451442,-805232,17,77.6,2014-05-12 11:00:00,1180,998.00,.00,-999.00000000,,0,-.200000,ALKCACO3,"ALKALINITY, GRAN, FILTERED",MG CACO3/L,45.24500,-80.87556
201405001,2014-12-03 10:26:42,CCGS LIMNOS,GEORGIAN BAY,10,451442,-805232,17,77.6,2014-05-12 11:00:00,1180,999.00,.00,-999.00000000,,0,-.130000,ALKCACO3,"ALKALINITY, GRAN, FILTERED",MG CACO3/L,45.24500,-80.87556
201405001,2014-12-03 10:26:42,CCGS LIMNOS,GEORGIAN BAY,20,444305,-805126,1,88.9,2014-05-13 06:50:00,1180,998.00,.00,-999.00000000,,0,-.040000,ALKCACO3,"ALKALINITY, GRAN, FILTERED",MG CACO3/L,44.71806,-80.85722
201405001,2014-12-03 10:26:42,CCGS LIMNOS,GEORGIAN BAY,20,444305,-805126,1,88.9,2014-05-13 06:50:00,1180,999.00,.00,-999.00000000,,0,-.190000,ALKCACO3,"ALKALINITY, GRAN, FILTERED",MG CACO3/L,44.71806,-80.85722
201405001,2014-12-03 10:26:42,CCGS LIMNOS,GEORGIAN BAY,3,455447,-813544,42,23.3,2014-05-11 23:00:00,1434,1.00,.00,0.01000000,,0,.160000,TURB,TURBIDITY,NTU,45.91306,-81.59556
201405001,2014-12-03 10:26:42,CCGS LIMNOS,GEORGIAN BAY,5,455200,-810000,27,12.2,2014-05-12 02:50:00,1434,1.00,.00,0.01000000,,0,.600000,TURB,TURBIDITY,NTU,45.86667,-81.00000
201405001,2014-12-03 10:26:42,CCGS LIMNOS,GEORGIAN BAY,8,453501,-810459,29,42.7,2014-05-12 06:50:00,1434,1.00,.00,0.01000000,,0,.110000,TURB,TURBIDITY,NTU,45.58361,-81.08306
201405001,2014-12-03 10:26:42,CCGS LIMNOS,GEORGIAN BAY,10,451442,-805232,17,77.6,2014-05-12 11:00:00,1434,1.00,.00,0.01000000,,0,.120000,TURB,TURBIDITY,NTU,45.24500,-80.87556
201405001,2014-12-03 10:26:42,CCGS LIMNOS,GEORGIAN BAY,10,451442,-805232,17,77.6,2014-05-12 11:00:00,1434,998.00,.00,0.01000000,,0,.030000,TURB,TURBIDITY,NTU,45.24500,-80.87556
201405001,2014-12-03 10:26:42,CCGS LIMNOS,GEORGIAN BAY,15,445218,-795804,9,29.6,2014-05-12 22:10:00,1434,1.00,.00,0.01000000,,0,.220000,TURB,TURBIDITY,NTU,44.87167,-79.96778
201405001,2014-12-03 10:26:42,CCGS LIMNOS,GEORGIAN BAY,17,443846,-801000,4,57.8,2014-05-13 02:00:00,1434,1.00,.00,0.01000000,,0,.120000,TURB,TURBIDITY,NTU,44.64611,-80.16667
201405001,2014-12-03 10:26:42,CCGS LIMNOS,GEORGIAN BAY,20,444305,-805126,1,88.9,2014-05-13 06:50:00,1434,1.00,.00,0.01000000,,0,.110000,TURB,TURBIDITY,NTU,44.71806,-80.85722
201405001,2014-12-03 10:26:42,CCGS LIMNOS,GEORGIAN BAY,20,444305,-805126,1,88.9,2014-05-13 06:50:00,1434,1.00,.00,0.01000000,,1,.110000,TURB,TURBIDITY,NTU,44.71806,-80.85722
201405001,2014-12-03 10:26:42,CCGS LIMNOS,GEORGIAN BAY,20,444305,-805126,1,88.9,2014-05-13 06:50:00,1434,999.00,.00,0.01000000,,0,.030000,TURB,TURBIDITY,NTU,44.71806,-80.85722
201405001,2014-12-03 10:26:42,CCGS LIMNOS,GEORGIAN BAY,25,452213,-813507,33,51,2014-05-13 17:50:00,1434,1.00,.00,0.01000000,,0,.090000,TURB,TURBIDITY,NTU,45.37028,-81.58528
201405003,2014-12-03 10:30:37,CCGS LIMNOS,GEORGIAN BAY,1,452213,-813507,33,54,2014-08-11 18:58:00,1434,1.00,.00,0.01000000,,0,.110000,TURB,TURBIDITY,NTU,45.37028,-81.58528
201405003,2014-12-03 10:30:37,CCGS LIMNOS,GEORGIAN BAY,4,453506,-810506,29,42.8,2014-08-12 00:19:00,1434,1.00,.00,0.01000000,,0,.120000,TURB,TURBIDITY,NTU,45.58500,-81.08500
201405003,2014-12-03 10:30:37,CCGS LIMNOS,GEORGIAN BAY,5,451441,-805231,17,77.8,2014-08-12 03:22:00,1434,1.00,.00,0.01000000,,0,.160000,TURB,TURBIDITY,NTU,45.24472,-80.87528
201405003,2014-12-03 10:30:37,CCGS LIMNOS,GEORGIAN BAY,7,444302,-805123,1,89.5,2014-08-12 22:36:00,1434,1.00,.00,0.01000000,,0,.240000,TURB,TURBIDITY,NTU,44.71722,-80.85639
201405001,2014-12-03 10:26:42,CCGS LIMNOS,GEORGIAN BAY,3,455447,-813544,42,23.3,2014-05-11 23:00:00,1565,3.00,.00,0.00100000,<,0,.001000,AG/T-MS,SILVER,UG/L,45.91306,-81.59556
201405001,2014-12-03 10:26:42,CCGS LIMNOS,GEORGIAN BAY,5,455200,-810000,27,12.2,2014-05-12 02:50:00,1565,3.00,.00,0.00100000,,0,.001000,AG/T-MS,SILVER,UG/L,45.86667,-81.00000
201405001,2014-12-03 10:26:42,CCGS LIMNOS,GEORGIAN BAY,8,453501,-810459,29,42.7,2014-05-12 06:50:00,1565,3.00,.00,0.00100000,<,0,.001000,AG/T-MS,SILVER,UG/L,45.58361,-81.08306
201405001,2014-12-03 10:26:42,CCGS LIMNOS,GEORGIAN BAY,10,451442,-805232,17,77.6,2014-05-12 11:00:00,1565,3.00,.00,0.00100000,<,0,.001000,AG/T-MS,SILVER,UG/L,45.24500,-80.87556
201405001,2014-12-03 10:26:42,CCGS LIMNOS,GEORGIAN BAY,15,445218,-795804,9,29.6,2014-05-12 22:10:00,1565,3.00,.00,0.00100000,<,0,.001000,AG/T-MS,SILVER,UG/L,44.87167,-79.96778
201405001,2014-12-03 10:26:42,CCGS LIMNOS,GEORGIAN BAY,17,443846,-801000,4,57.8,2014-05-13 02:00:00,1565,3.00,.00,0.00100000,<,0,.001000,AG/T-MS,SILVER,UG/L,44.64611,-80.16667
201405001,2014-12-03 10:26:42,CCGS LIMNOS,GEORGIAN BAY,17,443846,-801000,4,57.8,2014-05-13 02:00:00,1565,3.00,.00,0.00100000,<,1,.001000,AG/T-MS,SILVER,UG/L,44.64611,-80.16667
201405001,2014-12-03 10:26:42,CCGS LIMNOS,GEORGIAN BAY,20,444305,-805126,1,88.9,2014-05-13 06:50:00,1565,3.00,.00,0.00100000,<,0,.001000,AG/T-MS,SILVER,UG/L,44.71806,-80.85722
201405001,2014-12-03 10:26:42,CCGS LIMNOS,GEORGIAN BAY,25,452213,-813507,33,51,2014-05-13 17:50:00,1565,3.00,.00,0.00100000,<,0,.001000,AG/T-MS,SILVER,UG/L,45.37028,-81.58528
201405001,2014-12-03 10:26:42,CCGS LIMNOS,GEORGIAN BAY,3,455447,-813544,42,23.3,2014-05-11 23:00:00,1566,3.00,.00,0.50000000,,0,3.800000,AL/T-MS,ALUMINUM,UG/L,45.91306,-81.59556
201405001,2014-12-03 10:26:42,CCGS LIMNOS,GEORGIAN BAY,5,455200,-810000,27,12.2,2014-05-12 02:50:00,1566,3.00,.00,0.50000000,,0,51.300000,AL/T-MS,ALUMINUM,UG/L,45.86667,-81.00000
201405001,2014-12-03 10:26:42,CCGS LIMNOS,GEORGIAN BAY,8,453501,-810459,29,42.7,2014-05-12 06:50:00,1566,3.00,.00,0.50000000,,0,1.000000,AL/T-MS,ALUMINUM,UG/L,45.58361,-81.08306
201405001,2014-12-03 10:26:42,CCGS LIMNOS,GEORGIAN BAY,10,451442,-805232,17,77.6,2014-05-12 11:00:00,1566,3.00,.00,0.50000000,,0,.800000,AL/T-MS,ALUMINUM,UG/L,45.24500,-80.87556
201405001,2014-12-03 10:26:42,CCGS LIMNOS,GEORGIAN BAY,15,445218,-795804,9,29.6,2014-05-12 22:10:00,1566,3.00,.00,0.50000000,,0,16.400000,AL/T-MS,ALUMINUM,UG/L,44.87167,-79.96778
201405001,2014-12-03 10:26:42,CCGS LIMNOS,GEORGIAN BAY,17,443846,-801000,4,57.8,2014-05-13 02:00:00,1566,3.00,.00,0.50000000,,0,1.300000,AL/T-MS,ALUMINUM,UG/L,44.64611,-80.16667
201405001,2014-12-03 10:26:42,CCGS LIMNOS,GEORGIAN BAY,17,443846,-801000,4,57.8,2014-05-13 02:00:00,1566,3.00,.00,0.50000000,,1,1.500000,AL/T-MS,ALUMINUM,UG/L,44.64611,-80.16667
201405001,2014-12-03 10:26:42,CCGS LIMNOS,GEORGIAN BAY,20,444305,-805126,1,88.9,2014-05-13 06:50:00,1566,3.00,.00,0.50000000,,0,1.200000,AL/T-MS,ALUMINUM,UG/L,44.71806,-80.85722
201405001,2014-12-03 10:26:42,CCGS LIMNOS,GEORGIAN BAY,25,452213,-813507,33,51,2014-05-13 17:50:00,1566,3.00,.00,0.50000000,,0,.800000,AL/T-MS,ALUMINUM,UG/L,45.37028,-81.58528
201405001,2014-12-03 10:26:42,CCGS LIMNOS,GEORGIAN BAY,3,455447,-813544,42,23.3,2014-05-11 23:00:00,1567,3.00,.00,0.01000000,,0,.390000,AS/T-MS,ARSENIC,UG/L,45.91306,-81.59556
201405001,2014-12-03 10:26:42,CCGS LIMNOS,GEORGIAN BAY,5,455200,-810000,27,12.2,2014-05-12 02:50:00,1567,3.00,.00,0.01000000,,0,.360000,AS/T-MS,ARSENIC,UG/L,45.86667,-81.00000
201405001,2014-12-03 10:26:42,CCGS LIMNOS,GEORGIAN BAY,8,453501,-810459,29,42.7,2014-05-12 06:50:00,1567,3.00,.00,0.01000000,,0,.390000,AS/T-MS,ARSENIC,UG/L,45.58361,-81.08306
201405001,2014-12-03 10:26:42,CCGS LIMNOS,GEORGIAN BAY,10,451442,-805232,17,77.6,2014-05-12 11:00:00,1567,3.00,.00,0.01000000,,0,.390000,AS/T-MS,ARSENIC,UG/L,45.24500,-80.87556
201405001,2014-12-03 10:26:42,CCGS LIMNOS,GEORGIAN BAY,15,445218,-795804,9,29.6,2014-05-12 22:10:00,1567,3.00,.00,0.01000000,,0,.350000,AS/T-MS,ARSENIC,UG/L,44.87167,-79.96778
201405001,2014-12-03 10:26:42,CCGS LIMNOS,GEORGIAN BAY,17,443846,-801000,4,57.8,2014-05-13 02:00:00,1567,3.00,.00,0.01000000,,0,.370000,AS/T-MS,ARSENIC,UG/L,44.64611,-80.16667
201405001,2014-12-03 10:26:42,CCGS LIMNOS,GEORGIAN BAY,17,443846,-801000,4,57.8,2014-05-13 02:00:00,1567,3.00,.00,0.01000000,,1,.380000,AS/T-MS,ARSENIC,UG/L,44.64611,-80.16667
201405001,2014-12-03 10:26:42,CCGS LIMNOS,GEORGIAN BAY,20,444305,-805126,1,88.9,2014-05-13 06:50:00,1567,3.00,.00,0.01000000,,0,.400000,AS/T-MS,ARSENIC,UG/L,44.71806,-80.85722
201405001,2014-12-03 10:26:42,CCGS LIMNOS,GEORGIAN BAY,25,452213,-813507,33,51,2014-05-13 17:50:00,1567,3.00,.00,0.01000000,,0,.390000,AS/T-MS,ARSENIC,UG/L,45.37028,-81.58528
201405001,2014-12-03 10:26:42,CCGS LIMNOS,GEORGIAN BAY,3,455447,-813544,42,23.3,2014-05-11 23:00:00,1568,3.00,.00,0.50000000,,0,12.100000,B/T-MS,BORON,UG/L,45.91306,-81.59556
201405001,2014-12-03 10:26:42,CCGS LIMNOS,GEORGIAN BAY,5,455200,-810000,27,12.2,2014-05-12 02:50:00,1568,3.00,.00,0.50000000,,0,8.300000,B/T-MS,BORON,UG/L,45.86667,-81.00000
201405001,2014-12-03 10:26:42,CCGS LIMNOS,GEORGIAN BAY,8,453501,-810459,29,42.7,2014-05-12 06:50:00,1568,3.00,.00,0.50000000,,0,12.200000,B/T-MS,BORON,UG/L,45.58361,-81.08306
201405001,2014-12-03 10:26:42,CCGS LIMNOS,GEORGIAN BAY,10,451442,-805232,17,77.6,2014-05-12 11:00:00,1568,3.00,.00,0.50000000,,0,12.600000,B/T-MS,BORON,UG/L,45.24500,-80.87556
201405001,2014-12-03 10:26:42,CCGS LIMNOS,GEORGIAN BAY,15,445218,-795804,9,29.6,2014-05-12 22:10:00,1568,3.00,.00,0.50000000,,0,12.500000,B/T-MS,BORON,UG/L,44.87167,-79.96778
201405001,2014-12-03 10:26:42,CCGS LIMNOS,GEORGIAN BAY,17,443846,-801000,4,57.8,2014-05-13 02:00:00,1568,3.00,.00,0.50000000,,0,12.600000,B/T-MS,BORON,UG/L,44.64611,-80.16667
201405001,2014-12-03 10:26:42,CCGS LIMNOS,GEORGIAN BAY,17,443846,-801000,4,57.8,2014-05-13 02:00:00,1568,3.00,.00,0.50000000,,1,12.300000,B/T-MS,BORON,UG/L,44.64611,-80.16667
201405001,2014-12-03 10:26:42,CCGS LIMNOS,GEORGIAN BAY,20,444305,-805126,1,88.9,2014-05-13 06:50:00,1568,3.00,.00,0.50000000,,0,12.500000,B/T-MS,BORON,UG/L,44.71806,-80.85722
201405001,2014-12-03 10:26:42,CCGS LIMNOS,GEORGIAN BAY,25,452213,-813507,33,51,2014-05-13 17:50:00,1568,3.00,.00,0.50000000,,0,12.800000,B/T-MS,BORON,UG/L,45.37028,-81.58528
201405001,2014-12-03 10:26:42,CCGS LIMNOS,GEORGIAN BAY,3,455447,-813544,42,23.3,2014-05-11 23:00:00,1569,3.00,.00,0.05000000,,0,13.100000,BA/T-MS,BARIUM,UG/L,45.91306,-81.59556
201405001,2014-12-03 10:26:42,CCGS LIMNOS,GEORGIAN BAY,5,455200,-810000,27,12.2,2014-05-12 02:50:00,1569,3.00,.00,0.05000000,,0,13.100000,BA/T-MS,BARIUM,UG/L,45.86667,-81.00000
201405001,2014-12-03 10:26:42,CCGS LIMNOS,GEORGIAN BAY,8,453501,-810459,29,42.7,2014-05-12 06:50:00,1569,3.00,.00,0.05000000,,0,13.900000,BA/T-MS,BARIUM,UG/L,45.58361,-81.08306
201405001,2014-12-03 10:26:42,CCGS LIMNOS,GEORGIAN BAY,10,451442,-805232,17,77.6,2014-05-12 11:00:00,1569,3.00,.00,0.05000000,,0,13.900000,BA/T-MS,BARIUM,UG/L,45.24500,-80.87556
201405001,2014-12-03 10:26:42,CCGS LIMNOS,GEORGIAN BAY,15,445218,-795804,9,29.6,2014-05-12 22:10:00,1569,3.00,.00,0.05000000,,0,18.600000,BA/T-MS,BARIUM,UG/L,44.87167,-79.96778
201405001,2014-12-03 10:26:42,CCGS LIMNOS,GEORGIAN BAY,17,443846,-801000,4,57.8,2014-05-13 02:00:00,1569,3.00,.00,0.05000000,,0,14.400000,BA/T-MS,BARIUM,UG/L,44.64611,-80.16667
201405001,2014-12-03 10:26:42,CCGS LIMNOS,GEORGIAN BAY,17,443846,-801000,4,57.8,2014-05-13 02:00:00,1569,3.00,.00,0.05000000,,1,14.000000,BA/T-MS,BARIUM,UG/L,44.64611,-80.16667
201405001,2014-12-03 10:26:42,CCGS LIMNOS,GEORGIAN BAY,20,444305,-805126,1,88.9,2014-05-13 06:50:00,1569,3.00,.00,0.05000000,,0,13.800000,BA/T-MS,BARIUM,UG/L,44.71806,-80.85722
201405001,2014-12-03 10:26:42,CCGS LIMNOS,GEORGIAN BAY,25,452213,-813507,33,51,2014-05-13 17:50:00,1569,3.00,.00,0.05000000,,0,14.200000,BA/T-MS,BARIUM,UG/L,45.37028,-81.58528
201405001,2014-12-03 10:26:42,CCGS LIMNOS,GEORGIAN BAY,3,455447,-813544,42,23.3,2014-05-11 23:00:00,1570,3.00,.00,0.00100000,,0,.001000,BE/T-MS,BERYLLIUM,UG/L,45.91306,-81.59556
201405001,2014-12-03 10:26:42,CCGS LIMNOS,GEORGIAN BAY,5,455200,-810000,27,12.2,2014-05-12 02:50:00,1570,3.00,.00,0.00100000,,0,.007000,BE/T-MS,BERYLLIUM,UG/L,45.86667,-81.00000
201405001,2014-12-03 10:26:42,CCGS LIMNOS,GEORGIAN BAY,8,453501,-810459,29,42.7,2014-05-12 06:50:00,1570,3.00,.00,0.00100000,<,0,.001000,BE/T-MS,BERYLLIUM,UG/L,45.58361,-81.08306
201405001,2014-12-03 10:26:42,CCGS LIMNOS,GEORGIAN BAY,10,451442,-805232,17,77.6,2014-05-12 11:00:00,1570,3.00,.00,0.00100000,<,0,.001000,BE/T-MS,BERYLLIUM,UG/L,45.24500,-80.87556
201405001,2014-12-03 10:26:42,CCGS LIMNOS,GEORGIAN BAY,15,445218,-795804,9,29.6,2014-05-12 22:10:00,1570,3.00,.00,0.00100000,,0,.002000,BE/T-MS,BERYLLIUM,UG/L,44.87167,-79.96778
201405001,2014-12-03 10:26:42,CCGS LIMNOS,GEORGIAN BAY,17,443846,-801000,4,57.8,2014-05-13 02:00:00,1570,3.00,.00,0.00100000,<,0,.001000,BE/T-MS,BERYLLIUM,UG/L,44.64611,-80.16667
201405001,2014-12-03 10:26:42,CCGS LIMNOS,GEORGIAN BAY,17,443846,-801000,4,57.8,2014-05-13 02:00:00,1570,3.00,.00,0.00100000,<,1,.001000,BE/T-MS,BERYLLIUM,UG/L,44.64611,-80.16667
201405001,2014-12-03 10:26:42,CCGS LIMNOS,GEORGIAN BAY,20,444305,-805126,1,88.9,2014-05-13 06:50:00,1570,3.00,.00,0.00100000,<,0,.001000,BE/T-MS,BERYLLIUM,UG/L,44.71806,-80.85722
201405001,2014-12-03 10:26:42,CCGS LIMNOS,GEORGIAN BAY,25,452213,-813507,33,51,2014-05-13 17:50:00,1570,3.00,.00,0.00100000,<,0,.001000,BE/T-MS,BERYLLIUM,UG/L,45.37028,-81.58528
201405001,2014-12-03 10:26:42,CCGS LIMNOS,GEORGIAN BAY,3,455447,-813544,42,23.3,2014-05-11 23:00:00,1571,3.00,.00,0.00100000,<,0,.001000,BI/T-MS,BISMUTH,UG/L,45.91306,-81.59556
201405001,2014-12-03 10:26:42,CCGS LIMNOS,GEORGIAN BAY,5,455200,-810000,27,12.2,2014-05-12 02:50:00,1571,3.00,.00,0.00100000,,0,.002000,BI/T-MS,BISMUTH,UG/L,45.86667,-81.00000
201405001,2014-12-03 10:26:42,CCGS LIMNOS,GEORGIAN BAY,8,453501,-810459,29,42.7,2014-05-12 06:50:00,1571,3.00,.00,0.00100000,<,0,.001000,BI/T-MS,BISMUTH,UG/L,45.58361,-81.08306
201405001,2014-12-03 10:26:42,CCGS LIMNOS,GEORGIAN BAY,10,451442,-805232,17,77.6,2014-05-12 11:00:00,1571,3.00,.00,0.00100000,<,0,.001000,BI/T-MS,BISMUTH,UG/L,45.24500,-80.87556
201405001,2014-12-03 10:26:42,CCGS LIMNOS,GEORGIAN BAY,15,445218,-795804,9,29.6,2014-05-12 22:10:00,1571,3.00,.00,0.00100000,<,0,.001000,BI/T-MS,BISMUTH,UG/L,44.87167,-79.96778
201405001,2014-12-03 10:26:42,CCGS LIMNOS,GEORGIAN BAY,17,443846,-801000,4,57.8,2014-05-13 02:00:00,1571,3.00,.00,0.00100000,<,0,.001000,BI/T-MS,BISMUTH,UG/L,44.64611,-80.16667
201405001,2014-12-03 10:26:42,CCGS LIMNOS,GEORGIAN BAY,17,443846,-801000,4,57.8,2014-05-13 02:00:00,1571,3.00,.00,0.00100000,<,1,.001000,BI/T-MS,BISMUTH,UG/L,44.64611,-80.16667
201405001,2014-12-03 10:26:42,CCGS LIMNOS,GEORGIAN BAY,20,444305,-805126,1,88.9,2014-05-13 06:50:00,1571,3.00,.00,0.00100000,<,0,.001000,BI/T-MS,BISMUTH,UG/L,44.71806,-80.85722
201405001,2014-12-03 10:26:42,CCGS LIMNOS,GEORGIAN BAY,25,452213,-813507,33,51,2014-05-13 17:50:00,1571,3.00,.00,0.00100000,<,0,.001000,BI/T-MS,BISMUTH,UG/L,45.37028,-81.58528
201405001,2014-12-03 10:26:42,CCGS LIMNOS,GEORGIAN BAY,3,455447,-813544,42,23.3,2014-05-11 23:00:00,1572,3.00,.00,0.00100000,,0,.002000,CD/T-MS,CADMIUM,UG/L,45.91306,-81.59556
201405001,2014-12-03 10:26:42,CCGS LIMNOS,GEORGIAN BAY,5,455200,-810000,27,12.2,2014-05-12 02:50:00,1572,3.00,.00,0.00100000,,0,.011000,CD/T-MS,CADMIUM,UG/L,45.86667,-81.00000
201405001,2014-12-03 10:26:42,CCGS LIMNOS,GEORGIAN BAY,8,453501,-810459,29,42.7,2014-05-12 06:50:00,1572,3.00,.00,0.00100000,,0,.001000,CD/T-MS,CADMIUM,UG/L,45.58361,-81.08306
201405001,2014-12-03 10:26:42,CCGS LIMNOS,GEORGIAN BAY,10,451442,-805232,17,77.6,2014-05-12 11:00:00,1572,3.00,.00,0.00100000,,0,.002000,CD/T-MS,CADMIUM,UG/L,45.24500,-80.87556
201405001,2014-12-03 10:26:42,CCGS LIMNOS,GEORGIAN BAY,15,445218,-795804,9,29.6,2014-05-12 22:10:00,1572,3.00,.00,0.00100000,,0,.004000,CD/T-MS,CADMIUM,UG/L,44.87167,-79.96778
201405001,2014-12-03 10:26:42,CCGS LIMNOS,GEORGIAN BAY,17,443846,-801000,4,57.8,2014-05-13 02:00:00,1572,3.00,.00,0.00100000,,0,.001000,CD/T-MS,CADMIUM,UG/L,44.64611,-80.16667
201405001,2014-12-03 10:26:42,CCGS LIMNOS,GEORGIAN BAY,17,443846,-801000,4,57.8,2014-05-13 02:00:00,1572,3.00,.00,0.00100000,,1,.001000,CD/T-MS,CADMIUM,UG/L,44.64611,-80.16667
201405001,2014-12-03 10:26:42,CCGS LIMNOS,GEORGIAN BAY,20,444305,-805126,1,88.9,2014-05-13 06:50:00,1572,3.00,.00,0.00100000,,0,.003000,CD/T-MS,CADMIUM,UG/L,44.71806,-80.85722
201405001,2014-12-03 10:26:42,CCGS LIMNOS,GEORGIAN BAY,25,452213,-813507,33,51,2014-05-13 17:50:00,1572,3.00,.00,0.00100000,,0,.001000,CD/T-MS,CADMIUM,UG/L,45.37028,-81.58528
201405001,2014-12-03 10:26:42,CCGS LIMNOS,GEORGIAN BAY,3,455447,-813544,42,23.3,2014-05-11 23:00:00,1574,3.00,.00,0.00200000,,0,.007000,CO/T-MS,COBALT,UG/L,45.91306,-81.59556
201405001,2014-12-03 10:26:42,CCGS LIMNOS,GEORGIAN BAY,5,455200,-810000,27,12.2,2014-05-12 02:50:00,1574,3.00,.00,0.00200000,,0,.081000,CO/T-MS,COBALT,UG/L,45.86667,-81.00000
201405001,2014-12-03 10:26:42,CCGS LIMNOS,GEORGIAN BAY,8,453501,-810459,29,42.7,2014-05-12 06:50:00,1574,3.00,.00,0.00200000,,0,.002000,CO/T-MS,COBALT,UG/L,45.58361,-81.08306
201405001,2014-12-03 10:26:42,CCGS LIMNOS,GEORGIAN BAY,10,451442,-805232,17,77.6,2014-05-12 11:00:00,1574,3.00,.00,0.00200000,,0,.003000,CO/T-MS,COBALT,UG/L,45.24500,-80.87556
201405001,2014-12-03 10:26:42,CCGS LIMNOS,GEORGIAN BAY,15,445218,-795804,9,29.6,2014-05-12 22:10:00,1574,3.00,.00,0.00200000,,0,.020000,CO/T-MS,COBALT,UG/L,44.87167,-79.96778
201405001,2014-12-03 10:26:42,CCGS LIMNOS,GEORGIAN BAY,17,443846,-801000,4,57.8,2014-05-13 02:00:00,1574,3.00,.00,0.00200000,,0,.002000,CO/T-MS,COBALT,UG/L,44.64611,-80.16667
201405001,2014-12-03 10:26:42,CCGS LIMNOS,GEORGIAN BAY,17,443846,-801000,4,57.8,2014-05-13 02:00:00,1574,3.00,.00,0.00200000,,1,.003000,CO/T-MS,COBALT,UG/L,44.64611,-80.16667
201405001,2014-12-03 10:26:42,CCGS LIMNOS,GEORGIAN BAY,20,444305,-805126,1,88.9,2014-05-13 06:50:00,1574,3.00,.00,0.00200000,,0,.005000,CO/T-MS,COBALT,UG/L,44.71806,-80.85722
201405001,2014-12-03 10:26:42,CCGS LIMNOS,GEORGIAN BAY,25,452213,-813507,33,51,2014-05-13 17:50:00,1574,3.00,.00,0.00200000,,0,.002000,CO/T-MS,COBALT,UG/L,45.37028,-81.58528
201405001,2014-12-03 10:26:42,CCGS LIMNOS,GEORGIAN BAY,3,455447,-813544,42,23.3,2014-05-11 23:00:00,1575,3.00,.00,0.01000000,,0,.100000,CR/T-MS,CHROMIUM,UG/L,45.91306,-81.59556
201405001,2014-12-03 10:26:42,CCGS LIMNOS,GEORGIAN BAY,5,455200,-810000,27,12.2,2014-05-12 02:50:00,1575,3.00,.00,0.01000000,,0,.210000,CR/T-MS,CHROMIUM,UG/L,45.86667,-81.00000
201405001,2014-12-03 10:26:42,CCGS LIMNOS,GEORGIAN BAY,8,453501,-810459,29,42.7,2014-05-12 06:50:00,1575,3.00,.00,0.01000000,,0,.090000,CR/T-MS,CHROMIUM,UG/L,45.58361,-81.08306
201405001,2014-12-03 10:26:42,CCGS LIMNOS,GEORGIAN BAY,10,451442,-805232,17,77.6,2014-05-12 11:00:00,1575,3.00,.00,0.01000000,,0,.110000,CR/T-MS,CHROMIUM,UG/L,45.24500,-80.87556
201405001,2014-12-03 10:26:42,CCGS LIMNOS,GEORGIAN BAY,15,445218,-795804,9,29.6,2014-05-12 22:10:00,1575,3.00,.00,0.01000000,,0,.100000,CR/T-MS,CHROMIUM,UG/L,44.87167,-79.96778
201405001,2014-12-03 10:26:42,CCGS LIMNOS,GEORGIAN BAY,17,443846,-801000,4,57.8,2014-05-13 02:00:00,1575,3.00,.00,0.01000000,,0,.100000,CR/T-MS,CHROMIUM,UG/L,44.64611,-80.16667
201405001,2014-12-03 10:26:42,CCGS LIMNOS,GEORGIAN BAY,17,443846,-801000,4,57.8,2014-05-13 02:00:00,1575,3.00,.00,0.01000000,,1,.090000,CR/T-MS,CHROMIUM,UG/L,44.64611,-80.16667
201405001,2014-12-03 10:26:42,CCGS LIMNOS,GEORGIAN BAY,20,444305,-805126,1,88.9,2014-05-13 06:50:00,1575,3.00,.00,0.01000000,,0,.080000,CR/T-MS,CHROMIUM,UG/L,44.71806,-80.85722
201405001,2014-12-03 10:26:42,CCGS LIMNOS,GEORGIAN BAY,25,452213,-813507,33,51,2014-05-13 17:50:00,1575,3.00,.00,0.01000000,,0,.100000,CR/T-MS,CHROMIUM,UG/L,45.37028,-81.58528
201405001,2014-12-03 10:26:42,CCGS LIMNOS,GEORGIAN BAY,3,455447,-813544,42,23.3,2014-05-11 23:00:00,1577,3.00,.00,0.02000000,,0,.530000,CU/T-MS,COPPER,UG/L,45.91306,-81.59556
201405001,2014-12-03 10:26:42,CCGS LIMNOS,GEORGIAN BAY,5,455200,-810000,27,12.2,2014-05-12 02:50:00,1577,3.00,.00,0.02000000,,0,1.390000,CU/T-MS,COPPER,UG/L,45.86667,-81.00000
201405001,2014-12-03 10:26:42,CCGS LIMNOS,GEORGIAN BAY,8,453501,-810459,29,42.7,2014-05-12 06:50:00,1577,3.00,.00,0.02000000,,0,.420000,CU/T-MS,COPPER,UG/L,45.58361,-81.08306
201405001,2014-12-03 10:26:42,CCGS LIMNOS,GEORGIAN BAY,10,451442,-805232,17,77.6,2014-05-12 11:00:00,1577,3.00,.00,0.02000000,,0,.380000,CU/T-MS,COPPER,UG/L,45.24500,-80.87556
201405001,2014-12-03 10:26:42,CCGS LIMNOS,GEORGIAN BAY,15,445218,-795804,9,29.6,2014-05-12 22:10:00,1577,3.00,.00,0.02000000,,0,.450000,CU/T-MS,COPPER,UG/L,44.87167,-79.96778
201405001,2014-12-03 10:26:42,CCGS LIMNOS,GEORGIAN BAY,17,443846,-801000,4,57.8,2014-05-13 02:00:00,1577,3.00,.00,0.02000000,,0,.400000,CU/T-MS,COPPER,UG/L,44.64611,-80.16667
201405001,2014-12-03 10:26:42,CCGS LIMNOS,GEORGIAN BAY,17,443846,-801000,4,57.8,2014-05-13 02:00:00,1577,3.00,.00,0.02000000,,1,.390000,CU/T-MS,COPPER,UG/L,44.64611,-80.16667
201405001,2014-12-03 10:26:42,CCGS LIMNOS,GEORGIAN BAY,20,444305,-805126,1,88.9,2014-05-13 06:50:00,1577,3.00,.00,0.02000000,,0,.380000,CU/T-MS,COPPER,UG/L,44.71806,-80.85722
201405001,2014-12-03 10:26:42,CCGS LIMNOS,GEORGIAN BAY,25,452213,-813507,33,51,2014-05-13 17:50:00,1577,3.00,.00,0.02000000,,0,.430000,CU/T-MS,COPPER,UG/L,45.37028,-81.58528
201405001,2014-12-03 10:26:42,CCGS LIMNOS,GEORGIAN BAY,3,455447,-813544,42,23.3,2014-05-11 23:00:00,1578,3.00,.00,0.50000000,,0,7.900000,FE/T-MS,IRON,UG/L,45.91306,-81.59556
201405001,2014-12-03 10:26:42,CCGS LIMNOS,GEORGIAN BAY,5,455200,-810000,27,12.2,2014-05-12 02:50:00,1578,3.00,.00,0.50000000,,0,94.900000,FE/T-MS,IRON,UG/L,45.86667,-81.00000
201405001,2014-12-03 10:26:42,CCGS LIMNOS,GEORGIAN BAY,8,453501,-810459,29,42.7,2014-05-12 06:50:00,1578,3.00,.00,0.50000000,,0,1.300000,FE/T-MS,IRON,UG/L,45.58361,-81.08306
201405001,2014-12-03 10:26:42,CCGS LIMNOS,GEORGIAN BAY,10,451442,-805232,17,77.6,2014-05-12 11:00:00,1578,3.00,.00,0.50000000,,0,1.600000,FE/T-MS,IRON,UG/L,45.24500,-80.87556
201405001,2014-12-03 10:26:42,CCGS LIMNOS,GEORGIAN BAY,15,445218,-795804,9,29.6,2014-05-12 22:10:00,1578,3.00,.00,0.50000000,,0,64.800000,FE/T-MS,IRON,UG/L,44.87167,-79.96778
201405001,2014-12-03 10:26:42,CCGS LIMNOS,GEORGIAN BAY,17,443846,-801000,4,57.8,2014-05-13 02:00:00,1578,3.00,.00,0.50000000,,0,2.400000,FE/T-MS,IRON,UG/L,44.64611,-80.16667
201405001,2014-12-03 10:26:42,CCGS LIMNOS,GEORGIAN BAY,17,443846,-801000,4,57.8,2014-05-13 02:00:00,1578,3.00,.00,0.50000000,,1,2.200000,FE/T-MS,IRON,UG/L,44.64611,-80.16667
201405001,2014-12-03 10:26:42,CCGS LIMNOS,GEORGIAN BAY,20,444305,-805126,1,88.9,2014-05-13 06:50:00,1578,3.00,.00,0.50000000,,0,2.100000,FE/T-MS,IRON,UG/L,44.71806,-80.85722
201405001,2014-12-03 10:26:42,CCGS LIMNOS,GEORGIAN BAY,25,452213,-813507,33,51,2014-05-13 17:50:00,1578,3.00,.00,0.50000000,,0,1.200000,FE/T-MS,IRON,UG/L,45.37028,-81.58528
201405001,2014-12-03 10:26:42,CCGS LIMNOS,GEORGIAN BAY,3,455447,-813544,42,23.3,2014-05-11 23:00:00,1579,3.00,.00,0.00100000,,0,.002000,GA/T-MS,GALLIUM,UG/L,45.91306,-81.59556
201405001,2014-12-03 10:26:42,CCGS LIMNOS,GEORGIAN BAY,5,455200,-810000,27,12.2,2014-05-12 02:50:00,1579,3.00,.00,0.00100000,,0,.008000,GA/T-MS,GALLIUM,UG/L,45.86667,-81.00000
201405001,2014-12-03 10:26:42,CCGS LIMNOS,GEORGIAN BAY,8,453501,-810459,29,42.7,2014-05-12 06:50:00,1579,3.00,.00,0.00100000,,0,.001000,GA/T-MS,GALLIUM,UG/L,45.58361,-81.08306
201405001,2014-12-03 10:26:42,CCGS LIMNOS,GEORGIAN BAY,10,451442,-805232,17,77.6,2014-05-12 11:00:00,1579,3.00,.00,0.00100000,,0,.001000,GA/T-MS,GALLIUM,UG/L,45.24500,-80.87556
201405001,2014-12-03 10:26:42,CCGS LIMNOS,GEORGIAN BAY,15,445218,-795804,9,29.6,2014-05-12 22:10:00,1579,3.00,.00,0.00100000,,0,.004000,GA/T-MS,GALLIUM,UG/L,44.87167,-79.96778
201405001,2014-12-03 10:26:42,CCGS LIMNOS,GEORGIAN BAY,17,443846,-801000,4,57.8,2014-05-13 02:00:00,1579,3.00,.00,0.00100000,,0,.002000,GA/T-MS,GALLIUM,UG/L,44.64611,-80.16667
201405001,2014-12-03 10:26:42,CCGS LIMNOS,GEORGIAN BAY,17,443846,-801000,4,57.8,2014-05-13 02:00:00,1579,3.00,.00,0.00100000,,1,.002000,GA/T-MS,GALLIUM,UG/L,44.64611,-80.16667
201405001,2014-12-03 10:26:42,CCGS LIMNOS,GEORGIAN BAY,20,444305,-805126,1,88.9,2014-05-13 06:50:00,1579,3.00,.00,0.00100000,,0,.001000,GA/T-MS,GALLIUM,UG/L,44.71806,-80.85722
201405001,2014-12-03 10:26:42,CCGS LIMNOS,GEORGIAN BAY,25,452213,-813507,33,51,2014-05-13 17:50:00,1579,3.00,.00,0.00100000,,0,.001000,GA/T-MS,GALLIUM,UG/L,45.37028,-81.58528
201405001,2014-12-03 10:26:42,CCGS LIMNOS,GEORGIAN BAY,3,455447,-813544,42,23.3,2014-05-11 23:00:00,1580,3.00,.00,0.00100000,,0,.017000,LA/T-MS,LANTHANUM,UG/L,45.91306,-81.59556
201405001,2014-12-03 10:26:42,CCGS LIMNOS,GEORGIAN BAY,5,455200,-810000,27,12.2,2014-05-12 02:50:00,1580,3.00,.00,0.00100000,,0,.184000,LA/T-MS,LANTHANUM,UG/L,45.86667,-81.00000
201405001,2014-12-03 10:26:42,CCGS LIMNOS,GEORGIAN BAY,8,453501,-810459,29,42.7,2014-05-12 06:50:00,1580,3.00,.00,0.00100000,,0,.005000,LA/T-MS,LANTHANUM,UG/L,45.58361,-81.08306
201405001,2014-12-03 10:26:42,CCGS LIMNOS,GEORGIAN BAY,10,451442,-805232,17,77.6,2014-05-12 11:00:00,1580,3.00,.00,0.00100000,,0,.006000,LA/T-MS,LANTHANUM,UG/L,45.24500,-80.87556
201405001,2014-12-03 10:26:42,CCGS LIMNOS,GEORGIAN BAY,15,445218,-795804,9,29.6,2014-05-12 22:10:00,1580,3.00,.00,0.00100000,,0,.075000,LA/T-MS,LANTHANUM,UG/L,44.87167,-79.96778
201405001,2014-12-03 10:26:42,CCGS LIMNOS,GEORGIAN BAY,17,443846,-801000,4,57.8,2014-05-13 02:00:00,1580,3.00,.00,0.00100000,,0,.005000,LA/T-MS,LANTHANUM,UG/L,44.64611,-80.16667
201405001,2014-12-03 10:26:42,CCGS LIMNOS,GEORGIAN BAY,17,443846,-801000,4,57.8,2014-05-13 02:00:00,1580,3.00,.00,0.00100000,,1,.005000,LA/T-MS,LANTHANUM,UG/L,44.64611,-80.16667
201405001,2014-12-03 10:26:42,CCGS LIMNOS,GEORGIAN BAY,20,444305,-805126,1,88.9,2014-05-13 06:50:00,1580,3.00,.00,0.00100000,,0,.005000,LA/T-MS,LANTHANUM,UG/L,44.71806,-80.85722
201405001,2014-12-03 10:26:42,CCGS LIMNOS,GEORGIAN BAY,25,452213,-813507,33,51,2014-05-13 17:50:00,1580,3.00,.00,0.00100000,,0,.006000,LA/T-MS,LANTHANUM,UG/L,45.37028,-81.58528
201405001,2014-12-03 10:26:42,CCGS LIMNOS,GEORGIAN BAY,3,455447,-813544,42,23.3,2014-05-11 23:00:00,1581,3.00,.00,0.01000000,,0,1.070000,LI/T-MS,LITHIUM,UG/L,45.91306,-81.59556
201405001,2014-12-03 10:26:42,CCGS LIMNOS,GEORGIAN BAY,5,455200,-810000,27,12.2,2014-05-12 02:50:00,1581,3.00,.00,0.01000000,,0,.800000,LI/T-MS,LITHIUM,UG/L,45.86667,-81.00000
201405001,2014-12-03 10:26:42,CCGS LIMNOS,GEORGIAN BAY,8,453501,-810459,29,42.7,2014-05-12 06:50:00,1581,3.00,.00,0.01000000,,0,1.130000,LI/T-MS,LITHIUM,UG/L,45.58361,-81.08306
201405001,2014-12-03 10:26:42,CCGS LIMNOS,GEORGIAN BAY,10,451442,-805232,17,77.6,2014-05-12 11:00:00,1581,3.00,.00,0.01000000,,0,1.150000,LI/T-MS,LITHIUM,UG/L,45.24500,-80.87556
201405001,2014-12-03 10:26:42,CCGS LIMNOS,GEORGIAN BAY,15,445218,-795804,9,29.6,2014-05-12 22:10:00,1581,3.00,.00,0.01000000,,0,.840000,LI/T-MS,LITHIUM,UG/L,44.87167,-79.96778
201405001,2014-12-03 10:26:42,CCGS LIMNOS,GEORGIAN BAY,17,443846,-801000,4,57.8,2014-05-13 02:00:00,1581,3.00,.00,0.01000000,,0,1.170000,LI/T-MS,LITHIUM,UG/L,44.64611,-80.16667
201405001,2014-12-03 10:26:42,CCGS LIMNOS,GEORGIAN BAY,17,443846,-801000,4,57.8,2014-05-13 02:00:00,1581,3.00,.00,0.01000000,,1,1.120000,LI/T-MS,LITHIUM,UG/L,44.64611,-80.16667
201405001,2014-12-03 10:26:42,CCGS LIMNOS,GEORGIAN BAY,20,444305,-805126,1,88.9,2014-05-13 06:50:00,1581,3.00,.00,0.01000000,,0,1.130000,LI/T-MS,LITHIUM,UG/L,44.71806,-80.85722
201405001,2014-12-03 10:26:42,CCGS LIMNOS,GEORGIAN BAY,25,452213,-813507,33,51,2014-05-13 17:50:00,1581,3.00,.00,0.01000000,,0,1.160000,LI/T-MS,LITHIUM,UG/L,45.37028,-81.58528
201405001,2014-12-03 10:26:42,CCGS LIMNOS,GEORGIAN BAY,3,455447,-813544,42,23.3,2014-05-11 23:00:00,1582,3.00,.00,0.05000000,,0,1.330000,MN/T-MS,MANGANESE,UG/L,45.91306,-81.59556
201405001,2014-12-03 10:26:42,CCGS LIMNOS,GEORGIAN BAY,5,455200,-810000,27,12.2,2014-05-12 02:50:00,1582,3.00,.00,0.05000000,,0,10.500000,MN/T-MS,MANGANESE,UG/L,45.86667,-81.00000
201405001,2014-12-03 10:26:42,CCGS LIMNOS,GEORGIAN BAY,8,453501,-810459,29,42.7,2014-05-12 06:50:00,1582,3.00,.00,0.05000000,,0,.250000,MN/T-MS,MANGANESE,UG/L,45.58361,-81.08306
201405001,2014-12-03 10:26:42,CCGS LIMNOS,GEORGIAN BAY,10,451442,-805232,17,77.6,2014-05-12 11:00:00,1582,3.00,.00,0.05000000,,0,.320000,MN/T-MS,MANGANESE,UG/L,45.24500,-80.87556
201405001,2014-12-03 10:26:42,CCGS LIMNOS,GEORGIAN BAY,15,445218,-795804,9,29.6,2014-05-12 22:10:00,1582,3.00,.00,0.05000000,,0,5.530000,MN/T-MS,MANGANESE,UG/L,44.87167,-79.96778
201405001,2014-12-03 10:26:42,CCGS LIMNOS,GEORGIAN BAY,17,443846,-801000,4,57.8,2014-05-13 02:00:00,1582,3.00,.00,0.05000000,,0,.420000,MN/T-MS,MANGANESE,UG/L,44.64611,-80.16667
201405001,2014-12-03 10:26:42,CCGS LIMNOS,GEORGIAN BAY,17,443846,-801000,4,57.8,2014-05-13 02:00:00,1582,3.00,.00,0.05000000,,1,.430000,MN/T-MS,MANGANESE,UG/L,44.64611,-80.16667
201405001,2014-12-03 10:26:42,CCGS LIMNOS,GEORGIAN BAY,20,444305,-805126,1,88.9,2014-05-13 06:50:00,1582,3.00,.00,0.05000000,,0,.280000,MN/T-MS,MANGANESE,UG/L,44.71806,-80.85722
201405001,2014-12-03 10:26:42,CCGS LIMNOS,GEORGIAN BAY,25,452213,-813507,33,51,2014-05-13 17:50:00,1582,3.00,.00,0.05000000,,0,.320000,MN/T-MS,MANGANESE,UG/L,45.37028,-81.58528
201405001,2014-12-03 10:26:42,CCGS LIMNOS,GEORGIAN BAY,3,455447,-813544,42,23.3,2014-05-11 23:00:00,1583,3.00,.00,0.00500000,,0,.374000,MO/T-MS,MOLYBDENUM,UG/L,45.91306,-81.59556
201405001,2014-12-03 10:26:42,CCGS LIMNOS,GEORGIAN BAY,5,455200,-810000,27,12.2,2014-05-12 02:50:00,1583,3.00,.00,0.00500000,,0,.250000,MO/T-MS,MOLYBDENUM,UG/L,45.86667,-81.00000
201405001,2014-12-03 10:26:42,CCGS LIMNOS,GEORGIAN BAY,8,453501,-810459,29,42.7,2014-05-12 06:50:00,1583,3.00,.00,0.00500000,,0,.424000,MO/T-MS,MOLYBDENUM,UG/L,45.58361,-81.08306
201405001,2014-12-03 10:26:42,CCGS LIMNOS,GEORGIAN BAY,10,451442,-805232,17,77.6,2014-05-12 11:00:00,1583,3.00,.00,0.00500000,,0,.413000,MO/T-MS,MOLYBDENUM,UG/L,45.24500,-80.87556
201405001,2014-12-03 10:26:42,CCGS LIMNOS,GEORGIAN BAY,15,445218,-795804,9,29.6,2014-05-12 22:10:00,1583,3.00,.00,0.00500000,,0,.298000,MO/T-MS,MOLYBDENUM,UG/L,44.87167,-79.96778
201405001,2014-12-03 10:26:42,CCGS LIMNOS,GEORGIAN BAY,17,443846,-801000,4,57.8,2014-05-13 02:00:00,1583,3.00,.00,0.00500000,,0,.422000,MO/T-MS,MOLYBDENUM,UG/L,44.64611,-80.16667
201405001,2014-12-03 10:26:42,CCGS LIMNOS,GEORGIAN BAY,17,443846,-801000,4,57.8,2014-05-13 02:00:00,1583,3.00,.00,0.00500000,,1,.416000,MO/T-MS,MOLYBDENUM,UG/L,44.64611,-80.16667
201405001,2014-12-03 10:26:42,CCGS LIMNOS,GEORGIAN BAY,20,444305,-805126,1,88.9,2014-05-13 06:50:00,1583,3.00,.00,0.00500000,,0,.413000,MO/T-MS,MOLYBDENUM,UG/L,44.71806,-80.85722
201405001,2014-12-03 10:26:42,CCGS LIMNOS,GEORGIAN BAY,25,452213,-813507,33,51,2014-05-13 17:50:00,1583,3.00,.00,0.00500000,,0,.428000,MO/T-MS,MOLYBDENUM,UG/L,45.37028,-81.58528
201405001,2014-12-03 10:26:42,CCGS LIMNOS,GEORGIAN BAY,3,455447,-813544,42,23.3,2014-05-11 23:00:00,1585,3.00,.00,0.02000000,,0,.810000,NI/T-MS,NICKEL,UG/L,45.91306,-81.59556
201405001,2014-12-03 10:26:42,CCGS LIMNOS,GEORGIAN BAY,5,455200,-810000,27,12.2,2014-05-12 02:50:00,1585,3.00,.00,0.02000000,,0,2.770000,NI/T-MS,NICKEL,UG/L,45.86667,-81.00000
201405001,2014-12-03 10:26:42,CCGS LIMNOS,GEORGIAN BAY,8,453501,-810459,29,42.7,2014-05-12 06:50:00,1585,3.00,.00,0.02000000,,0,.560000,NI/T-MS,NICKEL,UG/L,45.58361,-81.08306
201405001,2014-12-03 10:26:42,CCGS LIMNOS,GEORGIAN BAY,10,451442,-805232,17,77.6,2014-05-12 11:00:00,1585,3.00,.00,0.02000000,,0,.490000,NI/T-MS,NICKEL,UG/L,45.24500,-80.87556
201405001,2014-12-03 10:26:42,CCGS LIMNOS,GEORGIAN BAY,15,445218,-795804,9,29.6,2014-05-12 22:10:00,1585,3.00,.00,0.02000000,,0,.390000,NI/T-MS,NICKEL,UG/L,44.87167,-79.96778
201405001,2014-12-03 10:26:42,CCGS LIMNOS,GEORGIAN BAY,17,443846,-801000,4,57.8,2014-05-13 02:00:00,1585,3.00,.00,0.02000000,,0,.480000,NI/T-MS,NICKEL,UG/L,44.64611,-80.16667
201405001,2014-12-03 10:26:42,CCGS LIMNOS,GEORGIAN BAY,17,443846,-801000,4,57.8,2014-05-13 02:00:00,1585,3.00,.00,0.02000000,,1,.500000,NI/T-MS,NICKEL,UG/L,44.64611,-80.16667
201405001,2014-12-03 10:26:42,CCGS LIMNOS,GEORGIAN BAY,20,444305,-805126,1,88.9,2014-05-13 06:50:00,1585,3.00,.00,0.02000000,,0,.480000,NI/T-MS,NICKEL,UG/L,44.71806,-80.85722
201405001,2014-12-03 10:26:42,CCGS LIMNOS,GEORGIAN BAY,25,452213,-813507,33,51,2014-05-13 17:50:00,1585,3.00,.00,0.02000000,,0,.510000,NI/T-MS,NICKEL,UG/L,45.37028,-81.58528
201405001,2014-12-03 10:26:42,CCGS LIMNOS,GEORGIAN BAY,3,455447,-813544,42,23.3,2014-05-11 23:00:00,1586,3.00,.00,0.00500000,,0,.007000,PB/T-MS,LEAD,UG/L,45.91306,-81.59556
201405001,2014-12-03 10:26:42,CCGS LIMNOS,GEORGIAN BAY,5,455200,-810000,27,12.2,2014-05-12 02:50:00,1586,3.00,.00,0.00500000,,0,.045000,PB/T-MS,LEAD,UG/L,45.86667,-81.00000
201405001,2014-12-03 10:26:42,CCGS LIMNOS,GEORGIAN BAY,8,453501,-810459,29,42.7,2014-05-12 06:50:00,1586,3.00,.00,0.00500000,<,0,.005000,PB/T-MS,LEAD,UG/L,45.58361,-81.08306
201405001,2014-12-03 10:26:42,CCGS LIMNOS,GEORGIAN BAY,10,451442,-805232,17,77.6,2014-05-12 11:00:00,1586,3.00,.00,0.00500000,<,0,.005000,PB/T-MS,LEAD,UG/L,45.24500,-80.87556
201405001,2014-12-03 10:26:42,CCGS LIMNOS,GEORGIAN BAY,15,445218,-795804,9,29.6,2014-05-12 22:10:00,1586,3.00,.00,0.00500000,,0,.026000,PB/T-MS,LEAD,UG/L,44.87167,-79.96778
201405001,2014-12-03 10:26:42,CCGS LIMNOS,GEORGIAN BAY,17,443846,-801000,4,57.8,2014-05-13 02:00:00,1586,3.00,.00,0.00500000,<,0,.005000,PB/T-MS,LEAD,UG/L,44.64611,-80.16667
201405001,2014-12-03 10:26:42,CCGS LIMNOS,GEORGIAN BAY,17,443846,-801000,4,57.8,2014-05-13 02:00:00,1586,3.00,.00,0.00500000,<,1,.005000,PB/T-MS,LEAD,UG/L,44.64611,-80.16667
201405001,2014-12-03 10:26:42,CCGS LIMNOS,GEORGIAN BAY,20,444305,-805126,1,88.9,2014-05-13 06:50:00,1586,3.00,.00,0.00500000,<,0,.005000,PB/T-MS,LEAD,UG/L,44.71806,-80.85722
201405001,2014-12-03 10:26:42,CCGS LIMNOS,GEORGIAN BAY,25,452213,-813507,33,51,2014-05-13 17:50:00,1586,3.00,.00,0.00500000,<,0,.005000,PB/T-MS,LEAD,UG/L,45.37028,-81.58528
201405001,2014-12-03 10:26:42,CCGS LIMNOS,GEORGIAN BAY,3,455447,-813544,42,23.3,2014-05-11 23:00:00,1589,3.00,.00,0.00100000,,0,.906000,RB/T-MS,RUBIDIUM,UG/L,45.91306,-81.59556
201405001,2014-12-03 10:26:42,CCGS LIMNOS,GEORGIAN BAY,5,455200,-810000,27,12.2,2014-05-12 02:50:00,1589,3.00,.00,0.00100000,,0,1.100000,RB/T-MS,RUBIDIUM,UG/L,45.86667,-81.00000
201405001,2014-12-03 10:26:42,CCGS LIMNOS,GEORGIAN BAY,8,453501,-810459,29,42.7,2014-05-12 06:50:00,1589,3.00,.00,0.00100000,,0,.957000,RB/T-MS,RUBIDIUM,UG/L,45.58361,-81.08306
201405001,2014-12-03 10:26:42,CCGS LIMNOS,GEORGIAN BAY,10,451442,-805232,17,77.6,2014-05-12 11:00:00,1589,3.00,.00,0.00100000,,0,.918000,RB/T-MS,RUBIDIUM,UG/L,45.24500,-80.87556
201405001,2014-12-03 10:26:42,CCGS LIMNOS,GEORGIAN BAY,15,445218,-795804,9,29.6,2014-05-12 22:10:00,1589,3.00,.00,0.00100000,,0,1.070000,RB/T-MS,RUBIDIUM,UG/L,44.87167,-79.96778
201405001,2014-12-03 10:26:42,CCGS LIMNOS,GEORGIAN BAY,17,443846,-801000,4,57.8,2014-05-13 02:00:00,1589,3.00,.00,0.00100000,,0,.909000,RB/T-MS,RUBIDIUM,UG/L,44.64611,-80.16667
201405001,2014-12-03 10:26:42,CCGS LIMNOS,GEORGIAN BAY,17,443846,-801000,4,57.8,2014-05-13 02:00:00,1589,3.00,.00,0.00100000,,1,.902000,RB/T-MS,RUBIDIUM,UG/L,44.64611,-80.16667
201405001,2014-12-03 10:26:42,CCGS LIMNOS,GEORGIAN BAY,20,444305,-805126,1,88.9,2014-05-13 06:50:00,1589,3.00,.00,0.00100000,,0,.927000,RB/T-MS,RUBIDIUM,UG/L,44.71806,-80.85722
201405001,2014-12-03 10:26:42,CCGS LIMNOS,GEORGIAN BAY,25,452213,-813507,33,51,2014-05-13 17:50:00,1589,3.00,.00,0.00100000,,0,.968000,RB/T-MS,RUBIDIUM,UG/L,45.37028,-81.58528
201405001,2014-12-03 10:26:42,CCGS LIMNOS,GEORGIAN BAY,3,455447,-813544,42,23.3,2014-05-11 23:00:00,1590,3.00,.00,0.00100000,,0,.089000,SB/T-MS,ANTIMONY,UG/L,45.91306,-81.59556
201405001,2014-12-03 10:26:42,CCGS LIMNOS,GEORGIAN BAY,5,455200,-810000,27,12.2,2014-05-12 02:50:00,1590,3.00,.00,0.00100000,,0,.065000,SB/T-MS,ANTIMONY,UG/L,45.86667,-81.00000
201405001,2014-12-03 10:26:42,CCGS LIMNOS,GEORGIAN BAY,8,453501,-810459,29,42.7,2014-05-12 06:50:00,1590,3.00,.00,0.00100000,,0,.091000,SB/T-MS,ANTIMONY,UG/L,45.58361,-81.08306
201405001,2014-12-03 10:26:42,CCGS LIMNOS,GEORGIAN BAY,10,451442,-805232,17,77.6,2014-05-12 11:00:00,1590,3.00,.00,0.00100000,,0,.098000,SB/T-MS,ANTIMONY,UG/L,45.24500,-80.87556
201405001,2014-12-03 10:26:42,CCGS LIMNOS,GEORGIAN BAY,15,445218,-795804,9,29.6,2014-05-12 22:10:00,1590,3.00,.00,0.00100000,,0,.066000,SB/T-MS,ANTIMONY,UG/L,44.87167,-79.96778
201405001,2014-12-03 10:26:42,CCGS LIMNOS,GEORGIAN BAY,17,443846,-801000,4,57.8,2014-05-13 02:00:00,1590,3.00,.00,0.00100000,,0,.099000,SB/T-MS,ANTIMONY,UG/L,44.64611,-80.16667
201405001,2014-12-03 10:26:42,CCGS LIMNOS,GEORGIAN BAY,17,443846,-801000,4,57.8,2014-05-13 02:00:00,1590,3.00,.00,0.00100000,,1,.092000,SB/T-MS,ANTIMONY,UG/L,44.64611,-80.16667
201405001,2014-12-03 10:26:42,CCGS LIMNOS,GEORGIAN BAY,20,444305,-805126,1,88.9,2014-05-13 06:50:00,1590,3.00,.00,0.00100000,,0,.096000,SB/T-MS,ANTIMONY,UG/L,44.71806,-80.85722
201405001,2014-12-03 10:26:42,CCGS LIMNOS,GEORGIAN BAY,25,452213,-813507,33,51,2014-05-13 17:50:00,1590,3.00,.00,0.00100000,,0,.097000,SB/T-MS,ANTIMONY,UG/L,45.37028,-81.58528
201405001,2014-12-03 10:26:42,CCGS LIMNOS,GEORGIAN BAY,3,455447,-813544,42,23.3,2014-05-11 23:00:00,1591,3.00,.00,0.01000000,,0,.110000,SE/T-MS,SELENIUM,UG/L,45.91306,-81.59556
201405001,2014-12-03 10:26:42,CCGS LIMNOS,GEORGIAN BAY,5,455200,-810000,27,12.2,2014-05-12 02:50:00,1591,3.00,.00,0.01000000,,0,.110000,SE/T-MS,SELENIUM,UG/L,45.86667,-81.00000
201405001,2014-12-03 10:26:42,CCGS LIMNOS,GEORGIAN BAY,8,453501,-810459,29,42.7,2014-05-12 06:50:00,1591,3.00,.00,0.01000000,,0,.100000,SE/T-MS,SELENIUM,UG/L,45.58361,-81.08306
201405001,2014-12-03 10:26:42,CCGS LIMNOS,GEORGIAN BAY,10,451442,-805232,17,77.6,2014-05-12 11:00:00,1591,3.00,.00,0.01000000,,0,.110000,SE/T-MS,SELENIUM,UG/L,45.24500,-80.87556
201405001,2014-12-03 10:26:42,CCGS LIMNOS,GEORGIAN BAY,15,445218,-795804,9,29.6,2014-05-12 22:10:00,1591,3.00,.00,0.01000000,,0,.090000,SE/T-MS,SELENIUM,UG/L,44.87167,-79.96778
201405001,2014-12-03 10:26:42,CCGS LIMNOS,GEORGIAN BAY,17,443846,-801000,4,57.8,2014-05-13 02:00:00,1591,3.00,.00,0.01000000,,0,.100000,SE/T-MS,SELENIUM,UG/L,44.64611,-80.16667
201405001,2014-12-03 10:26:42,CCGS LIMNOS,GEORGIAN BAY,17,443846,-801000,4,57.8,2014-05-13 02:00:00,1591,3.00,.00,0.01000000,,1,.110000,SE/T-MS,SELENIUM,UG/L,44.64611,-80.16667
201405001,2014-12-03 10:26:42,CCGS LIMNOS,GEORGIAN BAY,20,444305,-805126,1,88.9,2014-05-13 06:50:00,1591,3.00,.00,0.01000000,,0,.100000,SE/T-MS,SELENIUM,UG/L,44.71806,-80.85722
201405001,2014-12-03 10:26:42,CCGS LIMNOS,GEORGIAN BAY,25,452213,-813507,33,51,2014-05-13 17:50:00,1591,3.00,.00,0.01000000,,0,.090000,SE/T-MS,SELENIUM,UG/L,45.37028,-81.58528
201405001,2014-12-03 10:26:42,CCGS LIMNOS,GEORGIAN BAY,3,455447,-813544,42,23.3,2014-05-11 23:00:00,1593,3.00,.00,0.05000000,,0,82.000000,SR/T-MS,STRONTIUM,UG/L,45.91306,-81.59556
201405001,2014-12-03 10:26:42,CCGS LIMNOS,GEORGIAN BAY,5,455200,-810000,27,12.2,2014-05-12 02:50:00,1593,3.00,.00,0.05000000,,0,55.100000,SR/T-MS,STRONTIUM,UG/L,45.86667,-81.00000
201405001,2014-12-03 10:26:42,CCGS LIMNOS,GEORGIAN BAY,8,453501,-810459,29,42.7,2014-05-12 06:50:00,1593,3.00,.00,0.05000000,,0,88.400000,SR/T-MS,STRONTIUM,UG/L,45.58361,-81.08306
201405001,2014-12-03 10:26:42,CCGS LIMNOS,GEORGIAN BAY,10,451442,-805232,17,77.6,2014-05-12 11:00:00,1593,3.00,.00,0.05000000,,0,89.300000,SR/T-MS,STRONTIUM,UG/L,45.24500,-80.87556
201405001,2014-12-03 10:26:42,CCGS LIMNOS,GEORGIAN BAY,15,445218,-795804,9,29.6,2014-05-12 22:10:00,1593,3.00,.00,0.05000000,,0,94.900000,SR/T-MS,STRONTIUM,UG/L,44.87167,-79.96778
201405001,2014-12-03 10:26:42,CCGS LIMNOS,GEORGIAN BAY,17,443846,-801000,4,57.8,2014-05-13 02:00:00,1593,3.00,.00,0.05000000,,0,89.700000,SR/T-MS,STRONTIUM,UG/L,44.64611,-80.16667
201405001,2014-12-03 10:26:42,CCGS LIMNOS,GEORGIAN BAY,17,443846,-801000,4,57.8,2014-05-13 02:00:00,1593,3.00,.00,0.05000000,,1,89.700000,SR/T-MS,STRONTIUM,UG/L,44.64611,-80.16667
201405001,2014-12-03 10:26:42,CCGS LIMNOS,GEORGIAN BAY,20,444305,-805126,1,88.9,2014-05-13 06:50:00,1593,3.00,.00,0.05000000,,0,89.700000,SR/T-MS,STRONTIUM,UG/L,44.71806,-80.85722
201405001,2014-12-03 10:26:42,CCGS LIMNOS,GEORGIAN BAY,25,452213,-813507,33,51,2014-05-13 17:50:00,1593,3.00,.00,0.05000000,,0,90.400000,SR/T-MS,STRONTIUM,UG/L,45.37028,-81.58528
201405001,2014-12-03 10:26:42,CCGS LIMNOS,GEORGIAN BAY,3,455447,-813544,42,23.3,2014-05-11 23:00:00,1595,3.00,.00,0.00100000,,0,.003000,TL/T-MS,THALLIUM,UG/L,45.91306,-81.59556
201405001,2014-12-03 10:26:42,CCGS LIMNOS,GEORGIAN BAY,5,455200,-810000,27,12.2,2014-05-12 02:50:00,1595,3.00,.00,0.00100000,,0,.003000,TL/T-MS,THALLIUM,UG/L,45.86667,-81.00000
201405001,2014-12-03 10:26:42,CCGS LIMNOS,GEORGIAN BAY,8,453501,-810459,29,42.7,2014-05-12 06:50:00,1595,3.00,.00,0.00100000,,0,.003000,TL/T-MS,THALLIUM,UG/L,45.58361,-81.08306
201405001,2014-12-03 10:26:42,CCGS LIMNOS,GEORGIAN BAY,10,451442,-805232,17,77.6,2014-05-12 11:00:00,1595,3.00,.00,0.00100000,,0,.002000,TL/T-MS,THALLIUM,UG/L,45.24500,-80.87556
201405001,2014-12-03 10:26:42,CCGS LIMNOS,GEORGIAN BAY,15,445218,-795804,9,29.6,2014-05-12 22:10:00,1595,3.00,.00,0.00100000,,0,.003000,TL/T-MS,THALLIUM,UG/L,44.87167,-79.96778
201405001,2014-12-03 10:26:42,CCGS LIMNOS,GEORGIAN BAY,17,443846,-801000,4,57.8,2014-05-13 02:00:00,1595,3.00,.00,0.00100000,,0,.004000,TL/T-MS,THALLIUM,UG/L,44.64611,-80.16667
201405001,2014-12-03 10:26:42,CCGS LIMNOS,GEORGIAN BAY,17,443846,-801000,4,57.8,2014-05-13 02:00:00,1595,3.00,.00,0.00100000,,1,.003000,TL/T-MS,THALLIUM,UG/L,44.64611,-80.16667
201405001,2014-12-03 10:26:42,CCGS LIMNOS,GEORGIAN BAY,20,444305,-805126,1,88.9,2014-05-13 06:50:00,1595,3.00,.00,0.00100000,,0,.003000,TL/T-MS,THALLIUM,UG/L,44.71806,-80.85722
201405001,2014-12-03 10:26:42,CCGS LIMNOS,GEORGIAN BAY,25,452213,-813507,33,51,2014-05-13 17:50:00,1595,3.00,.00,0.00100000,,0,.003000,TL/T-MS,THALLIUM,UG/L,45.37028,-81.58528
201405001,2014-12-03 10:26:42,CCGS LIMNOS,GEORGIAN BAY,3,455447,-813544,42,23.3,2014-05-11 23:00:00,1596,3.00,.00,0.00050000,,0,.168000,U/T-MS,URANIUM,UG/L,45.91306,-81.59556
201405001,2014-12-03 10:26:42,CCGS LIMNOS,GEORGIAN BAY,5,455200,-810000,27,12.2,2014-05-12 02:50:00,1596,3.00,.00,0.00050000,,0,.107000,U/T-MS,URANIUM,UG/L,45.86667,-81.00000
201405001,2014-12-03 10:26:42,CCGS LIMNOS,GEORGIAN BAY,8,453501,-810459,29,42.7,2014-05-12 06:50:00,1596,3.00,.00,0.00050000,,0,.190000,U/T-MS,URANIUM,UG/L,45.58361,-81.08306
201405001,2014-12-03 10:26:42,CCGS LIMNOS,GEORGIAN BAY,10,451442,-805232,17,77.6,2014-05-12 11:00:00,1596,3.00,.00,0.00050000,,0,.194000,U/T-MS,URANIUM,UG/L,45.24500,-80.87556
201405001,2014-12-03 10:26:42,CCGS LIMNOS,GEORGIAN BAY,15,445218,-795804,9,29.6,2014-05-12 22:10:00,1596,3.00,.00,0.00050000,,0,.193000,U/T-MS,URANIUM,UG/L,44.87167,-79.96778
201405001,2014-12-03 10:26:42,CCGS LIMNOS,GEORGIAN BAY,17,443846,-801000,4,57.8,2014-05-13 02:00:00,1596,3.00,.00,0.00050000,,0,.210000,U/T-MS,URANIUM,UG/L,44.64611,-80.16667
201405001,2014-12-03 10:26:42,CCGS LIMNOS,GEORGIAN BAY,17,443846,-801000,4,57.8,2014-05-13 02:00:00,1596,3.00,.00,0.00050000,,1,.201000,U/T-MS,URANIUM,UG/L,44.64611,-80.16667
201405001,2014-12-03 10:26:42,CCGS LIMNOS,GEORGIAN BAY,20,444305,-805126,1,88.9,2014-05-13 06:50:00,1596,3.00,.00,0.00050000,,0,.203000,U/T-MS,URANIUM,UG/L,44.71806,-80.85722
201405001,2014-12-03 10:26:42,CCGS LIMNOS,GEORGIAN BAY,25,452213,-813507,33,51,2014-05-13 17:50:00,1596,3.00,.00,0.00050000,,0,.202000,U/T-MS,URANIUM,UG/L,45.37028,-81.58528
201405001,2014-12-03 10:26:42,CCGS LIMNOS,GEORGIAN BAY,3,455447,-813544,42,23.3,2014-05-11 23:00:00,1597,3.00,.00,0.00500000,,0,.125000,V/T-MS,VANADIUM,UG/L,45.91306,-81.59556
201405001,2014-12-03 10:26:42,CCGS LIMNOS,GEORGIAN BAY,5,455200,-810000,27,12.2,2014-05-12 02:50:00,1597,3.00,.00,0.00500000,,0,.191000,V/T-MS,VANADIUM,UG/L,45.86667,-81.00000
201405001,2014-12-03 10:26:42,CCGS LIMNOS,GEORGIAN BAY,8,453501,-810459,29,42.7,2014-05-12 06:50:00,1597,3.00,.00,0.00500000,,0,.135000,V/T-MS,VANADIUM,UG/L,45.58361,-81.08306
201405001,2014-12-03 10:26:42,CCGS LIMNOS,GEORGIAN BAY,10,451442,-805232,17,77.6,2014-05-12 11:00:00,1597,3.00,.00,0.00500000,,0,.136000,V/T-MS,VANADIUM,UG/L,45.24500,-80.87556
201405001,2014-12-03 10:26:42,CCGS LIMNOS,GEORGIAN BAY,15,445218,-795804,9,29.6,2014-05-12 22:10:00,1597,3.00,.00,0.00500000,,0,.222000,V/T-MS,VANADIUM,UG/L,44.87167,-79.96778
201405001,2014-12-03 10:26:42,CCGS LIMNOS,GEORGIAN BAY,17,443846,-801000,4,57.8,2014-05-13 02:00:00,1597,3.00,.00,0.00500000,,0,.133000,V/T-MS,VANADIUM,UG/L,44.64611,-80.16667
201405001,2014-12-03 10:26:42,CCGS LIMNOS,GEORGIAN BAY,17,443846,-801000,4,57.8,2014-05-13 02:00:00,1597,3.00,.00,0.00500000,,1,.133000,V/T-MS,VANADIUM,UG/L,44.64611,-80.16667
201405001,2014-12-03 10:26:42,CCGS LIMNOS,GEORGIAN BAY,20,444305,-805126,1,88.9,2014-05-13 06:50:00,1597,3.00,.00,0.00500000,,0,.134000,V/T-MS,VANADIUM,UG/L,44.71806,-80.85722
201405001,2014-12-03 10:26:42,CCGS LIMNOS,GEORGIAN BAY,25,452213,-813507,33,51,2014-05-13 17:50:00,1597,3.00,.00,0.00500000,,0,.140000,V/T-MS,VANADIUM,UG/L,45.37028,-81.58528
201405001,2014-12-03 10:26:42,CCGS LIMNOS,GEORGIAN BAY,3,455447,-813544,42,23.3,2014-05-11 23:00:00,1600,3.00,.00,0.20000000,,0,.200000,ZN/T-MS,ZINC,UG/L,45.91306,-81.59556
201405001,2014-12-03 10:26:42,CCGS LIMNOS,GEORGIAN BAY,5,455200,-810000,27,12.2,2014-05-12 02:50:00,1600,3.00,.00,0.20000000,,0,1.200000,ZN/T-MS,ZINC,UG/L,45.86667,-81.00000
201405001,2014-12-03 10:26:42,CCGS LIMNOS,GEORGIAN BAY,8,453501,-810459,29,42.7,2014-05-12 06:50:00,1600,3.00,.00,0.20000000,<,0,.200000,ZN/T-MS,ZINC,UG/L,45.58361,-81.08306
201405001,2014-12-03 10:26:42,CCGS LIMNOS,GEORGIAN BAY,10,451442,-805232,17,77.6,2014-05-12 11:00:00,1600,3.00,.00,0.20000000,<,0,.200000,ZN/T-MS,ZINC,UG/L,45.24500,-80.87556
201405001,2014-12-03 10:26:42,CCGS LIMNOS,GEORGIAN BAY,15,445218,-795804,9,29.6,2014-05-12 22:10:00,1600,3.00,.00,0.20000000,,0,.700000,ZN/T-MS,ZINC,UG/L,44.87167,-79.96778
201405001,2014-12-03 10:26:42,CCGS LIMNOS,GEORGIAN BAY,17,443846,-801000,4,57.8,2014-05-13 02:00:00,1600,3.00,.00,0.20000000,<,0,.200000,ZN/T-MS,ZINC,UG/L,44.64611,-80.16667
201405001,2014-12-03 10:26:42,CCGS LIMNOS,GEORGIAN BAY,17,443846,-801000,4,57.8,2014-05-13 02:00:00,1600,3.00,.00,0.20000000,<,1,.200000,ZN/T-MS,ZINC,UG/L,44.64611,-80.16667
201405001,2014-12-03 10:26:42,CCGS LIMNOS,GEORGIAN BAY,20,444305,-805126,1,88.9,2014-05-13 06:50:00,1600,3.00,.00,0.20000000,<,0,.200000,ZN/T-MS,ZINC,UG/L,44.71806,-80.85722
201405001,2014-12-03 10:26:42,CCGS LIMNOS,GEORGIAN BAY,25,452213,-813507,33,51,2014-05-13 17:50:00,1600,3.00,.00,0.20000000,<,0,.200000,ZN/T-MS,ZINC,UG/L,45.37028,-81.58528
201405001,2014-12-03 10:26:42,CCGS LIMNOS,GEORGIAN BAY,1,453140,-814010,35,34.7,2014-05-11 19:35:00,1639,1.00,.00,0.01000000,,0,.060000,F-F,FLUORIDE,MG/L,45.52778,-81.66944
201405001,2014-12-03 10:26:42,CCGS LIMNOS,GEORGIAN BAY,2,454232,-813712,36,51.8,2014-05-11 21:00:00,1639,1.00,.00,0.01000000,,0,.060000,F-F,FLUORIDE,MG/L,45.70889,-81.62000
201405001,2014-12-03 10:26:42,CCGS LIMNOS,GEORGIAN BAY,3,455447,-813544,42,23.3,2014-05-11 23:00:00,1639,1.00,.00,0.01000000,,0,.060000,F-F,FLUORIDE,MG/L,45.91306,-81.59556
201405001,2014-12-03 10:26:42,CCGS LIMNOS,GEORGIAN BAY,3,455447,-813544,42,23.3,2014-05-11 23:00:00,1639,13.00,.00,0.01000000,,0,.060000,F-F,FLUORIDE,MG/L,45.91306,-81.59556
201405001,2014-12-03 10:26:42,CCGS LIMNOS,GEORGIAN BAY,3,455447,-813544,42,23.3,2014-05-11 23:00:00,1639,21.00,.00,0.01000000,,0,.060000,F-F,FLUORIDE,MG/L,45.91306,-81.59556
201405001,2014-12-03 10:26:42,CCGS LIMNOS,GEORGIAN BAY,4,455224,-811530,39,27.2,2014-05-12 01:20:00,1639,1.00,.00,0.01000000,,0,.060000,F-F,FLUORIDE,MG/L,45.87333,-81.25833
201405001,2014-12-03 10:26:42,CCGS LIMNOS,GEORGIAN BAY,5,455200,-810000,27,12.2,2014-05-12 02:50:00,1639,1.00,.00,0.01000000,,0,.050000,F-F,FLUORIDE,MG/L,45.86667,-81.00000
201405001,2014-12-03 10:26:42,CCGS LIMNOS,GEORGIAN BAY,5,455200,-810000,27,12.2,2014-05-12 02:50:00,1639,1.00,.00,0.01000000,,1,.050000,F-F,FLUORIDE,MG/L,45.86667,-81.00000
201405001,2014-12-03 10:26:42,CCGS LIMNOS,GEORGIAN BAY,5,455200,-810000,27,12.2,2014-05-12 02:50:00,1639,10.00,.00,0.01000000,,0,.050000,F-F,FLUORIDE,MG/L,45.86667,-81.00000
201405001,2014-12-03 10:26:42,CCGS LIMNOS,GEORGIAN BAY,6,455001,-805400,26,20.5,2014-05-12 03:50:00,1639,1.00,.00,0.01000000,,0,.060000,F-F,FLUORIDE,MG/L,45.83361,-80.90000
201405001,2014-12-03 10:26:42,CCGS LIMNOS,GEORGIAN BAY,7,454044,-805021,24,39.7,2014-05-12 05:05:00,1639,1.00,.00,0.01000000,,0,.060000,F-F,FLUORIDE,MG/L,45.67889,-80.83917
201405001,2014-12-03 10:26:42,CCGS LIMNOS,GEORGIAN BAY,8,453501,-810459,29,42.7,2014-05-12 06:50:00,1639,1.00,.00,0.01000000,,0,.060000,F-F,FLUORIDE,MG/L,45.58361,-81.08306
201405001,2014-12-03 10:26:42,CCGS LIMNOS,GEORGIAN BAY,8,453501,-810459,29,42.7,2014-05-12 06:50:00,1639,40.00,.00,0.01000000,,0,.060000,F-F,FLUORIDE,MG/L,45.58361,-81.08306
201405001,2014-12-03 10:26:42,CCGS LIMNOS,GEORGIAN BAY,9,452153,-811126,21,85.4,2014-05-12 09:00:00,1639,1.00,.00,0.01000000,,0,.060000,F-F,FLUORIDE,MG/L,45.36472,-81.19056
201405001,2014-12-03 10:26:42,CCGS LIMNOS,GEORGIAN BAY,10,451442,-805232,17,77.6,2014-05-12 11:00:00,1639,1.00,.00,0.01000000,,0,.070000,F-F,FLUORIDE,MG/L,45.24500,-80.87556
201405001,2014-12-03 10:26:42,CCGS LIMNOS,GEORGIAN BAY,10,451442,-805232,17,77.6,2014-05-12 11:00:00,1639,1.00,.00,0.01000000,,1,.070000,F-F,FLUORIDE,MG/L,45.24500,-80.87556
201405001,2014-12-03 10:26:42,CCGS LIMNOS,GEORGIAN BAY,10,451442,-805232,17,77.6,2014-05-12 11:00:00,1639,50.00,.00,0.01000000,,0,.070000,F-F,FLUORIDE,MG/L,45.24500,-80.87556
201405001,2014-12-03 10:26:42,CCGS LIMNOS,GEORGIAN BAY,10,451442,-805232,17,77.6,2014-05-12 11:00:00,1639,67.00,.00,0.01000000,,0,.070000,F-F,FLUORIDE,MG/L,45.24500,-80.87556
201405001,2014-12-03 10:26:42,CCGS LIMNOS,GEORGIAN BAY,10,451442,-805232,17,77.6,2014-05-12 11:00:00,1639,75.00,.00,0.01000000,,0,.070000,F-F,FLUORIDE,MG/L,45.24500,-80.87556
201405001,2014-12-03 10:26:42,CCGS LIMNOS,GEORGIAN BAY,10,451442,-805232,17,77.6,2014-05-12 11:00:00,1639,998.00,.00,0.01000000,<,0,.010000,F-F,FLUORIDE,MG/L,45.24500,-80.87556
201405001,2014-12-03 10:26:42,CCGS LIMNOS,GEORGIAN BAY,10,451442,-805232,17,77.6,2014-05-12 11:00:00,1639,999.00,.00,0.01000000,<,0,.010000,F-F,FLUORIDE,MG/L,45.24500,-80.87556
201405001,2014-12-03 10:26:42,CCGS LIMNOS,GEORGIAN BAY,11,452113,-802913,16,22,2014-05-12 13:55:00,1639,1.00,.00,0.01000000,,0,.060000,F-F,FLUORIDE,MG/L,45.35361,-80.48694
201405001,2014-12-03 10:26:42,CCGS LIMNOS,GEORGIAN BAY,12,451928,-800700,122,95.7,2014-05-12 15:55:00,1639,1.00,.00,0.01000000,,0,.050000,F-F,FLUORIDE,MG/L,45.32444,-80.11667
201405001,2014-12-03 10:26:42,CCGS LIMNOS,GEORGIAN BAY,13,451000,-801750,15,46.2,2014-05-12 19:00:00,1639,1.00,.00,0.01000000,,0,.060000,F-F,FLUORIDE,MG/L,45.16667,-80.29722
201405001,2014-12-03 10:26:42,CCGS LIMNOS,GEORGIAN BAY,14,445710,-800854,8,49.6,2014-05-12 20:48:00,1639,1.00,.00,0.01000000,,0,.060000,F-F,FLUORIDE,MG/L,44.95278,-80.14833
201405001,2014-12-03 10:26:42,CCGS LIMNOS,GEORGIAN BAY,15,445218,-795804,9,29.6,2014-05-12 22:10:00,1639,1.00,.00,0.01000000,,0,.050000,F-F,FLUORIDE,MG/L,44.87167,-79.96778
201405001,2014-12-03 10:26:42,CCGS LIMNOS,GEORGIAN BAY,15,445218,-795804,9,29.6,2014-05-12 22:10:00,1639,1.00,.00,0.01000000,,1,.050000,F-F,FLUORIDE,MG/L,44.87167,-79.96778
201405001,2014-12-03 10:26:42,CCGS LIMNOS,GEORGIAN BAY,15,445218,-795804,9,29.6,2014-05-12 22:10:00,1639,19.00,.00,0.01000000,,0,.050000,F-F,FLUORIDE,MG/L,44.87167,-79.96778
201405001,2014-12-03 10:26:42,CCGS LIMNOS,GEORGIAN BAY,15,445218,-795804,9,29.6,2014-05-12 22:10:00,1639,27.00,.00,0.01000000,,0,.050000,F-F,FLUORIDE,MG/L,44.87167,-79.96778
201405001,2014-12-03 10:26:42,CCGS LIMNOS,GEORGIAN BAY,16,444748,-801436,5,58.5,2014-05-13 00:25:00,1639,1.00,.00,0.01000000,,0,.060000,F-F,FLUORIDE,MG/L,44.79667,-80.24333
201405001,2014-12-03 10:26:42,CCGS LIMNOS,GEORGIAN BAY,17,443846,-801000,4,57.8,2014-05-13 02:00:00,1639,1.00,.00,0.01000000,,0,.060000,F-F,FLUORIDE,MG/L,44.64611,-80.16667
201405001,2014-12-03 10:26:42,CCGS LIMNOS,GEORGIAN BAY,17,443846,-801000,4,57.8,2014-05-13 02:00:00,1639,48.00,.00,0.01000000,,0,.060000,F-F,FLUORIDE,MG/L,44.64611,-80.16667
201405001,2014-12-03 10:26:42,CCGS LIMNOS,GEORGIAN BAY,17,443846,-801000,4,57.8,2014-05-13 02:00:00,1639,56.00,.00,0.01000000,,0,.060000,F-F,FLUORIDE,MG/L,44.64611,-80.16667
201405001,2014-12-03 10:26:42,CCGS LIMNOS,GEORGIAN BAY,18,444412,-802606,6,87.1,2014-05-13 04:00:00,1639,1.00,.00,0.01000000,,0,.060000,F-F,FLUORIDE,MG/L,44.73667,-80.43500
201405001,2014-12-03 10:26:42,CCGS LIMNOS,GEORGIAN BAY,19,444330,-803658,3,33.7,2014-05-13 05:10:00,1639,1.00,.00,0.01000000,,0,.060000,F-F,FLUORIDE,MG/L,44.72500,-80.61611
201405001,2014-12-03 10:26:42,CCGS LIMNOS,GEORGIAN BAY,20,444305,-805126,1,88.9,2014-05-13 06:50:00,1639,1.00,.00,0.01000000,,0,.070000,F-F,FLUORIDE,MG/L,44.71806,-80.85722
201405001,2014-12-03 10:26:42,CCGS LIMNOS,GEORGIAN BAY,20,444305,-805126,1,88.9,2014-05-13 06:50:00,1639,1.00,.00,0.01000000,,1,.070000,F-F,FLUORIDE,MG/L,44.71806,-80.85722
201405001,2014-12-03 10:26:42,CCGS LIMNOS,GEORGIAN BAY,20,444305,-805126,1,88.9,2014-05-13 06:50:00,1639,50.00,.00,0.01000000,,0,.070000,F-F,FLUORIDE,MG/L,44.71806,-80.85722
201405001,2014-12-03 10:26:42,CCGS LIMNOS,GEORGIAN BAY,20,444305,-805126,1,88.9,2014-05-13 06:50:00,1639,79.00,.00,0.01000000,,0,.070000,F-F,FLUORIDE,MG/L,44.71806,-80.85722
201405001,2014-12-03 10:26:42,CCGS LIMNOS,GEORGIAN BAY,20,444305,-805126,1,88.9,2014-05-13 06:50:00,1639,87.00,.00,0.01000000,,0,.070000,F-F,FLUORIDE,MG/L,44.71806,-80.85722
201405001,2014-12-03 10:26:42,CCGS LIMNOS,GEORGIAN BAY,20,444305,-805126,1,88.9,2014-05-13 06:50:00,1639,998.00,.00,0.01000000,<,0,.010000,F-F,FLUORIDE,MG/L,44.71806,-80.85722
201405001,2014-12-03 10:26:42,CCGS LIMNOS,GEORGIAN BAY,20,444305,-805126,1,88.9,2014-05-13 06:50:00,1639,999.00,.00,0.01000000,<,0,.010000,F-F,FLUORIDE,MG/L,44.71806,-80.85722
201405001,2014-12-03 10:26:42,CCGS LIMNOS,GEORGIAN BAY,21,445516,-803627,11,60.3,2014-05-13 09:32:00,1639,1.00,.00,0.01000000,,0,.070000,F-F,FLUORIDE,MG/L,44.92111,-80.60750
201405001,2014-12-03 10:26:42,CCGS LIMNOS,GEORGIAN BAY,22,445511,-805231,12,88.1,2014-05-13 11:00:00,1639,1.00,.00,0.01000000,,0,.070000,F-F,FLUORIDE,MG/L,44.91972,-80.87528
201405001,2014-12-03 10:26:42,CCGS LIMNOS,GEORGIAN BAY,23,450359,-811514,19,51.5,2014-05-13 13:20:00,1639,1.00,.00,0.01000000,,0,.070000,F-F,FLUORIDE,MG/L,45.06639,-81.25389
201405001,2014-12-03 10:26:42,CCGS LIMNOS,GEORGIAN BAY,24,451418,-812626,31,64.5,2014-05-13 16:10:00,1639,1.00,.00,0.01000000,,0,.060000,F-F,FLUORIDE,MG/L,45.23833,-81.44056
201405001,2014-12-03 10:26:42,CCGS LIMNOS,GEORGIAN BAY,25,452213,-813507,33,51,2014-05-13 17:50:00,1639,1.00,.00,0.01000000,,0,.060000,F-F,FLUORIDE,MG/L,45.37028,-81.58528
201405001,2014-12-03 10:26:42,CCGS LIMNOS,GEORGIAN BAY,25,452213,-813507,33,51,2014-05-13 17:50:00,1639,1.00,.00,0.01000000,,1,.060000,F-F,FLUORIDE,MG/L,45.37028,-81.58528
201405001,2014-12-03 10:26:42,CCGS LIMNOS,GEORGIAN BAY,25,452213,-813507,33,51,2014-05-13 17:50:00,1639,41.00,.00,0.01000000,,0,.070000,F-F,FLUORIDE,MG/L,45.37028,-81.58528
201405001,2014-12-03 10:26:42,CCGS LIMNOS,GEORGIAN BAY,25,452213,-813507,33,51,2014-05-13 17:50:00,1639,49.00,.00,0.01000000,,0,.070000,F-F,FLUORIDE,MG/L,45.37028,-81.58528
201405003,2014-12-03 10:30:37,CCGS LIMNOS,GEORGIAN BAY,1,452213,-813507,33,54,2014-08-11 18:58:00,1639,1.00,.00,0.01000000,,0,.070000,F-F,FLUORIDE,MG/L,45.37028,-81.58528
201405003,2014-12-03 10:30:37,CCGS LIMNOS,GEORGIAN BAY,1,452213,-813507,33,54,2014-08-11 18:58:00,1639,4.00,.00,0.01000000,,0,.070000,F-F,FLUORIDE,MG/L,45.37028,-81.58528
201405003,2014-12-03 10:30:37,CCGS LIMNOS,GEORGIAN BAY,1,452213,-813507,33,54,2014-08-11 18:58:00,1639,12.00,.00,0.01000000,,0,.070000,F-F,FLUORIDE,MG/L,45.37028,-81.58528
201405003,2014-12-03 10:30:37,CCGS LIMNOS,GEORGIAN BAY,1,452213,-813507,33,54,2014-08-11 18:58:00,1639,22.00,.00,0.01000000,,0,.060000,F-F,FLUORIDE,MG/L,45.37028,-81.58528
201405003,2014-12-03 10:30:37,CCGS LIMNOS,GEORGIAN BAY,1,452213,-813507,33,54,2014-08-11 18:58:00,1639,44.00,.00,0.01000000,,0,.060000,F-F,FLUORIDE,MG/L,45.37028,-81.58528
201405003,2014-12-03 10:30:37,CCGS LIMNOS,GEORGIAN BAY,1,452213,-813507,33,54,2014-08-11 18:58:00,1639,52.00,.00,0.01000000,,0,.060000,F-F,FLUORIDE,MG/L,45.37028,-81.58528
201405003,2014-12-03 10:30:37,CCGS LIMNOS,GEORGIAN BAY,2,451417,-812629,31,63.9,2014-08-11 20:30:00,1639,1.00,.00,0.01000000,,0,.070000,F-F,FLUORIDE,MG/L,45.23806,-81.44139
201405003,2014-12-03 10:30:37,CCGS LIMNOS,GEORGIAN BAY,3,452153,-811126,21,86,2014-08-11 22:11:00,1639,1.00,.00,0.01000000,,0,.060000,F-F,FLUORIDE,MG/L,45.36472,-81.19056
201405003,2014-12-03 10:30:37,CCGS LIMNOS,GEORGIAN BAY,4,453506,-810506,29,42.8,2014-08-12 00:19:00,1639,1.00,.00,0.01000000,,0,.070000,F-F,FLUORIDE,MG/L,45.58500,-81.08500
201405003,2014-12-03 10:30:37,CCGS LIMNOS,GEORGIAN BAY,4,453506,-810506,29,42.8,2014-08-12 00:19:00,1639,4.00,.00,0.01000000,,0,.070000,F-F,FLUORIDE,MG/L,45.58500,-81.08500
201405003,2014-12-03 10:30:37,CCGS LIMNOS,GEORGIAN BAY,4,453506,-810506,29,42.8,2014-08-12 00:19:00,1639,14.00,.00,0.01000000,,0,.070000,F-F,FLUORIDE,MG/L,45.58500,-81.08500
201405003,2014-12-03 10:30:37,CCGS LIMNOS,GEORGIAN BAY,4,453506,-810506,29,42.8,2014-08-12 00:19:00,1639,24.00,.00,0.01000000,,0,.060000,F-F,FLUORIDE,MG/L,45.58500,-81.08500
201405003,2014-12-03 10:30:37,CCGS LIMNOS,GEORGIAN BAY,4,453506,-810506,29,42.8,2014-08-12 00:19:00,1639,32.50,.00,0.01000000,,0,.060000,F-F,FLUORIDE,MG/L,45.58500,-81.08500
201405003,2014-12-03 10:30:37,CCGS LIMNOS,GEORGIAN BAY,4,453506,-810506,29,42.8,2014-08-12 00:19:00,1639,40.50,.00,0.01000000,,0,.060000,F-F,FLUORIDE,MG/L,45.58500,-81.08500
201405003,2014-12-03 10:30:37,CCGS LIMNOS,GEORGIAN BAY,5,451441,-805231,17,77.8,2014-08-12 03:22:00,1639,1.00,.00,0.01000000,,0,.060000,F-F,FLUORIDE,MG/L,45.24472,-80.87528
201405003,2014-12-03 10:30:37,CCGS LIMNOS,GEORGIAN BAY,5,451441,-805231,17,77.8,2014-08-12 03:22:00,1639,1.00,.00,0.01000000,,1,.060000,F-F,FLUORIDE,MG/L,45.24472,-80.87528
201405003,2014-12-03 10:30:37,CCGS LIMNOS,GEORGIAN BAY,5,451441,-805231,17,77.8,2014-08-12 03:22:00,1639,6.00,.00,0.01000000,,0,.060000,F-F,FLUORIDE,MG/L,45.24472,-80.87528
201405003,2014-12-03 10:30:37,CCGS LIMNOS,GEORGIAN BAY,5,451441,-805231,17,77.8,2014-08-12 03:22:00,1639,17.00,.00,0.01000000,,0,.060000,F-F,FLUORIDE,MG/L,45.24472,-80.87528
201405003,2014-12-03 10:30:37,CCGS LIMNOS,GEORGIAN BAY,5,451441,-805231,17,77.8,2014-08-12 03:22:00,1639,28.00,.00,0.01000000,,0,.060000,F-F,FLUORIDE,MG/L,45.24472,-80.87528
201405003,2014-12-03 10:30:37,CCGS LIMNOS,GEORGIAN BAY,5,451441,-805231,17,77.8,2014-08-12 03:22:00,1639,67.00,.00,0.01000000,,0,.060000,F-F,FLUORIDE,MG/L,45.24472,-80.87528
201405003,2014-12-03 10:30:37,CCGS LIMNOS,GEORGIAN BAY,5,451441,-805231,17,77.8,2014-08-12 03:22:00,1639,75.00,.00,0.01000000,,0,.060000,F-F,FLUORIDE,MG/L,45.24472,-80.87528
201405003,2014-12-03 10:30:37,CCGS LIMNOS,GEORGIAN BAY,6,450400,-811514,19,52.6,2014-08-12 06:07:00,1639,1.00,.00,0.01000000,,0,.070000,F-F,FLUORIDE,MG/L,45.06667,-81.25389
201405003,2014-12-03 10:30:37,CCGS LIMNOS,GEORGIAN BAY,7,444302,-805123,1,89.5,2014-08-12 22:36:00,1639,1.00,.00,0.01000000,,0,.060000,F-F,FLUORIDE,MG/L,44.71722,-80.85639
201405003,2014-12-03 10:30:37,CCGS LIMNOS,GEORGIAN BAY,7,444302,-805123,1,89.5,2014-08-12 22:36:00,1639,10.00,.00,0.01000000,,0,.060000,F-F,FLUORIDE,MG/L,44.71722,-80.85639
201405003,2014-12-03 10:30:37,CCGS LIMNOS,GEORGIAN BAY,7,444302,-805123,1,89.5,2014-08-12 22:36:00,1639,13.00,.00,0.01000000,,0,.060000,F-F,FLUORIDE,MG/L,44.71722,-80.85639
201405003,2014-12-03 10:30:37,CCGS LIMNOS,GEORGIAN BAY,7,444302,-805123,1,89.5,2014-08-12 22:36:00,1639,44.00,.00,0.01000000,,0,.060000,F-F,FLUORIDE,MG/L,44.71722,-80.85639
201405003,2014-12-03 10:30:37,CCGS LIMNOS,GEORGIAN BAY,7,444302,-805123,1,89.5,2014-08-12 22:36:00,1639,79.00,.00,0.01000000,,0,.060000,F-F,FLUORIDE,MG/L,44.71722,-80.85639
201405003,2014-12-03 10:30:37,CCGS LIMNOS,GEORGIAN BAY,7,444302,-805123,1,89.5,2014-08-12 22:36:00,1639,87.00,.00,0.01000000,,0,.060000,F-F,FLUORIDE,MG/L,44.71722,-80.85639
201405003,2014-12-03 10:30:37,CCGS LIMNOS,GEORGIAN BAY,8,445517,-803622,11,61.1,2014-08-13 00:53:00,1639,1.00,.00,0.01000000,,0,.060000,F-F,FLUORIDE,MG/L,44.92139,-80.60611
201405003,2014-12-03 10:30:37,CCGS LIMNOS,GEORGIAN BAY,9,445512,-805227,12,88,2014-08-13 02:19:00,1639,1.00,.00,0.01000000,,0,.060000,F-F,FLUORIDE,MG/L,44.92000,-80.87417
201405001,2014-12-03 10:26:42,CCGS LIMNOS,GEORGIAN BAY,1,453140,-814010,35,34.7,2014-05-11 19:35:00,1640,1.00,.00,0.01000000,,0,6.960000,CL-F,CHLORIDE,MG/L,45.52778,-81.66944
201405001,2014-12-03 10:26:42,CCGS LIMNOS,GEORGIAN BAY,2,454232,-813712,36,51.8,2014-05-11 21:00:00,1640,1.00,.00,0.01000000,,0,6.870000,CL-F,CHLORIDE,MG/L,45.70889,-81.62000
201405001,2014-12-03 10:26:42,CCGS LIMNOS,GEORGIAN BAY,3,455447,-813544,42,23.3,2014-05-11 23:00:00,1640,1.00,.00,0.01000000,,0,6.590000,CL-F,CHLORIDE,MG/L,45.91306,-81.59556
201405001,2014-12-03 10:26:42,CCGS LIMNOS,GEORGIAN BAY,3,455447,-813544,42,23.3,2014-05-11 23:00:00,1640,13.00,.00,0.01000000,,0,6.580000,CL-F,CHLORIDE,MG/L,45.91306,-81.59556
201405001,2014-12-03 10:26:42,CCGS LIMNOS,GEORGIAN BAY,3,455447,-813544,42,23.3,2014-05-11 23:00:00,1640,21.00,.00,0.01000000,,0,6.570000,CL-F,CHLORIDE,MG/L,45.91306,-81.59556
201405001,2014-12-03 10:26:42,CCGS LIMNOS,GEORGIAN BAY,4,455224,-811530,39,27.2,2014-05-12 01:20:00,1640,1.00,.00,0.01000000,,0,6.520000,CL-F,CHLORIDE,MG/L,45.87333,-81.25833
201405001,2014-12-03 10:26:42,CCGS LIMNOS,GEORGIAN BAY,5,455200,-810000,27,12.2,2014-05-12 02:50:00,1640,1.00,.00,0.01000000,,0,5.280000,CL-F,CHLORIDE,MG/L,45.86667,-81.00000
201405001,2014-12-03 10:26:42,CCGS LIMNOS,GEORGIAN BAY,5,455200,-810000,27,12.2,2014-05-12 02:50:00,1640,1.00,.00,0.01000000,,1,5.280000,CL-F,CHLORIDE,MG/L,45.86667,-81.00000
201405001,2014-12-03 10:26:42,CCGS LIMNOS,GEORGIAN BAY,5,455200,-810000,27,12.2,2014-05-12 02:50:00,1640,10.00,.00,0.01000000,,0,5.280000,CL-F,CHLORIDE,MG/L,45.86667,-81.00000
201405001,2014-12-03 10:26:42,CCGS LIMNOS,GEORGIAN BAY,6,455001,-805400,26,20.5,2014-05-12 03:50:00,1640,1.00,.00,0.01000000,,0,6.130000,CL-F,CHLORIDE,MG/L,45.83361,-80.90000
201405001,2014-12-03 10:26:42,CCGS LIMNOS,GEORGIAN BAY,7,454044,-805021,24,39.7,2014-05-12 05:05:00,1640,1.00,.00,0.01000000,,0,6.880000,CL-F,CHLORIDE,MG/L,45.67889,-80.83917
201405001,2014-12-03 10:26:42,CCGS LIMNOS,GEORGIAN BAY,8,453501,-810459,29,42.7,2014-05-12 06:50:00,1640,1.00,.00,0.01000000,,0,6.930000,CL-F,CHLORIDE,MG/L,45.58361,-81.08306
201405001,2014-12-03 10:26:42,CCGS LIMNOS,GEORGIAN BAY,8,453501,-810459,29,42.7,2014-05-12 06:50:00,1640,40.00,.00,0.01000000,,0,6.920000,CL-F,CHLORIDE,MG/L,45.58361,-81.08306
201405001,2014-12-03 10:26:42,CCGS LIMNOS,GEORGIAN BAY,9,452153,-811126,21,85.4,2014-05-12 09:00:00,1640,1.00,.00,0.01000000,,0,6.990000,CL-F,CHLORIDE,MG/L,45.36472,-81.19056
201405001,2014-12-03 10:26:42,CCGS LIMNOS,GEORGIAN BAY,10,451442,-805232,17,77.6,2014-05-12 11:00:00,1640,1.00,.00,0.01000000,,0,7.030000,CL-F,CHLORIDE,MG/L,45.24500,-80.87556
201405001,2014-12-03 10:26:42,CCGS LIMNOS,GEORGIAN BAY,10,451442,-805232,17,77.6,2014-05-12 11:00:00,1640,1.00,.00,0.01000000,,1,7.030000,CL-F,CHLORIDE,MG/L,45.24500,-80.87556
201405001,2014-12-03 10:26:42,CCGS LIMNOS,GEORGIAN BAY,10,451442,-805232,17,77.6,2014-05-12 11:00:00,1640,50.00,.00,0.01000000,,0,7.030000,CL-F,CHLORIDE,MG/L,45.24500,-80.87556
201405001,2014-12-03 10:26:42,CCGS LIMNOS,GEORGIAN BAY,10,451442,-805232,17,77.6,2014-05-12 11:00:00,1640,67.00,.00,0.01000000,,0,7.040000,CL-F,CHLORIDE,MG/L,45.24500,-80.87556
201405001,2014-12-03 10:26:42,CCGS LIMNOS,GEORGIAN BAY,10,451442,-805232,17,77.6,2014-05-12 11:00:00,1640,75.00,.00,0.01000000,,0,7.010000,CL-F,CHLORIDE,MG/L,45.24500,-80.87556
201405001,2014-12-03 10:26:42,CCGS LIMNOS,GEORGIAN BAY,10,451442,-805232,17,77.6,2014-05-12 11:00:00,1640,998.00,.00,0.01000000,<,0,.010000,CL-F,CHLORIDE,MG/L,45.24500,-80.87556
201405001,2014-12-03 10:26:42,CCGS LIMNOS,GEORGIAN BAY,10,451442,-805232,17,77.6,2014-05-12 11:00:00,1640,999.00,.00,0.01000000,<,0,.010000,CL-F,CHLORIDE,MG/L,45.24500,-80.87556
201405001,2014-12-03 10:26:42,CCGS LIMNOS,GEORGIAN BAY,11,452113,-802913,16,22,2014-05-12 13:55:00,1640,1.00,.00,0.01000000,,0,7.030000,CL-F,CHLORIDE,MG/L,45.35361,-80.48694
201405001,2014-12-03 10:26:42,CCGS LIMNOS,GEORGIAN BAY,12,451928,-800700,122,95.7,2014-05-12 15:55:00,1640,1.00,.00,0.01000000,,0,7.680000,CL-F,CHLORIDE,MG/L,45.32444,-80.11667
201405001,2014-12-03 10:26:42,CCGS LIMNOS,GEORGIAN BAY,13,451000,-801750,15,46.2,2014-05-12 19:00:00,1640,1.00,.00,0.01000000,,0,7.170000,CL-F,CHLORIDE,MG/L,45.16667,-80.29722
201405001,2014-12-03 10:26:42,CCGS LIMNOS,GEORGIAN BAY,14,445710,-800854,8,49.6,2014-05-12 20:48:00,1640,1.00,.00,0.01000000,,0,8.090000,CL-F,CHLORIDE,MG/L,44.95278,-80.14833
201405001,2014-12-03 10:26:42,CCGS LIMNOS,GEORGIAN BAY,15,445218,-795804,9,29.6,2014-05-12 22:10:00,1640,1.00,.00,0.01000000,,0,13.600000,CL-F,CHLORIDE,MG/L,44.87167,-79.96778
201405001,2014-12-03 10:26:42,CCGS LIMNOS,GEORGIAN BAY,15,445218,-795804,9,29.6,2014-05-12 22:10:00,1640,1.00,.00,0.01000000,,1,13.600000,CL-F,CHLORIDE,MG/L,44.87167,-79.96778
201405001,2014-12-03 10:26:42,CCGS LIMNOS,GEORGIAN BAY,15,445218,-795804,9,29.6,2014-05-12 22:10:00,1640,19.00,.00,0.01000000,,0,13.400000,CL-F,CHLORIDE,MG/L,44.87167,-79.96778
201405001,2014-12-03 10:26:42,CCGS LIMNOS,GEORGIAN BAY,15,445218,-795804,9,29.6,2014-05-12 22:10:00,1640,27.00,.00,0.01000000,,0,12.600000,CL-F,CHLORIDE,MG/L,44.87167,-79.96778
201405001,2014-12-03 10:26:42,CCGS LIMNOS,GEORGIAN BAY,16,444748,-801436,5,58.5,2014-05-13 00:25:00,1640,1.00,.00,0.01000000,,0,7.320000,CL-F,CHLORIDE,MG/L,44.79667,-80.24333
201405001,2014-12-03 10:26:42,CCGS LIMNOS,GEORGIAN BAY,17,443846,-801000,4,57.8,2014-05-13 02:00:00,1640,1.00,.00,0.01000000,,0,7.240000,CL-F,CHLORIDE,MG/L,44.64611,-80.16667
201405001,2014-12-03 10:26:42,CCGS LIMNOS,GEORGIAN BAY,17,443846,-801000,4,57.8,2014-05-13 02:00:00,1640,48.00,.00,0.01000000,,0,7.200000,CL-F,CHLORIDE,MG/L,44.64611,-80.16667
201405001,2014-12-03 10:26:42,CCGS LIMNOS,GEORGIAN BAY,17,443846,-801000,4,57.8,2014-05-13 02:00:00,1640,56.00,.00,0.01000000,,0,7.330000,CL-F,CHLORIDE,MG/L,44.64611,-80.16667
201405001,2014-12-03 10:26:42,CCGS LIMNOS,GEORGIAN BAY,18,444412,-802606,6,87.1,2014-05-13 04:00:00,1640,1.00,.00,0.01000000,,0,7.160000,CL-F,CHLORIDE,MG/L,44.73667,-80.43500
201405001,2014-12-03 10:26:42,CCGS LIMNOS,GEORGIAN BAY,19,444330,-803658,3,33.7,2014-05-13 05:10:00,1640,1.00,.00,0.01000000,,0,7.100000,CL-F,CHLORIDE,MG/L,44.72500,-80.61611
201405001,2014-12-03 10:26:42,CCGS LIMNOS,GEORGIAN BAY,20,444305,-805126,1,88.9,2014-05-13 06:50:00,1640,1.00,.00,0.01000000,,0,7.060000,CL-F,CHLORIDE,MG/L,44.71806,-80.85722
201405001,2014-12-03 10:26:42,CCGS LIMNOS,GEORGIAN BAY,20,444305,-805126,1,88.9,2014-05-13 06:50:00,1640,1.00,.00,0.01000000,,1,7.060000,CL-F,CHLORIDE,MG/L,44.71806,-80.85722
201405001,2014-12-03 10:26:42,CCGS LIMNOS,GEORGIAN BAY,20,444305,-805126,1,88.9,2014-05-13 06:50:00,1640,50.00,.00,0.01000000,,0,7.130000,CL-F,CHLORIDE,MG/L,44.71806,-80.85722
201405001,2014-12-03 10:26:42,CCGS LIMNOS,GEORGIAN BAY,20,444305,-805126,1,88.9,2014-05-13 06:50:00,1640,79.00,.00,0.01000000,,0,7.180000,CL-F,CHLORIDE,MG/L,44.71806,-80.85722
201405001,2014-12-03 10:26:42,CCGS LIMNOS,GEORGIAN BAY,20,444305,-805126,1,88.9,2014-05-13 06:50:00,1640,87.00,.00,0.01000000,,0,7.220000,CL-F,CHLORIDE,MG/L,44.71806,-80.85722
201405001,2014-12-03 10:26:42,CCGS LIMNOS,GEORGIAN BAY,20,444305,-805126,1,88.9,2014-05-13 06:50:00,1640,998.00,.00,0.01000000,<,0,.010000,CL-F,CHLORIDE,MG/L,44.71806,-80.85722
201405001,2014-12-03 10:26:42,CCGS LIMNOS,GEORGIAN BAY,20,444305,-805126,1,88.9,2014-05-13 06:50:00,1640,999.00,.00,0.01000000,<,0,.010000,CL-F,CHLORIDE,MG/L,44.71806,-80.85722
201405001,2014-12-03 10:26:42,CCGS LIMNOS,GEORGIAN BAY,21,445516,-803627,11,60.3,2014-05-13 09:32:00,1640,1.00,.00,0.01000000,,0,7.040000,CL-F,CHLORIDE,MG/L,44.92111,-80.60750
201405001,2014-12-03 10:26:42,CCGS LIMNOS,GEORGIAN BAY,22,445511,-805231,12,88.1,2014-05-13 11:00:00,1640,1.00,.00,0.01000000,,0,7.040000,CL-F,CHLORIDE,MG/L,44.91972,-80.87528
201405001,2014-12-03 10:26:42,CCGS LIMNOS,GEORGIAN BAY,23,450359,-811514,19,51.5,2014-05-13 13:20:00,1640,1.00,.00,0.01000000,,0,7.050000,CL-F,CHLORIDE,MG/L,45.06639,-81.25389
201405001,2014-12-03 10:26:42,CCGS LIMNOS,GEORGIAN BAY,24,451418,-812626,31,64.5,2014-05-13 16:10:00,1640,1.00,.00,0.01000000,,0,7.100000,CL-F,CHLORIDE,MG/L,45.23833,-81.44056
201405001,2014-12-03 10:26:42,CCGS LIMNOS,GEORGIAN BAY,25,452213,-813507,33,51,2014-05-13 17:50:00,1640,1.00,.00,0.01000000,,0,7.090000,CL-F,CHLORIDE,MG/L,45.37028,-81.58528
201405001,2014-12-03 10:26:42,CCGS LIMNOS,GEORGIAN BAY,25,452213,-813507,33,51,2014-05-13 17:50:00,1640,1.00,.00,0.01000000,,1,7.090000,CL-F,CHLORIDE,MG/L,45.37028,-81.58528
201405001,2014-12-03 10:26:42,CCGS LIMNOS,GEORGIAN BAY,25,452213,-813507,33,51,2014-05-13 17:50:00,1640,41.00,.00,0.01000000,,0,7.060000,CL-F,CHLORIDE,MG/L,45.37028,-81.58528
201405001,2014-12-03 10:26:42,CCGS LIMNOS,GEORGIAN BAY,25,452213,-813507,33,51,2014-05-13 17:50:00,1640,49.00,.00,0.01000000,,0,7.090000,CL-F,CHLORIDE,MG/L,45.37028,-81.58528
201405003,2014-12-03 10:30:37,CCGS LIMNOS,GEORGIAN BAY,1,452213,-813507,33,54,2014-08-11 18:58:00,1640,1.00,.00,0.01000000,,0,7.060000,CL-F,CHLORIDE,MG/L,45.37028,-81.58528
201405003,2014-12-03 10:30:37,CCGS LIMNOS,GEORGIAN BAY,1,452213,-813507,33,54,2014-08-11 18:58:00,1640,4.00,.00,0.01000000,,0,7.040000,CL-F,CHLORIDE,MG/L,45.37028,-81.58528
201405003,2014-12-03 10:30:37,CCGS LIMNOS,GEORGIAN BAY,1,452213,-813507,33,54,2014-08-11 18:58:00,1640,12.00,.00,0.01000000,,0,7.030000,CL-F,CHLORIDE,MG/L,45.37028,-81.58528
201405003,2014-12-03 10:30:37,CCGS LIMNOS,GEORGIAN BAY,1,452213,-813507,33,54,2014-08-11 18:58:00,1640,22.00,.00,0.01000000,,0,7.050000,CL-F,CHLORIDE,MG/L,45.37028,-81.58528
201405003,2014-12-03 10:30:37,CCGS LIMNOS,GEORGIAN BAY,1,452213,-813507,33,54,2014-08-11 18:58:00,1640,44.00,.00,0.01000000,,0,6.990000,CL-F,CHLORIDE,MG/L,45.37028,-81.58528
201405003,2014-12-03 10:30:37,CCGS LIMNOS,GEORGIAN BAY,1,452213,-813507,33,54,2014-08-11 18:58:00,1640,52.00,.00,0.01000000,,0,7.040000,CL-F,CHLORIDE,MG/L,45.37028,-81.58528
201405003,2014-12-03 10:30:37,CCGS LIMNOS,GEORGIAN BAY,2,451417,-812629,31,63.9,2014-08-11 20:30:00,1640,1.00,.00,0.01000000,,0,6.960000,CL-F,CHLORIDE,MG/L,45.23806,-81.44139
201405003,2014-12-03 10:30:37,CCGS LIMNOS,GEORGIAN BAY,3,452153,-811126,21,86,2014-08-11 22:11:00,1640,1.00,.00,0.01000000,,0,6.820000,CL-F,CHLORIDE,MG/L,45.36472,-81.19056
201405003,2014-12-03 10:30:37,CCGS LIMNOS,GEORGIAN BAY,4,453506,-810506,29,42.8,2014-08-12 00:19:00,1640,1.00,.00,0.01000000,,0,6.980000,CL-F,CHLORIDE,MG/L,45.58500,-81.08500
201405003,2014-12-03 10:30:37,CCGS LIMNOS,GEORGIAN BAY,4,453506,-810506,29,42.8,2014-08-12 00:19:00,1640,4.00,.00,0.01000000,,0,6.970000,CL-F,CHLORIDE,MG/L,45.58500,-81.08500
201405003,2014-12-03 10:30:37,CCGS LIMNOS,GEORGIAN BAY,4,453506,-810506,29,42.8,2014-08-12 00:19:00,1640,14.00,.00,0.01000000,,0,7.010000,CL-F,CHLORIDE,MG/L,45.58500,-81.08500
201405003,2014-12-03 10:30:37,CCGS LIMNOS,GEORGIAN BAY,4,453506,-810506,29,42.8,2014-08-12 00:19:00,1640,24.00,.00,0.01000000,,0,6.870000,CL-F,CHLORIDE,MG/L,45.58500,-81.08500
201405003,2014-12-03 10:30:37,CCGS LIMNOS,GEORGIAN BAY,4,453506,-810506,29,42.8,2014-08-12 00:19:00,1640,32.50,.00,0.01000000,,0,6.860000,CL-F,CHLORIDE,MG/L,45.58500,-81.08500
201405003,2014-12-03 10:30:37,CCGS LIMNOS,GEORGIAN BAY,4,453506,-810506,29,42.8,2014-08-12 00:19:00,1640,40.50,.00,0.01000000,,0,6.910000,CL-F,CHLORIDE,MG/L,45.58500,-81.08500
201405003,2014-12-03 10:30:37,CCGS LIMNOS,GEORGIAN BAY,5,451441,-805231,17,77.8,2014-08-12 03:22:00,1640,1.00,.00,0.01000000,,0,7.070000,CL-F,CHLORIDE,MG/L,45.24472,-80.87528
201405003,2014-12-03 10:30:37,CCGS LIMNOS,GEORGIAN BAY,5,451441,-805231,17,77.8,2014-08-12 03:22:00,1640,1.00,.00,0.01000000,,1,7.080000,CL-F,CHLORIDE,MG/L,45.24472,-80.87528
201405003,2014-12-03 10:30:37,CCGS LIMNOS,GEORGIAN BAY,5,451441,-805231,17,77.8,2014-08-12 03:22:00,1640,6.00,.00,0.01000000,,0,7.040000,CL-F,CHLORIDE,MG/L,45.24472,-80.87528
201405003,2014-12-03 10:30:37,CCGS LIMNOS,GEORGIAN BAY,5,451441,-805231,17,77.8,2014-08-12 03:22:00,1640,17.00,.00,0.01000000,,0,7.030000,CL-F,CHLORIDE,MG/L,45.24472,-80.87528
201405003,2014-12-03 10:30:37,CCGS LIMNOS,GEORGIAN BAY,5,451441,-805231,17,77.8,2014-08-12 03:22:00,1640,28.00,.00,0.01000000,,0,6.980000,CL-F,CHLORIDE,MG/L,45.24472,-80.87528
201405003,2014-12-03 10:30:37,CCGS LIMNOS,GEORGIAN BAY,5,451441,-805231,17,77.8,2014-08-12 03:22:00,1640,67.00,.00,0.01000000,,0,7.020000,CL-F,CHLORIDE,MG/L,45.24472,-80.87528
201405003,2014-12-03 10:30:37,CCGS LIMNOS,GEORGIAN BAY,5,451441,-805231,17,77.8,2014-08-12 03:22:00,1640,75.00,.00,0.01000000,,0,6.990000,CL-F,CHLORIDE,MG/L,45.24472,-80.87528
201405003,2014-12-03 10:30:37,CCGS LIMNOS,GEORGIAN BAY,6,450400,-811514,19,52.6,2014-08-12 06:07:00,1640,1.00,.00,0.01000000,,0,6.950000,CL-F,CHLORIDE,MG/L,45.06667,-81.25389
201405003,2014-12-03 10:30:37,CCGS LIMNOS,GEORGIAN BAY,7,444302,-805123,1,89.5,2014-08-12 22:36:00,1640,1.00,.00,0.01000000,,0,6.940000,CL-F,CHLORIDE,MG/L,44.71722,-80.85639
201405003,2014-12-03 10:30:37,CCGS LIMNOS,GEORGIAN BAY,7,444302,-805123,1,89.5,2014-08-12 22:36:00,1640,10.00,.00,0.01000000,,0,6.960000,CL-F,CHLORIDE,MG/L,44.71722,-80.85639
201405003,2014-12-03 10:30:37,CCGS LIMNOS,GEORGIAN BAY,7,444302,-805123,1,89.5,2014-08-12 22:36:00,1640,13.00,.00,0.01000000,,0,6.930000,CL-F,CHLORIDE,MG/L,44.71722,-80.85639
201405003,2014-12-03 10:30:37,CCGS LIMNOS,GEORGIAN BAY,7,444302,-805123,1,89.5,2014-08-12 22:36:00,1640,44.00,.00,0.01000000,,0,6.950000,CL-F,CHLORIDE,MG/L,44.71722,-80.85639
201405003,2014-12-03 10:30:37,CCGS LIMNOS,GEORGIAN BAY,7,444302,-805123,1,89.5,2014-08-12 22:36:00,1640,79.00,.00,0.01000000,,0,6.980000,CL-F,CHLORIDE,MG/L,44.71722,-80.85639
201405003,2014-12-03 10:30:37,CCGS LIMNOS,GEORGIAN BAY,7,444302,-805123,1,89.5,2014-08-12 22:36:00,1640,87.00,.00,0.01000000,,0,7.020000,CL-F,CHLORIDE,MG/L,44.71722,-80.85639
201405003,2014-12-03 10:30:37,CCGS LIMNOS,GEORGIAN BAY,8,445517,-803622,11,61.1,2014-08-13 00:53:00,1640,1.00,.00,0.01000000,,0,7.090000,CL-F,CHLORIDE,MG/L,44.92139,-80.60611
201405003,2014-12-03 10:30:37,CCGS LIMNOS,GEORGIAN BAY,9,445512,-805227,12,88,2014-08-13 02:19:00,1640,1.00,.00,0.01000000,,0,6.940000,CL-F,CHLORIDE,MG/L,44.92000,-80.87417
201405001,2014-12-03 10:26:42,CCGS LIMNOS,GEORGIAN BAY,1,453140,-814010,35,34.7,2014-05-11 19:35:00,1641,1.00,.00,0.01000000,,0,14.200000,SO4-F,SULPHATE,MG/L,45.52778,-81.66944
201405001,2014-12-03 10:26:42,CCGS LIMNOS,GEORGIAN BAY,2,454232,-813712,36,51.8,2014-05-11 21:00:00,1641,1.00,.00,0.01000000,,0,13.900000,SO4-F,SULPHATE,MG/L,45.70889,-81.62000
201405001,2014-12-03 10:26:42,CCGS LIMNOS,GEORGIAN BAY,3,455447,-813544,42,23.3,2014-05-11 23:00:00,1641,1.00,.00,0.01000000,,0,13.300000,SO4-F,SULPHATE,MG/L,45.91306,-81.59556
201405001,2014-12-03 10:26:42,CCGS LIMNOS,GEORGIAN BAY,3,455447,-813544,42,23.3,2014-05-11 23:00:00,1641,13.00,.00,0.01000000,,0,13.300000,SO4-F,SULPHATE,MG/L,45.91306,-81.59556
201405001,2014-12-03 10:26:42,CCGS LIMNOS,GEORGIAN BAY,3,455447,-813544,42,23.3,2014-05-11 23:00:00,1641,21.00,.00,0.01000000,,0,13.300000,SO4-F,SULPHATE,MG/L,45.91306,-81.59556
201405001,2014-12-03 10:26:42,CCGS LIMNOS,GEORGIAN BAY,4,455224,-811530,39,27.2,2014-05-12 01:20:00,1641,1.00,.00,0.01000000,,0,12.600000,SO4-F,SULPHATE,MG/L,45.87333,-81.25833
201405001,2014-12-03 10:26:42,CCGS LIMNOS,GEORGIAN BAY,5,455200,-810000,27,12.2,2014-05-12 02:50:00,1641,1.00,.00,0.01000000,,0,9.270000,SO4-F,SULPHATE,MG/L,45.86667,-81.00000
201405001,2014-12-03 10:26:42,CCGS LIMNOS,GEORGIAN BAY,5,455200,-810000,27,12.2,2014-05-12 02:50:00,1641,1.00,.00,0.01000000,,1,9.260000,SO4-F,SULPHATE,MG/L,45.86667,-81.00000
201405001,2014-12-03 10:26:42,CCGS LIMNOS,GEORGIAN BAY,5,455200,-810000,27,12.2,2014-05-12 02:50:00,1641,10.00,.00,0.01000000,,0,9.260000,SO4-F,SULPHATE,MG/L,45.86667,-81.00000
201405001,2014-12-03 10:26:42,CCGS LIMNOS,GEORGIAN BAY,6,455001,-805400,26,20.5,2014-05-12 03:50:00,1641,1.00,.00,0.01000000,,0,11.700000,SO4-F,SULPHATE,MG/L,45.83361,-80.90000
201405001,2014-12-03 10:26:42,CCGS LIMNOS,GEORGIAN BAY,7,454044,-805021,24,39.7,2014-05-12 05:05:00,1641,1.00,.00,0.01000000,,0,13.800000,SO4-F,SULPHATE,MG/L,45.67889,-80.83917
201405001,2014-12-03 10:26:42,CCGS LIMNOS,GEORGIAN BAY,8,453501,-810459,29,42.7,2014-05-12 06:50:00,1641,1.00,.00,0.01000000,,0,14.000000,SO4-F,SULPHATE,MG/L,45.58361,-81.08306
201405001,2014-12-03 10:26:42,CCGS LIMNOS,GEORGIAN BAY,8,453501,-810459,29,42.7,2014-05-12 06:50:00,1641,40.00,.00,0.01000000,,0,14.000000,SO4-F,SULPHATE,MG/L,45.58361,-81.08306
201405001,2014-12-03 10:26:42,CCGS LIMNOS,GEORGIAN BAY,9,452153,-811126,21,85.4,2014-05-12 09:00:00,1641,1.00,.00,0.01000000,,0,14.200000,SO4-F,SULPHATE,MG/L,45.36472,-81.19056
201405001,2014-12-03 10:26:42,CCGS LIMNOS,GEORGIAN BAY,10,451442,-805232,17,77.6,2014-05-12 11:00:00,1641,1.00,.00,0.01000000,,0,14.200000,SO4-F,SULPHATE,MG/L,45.24500,-80.87556
201405001,2014-12-03 10:26:42,CCGS LIMNOS,GEORGIAN BAY,10,451442,-805232,17,77.6,2014-05-12 11:00:00,1641,1.00,.00,0.01000000,,1,14.200000,SO4-F,SULPHATE,MG/L,45.24500,-80.87556
201405001,2014-12-03 10:26:42,CCGS LIMNOS,GEORGIAN BAY,10,451442,-805232,17,77.6,2014-05-12 11:00:00,1641,50.00,.00,0.01000000,,0,14.300000,SO4-F,SULPHATE,MG/L,45.24500,-80.87556
201405001,2014-12-03 10:26:42,CCGS LIMNOS,GEORGIAN BAY,10,451442,-805232,17,77.6,2014-05-12 11:00:00,1641,67.00,.00,0.01000000,,0,14.200000,SO4-F,SULPHATE,MG/L,45.24500,-80.87556
201405001,2014-12-03 10:26:42,CCGS LIMNOS,GEORGIAN BAY,10,451442,-805232,17,77.6,2014-05-12 11:00:00,1641,75.00,.00,0.01000000,,0,14.300000,SO4-F,SULPHATE,MG/L,45.24500,-80.87556
201405001,2014-12-03 10:26:42,CCGS LIMNOS,GEORGIAN BAY,10,451442,-805232,17,77.6,2014-05-12 11:00:00,1641,998.00,.00,0.01000000,<,0,.010000,SO4-F,SULPHATE,MG/L,45.24500,-80.87556
201405001,2014-12-03 10:26:42,CCGS LIMNOS,GEORGIAN BAY,10,451442,-805232,17,77.6,2014-05-12 11:00:00,1641,999.00,.00,0.01000000,<,0,.010000,SO4-F,SULPHATE,MG/L,45.24500,-80.87556
201405001,2014-12-03 10:26:42,CCGS LIMNOS,GEORGIAN BAY,11,452113,-802913,16,22,2014-05-12 13:55:00,1641,1.00,.00,0.01000000,,0,13.900000,SO4-F,SULPHATE,MG/L,45.35361,-80.48694
201405001,2014-12-03 10:26:42,CCGS LIMNOS,GEORGIAN BAY,12,451928,-800700,122,95.7,2014-05-12 15:55:00,1641,1.00,.00,0.01000000,,0,8.610000,SO4-F,SULPHATE,MG/L,45.32444,-80.11667
201405001,2014-12-03 10:26:42,CCGS LIMNOS,GEORGIAN BAY,13,451000,-801750,15,46.2,2014-05-12 19:00:00,1641,1.00,.00,0.01000000,,0,14.000000,SO4-F,SULPHATE,MG/L,45.16667,-80.29722
201405001,2014-12-03 10:26:42,CCGS LIMNOS,GEORGIAN BAY,14,445710,-800854,8,49.6,2014-05-12 20:48:00,1641,1.00,.00,0.01000000,,0,13.600000,SO4-F,SULPHATE,MG/L,44.95278,-80.14833
201405001,2014-12-03 10:26:42,CCGS LIMNOS,GEORGIAN BAY,15,445218,-795804,9,29.6,2014-05-12 22:10:00,1641,1.00,.00,0.01000000,,0,11.100000,SO4-F,SULPHATE,MG/L,44.87167,-79.96778
201405001,2014-12-03 10:26:42,CCGS LIMNOS,GEORGIAN BAY,15,445218,-795804,9,29.6,2014-05-12 22:10:00,1641,1.00,.00,0.01000000,,1,11.100000,SO4-F,SULPHATE,MG/L,44.87167,-79.96778
201405001,2014-12-03 10:26:42,CCGS LIMNOS,GEORGIAN BAY,15,445218,-795804,9,29.6,2014-05-12 22:10:00,1641,19.00,.00,0.01000000,,0,11.200000,SO4-F,SULPHATE,MG/L,44.87167,-79.96778
201405001,2014-12-03 10:26:42,CCGS LIMNOS,GEORGIAN BAY,15,445218,-795804,9,29.6,2014-05-12 22:10:00,1641,27.00,.00,0.01000000,,0,11.500000,SO4-F,SULPHATE,MG/L,44.87167,-79.96778
201405001,2014-12-03 10:26:42,CCGS LIMNOS,GEORGIAN BAY,16,444748,-801436,5,58.5,2014-05-13 00:25:00,1641,1.00,.00,0.01000000,,0,14.100000,SO4-F,SULPHATE,MG/L,44.79667,-80.24333
201405001,2014-12-03 10:26:42,CCGS LIMNOS,GEORGIAN BAY,17,443846,-801000,4,57.8,2014-05-13 02:00:00,1641,1.00,.00,0.01000000,,0,14.200000,SO4-F,SULPHATE,MG/L,44.64611,-80.16667
201405001,2014-12-03 10:26:42,CCGS LIMNOS,GEORGIAN BAY,17,443846,-801000,4,57.8,2014-05-13 02:00:00,1641,48.00,.00,0.01000000,,0,14.100000,SO4-F,SULPHATE,MG/L,44.64611,-80.16667
201405001,2014-12-03 10:26:42,CCGS LIMNOS,GEORGIAN BAY,17,443846,-801000,4,57.8,2014-05-13 02:00:00,1641,56.00,.00,0.01000000,,0,14.100000,SO4-F,SULPHATE,MG/L,44.64611,-80.16667
201405001,2014-12-03 10:26:42,CCGS LIMNOS,GEORGIAN BAY,18,444412,-802606,6,87.1,2014-05-13 04:00:00,1641,1.00,.00,0.01000000,,0,14.100000,SO4-F,SULPHATE,MG/L,44.73667,-80.43500
201405001,2014-12-03 10:26:42,CCGS LIMNOS,GEORGIAN BAY,19,444330,-803658,3,33.7,2014-05-13 05:10:00,1641,1.00,.00,0.01000000,,0,14.200000,SO4-F,SULPHATE,MG/L,44.72500,-80.61611
201405001,2014-12-03 10:26:42,CCGS LIMNOS,GEORGIAN BAY,20,444305,-805126,1,88.9,2014-05-13 06:50:00,1641,1.00,.00,0.01000000,,0,14.300000,SO4-F,SULPHATE,MG/L,44.71806,-80.85722
201405001,2014-12-03 10:26:42,CCGS LIMNOS,GEORGIAN BAY,20,444305,-805126,1,88.9,2014-05-13 06:50:00,1641,1.00,.00,0.01000000,,1,14.300000,SO4-F,SULPHATE,MG/L,44.71806,-80.85722
201405001,2014-12-03 10:26:42,CCGS LIMNOS,GEORGIAN BAY,20,444305,-805126,1,88.9,2014-05-13 06:50:00,1641,50.00,.00,0.01000000,,0,14.300000,SO4-F,SULPHATE,MG/L,44.71806,-80.85722
201405001,2014-12-03 10:26:42,CCGS LIMNOS,GEORGIAN BAY,20,444305,-805126,1,88.9,2014-05-13 06:50:00,1641,79.00,.00,0.01000000,,0,14.300000,SO4-F,SULPHATE,MG/L,44.71806,-80.85722
201405001,2014-12-03 10:26:42,CCGS LIMNOS,GEORGIAN BAY,20,444305,-805126,1,88.9,2014-05-13 06:50:00,1641,87.00,.00,0.01000000,,0,14.300000,SO4-F,SULPHATE,MG/L,44.71806,-80.85722
201405001,2014-12-03 10:26:42,CCGS LIMNOS,GEORGIAN BAY,20,444305,-805126,1,88.9,2014-05-13 06:50:00,1641,998.00,.00,0.01000000,,0,.030000,SO4-F,SULPHATE,MG/L,44.71806,-80.85722
201405001,2014-12-03 10:26:42,CCGS LIMNOS,GEORGIAN BAY,20,444305,-805126,1,88.9,2014-05-13 06:50:00,1641,999.00,.00,0.01000000,<,0,.010000,SO4-F,SULPHATE,MG/L,44.71806,-80.85722
201405001,2014-12-03 10:26:42,CCGS LIMNOS,GEORGIAN BAY,21,445516,-803627,11,60.3,2014-05-13 09:32:00,1641,1.00,.00,0.01000000,,0,14.100000,SO4-F,SULPHATE,MG/L,44.92111,-80.60750
201405001,2014-12-03 10:26:42,CCGS LIMNOS,GEORGIAN BAY,22,445511,-805231,12,88.1,2014-05-13 11:00:00,1641,1.00,.00,0.01000000,,0,14.200000,SO4-F,SULPHATE,MG/L,44.91972,-80.87528
201405001,2014-12-03 10:26:42,CCGS LIMNOS,GEORGIAN BAY,23,450359,-811514,19,51.5,2014-05-13 13:20:00,1641,1.00,.00,0.01000000,,0,14.400000,SO4-F,SULPHATE,MG/L,45.06639,-81.25389
201405001,2014-12-03 10:26:42,CCGS LIMNOS,GEORGIAN BAY,24,451418,-812626,31,64.5,2014-05-13 16:10:00,1641,1.00,.00,0.01000000,,0,14.600000,SO4-F,SULPHATE,MG/L,45.23833,-81.44056
201405001,2014-12-03 10:26:42,CCGS LIMNOS,GEORGIAN BAY,25,452213,-813507,33,51,2014-05-13 17:50:00,1641,1.00,.00,0.01000000,,0,14.500000,SO4-F,SULPHATE,MG/L,45.37028,-81.58528
201405001,2014-12-03 10:26:42,CCGS LIMNOS,GEORGIAN BAY,25,452213,-813507,33,51,2014-05-13 17:50:00,1641,1.00,.00,0.01000000,,1,14.500000,SO4-F,SULPHATE,MG/L,45.37028,-81.58528
201405001,2014-12-03 10:26:42,CCGS LIMNOS,GEORGIAN BAY,25,452213,-813507,33,51,2014-05-13 17:50:00,1641,41.00,.00,0.01000000,,0,14.400000,SO4-F,SULPHATE,MG/L,45.37028,-81.58528
201405001,2014-12-03 10:26:42,CCGS LIMNOS,GEORGIAN BAY,25,452213,-813507,33,51,2014-05-13 17:50:00,1641,49.00,.00,0.01000000,,0,14.600000,SO4-F,SULPHATE,MG/L,45.37028,-81.58528
201405003,2014-12-03 10:30:37,CCGS LIMNOS,GEORGIAN BAY,1,452213,-813507,33,54,2014-08-11 18:58:00,1641,1.00,.00,0.01000000,,0,14.700000,SO4-F,SULPHATE,MG/L,45.37028,-81.58528
201405003,2014-12-03 10:30:37,CCGS LIMNOS,GEORGIAN BAY,1,452213,-813507,33,54,2014-08-11 18:58:00,1641,4.00,.00,0.01000000,,0,14.700000,SO4-F,SULPHATE,MG/L,45.37028,-81.58528
201405003,2014-12-03 10:30:37,CCGS LIMNOS,GEORGIAN BAY,1,452213,-813507,33,54,2014-08-11 18:58:00,1641,12.00,.00,0.01000000,,0,14.600000,SO4-F,SULPHATE,MG/L,45.37028,-81.58528
201405003,2014-12-03 10:30:37,CCGS LIMNOS,GEORGIAN BAY,1,452213,-813507,33,54,2014-08-11 18:58:00,1641,22.00,.00,0.01000000,,0,14.500000,SO4-F,SULPHATE,MG/L,45.37028,-81.58528
201405003,2014-12-03 10:30:37,CCGS LIMNOS,GEORGIAN BAY,1,452213,-813507,33,54,2014-08-11 18:58:00,1641,44.00,.00,0.01000000,,0,14.300000,SO4-F,SULPHATE,MG/L,45.37028,-81.58528
201405003,2014-12-03 10:30:37,CCGS LIMNOS,GEORGIAN BAY,1,452213,-813507,33,54,2014-08-11 18:58:00,1641,52.00,.00,0.01000000,,0,14.400000,SO4-F,SULPHATE,MG/L,45.37028,-81.58528
201405003,2014-12-03 10:30:37,CCGS LIMNOS,GEORGIAN BAY,2,451417,-812629,31,63.9,2014-08-11 20:30:00,1641,1.00,.00,0.01000000,,0,14.400000,SO4-F,SULPHATE,MG/L,45.23806,-81.44139
201405003,2014-12-03 10:30:37,CCGS LIMNOS,GEORGIAN BAY,3,452153,-811126,21,86,2014-08-11 22:11:00,1641,1.00,.00,0.01000000,,0,13.700000,SO4-F,SULPHATE,MG/L,45.36472,-81.19056
201405003,2014-12-03 10:30:37,CCGS LIMNOS,GEORGIAN BAY,4,453506,-810506,29,42.8,2014-08-12 00:19:00,1641,1.00,.00,0.01000000,,0,14.300000,SO4-F,SULPHATE,MG/L,45.58500,-81.08500
201405003,2014-12-03 10:30:37,CCGS LIMNOS,GEORGIAN BAY,4,453506,-810506,29,42.8,2014-08-12 00:19:00,1641,4.00,.00,0.01000000,,0,14.300000,SO4-F,SULPHATE,MG/L,45.58500,-81.08500
201405003,2014-12-03 10:30:37,CCGS LIMNOS,GEORGIAN BAY,4,453506,-810506,29,42.8,2014-08-12 00:19:00,1641,14.00,.00,0.01000000,,0,14.500000,SO4-F,SULPHATE,MG/L,45.58500,-81.08500
201405003,2014-12-03 10:30:37,CCGS LIMNOS,GEORGIAN BAY,4,453506,-810506,29,42.8,2014-08-12 00:19:00,1641,24.00,.00,0.01000000,,0,13.800000,SO4-F,SULPHATE,MG/L,45.58500,-81.08500
201405003,2014-12-03 10:30:37,CCGS LIMNOS,GEORGIAN BAY,4,453506,-810506,29,42.8,2014-08-12 00:19:00,1641,32.50,.00,0.01000000,,0,13.800000,SO4-F,SULPHATE,MG/L,45.58500,-81.08500
201405003,2014-12-03 10:30:37,CCGS LIMNOS,GEORGIAN BAY,4,453506,-810506,29,42.8,2014-08-12 00:19:00,1641,40.50,.00,0.01000000,,0,13.900000,SO4-F,SULPHATE,MG/L,45.58500,-81.08500
201405003,2014-12-03 10:30:37,CCGS LIMNOS,GEORGIAN BAY,5,451441,-805231,17,77.8,2014-08-12 03:22:00,1641,1.00,.00,0.01000000,,0,13.700000,SO4-F,SULPHATE,MG/L,45.24472,-80.87528
201405003,2014-12-03 10:30:37,CCGS LIMNOS,GEORGIAN BAY,5,451441,-805231,17,77.8,2014-08-12 03:22:00,1641,1.00,.00,0.01000000,,1,13.700000,SO4-F,SULPHATE,MG/L,45.24472,-80.87528
201405003,2014-12-03 10:30:37,CCGS LIMNOS,GEORGIAN BAY,5,451441,-805231,17,77.8,2014-08-12 03:22:00,1641,6.00,.00,0.01000000,,0,13.600000,SO4-F,SULPHATE,MG/L,45.24472,-80.87528
201405003,2014-12-03 10:30:37,CCGS LIMNOS,GEORGIAN BAY,5,451441,-805231,17,77.8,2014-08-12 03:22:00,1641,17.00,.00,0.01000000,,0,13.600000,SO4-F,SULPHATE,MG/L,45.24472,-80.87528
201405003,2014-12-03 10:30:37,CCGS LIMNOS,GEORGIAN BAY,5,451441,-805231,17,77.8,2014-08-12 03:22:00,1641,28.00,.00,0.01000000,,0,13.800000,SO4-F,SULPHATE,MG/L,45.24472,-80.87528
201405003,2014-12-03 10:30:37,CCGS LIMNOS,GEORGIAN BAY,5,451441,-805231,17,77.8,2014-08-12 03:22:00,1641,67.00,.00,0.01000000,,0,14.000000,SO4-F,SULPHATE,MG/L,45.24472,-80.87528
201405003,2014-12-03 10:30:37,CCGS LIMNOS,GEORGIAN BAY,5,451441,-805231,17,77.8,2014-08-12 03:22:00,1641,75.00,.00,0.01000000,,0,13.900000,SO4-F,SULPHATE,MG/L,45.24472,-80.87528
201405003,2014-12-03 10:30:37,CCGS LIMNOS,GEORGIAN BAY,6,450400,-811514,19,52.6,2014-08-12 06:07:00,1641,1.00,.00,0.01000000,,0,14.200000,SO4-F,SULPHATE,MG/L,45.06667,-81.25389
201405003,2014-12-03 10:30:37,CCGS LIMNOS,GEORGIAN BAY,7,444302,-805123,1,89.5,2014-08-12 22:36:00,1641,1.00,.00,0.01000000,,0,14.000000,SO4-F,SULPHATE,MG/L,44.71722,-80.85639
201405003,2014-12-03 10:30:37,CCGS LIMNOS,GEORGIAN BAY,7,444302,-805123,1,89.5,2014-08-12 22:36:00,1641,10.00,.00,0.01000000,,0,14.000000,SO4-F,SULPHATE,MG/L,44.71722,-80.85639
201405003,2014-12-03 10:30:37,CCGS LIMNOS,GEORGIAN BAY,7,444302,-805123,1,89.5,2014-08-12 22:36:00,1641,13.00,.00,0.01000000,,0,14.000000,SO4-F,SULPHATE,MG/L,44.71722,-80.85639
201405003,2014-12-03 10:30:37,CCGS LIMNOS,GEORGIAN BAY,7,444302,-805123,1,89.5,2014-08-12 22:36:00,1641,44.00,.00,0.01000000,,0,14.000000,SO4-F,SULPHATE,MG/L,44.71722,-80.85639
201405003,2014-12-03 10:30:37,CCGS LIMNOS,GEORGIAN BAY,7,444302,-805123,1,89.5,2014-08-12 22:36:00,1641,79.00,.00,0.01000000,,0,14.000000,SO4-F,SULPHATE,MG/L,44.71722,-80.85639
201405003,2014-12-03 10:30:37,CCGS LIMNOS,GEORGIAN BAY,7,444302,-805123,1,89.5,2014-08-12 22:36:00,1641,87.00,.00,0.01000000,,0,14.100000,SO4-F,SULPHATE,MG/L,44.71722,-80.85639
201405003,2014-12-03 10:30:37,CCGS LIMNOS,GEORGIAN BAY,8,445517,-803622,11,61.1,2014-08-13 00:53:00,1641,1.00,.00,0.01000000,,0,13.400000,SO4-F,SULPHATE,MG/L,44.92139,-80.60611
201405003,2014-12-03 10:30:37,CCGS LIMNOS,GEORGIAN BAY,9,445512,-805227,12,88,2014-08-13 02:19:00,1641,1.00,.00,0.01000000,,0,14.000000,SO4-F,SULPHATE,MG/L,44.92000,-80.87417
201405001,2014-12-03 10:26:42,CCGS LIMNOS,GEORGIAN BAY,1,453140,-814010,35,34.7,2014-05-11 19:35:00,2036,1.00,.00,0.00050000,,0,.001500,TP-P-UF,TOTAL PHOSPHOROUS,MG/L,45.52778,-81.66944
201405001,2014-12-03 10:26:42,CCGS LIMNOS,GEORGIAN BAY,2,454232,-813712,36,51.8,2014-05-11 21:00:00,2036,1.00,.00,0.00050000,,0,.002100,TP-P-UF,TOTAL PHOSPHOROUS,MG/L,45.70889,-81.62000
201405001,2014-12-03 10:26:42,CCGS LIMNOS,GEORGIAN BAY,3,455447,-813544,42,23.3,2014-05-11 23:00:00,2036,1.00,.00,0.00050000,,0,.002200,TP-P-UF,TOTAL PHOSPHOROUS,MG/L,45.91306,-81.59556
201405001,2014-12-03 10:26:42,CCGS LIMNOS,GEORGIAN BAY,3,455447,-813544,42,23.3,2014-05-11 23:00:00,2036,13.00,.00,0.00050000,,0,.002500,TP-P-UF,TOTAL PHOSPHOROUS,MG/L,45.91306,-81.59556
201405001,2014-12-03 10:26:42,CCGS LIMNOS,GEORGIAN BAY,3,455447,-813544,42,23.3,2014-05-11 23:00:00,2036,21.00,.00,0.00050000,,0,.002400,TP-P-UF,TOTAL PHOSPHOROUS,MG/L,45.91306,-81.59556
201405001,2014-12-03 10:26:42,CCGS LIMNOS,GEORGIAN BAY,4,455224,-811530,39,27.2,2014-05-12 01:20:00,2036,1.00,.00,0.00050000,,0,.002800,TP-P-UF,TOTAL PHOSPHOROUS,MG/L,45.87333,-81.25833
201405001,2014-12-03 10:26:42,CCGS LIMNOS,GEORGIAN BAY,5,455200,-810000,27,12.2,2014-05-12 02:50:00,2036,1.00,.00,0.00050000,,0,.006200,TP-P-UF,TOTAL PHOSPHOROUS,MG/L,45.86667,-81.00000
201405001,2014-12-03 10:26:42,CCGS LIMNOS,GEORGIAN BAY,5,455200,-810000,27,12.2,2014-05-12 02:50:00,2036,1.00,.00,0.00050000,,1,.005600,TP-P-UF,TOTAL PHOSPHOROUS,MG/L,45.86667,-81.00000
201405001,2014-12-03 10:26:42,CCGS LIMNOS,GEORGIAN BAY,5,455200,-810000,27,12.2,2014-05-12 02:50:00,2036,10.00,.00,0.00050000,,0,.005500,TP-P-UF,TOTAL PHOSPHOROUS,MG/L,45.86667,-81.00000
201405001,2014-12-03 10:26:42,CCGS LIMNOS,GEORGIAN BAY,6,455001,-805400,26,20.5,2014-05-12 03:50:00,2036,1.00,.00,0.00050000,,0,.002600,TP-P-UF,TOTAL PHOSPHOROUS,MG/L,45.83361,-80.90000
201405001,2014-12-03 10:26:42,CCGS LIMNOS,GEORGIAN BAY,7,454044,-805021,24,39.7,2014-05-12 05:05:00,2036,1.00,.00,0.00050000,,0,.001800,TP-P-UF,TOTAL PHOSPHOROUS,MG/L,45.67889,-80.83917
201405001,2014-12-03 10:26:42,CCGS LIMNOS,GEORGIAN BAY,8,453501,-810459,29,42.7,2014-05-12 06:50:00,2036,1.00,.00,0.00050000,,0,.001800,TP-P-UF,TOTAL PHOSPHOROUS,MG/L,45.58361,-81.08306
201405001,2014-12-03 10:26:42,CCGS LIMNOS,GEORGIAN BAY,8,453501,-810459,29,42.7,2014-05-12 06:50:00,2036,40.00,.00,0.00050000,,0,.001600,TP-P-UF,TOTAL PHOSPHOROUS,MG/L,45.58361,-81.08306
201405001,2014-12-03 10:26:42,CCGS LIMNOS,GEORGIAN BAY,9,452153,-811126,21,85.4,2014-05-12 09:00:00,2036,1.00,.00,0.00050000,,0,.001800,TP-P-UF,TOTAL PHOSPHOROUS,MG/L,45.36472,-81.19056
201405001,2014-12-03 10:26:42,CCGS LIMNOS,GEORGIAN BAY,10,451442,-805232,17,77.6,2014-05-12 11:00:00,2036,1.00,.00,0.00050000,,0,.001600,TP-P-UF,TOTAL PHOSPHOROUS,MG/L,45.24500,-80.87556
201405001,2014-12-03 10:26:42,CCGS LIMNOS,GEORGIAN BAY,10,451442,-805232,17,77.6,2014-05-12 11:00:00,2036,1.00,.00,0.00050000,,1,.001600,TP-P-UF,TOTAL PHOSPHOROUS,MG/L,45.24500,-80.87556
201405001,2014-12-03 10:26:42,CCGS LIMNOS,GEORGIAN BAY,10,451442,-805232,17,77.6,2014-05-12 11:00:00,2036,50.00,.00,0.00050000,,0,.001500,TP-P-UF,TOTAL PHOSPHOROUS,MG/L,45.24500,-80.87556
201405001,2014-12-03 10:26:42,CCGS LIMNOS,GEORGIAN BAY,10,451442,-805232,17,77.6,2014-05-12 11:00:00,2036,67.00,.00,0.00050000,,0,.001400,TP-P-UF,TOTAL PHOSPHOROUS,MG/L,45.24500,-80.87556
201405001,2014-12-03 10:26:42,CCGS LIMNOS,GEORGIAN BAY,10,451442,-805232,17,77.6,2014-05-12 11:00:00,2036,75.00,.00,0.00050000,,0,.001600,TP-P-UF,TOTAL PHOSPHOROUS,MG/L,45.24500,-80.87556
201405001,2014-12-03 10:26:42,CCGS LIMNOS,GEORGIAN BAY,10,451442,-805232,17,77.6,2014-05-12 11:00:00,2036,998.00,.00,0.00050000,<,0,.000500,TP-P-UF,TOTAL PHOSPHOROUS,MG/L,45.24500,-80.87556
201405001,2014-12-03 10:26:42,CCGS LIMNOS,GEORGIAN BAY,10,451442,-805232,17,77.6,2014-05-12 11:00:00,2036,999.00,.00,0.00050000,<,0,.000500,TP-P-UF,TOTAL PHOSPHOROUS,MG/L,45.24500,-80.87556
201405001,2014-12-03 10:26:42,CCGS LIMNOS,GEORGIAN BAY,11,452113,-802913,16,22,2014-05-12 13:55:00,2036,1.00,.00,0.00050000,,0,.001300,TP-P-UF,TOTAL PHOSPHOROUS,MG/L,45.35361,-80.48694
201405001,2014-12-03 10:26:42,CCGS LIMNOS,GEORGIAN BAY,12,451928,-800700,122,95.7,2014-05-12 15:55:00,2036,1.00,.00,0.00050000,,0,.005000,TP-P-UF,TOTAL PHOSPHOROUS,MG/L,45.32444,-80.11667
201405001,2014-12-03 10:26:42,CCGS LIMNOS,GEORGIAN BAY,13,451000,-801750,15,46.2,2014-05-12 19:00:00,2036,1.00,.00,0.00050000,,0,.001500,TP-P-UF,TOTAL PHOSPHOROUS,MG/L,45.16667,-80.29722
201405001,2014-12-03 10:26:42,CCGS LIMNOS,GEORGIAN BAY,14,445710,-800854,8,49.6,2014-05-12 20:48:00,2036,1.00,.00,0.00050000,,0,.001900,TP-P-UF,TOTAL PHOSPHOROUS,MG/L,44.95278,-80.14833
201405001,2014-12-03 10:26:42,CCGS LIMNOS,GEORGIAN BAY,15,445218,-795804,9,29.6,2014-05-12 22:10:00,2036,1.00,.00,0.00050000,,0,.004800,TP-P-UF,TOTAL PHOSPHOROUS,MG/L,44.87167,-79.96778
201405001,2014-12-03 10:26:42,CCGS LIMNOS,GEORGIAN BAY,15,445218,-795804,9,29.6,2014-05-12 22:10:00,2036,1.00,.00,0.00050000,,1,.004900,TP-P-UF,TOTAL PHOSPHOROUS,MG/L,44.87167,-79.96778
201405001,2014-12-03 10:26:42,CCGS LIMNOS,GEORGIAN BAY,15,445218,-795804,9,29.6,2014-05-12 22:10:00,2036,19.00,.00,0.00050000,,0,.004400,TP-P-UF,TOTAL PHOSPHOROUS,MG/L,44.87167,-79.96778
201405001,2014-12-03 10:26:42,CCGS LIMNOS,GEORGIAN BAY,15,445218,-795804,9,29.6,2014-05-12 22:10:00,2036,27.00,.00,0.00050000,,0,.003800,TP-P-UF,TOTAL PHOSPHOROUS,MG/L,44.87167,-79.96778
201405001,2014-12-03 10:26:42,CCGS LIMNOS,GEORGIAN BAY,16,444748,-801436,5,58.5,2014-05-13 00:25:00,2036,1.00,.00,0.00050000,,0,.002000,TP-P-UF,TOTAL PHOSPHOROUS,MG/L,44.79667,-80.24333
201405001,2014-12-03 10:26:42,CCGS LIMNOS,GEORGIAN BAY,17,443846,-801000,4,57.8,2014-05-13 02:00:00,2036,1.00,.00,0.00050000,,0,.001800,TP-P-UF,TOTAL PHOSPHOROUS,MG/L,44.64611,-80.16667
201405001,2014-12-03 10:26:42,CCGS LIMNOS,GEORGIAN BAY,17,443846,-801000,4,57.8,2014-05-13 02:00:00,2036,48.00,.00,0.00050000,,0,.001300,TP-P-UF,TOTAL PHOSPHOROUS,MG/L,44.64611,-80.16667
201405001,2014-12-03 10:26:42,CCGS LIMNOS,GEORGIAN BAY,17,443846,-801000,4,57.8,2014-05-13 02:00:00,2036,56.00,.00,0.00050000,,0,.012500,TP-P-UF,TOTAL PHOSPHOROUS,MG/L,44.64611,-80.16667
201405001,2014-12-03 10:26:42,CCGS LIMNOS,GEORGIAN BAY,18,444412,-802606,6,87.1,2014-05-13 04:00:00,2036,1.00,.00,0.00050000,,0,.002900,TP-P-UF,TOTAL PHOSPHOROUS,MG/L,44.73667,-80.43500
201405001,2014-12-03 10:26:42,CCGS LIMNOS,GEORGIAN BAY,19,444330,-803658,3,33.7,2014-05-13 05:10:00,2036,1.00,.00,0.00050000,,0,.001700,TP-P-UF,TOTAL PHOSPHOROUS,MG/L,44.72500,-80.61611
201405001,2014-12-03 10:26:42,CCGS LIMNOS,GEORGIAN BAY,20,444305,-805126,1,88.9,2014-05-13 06:50:00,2036,1.00,.00,0.00050000,,0,.002200,TP-P-UF,TOTAL PHOSPHOROUS,MG/L,44.71806,-80.85722
201405001,2014-12-03 10:26:42,CCGS LIMNOS,GEORGIAN BAY,20,444305,-805126,1,88.9,2014-05-13 06:50:00,2036,1.00,.00,0.00050000,,1,.002600,TP-P-UF,TOTAL PHOSPHOROUS,MG/L,44.71806,-80.85722
201405001,2014-12-03 10:26:42,CCGS LIMNOS,GEORGIAN BAY,20,444305,-805126,1,88.9,2014-05-13 06:50:00,2036,50.00,.00,0.00050000,,0,.011000,TP-P-UF,TOTAL PHOSPHOROUS,MG/L,44.71806,-80.85722
201405001,2014-12-03 10:26:42,CCGS LIMNOS,GEORGIAN BAY,20,444305,-805126,1,88.9,2014-05-13 06:50:00,2036,79.00,.00,0.00050000,,0,.002700,TP-P-UF,TOTAL PHOSPHOROUS,MG/L,44.71806,-80.85722
201405001,2014-12-03 10:26:42,CCGS LIMNOS,GEORGIAN BAY,20,444305,-805126,1,88.9,2014-05-13 06:50:00,2036,87.00,.00,0.00050000,,0,.001700,TP-P-UF,TOTAL PHOSPHOROUS,MG/L,44.71806,-80.85722
201405001,2014-12-03 10:26:42,CCGS LIMNOS,GEORGIAN BAY,20,444305,-805126,1,88.9,2014-05-13 06:50:00,2036,998.00,.00,0.00050000,<,0,.000500,TP-P-UF,TOTAL PHOSPHOROUS,MG/L,44.71806,-80.85722
201405001,2014-12-03 10:26:42,CCGS LIMNOS,GEORGIAN BAY,20,444305,-805126,1,88.9,2014-05-13 06:50:00,2036,999.00,.00,0.00050000,<,0,.000500,TP-P-UF,TOTAL PHOSPHOROUS,MG/L,44.71806,-80.85722
201405001,2014-12-03 10:26:42,CCGS LIMNOS,GEORGIAN BAY,21,445516,-803627,11,60.3,2014-05-13 09:32:00,2036,1.00,.00,0.00050000,,0,.002000,TP-P-UF,TOTAL PHOSPHOROUS,MG/L,44.92111,-80.60750
201405001,2014-12-03 10:26:42,CCGS LIMNOS,GEORGIAN BAY,22,445511,-805231,12,88.1,2014-05-13 11:00:00,2036,1.00,.00,0.00050000,,0,.001500,TP-P-UF,TOTAL PHOSPHOROUS,MG/L,44.91972,-80.87528
201405001,2014-12-03 10:26:42,CCGS LIMNOS,GEORGIAN BAY,23,450359,-811514,19,51.5,2014-05-13 13:20:00,2036,1.00,.00,0.00050000,,0,.001800,TP-P-UF,TOTAL PHOSPHOROUS,MG/L,45.06639,-81.25389
201405001,2014-12-03 10:26:42,CCGS LIMNOS,GEORGIAN BAY,24,451418,-812626,31,64.5,2014-05-13 16:10:00,2036,1.00,.00,0.00050000,,0,.001800,TP-P-UF,TOTAL PHOSPHOROUS,MG/L,45.23833,-81.44056
201405001,2014-12-03 10:26:42,CCGS LIMNOS,GEORGIAN BAY,25,452213,-813507,33,51,2014-05-13 17:50:00,2036,1.00,.00,0.00050000,,0,.001700,TP-P-UF,TOTAL PHOSPHOROUS,MG/L,45.37028,-81.58528
201405001,2014-12-03 10:26:42,CCGS LIMNOS,GEORGIAN BAY,25,452213,-813507,33,51,2014-05-13 17:50:00,2036,1.00,.00,0.00050000,,1,.001400,TP-P-UF,TOTAL PHOSPHOROUS,MG/L,45.37028,-81.58528
201405001,2014-12-03 10:26:42,CCGS LIMNOS,GEORGIAN BAY,25,452213,-813507,33,51,2014-05-13 17:50:00,2036,41.00,.00,0.00050000,,0,.001400,TP-P-UF,TOTAL PHOSPHOROUS,MG/L,45.37028,-81.58528
201405001,2014-12-03 10:26:42,CCGS LIMNOS,GEORGIAN BAY,25,452213,-813507,33,51,2014-05-13 17:50:00,2036,49.00,.00,0.00050000,,0,.001300,TP-P-UF,TOTAL PHOSPHOROUS,MG/L,45.37028,-81.58528
201405003,2014-12-03 10:30:37,CCGS LIMNOS,GEORGIAN BAY,1,452213,-813507,33,54,2014-08-11 18:58:00,2036,1.00,.00,0.00050000,,0,.001300,TP-P-UF,TOTAL PHOSPHOROUS,MG/L,45.37028,-81.58528
201405003,2014-12-03 10:30:37,CCGS LIMNOS,GEORGIAN BAY,1,452213,-813507,33,54,2014-08-11 18:58:00,2036,4.00,.00,0.00050000,,0,.001600,TP-P-UF,TOTAL PHOSPHOROUS,MG/L,45.37028,-81.58528
201405003,2014-12-03 10:30:37,CCGS LIMNOS,GEORGIAN BAY,1,452213,-813507,33,54,2014-08-11 18:58:00,2036,12.00,.00,0.00050000,,0,.001900,TP-P-UF,TOTAL PHOSPHOROUS,MG/L,45.37028,-81.58528
201405003,2014-12-03 10:30:37,CCGS LIMNOS,GEORGIAN BAY,1,452213,-813507,33,54,2014-08-11 18:58:00,2036,22.00,.00,0.00050000,,0,.002000,TP-P-UF,TOTAL PHOSPHOROUS,MG/L,45.37028,-81.58528
201405003,2014-12-03 10:30:37,CCGS LIMNOS,GEORGIAN BAY,1,452213,-813507,33,54,2014-08-11 18:58:00,2036,44.00,.00,0.00050000,,0,.001800,TP-P-UF,TOTAL PHOSPHOROUS,MG/L,45.37028,-81.58528
201405003,2014-12-03 10:30:37,CCGS LIMNOS,GEORGIAN BAY,1,452213,-813507,33,54,2014-08-11 18:58:00,2036,52.00,.00,0.00050000,,0,.001900,TP-P-UF,TOTAL PHOSPHOROUS,MG/L,45.37028,-81.58528
201405003,2014-12-03 10:30:37,CCGS LIMNOS,GEORGIAN BAY,2,451417,-812629,31,63.9,2014-08-11 20:30:00,2036,1.00,.00,0.00050000,,0,.002000,TP-P-UF,TOTAL PHOSPHOROUS,MG/L,45.23806,-81.44139
201405003,2014-12-03 10:30:37,CCGS LIMNOS,GEORGIAN BAY,3,452153,-811126,21,86,2014-08-11 22:11:00,2036,1.00,.00,0.00050000,,0,.002000,TP-P-UF,TOTAL PHOSPHOROUS,MG/L,45.36472,-81.19056
201405003,2014-12-03 10:30:37,CCGS LIMNOS,GEORGIAN BAY,4,453506,-810506,29,42.8,2014-08-12 00:19:00,2036,1.00,.00,0.00050000,,0,.002500,TP-P-UF,TOTAL PHOSPHOROUS,MG/L,45.58500,-81.08500
201405003,2014-12-03 10:30:37,CCGS LIMNOS,GEORGIAN BAY,4,453506,-810506,29,42.8,2014-08-12 00:19:00,2036,4.00,.00,0.00050000,,0,.002500,TP-P-UF,TOTAL PHOSPHOROUS,MG/L,45.58500,-81.08500
201405003,2014-12-03 10:30:37,CCGS LIMNOS,GEORGIAN BAY,4,453506,-810506,29,42.8,2014-08-12 00:19:00,2036,14.00,.00,0.00050000,,0,.002400,TP-P-UF,TOTAL PHOSPHOROUS,MG/L,45.58500,-81.08500
201405003,2014-12-03 10:30:37,CCGS LIMNOS,GEORGIAN BAY,4,453506,-810506,29,42.8,2014-08-12 00:19:00,2036,24.00,.00,0.00050000,,0,.004600,TP-P-UF,TOTAL PHOSPHOROUS,MG/L,45.58500,-81.08500
201405003,2014-12-03 10:30:37,CCGS LIMNOS,GEORGIAN BAY,4,453506,-810506,29,42.8,2014-08-12 00:19:00,2036,32.50,.00,0.00050000,,0,.002500,TP-P-UF,TOTAL PHOSPHOROUS,MG/L,45.58500,-81.08500
201405003,2014-12-03 10:30:37,CCGS LIMNOS,GEORGIAN BAY,4,453506,-810506,29,42.8,2014-08-12 00:19:00,2036,40.50,.00,0.00050000,,0,.002600,TP-P-UF,TOTAL PHOSPHOROUS,MG/L,45.58500,-81.08500
201405003,2014-12-03 10:30:37,CCGS LIMNOS,GEORGIAN BAY,5,451441,-805231,17,77.8,2014-08-12 03:22:00,2036,1.00,.00,0.00050000,,0,.002200,TP-P-UF,TOTAL PHOSPHOROUS,MG/L,45.24472,-80.87528
201405003,2014-12-03 10:30:37,CCGS LIMNOS,GEORGIAN BAY,5,451441,-805231,17,77.8,2014-08-12 03:22:00,2036,1.00,.00,0.00050000,,1,.005400,TP-P-UF,TOTAL PHOSPHOROUS,MG/L,45.24472,-80.87528
201405003,2014-12-03 10:30:37,CCGS LIMNOS,GEORGIAN BAY,5,451441,-805231,17,77.8,2014-08-12 03:22:00,2036,6.00,.00,0.00050000,,0,.006800,TP-P-UF,TOTAL PHOSPHOROUS,MG/L,45.24472,-80.87528
201405003,2014-12-03 10:30:37,CCGS LIMNOS,GEORGIAN BAY,5,451441,-805231,17,77.8,2014-08-12 03:22:00,2036,17.00,.00,0.00050000,,0,.002000,TP-P-UF,TOTAL PHOSPHOROUS,MG/L,45.24472,-80.87528
201405003,2014-12-03 10:30:37,CCGS LIMNOS,GEORGIAN BAY,5,451441,-805231,17,77.8,2014-08-12 03:22:00,2036,28.00,.00,0.00050000,,0,.002600,TP-P-UF,TOTAL PHOSPHOROUS,MG/L,45.24472,-80.87528
201405003,2014-12-03 10:30:37,CCGS LIMNOS,GEORGIAN BAY,5,451441,-805231,17,77.8,2014-08-12 03:22:00,2036,67.00,.00,0.00050000,,0,.001800,TP-P-UF,TOTAL PHOSPHOROUS,MG/L,45.24472,-80.87528
201405003,2014-12-03 10:30:37,CCGS LIMNOS,GEORGIAN BAY,5,451441,-805231,17,77.8,2014-08-12 03:22:00,2036,75.00,.00,0.00050000,,0,.004300,TP-P-UF,TOTAL PHOSPHOROUS,MG/L,45.24472,-80.87528
201405003,2014-12-03 10:30:37,CCGS LIMNOS,GEORGIAN BAY,6,450400,-811514,19,52.6,2014-08-12 06:07:00,2036,1.00,.00,0.00050000,,0,.001900,TP-P-UF,TOTAL PHOSPHOROUS,MG/L,45.06667,-81.25389
201405003,2014-12-03 10:30:37,CCGS LIMNOS,GEORGIAN BAY,7,444302,-805123,1,89.5,2014-08-12 22:36:00,2036,1.00,.00,0.00050000,,0,.002300,TP-P-UF,TOTAL PHOSPHOROUS,MG/L,44.71722,-80.85639
201405003,2014-12-03 10:30:37,CCGS LIMNOS,GEORGIAN BAY,7,444302,-805123,1,89.5,2014-08-12 22:36:00,2036,10.00,.00,0.00050000,,0,.002200,TP-P-UF,TOTAL PHOSPHOROUS,MG/L,44.71722,-80.85639
201405003,2014-12-03 10:30:37,CCGS LIMNOS,GEORGIAN BAY,7,444302,-805123,1,89.5,2014-08-12 22:36:00,2036,13.00,.00,0.00050000,,0,.002000,TP-P-UF,TOTAL PHOSPHOROUS,MG/L,44.71722,-80.85639
201405003,2014-12-03 10:30:37,CCGS LIMNOS,GEORGIAN BAY,7,444302,-805123,1,89.5,2014-08-12 22:36:00,2036,44.00,.00,0.00050000,,0,.002200,TP-P-UF,TOTAL PHOSPHOROUS,MG/L,44.71722,-80.85639
201405003,2014-12-03 10:30:37,CCGS LIMNOS,GEORGIAN BAY,7,444302,-805123,1,89.5,2014-08-12 22:36:00,2036,79.00,.00,0.00050000,,0,.001900,TP-P-UF,TOTAL PHOSPHOROUS,MG/L,44.71722,-80.85639
201405003,2014-12-03 10:30:37,CCGS LIMNOS,GEORGIAN BAY,7,444302,-805123,1,89.5,2014-08-12 22:36:00,2036,87.00,.00,0.00050000,,0,.002000,TP-P-UF,TOTAL PHOSPHOROUS,MG/L,44.71722,-80.85639
201405003,2014-12-03 10:30:37,CCGS LIMNOS,GEORGIAN BAY,8,445517,-803622,11,61.1,2014-08-13 00:53:00,2036,1.00,.00,0.00050000,,0,.002600,TP-P-UF,TOTAL PHOSPHOROUS,MG/L,44.92139,-80.60611
201405003,2014-12-03 10:30:37,CCGS LIMNOS,GEORGIAN BAY,9,445512,-805227,12,88,2014-08-13 02:19:00,2036,1.00,.00,0.00050000,,0,.002300,TP-P-UF,TOTAL PHOSPHOROUS,MG/L,44.92000,-80.87417
201405001,2014-12-03 10:26:42,CCGS LIMNOS,GEORGIAN BAY,1,453140,-814010,35,34.7,2014-05-11 19:35:00,2038,1.00,.00,0.00050000,,0,.005300,TP-P-F,TOTAL PHOSPHOROUS FILTERED,MG/L,45.52778,-81.66944
201405001,2014-12-03 10:26:42,CCGS LIMNOS,GEORGIAN BAY,2,454232,-813712,36,51.8,2014-05-11 21:00:00,2038,1.00,.00,0.00050000,,0,.000600,TP-P-F,TOTAL PHOSPHOROUS FILTERED,MG/L,45.70889,-81.62000
201405001,2014-12-03 10:26:42,CCGS LIMNOS,GEORGIAN BAY,3,455447,-813544,42,23.3,2014-05-11 23:00:00,2038,1.00,.00,0.00050000,,0,.001000,TP-P-F,TOTAL PHOSPHOROUS FILTERED,MG/L,45.91306,-81.59556
201405001,2014-12-03 10:26:42,CCGS LIMNOS,GEORGIAN BAY,3,455447,-813544,42,23.3,2014-05-11 23:00:00,2038,13.00,.00,0.00050000,,0,.001000,TP-P-F,TOTAL PHOSPHOROUS FILTERED,MG/L,45.91306,-81.59556
201405001,2014-12-03 10:26:42,CCGS LIMNOS,GEORGIAN BAY,3,455447,-813544,42,23.3,2014-05-11 23:00:00,2038,21.00,.00,0.00050000,,0,.001000,TP-P-F,TOTAL PHOSPHOROUS FILTERED,MG/L,45.91306,-81.59556
201405001,2014-12-03 10:26:42,CCGS LIMNOS,GEORGIAN BAY,4,455224,-811530,39,27.2,2014-05-12 01:20:00,2038,1.00,.00,0.00050000,,0,.001600,TP-P-F,TOTAL PHOSPHOROUS FILTERED,MG/L,45.87333,-81.25833
201405001,2014-12-03 10:26:42,CCGS LIMNOS,GEORGIAN BAY,5,455200,-810000,27,12.2,2014-05-12 02:50:00,2038,1.00,.00,0.00050000,,0,.003200,TP-P-F,TOTAL PHOSPHOROUS FILTERED,MG/L,45.86667,-81.00000
201405001,2014-12-03 10:26:42,CCGS LIMNOS,GEORGIAN BAY,5,455200,-810000,27,12.2,2014-05-12 02:50:00,2038,1.00,.00,0.00050000,,1,.003700,TP-P-F,TOTAL PHOSPHOROUS FILTERED,MG/L,45.86667,-81.00000
201405001,2014-12-03 10:26:42,CCGS LIMNOS,GEORGIAN BAY,5,455200,-810000,27,12.2,2014-05-12 02:50:00,2038,10.00,.00,0.00050000,,0,.003000,TP-P-F,TOTAL PHOSPHOROUS FILTERED,MG/L,45.86667,-81.00000
201405001,2014-12-03 10:26:42,CCGS LIMNOS,GEORGIAN BAY,6,455001,-805400,26,20.5,2014-05-12 03:50:00,2038,1.00,.00,0.00050000,,0,.001500,TP-P-F,TOTAL PHOSPHOROUS FILTERED,MG/L,45.83361,-80.90000
201405001,2014-12-03 10:26:42,CCGS LIMNOS,GEORGIAN BAY,7,454044,-805021,24,39.7,2014-05-12 05:05:00,2038,1.00,.00,0.00050000,,0,.001200,TP-P-F,TOTAL PHOSPHOROUS FILTERED,MG/L,45.67889,-80.83917
201405001,2014-12-03 10:26:42,CCGS LIMNOS,GEORGIAN BAY,8,453501,-810459,29,42.7,2014-05-12 06:50:00,2038,1.00,.00,0.00050000,,0,.001000,TP-P-F,TOTAL PHOSPHOROUS FILTERED,MG/L,45.58361,-81.08306
201405001,2014-12-03 10:26:42,CCGS LIMNOS,GEORGIAN BAY,8,453501,-810459,29,42.7,2014-05-12 06:50:00,2038,40.00,.00,0.00050000,,0,.000800,TP-P-F,TOTAL PHOSPHOROUS FILTERED,MG/L,45.58361,-81.08306
201405001,2014-12-03 10:26:42,CCGS LIMNOS,GEORGIAN BAY,9,452153,-811126,21,85.4,2014-05-12 09:00:00,2038,1.00,.00,0.00050000,,0,.001000,TP-P-F,TOTAL PHOSPHOROUS FILTERED,MG/L,45.36472,-81.19056
201405001,2014-12-03 10:26:42,CCGS LIMNOS,GEORGIAN BAY,10,451442,-805232,17,77.6,2014-05-12 11:00:00,2038,1.00,.00,0.00050000,,0,.000700,TP-P-F,TOTAL PHOSPHOROUS FILTERED,MG/L,45.24500,-80.87556
201405001,2014-12-03 10:26:42,CCGS LIMNOS,GEORGIAN BAY,10,451442,-805232,17,77.6,2014-05-12 11:00:00,2038,1.00,.00,0.00050000,,1,.000800,TP-P-F,TOTAL PHOSPHOROUS FILTERED,MG/L,45.24500,-80.87556
201405001,2014-12-03 10:26:42,CCGS LIMNOS,GEORGIAN BAY,10,451442,-805232,17,77.6,2014-05-12 11:00:00,2038,50.00,.00,0.00050000,,0,.000600,TP-P-F,TOTAL PHOSPHOROUS FILTERED,MG/L,45.24500,-80.87556
201405001,2014-12-03 10:26:42,CCGS LIMNOS,GEORGIAN BAY,10,451442,-805232,17,77.6,2014-05-12 11:00:00,2038,67.00,.00,0.00050000,,0,.000800,TP-P-F,TOTAL PHOSPHOROUS FILTERED,MG/L,45.24500,-80.87556
201405001,2014-12-03 10:26:42,CCGS LIMNOS,GEORGIAN BAY,10,451442,-805232,17,77.6,2014-05-12 11:00:00,2038,75.00,.00,0.00050000,,0,.000900,TP-P-F,TOTAL PHOSPHOROUS FILTERED,MG/L,45.24500,-80.87556
201405001,2014-12-03 10:26:42,CCGS LIMNOS,GEORGIAN BAY,10,451442,-805232,17,77.6,2014-05-12 11:00:00,2038,998.00,.00,0.00050000,<,0,.000500,TP-P-F,TOTAL PHOSPHOROUS FILTERED,MG/L,45.24500,-80.87556
201405001,2014-12-03 10:26:42,CCGS LIMNOS,GEORGIAN BAY,10,451442,-805232,17,77.6,2014-05-12 11:00:00,2038,999.00,.00,0.00050000,,0,.000800,TP-P-F,TOTAL PHOSPHOROUS FILTERED,MG/L,45.24500,-80.87556
201405001,2014-12-03 10:26:42,CCGS LIMNOS,GEORGIAN BAY,11,452113,-802913,16,22,2014-05-12 13:55:00,2038,1.00,.00,0.00050000,,0,.000700,TP-P-F,TOTAL PHOSPHOROUS FILTERED,MG/L,45.35361,-80.48694
201405001,2014-12-03 10:26:42,CCGS LIMNOS,GEORGIAN BAY,12,451928,-800700,122,95.7,2014-05-12 15:55:00,2038,1.00,.00,0.00050000,,0,.002500,TP-P-F,TOTAL PHOSPHOROUS FILTERED,MG/L,45.32444,-80.11667
201405001,2014-12-03 10:26:42,CCGS LIMNOS,GEORGIAN BAY,13,451000,-801750,15,46.2,2014-05-12 19:00:00,2038,1.00,.00,0.00050000,,0,.000600,TP-P-F,TOTAL PHOSPHOROUS FILTERED,MG/L,45.16667,-80.29722
201405001,2014-12-03 10:26:42,CCGS LIMNOS,GEORGIAN BAY,14,445710,-800854,8,49.6,2014-05-12 20:48:00,2038,1.00,.00,0.00050000,,0,.000800,TP-P-F,TOTAL PHOSPHOROUS FILTERED,MG/L,44.95278,-80.14833
201405001,2014-12-03 10:26:42,CCGS LIMNOS,GEORGIAN BAY,15,445218,-795804,9,29.6,2014-05-12 22:10:00,2038,1.00,.00,0.00050000,,0,.002900,TP-P-F,TOTAL PHOSPHOROUS FILTERED,MG/L,44.87167,-79.96778
201405001,2014-12-03 10:26:42,CCGS LIMNOS,GEORGIAN BAY,15,445218,-795804,9,29.6,2014-05-12 22:10:00,2038,1.00,.00,0.00050000,,1,.003100,TP-P-F,TOTAL PHOSPHOROUS FILTERED,MG/L,44.87167,-79.96778
201405001,2014-12-03 10:26:42,CCGS LIMNOS,GEORGIAN BAY,15,445218,-795804,9,29.6,2014-05-12 22:10:00,2038,19.00,.00,0.00050000,,0,.002800,TP-P-F,TOTAL PHOSPHOROUS FILTERED,MG/L,44.87167,-79.96778
201405001,2014-12-03 10:26:42,CCGS LIMNOS,GEORGIAN BAY,15,445218,-795804,9,29.6,2014-05-12 22:10:00,2038,27.00,.00,0.00050000,,0,.002400,TP-P-F,TOTAL PHOSPHOROUS FILTERED,MG/L,44.87167,-79.96778
201405001,2014-12-03 10:26:42,CCGS LIMNOS,GEORGIAN BAY,16,444748,-801436,5,58.5,2014-05-13 00:25:00,2038,1.00,.00,0.00050000,,0,.000700,TP-P-F,TOTAL PHOSPHOROUS FILTERED,MG/L,44.79667,-80.24333
201405001,2014-12-03 10:26:42,CCGS LIMNOS,GEORGIAN BAY,17,443846,-801000,4,57.8,2014-05-13 02:00:00,2038,1.00,.00,0.00050000,,0,.001700,TP-P-F,TOTAL PHOSPHOROUS FILTERED,MG/L,44.64611,-80.16667
201405001,2014-12-03 10:26:42,CCGS LIMNOS,GEORGIAN BAY,17,443846,-801000,4,57.8,2014-05-13 02:00:00,2038,48.00,.00,0.00050000,,0,.000600,TP-P-F,TOTAL PHOSPHOROUS FILTERED,MG/L,44.64611,-80.16667
201405001,2014-12-03 10:26:42,CCGS LIMNOS,GEORGIAN BAY,17,443846,-801000,4,57.8,2014-05-13 02:00:00,2038,56.00,.00,0.00050000,,0,.001100,TP-P-F,TOTAL PHOSPHOROUS FILTERED,MG/L,44.64611,-80.16667
201405001,2014-12-03 10:26:42,CCGS LIMNOS,GEORGIAN BAY,18,444412,-802606,6,87.1,2014-05-13 04:00:00,2038,1.00,.00,0.00050000,,0,.000900,TP-P-F,TOTAL PHOSPHOROUS FILTERED,MG/L,44.73667,-80.43500
201405001,2014-12-03 10:26:42,CCGS LIMNOS,GEORGIAN BAY,19,444330,-803658,3,33.7,2014-05-13 05:10:00,2038,1.00,.00,0.00050000,,0,.001000,TP-P-F,TOTAL PHOSPHOROUS FILTERED,MG/L,44.72500,-80.61611
201405001,2014-12-03 10:26:42,CCGS LIMNOS,GEORGIAN BAY,20,444305,-805126,1,88.9,2014-05-13 06:50:00,2038,1.00,.00,0.00050000,,0,.000800,TP-P-F,TOTAL PHOSPHOROUS FILTERED,MG/L,44.71806,-80.85722
201405001,2014-12-03 10:26:42,CCGS LIMNOS,GEORGIAN BAY,20,444305,-805126,1,88.9,2014-05-13 06:50:00,2038,1.00,.00,0.00050000,,1,.001100,TP-P-F,TOTAL PHOSPHOROUS FILTERED,MG/L,44.71806,-80.85722
201405001,2014-12-03 10:26:42,CCGS LIMNOS,GEORGIAN BAY,20,444305,-805126,1,88.9,2014-05-13 06:50:00,2038,50.00,.00,0.00050000,,0,.001000,TP-P-F,TOTAL PHOSPHOROUS FILTERED,MG/L,44.71806,-80.85722
201405001,2014-12-03 10:26:42,CCGS LIMNOS,GEORGIAN BAY,20,444305,-805126,1,88.9,2014-05-13 06:50:00,2038,79.00,.00,0.00050000,,0,.001000,TP-P-F,TOTAL PHOSPHOROUS FILTERED,MG/L,44.71806,-80.85722
201405001,2014-12-03 10:26:42,CCGS LIMNOS,GEORGIAN BAY,20,444305,-805126,1,88.9,2014-05-13 06:50:00,2038,87.00,.00,0.00050000,,0,.000800,TP-P-F,TOTAL PHOSPHOROUS FILTERED,MG/L,44.71806,-80.85722
201405001,2014-12-03 10:26:42,CCGS LIMNOS,GEORGIAN BAY,20,444305,-805126,1,88.9,2014-05-13 06:50:00,2038,998.00,.00,0.00050000,,0,.000600,TP-P-F,TOTAL PHOSPHOROUS FILTERED,MG/L,44.71806,-80.85722
201405001,2014-12-03 10:26:42,CCGS LIMNOS,GEORGIAN BAY,20,444305,-805126,1,88.9,2014-05-13 06:50:00,2038,999.00,.00,0.00050000,,0,.000500,TP-P-F,TOTAL PHOSPHOROUS FILTERED,MG/L,44.71806,-80.85722
201405001,2014-12-03 10:26:42,CCGS LIMNOS,GEORGIAN BAY,21,445516,-803627,11,60.3,2014-05-13 09:32:00,2038,1.00,.00,0.00050000,,0,.000700,TP-P-F,TOTAL PHOSPHOROUS FILTERED,MG/L,44.92111,-80.60750
201405001,2014-12-03 10:26:42,CCGS LIMNOS,GEORGIAN BAY,22,445511,-805231,12,88.1,2014-05-13 11:00:00,2038,1.00,.00,0.00050000,,0,.000900,TP-P-F,TOTAL PHOSPHOROUS FILTERED,MG/L,44.91972,-80.87528
201405001,2014-12-03 10:26:42,CCGS LIMNOS,GEORGIAN BAY,23,450359,-811514,19,51.5,2014-05-13 13:20:00,2038,1.00,.00,0.00050000,,0,.000800,TP-P-F,TOTAL PHOSPHOROUS FILTERED,MG/L,45.06639,-81.25389
201405001,2014-12-03 10:26:42,CCGS LIMNOS,GEORGIAN BAY,24,451418,-812626,31,64.5,2014-05-13 16:10:00,2038,1.00,.00,0.00050000,,0,.001200,TP-P-F,TOTAL PHOSPHOROUS FILTERED,MG/L,45.23833,-81.44056
201405001,2014-12-03 10:26:42,CCGS LIMNOS,GEORGIAN BAY,25,452213,-813507,33,51,2014-05-13 17:50:00,2038,1.00,.00,0.00050000,,0,.001000,TP-P-F,TOTAL PHOSPHOROUS FILTERED,MG/L,45.37028,-81.58528
201405001,2014-12-03 10:26:42,CCGS LIMNOS,GEORGIAN BAY,25,452213,-813507,33,51,2014-05-13 17:50:00,2038,1.00,.00,0.00050000,,1,.000800,TP-P-F,TOTAL PHOSPHOROUS FILTERED,MG/L,45.37028,-81.58528
201405001,2014-12-03 10:26:42,CCGS LIMNOS,GEORGIAN BAY,25,452213,-813507,33,51,2014-05-13 17:50:00,2038,41.00,.00,0.00050000,,0,.000800,TP-P-F,TOTAL PHOSPHOROUS FILTERED,MG/L,45.37028,-81.58528
201405001,2014-12-03 10:26:42,CCGS LIMNOS,GEORGIAN BAY,25,452213,-813507,33,51,2014-05-13 17:50:00,2038,49.00,.00,0.00050000,,0,.000900,TP-P-F,TOTAL PHOSPHOROUS FILTERED,MG/L,45.37028,-81.58528
201405003,2014-12-03 10:30:37,CCGS LIMNOS,GEORGIAN BAY,1,452213,-813507,33,54,2014-08-11 18:58:00,2038,1.00,.00,0.00050000,,0,.002400,TP-P-F,TOTAL PHOSPHOROUS FILTERED,MG/L,45.37028,-81.58528
201405003,2014-12-03 10:30:37,CCGS LIMNOS,GEORGIAN BAY,1,452213,-813507,33,54,2014-08-11 18:58:00,2038,4.00,.00,0.00050000,,0,.000500,TP-P-F,TOTAL PHOSPHOROUS FILTERED,MG/L,45.37028,-81.58528
201405003,2014-12-03 10:30:37,CCGS LIMNOS,GEORGIAN BAY,1,452213,-813507,33,54,2014-08-11 18:58:00,2038,12.00,.00,0.00050000,,0,.001200,TP-P-F,TOTAL PHOSPHOROUS FILTERED,MG/L,45.37028,-81.58528
201405003,2014-12-03 10:30:37,CCGS LIMNOS,GEORGIAN BAY,1,452213,-813507,33,54,2014-08-11 18:58:00,2038,22.00,.00,0.00050000,,0,.000900,TP-P-F,TOTAL PHOSPHOROUS FILTERED,MG/L,45.37028,-81.58528
201405003,2014-12-03 10:30:37,CCGS LIMNOS,GEORGIAN BAY,1,452213,-813507,33,54,2014-08-11 18:58:00,2038,44.00,.00,0.00050000,,0,.001000,TP-P-F,TOTAL PHOSPHOROUS FILTERED,MG/L,45.37028,-81.58528
201405003,2014-12-03 10:30:37,CCGS LIMNOS,GEORGIAN BAY,1,452213,-813507,33,54,2014-08-11 18:58:00,2038,52.00,.00,0.00050000,,0,.000900,TP-P-F,TOTAL PHOSPHOROUS FILTERED,MG/L,45.37028,-81.58528
201405003,2014-12-03 10:30:37,CCGS LIMNOS,GEORGIAN BAY,2,451417,-812629,31,63.9,2014-08-11 20:30:00,2038,1.00,.00,0.00050000,,0,.001000,TP-P-F,TOTAL PHOSPHOROUS FILTERED,MG/L,45.23806,-81.44139
201405003,2014-12-03 10:30:37,CCGS LIMNOS,GEORGIAN BAY,3,452153,-811126,21,86,2014-08-11 22:11:00,2038,1.00,.00,0.00050000,,0,.001000,TP-P-F,TOTAL PHOSPHOROUS FILTERED,MG/L,45.36472,-81.19056
201405003,2014-12-03 10:30:37,CCGS LIMNOS,GEORGIAN BAY,4,453506,-810506,29,42.8,2014-08-12 00:19:00,2038,1.00,.00,0.00050000,,0,.002000,TP-P-F,TOTAL PHOSPHOROUS FILTERED,MG/L,45.58500,-81.08500
201405003,2014-12-03 10:30:37,CCGS LIMNOS,GEORGIAN BAY,4,453506,-810506,29,42.8,2014-08-12 00:19:00,2038,4.00,.00,0.00050000,,0,.000500,TP-P-F,TOTAL PHOSPHOROUS FILTERED,MG/L,45.58500,-81.08500
201405003,2014-12-03 10:30:37,CCGS LIMNOS,GEORGIAN BAY,4,453506,-810506,29,42.8,2014-08-12 00:19:00,2038,14.00,.00,0.00050000,,0,.000700,TP-P-F,TOTAL PHOSPHOROUS FILTERED,MG/L,45.58500,-81.08500
201405003,2014-12-03 10:30:37,CCGS LIMNOS,GEORGIAN BAY,4,453506,-810506,29,42.8,2014-08-12 00:19:00,2038,24.00,.00,0.00050000,,0,.001100,TP-P-F,TOTAL PHOSPHOROUS FILTERED,MG/L,45.58500,-81.08500
201405003,2014-12-03 10:30:37,CCGS LIMNOS,GEORGIAN BAY,4,453506,-810506,29,42.8,2014-08-12 00:19:00,2038,32.50,.00,0.00050000,,0,.001500,TP-P-F,TOTAL PHOSPHOROUS FILTERED,MG/L,45.58500,-81.08500
201405003,2014-12-03 10:30:37,CCGS LIMNOS,GEORGIAN BAY,4,453506,-810506,29,42.8,2014-08-12 00:19:00,2038,40.50,.00,0.00050000,,0,.001100,TP-P-F,TOTAL PHOSPHOROUS FILTERED,MG/L,45.58500,-81.08500
201405003,2014-12-03 10:30:37,CCGS LIMNOS,GEORGIAN BAY,5,451441,-805231,17,77.8,2014-08-12 03:22:00,2038,1.00,.00,0.00050000,,0,.000600,TP-P-F,TOTAL PHOSPHOROUS FILTERED,MG/L,45.24472,-80.87528
201405003,2014-12-03 10:30:37,CCGS LIMNOS,GEORGIAN BAY,5,451441,-805231,17,77.8,2014-08-12 03:22:00,2038,1.00,.00,0.00050000,,1,.000700,TP-P-F,TOTAL PHOSPHOROUS FILTERED,MG/L,45.24472,-80.87528
201405003,2014-12-03 10:30:37,CCGS LIMNOS,GEORGIAN BAY,5,451441,-805231,17,77.8,2014-08-12 03:22:00,2038,6.00,.00,0.00050000,,0,.000700,TP-P-F,TOTAL PHOSPHOROUS FILTERED,MG/L,45.24472,-80.87528
201405003,2014-12-03 10:30:37,CCGS LIMNOS,GEORGIAN BAY,5,451441,-805231,17,77.8,2014-08-12 03:22:00,2038,17.00,.00,0.00050000,,0,.001700,TP-P-F,TOTAL PHOSPHOROUS FILTERED,MG/L,45.24472,-80.87528
201405003,2014-12-03 10:30:37,CCGS LIMNOS,GEORGIAN BAY,5,451441,-805231,17,77.8,2014-08-12 03:22:00,2038,28.00,.00,0.00050000,,0,.001400,TP-P-F,TOTAL PHOSPHOROUS FILTERED,MG/L,45.24472,-80.87528
201405003,2014-12-03 10:30:37,CCGS LIMNOS,GEORGIAN BAY,5,451441,-805231,17,77.8,2014-08-12 03:22:00,2038,67.00,.00,0.00050000,,0,.000800,TP-P-F,TOTAL PHOSPHOROUS FILTERED,MG/L,45.24472,-80.87528
201405003,2014-12-03 10:30:37,CCGS LIMNOS,GEORGIAN BAY,5,451441,-805231,17,77.8,2014-08-12 03:22:00,2038,75.00,.00,0.00050000,,0,.000700,TP-P-F,TOTAL PHOSPHOROUS FILTERED,MG/L,45.24472,-80.87528
201405003,2014-12-03 10:30:37,CCGS LIMNOS,GEORGIAN BAY,6,450400,-811514,19,52.6,2014-08-12 06:07:00,2038,1.00,.00,0.00050000,,0,.000700,TP-P-F,TOTAL PHOSPHOROUS FILTERED,MG/L,45.06667,-81.25389
201405003,2014-12-03 10:30:37,CCGS LIMNOS,GEORGIAN BAY,7,444302,-805123,1,89.5,2014-08-12 22:36:00,2038,1.00,.00,0.00050000,,0,.000800,TP-P-F,TOTAL PHOSPHOROUS FILTERED,MG/L,44.71722,-80.85639
201405003,2014-12-03 10:30:37,CCGS LIMNOS,GEORGIAN BAY,7,444302,-805123,1,89.5,2014-08-12 22:36:00,2038,10.00,.00,0.00050000,,0,.001500,TP-P-F,TOTAL PHOSPHOROUS FILTERED,MG/L,44.71722,-80.85639
201405003,2014-12-03 10:30:37,CCGS LIMNOS,GEORGIAN BAY,7,444302,-805123,1,89.5,2014-08-12 22:36:00,2038,13.00,.00,0.00050000,,0,.001600,TP-P-F,TOTAL PHOSPHOROUS FILTERED,MG/L,44.71722,-80.85639
201405003,2014-12-03 10:30:37,CCGS LIMNOS,GEORGIAN BAY,7,444302,-805123,1,89.5,2014-08-12 22:36:00,2038,44.00,.00,0.00050000,,0,.001000,TP-P-F,TOTAL PHOSPHOROUS FILTERED,MG/L,44.71722,-80.85639
201405003,2014-12-03 10:30:37,CCGS LIMNOS,GEORGIAN BAY,7,444302,-805123,1,89.5,2014-08-12 22:36:00,2038,79.00,.00,0.00050000,,0,.001200,TP-P-F,TOTAL PHOSPHOROUS FILTERED,MG/L,44.71722,-80.85639
201405003,2014-12-03 10:30:37,CCGS LIMNOS,GEORGIAN BAY,7,444302,-805123,1,89.5,2014-08-12 22:36:00,2038,87.00,.00,0.00050000,,0,.001300,TP-P-F,TOTAL PHOSPHOROUS FILTERED,MG/L,44.71722,-80.85639
201405003,2014-12-03 10:30:37,CCGS LIMNOS,GEORGIAN BAY,8,445517,-803622,11,61.1,2014-08-13 00:53:00,2038,1.00,.00,0.00050000,,0,.000700,TP-P-F,TOTAL PHOSPHOROUS FILTERED,MG/L,44.92139,-80.60611
201405003,2014-12-03 10:30:37,CCGS LIMNOS,GEORGIAN BAY,9,445512,-805227,12,88,2014-08-13 02:19:00,2038,1.00,.00,0.00050000,,0,.000900,TP-P-F,TOTAL PHOSPHOROUS FILTERED,MG/L,44.92000,-80.87417
201405001,2014-12-03 10:26:42,CCGS LIMNOS,GEORGIAN BAY,1,453140,-814010,35,34.7,2014-05-11 19:35:00,2042,1.00,.00,0.01000000,,0,24.100000,CA-F,CALCIUM,MG/L,45.52778,-81.66944
201405001,2014-12-03 10:26:42,CCGS LIMNOS,GEORGIAN BAY,2,454232,-813712,36,51.8,2014-05-11 21:00:00,2042,1.00,.00,0.01000000,,0,23.800000,CA-F,CALCIUM,MG/L,45.70889,-81.62000
201405001,2014-12-03 10:26:42,CCGS LIMNOS,GEORGIAN BAY,3,455447,-813544,42,23.3,2014-05-11 23:00:00,2042,1.00,.00,0.01000000,,0,22.700000,CA-F,CALCIUM,MG/L,45.91306,-81.59556
201405001,2014-12-03 10:26:42,CCGS LIMNOS,GEORGIAN BAY,3,455447,-813544,42,23.3,2014-05-11 23:00:00,2042,13.00,.00,0.01000000,,0,22.600000,CA-F,CALCIUM,MG/L,45.91306,-81.59556
201405001,2014-12-03 10:26:42,CCGS LIMNOS,GEORGIAN BAY,3,455447,-813544,42,23.3,2014-05-11 23:00:00,2042,21.00,.00,0.01000000,,0,22.600000,CA-F,CALCIUM,MG/L,45.91306,-81.59556
201405001,2014-12-03 10:26:42,CCGS LIMNOS,GEORGIAN BAY,4,455224,-811530,39,27.2,2014-05-12 01:20:00,2042,1.00,.00,0.01000000,,0,20.800000,CA-F,CALCIUM,MG/L,45.87333,-81.25833
201405001,2014-12-03 10:26:42,CCGS LIMNOS,GEORGIAN BAY,5,455200,-810000,27,12.2,2014-05-12 02:50:00,2042,1.00,.00,0.01000000,,0,14.300000,CA-F,CALCIUM,MG/L,45.86667,-81.00000
201405001,2014-12-03 10:26:42,CCGS LIMNOS,GEORGIAN BAY,5,455200,-810000,27,12.2,2014-05-12 02:50:00,2042,1.00,.00,0.01000000,,1,14.200000,CA-F,CALCIUM,MG/L,45.86667,-81.00000
201405001,2014-12-03 10:26:42,CCGS LIMNOS,GEORGIAN BAY,5,455200,-810000,27,12.2,2014-05-12 02:50:00,2042,10.00,.00,0.01000000,,0,14.300000,CA-F,CALCIUM,MG/L,45.86667,-81.00000
201405001,2014-12-03 10:26:42,CCGS LIMNOS,GEORGIAN BAY,6,455001,-805400,26,20.5,2014-05-12 03:50:00,2042,1.00,.00,0.01000000,,0,19.500000,CA-F,CALCIUM,MG/L,45.83361,-80.90000
201405001,2014-12-03 10:26:42,CCGS LIMNOS,GEORGIAN BAY,7,454044,-805021,24,39.7,2014-05-12 05:05:00,2042,1.00,.00,0.01000000,,0,23.700000,CA-F,CALCIUM,MG/L,45.67889,-80.83917
201405001,2014-12-03 10:26:42,CCGS LIMNOS,GEORGIAN BAY,8,453501,-810459,29,42.7,2014-05-12 06:50:00,2042,1.00,.00,0.01000000,,0,24.200000,CA-F,CALCIUM,MG/L,45.58361,-81.08306
201405001,2014-12-03 10:26:42,CCGS LIMNOS,GEORGIAN BAY,8,453501,-810459,29,42.7,2014-05-12 06:50:00,2042,40.00,.00,0.01000000,,0,24.000000,CA-F,CALCIUM,MG/L,45.58361,-81.08306
201405001,2014-12-03 10:26:42,CCGS LIMNOS,GEORGIAN BAY,9,452153,-811126,21,85.4,2014-05-12 09:00:00,2042,1.00,.00,0.01000000,,0,24.300000,CA-F,CALCIUM,MG/L,45.36472,-81.19056
201405001,2014-12-03 10:26:42,CCGS LIMNOS,GEORGIAN BAY,10,451442,-805232,17,77.6,2014-05-12 11:00:00,2042,1.00,.00,0.01000000,,0,24.100000,CA-F,CALCIUM,MG/L,45.24500,-80.87556
201405001,2014-12-03 10:26:42,CCGS LIMNOS,GEORGIAN BAY,10,451442,-805232,17,77.6,2014-05-12 11:00:00,2042,1.00,.00,0.01000000,,1,24.100000,CA-F,CALCIUM,MG/L,45.24500,-80.87556
201405001,2014-12-03 10:26:42,CCGS LIMNOS,GEORGIAN BAY,10,451442,-805232,17,77.6,2014-05-12 11:00:00,2042,50.00,.00,0.01000000,,0,23.700000,CA-F,CALCIUM,MG/L,45.24500,-80.87556
201405001,2014-12-03 10:26:42,CCGS LIMNOS,GEORGIAN BAY,10,451442,-805232,17,77.6,2014-05-12 11:00:00,2042,67.00,.00,0.01000000,,0,23.800000,CA-F,CALCIUM,MG/L,45.24500,-80.87556
201405001,2014-12-03 10:26:42,CCGS LIMNOS,GEORGIAN BAY,10,451442,-805232,17,77.6,2014-05-12 11:00:00,2042,75.00,.00,0.01000000,,0,24.200000,CA-F,CALCIUM,MG/L,45.24500,-80.87556
201405001,2014-12-03 10:26:42,CCGS LIMNOS,GEORGIAN BAY,10,451442,-805232,17,77.6,2014-05-12 11:00:00,2042,998.00,.00,0.01000000,,0,.020000,CA-F,CALCIUM,MG/L,45.24500,-80.87556
201405001,2014-12-03 10:26:42,CCGS LIMNOS,GEORGIAN BAY,10,451442,-805232,17,77.6,2014-05-12 11:00:00,2042,999.00,.00,0.01000000,,0,.010000,CA-F,CALCIUM,MG/L,45.24500,-80.87556
201405001,2014-12-03 10:26:42,CCGS LIMNOS,GEORGIAN BAY,11,452113,-802913,16,22,2014-05-12 13:55:00,2042,1.00,.00,0.01000000,,0,23.700000,CA-F,CALCIUM,MG/L,45.35361,-80.48694
201405001,2014-12-03 10:26:42,CCGS LIMNOS,GEORGIAN BAY,12,451928,-800700,122,95.7,2014-05-12 15:55:00,2042,1.00,.00,0.01000000,,0,13.100000,CA-F,CALCIUM,MG/L,45.32444,-80.11667
201405001,2014-12-03 10:26:42,CCGS LIMNOS,GEORGIAN BAY,13,451000,-801750,15,46.2,2014-05-12 19:00:00,2042,1.00,.00,0.01000000,,0,24.100000,CA-F,CALCIUM,MG/L,45.16667,-80.29722
201405001,2014-12-03 10:26:42,CCGS LIMNOS,GEORGIAN BAY,14,445710,-800854,8,49.6,2014-05-12 20:48:00,2042,1.00,.00,0.01000000,,0,23.800000,CA-F,CALCIUM,MG/L,44.95278,-80.14833
201405001,2014-12-03 10:26:42,CCGS LIMNOS,GEORGIAN BAY,15,445218,-795804,9,29.6,2014-05-12 22:10:00,2042,1.00,.00,0.01000000,,0,23.100000,CA-F,CALCIUM,MG/L,44.87167,-79.96778
201405001,2014-12-03 10:26:42,CCGS LIMNOS,GEORGIAN BAY,15,445218,-795804,9,29.6,2014-05-12 22:10:00,2042,1.00,.00,0.01000000,,1,23.000000,CA-F,CALCIUM,MG/L,44.87167,-79.96778
201405001,2014-12-03 10:26:42,CCGS LIMNOS,GEORGIAN BAY,15,445218,-795804,9,29.6,2014-05-12 22:10:00,2042,19.00,.00,0.01000000,,0,23.200000,CA-F,CALCIUM,MG/L,44.87167,-79.96778
201405001,2014-12-03 10:26:42,CCGS LIMNOS,GEORGIAN BAY,15,445218,-795804,9,29.6,2014-05-12 22:10:00,2042,27.00,.00,0.01000000,,0,23.100000,CA-F,CALCIUM,MG/L,44.87167,-79.96778
201405001,2014-12-03 10:26:42,CCGS LIMNOS,GEORGIAN BAY,16,444748,-801436,5,58.5,2014-05-13 00:25:00,2042,1.00,.00,0.01000000,,0,24.700000,CA-F,CALCIUM,MG/L,44.79667,-80.24333
201405001,2014-12-03 10:26:42,CCGS LIMNOS,GEORGIAN BAY,17,443846,-801000,4,57.8,2014-05-13 02:00:00,2042,1.00,.00,0.01000000,,0,24.800000,CA-F,CALCIUM,MG/L,44.64611,-80.16667
201405001,2014-12-03 10:26:42,CCGS LIMNOS,GEORGIAN BAY,17,443846,-801000,4,57.8,2014-05-13 02:00:00,2042,48.00,.00,0.01000000,,0,24.600000,CA-F,CALCIUM,MG/L,44.64611,-80.16667
201405001,2014-12-03 10:26:42,CCGS LIMNOS,GEORGIAN BAY,17,443846,-801000,4,57.8,2014-05-13 02:00:00,2042,56.00,.00,0.01000000,,0,25.100000,CA-F,CALCIUM,MG/L,44.64611,-80.16667
201405001,2014-12-03 10:26:42,CCGS LIMNOS,GEORGIAN BAY,18,444412,-802606,6,87.1,2014-05-13 04:00:00,2042,1.00,.00,0.01000000,,0,24.800000,CA-F,CALCIUM,MG/L,44.73667,-80.43500
201405001,2014-12-03 10:26:42,CCGS LIMNOS,GEORGIAN BAY,19,444330,-803658,3,33.7,2014-05-13 05:10:00,2042,1.00,.00,0.01000000,,0,24.700000,CA-F,CALCIUM,MG/L,44.72500,-80.61611
201405001,2014-12-03 10:26:42,CCGS LIMNOS,GEORGIAN BAY,20,444305,-805126,1,88.9,2014-05-13 06:50:00,2042,1.00,.00,0.01000000,,0,24.400000,CA-F,CALCIUM,MG/L,44.71806,-80.85722
201405001,2014-12-03 10:26:42,CCGS LIMNOS,GEORGIAN BAY,20,444305,-805126,1,88.9,2014-05-13 06:50:00,2042,1.00,.00,0.01000000,,1,24.400000,CA-F,CALCIUM,MG/L,44.71806,-80.85722
201405001,2014-12-03 10:26:42,CCGS LIMNOS,GEORGIAN BAY,20,444305,-805126,1,88.9,2014-05-13 06:50:00,2042,50.00,.00,0.01000000,,0,24.000000,CA-F,CALCIUM,MG/L,44.71806,-80.85722
201405001,2014-12-03 10:26:42,CCGS LIMNOS,GEORGIAN BAY,20,444305,-805126,1,88.9,2014-05-13 06:50:00,2042,79.00,.00,0.01000000,,0,24.500000,CA-F,CALCIUM,MG/L,44.71806,-80.85722
201405001,2014-12-03 10:26:42,CCGS LIMNOS,GEORGIAN BAY,20,444305,-805126,1,88.9,2014-05-13 06:50:00,2042,87.00,.00,0.01000000,,0,24.700000,CA-F,CALCIUM,MG/L,44.71806,-80.85722
201405001,2014-12-03 10:26:42,CCGS LIMNOS,GEORGIAN BAY,20,444305,-805126,1,88.9,2014-05-13 06:50:00,2042,998.00,.00,0.01000000,,0,.030000,CA-F,CALCIUM,MG/L,44.71806,-80.85722
201405001,2014-12-03 10:26:42,CCGS LIMNOS,GEORGIAN BAY,20,444305,-805126,1,88.9,2014-05-13 06:50:00,2042,999.00,.00,0.01000000,,0,.010000,CA-F,CALCIUM,MG/L,44.71806,-80.85722
201405001,2014-12-03 10:26:42,CCGS LIMNOS,GEORGIAN BAY,21,445516,-803627,11,60.3,2014-05-13 09:32:00,2042,1.00,.00,0.01000000,,0,24.400000,CA-F,CALCIUM,MG/L,44.92111,-80.60750
201405001,2014-12-03 10:26:42,CCGS LIMNOS,GEORGIAN BAY,22,445511,-805231,12,88.1,2014-05-13 11:00:00,2042,1.00,.00,0.01000000,,0,24.300000,CA-F,CALCIUM,MG/L,44.91972,-80.87528
201405001,2014-12-03 10:26:42,CCGS LIMNOS,GEORGIAN BAY,23,450359,-811514,19,51.5,2014-05-13 13:20:00,2042,1.00,.00,0.01000000,,0,24.300000,CA-F,CALCIUM,MG/L,45.06639,-81.25389
201405001,2014-12-03 10:26:42,CCGS LIMNOS,GEORGIAN BAY,24,451418,-812626,31,64.5,2014-05-13 16:10:00,2042,1.00,.00,0.01000000,,0,25.600000,CA-F,CALCIUM,MG/L,45.23833,-81.44056
201405001,2014-12-03 10:26:42,CCGS LIMNOS,GEORGIAN BAY,25,452213,-813507,33,51,2014-05-13 17:50:00,2042,1.00,.00,0.01000000,,0,24.100000,CA-F,CALCIUM,MG/L,45.37028,-81.58528
201405001,2014-12-03 10:26:42,CCGS LIMNOS,GEORGIAN BAY,25,452213,-813507,33,51,2014-05-13 17:50:00,2042,1.00,.00,0.01000000,,1,24.000000,CA-F,CALCIUM,MG/L,45.37028,-81.58528
201405001,2014-12-03 10:26:42,CCGS LIMNOS,GEORGIAN BAY,25,452213,-813507,33,51,2014-05-13 17:50:00,2042,41.00,.00,0.01000000,,0,24.200000,CA-F,CALCIUM,MG/L,45.37028,-81.58528
201405001,2014-12-03 10:26:42,CCGS LIMNOS,GEORGIAN BAY,25,452213,-813507,33,51,2014-05-13 17:50:00,2042,49.00,.00,0.01000000,,0,23.000000,CA-F,CALCIUM,MG/L,45.37028,-81.58528
201405003,2014-12-03 10:30:37,CCGS LIMNOS,GEORGIAN BAY,1,452213,-813507,33,54,2014-08-11 18:58:00,2042,1.00,.00,0.01000000,,0,25.000000,CA-F,CALCIUM,MG/L,45.37028,-81.58528
201405003,2014-12-03 10:30:37,CCGS LIMNOS,GEORGIAN BAY,1,452213,-813507,33,54,2014-08-11 18:58:00,2042,4.00,.00,0.01000000,,0,25.000000,CA-F,CALCIUM,MG/L,45.37028,-81.58528
201405003,2014-12-03 10:30:37,CCGS LIMNOS,GEORGIAN BAY,1,452213,-813507,33,54,2014-08-11 18:58:00,2042,12.00,.00,0.01000000,,0,24.800000,CA-F,CALCIUM,MG/L,45.37028,-81.58528
201405003,2014-12-03 10:30:37,CCGS LIMNOS,GEORGIAN BAY,1,452213,-813507,33,54,2014-08-11 18:58:00,2042,22.00,.00,0.01000000,,0,24.600000,CA-F,CALCIUM,MG/L,45.37028,-81.58528
201405003,2014-12-03 10:30:37,CCGS LIMNOS,GEORGIAN BAY,1,452213,-813507,33,54,2014-08-11 18:58:00,2042,44.00,.00,0.01000000,,0,24.400000,CA-F,CALCIUM,MG/L,45.37028,-81.58528
201405003,2014-12-03 10:30:37,CCGS LIMNOS,GEORGIAN BAY,1,452213,-813507,33,54,2014-08-11 18:58:00,2042,52.00,.00,0.01000000,,0,24.700000,CA-F,CALCIUM,MG/L,45.37028,-81.58528
201405003,2014-12-03 10:30:37,CCGS LIMNOS,GEORGIAN BAY,2,451417,-812629,31,63.9,2014-08-11 20:30:00,2042,1.00,.00,0.01000000,,0,24.500000,CA-F,CALCIUM,MG/L,45.23806,-81.44139
201405003,2014-12-03 10:30:37,CCGS LIMNOS,GEORGIAN BAY,3,452153,-811126,21,86,2014-08-11 22:11:00,2042,1.00,.00,0.01000000,,0,23.100000,CA-F,CALCIUM,MG/L,45.36472,-81.19056
201405003,2014-12-03 10:30:37,CCGS LIMNOS,GEORGIAN BAY,4,453506,-810506,29,42.8,2014-08-12 00:19:00,2042,1.00,.00,0.01000000,,0,24.600000,CA-F,CALCIUM,MG/L,45.58500,-81.08500
201405003,2014-12-03 10:30:37,CCGS LIMNOS,GEORGIAN BAY,4,453506,-810506,29,42.8,2014-08-12 00:19:00,2042,4.00,.00,0.01000000,,0,24.300000,CA-F,CALCIUM,MG/L,45.58500,-81.08500
201405003,2014-12-03 10:30:37,CCGS LIMNOS,GEORGIAN BAY,4,453506,-810506,29,42.8,2014-08-12 00:19:00,2042,14.00,.00,0.01000000,,0,24.500000,CA-F,CALCIUM,MG/L,45.58500,-81.08500
201405003,2014-12-03 10:30:37,CCGS LIMNOS,GEORGIAN BAY,4,453506,-810506,29,42.8,2014-08-12 00:19:00,2042,24.00,.00,0.01000000,,0,23.400000,CA-F,CALCIUM,MG/L,45.58500,-81.08500
201405003,2014-12-03 10:30:37,CCGS LIMNOS,GEORGIAN BAY,4,453506,-810506,29,42.8,2014-08-12 00:19:00,2042,32.50,.00,0.01000000,,0,23.500000,CA-F,CALCIUM,MG/L,45.58500,-81.08500
201405003,2014-12-03 10:30:37,CCGS LIMNOS,GEORGIAN BAY,4,453506,-810506,29,42.8,2014-08-12 00:19:00,2042,40.50,.00,0.01000000,,0,23.800000,CA-F,CALCIUM,MG/L,45.58500,-81.08500
201405003,2014-12-03 10:30:37,CCGS LIMNOS,GEORGIAN BAY,5,451441,-805231,17,77.8,2014-08-12 03:22:00,2042,1.00,.00,0.01000000,,0,23.800000,CA-F,CALCIUM,MG/L,45.24472,-80.87528
201405003,2014-12-03 10:30:37,CCGS LIMNOS,GEORGIAN BAY,5,451441,-805231,17,77.8,2014-08-12 03:22:00,2042,1.00,.00,0.01000000,,1,23.900000,CA-F,CALCIUM,MG/L,45.24472,-80.87528
201405003,2014-12-03 10:30:37,CCGS LIMNOS,GEORGIAN BAY,5,451441,-805231,17,77.8,2014-08-12 03:22:00,2042,6.00,.00,0.01000000,,0,23.800000,CA-F,CALCIUM,MG/L,45.24472,-80.87528
201405003,2014-12-03 10:30:37,CCGS LIMNOS,GEORGIAN BAY,5,451441,-805231,17,77.8,2014-08-12 03:22:00,2042,17.00,.00,0.01000000,,0,23.800000,CA-F,CALCIUM,MG/L,45.24472,-80.87528
201405003,2014-12-03 10:30:37,CCGS LIMNOS,GEORGIAN BAY,5,451441,-805231,17,77.8,2014-08-12 03:22:00,2042,28.00,.00,0.01000000,,0,24.100000,CA-F,CALCIUM,MG/L,45.24472,-80.87528
201405003,2014-12-03 10:30:37,CCGS LIMNOS,GEORGIAN BAY,5,451441,-805231,17,77.8,2014-08-12 03:22:00,2042,67.00,.00,0.01000000,,0,24.300000,CA-F,CALCIUM,MG/L,45.24472,-80.87528
201405003,2014-12-03 10:30:37,CCGS LIMNOS,GEORGIAN BAY,5,451441,-805231,17,77.8,2014-08-12 03:22:00,2042,75.00,.00,0.01000000,,0,24.200000,CA-F,CALCIUM,MG/L,45.24472,-80.87528
201405003,2014-12-03 10:30:37,CCGS LIMNOS,GEORGIAN BAY,6,450400,-811514,19,52.6,2014-08-12 06:07:00,2042,1.00,.00,0.01000000,,0,24.500000,CA-F,CALCIUM,MG/L,45.06667,-81.25389
201405003,2014-12-03 10:30:37,CCGS LIMNOS,GEORGIAN BAY,7,444302,-805123,1,89.5,2014-08-12 22:36:00,2042,1.00,.00,0.01000000,,0,24.400000,CA-F,CALCIUM,MG/L,44.71722,-80.85639
201405003,2014-12-03 10:30:37,CCGS LIMNOS,GEORGIAN BAY,7,444302,-805123,1,89.5,2014-08-12 22:36:00,2042,10.00,.00,0.01000000,,0,24.300000,CA-F,CALCIUM,MG/L,44.71722,-80.85639
201405003,2014-12-03 10:30:37,CCGS LIMNOS,GEORGIAN BAY,7,444302,-805123,1,89.5,2014-08-12 22:36:00,2042,13.00,.00,0.01000000,,0,24.400000,CA-F,CALCIUM,MG/L,44.71722,-80.85639
201405003,2014-12-03 10:30:37,CCGS LIMNOS,GEORGIAN BAY,7,444302,-805123,1,89.5,2014-08-12 22:36:00,2042,44.00,.00,0.01000000,,0,24.300000,CA-F,CALCIUM,MG/L,44.71722,-80.85639
201405003,2014-12-03 10:30:37,CCGS LIMNOS,GEORGIAN BAY,7,444302,-805123,1,89.5,2014-08-12 22:36:00,2042,79.00,.00,0.01000000,,0,24.700000,CA-F,CALCIUM,MG/L,44.71722,-80.85639
201405003,2014-12-03 10:30:37,CCGS LIMNOS,GEORGIAN BAY,7,444302,-805123,1,89.5,2014-08-12 22:36:00,2042,87.00,.00,0.01000000,,0,24.600000,CA-F,CALCIUM,MG/L,44.71722,-80.85639
201405003,2014-12-03 10:30:37,CCGS LIMNOS,GEORGIAN BAY,8,445517,-803622,11,61.1,2014-08-13 00:53:00,2042,1.00,.00,0.01000000,,0,23.600000,CA-F,CALCIUM,MG/L,44.92139,-80.60611
201405003,2014-12-03 10:30:37,CCGS LIMNOS,GEORGIAN BAY,9,445512,-805227,12,88,2014-08-13 02:19:00,2042,1.00,.00,0.01000000,,0,24.200000,CA-F,CALCIUM,MG/L,44.92000,-80.87417
201405001,2014-12-03 10:26:42,CCGS LIMNOS,GEORGIAN BAY,1,453140,-814010,35,34.7,2014-05-11 19:35:00,2044,1.00,.00,0.01000000,,0,.910000,K-F,POTASSIUM,MG/L,45.52778,-81.66944
201405001,2014-12-03 10:26:42,CCGS LIMNOS,GEORGIAN BAY,2,454232,-813712,36,51.8,2014-05-11 21:00:00,2044,1.00,.00,0.01000000,,0,.880000,K-F,POTASSIUM,MG/L,45.70889,-81.62000
201405001,2014-12-03 10:26:42,CCGS LIMNOS,GEORGIAN BAY,3,455447,-813544,42,23.3,2014-05-11 23:00:00,2044,1.00,.00,0.01000000,,0,.860000,K-F,POTASSIUM,MG/L,45.91306,-81.59556
201405001,2014-12-03 10:26:42,CCGS LIMNOS,GEORGIAN BAY,3,455447,-813544,42,23.3,2014-05-11 23:00:00,2044,13.00,.00,0.01000000,,0,.860000,K-F,POTASSIUM,MG/L,45.91306,-81.59556
201405001,2014-12-03 10:26:42,CCGS LIMNOS,GEORGIAN BAY,3,455447,-813544,42,23.3,2014-05-11 23:00:00,2044,21.00,.00,0.01000000,,0,.860000,K-F,POTASSIUM,MG/L,45.91306,-81.59556
201405001,2014-12-03 10:26:42,CCGS LIMNOS,GEORGIAN BAY,4,455224,-811530,39,27.2,2014-05-12 01:20:00,2044,1.00,.00,0.01000000,,0,.840000,K-F,POTASSIUM,MG/L,45.87333,-81.25833
201405001,2014-12-03 10:26:42,CCGS LIMNOS,GEORGIAN BAY,5,455200,-810000,27,12.2,2014-05-12 02:50:00,2044,1.00,.00,0.01000000,,0,.720000,K-F,POTASSIUM,MG/L,45.86667,-81.00000
201405001,2014-12-03 10:26:42,CCGS LIMNOS,GEORGIAN BAY,5,455200,-810000,27,12.2,2014-05-12 02:50:00,2044,1.00,.00,0.01000000,,1,.710000,K-F,POTASSIUM,MG/L,45.86667,-81.00000
201405001,2014-12-03 10:26:42,CCGS LIMNOS,GEORGIAN BAY,5,455200,-810000,27,12.2,2014-05-12 02:50:00,2044,10.00,.00,0.01000000,,0,.720000,K-F,POTASSIUM,MG/L,45.86667,-81.00000
201405001,2014-12-03 10:26:42,CCGS LIMNOS,GEORGIAN BAY,6,455001,-805400,26,20.5,2014-05-12 03:50:00,2044,1.00,.00,0.01000000,,0,.780000,K-F,POTASSIUM,MG/L,45.83361,-80.90000
201405001,2014-12-03 10:26:42,CCGS LIMNOS,GEORGIAN BAY,7,454044,-805021,24,39.7,2014-05-12 05:05:00,2044,1.00,.00,0.01000000,,0,.890000,K-F,POTASSIUM,MG/L,45.67889,-80.83917
201405001,2014-12-03 10:26:42,CCGS LIMNOS,GEORGIAN BAY,8,453501,-810459,29,42.7,2014-05-12 06:50:00,2044,1.00,.00,0.01000000,,0,.890000,K-F,POTASSIUM,MG/L,45.58361,-81.08306
201405001,2014-12-03 10:26:42,CCGS LIMNOS,GEORGIAN BAY,8,453501,-810459,29,42.7,2014-05-12 06:50:00,2044,40.00,.00,0.01000000,,0,.890000,K-F,POTASSIUM,MG/L,45.58361,-81.08306
201405001,2014-12-03 10:26:42,CCGS LIMNOS,GEORGIAN BAY,9,452153,-811126,21,85.4,2014-05-12 09:00:00,2044,1.00,.00,0.01000000,,0,.900000,K-F,POTASSIUM,MG/L,45.36472,-81.19056
201405001,2014-12-03 10:26:42,CCGS LIMNOS,GEORGIAN BAY,10,451442,-805232,17,77.6,2014-05-12 11:00:00,2044,1.00,.00,0.01000000,,0,.890000,K-F,POTASSIUM,MG/L,45.24500,-80.87556
201405001,2014-12-03 10:26:42,CCGS LIMNOS,GEORGIAN BAY,10,451442,-805232,17,77.6,2014-05-12 11:00:00,2044,1.00,.00,0.01000000,,1,.890000,K-F,POTASSIUM,MG/L,45.24500,-80.87556
201405001,2014-12-03 10:26:42,CCGS LIMNOS,GEORGIAN BAY,10,451442,-805232,17,77.6,2014-05-12 11:00:00,2044,50.00,.00,0.01000000,,0,.870000,K-F,POTASSIUM,MG/L,45.24500,-80.87556
201405001,2014-12-03 10:26:42,CCGS LIMNOS,GEORGIAN BAY,10,451442,-805232,17,77.6,2014-05-12 11:00:00,2044,67.00,.00,0.01000000,,0,.880000,K-F,POTASSIUM,MG/L,45.24500,-80.87556
201405001,2014-12-03 10:26:42,CCGS LIMNOS,GEORGIAN BAY,10,451442,-805232,17,77.6,2014-05-12 11:00:00,2044,75.00,.00,0.01000000,,0,.880000,K-F,POTASSIUM,MG/L,45.24500,-80.87556
201405001,2014-12-03 10:26:42,CCGS LIMNOS,GEORGIAN BAY,10,451442,-805232,17,77.6,2014-05-12 11:00:00,2044,998.00,.00,0.01000000,<,0,.010000,K-F,POTASSIUM,MG/L,45.24500,-80.87556
201405001,2014-12-03 10:26:42,CCGS LIMNOS,GEORGIAN BAY,10,451442,-805232,17,77.6,2014-05-12 11:00:00,2044,999.00,.00,0.01000000,,0,.020000,K-F,POTASSIUM,MG/L,45.24500,-80.87556
201405001,2014-12-03 10:26:42,CCGS LIMNOS,GEORGIAN BAY,11,452113,-802913,16,22,2014-05-12 13:55:00,2044,1.00,.00,0.01000000,,0,.870000,K-F,POTASSIUM,MG/L,45.35361,-80.48694
201405001,2014-12-03 10:26:42,CCGS LIMNOS,GEORGIAN BAY,12,451928,-800700,122,95.7,2014-05-12 15:55:00,2044,1.00,.00,0.01000000,,0,.670000,K-F,POTASSIUM,MG/L,45.32444,-80.11667
201405001,2014-12-03 10:26:42,CCGS LIMNOS,GEORGIAN BAY,13,451000,-801750,15,46.2,2014-05-12 19:00:00,2044,1.00,.00,0.01000000,,0,.900000,K-F,POTASSIUM,MG/L,45.16667,-80.29722
201405001,2014-12-03 10:26:42,CCGS LIMNOS,GEORGIAN BAY,14,445710,-800854,8,49.6,2014-05-12 20:48:00,2044,1.00,.00,0.01000000,,0,.900000,K-F,POTASSIUM,MG/L,44.95278,-80.14833
201405001,2014-12-03 10:26:42,CCGS LIMNOS,GEORGIAN BAY,15,445218,-795804,9,29.6,2014-05-12 22:10:00,2044,1.00,.00,0.01000000,,0,1.030000,K-F,POTASSIUM,MG/L,44.87167,-79.96778
201405001,2014-12-03 10:26:42,CCGS LIMNOS,GEORGIAN BAY,15,445218,-795804,9,29.6,2014-05-12 22:10:00,2044,1.00,.00,0.01000000,,1,1.020000,K-F,POTASSIUM,MG/L,44.87167,-79.96778
201405001,2014-12-03 10:26:42,CCGS LIMNOS,GEORGIAN BAY,15,445218,-795804,9,29.6,2014-05-12 22:10:00,2044,19.00,.00,0.01000000,,0,1.010000,K-F,POTASSIUM,MG/L,44.87167,-79.96778
201405001,2014-12-03 10:26:42,CCGS LIMNOS,GEORGIAN BAY,15,445218,-795804,9,29.6,2014-05-12 22:10:00,2044,27.00,.00,0.01000000,,0,.990000,K-F,POTASSIUM,MG/L,44.87167,-79.96778
201405001,2014-12-03 10:26:42,CCGS LIMNOS,GEORGIAN BAY,16,444748,-801436,5,58.5,2014-05-13 00:25:00,2044,1.00,.00,0.01000000,,0,.890000,K-F,POTASSIUM,MG/L,44.79667,-80.24333
201405001,2014-12-03 10:26:42,CCGS LIMNOS,GEORGIAN BAY,17,443846,-801000,4,57.8,2014-05-13 02:00:00,2044,1.00,.00,0.01000000,,0,.920000,K-F,POTASSIUM,MG/L,44.64611,-80.16667
201405001,2014-12-03 10:26:42,CCGS LIMNOS,GEORGIAN BAY,17,443846,-801000,4,57.8,2014-05-13 02:00:00,2044,48.00,.00,0.01000000,,0,.890000,K-F,POTASSIUM,MG/L,44.64611,-80.16667
201405001,2014-12-03 10:26:42,CCGS LIMNOS,GEORGIAN BAY,17,443846,-801000,4,57.8,2014-05-13 02:00:00,2044,56.00,.00,0.01000000,,0,.910000,K-F,POTASSIUM,MG/L,44.64611,-80.16667
201405001,2014-12-03 10:26:42,CCGS LIMNOS,GEORGIAN BAY,18,444412,-802606,6,87.1,2014-05-13 04:00:00,2044,1.00,.00,0.01000000,,0,.900000,K-F,POTASSIUM,MG/L,44.73667,-80.43500
201405001,2014-12-03 10:26:42,CCGS LIMNOS,GEORGIAN BAY,19,444330,-803658,3,33.7,2014-05-13 05:10:00,2044,1.00,.00,0.01000000,,0,.880000,K-F,POTASSIUM,MG/L,44.72500,-80.61611
201405001,2014-12-03 10:26:42,CCGS LIMNOS,GEORGIAN BAY,20,444305,-805126,1,88.9,2014-05-13 06:50:00,2044,1.00,.00,0.01000000,,0,.900000,K-F,POTASSIUM,MG/L,44.71806,-80.85722
201405001,2014-12-03 10:26:42,CCGS LIMNOS,GEORGIAN BAY,20,444305,-805126,1,88.9,2014-05-13 06:50:00,2044,1.00,.00,0.01000000,,1,.910000,K-F,POTASSIUM,MG/L,44.71806,-80.85722
201405001,2014-12-03 10:26:42,CCGS LIMNOS,GEORGIAN BAY,20,444305,-805126,1,88.9,2014-05-13 06:50:00,2044,50.00,.00,0.01000000,,0,.890000,K-F,POTASSIUM,MG/L,44.71806,-80.85722
201405001,2014-12-03 10:26:42,CCGS LIMNOS,GEORGIAN BAY,20,444305,-805126,1,88.9,2014-05-13 06:50:00,2044,79.00,.00,0.01000000,,0,.900000,K-F,POTASSIUM,MG/L,44.71806,-80.85722
201405001,2014-12-03 10:26:42,CCGS LIMNOS,GEORGIAN BAY,20,444305,-805126,1,88.9,2014-05-13 06:50:00,2044,87.00,.00,0.01000000,,0,.900000,K-F,POTASSIUM,MG/L,44.71806,-80.85722
201405001,2014-12-03 10:26:42,CCGS LIMNOS,GEORGIAN BAY,20,444305,-805126,1,88.9,2014-05-13 06:50:00,2044,998.00,.00,0.01000000,,0,.030000,K-F,POTASSIUM,MG/L,44.71806,-80.85722
201405001,2014-12-03 10:26:42,CCGS LIMNOS,GEORGIAN BAY,20,444305,-805126,1,88.9,2014-05-13 06:50:00,2044,999.00,.00,0.01000000,<,0,.010000,K-F,POTASSIUM,MG/L,44.71806,-80.85722
201405001,2014-12-03 10:26:42,CCGS LIMNOS,GEORGIAN BAY,21,445516,-803627,11,60.3,2014-05-13 09:32:00,2044,1.00,.00,0.01000000,,0,.890000,K-F,POTASSIUM,MG/L,44.92111,-80.60750
201405001,2014-12-03 10:26:42,CCGS LIMNOS,GEORGIAN BAY,22,445511,-805231,12,88.1,2014-05-13 11:00:00,2044,1.00,.00,0.01000000,,0,.900000,K-F,POTASSIUM,MG/L,44.91972,-80.87528
201405001,2014-12-03 10:26:42,CCGS LIMNOS,GEORGIAN BAY,23,450359,-811514,19,51.5,2014-05-13 13:20:00,2044,1.00,.00,0.01000000,,0,.890000,K-F,POTASSIUM,MG/L,45.06639,-81.25389
201405001,2014-12-03 10:26:42,CCGS LIMNOS,GEORGIAN BAY,24,451418,-812626,31,64.5,2014-05-13 16:10:00,2044,1.00,.00,0.01000000,,0,.950000,K-F,POTASSIUM,MG/L,45.23833,-81.44056
201405001,2014-12-03 10:26:42,CCGS LIMNOS,GEORGIAN BAY,25,452213,-813507,33,51,2014-05-13 17:50:00,2044,1.00,.00,0.01000000,,0,.970000,K-F,POTASSIUM,MG/L,45.37028,-81.58528
201405001,2014-12-03 10:26:42,CCGS LIMNOS,GEORGIAN BAY,25,452213,-813507,33,51,2014-05-13 17:50:00,2044,1.00,.00,0.01000000,,1,.970000,K-F,POTASSIUM,MG/L,45.37028,-81.58528
201405001,2014-12-03 10:26:42,CCGS LIMNOS,GEORGIAN BAY,25,452213,-813507,33,51,2014-05-13 17:50:00,2044,41.00,.00,0.01000000,,0,.970000,K-F,POTASSIUM,MG/L,45.37028,-81.58528
201405001,2014-12-03 10:26:42,CCGS LIMNOS,GEORGIAN BAY,25,452213,-813507,33,51,2014-05-13 17:50:00,2044,49.00,.00,0.01000000,,0,.990000,K-F,POTASSIUM,MG/L,45.37028,-81.58528
201405003,2014-12-03 10:30:37,CCGS LIMNOS,GEORGIAN BAY,1,452213,-813507,33,54,2014-08-11 18:58:00,2044,1.00,.00,0.01000000,,0,.910000,K-F,POTASSIUM,MG/L,45.37028,-81.58528
201405003,2014-12-03 10:30:37,CCGS LIMNOS,GEORGIAN BAY,1,452213,-813507,33,54,2014-08-11 18:58:00,2044,4.00,.00,0.01000000,,0,.910000,K-F,POTASSIUM,MG/L,45.37028,-81.58528
201405003,2014-12-03 10:30:37,CCGS LIMNOS,GEORGIAN BAY,1,452213,-813507,33,54,2014-08-11 18:58:00,2044,12.00,.00,0.01000000,,0,.910000,K-F,POTASSIUM,MG/L,45.37028,-81.58528
201405003,2014-12-03 10:30:37,CCGS LIMNOS,GEORGIAN BAY,1,452213,-813507,33,54,2014-08-11 18:58:00,2044,22.00,.00,0.01000000,,0,.900000,K-F,POTASSIUM,MG/L,45.37028,-81.58528
201405003,2014-12-03 10:30:37,CCGS LIMNOS,GEORGIAN BAY,1,452213,-813507,33,54,2014-08-11 18:58:00,2044,44.00,.00,0.01000000,,0,.900000,K-F,POTASSIUM,MG/L,45.37028,-81.58528
201405003,2014-12-03 10:30:37,CCGS LIMNOS,GEORGIAN BAY,1,452213,-813507,33,54,2014-08-11 18:58:00,2044,52.00,.00,0.01000000,,0,.900000,K-F,POTASSIUM,MG/L,45.37028,-81.58528
201405003,2014-12-03 10:30:37,CCGS LIMNOS,GEORGIAN BAY,2,451417,-812629,31,63.9,2014-08-11 20:30:00,2044,1.00,.00,0.01000000,,0,.900000,K-F,POTASSIUM,MG/L,45.23806,-81.44139
201405003,2014-12-03 10:30:37,CCGS LIMNOS,GEORGIAN BAY,3,452153,-811126,21,86,2014-08-11 22:11:00,2044,1.00,.00,0.01000000,,0,.880000,K-F,POTASSIUM,MG/L,45.36472,-81.19056
201405003,2014-12-03 10:30:37,CCGS LIMNOS,GEORGIAN BAY,4,453506,-810506,29,42.8,2014-08-12 00:19:00,2044,1.00,.00,0.01000000,,0,.910000,K-F,POTASSIUM,MG/L,45.58500,-81.08500
201405003,2014-12-03 10:30:37,CCGS LIMNOS,GEORGIAN BAY,4,453506,-810506,29,42.8,2014-08-12 00:19:00,2044,4.00,.00,0.01000000,,0,.900000,K-F,POTASSIUM,MG/L,45.58500,-81.08500
201405003,2014-12-03 10:30:37,CCGS LIMNOS,GEORGIAN BAY,4,453506,-810506,29,42.8,2014-08-12 00:19:00,2044,14.00,.00,0.01000000,,0,.900000,K-F,POTASSIUM,MG/L,45.58500,-81.08500
201405003,2014-12-03 10:30:37,CCGS LIMNOS,GEORGIAN BAY,4,453506,-810506,29,42.8,2014-08-12 00:19:00,2044,24.00,.00,0.01000000,,0,.880000,K-F,POTASSIUM,MG/L,45.58500,-81.08500
201405003,2014-12-03 10:30:37,CCGS LIMNOS,GEORGIAN BAY,4,453506,-810506,29,42.8,2014-08-12 00:19:00,2044,32.50,.00,0.01000000,,0,.870000,K-F,POTASSIUM,MG/L,45.58500,-81.08500
201405003,2014-12-03 10:30:37,CCGS LIMNOS,GEORGIAN BAY,4,453506,-810506,29,42.8,2014-08-12 00:19:00,2044,40.50,.00,0.01000000,,0,.880000,K-F,POTASSIUM,MG/L,45.58500,-81.08500
201405003,2014-12-03 10:30:37,CCGS LIMNOS,GEORGIAN BAY,5,451441,-805231,17,77.8,2014-08-12 03:22:00,2044,1.00,.00,0.01000000,,0,.880000,K-F,POTASSIUM,MG/L,45.24472,-80.87528
201405003,2014-12-03 10:30:37,CCGS LIMNOS,GEORGIAN BAY,5,451441,-805231,17,77.8,2014-08-12 03:22:00,2044,1.00,.00,0.01000000,,1,.890000,K-F,POTASSIUM,MG/L,45.24472,-80.87528
201405003,2014-12-03 10:30:37,CCGS LIMNOS,GEORGIAN BAY,5,451441,-805231,17,77.8,2014-08-12 03:22:00,2044,6.00,.00,0.01000000,,0,.890000,K-F,POTASSIUM,MG/L,45.24472,-80.87528
201405003,2014-12-03 10:30:37,CCGS LIMNOS,GEORGIAN BAY,5,451441,-805231,17,77.8,2014-08-12 03:22:00,2044,17.00,.00,0.01000000,,0,.890000,K-F,POTASSIUM,MG/L,45.24472,-80.87528
201405003,2014-12-03 10:30:37,CCGS LIMNOS,GEORGIAN BAY,5,451441,-805231,17,77.8,2014-08-12 03:22:00,2044,28.00,.00,0.01000000,,0,.890000,K-F,POTASSIUM,MG/L,45.24472,-80.87528
201405003,2014-12-03 10:30:37,CCGS LIMNOS,GEORGIAN BAY,5,451441,-805231,17,77.8,2014-08-12 03:22:00,2044,67.00,.00,0.01000000,,0,.890000,K-F,POTASSIUM,MG/L,45.24472,-80.87528
201405003,2014-12-03 10:30:37,CCGS LIMNOS,GEORGIAN BAY,5,451441,-805231,17,77.8,2014-08-12 03:22:00,2044,75.00,.00,0.01000000,,0,.890000,K-F,POTASSIUM,MG/L,45.24472,-80.87528
201405003,2014-12-03 10:30:37,CCGS LIMNOS,GEORGIAN BAY,6,450400,-811514,19,52.6,2014-08-12 06:07:00,2044,1.00,.00,0.01000000,,0,.910000,K-F,POTASSIUM,MG/L,45.06667,-81.25389
201405003,2014-12-03 10:30:37,CCGS LIMNOS,GEORGIAN BAY,7,444302,-805123,1,89.5,2014-08-12 22:36:00,2044,1.00,.00,0.01000000,,0,.900000,K-F,POTASSIUM,MG/L,44.71722,-80.85639
201405003,2014-12-03 10:30:37,CCGS LIMNOS,GEORGIAN BAY,7,444302,-805123,1,89.5,2014-08-12 22:36:00,2044,10.00,.00,0.01000000,,0,.890000,K-F,POTASSIUM,MG/L,44.71722,-80.85639
201405003,2014-12-03 10:30:37,CCGS LIMNOS,GEORGIAN BAY,7,444302,-805123,1,89.5,2014-08-12 22:36:00,2044,13.00,.00,0.01000000,,0,.890000,K-F,POTASSIUM,MG/L,44.71722,-80.85639
201405003,2014-12-03 10:30:37,CCGS LIMNOS,GEORGIAN BAY,7,444302,-805123,1,89.5,2014-08-12 22:36:00,2044,44.00,.00,0.01000000,,0,.890000,K-F,POTASSIUM,MG/L,44.71722,-80.85639
201405003,2014-12-03 10:30:37,CCGS LIMNOS,GEORGIAN BAY,7,444302,-805123,1,89.5,2014-08-12 22:36:00,2044,79.00,.00,0.01000000,,0,.900000,K-F,POTASSIUM,MG/L,44.71722,-80.85639
201405003,2014-12-03 10:30:37,CCGS LIMNOS,GEORGIAN BAY,7,444302,-805123,1,89.5,2014-08-12 22:36:00,2044,87.00,.00,0.01000000,,0,.910000,K-F,POTASSIUM,MG/L,44.71722,-80.85639
201405003,2014-12-03 10:30:37,CCGS LIMNOS,GEORGIAN BAY,8,445517,-803622,11,61.1,2014-08-13 00:53:00,2044,1.00,.00,0.01000000,,0,.890000,K-F,POTASSIUM,MG/L,44.92139,-80.60611
201405003,2014-12-03 10:30:37,CCGS LIMNOS,GEORGIAN BAY,9,445512,-805227,12,88,2014-08-13 02:19:00,2044,1.00,.00,0.01000000,,0,.890000,K-F,POTASSIUM,MG/L,44.92000,-80.87417
201405001,2014-12-03 10:26:42,CCGS LIMNOS,GEORGIAN BAY,1,453140,-814010,35,34.7,2014-05-11 19:35:00,2046,1.00,.00,0.01000000,,0,6.810000,MG-F,MAGNESIUM,MG/L,45.52778,-81.66944
201405001,2014-12-03 10:26:42,CCGS LIMNOS,GEORGIAN BAY,2,454232,-813712,36,51.8,2014-05-11 21:00:00,2046,1.00,.00,0.01000000,,0,6.680000,MG-F,MAGNESIUM,MG/L,45.70889,-81.62000
201405001,2014-12-03 10:26:42,CCGS LIMNOS,GEORGIAN BAY,3,455447,-813544,42,23.3,2014-05-11 23:00:00,2046,1.00,.00,0.01000000,,0,6.380000,MG-F,MAGNESIUM,MG/L,45.91306,-81.59556
201405001,2014-12-03 10:26:42,CCGS LIMNOS,GEORGIAN BAY,3,455447,-813544,42,23.3,2014-05-11 23:00:00,2046,13.00,.00,0.01000000,,0,6.340000,MG-F,MAGNESIUM,MG/L,45.91306,-81.59556
201405001,2014-12-03 10:26:42,CCGS LIMNOS,GEORGIAN BAY,3,455447,-813544,42,23.3,2014-05-11 23:00:00,2046,21.00,.00,0.01000000,,0,6.340000,MG-F,MAGNESIUM,MG/L,45.91306,-81.59556
201405001,2014-12-03 10:26:42,CCGS LIMNOS,GEORGIAN BAY,4,455224,-811530,39,27.2,2014-05-12 01:20:00,2046,1.00,.00,0.01000000,,0,5.870000,MG-F,MAGNESIUM,MG/L,45.87333,-81.25833
201405001,2014-12-03 10:26:42,CCGS LIMNOS,GEORGIAN BAY,5,455200,-810000,27,12.2,2014-05-12 02:50:00,2046,1.00,.00,0.01000000,,0,4.040000,MG-F,MAGNESIUM,MG/L,45.86667,-81.00000
201405001,2014-12-03 10:26:42,CCGS LIMNOS,GEORGIAN BAY,5,455200,-810000,27,12.2,2014-05-12 02:50:00,2046,1.00,.00,0.01000000,,1,4.040000,MG-F,MAGNESIUM,MG/L,45.86667,-81.00000
201405001,2014-12-03 10:26:42,CCGS LIMNOS,GEORGIAN BAY,5,455200,-810000,27,12.2,2014-05-12 02:50:00,2046,10.00,.00,0.01000000,,0,4.070000,MG-F,MAGNESIUM,MG/L,45.86667,-81.00000
201405001,2014-12-03 10:26:42,CCGS LIMNOS,GEORGIAN BAY,6,455001,-805400,26,20.5,2014-05-12 03:50:00,2046,1.00,.00,0.01000000,,0,5.410000,MG-F,MAGNESIUM,MG/L,45.83361,-80.90000
201405001,2014-12-03 10:26:42,CCGS LIMNOS,GEORGIAN BAY,7,454044,-805021,24,39.7,2014-05-12 05:05:00,2046,1.00,.00,0.01000000,,0,6.670000,MG-F,MAGNESIUM,MG/L,45.67889,-80.83917
201405001,2014-12-03 10:26:42,CCGS LIMNOS,GEORGIAN BAY,8,453501,-810459,29,42.7,2014-05-12 06:50:00,2046,1.00,.00,0.01000000,,0,6.780000,MG-F,MAGNESIUM,MG/L,45.58361,-81.08306
201405001,2014-12-03 10:26:42,CCGS LIMNOS,GEORGIAN BAY,8,453501,-810459,29,42.7,2014-05-12 06:50:00,2046,40.00,.00,0.01000000,,0,6.740000,MG-F,MAGNESIUM,MG/L,45.58361,-81.08306
201405001,2014-12-03 10:26:42,CCGS LIMNOS,GEORGIAN BAY,9,452153,-811126,21,85.4,2014-05-12 09:00:00,2046,1.00,.00,0.01000000,,0,6.830000,MG-F,MAGNESIUM,MG/L,45.36472,-81.19056
201405001,2014-12-03 10:26:42,CCGS LIMNOS,GEORGIAN BAY,10,451442,-805232,17,77.6,2014-05-12 11:00:00,2046,1.00,.00,0.01000000,,0,6.750000,MG-F,MAGNESIUM,MG/L,45.24500,-80.87556
201405001,2014-12-03 10:26:42,CCGS LIMNOS,GEORGIAN BAY,10,451442,-805232,17,77.6,2014-05-12 11:00:00,2046,1.00,.00,0.01000000,,1,6.770000,MG-F,MAGNESIUM,MG/L,45.24500,-80.87556
201405001,2014-12-03 10:26:42,CCGS LIMNOS,GEORGIAN BAY,10,451442,-805232,17,77.6,2014-05-12 11:00:00,2046,50.00,.00,0.01000000,,0,6.740000,MG-F,MAGNESIUM,MG/L,45.24500,-80.87556
201405001,2014-12-03 10:26:42,CCGS LIMNOS,GEORGIAN BAY,10,451442,-805232,17,77.6,2014-05-12 11:00:00,2046,67.00,.00,0.01000000,,0,6.710000,MG-F,MAGNESIUM,MG/L,45.24500,-80.87556
201405001,2014-12-03 10:26:42,CCGS LIMNOS,GEORGIAN BAY,10,451442,-805232,17,77.6,2014-05-12 11:00:00,2046,75.00,.00,0.01000000,,0,6.780000,MG-F,MAGNESIUM,MG/L,45.24500,-80.87556
201405001,2014-12-03 10:26:42,CCGS LIMNOS,GEORGIAN BAY,10,451442,-805232,17,77.6,2014-05-12 11:00:00,2046,998.00,.00,0.01000000,<,0,.010000,MG-F,MAGNESIUM,MG/L,45.24500,-80.87556
201405001,2014-12-03 10:26:42,CCGS LIMNOS,GEORGIAN BAY,10,451442,-805232,17,77.6,2014-05-12 11:00:00,2046,999.00,.00,0.01000000,<,0,.010000,MG-F,MAGNESIUM,MG/L,45.24500,-80.87556
201405001,2014-12-03 10:26:42,CCGS LIMNOS,GEORGIAN BAY,11,452113,-802913,16,22,2014-05-12 13:55:00,2046,1.00,.00,0.01000000,,0,6.610000,MG-F,MAGNESIUM,MG/L,45.35361,-80.48694
201405001,2014-12-03 10:26:42,CCGS LIMNOS,GEORGIAN BAY,12,451928,-800700,122,95.7,2014-05-12 15:55:00,2046,1.00,.00,0.01000000,,0,3.500000,MG-F,MAGNESIUM,MG/L,45.32444,-80.11667
201405001,2014-12-03 10:26:42,CCGS LIMNOS,GEORGIAN BAY,13,451000,-801750,15,46.2,2014-05-12 19:00:00,2046,1.00,.00,0.01000000,,0,6.700000,MG-F,MAGNESIUM,MG/L,45.16667,-80.29722
201405001,2014-12-03 10:26:42,CCGS LIMNOS,GEORGIAN BAY,14,445710,-800854,8,49.6,2014-05-12 20:48:00,2046,1.00,.00,0.01000000,,0,6.470000,MG-F,MAGNESIUM,MG/L,44.95278,-80.14833
201405001,2014-12-03 10:26:42,CCGS LIMNOS,GEORGIAN BAY,15,445218,-795804,9,29.6,2014-05-12 22:10:00,2046,1.00,.00,0.01000000,,0,5.340000,MG-F,MAGNESIUM,MG/L,44.87167,-79.96778
201405001,2014-12-03 10:26:42,CCGS LIMNOS,GEORGIAN BAY,15,445218,-795804,9,29.6,2014-05-12 22:10:00,2046,1.00,.00,0.01000000,,1,5.330000,MG-F,MAGNESIUM,MG/L,44.87167,-79.96778
201405001,2014-12-03 10:26:42,CCGS LIMNOS,GEORGIAN BAY,15,445218,-795804,9,29.6,2014-05-12 22:10:00,2046,19.00,.00,0.01000000,,0,5.420000,MG-F,MAGNESIUM,MG/L,44.87167,-79.96778
201405001,2014-12-03 10:26:42,CCGS LIMNOS,GEORGIAN BAY,15,445218,-795804,9,29.6,2014-05-12 22:10:00,2046,27.00,.00,0.01000000,,0,5.530000,MG-F,MAGNESIUM,MG/L,44.87167,-79.96778
201405001,2014-12-03 10:26:42,CCGS LIMNOS,GEORGIAN BAY,16,444748,-801436,5,58.5,2014-05-13 00:25:00,2046,1.00,.00,0.01000000,,0,6.820000,MG-F,MAGNESIUM,MG/L,44.79667,-80.24333
201405001,2014-12-03 10:26:42,CCGS LIMNOS,GEORGIAN BAY,17,443846,-801000,4,57.8,2014-05-13 02:00:00,2046,1.00,.00,0.01000000,,0,6.940000,MG-F,MAGNESIUM,MG/L,44.64611,-80.16667
201405001,2014-12-03 10:26:42,CCGS LIMNOS,GEORGIAN BAY,17,443846,-801000,4,57.8,2014-05-13 02:00:00,2046,48.00,.00,0.01000000,,0,6.810000,MG-F,MAGNESIUM,MG/L,44.64611,-80.16667
201405001,2014-12-03 10:26:42,CCGS LIMNOS,GEORGIAN BAY,17,443846,-801000,4,57.8,2014-05-13 02:00:00,2046,56.00,.00,0.01000000,,0,6.900000,MG-F,MAGNESIUM,MG/L,44.64611,-80.16667
201405001,2014-12-03 10:26:42,CCGS LIMNOS,GEORGIAN BAY,18,444412,-802606,6,87.1,2014-05-13 04:00:00,2046,1.00,.00,0.01000000,,0,6.860000,MG-F,MAGNESIUM,MG/L,44.73667,-80.43500
201405001,2014-12-03 10:26:42,CCGS LIMNOS,GEORGIAN BAY,19,444330,-803658,3,33.7,2014-05-13 05:10:00,2046,1.00,.00,0.01000000,,0,6.890000,MG-F,MAGNESIUM,MG/L,44.72500,-80.61611
201405001,2014-12-03 10:26:42,CCGS LIMNOS,GEORGIAN BAY,20,444305,-805126,1,88.9,2014-05-13 06:50:00,2046,1.00,.00,0.01000000,,0,6.850000,MG-F,MAGNESIUM,MG/L,44.71806,-80.85722
201405001,2014-12-03 10:26:42,CCGS LIMNOS,GEORGIAN BAY,20,444305,-805126,1,88.9,2014-05-13 06:50:00,2046,1.00,.00,0.01000000,,1,6.860000,MG-F,MAGNESIUM,MG/L,44.71806,-80.85722
201405001,2014-12-03 10:26:42,CCGS LIMNOS,GEORGIAN BAY,20,444305,-805126,1,88.9,2014-05-13 06:50:00,2046,50.00,.00,0.01000000,,0,6.790000,MG-F,MAGNESIUM,MG/L,44.71806,-80.85722
201405001,2014-12-03 10:26:42,CCGS LIMNOS,GEORGIAN BAY,20,444305,-805126,1,88.9,2014-05-13 06:50:00,2046,79.00,.00,0.01000000,,0,6.930000,MG-F,MAGNESIUM,MG/L,44.71806,-80.85722
201405001,2014-12-03 10:26:42,CCGS LIMNOS,GEORGIAN BAY,20,444305,-805126,1,88.9,2014-05-13 06:50:00,2046,87.00,.00,0.01000000,,0,6.980000,MG-F,MAGNESIUM,MG/L,44.71806,-80.85722
201405001,2014-12-03 10:26:42,CCGS LIMNOS,GEORGIAN BAY,20,444305,-805126,1,88.9,2014-05-13 06:50:00,2046,998.00,.00,0.01000000,,0,.010000,MG-F,MAGNESIUM,MG/L,44.71806,-80.85722
201405001,2014-12-03 10:26:42,CCGS LIMNOS,GEORGIAN BAY,20,444305,-805126,1,88.9,2014-05-13 06:50:00,2046,999.00,.00,0.01000000,<,0,.010000,MG-F,MAGNESIUM,MG/L,44.71806,-80.85722
201405001,2014-12-03 10:26:42,CCGS LIMNOS,GEORGIAN BAY,21,445516,-803627,11,60.3,2014-05-13 09:32:00,2046,1.00,.00,0.01000000,,0,6.820000,MG-F,MAGNESIUM,MG/L,44.92111,-80.60750
201405001,2014-12-03 10:26:42,CCGS LIMNOS,GEORGIAN BAY,22,445511,-805231,12,88.1,2014-05-13 11:00:00,2046,1.00,.00,0.01000000,,0,6.810000,MG-F,MAGNESIUM,MG/L,44.91972,-80.87528
201405001,2014-12-03 10:26:42,CCGS LIMNOS,GEORGIAN BAY,23,450359,-811514,19,51.5,2014-05-13 13:20:00,2046,1.00,.00,0.01000000,,0,6.830000,MG-F,MAGNESIUM,MG/L,45.06639,-81.25389
201405001,2014-12-03 10:26:42,CCGS LIMNOS,GEORGIAN BAY,24,451418,-812626,31,64.5,2014-05-13 16:10:00,2046,1.00,.00,0.01000000,,0,7.170000,MG-F,MAGNESIUM,MG/L,45.23833,-81.44056
201405001,2014-12-03 10:26:42,CCGS LIMNOS,GEORGIAN BAY,25,452213,-813507,33,51,2014-05-13 17:50:00,2046,1.00,.00,0.01000000,,0,7.110000,MG-F,MAGNESIUM,MG/L,45.37028,-81.58528
201405001,2014-12-03 10:26:42,CCGS LIMNOS,GEORGIAN BAY,25,452213,-813507,33,51,2014-05-13 17:50:00,2046,1.00,.00,0.01000000,,1,7.130000,MG-F,MAGNESIUM,MG/L,45.37028,-81.58528
201405001,2014-12-03 10:26:42,CCGS LIMNOS,GEORGIAN BAY,25,452213,-813507,33,51,2014-05-13 17:50:00,2046,41.00,.00,0.01000000,,0,7.150000,MG-F,MAGNESIUM,MG/L,45.37028,-81.58528
201405001,2014-12-03 10:26:42,CCGS LIMNOS,GEORGIAN BAY,25,452213,-813507,33,51,2014-05-13 17:50:00,2046,49.00,.00,0.01000000,,0,7.170000,MG-F,MAGNESIUM,MG/L,45.37028,-81.58528
201405003,2014-12-03 10:30:37,CCGS LIMNOS,GEORGIAN BAY,1,452213,-813507,33,54,2014-08-11 18:58:00,2046,1.00,.00,0.01000000,,0,7.160000,MG-F,MAGNESIUM,MG/L,45.37028,-81.58528
201405003,2014-12-03 10:30:37,CCGS LIMNOS,GEORGIAN BAY,1,452213,-813507,33,54,2014-08-11 18:58:00,2046,4.00,.00,0.01000000,,0,7.150000,MG-F,MAGNESIUM,MG/L,45.37028,-81.58528
201405003,2014-12-03 10:30:37,CCGS LIMNOS,GEORGIAN BAY,1,452213,-813507,33,54,2014-08-11 18:58:00,2046,12.00,.00,0.01000000,,0,7.090000,MG-F,MAGNESIUM,MG/L,45.37028,-81.58528
201405003,2014-12-03 10:30:37,CCGS LIMNOS,GEORGIAN BAY,1,452213,-813507,33,54,2014-08-11 18:58:00,2046,22.00,.00,0.01000000,,0,6.940000,MG-F,MAGNESIUM,MG/L,45.37028,-81.58528
201405003,2014-12-03 10:30:37,CCGS LIMNOS,GEORGIAN BAY,1,452213,-813507,33,54,2014-08-11 18:58:00,2046,44.00,.00,0.01000000,,0,6.880000,MG-F,MAGNESIUM,MG/L,45.37028,-81.58528
201405003,2014-12-03 10:30:37,CCGS LIMNOS,GEORGIAN BAY,1,452213,-813507,33,54,2014-08-11 18:58:00,2046,52.00,.00,0.01000000,,0,6.930000,MG-F,MAGNESIUM,MG/L,45.37028,-81.58528
201405003,2014-12-03 10:30:37,CCGS LIMNOS,GEORGIAN BAY,2,451417,-812629,31,63.9,2014-08-11 20:30:00,2046,1.00,.00,0.01000000,,0,6.970000,MG-F,MAGNESIUM,MG/L,45.23806,-81.44139
201405003,2014-12-03 10:30:37,CCGS LIMNOS,GEORGIAN BAY,3,452153,-811126,21,86,2014-08-11 22:11:00,2046,1.00,.00,0.01000000,,0,6.500000,MG-F,MAGNESIUM,MG/L,45.36472,-81.19056
201405003,2014-12-03 10:30:37,CCGS LIMNOS,GEORGIAN BAY,4,453506,-810506,29,42.8,2014-08-12 00:19:00,2046,1.00,.00,0.01000000,,0,6.980000,MG-F,MAGNESIUM,MG/L,45.58500,-81.08500
201405003,2014-12-03 10:30:37,CCGS LIMNOS,GEORGIAN BAY,4,453506,-810506,29,42.8,2014-08-12 00:19:00,2046,4.00,.00,0.01000000,,0,6.890000,MG-F,MAGNESIUM,MG/L,45.58500,-81.08500
201405003,2014-12-03 10:30:37,CCGS LIMNOS,GEORGIAN BAY,4,453506,-810506,29,42.8,2014-08-12 00:19:00,2046,14.00,.00,0.01000000,,0,7.000000,MG-F,MAGNESIUM,MG/L,45.58500,-81.08500
201405003,2014-12-03 10:30:37,CCGS LIMNOS,GEORGIAN BAY,4,453506,-810506,29,42.8,2014-08-12 00:19:00,2046,24.00,.00,0.01000000,,0,6.560000,MG-F,MAGNESIUM,MG/L,45.58500,-81.08500
201405003,2014-12-03 10:30:37,CCGS LIMNOS,GEORGIAN BAY,4,453506,-810506,29,42.8,2014-08-12 00:19:00,2046,32.50,.00,0.01000000,,0,6.580000,MG-F,MAGNESIUM,MG/L,45.58500,-81.08500
201405003,2014-12-03 10:30:37,CCGS LIMNOS,GEORGIAN BAY,4,453506,-810506,29,42.8,2014-08-12 00:19:00,2046,40.50,.00,0.01000000,,0,6.660000,MG-F,MAGNESIUM,MG/L,45.58500,-81.08500
201405003,2014-12-03 10:30:37,CCGS LIMNOS,GEORGIAN BAY,5,451441,-805231,17,77.8,2014-08-12 03:22:00,2046,1.00,.00,0.01000000,,0,6.680000,MG-F,MAGNESIUM,MG/L,45.24472,-80.87528
201405003,2014-12-03 10:30:37,CCGS LIMNOS,GEORGIAN BAY,5,451441,-805231,17,77.8,2014-08-12 03:22:00,2046,1.00,.00,0.01000000,,1,6.680000,MG-F,MAGNESIUM,MG/L,45.24472,-80.87528
201405003,2014-12-03 10:30:37,CCGS LIMNOS,GEORGIAN BAY,5,451441,-805231,17,77.8,2014-08-12 03:22:00,2046,6.00,.00,0.01000000,,0,6.680000,MG-F,MAGNESIUM,MG/L,45.24472,-80.87528
201405003,2014-12-03 10:30:37,CCGS LIMNOS,GEORGIAN BAY,5,451441,-805231,17,77.8,2014-08-12 03:22:00,2046,17.00,.00,0.01000000,,0,6.660000,MG-F,MAGNESIUM,MG/L,45.24472,-80.87528
201405003,2014-12-03 10:30:37,CCGS LIMNOS,GEORGIAN BAY,5,451441,-805231,17,77.8,2014-08-12 03:22:00,2046,28.00,.00,0.01000000,,0,6.760000,MG-F,MAGNESIUM,MG/L,45.24472,-80.87528
201405003,2014-12-03 10:30:37,CCGS LIMNOS,GEORGIAN BAY,5,451441,-805231,17,77.8,2014-08-12 03:22:00,2046,67.00,.00,0.01000000,,0,6.820000,MG-F,MAGNESIUM,MG/L,45.24472,-80.87528
201405003,2014-12-03 10:30:37,CCGS LIMNOS,GEORGIAN BAY,5,451441,-805231,17,77.8,2014-08-12 03:22:00,2046,75.00,.00,0.01000000,,0,6.800000,MG-F,MAGNESIUM,MG/L,45.24472,-80.87528
201405003,2014-12-03 10:30:37,CCGS LIMNOS,GEORGIAN BAY,6,450400,-811514,19,52.6,2014-08-12 06:07:00,2046,1.00,.00,0.01000000,,0,6.970000,MG-F,MAGNESIUM,MG/L,45.06667,-81.25389
201405003,2014-12-03 10:30:37,CCGS LIMNOS,GEORGIAN BAY,7,444302,-805123,1,89.5,2014-08-12 22:36:00,2046,1.00,.00,0.01000000,,0,6.840000,MG-F,MAGNESIUM,MG/L,44.71722,-80.85639
201405003,2014-12-03 10:30:37,CCGS LIMNOS,GEORGIAN BAY,7,444302,-805123,1,89.5,2014-08-12 22:36:00,2046,10.00,.00,0.01000000,,0,6.820000,MG-F,MAGNESIUM,MG/L,44.71722,-80.85639
201405003,2014-12-03 10:30:37,CCGS LIMNOS,GEORGIAN BAY,7,444302,-805123,1,89.5,2014-08-12 22:36:00,2046,13.00,.00,0.01000000,,0,6.860000,MG-F,MAGNESIUM,MG/L,44.71722,-80.85639
201405003,2014-12-03 10:30:37,CCGS LIMNOS,GEORGIAN BAY,7,444302,-805123,1,89.5,2014-08-12 22:36:00,2046,44.00,.00,0.01000000,,0,6.820000,MG-F,MAGNESIUM,MG/L,44.71722,-80.85639
201405003,2014-12-03 10:30:37,CCGS LIMNOS,GEORGIAN BAY,7,444302,-805123,1,89.5,2014-08-12 22:36:00,2046,79.00,.00,0.01000000,,0,6.930000,MG-F,MAGNESIUM,MG/L,44.71722,-80.85639
201405003,2014-12-03 10:30:37,CCGS LIMNOS,GEORGIAN BAY,7,444302,-805123,1,89.5,2014-08-12 22:36:00,2046,87.00,.00,0.01000000,,0,6.940000,MG-F,MAGNESIUM,MG/L,44.71722,-80.85639
201405003,2014-12-03 10:30:37,CCGS LIMNOS,GEORGIAN BAY,8,445517,-803622,11,61.1,2014-08-13 00:53:00,2046,1.00,.00,0.01000000,,0,6.570000,MG-F,MAGNESIUM,MG/L,44.92139,-80.60611
201405003,2014-12-03 10:30:37,CCGS LIMNOS,GEORGIAN BAY,9,445512,-805227,12,88,2014-08-13 02:19:00,2046,1.00,.00,0.01000000,,0,6.810000,MG-F,MAGNESIUM,MG/L,44.92000,-80.87417
201405001,2014-12-03 10:26:42,CCGS LIMNOS,GEORGIAN BAY,1,453140,-814010,35,34.7,2014-05-11 19:35:00,2048,1.00,.00,0.01000000,,0,4.380000,NA-F,SODIUM,MG/L,45.52778,-81.66944
201405001,2014-12-03 10:26:42,CCGS LIMNOS,GEORGIAN BAY,2,454232,-813712,36,51.8,2014-05-11 21:00:00,2048,1.00,.00,0.01000000,,0,4.350000,NA-F,SODIUM,MG/L,45.70889,-81.62000
201405001,2014-12-03 10:26:42,CCGS LIMNOS,GEORGIAN BAY,3,455447,-813544,42,23.3,2014-05-11 23:00:00,2048,1.00,.00,0.01000000,,0,4.220000,NA-F,SODIUM,MG/L,45.91306,-81.59556
201405001,2014-12-03 10:26:42,CCGS LIMNOS,GEORGIAN BAY,3,455447,-813544,42,23.3,2014-05-11 23:00:00,2048,13.00,.00,0.01000000,,0,4.190000,NA-F,SODIUM,MG/L,45.91306,-81.59556
201405001,2014-12-03 10:26:42,CCGS LIMNOS,GEORGIAN BAY,3,455447,-813544,42,23.3,2014-05-11 23:00:00,2048,21.00,.00,0.01000000,,0,4.200000,NA-F,SODIUM,MG/L,45.91306,-81.59556
201405001,2014-12-03 10:26:42,CCGS LIMNOS,GEORGIAN BAY,4,455224,-811530,39,27.2,2014-05-12 01:20:00,2048,1.00,.00,0.01000000,,0,4.210000,NA-F,SODIUM,MG/L,45.87333,-81.25833
201405001,2014-12-03 10:26:42,CCGS LIMNOS,GEORGIAN BAY,5,455200,-810000,27,12.2,2014-05-12 02:50:00,2048,1.00,.00,0.01000000,,0,3.570000,NA-F,SODIUM,MG/L,45.86667,-81.00000
201405001,2014-12-03 10:26:42,CCGS LIMNOS,GEORGIAN BAY,5,455200,-810000,27,12.2,2014-05-12 02:50:00,2048,1.00,.00,0.01000000,,1,3.550000,NA-F,SODIUM,MG/L,45.86667,-81.00000
201405001,2014-12-03 10:26:42,CCGS LIMNOS,GEORGIAN BAY,5,455200,-810000,27,12.2,2014-05-12 02:50:00,2048,10.00,.00,0.01000000,,0,3.580000,NA-F,SODIUM,MG/L,45.86667,-81.00000
201405001,2014-12-03 10:26:42,CCGS LIMNOS,GEORGIAN BAY,6,455001,-805400,26,20.5,2014-05-12 03:50:00,2048,1.00,.00,0.01000000,,0,3.950000,NA-F,SODIUM,MG/L,45.83361,-80.90000
201405001,2014-12-03 10:26:42,CCGS LIMNOS,GEORGIAN BAY,7,454044,-805021,24,39.7,2014-05-12 05:05:00,2048,1.00,.00,0.01000000,,0,4.400000,NA-F,SODIUM,MG/L,45.67889,-80.83917
201405001,2014-12-03 10:26:42,CCGS LIMNOS,GEORGIAN BAY,8,453501,-810459,29,42.7,2014-05-12 06:50:00,2048,1.00,.00,0.01000000,,0,4.410000,NA-F,SODIUM,MG/L,45.58361,-81.08306
201405001,2014-12-03 10:26:42,CCGS LIMNOS,GEORGIAN BAY,8,453501,-810459,29,42.7,2014-05-12 06:50:00,2048,40.00,.00,0.01000000,,0,4.360000,NA-F,SODIUM,MG/L,45.58361,-81.08306
201405001,2014-12-03 10:26:42,CCGS LIMNOS,GEORGIAN BAY,9,452153,-811126,21,85.4,2014-05-12 09:00:00,2048,1.00,.00,0.01000000,,0,4.390000,NA-F,SODIUM,MG/L,45.36472,-81.19056
201405001,2014-12-03 10:26:42,CCGS LIMNOS,GEORGIAN BAY,10,451442,-805232,17,77.6,2014-05-12 11:00:00,2048,1.00,.00,0.01000000,,0,4.370000,NA-F,SODIUM,MG/L,45.24500,-80.87556
201405001,2014-12-03 10:26:42,CCGS LIMNOS,GEORGIAN BAY,10,451442,-805232,17,77.6,2014-05-12 11:00:00,2048,1.00,.00,0.01000000,,1,4.370000,NA-F,SODIUM,MG/L,45.24500,-80.87556
201405001,2014-12-03 10:26:42,CCGS LIMNOS,GEORGIAN BAY,10,451442,-805232,17,77.6,2014-05-12 11:00:00,2048,50.00,.00,0.01000000,,0,4.280000,NA-F,SODIUM,MG/L,45.24500,-80.87556
201405001,2014-12-03 10:26:42,CCGS LIMNOS,GEORGIAN BAY,10,451442,-805232,17,77.6,2014-05-12 11:00:00,2048,67.00,.00,0.01000000,,0,4.310000,NA-F,SODIUM,MG/L,45.24500,-80.87556
201405001,2014-12-03 10:26:42,CCGS LIMNOS,GEORGIAN BAY,10,451442,-805232,17,77.6,2014-05-12 11:00:00,2048,75.00,.00,0.01000000,,0,4.380000,NA-F,SODIUM,MG/L,45.24500,-80.87556
201405001,2014-12-03 10:26:42,CCGS LIMNOS,GEORGIAN BAY,10,451442,-805232,17,77.6,2014-05-12 11:00:00,2048,998.00,.00,0.01000000,<,0,.010000,NA-F,SODIUM,MG/L,45.24500,-80.87556
201405001,2014-12-03 10:26:42,CCGS LIMNOS,GEORGIAN BAY,10,451442,-805232,17,77.6,2014-05-12 11:00:00,2048,999.00,.00,0.01000000,<,0,.010000,NA-F,SODIUM,MG/L,45.24500,-80.87556
201405001,2014-12-03 10:26:42,CCGS LIMNOS,GEORGIAN BAY,11,452113,-802913,16,22,2014-05-12 13:55:00,2048,1.00,.00,0.01000000,,0,4.370000,NA-F,SODIUM,MG/L,45.35361,-80.48694
201405001,2014-12-03 10:26:42,CCGS LIMNOS,GEORGIAN BAY,12,451928,-800700,122,95.7,2014-05-12 15:55:00,2048,1.00,.00,0.01000000,,0,4.920000,NA-F,SODIUM,MG/L,45.32444,-80.11667
201405001,2014-12-03 10:26:42,CCGS LIMNOS,GEORGIAN BAY,13,451000,-801750,15,46.2,2014-05-12 19:00:00,2048,1.00,.00,0.01000000,,0,4.480000,NA-F,SODIUM,MG/L,45.16667,-80.29722
201405001,2014-12-03 10:26:42,CCGS LIMNOS,GEORGIAN BAY,14,445710,-800854,8,49.6,2014-05-12 20:48:00,2048,1.00,.00,0.01000000,,0,5.010000,NA-F,SODIUM,MG/L,44.95278,-80.14833
201405001,2014-12-03 10:26:42,CCGS LIMNOS,GEORGIAN BAY,15,445218,-795804,9,29.6,2014-05-12 22:10:00,2048,1.00,.00,0.01000000,,0,8.280000,NA-F,SODIUM,MG/L,44.87167,-79.96778
201405001,2014-12-03 10:26:42,CCGS LIMNOS,GEORGIAN BAY,15,445218,-795804,9,29.6,2014-05-12 22:10:00,2048,1.00,.00,0.01000000,,1,8.260000,NA-F,SODIUM,MG/L,44.87167,-79.96778
201405001,2014-12-03 10:26:42,CCGS LIMNOS,GEORGIAN BAY,15,445218,-795804,9,29.6,2014-05-12 22:10:00,2048,19.00,.00,0.01000000,,0,8.150000,NA-F,SODIUM,MG/L,44.87167,-79.96778
201405001,2014-12-03 10:26:42,CCGS LIMNOS,GEORGIAN BAY,15,445218,-795804,9,29.6,2014-05-12 22:10:00,2048,27.00,.00,0.01000000,,0,7.660000,NA-F,SODIUM,MG/L,44.87167,-79.96778
201405001,2014-12-03 10:26:42,CCGS LIMNOS,GEORGIAN BAY,16,444748,-801436,5,58.5,2014-05-13 00:25:00,2048,1.00,.00,0.01000000,,0,4.460000,NA-F,SODIUM,MG/L,44.79667,-80.24333
201405001,2014-12-03 10:26:42,CCGS LIMNOS,GEORGIAN BAY,17,443846,-801000,4,57.8,2014-05-13 02:00:00,2048,1.00,.00,0.01000000,,0,4.550000,NA-F,SODIUM,MG/L,44.64611,-80.16667
201405001,2014-12-03 10:26:42,CCGS LIMNOS,GEORGIAN BAY,17,443846,-801000,4,57.8,2014-05-13 02:00:00,2048,48.00,.00,0.01000000,,0,4.450000,NA-F,SODIUM,MG/L,44.64611,-80.16667
201405001,2014-12-03 10:26:42,CCGS LIMNOS,GEORGIAN BAY,17,443846,-801000,4,57.8,2014-05-13 02:00:00,2048,56.00,.00,0.01000000,,0,4.520000,NA-F,SODIUM,MG/L,44.64611,-80.16667
201405001,2014-12-03 10:26:42,CCGS LIMNOS,GEORGIAN BAY,18,444412,-802606,6,87.1,2014-05-13 04:00:00,2048,1.00,.00,0.01000000,,0,4.500000,NA-F,SODIUM,MG/L,44.73667,-80.43500
201405001,2014-12-03 10:26:42,CCGS LIMNOS,GEORGIAN BAY,19,444330,-803658,3,33.7,2014-05-13 05:10:00,2048,1.00,.00,0.01000000,,0,4.440000,NA-F,SODIUM,MG/L,44.72500,-80.61611
201405001,2014-12-03 10:26:42,CCGS LIMNOS,GEORGIAN BAY,20,444305,-805126,1,88.9,2014-05-13 06:50:00,2048,1.00,.00,0.01000000,,0,4.430000,NA-F,SODIUM,MG/L,44.71806,-80.85722
201405001,2014-12-03 10:26:42,CCGS LIMNOS,GEORGIAN BAY,20,444305,-805126,1,88.9,2014-05-13 06:50:00,2048,1.00,.00,0.01000000,,1,4.420000,NA-F,SODIUM,MG/L,44.71806,-80.85722
201405001,2014-12-03 10:26:42,CCGS LIMNOS,GEORGIAN BAY,20,444305,-805126,1,88.9,2014-05-13 06:50:00,2048,50.00,.00,0.01000000,,0,4.330000,NA-F,SODIUM,MG/L,44.71806,-80.85722
201405001,2014-12-03 10:26:42,CCGS LIMNOS,GEORGIAN BAY,20,444305,-805126,1,88.9,2014-05-13 06:50:00,2048,79.00,.00,0.01000000,,0,4.400000,NA-F,SODIUM,MG/L,44.71806,-80.85722
201405001,2014-12-03 10:26:42,CCGS LIMNOS,GEORGIAN BAY,20,444305,-805126,1,88.9,2014-05-13 06:50:00,2048,87.00,.00,0.01000000,,0,4.500000,NA-F,SODIUM,MG/L,44.71806,-80.85722
201405001,2014-12-03 10:26:42,CCGS LIMNOS,GEORGIAN BAY,20,444305,-805126,1,88.9,2014-05-13 06:50:00,2048,998.00,.00,0.01000000,<,0,.010000,NA-F,SODIUM,MG/L,44.71806,-80.85722
201405001,2014-12-03 10:26:42,CCGS LIMNOS,GEORGIAN BAY,20,444305,-805126,1,88.9,2014-05-13 06:50:00,2048,999.00,.00,0.01000000,<,0,.010000,NA-F,SODIUM,MG/L,44.71806,-80.85722
201405001,2014-12-03 10:26:42,CCGS LIMNOS,GEORGIAN BAY,21,445516,-803627,11,60.3,2014-05-13 09:32:00,2048,1.00,.00,0.01000000,,0,4.410000,NA-F,SODIUM,MG/L,44.92111,-80.60750
201405001,2014-12-03 10:26:42,CCGS LIMNOS,GEORGIAN BAY,22,445511,-805231,12,88.1,2014-05-13 11:00:00,2048,1.00,.00,0.01000000,,0,4.390000,NA-F,SODIUM,MG/L,44.91972,-80.87528
201405001,2014-12-03 10:26:42,CCGS LIMNOS,GEORGIAN BAY,23,450359,-811514,19,51.5,2014-05-13 13:20:00,2048,1.00,.00,0.01000000,,0,4.390000,NA-F,SODIUM,MG/L,45.06639,-81.25389
201405001,2014-12-03 10:26:42,CCGS LIMNOS,GEORGIAN BAY,24,451418,-812626,31,64.5,2014-05-13 16:10:00,2048,1.00,.00,0.01000000,,0,4.350000,NA-F,SODIUM,MG/L,45.23833,-81.44056
201405001,2014-12-03 10:26:42,CCGS LIMNOS,GEORGIAN BAY,25,452213,-813507,33,51,2014-05-13 17:50:00,2048,1.00,.00,0.01000000,,0,4.500000,NA-F,SODIUM,MG/L,45.37028,-81.58528
201405001,2014-12-03 10:26:42,CCGS LIMNOS,GEORGIAN BAY,25,452213,-813507,33,51,2014-05-13 17:50:00,2048,1.00,.00,0.01000000,,1,4.500000,NA-F,SODIUM,MG/L,45.37028,-81.58528
201405001,2014-12-03 10:26:42,CCGS LIMNOS,GEORGIAN BAY,25,452213,-813507,33,51,2014-05-13 17:50:00,2048,41.00,.00,0.01000000,,0,4.510000,NA-F,SODIUM,MG/L,45.37028,-81.58528
201405001,2014-12-03 10:26:42,CCGS LIMNOS,GEORGIAN BAY,25,452213,-813507,33,51,2014-05-13 17:50:00,2048,49.00,.00,0.01000000,,0,4.660000,NA-F,SODIUM,MG/L,45.37028,-81.58528
201405003,2014-12-03 10:30:37,CCGS LIMNOS,GEORGIAN BAY,1,452213,-813507,33,54,2014-08-11 18:58:00,2048,1.00,.00,0.01000000,,0,4.250000,NA-F,SODIUM,MG/L,45.37028,-81.58528
201405003,2014-12-03 10:30:37,CCGS LIMNOS,GEORGIAN BAY,1,452213,-813507,33,54,2014-08-11 18:58:00,2048,4.00,.00,0.01000000,,0,4.260000,NA-F,SODIUM,MG/L,45.37028,-81.58528
201405003,2014-12-03 10:30:37,CCGS LIMNOS,GEORGIAN BAY,1,452213,-813507,33,54,2014-08-11 18:58:00,2048,12.00,.00,0.01000000,,0,4.250000,NA-F,SODIUM,MG/L,45.37028,-81.58528
201405003,2014-12-03 10:30:37,CCGS LIMNOS,GEORGIAN BAY,1,452213,-813507,33,54,2014-08-11 18:58:00,2048,22.00,.00,0.01000000,,0,4.260000,NA-F,SODIUM,MG/L,45.37028,-81.58528
201405003,2014-12-03 10:30:37,CCGS LIMNOS,GEORGIAN BAY,1,452213,-813507,33,54,2014-08-11 18:58:00,2048,44.00,.00,0.01000000,,0,4.220000,NA-F,SODIUM,MG/L,45.37028,-81.58528
201405003,2014-12-03 10:30:37,CCGS LIMNOS,GEORGIAN BAY,1,452213,-813507,33,54,2014-08-11 18:58:00,2048,52.00,.00,0.01000000,,0,4.210000,NA-F,SODIUM,MG/L,45.37028,-81.58528
201405003,2014-12-03 10:30:37,CCGS LIMNOS,GEORGIAN BAY,2,451417,-812629,31,63.9,2014-08-11 20:30:00,2048,1.00,.00,0.01000000,,0,4.140000,NA-F,SODIUM,MG/L,45.23806,-81.44139
201405003,2014-12-03 10:30:37,CCGS LIMNOS,GEORGIAN BAY,3,452153,-811126,21,86,2014-08-11 22:11:00,2048,1.00,.00,0.01000000,,0,4.060000,NA-F,SODIUM,MG/L,45.36472,-81.19056
201405003,2014-12-03 10:30:37,CCGS LIMNOS,GEORGIAN BAY,4,453506,-810506,29,42.8,2014-08-12 00:19:00,2048,1.00,.00,0.01000000,,0,4.160000,NA-F,SODIUM,MG/L,45.58500,-81.08500
201405003,2014-12-03 10:30:37,CCGS LIMNOS,GEORGIAN BAY,4,453506,-810506,29,42.8,2014-08-12 00:19:00,2048,4.00,.00,0.01000000,,0,4.180000,NA-F,SODIUM,MG/L,45.58500,-81.08500
201405003,2014-12-03 10:30:37,CCGS LIMNOS,GEORGIAN BAY,4,453506,-810506,29,42.8,2014-08-12 00:19:00,2048,14.00,.00,0.01000000,,0,4.210000,NA-F,SODIUM,MG/L,45.58500,-81.08500
201405003,2014-12-03 10:30:37,CCGS LIMNOS,GEORGIAN BAY,4,453506,-810506,29,42.8,2014-08-12 00:19:00,2048,24.00,.00,0.01000000,,0,4.160000,NA-F,SODIUM,MG/L,45.58500,-81.08500
201405003,2014-12-03 10:30:37,CCGS LIMNOS,GEORGIAN BAY,4,453506,-810506,29,42.8,2014-08-12 00:19:00,2048,32.50,.00,0.01000000,,0,4.160000,NA-F,SODIUM,MG/L,45.58500,-81.08500
201405003,2014-12-03 10:30:37,CCGS LIMNOS,GEORGIAN BAY,4,453506,-810506,29,42.8,2014-08-12 00:19:00,2048,40.50,.00,0.01000000,,0,4.170000,NA-F,SODIUM,MG/L,45.58500,-81.08500
201405003,2014-12-03 10:30:37,CCGS LIMNOS,GEORGIAN BAY,5,451441,-805231,17,77.8,2014-08-12 03:22:00,2048,1.00,.00,0.01000000,,0,4.280000,NA-F,SODIUM,MG/L,45.24472,-80.87528
201405003,2014-12-03 10:30:37,CCGS LIMNOS,GEORGIAN BAY,5,451441,-805231,17,77.8,2014-08-12 03:22:00,2048,1.00,.00,0.01000000,,1,4.250000,NA-F,SODIUM,MG/L,45.24472,-80.87528
201405003,2014-12-03 10:30:37,CCGS LIMNOS,GEORGIAN BAY,5,451441,-805231,17,77.8,2014-08-12 03:22:00,2048,6.00,.00,0.01000000,,0,4.230000,NA-F,SODIUM,MG/L,45.24472,-80.87528
201405003,2014-12-03 10:30:37,CCGS LIMNOS,GEORGIAN BAY,5,451441,-805231,17,77.8,2014-08-12 03:22:00,2048,17.00,.00,0.01000000,,0,4.230000,NA-F,SODIUM,MG/L,45.24472,-80.87528
201405003,2014-12-03 10:30:37,CCGS LIMNOS,GEORGIAN BAY,5,451441,-805231,17,77.8,2014-08-12 03:22:00,2048,28.00,.00,0.01000000,,0,4.210000,NA-F,SODIUM,MG/L,45.24472,-80.87528
201405003,2014-12-03 10:30:37,CCGS LIMNOS,GEORGIAN BAY,5,451441,-805231,17,77.8,2014-08-12 03:22:00,2048,67.00,.00,0.01000000,,0,4.260000,NA-F,SODIUM,MG/L,45.24472,-80.87528
201405003,2014-12-03 10:30:37,CCGS LIMNOS,GEORGIAN BAY,5,451441,-805231,17,77.8,2014-08-12 03:22:00,2048,75.00,.00,0.01000000,,0,4.250000,NA-F,SODIUM,MG/L,45.24472,-80.87528
201405003,2014-12-03 10:30:37,CCGS LIMNOS,GEORGIAN BAY,6,450400,-811514,19,52.6,2014-08-12 06:07:00,2048,1.00,.00,0.01000000,,0,4.210000,NA-F,SODIUM,MG/L,45.06667,-81.25389
201405003,2014-12-03 10:30:37,CCGS LIMNOS,GEORGIAN BAY,7,444302,-805123,1,89.5,2014-08-12 22:36:00,2048,1.00,.00,0.01000000,,0,4.220000,NA-F,SODIUM,MG/L,44.71722,-80.85639
201405003,2014-12-03 10:30:37,CCGS LIMNOS,GEORGIAN BAY,7,444302,-805123,1,89.5,2014-08-12 22:36:00,2048,10.00,.00,0.01000000,,0,4.190000,NA-F,SODIUM,MG/L,44.71722,-80.85639
201405003,2014-12-03 10:30:37,CCGS LIMNOS,GEORGIAN BAY,7,444302,-805123,1,89.5,2014-08-12 22:36:00,2048,13.00,.00,0.01000000,,0,4.180000,NA-F,SODIUM,MG/L,44.71722,-80.85639
201405003,2014-12-03 10:30:37,CCGS LIMNOS,GEORGIAN BAY,7,444302,-805123,1,89.5,2014-08-12 22:36:00,2048,44.00,.00,0.01000000,,0,4.180000,NA-F,SODIUM,MG/L,44.71722,-80.85639
201405003,2014-12-03 10:30:37,CCGS LIMNOS,GEORGIAN BAY,7,444302,-805123,1,89.5,2014-08-12 22:36:00,2048,79.00,.00,0.01000000,,0,4.190000,NA-F,SODIUM,MG/L,44.71722,-80.85639
201405003,2014-12-03 10:30:37,CCGS LIMNOS,GEORGIAN BAY,7,444302,-805123,1,89.5,2014-08-12 22:36:00,2048,87.00,.00,0.01000000,,0,4.240000,NA-F,SODIUM,MG/L,44.71722,-80.85639
201405003,2014-12-03 10:30:37,CCGS LIMNOS,GEORGIAN BAY,8,445517,-803622,11,61.1,2014-08-13 00:53:00,2048,1.00,.00,0.01000000,,0,4.310000,NA-F,SODIUM,MG/L,44.92139,-80.60611
201405003,2014-12-03 10:30:37,CCGS LIMNOS,GEORGIAN BAY,9,445512,-805227,12,88,2014-08-13 02:19:00,2048,1.00,.00,0.01000000,,0,4.220000,NA-F,SODIUM,MG/L,44.92000,-80.87417
201405001,2014-12-03 10:26:42,CCGS LIMNOS,GEORGIAN BAY,1,453140,-814010,35,34.7,2014-05-11 19:35:00,2050,1.00,.00,0.01000000,,0,1.740000,SIO2-F,SILICA,MG/L,45.52778,-81.66944
201405001,2014-12-03 10:26:42,CCGS LIMNOS,GEORGIAN BAY,2,454232,-813712,36,51.8,2014-05-11 21:00:00,2050,1.00,.00,0.01000000,,0,1.730000,SIO2-F,SILICA,MG/L,45.70889,-81.62000
201405001,2014-12-03 10:26:42,CCGS LIMNOS,GEORGIAN BAY,3,455447,-813544,42,23.3,2014-05-11 23:00:00,2050,1.00,.00,0.01000000,,0,2.000000,SIO2-F,SILICA,MG/L,45.91306,-81.59556
201405001,2014-12-03 10:26:42,CCGS LIMNOS,GEORGIAN BAY,3,455447,-813544,42,23.3,2014-05-11 23:00:00,2050,13.00,.00,0.01000000,,0,1.990000,SIO2-F,SILICA,MG/L,45.91306,-81.59556
201405001,2014-12-03 10:26:42,CCGS LIMNOS,GEORGIAN BAY,3,455447,-813544,42,23.3,2014-05-11 23:00:00,2050,21.00,.00,0.01000000,,0,1.970000,SIO2-F,SILICA,MG/L,45.91306,-81.59556
201405001,2014-12-03 10:26:42,CCGS LIMNOS,GEORGIAN BAY,4,455224,-811530,39,27.2,2014-05-12 01:20:00,2050,1.00,.00,0.01000000,,0,2.160000,SIO2-F,SILICA,MG/L,45.87333,-81.25833
201405001,2014-12-03 10:26:42,CCGS LIMNOS,GEORGIAN BAY,5,455200,-810000,27,12.2,2014-05-12 02:50:00,2050,1.00,.00,0.01000000,,0,3.000000,SIO2-F,SILICA,MG/L,45.86667,-81.00000
201405001,2014-12-03 10:26:42,CCGS LIMNOS,GEORGIAN BAY,5,455200,-810000,27,12.2,2014-05-12 02:50:00,2050,1.00,.00,0.01000000,,1,2.990000,SIO2-F,SILICA,MG/L,45.86667,-81.00000
201405001,2014-12-03 10:26:42,CCGS LIMNOS,GEORGIAN BAY,5,455200,-810000,27,12.2,2014-05-12 02:50:00,2050,10.00,.00,0.01000000,,0,3.000000,SIO2-F,SILICA,MG/L,45.86667,-81.00000
201405001,2014-12-03 10:26:42,CCGS LIMNOS,GEORGIAN BAY,6,455001,-805400,26,20.5,2014-05-12 03:50:00,2050,1.00,.00,0.01000000,,0,2.290000,SIO2-F,SILICA,MG/L,45.83361,-80.90000
201405001,2014-12-03 10:26:42,CCGS LIMNOS,GEORGIAN BAY,7,454044,-805021,24,39.7,2014-05-12 05:05:00,2050,1.00,.00,0.01000000,,0,1.800000,SIO2-F,SILICA,MG/L,45.67889,-80.83917
201405001,2014-12-03 10:26:42,CCGS LIMNOS,GEORGIAN BAY,8,453501,-810459,29,42.7,2014-05-12 06:50:00,2050,1.00,.00,0.01000000,,0,1.740000,SIO2-F,SILICA,MG/L,45.58361,-81.08306
201405001,2014-12-03 10:26:42,CCGS LIMNOS,GEORGIAN BAY,8,453501,-810459,29,42.7,2014-05-12 06:50:00,2050,40.00,.00,0.01000000,,0,1.720000,SIO2-F,SILICA,MG/L,45.58361,-81.08306
201405001,2014-12-03 10:26:42,CCGS LIMNOS,GEORGIAN BAY,9,452153,-811126,21,85.4,2014-05-12 09:00:00,2050,1.00,.00,0.01000000,,0,1.770000,SIO2-F,SILICA,MG/L,45.36472,-81.19056
201405001,2014-12-03 10:26:42,CCGS LIMNOS,GEORGIAN BAY,10,451442,-805232,17,77.6,2014-05-12 11:00:00,2050,1.00,.00,0.01000000,,0,1.720000,SIO2-F,SILICA,MG/L,45.24500,-80.87556
201405001,2014-12-03 10:26:42,CCGS LIMNOS,GEORGIAN BAY,10,451442,-805232,17,77.6,2014-05-12 11:00:00,2050,1.00,.00,0.01000000,,1,1.720000,SIO2-F,SILICA,MG/L,45.24500,-80.87556
201405001,2014-12-03 10:26:42,CCGS LIMNOS,GEORGIAN BAY,10,451442,-805232,17,77.6,2014-05-12 11:00:00,2050,50.00,.00,0.01000000,,0,1.720000,SIO2-F,SILICA,MG/L,45.24500,-80.87556
201405001,2014-12-03 10:26:42,CCGS LIMNOS,GEORGIAN BAY,10,451442,-805232,17,77.6,2014-05-12 11:00:00,2050,67.00,.00,0.01000000,,0,1.710000,SIO2-F,SILICA,MG/L,45.24500,-80.87556
201405001,2014-12-03 10:26:42,CCGS LIMNOS,GEORGIAN BAY,10,451442,-805232,17,77.6,2014-05-12 11:00:00,2050,75.00,.00,0.01000000,,0,1.740000,SIO2-F,SILICA,MG/L,45.24500,-80.87556
201405001,2014-12-03 10:26:42,CCGS LIMNOS,GEORGIAN BAY,10,451442,-805232,17,77.6,2014-05-12 11:00:00,2050,998.00,.00,0.01000000,<,0,.010000,SIO2-F,SILICA,MG/L,45.24500,-80.87556
201405001,2014-12-03 10:26:42,CCGS LIMNOS,GEORGIAN BAY,10,451442,-805232,17,77.6,2014-05-12 11:00:00,2050,999.00,.00,0.01000000,<,0,.010000,SIO2-F,SILICA,MG/L,45.24500,-80.87556
201405001,2014-12-03 10:26:42,CCGS LIMNOS,GEORGIAN BAY,11,452113,-802913,16,22,2014-05-12 13:55:00,2050,1.00,.00,0.01000000,,0,1.630000,SIO2-F,SILICA,MG/L,45.35361,-80.48694
201405001,2014-12-03 10:26:42,CCGS LIMNOS,GEORGIAN BAY,12,451928,-800700,122,95.7,2014-05-12 15:55:00,2050,1.00,.00,0.01000000,,0,2.180000,SIO2-F,SILICA,MG/L,45.32444,-80.11667
201405001,2014-12-03 10:26:42,CCGS LIMNOS,GEORGIAN BAY,13,451000,-801750,15,46.2,2014-05-12 19:00:00,2050,1.00,.00,0.01000000,,0,1.740000,SIO2-F,SILICA,MG/L,45.16667,-80.29722
201405001,2014-12-03 10:26:42,CCGS LIMNOS,GEORGIAN BAY,14,445710,-800854,8,49.6,2014-05-12 20:48:00,2050,1.00,.00,0.01000000,,0,1.990000,SIO2-F,SILICA,MG/L,44.95278,-80.14833
201405001,2014-12-03 10:26:42,CCGS LIMNOS,GEORGIAN BAY,15,445218,-795804,9,29.6,2014-05-12 22:10:00,2050,1.00,.00,0.01000000,,0,3.490000,SIO2-F,SILICA,MG/L,44.87167,-79.96778
201405001,2014-12-03 10:26:42,CCGS LIMNOS,GEORGIAN BAY,15,445218,-795804,9,29.6,2014-05-12 22:10:00,2050,1.00,.00,0.01000000,,1,3.490000,SIO2-F,SILICA,MG/L,44.87167,-79.96778
201405001,2014-12-03 10:26:42,CCGS LIMNOS,GEORGIAN BAY,15,445218,-795804,9,29.6,2014-05-12 22:10:00,2050,19.00,.00,0.01000000,,0,3.460000,SIO2-F,SILICA,MG/L,44.87167,-79.96778
201405001,2014-12-03 10:26:42,CCGS LIMNOS,GEORGIAN BAY,15,445218,-795804,9,29.6,2014-05-12 22:10:00,2050,27.00,.00,0.01000000,,0,3.260000,SIO2-F,SILICA,MG/L,44.87167,-79.96778
201405001,2014-12-03 10:26:42,CCGS LIMNOS,GEORGIAN BAY,16,444748,-801436,5,58.5,2014-05-13 00:25:00,2050,1.00,.00,0.01000000,,0,1.750000,SIO2-F,SILICA,MG/L,44.79667,-80.24333
201405001,2014-12-03 10:26:42,CCGS LIMNOS,GEORGIAN BAY,17,443846,-801000,4,57.8,2014-05-13 02:00:00,2050,1.00,.00,0.01000000,,0,1.740000,SIO2-F,SILICA,MG/L,44.64611,-80.16667
201405001,2014-12-03 10:26:42,CCGS LIMNOS,GEORGIAN BAY,17,443846,-801000,4,57.8,2014-05-13 02:00:00,2050,48.00,.00,0.01000000,,0,1.730000,SIO2-F,SILICA,MG/L,44.64611,-80.16667
201405001,2014-12-03 10:26:42,CCGS LIMNOS,GEORGIAN BAY,17,443846,-801000,4,57.8,2014-05-13 02:00:00,2050,56.00,.00,0.01000000,,0,1.740000,SIO2-F,SILICA,MG/L,44.64611,-80.16667
201405001,2014-12-03 10:26:42,CCGS LIMNOS,GEORGIAN BAY,18,444412,-802606,6,87.1,2014-05-13 04:00:00,2050,1.00,.00,0.01000000,,0,1.720000,SIO2-F,SILICA,MG/L,44.73667,-80.43500
201405001,2014-12-03 10:26:42,CCGS LIMNOS,GEORGIAN BAY,19,444330,-803658,3,33.7,2014-05-13 05:10:00,2050,1.00,.00,0.01000000,,0,1.710000,SIO2-F,SILICA,MG/L,44.72500,-80.61611
201405001,2014-12-03 10:26:42,CCGS LIMNOS,GEORGIAN BAY,20,444305,-805126,1,88.9,2014-05-13 06:50:00,2050,1.00,.00,0.01000000,,0,1.700000,SIO2-F,SILICA,MG/L,44.71806,-80.85722
201405001,2014-12-03 10:26:42,CCGS LIMNOS,GEORGIAN BAY,20,444305,-805126,1,88.9,2014-05-13 06:50:00,2050,1.00,.00,0.01000000,,1,1.720000,SIO2-F,SILICA,MG/L,44.71806,-80.85722
201405001,2014-12-03 10:26:42,CCGS LIMNOS,GEORGIAN BAY,20,444305,-805126,1,88.9,2014-05-13 06:50:00,2050,50.00,.00,0.01000000,,0,1.700000,SIO2-F,SILICA,MG/L,44.71806,-80.85722
201405001,2014-12-03 10:26:42,CCGS LIMNOS,GEORGIAN BAY,20,444305,-805126,1,88.9,2014-05-13 06:50:00,2050,79.00,.00,0.01000000,,0,1.700000,SIO2-F,SILICA,MG/L,44.71806,-80.85722
201405001,2014-12-03 10:26:42,CCGS LIMNOS,GEORGIAN BAY,20,444305,-805126,1,88.9,2014-05-13 06:50:00,2050,87.00,.00,0.01000000,,0,1.720000,SIO2-F,SILICA,MG/L,44.71806,-80.85722
201405001,2014-12-03 10:26:42,CCGS LIMNOS,GEORGIAN BAY,20,444305,-805126,1,88.9,2014-05-13 06:50:00,2050,998.00,.00,0.01000000,,0,.010000,SIO2-F,SILICA,MG/L,44.71806,-80.85722
201405001,2014-12-03 10:26:42,CCGS LIMNOS,GEORGIAN BAY,20,444305,-805126,1,88.9,2014-05-13 06:50:00,2050,999.00,.00,0.01000000,,0,.010000,SIO2-F,SILICA,MG/L,44.71806,-80.85722
201405001,2014-12-03 10:26:42,CCGS LIMNOS,GEORGIAN BAY,21,445516,-803627,11,60.3,2014-05-13 09:32:00,2050,1.00,.00,0.01000000,,0,1.720000,SIO2-F,SILICA,MG/L,44.92111,-80.60750
201405001,2014-12-03 10:26:42,CCGS LIMNOS,GEORGIAN BAY,22,445511,-805231,12,88.1,2014-05-13 11:00:00,2050,1.00,.00,0.01000000,,0,1.710000,SIO2-F,SILICA,MG/L,44.91972,-80.87528
201405001,2014-12-03 10:26:42,CCGS LIMNOS,GEORGIAN BAY,23,450359,-811514,19,51.5,2014-05-13 13:20:00,2050,1.00,.00,0.01000000,,0,1.720000,SIO2-F,SILICA,MG/L,45.06639,-81.25389
201405001,2014-12-03 10:26:42,CCGS LIMNOS,GEORGIAN BAY,24,451418,-812626,31,64.5,2014-05-13 16:10:00,2050,1.00,.00,0.01000000,,0,1.860000,SIO2-F,SILICA,MG/L,45.23833,-81.44056
201405001,2014-12-03 10:26:42,CCGS LIMNOS,GEORGIAN BAY,25,452213,-813507,33,51,2014-05-13 17:50:00,2050,1.00,.00,0.01000000,,0,1.790000,SIO2-F,SILICA,MG/L,45.37028,-81.58528
201405001,2014-12-03 10:26:42,CCGS LIMNOS,GEORGIAN BAY,25,452213,-813507,33,51,2014-05-13 17:50:00,2050,1.00,.00,0.01000000,,1,1.800000,SIO2-F,SILICA,MG/L,45.37028,-81.58528
201405001,2014-12-03 10:26:42,CCGS LIMNOS,GEORGIAN BAY,25,452213,-813507,33,51,2014-05-13 17:50:00,2050,41.00,.00,0.01000000,,0,1.800000,SIO2-F,SILICA,MG/L,45.37028,-81.58528
201405001,2014-12-03 10:26:42,CCGS LIMNOS,GEORGIAN BAY,25,452213,-813507,33,51,2014-05-13 17:50:00,2050,49.00,.00,0.01000000,,0,1.770000,SIO2-F,SILICA,MG/L,45.37028,-81.58528
201405003,2014-12-03 10:30:37,CCGS LIMNOS,GEORGIAN BAY,1,452213,-813507,33,54,2014-08-11 18:58:00,2050,1.00,.00,0.01000000,,0,1.490000,SIO2-F,SILICA,MG/L,45.37028,-81.58528
201405003,2014-12-03 10:30:37,CCGS LIMNOS,GEORGIAN BAY,1,452213,-813507,33,54,2014-08-11 18:58:00,2050,4.00,.00,0.01000000,,0,1.490000,SIO2-F,SILICA,MG/L,45.37028,-81.58528
201405003,2014-12-03 10:30:37,CCGS LIMNOS,GEORGIAN BAY,1,452213,-813507,33,54,2014-08-11 18:58:00,2050,12.00,.00,0.01000000,,0,1.500000,SIO2-F,SILICA,MG/L,45.37028,-81.58528
201405003,2014-12-03 10:30:37,CCGS LIMNOS,GEORGIAN BAY,1,452213,-813507,33,54,2014-08-11 18:58:00,2050,22.00,.00,0.01000000,,0,1.660000,SIO2-F,SILICA,MG/L,45.37028,-81.58528
201405003,2014-12-03 10:30:37,CCGS LIMNOS,GEORGIAN BAY,1,452213,-813507,33,54,2014-08-11 18:58:00,2050,44.00,.00,0.01000000,,0,1.700000,SIO2-F,SILICA,MG/L,45.37028,-81.58528
201405003,2014-12-03 10:30:37,CCGS LIMNOS,GEORGIAN BAY,1,452213,-813507,33,54,2014-08-11 18:58:00,2050,52.00,.00,0.01000000,,0,1.730000,SIO2-F,SILICA,MG/L,45.37028,-81.58528
201405003,2014-12-03 10:30:37,CCGS LIMNOS,GEORGIAN BAY,2,451417,-812629,31,63.9,2014-08-11 20:30:00,2050,1.00,.00,0.01000000,,0,1.470000,SIO2-F,SILICA,MG/L,45.23806,-81.44139
201405003,2014-12-03 10:30:37,CCGS LIMNOS,GEORGIAN BAY,3,452153,-811126,21,86,2014-08-11 22:11:00,2050,1.00,.00,0.01000000,,0,1.540000,SIO2-F,SILICA,MG/L,45.36472,-81.19056
201405003,2014-12-03 10:30:37,CCGS LIMNOS,GEORGIAN BAY,4,453506,-810506,29,42.8,2014-08-12 00:19:00,2050,1.00,.00,0.01000000,,0,1.490000,SIO2-F,SILICA,MG/L,45.58500,-81.08500
201405003,2014-12-03 10:30:37,CCGS LIMNOS,GEORGIAN BAY,4,453506,-810506,29,42.8,2014-08-12 00:19:00,2050,4.00,.00,0.01000000,,0,1.510000,SIO2-F,SILICA,MG/L,45.58500,-81.08500
201405003,2014-12-03 10:30:37,CCGS LIMNOS,GEORGIAN BAY,4,453506,-810506,29,42.8,2014-08-12 00:19:00,2050,14.00,.00,0.01000000,,0,1.510000,SIO2-F,SILICA,MG/L,45.58500,-81.08500
201405003,2014-12-03 10:30:37,CCGS LIMNOS,GEORGIAN BAY,4,453506,-810506,29,42.8,2014-08-12 00:19:00,2050,24.00,.00,0.01000000,,0,1.770000,SIO2-F,SILICA,MG/L,45.58500,-81.08500
201405003,2014-12-03 10:30:37,CCGS LIMNOS,GEORGIAN BAY,4,453506,-810506,29,42.8,2014-08-12 00:19:00,2050,32.50,.00,0.01000000,,0,1.810000,SIO2-F,SILICA,MG/L,45.58500,-81.08500
201405003,2014-12-03 10:30:37,CCGS LIMNOS,GEORGIAN BAY,4,453506,-810506,29,42.8,2014-08-12 00:19:00,2050,40.50,.00,0.01000000,,0,1.780000,SIO2-F,SILICA,MG/L,45.58500,-81.08500
201405003,2014-12-03 10:30:37,CCGS LIMNOS,GEORGIAN BAY,5,451441,-805231,17,77.8,2014-08-12 03:22:00,2050,1.00,.00,0.01000000,,0,1.500000,SIO2-F,SILICA,MG/L,45.24472,-80.87528
201405003,2014-12-03 10:30:37,CCGS LIMNOS,GEORGIAN BAY,5,451441,-805231,17,77.8,2014-08-12 03:22:00,2050,1.00,.00,0.01000000,,1,1.480000,SIO2-F,SILICA,MG/L,45.24472,-80.87528
201405003,2014-12-03 10:30:37,CCGS LIMNOS,GEORGIAN BAY,5,451441,-805231,17,77.8,2014-08-12 03:22:00,2050,6.00,.00,0.01000000,,0,1.480000,SIO2-F,SILICA,MG/L,45.24472,-80.87528
201405003,2014-12-03 10:30:37,CCGS LIMNOS,GEORGIAN BAY,5,451441,-805231,17,77.8,2014-08-12 03:22:00,2050,17.00,.00,0.01000000,,0,1.520000,SIO2-F,SILICA,MG/L,45.24472,-80.87528
201405003,2014-12-03 10:30:37,CCGS LIMNOS,GEORGIAN BAY,5,451441,-805231,17,77.8,2014-08-12 03:22:00,2050,28.00,.00,0.01000000,,0,1.640000,SIO2-F,SILICA,MG/L,45.24472,-80.87528
201405003,2014-12-03 10:30:37,CCGS LIMNOS,GEORGIAN BAY,5,451441,-805231,17,77.8,2014-08-12 03:22:00,2050,67.00,.00,0.01000000,,0,1.760000,SIO2-F,SILICA,MG/L,45.24472,-80.87528
201405003,2014-12-03 10:30:37,CCGS LIMNOS,GEORGIAN BAY,5,451441,-805231,17,77.8,2014-08-12 03:22:00,2050,75.00,.00,0.01000000,,0,1.770000,SIO2-F,SILICA,MG/L,45.24472,-80.87528
201405003,2014-12-03 10:30:37,CCGS LIMNOS,GEORGIAN BAY,6,450400,-811514,19,52.6,2014-08-12 06:07:00,2050,1.00,.00,0.01000000,,0,1.470000,SIO2-F,SILICA,MG/L,45.06667,-81.25389
201405003,2014-12-03 10:30:37,CCGS LIMNOS,GEORGIAN BAY,7,444302,-805123,1,89.5,2014-08-12 22:36:00,2050,1.00,.00,0.01000000,,0,1.570000,SIO2-F,SILICA,MG/L,44.71722,-80.85639
201405003,2014-12-03 10:30:37,CCGS LIMNOS,GEORGIAN BAY,7,444302,-805123,1,89.5,2014-08-12 22:36:00,2050,10.00,.00,0.01000000,,0,1.550000,SIO2-F,SILICA,MG/L,44.71722,-80.85639
201405003,2014-12-03 10:30:37,CCGS LIMNOS,GEORGIAN BAY,7,444302,-805123,1,89.5,2014-08-12 22:36:00,2050,13.00,.00,0.01000000,,0,1.580000,SIO2-F,SILICA,MG/L,44.71722,-80.85639
201405003,2014-12-03 10:30:37,CCGS LIMNOS,GEORGIAN BAY,7,444302,-805123,1,89.5,2014-08-12 22:36:00,2050,44.00,.00,0.01000000,,0,1.700000,SIO2-F,SILICA,MG/L,44.71722,-80.85639
201405003,2014-12-03 10:30:37,CCGS LIMNOS,GEORGIAN BAY,7,444302,-805123,1,89.5,2014-08-12 22:36:00,2050,79.00,.00,0.01000000,,0,1.850000,SIO2-F,SILICA,MG/L,44.71722,-80.85639
201405003,2014-12-03 10:30:37,CCGS LIMNOS,GEORGIAN BAY,7,444302,-805123,1,89.5,2014-08-12 22:36:00,2050,87.00,.00,0.01000000,,0,1.940000,SIO2-F,SILICA,MG/L,44.71722,-80.85639
201405003,2014-12-03 10:30:37,CCGS LIMNOS,GEORGIAN BAY,8,445517,-803622,11,61.1,2014-08-13 00:53:00,2050,1.00,.00,0.01000000,,0,1.470000,SIO2-F,SILICA,MG/L,44.92139,-80.60611
201405003,2014-12-03 10:30:37,CCGS LIMNOS,GEORGIAN BAY,9,445512,-805227,12,88,2014-08-13 02:19:00,2050,1.00,.00,0.01000000,,0,1.510000,SIO2-F,SILICA,MG/L,44.92000,-80.87417
201405001,2014-12-03 10:26:42,CCGS LIMNOS,GEORGIAN BAY,3,455447,-813544,42,23.3,2014-05-11 23:00:00,2150,3.00,.00,,,0,.600000,HG-T,TOTAL MERCURY,NG/L,45.91306,-81.59556
201405001,2014-12-03 10:26:42,CCGS LIMNOS,GEORGIAN BAY,5,455200,-810000,27,12.2,2014-05-12 02:50:00,2150,3.00,.00,,,0,1.270000,HG-T,TOTAL MERCURY,NG/L,45.86667,-81.00000
201405001,2014-12-03 10:26:42,CCGS LIMNOS,GEORGIAN BAY,8,453501,-810459,29,42.7,2014-05-12 06:50:00,2150,3.00,.00,,,0,.230000,HG-T,TOTAL MERCURY,NG/L,45.58361,-81.08306
201405001,2014-12-03 10:26:42,CCGS LIMNOS,GEORGIAN BAY,10,451442,-805232,17,77.6,2014-05-12 11:00:00,2150,3.00,.00,,,0,.190000,HG-T,TOTAL MERCURY,NG/L,45.24500,-80.87556
201405001,2014-12-03 10:26:42,CCGS LIMNOS,GEORGIAN BAY,15,445218,-795804,9,29.6,2014-05-12 22:10:00,2150,3.00,.00,,,0,.600000,HG-T,TOTAL MERCURY,NG/L,44.87167,-79.96778
201405001,2014-12-03 10:26:42,CCGS LIMNOS,GEORGIAN BAY,17,443846,-801000,4,57.8,2014-05-13 02:00:00,2150,3.00,.00,,,0,.190000,HG-T,TOTAL MERCURY,NG/L,44.64611,-80.16667
201405001,2014-12-03 10:26:42,CCGS LIMNOS,GEORGIAN BAY,17,443846,-801000,4,57.8,2014-05-13 02:00:00,2150,3.00,.00,,,1,.180000,HG-T,TOTAL MERCURY,NG/L,44.64611,-80.16667
201405001,2014-12-03 10:26:42,CCGS LIMNOS,GEORGIAN BAY,20,444305,-805126,1,88.9,2014-05-13 06:50:00,2150,3.00,.00,,,0,.150000,HG-T,TOTAL MERCURY,NG/L,44.71806,-80.85722
201405001,2014-12-03 10:26:42,CCGS LIMNOS,GEORGIAN BAY,25,452213,-813507,33,51,2014-05-13 17:50:00,2150,3.00,.00,,,0,.300000,HG-T,TOTAL MERCURY,NG/L,45.37028,-81.58528
201405001,2014-12-03 10:26:42,CCGS LIMNOS,GEORGIAN BAY,10,451442,-805232,17,77.6,2014-05-12 11:00:00,2283,1.00,.00,,<,0,.998000,PFBA,Perfluorobutanoate (PFBA),ng/L,45.24500,-80.87556
201405001,2014-12-03 10:26:42,CCGS LIMNOS,GEORGIAN BAY,10,451442,-805232,17,77.6,2014-05-12 11:00:00,2284,1.00,.00,,,0,1.550000,PFPEA,Perfluoropentanoate (PFPEA),ng/L,45.24500,-80.87556
201405001,2014-12-03 10:26:42,CCGS LIMNOS,GEORGIAN BAY,10,451442,-805232,17,77.6,2014-05-12 11:00:00,2285,1.00,.00,,<,0,.998000,PFHXA,Perfluorohexanoate (PFHXA),ng/L,45.24500,-80.87556
201405001,2014-12-03 10:26:42,CCGS LIMNOS,GEORGIAN BAY,10,451442,-805232,17,77.6,2014-05-12 11:00:00,2286,1.00,.00,,<,0,.998000,PFHPA,Perfluoroheptanoate (PFHPA),ng/L,45.24500,-80.87556
201405001,2014-12-03 10:26:42,CCGS LIMNOS,GEORGIAN BAY,10,451442,-805232,17,77.6,2014-05-12 11:00:00,2287,1.00,.00,,<,0,1.250000,PFOA,Perfluorooctanoate (PFOA),ng/L,45.24500,-80.87556
201405001,2014-12-03 10:26:42,CCGS LIMNOS,GEORGIAN BAY,10,451442,-805232,17,77.6,2014-05-12 11:00:00,2288,1.00,.00,,<,0,.998000,PFNA,Perfluorononanoate (PFNA),ng/L,45.24500,-80.87556
201405001,2014-12-03 10:26:42,CCGS LIMNOS,GEORGIAN BAY,10,451442,-805232,17,77.6,2014-05-12 11:00:00,2289,1.00,.00,,<,0,.998000,PFDA,Perfluorodecanoate (PFDA),ng/L,45.24500,-80.87556
201405001,2014-12-03 10:26:42,CCGS LIMNOS,GEORGIAN BAY,10,451442,-805232,17,77.6,2014-05-12 11:00:00,2290,1.00,.00,,<,0,.998000,PFUNA,Perfluoroundecanoate (PFUNA),ng/L,45.24500,-80.87556
201405001,2014-12-03 10:26:42,CCGS LIMNOS,GEORGIAN BAY,10,451442,-805232,17,77.6,2014-05-12 11:00:00,2291,1.00,.00,,<,0,.998000,PFDOA,Perfluorododecanoate (PFDOA),ng/L,45.24500,-80.87556
201405001,2014-12-03 10:26:42,CCGS LIMNOS,GEORGIAN BAY,10,451442,-805232,17,77.6,2014-05-12 11:00:00,2292,1.00,.00,,<,0,2.000000,PFBS,Perfluorobutanesulfonate  (PFBS-1),ng/L,45.24500,-80.87556
201405001,2014-12-03 10:26:42,CCGS LIMNOS,GEORGIAN BAY,10,451442,-805232,17,77.6,2014-05-12 11:00:00,2293,1.00,.00,,<,0,2.000000,PFHXS,Perfluorohexanesulfonate (PFHXS-1),ng/L,45.24500,-80.87556
201405001,2014-12-03 10:26:42,CCGS LIMNOS,GEORGIAN BAY,10,451442,-805232,17,77.6,2014-05-12 11:00:00,2294,1.00,.00,,<,0,2.000000,PFOS,Perfluorooctanesulfonate (PFOS-1),ng/L,45.24500,-80.87556
201405001,2014-12-03 10:26:42,CCGS LIMNOS,GEORGIAN BAY,10,451442,-805232,17,77.6,2014-05-12 11:00:00,2295,1.00,.00,,<,0,.998000,PFOSA,Perfluorooctane sulfonamide (PFOSA),ng/L,45.24500,-80.87556
201405001,2014-12-03 10:26:42,CCGS LIMNOS,GEORGIAN BAY,10,451442,-805232,17,77.6,2014-05-12 11:00:00,2296,1.00,.00,,,0,75.200000,13C4-PFBA,13C4-Perfluorobutanoate (13C4-PFBA),%,45.24500,-80.87556
201405001,2014-12-03 10:26:42,CCGS LIMNOS,GEORGIAN BAY,10,451442,-805232,17,77.6,2014-05-12 11:00:00,2297,1.00,.00,,,0,117.000000,13C2-PFHXA,13C2-Perfluorohexanoate (13C2-PFHXA),%,45.24500,-80.87556
201405001,2014-12-03 10:26:42,CCGS LIMNOS,GEORGIAN BAY,10,451442,-805232,17,77.6,2014-05-12 11:00:00,2298,1.00,.00,,,0,99.300000,13C2-PFOA,13C2-Perfluorooctanoate (13C2-PFOA),%,45.24500,-80.87556
201405001,2014-12-03 10:26:42,CCGS LIMNOS,GEORGIAN BAY,10,451442,-805232,17,77.6,2014-05-12 11:00:00,2299,1.00,.00,,,0,103.000000,13C5-PFNA,13C5-Perfluorononanoate (13C5-PFNA),%,45.24500,-80.87556
201405001,2014-12-03 10:26:42,CCGS LIMNOS,GEORGIAN BAY,10,451442,-805232,17,77.6,2014-05-12 11:00:00,2300,1.00,.00,,,0,193.000000,13C2-PFDA,13C2-Perfluorodecanoate (13C2-PFDA),%,45.24500,-80.87556
201405001,2014-12-03 10:26:42,CCGS LIMNOS,GEORGIAN BAY,10,451442,-805232,17,77.6,2014-05-12 11:00:00,2301,1.00,.00,,,0,154.000000,13C2-PFDOA,13C2-Perfluorododecanoate (13C2-PFDOA),%,45.24500,-80.87556
201405001,2014-12-03 10:26:42,CCGS LIMNOS,GEORGIAN BAY,10,451442,-805232,17,77.6,2014-05-12 11:00:00,2302,1.00,.00,,,0,150.000000,13C4-PFOS,13C4-Perfluorooctanesulfonate (13C4-PFOS-1),%,45.24500,-80.87556
201405001,2014-12-03 10:26:42,CCGS LIMNOS,GEORGIAN BAY,10,451442,-805232,17,77.6,2014-05-12 11:00:00,2303,1.00,.00,,,0,95.900000,18O2-PFHXS,18O2-Perfluorohexanesulfonate (18O2-PFHXS-1),%,45.24500,-80.87556
201405001,2014-12-03 10:26:42,CCGS LIMNOS,GEORGIAN BAY,10,451442,-805232,17,77.6,2014-05-12 11:00:00,2304,1.00,.00,,,0,158.000000,13C8-PFOSA,13C8-Perfluorooctane sulfonamide (13C8-PFOSA),%,45.24500,-80.87556
