CRUISE_PLAN,LAST_DATE_UPDATED,SHIP_NAME,WATER_BODY,CSN,LATITUDE,LONGITUDE,PSN,SOUNDING,STN_DATE,CODE,DEPTH_FROM,DEPTH_TO,DETECTION,FLAG,SEQ_NO,VALUE,ABBREV,FULL_NAME,UNITS,LATITUDE_DD,LONGITUDE_DD
201705001,2018-02-28 15:06:00,CCGS LIMNOS,GEORGIAN BAY,9,451442,-805229,17,77.50,2017-05-22 04:32:00,5,12.10,.00,,,0,200.000000,VOLUME,SAMPLE VOLUME COLLECTED,LITRES,45.24500,-80.87472
201705001,2018-02-28 15:06:00,CCGS LIMNOS,GEORGIAN BAY,9,451442,-805229,17,77.50,2017-05-22 04:32:00,5,12.10,.00,,,1,200.000000,VOLUME,SAMPLE VOLUME COLLECTED,LITRES,45.24500,-80.87472
201705001,2018-02-28 15:06:00,CCGS LIMNOS,GEORGIAN BAY,1,454543,-814744,46,18.30,2017-05-21 12:28:00,6,1.00,.00,,,0,1.000000,TPL,TEMPERATURE PROFILE LOCATION,,45.76194,-81.79556
201705001,2018-02-28 15:06:00,CCGS LIMNOS,GEORGIAN BAY,2,455445,-813545,42,20.00,2017-05-21 14:33:00,6,1.00,.00,,,0,1.000000,TPL,TEMPERATURE PROFILE LOCATION,,45.91250,-81.59583
201705001,2018-02-28 15:06:00,CCGS LIMNOS,GEORGIAN BAY,2,455445,-813545,42,20.00,2017-05-21 14:33:00,6,10.00,.00,,,0,1.000000,TPL,TEMPERATURE PROFILE LOCATION,,45.91250,-81.59583
201705001,2018-02-28 15:06:00,CCGS LIMNOS,GEORGIAN BAY,2,455445,-813545,42,20.00,2017-05-21 14:33:00,6,18.00,.00,,,0,1.000000,TPL,TEMPERATURE PROFILE LOCATION,,45.91250,-81.59583
201705001,2018-02-28 15:06:00,CCGS LIMNOS,GEORGIAN BAY,3,455226,-811533,39,27.50,2017-05-21 17:07:00,6,1.00,.00,,,0,1.000000,TPL,TEMPERATURE PROFILE LOCATION,,45.87389,-81.25917
201705001,2018-02-28 15:06:00,CCGS LIMNOS,GEORGIAN BAY,4,455158,-810004,27,16.00,2017-05-21 18:42:00,6,1.00,.00,,,0,1.000000,TPL,TEMPERATURE PROFILE LOCATION,,45.86611,-81.00111
201705001,2018-02-28 15:06:00,CCGS LIMNOS,GEORGIAN BAY,4,455158,-810004,27,16.00,2017-05-21 18:42:00,6,14.00,.00,,,0,1.000000,TPL,TEMPERATURE PROFILE LOCATION,,45.86611,-81.00111
201705001,2018-02-28 15:06:00,CCGS LIMNOS,GEORGIAN BAY,5,454957,-805402,26,20.52,2017-05-21 20:08:00,6,1.00,.00,,,0,1.000000,TPL,TEMPERATURE PROFILE LOCATION,,45.83250,-80.90056
201705001,2018-02-28 15:06:00,CCGS LIMNOS,GEORGIAN BAY,5,454957,-805402,26,20.52,2017-05-21 20:08:00,6,1.00,.00,,,1,1.000000,TPL,TEMPERATURE PROFILE LOCATION,,45.83250,-80.90056
201705001,2018-02-28 15:06:00,CCGS LIMNOS,GEORGIAN BAY,6,454045,-805024,24,39.70,2017-05-21 21:46:00,6,1.00,.00,,,0,1.000000,TPL,TEMPERATURE PROFILE LOCATION,,45.67917,-80.84000
201705001,2018-02-28 15:06:00,CCGS LIMNOS,GEORGIAN BAY,7,453504,-810454,29,41.90,2017-05-21 23:25:00,6,1.00,.00,,,0,1.000000,TPL,TEMPERATURE PROFILE LOCATION,,45.58444,-81.08167
201705001,2018-02-28 15:06:00,CCGS LIMNOS,GEORGIAN BAY,7,453504,-810454,29,41.90,2017-05-21 23:25:00,6,32.00,.00,,,0,1.000000,TPL,TEMPERATURE PROFILE LOCATION,,45.58444,-81.08167
201705001,2018-02-28 15:06:00,CCGS LIMNOS,GEORGIAN BAY,7,453504,-810454,29,41.90,2017-05-21 23:25:00,6,40.00,.00,,,0,1.000000,TPL,TEMPERATURE PROFILE LOCATION,,45.58444,-81.08167
201705001,2018-02-28 15:06:00,CCGS LIMNOS,GEORGIAN BAY,8,452154,-811120,21,86.27,2017-05-22 02:06:00,6,1.00,.00,,,0,1.000000,TPL,TEMPERATURE PROFILE LOCATION,,45.36500,-81.18889
201705001,2018-02-28 15:06:00,CCGS LIMNOS,GEORGIAN BAY,9,451442,-805229,17,77.50,2017-05-22 04:32:00,6,1.00,.00,,,0,1.000000,TPL,TEMPERATURE PROFILE LOCATION,,45.24500,-80.87472
201705001,2018-02-28 15:06:00,CCGS LIMNOS,GEORGIAN BAY,9,451442,-805229,17,77.50,2017-05-22 04:32:00,6,50.00,.00,,,0,1.000000,TPL,TEMPERATURE PROFILE LOCATION,,45.24500,-80.87472
201705001,2018-02-28 15:06:00,CCGS LIMNOS,GEORGIAN BAY,9,451442,-805229,17,77.50,2017-05-22 04:32:00,6,67.00,.00,,,0,1.000000,TPL,TEMPERATURE PROFILE LOCATION,,45.24500,-80.87472
201705001,2018-02-28 15:06:00,CCGS LIMNOS,GEORGIAN BAY,9,451442,-805229,17,77.50,2017-05-22 04:32:00,6,75.00,.00,,,0,1.000000,TPL,TEMPERATURE PROFILE LOCATION,,45.24500,-80.87472
201705001,2018-02-28 15:06:00,CCGS LIMNOS,GEORGIAN BAY,10,452113,-802912,16,18.38,2017-05-22 14:25:00,6,1.00,.00,,,0,1.000000,TPL,TEMPERATURE PROFILE LOCATION,,45.35361,-80.48667
201705001,2018-02-28 15:06:00,CCGS LIMNOS,GEORGIAN BAY,10,452113,-802912,16,18.38,2017-05-22 14:25:00,6,1.00,.00,,,1,1.000000,TPL,TEMPERATURE PROFILE LOCATION,,45.35361,-80.48667
201705001,2018-02-28 15:06:00,CCGS LIMNOS,GEORGIAN BAY,11,451928,-800703,122,94.00,2017-05-22 16:41:00,6,1.00,.00,,,0,1.000000,TPL,TEMPERATURE PROFILE LOCATION,,45.32444,-80.11750
201705001,2018-02-28 15:06:00,CCGS LIMNOS,GEORGIAN BAY,12,451001,-801748,15,44.50,2017-05-22 22:41:00,6,1.00,.00,,,0,1.000000,TPL,TEMPERATURE PROFILE LOCATION,,45.16694,-80.29667
201705001,2018-02-28 15:06:00,CCGS LIMNOS,GEORGIAN BAY,13,445711,-800859,8,50.57,2017-05-23 00:40:00,6,1.00,.00,,,0,1.000000,TPL,TEMPERATURE PROFILE LOCATION,,44.95306,-80.14972
201705001,2018-02-28 15:06:00,CCGS LIMNOS,GEORGIAN BAY,14,445219,-795801,9,28.89,2017-05-23 02:10:00,6,1.00,.00,,,0,1.000000,TPL,TEMPERATURE PROFILE LOCATION,,44.87194,-79.96694
201705001,2018-02-28 15:06:00,CCGS LIMNOS,GEORGIAN BAY,14,445219,-795801,9,28.89,2017-05-23 02:10:00,6,18.00,.00,,,0,1.000000,TPL,TEMPERATURE PROFILE LOCATION,,44.87194,-79.96694
201705001,2018-02-28 15:06:00,CCGS LIMNOS,GEORGIAN BAY,14,445219,-795801,9,28.89,2017-05-23 02:10:00,6,26.00,.00,,,0,1.000000,TPL,TEMPERATURE PROFILE LOCATION,,44.87194,-79.96694
201705001,2018-02-28 15:06:00,CCGS LIMNOS,GEORGIAN BAY,15,444749,-801440,5,57.50,2017-05-23 05:03:00,6,1.00,.00,,,0,1.000000,TPL,TEMPERATURE PROFILE LOCATION,,44.79694,-80.24444
201705001,2018-02-28 15:06:00,CCGS LIMNOS,GEORGIAN BAY,15,444749,-801440,5,57.50,2017-05-23 05:03:00,6,1.00,.00,,,1,1.000000,TPL,TEMPERATURE PROFILE LOCATION,,44.79694,-80.24444
201705001,2018-02-28 15:06:00,CCGS LIMNOS,GEORGIAN BAY,16,443847,-801004,4,58.00,2017-05-23 06:33:00,6,1.00,.00,,,0,1.000000,TPL,TEMPERATURE PROFILE LOCATION,,44.64639,-80.16778
201705001,2018-02-28 15:06:00,CCGS LIMNOS,GEORGIAN BAY,16,443847,-801004,4,58.00,2017-05-23 06:33:00,6,48.00,.00,,,0,1.000000,TPL,TEMPERATURE PROFILE LOCATION,,44.64639,-80.16778
201705001,2018-02-28 15:06:00,CCGS LIMNOS,GEORGIAN BAY,16,443847,-801004,4,58.00,2017-05-23 06:33:00,6,56.00,.00,,,0,1.000000,TPL,TEMPERATURE PROFILE LOCATION,,44.64639,-80.16778
201705001,2018-02-28 15:06:00,CCGS LIMNOS,GEORGIAN BAY,17,444414,-802604,6,85.93,2017-05-23 09:11:00,6,1.00,.00,,,0,1.000000,TPL,TEMPERATURE PROFILE LOCATION,,44.73722,-80.43444
201705001,2018-02-28 15:06:00,CCGS LIMNOS,GEORGIAN BAY,18,444330,-803656,3,34.05,2017-05-23 10:38:00,6,1.00,.00,,,0,1.000000,TPL,TEMPERATURE PROFILE LOCATION,,44.72500,-80.61556
201705001,2018-02-28 15:06:00,CCGS LIMNOS,GEORGIAN BAY,19,444306,-805120,1,89.30,2017-05-23 13:17:00,6,1.00,.00,,,0,1.000000,TPL,TEMPERATURE PROFILE LOCATION,,44.71833,-80.85556
201705001,2018-02-28 15:06:00,CCGS LIMNOS,GEORGIAN BAY,19,444306,-805120,1,89.30,2017-05-23 13:17:00,6,50.00,.00,,,0,1.000000,TPL,TEMPERATURE PROFILE LOCATION,,44.71833,-80.85556
201705001,2018-02-28 15:06:00,CCGS LIMNOS,GEORGIAN BAY,19,444306,-805120,1,89.30,2017-05-23 13:17:00,6,79.00,.00,,,0,1.000000,TPL,TEMPERATURE PROFILE LOCATION,,44.71833,-80.85556
201705001,2018-02-28 15:06:00,CCGS LIMNOS,GEORGIAN BAY,19,444306,-805120,1,89.30,2017-05-23 13:17:00,6,87.00,.00,,,0,1.000000,TPL,TEMPERATURE PROFILE LOCATION,,44.71833,-80.85556
201705001,2018-02-28 15:06:00,CCGS LIMNOS,GEORGIAN BAY,20,445513,-803624,11,61.50,2017-05-23 17:16:00,6,1.00,.00,,,0,1.000000,TPL,TEMPERATURE PROFILE LOCATION,,44.92028,-80.60667
201705001,2018-02-28 15:06:00,CCGS LIMNOS,GEORGIAN BAY,20,445513,-803624,11,61.50,2017-05-23 17:16:00,6,1.00,.00,,,1,1.000000,TPL,TEMPERATURE PROFILE LOCATION,,44.92028,-80.60667
201705001,2018-02-28 15:06:00,CCGS LIMNOS,GEORGIAN BAY,21,445512,-805224,12,87.90,2017-05-23 19:27:00,6,1.00,.00,,,0,1.000000,TPL,TEMPERATURE PROFILE LOCATION,,44.92000,-80.87333
201705001,2018-02-28 15:06:00,CCGS LIMNOS,GEORGIAN BAY,22,450359,-811508,19,53.41,2017-05-23 22:43:00,6,1.00,.00,,,0,1.000000,TPL,TEMPERATURE PROFILE LOCATION,,45.06639,-81.25222
201705001,2018-02-28 15:06:00,CCGS LIMNOS,GEORGIAN BAY,23,451421,-812625,31,71.68,2017-05-24 02:35:00,6,1.00,.00,,,0,1.000000,TPL,TEMPERATURE PROFILE LOCATION,,45.23917,-81.44028
201705001,2018-02-28 15:06:00,CCGS LIMNOS,GEORGIAN BAY,24,452213,-813502,33,53.80,2017-05-24 04:03:00,6,1.00,.00,,,0,1.000000,TPL,TEMPERATURE PROFILE LOCATION,,45.37028,-81.58389
201705001,2018-02-28 15:06:00,CCGS LIMNOS,GEORGIAN BAY,24,452213,-813502,33,53.80,2017-05-24 04:03:00,6,43.00,.00,,,0,1.000000,TPL,TEMPERATURE PROFILE LOCATION,,45.37028,-81.58389
201705001,2018-02-28 15:06:00,CCGS LIMNOS,GEORGIAN BAY,24,452213,-813502,33,53.80,2017-05-24 04:03:00,6,51.00,.00,,,0,1.000000,TPL,TEMPERATURE PROFILE LOCATION,,45.37028,-81.58389
201705002,2018-02-26 13:41:00,CCGS LIMNOS,GEORGIAN BAY,1,453140,-814010,35,35.29,2017-09-13 15:45:00,6,1.00,.00,,,0,1.000000,TPL,TEMPERATURE PROFILE LOCATION,,45.52778,-81.66944
201705002,2018-02-26 13:41:00,CCGS LIMNOS,GEORGIAN BAY,2,452212,-813508,33,54.52,2017-09-13 17:29:00,6,1.00,.00,,,0,1.000000,TPL,TEMPERATURE PROFILE LOCATION,,45.37000,-81.58556
201705002,2018-02-26 13:41:00,CCGS LIMNOS,GEORGIAN BAY,2,452212,-813508,33,54.52,2017-09-13 17:29:00,6,12.00,.00,,,0,1.000000,TPL,TEMPERATURE PROFILE LOCATION,,45.37000,-81.58556
201705002,2018-02-26 13:41:00,CCGS LIMNOS,GEORGIAN BAY,2,452212,-813508,33,54.52,2017-09-13 17:29:00,6,20.00,.00,,,0,2.000000,TPL,TEMPERATURE PROFILE LOCATION,,45.37000,-81.58556
201705002,2018-02-26 13:41:00,CCGS LIMNOS,GEORGIAN BAY,2,452212,-813508,33,54.52,2017-09-13 17:29:00,6,30.00,.00,,,0,3.000000,TPL,TEMPERATURE PROFILE LOCATION,,45.37000,-81.58556
201705002,2018-02-26 13:41:00,CCGS LIMNOS,GEORGIAN BAY,2,452212,-813508,33,54.52,2017-09-13 17:29:00,6,44.00,.00,,,0,3.000000,TPL,TEMPERATURE PROFILE LOCATION,,45.37000,-81.58556
201705002,2018-02-26 13:41:00,CCGS LIMNOS,GEORGIAN BAY,2,452212,-813508,33,54.52,2017-09-13 17:29:00,6,52.00,.00,,,0,3.000000,TPL,TEMPERATURE PROFILE LOCATION,,45.37000,-81.58556
201705002,2018-02-26 13:41:00,CCGS LIMNOS,GEORGIAN BAY,3,451419,-812628,31,64.75,2017-09-13 19:30:00,6,1.00,.00,,,0,1.000000,TPL,TEMPERATURE PROFILE LOCATION,,45.23861,-81.44111
201705002,2018-02-26 13:41:00,CCGS LIMNOS,GEORGIAN BAY,4,452154,-811124,21,86.36,2017-09-13 22:54:00,6,1.00,.00,,,0,1.000000,TPL,TEMPERATURE PROFILE LOCATION,,45.36500,-81.19000
201705002,2018-02-26 13:41:00,CCGS LIMNOS,GEORGIAN BAY,5,451438,-805228,17,77.87,2017-09-14 01:23:00,6,1.00,.00,,,0,1.000000,TPL,TEMPERATURE PROFILE LOCATION,,45.24389,-80.87444
201705002,2018-02-26 13:41:00,CCGS LIMNOS,GEORGIAN BAY,5,451438,-805228,17,77.87,2017-09-14 01:23:00,6,1.00,.00,,,1,1.000000,TPL,TEMPERATURE PROFILE LOCATION,,45.24389,-80.87444
201705002,2018-02-26 13:41:00,CCGS LIMNOS,GEORGIAN BAY,5,451438,-805228,17,77.87,2017-09-14 01:23:00,6,20.00,.00,,,0,1.000000,TPL,TEMPERATURE PROFILE LOCATION,,45.24389,-80.87444
201705002,2018-02-26 13:41:00,CCGS LIMNOS,GEORGIAN BAY,5,451438,-805228,17,77.87,2017-09-14 01:23:00,6,27.00,.00,,,0,2.000000,TPL,TEMPERATURE PROFILE LOCATION,,45.24389,-80.87444
201705002,2018-02-26 13:41:00,CCGS LIMNOS,GEORGIAN BAY,5,451438,-805228,17,77.87,2017-09-14 01:23:00,6,41.00,.00,,,0,3.000000,TPL,TEMPERATURE PROFILE LOCATION,,45.24389,-80.87444
201705002,2018-02-26 13:41:00,CCGS LIMNOS,GEORGIAN BAY,5,451438,-805228,17,77.87,2017-09-14 01:23:00,6,68.00,.00,,,0,3.000000,TPL,TEMPERATURE PROFILE LOCATION,,45.24389,-80.87444
201705002,2018-02-26 13:41:00,CCGS LIMNOS,GEORGIAN BAY,5,451438,-805228,17,77.87,2017-09-14 01:23:00,6,76.00,.00,,,0,3.000000,TPL,TEMPERATURE PROFILE LOCATION,,45.24389,-80.87444
201705002,2018-02-26 13:41:00,CCGS LIMNOS,GEORGIAN BAY,6,450401,-811513,19,53.73,2017-09-14 04:33:00,6,1.00,.00,,,0,1.000000,TPL,TEMPERATURE PROFILE LOCATION,,45.06694,-81.25361
201705002,2018-02-26 13:41:00,CCGS LIMNOS,GEORGIAN BAY,7,445512,-805230,12,88.49,2017-09-14 07:17:00,6,1.00,.00,,,0,1.000000,TPL,TEMPERATURE PROFILE LOCATION,,44.92000,-80.87500
201705002,2018-02-26 13:41:00,CCGS LIMNOS,GEORGIAN BAY,8,445514,-803622,11,62.16,2017-09-14 09:18:00,6,1.00,.00,,,0,1.000000,TPL,TEMPERATURE PROFILE LOCATION,,44.92056,-80.60611
201705002,2018-02-26 13:41:00,CCGS LIMNOS,GEORGIAN BAY,9,444303,-805122,1,89.7,2017-09-14 11:41:00,6,1.00,.00,,,0,1.000000,TPL,TEMPERATURE PROFILE LOCATION,,44.71750,-80.85611
201705002,2018-02-26 13:41:00,CCGS LIMNOS,GEORGIAN BAY,9,444303,-805122,1,89.7,2017-09-14 11:41:00,6,19.00,.00,,,0,1.000000,TPL,TEMPERATURE PROFILE LOCATION,,44.71750,-80.85611
201705002,2018-02-26 13:41:00,CCGS LIMNOS,GEORGIAN BAY,9,444303,-805122,1,89.7,2017-09-14 11:41:00,6,25.00,.00,,,0,2.000000,TPL,TEMPERATURE PROFILE LOCATION,,44.71750,-80.85611
201705002,2018-02-26 13:41:00,CCGS LIMNOS,GEORGIAN BAY,9,444303,-805122,1,89.7,2017-09-14 11:41:00,6,34.00,.00,,,0,3.000000,TPL,TEMPERATURE PROFILE LOCATION,,44.71750,-80.85611
201705002,2018-02-26 13:41:00,CCGS LIMNOS,GEORGIAN BAY,9,444303,-805122,1,89.7,2017-09-14 11:41:00,6,80.00,.00,,,0,3.000000,TPL,TEMPERATURE PROFILE LOCATION,,44.71750,-80.85611
201705002,2018-02-26 13:41:00,CCGS LIMNOS,GEORGIAN BAY,9,444303,-805122,1,89.7,2017-09-14 11:41:00,6,88.00,.00,,,0,3.000000,TPL,TEMPERATURE PROFILE LOCATION,,44.71750,-80.85611
201705002,2018-02-26 13:41:00,CCGS LIMNOS,GEORGIAN BAY,10,444329,-803701,3,34.36,2017-09-14 13:46:00,6,1.00,.00,,,0,1.000000,TPL,TEMPERATURE PROFILE LOCATION,,44.72472,-80.61694
201705002,2018-02-26 13:41:00,CCGS LIMNOS,GEORGIAN BAY,10,444329,-803701,3,34.36,2017-09-14 13:46:00,6,1.00,.00,,,1,1.000000,TPL,TEMPERATURE PROFILE LOCATION,,44.72472,-80.61694
201705002,2018-02-26 13:41:00,CCGS LIMNOS,GEORGIAN BAY,11,444411,-802606,6,87.05,2017-09-14 15:18:00,6,1.00,.00,,,0,1.000000,TPL,TEMPERATURE PROFILE LOCATION,,44.73639,-80.43500
201705002,2018-02-26 13:41:00,CCGS LIMNOS,GEORGIAN BAY,12,444746,-801436,5,58.89,2017-09-14 17:16:00,6,1.00,.00,,,0,1.000000,TPL,TEMPERATURE PROFILE LOCATION,,44.79611,-80.24333
201705002,2018-02-26 13:41:00,CCGS LIMNOS,GEORGIAN BAY,13,443844,-801002,4,57.57,2017-09-14 19:38:00,6,1.00,.00,,,0,1.000000,TPL,TEMPERATURE PROFILE LOCATION,,44.64556,-80.16722
201705002,2018-02-26 13:41:00,CCGS LIMNOS,GEORGIAN BAY,13,443844,-801002,4,57.57,2017-09-14 19:38:00,6,20.00,.00,,,0,1.000000,TPL,TEMPERATURE PROFILE LOCATION,,44.64556,-80.16722
201705002,2018-02-26 13:41:00,CCGS LIMNOS,GEORGIAN BAY,13,443844,-801002,4,57.57,2017-09-14 19:38:00,6,27.00,.00,,,0,2.000000,TPL,TEMPERATURE PROFILE LOCATION,,44.64556,-80.16722
201705002,2018-02-26 13:41:00,CCGS LIMNOS,GEORGIAN BAY,13,443844,-801002,4,57.57,2017-09-14 19:38:00,6,41.00,.00,,,0,3.000000,TPL,TEMPERATURE PROFILE LOCATION,,44.64556,-80.16722
201705002,2018-02-26 13:41:00,CCGS LIMNOS,GEORGIAN BAY,13,443844,-801002,4,57.57,2017-09-14 19:38:00,6,47.00,.00,,,0,3.000000,TPL,TEMPERATURE PROFILE LOCATION,,44.64556,-80.16722
201705002,2018-02-26 13:41:00,CCGS LIMNOS,GEORGIAN BAY,13,443844,-801002,4,57.57,2017-09-14 19:38:00,6,55.00,.00,,,0,3.000000,TPL,TEMPERATURE PROFILE LOCATION,,44.64556,-80.16722
201705002,2018-02-26 13:41:00,CCGS LIMNOS,GEORGIAN BAY,14,445216,-795809,9,30.11,2017-09-15 00:22:00,6,1.00,.00,,,0,1.000000,TPL,TEMPERATURE PROFILE LOCATION,,44.87111,-79.96917
201705002,2018-02-26 13:41:00,CCGS LIMNOS,GEORGIAN BAY,14,445216,-795809,9,30.11,2017-09-15 00:22:00,6,20.00,.00,,,0,1.000000,TPL,TEMPERATURE PROFILE LOCATION,,44.87111,-79.96917
201705002,2018-02-26 13:41:00,CCGS LIMNOS,GEORGIAN BAY,14,445216,-795809,9,30.11,2017-09-15 00:22:00,6,28.00,.00,,,0,1.000000,TPL,TEMPERATURE PROFILE LOCATION,,44.87111,-79.96917
201705002,2018-02-26 13:41:00,CCGS LIMNOS,GEORGIAN BAY,15,445709,-800856,8,50.79,2017-09-15 02:47:00,6,1.00,.00,,,0,1.000000,TPL,TEMPERATURE PROFILE LOCATION,,44.95250,-80.14889
201705002,2018-02-26 13:41:00,CCGS LIMNOS,GEORGIAN BAY,15,445709,-800856,8,50.79,2017-09-15 02:47:00,6,1.00,.00,,,1,1.000000,TPL,TEMPERATURE PROFILE LOCATION,,44.95250,-80.14889
201705002,2018-02-26 13:41:00,CCGS LIMNOS,GEORGIAN BAY,16,450959,-801749,15,46.62,2017-09-15 05:51:00,6,1.00,.00,,,0,1.000000,TPL,TEMPERATURE PROFILE LOCATION,,45.16639,-80.29694
201705002,2018-02-26 13:41:00,CCGS LIMNOS,GEORGIAN BAY,17,452112,-802908,16,19.01,2017-09-15 09:06:00,6,1.00,.00,,,0,1.000000,TPL,TEMPERATURE PROFILE LOCATION,,45.35333,-80.48556
201705002,2018-02-26 13:41:00,CCGS LIMNOS,GEORGIAN BAY,18,451930,-800658,122,94.89,2017-09-15 12:02:00,6,1.00,.00,,,0,1.000000,TPL,TEMPERATURE PROFILE LOCATION,,45.32500,-80.11611
201705002,2018-02-26 13:41:00,CCGS LIMNOS,GEORGIAN BAY,19,453456,-810459,29,42.78,2017-09-16 15:55:00,6,1.00,.00,,,0,1.000000,TPL,TEMPERATURE PROFILE LOCATION,,45.58222,-81.08306
201705002,2018-02-26 13:41:00,CCGS LIMNOS,GEORGIAN BAY,19,453456,-810459,29,42.78,2017-09-16 15:55:00,6,16.00,.00,,,0,1.000000,TPL,TEMPERATURE PROFILE LOCATION,,45.58222,-81.08306
201705002,2018-02-26 13:41:00,CCGS LIMNOS,GEORGIAN BAY,19,453456,-810459,29,42.78,2017-09-16 15:55:00,6,21.00,.00,,,0,2.000000,TPL,TEMPERATURE PROFILE LOCATION,,45.58222,-81.08306
201705002,2018-02-26 13:41:00,CCGS LIMNOS,GEORGIAN BAY,19,453456,-810459,29,42.78,2017-09-16 15:55:00,6,26.00,.00,,,0,3.000000,TPL,TEMPERATURE PROFILE LOCATION,,45.58222,-81.08306
201705002,2018-02-26 13:41:00,CCGS LIMNOS,GEORGIAN BAY,19,453456,-810459,29,42.78,2017-09-16 15:55:00,6,32.00,.00,,,0,3.000000,TPL,TEMPERATURE PROFILE LOCATION,,45.58222,-81.08306
201705002,2018-02-26 13:41:00,CCGS LIMNOS,GEORGIAN BAY,19,453456,-810459,29,42.78,2017-09-16 15:55:00,6,40.00,.00,,,0,3.000000,TPL,TEMPERATURE PROFILE LOCATION,,45.58222,-81.08306
201705002,2018-02-26 13:41:00,CCGS LIMNOS,GEORGIAN BAY,20,454042,-805022,24,40.01,2017-09-16 18:12:00,6,1.00,.00,,,0,1.000000,TPL,TEMPERATURE PROFILE LOCATION,,45.67833,-80.83944
201705002,2018-02-26 13:41:00,CCGS LIMNOS,GEORGIAN BAY,20,454042,-805022,24,40.01,2017-09-16 18:12:00,6,1.00,.00,,,1,1.000000,TPL,TEMPERATURE PROFILE LOCATION,,45.67833,-80.83944
201705002,2018-02-26 13:41:00,CCGS LIMNOS,GEORGIAN BAY,21,455000,-805357,26,20.11,2017-09-16 20:13:00,6,1.00,.00,,,0,1.000000,TPL,TEMPERATURE PROFILE LOCATION,,45.83333,-80.89917
201705002,2018-02-26 13:41:00,CCGS LIMNOS,GEORGIAN BAY,22,455156,-805957,27,17.72,2017-09-16 21:23:00,6,1.00,.00,,,0,1.000000,TPL,TEMPERATURE PROFILE LOCATION,,45.86556,-80.99917
201705002,2018-02-26 13:41:00,CCGS LIMNOS,GEORGIAN BAY,22,455156,-805957,27,17.72,2017-09-16 21:23:00,6,8.00,.00,,,0,1.000000,TPL,TEMPERATURE PROFILE LOCATION,,45.86556,-80.99917
201705002,2018-02-26 13:41:00,CCGS LIMNOS,GEORGIAN BAY,22,455156,-805957,27,17.72,2017-09-16 21:23:00,6,15.00,.00,,,0,1.000000,TPL,TEMPERATURE PROFILE LOCATION,,45.86556,-80.99917
201705002,2018-02-26 13:41:00,CCGS LIMNOS,GEORGIAN BAY,23,455223,-811531,39,28.28,2017-09-16 23:25:00,6,1.00,.00,,,0,1.000000,TPL,TEMPERATURE PROFILE LOCATION,,45.87306,-81.25861
201705002,2018-02-26 13:41:00,CCGS LIMNOS,GEORGIAN BAY,24,454230,-813710,36,52.89,2017-09-17 02:19:00,6,1.00,.00,,,0,1.000000,TPL,TEMPERATURE PROFILE LOCATION,,45.70833,-81.61944
201705002,2018-02-26 13:41:00,CCGS LIMNOS,GEORGIAN BAY,25,455445,-813539,42,29.5,2017-09-17 05:24:00,6,1.00,.00,,,0,1.000000,TPL,TEMPERATURE PROFILE LOCATION,,45.91250,-81.59417
201705002,2018-02-26 13:41:00,CCGS LIMNOS,GEORGIAN BAY,25,455445,-813539,42,29.5,2017-09-17 05:24:00,6,1.00,.00,,,1,1.000000,TPL,TEMPERATURE PROFILE LOCATION,,45.91250,-81.59417
201705002,2018-02-26 13:41:00,CCGS LIMNOS,GEORGIAN BAY,25,455445,-813539,42,29.5,2017-09-17 05:24:00,6,19.00,.00,,,0,2.000000,TPL,TEMPERATURE PROFILE LOCATION,,45.91250,-81.59417
201705002,2018-02-26 13:41:00,CCGS LIMNOS,GEORGIAN BAY,25,455445,-813539,42,29.5,2017-09-17 05:24:00,6,22.00,.00,,,0,3.000000,TPL,TEMPERATURE PROFILE LOCATION,,45.91250,-81.59417
201705002,2018-02-26 13:41:00,CCGS LIMNOS,GEORGIAN BAY,26,454546,-814745,46,19.2,2017-09-17 09:00:00,6,1.00,.00,,,0,1.000000,TPL,TEMPERATURE PROFILE LOCATION,,45.76278,-81.79583
201705001,2018-02-28 15:06:00,CCGS LIMNOS,GEORGIAN BAY,1,454543,-814744,46,18.30,2017-05-21 12:28:00,30,.00,.00,,,0,11.000000,SECCHI,SECCHI DISC DEPTH,METRE,45.76194,-81.79556
201705001,2018-02-28 15:06:00,CCGS LIMNOS,GEORGIAN BAY,5,454957,-805402,26,20.52,2017-05-21 20:08:00,30,.00,.00,,,0,9.000000,SECCHI,SECCHI DISC DEPTH,METRE,45.83250,-80.90056
201705001,2018-02-28 15:06:00,CCGS LIMNOS,GEORGIAN BAY,6,454045,-805024,24,39.70,2017-05-21 21:46:00,30,.00,.00,,,0,17.000000,SECCHI,SECCHI DISC DEPTH,METRE,45.67917,-80.84000
201705001,2018-02-28 15:06:00,CCGS LIMNOS,GEORGIAN BAY,10,452113,-802912,16,18.38,2017-05-22 14:25:00,30,.00,.00,,,0,11.000000,SECCHI,SECCHI DISC DEPTH,METRE,45.35361,-80.48667
201705001,2018-02-28 15:06:00,CCGS LIMNOS,GEORGIAN BAY,11,451928,-800703,122,94.00,2017-05-22 16:41:00,30,.00,.00,,,0,5.000000,SECCHI,SECCHI DISC DEPTH,METRE,45.32444,-80.11750
201705001,2018-02-28 15:06:00,CCGS LIMNOS,GEORGIAN BAY,12,451001,-801748,15,44.50,2017-05-22 22:41:00,30,.00,.00,,,0,5.250000,SECCHI,SECCHI DISC DEPTH,METRE,45.16694,-80.29667
201705001,2018-02-28 15:06:00,CCGS LIMNOS,GEORGIAN BAY,19,444306,-805120,1,89.30,2017-05-23 13:17:00,30,.00,.00,,,0,15.500000,SECCHI,SECCHI DISC DEPTH,METRE,44.71833,-80.85556
201705001,2018-02-28 15:06:00,CCGS LIMNOS,GEORGIAN BAY,20,445513,-803624,11,61.50,2017-05-23 17:16:00,30,.00,.00,,,0,18.500000,SECCHI,SECCHI DISC DEPTH,METRE,44.92028,-80.60667
201705001,2018-02-28 15:06:00,CCGS LIMNOS,GEORGIAN BAY,21,445512,-805224,12,87.90,2017-05-23 19:27:00,30,.00,.00,,,0,16.000000,SECCHI,SECCHI DISC DEPTH,METRE,44.92000,-80.87333
201705001,2018-02-28 15:06:00,CCGS LIMNOS,GEORGIAN BAY,22,450359,-811508,19,53.41,2017-05-23 22:43:00,30,.00,.00,,,0,20.000000,SECCHI,SECCHI DISC DEPTH,METRE,45.06639,-81.25222
201705002,2018-02-26 13:41:00,CCGS LIMNOS,GEORGIAN BAY,1,453140,-814010,35,35.29,2017-09-13 15:45:00,30,.00,.00,,,0,16.000000,SECCHI,SECCHI DISC DEPTH,METRE,45.52778,-81.66944
201705002,2018-02-26 13:41:00,CCGS LIMNOS,GEORGIAN BAY,2,452212,-813508,33,54.52,2017-09-13 17:29:00,30,.00,.00,,,0,12.000000,SECCHI,SECCHI DISC DEPTH,METRE,45.37000,-81.58556
201705002,2018-02-26 13:41:00,CCGS LIMNOS,GEORGIAN BAY,3,451419,-812628,31,64.75,2017-09-13 19:30:00,30,.00,.00,,,0,15.000000,SECCHI,SECCHI DISC DEPTH,METRE,45.23861,-81.44111
201705002,2018-02-26 13:41:00,CCGS LIMNOS,GEORGIAN BAY,4,452154,-811124,21,86.36,2017-09-13 22:54:00,30,.00,.00,,,0,11.000000,SECCHI,SECCHI DISC DEPTH,METRE,45.36500,-81.19000
201705002,2018-02-26 13:41:00,CCGS LIMNOS,GEORGIAN BAY,10,444329,-803701,3,34.36,2017-09-14 13:46:00,30,.00,.00,,,0,12.500000,SECCHI,SECCHI DISC DEPTH,METRE,44.72472,-80.61694
201705002,2018-02-26 13:41:00,CCGS LIMNOS,GEORGIAN BAY,11,444411,-802606,6,87.05,2017-09-14 15:18:00,30,.00,.00,,,0,13.000000,SECCHI,SECCHI DISC DEPTH,METRE,44.73639,-80.43500
201705002,2018-02-26 13:41:00,CCGS LIMNOS,GEORGIAN BAY,12,444746,-801436,5,58.89,2017-09-14 17:16:00,30,.00,.00,,,0,13.000000,SECCHI,SECCHI DISC DEPTH,METRE,44.79611,-80.24333
201705002,2018-02-26 13:41:00,CCGS LIMNOS,GEORGIAN BAY,13,443844,-801002,4,57.57,2017-09-14 19:38:00,30,.00,.00,,,0,13.000000,SECCHI,SECCHI DISC DEPTH,METRE,44.64556,-80.16722
201705002,2018-02-26 13:41:00,CCGS LIMNOS,GEORGIAN BAY,18,451930,-800658,122,94.89,2017-09-15 12:02:00,30,.00,.00,,,0,5.000000,SECCHI,SECCHI DISC DEPTH,METRE,45.32500,-80.11611
201705002,2018-02-26 13:41:00,CCGS LIMNOS,GEORGIAN BAY,19,453456,-810459,29,42.78,2017-09-16 15:55:00,30,.00,.00,,,0,11.000000,SECCHI,SECCHI DISC DEPTH,METRE,45.58222,-81.08306
201705002,2018-02-26 13:41:00,CCGS LIMNOS,GEORGIAN BAY,20,454042,-805022,24,40.01,2017-09-16 18:12:00,30,.00,.00,,,0,13.000000,SECCHI,SECCHI DISC DEPTH,METRE,45.67833,-80.83944
201705002,2018-02-26 13:41:00,CCGS LIMNOS,GEORGIAN BAY,21,455000,-805357,26,20.11,2017-09-16 20:13:00,30,.00,.00,,,0,9.000000,SECCHI,SECCHI DISC DEPTH,METRE,45.83333,-80.89917
201705002,2018-02-26 13:41:00,CCGS LIMNOS,GEORGIAN BAY,22,455156,-805957,27,17.72,2017-09-16 21:23:00,30,.00,.00,,,0,9.000000,SECCHI,SECCHI DISC DEPTH,METRE,45.86556,-80.99917
201705001,2018-02-28 15:06:00,CCGS LIMNOS,GEORGIAN BAY,1,454543,-814744,46,18.30,2017-05-21 12:28:00,100,.00,.00,,,0,8.500000,TEMP,TEMPERATURE (OF WATER),DEG C,45.76194,-81.79556
201705001,2018-02-28 15:06:00,CCGS LIMNOS,GEORGIAN BAY,2,455445,-813545,42,20.00,2017-05-21 14:33:00,100,.00,.00,,,0,8.000000,TEMP,TEMPERATURE (OF WATER),DEG C,45.91250,-81.59583
201705001,2018-02-28 15:06:00,CCGS LIMNOS,GEORGIAN BAY,3,455226,-811533,39,27.50,2017-05-21 17:07:00,100,.00,.00,,,0,7.000000,TEMP,TEMPERATURE (OF WATER),DEG C,45.87389,-81.25917
201705001,2018-02-28 15:06:00,CCGS LIMNOS,GEORGIAN BAY,4,455158,-810004,27,16.00,2017-05-21 18:42:00,100,.00,.00,,,0,7.800000,TEMP,TEMPERATURE (OF WATER),DEG C,45.86611,-81.00111
201705001,2018-02-28 15:06:00,CCGS LIMNOS,GEORGIAN BAY,5,454957,-805402,26,20.52,2017-05-21 20:08:00,100,.00,.00,,,0,7.500000,TEMP,TEMPERATURE (OF WATER),DEG C,45.83250,-80.90056
201705001,2018-02-28 15:06:00,CCGS LIMNOS,GEORGIAN BAY,6,454045,-805024,24,39.70,2017-05-21 21:46:00,100,.00,.00,,,0,5.000000,TEMP,TEMPERATURE (OF WATER),DEG C,45.67917,-80.84000
201705001,2018-02-28 15:06:00,CCGS LIMNOS,GEORGIAN BAY,7,453504,-810454,29,41.90,2017-05-21 23:25:00,100,.00,.00,,,0,5.000000,TEMP,TEMPERATURE (OF WATER),DEG C,45.58444,-81.08167
201705001,2018-02-28 15:06:00,CCGS LIMNOS,GEORGIAN BAY,8,452154,-811120,21,86.27,2017-05-22 02:06:00,100,.00,.00,,,0,4.000000,TEMP,TEMPERATURE (OF WATER),DEG C,45.36500,-81.18889
201705001,2018-02-28 15:06:00,CCGS LIMNOS,GEORGIAN BAY,9,451442,-805229,17,77.50,2017-05-22 04:32:00,100,.00,.00,,,0,3.500000,TEMP,TEMPERATURE (OF WATER),DEG C,45.24500,-80.87472
201705001,2018-02-28 15:06:00,CCGS LIMNOS,GEORGIAN BAY,10,452113,-802912,16,18.38,2017-05-22 14:25:00,100,.00,.00,,,0,7.000000,TEMP,TEMPERATURE (OF WATER),DEG C,45.35361,-80.48667
201705001,2018-02-28 15:06:00,CCGS LIMNOS,GEORGIAN BAY,11,451928,-800703,122,94.00,2017-05-22 16:41:00,100,.00,.00,,,0,7.000000,TEMP,TEMPERATURE (OF WATER),DEG C,45.32444,-80.11750
201705001,2018-02-28 15:06:00,CCGS LIMNOS,GEORGIAN BAY,12,451001,-801748,15,44.50,2017-05-22 22:41:00,100,.00,.00,,,0,14.000000,TEMP,TEMPERATURE (OF WATER),DEG C,45.16694,-80.29667
201705001,2018-02-28 15:06:00,CCGS LIMNOS,GEORGIAN BAY,13,445711,-800859,8,50.57,2017-05-23 00:40:00,100,.00,.00,,,0,6.000000,TEMP,TEMPERATURE (OF WATER),DEG C,44.95306,-80.14972
201705001,2018-02-28 15:06:00,CCGS LIMNOS,GEORGIAN BAY,14,445219,-795801,9,28.89,2017-05-23 02:10:00,100,.00,.00,,,0,9.500000,TEMP,TEMPERATURE (OF WATER),DEG C,44.87194,-79.96694
201705001,2018-02-28 15:06:00,CCGS LIMNOS,GEORGIAN BAY,15,444749,-801440,5,57.50,2017-05-23 05:03:00,100,.00,.00,,,0,8.700000,TEMP,TEMPERATURE (OF WATER),DEG C,44.79694,-80.24444
201705001,2018-02-28 15:06:00,CCGS LIMNOS,GEORGIAN BAY,16,443847,-801004,4,58.00,2017-05-23 06:33:00,100,.00,.00,,,0,6.100000,TEMP,TEMPERATURE (OF WATER),DEG C,44.64639,-80.16778
201705001,2018-02-28 15:06:00,CCGS LIMNOS,GEORGIAN BAY,17,444414,-802604,6,85.93,2017-05-23 09:11:00,100,.00,.00,,,0,3.750000,TEMP,TEMPERATURE (OF WATER),DEG C,44.73722,-80.43444
201705001,2018-02-28 15:06:00,CCGS LIMNOS,GEORGIAN BAY,18,444330,-803656,3,34.05,2017-05-23 10:38:00,100,.00,.00,,,0,5.000000,TEMP,TEMPERATURE (OF WATER),DEG C,44.72500,-80.61556
201705001,2018-02-28 15:06:00,CCGS LIMNOS,GEORGIAN BAY,19,444306,-805120,1,89.30,2017-05-23 13:17:00,100,.00,.00,,,0,5.500000,TEMP,TEMPERATURE (OF WATER),DEG C,44.71833,-80.85556
201705001,2018-02-28 15:06:00,CCGS LIMNOS,GEORGIAN BAY,20,445513,-803624,11,61.50,2017-05-23 17:16:00,100,.00,.00,,,0,4.000000,TEMP,TEMPERATURE (OF WATER),DEG C,44.92028,-80.60667
201705001,2018-02-28 15:06:00,CCGS LIMNOS,GEORGIAN BAY,21,445512,-805224,12,87.90,2017-05-23 19:27:00,100,.00,.00,,,0,4.400000,TEMP,TEMPERATURE (OF WATER),DEG C,44.92000,-80.87333
201705001,2018-02-28 15:06:00,CCGS LIMNOS,GEORGIAN BAY,22,450359,-811508,19,53.41,2017-05-23 22:43:00,100,.00,.00,,,0,4.500000,TEMP,TEMPERATURE (OF WATER),DEG C,45.06639,-81.25222
201705001,2018-02-28 15:06:00,CCGS LIMNOS,GEORGIAN BAY,23,451421,-812625,31,71.68,2017-05-24 02:35:00,100,.00,.00,,,0,7.000000,TEMP,TEMPERATURE (OF WATER),DEG C,45.23917,-81.44028
201705001,2018-02-28 15:06:00,CCGS LIMNOS,GEORGIAN BAY,24,452213,-813502,33,53.80,2017-05-24 04:03:00,100,.00,.00,,,0,6.100000,TEMP,TEMPERATURE (OF WATER),DEG C,45.37028,-81.58389
201705002,2018-02-26 13:41:00,CCGS LIMNOS,GEORGIAN BAY,1,453140,-814010,35,35.29,2017-09-13 15:45:00,100,.00,.00,,,0,17.000000,TEMP,TEMPERATURE (OF WATER),DEG C,45.52778,-81.66944
201705002,2018-02-26 13:41:00,CCGS LIMNOS,GEORGIAN BAY,2,452212,-813508,33,54.52,2017-09-13 17:29:00,100,.00,.00,,,0,17.500000,TEMP,TEMPERATURE (OF WATER),DEG C,45.37000,-81.58556
201705002,2018-02-26 13:41:00,CCGS LIMNOS,GEORGIAN BAY,3,451419,-812628,31,64.75,2017-09-13 19:30:00,100,.00,.00,,,0,17.500000,TEMP,TEMPERATURE (OF WATER),DEG C,45.23861,-81.44111
201705002,2018-02-26 13:41:00,CCGS LIMNOS,GEORGIAN BAY,4,452154,-811124,21,86.36,2017-09-13 22:54:00,100,.00,.00,,,0,18.500000,TEMP,TEMPERATURE (OF WATER),DEG C,45.36500,-81.19000
201705002,2018-02-26 13:41:00,CCGS LIMNOS,GEORGIAN BAY,5,451438,-805228,17,77.87,2017-09-14 01:23:00,100,.00,.00,,,0,19.000000,TEMP,TEMPERATURE (OF WATER),DEG C,45.24389,-80.87444
201705002,2018-02-26 13:41:00,CCGS LIMNOS,GEORGIAN BAY,6,450401,-811513,19,53.73,2017-09-14 04:33:00,100,.00,.00,,,0,17.500000,TEMP,TEMPERATURE (OF WATER),DEG C,45.06694,-81.25361
201705002,2018-02-26 13:41:00,CCGS LIMNOS,GEORGIAN BAY,7,445512,-805230,12,88.49,2017-09-14 07:17:00,100,.00,.00,,,0,18.000000,TEMP,TEMPERATURE (OF WATER),DEG C,44.92000,-80.87500
201705002,2018-02-26 13:41:00,CCGS LIMNOS,GEORGIAN BAY,8,445514,-803622,11,62.16,2017-09-14 09:18:00,100,.00,.00,,,0,18.500000,TEMP,TEMPERATURE (OF WATER),DEG C,44.92056,-80.60611
201705002,2018-02-26 13:41:00,CCGS LIMNOS,GEORGIAN BAY,9,444303,-805122,1,89.7,2017-09-14 11:41:00,100,.00,.00,,,0,18.500000,TEMP,TEMPERATURE (OF WATER),DEG C,44.71750,-80.85611
201705002,2018-02-26 13:41:00,CCGS LIMNOS,GEORGIAN BAY,10,444329,-803701,3,34.36,2017-09-14 13:46:00,100,.00,.00,,,0,19.000000,TEMP,TEMPERATURE (OF WATER),DEG C,44.72472,-80.61694
201705002,2018-02-26 13:41:00,CCGS LIMNOS,GEORGIAN BAY,11,444411,-802606,6,87.05,2017-09-14 15:18:00,100,.00,.00,,,0,19.000000,TEMP,TEMPERATURE (OF WATER),DEG C,44.73639,-80.43500
201705002,2018-02-26 13:41:00,CCGS LIMNOS,GEORGIAN BAY,12,444746,-801436,5,58.89,2017-09-14 17:16:00,100,.00,.00,,,0,18.500000,TEMP,TEMPERATURE (OF WATER),DEG C,44.79611,-80.24333
201705002,2018-02-26 13:41:00,CCGS LIMNOS,GEORGIAN BAY,13,443844,-801002,4,57.57,2017-09-14 19:38:00,100,.00,.00,,,0,19.000000,TEMP,TEMPERATURE (OF WATER),DEG C,44.64556,-80.16722
201705002,2018-02-26 13:41:00,CCGS LIMNOS,GEORGIAN BAY,14,445216,-795809,9,30.11,2017-09-15 00:22:00,100,.00,.00,,,0,19.200000,TEMP,TEMPERATURE (OF WATER),DEG C,44.87111,-79.96917
201705002,2018-02-26 13:41:00,CCGS LIMNOS,GEORGIAN BAY,15,445709,-800856,8,50.79,2017-09-15 02:47:00,100,.00,.00,,,0,19.000000,TEMP,TEMPERATURE (OF WATER),DEG C,44.95250,-80.14889
201705002,2018-02-26 13:41:00,CCGS LIMNOS,GEORGIAN BAY,16,450959,-801749,15,46.62,2017-09-15 05:51:00,100,.00,.00,,,0,18.500000,TEMP,TEMPERATURE (OF WATER),DEG C,45.16639,-80.29694
201705002,2018-02-26 13:41:00,CCGS LIMNOS,GEORGIAN BAY,17,452112,-802908,16,19.01,2017-09-15 09:06:00,100,.00,.00,,,0,18.500000,TEMP,TEMPERATURE (OF WATER),DEG C,45.35333,-80.48556
201705002,2018-02-26 13:41:00,CCGS LIMNOS,GEORGIAN BAY,18,451930,-800658,122,94.89,2017-09-15 12:02:00,100,.00,.00,,,0,19.300000,TEMP,TEMPERATURE (OF WATER),DEG C,45.32500,-80.11611
201705002,2018-02-26 13:41:00,CCGS LIMNOS,GEORGIAN BAY,19,453456,-810459,29,42.78,2017-09-16 15:55:00,100,.00,.00,,,0,18.000000,TEMP,TEMPERATURE (OF WATER),DEG C,45.58222,-81.08306
201705002,2018-02-26 13:41:00,CCGS LIMNOS,GEORGIAN BAY,20,454042,-805022,24,40.01,2017-09-16 18:12:00,100,.00,.00,,,0,18.500000,TEMP,TEMPERATURE (OF WATER),DEG C,45.67833,-80.83944
201705002,2018-02-26 13:41:00,CCGS LIMNOS,GEORGIAN BAY,21,455000,-805357,26,20.11,2017-09-16 20:13:00,100,.00,.00,,,0,19.000000,TEMP,TEMPERATURE (OF WATER),DEG C,45.83333,-80.89917
201705002,2018-02-26 13:41:00,CCGS LIMNOS,GEORGIAN BAY,22,455156,-805957,27,17.72,2017-09-16 21:23:00,100,.00,.00,,,0,19.000000,TEMP,TEMPERATURE (OF WATER),DEG C,45.86556,-80.99917
201705002,2018-02-26 13:41:00,CCGS LIMNOS,GEORGIAN BAY,23,455223,-811531,39,28.28,2017-09-16 23:25:00,100,.00,.00,,,0,19.000000,TEMP,TEMPERATURE (OF WATER),DEG C,45.87306,-81.25861
201705002,2018-02-26 13:41:00,CCGS LIMNOS,GEORGIAN BAY,24,454230,-813710,36,52.89,2017-09-17 02:19:00,100,.00,.00,,,0,18.500000,TEMP,TEMPERATURE (OF WATER),DEG C,45.70833,-81.61944
201705002,2018-02-26 13:41:00,CCGS LIMNOS,GEORGIAN BAY,25,455445,-813539,42,29.5,2017-09-17 05:24:00,100,.00,.00,,,0,18.500000,TEMP,TEMPERATURE (OF WATER),DEG C,45.91250,-81.59417
201705002,2018-02-26 13:41:00,CCGS LIMNOS,GEORGIAN BAY,26,454546,-814745,46,19.2,2017-09-17 09:00:00,100,.00,.00,,,0,18.000000,TEMP,TEMPERATURE (OF WATER),DEG C,45.76278,-81.79583
201705001,2018-02-28 15:06:00,CCGS LIMNOS,GEORGIAN BAY,1,454543,-814744,46,18.30,2017-05-21 12:28:00,104,1.00,.00,,,0,8.390000,T EBT,TEMPERATURE EBT,DEG C,45.76194,-81.79556
201705001,2018-02-28 15:06:00,CCGS LIMNOS,GEORGIAN BAY,2,455445,-813545,42,20.00,2017-05-21 14:33:00,104,1.00,.00,,,0,7.850000,T EBT,TEMPERATURE EBT,DEG C,45.91250,-81.59583
201705001,2018-02-28 15:06:00,CCGS LIMNOS,GEORGIAN BAY,2,455445,-813545,42,20.00,2017-05-21 14:33:00,104,10.00,.00,,,0,7.860000,T EBT,TEMPERATURE EBT,DEG C,45.91250,-81.59583
201705001,2018-02-28 15:06:00,CCGS LIMNOS,GEORGIAN BAY,2,455445,-813545,42,20.00,2017-05-21 14:33:00,104,18.00,.00,,,0,7.820000,T EBT,TEMPERATURE EBT,DEG C,45.91250,-81.59583
201705001,2018-02-28 15:06:00,CCGS LIMNOS,GEORGIAN BAY,3,455226,-811533,39,27.50,2017-05-21 17:07:00,104,1.00,.00,,,0,6.890000,T EBT,TEMPERATURE EBT,DEG C,45.87389,-81.25917
201705001,2018-02-28 15:06:00,CCGS LIMNOS,GEORGIAN BAY,4,455158,-810004,27,16.00,2017-05-21 18:42:00,104,1.00,.00,,,0,7.790000,T EBT,TEMPERATURE EBT,DEG C,45.86611,-81.00111
201705001,2018-02-28 15:06:00,CCGS LIMNOS,GEORGIAN BAY,4,455158,-810004,27,16.00,2017-05-21 18:42:00,104,14.00,.00,,,0,7.720000,T EBT,TEMPERATURE EBT,DEG C,45.86611,-81.00111
201705001,2018-02-28 15:06:00,CCGS LIMNOS,GEORGIAN BAY,5,454957,-805402,26,20.52,2017-05-21 20:08:00,104,1.00,.00,,,0,7.510000,T EBT,TEMPERATURE EBT,DEG C,45.83250,-80.90056
201705001,2018-02-28 15:06:00,CCGS LIMNOS,GEORGIAN BAY,5,454957,-805402,26,20.52,2017-05-21 20:08:00,104,1.00,.00,,,1,7.510000,T EBT,TEMPERATURE EBT,DEG C,45.83250,-80.90056
201705001,2018-02-28 15:06:00,CCGS LIMNOS,GEORGIAN BAY,6,454045,-805024,24,39.70,2017-05-21 21:46:00,104,1.00,.00,,,0,4.770000,T EBT,TEMPERATURE EBT,DEG C,45.67917,-80.84000
201705001,2018-02-28 15:06:00,CCGS LIMNOS,GEORGIAN BAY,7,453504,-810454,29,41.90,2017-05-21 23:25:00,104,1.00,.00,,,0,4.550000,T EBT,TEMPERATURE EBT,DEG C,45.58444,-81.08167
201705001,2018-02-28 15:06:00,CCGS LIMNOS,GEORGIAN BAY,7,453504,-810454,29,41.90,2017-05-21 23:25:00,104,32.00,.00,,,0,4.530000,T EBT,TEMPERATURE EBT,DEG C,45.58444,-81.08167
201705001,2018-02-28 15:06:00,CCGS LIMNOS,GEORGIAN BAY,7,453504,-810454,29,41.90,2017-05-21 23:25:00,104,40.00,.00,,,0,4.530000,T EBT,TEMPERATURE EBT,DEG C,45.58444,-81.08167
201705001,2018-02-28 15:06:00,CCGS LIMNOS,GEORGIAN BAY,8,452154,-811120,21,86.27,2017-05-22 02:06:00,104,1.00,.00,,,0,3.130000,T EBT,TEMPERATURE EBT,DEG C,45.36500,-81.18889
201705001,2018-02-28 15:06:00,CCGS LIMNOS,GEORGIAN BAY,9,451442,-805229,17,77.50,2017-05-22 04:32:00,104,1.00,.00,,,0,3.410000,T EBT,TEMPERATURE EBT,DEG C,45.24500,-80.87472
201705001,2018-02-28 15:06:00,CCGS LIMNOS,GEORGIAN BAY,9,451442,-805229,17,77.50,2017-05-22 04:32:00,104,50.00,.00,,,0,3.410000,T EBT,TEMPERATURE EBT,DEG C,45.24500,-80.87472
201705001,2018-02-28 15:06:00,CCGS LIMNOS,GEORGIAN BAY,9,451442,-805229,17,77.50,2017-05-22 04:32:00,104,67.00,.00,,,0,3.410000,T EBT,TEMPERATURE EBT,DEG C,45.24500,-80.87472
201705001,2018-02-28 15:06:00,CCGS LIMNOS,GEORGIAN BAY,9,451442,-805229,17,77.50,2017-05-22 04:32:00,104,75.00,.00,,,0,3.410000,T EBT,TEMPERATURE EBT,DEG C,45.24500,-80.87472
201705001,2018-02-28 15:06:00,CCGS LIMNOS,GEORGIAN BAY,10,452113,-802912,16,18.38,2017-05-22 14:25:00,104,1.00,.00,,,0,6.300000,T EBT,TEMPERATURE EBT,DEG C,45.35361,-80.48667
201705001,2018-02-28 15:06:00,CCGS LIMNOS,GEORGIAN BAY,10,452113,-802912,16,18.38,2017-05-22 14:25:00,104,1.00,.00,,,1,6.300000,T EBT,TEMPERATURE EBT,DEG C,45.35361,-80.48667
201705001,2018-02-28 15:06:00,CCGS LIMNOS,GEORGIAN BAY,11,451928,-800703,122,94.00,2017-05-22 16:41:00,104,1.00,.00,,,0,6.720000,T EBT,TEMPERATURE EBT,DEG C,45.32444,-80.11750
201705001,2018-02-28 15:06:00,CCGS LIMNOS,GEORGIAN BAY,12,451001,-801748,15,44.50,2017-05-22 22:41:00,104,1.00,.00,,,0,5.010000,T EBT,TEMPERATURE EBT,DEG C,45.16694,-80.29667
201705001,2018-02-28 15:06:00,CCGS LIMNOS,GEORGIAN BAY,13,445711,-800859,8,50.57,2017-05-23 00:40:00,104,1.00,.00,,,0,5.640000,T EBT,TEMPERATURE EBT,DEG C,44.95306,-80.14972
201705001,2018-02-28 15:06:00,CCGS LIMNOS,GEORGIAN BAY,14,445219,-795801,9,28.89,2017-05-23 02:10:00,104,1.00,.00,,,0,9.440000,T EBT,TEMPERATURE EBT,DEG C,44.87194,-79.96694
201705001,2018-02-28 15:06:00,CCGS LIMNOS,GEORGIAN BAY,14,445219,-795801,9,28.89,2017-05-23 02:10:00,104,18.00,.00,,,0,6.220000,T EBT,TEMPERATURE EBT,DEG C,44.87194,-79.96694
201705001,2018-02-28 15:06:00,CCGS LIMNOS,GEORGIAN BAY,14,445219,-795801,9,28.89,2017-05-23 02:10:00,104,26.00,.00,,,0,5.520000,T EBT,TEMPERATURE EBT,DEG C,44.87194,-79.96694
201705001,2018-02-28 15:06:00,CCGS LIMNOS,GEORGIAN BAY,15,444749,-801440,5,57.50,2017-05-23 05:03:00,104,1.00,.00,,,0,8.680000,T EBT,TEMPERATURE EBT,DEG C,44.79694,-80.24444
201705001,2018-02-28 15:06:00,CCGS LIMNOS,GEORGIAN BAY,15,444749,-801440,5,57.50,2017-05-23 05:03:00,104,1.00,.00,,,1,8.680000,T EBT,TEMPERATURE EBT,DEG C,44.79694,-80.24444
201705001,2018-02-28 15:06:00,CCGS LIMNOS,GEORGIAN BAY,16,443847,-801004,4,58.00,2017-05-23 06:33:00,104,1.00,.00,,,0,6.020000,T EBT,TEMPERATURE EBT,DEG C,44.64639,-80.16778
201705001,2018-02-28 15:06:00,CCGS LIMNOS,GEORGIAN BAY,16,443847,-801004,4,58.00,2017-05-23 06:33:00,104,48.00,.00,,,0,4.140000,T EBT,TEMPERATURE EBT,DEG C,44.64639,-80.16778
201705001,2018-02-28 15:06:00,CCGS LIMNOS,GEORGIAN BAY,16,443847,-801004,4,58.00,2017-05-23 06:33:00,104,56.00,.00,,,0,4.090000,T EBT,TEMPERATURE EBT,DEG C,44.64639,-80.16778
201705001,2018-02-28 15:06:00,CCGS LIMNOS,GEORGIAN BAY,17,444414,-802604,6,85.93,2017-05-23 09:11:00,104,1.00,.00,,,0,3.690000,T EBT,TEMPERATURE EBT,DEG C,44.73722,-80.43444
201705001,2018-02-28 15:06:00,CCGS LIMNOS,GEORGIAN BAY,18,444330,-803656,3,34.05,2017-05-23 10:38:00,104,1.00,.00,,,0,4.600000,T EBT,TEMPERATURE EBT,DEG C,44.72500,-80.61556
201705001,2018-02-28 15:06:00,CCGS LIMNOS,GEORGIAN BAY,19,444306,-805120,1,89.30,2017-05-23 13:17:00,104,1.00,.00,,,0,5.060000,T EBT,TEMPERATURE EBT,DEG C,44.71833,-80.85556
201705001,2018-02-28 15:06:00,CCGS LIMNOS,GEORGIAN BAY,19,444306,-805120,1,89.30,2017-05-23 13:17:00,104,50.00,.00,,,0,4.320000,T EBT,TEMPERATURE EBT,DEG C,44.71833,-80.85556
201705001,2018-02-28 15:06:00,CCGS LIMNOS,GEORGIAN BAY,19,444306,-805120,1,89.30,2017-05-23 13:17:00,104,79.00,.00,,,0,4.190000,T EBT,TEMPERATURE EBT,DEG C,44.71833,-80.85556
201705001,2018-02-28 15:06:00,CCGS LIMNOS,GEORGIAN BAY,19,444306,-805120,1,89.30,2017-05-23 13:17:00,104,87.00,.00,,,0,4.180000,T EBT,TEMPERATURE EBT,DEG C,44.71833,-80.85556
201705001,2018-02-28 15:06:00,CCGS LIMNOS,GEORGIAN BAY,20,445513,-803624,11,61.50,2017-05-23 17:16:00,104,1.00,.00,,,0,3.720000,T EBT,TEMPERATURE EBT,DEG C,44.92028,-80.60667
201705001,2018-02-28 15:06:00,CCGS LIMNOS,GEORGIAN BAY,20,445513,-803624,11,61.50,2017-05-23 17:16:00,104,1.00,.00,,,1,3.720000,T EBT,TEMPERATURE EBT,DEG C,44.92028,-80.60667
201705001,2018-02-28 15:06:00,CCGS LIMNOS,GEORGIAN BAY,21,445512,-805224,12,87.90,2017-05-23 19:27:00,104,1.00,.00,,,0,4.060000,T EBT,TEMPERATURE EBT,DEG C,44.92000,-80.87333
201705001,2018-02-28 15:06:00,CCGS LIMNOS,GEORGIAN BAY,22,450359,-811508,19,53.41,2017-05-23 22:43:00,104,1.00,.00,,,0,3.590000,T EBT,TEMPERATURE EBT,DEG C,45.06639,-81.25222
201705001,2018-02-28 15:06:00,CCGS LIMNOS,GEORGIAN BAY,23,451421,-812625,31,71.68,2017-05-24 02:35:00,104,1.00,.00,,,0,5.740000,T EBT,TEMPERATURE EBT,DEG C,45.23917,-81.44028
201705001,2018-02-28 15:06:00,CCGS LIMNOS,GEORGIAN BAY,24,452213,-813502,33,53.80,2017-05-24 04:03:00,104,1.00,.00,,,0,5.910000,T EBT,TEMPERATURE EBT,DEG C,45.37028,-81.58389
201705001,2018-02-28 15:06:00,CCGS LIMNOS,GEORGIAN BAY,24,452213,-813502,33,53.80,2017-05-24 04:03:00,104,43.00,.00,,,0,4.520000,T EBT,TEMPERATURE EBT,DEG C,45.37028,-81.58389
201705001,2018-02-28 15:06:00,CCGS LIMNOS,GEORGIAN BAY,24,452213,-813502,33,53.80,2017-05-24 04:03:00,104,51.00,.00,,,0,4.420000,T EBT,TEMPERATURE EBT,DEG C,45.37028,-81.58389
201705002,2018-02-26 13:41:00,CCGS LIMNOS,GEORGIAN BAY,1,453140,-814010,35,35.29,2017-09-13 15:45:00,104,1.00,.00,,,0,17.080000,T EBT,TEMPERATURE EBT,DEG C,45.52778,-81.66944
201705002,2018-02-26 13:41:00,CCGS LIMNOS,GEORGIAN BAY,2,452212,-813508,33,54.52,2017-09-13 17:29:00,104,1.00,.00,,,0,17.580000,T EBT,TEMPERATURE EBT,DEG C,45.37000,-81.58556
201705002,2018-02-26 13:41:00,CCGS LIMNOS,GEORGIAN BAY,2,452212,-813508,33,54.52,2017-09-13 17:29:00,104,12.00,.00,,,0,16.780000,T EBT,TEMPERATURE EBT,DEG C,45.37000,-81.58556
201705002,2018-02-26 13:41:00,CCGS LIMNOS,GEORGIAN BAY,2,452212,-813508,33,54.52,2017-09-13 17:29:00,104,20.00,.00,,,0,10.910000,T EBT,TEMPERATURE EBT,DEG C,45.37000,-81.58556
201705002,2018-02-26 13:41:00,CCGS LIMNOS,GEORGIAN BAY,2,452212,-813508,33,54.52,2017-09-13 17:29:00,104,30.00,.00,,,0,7.540000,T EBT,TEMPERATURE EBT,DEG C,45.37000,-81.58556
201705002,2018-02-26 13:41:00,CCGS LIMNOS,GEORGIAN BAY,2,452212,-813508,33,54.52,2017-09-13 17:29:00,104,44.00,.00,,,0,5.960000,T EBT,TEMPERATURE EBT,DEG C,45.37000,-81.58556
201705002,2018-02-26 13:41:00,CCGS LIMNOS,GEORGIAN BAY,2,452212,-813508,33,54.52,2017-09-13 17:29:00,104,52.00,.00,,,0,5.520000,T EBT,TEMPERATURE EBT,DEG C,45.37000,-81.58556
201705002,2018-02-26 13:41:00,CCGS LIMNOS,GEORGIAN BAY,3,451419,-812628,31,64.75,2017-09-13 19:30:00,104,1.00,.00,,,0,17.650000,T EBT,TEMPERATURE EBT,DEG C,45.23861,-81.44111
201705002,2018-02-26 13:41:00,CCGS LIMNOS,GEORGIAN BAY,4,452154,-811124,21,86.36,2017-09-13 22:54:00,104,1.00,.00,,,0,18.240000,T EBT,TEMPERATURE EBT,DEG C,45.36500,-81.19000
201705002,2018-02-26 13:41:00,CCGS LIMNOS,GEORGIAN BAY,5,451438,-805228,17,77.87,2017-09-14 01:23:00,104,1.00,.00,,,0,18.360000,T EBT,TEMPERATURE EBT,DEG C,45.24389,-80.87444
201705002,2018-02-26 13:41:00,CCGS LIMNOS,GEORGIAN BAY,5,451438,-805228,17,77.87,2017-09-14 01:23:00,104,1.00,.00,,,1,18.360000,T EBT,TEMPERATURE EBT,DEG C,45.24389,-80.87444
201705002,2018-02-26 13:41:00,CCGS LIMNOS,GEORGIAN BAY,5,451438,-805228,17,77.87,2017-09-14 01:23:00,104,20.00,.00,,,0,17.260000,T EBT,TEMPERATURE EBT,DEG C,45.24389,-80.87444
201705002,2018-02-26 13:41:00,CCGS LIMNOS,GEORGIAN BAY,5,451438,-805228,17,77.87,2017-09-14 01:23:00,104,27.00,.00,,,0,5.420000,T EBT,TEMPERATURE EBT,DEG C,45.24389,-80.87444
201705002,2018-02-26 13:41:00,CCGS LIMNOS,GEORGIAN BAY,5,451438,-805228,17,77.87,2017-09-14 01:23:00,104,41.00,.00,,,0,4.310000,T EBT,TEMPERATURE EBT,DEG C,45.24389,-80.87444
201705002,2018-02-26 13:41:00,CCGS LIMNOS,GEORGIAN BAY,5,451438,-805228,17,77.87,2017-09-14 01:23:00,104,68.00,.00,,,0,4.290000,T EBT,TEMPERATURE EBT,DEG C,45.24389,-80.87444
201705002,2018-02-26 13:41:00,CCGS LIMNOS,GEORGIAN BAY,5,451438,-805228,17,77.87,2017-09-14 01:23:00,104,76.00,.00,,,0,4.290000,T EBT,TEMPERATURE EBT,DEG C,45.24389,-80.87444
201705002,2018-02-26 13:41:00,CCGS LIMNOS,GEORGIAN BAY,6,450401,-811513,19,53.73,2017-09-14 04:33:00,104,1.00,.00,,,0,17.670000,T EBT,TEMPERATURE EBT,DEG C,45.06694,-81.25361
201705002,2018-02-26 13:41:00,CCGS LIMNOS,GEORGIAN BAY,7,445512,-805230,12,88.49,2017-09-14 07:17:00,104,1.00,.00,,,0,18.020000,T EBT,TEMPERATURE EBT,DEG C,44.92000,-80.87500
201705002,2018-02-26 13:41:00,CCGS LIMNOS,GEORGIAN BAY,8,445514,-803622,11,62.16,2017-09-14 09:18:00,104,1.00,.00,,,0,18.400000,T EBT,TEMPERATURE EBT,DEG C,44.92056,-80.60611
201705002,2018-02-26 13:41:00,CCGS LIMNOS,GEORGIAN BAY,9,444303,-805122,1,89.7,2017-09-14 11:41:00,104,1.00,.00,,,0,17.470000,T EBT,TEMPERATURE EBT,DEG C,44.71750,-80.85611
201705002,2018-02-26 13:41:00,CCGS LIMNOS,GEORGIAN BAY,9,444303,-805122,1,89.7,2017-09-14 11:41:00,104,19.00,.00,,,0,16.280000,T EBT,TEMPERATURE EBT,DEG C,44.71750,-80.85611
201705002,2018-02-26 13:41:00,CCGS LIMNOS,GEORGIAN BAY,9,444303,-805122,1,89.7,2017-09-14 11:41:00,104,25.00,.00,,,0,9.270000,T EBT,TEMPERATURE EBT,DEG C,44.71750,-80.85611
201705002,2018-02-26 13:41:00,CCGS LIMNOS,GEORGIAN BAY,9,444303,-805122,1,89.7,2017-09-14 11:41:00,104,34.00,.00,,,0,6.070000,T EBT,TEMPERATURE EBT,DEG C,44.71750,-80.85611
201705002,2018-02-26 13:41:00,CCGS LIMNOS,GEORGIAN BAY,9,444303,-805122,1,89.7,2017-09-14 11:41:00,104,80.00,.00,,,0,4.190000,T EBT,TEMPERATURE EBT,DEG C,44.71750,-80.85611
201705002,2018-02-26 13:41:00,CCGS LIMNOS,GEORGIAN BAY,9,444303,-805122,1,89.7,2017-09-14 11:41:00,104,88.00,.00,,,0,4.100000,T EBT,TEMPERATURE EBT,DEG C,44.71750,-80.85611
201705002,2018-02-26 13:41:00,CCGS LIMNOS,GEORGIAN BAY,10,444329,-803701,3,34.36,2017-09-14 13:46:00,104,1.00,.00,,,0,18.140000,T EBT,TEMPERATURE EBT,DEG C,44.72472,-80.61694
201705002,2018-02-26 13:41:00,CCGS LIMNOS,GEORGIAN BAY,10,444329,-803701,3,34.36,2017-09-14 13:46:00,104,1.00,.00,,,1,18.140000,T EBT,TEMPERATURE EBT,DEG C,44.72472,-80.61694
201705002,2018-02-26 13:41:00,CCGS LIMNOS,GEORGIAN BAY,11,444411,-802606,6,87.05,2017-09-14 15:18:00,104,1.00,.00,,,0,18.120000,T EBT,TEMPERATURE EBT,DEG C,44.73639,-80.43500
201705002,2018-02-26 13:41:00,CCGS LIMNOS,GEORGIAN BAY,12,444746,-801436,5,58.89,2017-09-14 17:16:00,104,1.00,.00,,,0,18.350000,T EBT,TEMPERATURE EBT,DEG C,44.79611,-80.24333
201705002,2018-02-26 13:41:00,CCGS LIMNOS,GEORGIAN BAY,13,443844,-801002,4,57.57,2017-09-14 19:38:00,104,1.00,.00,,,0,18.880000,T EBT,TEMPERATURE EBT,DEG C,44.64556,-80.16722
201705002,2018-02-26 13:41:00,CCGS LIMNOS,GEORGIAN BAY,13,443844,-801002,4,57.57,2017-09-14 19:38:00,104,20.00,.00,,,0,17.650000,T EBT,TEMPERATURE EBT,DEG C,44.64556,-80.16722
201705002,2018-02-26 13:41:00,CCGS LIMNOS,GEORGIAN BAY,13,443844,-801002,4,57.57,2017-09-14 19:38:00,104,27.00,.00,,,0,10.600000,T EBT,TEMPERATURE EBT,DEG C,44.64556,-80.16722
201705002,2018-02-26 13:41:00,CCGS LIMNOS,GEORGIAN BAY,13,443844,-801002,4,57.57,2017-09-14 19:38:00,104,41.00,.00,,,0,5.160000,T EBT,TEMPERATURE EBT,DEG C,44.64556,-80.16722
201705002,2018-02-26 13:41:00,CCGS LIMNOS,GEORGIAN BAY,13,443844,-801002,4,57.57,2017-09-14 19:38:00,104,47.00,.00,,,0,5.020000,T EBT,TEMPERATURE EBT,DEG C,44.64556,-80.16722
201705002,2018-02-26 13:41:00,CCGS LIMNOS,GEORGIAN BAY,13,443844,-801002,4,57.57,2017-09-14 19:38:00,104,55.00,.00,,,0,4.730000,T EBT,TEMPERATURE EBT,DEG C,44.64556,-80.16722
201705002,2018-02-26 13:41:00,CCGS LIMNOS,GEORGIAN BAY,14,445216,-795809,9,30.11,2017-09-15 00:22:00,104,1.00,.00,,,0,19.460000,T EBT,TEMPERATURE EBT,DEG C,44.87111,-79.96917
201705002,2018-02-26 13:41:00,CCGS LIMNOS,GEORGIAN BAY,14,445216,-795809,9,30.11,2017-09-15 00:22:00,104,20.00,.00,,,0,16.840000,T EBT,TEMPERATURE EBT,DEG C,44.87111,-79.96917
201705002,2018-02-26 13:41:00,CCGS LIMNOS,GEORGIAN BAY,14,445216,-795809,9,30.11,2017-09-15 00:22:00,104,28.00,.00,,,0,13.530000,T EBT,TEMPERATURE EBT,DEG C,44.87111,-79.96917
201705002,2018-02-26 13:41:00,CCGS LIMNOS,GEORGIAN BAY,15,445709,-800856,8,50.79,2017-09-15 02:47:00,104,1.00,.00,,,0,18.840000,T EBT,TEMPERATURE EBT,DEG C,44.95250,-80.14889
201705002,2018-02-26 13:41:00,CCGS LIMNOS,GEORGIAN BAY,15,445709,-800856,8,50.79,2017-09-15 02:47:00,104,1.00,.00,,,1,18.840000,T EBT,TEMPERATURE EBT,DEG C,44.95250,-80.14889
201705002,2018-02-26 13:41:00,CCGS LIMNOS,GEORGIAN BAY,16,450959,-801749,15,46.62,2017-09-15 05:51:00,104,1.00,.00,,,0,18.390000,T EBT,TEMPERATURE EBT,DEG C,45.16639,-80.29694
201705002,2018-02-26 13:41:00,CCGS LIMNOS,GEORGIAN BAY,17,452112,-802908,16,19.01,2017-09-15 09:06:00,104,1.00,.00,,,0,18.070000,T EBT,TEMPERATURE EBT,DEG C,45.35333,-80.48556
201705002,2018-02-26 13:41:00,CCGS LIMNOS,GEORGIAN BAY,18,451930,-800658,122,94.89,2017-09-15 12:02:00,104,1.00,.00,,,0,19.800000,T EBT,TEMPERATURE EBT,DEG C,45.32500,-80.11611
201705002,2018-02-26 13:41:00,CCGS LIMNOS,GEORGIAN BAY,19,453456,-810459,29,42.78,2017-09-16 15:55:00,104,1.00,.00,,,0,18.330000,T EBT,TEMPERATURE EBT,DEG C,45.58222,-81.08306
201705002,2018-02-26 13:41:00,CCGS LIMNOS,GEORGIAN BAY,19,453456,-810459,29,42.78,2017-09-16 15:55:00,104,16.00,.00,,,0,16.910000,T EBT,TEMPERATURE EBT,DEG C,45.58222,-81.08306
201705002,2018-02-26 13:41:00,CCGS LIMNOS,GEORGIAN BAY,19,453456,-810459,29,42.78,2017-09-16 15:55:00,104,21.00,.00,,,0,11.180000,T EBT,TEMPERATURE EBT,DEG C,45.58222,-81.08306
201705002,2018-02-26 13:41:00,CCGS LIMNOS,GEORGIAN BAY,19,453456,-810459,29,42.78,2017-09-16 15:55:00,104,26.00,.00,,,0,5.840000,T EBT,TEMPERATURE EBT,DEG C,45.58222,-81.08306
201705002,2018-02-26 13:41:00,CCGS LIMNOS,GEORGIAN BAY,19,453456,-810459,29,42.78,2017-09-16 15:55:00,104,32.00,.00,,,0,5.270000,T EBT,TEMPERATURE EBT,DEG C,45.58222,-81.08306
201705002,2018-02-26 13:41:00,CCGS LIMNOS,GEORGIAN BAY,19,453456,-810459,29,42.78,2017-09-16 15:55:00,104,40.00,.00,,,0,5.150000,T EBT,TEMPERATURE EBT,DEG C,45.58222,-81.08306
201705002,2018-02-26 13:41:00,CCGS LIMNOS,GEORGIAN BAY,20,454042,-805022,24,40.01,2017-09-16 18:12:00,104,1.00,.00,,,0,18.800000,T EBT,TEMPERATURE EBT,DEG C,45.67833,-80.83944
201705002,2018-02-26 13:41:00,CCGS LIMNOS,GEORGIAN BAY,20,454042,-805022,24,40.01,2017-09-16 18:12:00,104,1.00,.00,,,1,18.800000,T EBT,TEMPERATURE EBT,DEG C,45.67833,-80.83944
201705002,2018-02-26 13:41:00,CCGS LIMNOS,GEORGIAN BAY,21,455000,-805357,26,20.11,2017-09-16 20:13:00,104,1.00,.00,,,0,18.820000,T EBT,TEMPERATURE EBT,DEG C,45.83333,-80.89917
201705002,2018-02-26 13:41:00,CCGS LIMNOS,GEORGIAN BAY,22,455156,-805957,27,17.72,2017-09-16 21:23:00,104,1.00,.00,,,0,19.030000,T EBT,TEMPERATURE EBT,DEG C,45.86556,-80.99917
201705002,2018-02-26 13:41:00,CCGS LIMNOS,GEORGIAN BAY,22,455156,-805957,27,17.72,2017-09-16 21:23:00,104,8.00,.00,,,0,17.460000,T EBT,TEMPERATURE EBT,DEG C,45.86556,-80.99917
201705002,2018-02-26 13:41:00,CCGS LIMNOS,GEORGIAN BAY,22,455156,-805957,27,17.72,2017-09-16 21:23:00,104,15.00,.00,,,0,16.850000,T EBT,TEMPERATURE EBT,DEG C,45.86556,-80.99917
201705002,2018-02-26 13:41:00,CCGS LIMNOS,GEORGIAN BAY,23,455223,-811531,39,28.28,2017-09-16 23:25:00,104,1.00,.00,,,0,18.610000,T EBT,TEMPERATURE EBT,DEG C,45.87306,-81.25861
201705002,2018-02-26 13:41:00,CCGS LIMNOS,GEORGIAN BAY,24,454230,-813710,36,52.89,2017-09-17 02:19:00,104,1.00,.00,,,0,17.890000,T EBT,TEMPERATURE EBT,DEG C,45.70833,-81.61944
201705002,2018-02-26 13:41:00,CCGS LIMNOS,GEORGIAN BAY,25,455445,-813539,42,29.5,2017-09-17 05:24:00,104,1.00,.00,,,0,18.420000,T EBT,TEMPERATURE EBT,DEG C,45.91250,-81.59417
201705002,2018-02-26 13:41:00,CCGS LIMNOS,GEORGIAN BAY,25,455445,-813539,42,29.5,2017-09-17 05:24:00,104,1.00,.00,,,1,18.420000,T EBT,TEMPERATURE EBT,DEG C,45.91250,-81.59417
201705002,2018-02-26 13:41:00,CCGS LIMNOS,GEORGIAN BAY,25,455445,-813539,42,29.5,2017-09-17 05:24:00,104,19.00,.00,,,0,12.230000,T EBT,TEMPERATURE EBT,DEG C,45.91250,-81.59417
201705002,2018-02-26 13:41:00,CCGS LIMNOS,GEORGIAN BAY,25,455445,-813539,42,29.5,2017-09-17 05:24:00,104,22.00,.00,,,0,11.030000,T EBT,TEMPERATURE EBT,DEG C,45.91250,-81.59417
201705002,2018-02-26 13:41:00,CCGS LIMNOS,GEORGIAN BAY,26,454546,-814745,46,19.2,2017-09-17 09:00:00,104,1.00,.00,,,0,18.070000,T EBT,TEMPERATURE EBT,DEG C,45.76278,-81.79583
201705001,2018-02-28 15:06:00,CCGS LIMNOS,GEORGIAN BAY,1,454543,-814744,46,18.30,2017-05-21 12:28:00,124,1.00,.00,,,0,91.000000,TRANS,TRANSPARENCY,PERCENT,45.76194,-81.79556
201705001,2018-02-28 15:06:00,CCGS LIMNOS,GEORGIAN BAY,2,455445,-813545,42,20.00,2017-05-21 14:33:00,124,1.00,.00,,,0,93.000000,TRANS,TRANSPARENCY,PERCENT,45.91250,-81.59583
201705001,2018-02-28 15:06:00,CCGS LIMNOS,GEORGIAN BAY,3,455226,-811533,39,27.50,2017-05-21 17:07:00,124,1.00,.00,,,0,92.000000,TRANS,TRANSPARENCY,PERCENT,45.87389,-81.25917
201705001,2018-02-28 15:06:00,CCGS LIMNOS,GEORGIAN BAY,4,455158,-810004,27,16.00,2017-05-21 18:42:00,124,1.00,.00,,,0,91.000000,TRANS,TRANSPARENCY,PERCENT,45.86611,-81.00111
201705001,2018-02-28 15:06:00,CCGS LIMNOS,GEORGIAN BAY,5,454957,-805402,26,20.52,2017-05-21 20:08:00,124,1.00,.00,,,0,92.000000,TRANS,TRANSPARENCY,PERCENT,45.83250,-80.90056
201705001,2018-02-28 15:06:00,CCGS LIMNOS,GEORGIAN BAY,6,454045,-805024,24,39.70,2017-05-21 21:46:00,124,1.00,.00,,,0,93.000000,TRANS,TRANSPARENCY,PERCENT,45.67917,-80.84000
201705001,2018-02-28 15:06:00,CCGS LIMNOS,GEORGIAN BAY,7,453504,-810454,29,41.90,2017-05-21 23:25:00,124,1.00,.00,,,0,93.000000,TRANS,TRANSPARENCY,PERCENT,45.58444,-81.08167
201705001,2018-02-28 15:06:00,CCGS LIMNOS,GEORGIAN BAY,8,452154,-811120,21,86.27,2017-05-22 02:06:00,124,1.00,.00,,,0,93.000000,TRANS,TRANSPARENCY,PERCENT,45.36500,-81.18889
201705001,2018-02-28 15:06:00,CCGS LIMNOS,GEORGIAN BAY,9,451442,-805229,17,77.50,2017-05-22 04:32:00,124,1.00,.00,,,0,94.000000,TRANS,TRANSPARENCY,PERCENT,45.24500,-80.87472
201705001,2018-02-28 15:06:00,CCGS LIMNOS,GEORGIAN BAY,10,452113,-802912,16,18.38,2017-05-22 14:25:00,124,1.00,.00,,,0,93.000000,TRANS,TRANSPARENCY,PERCENT,45.35361,-80.48667
201705001,2018-02-28 15:06:00,CCGS LIMNOS,GEORGIAN BAY,11,451928,-800703,122,94.00,2017-05-22 16:41:00,124,1.00,.00,,,0,87.000000,TRANS,TRANSPARENCY,PERCENT,45.32444,-80.11750
201705001,2018-02-28 15:06:00,CCGS LIMNOS,GEORGIAN BAY,12,451001,-801748,15,44.50,2017-05-22 22:41:00,124,1.00,.00,,,0,94.000000,TRANS,TRANSPARENCY,PERCENT,45.16694,-80.29667
201705001,2018-02-28 15:06:00,CCGS LIMNOS,GEORGIAN BAY,13,445711,-800859,8,50.57,2017-05-23 00:40:00,124,1.00,.00,,,0,93.000000,TRANS,TRANSPARENCY,PERCENT,44.95306,-80.14972
201705001,2018-02-28 15:06:00,CCGS LIMNOS,GEORGIAN BAY,14,445219,-795801,9,28.89,2017-05-23 02:10:00,124,1.00,.00,,,0,90.000000,TRANS,TRANSPARENCY,PERCENT,44.87194,-79.96694
201705001,2018-02-28 15:06:00,CCGS LIMNOS,GEORGIAN BAY,15,444749,-801440,5,57.50,2017-05-23 05:03:00,124,1.00,.00,,,0,90.000000,TRANS,TRANSPARENCY,PERCENT,44.79694,-80.24444
201705001,2018-02-28 15:06:00,CCGS LIMNOS,GEORGIAN BAY,16,443847,-801004,4,58.00,2017-05-23 06:33:00,124,1.00,.00,,,0,91.000000,TRANS,TRANSPARENCY,PERCENT,44.64639,-80.16778
201705001,2018-02-28 15:06:00,CCGS LIMNOS,GEORGIAN BAY,17,444414,-802604,6,85.93,2017-05-23 09:11:00,124,1.00,.00,,,0,93.000000,TRANS,TRANSPARENCY,PERCENT,44.73722,-80.43444
201705001,2018-02-28 15:06:00,CCGS LIMNOS,GEORGIAN BAY,18,444330,-803656,3,34.05,2017-05-23 10:38:00,124,1.00,.00,,,0,94.000000,TRANS,TRANSPARENCY,PERCENT,44.72500,-80.61556
201705001,2018-02-28 15:06:00,CCGS LIMNOS,GEORGIAN BAY,19,444306,-805120,1,89.30,2017-05-23 13:17:00,124,1.00,.00,,,0,92.000000,TRANS,TRANSPARENCY,PERCENT,44.71833,-80.85556
201705001,2018-02-28 15:06:00,CCGS LIMNOS,GEORGIAN BAY,20,445513,-803624,11,61.50,2017-05-23 17:16:00,124,1.00,.00,,,0,94.000000,TRANS,TRANSPARENCY,PERCENT,44.92028,-80.60667
201705001,2018-02-28 15:06:00,CCGS LIMNOS,GEORGIAN BAY,21,445512,-805224,12,87.90,2017-05-23 19:27:00,124,1.00,.00,,,0,93.000000,TRANS,TRANSPARENCY,PERCENT,44.92000,-80.87333
201705001,2018-02-28 15:06:00,CCGS LIMNOS,GEORGIAN BAY,22,450359,-811508,19,53.41,2017-05-23 22:43:00,124,1.00,.00,,,0,93.000000,TRANS,TRANSPARENCY,PERCENT,45.06639,-81.25222
201705001,2018-02-28 15:06:00,CCGS LIMNOS,GEORGIAN BAY,23,451421,-812625,31,71.68,2017-05-24 02:35:00,124,1.00,.00,,,0,94.000000,TRANS,TRANSPARENCY,PERCENT,45.23917,-81.44028
201705001,2018-02-28 15:06:00,CCGS LIMNOS,GEORGIAN BAY,24,452213,-813502,33,53.80,2017-05-24 04:03:00,124,1.00,.00,,,0,94.000000,TRANS,TRANSPARENCY,PERCENT,45.37028,-81.58389
201705002,2018-02-26 13:41:00,CCGS LIMNOS,GEORGIAN BAY,1,453140,-814010,35,35.29,2017-09-13 15:45:00,124,1.00,.00,,,0,94.000000,TRANS,TRANSPARENCY,PERCENT,45.52778,-81.66944
201705002,2018-02-26 13:41:00,CCGS LIMNOS,GEORGIAN BAY,2,452212,-813508,33,54.52,2017-09-13 17:29:00,124,1.00,.00,,,0,93.000000,TRANS,TRANSPARENCY,PERCENT,45.37000,-81.58556
201705002,2018-02-26 13:41:00,CCGS LIMNOS,GEORGIAN BAY,3,451419,-812628,31,64.75,2017-09-13 19:30:00,124,1.00,.00,,,0,95.000000,TRANS,TRANSPARENCY,PERCENT,45.23861,-81.44111
201705002,2018-02-26 13:41:00,CCGS LIMNOS,GEORGIAN BAY,4,452154,-811124,21,86.36,2017-09-13 22:54:00,124,1.00,.00,,,0,94.000000,TRANS,TRANSPARENCY,PERCENT,45.36500,-81.19000
201705002,2018-02-26 13:41:00,CCGS LIMNOS,GEORGIAN BAY,5,451438,-805228,17,77.87,2017-09-14 01:23:00,124,1.00,.00,,,0,93.000000,TRANS,TRANSPARENCY,PERCENT,45.24389,-80.87444
201705002,2018-02-26 13:41:00,CCGS LIMNOS,GEORGIAN BAY,6,450401,-811513,19,53.73,2017-09-14 04:33:00,124,1.00,.00,,,0,94.000000,TRANS,TRANSPARENCY,PERCENT,45.06694,-81.25361
201705002,2018-02-26 13:41:00,CCGS LIMNOS,GEORGIAN BAY,7,445512,-805230,12,88.49,2017-09-14 07:17:00,124,1.00,.00,,,0,95.000000,TRANS,TRANSPARENCY,PERCENT,44.92000,-80.87500
201705002,2018-02-26 13:41:00,CCGS LIMNOS,GEORGIAN BAY,8,445514,-803622,11,62.16,2017-09-14 09:18:00,124,1.00,.00,,,0,95.000000,TRANS,TRANSPARENCY,PERCENT,44.92056,-80.60611
201705002,2018-02-26 13:41:00,CCGS LIMNOS,GEORGIAN BAY,9,444303,-805122,1,89.7,2017-09-14 11:41:00,124,1.00,.00,,,0,95.000000,TRANS,TRANSPARENCY,PERCENT,44.71750,-80.85611
201705002,2018-02-26 13:41:00,CCGS LIMNOS,GEORGIAN BAY,10,444329,-803701,3,34.36,2017-09-14 13:46:00,124,1.00,.00,,,0,95.000000,TRANS,TRANSPARENCY,PERCENT,44.72472,-80.61694
201705002,2018-02-26 13:41:00,CCGS LIMNOS,GEORGIAN BAY,11,444411,-802606,6,87.05,2017-09-14 15:18:00,124,1.00,.00,,,0,95.000000,TRANS,TRANSPARENCY,PERCENT,44.73639,-80.43500
201705002,2018-02-26 13:41:00,CCGS LIMNOS,GEORGIAN BAY,12,444746,-801436,5,58.89,2017-09-14 17:16:00,124,1.00,.00,,,0,94.000000,TRANS,TRANSPARENCY,PERCENT,44.79611,-80.24333
201705002,2018-02-26 13:41:00,CCGS LIMNOS,GEORGIAN BAY,13,443844,-801002,4,57.57,2017-09-14 19:38:00,124,1.00,.00,,,0,94.000000,TRANS,TRANSPARENCY,PERCENT,44.64556,-80.16722
201705002,2018-02-26 13:41:00,CCGS LIMNOS,GEORGIAN BAY,14,445216,-795809,9,30.11,2017-09-15 00:22:00,124,1.00,.00,,,0,88.000000,TRANS,TRANSPARENCY,PERCENT,44.87111,-79.96917
201705002,2018-02-26 13:41:00,CCGS LIMNOS,GEORGIAN BAY,15,445709,-800856,8,50.79,2017-09-15 02:47:00,124,1.00,.00,,,0,94.000000,TRANS,TRANSPARENCY,PERCENT,44.95250,-80.14889
201705002,2018-02-26 13:41:00,CCGS LIMNOS,GEORGIAN BAY,16,450959,-801749,15,46.62,2017-09-15 05:51:00,124,1.00,.00,,,0,94.000000,TRANS,TRANSPARENCY,PERCENT,45.16639,-80.29694
201705002,2018-02-26 13:41:00,CCGS LIMNOS,GEORGIAN BAY,17,452112,-802908,16,19.01,2017-09-15 09:06:00,124,1.00,.00,,,0,94.000000,TRANS,TRANSPARENCY,PERCENT,45.35333,-80.48556
201705002,2018-02-26 13:41:00,CCGS LIMNOS,GEORGIAN BAY,18,451930,-800658,122,94.89,2017-09-15 12:02:00,124,1.00,.00,,,0,84.000000,TRANS,TRANSPARENCY,PERCENT,45.32500,-80.11611
201705002,2018-02-26 13:41:00,CCGS LIMNOS,GEORGIAN BAY,19,453456,-810459,29,42.78,2017-09-16 15:55:00,124,1.00,.00,,,0,94.000000,TRANS,TRANSPARENCY,PERCENT,45.58222,-81.08306
201705002,2018-02-26 13:41:00,CCGS LIMNOS,GEORGIAN BAY,20,454042,-805022,24,40.01,2017-09-16 18:12:00,124,1.00,.00,,,0,92.000000,TRANS,TRANSPARENCY,PERCENT,45.67833,-80.83944
201705002,2018-02-26 13:41:00,CCGS LIMNOS,GEORGIAN BAY,21,455000,-805357,26,20.11,2017-09-16 20:13:00,124,1.00,.00,,,0,91.000000,TRANS,TRANSPARENCY,PERCENT,45.83333,-80.89917
201705002,2018-02-26 13:41:00,CCGS LIMNOS,GEORGIAN BAY,22,455156,-805957,27,17.72,2017-09-16 21:23:00,124,1.00,.00,,,0,92.000000,TRANS,TRANSPARENCY,PERCENT,45.86556,-80.99917
201705002,2018-02-26 13:41:00,CCGS LIMNOS,GEORGIAN BAY,23,455223,-811531,39,28.28,2017-09-16 23:25:00,124,1.00,.00,,,0,92.000000,TRANS,TRANSPARENCY,PERCENT,45.87306,-81.25861
201705002,2018-02-26 13:41:00,CCGS LIMNOS,GEORGIAN BAY,24,454230,-813710,36,52.89,2017-09-17 02:19:00,124,1.00,.00,,,0,92.000000,TRANS,TRANSPARENCY,PERCENT,45.70833,-81.61944
201705002,2018-02-26 13:41:00,CCGS LIMNOS,GEORGIAN BAY,25,455445,-813539,42,29.5,2017-09-17 05:24:00,124,1.00,.00,,,0,89.000000,TRANS,TRANSPARENCY,PERCENT,45.91250,-81.59417
201705002,2018-02-26 13:41:00,CCGS LIMNOS,GEORGIAN BAY,26,454546,-814745,46,19.2,2017-09-17 09:00:00,124,1.00,.00,,,0,81.000000,TRANS,TRANSPARENCY,PERCENT,45.76278,-81.79583
201705001,2018-02-28 15:06:00,CCGS LIMNOS,GEORGIAN BAY,1,454543,-814744,46,18.30,2017-05-21 12:28:00,160,1.00,.00,,,0,188.600000,CON 25,SPECIFIC CONDUCTANCE 25 DEG. C,USIEMENS,45.76194,-81.79556
201705001,2018-02-28 15:06:00,CCGS LIMNOS,GEORGIAN BAY,2,455445,-813545,42,20.00,2017-05-21 14:33:00,160,1.00,.00,,,0,183.600000,CON 25,SPECIFIC CONDUCTANCE 25 DEG. C,USIEMENS,45.91250,-81.59583
201705001,2018-02-28 15:06:00,CCGS LIMNOS,GEORGIAN BAY,2,455445,-813545,42,20.00,2017-05-21 14:33:00,160,10.00,.00,,,0,184.600000,CON 25,SPECIFIC CONDUCTANCE 25 DEG. C,USIEMENS,45.91250,-81.59583
201705001,2018-02-28 15:06:00,CCGS LIMNOS,GEORGIAN BAY,2,455445,-813545,42,20.00,2017-05-21 14:33:00,160,18.00,.00,,,0,181.300000,CON 25,SPECIFIC CONDUCTANCE 25 DEG. C,USIEMENS,45.91250,-81.59583
201705001,2018-02-28 15:06:00,CCGS LIMNOS,GEORGIAN BAY,3,455226,-811533,39,27.50,2017-05-21 17:07:00,160,1.00,.00,,,0,186.300000,CON 25,SPECIFIC CONDUCTANCE 25 DEG. C,USIEMENS,45.87389,-81.25917
201705001,2018-02-28 15:06:00,CCGS LIMNOS,GEORGIAN BAY,4,455158,-810004,27,16.00,2017-05-21 18:42:00,160,1.00,.00,,,0,156.700000,CON 25,SPECIFIC CONDUCTANCE 25 DEG. C,USIEMENS,45.86611,-81.00111
201705001,2018-02-28 15:06:00,CCGS LIMNOS,GEORGIAN BAY,4,455158,-810004,27,16.00,2017-05-21 18:42:00,160,14.00,.00,,,0,156.100000,CON 25,SPECIFIC CONDUCTANCE 25 DEG. C,USIEMENS,45.86611,-81.00111
201705001,2018-02-28 15:06:00,CCGS LIMNOS,GEORGIAN BAY,5,454957,-805402,26,20.52,2017-05-21 20:08:00,160,1.00,.00,,,0,172.000000,CON 25,SPECIFIC CONDUCTANCE 25 DEG. C,USIEMENS,45.83250,-80.90056
201705001,2018-02-28 15:06:00,CCGS LIMNOS,GEORGIAN BAY,5,454957,-805402,26,20.52,2017-05-21 20:08:00,160,1.00,.00,,,1,172.900000,CON 25,SPECIFIC CONDUCTANCE 25 DEG. C,USIEMENS,45.83250,-80.90056
201705001,2018-02-28 15:06:00,CCGS LIMNOS,GEORGIAN BAY,6,454045,-805024,24,39.70,2017-05-21 21:46:00,160,1.00,.00,,,0,198.000000,CON 25,SPECIFIC CONDUCTANCE 25 DEG. C,USIEMENS,45.67917,-80.84000
201705001,2018-02-28 15:06:00,CCGS LIMNOS,GEORGIAN BAY,7,453504,-810454,29,41.90,2017-05-21 23:25:00,160,1.00,.00,,,0,195.900000,CON 25,SPECIFIC CONDUCTANCE 25 DEG. C,USIEMENS,45.58444,-81.08167
201705001,2018-02-28 15:06:00,CCGS LIMNOS,GEORGIAN BAY,7,453504,-810454,29,41.90,2017-05-21 23:25:00,160,32.00,.00,,,0,191.200000,CON 25,SPECIFIC CONDUCTANCE 25 DEG. C,USIEMENS,45.58444,-81.08167
201705001,2018-02-28 15:06:00,CCGS LIMNOS,GEORGIAN BAY,7,453504,-810454,29,41.90,2017-05-21 23:25:00,160,40.00,.00,,,0,192.400000,CON 25,SPECIFIC CONDUCTANCE 25 DEG. C,USIEMENS,45.58444,-81.08167
201705001,2018-02-28 15:06:00,CCGS LIMNOS,GEORGIAN BAY,8,452154,-811120,21,86.27,2017-05-22 02:06:00,160,1.00,.00,,,0,192.900000,CON 25,SPECIFIC CONDUCTANCE 25 DEG. C,USIEMENS,45.36500,-81.18889
201705001,2018-02-28 15:06:00,CCGS LIMNOS,GEORGIAN BAY,9,451442,-805229,17,77.50,2017-05-22 04:32:00,160,1.00,.00,,,0,199.400000,CON 25,SPECIFIC CONDUCTANCE 25 DEG. C,USIEMENS,45.24500,-80.87472
201705001,2018-02-28 15:06:00,CCGS LIMNOS,GEORGIAN BAY,9,451442,-805229,17,77.50,2017-05-22 04:32:00,160,50.00,.00,,,0,199.900000,CON 25,SPECIFIC CONDUCTANCE 25 DEG. C,USIEMENS,45.24500,-80.87472
201705001,2018-02-28 15:06:00,CCGS LIMNOS,GEORGIAN BAY,9,451442,-805229,17,77.50,2017-05-22 04:32:00,160,67.00,.00,,,0,199.500000,CON 25,SPECIFIC CONDUCTANCE 25 DEG. C,USIEMENS,45.24500,-80.87472
201705001,2018-02-28 15:06:00,CCGS LIMNOS,GEORGIAN BAY,9,451442,-805229,17,77.50,2017-05-22 04:32:00,160,75.00,.00,,,0,197.900000,CON 25,SPECIFIC CONDUCTANCE 25 DEG. C,USIEMENS,45.24500,-80.87472
201705001,2018-02-28 15:06:00,CCGS LIMNOS,GEORGIAN BAY,10,452113,-802912,16,18.38,2017-05-22 14:25:00,160,1.00,.00,,,0,184.000000,CON 25,SPECIFIC CONDUCTANCE 25 DEG. C,USIEMENS,45.35361,-80.48667
201705001,2018-02-28 15:06:00,CCGS LIMNOS,GEORGIAN BAY,10,452113,-802912,16,18.38,2017-05-22 14:25:00,160,1.00,.00,,,1,189.400000,CON 25,SPECIFIC CONDUCTANCE 25 DEG. C,USIEMENS,45.35361,-80.48667
201705001,2018-02-28 15:06:00,CCGS LIMNOS,GEORGIAN BAY,11,451928,-800703,122,94.00,2017-05-22 16:41:00,160,1.00,.00,,,0,123.300000,CON 25,SPECIFIC CONDUCTANCE 25 DEG. C,USIEMENS,45.32444,-80.11750
201705001,2018-02-28 15:06:00,CCGS LIMNOS,GEORGIAN BAY,12,451001,-801748,15,44.50,2017-05-22 22:41:00,160,1.00,.00,,,0,188.800000,CON 25,SPECIFIC CONDUCTANCE 25 DEG. C,USIEMENS,45.16694,-80.29667
201705001,2018-02-28 15:06:00,CCGS LIMNOS,GEORGIAN BAY,13,445711,-800859,8,50.57,2017-05-23 00:40:00,160,1.00,.00,,,0,182.600000,CON 25,SPECIFIC CONDUCTANCE 25 DEG. C,USIEMENS,44.95306,-80.14972
201705001,2018-02-28 15:06:00,CCGS LIMNOS,GEORGIAN BAY,14,445219,-795801,9,28.89,2017-05-23 02:10:00,160,1.00,.00,,,0,136.500000,CON 25,SPECIFIC CONDUCTANCE 25 DEG. C,USIEMENS,44.87194,-79.96694
201705001,2018-02-28 15:06:00,CCGS LIMNOS,GEORGIAN BAY,14,445219,-795801,9,28.89,2017-05-23 02:10:00,160,18.00,.00,,,0,186.500000,CON 25,SPECIFIC CONDUCTANCE 25 DEG. C,USIEMENS,44.87194,-79.96694
201705001,2018-02-28 15:06:00,CCGS LIMNOS,GEORGIAN BAY,14,445219,-795801,9,28.89,2017-05-23 02:10:00,160,26.00,.00,,,0,185.100000,CON 25,SPECIFIC CONDUCTANCE 25 DEG. C,USIEMENS,44.87194,-79.96694
201705001,2018-02-28 15:06:00,CCGS LIMNOS,GEORGIAN BAY,15,444749,-801440,5,57.50,2017-05-23 05:03:00,160,1.00,.00,,,0,214.500000,CON 25,SPECIFIC CONDUCTANCE 25 DEG. C,USIEMENS,44.79694,-80.24444
201705001,2018-02-28 15:06:00,CCGS LIMNOS,GEORGIAN BAY,15,444749,-801440,5,57.50,2017-05-23 05:03:00,160,1.00,.00,,,1,215.100000,CON 25,SPECIFIC CONDUCTANCE 25 DEG. C,USIEMENS,44.79694,-80.24444
201705001,2018-02-28 15:06:00,CCGS LIMNOS,GEORGIAN BAY,16,443847,-801004,4,58.00,2017-05-23 06:33:00,160,1.00,.00,,,0,201.000000,CON 25,SPECIFIC CONDUCTANCE 25 DEG. C,USIEMENS,44.64639,-80.16778
201705001,2018-02-28 15:06:00,CCGS LIMNOS,GEORGIAN BAY,16,443847,-801004,4,58.00,2017-05-23 06:33:00,160,48.00,.00,,,0,201.600000,CON 25,SPECIFIC CONDUCTANCE 25 DEG. C,USIEMENS,44.64639,-80.16778
201705001,2018-02-28 15:06:00,CCGS LIMNOS,GEORGIAN BAY,16,443847,-801004,4,58.00,2017-05-23 06:33:00,160,56.00,.00,,,0,198.700000,CON 25,SPECIFIC CONDUCTANCE 25 DEG. C,USIEMENS,44.64639,-80.16778
201705001,2018-02-28 15:06:00,CCGS LIMNOS,GEORGIAN BAY,17,444414,-802604,6,85.93,2017-05-23 09:11:00,160,1.00,.00,,,0,198.700000,CON 25,SPECIFIC CONDUCTANCE 25 DEG. C,USIEMENS,44.73722,-80.43444
201705001,2018-02-28 15:06:00,CCGS LIMNOS,GEORGIAN BAY,18,444330,-803656,3,34.05,2017-05-23 10:38:00,160,1.00,.00,,,0,198.300000,CON 25,SPECIFIC CONDUCTANCE 25 DEG. C,USIEMENS,44.72500,-80.61556
201705001,2018-02-28 15:06:00,CCGS LIMNOS,GEORGIAN BAY,19,444306,-805120,1,89.30,2017-05-23 13:17:00,160,1.00,.00,,,0,184.800000,CON 25,SPECIFIC CONDUCTANCE 25 DEG. C,USIEMENS,44.71833,-80.85556
201705001,2018-02-28 15:06:00,CCGS LIMNOS,GEORGIAN BAY,19,444306,-805120,1,89.30,2017-05-23 13:17:00,160,50.00,.00,,,0,194.200000,CON 25,SPECIFIC CONDUCTANCE 25 DEG. C,USIEMENS,44.71833,-80.85556
201705001,2018-02-28 15:06:00,CCGS LIMNOS,GEORGIAN BAY,19,444306,-805120,1,89.30,2017-05-23 13:17:00,160,79.00,.00,,,0,200.900000,CON 25,SPECIFIC CONDUCTANCE 25 DEG. C,USIEMENS,44.71833,-80.85556
201705001,2018-02-28 15:06:00,CCGS LIMNOS,GEORGIAN BAY,19,444306,-805120,1,89.30,2017-05-23 13:17:00,160,87.00,.00,,,0,192.400000,CON 25,SPECIFIC CONDUCTANCE 25 DEG. C,USIEMENS,44.71833,-80.85556
201705001,2018-02-28 15:06:00,CCGS LIMNOS,GEORGIAN BAY,20,445513,-803624,11,61.50,2017-05-23 17:16:00,160,1.00,.00,,,0,199.000000,CON 25,SPECIFIC CONDUCTANCE 25 DEG. C,USIEMENS,44.92028,-80.60667
201705001,2018-02-28 15:06:00,CCGS LIMNOS,GEORGIAN BAY,20,445513,-803624,11,61.50,2017-05-23 17:16:00,160,1.00,.00,,,1,199.600000,CON 25,SPECIFIC CONDUCTANCE 25 DEG. C,USIEMENS,44.92028,-80.60667
201705001,2018-02-28 15:06:00,CCGS LIMNOS,GEORGIAN BAY,21,445512,-805224,12,87.90,2017-05-23 19:27:00,160,1.00,.00,,,0,200.000000,CON 25,SPECIFIC CONDUCTANCE 25 DEG. C,USIEMENS,44.92000,-80.87333
201705001,2018-02-28 15:06:00,CCGS LIMNOS,GEORGIAN BAY,22,450359,-811508,19,53.41,2017-05-23 22:43:00,160,1.00,.00,,,0,199.300000,CON 25,SPECIFIC CONDUCTANCE 25 DEG. C,USIEMENS,45.06639,-81.25222
201705001,2018-02-28 15:06:00,CCGS LIMNOS,GEORGIAN BAY,23,451421,-812625,31,71.68,2017-05-24 02:35:00,160,1.00,.00,,,0,189.300000,CON 25,SPECIFIC CONDUCTANCE 25 DEG. C,USIEMENS,45.23917,-81.44028
201705001,2018-02-28 15:06:00,CCGS LIMNOS,GEORGIAN BAY,24,452213,-813502,33,53.80,2017-05-24 04:03:00,160,1.00,.00,,,0,199.600000,CON 25,SPECIFIC CONDUCTANCE 25 DEG. C,USIEMENS,45.37028,-81.58389
201705001,2018-02-28 15:06:00,CCGS LIMNOS,GEORGIAN BAY,24,452213,-813502,33,53.80,2017-05-24 04:03:00,160,43.00,.00,,,0,199.800000,CON 25,SPECIFIC CONDUCTANCE 25 DEG. C,USIEMENS,45.37028,-81.58389
201705001,2018-02-28 15:06:00,CCGS LIMNOS,GEORGIAN BAY,24,452213,-813502,33,53.80,2017-05-24 04:03:00,160,51.00,.00,,,0,200.200000,CON 25,SPECIFIC CONDUCTANCE 25 DEG. C,USIEMENS,45.37028,-81.58389
201705002,2018-02-26 13:41:00,CCGS LIMNOS,GEORGIAN BAY,1,453140,-814010,35,35.29,2017-09-13 15:45:00,160,1.00,.00,,,0,189.400000,CON 25,SPECIFIC CONDUCTANCE 25 DEG. C,USIEMENS,45.52778,-81.66944
201705002,2018-02-26 13:41:00,CCGS LIMNOS,GEORGIAN BAY,2,452212,-813508,33,54.52,2017-09-13 17:29:00,160,1.00,.00,,,0,184.300000,CON 25,SPECIFIC CONDUCTANCE 25 DEG. C,USIEMENS,45.37000,-81.58556
201705002,2018-02-26 13:41:00,CCGS LIMNOS,GEORGIAN BAY,2,452212,-813508,33,54.52,2017-09-13 17:29:00,160,12.00,.00,,,0,186.200000,CON 25,SPECIFIC CONDUCTANCE 25 DEG. C,USIEMENS,45.37000,-81.58556
201705002,2018-02-26 13:41:00,CCGS LIMNOS,GEORGIAN BAY,2,452212,-813508,33,54.52,2017-09-13 17:29:00,160,20.00,.00,,,0,189.800000,CON 25,SPECIFIC CONDUCTANCE 25 DEG. C,USIEMENS,45.37000,-81.58556
201705002,2018-02-26 13:41:00,CCGS LIMNOS,GEORGIAN BAY,2,452212,-813508,33,54.52,2017-09-13 17:29:00,160,30.00,.00,,,0,192.000000,CON 25,SPECIFIC CONDUCTANCE 25 DEG. C,USIEMENS,45.37000,-81.58556
201705002,2018-02-26 13:41:00,CCGS LIMNOS,GEORGIAN BAY,2,452212,-813508,33,54.52,2017-09-13 17:29:00,160,44.00,.00,,,0,194.700000,CON 25,SPECIFIC CONDUCTANCE 25 DEG. C,USIEMENS,45.37000,-81.58556
201705002,2018-02-26 13:41:00,CCGS LIMNOS,GEORGIAN BAY,2,452212,-813508,33,54.52,2017-09-13 17:29:00,160,52.00,.00,,,0,191.800000,CON 25,SPECIFIC CONDUCTANCE 25 DEG. C,USIEMENS,45.37000,-81.58556
201705002,2018-02-26 13:41:00,CCGS LIMNOS,GEORGIAN BAY,3,451419,-812628,31,64.75,2017-09-13 19:30:00,160,1.00,.00,,,0,190.200000,CON 25,SPECIFIC CONDUCTANCE 25 DEG. C,USIEMENS,45.23861,-81.44111
201705002,2018-02-26 13:41:00,CCGS LIMNOS,GEORGIAN BAY,4,452154,-811124,21,86.36,2017-09-13 22:54:00,160,1.00,.00,,,0,188.800000,CON 25,SPECIFIC CONDUCTANCE 25 DEG. C,USIEMENS,45.36500,-81.19000
201705002,2018-02-26 13:41:00,CCGS LIMNOS,GEORGIAN BAY,5,451438,-805228,17,77.87,2017-09-14 01:23:00,160,1.00,.00,,,0,180.400000,CON 25,SPECIFIC CONDUCTANCE 25 DEG. C,USIEMENS,45.24389,-80.87444
201705002,2018-02-26 13:41:00,CCGS LIMNOS,GEORGIAN BAY,5,451438,-805228,17,77.87,2017-09-14 01:23:00,160,1.00,.00,,,1,180.400000,CON 25,SPECIFIC CONDUCTANCE 25 DEG. C,USIEMENS,45.24389,-80.87444
201705002,2018-02-26 13:41:00,CCGS LIMNOS,GEORGIAN BAY,5,451438,-805228,17,77.87,2017-09-14 01:23:00,160,20.00,.00,,,0,181.300000,CON 25,SPECIFIC CONDUCTANCE 25 DEG. C,USIEMENS,45.24389,-80.87444
201705002,2018-02-26 13:41:00,CCGS LIMNOS,GEORGIAN BAY,5,451438,-805228,17,77.87,2017-09-14 01:23:00,160,27.00,.00,,,0,193.000000,CON 25,SPECIFIC CONDUCTANCE 25 DEG. C,USIEMENS,45.24389,-80.87444
201705002,2018-02-26 13:41:00,CCGS LIMNOS,GEORGIAN BAY,5,451438,-805228,17,77.87,2017-09-14 01:23:00,160,41.00,.00,,,0,194.900000,CON 25,SPECIFIC CONDUCTANCE 25 DEG. C,USIEMENS,45.24389,-80.87444
201705002,2018-02-26 13:41:00,CCGS LIMNOS,GEORGIAN BAY,5,451438,-805228,17,77.87,2017-09-14 01:23:00,160,68.00,.00,,,0,194.900000,CON 25,SPECIFIC CONDUCTANCE 25 DEG. C,USIEMENS,45.24389,-80.87444
201705002,2018-02-26 13:41:00,CCGS LIMNOS,GEORGIAN BAY,5,451438,-805228,17,77.87,2017-09-14 01:23:00,160,76.00,.00,,,0,193.700000,CON 25,SPECIFIC CONDUCTANCE 25 DEG. C,USIEMENS,45.24389,-80.87444
201705002,2018-02-26 13:41:00,CCGS LIMNOS,GEORGIAN BAY,6,450401,-811513,19,53.73,2017-09-14 04:33:00,160,1.00,.00,,,0,189.700000,CON 25,SPECIFIC CONDUCTANCE 25 DEG. C,USIEMENS,45.06694,-81.25361
201705002,2018-02-26 13:41:00,CCGS LIMNOS,GEORGIAN BAY,7,445512,-805230,12,88.49,2017-09-14 07:17:00,160,1.00,.00,,,0,191.300000,CON 25,SPECIFIC CONDUCTANCE 25 DEG. C,USIEMENS,44.92000,-80.87500
201705002,2018-02-26 13:41:00,CCGS LIMNOS,GEORGIAN BAY,8,445514,-803622,11,62.16,2017-09-14 09:18:00,160,1.00,.00,,,0,192.300000,CON 25,SPECIFIC CONDUCTANCE 25 DEG. C,USIEMENS,44.92056,-80.60611
201705002,2018-02-26 13:41:00,CCGS LIMNOS,GEORGIAN BAY,9,444303,-805122,1,89.7,2017-09-14 11:41:00,160,1.00,.00,,,0,191.200000,CON 25,SPECIFIC CONDUCTANCE 25 DEG. C,USIEMENS,44.71750,-80.85611
201705002,2018-02-26 13:41:00,CCGS LIMNOS,GEORGIAN BAY,9,444303,-805122,1,89.7,2017-09-14 11:41:00,160,19.00,.00,,,0,191.800000,CON 25,SPECIFIC CONDUCTANCE 25 DEG. C,USIEMENS,44.71750,-80.85611
201705002,2018-02-26 13:41:00,CCGS LIMNOS,GEORGIAN BAY,9,444303,-805122,1,89.7,2017-09-14 11:41:00,160,25.00,.00,,,0,192.200000,CON 25,SPECIFIC CONDUCTANCE 25 DEG. C,USIEMENS,44.71750,-80.85611
201705002,2018-02-26 13:41:00,CCGS LIMNOS,GEORGIAN BAY,9,444303,-805122,1,89.7,2017-09-14 11:41:00,160,34.00,.00,,,0,191.800000,CON 25,SPECIFIC CONDUCTANCE 25 DEG. C,USIEMENS,44.71750,-80.85611
201705002,2018-02-26 13:41:00,CCGS LIMNOS,GEORGIAN BAY,9,444303,-805122,1,89.7,2017-09-14 11:41:00,160,80.00,.00,,,0,195.700000,CON 25,SPECIFIC CONDUCTANCE 25 DEG. C,USIEMENS,44.71750,-80.85611
201705002,2018-02-26 13:41:00,CCGS LIMNOS,GEORGIAN BAY,9,444303,-805122,1,89.7,2017-09-14 11:41:00,160,88.00,.00,,,0,195.300000,CON 25,SPECIFIC CONDUCTANCE 25 DEG. C,USIEMENS,44.71750,-80.85611
201705002,2018-02-26 13:41:00,CCGS LIMNOS,GEORGIAN BAY,10,444329,-803701,3,34.36,2017-09-14 13:46:00,160,1.00,.00,,,0,191.400000,CON 25,SPECIFIC CONDUCTANCE 25 DEG. C,USIEMENS,44.72472,-80.61694
201705002,2018-02-26 13:41:00,CCGS LIMNOS,GEORGIAN BAY,10,444329,-803701,3,34.36,2017-09-14 13:46:00,160,1.00,.00,,,1,191.600000,CON 25,SPECIFIC CONDUCTANCE 25 DEG. C,USIEMENS,44.72472,-80.61694
201705002,2018-02-26 13:41:00,CCGS LIMNOS,GEORGIAN BAY,11,444411,-802606,6,87.05,2017-09-14 15:18:00,160,1.00,.00,,,0,192.700000,CON 25,SPECIFIC CONDUCTANCE 25 DEG. C,USIEMENS,44.73639,-80.43500
201705002,2018-02-26 13:41:00,CCGS LIMNOS,GEORGIAN BAY,12,444746,-801436,5,58.89,2017-09-14 17:16:00,160,1.00,.00,,,0,192.600000,CON 25,SPECIFIC CONDUCTANCE 25 DEG. C,USIEMENS,44.79611,-80.24333
201705002,2018-02-26 13:41:00,CCGS LIMNOS,GEORGIAN BAY,13,443844,-801002,4,57.57,2017-09-14 19:38:00,160,1.00,.00,,,0,191.900000,CON 25,SPECIFIC CONDUCTANCE 25 DEG. C,USIEMENS,44.64556,-80.16722
201705002,2018-02-26 13:41:00,CCGS LIMNOS,GEORGIAN BAY,13,443844,-801002,4,57.57,2017-09-14 19:38:00,160,20.00,.00,,,0,191.700000,CON 25,SPECIFIC CONDUCTANCE 25 DEG. C,USIEMENS,44.64556,-80.16722
201705002,2018-02-26 13:41:00,CCGS LIMNOS,GEORGIAN BAY,13,443844,-801002,4,57.57,2017-09-14 19:38:00,160,27.00,.00,,,0,191.500000,CON 25,SPECIFIC CONDUCTANCE 25 DEG. C,USIEMENS,44.64556,-80.16722
201705002,2018-02-26 13:41:00,CCGS LIMNOS,GEORGIAN BAY,13,443844,-801002,4,57.57,2017-09-14 19:38:00,160,41.00,.00,,,0,197.900000,CON 25,SPECIFIC CONDUCTANCE 25 DEG. C,USIEMENS,44.64556,-80.16722
201705002,2018-02-26 13:41:00,CCGS LIMNOS,GEORGIAN BAY,13,443844,-801002,4,57.57,2017-09-14 19:38:00,160,47.00,.00,,,0,197.700000,CON 25,SPECIFIC CONDUCTANCE 25 DEG. C,USIEMENS,44.64556,-80.16722
201705002,2018-02-26 13:41:00,CCGS LIMNOS,GEORGIAN BAY,13,443844,-801002,4,57.57,2017-09-14 19:38:00,160,55.00,.00,,,0,197.000000,CON 25,SPECIFIC CONDUCTANCE 25 DEG. C,USIEMENS,44.64556,-80.16722
201705002,2018-02-26 13:41:00,CCGS LIMNOS,GEORGIAN BAY,14,445216,-795809,9,30.11,2017-09-15 00:22:00,160,1.00,.00,,,0,185.500000,CON 25,SPECIFIC CONDUCTANCE 25 DEG. C,USIEMENS,44.87111,-79.96917
201705002,2018-02-26 13:41:00,CCGS LIMNOS,GEORGIAN BAY,14,445216,-795809,9,30.11,2017-09-15 00:22:00,160,20.00,.00,,,0,189.000000,CON 25,SPECIFIC CONDUCTANCE 25 DEG. C,USIEMENS,44.87111,-79.96917
201705002,2018-02-26 13:41:00,CCGS LIMNOS,GEORGIAN BAY,14,445216,-795809,9,30.11,2017-09-15 00:22:00,160,28.00,.00,,,0,191.700000,CON 25,SPECIFIC CONDUCTANCE 25 DEG. C,USIEMENS,44.87111,-79.96917
201705002,2018-02-26 13:41:00,CCGS LIMNOS,GEORGIAN BAY,15,445709,-800856,8,50.79,2017-09-15 02:47:00,160,1.00,.00,,,0,191.000000,CON 25,SPECIFIC CONDUCTANCE 25 DEG. C,USIEMENS,44.95250,-80.14889
201705002,2018-02-26 13:41:00,CCGS LIMNOS,GEORGIAN BAY,15,445709,-800856,8,50.79,2017-09-15 02:47:00,160,1.00,.00,,,1,191.100000,CON 25,SPECIFIC CONDUCTANCE 25 DEG. C,USIEMENS,44.95250,-80.14889
201705002,2018-02-26 13:41:00,CCGS LIMNOS,GEORGIAN BAY,16,450959,-801749,15,46.62,2017-09-15 05:51:00,160,1.00,.00,,,0,190.400000,CON 25,SPECIFIC CONDUCTANCE 25 DEG. C,USIEMENS,45.16639,-80.29694
201705002,2018-02-26 13:41:00,CCGS LIMNOS,GEORGIAN BAY,17,452112,-802908,16,19.01,2017-09-15 09:06:00,160,1.00,.00,,,0,190.800000,CON 25,SPECIFIC CONDUCTANCE 25 DEG. C,USIEMENS,45.35333,-80.48556
201705002,2018-02-26 13:41:00,CCGS LIMNOS,GEORGIAN BAY,18,451930,-800658,122,94.89,2017-09-15 12:02:00,160,1.00,.00,,,0,132.900000,CON 25,SPECIFIC CONDUCTANCE 25 DEG. C,USIEMENS,45.32500,-80.11611
201705002,2018-02-26 13:41:00,CCGS LIMNOS,GEORGIAN BAY,19,453456,-810459,29,42.78,2017-09-16 15:55:00,160,1.00,.00,,,0,189.400000,CON 25,SPECIFIC CONDUCTANCE 25 DEG. C,USIEMENS,45.58222,-81.08306
201705002,2018-02-26 13:41:00,CCGS LIMNOS,GEORGIAN BAY,19,453456,-810459,29,42.78,2017-09-16 15:55:00,160,16.00,.00,,,0,189.500000,CON 25,SPECIFIC CONDUCTANCE 25 DEG. C,USIEMENS,45.58222,-81.08306
201705002,2018-02-26 13:41:00,CCGS LIMNOS,GEORGIAN BAY,19,453456,-810459,29,42.78,2017-09-16 15:55:00,160,21.00,.00,,,0,188.000000,CON 25,SPECIFIC CONDUCTANCE 25 DEG. C,USIEMENS,45.58222,-81.08306
201705002,2018-02-26 13:41:00,CCGS LIMNOS,GEORGIAN BAY,19,453456,-810459,29,42.78,2017-09-16 15:55:00,160,26.00,.00,,,0,189.100000,CON 25,SPECIFIC CONDUCTANCE 25 DEG. C,USIEMENS,45.58222,-81.08306
201705002,2018-02-26 13:41:00,CCGS LIMNOS,GEORGIAN BAY,19,453456,-810459,29,42.78,2017-09-16 15:55:00,160,32.00,.00,,,0,191.600000,CON 25,SPECIFIC CONDUCTANCE 25 DEG. C,USIEMENS,45.58222,-81.08306
201705002,2018-02-26 13:41:00,CCGS LIMNOS,GEORGIAN BAY,19,453456,-810459,29,42.78,2017-09-16 15:55:00,160,40.00,.00,,,0,192.200000,CON 25,SPECIFIC CONDUCTANCE 25 DEG. C,USIEMENS,45.58222,-81.08306
201705002,2018-02-26 13:41:00,CCGS LIMNOS,GEORGIAN BAY,20,454042,-805022,24,40.01,2017-09-16 18:12:00,160,1.00,.00,,,0,183.500000,CON 25,SPECIFIC CONDUCTANCE 25 DEG. C,USIEMENS,45.67833,-80.83944
201705002,2018-02-26 13:41:00,CCGS LIMNOS,GEORGIAN BAY,20,454042,-805022,24,40.01,2017-09-16 18:12:00,160,1.00,.00,,,1,183.500000,CON 25,SPECIFIC CONDUCTANCE 25 DEG. C,USIEMENS,45.67833,-80.83944
201705002,2018-02-26 13:41:00,CCGS LIMNOS,GEORGIAN BAY,21,455000,-805357,26,20.11,2017-09-16 20:13:00,160,1.00,.00,,,0,174.600000,CON 25,SPECIFIC CONDUCTANCE 25 DEG. C,USIEMENS,45.83333,-80.89917
201705002,2018-02-26 13:41:00,CCGS LIMNOS,GEORGIAN BAY,22,455156,-805957,27,17.72,2017-09-16 21:23:00,160,1.00,.00,,,0,181.000000,CON 25,SPECIFIC CONDUCTANCE 25 DEG. C,USIEMENS,45.86556,-80.99917
201705002,2018-02-26 13:41:00,CCGS LIMNOS,GEORGIAN BAY,22,455156,-805957,27,17.72,2017-09-16 21:23:00,160,8.00,.00,,,0,168.300000,CON 25,SPECIFIC CONDUCTANCE 25 DEG. C,USIEMENS,45.86556,-80.99917
201705002,2018-02-26 13:41:00,CCGS LIMNOS,GEORGIAN BAY,22,455156,-805957,27,17.72,2017-09-16 21:23:00,160,15.00,.00,,,0,161.600000,CON 25,SPECIFIC CONDUCTANCE 25 DEG. C,USIEMENS,45.86556,-80.99917
201705002,2018-02-26 13:41:00,CCGS LIMNOS,GEORGIAN BAY,23,455223,-811531,39,28.28,2017-09-16 23:25:00,160,1.00,.00,,,0,181.100000,CON 25,SPECIFIC CONDUCTANCE 25 DEG. C,USIEMENS,45.87306,-81.25861
201705002,2018-02-26 13:41:00,CCGS LIMNOS,GEORGIAN BAY,24,454230,-813710,36,52.89,2017-09-17 02:19:00,160,1.00,.00,,,0,183.400000,CON 25,SPECIFIC CONDUCTANCE 25 DEG. C,USIEMENS,45.70833,-81.61944
201705002,2018-02-26 13:41:00,CCGS LIMNOS,GEORGIAN BAY,25,455445,-813539,42,29.5,2017-09-17 05:24:00,160,1.00,.00,,,0,181.300000,CON 25,SPECIFIC CONDUCTANCE 25 DEG. C,USIEMENS,45.91250,-81.59417
201705002,2018-02-26 13:41:00,CCGS LIMNOS,GEORGIAN BAY,25,455445,-813539,42,29.5,2017-09-17 05:24:00,160,1.00,.00,,,1,180.800000,CON 25,SPECIFIC CONDUCTANCE 25 DEG. C,USIEMENS,45.91250,-81.59417
201705002,2018-02-26 13:41:00,CCGS LIMNOS,GEORGIAN BAY,25,455445,-813539,42,29.5,2017-09-17 05:24:00,160,19.00,.00,,,0,182.600000,CON 25,SPECIFIC CONDUCTANCE 25 DEG. C,USIEMENS,45.91250,-81.59417
201705002,2018-02-26 13:41:00,CCGS LIMNOS,GEORGIAN BAY,25,455445,-813539,42,29.5,2017-09-17 05:24:00,160,22.00,.00,,,0,184.500000,CON 25,SPECIFIC CONDUCTANCE 25 DEG. C,USIEMENS,45.91250,-81.59417
201705002,2018-02-26 13:41:00,CCGS LIMNOS,GEORGIAN BAY,26,454546,-814745,46,19.2,2017-09-17 09:00:00,160,1.00,.00,,,0,181.000000,CON 25,SPECIFIC CONDUCTANCE 25 DEG. C,USIEMENS,45.76278,-81.79583
201705001,2018-02-28 15:06:00,CCGS LIMNOS,GEORGIAN BAY,1,454543,-814744,46,18.30,2017-05-21 12:28:00,213,1.00,.00,,,0,8.360000,PH,PH,PH UNITS,45.76194,-81.79556
201705001,2018-02-28 15:06:00,CCGS LIMNOS,GEORGIAN BAY,2,455445,-813545,42,20.00,2017-05-21 14:33:00,213,1.00,.00,,,0,8.300000,PH,PH,PH UNITS,45.91250,-81.59583
201705001,2018-02-28 15:06:00,CCGS LIMNOS,GEORGIAN BAY,2,455445,-813545,42,20.00,2017-05-21 14:33:00,213,10.00,.00,,,0,8.310000,PH,PH,PH UNITS,45.91250,-81.59583
201705001,2018-02-28 15:06:00,CCGS LIMNOS,GEORGIAN BAY,2,455445,-813545,42,20.00,2017-05-21 14:33:00,213,18.00,.00,,,0,8.280000,PH,PH,PH UNITS,45.91250,-81.59583
201705001,2018-02-28 15:06:00,CCGS LIMNOS,GEORGIAN BAY,3,455226,-811533,39,27.50,2017-05-21 17:07:00,213,1.00,.00,,,0,8.180000,PH,PH,PH UNITS,45.87389,-81.25917
201705001,2018-02-28 15:06:00,CCGS LIMNOS,GEORGIAN BAY,4,455158,-810004,27,16.00,2017-05-21 18:42:00,213,1.00,.00,,,0,8.070000,PH,PH,PH UNITS,45.86611,-81.00111
201705001,2018-02-28 15:06:00,CCGS LIMNOS,GEORGIAN BAY,4,455158,-810004,27,16.00,2017-05-21 18:42:00,213,14.00,.00,,,0,8.040000,PH,PH,PH UNITS,45.86611,-81.00111
201705001,2018-02-28 15:06:00,CCGS LIMNOS,GEORGIAN BAY,5,454957,-805402,26,20.52,2017-05-21 20:08:00,213,1.00,.00,,,0,8.160000,PH,PH,PH UNITS,45.83250,-80.90056
201705001,2018-02-28 15:06:00,CCGS LIMNOS,GEORGIAN BAY,5,454957,-805402,26,20.52,2017-05-21 20:08:00,213,1.00,.00,,,1,8.050000,PH,PH,PH UNITS,45.83250,-80.90056
201705001,2018-02-28 15:06:00,CCGS LIMNOS,GEORGIAN BAY,6,454045,-805024,24,39.70,2017-05-21 21:46:00,213,1.00,.00,,,0,8.200000,PH,PH,PH UNITS,45.67917,-80.84000
201705001,2018-02-28 15:06:00,CCGS LIMNOS,GEORGIAN BAY,7,453504,-810454,29,41.90,2017-05-21 23:25:00,213,1.00,.00,,,0,8.220000,PH,PH,PH UNITS,45.58444,-81.08167
201705001,2018-02-28 15:06:00,CCGS LIMNOS,GEORGIAN BAY,7,453504,-810454,29,41.90,2017-05-21 23:25:00,213,32.00,.00,,,0,8.240000,PH,PH,PH UNITS,45.58444,-81.08167
201705001,2018-02-28 15:06:00,CCGS LIMNOS,GEORGIAN BAY,7,453504,-810454,29,41.90,2017-05-21 23:25:00,213,40.00,.00,,,0,8.210000,PH,PH,PH UNITS,45.58444,-81.08167
201705001,2018-02-28 15:06:00,CCGS LIMNOS,GEORGIAN BAY,8,452154,-811120,21,86.27,2017-05-22 02:06:00,213,1.00,.00,,,0,8.220000,PH,PH,PH UNITS,45.36500,-81.18889
201705001,2018-02-28 15:06:00,CCGS LIMNOS,GEORGIAN BAY,9,451442,-805229,17,77.50,2017-05-22 04:32:00,213,1.00,.00,,,0,8.140000,PH,PH,PH UNITS,45.24500,-80.87472
201705001,2018-02-28 15:06:00,CCGS LIMNOS,GEORGIAN BAY,9,451442,-805229,17,77.50,2017-05-22 04:32:00,213,50.00,.00,,,0,8.080000,PH,PH,PH UNITS,45.24500,-80.87472
201705001,2018-02-28 15:06:00,CCGS LIMNOS,GEORGIAN BAY,9,451442,-805229,17,77.50,2017-05-22 04:32:00,213,67.00,.00,,,0,8.060000,PH,PH,PH UNITS,45.24500,-80.87472
201705001,2018-02-28 15:06:00,CCGS LIMNOS,GEORGIAN BAY,9,451442,-805229,17,77.50,2017-05-22 04:32:00,213,75.00,.00,,,0,8.050000,PH,PH,PH UNITS,45.24500,-80.87472
201705001,2018-02-28 15:06:00,CCGS LIMNOS,GEORGIAN BAY,10,452113,-802912,16,18.38,2017-05-22 14:25:00,213,1.00,.00,,,0,8.310000,PH,PH,PH UNITS,45.35361,-80.48667
201705001,2018-02-28 15:06:00,CCGS LIMNOS,GEORGIAN BAY,10,452113,-802912,16,18.38,2017-05-22 14:25:00,213,1.00,.00,,,1,8.210000,PH,PH,PH UNITS,45.35361,-80.48667
201705001,2018-02-28 15:06:00,CCGS LIMNOS,GEORGIAN BAY,11,451928,-800703,122,94.00,2017-05-22 16:41:00,213,1.00,.00,,,0,8.160000,PH,PH,PH UNITS,45.32444,-80.11750
201705001,2018-02-28 15:06:00,CCGS LIMNOS,GEORGIAN BAY,12,451001,-801748,15,44.50,2017-05-22 22:41:00,213,1.00,.00,,,0,8.210000,PH,PH,PH UNITS,45.16694,-80.29667
201705001,2018-02-28 15:06:00,CCGS LIMNOS,GEORGIAN BAY,13,445711,-800859,8,50.57,2017-05-23 00:40:00,213,1.00,.00,,,0,8.290000,PH,PH,PH UNITS,44.95306,-80.14972
201705001,2018-02-28 15:06:00,CCGS LIMNOS,GEORGIAN BAY,14,445219,-795801,9,28.89,2017-05-23 02:10:00,213,1.00,.00,,,0,8.150000,PH,PH,PH UNITS,44.87194,-79.96694
201705001,2018-02-28 15:06:00,CCGS LIMNOS,GEORGIAN BAY,14,445219,-795801,9,28.89,2017-05-23 02:10:00,213,18.00,.00,,,0,8.090000,PH,PH,PH UNITS,44.87194,-79.96694
201705001,2018-02-28 15:06:00,CCGS LIMNOS,GEORGIAN BAY,14,445219,-795801,9,28.89,2017-05-23 02:10:00,213,26.00,.00,,,0,8.170000,PH,PH,PH UNITS,44.87194,-79.96694
201705001,2018-02-28 15:06:00,CCGS LIMNOS,GEORGIAN BAY,15,444749,-801440,5,57.50,2017-05-23 05:03:00,213,1.00,.00,,,0,8.200000,PH,PH,PH UNITS,44.79694,-80.24444
201705001,2018-02-28 15:06:00,CCGS LIMNOS,GEORGIAN BAY,15,444749,-801440,5,57.50,2017-05-23 05:03:00,213,1.00,.00,,,1,8.230000,PH,PH,PH UNITS,44.79694,-80.24444
201705001,2018-02-28 15:06:00,CCGS LIMNOS,GEORGIAN BAY,16,443847,-801004,4,58.00,2017-05-23 06:33:00,213,1.00,.00,,,0,8.190000,PH,PH,PH UNITS,44.64639,-80.16778
201705001,2018-02-28 15:06:00,CCGS LIMNOS,GEORGIAN BAY,16,443847,-801004,4,58.00,2017-05-23 06:33:00,213,48.00,.00,,,0,8.140000,PH,PH,PH UNITS,44.64639,-80.16778
201705001,2018-02-28 15:06:00,CCGS LIMNOS,GEORGIAN BAY,16,443847,-801004,4,58.00,2017-05-23 06:33:00,213,56.00,.00,,,0,8.120000,PH,PH,PH UNITS,44.64639,-80.16778
201705001,2018-02-28 15:06:00,CCGS LIMNOS,GEORGIAN BAY,17,444414,-802604,6,85.93,2017-05-23 09:11:00,213,1.00,.00,,,0,8.210000,PH,PH,PH UNITS,44.73722,-80.43444
201705001,2018-02-28 15:06:00,CCGS LIMNOS,GEORGIAN BAY,18,444330,-803656,3,34.05,2017-05-23 10:38:00,213,1.00,.00,,,0,8.210000,PH,PH,PH UNITS,44.72500,-80.61556
201705001,2018-02-28 15:06:00,CCGS LIMNOS,GEORGIAN BAY,19,444306,-805120,1,89.30,2017-05-23 13:17:00,213,1.00,.00,,,0,8.220000,PH,PH,PH UNITS,44.71833,-80.85556
201705001,2018-02-28 15:06:00,CCGS LIMNOS,GEORGIAN BAY,19,444306,-805120,1,89.30,2017-05-23 13:17:00,213,50.00,.00,,,0,8.240000,PH,PH,PH UNITS,44.71833,-80.85556
201705001,2018-02-28 15:06:00,CCGS LIMNOS,GEORGIAN BAY,19,444306,-805120,1,89.30,2017-05-23 13:17:00,213,79.00,.00,,,0,8.180000,PH,PH,PH UNITS,44.71833,-80.85556
201705001,2018-02-28 15:06:00,CCGS LIMNOS,GEORGIAN BAY,19,444306,-805120,1,89.30,2017-05-23 13:17:00,213,87.00,.00,,,0,8.240000,PH,PH,PH UNITS,44.71833,-80.85556
201705001,2018-02-28 15:06:00,CCGS LIMNOS,GEORGIAN BAY,20,445513,-803624,11,61.50,2017-05-23 17:16:00,213,1.00,.00,,,0,8.040000,PH,PH,PH UNITS,44.92028,-80.60667
201705001,2018-02-28 15:06:00,CCGS LIMNOS,GEORGIAN BAY,20,445513,-803624,11,61.50,2017-05-23 17:16:00,213,1.00,.00,,,1,8.060000,PH,PH,PH UNITS,44.92028,-80.60667
201705001,2018-02-28 15:06:00,CCGS LIMNOS,GEORGIAN BAY,21,445512,-805224,12,87.90,2017-05-23 19:27:00,213,1.00,.00,,,0,8.060000,PH,PH,PH UNITS,44.92000,-80.87333
201705001,2018-02-28 15:06:00,CCGS LIMNOS,GEORGIAN BAY,22,450359,-811508,19,53.41,2017-05-23 22:43:00,213,1.00,.00,,,0,8.100000,PH,PH,PH UNITS,45.06639,-81.25222
201705001,2018-02-28 15:06:00,CCGS LIMNOS,GEORGIAN BAY,23,451421,-812625,31,71.68,2017-05-24 02:35:00,213,1.00,.00,,,0,8.130000,PH,PH,PH UNITS,45.23917,-81.44028
201705001,2018-02-28 15:06:00,CCGS LIMNOS,GEORGIAN BAY,24,452213,-813502,33,53.80,2017-05-24 04:03:00,213,1.00,.00,,,0,8.160000,PH,PH,PH UNITS,45.37028,-81.58389
201705001,2018-02-28 15:06:00,CCGS LIMNOS,GEORGIAN BAY,24,452213,-813502,33,53.80,2017-05-24 04:03:00,213,43.00,.00,,,0,8.110000,PH,PH,PH UNITS,45.37028,-81.58389
201705001,2018-02-28 15:06:00,CCGS LIMNOS,GEORGIAN BAY,24,452213,-813502,33,53.80,2017-05-24 04:03:00,213,51.00,.00,,,0,8.070000,PH,PH,PH UNITS,45.37028,-81.58389
201705002,2018-02-26 13:41:00,CCGS LIMNOS,GEORGIAN BAY,1,453140,-814010,35,35.29,2017-09-13 15:45:00,213,1.00,.00,,,0,8.240000,PH,PH,PH UNITS,45.52778,-81.66944
201705002,2018-02-26 13:41:00,CCGS LIMNOS,GEORGIAN BAY,2,452212,-813508,33,54.52,2017-09-13 17:29:00,213,1.00,.00,,,0,8.230000,PH,PH,PH UNITS,45.37000,-81.58556
201705002,2018-02-26 13:41:00,CCGS LIMNOS,GEORGIAN BAY,2,452212,-813508,33,54.52,2017-09-13 17:29:00,213,12.00,.00,,,0,8.250000,PH,PH,PH UNITS,45.37000,-81.58556
201705002,2018-02-26 13:41:00,CCGS LIMNOS,GEORGIAN BAY,2,452212,-813508,33,54.52,2017-09-13 17:29:00,213,20.00,.00,,,0,8.030000,PH,PH,PH UNITS,45.37000,-81.58556
201705002,2018-02-26 13:41:00,CCGS LIMNOS,GEORGIAN BAY,2,452212,-813508,33,54.52,2017-09-13 17:29:00,213,30.00,.00,,,0,7.950000,PH,PH,PH UNITS,45.37000,-81.58556
201705002,2018-02-26 13:41:00,CCGS LIMNOS,GEORGIAN BAY,2,452212,-813508,33,54.52,2017-09-13 17:29:00,213,44.00,.00,,,0,7.940000,PH,PH,PH UNITS,45.37000,-81.58556
201705002,2018-02-26 13:41:00,CCGS LIMNOS,GEORGIAN BAY,2,452212,-813508,33,54.52,2017-09-13 17:29:00,213,52.00,.00,,,0,7.820000,PH,PH,PH UNITS,45.37000,-81.58556
201705002,2018-02-26 13:41:00,CCGS LIMNOS,GEORGIAN BAY,3,451419,-812628,31,64.75,2017-09-13 19:30:00,213,1.00,.00,,,0,8.210000,PH,PH,PH UNITS,45.23861,-81.44111
201705002,2018-02-26 13:41:00,CCGS LIMNOS,GEORGIAN BAY,4,452154,-811124,21,86.36,2017-09-13 22:54:00,213,1.00,.00,,,0,8.260000,PH,PH,PH UNITS,45.36500,-81.19000
201705002,2018-02-26 13:41:00,CCGS LIMNOS,GEORGIAN BAY,5,451438,-805228,17,77.87,2017-09-14 01:23:00,213,1.00,.00,,,0,8.290000,PH,PH,PH UNITS,45.24389,-80.87444
201705002,2018-02-26 13:41:00,CCGS LIMNOS,GEORGIAN BAY,5,451438,-805228,17,77.87,2017-09-14 01:23:00,213,1.00,.00,,,1,8.290000,PH,PH,PH UNITS,45.24389,-80.87444
201705002,2018-02-26 13:41:00,CCGS LIMNOS,GEORGIAN BAY,5,451438,-805228,17,77.87,2017-09-14 01:23:00,213,20.00,.00,,,0,8.240000,PH,PH,PH UNITS,45.24389,-80.87444
201705002,2018-02-26 13:41:00,CCGS LIMNOS,GEORGIAN BAY,5,451438,-805228,17,77.87,2017-09-14 01:23:00,213,27.00,.00,,,0,7.960000,PH,PH,PH UNITS,45.24389,-80.87444
201705002,2018-02-26 13:41:00,CCGS LIMNOS,GEORGIAN BAY,5,451438,-805228,17,77.87,2017-09-14 01:23:00,213,41.00,.00,,,0,7.890000,PH,PH,PH UNITS,45.24389,-80.87444
201705002,2018-02-26 13:41:00,CCGS LIMNOS,GEORGIAN BAY,5,451438,-805228,17,77.87,2017-09-14 01:23:00,213,68.00,.00,,,0,7.880000,PH,PH,PH UNITS,45.24389,-80.87444
201705002,2018-02-26 13:41:00,CCGS LIMNOS,GEORGIAN BAY,5,451438,-805228,17,77.87,2017-09-14 01:23:00,213,76.00,.00,,,0,7.850000,PH,PH,PH UNITS,45.24389,-80.87444
201705002,2018-02-26 13:41:00,CCGS LIMNOS,GEORGIAN BAY,6,450401,-811513,19,53.73,2017-09-14 04:33:00,213,1.00,.00,,,0,8.280000,PH,PH,PH UNITS,45.06694,-81.25361
201705002,2018-02-26 13:41:00,CCGS LIMNOS,GEORGIAN BAY,7,445512,-805230,12,88.49,2017-09-14 07:17:00,213,1.00,.00,,,0,8.290000,PH,PH,PH UNITS,44.92000,-80.87500
201705002,2018-02-26 13:41:00,CCGS LIMNOS,GEORGIAN BAY,8,445514,-803622,11,62.16,2017-09-14 09:18:00,213,1.00,.00,,,0,8.300000,PH,PH,PH UNITS,44.92056,-80.60611
201705002,2018-02-26 13:41:00,CCGS LIMNOS,GEORGIAN BAY,9,444303,-805122,1,89.7,2017-09-14 11:41:00,213,1.00,.00,,,0,8.260000,PH,PH,PH UNITS,44.71750,-80.85611
201705002,2018-02-26 13:41:00,CCGS LIMNOS,GEORGIAN BAY,9,444303,-805122,1,89.7,2017-09-14 11:41:00,213,19.00,.00,,,0,8.220000,PH,PH,PH UNITS,44.71750,-80.85611
201705002,2018-02-26 13:41:00,CCGS LIMNOS,GEORGIAN BAY,9,444303,-805122,1,89.7,2017-09-14 11:41:00,213,25.00,.00,,,0,8.060000,PH,PH,PH UNITS,44.71750,-80.85611
201705002,2018-02-26 13:41:00,CCGS LIMNOS,GEORGIAN BAY,9,444303,-805122,1,89.7,2017-09-14 11:41:00,213,34.00,.00,,,0,8.030000,PH,PH,PH UNITS,44.71750,-80.85611
201705002,2018-02-26 13:41:00,CCGS LIMNOS,GEORGIAN BAY,9,444303,-805122,1,89.7,2017-09-14 11:41:00,213,80.00,.00,,,0,7.890000,PH,PH,PH UNITS,44.71750,-80.85611
201705002,2018-02-26 13:41:00,CCGS LIMNOS,GEORGIAN BAY,9,444303,-805122,1,89.7,2017-09-14 11:41:00,213,88.00,.00,,,0,7.880000,PH,PH,PH UNITS,44.71750,-80.85611
201705002,2018-02-26 13:41:00,CCGS LIMNOS,GEORGIAN BAY,10,444329,-803701,3,34.36,2017-09-14 13:46:00,213,1.00,.00,,,0,8.260000,PH,PH,PH UNITS,44.72472,-80.61694
201705002,2018-02-26 13:41:00,CCGS LIMNOS,GEORGIAN BAY,10,444329,-803701,3,34.36,2017-09-14 13:46:00,213,1.00,.00,,,1,8.270000,PH,PH,PH UNITS,44.72472,-80.61694
201705002,2018-02-26 13:41:00,CCGS LIMNOS,GEORGIAN BAY,11,444411,-802606,6,87.05,2017-09-14 15:18:00,213,1.00,.00,,,0,8.270000,PH,PH,PH UNITS,44.73639,-80.43500
201705002,2018-02-26 13:41:00,CCGS LIMNOS,GEORGIAN BAY,12,444746,-801436,5,58.89,2017-09-14 17:16:00,213,1.00,.00,,,0,8.310000,PH,PH,PH UNITS,44.79611,-80.24333
201705002,2018-02-26 13:41:00,CCGS LIMNOS,GEORGIAN BAY,13,443844,-801002,4,57.57,2017-09-14 19:38:00,213,1.00,.00,,,0,8.300000,PH,PH,PH UNITS,44.64556,-80.16722
201705002,2018-02-26 13:41:00,CCGS LIMNOS,GEORGIAN BAY,13,443844,-801002,4,57.57,2017-09-14 19:38:00,213,20.00,.00,,,0,8.320000,PH,PH,PH UNITS,44.64556,-80.16722
201705002,2018-02-26 13:41:00,CCGS LIMNOS,GEORGIAN BAY,13,443844,-801002,4,57.57,2017-09-14 19:38:00,213,27.00,.00,,,0,8.170000,PH,PH,PH UNITS,44.64556,-80.16722
201705002,2018-02-26 13:41:00,CCGS LIMNOS,GEORGIAN BAY,13,443844,-801002,4,57.57,2017-09-14 19:38:00,213,41.00,.00,,,0,7.890000,PH,PH,PH UNITS,44.64556,-80.16722
201705002,2018-02-26 13:41:00,CCGS LIMNOS,GEORGIAN BAY,13,443844,-801002,4,57.57,2017-09-14 19:38:00,213,47.00,.00,,,0,7.860000,PH,PH,PH UNITS,44.64556,-80.16722
201705002,2018-02-26 13:41:00,CCGS LIMNOS,GEORGIAN BAY,13,443844,-801002,4,57.57,2017-09-14 19:38:00,213,55.00,.00,,,0,7.860000,PH,PH,PH UNITS,44.64556,-80.16722
201705002,2018-02-26 13:41:00,CCGS LIMNOS,GEORGIAN BAY,14,445216,-795809,9,30.11,2017-09-15 00:22:00,213,1.00,.00,,,0,8.400000,PH,PH,PH UNITS,44.87111,-79.96917
201705002,2018-02-26 13:41:00,CCGS LIMNOS,GEORGIAN BAY,14,445216,-795809,9,30.11,2017-09-15 00:22:00,213,20.00,.00,,,0,8.220000,PH,PH,PH UNITS,44.87111,-79.96917
201705002,2018-02-26 13:41:00,CCGS LIMNOS,GEORGIAN BAY,14,445216,-795809,9,30.11,2017-09-15 00:22:00,213,28.00,.00,,,0,8.080000,PH,PH,PH UNITS,44.87111,-79.96917
201705002,2018-02-26 13:41:00,CCGS LIMNOS,GEORGIAN BAY,15,445709,-800856,8,50.79,2017-09-15 02:47:00,213,1.00,.00,,,0,8.310000,PH,PH,PH UNITS,44.95250,-80.14889
201705002,2018-02-26 13:41:00,CCGS LIMNOS,GEORGIAN BAY,15,445709,-800856,8,50.79,2017-09-15 02:47:00,213,1.00,.00,,,1,8.320000,PH,PH,PH UNITS,44.95250,-80.14889
201705002,2018-02-26 13:41:00,CCGS LIMNOS,GEORGIAN BAY,16,450959,-801749,15,46.62,2017-09-15 05:51:00,213,1.00,.00,,,0,8.300000,PH,PH,PH UNITS,45.16639,-80.29694
201705002,2018-02-26 13:41:00,CCGS LIMNOS,GEORGIAN BAY,17,452112,-802908,16,19.01,2017-09-15 09:06:00,213,1.00,.00,,,0,8.270000,PH,PH,PH UNITS,45.35333,-80.48556
201705002,2018-02-26 13:41:00,CCGS LIMNOS,GEORGIAN BAY,18,451930,-800658,122,94.89,2017-09-15 12:02:00,213,1.00,.00,,,0,8.240000,PH,PH,PH UNITS,45.32500,-80.11611
201705002,2018-02-26 13:41:00,CCGS LIMNOS,GEORGIAN BAY,19,453456,-810459,29,42.78,2017-09-16 15:55:00,213,1.00,.00,,,0,8.200000,PH,PH,PH UNITS,45.58222,-81.08306
201705002,2018-02-26 13:41:00,CCGS LIMNOS,GEORGIAN BAY,19,453456,-810459,29,42.78,2017-09-16 15:55:00,213,16.00,.00,,,0,8.220000,PH,PH,PH UNITS,45.58222,-81.08306
201705002,2018-02-26 13:41:00,CCGS LIMNOS,GEORGIAN BAY,19,453456,-810459,29,42.78,2017-09-16 15:55:00,213,21.00,.00,,,0,8.150000,PH,PH,PH UNITS,45.58222,-81.08306
201705002,2018-02-26 13:41:00,CCGS LIMNOS,GEORGIAN BAY,19,453456,-810459,29,42.78,2017-09-16 15:55:00,213,26.00,.00,,,0,7.900000,PH,PH,PH UNITS,45.58222,-81.08306
201705002,2018-02-26 13:41:00,CCGS LIMNOS,GEORGIAN BAY,19,453456,-810459,29,42.78,2017-09-16 15:55:00,213,32.00,.00,,,0,7.820000,PH,PH,PH UNITS,45.58222,-81.08306
201705002,2018-02-26 13:41:00,CCGS LIMNOS,GEORGIAN BAY,19,453456,-810459,29,42.78,2017-09-16 15:55:00,213,40.00,.00,,,0,7.780000,PH,PH,PH UNITS,45.58222,-81.08306
201705002,2018-02-26 13:41:00,CCGS LIMNOS,GEORGIAN BAY,20,454042,-805022,24,40.01,2017-09-16 18:12:00,213,1.00,.00,,,0,8.200000,PH,PH,PH UNITS,45.67833,-80.83944
201705002,2018-02-26 13:41:00,CCGS LIMNOS,GEORGIAN BAY,20,454042,-805022,24,40.01,2017-09-16 18:12:00,213,1.00,.00,,,1,8.210000,PH,PH,PH UNITS,45.67833,-80.83944
201705002,2018-02-26 13:41:00,CCGS LIMNOS,GEORGIAN BAY,21,455000,-805357,26,20.11,2017-09-16 20:13:00,213,1.00,.00,,,0,8.150000,PH,PH,PH UNITS,45.83333,-80.89917
201705002,2018-02-26 13:41:00,CCGS LIMNOS,GEORGIAN BAY,22,455156,-805957,27,17.72,2017-09-16 21:23:00,213,1.00,.00,,,0,8.180000,PH,PH,PH UNITS,45.86556,-80.99917
201705002,2018-02-26 13:41:00,CCGS LIMNOS,GEORGIAN BAY,22,455156,-805957,27,17.72,2017-09-16 21:23:00,213,8.00,.00,,,0,8.110000,PH,PH,PH UNITS,45.86556,-80.99917
201705002,2018-02-26 13:41:00,CCGS LIMNOS,GEORGIAN BAY,22,455156,-805957,27,17.72,2017-09-16 21:23:00,213,15.00,.00,,,0,8.020000,PH,PH,PH UNITS,45.86556,-80.99917
201705002,2018-02-26 13:41:00,CCGS LIMNOS,GEORGIAN BAY,23,455223,-811531,39,28.28,2017-09-16 23:25:00,213,1.00,.00,,,0,8.200000,PH,PH,PH UNITS,45.87306,-81.25861
201705002,2018-02-26 13:41:00,CCGS LIMNOS,GEORGIAN BAY,24,454230,-813710,36,52.89,2017-09-17 02:19:00,213,1.00,.00,,,0,8.210000,PH,PH,PH UNITS,45.70833,-81.61944
201705002,2018-02-26 13:41:00,CCGS LIMNOS,GEORGIAN BAY,25,455445,-813539,42,29.5,2017-09-17 05:24:00,213,1.00,.00,,,0,8.300000,PH,PH,PH UNITS,45.91250,-81.59417
201705002,2018-02-26 13:41:00,CCGS LIMNOS,GEORGIAN BAY,25,455445,-813539,42,29.5,2017-09-17 05:24:00,213,1.00,.00,,,1,8.270000,PH,PH,PH UNITS,45.91250,-81.59417
201705002,2018-02-26 13:41:00,CCGS LIMNOS,GEORGIAN BAY,25,455445,-813539,42,29.5,2017-09-17 05:24:00,213,19.00,.00,,,0,7.890000,PH,PH,PH UNITS,45.91250,-81.59417
201705002,2018-02-26 13:41:00,CCGS LIMNOS,GEORGIAN BAY,25,455445,-813539,42,29.5,2017-09-17 05:24:00,213,22.00,.00,,,0,7.760000,PH,PH,PH UNITS,45.91250,-81.59417
201705002,2018-02-26 13:41:00,CCGS LIMNOS,GEORGIAN BAY,26,454546,-814745,46,19.2,2017-09-17 09:00:00,213,1.00,.00,,,0,8.440000,PH,PH,PH UNITS,45.76278,-81.79583
201705001,2018-02-28 15:06:00,CCGS LIMNOS,GEORGIAN BAY,1,454543,-814744,46,18.30,2017-05-21 12:28:00,225,.00,16.00,0.00040000,,0,.134000,I-POC,"CARBON,PARTICULATE ORGANIC,INTEGRATED",MG C/L,45.76194,-81.79556
201705001,2018-02-28 15:06:00,CCGS LIMNOS,GEORGIAN BAY,2,455445,-813545,42,20.00,2017-05-21 14:33:00,225,.00,20.00,0.00070000,,0,.193000,I-POC,"CARBON,PARTICULATE ORGANIC,INTEGRATED",MG C/L,45.91250,-81.59583
201705001,2018-02-28 15:06:00,CCGS LIMNOS,GEORGIAN BAY,3,455226,-811533,39,27.50,2017-05-21 17:07:00,225,.00,20.00,0.00060000,,0,.135000,I-POC,"CARBON,PARTICULATE ORGANIC,INTEGRATED",MG C/L,45.87389,-81.25917
201705001,2018-02-28 15:06:00,CCGS LIMNOS,GEORGIAN BAY,4,455158,-810004,27,16.00,2017-05-21 18:42:00,225,.00,14.00,0.00030000,,0,.075000,I-POC,"CARBON,PARTICULATE ORGANIC,INTEGRATED",MG C/L,45.86611,-81.00111
201705001,2018-02-28 15:06:00,CCGS LIMNOS,GEORGIAN BAY,5,454957,-805402,26,20.52,2017-05-21 20:08:00,225,.00,18.00,0.00070000,,0,.080000,I-POC,"CARBON,PARTICULATE ORGANIC,INTEGRATED",MG C/L,45.83250,-80.90056
201705001,2018-02-28 15:06:00,CCGS LIMNOS,GEORGIAN BAY,5,454957,-805402,26,20.52,2017-05-21 20:08:00,225,.00,18.00,0.00070000,,1,.081000,I-POC,"CARBON,PARTICULATE ORGANIC,INTEGRATED",MG C/L,45.83250,-80.90056
201705001,2018-02-28 15:06:00,CCGS LIMNOS,GEORGIAN BAY,6,454045,-805024,24,39.70,2017-05-21 21:46:00,225,.00,20.00,0.00070000,,0,.066000,I-POC,"CARBON,PARTICULATE ORGANIC,INTEGRATED",MG C/L,45.67917,-80.84000
201705001,2018-02-28 15:06:00,CCGS LIMNOS,GEORGIAN BAY,7,453504,-810454,29,41.90,2017-05-21 23:25:00,225,.00,20.00,0.00030000,,0,.067000,I-POC,"CARBON,PARTICULATE ORGANIC,INTEGRATED",MG C/L,45.58444,-81.08167
201705001,2018-02-28 15:06:00,CCGS LIMNOS,GEORGIAN BAY,8,452154,-811120,21,86.27,2017-05-22 02:06:00,225,.00,20.00,0.00030000,,0,.079000,I-POC,"CARBON,PARTICULATE ORGANIC,INTEGRATED",MG C/L,45.36500,-81.18889
201705001,2018-02-28 15:06:00,CCGS LIMNOS,GEORGIAN BAY,9,451442,-805229,17,77.50,2017-05-22 04:32:00,225,.00,20.00,0.00030000,,0,.067000,I-POC,"CARBON,PARTICULATE ORGANIC,INTEGRATED",MG C/L,45.24500,-80.87472
201705001,2018-02-28 15:06:00,CCGS LIMNOS,GEORGIAN BAY,10,452113,-802912,16,18.38,2017-05-22 14:25:00,225,.00,16.00,0.00050000,,0,.078000,I-POC,"CARBON,PARTICULATE ORGANIC,INTEGRATED",MG C/L,45.35361,-80.48667
201705001,2018-02-28 15:06:00,CCGS LIMNOS,GEORGIAN BAY,10,452113,-802912,16,18.38,2017-05-22 14:25:00,225,.00,16.00,0.00050000,,1,.078000,I-POC,"CARBON,PARTICULATE ORGANIC,INTEGRATED",MG C/L,45.35361,-80.48667
201705001,2018-02-28 15:06:00,CCGS LIMNOS,GEORGIAN BAY,11,451928,-800703,122,94.00,2017-05-22 16:41:00,225,.00,20.00,0.00050000,,0,.138000,I-POC,"CARBON,PARTICULATE ORGANIC,INTEGRATED",MG C/L,45.32444,-80.11750
201705001,2018-02-28 15:06:00,CCGS LIMNOS,GEORGIAN BAY,12,451001,-801748,15,44.50,2017-05-22 22:41:00,225,.00,20.00,0.00050000,,0,.045000,I-POC,"CARBON,PARTICULATE ORGANIC,INTEGRATED",MG C/L,45.16694,-80.29667
201705001,2018-02-28 15:06:00,CCGS LIMNOS,GEORGIAN BAY,13,445711,-800859,8,50.57,2017-05-23 00:40:00,225,.00,20.00,0.00030000,,0,.071000,I-POC,"CARBON,PARTICULATE ORGANIC,INTEGRATED",MG C/L,44.95306,-80.14972
201705001,2018-02-28 15:06:00,CCGS LIMNOS,GEORGIAN BAY,14,445219,-795801,9,28.89,2017-05-23 02:10:00,225,.00,20.00,0.00040000,,0,.079000,I-POC,"CARBON,PARTICULATE ORGANIC,INTEGRATED",MG C/L,44.87194,-79.96694
201705001,2018-02-28 15:06:00,CCGS LIMNOS,GEORGIAN BAY,15,444749,-801440,5,57.50,2017-05-23 05:03:00,225,.00,20.00,0.00020000,,0,.082000,I-POC,"CARBON,PARTICULATE ORGANIC,INTEGRATED",MG C/L,44.79694,-80.24444
201705001,2018-02-28 15:06:00,CCGS LIMNOS,GEORGIAN BAY,15,444749,-801440,5,57.50,2017-05-23 05:03:00,225,.00,20.00,0.00020000,,1,.050000,I-POC,"CARBON,PARTICULATE ORGANIC,INTEGRATED",MG C/L,44.79694,-80.24444
201705001,2018-02-28 15:06:00,CCGS LIMNOS,GEORGIAN BAY,16,443847,-801004,4,58.00,2017-05-23 06:33:00,225,.00,20.00,0.00050000,,0,.083000,I-POC,"CARBON,PARTICULATE ORGANIC,INTEGRATED",MG C/L,44.64639,-80.16778
201705001,2018-02-28 15:06:00,CCGS LIMNOS,GEORGIAN BAY,17,444414,-802604,6,85.93,2017-05-23 09:11:00,225,.00,20.00,0.00030000,,0,.076000,I-POC,"CARBON,PARTICULATE ORGANIC,INTEGRATED",MG C/L,44.73722,-80.43444
201705001,2018-02-28 15:06:00,CCGS LIMNOS,GEORGIAN BAY,18,444330,-803656,3,34.05,2017-05-23 10:38:00,225,.00,20.00,0.00050000,,0,.046000,I-POC,"CARBON,PARTICULATE ORGANIC,INTEGRATED",MG C/L,44.72500,-80.61556
201705001,2018-02-28 15:06:00,CCGS LIMNOS,GEORGIAN BAY,19,444306,-805120,1,89.30,2017-05-23 13:17:00,225,.00,20.00,0.00030000,,0,.066000,I-POC,"CARBON,PARTICULATE ORGANIC,INTEGRATED",MG C/L,44.71833,-80.85556
201705001,2018-02-28 15:06:00,CCGS LIMNOS,GEORGIAN BAY,20,445513,-803624,11,61.50,2017-05-23 17:16:00,225,.00,20.00,0.00040000,,0,.057000,I-POC,"CARBON,PARTICULATE ORGANIC,INTEGRATED",MG C/L,44.92028,-80.60667
201705001,2018-02-28 15:06:00,CCGS LIMNOS,GEORGIAN BAY,20,445513,-803624,11,61.50,2017-05-23 17:16:00,225,.00,20.00,0.00040000,,1,.057000,I-POC,"CARBON,PARTICULATE ORGANIC,INTEGRATED",MG C/L,44.92028,-80.60667
201705001,2018-02-28 15:06:00,CCGS LIMNOS,GEORGIAN BAY,21,445512,-805224,12,87.90,2017-05-23 19:27:00,225,.00,20.00,0.00040000,,0,.079000,I-POC,"CARBON,PARTICULATE ORGANIC,INTEGRATED",MG C/L,44.92000,-80.87333
201705001,2018-02-28 15:06:00,CCGS LIMNOS,GEORGIAN BAY,22,450359,-811508,19,53.41,2017-05-23 22:43:00,225,.00,20.00,0.00040000,,0,.056000,I-POC,"CARBON,PARTICULATE ORGANIC,INTEGRATED",MG C/L,45.06639,-81.25222
201705001,2018-02-28 15:06:00,CCGS LIMNOS,GEORGIAN BAY,23,451421,-812625,31,71.68,2017-05-24 02:35:00,225,.00,20.00,0.00030000,,0,.053000,I-POC,"CARBON,PARTICULATE ORGANIC,INTEGRATED",MG C/L,45.23917,-81.44028
201705001,2018-02-28 15:06:00,CCGS LIMNOS,GEORGIAN BAY,24,452213,-813502,33,53.80,2017-05-24 04:03:00,225,.00,20.00,0.00040000,,0,.072000,I-POC,"CARBON,PARTICULATE ORGANIC,INTEGRATED",MG C/L,45.37028,-81.58389
201705002,2018-02-26 13:41:00,CCGS LIMNOS,GEORGIAN BAY,1,453140,-814010,35,35.29,2017-09-13 15:45:00,225,.00,20.00,0.00030000,,0,.137000,I-POC,"CARBON,PARTICULATE ORGANIC,INTEGRATED",MG C/L,45.52778,-81.66944
201705002,2018-02-26 13:41:00,CCGS LIMNOS,GEORGIAN BAY,2,452212,-813508,33,54.52,2017-09-13 17:29:00,225,.00,20.00,0.00050000,,0,.182000,I-POC,"CARBON,PARTICULATE ORGANIC,INTEGRATED",MG C/L,45.37000,-81.58556
201705002,2018-02-26 13:41:00,CCGS LIMNOS,GEORGIAN BAY,3,451419,-812628,31,64.75,2017-09-13 19:30:00,225,.00,20.00,0.00050000,,0,.162000,I-POC,"CARBON,PARTICULATE ORGANIC,INTEGRATED",MG C/L,45.23861,-81.44111
201705002,2018-02-26 13:41:00,CCGS LIMNOS,GEORGIAN BAY,4,452154,-811124,21,86.36,2017-09-13 22:54:00,225,.00,20.00,0.00050000,,0,.153000,I-POC,"CARBON,PARTICULATE ORGANIC,INTEGRATED",MG C/L,45.36500,-81.19000
201705002,2018-02-26 13:41:00,CCGS LIMNOS,GEORGIAN BAY,5,451438,-805228,17,77.87,2017-09-14 01:23:00,225,.00,20.00,0.00050000,,0,.184000,I-POC,"CARBON,PARTICULATE ORGANIC,INTEGRATED",MG C/L,45.24389,-80.87444
201705002,2018-02-26 13:41:00,CCGS LIMNOS,GEORGIAN BAY,5,451438,-805228,17,77.87,2017-09-14 01:23:00,225,.00,20.00,0.00050000,,1,.178000,I-POC,"CARBON,PARTICULATE ORGANIC,INTEGRATED",MG C/L,45.24389,-80.87444
201705002,2018-02-26 13:41:00,CCGS LIMNOS,GEORGIAN BAY,6,450401,-811513,19,53.73,2017-09-14 04:33:00,225,.00,20.00,0.00040000,,0,.141000,I-POC,"CARBON,PARTICULATE ORGANIC,INTEGRATED",MG C/L,45.06694,-81.25361
201705002,2018-02-26 13:41:00,CCGS LIMNOS,GEORGIAN BAY,7,445512,-805230,12,88.49,2017-09-14 07:17:00,225,.00,20.00,0.00050000,,0,.156000,I-POC,"CARBON,PARTICULATE ORGANIC,INTEGRATED",MG C/L,44.92000,-80.87500
201705002,2018-02-26 13:41:00,CCGS LIMNOS,GEORGIAN BAY,8,445514,-803622,11,62.16,2017-09-14 09:18:00,225,.00,20.00,0.00050000,,0,.145000,I-POC,"CARBON,PARTICULATE ORGANIC,INTEGRATED",MG C/L,44.92056,-80.60611
201705002,2018-02-26 13:41:00,CCGS LIMNOS,GEORGIAN BAY,9,444303,-805122,1,89.7,2017-09-14 11:41:00,225,.00,20.00,0.00040000,,0,.132000,I-POC,"CARBON,PARTICULATE ORGANIC,INTEGRATED",MG C/L,44.71750,-80.85611
201705002,2018-02-26 13:41:00,CCGS LIMNOS,GEORGIAN BAY,10,444329,-803701,3,34.36,2017-09-14 13:46:00,225,.00,20.00,0.00050000,,0,.129000,I-POC,"CARBON,PARTICULATE ORGANIC,INTEGRATED",MG C/L,44.72472,-80.61694
201705002,2018-02-26 13:41:00,CCGS LIMNOS,GEORGIAN BAY,10,444329,-803701,3,34.36,2017-09-14 13:46:00,225,.00,20.00,0.00050000,,1,.132000,I-POC,"CARBON,PARTICULATE ORGANIC,INTEGRATED",MG C/L,44.72472,-80.61694
201705002,2018-02-26 13:41:00,CCGS LIMNOS,GEORGIAN BAY,11,444411,-802606,6,87.05,2017-09-14 15:18:00,225,.00,20.00,0.00050000,,0,.148000,I-POC,"CARBON,PARTICULATE ORGANIC,INTEGRATED",MG C/L,44.73639,-80.43500
201705002,2018-02-26 13:41:00,CCGS LIMNOS,GEORGIAN BAY,12,444746,-801436,5,58.89,2017-09-14 17:16:00,225,.00,20.00,0.00050000,,0,.161000,I-POC,"CARBON,PARTICULATE ORGANIC,INTEGRATED",MG C/L,44.79611,-80.24333
201705002,2018-02-26 13:41:00,CCGS LIMNOS,GEORGIAN BAY,13,443844,-801002,4,57.57,2017-09-14 19:38:00,225,.00,20.00,0.00050000,,0,.170000,I-POC,"CARBON,PARTICULATE ORGANIC,INTEGRATED",MG C/L,44.64556,-80.16722
201705002,2018-02-26 13:41:00,CCGS LIMNOS,GEORGIAN BAY,14,445216,-795809,9,30.11,2017-09-15 00:22:00,225,.00,20.00,0.00050000,,0,.245000,I-POC,"CARBON,PARTICULATE ORGANIC,INTEGRATED",MG C/L,44.87111,-79.96917
201705002,2018-02-26 13:41:00,CCGS LIMNOS,GEORGIAN BAY,15,445709,-800856,8,50.79,2017-09-15 02:47:00,225,.00,20.00,0.00050000,,0,.170000,I-POC,"CARBON,PARTICULATE ORGANIC,INTEGRATED",MG C/L,44.95250,-80.14889
201705002,2018-02-26 13:41:00,CCGS LIMNOS,GEORGIAN BAY,15,445709,-800856,8,50.79,2017-09-15 02:47:00,225,.00,20.00,0.00050000,,1,.165000,I-POC,"CARBON,PARTICULATE ORGANIC,INTEGRATED",MG C/L,44.95250,-80.14889
201705002,2018-02-26 13:41:00,CCGS LIMNOS,GEORGIAN BAY,16,450959,-801749,15,46.62,2017-09-15 05:51:00,225,.00,20.00,0.00050000,,0,.172000,I-POC,"CARBON,PARTICULATE ORGANIC,INTEGRATED",MG C/L,45.16639,-80.29694
201705002,2018-02-26 13:41:00,CCGS LIMNOS,GEORGIAN BAY,17,452112,-802908,16,19.01,2017-09-15 09:06:00,225,.00,17.00,0.00050000,,0,.160000,I-POC,"CARBON,PARTICULATE ORGANIC,INTEGRATED",MG C/L,45.35333,-80.48556
201705002,2018-02-26 13:41:00,CCGS LIMNOS,GEORGIAN BAY,18,451930,-800658,122,94.89,2017-09-15 12:02:00,225,.00,20.00,0.00060000,,0,.282000,I-POC,"CARBON,PARTICULATE ORGANIC,INTEGRATED",MG C/L,45.32500,-80.11611
201705002,2018-02-26 13:41:00,CCGS LIMNOS,GEORGIAN BAY,19,453456,-810459,29,42.78,2017-09-16 15:55:00,225,.00,20.00,0.00050000,,0,.144000,I-POC,"CARBON,PARTICULATE ORGANIC,INTEGRATED",MG C/L,45.58222,-81.08306
201705002,2018-02-26 13:41:00,CCGS LIMNOS,GEORGIAN BAY,20,454042,-805022,24,40.01,2017-09-16 18:12:00,225,.00,20.00,0.00050000,,0,.192000,I-POC,"CARBON,PARTICULATE ORGANIC,INTEGRATED",MG C/L,45.67833,-80.83944
201705002,2018-02-26 13:41:00,CCGS LIMNOS,GEORGIAN BAY,20,454042,-805022,24,40.01,2017-09-16 18:12:00,225,.00,20.00,0.00050000,,1,.190000,I-POC,"CARBON,PARTICULATE ORGANIC,INTEGRATED",MG C/L,45.67833,-80.83944
201705002,2018-02-26 13:41:00,CCGS LIMNOS,GEORGIAN BAY,21,455000,-805357,26,20.11,2017-09-16 20:13:00,225,.00,18.00,0.00050000,,0,.202000,I-POC,"CARBON,PARTICULATE ORGANIC,INTEGRATED",MG C/L,45.83333,-80.89917
201705002,2018-02-26 13:41:00,CCGS LIMNOS,GEORGIAN BAY,22,455156,-805957,27,17.72,2017-09-16 21:23:00,225,.00,15.00,0.00050000,,0,.199000,I-POC,"CARBON,PARTICULATE ORGANIC,INTEGRATED",MG C/L,45.86556,-80.99917
201705002,2018-02-26 13:41:00,CCGS LIMNOS,GEORGIAN BAY,23,455223,-811531,39,28.28,2017-09-16 23:25:00,225,.00,20.00,0.00050000,,0,.188000,I-POC,"CARBON,PARTICULATE ORGANIC,INTEGRATED",MG C/L,45.87306,-81.25861
201705002,2018-02-26 13:41:00,CCGS LIMNOS,GEORGIAN BAY,24,454230,-813710,36,52.89,2017-09-17 02:19:00,225,.00,20.00,0.00050000,,0,.198000,I-POC,"CARBON,PARTICULATE ORGANIC,INTEGRATED",MG C/L,45.70833,-81.61944
201705002,2018-02-26 13:41:00,CCGS LIMNOS,GEORGIAN BAY,25,455445,-813539,42,29.5,2017-09-17 05:24:00,225,.00,20.00,0.00070000,,0,.210000,I-POC,"CARBON,PARTICULATE ORGANIC,INTEGRATED",MG C/L,45.91250,-81.59417
201705002,2018-02-26 13:41:00,CCGS LIMNOS,GEORGIAN BAY,25,455445,-813539,42,29.5,2017-09-17 05:24:00,225,.00,20.00,0.00070000,,1,.200000,I-POC,"CARBON,PARTICULATE ORGANIC,INTEGRATED",MG C/L,45.91250,-81.59417
201705002,2018-02-26 13:41:00,CCGS LIMNOS,GEORGIAN BAY,26,454546,-814745,46,19.2,2017-09-17 09:00:00,225,.00,17.00,0.00100000,,0,.499000,I-POC,"CARBON,PARTICULATE ORGANIC,INTEGRATED",MG C/L,45.76278,-81.79583
201705001,2018-02-28 15:06:00,CCGS LIMNOS,GEORGIAN BAY,2,455445,-813545,42,20.00,2017-05-21 14:33:00,226,1.00,.00,0.10000000,,0,2.000000,D ORG C,"CARBON,DISSOLVED ORGANIC",MG C/L,45.91250,-81.59583
201705001,2018-02-28 15:06:00,CCGS LIMNOS,GEORGIAN BAY,4,455158,-810004,27,16.00,2017-05-21 18:42:00,226,1.00,.00,0.10000000,,0,3.200000,D ORG C,"CARBON,DISSOLVED ORGANIC",MG C/L,45.86611,-81.00111
201705001,2018-02-28 15:06:00,CCGS LIMNOS,GEORGIAN BAY,7,453504,-810454,29,41.90,2017-05-21 23:25:00,226,1.00,.00,0.10000000,,0,1.700000,D ORG C,"CARBON,DISSOLVED ORGANIC",MG C/L,45.58444,-81.08167
201705001,2018-02-28 15:06:00,CCGS LIMNOS,GEORGIAN BAY,9,451442,-805229,17,77.50,2017-05-22 04:32:00,226,1.00,.00,0.10000000,,0,1.700000,D ORG C,"CARBON,DISSOLVED ORGANIC",MG C/L,45.24500,-80.87472
201705001,2018-02-28 15:06:00,CCGS LIMNOS,GEORGIAN BAY,9,451442,-805229,17,77.50,2017-05-22 04:32:00,226,1.00,.00,0.10000000,,1,1.800000,D ORG C,"CARBON,DISSOLVED ORGANIC",MG C/L,45.24500,-80.87472
201705001,2018-02-28 15:06:00,CCGS LIMNOS,GEORGIAN BAY,9,451442,-805229,17,77.50,2017-05-22 04:32:00,226,998.00,.00,0.10000000,,0,.200000,D ORG C,"CARBON,DISSOLVED ORGANIC",MG C/L,45.24500,-80.87472
201705001,2018-02-28 15:06:00,CCGS LIMNOS,GEORGIAN BAY,9,451442,-805229,17,77.50,2017-05-22 04:32:00,226,999.00,.00,0.10000000,<,0,.100000,D ORG C,"CARBON,DISSOLVED ORGANIC",MG C/L,45.24500,-80.87472
201705001,2018-02-28 15:06:00,CCGS LIMNOS,GEORGIAN BAY,14,445219,-795801,9,28.89,2017-05-23 02:10:00,226,1.00,.00,0.10000000,,0,3.400000,D ORG C,"CARBON,DISSOLVED ORGANIC",MG C/L,44.87194,-79.96694
201705001,2018-02-28 15:06:00,CCGS LIMNOS,GEORGIAN BAY,16,443847,-801004,4,58.00,2017-05-23 06:33:00,226,1.00,.00,0.10000000,,0,1.800000,D ORG C,"CARBON,DISSOLVED ORGANIC",MG C/L,44.64639,-80.16778
201705001,2018-02-28 15:06:00,CCGS LIMNOS,GEORGIAN BAY,19,444306,-805120,1,89.30,2017-05-23 13:17:00,226,1.00,.00,0.10000000,,0,1.800000,D ORG C,"CARBON,DISSOLVED ORGANIC",MG C/L,44.71833,-80.85556
201705001,2018-02-28 15:06:00,CCGS LIMNOS,GEORGIAN BAY,24,452213,-813502,33,53.80,2017-05-24 04:03:00,226,1.00,.00,0.10000000,,0,1.700000,D ORG C,"CARBON,DISSOLVED ORGANIC",MG C/L,45.37028,-81.58389
201705002,2018-02-26 13:41:00,CCGS LIMNOS,GEORGIAN BAY,2,452212,-813508,33,54.52,2017-09-13 17:29:00,226,1.00,.00,0.10000000,,0,2.100000,D ORG C,"CARBON,DISSOLVED ORGANIC",MG C/L,45.37000,-81.58556
201705002,2018-02-26 13:41:00,CCGS LIMNOS,GEORGIAN BAY,5,451438,-805228,17,77.87,2017-09-14 01:23:00,226,1.00,.00,0.10000000,,0,2.200000,D ORG C,"CARBON,DISSOLVED ORGANIC",MG C/L,45.24389,-80.87444
201705002,2018-02-26 13:41:00,CCGS LIMNOS,GEORGIAN BAY,5,451438,-805228,17,77.87,2017-09-14 01:23:00,226,1.00,.00,0.10000000,,1,2.200000,D ORG C,"CARBON,DISSOLVED ORGANIC",MG C/L,45.24389,-80.87444
201705002,2018-02-26 13:41:00,CCGS LIMNOS,GEORGIAN BAY,5,451438,-805228,17,77.87,2017-09-14 01:23:00,226,998.00,.00,0.10000000,,0,.600000,D ORG C,"CARBON,DISSOLVED ORGANIC",MG C/L,45.24389,-80.87444
201705002,2018-02-26 13:41:00,CCGS LIMNOS,GEORGIAN BAY,5,451438,-805228,17,77.87,2017-09-14 01:23:00,226,999.00,.00,0.10000000,,0,.300000,D ORG C,"CARBON,DISSOLVED ORGANIC",MG C/L,45.24389,-80.87444
201705002,2018-02-26 13:41:00,CCGS LIMNOS,GEORGIAN BAY,9,444303,-805122,1,89.7,2017-09-14 11:41:00,226,1.00,.00,0.10000000,,0,1.900000,D ORG C,"CARBON,DISSOLVED ORGANIC",MG C/L,44.71750,-80.85611
201705002,2018-02-26 13:41:00,CCGS LIMNOS,GEORGIAN BAY,13,443844,-801002,4,57.57,2017-09-14 19:38:00,226,1.00,.00,0.10000000,,0,2.000000,D ORG C,"CARBON,DISSOLVED ORGANIC",MG C/L,44.64556,-80.16722
201705002,2018-02-26 13:41:00,CCGS LIMNOS,GEORGIAN BAY,14,445216,-795809,9,30.11,2017-09-15 00:22:00,226,1.00,.00,0.10000000,,0,2.700000,D ORG C,"CARBON,DISSOLVED ORGANIC",MG C/L,44.87111,-79.96917
201705002,2018-02-26 13:41:00,CCGS LIMNOS,GEORGIAN BAY,19,453456,-810459,29,42.78,2017-09-16 15:55:00,226,1.00,.00,0.10000000,,0,2.000000,D ORG C,"CARBON,DISSOLVED ORGANIC",MG C/L,45.58222,-81.08306
201705002,2018-02-26 13:41:00,CCGS LIMNOS,GEORGIAN BAY,22,455156,-805957,27,17.72,2017-09-16 21:23:00,226,1.00,.00,0.10000000,,0,2.200000,D ORG C,"CARBON,DISSOLVED ORGANIC",MG C/L,45.86556,-80.99917
201705002,2018-02-26 13:41:00,CCGS LIMNOS,GEORGIAN BAY,25,455445,-813539,42,29.5,2017-09-17 05:24:00,226,1.00,.00,0.10000000,,0,2.500000,D ORG C,"CARBON,DISSOLVED ORGANIC",MG C/L,45.91250,-81.59417
201705001,2018-02-28 15:06:00,CCGS LIMNOS,GEORGIAN BAY,9,451442,-805229,17,77.50,2017-05-22 04:32:00,227,1.00,.00,0.00100000,,0,.075000,POC,"CARBON,PARTICULATE ORGANIC",MG C/L,45.24500,-80.87472
201705001,2018-02-28 15:06:00,CCGS LIMNOS,GEORGIAN BAY,9,451442,-805229,17,77.50,2017-05-22 04:32:00,227,50.00,.00,0.00030000,,0,.050000,POC,"CARBON,PARTICULATE ORGANIC",MG C/L,45.24500,-80.87472
201705001,2018-02-28 15:06:00,CCGS LIMNOS,GEORGIAN BAY,9,451442,-805229,17,77.50,2017-05-22 04:32:00,227,67.00,.00,0.00070000,,0,.068000,POC,"CARBON,PARTICULATE ORGANIC",MG C/L,45.24500,-80.87472
201705001,2018-02-28 15:06:00,CCGS LIMNOS,GEORGIAN BAY,9,451442,-805229,17,77.50,2017-05-22 04:32:00,227,75.00,.00,0.00050000,,0,.060000,POC,"CARBON,PARTICULATE ORGANIC",MG C/L,45.24500,-80.87472
201705001,2018-02-28 15:06:00,CCGS LIMNOS,GEORGIAN BAY,10,452113,-802912,16,18.38,2017-05-22 14:25:00,227,998.00,.00,0.00050000,,0,.011000,POC,"CARBON,PARTICULATE ORGANIC",MG C/L,45.35361,-80.48667
201705001,2018-02-28 15:06:00,CCGS LIMNOS,GEORGIAN BAY,16,443847,-801004,4,58.00,2017-05-23 06:33:00,227,1.00,.00,0.00030000,,0,.104000,POC,"CARBON,PARTICULATE ORGANIC",MG C/L,44.64639,-80.16778
201705001,2018-02-28 15:06:00,CCGS LIMNOS,GEORGIAN BAY,16,443847,-801004,4,58.00,2017-05-23 06:33:00,227,48.00,.00,0.00050000,,0,.152000,POC,"CARBON,PARTICULATE ORGANIC",MG C/L,44.64639,-80.16778
201705001,2018-02-28 15:06:00,CCGS LIMNOS,GEORGIAN BAY,16,443847,-801004,4,58.00,2017-05-23 06:33:00,227,56.00,.00,0.00030000,,0,.050000,POC,"CARBON,PARTICULATE ORGANIC",MG C/L,44.64639,-80.16778
201705001,2018-02-28 15:06:00,CCGS LIMNOS,GEORGIAN BAY,20,445513,-803624,11,61.50,2017-05-23 17:16:00,227,998.00,.00,0.00020000,,0,.005000,POC,"CARBON,PARTICULATE ORGANIC",MG C/L,44.92028,-80.60667
201705002,2018-02-26 13:41:00,CCGS LIMNOS,GEORGIAN BAY,10,444329,-803701,3,34.36,2017-09-14 13:46:00,227,998.00,.00,0.00050000,,0,.010000,POC,"CARBON,PARTICULATE ORGANIC",MG C/L,44.72472,-80.61694
201705002,2018-02-26 13:41:00,CCGS LIMNOS,GEORGIAN BAY,20,454042,-805022,24,40.01,2017-09-16 18:12:00,227,998.00,.00,0.00050000,,0,.007000,POC,"CARBON,PARTICULATE ORGANIC",MG C/L,45.67833,-80.83944
201705001,2018-02-28 15:06:00,CCGS LIMNOS,GEORGIAN BAY,2,455445,-813545,42,20.00,2017-05-21 14:33:00,236,1.00,.00,0.20000000,,0,16.300000,D.I.C,DISSOLVED INORGANIC CARBON,MG C/L,45.91250,-81.59583
201705001,2018-02-28 15:06:00,CCGS LIMNOS,GEORGIAN BAY,4,455158,-810004,27,16.00,2017-05-21 18:42:00,236,1.00,.00,0.20000000,,0,13.100000,D.I.C,DISSOLVED INORGANIC CARBON,MG C/L,45.86611,-81.00111
201705001,2018-02-28 15:06:00,CCGS LIMNOS,GEORGIAN BAY,7,453504,-810454,29,41.90,2017-05-21 23:25:00,236,1.00,.00,0.20000000,,0,17.100000,D.I.C,DISSOLVED INORGANIC CARBON,MG C/L,45.58444,-81.08167
201705001,2018-02-28 15:06:00,CCGS LIMNOS,GEORGIAN BAY,9,451442,-805229,17,77.50,2017-05-22 04:32:00,236,1.00,.00,0.20000000,,0,17.100000,D.I.C,DISSOLVED INORGANIC CARBON,MG C/L,45.24500,-80.87472
201705001,2018-02-28 15:06:00,CCGS LIMNOS,GEORGIAN BAY,9,451442,-805229,17,77.50,2017-05-22 04:32:00,236,1.00,.00,0.20000000,,1,16.900000,D.I.C,DISSOLVED INORGANIC CARBON,MG C/L,45.24500,-80.87472
201705001,2018-02-28 15:06:00,CCGS LIMNOS,GEORGIAN BAY,9,451442,-805229,17,77.50,2017-05-22 04:32:00,236,998.00,.00,0.20000000,,0,.300000,D.I.C,DISSOLVED INORGANIC CARBON,MG C/L,45.24500,-80.87472
201705001,2018-02-28 15:06:00,CCGS LIMNOS,GEORGIAN BAY,9,451442,-805229,17,77.50,2017-05-22 04:32:00,236,999.00,.00,0.20000000,,0,.300000,D.I.C,DISSOLVED INORGANIC CARBON,MG C/L,45.24500,-80.87472
201705001,2018-02-28 15:06:00,CCGS LIMNOS,GEORGIAN BAY,14,445219,-795801,9,28.89,2017-05-23 02:10:00,236,1.00,.00,0.20000000,,0,14.100000,D.I.C,DISSOLVED INORGANIC CARBON,MG C/L,44.87194,-79.96694
201705001,2018-02-28 15:06:00,CCGS LIMNOS,GEORGIAN BAY,16,443847,-801004,4,58.00,2017-05-23 06:33:00,236,1.00,.00,0.20000000,,0,17.500000,D.I.C,DISSOLVED INORGANIC CARBON,MG C/L,44.64639,-80.16778
201705001,2018-02-28 15:06:00,CCGS LIMNOS,GEORGIAN BAY,19,444306,-805120,1,89.30,2017-05-23 13:17:00,236,1.00,.00,0.20000000,,0,17.300000,D.I.C,DISSOLVED INORGANIC CARBON,MG C/L,44.71833,-80.85556
201705001,2018-02-28 15:06:00,CCGS LIMNOS,GEORGIAN BAY,24,452213,-813502,33,53.80,2017-05-24 04:03:00,236,1.00,.00,0.20000000,,0,17.100000,D.I.C,DISSOLVED INORGANIC CARBON,MG C/L,45.37028,-81.58389
201705002,2018-02-26 13:41:00,CCGS LIMNOS,GEORGIAN BAY,2,452212,-813508,33,54.52,2017-09-13 17:29:00,236,1.00,.00,0.20000000,,0,16.100000,D.I.C,DISSOLVED INORGANIC CARBON,MG C/L,45.37000,-81.58556
201705002,2018-02-26 13:41:00,CCGS LIMNOS,GEORGIAN BAY,5,451438,-805228,17,77.87,2017-09-14 01:23:00,236,1.00,.00,0.20000000,,0,15.700000,D.I.C,DISSOLVED INORGANIC CARBON,MG C/L,45.24389,-80.87444
201705002,2018-02-26 13:41:00,CCGS LIMNOS,GEORGIAN BAY,5,451438,-805228,17,77.87,2017-09-14 01:23:00,236,1.00,.00,0.20000000,,1,15.700000,D.I.C,DISSOLVED INORGANIC CARBON,MG C/L,45.24389,-80.87444
201705002,2018-02-26 13:41:00,CCGS LIMNOS,GEORGIAN BAY,5,451438,-805228,17,77.87,2017-09-14 01:23:00,236,998.00,.00,0.20000000,,0,.700000,D.I.C,DISSOLVED INORGANIC CARBON,MG C/L,45.24389,-80.87444
201705002,2018-02-26 13:41:00,CCGS LIMNOS,GEORGIAN BAY,5,451438,-805228,17,77.87,2017-09-14 01:23:00,236,999.00,.00,0.20000000,,0,.500000,D.I.C,DISSOLVED INORGANIC CARBON,MG C/L,45.24389,-80.87444
201705002,2018-02-26 13:41:00,CCGS LIMNOS,GEORGIAN BAY,9,444303,-805122,1,89.7,2017-09-14 11:41:00,236,1.00,.00,0.20000000,,0,16.700000,D.I.C,DISSOLVED INORGANIC CARBON,MG C/L,44.71750,-80.85611
201705002,2018-02-26 13:41:00,CCGS LIMNOS,GEORGIAN BAY,13,443844,-801002,4,57.57,2017-09-14 19:38:00,236,1.00,.00,0.20000000,,0,16.800000,D.I.C,DISSOLVED INORGANIC CARBON,MG C/L,44.64556,-80.16722
201705002,2018-02-26 13:41:00,CCGS LIMNOS,GEORGIAN BAY,14,445216,-795809,9,30.11,2017-09-15 00:22:00,236,1.00,.00,0.20000000,,0,15.200000,D.I.C,DISSOLVED INORGANIC CARBON,MG C/L,44.87111,-79.96917
201705002,2018-02-26 13:41:00,CCGS LIMNOS,GEORGIAN BAY,19,453456,-810459,29,42.78,2017-09-16 15:55:00,236,1.00,.00,0.20000000,,0,16.500000,D.I.C,DISSOLVED INORGANIC CARBON,MG C/L,45.58222,-81.08306
201705002,2018-02-26 13:41:00,CCGS LIMNOS,GEORGIAN BAY,22,455156,-805957,27,17.72,2017-09-16 21:23:00,236,1.00,.00,0.20000000,,0,15.700000,D.I.C,DISSOLVED INORGANIC CARBON,MG C/L,45.86556,-80.99917
201705002,2018-02-26 13:41:00,CCGS LIMNOS,GEORGIAN BAY,25,455445,-813539,42,29.5,2017-09-17 05:24:00,236,1.00,.00,0.20000000,,0,15.900000,D.I.C,DISSOLVED INORGANIC CARBON,MG C/L,45.91250,-81.59417
201705001,2018-02-28 15:06:00,CCGS LIMNOS,GEORGIAN BAY,1,454543,-814744,46,18.30,2017-05-21 12:28:00,245,1.00,.00,,,0,11.200000,D 02 W,"OXYGEN,CONCENTRATION DISSOLVED",MG 02/L,45.76194,-81.79556
201705001,2018-02-28 15:06:00,CCGS LIMNOS,GEORGIAN BAY,2,455445,-813545,42,20.00,2017-05-21 14:33:00,245,1.00,.00,,,0,10.930000,D 02 W,"OXYGEN,CONCENTRATION DISSOLVED",MG 02/L,45.91250,-81.59583
201705001,2018-02-28 15:06:00,CCGS LIMNOS,GEORGIAN BAY,2,455445,-813545,42,20.00,2017-05-21 14:33:00,245,10.00,.00,,,0,11.150000,D 02 W,"OXYGEN,CONCENTRATION DISSOLVED",MG 02/L,45.91250,-81.59583
201705001,2018-02-28 15:06:00,CCGS LIMNOS,GEORGIAN BAY,2,455445,-813545,42,20.00,2017-05-21 14:33:00,245,18.00,.00,,,0,11.030000,D 02 W,"OXYGEN,CONCENTRATION DISSOLVED",MG 02/L,45.91250,-81.59583
201705001,2018-02-28 15:06:00,CCGS LIMNOS,GEORGIAN BAY,3,455226,-811533,39,27.50,2017-05-21 17:07:00,245,1.00,.00,,,0,11.380000,D 02 W,"OXYGEN,CONCENTRATION DISSOLVED",MG 02/L,45.87389,-81.25917
201705001,2018-02-28 15:06:00,CCGS LIMNOS,GEORGIAN BAY,4,455158,-810004,27,16.00,2017-05-21 18:42:00,245,1.00,.00,,,0,10.710000,D 02 W,"OXYGEN,CONCENTRATION DISSOLVED",MG 02/L,45.86611,-81.00111
201705001,2018-02-28 15:06:00,CCGS LIMNOS,GEORGIAN BAY,4,455158,-810004,27,16.00,2017-05-21 18:42:00,245,14.00,.00,,,0,10.730000,D 02 W,"OXYGEN,CONCENTRATION DISSOLVED",MG 02/L,45.86611,-81.00111
201705001,2018-02-28 15:06:00,CCGS LIMNOS,GEORGIAN BAY,5,454957,-805402,26,20.52,2017-05-21 20:08:00,245,1.00,.00,,,0,10.840000,D 02 W,"OXYGEN,CONCENTRATION DISSOLVED",MG 02/L,45.83250,-80.90056
201705001,2018-02-28 15:06:00,CCGS LIMNOS,GEORGIAN BAY,5,454957,-805402,26,20.52,2017-05-21 20:08:00,245,1.00,.00,,,1,10.800000,D 02 W,"OXYGEN,CONCENTRATION DISSOLVED",MG 02/L,45.83250,-80.90056
201705001,2018-02-28 15:06:00,CCGS LIMNOS,GEORGIAN BAY,6,454045,-805024,24,39.70,2017-05-21 21:46:00,245,1.00,.00,,,0,11.460000,D 02 W,"OXYGEN,CONCENTRATION DISSOLVED",MG 02/L,45.67917,-80.84000
201705001,2018-02-28 15:06:00,CCGS LIMNOS,GEORGIAN BAY,7,453504,-810454,29,41.90,2017-05-21 23:25:00,245,1.00,.00,,,0,11.290000,D 02 W,"OXYGEN,CONCENTRATION DISSOLVED",MG 02/L,45.58444,-81.08167
201705001,2018-02-28 15:06:00,CCGS LIMNOS,GEORGIAN BAY,7,453504,-810454,29,41.90,2017-05-21 23:25:00,245,32.00,.00,,,0,11.350000,D 02 W,"OXYGEN,CONCENTRATION DISSOLVED",MG 02/L,45.58444,-81.08167
201705001,2018-02-28 15:06:00,CCGS LIMNOS,GEORGIAN BAY,7,453504,-810454,29,41.90,2017-05-21 23:25:00,245,40.00,.00,,,0,11.630000,D 02 W,"OXYGEN,CONCENTRATION DISSOLVED",MG 02/L,45.58444,-81.08167
201705001,2018-02-28 15:06:00,CCGS LIMNOS,GEORGIAN BAY,8,452154,-811120,21,86.27,2017-05-22 02:06:00,245,1.00,.00,,,0,11.410000,D 02 W,"OXYGEN,CONCENTRATION DISSOLVED",MG 02/L,45.36500,-81.18889
201705001,2018-02-28 15:06:00,CCGS LIMNOS,GEORGIAN BAY,9,451442,-805229,17,77.50,2017-05-22 04:32:00,245,1.00,.00,,,0,11.690000,D 02 W,"OXYGEN,CONCENTRATION DISSOLVED",MG 02/L,45.24500,-80.87472
201705001,2018-02-28 15:06:00,CCGS LIMNOS,GEORGIAN BAY,9,451442,-805229,17,77.50,2017-05-22 04:32:00,245,50.00,.00,,,0,11.430000,D 02 W,"OXYGEN,CONCENTRATION DISSOLVED",MG 02/L,45.24500,-80.87472
201705001,2018-02-28 15:06:00,CCGS LIMNOS,GEORGIAN BAY,9,451442,-805229,17,77.50,2017-05-22 04:32:00,245,67.00,.00,,,0,11.760000,D 02 W,"OXYGEN,CONCENTRATION DISSOLVED",MG 02/L,45.24500,-80.87472
201705001,2018-02-28 15:06:00,CCGS LIMNOS,GEORGIAN BAY,9,451442,-805229,17,77.50,2017-05-22 04:32:00,245,75.00,.00,,,0,11.910000,D 02 W,"OXYGEN,CONCENTRATION DISSOLVED",MG 02/L,45.24500,-80.87472
201705001,2018-02-28 15:06:00,CCGS LIMNOS,GEORGIAN BAY,10,452113,-802912,16,18.38,2017-05-22 14:25:00,245,1.00,.00,,,0,11.120000,D 02 W,"OXYGEN,CONCENTRATION DISSOLVED",MG 02/L,45.35361,-80.48667
201705001,2018-02-28 15:06:00,CCGS LIMNOS,GEORGIAN BAY,10,452113,-802912,16,18.38,2017-05-22 14:25:00,245,1.00,.00,,,1,12.080000,D 02 W,"OXYGEN,CONCENTRATION DISSOLVED",MG 02/L,45.35361,-80.48667
201705001,2018-02-28 15:06:00,CCGS LIMNOS,GEORGIAN BAY,11,451928,-800703,122,94.00,2017-05-22 16:41:00,245,1.00,.00,,,0,10.970000,D 02 W,"OXYGEN,CONCENTRATION DISSOLVED",MG 02/L,45.32444,-80.11750
201705001,2018-02-28 15:06:00,CCGS LIMNOS,GEORGIAN BAY,12,451001,-801748,15,44.50,2017-05-22 22:41:00,245,1.00,.00,,,0,11.060000,D 02 W,"OXYGEN,CONCENTRATION DISSOLVED",MG 02/L,45.16694,-80.29667
201705001,2018-02-28 15:06:00,CCGS LIMNOS,GEORGIAN BAY,13,445711,-800859,8,50.57,2017-05-23 00:40:00,245,1.00,.00,,,0,12.520000,D 02 W,"OXYGEN,CONCENTRATION DISSOLVED",MG 02/L,44.95306,-80.14972
201705001,2018-02-28 15:06:00,CCGS LIMNOS,GEORGIAN BAY,14,445219,-795801,9,28.89,2017-05-23 02:10:00,245,1.00,.00,,,0,10.750000,D 02 W,"OXYGEN,CONCENTRATION DISSOLVED",MG 02/L,44.87194,-79.96694
201705001,2018-02-28 15:06:00,CCGS LIMNOS,GEORGIAN BAY,14,445219,-795801,9,28.89,2017-05-23 02:10:00,245,18.00,.00,,,0,11.580000,D 02 W,"OXYGEN,CONCENTRATION DISSOLVED",MG 02/L,44.87194,-79.96694
201705001,2018-02-28 15:06:00,CCGS LIMNOS,GEORGIAN BAY,14,445219,-795801,9,28.89,2017-05-23 02:10:00,245,26.00,.00,,,0,11.750000,D 02 W,"OXYGEN,CONCENTRATION DISSOLVED",MG 02/L,44.87194,-79.96694
201705001,2018-02-28 15:06:00,CCGS LIMNOS,GEORGIAN BAY,15,444749,-801440,5,57.50,2017-05-23 05:03:00,245,1.00,.00,,,0,11.010000,D 02 W,"OXYGEN,CONCENTRATION DISSOLVED",MG 02/L,44.79694,-80.24444
201705001,2018-02-28 15:06:00,CCGS LIMNOS,GEORGIAN BAY,15,444749,-801440,5,57.50,2017-05-23 05:03:00,245,1.00,.00,,,1,10.870000,D 02 W,"OXYGEN,CONCENTRATION DISSOLVED",MG 02/L,44.79694,-80.24444
201705001,2018-02-28 15:06:00,CCGS LIMNOS,GEORGIAN BAY,16,443847,-801004,4,58.00,2017-05-23 06:33:00,245,1.00,.00,,,0,11.240000,D 02 W,"OXYGEN,CONCENTRATION DISSOLVED",MG 02/L,44.64639,-80.16778
201705001,2018-02-28 15:06:00,CCGS LIMNOS,GEORGIAN BAY,16,443847,-801004,4,58.00,2017-05-23 06:33:00,245,48.00,.00,,,0,11.480000,D 02 W,"OXYGEN,CONCENTRATION DISSOLVED",MG 02/L,44.64639,-80.16778
201705001,2018-02-28 15:06:00,CCGS LIMNOS,GEORGIAN BAY,16,443847,-801004,4,58.00,2017-05-23 06:33:00,245,56.00,.00,,,0,11.620000,D 02 W,"OXYGEN,CONCENTRATION DISSOLVED",MG 02/L,44.64639,-80.16778
201705001,2018-02-28 15:06:00,CCGS LIMNOS,GEORGIAN BAY,17,444414,-802604,6,85.93,2017-05-23 09:11:00,245,1.00,.00,,,0,11.360000,D 02 W,"OXYGEN,CONCENTRATION DISSOLVED",MG 02/L,44.73722,-80.43444
201705001,2018-02-28 15:06:00,CCGS LIMNOS,GEORGIAN BAY,18,444330,-803656,3,34.05,2017-05-23 10:38:00,245,1.00,.00,,,0,11.290000,D 02 W,"OXYGEN,CONCENTRATION DISSOLVED",MG 02/L,44.72500,-80.61556
201705001,2018-02-28 15:06:00,CCGS LIMNOS,GEORGIAN BAY,19,444306,-805120,1,89.30,2017-05-23 13:17:00,245,1.00,.00,,,0,11.420000,D 02 W,"OXYGEN,CONCENTRATION DISSOLVED",MG 02/L,44.71833,-80.85556
201705001,2018-02-28 15:06:00,CCGS LIMNOS,GEORGIAN BAY,19,444306,-805120,1,89.30,2017-05-23 13:17:00,245,50.00,.00,,,0,12.100000,D 02 W,"OXYGEN,CONCENTRATION DISSOLVED",MG 02/L,44.71833,-80.85556
201705001,2018-02-28 15:06:00,CCGS LIMNOS,GEORGIAN BAY,19,444306,-805120,1,89.30,2017-05-23 13:17:00,245,79.00,.00,,,0,11.880000,D 02 W,"OXYGEN,CONCENTRATION DISSOLVED",MG 02/L,44.71833,-80.85556
201705001,2018-02-28 15:06:00,CCGS LIMNOS,GEORGIAN BAY,19,444306,-805120,1,89.30,2017-05-23 13:17:00,245,87.00,.00,,,0,12.110000,D 02 W,"OXYGEN,CONCENTRATION DISSOLVED",MG 02/L,44.71833,-80.85556
201705001,2018-02-28 15:06:00,CCGS LIMNOS,GEORGIAN BAY,20,445513,-803624,11,61.50,2017-05-23 17:16:00,245,1.00,.00,,,0,11.800000,D 02 W,"OXYGEN,CONCENTRATION DISSOLVED",MG 02/L,44.92028,-80.60667
201705001,2018-02-28 15:06:00,CCGS LIMNOS,GEORGIAN BAY,20,445513,-803624,11,61.50,2017-05-23 17:16:00,245,1.00,.00,,,1,11.750000,D 02 W,"OXYGEN,CONCENTRATION DISSOLVED",MG 02/L,44.92028,-80.60667
201705001,2018-02-28 15:06:00,CCGS LIMNOS,GEORGIAN BAY,21,445512,-805224,12,87.90,2017-05-23 19:27:00,245,1.00,.00,,,0,11.520000,D 02 W,"OXYGEN,CONCENTRATION DISSOLVED",MG 02/L,44.92000,-80.87333
201705001,2018-02-28 15:06:00,CCGS LIMNOS,GEORGIAN BAY,22,450359,-811508,19,53.41,2017-05-23 22:43:00,245,1.00,.00,,,0,11.470000,D 02 W,"OXYGEN,CONCENTRATION DISSOLVED",MG 02/L,45.06639,-81.25222
201705001,2018-02-28 15:06:00,CCGS LIMNOS,GEORGIAN BAY,23,451421,-812625,31,71.68,2017-05-24 02:35:00,245,1.00,.00,,,0,11.360000,D 02 W,"OXYGEN,CONCENTRATION DISSOLVED",MG 02/L,45.23917,-81.44028
201705001,2018-02-28 15:06:00,CCGS LIMNOS,GEORGIAN BAY,24,452213,-813502,33,53.80,2017-05-24 04:03:00,245,1.00,.00,,,0,11.610000,D 02 W,"OXYGEN,CONCENTRATION DISSOLVED",MG 02/L,45.37028,-81.58389
201705001,2018-02-28 15:06:00,CCGS LIMNOS,GEORGIAN BAY,24,452213,-813502,33,53.80,2017-05-24 04:03:00,245,43.00,.00,,,0,11.470000,D 02 W,"OXYGEN,CONCENTRATION DISSOLVED",MG 02/L,45.37028,-81.58389
201705001,2018-02-28 15:06:00,CCGS LIMNOS,GEORGIAN BAY,24,452213,-813502,33,53.80,2017-05-24 04:03:00,245,51.00,.00,,,0,11.340000,D 02 W,"OXYGEN,CONCENTRATION DISSOLVED",MG 02/L,45.37028,-81.58389
201705002,2018-02-26 13:41:00,CCGS LIMNOS,GEORGIAN BAY,1,453140,-814010,35,35.29,2017-09-13 15:45:00,245,1.00,.00,,,0,9.500000,D 02 W,"OXYGEN,CONCENTRATION DISSOLVED",MG 02/L,45.52778,-81.66944
201705002,2018-02-26 13:41:00,CCGS LIMNOS,GEORGIAN BAY,2,452212,-813508,33,54.52,2017-09-13 17:29:00,245,1.00,.00,,,0,9.280000,D 02 W,"OXYGEN,CONCENTRATION DISSOLVED",MG 02/L,45.37000,-81.58556
201705002,2018-02-26 13:41:00,CCGS LIMNOS,GEORGIAN BAY,2,452212,-813508,33,54.52,2017-09-13 17:29:00,245,12.00,.00,,,0,9.670000,D 02 W,"OXYGEN,CONCENTRATION DISSOLVED",MG 02/L,45.37000,-81.58556
201705002,2018-02-26 13:41:00,CCGS LIMNOS,GEORGIAN BAY,2,452212,-813508,33,54.52,2017-09-13 17:29:00,245,20.00,.00,,,0,10.780000,D 02 W,"OXYGEN,CONCENTRATION DISSOLVED",MG 02/L,45.37000,-81.58556
201705002,2018-02-26 13:41:00,CCGS LIMNOS,GEORGIAN BAY,2,452212,-813508,33,54.52,2017-09-13 17:29:00,245,30.00,.00,,,0,11.040000,D 02 W,"OXYGEN,CONCENTRATION DISSOLVED",MG 02/L,45.37000,-81.58556
201705002,2018-02-26 13:41:00,CCGS LIMNOS,GEORGIAN BAY,2,452212,-813508,33,54.52,2017-09-13 17:29:00,245,44.00,.00,,,0,11.110000,D 02 W,"OXYGEN,CONCENTRATION DISSOLVED",MG 02/L,45.37000,-81.58556
201705002,2018-02-26 13:41:00,CCGS LIMNOS,GEORGIAN BAY,2,452212,-813508,33,54.52,2017-09-13 17:29:00,245,52.00,.00,,,0,11.200000,D 02 W,"OXYGEN,CONCENTRATION DISSOLVED",MG 02/L,45.37000,-81.58556
201705002,2018-02-26 13:41:00,CCGS LIMNOS,GEORGIAN BAY,3,451419,-812628,31,64.75,2017-09-13 19:30:00,245,1.00,.00,,,0,9.310000,D 02 W,"OXYGEN,CONCENTRATION DISSOLVED",MG 02/L,45.23861,-81.44111
201705002,2018-02-26 13:41:00,CCGS LIMNOS,GEORGIAN BAY,4,452154,-811124,21,86.36,2017-09-13 22:54:00,245,1.00,.00,,,0,9.290000,D 02 W,"OXYGEN,CONCENTRATION DISSOLVED",MG 02/L,45.36500,-81.19000
201705002,2018-02-26 13:41:00,CCGS LIMNOS,GEORGIAN BAY,5,451438,-805228,17,77.87,2017-09-14 01:23:00,245,1.00,.00,,,0,9.280000,D 02 W,"OXYGEN,CONCENTRATION DISSOLVED",MG 02/L,45.24389,-80.87444
201705002,2018-02-26 13:41:00,CCGS LIMNOS,GEORGIAN BAY,5,451438,-805228,17,77.87,2017-09-14 01:23:00,245,1.00,.00,,,1,9.330000,D 02 W,"OXYGEN,CONCENTRATION DISSOLVED",MG 02/L,45.24389,-80.87444
201705002,2018-02-26 13:41:00,CCGS LIMNOS,GEORGIAN BAY,5,451438,-805228,17,77.87,2017-09-14 01:23:00,245,20.00,.00,,,0,9.860000,D 02 W,"OXYGEN,CONCENTRATION DISSOLVED",MG 02/L,45.24389,-80.87444
201705002,2018-02-26 13:41:00,CCGS LIMNOS,GEORGIAN BAY,5,451438,-805228,17,77.87,2017-09-14 01:23:00,245,27.00,.00,,,0,10.450000,D 02 W,"OXYGEN,CONCENTRATION DISSOLVED",MG 02/L,45.24389,-80.87444
201705002,2018-02-26 13:41:00,CCGS LIMNOS,GEORGIAN BAY,5,451438,-805228,17,77.87,2017-09-14 01:23:00,245,41.00,.00,,,0,10.980000,D 02 W,"OXYGEN,CONCENTRATION DISSOLVED",MG 02/L,45.24389,-80.87444
201705002,2018-02-26 13:41:00,CCGS LIMNOS,GEORGIAN BAY,5,451438,-805228,17,77.87,2017-09-14 01:23:00,245,68.00,.00,,,0,11.060000,D 02 W,"OXYGEN,CONCENTRATION DISSOLVED",MG 02/L,45.24389,-80.87444
201705002,2018-02-26 13:41:00,CCGS LIMNOS,GEORGIAN BAY,5,451438,-805228,17,77.87,2017-09-14 01:23:00,245,76.00,.00,,,0,11.070000,D 02 W,"OXYGEN,CONCENTRATION DISSOLVED",MG 02/L,45.24389,-80.87444
201705002,2018-02-26 13:41:00,CCGS LIMNOS,GEORGIAN BAY,6,450401,-811513,19,53.73,2017-09-14 04:33:00,245,1.00,.00,,,0,9.480000,D 02 W,"OXYGEN,CONCENTRATION DISSOLVED",MG 02/L,45.06694,-81.25361
201705002,2018-02-26 13:41:00,CCGS LIMNOS,GEORGIAN BAY,7,445512,-805230,12,88.49,2017-09-14 07:17:00,245,1.00,.00,,,0,9.390000,D 02 W,"OXYGEN,CONCENTRATION DISSOLVED",MG 02/L,44.92000,-80.87500
201705002,2018-02-26 13:41:00,CCGS LIMNOS,GEORGIAN BAY,8,445514,-803622,11,62.16,2017-09-14 09:18:00,245,1.00,.00,,,0,9.420000,D 02 W,"OXYGEN,CONCENTRATION DISSOLVED",MG 02/L,44.92056,-80.60611
201705002,2018-02-26 13:41:00,CCGS LIMNOS,GEORGIAN BAY,9,444303,-805122,1,89.7,2017-09-14 11:41:00,245,1.00,.00,,,0,9.440000,D 02 W,"OXYGEN,CONCENTRATION DISSOLVED",MG 02/L,44.71750,-80.85611
201705002,2018-02-26 13:41:00,CCGS LIMNOS,GEORGIAN BAY,9,444303,-805122,1,89.7,2017-09-14 11:41:00,245,19.00,.00,,,0,10.130000,D 02 W,"OXYGEN,CONCENTRATION DISSOLVED",MG 02/L,44.71750,-80.85611
201705002,2018-02-26 13:41:00,CCGS LIMNOS,GEORGIAN BAY,9,444303,-805122,1,89.7,2017-09-14 11:41:00,245,25.00,.00,,,0,11.200000,D 02 W,"OXYGEN,CONCENTRATION DISSOLVED",MG 02/L,44.71750,-80.85611
201705002,2018-02-26 13:41:00,CCGS LIMNOS,GEORGIAN BAY,9,444303,-805122,1,89.7,2017-09-14 11:41:00,245,34.00,.00,,,0,11.410000,D 02 W,"OXYGEN,CONCENTRATION DISSOLVED",MG 02/L,44.71750,-80.85611
201705002,2018-02-26 13:41:00,CCGS LIMNOS,GEORGIAN BAY,9,444303,-805122,1,89.7,2017-09-14 11:41:00,245,80.00,.00,,,0,11.140000,D 02 W,"OXYGEN,CONCENTRATION DISSOLVED",MG 02/L,44.71750,-80.85611
201705002,2018-02-26 13:41:00,CCGS LIMNOS,GEORGIAN BAY,9,444303,-805122,1,89.7,2017-09-14 11:41:00,245,88.00,.00,,,0,11.260000,D 02 W,"OXYGEN,CONCENTRATION DISSOLVED",MG 02/L,44.71750,-80.85611
201705002,2018-02-26 13:41:00,CCGS LIMNOS,GEORGIAN BAY,10,444329,-803701,3,34.36,2017-09-14 13:46:00,245,1.00,.00,,,0,9.370000,D 02 W,"OXYGEN,CONCENTRATION DISSOLVED",MG 02/L,44.72472,-80.61694
201705002,2018-02-26 13:41:00,CCGS LIMNOS,GEORGIAN BAY,10,444329,-803701,3,34.36,2017-09-14 13:46:00,245,1.00,.00,,,1,9.400000,D 02 W,"OXYGEN,CONCENTRATION DISSOLVED",MG 02/L,44.72472,-80.61694
201705002,2018-02-26 13:41:00,CCGS LIMNOS,GEORGIAN BAY,11,444411,-802606,6,87.05,2017-09-14 15:18:00,245,1.00,.00,,,0,9.290000,D 02 W,"OXYGEN,CONCENTRATION DISSOLVED",MG 02/L,44.73639,-80.43500
201705002,2018-02-26 13:41:00,CCGS LIMNOS,GEORGIAN BAY,12,444746,-801436,5,58.89,2017-09-14 17:16:00,245,1.00,.00,,,0,9.290000,D 02 W,"OXYGEN,CONCENTRATION DISSOLVED",MG 02/L,44.79611,-80.24333
201705002,2018-02-26 13:41:00,CCGS LIMNOS,GEORGIAN BAY,13,443844,-801002,4,57.57,2017-09-14 19:38:00,245,1.00,.00,,,0,9.170000,D 02 W,"OXYGEN,CONCENTRATION DISSOLVED",MG 02/L,44.64556,-80.16722
201705002,2018-02-26 13:41:00,CCGS LIMNOS,GEORGIAN BAY,13,443844,-801002,4,57.57,2017-09-14 19:38:00,245,20.00,.00,,,0,9.390000,D 02 W,"OXYGEN,CONCENTRATION DISSOLVED",MG 02/L,44.64556,-80.16722
201705002,2018-02-26 13:41:00,CCGS LIMNOS,GEORGIAN BAY,13,443844,-801002,4,57.57,2017-09-14 19:38:00,245,27.00,.00,,,0,11.000000,D 02 W,"OXYGEN,CONCENTRATION DISSOLVED",MG 02/L,44.64556,-80.16722
201705002,2018-02-26 13:41:00,CCGS LIMNOS,GEORGIAN BAY,13,443844,-801002,4,57.57,2017-09-14 19:38:00,245,41.00,.00,,,0,10.230000,D 02 W,"OXYGEN,CONCENTRATION DISSOLVED",MG 02/L,44.64556,-80.16722
201705002,2018-02-26 13:41:00,CCGS LIMNOS,GEORGIAN BAY,13,443844,-801002,4,57.57,2017-09-14 19:38:00,245,47.00,.00,,,0,10.130000,D 02 W,"OXYGEN,CONCENTRATION DISSOLVED",MG 02/L,44.64556,-80.16722
201705002,2018-02-26 13:41:00,CCGS LIMNOS,GEORGIAN BAY,13,443844,-801002,4,57.57,2017-09-14 19:38:00,245,55.00,.00,,,0,10.640000,D 02 W,"OXYGEN,CONCENTRATION DISSOLVED",MG 02/L,44.64556,-80.16722
201705002,2018-02-26 13:41:00,CCGS LIMNOS,GEORGIAN BAY,14,445216,-795809,9,30.11,2017-09-15 00:22:00,245,1.00,.00,,,0,9.450000,D 02 W,"OXYGEN,CONCENTRATION DISSOLVED",MG 02/L,44.87111,-79.96917
201705002,2018-02-26 13:41:00,CCGS LIMNOS,GEORGIAN BAY,14,445216,-795809,9,30.11,2017-09-15 00:22:00,245,20.00,.00,,,0,9.040000,D 02 W,"OXYGEN,CONCENTRATION DISSOLVED",MG 02/L,44.87111,-79.96917
201705002,2018-02-26 13:41:00,CCGS LIMNOS,GEORGIAN BAY,14,445216,-795809,9,30.11,2017-09-15 00:22:00,245,28.00,.00,,,0,9.390000,D 02 W,"OXYGEN,CONCENTRATION DISSOLVED",MG 02/L,44.87111,-79.96917
201705002,2018-02-26 13:41:00,CCGS LIMNOS,GEORGIAN BAY,15,445709,-800856,8,50.79,2017-09-15 02:47:00,245,1.00,.00,,,0,9.230000,D 02 W,"OXYGEN,CONCENTRATION DISSOLVED",MG 02/L,44.95250,-80.14889
201705002,2018-02-26 13:41:00,CCGS LIMNOS,GEORGIAN BAY,15,445709,-800856,8,50.79,2017-09-15 02:47:00,245,1.00,.00,,,1,9.300000,D 02 W,"OXYGEN,CONCENTRATION DISSOLVED",MG 02/L,44.95250,-80.14889
201705002,2018-02-26 13:41:00,CCGS LIMNOS,GEORGIAN BAY,16,450959,-801749,15,46.62,2017-09-15 05:51:00,245,1.00,.00,,,0,9.240000,D 02 W,"OXYGEN,CONCENTRATION DISSOLVED",MG 02/L,45.16639,-80.29694
201705002,2018-02-26 13:41:00,CCGS LIMNOS,GEORGIAN BAY,17,452112,-802908,16,19.01,2017-09-15 09:06:00,245,1.00,.00,,,0,9.350000,D 02 W,"OXYGEN,CONCENTRATION DISSOLVED",MG 02/L,45.35333,-80.48556
201705002,2018-02-26 13:41:00,CCGS LIMNOS,GEORGIAN BAY,18,451930,-800658,122,94.89,2017-09-15 12:02:00,245,1.00,.00,,,0,9.630000,D 02 W,"OXYGEN,CONCENTRATION DISSOLVED",MG 02/L,45.32500,-80.11611
201705002,2018-02-26 13:41:00,CCGS LIMNOS,GEORGIAN BAY,19,453456,-810459,29,42.78,2017-09-16 15:55:00,245,1.00,.00,,,0,9.320000,D 02 W,"OXYGEN,CONCENTRATION DISSOLVED",MG 02/L,45.58222,-81.08306
201705002,2018-02-26 13:41:00,CCGS LIMNOS,GEORGIAN BAY,19,453456,-810459,29,42.78,2017-09-16 15:55:00,245,16.00,.00,,,0,9.440000,D 02 W,"OXYGEN,CONCENTRATION DISSOLVED",MG 02/L,45.58222,-81.08306
201705002,2018-02-26 13:41:00,CCGS LIMNOS,GEORGIAN BAY,19,453456,-810459,29,42.78,2017-09-16 15:55:00,245,21.00,.00,,,0,10.630000,D 02 W,"OXYGEN,CONCENTRATION DISSOLVED",MG 02/L,45.58222,-81.08306
201705002,2018-02-26 13:41:00,CCGS LIMNOS,GEORGIAN BAY,19,453456,-810459,29,42.78,2017-09-16 15:55:00,245,26.00,.00,,,0,11.050000,D 02 W,"OXYGEN,CONCENTRATION DISSOLVED",MG 02/L,45.58222,-81.08306
201705002,2018-02-26 13:41:00,CCGS LIMNOS,GEORGIAN BAY,19,453456,-810459,29,42.78,2017-09-16 15:55:00,245,32.00,.00,,,0,10.930000,D 02 W,"OXYGEN,CONCENTRATION DISSOLVED",MG 02/L,45.58222,-81.08306
201705002,2018-02-26 13:41:00,CCGS LIMNOS,GEORGIAN BAY,19,453456,-810459,29,42.78,2017-09-16 15:55:00,245,40.00,.00,,,0,10.930000,D 02 W,"OXYGEN,CONCENTRATION DISSOLVED",MG 02/L,45.58222,-81.08306
201705002,2018-02-26 13:41:00,CCGS LIMNOS,GEORGIAN BAY,20,454042,-805022,24,40.01,2017-09-16 18:12:00,245,1.00,.00,,,0,9.230000,D 02 W,"OXYGEN,CONCENTRATION DISSOLVED",MG 02/L,45.67833,-80.83944
201705002,2018-02-26 13:41:00,CCGS LIMNOS,GEORGIAN BAY,20,454042,-805022,24,40.01,2017-09-16 18:12:00,245,1.00,.00,,,1,9.290000,D 02 W,"OXYGEN,CONCENTRATION DISSOLVED",MG 02/L,45.67833,-80.83944
201705002,2018-02-26 13:41:00,CCGS LIMNOS,GEORGIAN BAY,21,455000,-805357,26,20.11,2017-09-16 20:13:00,245,1.00,.00,,,0,9.290000,D 02 W,"OXYGEN,CONCENTRATION DISSOLVED",MG 02/L,45.83333,-80.89917
201705002,2018-02-26 13:41:00,CCGS LIMNOS,GEORGIAN BAY,22,455156,-805957,27,17.72,2017-09-16 21:23:00,245,1.00,.00,,,0,9.250000,D 02 W,"OXYGEN,CONCENTRATION DISSOLVED",MG 02/L,45.86556,-80.99917
201705002,2018-02-26 13:41:00,CCGS LIMNOS,GEORGIAN BAY,22,455156,-805957,27,17.72,2017-09-16 21:23:00,245,8.00,.00,,,0,9.300000,D 02 W,"OXYGEN,CONCENTRATION DISSOLVED",MG 02/L,45.86556,-80.99917
201705002,2018-02-26 13:41:00,CCGS LIMNOS,GEORGIAN BAY,22,455156,-805957,27,17.72,2017-09-16 21:23:00,245,15.00,.00,,,0,9.230000,D 02 W,"OXYGEN,CONCENTRATION DISSOLVED",MG 02/L,45.86556,-80.99917
201705002,2018-02-26 13:41:00,CCGS LIMNOS,GEORGIAN BAY,23,455223,-811531,39,28.28,2017-09-16 23:25:00,245,1.00,.00,,,0,9.070000,D 02 W,"OXYGEN,CONCENTRATION DISSOLVED",MG 02/L,45.87306,-81.25861
201705002,2018-02-26 13:41:00,CCGS LIMNOS,GEORGIAN BAY,24,454230,-813710,36,52.89,2017-09-17 02:19:00,245,1.00,.00,,,0,9.110000,D 02 W,"OXYGEN,CONCENTRATION DISSOLVED",MG 02/L,45.70833,-81.61944
201705002,2018-02-26 13:41:00,CCGS LIMNOS,GEORGIAN BAY,25,455445,-813539,42,29.5,2017-09-17 05:24:00,245,1.00,.00,,,0,9.440000,D 02 W,"OXYGEN,CONCENTRATION DISSOLVED",MG 02/L,45.91250,-81.59417
201705002,2018-02-26 13:41:00,CCGS LIMNOS,GEORGIAN BAY,25,455445,-813539,42,29.5,2017-09-17 05:24:00,245,1.00,.00,,,1,9.510000,D 02 W,"OXYGEN,CONCENTRATION DISSOLVED",MG 02/L,45.91250,-81.59417
201705002,2018-02-26 13:41:00,CCGS LIMNOS,GEORGIAN BAY,25,455445,-813539,42,29.5,2017-09-17 05:24:00,245,19.00,.00,,,0,9.580000,D 02 W,"OXYGEN,CONCENTRATION DISSOLVED",MG 02/L,45.91250,-81.59417
201705002,2018-02-26 13:41:00,CCGS LIMNOS,GEORGIAN BAY,25,455445,-813539,42,29.5,2017-09-17 05:24:00,245,22.00,.00,,,0,9.860000,D 02 W,"OXYGEN,CONCENTRATION DISSOLVED",MG 02/L,45.91250,-81.59417
201705002,2018-02-26 13:41:00,CCGS LIMNOS,GEORGIAN BAY,26,454546,-814745,46,19.2,2017-09-17 09:00:00,245,1.00,.00,,,0,9.670000,D 02 W,"OXYGEN,CONCENTRATION DISSOLVED",MG 02/L,45.76278,-81.79583
201705001,2018-02-28 15:06:00,CCGS LIMNOS,GEORGIAN BAY,1,454543,-814744,46,18.30,2017-05-21 12:28:00,247,1.00,.00,,,0,97.200000,SAT 02,"OXYGEN,% SAT. DISSOLVED",PERCENT,45.76194,-81.79556
201705001,2018-02-28 15:06:00,CCGS LIMNOS,GEORGIAN BAY,2,455445,-813545,42,20.00,2017-05-21 14:33:00,247,1.00,.00,,,0,93.600000,SAT 02,"OXYGEN,% SAT. DISSOLVED",PERCENT,45.91250,-81.59583
201705001,2018-02-28 15:06:00,CCGS LIMNOS,GEORGIAN BAY,2,455445,-813545,42,20.00,2017-05-21 14:33:00,247,10.00,.00,,,0,95.510000,SAT 02,"OXYGEN,% SAT. DISSOLVED",PERCENT,45.91250,-81.59583
201705001,2018-02-28 15:06:00,CCGS LIMNOS,GEORGIAN BAY,2,455445,-813545,42,20.00,2017-05-21 14:33:00,247,18.00,.00,,,0,94.390000,SAT 02,"OXYGEN,% SAT. DISSOLVED",PERCENT,45.91250,-81.59583
201705001,2018-02-28 15:06:00,CCGS LIMNOS,GEORGIAN BAY,3,455226,-811533,39,27.50,2017-05-21 17:07:00,247,1.00,.00,,,0,95.130000,SAT 02,"OXYGEN,% SAT. DISSOLVED",PERCENT,45.87389,-81.25917
201705001,2018-02-28 15:06:00,CCGS LIMNOS,GEORGIAN BAY,4,455158,-810004,27,16.00,2017-05-21 18:42:00,247,1.00,.00,,,0,91.580000,SAT 02,"OXYGEN,% SAT. DISSOLVED",PERCENT,45.86611,-81.00111
201705001,2018-02-28 15:06:00,CCGS LIMNOS,GEORGIAN BAY,4,455158,-810004,27,16.00,2017-05-21 18:42:00,247,14.00,.00,,,0,91.590000,SAT 02,"OXYGEN,% SAT. DISSOLVED",PERCENT,45.86611,-81.00111
201705001,2018-02-28 15:06:00,CCGS LIMNOS,GEORGIAN BAY,5,454957,-805402,26,20.52,2017-05-21 20:08:00,247,1.00,.00,,,0,92.050000,SAT 02,"OXYGEN,% SAT. DISSOLVED",PERCENT,45.83250,-80.90056
201705001,2018-02-28 15:06:00,CCGS LIMNOS,GEORGIAN BAY,5,454957,-805402,26,20.52,2017-05-21 20:08:00,247,1.00,.00,,,1,91.710000,SAT 02,"OXYGEN,% SAT. DISSOLVED",PERCENT,45.83250,-80.90056
201705001,2018-02-28 15:06:00,CCGS LIMNOS,GEORGIAN BAY,6,454045,-805024,24,39.70,2017-05-21 21:46:00,247,1.00,.00,,,0,90.690000,SAT 02,"OXYGEN,% SAT. DISSOLVED",PERCENT,45.67917,-80.84000
201705001,2018-02-28 15:06:00,CCGS LIMNOS,GEORGIAN BAY,7,453504,-810454,29,41.90,2017-05-21 23:25:00,247,1.00,.00,,,0,88.820000,SAT 02,"OXYGEN,% SAT. DISSOLVED",PERCENT,45.58444,-81.08167
201705001,2018-02-28 15:06:00,CCGS LIMNOS,GEORGIAN BAY,7,453504,-810454,29,41.90,2017-05-21 23:25:00,247,32.00,.00,,,0,89.250000,SAT 02,"OXYGEN,% SAT. DISSOLVED",PERCENT,45.58444,-81.08167
201705001,2018-02-28 15:06:00,CCGS LIMNOS,GEORGIAN BAY,7,453504,-810454,29,41.90,2017-05-21 23:25:00,247,40.00,.00,,,0,91.450000,SAT 02,"OXYGEN,% SAT. DISSOLVED",PERCENT,45.58444,-81.08167
201705001,2018-02-28 15:06:00,CCGS LIMNOS,GEORGIAN BAY,8,452154,-811120,21,86.27,2017-05-22 02:06:00,247,1.00,.00,,,0,86.410000,SAT 02,"OXYGEN,% SAT. DISSOLVED",PERCENT,45.36500,-81.18889
201705001,2018-02-28 15:06:00,CCGS LIMNOS,GEORGIAN BAY,9,451442,-805229,17,77.50,2017-05-22 04:32:00,247,1.00,.00,,,0,89.200000,SAT 02,"OXYGEN,% SAT. DISSOLVED",PERCENT,45.24500,-80.87472
201705001,2018-02-28 15:06:00,CCGS LIMNOS,GEORGIAN BAY,9,451442,-805229,17,77.50,2017-05-22 04:32:00,247,50.00,.00,,,0,87.220000,SAT 02,"OXYGEN,% SAT. DISSOLVED",PERCENT,45.24500,-80.87472
201705001,2018-02-28 15:06:00,CCGS LIMNOS,GEORGIAN BAY,9,451442,-805229,17,77.50,2017-05-22 04:32:00,247,67.00,.00,,,0,89.740000,SAT 02,"OXYGEN,% SAT. DISSOLVED",PERCENT,45.24500,-80.87472
201705001,2018-02-28 15:06:00,CCGS LIMNOS,GEORGIAN BAY,9,451442,-805229,17,77.50,2017-05-22 04:32:00,247,75.00,.00,,,0,90.880000,SAT 02,"OXYGEN,% SAT. DISSOLVED",PERCENT,45.24500,-80.87472
201705001,2018-02-28 15:06:00,CCGS LIMNOS,GEORGIAN BAY,10,452113,-802912,16,18.38,2017-05-22 14:25:00,247,1.00,.00,,,0,91.570000,SAT 02,"OXYGEN,% SAT. DISSOLVED",PERCENT,45.35361,-80.48667
201705001,2018-02-28 15:06:00,CCGS LIMNOS,GEORGIAN BAY,10,452113,-802912,16,18.38,2017-05-22 14:25:00,247,1.00,.00,,,1,99.480000,SAT 02,"OXYGEN,% SAT. DISSOLVED",PERCENT,45.35361,-80.48667
201705001,2018-02-28 15:06:00,CCGS LIMNOS,GEORGIAN BAY,11,451928,-800703,122,94.00,2017-05-22 16:41:00,247,1.00,.00,,,0,91.310000,SAT 02,"OXYGEN,% SAT. DISSOLVED",PERCENT,45.32444,-80.11750
201705001,2018-02-28 15:06:00,CCGS LIMNOS,GEORGIAN BAY,12,451001,-801748,15,44.50,2017-05-22 22:41:00,247,1.00,.00,,,0,88.080000,SAT 02,"OXYGEN,% SAT. DISSOLVED",PERCENT,45.16694,-80.29667
201705001,2018-02-28 15:06:00,CCGS LIMNOS,GEORGIAN BAY,13,445711,-800859,8,50.57,2017-05-23 00:40:00,247,1.00,.00,,,0,101.360000,SAT 02,"OXYGEN,% SAT. DISSOLVED",PERCENT,44.95306,-80.14972
201705001,2018-02-28 15:06:00,CCGS LIMNOS,GEORGIAN BAY,14,445219,-795801,9,28.89,2017-05-23 02:10:00,247,1.00,.00,,,0,95.710000,SAT 02,"OXYGEN,% SAT. DISSOLVED",PERCENT,44.87194,-79.96694
201705001,2018-02-28 15:06:00,CCGS LIMNOS,GEORGIAN BAY,14,445219,-795801,9,28.89,2017-05-23 02:10:00,247,18.00,.00,,,0,95.160000,SAT 02,"OXYGEN,% SAT. DISSOLVED",PERCENT,44.87194,-79.96694
201705001,2018-02-28 15:06:00,CCGS LIMNOS,GEORGIAN BAY,14,445219,-795801,9,28.89,2017-05-23 02:10:00,247,26.00,.00,,,0,94.830000,SAT 02,"OXYGEN,% SAT. DISSOLVED",PERCENT,44.87194,-79.96694
201705001,2018-02-28 15:06:00,CCGS LIMNOS,GEORGIAN BAY,15,444749,-801440,5,57.50,2017-05-23 05:03:00,247,1.00,.00,,,0,96.240000,SAT 02,"OXYGEN,% SAT. DISSOLVED",PERCENT,44.79694,-80.24444
201705001,2018-02-28 15:06:00,CCGS LIMNOS,GEORGIAN BAY,15,444749,-801440,5,57.50,2017-05-23 05:03:00,247,1.00,.00,,,1,95.010000,SAT 02,"OXYGEN,% SAT. DISSOLVED",PERCENT,44.79694,-80.24444
201705001,2018-02-28 15:06:00,CCGS LIMNOS,GEORGIAN BAY,16,443847,-801004,4,58.00,2017-05-23 06:33:00,247,1.00,.00,,,0,91.890000,SAT 02,"OXYGEN,% SAT. DISSOLVED",PERCENT,44.64639,-80.16778
201705001,2018-02-28 15:06:00,CCGS LIMNOS,GEORGIAN BAY,16,443847,-801004,4,58.00,2017-05-23 06:33:00,247,48.00,.00,,,0,89.340000,SAT 02,"OXYGEN,% SAT. DISSOLVED",PERCENT,44.64639,-80.16778
201705001,2018-02-28 15:06:00,CCGS LIMNOS,GEORGIAN BAY,16,443847,-801004,4,58.00,2017-05-23 06:33:00,247,56.00,.00,,,0,90.310000,SAT 02,"OXYGEN,% SAT. DISSOLVED",PERCENT,44.64639,-80.16778
201705001,2018-02-28 15:06:00,CCGS LIMNOS,GEORGIAN BAY,17,444414,-802604,6,85.93,2017-05-23 09:11:00,247,1.00,.00,,,0,87.340000,SAT 02,"OXYGEN,% SAT. DISSOLVED",PERCENT,44.73722,-80.43444
201705001,2018-02-28 15:06:00,CCGS LIMNOS,GEORGIAN BAY,18,444330,-803656,3,34.05,2017-05-23 10:38:00,247,1.00,.00,,,0,88.940000,SAT 02,"OXYGEN,% SAT. DISSOLVED",PERCENT,44.72500,-80.61556
201705001,2018-02-28 15:06:00,CCGS LIMNOS,GEORGIAN BAY,19,444306,-805120,1,89.30,2017-05-23 13:17:00,247,1.00,.00,,,0,91.060000,SAT 02,"OXYGEN,% SAT. DISSOLVED",PERCENT,44.71833,-80.85556
201705001,2018-02-28 15:06:00,CCGS LIMNOS,GEORGIAN BAY,19,444306,-805120,1,89.30,2017-05-23 13:17:00,247,50.00,.00,,,0,94.610000,SAT 02,"OXYGEN,% SAT. DISSOLVED",PERCENT,44.71833,-80.85556
201705001,2018-02-28 15:06:00,CCGS LIMNOS,GEORGIAN BAY,19,444306,-805120,1,89.30,2017-05-23 13:17:00,247,79.00,.00,,,0,92.570000,SAT 02,"OXYGEN,% SAT. DISSOLVED",PERCENT,44.71833,-80.85556
201705001,2018-02-28 15:06:00,CCGS LIMNOS,GEORGIAN BAY,19,444306,-805120,1,89.30,2017-05-23 13:17:00,247,87.00,.00,,,0,94.340000,SAT 02,"OXYGEN,% SAT. DISSOLVED",PERCENT,44.71833,-80.85556
201705001,2018-02-28 15:06:00,CCGS LIMNOS,GEORGIAN BAY,20,445513,-803624,11,61.50,2017-05-23 17:16:00,247,1.00,.00,,,0,90.800000,SAT 02,"OXYGEN,% SAT. DISSOLVED",PERCENT,44.92028,-80.60667
201705001,2018-02-28 15:06:00,CCGS LIMNOS,GEORGIAN BAY,20,445513,-803624,11,61.50,2017-05-23 17:16:00,247,1.00,.00,,,1,90.410000,SAT 02,"OXYGEN,% SAT. DISSOLVED",PERCENT,44.92028,-80.60667
201705001,2018-02-28 15:06:00,CCGS LIMNOS,GEORGIAN BAY,21,445512,-805224,12,87.90,2017-05-23 19:27:00,247,1.00,.00,,,0,89.460000,SAT 02,"OXYGEN,% SAT. DISSOLVED",PERCENT,44.92000,-80.87333
201705001,2018-02-28 15:06:00,CCGS LIMNOS,GEORGIAN BAY,22,450359,-811508,19,53.41,2017-05-23 22:43:00,247,1.00,.00,,,0,87.950000,SAT 02,"OXYGEN,% SAT. DISSOLVED",PERCENT,45.06639,-81.25222
201705001,2018-02-28 15:06:00,CCGS LIMNOS,GEORGIAN BAY,23,451421,-812625,31,71.68,2017-05-24 02:35:00,247,1.00,.00,,,0,92.210000,SAT 02,"OXYGEN,% SAT. DISSOLVED",PERCENT,45.23917,-81.44028
201705001,2018-02-28 15:06:00,CCGS LIMNOS,GEORGIAN BAY,24,452213,-813502,33,53.80,2017-05-24 04:03:00,247,1.00,.00,,,0,94.650000,SAT 02,"OXYGEN,% SAT. DISSOLVED",PERCENT,45.37028,-81.58389
201705001,2018-02-28 15:06:00,CCGS LIMNOS,GEORGIAN BAY,24,452213,-813502,33,53.80,2017-05-24 04:03:00,247,43.00,.00,,,0,90.170000,SAT 02,"OXYGEN,% SAT. DISSOLVED",PERCENT,45.37028,-81.58389
201705001,2018-02-28 15:06:00,CCGS LIMNOS,GEORGIAN BAY,24,452213,-813502,33,53.80,2017-05-24 04:03:00,247,51.00,.00,,,0,88.910000,SAT 02,"OXYGEN,% SAT. DISSOLVED",PERCENT,45.37028,-81.58389
201705002,2018-02-26 13:41:00,CCGS LIMNOS,GEORGIAN BAY,1,453140,-814010,35,35.29,2017-09-13 15:45:00,247,1.00,.00,,,0,100.200000,SAT 02,"OXYGEN,% SAT. DISSOLVED",PERCENT,45.52778,-81.66944
201705002,2018-02-26 13:41:00,CCGS LIMNOS,GEORGIAN BAY,2,452212,-813508,33,54.52,2017-09-13 17:29:00,247,1.00,.00,,,0,98.870000,SAT 02,"OXYGEN,% SAT. DISSOLVED",PERCENT,45.37000,-81.58556
201705002,2018-02-26 13:41:00,CCGS LIMNOS,GEORGIAN BAY,2,452212,-813508,33,54.52,2017-09-13 17:29:00,247,12.00,.00,,,0,101.360000,SAT 02,"OXYGEN,% SAT. DISSOLVED",PERCENT,45.37000,-81.58556
201705002,2018-02-26 13:41:00,CCGS LIMNOS,GEORGIAN BAY,2,452212,-813508,33,54.52,2017-09-13 17:29:00,247,20.00,.00,,,0,99.380000,SAT 02,"OXYGEN,% SAT. DISSOLVED",PERCENT,45.37000,-81.58556
201705002,2018-02-26 13:41:00,CCGS LIMNOS,GEORGIAN BAY,2,452212,-813508,33,54.52,2017-09-13 17:29:00,247,30.00,.00,,,0,93.810000,SAT 02,"OXYGEN,% SAT. DISSOLVED",PERCENT,45.37000,-81.58556
201705002,2018-02-26 13:41:00,CCGS LIMNOS,GEORGIAN BAY,2,452212,-813508,33,54.52,2017-09-13 17:29:00,247,44.00,.00,,,0,90.690000,SAT 02,"OXYGEN,% SAT. DISSOLVED",PERCENT,45.37000,-81.58556
201705002,2018-02-26 13:41:00,CCGS LIMNOS,GEORGIAN BAY,2,452212,-813508,33,54.52,2017-09-13 17:29:00,247,52.00,.00,,,0,90.390000,SAT 02,"OXYGEN,% SAT. DISSOLVED",PERCENT,45.37000,-81.58556
201705002,2018-02-26 13:41:00,CCGS LIMNOS,GEORGIAN BAY,3,451419,-812628,31,64.75,2017-09-13 19:30:00,247,1.00,.00,,,0,99.330000,SAT 02,"OXYGEN,% SAT. DISSOLVED",PERCENT,45.23861,-81.44111
201705002,2018-02-26 13:41:00,CCGS LIMNOS,GEORGIAN BAY,4,452154,-811124,21,86.36,2017-09-13 22:54:00,247,1.00,.00,,,0,100.300000,SAT 02,"OXYGEN,% SAT. DISSOLVED",PERCENT,45.36500,-81.19000
201705002,2018-02-26 13:41:00,CCGS LIMNOS,GEORGIAN BAY,5,451438,-805228,17,77.87,2017-09-14 01:23:00,247,1.00,.00,,,0,100.430000,SAT 02,"OXYGEN,% SAT. DISSOLVED",PERCENT,45.24389,-80.87444
201705002,2018-02-26 13:41:00,CCGS LIMNOS,GEORGIAN BAY,5,451438,-805228,17,77.87,2017-09-14 01:23:00,247,1.00,.00,,,1,100.970000,SAT 02,"OXYGEN,% SAT. DISSOLVED",PERCENT,45.24389,-80.87444
201705002,2018-02-26 13:41:00,CCGS LIMNOS,GEORGIAN BAY,5,451438,-805228,17,77.87,2017-09-14 01:23:00,247,20.00,.00,,,0,104.370000,SAT 02,"OXYGEN,% SAT. DISSOLVED",PERCENT,45.24389,-80.87444
201705002,2018-02-26 13:41:00,CCGS LIMNOS,GEORGIAN BAY,5,451438,-805228,17,77.87,2017-09-14 01:23:00,247,27.00,.00,,,0,84.120000,SAT 02,"OXYGEN,% SAT. DISSOLVED",PERCENT,45.24389,-80.87444
201705002,2018-02-26 13:41:00,CCGS LIMNOS,GEORGIAN BAY,5,451438,-805228,17,77.87,2017-09-14 01:23:00,247,41.00,.00,,,0,85.830000,SAT 02,"OXYGEN,% SAT. DISSOLVED",PERCENT,45.24389,-80.87444
201705002,2018-02-26 13:41:00,CCGS LIMNOS,GEORGIAN BAY,5,451438,-805228,17,77.87,2017-09-14 01:23:00,247,68.00,.00,,,0,86.410000,SAT 02,"OXYGEN,% SAT. DISSOLVED",PERCENT,45.24389,-80.87444
201705002,2018-02-26 13:41:00,CCGS LIMNOS,GEORGIAN BAY,5,451438,-805228,17,77.87,2017-09-14 01:23:00,247,76.00,.00,,,0,86.490000,SAT 02,"OXYGEN,% SAT. DISSOLVED",PERCENT,45.24389,-80.87444
201705002,2018-02-26 13:41:00,CCGS LIMNOS,GEORGIAN BAY,6,450401,-811513,19,53.73,2017-09-14 04:33:00,247,1.00,.00,,,0,101.190000,SAT 02,"OXYGEN,% SAT. DISSOLVED",PERCENT,45.06694,-81.25361
201705002,2018-02-26 13:41:00,CCGS LIMNOS,GEORGIAN BAY,7,445512,-805230,12,88.49,2017-09-14 07:17:00,247,1.00,.00,,,0,100.930000,SAT 02,"OXYGEN,% SAT. DISSOLVED",PERCENT,44.92000,-80.87500
201705002,2018-02-26 13:41:00,CCGS LIMNOS,GEORGIAN BAY,8,445514,-803622,11,62.16,2017-09-14 09:18:00,247,1.00,.00,,,0,102.030000,SAT 02,"OXYGEN,% SAT. DISSOLVED",PERCENT,44.92056,-80.60611
201705002,2018-02-26 13:41:00,CCGS LIMNOS,GEORGIAN BAY,9,444303,-805122,1,89.7,2017-09-14 11:41:00,247,1.00,.00,,,0,100.350000,SAT 02,"OXYGEN,% SAT. DISSOLVED",PERCENT,44.71750,-80.85611
201705002,2018-02-26 13:41:00,CCGS LIMNOS,GEORGIAN BAY,9,444303,-805122,1,89.7,2017-09-14 11:41:00,247,19.00,.00,,,0,105.100000,SAT 02,"OXYGEN,% SAT. DISSOLVED",PERCENT,44.71750,-80.85611
201705002,2018-02-26 13:41:00,CCGS LIMNOS,GEORGIAN BAY,9,444303,-805122,1,89.7,2017-09-14 11:41:00,247,25.00,.00,,,0,99.310000,SAT 02,"OXYGEN,% SAT. DISSOLVED",PERCENT,44.71750,-80.85611
201705002,2018-02-26 13:41:00,CCGS LIMNOS,GEORGIAN BAY,9,444303,-805122,1,89.7,2017-09-14 11:41:00,247,34.00,.00,,,0,93.400000,SAT 02,"OXYGEN,% SAT. DISSOLVED",PERCENT,44.71750,-80.85611
201705002,2018-02-26 13:41:00,CCGS LIMNOS,GEORGIAN BAY,9,444303,-805122,1,89.7,2017-09-14 11:41:00,247,80.00,.00,,,0,86.810000,SAT 02,"OXYGEN,% SAT. DISSOLVED",PERCENT,44.71750,-80.85611
201705002,2018-02-26 13:41:00,CCGS LIMNOS,GEORGIAN BAY,9,444303,-805122,1,89.7,2017-09-14 11:41:00,247,88.00,.00,,,0,87.530000,SAT 02,"OXYGEN,% SAT. DISSOLVED",PERCENT,44.71750,-80.85611
201705002,2018-02-26 13:41:00,CCGS LIMNOS,GEORGIAN BAY,10,444329,-803701,3,34.36,2017-09-14 13:46:00,247,1.00,.00,,,0,100.960000,SAT 02,"OXYGEN,% SAT. DISSOLVED",PERCENT,44.72472,-80.61694
201705002,2018-02-26 13:41:00,CCGS LIMNOS,GEORGIAN BAY,10,444329,-803701,3,34.36,2017-09-14 13:46:00,247,1.00,.00,,,1,101.280000,SAT 02,"OXYGEN,% SAT. DISSOLVED",PERCENT,44.72472,-80.61694
201705002,2018-02-26 13:41:00,CCGS LIMNOS,GEORGIAN BAY,11,444411,-802606,6,87.05,2017-09-14 15:18:00,247,1.00,.00,,,0,100.060000,SAT 02,"OXYGEN,% SAT. DISSOLVED",PERCENT,44.73639,-80.43500
201705002,2018-02-26 13:41:00,CCGS LIMNOS,GEORGIAN BAY,12,444746,-801436,5,58.89,2017-09-14 17:16:00,247,1.00,.00,,,0,100.520000,SAT 02,"OXYGEN,% SAT. DISSOLVED",PERCENT,44.79611,-80.24333
201705002,2018-02-26 13:41:00,CCGS LIMNOS,GEORGIAN BAY,13,443844,-801002,4,57.57,2017-09-14 19:38:00,247,1.00,.00,,,0,100.270000,SAT 02,"OXYGEN,% SAT. DISSOLVED",PERCENT,44.64556,-80.16722
201705002,2018-02-26 13:41:00,CCGS LIMNOS,GEORGIAN BAY,13,443844,-801002,4,57.57,2017-09-14 19:38:00,247,20.00,.00,,,0,100.190000,SAT 02,"OXYGEN,% SAT. DISSOLVED",PERCENT,44.64556,-80.16722
201705002,2018-02-26 13:41:00,CCGS LIMNOS,GEORGIAN BAY,13,443844,-801002,4,57.57,2017-09-14 19:38:00,247,27.00,.00,,,0,100.680000,SAT 02,"OXYGEN,% SAT. DISSOLVED",PERCENT,44.64556,-80.16722
201705002,2018-02-26 13:41:00,CCGS LIMNOS,GEORGIAN BAY,13,443844,-801002,4,57.57,2017-09-14 19:38:00,247,41.00,.00,,,0,81.790000,SAT 02,"OXYGEN,% SAT. DISSOLVED",PERCENT,44.64556,-80.16722
201705002,2018-02-26 13:41:00,CCGS LIMNOS,GEORGIAN BAY,13,443844,-801002,4,57.57,2017-09-14 19:38:00,247,47.00,.00,,,0,80.690000,SAT 02,"OXYGEN,% SAT. DISSOLVED",PERCENT,44.64556,-80.16722
201705002,2018-02-26 13:41:00,CCGS LIMNOS,GEORGIAN BAY,13,443844,-801002,4,57.57,2017-09-14 19:38:00,247,55.00,.00,,,0,84.110000,SAT 02,"OXYGEN,% SAT. DISSOLVED",PERCENT,44.64556,-80.16722
201705002,2018-02-26 13:41:00,CCGS LIMNOS,GEORGIAN BAY,14,445216,-795809,9,30.11,2017-09-15 00:22:00,247,1.00,.00,,,0,104.510000,SAT 02,"OXYGEN,% SAT. DISSOLVED",PERCENT,44.87111,-79.96917
201705002,2018-02-26 13:41:00,CCGS LIMNOS,GEORGIAN BAY,14,445216,-795809,9,30.11,2017-09-15 00:22:00,247,20.00,.00,,,0,94.880000,SAT 02,"OXYGEN,% SAT. DISSOLVED",PERCENT,44.87111,-79.96917
201705002,2018-02-26 13:41:00,CCGS LIMNOS,GEORGIAN BAY,14,445216,-795809,9,30.11,2017-09-15 00:22:00,247,28.00,.00,,,0,91.860000,SAT 02,"OXYGEN,% SAT. DISSOLVED",PERCENT,44.87111,-79.96917
201705002,2018-02-26 13:41:00,CCGS LIMNOS,GEORGIAN BAY,15,445709,-800856,8,50.79,2017-09-15 02:47:00,247,1.00,.00,,,0,100.840000,SAT 02,"OXYGEN,% SAT. DISSOLVED",PERCENT,44.95250,-80.14889
201705002,2018-02-26 13:41:00,CCGS LIMNOS,GEORGIAN BAY,15,445709,-800856,8,50.79,2017-09-15 02:47:00,247,1.00,.00,,,1,101.610000,SAT 02,"OXYGEN,% SAT. DISSOLVED",PERCENT,44.95250,-80.14889
201705002,2018-02-26 13:41:00,CCGS LIMNOS,GEORGIAN BAY,16,450959,-801749,15,46.62,2017-09-15 05:51:00,247,1.00,.00,,,0,100.060000,SAT 02,"OXYGEN,% SAT. DISSOLVED",PERCENT,45.16639,-80.29694
201705002,2018-02-26 13:41:00,CCGS LIMNOS,GEORGIAN BAY,17,452112,-802908,16,19.01,2017-09-15 09:06:00,247,1.00,.00,,,0,100.610000,SAT 02,"OXYGEN,% SAT. DISSOLVED",PERCENT,45.35333,-80.48556
201705002,2018-02-26 13:41:00,CCGS LIMNOS,GEORGIAN BAY,18,451930,-800658,122,94.89,2017-09-15 12:02:00,247,1.00,.00,,,0,107.210000,SAT 02,"OXYGEN,% SAT. DISSOLVED",PERCENT,45.32500,-80.11611
201705002,2018-02-26 13:41:00,CCGS LIMNOS,GEORGIAN BAY,19,453456,-810459,29,42.78,2017-09-16 15:55:00,247,1.00,.00,,,0,100.800000,SAT 02,"OXYGEN,% SAT. DISSOLVED",PERCENT,45.58222,-81.08306
201705002,2018-02-26 13:41:00,CCGS LIMNOS,GEORGIAN BAY,19,453456,-810459,29,42.78,2017-09-16 15:55:00,247,16.00,.00,,,0,99.220000,SAT 02,"OXYGEN,% SAT. DISSOLVED",PERCENT,45.58222,-81.08306
201705002,2018-02-26 13:41:00,CCGS LIMNOS,GEORGIAN BAY,19,453456,-810459,29,42.78,2017-09-16 15:55:00,247,21.00,.00,,,0,98.610000,SAT 02,"OXYGEN,% SAT. DISSOLVED",PERCENT,45.58222,-81.08306
201705002,2018-02-26 13:41:00,CCGS LIMNOS,GEORGIAN BAY,19,453456,-810459,29,42.78,2017-09-16 15:55:00,247,26.00,.00,,,0,89.920000,SAT 02,"OXYGEN,% SAT. DISSOLVED",PERCENT,45.58222,-81.08306
201705002,2018-02-26 13:41:00,CCGS LIMNOS,GEORGIAN BAY,19,453456,-810459,29,42.78,2017-09-16 15:55:00,247,32.00,.00,,,0,87.640000,SAT 02,"OXYGEN,% SAT. DISSOLVED",PERCENT,45.58222,-81.08306
201705002,2018-02-26 13:41:00,CCGS LIMNOS,GEORGIAN BAY,19,453456,-810459,29,42.78,2017-09-16 15:55:00,247,40.00,.00,,,0,87.360000,SAT 02,"OXYGEN,% SAT. DISSOLVED",PERCENT,45.58222,-81.08306
201705002,2018-02-26 13:41:00,CCGS LIMNOS,GEORGIAN BAY,20,454042,-805022,24,40.01,2017-09-16 18:12:00,247,1.00,.00,,,0,100.760000,SAT 02,"OXYGEN,% SAT. DISSOLVED",PERCENT,45.67833,-80.83944
201705002,2018-02-26 13:41:00,CCGS LIMNOS,GEORGIAN BAY,20,454042,-805022,24,40.01,2017-09-16 18:12:00,247,1.00,.00,,,1,101.420000,SAT 02,"OXYGEN,% SAT. DISSOLVED",PERCENT,45.67833,-80.83944
201705002,2018-02-26 13:41:00,CCGS LIMNOS,GEORGIAN BAY,21,455000,-805357,26,20.11,2017-09-16 20:13:00,247,1.00,.00,,,0,101.460000,SAT 02,"OXYGEN,% SAT. DISSOLVED",PERCENT,45.83333,-80.89917
201705002,2018-02-26 13:41:00,CCGS LIMNOS,GEORGIAN BAY,22,455156,-805957,27,17.72,2017-09-16 21:23:00,247,1.00,.00,,,0,101.440000,SAT 02,"OXYGEN,% SAT. DISSOLVED",PERCENT,45.86556,-80.99917
201705002,2018-02-26 13:41:00,CCGS LIMNOS,GEORGIAN BAY,22,455156,-805957,27,17.72,2017-09-16 21:23:00,247,8.00,.00,,,0,98.850000,SAT 02,"OXYGEN,% SAT. DISSOLVED",PERCENT,45.86556,-80.99917
201705002,2018-02-26 13:41:00,CCGS LIMNOS,GEORGIAN BAY,22,455156,-805957,27,17.72,2017-09-16 21:23:00,247,15.00,.00,,,0,96.890000,SAT 02,"OXYGEN,% SAT. DISSOLVED",PERCENT,45.86556,-80.99917
201705002,2018-02-26 13:41:00,CCGS LIMNOS,GEORGIAN BAY,23,455223,-811531,39,28.28,2017-09-16 23:25:00,247,1.00,.00,,,0,98.650000,SAT 02,"OXYGEN,% SAT. DISSOLVED",PERCENT,45.87306,-81.25861
201705002,2018-02-26 13:41:00,CCGS LIMNOS,GEORGIAN BAY,24,454230,-813710,36,52.89,2017-09-17 02:19:00,247,1.00,.00,,,0,97.670000,SAT 02,"OXYGEN,% SAT. DISSOLVED",PERCENT,45.70833,-81.61944
201705002,2018-02-26 13:41:00,CCGS LIMNOS,GEORGIAN BAY,25,455445,-813539,42,29.5,2017-09-17 05:24:00,247,1.00,.00,,,0,102.280000,SAT 02,"OXYGEN,% SAT. DISSOLVED",PERCENT,45.91250,-81.59417
201705002,2018-02-26 13:41:00,CCGS LIMNOS,GEORGIAN BAY,25,455445,-813539,42,29.5,2017-09-17 05:24:00,247,1.00,.00,,,1,103.040000,SAT 02,"OXYGEN,% SAT. DISSOLVED",PERCENT,45.91250,-81.59417
201705002,2018-02-26 13:41:00,CCGS LIMNOS,GEORGIAN BAY,25,455445,-813539,42,29.5,2017-09-17 05:24:00,247,19.00,.00,,,0,91.040000,SAT 02,"OXYGEN,% SAT. DISSOLVED",PERCENT,45.91250,-81.59417
201705002,2018-02-26 13:41:00,CCGS LIMNOS,GEORGIAN BAY,25,455445,-813539,42,29.5,2017-09-17 05:24:00,247,22.00,.00,,,0,91.150000,SAT 02,"OXYGEN,% SAT. DISSOLVED",PERCENT,45.91250,-81.59417
201705002,2018-02-26 13:41:00,CCGS LIMNOS,GEORGIAN BAY,26,454546,-814745,46,19.2,2017-09-17 09:00:00,247,1.00,.00,,,0,104.050000,SAT 02,"OXYGEN,% SAT. DISSOLVED",PERCENT,45.76278,-81.79583
201705001,2018-02-28 15:06:00,CCGS LIMNOS,GEORGIAN BAY,1,454543,-814744,46,18.30,2017-05-21 12:28:00,263,1.00,.00,0.00020000,,0,.000300,SR P,"PHOSPHOROUS,SOLUBLE REACTIVE,FILTERED",MG P/L,45.76194,-81.79556
201705001,2018-02-28 15:06:00,CCGS LIMNOS,GEORGIAN BAY,2,455445,-813545,42,20.00,2017-05-21 14:33:00,263,1.00,.00,0.00020000,<,0,.000200,SR P,"PHOSPHOROUS,SOLUBLE REACTIVE,FILTERED",MG P/L,45.91250,-81.59583
201705001,2018-02-28 15:06:00,CCGS LIMNOS,GEORGIAN BAY,2,455445,-813545,42,20.00,2017-05-21 14:33:00,263,10.00,.00,0.00020000,,0,.000200,SR P,"PHOSPHOROUS,SOLUBLE REACTIVE,FILTERED",MG P/L,45.91250,-81.59583
201705001,2018-02-28 15:06:00,CCGS LIMNOS,GEORGIAN BAY,2,455445,-813545,42,20.00,2017-05-21 14:33:00,263,18.00,.00,0.00020000,<,0,.000200,SR P,"PHOSPHOROUS,SOLUBLE REACTIVE,FILTERED",MG P/L,45.91250,-81.59583
201705001,2018-02-28 15:06:00,CCGS LIMNOS,GEORGIAN BAY,3,455226,-811533,39,27.50,2017-05-21 17:07:00,263,1.00,.00,0.00020000,,0,.000300,SR P,"PHOSPHOROUS,SOLUBLE REACTIVE,FILTERED",MG P/L,45.87389,-81.25917
201705001,2018-02-28 15:06:00,CCGS LIMNOS,GEORGIAN BAY,4,455158,-810004,27,16.00,2017-05-21 18:42:00,263,1.00,.00,0.00020000,,0,.000600,SR P,"PHOSPHOROUS,SOLUBLE REACTIVE,FILTERED",MG P/L,45.86611,-81.00111
201705001,2018-02-28 15:06:00,CCGS LIMNOS,GEORGIAN BAY,4,455158,-810004,27,16.00,2017-05-21 18:42:00,263,14.00,.00,0.00020000,,0,.000500,SR P,"PHOSPHOROUS,SOLUBLE REACTIVE,FILTERED",MG P/L,45.86611,-81.00111
201705001,2018-02-28 15:06:00,CCGS LIMNOS,GEORGIAN BAY,5,454957,-805402,26,20.52,2017-05-21 20:08:00,263,1.00,.00,0.00020000,,0,.000500,SR P,"PHOSPHOROUS,SOLUBLE REACTIVE,FILTERED",MG P/L,45.83250,-80.90056
201705001,2018-02-28 15:06:00,CCGS LIMNOS,GEORGIAN BAY,5,454957,-805402,26,20.52,2017-05-21 20:08:00,263,1.00,.00,0.00020000,,1,.000500,SR P,"PHOSPHOROUS,SOLUBLE REACTIVE,FILTERED",MG P/L,45.83250,-80.90056
201705001,2018-02-28 15:06:00,CCGS LIMNOS,GEORGIAN BAY,6,454045,-805024,24,39.70,2017-05-21 21:46:00,263,1.00,.00,0.00020000,,0,.000500,SR P,"PHOSPHOROUS,SOLUBLE REACTIVE,FILTERED",MG P/L,45.67917,-80.84000
201705001,2018-02-28 15:06:00,CCGS LIMNOS,GEORGIAN BAY,7,453504,-810454,29,41.90,2017-05-21 23:25:00,263,1.00,.00,0.00020000,,0,.000400,SR P,"PHOSPHOROUS,SOLUBLE REACTIVE,FILTERED",MG P/L,45.58444,-81.08167
201705001,2018-02-28 15:06:00,CCGS LIMNOS,GEORGIAN BAY,7,453504,-810454,29,41.90,2017-05-21 23:25:00,263,32.00,.00,0.00020000,,0,.000300,SR P,"PHOSPHOROUS,SOLUBLE REACTIVE,FILTERED",MG P/L,45.58444,-81.08167
201705001,2018-02-28 15:06:00,CCGS LIMNOS,GEORGIAN BAY,7,453504,-810454,29,41.90,2017-05-21 23:25:00,263,40.00,.00,0.00020000,,0,.000300,SR P,"PHOSPHOROUS,SOLUBLE REACTIVE,FILTERED",MG P/L,45.58444,-81.08167
201705001,2018-02-28 15:06:00,CCGS LIMNOS,GEORGIAN BAY,8,452154,-811120,21,86.27,2017-05-22 02:06:00,263,1.00,.00,0.00020000,,0,.000600,SR P,"PHOSPHOROUS,SOLUBLE REACTIVE,FILTERED",MG P/L,45.36500,-81.18889
201705001,2018-02-28 15:06:00,CCGS LIMNOS,GEORGIAN BAY,9,451442,-805229,17,77.50,2017-05-22 04:32:00,263,1.00,.00,0.00020000,,0,.000600,SR P,"PHOSPHOROUS,SOLUBLE REACTIVE,FILTERED",MG P/L,45.24500,-80.87472
201705001,2018-02-28 15:06:00,CCGS LIMNOS,GEORGIAN BAY,9,451442,-805229,17,77.50,2017-05-22 04:32:00,263,50.00,.00,0.00020000,,0,.000600,SR P,"PHOSPHOROUS,SOLUBLE REACTIVE,FILTERED",MG P/L,45.24500,-80.87472
201705001,2018-02-28 15:06:00,CCGS LIMNOS,GEORGIAN BAY,9,451442,-805229,17,77.50,2017-05-22 04:32:00,263,67.00,.00,0.00020000,,0,.000400,SR P,"PHOSPHOROUS,SOLUBLE REACTIVE,FILTERED",MG P/L,45.24500,-80.87472
201705001,2018-02-28 15:06:00,CCGS LIMNOS,GEORGIAN BAY,9,451442,-805229,17,77.50,2017-05-22 04:32:00,263,75.00,.00,0.00020000,,0,.000300,SR P,"PHOSPHOROUS,SOLUBLE REACTIVE,FILTERED",MG P/L,45.24500,-80.87472
201705001,2018-02-28 15:06:00,CCGS LIMNOS,GEORGIAN BAY,10,452113,-802912,16,18.38,2017-05-22 14:25:00,263,1.00,.00,0.00020000,,0,.000500,SR P,"PHOSPHOROUS,SOLUBLE REACTIVE,FILTERED",MG P/L,45.35361,-80.48667
201705001,2018-02-28 15:06:00,CCGS LIMNOS,GEORGIAN BAY,10,452113,-802912,16,18.38,2017-05-22 14:25:00,263,1.00,.00,0.00020000,,1,.000300,SR P,"PHOSPHOROUS,SOLUBLE REACTIVE,FILTERED",MG P/L,45.35361,-80.48667
201705001,2018-02-28 15:06:00,CCGS LIMNOS,GEORGIAN BAY,10,452113,-802912,16,18.38,2017-05-22 14:25:00,263,998.00,.00,0.00020000,<,0,.000200,SR P,"PHOSPHOROUS,SOLUBLE REACTIVE,FILTERED",MG P/L,45.35361,-80.48667
201705001,2018-02-28 15:06:00,CCGS LIMNOS,GEORGIAN BAY,10,452113,-802912,16,18.38,2017-05-22 14:25:00,263,999.00,.00,0.00020000,<,0,.000200,SR P,"PHOSPHOROUS,SOLUBLE REACTIVE,FILTERED",MG P/L,45.35361,-80.48667
201705001,2018-02-28 15:06:00,CCGS LIMNOS,GEORGIAN BAY,11,451928,-800703,122,94.00,2017-05-22 16:41:00,263,1.00,.00,0.00020000,,0,.000500,SR P,"PHOSPHOROUS,SOLUBLE REACTIVE,FILTERED",MG P/L,45.32444,-80.11750
201705001,2018-02-28 15:06:00,CCGS LIMNOS,GEORGIAN BAY,12,451001,-801748,15,44.50,2017-05-22 22:41:00,263,1.00,.00,0.00020000,,0,.000600,SR P,"PHOSPHOROUS,SOLUBLE REACTIVE,FILTERED",MG P/L,45.16694,-80.29667
201705001,2018-02-28 15:06:00,CCGS LIMNOS,GEORGIAN BAY,13,445711,-800859,8,50.57,2017-05-23 00:40:00,263,1.00,.00,0.00020000,,0,.000600,SR P,"PHOSPHOROUS,SOLUBLE REACTIVE,FILTERED",MG P/L,44.95306,-80.14972
201705001,2018-02-28 15:06:00,CCGS LIMNOS,GEORGIAN BAY,14,445219,-795801,9,28.89,2017-05-23 02:10:00,263,1.00,.00,0.00020000,,0,.000800,SR P,"PHOSPHOROUS,SOLUBLE REACTIVE,FILTERED",MG P/L,44.87194,-79.96694
201705001,2018-02-28 15:06:00,CCGS LIMNOS,GEORGIAN BAY,14,445219,-795801,9,28.89,2017-05-23 02:10:00,263,18.00,.00,0.00020000,,0,.000300,SR P,"PHOSPHOROUS,SOLUBLE REACTIVE,FILTERED",MG P/L,44.87194,-79.96694
201705001,2018-02-28 15:06:00,CCGS LIMNOS,GEORGIAN BAY,14,445219,-795801,9,28.89,2017-05-23 02:10:00,263,26.00,.00,0.00020000,,0,.000500,SR P,"PHOSPHOROUS,SOLUBLE REACTIVE,FILTERED",MG P/L,44.87194,-79.96694
201705001,2018-02-28 15:06:00,CCGS LIMNOS,GEORGIAN BAY,15,444749,-801440,5,57.50,2017-05-23 05:03:00,263,1.00,.00,0.00020000,,0,.000500,SR P,"PHOSPHOROUS,SOLUBLE REACTIVE,FILTERED",MG P/L,44.79694,-80.24444
201705001,2018-02-28 15:06:00,CCGS LIMNOS,GEORGIAN BAY,15,444749,-801440,5,57.50,2017-05-23 05:03:00,263,1.00,.00,0.00020000,,1,.000400,SR P,"PHOSPHOROUS,SOLUBLE REACTIVE,FILTERED",MG P/L,44.79694,-80.24444
201705001,2018-02-28 15:06:00,CCGS LIMNOS,GEORGIAN BAY,16,443847,-801004,4,58.00,2017-05-23 06:33:00,263,1.00,.00,0.00020000,,0,.000400,SR P,"PHOSPHOROUS,SOLUBLE REACTIVE,FILTERED",MG P/L,44.64639,-80.16778
201705001,2018-02-28 15:06:00,CCGS LIMNOS,GEORGIAN BAY,16,443847,-801004,4,58.00,2017-05-23 06:33:00,263,48.00,.00,0.00020000,,0,.000600,SR P,"PHOSPHOROUS,SOLUBLE REACTIVE,FILTERED",MG P/L,44.64639,-80.16778
201705001,2018-02-28 15:06:00,CCGS LIMNOS,GEORGIAN BAY,16,443847,-801004,4,58.00,2017-05-23 06:33:00,263,56.00,.00,0.00020000,,0,.000400,SR P,"PHOSPHOROUS,SOLUBLE REACTIVE,FILTERED",MG P/L,44.64639,-80.16778
201705001,2018-02-28 15:06:00,CCGS LIMNOS,GEORGIAN BAY,17,444414,-802604,6,85.93,2017-05-23 09:11:00,263,1.00,.00,0.00020000,,0,.000400,SR P,"PHOSPHOROUS,SOLUBLE REACTIVE,FILTERED",MG P/L,44.73722,-80.43444
201705001,2018-02-28 15:06:00,CCGS LIMNOS,GEORGIAN BAY,18,444330,-803656,3,34.05,2017-05-23 10:38:00,263,1.00,.00,0.00020000,,0,.001000,SR P,"PHOSPHOROUS,SOLUBLE REACTIVE,FILTERED",MG P/L,44.72500,-80.61556
201705001,2018-02-28 15:06:00,CCGS LIMNOS,GEORGIAN BAY,19,444306,-805120,1,89.30,2017-05-23 13:17:00,263,1.00,.00,0.00020000,,0,.000400,SR P,"PHOSPHOROUS,SOLUBLE REACTIVE,FILTERED",MG P/L,44.71833,-80.85556
201705001,2018-02-28 15:06:00,CCGS LIMNOS,GEORGIAN BAY,19,444306,-805120,1,89.30,2017-05-23 13:17:00,263,50.00,.00,0.00020000,,0,.000500,SR P,"PHOSPHOROUS,SOLUBLE REACTIVE,FILTERED",MG P/L,44.71833,-80.85556
201705001,2018-02-28 15:06:00,CCGS LIMNOS,GEORGIAN BAY,19,444306,-805120,1,89.30,2017-05-23 13:17:00,263,79.00,.00,0.00020000,,0,.000400,SR P,"PHOSPHOROUS,SOLUBLE REACTIVE,FILTERED",MG P/L,44.71833,-80.85556
201705001,2018-02-28 15:06:00,CCGS LIMNOS,GEORGIAN BAY,19,444306,-805120,1,89.30,2017-05-23 13:17:00,263,87.00,.00,0.00020000,,0,.000400,SR P,"PHOSPHOROUS,SOLUBLE REACTIVE,FILTERED",MG P/L,44.71833,-80.85556
201705001,2018-02-28 15:06:00,CCGS LIMNOS,GEORGIAN BAY,20,445513,-803624,11,61.50,2017-05-23 17:16:00,263,1.00,.00,0.00020000,,0,.000300,SR P,"PHOSPHOROUS,SOLUBLE REACTIVE,FILTERED",MG P/L,44.92028,-80.60667
201705001,2018-02-28 15:06:00,CCGS LIMNOS,GEORGIAN BAY,20,445513,-803624,11,61.50,2017-05-23 17:16:00,263,1.00,.00,0.00020000,,1,.000300,SR P,"PHOSPHOROUS,SOLUBLE REACTIVE,FILTERED",MG P/L,44.92028,-80.60667
201705001,2018-02-28 15:06:00,CCGS LIMNOS,GEORGIAN BAY,20,445513,-803624,11,61.50,2017-05-23 17:16:00,263,998.00,.00,0.00020000,<,0,.000200,SR P,"PHOSPHOROUS,SOLUBLE REACTIVE,FILTERED",MG P/L,44.92028,-80.60667
201705001,2018-02-28 15:06:00,CCGS LIMNOS,GEORGIAN BAY,20,445513,-803624,11,61.50,2017-05-23 17:16:00,263,999.00,.00,0.00020000,<,0,.000200,SR P,"PHOSPHOROUS,SOLUBLE REACTIVE,FILTERED",MG P/L,44.92028,-80.60667
201705001,2018-02-28 15:06:00,CCGS LIMNOS,GEORGIAN BAY,21,445512,-805224,12,87.90,2017-05-23 19:27:00,263,1.00,.00,0.00020000,,0,.000300,SR P,"PHOSPHOROUS,SOLUBLE REACTIVE,FILTERED",MG P/L,44.92000,-80.87333
201705001,2018-02-28 15:06:00,CCGS LIMNOS,GEORGIAN BAY,22,450359,-811508,19,53.41,2017-05-23 22:43:00,263,1.00,.00,0.00020000,,0,.000400,SR P,"PHOSPHOROUS,SOLUBLE REACTIVE,FILTERED",MG P/L,45.06639,-81.25222
201705001,2018-02-28 15:06:00,CCGS LIMNOS,GEORGIAN BAY,23,451421,-812625,31,71.68,2017-05-24 02:35:00,263,1.00,.00,0.00020000,,0,.000600,SR P,"PHOSPHOROUS,SOLUBLE REACTIVE,FILTERED",MG P/L,45.23917,-81.44028
201705001,2018-02-28 15:06:00,CCGS LIMNOS,GEORGIAN BAY,24,452213,-813502,33,53.80,2017-05-24 04:03:00,263,1.00,.00,0.00020000,,0,.000400,SR P,"PHOSPHOROUS,SOLUBLE REACTIVE,FILTERED",MG P/L,45.37028,-81.58389
201705001,2018-02-28 15:06:00,CCGS LIMNOS,GEORGIAN BAY,24,452213,-813502,33,53.80,2017-05-24 04:03:00,263,43.00,.00,0.00020000,,0,.000300,SR P,"PHOSPHOROUS,SOLUBLE REACTIVE,FILTERED",MG P/L,45.37028,-81.58389
201705001,2018-02-28 15:06:00,CCGS LIMNOS,GEORGIAN BAY,24,452213,-813502,33,53.80,2017-05-24 04:03:00,263,51.00,.00,0.00020000,,0,.000400,SR P,"PHOSPHOROUS,SOLUBLE REACTIVE,FILTERED",MG P/L,45.37028,-81.58389
201705001,2018-02-28 15:06:00,CCGS LIMNOS,GEORGIAN BAY,1,454543,-814744,46,18.30,2017-05-21 12:28:00,265,1.00,.00,0.01400000,,0,.172000,TF KJN,"TOTAL KJELDAHL NITROGEN,FILTERED",MG N/L,45.76194,-81.79556
201705001,2018-02-28 15:06:00,CCGS LIMNOS,GEORGIAN BAY,2,455445,-813545,42,20.00,2017-05-21 14:33:00,265,1.00,.00,0.01400000,,0,.196000,TF KJN,"TOTAL KJELDAHL NITROGEN,FILTERED",MG N/L,45.91250,-81.59583
201705001,2018-02-28 15:06:00,CCGS LIMNOS,GEORGIAN BAY,2,455445,-813545,42,20.00,2017-05-21 14:33:00,265,10.00,.00,0.01400000,,0,.186000,TF KJN,"TOTAL KJELDAHL NITROGEN,FILTERED",MG N/L,45.91250,-81.59583
201705001,2018-02-28 15:06:00,CCGS LIMNOS,GEORGIAN BAY,2,455445,-813545,42,20.00,2017-05-21 14:33:00,265,18.00,.00,0.01400000,,0,.164000,TF KJN,"TOTAL KJELDAHL NITROGEN,FILTERED",MG N/L,45.91250,-81.59583
201705001,2018-02-28 15:06:00,CCGS LIMNOS,GEORGIAN BAY,3,455226,-811533,39,27.50,2017-05-21 17:07:00,265,1.00,.00,0.01400000,,0,.177000,TF KJN,"TOTAL KJELDAHL NITROGEN,FILTERED",MG N/L,45.87389,-81.25917
201705001,2018-02-28 15:06:00,CCGS LIMNOS,GEORGIAN BAY,4,455158,-810004,27,16.00,2017-05-21 18:42:00,265,1.00,.00,0.01400000,,0,.197000,TF KJN,"TOTAL KJELDAHL NITROGEN,FILTERED",MG N/L,45.86611,-81.00111
201705001,2018-02-28 15:06:00,CCGS LIMNOS,GEORGIAN BAY,4,455158,-810004,27,16.00,2017-05-21 18:42:00,265,14.00,.00,0.01400000,,0,.218000,TF KJN,"TOTAL KJELDAHL NITROGEN,FILTERED",MG N/L,45.86611,-81.00111
201705001,2018-02-28 15:06:00,CCGS LIMNOS,GEORGIAN BAY,5,454957,-805402,26,20.52,2017-05-21 20:08:00,265,1.00,.00,0.01400000,,0,.199000,TF KJN,"TOTAL KJELDAHL NITROGEN,FILTERED",MG N/L,45.83250,-80.90056
201705001,2018-02-28 15:06:00,CCGS LIMNOS,GEORGIAN BAY,5,454957,-805402,26,20.52,2017-05-21 20:08:00,265,1.00,.00,0.01400000,,1,.173000,TF KJN,"TOTAL KJELDAHL NITROGEN,FILTERED",MG N/L,45.83250,-80.90056
201705001,2018-02-28 15:06:00,CCGS LIMNOS,GEORGIAN BAY,6,454045,-805024,24,39.70,2017-05-21 21:46:00,265,1.00,.00,0.01400000,,0,.151000,TF KJN,"TOTAL KJELDAHL NITROGEN,FILTERED",MG N/L,45.67917,-80.84000
201705001,2018-02-28 15:06:00,CCGS LIMNOS,GEORGIAN BAY,7,453504,-810454,29,41.90,2017-05-21 23:25:00,265,1.00,.00,0.01400000,,0,.158000,TF KJN,"TOTAL KJELDAHL NITROGEN,FILTERED",MG N/L,45.58444,-81.08167
201705001,2018-02-28 15:06:00,CCGS LIMNOS,GEORGIAN BAY,7,453504,-810454,29,41.90,2017-05-21 23:25:00,265,32.00,.00,0.01400000,,0,.192000,TF KJN,"TOTAL KJELDAHL NITROGEN,FILTERED",MG N/L,45.58444,-81.08167
201705001,2018-02-28 15:06:00,CCGS LIMNOS,GEORGIAN BAY,7,453504,-810454,29,41.90,2017-05-21 23:25:00,265,40.00,.00,0.01400000,,0,.147000,TF KJN,"TOTAL KJELDAHL NITROGEN,FILTERED",MG N/L,45.58444,-81.08167
201705001,2018-02-28 15:06:00,CCGS LIMNOS,GEORGIAN BAY,8,452154,-811120,21,86.27,2017-05-22 02:06:00,265,1.00,.00,0.01400000,,0,.134000,TF KJN,"TOTAL KJELDAHL NITROGEN,FILTERED",MG N/L,45.36500,-81.18889
201705001,2018-02-28 15:06:00,CCGS LIMNOS,GEORGIAN BAY,9,451442,-805229,17,77.50,2017-05-22 04:32:00,265,1.00,.00,0.01400000,,0,.155000,TF KJN,"TOTAL KJELDAHL NITROGEN,FILTERED",MG N/L,45.24500,-80.87472
201705001,2018-02-28 15:06:00,CCGS LIMNOS,GEORGIAN BAY,9,451442,-805229,17,77.50,2017-05-22 04:32:00,265,50.00,.00,0.01400000,,0,.177000,TF KJN,"TOTAL KJELDAHL NITROGEN,FILTERED",MG N/L,45.24500,-80.87472
201705001,2018-02-28 15:06:00,CCGS LIMNOS,GEORGIAN BAY,9,451442,-805229,17,77.50,2017-05-22 04:32:00,265,67.00,.00,0.01400000,,0,.159000,TF KJN,"TOTAL KJELDAHL NITROGEN,FILTERED",MG N/L,45.24500,-80.87472
201705001,2018-02-28 15:06:00,CCGS LIMNOS,GEORGIAN BAY,9,451442,-805229,17,77.50,2017-05-22 04:32:00,265,75.00,.00,0.01400000,,0,.196000,TF KJN,"TOTAL KJELDAHL NITROGEN,FILTERED",MG N/L,45.24500,-80.87472
201705001,2018-02-28 15:06:00,CCGS LIMNOS,GEORGIAN BAY,10,452113,-802912,16,18.38,2017-05-22 14:25:00,265,1.00,.00,0.01400000,,0,.153000,TF KJN,"TOTAL KJELDAHL NITROGEN,FILTERED",MG N/L,45.35361,-80.48667
201705001,2018-02-28 15:06:00,CCGS LIMNOS,GEORGIAN BAY,10,452113,-802912,16,18.38,2017-05-22 14:25:00,265,1.00,.00,0.01400000,,1,.141000,TF KJN,"TOTAL KJELDAHL NITROGEN,FILTERED",MG N/L,45.35361,-80.48667
201705001,2018-02-28 15:06:00,CCGS LIMNOS,GEORGIAN BAY,10,452113,-802912,16,18.38,2017-05-22 14:25:00,265,998.00,.00,0.01400000,,0,.019000,TF KJN,"TOTAL KJELDAHL NITROGEN,FILTERED",MG N/L,45.35361,-80.48667
201705001,2018-02-28 15:06:00,CCGS LIMNOS,GEORGIAN BAY,10,452113,-802912,16,18.38,2017-05-22 14:25:00,265,999.00,.00,0.01400000,<,0,.014000,TF KJN,"TOTAL KJELDAHL NITROGEN,FILTERED",MG N/L,45.35361,-80.48667
201705001,2018-02-28 15:06:00,CCGS LIMNOS,GEORGIAN BAY,11,451928,-800703,122,94.00,2017-05-22 16:41:00,265,1.00,.00,0.01400000,,0,.198000,TF KJN,"TOTAL KJELDAHL NITROGEN,FILTERED",MG N/L,45.32444,-80.11750
201705001,2018-02-28 15:06:00,CCGS LIMNOS,GEORGIAN BAY,12,451001,-801748,15,44.50,2017-05-22 22:41:00,265,1.00,.00,0.01400000,,0,.143000,TF KJN,"TOTAL KJELDAHL NITROGEN,FILTERED",MG N/L,45.16694,-80.29667
201705001,2018-02-28 15:06:00,CCGS LIMNOS,GEORGIAN BAY,13,445711,-800859,8,50.57,2017-05-23 00:40:00,265,1.00,.00,0.01400000,,0,.177000,TF KJN,"TOTAL KJELDAHL NITROGEN,FILTERED",MG N/L,44.95306,-80.14972
201705001,2018-02-28 15:06:00,CCGS LIMNOS,GEORGIAN BAY,14,445219,-795801,9,28.89,2017-05-23 02:10:00,265,1.00,.00,0.01400000,,0,.327000,TF KJN,"TOTAL KJELDAHL NITROGEN,FILTERED",MG N/L,44.87194,-79.96694
201705001,2018-02-28 15:06:00,CCGS LIMNOS,GEORGIAN BAY,14,445219,-795801,9,28.89,2017-05-23 02:10:00,265,18.00,.00,0.01400000,,0,.179000,TF KJN,"TOTAL KJELDAHL NITROGEN,FILTERED",MG N/L,44.87194,-79.96694
201705001,2018-02-28 15:06:00,CCGS LIMNOS,GEORGIAN BAY,14,445219,-795801,9,28.89,2017-05-23 02:10:00,265,26.00,.00,0.01400000,,0,.209000,TF KJN,"TOTAL KJELDAHL NITROGEN,FILTERED",MG N/L,44.87194,-79.96694
201705001,2018-02-28 15:06:00,CCGS LIMNOS,GEORGIAN BAY,15,444749,-801440,5,57.50,2017-05-23 05:03:00,265,1.00,.00,0.01400000,,0,.164000,TF KJN,"TOTAL KJELDAHL NITROGEN,FILTERED",MG N/L,44.79694,-80.24444
201705001,2018-02-28 15:06:00,CCGS LIMNOS,GEORGIAN BAY,15,444749,-801440,5,57.50,2017-05-23 05:03:00,265,1.00,.00,0.01400000,,1,.163000,TF KJN,"TOTAL KJELDAHL NITROGEN,FILTERED",MG N/L,44.79694,-80.24444
201705001,2018-02-28 15:06:00,CCGS LIMNOS,GEORGIAN BAY,16,443847,-801004,4,58.00,2017-05-23 06:33:00,265,1.00,.00,0.01400000,,0,.138000,TF KJN,"TOTAL KJELDAHL NITROGEN,FILTERED",MG N/L,44.64639,-80.16778
201705001,2018-02-28 15:06:00,CCGS LIMNOS,GEORGIAN BAY,16,443847,-801004,4,58.00,2017-05-23 06:33:00,265,48.00,.00,0.01400000,,0,.148000,TF KJN,"TOTAL KJELDAHL NITROGEN,FILTERED",MG N/L,44.64639,-80.16778
201705001,2018-02-28 15:06:00,CCGS LIMNOS,GEORGIAN BAY,16,443847,-801004,4,58.00,2017-05-23 06:33:00,265,56.00,.00,0.01400000,,0,.141000,TF KJN,"TOTAL KJELDAHL NITROGEN,FILTERED",MG N/L,44.64639,-80.16778
201705001,2018-02-28 15:06:00,CCGS LIMNOS,GEORGIAN BAY,17,444414,-802604,6,85.93,2017-05-23 09:11:00,265,1.00,.00,0.01400000,,0,.154000,TF KJN,"TOTAL KJELDAHL NITROGEN,FILTERED",MG N/L,44.73722,-80.43444
201705001,2018-02-28 15:06:00,CCGS LIMNOS,GEORGIAN BAY,18,444330,-803656,3,34.05,2017-05-23 10:38:00,265,1.00,.00,0.01400000,,0,.181000,TF KJN,"TOTAL KJELDAHL NITROGEN,FILTERED",MG N/L,44.72500,-80.61556
201705001,2018-02-28 15:06:00,CCGS LIMNOS,GEORGIAN BAY,19,444306,-805120,1,89.30,2017-05-23 13:17:00,265,1.00,.00,0.01400000,,0,.161000,TF KJN,"TOTAL KJELDAHL NITROGEN,FILTERED",MG N/L,44.71833,-80.85556
201705001,2018-02-28 15:06:00,CCGS LIMNOS,GEORGIAN BAY,19,444306,-805120,1,89.30,2017-05-23 13:17:00,265,50.00,.00,0.01400000,,0,.197000,TF KJN,"TOTAL KJELDAHL NITROGEN,FILTERED",MG N/L,44.71833,-80.85556
201705001,2018-02-28 15:06:00,CCGS LIMNOS,GEORGIAN BAY,19,444306,-805120,1,89.30,2017-05-23 13:17:00,265,79.00,.00,0.01400000,,0,.155000,TF KJN,"TOTAL KJELDAHL NITROGEN,FILTERED",MG N/L,44.71833,-80.85556
201705001,2018-02-28 15:06:00,CCGS LIMNOS,GEORGIAN BAY,19,444306,-805120,1,89.30,2017-05-23 13:17:00,265,87.00,.00,0.01400000,,0,.193000,TF KJN,"TOTAL KJELDAHL NITROGEN,FILTERED",MG N/L,44.71833,-80.85556
201705001,2018-02-28 15:06:00,CCGS LIMNOS,GEORGIAN BAY,20,445513,-803624,11,61.50,2017-05-23 17:16:00,265,1.00,.00,0.01400000,,0,.149000,TF KJN,"TOTAL KJELDAHL NITROGEN,FILTERED",MG N/L,44.92028,-80.60667
201705001,2018-02-28 15:06:00,CCGS LIMNOS,GEORGIAN BAY,20,445513,-803624,11,61.50,2017-05-23 17:16:00,265,1.00,.00,0.01400000,,1,.148000,TF KJN,"TOTAL KJELDAHL NITROGEN,FILTERED",MG N/L,44.92028,-80.60667
201705001,2018-02-28 15:06:00,CCGS LIMNOS,GEORGIAN BAY,20,445513,-803624,11,61.50,2017-05-23 17:16:00,265,998.00,.00,0.01400000,,0,.019000,TF KJN,"TOTAL KJELDAHL NITROGEN,FILTERED",MG N/L,44.92028,-80.60667
201705001,2018-02-28 15:06:00,CCGS LIMNOS,GEORGIAN BAY,20,445513,-803624,11,61.50,2017-05-23 17:16:00,265,999.00,.00,0.01400000,,0,.037000,TF KJN,"TOTAL KJELDAHL NITROGEN,FILTERED",MG N/L,44.92028,-80.60667
201705001,2018-02-28 15:06:00,CCGS LIMNOS,GEORGIAN BAY,21,445512,-805224,12,87.90,2017-05-23 19:27:00,265,1.00,.00,0.01400000,,0,.214000,TF KJN,"TOTAL KJELDAHL NITROGEN,FILTERED",MG N/L,44.92000,-80.87333
201705001,2018-02-28 15:06:00,CCGS LIMNOS,GEORGIAN BAY,22,450359,-811508,19,53.41,2017-05-23 22:43:00,265,1.00,.00,0.01400000,,0,.153000,TF KJN,"TOTAL KJELDAHL NITROGEN,FILTERED",MG N/L,45.06639,-81.25222
201705001,2018-02-28 15:06:00,CCGS LIMNOS,GEORGIAN BAY,23,451421,-812625,31,71.68,2017-05-24 02:35:00,265,1.00,.00,0.01400000,,0,.203000,TF KJN,"TOTAL KJELDAHL NITROGEN,FILTERED",MG N/L,45.23917,-81.44028
201705001,2018-02-28 15:06:00,CCGS LIMNOS,GEORGIAN BAY,24,452213,-813502,33,53.80,2017-05-24 04:03:00,265,1.00,.00,0.01400000,,0,.190000,TF KJN,"TOTAL KJELDAHL NITROGEN,FILTERED",MG N/L,45.37028,-81.58389
201705001,2018-02-28 15:06:00,CCGS LIMNOS,GEORGIAN BAY,24,452213,-813502,33,53.80,2017-05-24 04:03:00,265,43.00,.00,0.01400000,,0,.140000,TF KJN,"TOTAL KJELDAHL NITROGEN,FILTERED",MG N/L,45.37028,-81.58389
201705001,2018-02-28 15:06:00,CCGS LIMNOS,GEORGIAN BAY,24,452213,-813502,33,53.80,2017-05-24 04:03:00,265,51.00,.00,0.01400000,,0,.178000,TF KJN,"TOTAL KJELDAHL NITROGEN,FILTERED",MG N/L,45.37028,-81.58389
201705002,2018-02-26 13:41:00,CCGS LIMNOS,GEORGIAN BAY,1,453140,-814010,35,35.29,2017-09-13 15:45:00,265,1.00,.00,0.01400000,,0,.152000,TF KJN,"TOTAL KJELDAHL NITROGEN,FILTERED",MG N/L,45.52778,-81.66944
201705002,2018-02-26 13:41:00,CCGS LIMNOS,GEORGIAN BAY,2,452212,-813508,33,54.52,2017-09-13 17:29:00,265,1.00,.00,0.01400000,,0,.156000,TF KJN,"TOTAL KJELDAHL NITROGEN,FILTERED",MG N/L,45.37000,-81.58556
201705002,2018-02-26 13:41:00,CCGS LIMNOS,GEORGIAN BAY,2,452212,-813508,33,54.52,2017-09-13 17:29:00,265,12.00,.00,0.01400000,,0,.157000,TF KJN,"TOTAL KJELDAHL NITROGEN,FILTERED",MG N/L,45.37000,-81.58556
201705002,2018-02-26 13:41:00,CCGS LIMNOS,GEORGIAN BAY,2,452212,-813508,33,54.52,2017-09-13 17:29:00,265,20.00,.00,0.01400000,,0,.155000,TF KJN,"TOTAL KJELDAHL NITROGEN,FILTERED",MG N/L,45.37000,-81.58556
201705002,2018-02-26 13:41:00,CCGS LIMNOS,GEORGIAN BAY,2,452212,-813508,33,54.52,2017-09-13 17:29:00,265,30.00,.00,0.01400000,,0,.154000,TF KJN,"TOTAL KJELDAHL NITROGEN,FILTERED",MG N/L,45.37000,-81.58556
201705002,2018-02-26 13:41:00,CCGS LIMNOS,GEORGIAN BAY,2,452212,-813508,33,54.52,2017-09-13 17:29:00,265,44.00,.00,0.01400000,,0,.156000,TF KJN,"TOTAL KJELDAHL NITROGEN,FILTERED",MG N/L,45.37000,-81.58556
201705002,2018-02-26 13:41:00,CCGS LIMNOS,GEORGIAN BAY,2,452212,-813508,33,54.52,2017-09-13 17:29:00,265,52.00,.00,0.01400000,,0,.140000,TF KJN,"TOTAL KJELDAHL NITROGEN,FILTERED",MG N/L,45.37000,-81.58556
201705002,2018-02-26 13:41:00,CCGS LIMNOS,GEORGIAN BAY,3,451419,-812628,31,64.75,2017-09-13 19:30:00,265,1.00,.00,0.01400000,,0,.157000,TF KJN,"TOTAL KJELDAHL NITROGEN,FILTERED",MG N/L,45.23861,-81.44111
201705002,2018-02-26 13:41:00,CCGS LIMNOS,GEORGIAN BAY,4,452154,-811124,21,86.36,2017-09-13 22:54:00,265,1.00,.00,0.01400000,,0,.148000,TF KJN,"TOTAL KJELDAHL NITROGEN,FILTERED",MG N/L,45.36500,-81.19000
201705002,2018-02-26 13:41:00,CCGS LIMNOS,GEORGIAN BAY,5,451438,-805228,17,77.87,2017-09-14 01:23:00,265,1.00,.00,0.01400000,,0,.159000,TF KJN,"TOTAL KJELDAHL NITROGEN,FILTERED",MG N/L,45.24389,-80.87444
201705002,2018-02-26 13:41:00,CCGS LIMNOS,GEORGIAN BAY,5,451438,-805228,17,77.87,2017-09-14 01:23:00,265,1.00,.00,0.01400000,,1,.155000,TF KJN,"TOTAL KJELDAHL NITROGEN,FILTERED",MG N/L,45.24389,-80.87444
201705002,2018-02-26 13:41:00,CCGS LIMNOS,GEORGIAN BAY,5,451438,-805228,17,77.87,2017-09-14 01:23:00,265,20.00,.00,0.01400000,,0,.154000,TF KJN,"TOTAL KJELDAHL NITROGEN,FILTERED",MG N/L,45.24389,-80.87444
201705002,2018-02-26 13:41:00,CCGS LIMNOS,GEORGIAN BAY,5,451438,-805228,17,77.87,2017-09-14 01:23:00,265,27.00,.00,0.01400000,,0,.145000,TF KJN,"TOTAL KJELDAHL NITROGEN,FILTERED",MG N/L,45.24389,-80.87444
201705002,2018-02-26 13:41:00,CCGS LIMNOS,GEORGIAN BAY,5,451438,-805228,17,77.87,2017-09-14 01:23:00,265,41.00,.00,0.01400000,,0,.148000,TF KJN,"TOTAL KJELDAHL NITROGEN,FILTERED",MG N/L,45.24389,-80.87444
201705002,2018-02-26 13:41:00,CCGS LIMNOS,GEORGIAN BAY,5,451438,-805228,17,77.87,2017-09-14 01:23:00,265,68.00,.00,0.01400000,,0,.144000,TF KJN,"TOTAL KJELDAHL NITROGEN,FILTERED",MG N/L,45.24389,-80.87444
201705002,2018-02-26 13:41:00,CCGS LIMNOS,GEORGIAN BAY,5,451438,-805228,17,77.87,2017-09-14 01:23:00,265,76.00,.00,0.01400000,,0,.141000,TF KJN,"TOTAL KJELDAHL NITROGEN,FILTERED",MG N/L,45.24389,-80.87444
201705002,2018-02-26 13:41:00,CCGS LIMNOS,GEORGIAN BAY,6,450401,-811513,19,53.73,2017-09-14 04:33:00,265,1.00,.00,0.01400000,,0,.142000,TF KJN,"TOTAL KJELDAHL NITROGEN,FILTERED",MG N/L,45.06694,-81.25361
201705002,2018-02-26 13:41:00,CCGS LIMNOS,GEORGIAN BAY,7,445512,-805230,12,88.49,2017-09-14 07:17:00,265,1.00,.00,0.01400000,,0,.153000,TF KJN,"TOTAL KJELDAHL NITROGEN,FILTERED",MG N/L,44.92000,-80.87500
201705002,2018-02-26 13:41:00,CCGS LIMNOS,GEORGIAN BAY,8,445514,-803622,11,62.16,2017-09-14 09:18:00,265,1.00,.00,0.01400000,,0,.152000,TF KJN,"TOTAL KJELDAHL NITROGEN,FILTERED",MG N/L,44.92056,-80.60611
201705002,2018-02-26 13:41:00,CCGS LIMNOS,GEORGIAN BAY,9,444303,-805122,1,89.7,2017-09-14 11:41:00,265,1.00,.00,0.01400000,,0,.142000,TF KJN,"TOTAL KJELDAHL NITROGEN,FILTERED",MG N/L,44.71750,-80.85611
201705002,2018-02-26 13:41:00,CCGS LIMNOS,GEORGIAN BAY,9,444303,-805122,1,89.7,2017-09-14 11:41:00,265,19.00,.00,0.01400000,,0,.138000,TF KJN,"TOTAL KJELDAHL NITROGEN,FILTERED",MG N/L,44.71750,-80.85611
201705002,2018-02-26 13:41:00,CCGS LIMNOS,GEORGIAN BAY,9,444303,-805122,1,89.7,2017-09-14 11:41:00,265,25.00,.00,0.01400000,,0,.133000,TF KJN,"TOTAL KJELDAHL NITROGEN,FILTERED",MG N/L,44.71750,-80.85611
201705002,2018-02-26 13:41:00,CCGS LIMNOS,GEORGIAN BAY,9,444303,-805122,1,89.7,2017-09-14 11:41:00,265,34.00,.00,0.01400000,,0,.137000,TF KJN,"TOTAL KJELDAHL NITROGEN,FILTERED",MG N/L,44.71750,-80.85611
201705002,2018-02-26 13:41:00,CCGS LIMNOS,GEORGIAN BAY,9,444303,-805122,1,89.7,2017-09-14 11:41:00,265,80.00,.00,0.01400000,,0,.136000,TF KJN,"TOTAL KJELDAHL NITROGEN,FILTERED",MG N/L,44.71750,-80.85611
201705002,2018-02-26 13:41:00,CCGS LIMNOS,GEORGIAN BAY,9,444303,-805122,1,89.7,2017-09-14 11:41:00,265,88.00,.00,0.01400000,,0,.140000,TF KJN,"TOTAL KJELDAHL NITROGEN,FILTERED",MG N/L,44.71750,-80.85611
201705002,2018-02-26 13:41:00,CCGS LIMNOS,GEORGIAN BAY,10,444329,-803701,3,34.36,2017-09-14 13:46:00,265,1.00,.00,0.01400000,,0,.143000,TF KJN,"TOTAL KJELDAHL NITROGEN,FILTERED",MG N/L,44.72472,-80.61694
201705002,2018-02-26 13:41:00,CCGS LIMNOS,GEORGIAN BAY,10,444329,-803701,3,34.36,2017-09-14 13:46:00,265,1.00,.00,0.01400000,,1,.156000,TF KJN,"TOTAL KJELDAHL NITROGEN,FILTERED",MG N/L,44.72472,-80.61694
201705002,2018-02-26 13:41:00,CCGS LIMNOS,GEORGIAN BAY,10,444329,-803701,3,34.36,2017-09-14 13:46:00,265,998.00,.00,0.01400000,,0,.022000,TF KJN,"TOTAL KJELDAHL NITROGEN,FILTERED",MG N/L,44.72472,-80.61694
201705002,2018-02-26 13:41:00,CCGS LIMNOS,GEORGIAN BAY,10,444329,-803701,3,34.36,2017-09-14 13:46:00,265,999.00,.00,0.01400000,<,0,.014000,TF KJN,"TOTAL KJELDAHL NITROGEN,FILTERED",MG N/L,44.72472,-80.61694
201705002,2018-02-26 13:41:00,CCGS LIMNOS,GEORGIAN BAY,11,444411,-802606,6,87.05,2017-09-14 15:18:00,265,1.00,.00,0.01400000,,0,.148000,TF KJN,"TOTAL KJELDAHL NITROGEN,FILTERED",MG N/L,44.73639,-80.43500
201705002,2018-02-26 13:41:00,CCGS LIMNOS,GEORGIAN BAY,12,444746,-801436,5,58.89,2017-09-14 17:16:00,265,1.00,.00,0.01400000,,0,.152000,TF KJN,"TOTAL KJELDAHL NITROGEN,FILTERED",MG N/L,44.79611,-80.24333
201705002,2018-02-26 13:41:00,CCGS LIMNOS,GEORGIAN BAY,13,443844,-801002,4,57.57,2017-09-14 19:38:00,265,1.00,.00,0.01400000,,0,.147000,TF KJN,"TOTAL KJELDAHL NITROGEN,FILTERED",MG N/L,44.64556,-80.16722
201705002,2018-02-26 13:41:00,CCGS LIMNOS,GEORGIAN BAY,13,443844,-801002,4,57.57,2017-09-14 19:38:00,265,20.00,.00,0.01400000,,0,.169000,TF KJN,"TOTAL KJELDAHL NITROGEN,FILTERED",MG N/L,44.64556,-80.16722
201705002,2018-02-26 13:41:00,CCGS LIMNOS,GEORGIAN BAY,13,443844,-801002,4,57.57,2017-09-14 19:38:00,265,27.00,.00,0.01400000,,0,.181000,TF KJN,"TOTAL KJELDAHL NITROGEN,FILTERED",MG N/L,44.64556,-80.16722
201705002,2018-02-26 13:41:00,CCGS LIMNOS,GEORGIAN BAY,13,443844,-801002,4,57.57,2017-09-14 19:38:00,265,41.00,.00,0.01400000,,0,.171000,TF KJN,"TOTAL KJELDAHL NITROGEN,FILTERED",MG N/L,44.64556,-80.16722
201705002,2018-02-26 13:41:00,CCGS LIMNOS,GEORGIAN BAY,13,443844,-801002,4,57.57,2017-09-14 19:38:00,265,47.00,.00,0.01400000,,0,.157000,TF KJN,"TOTAL KJELDAHL NITROGEN,FILTERED",MG N/L,44.64556,-80.16722
201705002,2018-02-26 13:41:00,CCGS LIMNOS,GEORGIAN BAY,13,443844,-801002,4,57.57,2017-09-14 19:38:00,265,55.00,.00,0.01400000,,0,.152000,TF KJN,"TOTAL KJELDAHL NITROGEN,FILTERED",MG N/L,44.64556,-80.16722
201705002,2018-02-26 13:41:00,CCGS LIMNOS,GEORGIAN BAY,14,445216,-795809,9,30.11,2017-09-15 00:22:00,265,1.00,.00,0.01400000,,0,.199000,TF KJN,"TOTAL KJELDAHL NITROGEN,FILTERED",MG N/L,44.87111,-79.96917
201705002,2018-02-26 13:41:00,CCGS LIMNOS,GEORGIAN BAY,14,445216,-795809,9,30.11,2017-09-15 00:22:00,265,20.00,.00,0.01400000,,0,.173000,TF KJN,"TOTAL KJELDAHL NITROGEN,FILTERED",MG N/L,44.87111,-79.96917
201705002,2018-02-26 13:41:00,CCGS LIMNOS,GEORGIAN BAY,14,445216,-795809,9,30.11,2017-09-15 00:22:00,265,28.00,.00,0.01400000,,0,.168000,TF KJN,"TOTAL KJELDAHL NITROGEN,FILTERED",MG N/L,44.87111,-79.96917
201705002,2018-02-26 13:41:00,CCGS LIMNOS,GEORGIAN BAY,15,445709,-800856,8,50.79,2017-09-15 02:47:00,265,1.00,.00,0.01400000,,0,.150000,TF KJN,"TOTAL KJELDAHL NITROGEN,FILTERED",MG N/L,44.95250,-80.14889
201705002,2018-02-26 13:41:00,CCGS LIMNOS,GEORGIAN BAY,15,445709,-800856,8,50.79,2017-09-15 02:47:00,265,1.00,.00,0.01400000,,1,.145000,TF KJN,"TOTAL KJELDAHL NITROGEN,FILTERED",MG N/L,44.95250,-80.14889
201705002,2018-02-26 13:41:00,CCGS LIMNOS,GEORGIAN BAY,16,450959,-801749,15,46.62,2017-09-15 05:51:00,265,1.00,.00,0.01400000,,0,.155000,TF KJN,"TOTAL KJELDAHL NITROGEN,FILTERED",MG N/L,45.16639,-80.29694
201705002,2018-02-26 13:41:00,CCGS LIMNOS,GEORGIAN BAY,17,452112,-802908,16,19.01,2017-09-15 09:06:00,265,1.00,.00,0.01400000,,0,.142000,TF KJN,"TOTAL KJELDAHL NITROGEN,FILTERED",MG N/L,45.35333,-80.48556
201705002,2018-02-26 13:41:00,CCGS LIMNOS,GEORGIAN BAY,18,451930,-800658,122,94.89,2017-09-15 12:02:00,265,1.00,.00,0.01400000,,0,.207000,TF KJN,"TOTAL KJELDAHL NITROGEN,FILTERED",MG N/L,45.32500,-80.11611
201705002,2018-02-26 13:41:00,CCGS LIMNOS,GEORGIAN BAY,19,453456,-810459,29,42.78,2017-09-16 15:55:00,265,1.00,.00,0.01400000,,0,.144000,TF KJN,"TOTAL KJELDAHL NITROGEN,FILTERED",MG N/L,45.58222,-81.08306
201705002,2018-02-26 13:41:00,CCGS LIMNOS,GEORGIAN BAY,19,453456,-810459,29,42.78,2017-09-16 15:55:00,265,16.00,.00,0.01400000,,0,.145000,TF KJN,"TOTAL KJELDAHL NITROGEN,FILTERED",MG N/L,45.58222,-81.08306
201705002,2018-02-26 13:41:00,CCGS LIMNOS,GEORGIAN BAY,19,453456,-810459,29,42.78,2017-09-16 15:55:00,265,21.00,.00,0.01400000,,0,.149000,TF KJN,"TOTAL KJELDAHL NITROGEN,FILTERED",MG N/L,45.58222,-81.08306
201705002,2018-02-26 13:41:00,CCGS LIMNOS,GEORGIAN BAY,19,453456,-810459,29,42.78,2017-09-16 15:55:00,265,26.00,.00,0.01400000,,0,.135000,TF KJN,"TOTAL KJELDAHL NITROGEN,FILTERED",MG N/L,45.58222,-81.08306
201705002,2018-02-26 13:41:00,CCGS LIMNOS,GEORGIAN BAY,19,453456,-810459,29,42.78,2017-09-16 15:55:00,265,32.00,.00,0.01400000,,0,.152000,TF KJN,"TOTAL KJELDAHL NITROGEN,FILTERED",MG N/L,45.58222,-81.08306
201705002,2018-02-26 13:41:00,CCGS LIMNOS,GEORGIAN BAY,19,453456,-810459,29,42.78,2017-09-16 15:55:00,265,40.00,.00,0.01400000,,0,.148000,TF KJN,"TOTAL KJELDAHL NITROGEN,FILTERED",MG N/L,45.58222,-81.08306
201705002,2018-02-26 13:41:00,CCGS LIMNOS,GEORGIAN BAY,20,454042,-805022,24,40.01,2017-09-16 18:12:00,265,1.00,.00,0.01400000,,0,.152000,TF KJN,"TOTAL KJELDAHL NITROGEN,FILTERED",MG N/L,45.67833,-80.83944
201705002,2018-02-26 13:41:00,CCGS LIMNOS,GEORGIAN BAY,20,454042,-805022,24,40.01,2017-09-16 18:12:00,265,1.00,.00,0.01400000,,1,.154000,TF KJN,"TOTAL KJELDAHL NITROGEN,FILTERED",MG N/L,45.67833,-80.83944
201705002,2018-02-26 13:41:00,CCGS LIMNOS,GEORGIAN BAY,20,454042,-805022,24,40.01,2017-09-16 18:12:00,265,998.00,.00,0.01400000,<,0,.014000,TF KJN,"TOTAL KJELDAHL NITROGEN,FILTERED",MG N/L,45.67833,-80.83944
201705002,2018-02-26 13:41:00,CCGS LIMNOS,GEORGIAN BAY,20,454042,-805022,24,40.01,2017-09-16 18:12:00,265,999.00,.00,0.01400000,<,0,.014000,TF KJN,"TOTAL KJELDAHL NITROGEN,FILTERED",MG N/L,45.67833,-80.83944
201705002,2018-02-26 13:41:00,CCGS LIMNOS,GEORGIAN BAY,21,455000,-805357,26,20.11,2017-09-16 20:13:00,265,1.00,.00,0.01400000,,0,.169000,TF KJN,"TOTAL KJELDAHL NITROGEN,FILTERED",MG N/L,45.83333,-80.89917
201705002,2018-02-26 13:41:00,CCGS LIMNOS,GEORGIAN BAY,22,455156,-805957,27,17.72,2017-09-16 21:23:00,265,1.00,.00,0.01400000,,0,.150000,TF KJN,"TOTAL KJELDAHL NITROGEN,FILTERED",MG N/L,45.86556,-80.99917
201705002,2018-02-26 13:41:00,CCGS LIMNOS,GEORGIAN BAY,22,455156,-805957,27,17.72,2017-09-16 21:23:00,265,8.00,.00,0.01400000,,0,.174000,TF KJN,"TOTAL KJELDAHL NITROGEN,FILTERED",MG N/L,45.86556,-80.99917
201705002,2018-02-26 13:41:00,CCGS LIMNOS,GEORGIAN BAY,22,455156,-805957,27,17.72,2017-09-16 21:23:00,265,15.00,.00,0.01400000,,0,.184000,TF KJN,"TOTAL KJELDAHL NITROGEN,FILTERED",MG N/L,45.86556,-80.99917
201705002,2018-02-26 13:41:00,CCGS LIMNOS,GEORGIAN BAY,23,455223,-811531,39,28.28,2017-09-16 23:25:00,265,1.00,.00,0.01400000,,0,.217000,TF KJN,"TOTAL KJELDAHL NITROGEN,FILTERED",MG N/L,45.87306,-81.25861
201705002,2018-02-26 13:41:00,CCGS LIMNOS,GEORGIAN BAY,24,454230,-813710,36,52.89,2017-09-17 02:19:00,265,1.00,.00,0.01400000,,0,.156000,TF KJN,"TOTAL KJELDAHL NITROGEN,FILTERED",MG N/L,45.70833,-81.61944
201705002,2018-02-26 13:41:00,CCGS LIMNOS,GEORGIAN BAY,25,455445,-813539,42,29.5,2017-09-17 05:24:00,265,1.00,.00,0.01400000,,0,.174000,TF KJN,"TOTAL KJELDAHL NITROGEN,FILTERED",MG N/L,45.91250,-81.59417
201705002,2018-02-26 13:41:00,CCGS LIMNOS,GEORGIAN BAY,25,455445,-813539,42,29.5,2017-09-17 05:24:00,265,1.00,.00,0.01400000,,1,.173000,TF KJN,"TOTAL KJELDAHL NITROGEN,FILTERED",MG N/L,45.91250,-81.59417
201705002,2018-02-26 13:41:00,CCGS LIMNOS,GEORGIAN BAY,25,455445,-813539,42,29.5,2017-09-17 05:24:00,265,19.00,.00,0.01400000,,0,.160000,TF KJN,"TOTAL KJELDAHL NITROGEN,FILTERED",MG N/L,45.91250,-81.59417
201705002,2018-02-26 13:41:00,CCGS LIMNOS,GEORGIAN BAY,25,455445,-813539,42,29.5,2017-09-17 05:24:00,265,22.00,.00,0.01400000,,0,.159000,TF KJN,"TOTAL KJELDAHL NITROGEN,FILTERED",MG N/L,45.91250,-81.59417
201705002,2018-02-26 13:41:00,CCGS LIMNOS,GEORGIAN BAY,26,454546,-814745,46,19.2,2017-09-17 09:00:00,265,1.00,.00,0.01400000,,0,.190000,TF KJN,"TOTAL KJELDAHL NITROGEN,FILTERED",MG N/L,45.76278,-81.79583
201705001,2018-02-28 15:06:00,CCGS LIMNOS,GEORGIAN BAY,1,454543,-814744,46,18.30,2017-05-21 12:28:00,267,.00,16.00,0.00020000,,0,.017000,I-N,"NITROGEN,TOTAL PARTICULATE - INTEGRATED",MG N/L,45.76194,-81.79556
201705001,2018-02-28 15:06:00,CCGS LIMNOS,GEORGIAN BAY,2,455445,-813545,42,20.00,2017-05-21 14:33:00,267,.00,20.00,0.00030000,,0,.023000,I-N,"NITROGEN,TOTAL PARTICULATE - INTEGRATED",MG N/L,45.91250,-81.59583
201705001,2018-02-28 15:06:00,CCGS LIMNOS,GEORGIAN BAY,3,455226,-811533,39,27.50,2017-05-21 17:07:00,267,.00,20.00,0.00020000,,0,.018000,I-N,"NITROGEN,TOTAL PARTICULATE - INTEGRATED",MG N/L,45.87389,-81.25917
201705001,2018-02-28 15:06:00,CCGS LIMNOS,GEORGIAN BAY,4,455158,-810004,27,16.00,2017-05-21 18:42:00,267,.00,14.00,0.00010000,,0,.010000,I-N,"NITROGEN,TOTAL PARTICULATE - INTEGRATED",MG N/L,45.86611,-81.00111
201705001,2018-02-28 15:06:00,CCGS LIMNOS,GEORGIAN BAY,5,454957,-805402,26,20.52,2017-05-21 20:08:00,267,.00,18.00,0.00030000,,0,.011000,I-N,"NITROGEN,TOTAL PARTICULATE - INTEGRATED",MG N/L,45.83250,-80.90056
201705001,2018-02-28 15:06:00,CCGS LIMNOS,GEORGIAN BAY,5,454957,-805402,26,20.52,2017-05-21 20:08:00,267,.00,18.00,0.00030000,,1,.011000,I-N,"NITROGEN,TOTAL PARTICULATE - INTEGRATED",MG N/L,45.83250,-80.90056
201705001,2018-02-28 15:06:00,CCGS LIMNOS,GEORGIAN BAY,6,454045,-805024,24,39.70,2017-05-21 21:46:00,267,.00,20.00,0.00030000,,0,.008000,I-N,"NITROGEN,TOTAL PARTICULATE - INTEGRATED",MG N/L,45.67917,-80.84000
201705001,2018-02-28 15:06:00,CCGS LIMNOS,GEORGIAN BAY,7,453504,-810454,29,41.90,2017-05-21 23:25:00,267,.00,20.00,0.00010000,,0,.007000,I-N,"NITROGEN,TOTAL PARTICULATE - INTEGRATED",MG N/L,45.58444,-81.08167
201705001,2018-02-28 15:06:00,CCGS LIMNOS,GEORGIAN BAY,8,452154,-811120,21,86.27,2017-05-22 02:06:00,267,.00,20.00,0.00010000,,0,.009000,I-N,"NITROGEN,TOTAL PARTICULATE - INTEGRATED",MG N/L,45.36500,-81.18889
201705001,2018-02-28 15:06:00,CCGS LIMNOS,GEORGIAN BAY,9,451442,-805229,17,77.50,2017-05-22 04:32:00,267,.00,20.00,0.00010000,,0,.008000,I-N,"NITROGEN,TOTAL PARTICULATE - INTEGRATED",MG N/L,45.24500,-80.87472
201705001,2018-02-28 15:06:00,CCGS LIMNOS,GEORGIAN BAY,10,452113,-802912,16,18.38,2017-05-22 14:25:00,267,.00,16.00,0.00020000,,0,.010000,I-N,"NITROGEN,TOTAL PARTICULATE - INTEGRATED",MG N/L,45.35361,-80.48667
201705001,2018-02-28 15:06:00,CCGS LIMNOS,GEORGIAN BAY,10,452113,-802912,16,18.38,2017-05-22 14:25:00,267,.00,16.00,0.00020000,,1,.008000,I-N,"NITROGEN,TOTAL PARTICULATE - INTEGRATED",MG N/L,45.35361,-80.48667
201705001,2018-02-28 15:06:00,CCGS LIMNOS,GEORGIAN BAY,11,451928,-800703,122,94.00,2017-05-22 16:41:00,267,.00,20.00,0.00020000,,0,.019000,I-N,"NITROGEN,TOTAL PARTICULATE - INTEGRATED",MG N/L,45.32444,-80.11750
201705001,2018-02-28 15:06:00,CCGS LIMNOS,GEORGIAN BAY,12,451001,-801748,15,44.50,2017-05-22 22:41:00,267,.00,20.00,0.00020000,,0,.005000,I-N,"NITROGEN,TOTAL PARTICULATE - INTEGRATED",MG N/L,45.16694,-80.29667
201705001,2018-02-28 15:06:00,CCGS LIMNOS,GEORGIAN BAY,13,445711,-800859,8,50.57,2017-05-23 00:40:00,267,.00,20.00,0.00010000,,0,.008000,I-N,"NITROGEN,TOTAL PARTICULATE - INTEGRATED",MG N/L,44.95306,-80.14972
201705001,2018-02-28 15:06:00,CCGS LIMNOS,GEORGIAN BAY,14,445219,-795801,9,28.89,2017-05-23 02:10:00,267,.00,20.00,0.00020000,,0,.010000,I-N,"NITROGEN,TOTAL PARTICULATE - INTEGRATED",MG N/L,44.87194,-79.96694
201705001,2018-02-28 15:06:00,CCGS LIMNOS,GEORGIAN BAY,15,444749,-801440,5,57.50,2017-05-23 05:03:00,267,.00,20.00,0.00010000,,0,.011000,I-N,"NITROGEN,TOTAL PARTICULATE - INTEGRATED",MG N/L,44.79694,-80.24444
201705001,2018-02-28 15:06:00,CCGS LIMNOS,GEORGIAN BAY,15,444749,-801440,5,57.50,2017-05-23 05:03:00,267,.00,20.00,0.00010000,,1,.007000,I-N,"NITROGEN,TOTAL PARTICULATE - INTEGRATED",MG N/L,44.79694,-80.24444
201705001,2018-02-28 15:06:00,CCGS LIMNOS,GEORGIAN BAY,16,443847,-801004,4,58.00,2017-05-23 06:33:00,267,.00,20.00,0.00020000,,0,.010000,I-N,"NITROGEN,TOTAL PARTICULATE - INTEGRATED",MG N/L,44.64639,-80.16778
201705001,2018-02-28 15:06:00,CCGS LIMNOS,GEORGIAN BAY,17,444414,-802604,6,85.93,2017-05-23 09:11:00,267,.00,20.00,0.00010000,,0,.010000,I-N,"NITROGEN,TOTAL PARTICULATE - INTEGRATED",MG N/L,44.73722,-80.43444
201705001,2018-02-28 15:06:00,CCGS LIMNOS,GEORGIAN BAY,18,444330,-803656,3,34.05,2017-05-23 10:38:00,267,.00,20.00,0.00020000,,0,.004000,I-N,"NITROGEN,TOTAL PARTICULATE - INTEGRATED",MG N/L,44.72500,-80.61556
201705001,2018-02-28 15:06:00,CCGS LIMNOS,GEORGIAN BAY,19,444306,-805120,1,89.30,2017-05-23 13:17:00,267,.00,20.00,0.00010000,,0,.008000,I-N,"NITROGEN,TOTAL PARTICULATE - INTEGRATED",MG N/L,44.71833,-80.85556
201705001,2018-02-28 15:06:00,CCGS LIMNOS,GEORGIAN BAY,20,445513,-803624,11,61.50,2017-05-23 17:16:00,267,.00,20.00,0.00020000,,0,.007000,I-N,"NITROGEN,TOTAL PARTICULATE - INTEGRATED",MG N/L,44.92028,-80.60667
201705001,2018-02-28 15:06:00,CCGS LIMNOS,GEORGIAN BAY,20,445513,-803624,11,61.50,2017-05-23 17:16:00,267,.00,20.00,0.00020000,,1,.006000,I-N,"NITROGEN,TOTAL PARTICULATE - INTEGRATED",MG N/L,44.92028,-80.60667
201705001,2018-02-28 15:06:00,CCGS LIMNOS,GEORGIAN BAY,21,445512,-805224,12,87.90,2017-05-23 19:27:00,267,.00,20.00,0.00020000,,0,.008000,I-N,"NITROGEN,TOTAL PARTICULATE - INTEGRATED",MG N/L,44.92000,-80.87333
201705001,2018-02-28 15:06:00,CCGS LIMNOS,GEORGIAN BAY,22,450359,-811508,19,53.41,2017-05-23 22:43:00,267,.00,20.00,0.00020000,,0,.005000,I-N,"NITROGEN,TOTAL PARTICULATE - INTEGRATED",MG N/L,45.06639,-81.25222
201705001,2018-02-28 15:06:00,CCGS LIMNOS,GEORGIAN BAY,23,451421,-812625,31,71.68,2017-05-24 02:35:00,267,.00,20.00,0.00010000,,0,.006000,I-N,"NITROGEN,TOTAL PARTICULATE - INTEGRATED",MG N/L,45.23917,-81.44028
201705001,2018-02-28 15:06:00,CCGS LIMNOS,GEORGIAN BAY,24,452213,-813502,33,53.80,2017-05-24 04:03:00,267,.00,20.00,0.00020000,,0,.008000,I-N,"NITROGEN,TOTAL PARTICULATE - INTEGRATED",MG N/L,45.37028,-81.58389
201705002,2018-02-26 13:41:00,CCGS LIMNOS,GEORGIAN BAY,1,453140,-814010,35,35.29,2017-09-13 15:45:00,267,.00,20.00,0.00010000,,0,.017000,I-N,"NITROGEN,TOTAL PARTICULATE - INTEGRATED",MG N/L,45.52778,-81.66944
201705002,2018-02-26 13:41:00,CCGS LIMNOS,GEORGIAN BAY,2,452212,-813508,33,54.52,2017-09-13 17:29:00,267,.00,20.00,0.00020000,,0,.022000,I-N,"NITROGEN,TOTAL PARTICULATE - INTEGRATED",MG N/L,45.37000,-81.58556
201705002,2018-02-26 13:41:00,CCGS LIMNOS,GEORGIAN BAY,3,451419,-812628,31,64.75,2017-09-13 19:30:00,267,.00,20.00,0.00020000,,0,.021000,I-N,"NITROGEN,TOTAL PARTICULATE - INTEGRATED",MG N/L,45.23861,-81.44111
201705002,2018-02-26 13:41:00,CCGS LIMNOS,GEORGIAN BAY,4,452154,-811124,21,86.36,2017-09-13 22:54:00,267,.00,20.00,0.00020000,,0,.018000,I-N,"NITROGEN,TOTAL PARTICULATE - INTEGRATED",MG N/L,45.36500,-81.19000
201705002,2018-02-26 13:41:00,CCGS LIMNOS,GEORGIAN BAY,5,451438,-805228,17,77.87,2017-09-14 01:23:00,267,.00,20.00,0.00020000,,0,.021000,I-N,"NITROGEN,TOTAL PARTICULATE - INTEGRATED",MG N/L,45.24389,-80.87444
201705002,2018-02-26 13:41:00,CCGS LIMNOS,GEORGIAN BAY,5,451438,-805228,17,77.87,2017-09-14 01:23:00,267,.00,20.00,0.00020000,,1,.021000,I-N,"NITROGEN,TOTAL PARTICULATE - INTEGRATED",MG N/L,45.24389,-80.87444
201705002,2018-02-26 13:41:00,CCGS LIMNOS,GEORGIAN BAY,6,450401,-811513,19,53.73,2017-09-14 04:33:00,267,.00,20.00,0.00020000,,0,.018000,I-N,"NITROGEN,TOTAL PARTICULATE - INTEGRATED",MG N/L,45.06694,-81.25361
201705002,2018-02-26 13:41:00,CCGS LIMNOS,GEORGIAN BAY,7,445512,-805230,12,88.49,2017-09-14 07:17:00,267,.00,20.00,0.00020000,,0,.018000,I-N,"NITROGEN,TOTAL PARTICULATE - INTEGRATED",MG N/L,44.92000,-80.87500
201705002,2018-02-26 13:41:00,CCGS LIMNOS,GEORGIAN BAY,8,445514,-803622,11,62.16,2017-09-14 09:18:00,267,.00,20.00,0.00020000,,0,.019000,I-N,"NITROGEN,TOTAL PARTICULATE - INTEGRATED",MG N/L,44.92056,-80.60611
201705002,2018-02-26 13:41:00,CCGS LIMNOS,GEORGIAN BAY,9,444303,-805122,1,89.7,2017-09-14 11:41:00,267,.00,20.00,0.00020000,,0,.017000,I-N,"NITROGEN,TOTAL PARTICULATE - INTEGRATED",MG N/L,44.71750,-80.85611
201705002,2018-02-26 13:41:00,CCGS LIMNOS,GEORGIAN BAY,10,444329,-803701,3,34.36,2017-09-14 13:46:00,267,.00,20.00,0.00020000,,0,.017000,I-N,"NITROGEN,TOTAL PARTICULATE - INTEGRATED",MG N/L,44.72472,-80.61694
201705002,2018-02-26 13:41:00,CCGS LIMNOS,GEORGIAN BAY,10,444329,-803701,3,34.36,2017-09-14 13:46:00,267,.00,20.00,0.00020000,,1,.017000,I-N,"NITROGEN,TOTAL PARTICULATE - INTEGRATED",MG N/L,44.72472,-80.61694
201705002,2018-02-26 13:41:00,CCGS LIMNOS,GEORGIAN BAY,11,444411,-802606,6,87.05,2017-09-14 15:18:00,267,.00,20.00,0.00020000,,0,.020000,I-N,"NITROGEN,TOTAL PARTICULATE - INTEGRATED",MG N/L,44.73639,-80.43500
201705002,2018-02-26 13:41:00,CCGS LIMNOS,GEORGIAN BAY,12,444746,-801436,5,58.89,2017-09-14 17:16:00,267,.00,20.00,0.00020000,,0,.019000,I-N,"NITROGEN,TOTAL PARTICULATE - INTEGRATED",MG N/L,44.79611,-80.24333
201705002,2018-02-26 13:41:00,CCGS LIMNOS,GEORGIAN BAY,13,443844,-801002,4,57.57,2017-09-14 19:38:00,267,.00,20.00,0.00020000,,0,.020000,I-N,"NITROGEN,TOTAL PARTICULATE - INTEGRATED",MG N/L,44.64556,-80.16722
201705002,2018-02-26 13:41:00,CCGS LIMNOS,GEORGIAN BAY,14,445216,-795809,9,30.11,2017-09-15 00:22:00,267,.00,20.00,0.00020000,,0,.031000,I-N,"NITROGEN,TOTAL PARTICULATE - INTEGRATED",MG N/L,44.87111,-79.96917
201705002,2018-02-26 13:41:00,CCGS LIMNOS,GEORGIAN BAY,15,445709,-800856,8,50.79,2017-09-15 02:47:00,267,.00,20.00,0.00020000,,0,.020000,I-N,"NITROGEN,TOTAL PARTICULATE - INTEGRATED",MG N/L,44.95250,-80.14889
201705002,2018-02-26 13:41:00,CCGS LIMNOS,GEORGIAN BAY,15,445709,-800856,8,50.79,2017-09-15 02:47:00,267,.00,20.00,0.00020000,,1,.020000,I-N,"NITROGEN,TOTAL PARTICULATE - INTEGRATED",MG N/L,44.95250,-80.14889
201705002,2018-02-26 13:41:00,CCGS LIMNOS,GEORGIAN BAY,16,450959,-801749,15,46.62,2017-09-15 05:51:00,267,.00,20.00,0.00020000,,0,.021000,I-N,"NITROGEN,TOTAL PARTICULATE - INTEGRATED",MG N/L,45.16639,-80.29694
201705002,2018-02-26 13:41:00,CCGS LIMNOS,GEORGIAN BAY,17,452112,-802908,16,19.01,2017-09-15 09:06:00,267,.00,17.00,0.00020000,,0,.020000,I-N,"NITROGEN,TOTAL PARTICULATE - INTEGRATED",MG N/L,45.35333,-80.48556
201705002,2018-02-26 13:41:00,CCGS LIMNOS,GEORGIAN BAY,18,451930,-800658,122,94.89,2017-09-15 12:02:00,267,.00,20.00,0.00020000,,0,.041000,I-N,"NITROGEN,TOTAL PARTICULATE - INTEGRATED",MG N/L,45.32500,-80.11611
201705002,2018-02-26 13:41:00,CCGS LIMNOS,GEORGIAN BAY,19,453456,-810459,29,42.78,2017-09-16 15:55:00,267,.00,20.00,0.00020000,,0,.017000,I-N,"NITROGEN,TOTAL PARTICULATE - INTEGRATED",MG N/L,45.58222,-81.08306
201705002,2018-02-26 13:41:00,CCGS LIMNOS,GEORGIAN BAY,20,454042,-805022,24,40.01,2017-09-16 18:12:00,267,.00,20.00,0.00020000,,0,.023000,I-N,"NITROGEN,TOTAL PARTICULATE - INTEGRATED",MG N/L,45.67833,-80.83944
201705002,2018-02-26 13:41:00,CCGS LIMNOS,GEORGIAN BAY,20,454042,-805022,24,40.01,2017-09-16 18:12:00,267,.00,20.00,0.00020000,,1,.022000,I-N,"NITROGEN,TOTAL PARTICULATE - INTEGRATED",MG N/L,45.67833,-80.83944
201705002,2018-02-26 13:41:00,CCGS LIMNOS,GEORGIAN BAY,21,455000,-805357,26,20.11,2017-09-16 20:13:00,267,.00,18.00,0.00020000,,0,.025000,I-N,"NITROGEN,TOTAL PARTICULATE - INTEGRATED",MG N/L,45.83333,-80.89917
201705002,2018-02-26 13:41:00,CCGS LIMNOS,GEORGIAN BAY,22,455156,-805957,27,17.72,2017-09-16 21:23:00,267,.00,15.00,0.00020000,,0,.026000,I-N,"NITROGEN,TOTAL PARTICULATE - INTEGRATED",MG N/L,45.86556,-80.99917
201705002,2018-02-26 13:41:00,CCGS LIMNOS,GEORGIAN BAY,23,455223,-811531,39,28.28,2017-09-16 23:25:00,267,.00,20.00,0.00020000,,0,.023000,I-N,"NITROGEN,TOTAL PARTICULATE - INTEGRATED",MG N/L,45.87306,-81.25861
201705002,2018-02-26 13:41:00,CCGS LIMNOS,GEORGIAN BAY,24,454230,-813710,36,52.89,2017-09-17 02:19:00,267,.00,20.00,0.00020000,,0,.025000,I-N,"NITROGEN,TOTAL PARTICULATE - INTEGRATED",MG N/L,45.70833,-81.61944
201705002,2018-02-26 13:41:00,CCGS LIMNOS,GEORGIAN BAY,25,455445,-813539,42,29.5,2017-09-17 05:24:00,267,.00,20.00,0.00030000,,0,.026000,I-N,"NITROGEN,TOTAL PARTICULATE - INTEGRATED",MG N/L,45.91250,-81.59417
201705002,2018-02-26 13:41:00,CCGS LIMNOS,GEORGIAN BAY,25,455445,-813539,42,29.5,2017-09-17 05:24:00,267,.00,20.00,0.00030000,,1,.026000,I-N,"NITROGEN,TOTAL PARTICULATE - INTEGRATED",MG N/L,45.91250,-81.59417
201705002,2018-02-26 13:41:00,CCGS LIMNOS,GEORGIAN BAY,26,454546,-814745,46,19.2,2017-09-17 09:00:00,267,.00,17.00,0.00040000,,0,.064000,I-N,"NITROGEN,TOTAL PARTICULATE - INTEGRATED",MG N/L,45.76278,-81.79583
201705001,2018-02-28 15:06:00,CCGS LIMNOS,GEORGIAN BAY,9,451442,-805229,17,77.50,2017-05-22 04:32:00,268,1.00,.00,0.00040000,,0,.010000,N TP,"NITROGEN,TOTAL PARTICULATE",MG N/L,45.24500,-80.87472
201705001,2018-02-28 15:06:00,CCGS LIMNOS,GEORGIAN BAY,9,451442,-805229,17,77.50,2017-05-22 04:32:00,268,50.00,.00,0.00010000,,0,.007000,N TP,"NITROGEN,TOTAL PARTICULATE",MG N/L,45.24500,-80.87472
201705001,2018-02-28 15:06:00,CCGS LIMNOS,GEORGIAN BAY,9,451442,-805229,17,77.50,2017-05-22 04:32:00,268,67.00,.00,0.00030000,,0,.009000,N TP,"NITROGEN,TOTAL PARTICULATE",MG N/L,45.24500,-80.87472
201705001,2018-02-28 15:06:00,CCGS LIMNOS,GEORGIAN BAY,9,451442,-805229,17,77.50,2017-05-22 04:32:00,268,75.00,.00,0.00020000,,0,.007000,N TP,"NITROGEN,TOTAL PARTICULATE",MG N/L,45.24500,-80.87472
201705001,2018-02-28 15:06:00,CCGS LIMNOS,GEORGIAN BAY,10,452113,-802912,16,18.38,2017-05-22 14:25:00,268,998.00,.00,0.00020000,,0,.000400,N TP,"NITROGEN,TOTAL PARTICULATE",MG N/L,45.35361,-80.48667
201705001,2018-02-28 15:06:00,CCGS LIMNOS,GEORGIAN BAY,16,443847,-801004,4,58.00,2017-05-23 06:33:00,268,1.00,.00,0.00010000,,0,.016000,N TP,"NITROGEN,TOTAL PARTICULATE",MG N/L,44.64639,-80.16778
201705001,2018-02-28 15:06:00,CCGS LIMNOS,GEORGIAN BAY,16,443847,-801004,4,58.00,2017-05-23 06:33:00,268,48.00,.00,0.00020000,,0,.010000,N TP,"NITROGEN,TOTAL PARTICULATE",MG N/L,44.64639,-80.16778
201705001,2018-02-28 15:06:00,CCGS LIMNOS,GEORGIAN BAY,16,443847,-801004,4,58.00,2017-05-23 06:33:00,268,56.00,.00,0.00010000,,0,.007000,N TP,"NITROGEN,TOTAL PARTICULATE",MG N/L,44.64639,-80.16778
201705001,2018-02-28 15:06:00,CCGS LIMNOS,GEORGIAN BAY,20,445513,-803624,11,61.50,2017-05-23 17:16:00,268,998.00,.00,0.00000000,<,0,.000000,N TP,"NITROGEN,TOTAL PARTICULATE",MG N/L,44.92028,-80.60667
201705002,2018-02-26 13:41:00,CCGS LIMNOS,GEORGIAN BAY,10,444329,-803701,3,34.36,2017-09-14 13:46:00,268,998.00,.00,0.00020000,,0,.000700,N TP,"NITROGEN,TOTAL PARTICULATE",MG N/L,44.72472,-80.61694
201705002,2018-02-26 13:41:00,CCGS LIMNOS,GEORGIAN BAY,20,454042,-805022,24,40.01,2017-09-16 18:12:00,268,998.00,.00,0.00020000,,0,.001000,N TP,"NITROGEN,TOTAL PARTICULATE",MG N/L,45.67833,-80.83944
201705001,2018-02-28 15:06:00,CCGS LIMNOS,GEORGIAN BAY,1,454543,-814744,46,18.30,2017-05-21 12:28:00,270,1.00,.00,0.00100000,,0,.006000,NH3,"AMMONIA NITROGEN,SOLUBLE",MG N/L,45.76194,-81.79556
201705001,2018-02-28 15:06:00,CCGS LIMNOS,GEORGIAN BAY,2,455445,-813545,42,20.00,2017-05-21 14:33:00,270,1.00,.00,0.00100000,,0,.006000,NH3,"AMMONIA NITROGEN,SOLUBLE",MG N/L,45.91250,-81.59583
201705001,2018-02-28 15:06:00,CCGS LIMNOS,GEORGIAN BAY,2,455445,-813545,42,20.00,2017-05-21 14:33:00,270,10.00,.00,0.00100000,,0,.007000,NH3,"AMMONIA NITROGEN,SOLUBLE",MG N/L,45.91250,-81.59583
201705001,2018-02-28 15:06:00,CCGS LIMNOS,GEORGIAN BAY,2,455445,-813545,42,20.00,2017-05-21 14:33:00,270,18.00,.00,0.00100000,,0,.008000,NH3,"AMMONIA NITROGEN,SOLUBLE",MG N/L,45.91250,-81.59583
201705001,2018-02-28 15:06:00,CCGS LIMNOS,GEORGIAN BAY,3,455226,-811533,39,27.50,2017-05-21 17:07:00,270,1.00,.00,0.00100000,,0,.004000,NH3,"AMMONIA NITROGEN,SOLUBLE",MG N/L,45.87389,-81.25917
201705001,2018-02-28 15:06:00,CCGS LIMNOS,GEORGIAN BAY,4,455158,-810004,27,16.00,2017-05-21 18:42:00,270,1.00,.00,0.00100000,,0,.011000,NH3,"AMMONIA NITROGEN,SOLUBLE",MG N/L,45.86611,-81.00111
201705001,2018-02-28 15:06:00,CCGS LIMNOS,GEORGIAN BAY,4,455158,-810004,27,16.00,2017-05-21 18:42:00,270,14.00,.00,0.00100000,,0,.011000,NH3,"AMMONIA NITROGEN,SOLUBLE",MG N/L,45.86611,-81.00111
201705001,2018-02-28 15:06:00,CCGS LIMNOS,GEORGIAN BAY,5,454957,-805402,26,20.52,2017-05-21 20:08:00,270,1.00,.00,0.00100000,,0,.008000,NH3,"AMMONIA NITROGEN,SOLUBLE",MG N/L,45.83250,-80.90056
201705001,2018-02-28 15:06:00,CCGS LIMNOS,GEORGIAN BAY,5,454957,-805402,26,20.52,2017-05-21 20:08:00,270,1.00,.00,0.00100000,,1,.007000,NH3,"AMMONIA NITROGEN,SOLUBLE",MG N/L,45.83250,-80.90056
201705001,2018-02-28 15:06:00,CCGS LIMNOS,GEORGIAN BAY,6,454045,-805024,24,39.70,2017-05-21 21:46:00,270,1.00,.00,0.00100000,,0,.006000,NH3,"AMMONIA NITROGEN,SOLUBLE",MG N/L,45.67917,-80.84000
201705001,2018-02-28 15:06:00,CCGS LIMNOS,GEORGIAN BAY,7,453504,-810454,29,41.90,2017-05-21 23:25:00,270,1.00,.00,0.00100000,,0,.005000,NH3,"AMMONIA NITROGEN,SOLUBLE",MG N/L,45.58444,-81.08167
201705001,2018-02-28 15:06:00,CCGS LIMNOS,GEORGIAN BAY,7,453504,-810454,29,41.90,2017-05-21 23:25:00,270,32.00,.00,0.00100000,,0,.005000,NH3,"AMMONIA NITROGEN,SOLUBLE",MG N/L,45.58444,-81.08167
201705001,2018-02-28 15:06:00,CCGS LIMNOS,GEORGIAN BAY,7,453504,-810454,29,41.90,2017-05-21 23:25:00,270,40.00,.00,0.00100000,,0,.005000,NH3,"AMMONIA NITROGEN,SOLUBLE",MG N/L,45.58444,-81.08167
201705001,2018-02-28 15:06:00,CCGS LIMNOS,GEORGIAN BAY,8,452154,-811120,21,86.27,2017-05-22 02:06:00,270,1.00,.00,0.00100000,,0,.005000,NH3,"AMMONIA NITROGEN,SOLUBLE",MG N/L,45.36500,-81.18889
201705001,2018-02-28 15:06:00,CCGS LIMNOS,GEORGIAN BAY,9,451442,-805229,17,77.50,2017-05-22 04:32:00,270,1.00,.00,0.00100000,,0,.003000,NH3,"AMMONIA NITROGEN,SOLUBLE",MG N/L,45.24500,-80.87472
201705001,2018-02-28 15:06:00,CCGS LIMNOS,GEORGIAN BAY,9,451442,-805229,17,77.50,2017-05-22 04:32:00,270,50.00,.00,0.00100000,,0,.003000,NH3,"AMMONIA NITROGEN,SOLUBLE",MG N/L,45.24500,-80.87472
201705001,2018-02-28 15:06:00,CCGS LIMNOS,GEORGIAN BAY,9,451442,-805229,17,77.50,2017-05-22 04:32:00,270,67.00,.00,0.00100000,,0,.004000,NH3,"AMMONIA NITROGEN,SOLUBLE",MG N/L,45.24500,-80.87472
201705001,2018-02-28 15:06:00,CCGS LIMNOS,GEORGIAN BAY,9,451442,-805229,17,77.50,2017-05-22 04:32:00,270,75.00,.00,0.00100000,,0,.004000,NH3,"AMMONIA NITROGEN,SOLUBLE",MG N/L,45.24500,-80.87472
201705001,2018-02-28 15:06:00,CCGS LIMNOS,GEORGIAN BAY,10,452113,-802912,16,18.38,2017-05-22 14:25:00,270,1.00,.00,0.00100000,,0,.005000,NH3,"AMMONIA NITROGEN,SOLUBLE",MG N/L,45.35361,-80.48667
201705001,2018-02-28 15:06:00,CCGS LIMNOS,GEORGIAN BAY,10,452113,-802912,16,18.38,2017-05-22 14:25:00,270,1.00,.00,0.00100000,,1,.005000,NH3,"AMMONIA NITROGEN,SOLUBLE",MG N/L,45.35361,-80.48667
201705001,2018-02-28 15:06:00,CCGS LIMNOS,GEORGIAN BAY,10,452113,-802912,16,18.38,2017-05-22 14:25:00,270,998.00,.00,0.00100000,<,0,.001000,NH3,"AMMONIA NITROGEN,SOLUBLE",MG N/L,45.35361,-80.48667
201705001,2018-02-28 15:06:00,CCGS LIMNOS,GEORGIAN BAY,10,452113,-802912,16,18.38,2017-05-22 14:25:00,270,999.00,.00,0.00100000,<,0,.001000,NH3,"AMMONIA NITROGEN,SOLUBLE",MG N/L,45.35361,-80.48667
201705001,2018-02-28 15:06:00,CCGS LIMNOS,GEORGIAN BAY,11,451928,-800703,122,94.00,2017-05-22 16:41:00,270,1.00,.00,0.00100000,,0,.004000,NH3,"AMMONIA NITROGEN,SOLUBLE",MG N/L,45.32444,-80.11750
201705001,2018-02-28 15:06:00,CCGS LIMNOS,GEORGIAN BAY,12,451001,-801748,15,44.50,2017-05-22 22:41:00,270,1.00,.00,0.00100000,,0,.008000,NH3,"AMMONIA NITROGEN,SOLUBLE",MG N/L,45.16694,-80.29667
201705001,2018-02-28 15:06:00,CCGS LIMNOS,GEORGIAN BAY,13,445711,-800859,8,50.57,2017-05-23 00:40:00,270,1.00,.00,0.00100000,,0,.007000,NH3,"AMMONIA NITROGEN,SOLUBLE",MG N/L,44.95306,-80.14972
201705001,2018-02-28 15:06:00,CCGS LIMNOS,GEORGIAN BAY,14,445219,-795801,9,28.89,2017-05-23 02:10:00,270,1.00,.00,0.00100000,,0,.014000,NH3,"AMMONIA NITROGEN,SOLUBLE",MG N/L,44.87194,-79.96694
201705001,2018-02-28 15:06:00,CCGS LIMNOS,GEORGIAN BAY,14,445219,-795801,9,28.89,2017-05-23 02:10:00,270,18.00,.00,0.00100000,,0,.010000,NH3,"AMMONIA NITROGEN,SOLUBLE",MG N/L,44.87194,-79.96694
201705001,2018-02-28 15:06:00,CCGS LIMNOS,GEORGIAN BAY,14,445219,-795801,9,28.89,2017-05-23 02:10:00,270,26.00,.00,0.00100000,,0,.011000,NH3,"AMMONIA NITROGEN,SOLUBLE",MG N/L,44.87194,-79.96694
201705001,2018-02-28 15:06:00,CCGS LIMNOS,GEORGIAN BAY,15,444749,-801440,5,57.50,2017-05-23 05:03:00,270,1.00,.00,0.00100000,,0,.003000,NH3,"AMMONIA NITROGEN,SOLUBLE",MG N/L,44.79694,-80.24444
201705001,2018-02-28 15:06:00,CCGS LIMNOS,GEORGIAN BAY,15,444749,-801440,5,57.50,2017-05-23 05:03:00,270,1.00,.00,0.00100000,,1,.003000,NH3,"AMMONIA NITROGEN,SOLUBLE",MG N/L,44.79694,-80.24444
201705001,2018-02-28 15:06:00,CCGS LIMNOS,GEORGIAN BAY,16,443847,-801004,4,58.00,2017-05-23 06:33:00,270,1.00,.00,0.00100000,,0,.003000,NH3,"AMMONIA NITROGEN,SOLUBLE",MG N/L,44.64639,-80.16778
201705001,2018-02-28 15:06:00,CCGS LIMNOS,GEORGIAN BAY,16,443847,-801004,4,58.00,2017-05-23 06:33:00,270,48.00,.00,0.00100000,,0,.006000,NH3,"AMMONIA NITROGEN,SOLUBLE",MG N/L,44.64639,-80.16778
201705001,2018-02-28 15:06:00,CCGS LIMNOS,GEORGIAN BAY,16,443847,-801004,4,58.00,2017-05-23 06:33:00,270,56.00,.00,0.00100000,,0,.006000,NH3,"AMMONIA NITROGEN,SOLUBLE",MG N/L,44.64639,-80.16778
201705001,2018-02-28 15:06:00,CCGS LIMNOS,GEORGIAN BAY,17,444414,-802604,6,85.93,2017-05-23 09:11:00,270,1.00,.00,0.00100000,,0,.005000,NH3,"AMMONIA NITROGEN,SOLUBLE",MG N/L,44.73722,-80.43444
201705001,2018-02-28 15:06:00,CCGS LIMNOS,GEORGIAN BAY,18,444330,-803656,3,34.05,2017-05-23 10:38:00,270,1.00,.00,0.00100000,,0,.006000,NH3,"AMMONIA NITROGEN,SOLUBLE",MG N/L,44.72500,-80.61556
201705001,2018-02-28 15:06:00,CCGS LIMNOS,GEORGIAN BAY,19,444306,-805120,1,89.30,2017-05-23 13:17:00,270,1.00,.00,0.00100000,,0,.007000,NH3,"AMMONIA NITROGEN,SOLUBLE",MG N/L,44.71833,-80.85556
201705001,2018-02-28 15:06:00,CCGS LIMNOS,GEORGIAN BAY,19,444306,-805120,1,89.30,2017-05-23 13:17:00,270,50.00,.00,0.00100000,,0,.007000,NH3,"AMMONIA NITROGEN,SOLUBLE",MG N/L,44.71833,-80.85556
201705001,2018-02-28 15:06:00,CCGS LIMNOS,GEORGIAN BAY,19,444306,-805120,1,89.30,2017-05-23 13:17:00,270,79.00,.00,0.00100000,,0,.006000,NH3,"AMMONIA NITROGEN,SOLUBLE",MG N/L,44.71833,-80.85556
201705001,2018-02-28 15:06:00,CCGS LIMNOS,GEORGIAN BAY,19,444306,-805120,1,89.30,2017-05-23 13:17:00,270,87.00,.00,0.00100000,,0,.008000,NH3,"AMMONIA NITROGEN,SOLUBLE",MG N/L,44.71833,-80.85556
201705001,2018-02-28 15:06:00,CCGS LIMNOS,GEORGIAN BAY,20,445513,-803624,11,61.50,2017-05-23 17:16:00,270,1.00,.00,0.00100000,,0,.005000,NH3,"AMMONIA NITROGEN,SOLUBLE",MG N/L,44.92028,-80.60667
201705001,2018-02-28 15:06:00,CCGS LIMNOS,GEORGIAN BAY,20,445513,-803624,11,61.50,2017-05-23 17:16:00,270,1.00,.00,0.00100000,,1,.005000,NH3,"AMMONIA NITROGEN,SOLUBLE",MG N/L,44.92028,-80.60667
201705001,2018-02-28 15:06:00,CCGS LIMNOS,GEORGIAN BAY,20,445513,-803624,11,61.50,2017-05-23 17:16:00,270,998.00,.00,0.00100000,<,0,.001000,NH3,"AMMONIA NITROGEN,SOLUBLE",MG N/L,44.92028,-80.60667
201705001,2018-02-28 15:06:00,CCGS LIMNOS,GEORGIAN BAY,20,445513,-803624,11,61.50,2017-05-23 17:16:00,270,999.00,.00,0.00100000,<,0,.001000,NH3,"AMMONIA NITROGEN,SOLUBLE",MG N/L,44.92028,-80.60667
201705001,2018-02-28 15:06:00,CCGS LIMNOS,GEORGIAN BAY,21,445512,-805224,12,87.90,2017-05-23 19:27:00,270,1.00,.00,0.00100000,,0,.005000,NH3,"AMMONIA NITROGEN,SOLUBLE",MG N/L,44.92000,-80.87333
201705001,2018-02-28 15:06:00,CCGS LIMNOS,GEORGIAN BAY,22,450359,-811508,19,53.41,2017-05-23 22:43:00,270,1.00,.00,0.00100000,,0,.005000,NH3,"AMMONIA NITROGEN,SOLUBLE",MG N/L,45.06639,-81.25222
201705001,2018-02-28 15:06:00,CCGS LIMNOS,GEORGIAN BAY,23,451421,-812625,31,71.68,2017-05-24 02:35:00,270,1.00,.00,0.00100000,,0,.005000,NH3,"AMMONIA NITROGEN,SOLUBLE",MG N/L,45.23917,-81.44028
201705001,2018-02-28 15:06:00,CCGS LIMNOS,GEORGIAN BAY,24,452213,-813502,33,53.80,2017-05-24 04:03:00,270,1.00,.00,0.00100000,,0,.004000,NH3,"AMMONIA NITROGEN,SOLUBLE",MG N/L,45.37028,-81.58389
201705001,2018-02-28 15:06:00,CCGS LIMNOS,GEORGIAN BAY,24,452213,-813502,33,53.80,2017-05-24 04:03:00,270,43.00,.00,0.00100000,,0,.004000,NH3,"AMMONIA NITROGEN,SOLUBLE",MG N/L,45.37028,-81.58389
201705001,2018-02-28 15:06:00,CCGS LIMNOS,GEORGIAN BAY,24,452213,-813502,33,53.80,2017-05-24 04:03:00,270,51.00,.00,0.00100000,,0,.004000,NH3,"AMMONIA NITROGEN,SOLUBLE",MG N/L,45.37028,-81.58389
201705001,2018-02-28 15:06:00,CCGS LIMNOS,GEORGIAN BAY,1,454543,-814744,46,18.30,2017-05-21 12:28:00,276,1.00,.00,0.00500000,,0,.128000,NO3NO2 F,"NITRATE+NITRITE NITROGEN,FILTERED",MG N/L,45.76194,-81.79556
201705001,2018-02-28 15:06:00,CCGS LIMNOS,GEORGIAN BAY,2,455445,-813545,42,20.00,2017-05-21 14:33:00,276,1.00,.00,0.00500000,,0,.219000,NO3NO2 F,"NITRATE+NITRITE NITROGEN,FILTERED",MG N/L,45.91250,-81.59583
201705001,2018-02-28 15:06:00,CCGS LIMNOS,GEORGIAN BAY,2,455445,-813545,42,20.00,2017-05-21 14:33:00,276,10.00,.00,0.00500000,,0,.217000,NO3NO2 F,"NITRATE+NITRITE NITROGEN,FILTERED",MG N/L,45.91250,-81.59583
201705001,2018-02-28 15:06:00,CCGS LIMNOS,GEORGIAN BAY,2,455445,-813545,42,20.00,2017-05-21 14:33:00,276,18.00,.00,0.00500000,,0,.215000,NO3NO2 F,"NITRATE+NITRITE NITROGEN,FILTERED",MG N/L,45.91250,-81.59583
201705001,2018-02-28 15:06:00,CCGS LIMNOS,GEORGIAN BAY,3,455226,-811533,39,27.50,2017-05-21 17:07:00,276,1.00,.00,0.00500000,,0,.244000,NO3NO2 F,"NITRATE+NITRITE NITROGEN,FILTERED",MG N/L,45.87389,-81.25917
201705001,2018-02-28 15:06:00,CCGS LIMNOS,GEORGIAN BAY,4,455158,-810004,27,16.00,2017-05-21 18:42:00,276,1.00,.00,0.00500000,,0,.212000,NO3NO2 F,"NITRATE+NITRITE NITROGEN,FILTERED",MG N/L,45.86611,-81.00111
201705001,2018-02-28 15:06:00,CCGS LIMNOS,GEORGIAN BAY,4,455158,-810004,27,16.00,2017-05-21 18:42:00,276,14.00,.00,0.00500000,,0,.211000,NO3NO2 F,"NITRATE+NITRITE NITROGEN,FILTERED",MG N/L,45.86611,-81.00111
201705001,2018-02-28 15:06:00,CCGS LIMNOS,GEORGIAN BAY,5,454957,-805402,26,20.52,2017-05-21 20:08:00,276,1.00,.00,0.00500000,,0,.231000,NO3NO2 F,"NITRATE+NITRITE NITROGEN,FILTERED",MG N/L,45.83250,-80.90056
201705001,2018-02-28 15:06:00,CCGS LIMNOS,GEORGIAN BAY,5,454957,-805402,26,20.52,2017-05-21 20:08:00,276,1.00,.00,0.00500000,,1,.230000,NO3NO2 F,"NITRATE+NITRITE NITROGEN,FILTERED",MG N/L,45.83250,-80.90056
201705001,2018-02-28 15:06:00,CCGS LIMNOS,GEORGIAN BAY,6,454045,-805024,24,39.70,2017-05-21 21:46:00,276,1.00,.00,0.00500000,,0,.259000,NO3NO2 F,"NITRATE+NITRITE NITROGEN,FILTERED",MG N/L,45.67917,-80.84000
201705001,2018-02-28 15:06:00,CCGS LIMNOS,GEORGIAN BAY,7,453504,-810454,29,41.90,2017-05-21 23:25:00,276,1.00,.00,0.00500000,,0,.248000,NO3NO2 F,"NITRATE+NITRITE NITROGEN,FILTERED",MG N/L,45.58444,-81.08167
201705001,2018-02-28 15:06:00,CCGS LIMNOS,GEORGIAN BAY,7,453504,-810454,29,41.90,2017-05-21 23:25:00,276,32.00,.00,0.00500000,,0,.247000,NO3NO2 F,"NITRATE+NITRITE NITROGEN,FILTERED",MG N/L,45.58444,-81.08167
201705001,2018-02-28 15:06:00,CCGS LIMNOS,GEORGIAN BAY,7,453504,-810454,29,41.90,2017-05-21 23:25:00,276,40.00,.00,0.00500000,,0,.248000,NO3NO2 F,"NITRATE+NITRITE NITROGEN,FILTERED",MG N/L,45.58444,-81.08167
201705001,2018-02-28 15:06:00,CCGS LIMNOS,GEORGIAN BAY,8,452154,-811120,21,86.27,2017-05-22 02:06:00,276,1.00,.00,0.00500000,,0,.261000,NO3NO2 F,"NITRATE+NITRITE NITROGEN,FILTERED",MG N/L,45.36500,-81.18889
201705001,2018-02-28 15:06:00,CCGS LIMNOS,GEORGIAN BAY,9,451442,-805229,17,77.50,2017-05-22 04:32:00,276,1.00,.00,0.00500000,,0,.255000,NO3NO2 F,"NITRATE+NITRITE NITROGEN,FILTERED",MG N/L,45.24500,-80.87472
201705001,2018-02-28 15:06:00,CCGS LIMNOS,GEORGIAN BAY,9,451442,-805229,17,77.50,2017-05-22 04:32:00,276,50.00,.00,0.00500000,,0,.255000,NO3NO2 F,"NITRATE+NITRITE NITROGEN,FILTERED",MG N/L,45.24500,-80.87472
201705001,2018-02-28 15:06:00,CCGS LIMNOS,GEORGIAN BAY,9,451442,-805229,17,77.50,2017-05-22 04:32:00,276,67.00,.00,0.00500000,,0,.254000,NO3NO2 F,"NITRATE+NITRITE NITROGEN,FILTERED",MG N/L,45.24500,-80.87472
201705001,2018-02-28 15:06:00,CCGS LIMNOS,GEORGIAN BAY,9,451442,-805229,17,77.50,2017-05-22 04:32:00,276,75.00,.00,0.00500000,,0,.254000,NO3NO2 F,"NITRATE+NITRITE NITROGEN,FILTERED",MG N/L,45.24500,-80.87472
201705001,2018-02-28 15:06:00,CCGS LIMNOS,GEORGIAN BAY,10,452113,-802912,16,18.38,2017-05-22 14:25:00,276,1.00,.00,0.00500000,,0,.229000,NO3NO2 F,"NITRATE+NITRITE NITROGEN,FILTERED",MG N/L,45.35361,-80.48667
201705001,2018-02-28 15:06:00,CCGS LIMNOS,GEORGIAN BAY,10,452113,-802912,16,18.38,2017-05-22 14:25:00,276,1.00,.00,0.00500000,,1,.228000,NO3NO2 F,"NITRATE+NITRITE NITROGEN,FILTERED",MG N/L,45.35361,-80.48667
201705001,2018-02-28 15:06:00,CCGS LIMNOS,GEORGIAN BAY,10,452113,-802912,16,18.38,2017-05-22 14:25:00,276,998.00,.00,0.00500000,<,0,.005000,NO3NO2 F,"NITRATE+NITRITE NITROGEN,FILTERED",MG N/L,45.35361,-80.48667
201705001,2018-02-28 15:06:00,CCGS LIMNOS,GEORGIAN BAY,10,452113,-802912,16,18.38,2017-05-22 14:25:00,276,999.00,.00,0.00500000,<,0,.005000,NO3NO2 F,"NITRATE+NITRITE NITROGEN,FILTERED",MG N/L,45.35361,-80.48667
201705001,2018-02-28 15:06:00,CCGS LIMNOS,GEORGIAN BAY,11,451928,-800703,122,94.00,2017-05-22 16:41:00,276,1.00,.00,0.00500000,,0,.228000,NO3NO2 F,"NITRATE+NITRITE NITROGEN,FILTERED",MG N/L,45.32444,-80.11750
201705001,2018-02-28 15:06:00,CCGS LIMNOS,GEORGIAN BAY,12,451001,-801748,15,44.50,2017-05-22 22:41:00,276,1.00,.00,0.00500000,,0,.255000,NO3NO2 F,"NITRATE+NITRITE NITROGEN,FILTERED",MG N/L,45.16694,-80.29667
201705001,2018-02-28 15:06:00,CCGS LIMNOS,GEORGIAN BAY,13,445711,-800859,8,50.57,2017-05-23 00:40:00,276,1.00,.00,0.00500000,,0,.255000,NO3NO2 F,"NITRATE+NITRITE NITROGEN,FILTERED",MG N/L,44.95306,-80.14972
201705001,2018-02-28 15:06:00,CCGS LIMNOS,GEORGIAN BAY,14,445219,-795801,9,28.89,2017-05-23 02:10:00,276,1.00,.00,0.00500000,,0,.213000,NO3NO2 F,"NITRATE+NITRITE NITROGEN,FILTERED",MG N/L,44.87194,-79.96694
201705001,2018-02-28 15:06:00,CCGS LIMNOS,GEORGIAN BAY,14,445219,-795801,9,28.89,2017-05-23 02:10:00,276,18.00,.00,0.00500000,,0,.242000,NO3NO2 F,"NITRATE+NITRITE NITROGEN,FILTERED",MG N/L,44.87194,-79.96694
201705001,2018-02-28 15:06:00,CCGS LIMNOS,GEORGIAN BAY,14,445219,-795801,9,28.89,2017-05-23 02:10:00,276,26.00,.00,0.00500000,,0,.245000,NO3NO2 F,"NITRATE+NITRITE NITROGEN,FILTERED",MG N/L,44.87194,-79.96694
201705001,2018-02-28 15:06:00,CCGS LIMNOS,GEORGIAN BAY,15,444749,-801440,5,57.50,2017-05-23 05:03:00,276,1.00,.00,0.00500000,,0,.311000,NO3NO2 F,"NITRATE+NITRITE NITROGEN,FILTERED",MG N/L,44.79694,-80.24444
201705001,2018-02-28 15:06:00,CCGS LIMNOS,GEORGIAN BAY,15,444749,-801440,5,57.50,2017-05-23 05:03:00,276,1.00,.00,0.00500000,,1,.311000,NO3NO2 F,"NITRATE+NITRITE NITROGEN,FILTERED",MG N/L,44.79694,-80.24444
201705001,2018-02-28 15:06:00,CCGS LIMNOS,GEORGIAN BAY,16,443847,-801004,4,58.00,2017-05-23 06:33:00,276,1.00,.00,0.00500000,,0,.280000,NO3NO2 F,"NITRATE+NITRITE NITROGEN,FILTERED",MG N/L,44.64639,-80.16778
201705001,2018-02-28 15:06:00,CCGS LIMNOS,GEORGIAN BAY,16,443847,-801004,4,58.00,2017-05-23 06:33:00,276,48.00,.00,0.00500000,,0,.272000,NO3NO2 F,"NITRATE+NITRITE NITROGEN,FILTERED",MG N/L,44.64639,-80.16778
201705001,2018-02-28 15:06:00,CCGS LIMNOS,GEORGIAN BAY,16,443847,-801004,4,58.00,2017-05-23 06:33:00,276,56.00,.00,0.00500000,,0,.274000,NO3NO2 F,"NITRATE+NITRITE NITROGEN,FILTERED",MG N/L,44.64639,-80.16778
201705001,2018-02-28 15:06:00,CCGS LIMNOS,GEORGIAN BAY,17,444414,-802604,6,85.93,2017-05-23 09:11:00,276,1.00,.00,0.00500000,,0,.273000,NO3NO2 F,"NITRATE+NITRITE NITROGEN,FILTERED",MG N/L,44.73722,-80.43444
201705001,2018-02-28 15:06:00,CCGS LIMNOS,GEORGIAN BAY,18,444330,-803656,3,34.05,2017-05-23 10:38:00,276,1.00,.00,0.00500000,,0,.268000,NO3NO2 F,"NITRATE+NITRITE NITROGEN,FILTERED",MG N/L,44.72500,-80.61556
201705001,2018-02-28 15:06:00,CCGS LIMNOS,GEORGIAN BAY,19,444306,-805120,1,89.30,2017-05-23 13:17:00,276,1.00,.00,0.00500000,,0,.271000,NO3NO2 F,"NITRATE+NITRITE NITROGEN,FILTERED",MG N/L,44.71833,-80.85556
201705001,2018-02-28 15:06:00,CCGS LIMNOS,GEORGIAN BAY,19,444306,-805120,1,89.30,2017-05-23 13:17:00,276,50.00,.00,0.00500000,,0,.270000,NO3NO2 F,"NITRATE+NITRITE NITROGEN,FILTERED",MG N/L,44.71833,-80.85556
201705001,2018-02-28 15:06:00,CCGS LIMNOS,GEORGIAN BAY,19,444306,-805120,1,89.30,2017-05-23 13:17:00,276,79.00,.00,0.00500000,,0,.271000,NO3NO2 F,"NITRATE+NITRITE NITROGEN,FILTERED",MG N/L,44.71833,-80.85556
201705001,2018-02-28 15:06:00,CCGS LIMNOS,GEORGIAN BAY,19,444306,-805120,1,89.30,2017-05-23 13:17:00,276,87.00,.00,0.00500000,,0,.270000,NO3NO2 F,"NITRATE+NITRITE NITROGEN,FILTERED",MG N/L,44.71833,-80.85556
201705001,2018-02-28 15:06:00,CCGS LIMNOS,GEORGIAN BAY,20,445513,-803624,11,61.50,2017-05-23 17:16:00,276,1.00,.00,0.00500000,,0,.268000,NO3NO2 F,"NITRATE+NITRITE NITROGEN,FILTERED",MG N/L,44.92028,-80.60667
201705001,2018-02-28 15:06:00,CCGS LIMNOS,GEORGIAN BAY,20,445513,-803624,11,61.50,2017-05-23 17:16:00,276,1.00,.00,0.00500000,,1,.266000,NO3NO2 F,"NITRATE+NITRITE NITROGEN,FILTERED",MG N/L,44.92028,-80.60667
201705001,2018-02-28 15:06:00,CCGS LIMNOS,GEORGIAN BAY,20,445513,-803624,11,61.50,2017-05-23 17:16:00,276,998.00,.00,0.00500000,<,0,.005000,NO3NO2 F,"NITRATE+NITRITE NITROGEN,FILTERED",MG N/L,44.92028,-80.60667
201705001,2018-02-28 15:06:00,CCGS LIMNOS,GEORGIAN BAY,20,445513,-803624,11,61.50,2017-05-23 17:16:00,276,999.00,.00,0.00500000,<,0,.005000,NO3NO2 F,"NITRATE+NITRITE NITROGEN,FILTERED",MG N/L,44.92028,-80.60667
201705001,2018-02-28 15:06:00,CCGS LIMNOS,GEORGIAN BAY,21,445512,-805224,12,87.90,2017-05-23 19:27:00,276,1.00,.00,0.00500000,,0,.274000,NO3NO2 F,"NITRATE+NITRITE NITROGEN,FILTERED",MG N/L,44.92000,-80.87333
201705001,2018-02-28 15:06:00,CCGS LIMNOS,GEORGIAN BAY,22,450359,-811508,19,53.41,2017-05-23 22:43:00,276,1.00,.00,0.00500000,,0,.273000,NO3NO2 F,"NITRATE+NITRITE NITROGEN,FILTERED",MG N/L,45.06639,-81.25222
201705001,2018-02-28 15:06:00,CCGS LIMNOS,GEORGIAN BAY,23,451421,-812625,31,71.68,2017-05-24 02:35:00,276,1.00,.00,0.00500000,,0,.271000,NO3NO2 F,"NITRATE+NITRITE NITROGEN,FILTERED",MG N/L,45.23917,-81.44028
201705001,2018-02-28 15:06:00,CCGS LIMNOS,GEORGIAN BAY,24,452213,-813502,33,53.80,2017-05-24 04:03:00,276,1.00,.00,0.00500000,,0,.267000,NO3NO2 F,"NITRATE+NITRITE NITROGEN,FILTERED",MG N/L,45.37028,-81.58389
201705001,2018-02-28 15:06:00,CCGS LIMNOS,GEORGIAN BAY,24,452213,-813502,33,53.80,2017-05-24 04:03:00,276,43.00,.00,0.00500000,,0,.265000,NO3NO2 F,"NITRATE+NITRITE NITROGEN,FILTERED",MG N/L,45.37028,-81.58389
201705001,2018-02-28 15:06:00,CCGS LIMNOS,GEORGIAN BAY,24,452213,-813502,33,53.80,2017-05-24 04:03:00,276,51.00,.00,0.00500000,,0,.265000,NO3NO2 F,"NITRATE+NITRITE NITROGEN,FILTERED",MG N/L,45.37028,-81.58389
201705001,2018-02-28 15:06:00,CCGS LIMNOS,GEORGIAN BAY,1,454543,-814744,46,18.30,2017-05-21 12:28:00,448,1.00,.00,,,0,.220000,NF RES,"RESIDUE,NON-FILTERED",MG/L,45.76194,-81.79556
201705001,2018-02-28 15:06:00,CCGS LIMNOS,GEORGIAN BAY,2,455445,-813545,42,20.00,2017-05-21 14:33:00,448,1.00,.00,,,0,.120000,NF RES,"RESIDUE,NON-FILTERED",MG/L,45.91250,-81.59583
201705001,2018-02-28 15:06:00,CCGS LIMNOS,GEORGIAN BAY,3,455226,-811533,39,27.50,2017-05-21 17:07:00,448,1.00,.00,,,0,.160000,NF RES,"RESIDUE,NON-FILTERED",MG/L,45.87389,-81.25917
201705001,2018-02-28 15:06:00,CCGS LIMNOS,GEORGIAN BAY,4,455158,-810004,27,16.00,2017-05-21 18:42:00,448,1.00,.00,,,0,.220000,NF RES,"RESIDUE,NON-FILTERED",MG/L,45.86611,-81.00111
201705001,2018-02-28 15:06:00,CCGS LIMNOS,GEORGIAN BAY,5,454957,-805402,26,20.52,2017-05-21 20:08:00,448,1.00,.00,,,0,.150000,NF RES,"RESIDUE,NON-FILTERED",MG/L,45.83250,-80.90056
201705001,2018-02-28 15:06:00,CCGS LIMNOS,GEORGIAN BAY,5,454957,-805402,26,20.52,2017-05-21 20:08:00,448,1.00,.00,,,1,.050000,NF RES,"RESIDUE,NON-FILTERED",MG/L,45.83250,-80.90056
201705001,2018-02-28 15:06:00,CCGS LIMNOS,GEORGIAN BAY,6,454045,-805024,24,39.70,2017-05-21 21:46:00,448,1.00,.00,,,0,.040000,NF RES,"RESIDUE,NON-FILTERED",MG/L,45.67917,-80.84000
201705001,2018-02-28 15:06:00,CCGS LIMNOS,GEORGIAN BAY,7,453504,-810454,29,41.90,2017-05-21 23:25:00,448,1.00,.00,,,0,.130000,NF RES,"RESIDUE,NON-FILTERED",MG/L,45.58444,-81.08167
201705001,2018-02-28 15:06:00,CCGS LIMNOS,GEORGIAN BAY,8,452154,-811120,21,86.27,2017-05-22 02:06:00,448,1.00,.00,,,0,.170000,NF RES,"RESIDUE,NON-FILTERED",MG/L,45.36500,-81.18889
201705001,2018-02-28 15:06:00,CCGS LIMNOS,GEORGIAN BAY,9,451442,-805229,17,77.50,2017-05-22 04:32:00,448,1.00,.00,,,0,.140000,NF RES,"RESIDUE,NON-FILTERED",MG/L,45.24500,-80.87472
201705001,2018-02-28 15:06:00,CCGS LIMNOS,GEORGIAN BAY,10,452113,-802912,16,18.38,2017-05-22 14:25:00,448,1.00,.00,,,0,.160000,NF RES,"RESIDUE,NON-FILTERED",MG/L,45.35361,-80.48667
201705001,2018-02-28 15:06:00,CCGS LIMNOS,GEORGIAN BAY,10,452113,-802912,16,18.38,2017-05-22 14:25:00,448,1.00,.00,,,1,.200000,NF RES,"RESIDUE,NON-FILTERED",MG/L,45.35361,-80.48667
201705001,2018-02-28 15:06:00,CCGS LIMNOS,GEORGIAN BAY,10,452113,-802912,16,18.38,2017-05-22 14:25:00,448,998.00,.00,,,0,-.080000,NF RES,"RESIDUE,NON-FILTERED",MG/L,45.35361,-80.48667
201705001,2018-02-28 15:06:00,CCGS LIMNOS,GEORGIAN BAY,11,451928,-800703,122,94.00,2017-05-22 16:41:00,448,1.00,.00,,,0,.450000,NF RES,"RESIDUE,NON-FILTERED",MG/L,45.32444,-80.11750
201705001,2018-02-28 15:06:00,CCGS LIMNOS,GEORGIAN BAY,12,451001,-801748,15,44.50,2017-05-22 22:41:00,448,1.00,.00,,,0,.160000,NF RES,"RESIDUE,NON-FILTERED",MG/L,45.16694,-80.29667
201705001,2018-02-28 15:06:00,CCGS LIMNOS,GEORGIAN BAY,13,445711,-800859,8,50.57,2017-05-23 00:40:00,448,1.00,.00,,,0,.170000,NF RES,"RESIDUE,NON-FILTERED",MG/L,44.95306,-80.14972
201705001,2018-02-28 15:06:00,CCGS LIMNOS,GEORGIAN BAY,14,445219,-795801,9,28.89,2017-05-23 02:10:00,448,1.00,.00,,,0,.200000,NF RES,"RESIDUE,NON-FILTERED",MG/L,44.87194,-79.96694
201705001,2018-02-28 15:06:00,CCGS LIMNOS,GEORGIAN BAY,15,444749,-801440,5,57.50,2017-05-23 05:03:00,448,1.00,.00,,,0,.290000,NF RES,"RESIDUE,NON-FILTERED",MG/L,44.79694,-80.24444
201705001,2018-02-28 15:06:00,CCGS LIMNOS,GEORGIAN BAY,15,444749,-801440,5,57.50,2017-05-23 05:03:00,448,1.00,.00,,,1,.350000,NF RES,"RESIDUE,NON-FILTERED",MG/L,44.79694,-80.24444
201705001,2018-02-28 15:06:00,CCGS LIMNOS,GEORGIAN BAY,16,443847,-801004,4,58.00,2017-05-23 06:33:00,448,1.00,.00,,,0,.300000,NF RES,"RESIDUE,NON-FILTERED",MG/L,44.64639,-80.16778
201705001,2018-02-28 15:06:00,CCGS LIMNOS,GEORGIAN BAY,17,444414,-802604,6,85.93,2017-05-23 09:11:00,448,1.00,.00,,,0,.180000,NF RES,"RESIDUE,NON-FILTERED",MG/L,44.73722,-80.43444
201705001,2018-02-28 15:06:00,CCGS LIMNOS,GEORGIAN BAY,18,444330,-803656,3,34.05,2017-05-23 10:38:00,448,1.00,.00,,,0,.100000,NF RES,"RESIDUE,NON-FILTERED",MG/L,44.72500,-80.61556
201705001,2018-02-28 15:06:00,CCGS LIMNOS,GEORGIAN BAY,19,444306,-805120,1,89.30,2017-05-23 13:17:00,448,1.00,.00,,,0,.220000,NF RES,"RESIDUE,NON-FILTERED",MG/L,44.71833,-80.85556
201705001,2018-02-28 15:06:00,CCGS LIMNOS,GEORGIAN BAY,20,445513,-803624,11,61.50,2017-05-23 17:16:00,448,998.00,.00,,,0,-.020000,NF RES,"RESIDUE,NON-FILTERED",MG/L,44.92028,-80.60667
201705001,2018-02-28 15:06:00,CCGS LIMNOS,GEORGIAN BAY,21,445512,-805224,12,87.90,2017-05-23 19:27:00,448,1.00,.00,,,0,.130000,NF RES,"RESIDUE,NON-FILTERED",MG/L,44.92000,-80.87333
201705001,2018-02-28 15:06:00,CCGS LIMNOS,GEORGIAN BAY,22,450359,-811508,19,53.41,2017-05-23 22:43:00,448,1.00,.00,,,0,.100000,NF RES,"RESIDUE,NON-FILTERED",MG/L,45.06639,-81.25222
201705001,2018-02-28 15:06:00,CCGS LIMNOS,GEORGIAN BAY,23,451421,-812625,31,71.68,2017-05-24 02:35:00,448,1.00,.00,,,0,.100000,NF RES,"RESIDUE,NON-FILTERED",MG/L,45.23917,-81.44028
201705001,2018-02-28 15:06:00,CCGS LIMNOS,GEORGIAN BAY,24,452213,-813502,33,53.80,2017-05-24 04:03:00,448,1.00,.00,,,0,.030000,NF RES,"RESIDUE,NON-FILTERED",MG/L,45.37028,-81.58389
201705002,2018-02-26 13:41:00,CCGS LIMNOS,GEORGIAN BAY,1,453140,-814010,35,35.29,2017-09-13 15:45:00,448,1.00,.00,,,0,.340000,NF RES,"RESIDUE,NON-FILTERED",MG/L,45.52778,-81.66944
201705002,2018-02-26 13:41:00,CCGS LIMNOS,GEORGIAN BAY,2,452212,-813508,33,54.52,2017-09-13 17:29:00,448,1.00,.00,,,0,.380000,NF RES,"RESIDUE,NON-FILTERED",MG/L,45.37000,-81.58556
201705002,2018-02-26 13:41:00,CCGS LIMNOS,GEORGIAN BAY,3,451419,-812628,31,64.75,2017-09-13 19:30:00,448,1.00,.00,,,0,.350000,NF RES,"RESIDUE,NON-FILTERED",MG/L,45.23861,-81.44111
201705002,2018-02-26 13:41:00,CCGS LIMNOS,GEORGIAN BAY,4,452154,-811124,21,86.36,2017-09-13 22:54:00,448,1.00,.00,,,0,.240000,NF RES,"RESIDUE,NON-FILTERED",MG/L,45.36500,-81.19000
201705002,2018-02-26 13:41:00,CCGS LIMNOS,GEORGIAN BAY,5,451438,-805228,17,77.87,2017-09-14 01:23:00,448,1.00,.00,,,0,.340000,NF RES,"RESIDUE,NON-FILTERED",MG/L,45.24389,-80.87444
201705002,2018-02-26 13:41:00,CCGS LIMNOS,GEORGIAN BAY,5,451438,-805228,17,77.87,2017-09-14 01:23:00,448,1.00,.00,,,1,.370000,NF RES,"RESIDUE,NON-FILTERED",MG/L,45.24389,-80.87444
201705002,2018-02-26 13:41:00,CCGS LIMNOS,GEORGIAN BAY,6,450401,-811513,19,53.73,2017-09-14 04:33:00,448,1.00,.00,,,0,.380000,NF RES,"RESIDUE,NON-FILTERED",MG/L,45.06694,-81.25361
201705002,2018-02-26 13:41:00,CCGS LIMNOS,GEORGIAN BAY,7,445512,-805230,12,88.49,2017-09-14 07:17:00,448,1.00,.00,,,0,.310000,NF RES,"RESIDUE,NON-FILTERED",MG/L,44.92000,-80.87500
201705002,2018-02-26 13:41:00,CCGS LIMNOS,GEORGIAN BAY,8,445514,-803622,11,62.16,2017-09-14 09:18:00,448,1.00,.00,,,0,.270000,NF RES,"RESIDUE,NON-FILTERED",MG/L,44.92056,-80.60611
201705002,2018-02-26 13:41:00,CCGS LIMNOS,GEORGIAN BAY,9,444303,-805122,1,89.7,2017-09-14 11:41:00,448,1.00,.00,,,0,.220000,NF RES,"RESIDUE,NON-FILTERED",MG/L,44.71750,-80.85611
201705002,2018-02-26 13:41:00,CCGS LIMNOS,GEORGIAN BAY,10,444329,-803701,3,34.36,2017-09-14 13:46:00,448,1.00,.00,,,0,.260000,NF RES,"RESIDUE,NON-FILTERED",MG/L,44.72472,-80.61694
201705002,2018-02-26 13:41:00,CCGS LIMNOS,GEORGIAN BAY,10,444329,-803701,3,34.36,2017-09-14 13:46:00,448,1.00,.00,,,1,.300000,NF RES,"RESIDUE,NON-FILTERED",MG/L,44.72472,-80.61694
201705002,2018-02-26 13:41:00,CCGS LIMNOS,GEORGIAN BAY,10,444329,-803701,3,34.36,2017-09-14 13:46:00,448,998.00,.00,,,0,-.080000,NF RES,"RESIDUE,NON-FILTERED",MG/L,44.72472,-80.61694
201705002,2018-02-26 13:41:00,CCGS LIMNOS,GEORGIAN BAY,11,444411,-802606,6,87.05,2017-09-14 15:18:00,448,1.00,.00,,,0,.240000,NF RES,"RESIDUE,NON-FILTERED",MG/L,44.73639,-80.43500
201705002,2018-02-26 13:41:00,CCGS LIMNOS,GEORGIAN BAY,12,444746,-801436,5,58.89,2017-09-14 17:16:00,448,1.00,.00,,,0,.300000,NF RES,"RESIDUE,NON-FILTERED",MG/L,44.79611,-80.24333
201705002,2018-02-26 13:41:00,CCGS LIMNOS,GEORGIAN BAY,13,443844,-801002,4,57.57,2017-09-14 19:38:00,448,1.00,.00,,,0,.280000,NF RES,"RESIDUE,NON-FILTERED",MG/L,44.64556,-80.16722
201705002,2018-02-26 13:41:00,CCGS LIMNOS,GEORGIAN BAY,14,445216,-795809,9,30.11,2017-09-15 00:22:00,448,1.00,.00,,,0,.500000,NF RES,"RESIDUE,NON-FILTERED",MG/L,44.87111,-79.96917
201705002,2018-02-26 13:41:00,CCGS LIMNOS,GEORGIAN BAY,15,445709,-800856,8,50.79,2017-09-15 02:47:00,448,1.00,.00,,,0,.300000,NF RES,"RESIDUE,NON-FILTERED",MG/L,44.95250,-80.14889
201705002,2018-02-26 13:41:00,CCGS LIMNOS,GEORGIAN BAY,15,445709,-800856,8,50.79,2017-09-15 02:47:00,448,1.00,.00,,,1,.300000,NF RES,"RESIDUE,NON-FILTERED",MG/L,44.95250,-80.14889
201705002,2018-02-26 13:41:00,CCGS LIMNOS,GEORGIAN BAY,16,450959,-801749,15,46.62,2017-09-15 05:51:00,448,1.00,.00,,,0,.330000,NF RES,"RESIDUE,NON-FILTERED",MG/L,45.16639,-80.29694
201705002,2018-02-26 13:41:00,CCGS LIMNOS,GEORGIAN BAY,17,452112,-802908,16,19.01,2017-09-15 09:06:00,448,1.00,.00,,,0,.300000,NF RES,"RESIDUE,NON-FILTERED",MG/L,45.35333,-80.48556
201705002,2018-02-26 13:41:00,CCGS LIMNOS,GEORGIAN BAY,18,451930,-800658,122,94.89,2017-09-15 12:02:00,448,1.00,.00,,,0,1.040000,NF RES,"RESIDUE,NON-FILTERED",MG/L,45.32500,-80.11611
201705002,2018-02-26 13:41:00,CCGS LIMNOS,GEORGIAN BAY,19,453456,-810459,29,42.78,2017-09-16 15:55:00,448,1.00,.00,,,0,.300000,NF RES,"RESIDUE,NON-FILTERED",MG/L,45.58222,-81.08306
201705002,2018-02-26 13:41:00,CCGS LIMNOS,GEORGIAN BAY,20,454042,-805022,24,40.01,2017-09-16 18:12:00,448,1.00,.00,,,0,.220000,NF RES,"RESIDUE,NON-FILTERED",MG/L,45.67833,-80.83944
201705002,2018-02-26 13:41:00,CCGS LIMNOS,GEORGIAN BAY,20,454042,-805022,24,40.01,2017-09-16 18:12:00,448,1.00,.00,,,1,.430000,NF RES,"RESIDUE,NON-FILTERED",MG/L,45.67833,-80.83944
201705002,2018-02-26 13:41:00,CCGS LIMNOS,GEORGIAN BAY,20,454042,-805022,24,40.01,2017-09-16 18:12:00,448,998.00,.00,,,0,.000000,NF RES,"RESIDUE,NON-FILTERED",MG/L,45.67833,-80.83944
201705002,2018-02-26 13:41:00,CCGS LIMNOS,GEORGIAN BAY,21,455000,-805357,26,20.11,2017-09-16 20:13:00,448,1.00,.00,,,0,.580000,NF RES,"RESIDUE,NON-FILTERED",MG/L,45.83333,-80.89917
201705002,2018-02-26 13:41:00,CCGS LIMNOS,GEORGIAN BAY,22,455156,-805957,27,17.72,2017-09-16 21:23:00,448,1.00,.00,,,0,.440000,NF RES,"RESIDUE,NON-FILTERED",MG/L,45.86556,-80.99917
201705002,2018-02-26 13:41:00,CCGS LIMNOS,GEORGIAN BAY,23,455223,-811531,39,28.28,2017-09-16 23:25:00,448,1.00,.00,,,0,.490000,NF RES,"RESIDUE,NON-FILTERED",MG/L,45.87306,-81.25861
201705002,2018-02-26 13:41:00,CCGS LIMNOS,GEORGIAN BAY,24,454230,-813710,36,52.89,2017-09-17 02:19:00,448,1.00,.00,,,0,.500000,NF RES,"RESIDUE,NON-FILTERED",MG/L,45.70833,-81.61944
201705002,2018-02-26 13:41:00,CCGS LIMNOS,GEORGIAN BAY,25,455445,-813539,42,29.5,2017-09-17 05:24:00,448,1.00,.00,,,0,1.080000,NF RES,"RESIDUE,NON-FILTERED",MG/L,45.91250,-81.59417
201705002,2018-02-26 13:41:00,CCGS LIMNOS,GEORGIAN BAY,25,455445,-813539,42,29.5,2017-09-17 05:24:00,448,1.00,.00,,,1,1.040000,NF RES,"RESIDUE,NON-FILTERED",MG/L,45.91250,-81.59417
201705002,2018-02-26 13:41:00,CCGS LIMNOS,GEORGIAN BAY,26,454546,-814745,46,19.2,2017-09-17 09:00:00,448,1.00,.00,,,0,1.550000,NF RES,"RESIDUE,NON-FILTERED",MG/L,45.76278,-81.79583
201705001,2018-02-28 15:06:00,CCGS LIMNOS,GEORGIAN BAY,2,455445,-813545,42,20.00,2017-05-21 14:33:00,556,12.00,.00,0.10000000,,0,56.900000,1245-TBB,"1,2,4,5-TETRABROMOBENZENE",PERCENT,45.91250,-81.59583
201705001,2018-02-28 15:06:00,CCGS LIMNOS,GEORGIAN BAY,4,455158,-810004,27,16.00,2017-05-21 18:42:00,556,3.00,.00,0.10000000,,0,32.700000,1245-TBB,"1,2,4,5-TETRABROMOBENZENE",PERCENT,45.86611,-81.00111
201705001,2018-02-28 15:06:00,CCGS LIMNOS,GEORGIAN BAY,7,453504,-810454,29,41.90,2017-05-21 23:25:00,556,12.00,.00,0.10000000,,0,53.000000,1245-TBB,"1,2,4,5-TETRABROMOBENZENE",PERCENT,45.58444,-81.08167
201705001,2018-02-28 15:06:00,CCGS LIMNOS,GEORGIAN BAY,9,451442,-805229,17,77.50,2017-05-22 04:32:00,556,12.00,.00,0.10000000,,0,64.000000,1245-TBB,"1,2,4,5-TETRABROMOBENZENE",PERCENT,45.24500,-80.87472
201705001,2018-02-28 15:06:00,CCGS LIMNOS,GEORGIAN BAY,14,445219,-795801,9,28.89,2017-05-23 02:10:00,556,12.00,.00,0.10000000,,0,51.500000,1245-TBB,"1,2,4,5-TETRABROMOBENZENE",PERCENT,44.87194,-79.96694
201705001,2018-02-28 15:06:00,CCGS LIMNOS,GEORGIAN BAY,16,443847,-801004,4,58.00,2017-05-23 06:33:00,556,12.00,.00,0.10000000,,0,60.100000,1245-TBB,"1,2,4,5-TETRABROMOBENZENE",PERCENT,44.64639,-80.16778
201705001,2018-02-28 15:06:00,CCGS LIMNOS,GEORGIAN BAY,19,444306,-805120,1,89.30,2017-05-23 13:17:00,556,12.00,.00,0.10000000,,0,56.100000,1245-TBB,"1,2,4,5-TETRABROMOBENZENE",PERCENT,44.71833,-80.85556
201705001,2018-02-28 15:06:00,CCGS LIMNOS,GEORGIAN BAY,24,452213,-813502,33,53.80,2017-05-24 04:03:00,556,12.00,.00,0.10000000,,0,50.300000,1245-TBB,"1,2,4,5-TETRABROMOBENZENE",PERCENT,45.37028,-81.58389
201705001,2018-02-28 15:06:00,CCGS LIMNOS,GEORGIAN BAY,2,455445,-813545,42,20.00,2017-05-21 14:33:00,558,12.00,.00,0.10000000,,0,71.200000,D-BHC,DELTA BHC,PERCENT,45.91250,-81.59583
201705001,2018-02-28 15:06:00,CCGS LIMNOS,GEORGIAN BAY,4,455158,-810004,27,16.00,2017-05-21 18:42:00,558,3.00,.00,0.10000000,,0,65.900000,D-BHC,DELTA BHC,PERCENT,45.86611,-81.00111
201705001,2018-02-28 15:06:00,CCGS LIMNOS,GEORGIAN BAY,7,453504,-810454,29,41.90,2017-05-21 23:25:00,558,12.00,.00,0.10000000,,0,78.000000,D-BHC,DELTA BHC,PERCENT,45.58444,-81.08167
201705001,2018-02-28 15:06:00,CCGS LIMNOS,GEORGIAN BAY,9,451442,-805229,17,77.50,2017-05-22 04:32:00,558,12.00,.00,0.10000000,,0,136.000000,D-BHC,DELTA BHC,PERCENT,45.24500,-80.87472
201705001,2018-02-28 15:06:00,CCGS LIMNOS,GEORGIAN BAY,14,445219,-795801,9,28.89,2017-05-23 02:10:00,558,12.00,.00,0.10000000,,0,85.000000,D-BHC,DELTA BHC,PERCENT,44.87194,-79.96694
201705001,2018-02-28 15:06:00,CCGS LIMNOS,GEORGIAN BAY,16,443847,-801004,4,58.00,2017-05-23 06:33:00,558,12.00,.00,0.10000000,,0,110.000000,D-BHC,DELTA BHC,PERCENT,44.64639,-80.16778
201705001,2018-02-28 15:06:00,CCGS LIMNOS,GEORGIAN BAY,19,444306,-805120,1,89.30,2017-05-23 13:17:00,558,12.00,.00,0.10000000,,0,96.700000,D-BHC,DELTA BHC,PERCENT,44.71833,-80.85556
201705001,2018-02-28 15:06:00,CCGS LIMNOS,GEORGIAN BAY,24,452213,-813502,33,53.80,2017-05-24 04:03:00,558,12.00,.00,0.10000000,,0,85.100000,D-BHC,DELTA BHC,PERCENT,45.37028,-81.58389
201705001,2018-02-28 15:06:00,CCGS LIMNOS,GEORGIAN BAY,2,455445,-813545,42,20.00,2017-05-21 14:33:00,559,12.00,.00,0.10000000,,0,98.400000,END-KETO,ENDRIN KETONE,PERCENT,45.91250,-81.59583
201705001,2018-02-28 15:06:00,CCGS LIMNOS,GEORGIAN BAY,4,455158,-810004,27,16.00,2017-05-21 18:42:00,559,3.00,.00,0.10000000,,0,67.400000,END-KETO,ENDRIN KETONE,PERCENT,45.86611,-81.00111
201705001,2018-02-28 15:06:00,CCGS LIMNOS,GEORGIAN BAY,7,453504,-810454,29,41.90,2017-05-21 23:25:00,559,12.00,.00,0.10000000,,0,96.500000,END-KETO,ENDRIN KETONE,PERCENT,45.58444,-81.08167
201705001,2018-02-28 15:06:00,CCGS LIMNOS,GEORGIAN BAY,9,451442,-805229,17,77.50,2017-05-22 04:32:00,559,12.00,.00,0.10000000,,0,137.000000,END-KETO,ENDRIN KETONE,PERCENT,45.24500,-80.87472
201705001,2018-02-28 15:06:00,CCGS LIMNOS,GEORGIAN BAY,14,445219,-795801,9,28.89,2017-05-23 02:10:00,559,12.00,.00,0.10000000,,0,97.300000,END-KETO,ENDRIN KETONE,PERCENT,44.87194,-79.96694
201705001,2018-02-28 15:06:00,CCGS LIMNOS,GEORGIAN BAY,16,443847,-801004,4,58.00,2017-05-23 06:33:00,559,12.00,.00,0.10000000,,0,107.000000,END-KETO,ENDRIN KETONE,PERCENT,44.64639,-80.16778
201705001,2018-02-28 15:06:00,CCGS LIMNOS,GEORGIAN BAY,19,444306,-805120,1,89.30,2017-05-23 13:17:00,559,12.00,.00,0.10000000,,0,102.000000,END-KETO,ENDRIN KETONE,PERCENT,44.71833,-80.85556
201705001,2018-02-28 15:06:00,CCGS LIMNOS,GEORGIAN BAY,24,452213,-813502,33,53.80,2017-05-24 04:03:00,559,12.00,.00,0.10000000,,0,94.900000,END-KETO,ENDRIN KETONE,PERCENT,45.37028,-81.58389
201705001,2018-02-28 15:06:00,CCGS LIMNOS,GEORGIAN BAY,9,451442,-805229,17,77.50,2017-05-22 04:32:00,610,1.00,.00,0.10000000,,0,.400000,CAU,"CHLOROPHYL A, UNCORRECTED",UG/L,45.24500,-80.87472
201705001,2018-02-28 15:06:00,CCGS LIMNOS,GEORGIAN BAY,9,451442,-805229,17,77.50,2017-05-22 04:32:00,610,1.00,.00,0.10000000,,1,.400000,CAU,"CHLOROPHYL A, UNCORRECTED",UG/L,45.24500,-80.87472
201705001,2018-02-28 15:06:00,CCGS LIMNOS,GEORGIAN BAY,9,451442,-805229,17,77.50,2017-05-22 04:32:00,610,50.00,.00,0.10000000,,0,.400000,CAU,"CHLOROPHYL A, UNCORRECTED",UG/L,45.24500,-80.87472
201705001,2018-02-28 15:06:00,CCGS LIMNOS,GEORGIAN BAY,9,451442,-805229,17,77.50,2017-05-22 04:32:00,610,67.00,.00,0.10000000,,0,.500000,CAU,"CHLOROPHYL A, UNCORRECTED",UG/L,45.24500,-80.87472
201705001,2018-02-28 15:06:00,CCGS LIMNOS,GEORGIAN BAY,9,451442,-805229,17,77.50,2017-05-22 04:32:00,610,75.00,.00,0.10000000,,0,.400000,CAU,"CHLOROPHYL A, UNCORRECTED",UG/L,45.24500,-80.87472
201705001,2018-02-28 15:06:00,CCGS LIMNOS,GEORGIAN BAY,10,452113,-802912,16,18.38,2017-05-22 14:25:00,610,998.00,.00,0.10000000,<,0,.100000,CAU,"CHLOROPHYL A, UNCORRECTED",UG/L,45.35361,-80.48667
201705001,2018-02-28 15:06:00,CCGS LIMNOS,GEORGIAN BAY,16,443847,-801004,4,58.00,2017-05-23 06:33:00,610,1.00,.00,0.10000000,,0,.600000,CAU,"CHLOROPHYL A, UNCORRECTED",UG/L,44.64639,-80.16778
201705001,2018-02-28 15:06:00,CCGS LIMNOS,GEORGIAN BAY,16,443847,-801004,4,58.00,2017-05-23 06:33:00,610,48.00,.00,0.10000000,,0,.500000,CAU,"CHLOROPHYL A, UNCORRECTED",UG/L,44.64639,-80.16778
201705001,2018-02-28 15:06:00,CCGS LIMNOS,GEORGIAN BAY,16,443847,-801004,4,58.00,2017-05-23 06:33:00,610,56.00,.00,0.10000000,,0,.400000,CAU,"CHLOROPHYL A, UNCORRECTED",UG/L,44.64639,-80.16778
201705001,2018-02-28 15:06:00,CCGS LIMNOS,GEORGIAN BAY,20,445513,-803624,11,61.50,2017-05-23 17:16:00,610,998.00,.00,0.10000000,<,0,.100000,CAU,"CHLOROPHYL A, UNCORRECTED",UG/L,44.92028,-80.60667
201705002,2018-02-26 13:41:00,CCGS LIMNOS,GEORGIAN BAY,5,451438,-805228,17,77.87,2017-09-14 01:23:00,610,1.00,.00,0.10000000,,0,1.100000,CAU,"CHLOROPHYL A, UNCORRECTED",UG/L,45.24389,-80.87444
201705002,2018-02-26 13:41:00,CCGS LIMNOS,GEORGIAN BAY,5,451438,-805228,17,77.87,2017-09-14 01:23:00,610,1.00,.00,0.10000000,,1,1.100000,CAU,"CHLOROPHYL A, UNCORRECTED",UG/L,45.24389,-80.87444
201705002,2018-02-26 13:41:00,CCGS LIMNOS,GEORGIAN BAY,5,451438,-805228,17,77.87,2017-09-14 01:23:00,610,20.00,.00,0.10000000,,0,2.500000,CAU,"CHLOROPHYL A, UNCORRECTED",UG/L,45.24389,-80.87444
201705002,2018-02-26 13:41:00,CCGS LIMNOS,GEORGIAN BAY,5,451438,-805228,17,77.87,2017-09-14 01:23:00,610,27.00,.00,0.10000000,,0,.600000,CAU,"CHLOROPHYL A, UNCORRECTED",UG/L,45.24389,-80.87444
201705002,2018-02-26 13:41:00,CCGS LIMNOS,GEORGIAN BAY,5,451438,-805228,17,77.87,2017-09-14 01:23:00,610,41.00,.00,0.10000000,,0,.200000,CAU,"CHLOROPHYL A, UNCORRECTED",UG/L,45.24389,-80.87444
201705002,2018-02-26 13:41:00,CCGS LIMNOS,GEORGIAN BAY,5,451438,-805228,17,77.87,2017-09-14 01:23:00,610,68.00,.00,0.10000000,,0,.200000,CAU,"CHLOROPHYL A, UNCORRECTED",UG/L,45.24389,-80.87444
201705002,2018-02-26 13:41:00,CCGS LIMNOS,GEORGIAN BAY,5,451438,-805228,17,77.87,2017-09-14 01:23:00,610,76.00,.00,0.10000000,,0,.200000,CAU,"CHLOROPHYL A, UNCORRECTED",UG/L,45.24389,-80.87444
201705002,2018-02-26 13:41:00,CCGS LIMNOS,GEORGIAN BAY,10,444329,-803701,3,34.36,2017-09-14 13:46:00,610,998.00,.00,0.10000000,<,0,.100000,CAU,"CHLOROPHYL A, UNCORRECTED",UG/L,44.72472,-80.61694
201705002,2018-02-26 13:41:00,CCGS LIMNOS,GEORGIAN BAY,13,443844,-801002,4,57.57,2017-09-14 19:38:00,610,1.00,.00,0.10000000,,0,.500000,CAU,"CHLOROPHYL A, UNCORRECTED",UG/L,44.64556,-80.16722
201705002,2018-02-26 13:41:00,CCGS LIMNOS,GEORGIAN BAY,13,443844,-801002,4,57.57,2017-09-14 19:38:00,610,20.00,.00,0.10000000,,0,1.600000,CAU,"CHLOROPHYL A, UNCORRECTED",UG/L,44.64556,-80.16722
201705002,2018-02-26 13:41:00,CCGS LIMNOS,GEORGIAN BAY,13,443844,-801002,4,57.57,2017-09-14 19:38:00,610,27.00,.00,0.10000000,,0,.900000,CAU,"CHLOROPHYL A, UNCORRECTED",UG/L,44.64556,-80.16722
201705002,2018-02-26 13:41:00,CCGS LIMNOS,GEORGIAN BAY,13,443844,-801002,4,57.57,2017-09-14 19:38:00,610,41.00,.00,0.10000000,,0,.300000,CAU,"CHLOROPHYL A, UNCORRECTED",UG/L,44.64556,-80.16722
201705002,2018-02-26 13:41:00,CCGS LIMNOS,GEORGIAN BAY,13,443844,-801002,4,57.57,2017-09-14 19:38:00,610,47.00,.00,0.10000000,,0,.200000,CAU,"CHLOROPHYL A, UNCORRECTED",UG/L,44.64556,-80.16722
201705002,2018-02-26 13:41:00,CCGS LIMNOS,GEORGIAN BAY,13,443844,-801002,4,57.57,2017-09-14 19:38:00,610,55.00,.00,0.10000000,,0,.200000,CAU,"CHLOROPHYL A, UNCORRECTED",UG/L,44.64556,-80.16722
201705002,2018-02-26 13:41:00,CCGS LIMNOS,GEORGIAN BAY,20,454042,-805022,24,40.01,2017-09-16 18:12:00,610,998.00,.00,0.10000000,<,0,.100000,CAU,"CHLOROPHYL A, UNCORRECTED",UG/L,45.67833,-80.83944
201705001,2018-02-28 15:06:00,CCGS LIMNOS,GEORGIAN BAY,9,451442,-805229,17,77.50,2017-05-22 04:32:00,611,1.00,.00,0.10000000,,0,.400000,CAC,"CHLOROPHYLL A, CORRECTED PHAEOPHYTIN",UG/L,45.24500,-80.87472
201705001,2018-02-28 15:06:00,CCGS LIMNOS,GEORGIAN BAY,9,451442,-805229,17,77.50,2017-05-22 04:32:00,611,1.00,.00,0.10000000,,1,.400000,CAC,"CHLOROPHYLL A, CORRECTED PHAEOPHYTIN",UG/L,45.24500,-80.87472
201705001,2018-02-28 15:06:00,CCGS LIMNOS,GEORGIAN BAY,9,451442,-805229,17,77.50,2017-05-22 04:32:00,611,50.00,.00,0.10000000,,0,.300000,CAC,"CHLOROPHYLL A, CORRECTED PHAEOPHYTIN",UG/L,45.24500,-80.87472
201705001,2018-02-28 15:06:00,CCGS LIMNOS,GEORGIAN BAY,9,451442,-805229,17,77.50,2017-05-22 04:32:00,611,67.00,.00,0.10000000,,0,.400000,CAC,"CHLOROPHYLL A, CORRECTED PHAEOPHYTIN",UG/L,45.24500,-80.87472
201705001,2018-02-28 15:06:00,CCGS LIMNOS,GEORGIAN BAY,9,451442,-805229,17,77.50,2017-05-22 04:32:00,611,75.00,.00,0.10000000,,0,.400000,CAC,"CHLOROPHYLL A, CORRECTED PHAEOPHYTIN",UG/L,45.24500,-80.87472
201705001,2018-02-28 15:06:00,CCGS LIMNOS,GEORGIAN BAY,10,452113,-802912,16,18.38,2017-05-22 14:25:00,611,998.00,.00,0.10000000,<,0,.100000,CAC,"CHLOROPHYLL A, CORRECTED PHAEOPHYTIN",UG/L,45.35361,-80.48667
201705001,2018-02-28 15:06:00,CCGS LIMNOS,GEORGIAN BAY,16,443847,-801004,4,58.00,2017-05-23 06:33:00,611,1.00,.00,0.10000000,,0,.500000,CAC,"CHLOROPHYLL A, CORRECTED PHAEOPHYTIN",UG/L,44.64639,-80.16778
201705001,2018-02-28 15:06:00,CCGS LIMNOS,GEORGIAN BAY,16,443847,-801004,4,58.00,2017-05-23 06:33:00,611,48.00,.00,0.10000000,,0,.500000,CAC,"CHLOROPHYLL A, CORRECTED PHAEOPHYTIN",UG/L,44.64639,-80.16778
201705001,2018-02-28 15:06:00,CCGS LIMNOS,GEORGIAN BAY,16,443847,-801004,4,58.00,2017-05-23 06:33:00,611,56.00,.00,0.10000000,,0,.400000,CAC,"CHLOROPHYLL A, CORRECTED PHAEOPHYTIN",UG/L,44.64639,-80.16778
201705001,2018-02-28 15:06:00,CCGS LIMNOS,GEORGIAN BAY,20,445513,-803624,11,61.50,2017-05-23 17:16:00,611,998.00,.00,0.10000000,<,0,.100000,CAC,"CHLOROPHYLL A, CORRECTED PHAEOPHYTIN",UG/L,44.92028,-80.60667
201705002,2018-02-26 13:41:00,CCGS LIMNOS,GEORGIAN BAY,5,451438,-805228,17,77.87,2017-09-14 01:23:00,611,1.00,.00,0.10000000,,0,1.100000,CAC,"CHLOROPHYLL A, CORRECTED PHAEOPHYTIN",UG/L,45.24389,-80.87444
201705002,2018-02-26 13:41:00,CCGS LIMNOS,GEORGIAN BAY,5,451438,-805228,17,77.87,2017-09-14 01:23:00,611,1.00,.00,0.10000000,,1,1.100000,CAC,"CHLOROPHYLL A, CORRECTED PHAEOPHYTIN",UG/L,45.24389,-80.87444
201705002,2018-02-26 13:41:00,CCGS LIMNOS,GEORGIAN BAY,5,451438,-805228,17,77.87,2017-09-14 01:23:00,611,20.00,.00,0.10000000,,0,2.400000,CAC,"CHLOROPHYLL A, CORRECTED PHAEOPHYTIN",UG/L,45.24389,-80.87444
201705002,2018-02-26 13:41:00,CCGS LIMNOS,GEORGIAN BAY,5,451438,-805228,17,77.87,2017-09-14 01:23:00,611,27.00,.00,0.10000000,,0,.500000,CAC,"CHLOROPHYLL A, CORRECTED PHAEOPHYTIN",UG/L,45.24389,-80.87444
201705002,2018-02-26 13:41:00,CCGS LIMNOS,GEORGIAN BAY,5,451438,-805228,17,77.87,2017-09-14 01:23:00,611,41.00,.00,0.10000000,,0,.200000,CAC,"CHLOROPHYLL A, CORRECTED PHAEOPHYTIN",UG/L,45.24389,-80.87444
201705002,2018-02-26 13:41:00,CCGS LIMNOS,GEORGIAN BAY,5,451438,-805228,17,77.87,2017-09-14 01:23:00,611,68.00,.00,0.10000000,,0,.200000,CAC,"CHLOROPHYLL A, CORRECTED PHAEOPHYTIN",UG/L,45.24389,-80.87444
201705002,2018-02-26 13:41:00,CCGS LIMNOS,GEORGIAN BAY,5,451438,-805228,17,77.87,2017-09-14 01:23:00,611,76.00,.00,0.10000000,,0,.200000,CAC,"CHLOROPHYLL A, CORRECTED PHAEOPHYTIN",UG/L,45.24389,-80.87444
201705002,2018-02-26 13:41:00,CCGS LIMNOS,GEORGIAN BAY,10,444329,-803701,3,34.36,2017-09-14 13:46:00,611,998.00,.00,0.10000000,<,0,.100000,CAC,"CHLOROPHYLL A, CORRECTED PHAEOPHYTIN",UG/L,44.72472,-80.61694
201705002,2018-02-26 13:41:00,CCGS LIMNOS,GEORGIAN BAY,13,443844,-801002,4,57.57,2017-09-14 19:38:00,611,1.00,.00,0.10000000,,0,.400000,CAC,"CHLOROPHYLL A, CORRECTED PHAEOPHYTIN",UG/L,44.64556,-80.16722
201705002,2018-02-26 13:41:00,CCGS LIMNOS,GEORGIAN BAY,13,443844,-801002,4,57.57,2017-09-14 19:38:00,611,20.00,.00,0.10000000,,0,1.500000,CAC,"CHLOROPHYLL A, CORRECTED PHAEOPHYTIN",UG/L,44.64556,-80.16722
201705002,2018-02-26 13:41:00,CCGS LIMNOS,GEORGIAN BAY,13,443844,-801002,4,57.57,2017-09-14 19:38:00,611,27.00,.00,0.10000000,,0,.700000,CAC,"CHLOROPHYLL A, CORRECTED PHAEOPHYTIN",UG/L,44.64556,-80.16722
201705002,2018-02-26 13:41:00,CCGS LIMNOS,GEORGIAN BAY,13,443844,-801002,4,57.57,2017-09-14 19:38:00,611,41.00,.00,0.10000000,,0,.300000,CAC,"CHLOROPHYLL A, CORRECTED PHAEOPHYTIN",UG/L,44.64556,-80.16722
201705002,2018-02-26 13:41:00,CCGS LIMNOS,GEORGIAN BAY,13,443844,-801002,4,57.57,2017-09-14 19:38:00,611,47.00,.00,0.10000000,,0,.200000,CAC,"CHLOROPHYLL A, CORRECTED PHAEOPHYTIN",UG/L,44.64556,-80.16722
201705002,2018-02-26 13:41:00,CCGS LIMNOS,GEORGIAN BAY,13,443844,-801002,4,57.57,2017-09-14 19:38:00,611,55.00,.00,0.10000000,,0,.200000,CAC,"CHLOROPHYLL A, CORRECTED PHAEOPHYTIN",UG/L,44.64556,-80.16722
201705002,2018-02-26 13:41:00,CCGS LIMNOS,GEORGIAN BAY,20,454042,-805022,24,40.01,2017-09-16 18:12:00,611,998.00,.00,0.10000000,<,0,.100000,CAC,"CHLOROPHYLL A, CORRECTED PHAEOPHYTIN",UG/L,45.67833,-80.83944
201705001,2018-02-28 15:06:00,CCGS LIMNOS,GEORGIAN BAY,1,454543,-814744,46,18.30,2017-05-21 12:28:00,613,.00,16.00,0.10000000,,0,1.000000,CAUI,CHLOROPHYLL A UNCORRECTED INTEGRATED,UG/L,45.76194,-81.79556
201705001,2018-02-28 15:06:00,CCGS LIMNOS,GEORGIAN BAY,2,455445,-813545,42,20.00,2017-05-21 14:33:00,613,.00,20.00,0.10000000,,0,1.400000,CAUI,CHLOROPHYLL A UNCORRECTED INTEGRATED,UG/L,45.91250,-81.59583
201705001,2018-02-28 15:06:00,CCGS LIMNOS,GEORGIAN BAY,3,455226,-811533,39,27.50,2017-05-21 17:07:00,613,.00,20.00,0.10000000,,0,1.200000,CAUI,CHLOROPHYLL A UNCORRECTED INTEGRATED,UG/L,45.87389,-81.25917
201705001,2018-02-28 15:06:00,CCGS LIMNOS,GEORGIAN BAY,4,455158,-810004,27,16.00,2017-05-21 18:42:00,613,.00,14.00,0.10000000,,0,.500000,CAUI,CHLOROPHYLL A UNCORRECTED INTEGRATED,UG/L,45.86611,-81.00111
201705001,2018-02-28 15:06:00,CCGS LIMNOS,GEORGIAN BAY,5,454957,-805402,26,20.52,2017-05-21 20:08:00,613,.00,18.00,0.10000000,,0,.500000,CAUI,CHLOROPHYLL A UNCORRECTED INTEGRATED,UG/L,45.83250,-80.90056
201705001,2018-02-28 15:06:00,CCGS LIMNOS,GEORGIAN BAY,5,454957,-805402,26,20.52,2017-05-21 20:08:00,613,.00,18.00,0.10000000,,1,.400000,CAUI,CHLOROPHYLL A UNCORRECTED INTEGRATED,UG/L,45.83250,-80.90056
201705001,2018-02-28 15:06:00,CCGS LIMNOS,GEORGIAN BAY,6,454045,-805024,24,39.70,2017-05-21 21:46:00,613,.00,20.00,0.10000000,,0,.300000,CAUI,CHLOROPHYLL A UNCORRECTED INTEGRATED,UG/L,45.67917,-80.84000
201705001,2018-02-28 15:06:00,CCGS LIMNOS,GEORGIAN BAY,7,453504,-810454,29,41.90,2017-05-21 23:25:00,613,.00,20.00,0.10000000,,0,.400000,CAUI,CHLOROPHYLL A UNCORRECTED INTEGRATED,UG/L,45.58444,-81.08167
201705001,2018-02-28 15:06:00,CCGS LIMNOS,GEORGIAN BAY,8,452154,-811120,21,86.27,2017-05-22 02:06:00,613,.00,20.00,0.10000000,,0,.600000,CAUI,CHLOROPHYLL A UNCORRECTED INTEGRATED,UG/L,45.36500,-81.18889
201705001,2018-02-28 15:06:00,CCGS LIMNOS,GEORGIAN BAY,9,451442,-805229,17,77.50,2017-05-22 04:32:00,613,.00,20.00,0.10000000,,0,.500000,CAUI,CHLOROPHYLL A UNCORRECTED INTEGRATED,UG/L,45.24500,-80.87472
201705001,2018-02-28 15:06:00,CCGS LIMNOS,GEORGIAN BAY,10,452113,-802912,16,18.38,2017-05-22 14:25:00,613,.00,16.00,0.10000000,,0,.400000,CAUI,CHLOROPHYLL A UNCORRECTED INTEGRATED,UG/L,45.35361,-80.48667
201705001,2018-02-28 15:06:00,CCGS LIMNOS,GEORGIAN BAY,10,452113,-802912,16,18.38,2017-05-22 14:25:00,613,.00,16.00,0.10000000,,1,.400000,CAUI,CHLOROPHYLL A UNCORRECTED INTEGRATED,UG/L,45.35361,-80.48667
201705001,2018-02-28 15:06:00,CCGS LIMNOS,GEORGIAN BAY,11,451928,-800703,122,94.00,2017-05-22 16:41:00,613,.00,20.00,0.10000000,,0,1.100000,CAUI,CHLOROPHYLL A UNCORRECTED INTEGRATED,UG/L,45.32444,-80.11750
201705001,2018-02-28 15:06:00,CCGS LIMNOS,GEORGIAN BAY,12,451001,-801748,15,44.50,2017-05-22 22:41:00,613,.00,20.00,0.10000000,,0,.400000,CAUI,CHLOROPHYLL A UNCORRECTED INTEGRATED,UG/L,45.16694,-80.29667
201705001,2018-02-28 15:06:00,CCGS LIMNOS,GEORGIAN BAY,13,445711,-800859,8,50.57,2017-05-23 00:40:00,613,.00,20.00,0.10000000,,0,.500000,CAUI,CHLOROPHYLL A UNCORRECTED INTEGRATED,UG/L,44.95306,-80.14972
201705001,2018-02-28 15:06:00,CCGS LIMNOS,GEORGIAN BAY,14,445219,-795801,9,28.89,2017-05-23 02:10:00,613,.00,20.00,0.10000000,,0,.500000,CAUI,CHLOROPHYLL A UNCORRECTED INTEGRATED,UG/L,44.87194,-79.96694
201705001,2018-02-28 15:06:00,CCGS LIMNOS,GEORGIAN BAY,15,444749,-801440,5,57.50,2017-05-23 05:03:00,613,.00,20.00,0.10000000,,0,.700000,CAUI,CHLOROPHYLL A UNCORRECTED INTEGRATED,UG/L,44.79694,-80.24444
201705001,2018-02-28 15:06:00,CCGS LIMNOS,GEORGIAN BAY,15,444749,-801440,5,57.50,2017-05-23 05:03:00,613,.00,20.00,0.10000000,,1,.700000,CAUI,CHLOROPHYLL A UNCORRECTED INTEGRATED,UG/L,44.79694,-80.24444
201705001,2018-02-28 15:06:00,CCGS LIMNOS,GEORGIAN BAY,16,443847,-801004,4,58.00,2017-05-23 06:33:00,613,.00,20.00,0.10000000,,0,.500000,CAUI,CHLOROPHYLL A UNCORRECTED INTEGRATED,UG/L,44.64639,-80.16778
201705001,2018-02-28 15:06:00,CCGS LIMNOS,GEORGIAN BAY,17,444414,-802604,6,85.93,2017-05-23 09:11:00,613,.00,20.00,0.10000000,,0,.600000,CAUI,CHLOROPHYLL A UNCORRECTED INTEGRATED,UG/L,44.73722,-80.43444
201705001,2018-02-28 15:06:00,CCGS LIMNOS,GEORGIAN BAY,18,444330,-803656,3,34.05,2017-05-23 10:38:00,613,.00,20.00,0.10000000,,0,.300000,CAUI,CHLOROPHYLL A UNCORRECTED INTEGRATED,UG/L,44.72500,-80.61556
201705001,2018-02-28 15:06:00,CCGS LIMNOS,GEORGIAN BAY,19,444306,-805120,1,89.30,2017-05-23 13:17:00,613,.00,20.00,0.10000000,,0,.600000,CAUI,CHLOROPHYLL A UNCORRECTED INTEGRATED,UG/L,44.71833,-80.85556
201705001,2018-02-28 15:06:00,CCGS LIMNOS,GEORGIAN BAY,20,445513,-803624,11,61.50,2017-05-23 17:16:00,613,.00,20.00,0.10000000,,0,.300000,CAUI,CHLOROPHYLL A UNCORRECTED INTEGRATED,UG/L,44.92028,-80.60667
201705001,2018-02-28 15:06:00,CCGS LIMNOS,GEORGIAN BAY,20,445513,-803624,11,61.50,2017-05-23 17:16:00,613,.00,20.00,0.10000000,,1,.400000,CAUI,CHLOROPHYLL A UNCORRECTED INTEGRATED,UG/L,44.92028,-80.60667
201705001,2018-02-28 15:06:00,CCGS LIMNOS,GEORGIAN BAY,21,445512,-805224,12,87.90,2017-05-23 19:27:00,613,.00,20.00,0.10000000,,0,.500000,CAUI,CHLOROPHYLL A UNCORRECTED INTEGRATED,UG/L,44.92000,-80.87333
201705001,2018-02-28 15:06:00,CCGS LIMNOS,GEORGIAN BAY,22,450359,-811508,19,53.41,2017-05-23 22:43:00,613,.00,20.00,0.10000000,,0,.300000,CAUI,CHLOROPHYLL A UNCORRECTED INTEGRATED,UG/L,45.06639,-81.25222
201705001,2018-02-28 15:06:00,CCGS LIMNOS,GEORGIAN BAY,23,451421,-812625,31,71.68,2017-05-24 02:35:00,613,.00,20.00,0.10000000,,0,.300000,CAUI,CHLOROPHYLL A UNCORRECTED INTEGRATED,UG/L,45.23917,-81.44028
201705001,2018-02-28 15:06:00,CCGS LIMNOS,GEORGIAN BAY,24,452213,-813502,33,53.80,2017-05-24 04:03:00,613,.00,20.00,0.10000000,,0,.400000,CAUI,CHLOROPHYLL A UNCORRECTED INTEGRATED,UG/L,45.37028,-81.58389
201705002,2018-02-26 13:41:00,CCGS LIMNOS,GEORGIAN BAY,1,453140,-814010,35,35.29,2017-09-13 15:45:00,613,.00,20.00,0.10000000,,0,1.400000,CAUI,CHLOROPHYLL A UNCORRECTED INTEGRATED,UG/L,45.52778,-81.66944
201705002,2018-02-26 13:41:00,CCGS LIMNOS,GEORGIAN BAY,2,452212,-813508,33,54.52,2017-09-13 17:29:00,613,.00,20.00,0.10000000,,0,1.200000,CAUI,CHLOROPHYLL A UNCORRECTED INTEGRATED,UG/L,45.37000,-81.58556
201705002,2018-02-26 13:41:00,CCGS LIMNOS,GEORGIAN BAY,3,451419,-812628,31,64.75,2017-09-13 19:30:00,613,.00,20.00,0.10000000,,0,1.200000,CAUI,CHLOROPHYLL A UNCORRECTED INTEGRATED,UG/L,45.23861,-81.44111
201705002,2018-02-26 13:41:00,CCGS LIMNOS,GEORGIAN BAY,4,452154,-811124,21,86.36,2017-09-13 22:54:00,613,.00,20.00,0.10000000,,0,.500000,CAUI,CHLOROPHYLL A UNCORRECTED INTEGRATED,UG/L,45.36500,-81.19000
201705002,2018-02-26 13:41:00,CCGS LIMNOS,GEORGIAN BAY,5,451438,-805228,17,77.87,2017-09-14 01:23:00,613,.00,20.00,0.10000000,,0,1.400000,CAUI,CHLOROPHYLL A UNCORRECTED INTEGRATED,UG/L,45.24389,-80.87444
201705002,2018-02-26 13:41:00,CCGS LIMNOS,GEORGIAN BAY,5,451438,-805228,17,77.87,2017-09-14 01:23:00,613,.00,20.00,0.10000000,,1,1.400000,CAUI,CHLOROPHYLL A UNCORRECTED INTEGRATED,UG/L,45.24389,-80.87444
201705002,2018-02-26 13:41:00,CCGS LIMNOS,GEORGIAN BAY,6,450401,-811513,19,53.73,2017-09-14 04:33:00,613,.00,20.00,0.10000000,,0,1.100000,CAUI,CHLOROPHYLL A UNCORRECTED INTEGRATED,UG/L,45.06694,-81.25361
201705002,2018-02-26 13:41:00,CCGS LIMNOS,GEORGIAN BAY,7,445512,-805230,12,88.49,2017-09-14 07:17:00,613,.00,20.00,0.10000000,,0,.800000,CAUI,CHLOROPHYLL A UNCORRECTED INTEGRATED,UG/L,44.92000,-80.87500
201705002,2018-02-26 13:41:00,CCGS LIMNOS,GEORGIAN BAY,8,445514,-803622,11,62.16,2017-09-14 09:18:00,613,.00,20.00,0.10000000,,0,.800000,CAUI,CHLOROPHYLL A UNCORRECTED INTEGRATED,UG/L,44.92056,-80.60611
201705002,2018-02-26 13:41:00,CCGS LIMNOS,GEORGIAN BAY,9,444303,-805122,1,89.7,2017-09-14 11:41:00,613,.00,20.00,0.10000000,,0,.900000,CAUI,CHLOROPHYLL A UNCORRECTED INTEGRATED,UG/L,44.71750,-80.85611
201705002,2018-02-26 13:41:00,CCGS LIMNOS,GEORGIAN BAY,10,444329,-803701,3,34.36,2017-09-14 13:46:00,613,.00,20.00,0.10000000,,0,.800000,CAUI,CHLOROPHYLL A UNCORRECTED INTEGRATED,UG/L,44.72472,-80.61694
201705002,2018-02-26 13:41:00,CCGS LIMNOS,GEORGIAN BAY,10,444329,-803701,3,34.36,2017-09-14 13:46:00,613,.00,20.00,0.10000000,,1,.600000,CAUI,CHLOROPHYLL A UNCORRECTED INTEGRATED,UG/L,44.72472,-80.61694
201705002,2018-02-26 13:41:00,CCGS LIMNOS,GEORGIAN BAY,11,444411,-802606,6,87.05,2017-09-14 15:18:00,613,.00,20.00,0.10000000,,0,.700000,CAUI,CHLOROPHYLL A UNCORRECTED INTEGRATED,UG/L,44.73639,-80.43500
201705002,2018-02-26 13:41:00,CCGS LIMNOS,GEORGIAN BAY,12,444746,-801436,5,58.89,2017-09-14 17:16:00,613,.00,20.00,0.10000000,,0,.600000,CAUI,CHLOROPHYLL A UNCORRECTED INTEGRATED,UG/L,44.79611,-80.24333
201705002,2018-02-26 13:41:00,CCGS LIMNOS,GEORGIAN BAY,13,443844,-801002,4,57.57,2017-09-14 19:38:00,613,.00,20.00,0.10000000,,0,.700000,CAUI,CHLOROPHYLL A UNCORRECTED INTEGRATED,UG/L,44.64556,-80.16722
201705002,2018-02-26 13:41:00,CCGS LIMNOS,GEORGIAN BAY,14,445216,-795809,9,30.11,2017-09-15 00:22:00,613,.00,20.00,0.10000000,,0,2.000000,CAUI,CHLOROPHYLL A UNCORRECTED INTEGRATED,UG/L,44.87111,-79.96917
201705002,2018-02-26 13:41:00,CCGS LIMNOS,GEORGIAN BAY,15,445709,-800856,8,50.79,2017-09-15 02:47:00,613,.00,20.00,0.10000000,,0,.800000,CAUI,CHLOROPHYLL A UNCORRECTED INTEGRATED,UG/L,44.95250,-80.14889
201705002,2018-02-26 13:41:00,CCGS LIMNOS,GEORGIAN BAY,15,445709,-800856,8,50.79,2017-09-15 02:47:00,613,.00,20.00,0.10000000,,1,.800000,CAUI,CHLOROPHYLL A UNCORRECTED INTEGRATED,UG/L,44.95250,-80.14889
201705002,2018-02-26 13:41:00,CCGS LIMNOS,GEORGIAN BAY,16,450959,-801749,15,46.62,2017-09-15 05:51:00,613,.00,20.00,0.10000000,,0,.800000,CAUI,CHLOROPHYLL A UNCORRECTED INTEGRATED,UG/L,45.16639,-80.29694
201705002,2018-02-26 13:41:00,CCGS LIMNOS,GEORGIAN BAY,17,452112,-802908,16,19.01,2017-09-15 09:06:00,613,.00,17.00,0.10000000,,0,.800000,CAUI,CHLOROPHYLL A UNCORRECTED INTEGRATED,UG/L,45.35333,-80.48556
201705002,2018-02-26 13:41:00,CCGS LIMNOS,GEORGIAN BAY,18,451930,-800658,122,94.89,2017-09-15 12:02:00,613,.00,20.00,0.10000000,,0,2.600000,CAUI,CHLOROPHYLL A UNCORRECTED INTEGRATED,UG/L,45.32500,-80.11611
201705002,2018-02-26 13:41:00,CCGS LIMNOS,GEORGIAN BAY,19,453456,-810459,29,42.78,2017-09-16 15:55:00,613,.00,20.00,0.10000000,,0,.600000,CAUI,CHLOROPHYLL A UNCORRECTED INTEGRATED,UG/L,45.58222,-81.08306
201705002,2018-02-26 13:41:00,CCGS LIMNOS,GEORGIAN BAY,20,454042,-805022,24,40.01,2017-09-16 18:12:00,613,.00,20.00,0.10000000,,0,1.600000,CAUI,CHLOROPHYLL A UNCORRECTED INTEGRATED,UG/L,45.67833,-80.83944
201705002,2018-02-26 13:41:00,CCGS LIMNOS,GEORGIAN BAY,20,454042,-805022,24,40.01,2017-09-16 18:12:00,613,.00,20.00,0.10000000,,1,1.600000,CAUI,CHLOROPHYLL A UNCORRECTED INTEGRATED,UG/L,45.67833,-80.83944
201705002,2018-02-26 13:41:00,CCGS LIMNOS,GEORGIAN BAY,21,455000,-805357,26,20.11,2017-09-16 20:13:00,613,.00,18.00,0.10000000,,0,1.200000,CAUI,CHLOROPHYLL A UNCORRECTED INTEGRATED,UG/L,45.83333,-80.89917
201705002,2018-02-26 13:41:00,CCGS LIMNOS,GEORGIAN BAY,22,455156,-805957,27,17.72,2017-09-16 21:23:00,613,.00,15.00,0.10000000,,0,1.000000,CAUI,CHLOROPHYLL A UNCORRECTED INTEGRATED,UG/L,45.86556,-80.99917
201705002,2018-02-26 13:41:00,CCGS LIMNOS,GEORGIAN BAY,23,455223,-811531,39,28.28,2017-09-16 23:25:00,613,.00,20.00,0.10000000,,0,1.100000,CAUI,CHLOROPHYLL A UNCORRECTED INTEGRATED,UG/L,45.87306,-81.25861
201705002,2018-02-26 13:41:00,CCGS LIMNOS,GEORGIAN BAY,24,454230,-813710,36,52.89,2017-09-17 02:19:00,613,.00,20.00,0.10000000,,0,1.100000,CAUI,CHLOROPHYLL A UNCORRECTED INTEGRATED,UG/L,45.70833,-81.61944
201705002,2018-02-26 13:41:00,CCGS LIMNOS,GEORGIAN BAY,25,455445,-813539,42,29.5,2017-09-17 05:24:00,613,.00,20.00,0.10000000,,0,1.200000,CAUI,CHLOROPHYLL A UNCORRECTED INTEGRATED,UG/L,45.91250,-81.59417
201705002,2018-02-26 13:41:00,CCGS LIMNOS,GEORGIAN BAY,25,455445,-813539,42,29.5,2017-09-17 05:24:00,613,.00,20.00,0.10000000,,1,1.200000,CAUI,CHLOROPHYLL A UNCORRECTED INTEGRATED,UG/L,45.91250,-81.59417
201705002,2018-02-26 13:41:00,CCGS LIMNOS,GEORGIAN BAY,26,454546,-814745,46,19.2,2017-09-17 09:00:00,613,.00,17.00,0.10000000,,0,2.700000,CAUI,CHLOROPHYLL A UNCORRECTED INTEGRATED,UG/L,45.76278,-81.79583
201705001,2018-02-28 15:06:00,CCGS LIMNOS,GEORGIAN BAY,1,454543,-814744,46,18.30,2017-05-21 12:28:00,614,.00,16.00,0.10000000,,0,.900000,CACI,CHLOROPHYLL A CORRECTED INTEGRATED,UG/L,45.76194,-81.79556
201705001,2018-02-28 15:06:00,CCGS LIMNOS,GEORGIAN BAY,2,455445,-813545,42,20.00,2017-05-21 14:33:00,614,.00,20.00,0.10000000,,0,.700000,CACI,CHLOROPHYLL A CORRECTED INTEGRATED,UG/L,45.91250,-81.59583
201705001,2018-02-28 15:06:00,CCGS LIMNOS,GEORGIAN BAY,3,455226,-811533,39,27.50,2017-05-21 17:07:00,614,.00,20.00,0.10000000,,0,.800000,CACI,CHLOROPHYLL A CORRECTED INTEGRATED,UG/L,45.87389,-81.25917
201705001,2018-02-28 15:06:00,CCGS LIMNOS,GEORGIAN BAY,4,455158,-810004,27,16.00,2017-05-21 18:42:00,614,.00,14.00,0.10000000,,0,.400000,CACI,CHLOROPHYLL A CORRECTED INTEGRATED,UG/L,45.86611,-81.00111
201705001,2018-02-28 15:06:00,CCGS LIMNOS,GEORGIAN BAY,5,454957,-805402,26,20.52,2017-05-21 20:08:00,614,.00,18.00,0.10000000,,0,.400000,CACI,CHLOROPHYLL A CORRECTED INTEGRATED,UG/L,45.83250,-80.90056
201705001,2018-02-28 15:06:00,CCGS LIMNOS,GEORGIAN BAY,5,454957,-805402,26,20.52,2017-05-21 20:08:00,614,.00,18.00,0.10000000,,1,.100000,CACI,CHLOROPHYLL A CORRECTED INTEGRATED,UG/L,45.83250,-80.90056
201705001,2018-02-28 15:06:00,CCGS LIMNOS,GEORGIAN BAY,6,454045,-805024,24,39.70,2017-05-21 21:46:00,614,.00,20.00,0.10000000,,0,.200000,CACI,CHLOROPHYLL A CORRECTED INTEGRATED,UG/L,45.67917,-80.84000
201705001,2018-02-28 15:06:00,CCGS LIMNOS,GEORGIAN BAY,7,453504,-810454,29,41.90,2017-05-21 23:25:00,614,.00,20.00,0.10000000,,0,.300000,CACI,CHLOROPHYLL A CORRECTED INTEGRATED,UG/L,45.58444,-81.08167
201705001,2018-02-28 15:06:00,CCGS LIMNOS,GEORGIAN BAY,8,452154,-811120,21,86.27,2017-05-22 02:06:00,614,.00,20.00,0.10000000,,0,.600000,CACI,CHLOROPHYLL A CORRECTED INTEGRATED,UG/L,45.36500,-81.18889
201705001,2018-02-28 15:06:00,CCGS LIMNOS,GEORGIAN BAY,9,451442,-805229,17,77.50,2017-05-22 04:32:00,614,.00,20.00,0.10000000,,0,.500000,CACI,CHLOROPHYLL A CORRECTED INTEGRATED,UG/L,45.24500,-80.87472
201705001,2018-02-28 15:06:00,CCGS LIMNOS,GEORGIAN BAY,10,452113,-802912,16,18.38,2017-05-22 14:25:00,614,.00,16.00,0.10000000,,0,.400000,CACI,CHLOROPHYLL A CORRECTED INTEGRATED,UG/L,45.35361,-80.48667
201705001,2018-02-28 15:06:00,CCGS LIMNOS,GEORGIAN BAY,10,452113,-802912,16,18.38,2017-05-22 14:25:00,614,.00,16.00,0.10000000,,1,.400000,CACI,CHLOROPHYLL A CORRECTED INTEGRATED,UG/L,45.35361,-80.48667
201705001,2018-02-28 15:06:00,CCGS LIMNOS,GEORGIAN BAY,11,451928,-800703,122,94.00,2017-05-22 16:41:00,614,.00,20.00,0.10000000,,0,.800000,CACI,CHLOROPHYLL A CORRECTED INTEGRATED,UG/L,45.32444,-80.11750
201705001,2018-02-28 15:06:00,CCGS LIMNOS,GEORGIAN BAY,12,451001,-801748,15,44.50,2017-05-22 22:41:00,614,.00,20.00,0.10000000,,0,.400000,CACI,CHLOROPHYLL A CORRECTED INTEGRATED,UG/L,45.16694,-80.29667
201705001,2018-02-28 15:06:00,CCGS LIMNOS,GEORGIAN BAY,13,445711,-800859,8,50.57,2017-05-23 00:40:00,614,.00,20.00,0.10000000,,0,.500000,CACI,CHLOROPHYLL A CORRECTED INTEGRATED,UG/L,44.95306,-80.14972
201705001,2018-02-28 15:06:00,CCGS LIMNOS,GEORGIAN BAY,14,445219,-795801,9,28.89,2017-05-23 02:10:00,614,.00,20.00,0.10000000,,0,.400000,CACI,CHLOROPHYLL A CORRECTED INTEGRATED,UG/L,44.87194,-79.96694
201705001,2018-02-28 15:06:00,CCGS LIMNOS,GEORGIAN BAY,15,444749,-801440,5,57.50,2017-05-23 05:03:00,614,.00,20.00,0.10000000,,0,.500000,CACI,CHLOROPHYLL A CORRECTED INTEGRATED,UG/L,44.79694,-80.24444
201705001,2018-02-28 15:06:00,CCGS LIMNOS,GEORGIAN BAY,15,444749,-801440,5,57.50,2017-05-23 05:03:00,614,.00,20.00,0.10000000,,1,.500000,CACI,CHLOROPHYLL A CORRECTED INTEGRATED,UG/L,44.79694,-80.24444
201705001,2018-02-28 15:06:00,CCGS LIMNOS,GEORGIAN BAY,16,443847,-801004,4,58.00,2017-05-23 06:33:00,614,.00,20.00,0.10000000,,0,.400000,CACI,CHLOROPHYLL A CORRECTED INTEGRATED,UG/L,44.64639,-80.16778
201705001,2018-02-28 15:06:00,CCGS LIMNOS,GEORGIAN BAY,17,444414,-802604,6,85.93,2017-05-23 09:11:00,614,.00,20.00,0.10000000,,0,.500000,CACI,CHLOROPHYLL A CORRECTED INTEGRATED,UG/L,44.73722,-80.43444
201705001,2018-02-28 15:06:00,CCGS LIMNOS,GEORGIAN BAY,18,444330,-803656,3,34.05,2017-05-23 10:38:00,614,.00,20.00,0.10000000,,0,.200000,CACI,CHLOROPHYLL A CORRECTED INTEGRATED,UG/L,44.72500,-80.61556
201705001,2018-02-28 15:06:00,CCGS LIMNOS,GEORGIAN BAY,19,444306,-805120,1,89.30,2017-05-23 13:17:00,614,.00,20.00,0.10000000,,0,.500000,CACI,CHLOROPHYLL A CORRECTED INTEGRATED,UG/L,44.71833,-80.85556
201705001,2018-02-28 15:06:00,CCGS LIMNOS,GEORGIAN BAY,20,445513,-803624,11,61.50,2017-05-23 17:16:00,614,.00,20.00,0.10000000,,0,.400000,CACI,CHLOROPHYLL A CORRECTED INTEGRATED,UG/L,44.92028,-80.60667
201705001,2018-02-28 15:06:00,CCGS LIMNOS,GEORGIAN BAY,20,445513,-803624,11,61.50,2017-05-23 17:16:00,614,.00,20.00,0.10000000,,1,.200000,CACI,CHLOROPHYLL A CORRECTED INTEGRATED,UG/L,44.92028,-80.60667
201705001,2018-02-28 15:06:00,CCGS LIMNOS,GEORGIAN BAY,21,445512,-805224,12,87.90,2017-05-23 19:27:00,614,.00,20.00,0.10000000,,0,.500000,CACI,CHLOROPHYLL A CORRECTED INTEGRATED,UG/L,44.92000,-80.87333
201705001,2018-02-28 15:06:00,CCGS LIMNOS,GEORGIAN BAY,22,450359,-811508,19,53.41,2017-05-23 22:43:00,614,.00,20.00,0.10000000,,0,.200000,CACI,CHLOROPHYLL A CORRECTED INTEGRATED,UG/L,45.06639,-81.25222
201705001,2018-02-28 15:06:00,CCGS LIMNOS,GEORGIAN BAY,23,451421,-812625,31,71.68,2017-05-24 02:35:00,614,.00,20.00,0.10000000,,0,.300000,CACI,CHLOROPHYLL A CORRECTED INTEGRATED,UG/L,45.23917,-81.44028
201705001,2018-02-28 15:06:00,CCGS LIMNOS,GEORGIAN BAY,24,452213,-813502,33,53.80,2017-05-24 04:03:00,614,.00,20.00,0.10000000,,0,.400000,CACI,CHLOROPHYLL A CORRECTED INTEGRATED,UG/L,45.37028,-81.58389
201705002,2018-02-26 13:41:00,CCGS LIMNOS,GEORGIAN BAY,1,453140,-814010,35,35.29,2017-09-13 15:45:00,614,.00,20.00,0.10000000,,0,1.300000,CACI,CHLOROPHYLL A CORRECTED INTEGRATED,UG/L,45.52778,-81.66944
201705002,2018-02-26 13:41:00,CCGS LIMNOS,GEORGIAN BAY,2,452212,-813508,33,54.52,2017-09-13 17:29:00,614,.00,20.00,0.10000000,,0,1.000000,CACI,CHLOROPHYLL A CORRECTED INTEGRATED,UG/L,45.37000,-81.58556
201705002,2018-02-26 13:41:00,CCGS LIMNOS,GEORGIAN BAY,3,451419,-812628,31,64.75,2017-09-13 19:30:00,614,.00,20.00,0.10000000,,0,1.300000,CACI,CHLOROPHYLL A CORRECTED INTEGRATED,UG/L,45.23861,-81.44111
201705002,2018-02-26 13:41:00,CCGS LIMNOS,GEORGIAN BAY,4,452154,-811124,21,86.36,2017-09-13 22:54:00,614,.00,20.00,0.10000000,,0,.600000,CACI,CHLOROPHYLL A CORRECTED INTEGRATED,UG/L,45.36500,-81.19000
201705002,2018-02-26 13:41:00,CCGS LIMNOS,GEORGIAN BAY,5,451438,-805228,17,77.87,2017-09-14 01:23:00,614,.00,20.00,0.10000000,,0,1.300000,CACI,CHLOROPHYLL A CORRECTED INTEGRATED,UG/L,45.24389,-80.87444
201705002,2018-02-26 13:41:00,CCGS LIMNOS,GEORGIAN BAY,5,451438,-805228,17,77.87,2017-09-14 01:23:00,614,.00,20.00,0.10000000,,1,1.100000,CACI,CHLOROPHYLL A CORRECTED INTEGRATED,UG/L,45.24389,-80.87444
201705002,2018-02-26 13:41:00,CCGS LIMNOS,GEORGIAN BAY,6,450401,-811513,19,53.73,2017-09-14 04:33:00,614,.00,20.00,0.10000000,,0,1.100000,CACI,CHLOROPHYLL A CORRECTED INTEGRATED,UG/L,45.06694,-81.25361
201705002,2018-02-26 13:41:00,CCGS LIMNOS,GEORGIAN BAY,7,445512,-805230,12,88.49,2017-09-14 07:17:00,614,.00,20.00,0.10000000,,0,.700000,CACI,CHLOROPHYLL A CORRECTED INTEGRATED,UG/L,44.92000,-80.87500
201705002,2018-02-26 13:41:00,CCGS LIMNOS,GEORGIAN BAY,8,445514,-803622,11,62.16,2017-09-14 09:18:00,614,.00,20.00,0.10000000,,0,.800000,CACI,CHLOROPHYLL A CORRECTED INTEGRATED,UG/L,44.92056,-80.60611
201705002,2018-02-26 13:41:00,CCGS LIMNOS,GEORGIAN BAY,9,444303,-805122,1,89.7,2017-09-14 11:41:00,614,.00,20.00,0.10000000,,0,.700000,CACI,CHLOROPHYLL A CORRECTED INTEGRATED,UG/L,44.71750,-80.85611
201705002,2018-02-26 13:41:00,CCGS LIMNOS,GEORGIAN BAY,10,444329,-803701,3,34.36,2017-09-14 13:46:00,614,.00,20.00,0.10000000,,0,.600000,CACI,CHLOROPHYLL A CORRECTED INTEGRATED,UG/L,44.72472,-80.61694
201705002,2018-02-26 13:41:00,CCGS LIMNOS,GEORGIAN BAY,10,444329,-803701,3,34.36,2017-09-14 13:46:00,614,.00,20.00,0.10000000,,1,.500000,CACI,CHLOROPHYLL A CORRECTED INTEGRATED,UG/L,44.72472,-80.61694
201705002,2018-02-26 13:41:00,CCGS LIMNOS,GEORGIAN BAY,11,444411,-802606,6,87.05,2017-09-14 15:18:00,614,.00,20.00,0.10000000,,0,.700000,CACI,CHLOROPHYLL A CORRECTED INTEGRATED,UG/L,44.73639,-80.43500
201705002,2018-02-26 13:41:00,CCGS LIMNOS,GEORGIAN BAY,12,444746,-801436,5,58.89,2017-09-14 17:16:00,614,.00,20.00,0.10000000,,0,.500000,CACI,CHLOROPHYLL A CORRECTED INTEGRATED,UG/L,44.79611,-80.24333
201705002,2018-02-26 13:41:00,CCGS LIMNOS,GEORGIAN BAY,13,443844,-801002,4,57.57,2017-09-14 19:38:00,614,.00,20.00,0.10000000,,0,.600000,CACI,CHLOROPHYLL A CORRECTED INTEGRATED,UG/L,44.64556,-80.16722
201705002,2018-02-26 13:41:00,CCGS LIMNOS,GEORGIAN BAY,14,445216,-795809,9,30.11,2017-09-15 00:22:00,614,.00,20.00,0.10000000,,0,1.800000,CACI,CHLOROPHYLL A CORRECTED INTEGRATED,UG/L,44.87111,-79.96917
201705002,2018-02-26 13:41:00,CCGS LIMNOS,GEORGIAN BAY,15,445709,-800856,8,50.79,2017-09-15 02:47:00,614,.00,20.00,0.10000000,,0,.600000,CACI,CHLOROPHYLL A CORRECTED INTEGRATED,UG/L,44.95250,-80.14889
201705002,2018-02-26 13:41:00,CCGS LIMNOS,GEORGIAN BAY,15,445709,-800856,8,50.79,2017-09-15 02:47:00,614,.00,20.00,0.10000000,,1,.600000,CACI,CHLOROPHYLL A CORRECTED INTEGRATED,UG/L,44.95250,-80.14889
201705002,2018-02-26 13:41:00,CCGS LIMNOS,GEORGIAN BAY,16,450959,-801749,15,46.62,2017-09-15 05:51:00,614,.00,20.00,0.10000000,,0,.800000,CACI,CHLOROPHYLL A CORRECTED INTEGRATED,UG/L,45.16639,-80.29694
201705002,2018-02-26 13:41:00,CCGS LIMNOS,GEORGIAN BAY,17,452112,-802908,16,19.01,2017-09-15 09:06:00,614,.00,17.00,0.10000000,,0,.700000,CACI,CHLOROPHYLL A CORRECTED INTEGRATED,UG/L,45.35333,-80.48556
201705002,2018-02-26 13:41:00,CCGS LIMNOS,GEORGIAN BAY,18,451930,-800658,122,94.89,2017-09-15 12:02:00,614,.00,20.00,0.10000000,,0,2.200000,CACI,CHLOROPHYLL A CORRECTED INTEGRATED,UG/L,45.32500,-80.11611
201705002,2018-02-26 13:41:00,CCGS LIMNOS,GEORGIAN BAY,19,453456,-810459,29,42.78,2017-09-16 15:55:00,614,.00,20.00,0.10000000,,0,.500000,CACI,CHLOROPHYLL A CORRECTED INTEGRATED,UG/L,45.58222,-81.08306
201705002,2018-02-26 13:41:00,CCGS LIMNOS,GEORGIAN BAY,20,454042,-805022,24,40.01,2017-09-16 18:12:00,614,.00,20.00,0.10000000,,0,1.300000,CACI,CHLOROPHYLL A CORRECTED INTEGRATED,UG/L,45.67833,-80.83944
201705002,2018-02-26 13:41:00,CCGS LIMNOS,GEORGIAN BAY,20,454042,-805022,24,40.01,2017-09-16 18:12:00,614,.00,20.00,0.10000000,,1,1.300000,CACI,CHLOROPHYLL A CORRECTED INTEGRATED,UG/L,45.67833,-80.83944
201705002,2018-02-26 13:41:00,CCGS LIMNOS,GEORGIAN BAY,21,455000,-805357,26,20.11,2017-09-16 20:13:00,614,.00,18.00,0.10000000,,0,.900000,CACI,CHLOROPHYLL A CORRECTED INTEGRATED,UG/L,45.83333,-80.89917
201705002,2018-02-26 13:41:00,CCGS LIMNOS,GEORGIAN BAY,22,455156,-805957,27,17.72,2017-09-16 21:23:00,614,.00,15.00,0.10000000,,0,.700000,CACI,CHLOROPHYLL A CORRECTED INTEGRATED,UG/L,45.86556,-80.99917
201705002,2018-02-26 13:41:00,CCGS LIMNOS,GEORGIAN BAY,23,455223,-811531,39,28.28,2017-09-16 23:25:00,614,.00,20.00,0.10000000,,0,1.000000,CACI,CHLOROPHYLL A CORRECTED INTEGRATED,UG/L,45.87306,-81.25861
201705002,2018-02-26 13:41:00,CCGS LIMNOS,GEORGIAN BAY,24,454230,-813710,36,52.89,2017-09-17 02:19:00,614,.00,20.00,0.10000000,,0,1.000000,CACI,CHLOROPHYLL A CORRECTED INTEGRATED,UG/L,45.70833,-81.61944
201705002,2018-02-26 13:41:00,CCGS LIMNOS,GEORGIAN BAY,25,455445,-813539,42,29.5,2017-09-17 05:24:00,614,.00,20.00,0.10000000,,0,1.100000,CACI,CHLOROPHYLL A CORRECTED INTEGRATED,UG/L,45.91250,-81.59417
201705002,2018-02-26 13:41:00,CCGS LIMNOS,GEORGIAN BAY,25,455445,-813539,42,29.5,2017-09-17 05:24:00,614,.00,20.00,0.10000000,,1,.900000,CACI,CHLOROPHYLL A CORRECTED INTEGRATED,UG/L,45.91250,-81.59417
201705002,2018-02-26 13:41:00,CCGS LIMNOS,GEORGIAN BAY,26,454546,-814745,46,19.2,2017-09-17 09:00:00,614,.00,17.00,0.10000000,,0,2.400000,CACI,CHLOROPHYLL A CORRECTED INTEGRATED,UG/L,45.76278,-81.79583
201705001,2018-02-28 15:06:00,CCGS LIMNOS,GEORGIAN BAY,2,455445,-813545,42,20.00,2017-05-21 14:33:00,986,12.00,.00,0.10000000,,0,68.900000,D8-NAPH,D8 NAPHTHALENE,PERCENT,45.91250,-81.59583
201705001,2018-02-28 15:06:00,CCGS LIMNOS,GEORGIAN BAY,4,455158,-810004,27,16.00,2017-05-21 18:42:00,986,3.00,.00,0.10000000,,0,42.100000,D8-NAPH,D8 NAPHTHALENE,PERCENT,45.86611,-81.00111
201705001,2018-02-28 15:06:00,CCGS LIMNOS,GEORGIAN BAY,7,453504,-810454,29,41.90,2017-05-21 23:25:00,986,12.00,.00,0.10000000,,0,63.000000,D8-NAPH,D8 NAPHTHALENE,PERCENT,45.58444,-81.08167
201705001,2018-02-28 15:06:00,CCGS LIMNOS,GEORGIAN BAY,9,451442,-805229,17,77.50,2017-05-22 04:32:00,986,12.00,.00,0.10000000,,0,73.100000,D8-NAPH,D8 NAPHTHALENE,PERCENT,45.24500,-80.87472
201705001,2018-02-28 15:06:00,CCGS LIMNOS,GEORGIAN BAY,14,445219,-795801,9,28.89,2017-05-23 02:10:00,986,12.00,.00,0.10000000,,0,47.900000,D8-NAPH,D8 NAPHTHALENE,PERCENT,44.87194,-79.96694
201705001,2018-02-28 15:06:00,CCGS LIMNOS,GEORGIAN BAY,16,443847,-801004,4,58.00,2017-05-23 06:33:00,986,12.00,.00,0.10000000,,0,65.500000,D8-NAPH,D8 NAPHTHALENE,PERCENT,44.64639,-80.16778
201705001,2018-02-28 15:06:00,CCGS LIMNOS,GEORGIAN BAY,19,444306,-805120,1,89.30,2017-05-23 13:17:00,986,12.00,.00,0.10000000,,0,62.400000,D8-NAPH,D8 NAPHTHALENE,PERCENT,44.71833,-80.85556
201705001,2018-02-28 15:06:00,CCGS LIMNOS,GEORGIAN BAY,24,452213,-813502,33,53.80,2017-05-24 04:03:00,986,12.00,.00,0.10000000,,0,63.400000,D8-NAPH,D8 NAPHTHALENE,PERCENT,45.37028,-81.58389
201705001,2018-02-28 15:06:00,CCGS LIMNOS,GEORGIAN BAY,2,455445,-813545,42,20.00,2017-05-21 14:33:00,999,12.00,.00,0.10000000,,0,74.500000,D10-FLU,D10 FLUORENE,PERCENT,45.91250,-81.59583
201705001,2018-02-28 15:06:00,CCGS LIMNOS,GEORGIAN BAY,4,455158,-810004,27,16.00,2017-05-21 18:42:00,999,3.00,.00,0.10000000,,0,54.100000,D10-FLU,D10 FLUORENE,PERCENT,45.86611,-81.00111
201705001,2018-02-28 15:06:00,CCGS LIMNOS,GEORGIAN BAY,7,453504,-810454,29,41.90,2017-05-21 23:25:00,999,12.00,.00,0.10000000,,0,72.200000,D10-FLU,D10 FLUORENE,PERCENT,45.58444,-81.08167
201705001,2018-02-28 15:06:00,CCGS LIMNOS,GEORGIAN BAY,9,451442,-805229,17,77.50,2017-05-22 04:32:00,999,12.00,.00,0.10000000,,0,81.600000,D10-FLU,D10 FLUORENE,PERCENT,45.24500,-80.87472
201705001,2018-02-28 15:06:00,CCGS LIMNOS,GEORGIAN BAY,14,445219,-795801,9,28.89,2017-05-23 02:10:00,999,12.00,.00,0.10000000,,0,63.200000,D10-FLU,D10 FLUORENE,PERCENT,44.87194,-79.96694
201705001,2018-02-28 15:06:00,CCGS LIMNOS,GEORGIAN BAY,16,443847,-801004,4,58.00,2017-05-23 06:33:00,999,12.00,.00,0.10000000,,0,76.700000,D10-FLU,D10 FLUORENE,PERCENT,44.64639,-80.16778
201705001,2018-02-28 15:06:00,CCGS LIMNOS,GEORGIAN BAY,19,444306,-805120,1,89.30,2017-05-23 13:17:00,999,12.00,.00,0.10000000,,0,71.000000,D10-FLU,D10 FLUORENE,PERCENT,44.71833,-80.85556
201705001,2018-02-28 15:06:00,CCGS LIMNOS,GEORGIAN BAY,24,452213,-813502,33,53.80,2017-05-24 04:03:00,999,12.00,.00,0.10000000,,0,72.400000,D10-FLU,D10 FLUORENE,PERCENT,45.37028,-81.58389
201705001,2018-02-28 15:06:00,CCGS LIMNOS,GEORGIAN BAY,2,455445,-813545,42,20.00,2017-05-21 14:33:00,1048,12.00,.00,0.10000000,,0,89.900000,D10-PYR,D10 PYRENE,PERCENT,45.91250,-81.59583
201705001,2018-02-28 15:06:00,CCGS LIMNOS,GEORGIAN BAY,4,455158,-810004,27,16.00,2017-05-21 18:42:00,1048,3.00,.00,0.10000000,,0,70.100000,D10-PYR,D10 PYRENE,PERCENT,45.86611,-81.00111
201705001,2018-02-28 15:06:00,CCGS LIMNOS,GEORGIAN BAY,7,453504,-810454,29,41.90,2017-05-21 23:25:00,1048,12.00,.00,0.10000000,,0,81.800000,D10-PYR,D10 PYRENE,PERCENT,45.58444,-81.08167
201705001,2018-02-28 15:06:00,CCGS LIMNOS,GEORGIAN BAY,9,451442,-805229,17,77.50,2017-05-22 04:32:00,1048,12.00,.00,0.10000000,,0,90.400000,D10-PYR,D10 PYRENE,PERCENT,45.24500,-80.87472
201705001,2018-02-28 15:06:00,CCGS LIMNOS,GEORGIAN BAY,14,445219,-795801,9,28.89,2017-05-23 02:10:00,1048,12.00,.00,0.10000000,,0,89.000000,D10-PYR,D10 PYRENE,PERCENT,44.87194,-79.96694
201705001,2018-02-28 15:06:00,CCGS LIMNOS,GEORGIAN BAY,16,443847,-801004,4,58.00,2017-05-23 06:33:00,1048,12.00,.00,0.10000000,,0,106.000000,D10-PYR,D10 PYRENE,PERCENT,44.64639,-80.16778
201705001,2018-02-28 15:06:00,CCGS LIMNOS,GEORGIAN BAY,19,444306,-805120,1,89.30,2017-05-23 13:17:00,1048,12.00,.00,0.10000000,,0,87.000000,D10-PYR,D10 PYRENE,PERCENT,44.71833,-80.85556
201705001,2018-02-28 15:06:00,CCGS LIMNOS,GEORGIAN BAY,24,452213,-813502,33,53.80,2017-05-24 04:03:00,1048,12.00,.00,0.10000000,,0,84.600000,D10-PYR,D10 PYRENE,PERCENT,45.37028,-81.58389
201705001,2018-02-28 15:06:00,CCGS LIMNOS,GEORGIAN BAY,20,445513,-803624,11,61.50,2017-05-23 17:16:00,1178,998.00,.00,0.10000000,<,0,.100000,ALKCACO3,"TOTAL ALKALINITY, FILTERED",MG CACO3/L,44.92028,-80.60667
201705002,2018-02-26 13:41:00,CCGS LIMNOS,GEORGIAN BAY,1,453140,-814010,35,35.29,2017-09-13 15:45:00,1178,1.00,.00,0.10000000,,0,75.300000,ALKCACO3,"TOTAL ALKALINITY, FILTERED",MG CACO3/L,45.52778,-81.66944
201705002,2018-02-26 13:41:00,CCGS LIMNOS,GEORGIAN BAY,2,452212,-813508,33,54.52,2017-09-13 17:29:00,1178,1.00,.00,0.10000000,,0,73.000000,ALKCACO3,"TOTAL ALKALINITY, FILTERED",MG CACO3/L,45.37000,-81.58556
201705002,2018-02-26 13:41:00,CCGS LIMNOS,GEORGIAN BAY,2,452212,-813508,33,54.52,2017-09-13 17:29:00,1178,12.00,.00,0.10000000,,0,74.300000,ALKCACO3,"TOTAL ALKALINITY, FILTERED",MG CACO3/L,45.37000,-81.58556
201705002,2018-02-26 13:41:00,CCGS LIMNOS,GEORGIAN BAY,2,452212,-813508,33,54.52,2017-09-13 17:29:00,1178,20.00,.00,0.10000000,,0,75.100000,ALKCACO3,"TOTAL ALKALINITY, FILTERED",MG CACO3/L,45.37000,-81.58556
201705002,2018-02-26 13:41:00,CCGS LIMNOS,GEORGIAN BAY,2,452212,-813508,33,54.52,2017-09-13 17:29:00,1178,30.00,.00,0.10000000,,0,75.900000,ALKCACO3,"TOTAL ALKALINITY, FILTERED",MG CACO3/L,45.37000,-81.58556
201705002,2018-02-26 13:41:00,CCGS LIMNOS,GEORGIAN BAY,2,452212,-813508,33,54.52,2017-09-13 17:29:00,1178,44.00,.00,0.10000000,,0,75.900000,ALKCACO3,"TOTAL ALKALINITY, FILTERED",MG CACO3/L,45.37000,-81.58556
201705002,2018-02-26 13:41:00,CCGS LIMNOS,GEORGIAN BAY,2,452212,-813508,33,54.52,2017-09-13 17:29:00,1178,52.00,.00,0.10000000,,0,76.000000,ALKCACO3,"TOTAL ALKALINITY, FILTERED",MG CACO3/L,45.37000,-81.58556
201705002,2018-02-26 13:41:00,CCGS LIMNOS,GEORGIAN BAY,3,451419,-812628,31,64.75,2017-09-13 19:30:00,1178,1.00,.00,0.10000000,,0,75.700000,ALKCACO3,"TOTAL ALKALINITY, FILTERED",MG CACO3/L,45.23861,-81.44111
201705002,2018-02-26 13:41:00,CCGS LIMNOS,GEORGIAN BAY,4,452154,-811124,21,86.36,2017-09-13 22:54:00,1178,1.00,.00,0.10000000,,0,75.000000,ALKCACO3,"TOTAL ALKALINITY, FILTERED",MG CACO3/L,45.36500,-81.19000
201705002,2018-02-26 13:41:00,CCGS LIMNOS,GEORGIAN BAY,5,451438,-805228,17,77.87,2017-09-14 01:23:00,1178,1.00,.00,0.10000000,,0,72.300000,ALKCACO3,"TOTAL ALKALINITY, FILTERED",MG CACO3/L,45.24389,-80.87444
201705002,2018-02-26 13:41:00,CCGS LIMNOS,GEORGIAN BAY,5,451438,-805228,17,77.87,2017-09-14 01:23:00,1178,1.00,.00,0.10000000,,1,72.000000,ALKCACO3,"TOTAL ALKALINITY, FILTERED",MG CACO3/L,45.24389,-80.87444
201705002,2018-02-26 13:41:00,CCGS LIMNOS,GEORGIAN BAY,5,451438,-805228,17,77.87,2017-09-14 01:23:00,1178,20.00,.00,0.10000000,,0,72.200000,ALKCACO3,"TOTAL ALKALINITY, FILTERED",MG CACO3/L,45.24389,-80.87444
201705002,2018-02-26 13:41:00,CCGS LIMNOS,GEORGIAN BAY,5,451438,-805228,17,77.87,2017-09-14 01:23:00,1178,27.00,.00,0.10000000,,0,75.400000,ALKCACO3,"TOTAL ALKALINITY, FILTERED",MG CACO3/L,45.24389,-80.87444
201705002,2018-02-26 13:41:00,CCGS LIMNOS,GEORGIAN BAY,5,451438,-805228,17,77.87,2017-09-14 01:23:00,1178,41.00,.00,0.10000000,,0,75.900000,ALKCACO3,"TOTAL ALKALINITY, FILTERED",MG CACO3/L,45.24389,-80.87444
201705002,2018-02-26 13:41:00,CCGS LIMNOS,GEORGIAN BAY,5,451438,-805228,17,77.87,2017-09-14 01:23:00,1178,68.00,.00,0.10000000,,0,75.400000,ALKCACO3,"TOTAL ALKALINITY, FILTERED",MG CACO3/L,45.24389,-80.87444
201705002,2018-02-26 13:41:00,CCGS LIMNOS,GEORGIAN BAY,5,451438,-805228,17,77.87,2017-09-14 01:23:00,1178,76.00,.00,0.10000000,,0,75.300000,ALKCACO3,"TOTAL ALKALINITY, FILTERED",MG CACO3/L,45.24389,-80.87444
201705002,2018-02-26 13:41:00,CCGS LIMNOS,GEORGIAN BAY,6,450401,-811513,19,53.73,2017-09-14 04:33:00,1178,1.00,.00,0.10000000,,0,75.200000,ALKCACO3,"TOTAL ALKALINITY, FILTERED",MG CACO3/L,45.06694,-81.25361
201705002,2018-02-26 13:41:00,CCGS LIMNOS,GEORGIAN BAY,7,445512,-805230,12,88.49,2017-09-14 07:17:00,1178,1.00,.00,0.10000000,,0,76.200000,ALKCACO3,"TOTAL ALKALINITY, FILTERED",MG CACO3/L,44.92000,-80.87500
201705002,2018-02-26 13:41:00,CCGS LIMNOS,GEORGIAN BAY,8,445514,-803622,11,62.16,2017-09-14 09:18:00,1178,1.00,.00,0.10000000,,0,76.900000,ALKCACO3,"TOTAL ALKALINITY, FILTERED",MG CACO3/L,44.92056,-80.60611
201705002,2018-02-26 13:41:00,CCGS LIMNOS,GEORGIAN BAY,9,444303,-805122,1,89.7,2017-09-14 11:41:00,1178,1.00,.00,0.10000000,,0,76.100000,ALKCACO3,"TOTAL ALKALINITY, FILTERED",MG CACO3/L,44.71750,-80.85611
201705002,2018-02-26 13:41:00,CCGS LIMNOS,GEORGIAN BAY,9,444303,-805122,1,89.7,2017-09-14 11:41:00,1178,19.00,.00,0.10000000,,0,76.400000,ALKCACO3,"TOTAL ALKALINITY, FILTERED",MG CACO3/L,44.71750,-80.85611
201705002,2018-02-26 13:41:00,CCGS LIMNOS,GEORGIAN BAY,9,444303,-805122,1,89.7,2017-09-14 11:41:00,1178,25.00,.00,0.10000000,,0,76.100000,ALKCACO3,"TOTAL ALKALINITY, FILTERED",MG CACO3/L,44.71750,-80.85611
201705002,2018-02-26 13:41:00,CCGS LIMNOS,GEORGIAN BAY,9,444303,-805122,1,89.7,2017-09-14 11:41:00,1178,34.00,.00,0.10000000,,0,76.000000,ALKCACO3,"TOTAL ALKALINITY, FILTERED",MG CACO3/L,44.71750,-80.85611
201705002,2018-02-26 13:41:00,CCGS LIMNOS,GEORGIAN BAY,9,444303,-805122,1,89.7,2017-09-14 11:41:00,1178,80.00,.00,0.10000000,,0,76.100000,ALKCACO3,"TOTAL ALKALINITY, FILTERED",MG CACO3/L,44.71750,-80.85611
201705002,2018-02-26 13:41:00,CCGS LIMNOS,GEORGIAN BAY,9,444303,-805122,1,89.7,2017-09-14 11:41:00,1178,88.00,.00,0.10000000,,0,75.900000,ALKCACO3,"TOTAL ALKALINITY, FILTERED",MG CACO3/L,44.71750,-80.85611
201705002,2018-02-26 13:41:00,CCGS LIMNOS,GEORGIAN BAY,10,444329,-803701,3,34.36,2017-09-14 13:46:00,1178,1.00,.00,0.10000000,,0,75.800000,ALKCACO3,"TOTAL ALKALINITY, FILTERED",MG CACO3/L,44.72472,-80.61694
201705002,2018-02-26 13:41:00,CCGS LIMNOS,GEORGIAN BAY,10,444329,-803701,3,34.36,2017-09-14 13:46:00,1178,1.00,.00,0.10000000,,1,76.200000,ALKCACO3,"TOTAL ALKALINITY, FILTERED",MG CACO3/L,44.72472,-80.61694
201705002,2018-02-26 13:41:00,CCGS LIMNOS,GEORGIAN BAY,10,444329,-803701,3,34.36,2017-09-14 13:46:00,1178,998.00,.00,0.10000000,<,0,.100000,ALKCACO3,"TOTAL ALKALINITY, FILTERED",MG CACO3/L,44.72472,-80.61694
201705002,2018-02-26 13:41:00,CCGS LIMNOS,GEORGIAN BAY,10,444329,-803701,3,34.36,2017-09-14 13:46:00,1178,999.00,.00,0.10000000,<,0,.100000,ALKCACO3,"TOTAL ALKALINITY, FILTERED",MG CACO3/L,44.72472,-80.61694
201705002,2018-02-26 13:41:00,CCGS LIMNOS,GEORGIAN BAY,11,444411,-802606,6,87.05,2017-09-14 15:18:00,1178,1.00,.00,0.10000000,,0,76.600000,ALKCACO3,"TOTAL ALKALINITY, FILTERED",MG CACO3/L,44.73639,-80.43500
201705002,2018-02-26 13:41:00,CCGS LIMNOS,GEORGIAN BAY,12,444746,-801436,5,58.89,2017-09-14 17:16:00,1178,1.00,.00,0.10000000,,0,76.600000,ALKCACO3,"TOTAL ALKALINITY, FILTERED",MG CACO3/L,44.79611,-80.24333
201705002,2018-02-26 13:41:00,CCGS LIMNOS,GEORGIAN BAY,13,443844,-801002,4,57.57,2017-09-14 19:38:00,1178,1.00,.00,0.10000000,,0,76.800000,ALKCACO3,"TOTAL ALKALINITY, FILTERED",MG CACO3/L,44.64556,-80.16722
201705002,2018-02-26 13:41:00,CCGS LIMNOS,GEORGIAN BAY,13,443844,-801002,4,57.57,2017-09-14 19:38:00,1178,20.00,.00,0.10000000,,0,76.400000,ALKCACO3,"TOTAL ALKALINITY, FILTERED",MG CACO3/L,44.64556,-80.16722
201705002,2018-02-26 13:41:00,CCGS LIMNOS,GEORGIAN BAY,13,443844,-801002,4,57.57,2017-09-14 19:38:00,1178,27.00,.00,0.10000000,,0,76.900000,ALKCACO3,"TOTAL ALKALINITY, FILTERED",MG CACO3/L,44.64556,-80.16722
201705002,2018-02-26 13:41:00,CCGS LIMNOS,GEORGIAN BAY,13,443844,-801002,4,57.57,2017-09-14 19:38:00,1178,41.00,.00,0.10000000,,0,78.000000,ALKCACO3,"TOTAL ALKALINITY, FILTERED",MG CACO3/L,44.64556,-80.16722
201705002,2018-02-26 13:41:00,CCGS LIMNOS,GEORGIAN BAY,13,443844,-801002,4,57.57,2017-09-14 19:38:00,1178,47.00,.00,0.10000000,,0,78.100000,ALKCACO3,"TOTAL ALKALINITY, FILTERED",MG CACO3/L,44.64556,-80.16722
201705002,2018-02-26 13:41:00,CCGS LIMNOS,GEORGIAN BAY,13,443844,-801002,4,57.57,2017-09-14 19:38:00,1178,55.00,.00,0.10000000,,0,77.600000,ALKCACO3,"TOTAL ALKALINITY, FILTERED",MG CACO3/L,44.64556,-80.16722
201705002,2018-02-26 13:41:00,CCGS LIMNOS,GEORGIAN BAY,14,445216,-795809,9,30.11,2017-09-15 00:22:00,1178,1.00,.00,0.10000000,,0,70.600000,ALKCACO3,"TOTAL ALKALINITY, FILTERED",MG CACO3/L,44.87111,-79.96917
201705002,2018-02-26 13:41:00,CCGS LIMNOS,GEORGIAN BAY,14,445216,-795809,9,30.11,2017-09-15 00:22:00,1178,20.00,.00,0.10000000,,0,72.600000,ALKCACO3,"TOTAL ALKALINITY, FILTERED",MG CACO3/L,44.87111,-79.96917
201705002,2018-02-26 13:41:00,CCGS LIMNOS,GEORGIAN BAY,14,445216,-795809,9,30.11,2017-09-15 00:22:00,1178,28.00,.00,0.10000000,,0,75.000000,ALKCACO3,"TOTAL ALKALINITY, FILTERED",MG CACO3/L,44.87111,-79.96917
201705002,2018-02-26 13:41:00,CCGS LIMNOS,GEORGIAN BAY,15,445709,-800856,8,50.79,2017-09-15 02:47:00,1178,1.00,.00,0.10000000,,0,75.700000,ALKCACO3,"TOTAL ALKALINITY, FILTERED",MG CACO3/L,44.95250,-80.14889
201705002,2018-02-26 13:41:00,CCGS LIMNOS,GEORGIAN BAY,15,445709,-800856,8,50.79,2017-09-15 02:47:00,1178,1.00,.00,0.10000000,,1,75.900000,ALKCACO3,"TOTAL ALKALINITY, FILTERED",MG CACO3/L,44.95250,-80.14889
201705002,2018-02-26 13:41:00,CCGS LIMNOS,GEORGIAN BAY,16,450959,-801749,15,46.62,2017-09-15 05:51:00,1178,1.00,.00,0.10000000,,0,75.400000,ALKCACO3,"TOTAL ALKALINITY, FILTERED",MG CACO3/L,45.16639,-80.29694
201705002,2018-02-26 13:41:00,CCGS LIMNOS,GEORGIAN BAY,17,452112,-802908,16,19.01,2017-09-15 09:06:00,1178,1.00,.00,0.10000000,,0,75.700000,ALKCACO3,"TOTAL ALKALINITY, FILTERED",MG CACO3/L,45.35333,-80.48556
201705002,2018-02-26 13:41:00,CCGS LIMNOS,GEORGIAN BAY,18,451930,-800658,122,94.89,2017-09-15 12:02:00,1178,1.00,.00,0.10000000,,0,48.600000,ALKCACO3,"TOTAL ALKALINITY, FILTERED",MG CACO3/L,45.32500,-80.11611
201705002,2018-02-26 13:41:00,CCGS LIMNOS,GEORGIAN BAY,19,453456,-810459,29,42.78,2017-09-16 15:55:00,1178,1.00,.00,0.10000000,,0,74.900000,ALKCACO3,"TOTAL ALKALINITY, FILTERED",MG CACO3/L,45.58222,-81.08306
201705002,2018-02-26 13:41:00,CCGS LIMNOS,GEORGIAN BAY,19,453456,-810459,29,42.78,2017-09-16 15:55:00,1178,16.00,.00,0.10000000,,0,74.700000,ALKCACO3,"TOTAL ALKALINITY, FILTERED",MG CACO3/L,45.58222,-81.08306
201705002,2018-02-26 13:41:00,CCGS LIMNOS,GEORGIAN BAY,19,453456,-810459,29,42.78,2017-09-16 15:55:00,1178,21.00,.00,0.10000000,,0,75.700000,ALKCACO3,"TOTAL ALKALINITY, FILTERED",MG CACO3/L,45.58222,-81.08306
201705002,2018-02-26 13:41:00,CCGS LIMNOS,GEORGIAN BAY,19,453456,-810459,29,42.78,2017-09-16 15:55:00,1178,26.00,.00,0.10000000,,0,75.200000,ALKCACO3,"TOTAL ALKALINITY, FILTERED",MG CACO3/L,45.58222,-81.08306
201705002,2018-02-26 13:41:00,CCGS LIMNOS,GEORGIAN BAY,19,453456,-810459,29,42.78,2017-09-16 15:55:00,1178,32.00,.00,0.10000000,,0,75.100000,ALKCACO3,"TOTAL ALKALINITY, FILTERED",MG CACO3/L,45.58222,-81.08306
201705002,2018-02-26 13:41:00,CCGS LIMNOS,GEORGIAN BAY,19,453456,-810459,29,42.78,2017-09-16 15:55:00,1178,40.00,.00,0.10000000,,0,75.300000,ALKCACO3,"TOTAL ALKALINITY, FILTERED",MG CACO3/L,45.58222,-81.08306
201705002,2018-02-26 13:41:00,CCGS LIMNOS,GEORGIAN BAY,20,454042,-805022,24,40.01,2017-09-16 18:12:00,1178,1.00,.00,0.10000000,,0,72.700000,ALKCACO3,"TOTAL ALKALINITY, FILTERED",MG CACO3/L,45.67833,-80.83944
201705002,2018-02-26 13:41:00,CCGS LIMNOS,GEORGIAN BAY,20,454042,-805022,24,40.01,2017-09-16 18:12:00,1178,1.00,.00,0.10000000,,1,72.900000,ALKCACO3,"TOTAL ALKALINITY, FILTERED",MG CACO3/L,45.67833,-80.83944
201705002,2018-02-26 13:41:00,CCGS LIMNOS,GEORGIAN BAY,20,454042,-805022,24,40.01,2017-09-16 18:12:00,1178,998.00,.00,0.10000000,<,0,.100000,ALKCACO3,"TOTAL ALKALINITY, FILTERED",MG CACO3/L,45.67833,-80.83944
201705002,2018-02-26 13:41:00,CCGS LIMNOS,GEORGIAN BAY,20,454042,-805022,24,40.01,2017-09-16 18:12:00,1178,999.00,.00,0.10000000,<,0,.100000,ALKCACO3,"TOTAL ALKALINITY, FILTERED",MG CACO3/L,45.67833,-80.83944
201705002,2018-02-26 13:41:00,CCGS LIMNOS,GEORGIAN BAY,21,455000,-805357,26,20.11,2017-09-16 20:13:00,1178,1.00,.00,0.10000000,,0,69.400000,ALKCACO3,"TOTAL ALKALINITY, FILTERED",MG CACO3/L,45.83333,-80.89917
201705002,2018-02-26 13:41:00,CCGS LIMNOS,GEORGIAN BAY,22,455156,-805957,27,17.72,2017-09-16 21:23:00,1178,1.00,.00,0.10000000,,0,72.100000,ALKCACO3,"TOTAL ALKALINITY, FILTERED",MG CACO3/L,45.86556,-80.99917
201705002,2018-02-26 13:41:00,CCGS LIMNOS,GEORGIAN BAY,22,455156,-805957,27,17.72,2017-09-16 21:23:00,1178,8.00,.00,0.10000000,,0,65.900000,ALKCACO3,"TOTAL ALKALINITY, FILTERED",MG CACO3/L,45.86556,-80.99917
201705002,2018-02-26 13:41:00,CCGS LIMNOS,GEORGIAN BAY,22,455156,-805957,27,17.72,2017-09-16 21:23:00,1178,15.00,.00,0.10000000,,0,64.100000,ALKCACO3,"TOTAL ALKALINITY, FILTERED",MG CACO3/L,45.86556,-80.99917
201705002,2018-02-26 13:41:00,CCGS LIMNOS,GEORGIAN BAY,23,455223,-811531,39,28.28,2017-09-16 23:25:00,1178,1.00,.00,0.10000000,,0,71.900000,ALKCACO3,"TOTAL ALKALINITY, FILTERED",MG CACO3/L,45.87306,-81.25861
201705002,2018-02-26 13:41:00,CCGS LIMNOS,GEORGIAN BAY,24,454230,-813710,36,52.89,2017-09-17 02:19:00,1178,1.00,.00,0.10000000,,0,73.200000,ALKCACO3,"TOTAL ALKALINITY, FILTERED",MG CACO3/L,45.70833,-81.61944
201705002,2018-02-26 13:41:00,CCGS LIMNOS,GEORGIAN BAY,25,455445,-813539,42,29.5,2017-09-17 05:24:00,1178,1.00,.00,0.10000000,,0,72.600000,ALKCACO3,"TOTAL ALKALINITY, FILTERED",MG CACO3/L,45.91250,-81.59417
201705002,2018-02-26 13:41:00,CCGS LIMNOS,GEORGIAN BAY,25,455445,-813539,42,29.5,2017-09-17 05:24:00,1178,1.00,.00,0.10000000,,1,72.300000,ALKCACO3,"TOTAL ALKALINITY, FILTERED",MG CACO3/L,45.91250,-81.59417
201705002,2018-02-26 13:41:00,CCGS LIMNOS,GEORGIAN BAY,25,455445,-813539,42,29.5,2017-09-17 05:24:00,1178,19.00,.00,0.10000000,,0,73.200000,ALKCACO3,"TOTAL ALKALINITY, FILTERED",MG CACO3/L,45.91250,-81.59417
201705002,2018-02-26 13:41:00,CCGS LIMNOS,GEORGIAN BAY,25,455445,-813539,42,29.5,2017-09-17 05:24:00,1178,22.00,.00,0.10000000,,0,73.900000,ALKCACO3,"TOTAL ALKALINITY, FILTERED",MG CACO3/L,45.91250,-81.59417
201705002,2018-02-26 13:41:00,CCGS LIMNOS,GEORGIAN BAY,26,454546,-814745,46,19.2,2017-09-17 09:00:00,1178,1.00,.00,0.10000000,,0,73.700000,ALKCACO3,"TOTAL ALKALINITY, FILTERED",MG CACO3/L,45.76278,-81.79583
201705001,2018-02-28 15:06:00,CCGS LIMNOS,GEORGIAN BAY,1,454543,-814744,46,18.30,2017-05-21 12:28:00,1434,1.00,.00,0.01000000,,0,.170000,TURB,TURBIDITY,NTU,45.76194,-81.79556
201705001,2018-02-28 15:06:00,CCGS LIMNOS,GEORGIAN BAY,2,455445,-813545,42,20.00,2017-05-21 14:33:00,1434,1.00,.00,0.01000000,,0,.190000,TURB,TURBIDITY,NTU,45.91250,-81.59583
201705001,2018-02-28 15:06:00,CCGS LIMNOS,GEORGIAN BAY,3,455226,-811533,39,27.50,2017-05-21 17:07:00,1434,1.00,.00,0.01000000,,0,.110000,TURB,TURBIDITY,NTU,45.87389,-81.25917
201705001,2018-02-28 15:06:00,CCGS LIMNOS,GEORGIAN BAY,4,455158,-810004,27,16.00,2017-05-21 18:42:00,1434,1.00,.00,0.01000000,,0,.150000,TURB,TURBIDITY,NTU,45.86611,-81.00111
201705001,2018-02-28 15:06:00,CCGS LIMNOS,GEORGIAN BAY,5,454957,-805402,26,20.52,2017-05-21 20:08:00,1434,1.00,.00,0.01000000,,0,.110000,TURB,TURBIDITY,NTU,45.83250,-80.90056
201705001,2018-02-28 15:06:00,CCGS LIMNOS,GEORGIAN BAY,5,454957,-805402,26,20.52,2017-05-21 20:08:00,1434,1.00,.00,0.01000000,,1,.110000,TURB,TURBIDITY,NTU,45.83250,-80.90056
201705001,2018-02-28 15:06:00,CCGS LIMNOS,GEORGIAN BAY,6,454045,-805024,24,39.70,2017-05-21 21:46:00,1434,1.00,.00,0.01000000,,0,.090000,TURB,TURBIDITY,NTU,45.67917,-80.84000
201705001,2018-02-28 15:06:00,CCGS LIMNOS,GEORGIAN BAY,7,453504,-810454,29,41.90,2017-05-21 23:25:00,1434,1.00,.00,0.01000000,,0,.070000,TURB,TURBIDITY,NTU,45.58444,-81.08167
201705001,2018-02-28 15:06:00,CCGS LIMNOS,GEORGIAN BAY,8,452154,-811120,21,86.27,2017-05-22 02:06:00,1434,1.00,.00,0.01000000,,0,.100000,TURB,TURBIDITY,NTU,45.36500,-81.18889
201705001,2018-02-28 15:06:00,CCGS LIMNOS,GEORGIAN BAY,9,451442,-805229,17,77.50,2017-05-22 04:32:00,1434,1.00,.00,0.01000000,,0,.080000,TURB,TURBIDITY,NTU,45.24500,-80.87472
201705001,2018-02-28 15:06:00,CCGS LIMNOS,GEORGIAN BAY,10,452113,-802912,16,18.38,2017-05-22 14:25:00,1434,1.00,.00,0.01000000,,0,.080000,TURB,TURBIDITY,NTU,45.35361,-80.48667
201705001,2018-02-28 15:06:00,CCGS LIMNOS,GEORGIAN BAY,10,452113,-802912,16,18.38,2017-05-22 14:25:00,1434,1.00,.00,0.01000000,,1,.090000,TURB,TURBIDITY,NTU,45.35361,-80.48667
201705001,2018-02-28 15:06:00,CCGS LIMNOS,GEORGIAN BAY,10,452113,-802912,16,18.38,2017-05-22 14:25:00,1434,999.00,.00,0.01000000,,0,.050000,TURB,TURBIDITY,NTU,45.35361,-80.48667
201705001,2018-02-28 15:06:00,CCGS LIMNOS,GEORGIAN BAY,11,451928,-800703,122,94.00,2017-05-22 16:41:00,1434,1.00,.00,0.01000000,,0,.260000,TURB,TURBIDITY,NTU,45.32444,-80.11750
201705001,2018-02-28 15:06:00,CCGS LIMNOS,GEORGIAN BAY,12,451001,-801748,15,44.50,2017-05-22 22:41:00,1434,1.00,.00,0.01000000,,0,.070000,TURB,TURBIDITY,NTU,45.16694,-80.29667
201705001,2018-02-28 15:06:00,CCGS LIMNOS,GEORGIAN BAY,13,445711,-800859,8,50.57,2017-05-23 00:40:00,1434,1.00,.00,0.01000000,,0,.100000,TURB,TURBIDITY,NTU,44.95306,-80.14972
201705001,2018-02-28 15:06:00,CCGS LIMNOS,GEORGIAN BAY,14,445219,-795801,9,28.89,2017-05-23 02:10:00,1434,1.00,.00,0.01000000,,0,.090000,TURB,TURBIDITY,NTU,44.87194,-79.96694
201705001,2018-02-28 15:06:00,CCGS LIMNOS,GEORGIAN BAY,15,444749,-801440,5,57.50,2017-05-23 05:03:00,1434,1.00,.00,0.01000000,,0,.120000,TURB,TURBIDITY,NTU,44.79694,-80.24444
201705001,2018-02-28 15:06:00,CCGS LIMNOS,GEORGIAN BAY,15,444749,-801440,5,57.50,2017-05-23 05:03:00,1434,1.00,.00,0.01000000,,1,.110000,TURB,TURBIDITY,NTU,44.79694,-80.24444
201705001,2018-02-28 15:06:00,CCGS LIMNOS,GEORGIAN BAY,16,443847,-801004,4,58.00,2017-05-23 06:33:00,1434,1.00,.00,0.01000000,,0,.070000,TURB,TURBIDITY,NTU,44.64639,-80.16778
201705001,2018-02-28 15:06:00,CCGS LIMNOS,GEORGIAN BAY,17,444414,-802604,6,85.93,2017-05-23 09:11:00,1434,1.00,.00,0.01000000,,0,.130000,TURB,TURBIDITY,NTU,44.73722,-80.43444
201705001,2018-02-28 15:06:00,CCGS LIMNOS,GEORGIAN BAY,18,444330,-803656,3,34.05,2017-05-23 10:38:00,1434,1.00,.00,0.01000000,,0,.060000,TURB,TURBIDITY,NTU,44.72500,-80.61556
201705001,2018-02-28 15:06:00,CCGS LIMNOS,GEORGIAN BAY,19,444306,-805120,1,89.30,2017-05-23 13:17:00,1434,1.00,.00,0.01000000,,0,.100000,TURB,TURBIDITY,NTU,44.71833,-80.85556
201705001,2018-02-28 15:06:00,CCGS LIMNOS,GEORGIAN BAY,20,445513,-803624,11,61.50,2017-05-23 17:16:00,1434,1.00,.00,0.01000000,,0,.070000,TURB,TURBIDITY,NTU,44.92028,-80.60667
201705001,2018-02-28 15:06:00,CCGS LIMNOS,GEORGIAN BAY,20,445513,-803624,11,61.50,2017-05-23 17:16:00,1434,1.00,.00,0.01000000,,1,.070000,TURB,TURBIDITY,NTU,44.92028,-80.60667
201705001,2018-02-28 15:06:00,CCGS LIMNOS,GEORGIAN BAY,20,445513,-803624,11,61.50,2017-05-23 17:16:00,1434,999.00,.00,0.01000000,,0,.030000,TURB,TURBIDITY,NTU,44.92028,-80.60667
201705001,2018-02-28 15:06:00,CCGS LIMNOS,GEORGIAN BAY,21,445512,-805224,12,87.90,2017-05-23 19:27:00,1434,1.00,.00,0.01000000,,0,.080000,TURB,TURBIDITY,NTU,44.92000,-80.87333
201705001,2018-02-28 15:06:00,CCGS LIMNOS,GEORGIAN BAY,22,450359,-811508,19,53.41,2017-05-23 22:43:00,1434,1.00,.00,0.01000000,,0,.090000,TURB,TURBIDITY,NTU,45.06639,-81.25222
201705001,2018-02-28 15:06:00,CCGS LIMNOS,GEORGIAN BAY,23,451421,-812625,31,71.68,2017-05-24 02:35:00,1434,1.00,.00,0.01000000,,0,.080000,TURB,TURBIDITY,NTU,45.23917,-81.44028
201705001,2018-02-28 15:06:00,CCGS LIMNOS,GEORGIAN BAY,24,452213,-813502,33,53.80,2017-05-24 04:03:00,1434,1.00,.00,0.01000000,,0,.110000,TURB,TURBIDITY,NTU,45.37028,-81.58389
201705002,2018-02-26 13:41:00,CCGS LIMNOS,GEORGIAN BAY,1,453140,-814010,35,35.29,2017-09-13 15:45:00,1434,1.00,.00,0.01000000,,0,.100000,TURB,TURBIDITY,NTU,45.52778,-81.66944
201705002,2018-02-26 13:41:00,CCGS LIMNOS,GEORGIAN BAY,2,452212,-813508,33,54.52,2017-09-13 17:29:00,1434,1.00,.00,0.01000000,,0,.100000,TURB,TURBIDITY,NTU,45.37000,-81.58556
201705002,2018-02-26 13:41:00,CCGS LIMNOS,GEORGIAN BAY,3,451419,-812628,31,64.75,2017-09-13 19:30:00,1434,1.00,.00,0.01000000,,0,.100000,TURB,TURBIDITY,NTU,45.23861,-81.44111
201705002,2018-02-26 13:41:00,CCGS LIMNOS,GEORGIAN BAY,4,452154,-811124,21,86.36,2017-09-13 22:54:00,1434,1.00,.00,0.01000000,,0,.100000,TURB,TURBIDITY,NTU,45.36500,-81.19000
201705002,2018-02-26 13:41:00,CCGS LIMNOS,GEORGIAN BAY,5,451438,-805228,17,77.87,2017-09-14 01:23:00,1434,1.00,.00,0.01000000,,0,.140000,TURB,TURBIDITY,NTU,45.24389,-80.87444
201705002,2018-02-26 13:41:00,CCGS LIMNOS,GEORGIAN BAY,5,451438,-805228,17,77.87,2017-09-14 01:23:00,1434,1.00,.00,0.01000000,,1,.130000,TURB,TURBIDITY,NTU,45.24389,-80.87444
201705002,2018-02-26 13:41:00,CCGS LIMNOS,GEORGIAN BAY,6,450401,-811513,19,53.73,2017-09-14 04:33:00,1434,1.00,.00,0.01000000,,0,.100000,TURB,TURBIDITY,NTU,45.06694,-81.25361
201705002,2018-02-26 13:41:00,CCGS LIMNOS,GEORGIAN BAY,7,445512,-805230,12,88.49,2017-09-14 07:17:00,1434,1.00,.00,0.01000000,,0,.100000,TURB,TURBIDITY,NTU,44.92000,-80.87500
201705002,2018-02-26 13:41:00,CCGS LIMNOS,GEORGIAN BAY,8,445514,-803622,11,62.16,2017-09-14 09:18:00,1434,1.00,.00,0.01000000,,0,.110000,TURB,TURBIDITY,NTU,44.92056,-80.60611
201705002,2018-02-26 13:41:00,CCGS LIMNOS,GEORGIAN BAY,9,444303,-805122,1,89.7,2017-09-14 11:41:00,1434,1.00,.00,0.01000000,,0,.100000,TURB,TURBIDITY,NTU,44.71750,-80.85611
201705002,2018-02-26 13:41:00,CCGS LIMNOS,GEORGIAN BAY,10,444329,-803701,3,34.36,2017-09-14 13:46:00,1434,1.00,.00,0.01000000,,0,.100000,TURB,TURBIDITY,NTU,44.72472,-80.61694
201705002,2018-02-26 13:41:00,CCGS LIMNOS,GEORGIAN BAY,10,444329,-803701,3,34.36,2017-09-14 13:46:00,1434,1.00,.00,0.01000000,,1,.110000,TURB,TURBIDITY,NTU,44.72472,-80.61694
201705002,2018-02-26 13:41:00,CCGS LIMNOS,GEORGIAN BAY,10,444329,-803701,3,34.36,2017-09-14 13:46:00,1434,999.00,.00,0.01000000,,0,.050000,TURB,TURBIDITY,NTU,44.72472,-80.61694
201705002,2018-02-26 13:41:00,CCGS LIMNOS,GEORGIAN BAY,11,444411,-802606,6,87.05,2017-09-14 15:18:00,1434,1.00,.00,0.01000000,,0,.100000,TURB,TURBIDITY,NTU,44.73639,-80.43500
201705002,2018-02-26 13:41:00,CCGS LIMNOS,GEORGIAN BAY,12,444746,-801436,5,58.89,2017-09-14 17:16:00,1434,1.00,.00,0.01000000,,0,.100000,TURB,TURBIDITY,NTU,44.79611,-80.24333
201705002,2018-02-26 13:41:00,CCGS LIMNOS,GEORGIAN BAY,13,443844,-801002,4,57.57,2017-09-14 19:38:00,1434,1.00,.00,0.01000000,,0,.110000,TURB,TURBIDITY,NTU,44.64556,-80.16722
201705002,2018-02-26 13:41:00,CCGS LIMNOS,GEORGIAN BAY,14,445216,-795809,9,30.11,2017-09-15 00:22:00,1434,1.00,.00,0.01000000,,0,.170000,TURB,TURBIDITY,NTU,44.87111,-79.96917
201705002,2018-02-26 13:41:00,CCGS LIMNOS,GEORGIAN BAY,15,445709,-800856,8,50.79,2017-09-15 02:47:00,1434,1.00,.00,0.01000000,,0,.110000,TURB,TURBIDITY,NTU,44.95250,-80.14889
201705002,2018-02-26 13:41:00,CCGS LIMNOS,GEORGIAN BAY,15,445709,-800856,8,50.79,2017-09-15 02:47:00,1434,1.00,.00,0.01000000,,1,.120000,TURB,TURBIDITY,NTU,44.95250,-80.14889
201705002,2018-02-26 13:41:00,CCGS LIMNOS,GEORGIAN BAY,16,450959,-801749,15,46.62,2017-09-15 05:51:00,1434,1.00,.00,0.01000000,,0,.160000,TURB,TURBIDITY,NTU,45.16639,-80.29694
201705002,2018-02-26 13:41:00,CCGS LIMNOS,GEORGIAN BAY,17,452112,-802908,16,19.01,2017-09-15 09:06:00,1434,1.00,.00,0.01000000,,0,.130000,TURB,TURBIDITY,NTU,45.35333,-80.48556
201705002,2018-02-26 13:41:00,CCGS LIMNOS,GEORGIAN BAY,18,451930,-800658,122,94.89,2017-09-15 12:02:00,1434,1.00,.00,0.01000000,,0,.210000,TURB,TURBIDITY,NTU,45.32500,-80.11611
201705002,2018-02-26 13:41:00,CCGS LIMNOS,GEORGIAN BAY,19,453456,-810459,29,42.78,2017-09-16 15:55:00,1434,1.00,.00,0.01000000,,0,.180000,TURB,TURBIDITY,NTU,45.58222,-81.08306
201705002,2018-02-26 13:41:00,CCGS LIMNOS,GEORGIAN BAY,20,454042,-805022,24,40.01,2017-09-16 18:12:00,1434,1.00,.00,0.01000000,,0,.150000,TURB,TURBIDITY,NTU,45.67833,-80.83944
201705002,2018-02-26 13:41:00,CCGS LIMNOS,GEORGIAN BAY,20,454042,-805022,24,40.01,2017-09-16 18:12:00,1434,1.00,.00,0.01000000,,1,.140000,TURB,TURBIDITY,NTU,45.67833,-80.83944
201705002,2018-02-26 13:41:00,CCGS LIMNOS,GEORGIAN BAY,20,454042,-805022,24,40.01,2017-09-16 18:12:00,1434,999.00,.00,0.01000000,,0,.050000,TURB,TURBIDITY,NTU,45.67833,-80.83944
201705002,2018-02-26 13:41:00,CCGS LIMNOS,GEORGIAN BAY,21,455000,-805357,26,20.11,2017-09-16 20:13:00,1434,1.00,.00,0.01000000,,0,.160000,TURB,TURBIDITY,NTU,45.83333,-80.89917
201705002,2018-02-26 13:41:00,CCGS LIMNOS,GEORGIAN BAY,22,455156,-805957,27,17.72,2017-09-16 21:23:00,1434,1.00,.00,0.01000000,,0,.160000,TURB,TURBIDITY,NTU,45.86556,-80.99917
201705002,2018-02-26 13:41:00,CCGS LIMNOS,GEORGIAN BAY,23,455223,-811531,39,28.28,2017-09-16 23:25:00,1434,1.00,.00,0.01000000,,0,.140000,TURB,TURBIDITY,NTU,45.87306,-81.25861
201705002,2018-02-26 13:41:00,CCGS LIMNOS,GEORGIAN BAY,24,454230,-813710,36,52.89,2017-09-17 02:19:00,1434,1.00,.00,0.01000000,,0,.140000,TURB,TURBIDITY,NTU,45.70833,-81.61944
201705002,2018-02-26 13:41:00,CCGS LIMNOS,GEORGIAN BAY,25,455445,-813539,42,29.5,2017-09-17 05:24:00,1434,1.00,.00,0.01000000,,0,.190000,TURB,TURBIDITY,NTU,45.91250,-81.59417
201705002,2018-02-26 13:41:00,CCGS LIMNOS,GEORGIAN BAY,25,455445,-813539,42,29.5,2017-09-17 05:24:00,1434,1.00,.00,0.01000000,,1,.190000,TURB,TURBIDITY,NTU,45.91250,-81.59417
201705002,2018-02-26 13:41:00,CCGS LIMNOS,GEORGIAN BAY,26,454546,-814745,46,19.2,2017-09-17 09:00:00,1434,1.00,.00,0.01000000,,0,.460000,TURB,TURBIDITY,NTU,45.76278,-81.79583
201705001,2018-02-28 15:06:00,CCGS LIMNOS,GEORGIAN BAY,2,455445,-813545,42,20.00,2017-05-21 14:33:00,1565,3.00,.00,0.00100000,<,0,.001000,AG/T-MS,SILVER,UG/L,45.91250,-81.59583
201705001,2018-02-28 15:06:00,CCGS LIMNOS,GEORGIAN BAY,4,455158,-810004,27,16.00,2017-05-21 18:42:00,1565,3.00,.00,0.00100000,<,0,.001000,AG/T-MS,SILVER,UG/L,45.86611,-81.00111
201705001,2018-02-28 15:06:00,CCGS LIMNOS,GEORGIAN BAY,7,453504,-810454,29,41.90,2017-05-21 23:25:00,1565,3.00,.00,0.00100000,<,0,.001000,AG/T-MS,SILVER,UG/L,45.58444,-81.08167
201705001,2018-02-28 15:06:00,CCGS LIMNOS,GEORGIAN BAY,9,451442,-805229,17,77.50,2017-05-22 04:32:00,1565,3.00,.00,0.00100000,<,0,.001000,AG/T-MS,SILVER,UG/L,45.24500,-80.87472
201705001,2018-02-28 15:06:00,CCGS LIMNOS,GEORGIAN BAY,9,451442,-805229,17,77.50,2017-05-22 04:32:00,1565,3.00,.00,0.00100000,<,1,.001000,AG/T-MS,SILVER,UG/L,45.24500,-80.87472
201705001,2018-02-28 15:06:00,CCGS LIMNOS,GEORGIAN BAY,9,451442,-805229,17,77.50,2017-05-22 04:32:00,1565,998.00,.00,0.00100000,<,0,.001000,AG/T-MS,SILVER,UG/L,45.24500,-80.87472
201705001,2018-02-28 15:06:00,CCGS LIMNOS,GEORGIAN BAY,14,445219,-795801,9,28.89,2017-05-23 02:10:00,1565,3.00,.00,0.00100000,<,0,.001000,AG/T-MS,SILVER,UG/L,44.87194,-79.96694
201705001,2018-02-28 15:06:00,CCGS LIMNOS,GEORGIAN BAY,16,443847,-801004,4,58.00,2017-05-23 06:33:00,1565,3.00,.00,0.00100000,<,0,.001000,AG/T-MS,SILVER,UG/L,44.64639,-80.16778
201705001,2018-02-28 15:06:00,CCGS LIMNOS,GEORGIAN BAY,19,444306,-805120,1,89.30,2017-05-23 13:17:00,1565,3.00,.00,0.00100000,<,0,.001000,AG/T-MS,SILVER,UG/L,44.71833,-80.85556
201705001,2018-02-28 15:06:00,CCGS LIMNOS,GEORGIAN BAY,24,452213,-813502,33,53.80,2017-05-24 04:03:00,1565,3.00,.00,0.00100000,,0,.001000,AG/T-MS,SILVER,UG/L,45.37028,-81.58389
201705001,2018-02-28 15:06:00,CCGS LIMNOS,GEORGIAN BAY,2,455445,-813545,42,20.00,2017-05-21 14:33:00,1566,3.00,.00,0.50000000,,0,7.700000,AL/T-MS,ALUMINUM,UG/L,45.91250,-81.59583
201705001,2018-02-28 15:06:00,CCGS LIMNOS,GEORGIAN BAY,4,455158,-810004,27,16.00,2017-05-21 18:42:00,1566,3.00,.00,0.50000000,,0,24.000000,AL/T-MS,ALUMINUM,UG/L,45.86611,-81.00111
201705001,2018-02-28 15:06:00,CCGS LIMNOS,GEORGIAN BAY,7,453504,-810454,29,41.90,2017-05-21 23:25:00,1566,3.00,.00,0.50000000,,0,1.500000,AL/T-MS,ALUMINUM,UG/L,45.58444,-81.08167
201705001,2018-02-28 15:06:00,CCGS LIMNOS,GEORGIAN BAY,9,451442,-805229,17,77.50,2017-05-22 04:32:00,1566,3.00,.00,0.50000000,,0,1.300000,AL/T-MS,ALUMINUM,UG/L,45.24500,-80.87472
201705001,2018-02-28 15:06:00,CCGS LIMNOS,GEORGIAN BAY,9,451442,-805229,17,77.50,2017-05-22 04:32:00,1566,3.00,.00,0.50000000,,1,1.400000,AL/T-MS,ALUMINUM,UG/L,45.24500,-80.87472
201705001,2018-02-28 15:06:00,CCGS LIMNOS,GEORGIAN BAY,9,451442,-805229,17,77.50,2017-05-22 04:32:00,1566,998.00,.00,0.50000000,<,0,.500000,AL/T-MS,ALUMINUM,UG/L,45.24500,-80.87472
201705001,2018-02-28 15:06:00,CCGS LIMNOS,GEORGIAN BAY,14,445219,-795801,9,28.89,2017-05-23 02:10:00,1566,3.00,.00,0.50000000,,0,15.000000,AL/T-MS,ALUMINUM,UG/L,44.87194,-79.96694
201705001,2018-02-28 15:06:00,CCGS LIMNOS,GEORGIAN BAY,16,443847,-801004,4,58.00,2017-05-23 06:33:00,1566,3.00,.00,0.50000000,,0,3.000000,AL/T-MS,ALUMINUM,UG/L,44.64639,-80.16778
201705001,2018-02-28 15:06:00,CCGS LIMNOS,GEORGIAN BAY,19,444306,-805120,1,89.30,2017-05-23 13:17:00,1566,3.00,.00,0.50000000,,0,3.100000,AL/T-MS,ALUMINUM,UG/L,44.71833,-80.85556
201705001,2018-02-28 15:06:00,CCGS LIMNOS,GEORGIAN BAY,24,452213,-813502,33,53.80,2017-05-24 04:03:00,1566,3.00,.00,0.50000000,,0,1.400000,AL/T-MS,ALUMINUM,UG/L,45.37028,-81.58389
201705001,2018-02-28 15:06:00,CCGS LIMNOS,GEORGIAN BAY,2,455445,-813545,42,20.00,2017-05-21 14:33:00,1567,3.00,.00,0.01000000,,0,.380000,AS/T-MS,ARSENIC,UG/L,45.91250,-81.59583
201705001,2018-02-28 15:06:00,CCGS LIMNOS,GEORGIAN BAY,4,455158,-810004,27,16.00,2017-05-21 18:42:00,1567,3.00,.00,0.01000000,,0,.360000,AS/T-MS,ARSENIC,UG/L,45.86611,-81.00111
201705001,2018-02-28 15:06:00,CCGS LIMNOS,GEORGIAN BAY,7,453504,-810454,29,41.90,2017-05-21 23:25:00,1567,3.00,.00,0.01000000,,0,.390000,AS/T-MS,ARSENIC,UG/L,45.58444,-81.08167
201705001,2018-02-28 15:06:00,CCGS LIMNOS,GEORGIAN BAY,9,451442,-805229,17,77.50,2017-05-22 04:32:00,1567,3.00,.00,0.01000000,,0,.370000,AS/T-MS,ARSENIC,UG/L,45.24500,-80.87472
201705001,2018-02-28 15:06:00,CCGS LIMNOS,GEORGIAN BAY,9,451442,-805229,17,77.50,2017-05-22 04:32:00,1567,3.00,.00,0.01000000,,1,.390000,AS/T-MS,ARSENIC,UG/L,45.24500,-80.87472
201705001,2018-02-28 15:06:00,CCGS LIMNOS,GEORGIAN BAY,9,451442,-805229,17,77.50,2017-05-22 04:32:00,1567,998.00,.00,0.01000000,<,0,.010000,AS/T-MS,ARSENIC,UG/L,45.24500,-80.87472
201705001,2018-02-28 15:06:00,CCGS LIMNOS,GEORGIAN BAY,14,445219,-795801,9,28.89,2017-05-23 02:10:00,1567,3.00,.00,0.01000000,,0,.280000,AS/T-MS,ARSENIC,UG/L,44.87194,-79.96694
201705001,2018-02-28 15:06:00,CCGS LIMNOS,GEORGIAN BAY,16,443847,-801004,4,58.00,2017-05-23 06:33:00,1567,3.00,.00,0.01000000,,0,.390000,AS/T-MS,ARSENIC,UG/L,44.64639,-80.16778
201705001,2018-02-28 15:06:00,CCGS LIMNOS,GEORGIAN BAY,19,444306,-805120,1,89.30,2017-05-23 13:17:00,1567,3.00,.00,0.01000000,,0,.390000,AS/T-MS,ARSENIC,UG/L,44.71833,-80.85556
201705001,2018-02-28 15:06:00,CCGS LIMNOS,GEORGIAN BAY,24,452213,-813502,33,53.80,2017-05-24 04:03:00,1567,3.00,.00,0.01000000,,0,.400000,AS/T-MS,ARSENIC,UG/L,45.37028,-81.58389
201705001,2018-02-28 15:06:00,CCGS LIMNOS,GEORGIAN BAY,2,455445,-813545,42,20.00,2017-05-21 14:33:00,1568,3.00,.00,0.50000000,,0,12.100000,B/T-MS,BORON,UG/L,45.91250,-81.59583
201705001,2018-02-28 15:06:00,CCGS LIMNOS,GEORGIAN BAY,4,455158,-810004,27,16.00,2017-05-21 18:42:00,1568,3.00,.00,0.50000000,,0,10.200000,B/T-MS,BORON,UG/L,45.86611,-81.00111
201705001,2018-02-28 15:06:00,CCGS LIMNOS,GEORGIAN BAY,7,453504,-810454,29,41.90,2017-05-21 23:25:00,1568,3.00,.00,0.50000000,,0,12.700000,B/T-MS,BORON,UG/L,45.58444,-81.08167
201705001,2018-02-28 15:06:00,CCGS LIMNOS,GEORGIAN BAY,9,451442,-805229,17,77.50,2017-05-22 04:32:00,1568,3.00,.00,0.50000000,,0,12.700000,B/T-MS,BORON,UG/L,45.24500,-80.87472
201705001,2018-02-28 15:06:00,CCGS LIMNOS,GEORGIAN BAY,9,451442,-805229,17,77.50,2017-05-22 04:32:00,1568,3.00,.00,0.50000000,,1,12.700000,B/T-MS,BORON,UG/L,45.24500,-80.87472
201705001,2018-02-28 15:06:00,CCGS LIMNOS,GEORGIAN BAY,9,451442,-805229,17,77.50,2017-05-22 04:32:00,1568,998.00,.00,0.50000000,,0,10.000000,B/T-MS,BORON,UG/L,45.24500,-80.87472
201705001,2018-02-28 15:06:00,CCGS LIMNOS,GEORGIAN BAY,14,445219,-795801,9,28.89,2017-05-23 02:10:00,1568,3.00,.00,0.50000000,,0,10.800000,B/T-MS,BORON,UG/L,44.87194,-79.96694
201705001,2018-02-28 15:06:00,CCGS LIMNOS,GEORGIAN BAY,16,443847,-801004,4,58.00,2017-05-23 06:33:00,1568,3.00,.00,0.50000000,,0,12.500000,B/T-MS,BORON,UG/L,44.64639,-80.16778
201705001,2018-02-28 15:06:00,CCGS LIMNOS,GEORGIAN BAY,19,444306,-805120,1,89.30,2017-05-23 13:17:00,1568,3.00,.00,0.50000000,,0,12.400000,B/T-MS,BORON,UG/L,44.71833,-80.85556
201705001,2018-02-28 15:06:00,CCGS LIMNOS,GEORGIAN BAY,24,452213,-813502,33,53.80,2017-05-24 04:03:00,1568,3.00,.00,0.50000000,,0,12.500000,B/T-MS,BORON,UG/L,45.37028,-81.58389
201705001,2018-02-28 15:06:00,CCGS LIMNOS,GEORGIAN BAY,2,455445,-813545,42,20.00,2017-05-21 14:33:00,1569,3.00,.00,0.05000000,,0,13.500000,BA/T-MS,BARIUM,UG/L,45.91250,-81.59583
201705001,2018-02-28 15:06:00,CCGS LIMNOS,GEORGIAN BAY,4,455158,-810004,27,16.00,2017-05-21 18:42:00,1569,3.00,.00,0.05000000,,0,13.100000,BA/T-MS,BARIUM,UG/L,45.86611,-81.00111
201705001,2018-02-28 15:06:00,CCGS LIMNOS,GEORGIAN BAY,7,453504,-810454,29,41.90,2017-05-21 23:25:00,1569,3.00,.00,0.05000000,,0,13.800000,BA/T-MS,BARIUM,UG/L,45.58444,-81.08167
201705001,2018-02-28 15:06:00,CCGS LIMNOS,GEORGIAN BAY,9,451442,-805229,17,77.50,2017-05-22 04:32:00,1569,3.00,.00,0.05000000,,0,13.700000,BA/T-MS,BARIUM,UG/L,45.24500,-80.87472
201705001,2018-02-28 15:06:00,CCGS LIMNOS,GEORGIAN BAY,9,451442,-805229,17,77.50,2017-05-22 04:32:00,1569,3.00,.00,0.05000000,,1,13.500000,BA/T-MS,BARIUM,UG/L,45.24500,-80.87472
201705001,2018-02-28 15:06:00,CCGS LIMNOS,GEORGIAN BAY,9,451442,-805229,17,77.50,2017-05-22 04:32:00,1569,998.00,.00,0.05000000,<,0,.050000,BA/T-MS,BARIUM,UG/L,45.24500,-80.87472
201705001,2018-02-28 15:06:00,CCGS LIMNOS,GEORGIAN BAY,14,445219,-795801,9,28.89,2017-05-23 02:10:00,1569,3.00,.00,0.05000000,,0,16.100000,BA/T-MS,BARIUM,UG/L,44.87194,-79.96694
201705001,2018-02-28 15:06:00,CCGS LIMNOS,GEORGIAN BAY,16,443847,-801004,4,58.00,2017-05-23 06:33:00,1569,3.00,.00,0.05000000,,0,13.800000,BA/T-MS,BARIUM,UG/L,44.64639,-80.16778
201705001,2018-02-28 15:06:00,CCGS LIMNOS,GEORGIAN BAY,19,444306,-805120,1,89.30,2017-05-23 13:17:00,1569,3.00,.00,0.05000000,,0,13.900000,BA/T-MS,BARIUM,UG/L,44.71833,-80.85556
201705001,2018-02-28 15:06:00,CCGS LIMNOS,GEORGIAN BAY,24,452213,-813502,33,53.80,2017-05-24 04:03:00,1569,3.00,.00,0.05000000,,0,13.600000,BA/T-MS,BARIUM,UG/L,45.37028,-81.58389
201705001,2018-02-28 15:06:00,CCGS LIMNOS,GEORGIAN BAY,2,455445,-813545,42,20.00,2017-05-21 14:33:00,1570,3.00,.00,0.00100000,<,0,.001000,BE/T-MS,BERYLLIUM,UG/L,45.91250,-81.59583
201705001,2018-02-28 15:06:00,CCGS LIMNOS,GEORGIAN BAY,4,455158,-810004,27,16.00,2017-05-21 18:42:00,1570,3.00,.00,0.00100000,,0,.002000,BE/T-MS,BERYLLIUM,UG/L,45.86611,-81.00111
201705001,2018-02-28 15:06:00,CCGS LIMNOS,GEORGIAN BAY,7,453504,-810454,29,41.90,2017-05-21 23:25:00,1570,3.00,.00,0.00100000,<,0,.001000,BE/T-MS,BERYLLIUM,UG/L,45.58444,-81.08167
201705001,2018-02-28 15:06:00,CCGS LIMNOS,GEORGIAN BAY,9,451442,-805229,17,77.50,2017-05-22 04:32:00,1570,3.00,.00,0.00100000,<,0,.001000,BE/T-MS,BERYLLIUM,UG/L,45.24500,-80.87472
201705001,2018-02-28 15:06:00,CCGS LIMNOS,GEORGIAN BAY,9,451442,-805229,17,77.50,2017-05-22 04:32:00,1570,3.00,.00,0.00100000,<,1,.001000,BE/T-MS,BERYLLIUM,UG/L,45.24500,-80.87472
201705001,2018-02-28 15:06:00,CCGS LIMNOS,GEORGIAN BAY,9,451442,-805229,17,77.50,2017-05-22 04:32:00,1570,998.00,.00,0.00100000,<,0,.001000,BE/T-MS,BERYLLIUM,UG/L,45.24500,-80.87472
201705001,2018-02-28 15:06:00,CCGS LIMNOS,GEORGIAN BAY,14,445219,-795801,9,28.89,2017-05-23 02:10:00,1570,3.00,.00,0.00100000,,0,.001000,BE/T-MS,BERYLLIUM,UG/L,44.87194,-79.96694
201705001,2018-02-28 15:06:00,CCGS LIMNOS,GEORGIAN BAY,16,443847,-801004,4,58.00,2017-05-23 06:33:00,1570,3.00,.00,0.00100000,<,0,.001000,BE/T-MS,BERYLLIUM,UG/L,44.64639,-80.16778
201705001,2018-02-28 15:06:00,CCGS LIMNOS,GEORGIAN BAY,19,444306,-805120,1,89.30,2017-05-23 13:17:00,1570,3.00,.00,0.00100000,<,0,.001000,BE/T-MS,BERYLLIUM,UG/L,44.71833,-80.85556
201705001,2018-02-28 15:06:00,CCGS LIMNOS,GEORGIAN BAY,24,452213,-813502,33,53.80,2017-05-24 04:03:00,1570,3.00,.00,0.00100000,<,0,.001000,BE/T-MS,BERYLLIUM,UG/L,45.37028,-81.58389
201705001,2018-02-28 15:06:00,CCGS LIMNOS,GEORGIAN BAY,2,455445,-813545,42,20.00,2017-05-21 14:33:00,1571,3.00,.00,0.00100000,<,0,.001000,BI/T-MS,BISMUTH,UG/L,45.91250,-81.59583
201705001,2018-02-28 15:06:00,CCGS LIMNOS,GEORGIAN BAY,4,455158,-810004,27,16.00,2017-05-21 18:42:00,1571,3.00,.00,0.00100000,<,0,.001000,BI/T-MS,BISMUTH,UG/L,45.86611,-81.00111
201705001,2018-02-28 15:06:00,CCGS LIMNOS,GEORGIAN BAY,7,453504,-810454,29,41.90,2017-05-21 23:25:00,1571,3.00,.00,0.00100000,<,0,.001000,BI/T-MS,BISMUTH,UG/L,45.58444,-81.08167
201705001,2018-02-28 15:06:00,CCGS LIMNOS,GEORGIAN BAY,9,451442,-805229,17,77.50,2017-05-22 04:32:00,1571,3.00,.00,0.00100000,<,0,.001000,BI/T-MS,BISMUTH,UG/L,45.24500,-80.87472
201705001,2018-02-28 15:06:00,CCGS LIMNOS,GEORGIAN BAY,9,451442,-805229,17,77.50,2017-05-22 04:32:00,1571,3.00,.00,0.00100000,<,1,.001000,BI/T-MS,BISMUTH,UG/L,45.24500,-80.87472
201705001,2018-02-28 15:06:00,CCGS LIMNOS,GEORGIAN BAY,9,451442,-805229,17,77.50,2017-05-22 04:32:00,1571,998.00,.00,0.00100000,<,0,.001000,BI/T-MS,BISMUTH,UG/L,45.24500,-80.87472
201705001,2018-02-28 15:06:00,CCGS LIMNOS,GEORGIAN BAY,14,445219,-795801,9,28.89,2017-05-23 02:10:00,1571,3.00,.00,0.00100000,<,0,.001000,BI/T-MS,BISMUTH,UG/L,44.87194,-79.96694
201705001,2018-02-28 15:06:00,CCGS LIMNOS,GEORGIAN BAY,16,443847,-801004,4,58.00,2017-05-23 06:33:00,1571,3.00,.00,0.00100000,<,0,.001000,BI/T-MS,BISMUTH,UG/L,44.64639,-80.16778
201705001,2018-02-28 15:06:00,CCGS LIMNOS,GEORGIAN BAY,19,444306,-805120,1,89.30,2017-05-23 13:17:00,1571,3.00,.00,0.00100000,<,0,.001000,BI/T-MS,BISMUTH,UG/L,44.71833,-80.85556
201705001,2018-02-28 15:06:00,CCGS LIMNOS,GEORGIAN BAY,24,452213,-813502,33,53.80,2017-05-24 04:03:00,1571,3.00,.00,0.00100000,<,0,.001000,BI/T-MS,BISMUTH,UG/L,45.37028,-81.58389
201705001,2018-02-28 15:06:00,CCGS LIMNOS,GEORGIAN BAY,2,455445,-813545,42,20.00,2017-05-21 14:33:00,1572,3.00,.00,0.00100000,,0,.002000,CD/T-MS,CADMIUM,UG/L,45.91250,-81.59583
201705001,2018-02-28 15:06:00,CCGS LIMNOS,GEORGIAN BAY,4,455158,-810004,27,16.00,2017-05-21 18:42:00,1572,3.00,.00,0.00100000,,0,.004000,CD/T-MS,CADMIUM,UG/L,45.86611,-81.00111
201705001,2018-02-28 15:06:00,CCGS LIMNOS,GEORGIAN BAY,7,453504,-810454,29,41.90,2017-05-21 23:25:00,1572,3.00,.00,0.00100000,,0,.001000,CD/T-MS,CADMIUM,UG/L,45.58444,-81.08167
201705001,2018-02-28 15:06:00,CCGS LIMNOS,GEORGIAN BAY,9,451442,-805229,17,77.50,2017-05-22 04:32:00,1572,3.00,.00,0.00100000,,1,.001000,CD/T-MS,CADMIUM,UG/L,45.24500,-80.87472
201705001,2018-02-28 15:06:00,CCGS LIMNOS,GEORGIAN BAY,9,451442,-805229,17,77.50,2017-05-22 04:32:00,1572,3.00,.00,0.00100000,<,0,.001000,CD/T-MS,CADMIUM,UG/L,45.24500,-80.87472
201705001,2018-02-28 15:06:00,CCGS LIMNOS,GEORGIAN BAY,9,451442,-805229,17,77.50,2017-05-22 04:32:00,1572,998.00,.00,0.00100000,<,0,.001000,CD/T-MS,CADMIUM,UG/L,45.24500,-80.87472
201705001,2018-02-28 15:06:00,CCGS LIMNOS,GEORGIAN BAY,14,445219,-795801,9,28.89,2017-05-23 02:10:00,1572,3.00,.00,0.00100000,,0,.003000,CD/T-MS,CADMIUM,UG/L,44.87194,-79.96694
201705001,2018-02-28 15:06:00,CCGS LIMNOS,GEORGIAN BAY,16,443847,-801004,4,58.00,2017-05-23 06:33:00,1572,3.00,.00,0.00100000,<,0,.001000,CD/T-MS,CADMIUM,UG/L,44.64639,-80.16778
201705001,2018-02-28 15:06:00,CCGS LIMNOS,GEORGIAN BAY,19,444306,-805120,1,89.30,2017-05-23 13:17:00,1572,3.00,.00,0.00100000,<,0,.001000,CD/T-MS,CADMIUM,UG/L,44.71833,-80.85556
201705001,2018-02-28 15:06:00,CCGS LIMNOS,GEORGIAN BAY,24,452213,-813502,33,53.80,2017-05-24 04:03:00,1572,3.00,.00,0.00100000,<,0,.001000,CD/T-MS,CADMIUM,UG/L,45.37028,-81.58389
201705001,2018-02-28 15:06:00,CCGS LIMNOS,GEORGIAN BAY,2,455445,-813545,42,20.00,2017-05-21 14:33:00,1573,3.00,.00,0.00100000,,0,.031000,CE/T-MS,CERIUM,UG/L,45.91250,-81.59583
201705001,2018-02-28 15:06:00,CCGS LIMNOS,GEORGIAN BAY,4,455158,-810004,27,16.00,2017-05-21 18:42:00,1573,3.00,.00,0.00100000,,0,.112000,CE/T-MS,CERIUM,UG/L,45.86611,-81.00111
201705001,2018-02-28 15:06:00,CCGS LIMNOS,GEORGIAN BAY,7,453504,-810454,29,41.90,2017-05-21 23:25:00,1573,3.00,.00,0.00100000,,0,.006000,CE/T-MS,CERIUM,UG/L,45.58444,-81.08167
201705001,2018-02-28 15:06:00,CCGS LIMNOS,GEORGIAN BAY,9,451442,-805229,17,77.50,2017-05-22 04:32:00,1573,3.00,.00,0.00100000,,0,.006000,CE/T-MS,CERIUM,UG/L,45.24500,-80.87472
201705001,2018-02-28 15:06:00,CCGS LIMNOS,GEORGIAN BAY,9,451442,-805229,17,77.50,2017-05-22 04:32:00,1573,3.00,.00,0.00100000,,1,.006000,CE/T-MS,CERIUM,UG/L,45.24500,-80.87472
201705001,2018-02-28 15:06:00,CCGS LIMNOS,GEORGIAN BAY,9,451442,-805229,17,77.50,2017-05-22 04:32:00,1573,998.00,.00,0.00100000,<,0,.001000,CE/T-MS,CERIUM,UG/L,45.24500,-80.87472
201705001,2018-02-28 15:06:00,CCGS LIMNOS,GEORGIAN BAY,14,445219,-795801,9,28.89,2017-05-23 02:10:00,1573,3.00,.00,0.00100000,,0,.079000,CE/T-MS,CERIUM,UG/L,44.87194,-79.96694
201705001,2018-02-28 15:06:00,CCGS LIMNOS,GEORGIAN BAY,16,443847,-801004,4,58.00,2017-05-23 06:33:00,1573,3.00,.00,0.00100000,,0,.011000,CE/T-MS,CERIUM,UG/L,44.64639,-80.16778
201705001,2018-02-28 15:06:00,CCGS LIMNOS,GEORGIAN BAY,19,444306,-805120,1,89.30,2017-05-23 13:17:00,1573,3.00,.00,0.00100000,,0,.009000,CE/T-MS,CERIUM,UG/L,44.71833,-80.85556
201705001,2018-02-28 15:06:00,CCGS LIMNOS,GEORGIAN BAY,24,452213,-813502,33,53.80,2017-05-24 04:03:00,1573,3.00,.00,0.00100000,,0,.006000,CE/T-MS,CERIUM,UG/L,45.37028,-81.58389
201705001,2018-02-28 15:06:00,CCGS LIMNOS,GEORGIAN BAY,2,455445,-813545,42,20.00,2017-05-21 14:33:00,1574,3.00,.00,0.00200000,,0,.009000,CO/T-MS,COBALT,UG/L,45.91250,-81.59583
201705001,2018-02-28 15:06:00,CCGS LIMNOS,GEORGIAN BAY,4,455158,-810004,27,16.00,2017-05-21 18:42:00,1574,3.00,.00,0.00200000,,0,.016000,CO/T-MS,COBALT,UG/L,45.86611,-81.00111
201705001,2018-02-28 15:06:00,CCGS LIMNOS,GEORGIAN BAY,7,453504,-810454,29,41.90,2017-05-21 23:25:00,1574,3.00,.00,0.00200000,,0,.003000,CO/T-MS,COBALT,UG/L,45.58444,-81.08167
201705001,2018-02-28 15:06:00,CCGS LIMNOS,GEORGIAN BAY,9,451442,-805229,17,77.50,2017-05-22 04:32:00,1574,3.00,.00,0.00200000,<,0,.002000,CO/T-MS,COBALT,UG/L,45.24500,-80.87472
201705001,2018-02-28 15:06:00,CCGS LIMNOS,GEORGIAN BAY,9,451442,-805229,17,77.50,2017-05-22 04:32:00,1574,3.00,.00,0.00200000,<,1,.002000,CO/T-MS,COBALT,UG/L,45.24500,-80.87472
201705001,2018-02-28 15:06:00,CCGS LIMNOS,GEORGIAN BAY,9,451442,-805229,17,77.50,2017-05-22 04:32:00,1574,998.00,.00,0.00200000,<,0,.002000,CO/T-MS,COBALT,UG/L,45.24500,-80.87472
201705001,2018-02-28 15:06:00,CCGS LIMNOS,GEORGIAN BAY,14,445219,-795801,9,28.89,2017-05-23 02:10:00,1574,3.00,.00,0.00200000,,0,.012000,CO/T-MS,COBALT,UG/L,44.87194,-79.96694
201705001,2018-02-28 15:06:00,CCGS LIMNOS,GEORGIAN BAY,16,443847,-801004,4,58.00,2017-05-23 06:33:00,1574,3.00,.00,0.00200000,,0,.002000,CO/T-MS,COBALT,UG/L,44.64639,-80.16778
201705001,2018-02-28 15:06:00,CCGS LIMNOS,GEORGIAN BAY,19,444306,-805120,1,89.30,2017-05-23 13:17:00,1574,3.00,.00,0.00200000,,0,.006000,CO/T-MS,COBALT,UG/L,44.71833,-80.85556
201705001,2018-02-28 15:06:00,CCGS LIMNOS,GEORGIAN BAY,24,452213,-813502,33,53.80,2017-05-24 04:03:00,1574,3.00,.00,0.00200000,<,0,.002000,CO/T-MS,COBALT,UG/L,45.37028,-81.58389
201705001,2018-02-28 15:06:00,CCGS LIMNOS,GEORGIAN BAY,2,455445,-813545,42,20.00,2017-05-21 14:33:00,1575,3.00,.00,0.02000000,,0,.110000,CR/T-MS,CHROMIUM,UG/L,45.91250,-81.59583
201705001,2018-02-28 15:06:00,CCGS LIMNOS,GEORGIAN BAY,4,455158,-810004,27,16.00,2017-05-21 18:42:00,1575,3.00,.00,0.02000000,,0,.140000,CR/T-MS,CHROMIUM,UG/L,45.86611,-81.00111
201705001,2018-02-28 15:06:00,CCGS LIMNOS,GEORGIAN BAY,7,453504,-810454,29,41.90,2017-05-21 23:25:00,1575,3.00,.00,0.02000000,,0,.090000,CR/T-MS,CHROMIUM,UG/L,45.58444,-81.08167
201705001,2018-02-28 15:06:00,CCGS LIMNOS,GEORGIAN BAY,9,451442,-805229,17,77.50,2017-05-22 04:32:00,1575,3.00,.00,0.02000000,,0,.090000,CR/T-MS,CHROMIUM,UG/L,45.24500,-80.87472
201705001,2018-02-28 15:06:00,CCGS LIMNOS,GEORGIAN BAY,9,451442,-805229,17,77.50,2017-05-22 04:32:00,1575,3.00,.00,0.02000000,,1,.100000,CR/T-MS,CHROMIUM,UG/L,45.24500,-80.87472
201705001,2018-02-28 15:06:00,CCGS LIMNOS,GEORGIAN BAY,9,451442,-805229,17,77.50,2017-05-22 04:32:00,1575,998.00,.00,0.02000000,<,0,.020000,CR/T-MS,CHROMIUM,UG/L,45.24500,-80.87472
201705001,2018-02-28 15:06:00,CCGS LIMNOS,GEORGIAN BAY,14,445219,-795801,9,28.89,2017-05-23 02:10:00,1575,3.00,.00,0.02000000,,0,.100000,CR/T-MS,CHROMIUM,UG/L,44.87194,-79.96694
201705001,2018-02-28 15:06:00,CCGS LIMNOS,GEORGIAN BAY,16,443847,-801004,4,58.00,2017-05-23 06:33:00,1575,3.00,.00,0.02000000,,0,.080000,CR/T-MS,CHROMIUM,UG/L,44.64639,-80.16778
201705001,2018-02-28 15:06:00,CCGS LIMNOS,GEORGIAN BAY,19,444306,-805120,1,89.30,2017-05-23 13:17:00,1575,3.00,.00,0.02000000,,0,.100000,CR/T-MS,CHROMIUM,UG/L,44.71833,-80.85556
201705001,2018-02-28 15:06:00,CCGS LIMNOS,GEORGIAN BAY,24,452213,-813502,33,53.80,2017-05-24 04:03:00,1575,3.00,.00,0.02000000,,0,.090000,CR/T-MS,CHROMIUM,UG/L,45.37028,-81.58389
201705001,2018-02-28 15:06:00,CCGS LIMNOS,GEORGIAN BAY,2,455445,-813545,42,20.00,2017-05-21 14:33:00,1576,3.00,.00,0.00100000,<,0,.001000,CS/T-MS,CESIUM,UG/L,45.91250,-81.59583
201705001,2018-02-28 15:06:00,CCGS LIMNOS,GEORGIAN BAY,4,455158,-810004,27,16.00,2017-05-21 18:42:00,1576,3.00,.00,0.00100000,<,0,.001000,CS/T-MS,CESIUM,UG/L,45.86611,-81.00111
201705001,2018-02-28 15:06:00,CCGS LIMNOS,GEORGIAN BAY,7,453504,-810454,29,41.90,2017-05-21 23:25:00,1576,3.00,.00,0.00100000,<,0,.001000,CS/T-MS,CESIUM,UG/L,45.58444,-81.08167
201705001,2018-02-28 15:06:00,CCGS LIMNOS,GEORGIAN BAY,9,451442,-805229,17,77.50,2017-05-22 04:32:00,1576,3.00,.00,0.00100000,<,0,.001000,CS/T-MS,CESIUM,UG/L,45.24500,-80.87472
201705001,2018-02-28 15:06:00,CCGS LIMNOS,GEORGIAN BAY,9,451442,-805229,17,77.50,2017-05-22 04:32:00,1576,3.00,.00,0.00100000,<,1,.001000,CS/T-MS,CESIUM,UG/L,45.24500,-80.87472
201705001,2018-02-28 15:06:00,CCGS LIMNOS,GEORGIAN BAY,9,451442,-805229,17,77.50,2017-05-22 04:32:00,1576,998.00,.00,0.00100000,<,0,.001000,CS/T-MS,CESIUM,UG/L,45.24500,-80.87472
201705001,2018-02-28 15:06:00,CCGS LIMNOS,GEORGIAN BAY,14,445219,-795801,9,28.89,2017-05-23 02:10:00,1576,3.00,.00,0.00100000,<,0,.001000,CS/T-MS,CESIUM,UG/L,44.87194,-79.96694
201705001,2018-02-28 15:06:00,CCGS LIMNOS,GEORGIAN BAY,16,443847,-801004,4,58.00,2017-05-23 06:33:00,1576,3.00,.00,0.00100000,<,0,.001000,CS/T-MS,CESIUM,UG/L,44.64639,-80.16778
201705001,2018-02-28 15:06:00,CCGS LIMNOS,GEORGIAN BAY,19,444306,-805120,1,89.30,2017-05-23 13:17:00,1576,3.00,.00,0.00100000,<,0,.001000,CS/T-MS,CESIUM,UG/L,44.71833,-80.85556
201705001,2018-02-28 15:06:00,CCGS LIMNOS,GEORGIAN BAY,24,452213,-813502,33,53.80,2017-05-24 04:03:00,1576,3.00,.00,0.00100000,<,0,.001000,CS/T-MS,CESIUM,UG/L,45.37028,-81.58389
201705001,2018-02-28 15:06:00,CCGS LIMNOS,GEORGIAN BAY,2,455445,-813545,42,20.00,2017-05-21 14:33:00,1577,3.00,.00,0.05000000,,0,.480000,CU/T-MS,COPPER,UG/L,45.91250,-81.59583
201705001,2018-02-28 15:06:00,CCGS LIMNOS,GEORGIAN BAY,4,455158,-810004,27,16.00,2017-05-21 18:42:00,1577,3.00,.00,0.05000000,,0,1.000000,CU/T-MS,COPPER,UG/L,45.86611,-81.00111
201705001,2018-02-28 15:06:00,CCGS LIMNOS,GEORGIAN BAY,7,453504,-810454,29,41.90,2017-05-21 23:25:00,1577,3.00,.00,0.05000000,,0,.330000,CU/T-MS,COPPER,UG/L,45.58444,-81.08167
201705001,2018-02-28 15:06:00,CCGS LIMNOS,GEORGIAN BAY,9,451442,-805229,17,77.50,2017-05-22 04:32:00,1577,3.00,.00,0.05000000,,0,.380000,CU/T-MS,COPPER,UG/L,45.24500,-80.87472
201705001,2018-02-28 15:06:00,CCGS LIMNOS,GEORGIAN BAY,9,451442,-805229,17,77.50,2017-05-22 04:32:00,1577,3.00,.00,0.05000000,,1,.320000,CU/T-MS,COPPER,UG/L,45.24500,-80.87472
201705001,2018-02-28 15:06:00,CCGS LIMNOS,GEORGIAN BAY,9,451442,-805229,17,77.50,2017-05-22 04:32:00,1577,998.00,.00,0.05000000,<,0,.050000,CU/T-MS,COPPER,UG/L,45.24500,-80.87472
201705001,2018-02-28 15:06:00,CCGS LIMNOS,GEORGIAN BAY,14,445219,-795801,9,28.89,2017-05-23 02:10:00,1577,3.00,.00,0.05000000,,0,.420000,CU/T-MS,COPPER,UG/L,44.87194,-79.96694
201705001,2018-02-28 15:06:00,CCGS LIMNOS,GEORGIAN BAY,16,443847,-801004,4,58.00,2017-05-23 06:33:00,1577,3.00,.00,0.05000000,,0,.340000,CU/T-MS,COPPER,UG/L,44.64639,-80.16778
201705001,2018-02-28 15:06:00,CCGS LIMNOS,GEORGIAN BAY,19,444306,-805120,1,89.30,2017-05-23 13:17:00,1577,3.00,.00,0.05000000,,0,.330000,CU/T-MS,COPPER,UG/L,44.71833,-80.85556
201705001,2018-02-28 15:06:00,CCGS LIMNOS,GEORGIAN BAY,24,452213,-813502,33,53.80,2017-05-24 04:03:00,1577,3.00,.00,0.05000000,,0,.330000,CU/T-MS,COPPER,UG/L,45.37028,-81.58389
201705001,2018-02-28 15:06:00,CCGS LIMNOS,GEORGIAN BAY,2,455445,-813545,42,20.00,2017-05-21 14:33:00,1578,3.00,.00,0.50000000,,0,9.200000,FE/T-MS,IRON,UG/L,45.91250,-81.59583
201705001,2018-02-28 15:06:00,CCGS LIMNOS,GEORGIAN BAY,4,455158,-810004,27,16.00,2017-05-21 18:42:00,1578,3.00,.00,0.50000000,,0,32.600000,FE/T-MS,IRON,UG/L,45.86611,-81.00111
201705001,2018-02-28 15:06:00,CCGS LIMNOS,GEORGIAN BAY,7,453504,-810454,29,41.90,2017-05-21 23:25:00,1578,3.00,.00,0.50000000,,0,.700000,FE/T-MS,IRON,UG/L,45.58444,-81.08167
201705001,2018-02-28 15:06:00,CCGS LIMNOS,GEORGIAN BAY,9,451442,-805229,17,77.50,2017-05-22 04:32:00,1578,3.00,.00,0.50000000,,0,1.200000,FE/T-MS,IRON,UG/L,45.24500,-80.87472
201705001,2018-02-28 15:06:00,CCGS LIMNOS,GEORGIAN BAY,9,451442,-805229,17,77.50,2017-05-22 04:32:00,1578,3.00,.00,0.50000000,,1,1.200000,FE/T-MS,IRON,UG/L,45.24500,-80.87472
201705001,2018-02-28 15:06:00,CCGS LIMNOS,GEORGIAN BAY,9,451442,-805229,17,77.50,2017-05-22 04:32:00,1578,998.00,.00,0.50000000,<,0,.500000,FE/T-MS,IRON,UG/L,45.24500,-80.87472
201705001,2018-02-28 15:06:00,CCGS LIMNOS,GEORGIAN BAY,14,445219,-795801,9,28.89,2017-05-23 02:10:00,1578,3.00,.00,0.50000000,,0,41.300000,FE/T-MS,IRON,UG/L,44.87194,-79.96694
201705001,2018-02-28 15:06:00,CCGS LIMNOS,GEORGIAN BAY,16,443847,-801004,4,58.00,2017-05-23 06:33:00,1578,3.00,.00,0.50000000,,0,3.900000,FE/T-MS,IRON,UG/L,44.64639,-80.16778
201705001,2018-02-28 15:06:00,CCGS LIMNOS,GEORGIAN BAY,19,444306,-805120,1,89.30,2017-05-23 13:17:00,1578,3.00,.00,0.50000000,,0,4.300000,FE/T-MS,IRON,UG/L,44.71833,-80.85556
201705001,2018-02-28 15:06:00,CCGS LIMNOS,GEORGIAN BAY,24,452213,-813502,33,53.80,2017-05-24 04:03:00,1578,3.00,.00,0.50000000,,0,.500000,FE/T-MS,IRON,UG/L,45.37028,-81.58389
201705001,2018-02-28 15:06:00,CCGS LIMNOS,GEORGIAN BAY,2,455445,-813545,42,20.00,2017-05-21 14:33:00,1579,3.00,.00,0.00100000,,0,.094000,GA/T-MS,GALLIUM,UG/L,45.91250,-81.59583
201705001,2018-02-28 15:06:00,CCGS LIMNOS,GEORGIAN BAY,4,455158,-810004,27,16.00,2017-05-21 18:42:00,1579,3.00,.00,0.00100000,,0,.090000,GA/T-MS,GALLIUM,UG/L,45.86611,-81.00111
201705001,2018-02-28 15:06:00,CCGS LIMNOS,GEORGIAN BAY,7,453504,-810454,29,41.90,2017-05-21 23:25:00,1579,3.00,.00,0.00100000,,0,.083000,GA/T-MS,GALLIUM,UG/L,45.58444,-81.08167
201705001,2018-02-28 15:06:00,CCGS LIMNOS,GEORGIAN BAY,9,451442,-805229,17,77.50,2017-05-22 04:32:00,1579,3.00,.00,0.00100000,,0,.086000,GA/T-MS,GALLIUM,UG/L,45.24500,-80.87472
201705001,2018-02-28 15:06:00,CCGS LIMNOS,GEORGIAN BAY,9,451442,-805229,17,77.50,2017-05-22 04:32:00,1579,3.00,.00,0.00100000,,1,.080000,GA/T-MS,GALLIUM,UG/L,45.24500,-80.87472
201705001,2018-02-28 15:06:00,CCGS LIMNOS,GEORGIAN BAY,9,451442,-805229,17,77.50,2017-05-22 04:32:00,1579,998.00,.00,0.00100000,,0,.012000,GA/T-MS,GALLIUM,UG/L,45.24500,-80.87472
201705001,2018-02-28 15:06:00,CCGS LIMNOS,GEORGIAN BAY,14,445219,-795801,9,28.89,2017-05-23 02:10:00,1579,3.00,.00,0.00100000,,0,.078000,GA/T-MS,GALLIUM,UG/L,44.87194,-79.96694
201705001,2018-02-28 15:06:00,CCGS LIMNOS,GEORGIAN BAY,16,443847,-801004,4,58.00,2017-05-23 06:33:00,1579,3.00,.00,0.00100000,,0,.080000,GA/T-MS,GALLIUM,UG/L,44.64639,-80.16778
201705001,2018-02-28 15:06:00,CCGS LIMNOS,GEORGIAN BAY,19,444306,-805120,1,89.30,2017-05-23 13:17:00,1579,3.00,.00,0.00100000,,0,.080000,GA/T-MS,GALLIUM,UG/L,44.71833,-80.85556
201705001,2018-02-28 15:06:00,CCGS LIMNOS,GEORGIAN BAY,24,452213,-813502,33,53.80,2017-05-24 04:03:00,1579,3.00,.00,0.00100000,,0,.075000,GA/T-MS,GALLIUM,UG/L,45.37028,-81.58389
201705001,2018-02-28 15:06:00,CCGS LIMNOS,GEORGIAN BAY,2,455445,-813545,42,20.00,2017-05-21 14:33:00,1580,3.00,.00,0.00100000,,0,.019000,LA/T-MS,LANTHANUM,UG/L,45.91250,-81.59583
201705001,2018-02-28 15:06:00,CCGS LIMNOS,GEORGIAN BAY,4,455158,-810004,27,16.00,2017-05-21 18:42:00,1580,3.00,.00,0.00100000,,0,.077000,LA/T-MS,LANTHANUM,UG/L,45.86611,-81.00111
201705001,2018-02-28 15:06:00,CCGS LIMNOS,GEORGIAN BAY,7,453504,-810454,29,41.90,2017-05-21 23:25:00,1580,3.00,.00,0.00100000,,0,.005000,LA/T-MS,LANTHANUM,UG/L,45.58444,-81.08167
201705001,2018-02-28 15:06:00,CCGS LIMNOS,GEORGIAN BAY,9,451442,-805229,17,77.50,2017-05-22 04:32:00,1580,3.00,.00,0.00100000,,0,.005000,LA/T-MS,LANTHANUM,UG/L,45.24500,-80.87472
201705001,2018-02-28 15:06:00,CCGS LIMNOS,GEORGIAN BAY,9,451442,-805229,17,77.50,2017-05-22 04:32:00,1580,3.00,.00,0.00100000,,1,.004000,LA/T-MS,LANTHANUM,UG/L,45.24500,-80.87472
201705001,2018-02-28 15:06:00,CCGS LIMNOS,GEORGIAN BAY,9,451442,-805229,17,77.50,2017-05-22 04:32:00,1580,998.00,.00,0.00100000,<,0,.001000,LA/T-MS,LANTHANUM,UG/L,45.24500,-80.87472
201705001,2018-02-28 15:06:00,CCGS LIMNOS,GEORGIAN BAY,14,445219,-795801,9,28.89,2017-05-23 02:10:00,1580,3.00,.00,0.00100000,,0,.057000,LA/T-MS,LANTHANUM,UG/L,44.87194,-79.96694
201705001,2018-02-28 15:06:00,CCGS LIMNOS,GEORGIAN BAY,16,443847,-801004,4,58.00,2017-05-23 06:33:00,1580,3.00,.00,0.00100000,,0,.007000,LA/T-MS,LANTHANUM,UG/L,44.64639,-80.16778
201705001,2018-02-28 15:06:00,CCGS LIMNOS,GEORGIAN BAY,19,444306,-805120,1,89.30,2017-05-23 13:17:00,1580,3.00,.00,0.00100000,,0,.005000,LA/T-MS,LANTHANUM,UG/L,44.71833,-80.85556
201705001,2018-02-28 15:06:00,CCGS LIMNOS,GEORGIAN BAY,24,452213,-813502,33,53.80,2017-05-24 04:03:00,1580,3.00,.00,0.00100000,,0,.004000,LA/T-MS,LANTHANUM,UG/L,45.37028,-81.58389
201705001,2018-02-28 15:06:00,CCGS LIMNOS,GEORGIAN BAY,2,455445,-813545,42,20.00,2017-05-21 14:33:00,1581,3.00,.00,0.01000000,,0,1.050000,LI/T-MS,LITHIUM,UG/L,45.91250,-81.59583
201705001,2018-02-28 15:06:00,CCGS LIMNOS,GEORGIAN BAY,4,455158,-810004,27,16.00,2017-05-21 18:42:00,1581,3.00,.00,0.01000000,,0,.900000,LI/T-MS,LITHIUM,UG/L,45.86611,-81.00111
201705001,2018-02-28 15:06:00,CCGS LIMNOS,GEORGIAN BAY,7,453504,-810454,29,41.90,2017-05-21 23:25:00,1581,3.00,.00,0.01000000,,0,1.080000,LI/T-MS,LITHIUM,UG/L,45.58444,-81.08167
201705001,2018-02-28 15:06:00,CCGS LIMNOS,GEORGIAN BAY,9,451442,-805229,17,77.50,2017-05-22 04:32:00,1581,3.00,.00,0.01000000,,0,1.090000,LI/T-MS,LITHIUM,UG/L,45.24500,-80.87472
201705001,2018-02-28 15:06:00,CCGS LIMNOS,GEORGIAN BAY,9,451442,-805229,17,77.50,2017-05-22 04:32:00,1581,3.00,.00,0.01000000,,1,1.100000,LI/T-MS,LITHIUM,UG/L,45.24500,-80.87472
201705001,2018-02-28 15:06:00,CCGS LIMNOS,GEORGIAN BAY,9,451442,-805229,17,77.50,2017-05-22 04:32:00,1581,998.00,.00,0.01000000,<,0,.010000,LI/T-MS,LITHIUM,UG/L,45.24500,-80.87472
201705001,2018-02-28 15:06:00,CCGS LIMNOS,GEORGIAN BAY,14,445219,-795801,9,28.89,2017-05-23 02:10:00,1581,3.00,.00,0.01000000,,0,.810000,LI/T-MS,LITHIUM,UG/L,44.87194,-79.96694
201705001,2018-02-28 15:06:00,CCGS LIMNOS,GEORGIAN BAY,16,443847,-801004,4,58.00,2017-05-23 06:33:00,1581,3.00,.00,0.01000000,,0,1.100000,LI/T-MS,LITHIUM,UG/L,44.64639,-80.16778
201705001,2018-02-28 15:06:00,CCGS LIMNOS,GEORGIAN BAY,19,444306,-805120,1,89.30,2017-05-23 13:17:00,1581,3.00,.00,0.01000000,,0,1.070000,LI/T-MS,LITHIUM,UG/L,44.71833,-80.85556
201705001,2018-02-28 15:06:00,CCGS LIMNOS,GEORGIAN BAY,24,452213,-813502,33,53.80,2017-05-24 04:03:00,1581,3.00,.00,0.01000000,,0,1.110000,LI/T-MS,LITHIUM,UG/L,45.37028,-81.58389
201705001,2018-02-28 15:06:00,CCGS LIMNOS,GEORGIAN BAY,2,455445,-813545,42,20.00,2017-05-21 14:33:00,1582,3.00,.00,0.05000000,,0,1.650000,MN/T-MS,MANGANESE,UG/L,45.91250,-81.59583
201705001,2018-02-28 15:06:00,CCGS LIMNOS,GEORGIAN BAY,4,455158,-810004,27,16.00,2017-05-21 18:42:00,1582,3.00,.00,0.05000000,,0,1.900000,MN/T-MS,MANGANESE,UG/L,45.86611,-81.00111
201705001,2018-02-28 15:06:00,CCGS LIMNOS,GEORGIAN BAY,7,453504,-810454,29,41.90,2017-05-21 23:25:00,1582,3.00,.00,0.05000000,,0,.310000,MN/T-MS,MANGANESE,UG/L,45.58444,-81.08167
201705001,2018-02-28 15:06:00,CCGS LIMNOS,GEORGIAN BAY,9,451442,-805229,17,77.50,2017-05-22 04:32:00,1582,3.00,.00,0.05000000,,0,.250000,MN/T-MS,MANGANESE,UG/L,45.24500,-80.87472
201705001,2018-02-28 15:06:00,CCGS LIMNOS,GEORGIAN BAY,9,451442,-805229,17,77.50,2017-05-22 04:32:00,1582,3.00,.00,0.05000000,,1,.250000,MN/T-MS,MANGANESE,UG/L,45.24500,-80.87472
201705001,2018-02-28 15:06:00,CCGS LIMNOS,GEORGIAN BAY,9,451442,-805229,17,77.50,2017-05-22 04:32:00,1582,998.00,.00,0.05000000,<,0,.050000,MN/T-MS,MANGANESE,UG/L,45.24500,-80.87472
201705001,2018-02-28 15:06:00,CCGS LIMNOS,GEORGIAN BAY,14,445219,-795801,9,28.89,2017-05-23 02:10:00,1582,3.00,.00,0.05000000,,0,1.770000,MN/T-MS,MANGANESE,UG/L,44.87194,-79.96694
201705001,2018-02-28 15:06:00,CCGS LIMNOS,GEORGIAN BAY,16,443847,-801004,4,58.00,2017-05-23 06:33:00,1582,3.00,.00,0.05000000,,0,.500000,MN/T-MS,MANGANESE,UG/L,44.64639,-80.16778
201705001,2018-02-28 15:06:00,CCGS LIMNOS,GEORGIAN BAY,19,444306,-805120,1,89.30,2017-05-23 13:17:00,1582,3.00,.00,0.05000000,,0,.390000,MN/T-MS,MANGANESE,UG/L,44.71833,-80.85556
201705001,2018-02-28 15:06:00,CCGS LIMNOS,GEORGIAN BAY,24,452213,-813502,33,53.80,2017-05-24 04:03:00,1582,3.00,.00,0.05000000,,0,.390000,MN/T-MS,MANGANESE,UG/L,45.37028,-81.58389
201705001,2018-02-28 15:06:00,CCGS LIMNOS,GEORGIAN BAY,2,455445,-813545,42,20.00,2017-05-21 14:33:00,1583,3.00,.00,0.00500000,,0,.386000,MO/T-MS,MOLYBDENUM,UG/L,45.91250,-81.59583
201705001,2018-02-28 15:06:00,CCGS LIMNOS,GEORGIAN BAY,4,455158,-810004,27,16.00,2017-05-21 18:42:00,1583,3.00,.00,0.00500000,,0,.312000,MO/T-MS,MOLYBDENUM,UG/L,45.86611,-81.00111
201705001,2018-02-28 15:06:00,CCGS LIMNOS,GEORGIAN BAY,7,453504,-810454,29,41.90,2017-05-21 23:25:00,1583,3.00,.00,0.00500000,,0,.406000,MO/T-MS,MOLYBDENUM,UG/L,45.58444,-81.08167
201705001,2018-02-28 15:06:00,CCGS LIMNOS,GEORGIAN BAY,9,451442,-805229,17,77.50,2017-05-22 04:32:00,1583,3.00,.00,0.00500000,,0,.402000,MO/T-MS,MOLYBDENUM,UG/L,45.24500,-80.87472
201705001,2018-02-28 15:06:00,CCGS LIMNOS,GEORGIAN BAY,9,451442,-805229,17,77.50,2017-05-22 04:32:00,1583,3.00,.00,0.00500000,,1,.402000,MO/T-MS,MOLYBDENUM,UG/L,45.24500,-80.87472
201705001,2018-02-28 15:06:00,CCGS LIMNOS,GEORGIAN BAY,9,451442,-805229,17,77.50,2017-05-22 04:32:00,1583,998.00,.00,0.00500000,<,0,.005000,MO/T-MS,MOLYBDENUM,UG/L,45.24500,-80.87472
201705001,2018-02-28 15:06:00,CCGS LIMNOS,GEORGIAN BAY,14,445219,-795801,9,28.89,2017-05-23 02:10:00,1583,3.00,.00,0.00500000,,0,.257000,MO/T-MS,MOLYBDENUM,UG/L,44.87194,-79.96694
201705001,2018-02-28 15:06:00,CCGS LIMNOS,GEORGIAN BAY,16,443847,-801004,4,58.00,2017-05-23 06:33:00,1583,3.00,.00,0.00500000,,0,.394000,MO/T-MS,MOLYBDENUM,UG/L,44.64639,-80.16778
201705001,2018-02-28 15:06:00,CCGS LIMNOS,GEORGIAN BAY,19,444306,-805120,1,89.30,2017-05-23 13:17:00,1583,3.00,.00,0.00500000,,0,.400000,MO/T-MS,MOLYBDENUM,UG/L,44.71833,-80.85556
201705001,2018-02-28 15:06:00,CCGS LIMNOS,GEORGIAN BAY,24,452213,-813502,33,53.80,2017-05-24 04:03:00,1583,3.00,.00,0.00500000,,0,.404000,MO/T-MS,MOLYBDENUM,UG/L,45.37028,-81.58389
201705001,2018-02-28 15:06:00,CCGS LIMNOS,GEORGIAN BAY,2,455445,-813545,42,20.00,2017-05-21 14:33:00,1584,3.00,.00,0.00200000,<,0,.002000,NB/T-MS,NIOBIUM,UG/L,45.91250,-81.59583
201705001,2018-02-28 15:06:00,CCGS LIMNOS,GEORGIAN BAY,4,455158,-810004,27,16.00,2017-05-21 18:42:00,1584,3.00,.00,0.00200000,<,0,.002000,NB/T-MS,NIOBIUM,UG/L,45.86611,-81.00111
201705001,2018-02-28 15:06:00,CCGS LIMNOS,GEORGIAN BAY,7,453504,-810454,29,41.90,2017-05-21 23:25:00,1584,3.00,.00,0.00200000,<,0,.002000,NB/T-MS,NIOBIUM,UG/L,45.58444,-81.08167
201705001,2018-02-28 15:06:00,CCGS LIMNOS,GEORGIAN BAY,9,451442,-805229,17,77.50,2017-05-22 04:32:00,1584,3.00,.00,0.00200000,<,0,.002000,NB/T-MS,NIOBIUM,UG/L,45.24500,-80.87472
201705001,2018-02-28 15:06:00,CCGS LIMNOS,GEORGIAN BAY,9,451442,-805229,17,77.50,2017-05-22 04:32:00,1584,3.00,.00,0.00200000,<,1,.002000,NB/T-MS,NIOBIUM,UG/L,45.24500,-80.87472
201705001,2018-02-28 15:06:00,CCGS LIMNOS,GEORGIAN BAY,9,451442,-805229,17,77.50,2017-05-22 04:32:00,1584,998.00,.00,0.00200000,<,0,.002000,NB/T-MS,NIOBIUM,UG/L,45.24500,-80.87472
201705001,2018-02-28 15:06:00,CCGS LIMNOS,GEORGIAN BAY,14,445219,-795801,9,28.89,2017-05-23 02:10:00,1584,3.00,.00,0.00200000,<,0,.002000,NB/T-MS,NIOBIUM,UG/L,44.87194,-79.96694
201705001,2018-02-28 15:06:00,CCGS LIMNOS,GEORGIAN BAY,16,443847,-801004,4,58.00,2017-05-23 06:33:00,1584,3.00,.00,0.00200000,<,0,.002000,NB/T-MS,NIOBIUM,UG/L,44.64639,-80.16778
201705001,2018-02-28 15:06:00,CCGS LIMNOS,GEORGIAN BAY,19,444306,-805120,1,89.30,2017-05-23 13:17:00,1584,3.00,.00,0.00200000,<,0,.002000,NB/T-MS,NIOBIUM,UG/L,44.71833,-80.85556
201705001,2018-02-28 15:06:00,CCGS LIMNOS,GEORGIAN BAY,24,452213,-813502,33,53.80,2017-05-24 04:03:00,1584,3.00,.00,0.00200000,<,0,.002000,NB/T-MS,NIOBIUM,UG/L,45.37028,-81.58389
201705001,2018-02-28 15:06:00,CCGS LIMNOS,GEORGIAN BAY,2,455445,-813545,42,20.00,2017-05-21 14:33:00,1585,3.00,.00,0.02000000,,0,.790000,NI/T-MS,NICKEL,UG/L,45.91250,-81.59583
201705001,2018-02-28 15:06:00,CCGS LIMNOS,GEORGIAN BAY,4,455158,-810004,27,16.00,2017-05-21 18:42:00,1585,3.00,.00,0.02000000,,0,1.930000,NI/T-MS,NICKEL,UG/L,45.86611,-81.00111
201705001,2018-02-28 15:06:00,CCGS LIMNOS,GEORGIAN BAY,7,453504,-810454,29,41.90,2017-05-21 23:25:00,1585,3.00,.00,0.02000000,,0,.500000,NI/T-MS,NICKEL,UG/L,45.58444,-81.08167
201705001,2018-02-28 15:06:00,CCGS LIMNOS,GEORGIAN BAY,9,451442,-805229,17,77.50,2017-05-22 04:32:00,1585,3.00,.00,0.02000000,,0,.530000,NI/T-MS,NICKEL,UG/L,45.24500,-80.87472
201705001,2018-02-28 15:06:00,CCGS LIMNOS,GEORGIAN BAY,9,451442,-805229,17,77.50,2017-05-22 04:32:00,1585,3.00,.00,0.02000000,,1,.520000,NI/T-MS,NICKEL,UG/L,45.24500,-80.87472
201705001,2018-02-28 15:06:00,CCGS LIMNOS,GEORGIAN BAY,9,451442,-805229,17,77.50,2017-05-22 04:32:00,1585,998.00,.00,0.02000000,<,0,.020000,NI/T-MS,NICKEL,UG/L,45.24500,-80.87472
201705001,2018-02-28 15:06:00,CCGS LIMNOS,GEORGIAN BAY,14,445219,-795801,9,28.89,2017-05-23 02:10:00,1585,3.00,.00,0.02000000,,0,.410000,NI/T-MS,NICKEL,UG/L,44.87194,-79.96694
201705001,2018-02-28 15:06:00,CCGS LIMNOS,GEORGIAN BAY,16,443847,-801004,4,58.00,2017-05-23 06:33:00,1585,3.00,.00,0.02000000,,0,.500000,NI/T-MS,NICKEL,UG/L,44.64639,-80.16778
201705001,2018-02-28 15:06:00,CCGS LIMNOS,GEORGIAN BAY,19,444306,-805120,1,89.30,2017-05-23 13:17:00,1585,3.00,.00,0.02000000,,0,.510000,NI/T-MS,NICKEL,UG/L,44.71833,-80.85556
201705001,2018-02-28 15:06:00,CCGS LIMNOS,GEORGIAN BAY,24,452213,-813502,33,53.80,2017-05-24 04:03:00,1585,3.00,.00,0.02000000,,0,.480000,NI/T-MS,NICKEL,UG/L,45.37028,-81.58389
201705001,2018-02-28 15:06:00,CCGS LIMNOS,GEORGIAN BAY,2,455445,-813545,42,20.00,2017-05-21 14:33:00,1586,3.00,.00,0.00500000,<,0,.005000,PB/T-MS,LEAD,UG/L,45.91250,-81.59583
201705001,2018-02-28 15:06:00,CCGS LIMNOS,GEORGIAN BAY,4,455158,-810004,27,16.00,2017-05-21 18:42:00,1586,3.00,.00,0.00500000,,0,.014000,PB/T-MS,LEAD,UG/L,45.86611,-81.00111
201705001,2018-02-28 15:06:00,CCGS LIMNOS,GEORGIAN BAY,7,453504,-810454,29,41.90,2017-05-21 23:25:00,1586,3.00,.00,0.00500000,<,0,.005000,PB/T-MS,LEAD,UG/L,45.58444,-81.08167
201705001,2018-02-28 15:06:00,CCGS LIMNOS,GEORGIAN BAY,9,451442,-805229,17,77.50,2017-05-22 04:32:00,1586,3.00,.00,0.00500000,<,0,.005000,PB/T-MS,LEAD,UG/L,45.24500,-80.87472
201705001,2018-02-28 15:06:00,CCGS LIMNOS,GEORGIAN BAY,9,451442,-805229,17,77.50,2017-05-22 04:32:00,1586,3.00,.00,0.00500000,<,1,.005000,PB/T-MS,LEAD,UG/L,45.24500,-80.87472
201705001,2018-02-28 15:06:00,CCGS LIMNOS,GEORGIAN BAY,9,451442,-805229,17,77.50,2017-05-22 04:32:00,1586,998.00,.00,0.00500000,<,0,.005000,PB/T-MS,LEAD,UG/L,45.24500,-80.87472
201705001,2018-02-28 15:06:00,CCGS LIMNOS,GEORGIAN BAY,14,445219,-795801,9,28.89,2017-05-23 02:10:00,1586,3.00,.00,0.00500000,,0,.019000,PB/T-MS,LEAD,UG/L,44.87194,-79.96694
201705001,2018-02-28 15:06:00,CCGS LIMNOS,GEORGIAN BAY,16,443847,-801004,4,58.00,2017-05-23 06:33:00,1586,3.00,.00,0.00500000,<,0,.005000,PB/T-MS,LEAD,UG/L,44.64639,-80.16778
201705001,2018-02-28 15:06:00,CCGS LIMNOS,GEORGIAN BAY,19,444306,-805120,1,89.30,2017-05-23 13:17:00,1586,3.00,.00,0.00500000,<,0,.005000,PB/T-MS,LEAD,UG/L,44.71833,-80.85556
201705001,2018-02-28 15:06:00,CCGS LIMNOS,GEORGIAN BAY,24,452213,-813502,33,53.80,2017-05-24 04:03:00,1586,3.00,.00,0.00500000,<,0,.005000,PB/T-MS,LEAD,UG/L,45.37028,-81.58389
201705001,2018-02-28 15:06:00,CCGS LIMNOS,GEORGIAN BAY,2,455445,-813545,42,20.00,2017-05-21 14:33:00,1588,3.00,.00,0.00100000,<,0,.001000,PT/T-MS,PLATINUM,ug/L,45.91250,-81.59583
201705001,2018-02-28 15:06:00,CCGS LIMNOS,GEORGIAN BAY,4,455158,-810004,27,16.00,2017-05-21 18:42:00,1588,3.00,.00,0.00100000,<,0,.001000,PT/T-MS,PLATINUM,ug/L,45.86611,-81.00111
201705001,2018-02-28 15:06:00,CCGS LIMNOS,GEORGIAN BAY,7,453504,-810454,29,41.90,2017-05-21 23:25:00,1588,3.00,.00,0.00100000,<,0,.001000,PT/T-MS,PLATINUM,ug/L,45.58444,-81.08167
201705001,2018-02-28 15:06:00,CCGS LIMNOS,GEORGIAN BAY,9,451442,-805229,17,77.50,2017-05-22 04:32:00,1588,3.00,.00,0.00100000,<,0,.001000,PT/T-MS,PLATINUM,ug/L,45.24500,-80.87472
201705001,2018-02-28 15:06:00,CCGS LIMNOS,GEORGIAN BAY,9,451442,-805229,17,77.50,2017-05-22 04:32:00,1588,3.00,.00,0.00100000,<,1,.001000,PT/T-MS,PLATINUM,ug/L,45.24500,-80.87472
201705001,2018-02-28 15:06:00,CCGS LIMNOS,GEORGIAN BAY,9,451442,-805229,17,77.50,2017-05-22 04:32:00,1588,998.00,.00,0.00100000,<,0,.001000,PT/T-MS,PLATINUM,ug/L,45.24500,-80.87472
201705001,2018-02-28 15:06:00,CCGS LIMNOS,GEORGIAN BAY,14,445219,-795801,9,28.89,2017-05-23 02:10:00,1588,3.00,.00,0.00100000,<,0,.001000,PT/T-MS,PLATINUM,ug/L,44.87194,-79.96694
201705001,2018-02-28 15:06:00,CCGS LIMNOS,GEORGIAN BAY,16,443847,-801004,4,58.00,2017-05-23 06:33:00,1588,3.00,.00,0.00100000,<,0,.001000,PT/T-MS,PLATINUM,ug/L,44.64639,-80.16778
201705001,2018-02-28 15:06:00,CCGS LIMNOS,GEORGIAN BAY,19,444306,-805120,1,89.30,2017-05-23 13:17:00,1588,3.00,.00,0.00100000,<,0,.001000,PT/T-MS,PLATINUM,ug/L,44.71833,-80.85556
201705001,2018-02-28 15:06:00,CCGS LIMNOS,GEORGIAN BAY,24,452213,-813502,33,53.80,2017-05-24 04:03:00,1588,3.00,.00,0.00100000,<,0,.001000,PT/T-MS,PLATINUM,ug/L,45.37028,-81.58389
201705001,2018-02-28 15:06:00,CCGS LIMNOS,GEORGIAN BAY,2,455445,-813545,42,20.00,2017-05-21 14:33:00,1589,3.00,.00,0.00100000,,0,.936000,RB/T-MS,RUBIDIUM,UG/L,45.91250,-81.59583
201705001,2018-02-28 15:06:00,CCGS LIMNOS,GEORGIAN BAY,4,455158,-810004,27,16.00,2017-05-21 18:42:00,1589,3.00,.00,0.00100000,,0,1.000000,RB/T-MS,RUBIDIUM,UG/L,45.86611,-81.00111
201705001,2018-02-28 15:06:00,CCGS LIMNOS,GEORGIAN BAY,7,453504,-810454,29,41.90,2017-05-21 23:25:00,1589,3.00,.00,0.00100000,,0,.904000,RB/T-MS,RUBIDIUM,UG/L,45.58444,-81.08167
201705001,2018-02-28 15:06:00,CCGS LIMNOS,GEORGIAN BAY,9,451442,-805229,17,77.50,2017-05-22 04:32:00,1589,3.00,.00,0.00100000,,0,.955000,RB/T-MS,RUBIDIUM,UG/L,45.24500,-80.87472
201705001,2018-02-28 15:06:00,CCGS LIMNOS,GEORGIAN BAY,9,451442,-805229,17,77.50,2017-05-22 04:32:00,1589,3.00,.00,0.00100000,,1,.951000,RB/T-MS,RUBIDIUM,UG/L,45.24500,-80.87472
201705001,2018-02-28 15:06:00,CCGS LIMNOS,GEORGIAN BAY,9,451442,-805229,17,77.50,2017-05-22 04:32:00,1589,998.00,.00,0.00100000,,0,.001000,RB/T-MS,RUBIDIUM,UG/L,45.24500,-80.87472
201705001,2018-02-28 15:06:00,CCGS LIMNOS,GEORGIAN BAY,14,445219,-795801,9,28.89,2017-05-23 02:10:00,1589,3.00,.00,0.00100000,,0,.956000,RB/T-MS,RUBIDIUM,UG/L,44.87194,-79.96694
201705001,2018-02-28 15:06:00,CCGS LIMNOS,GEORGIAN BAY,16,443847,-801004,4,58.00,2017-05-23 06:33:00,1589,3.00,.00,0.00100000,,0,.940000,RB/T-MS,RUBIDIUM,UG/L,44.64639,-80.16778
201705001,2018-02-28 15:06:00,CCGS LIMNOS,GEORGIAN BAY,19,444306,-805120,1,89.30,2017-05-23 13:17:00,1589,3.00,.00,0.00100000,,0,.891000,RB/T-MS,RUBIDIUM,UG/L,44.71833,-80.85556
201705001,2018-02-28 15:06:00,CCGS LIMNOS,GEORGIAN BAY,24,452213,-813502,33,53.80,2017-05-24 04:03:00,1589,3.00,.00,0.00100000,,0,.895000,RB/T-MS,RUBIDIUM,UG/L,45.37028,-81.58389
201705001,2018-02-28 15:06:00,CCGS LIMNOS,GEORGIAN BAY,2,455445,-813545,42,20.00,2017-05-21 14:33:00,1590,3.00,.00,0.00100000,,0,.084000,SB/T-MS,ANTIMONY,UG/L,45.91250,-81.59583
201705001,2018-02-28 15:06:00,CCGS LIMNOS,GEORGIAN BAY,4,455158,-810004,27,16.00,2017-05-21 18:42:00,1590,3.00,.00,0.00100000,,0,.072000,SB/T-MS,ANTIMONY,UG/L,45.86611,-81.00111
201705001,2018-02-28 15:06:00,CCGS LIMNOS,GEORGIAN BAY,7,453504,-810454,29,41.90,2017-05-21 23:25:00,1590,3.00,.00,0.00100000,,0,.085000,SB/T-MS,ANTIMONY,UG/L,45.58444,-81.08167
201705001,2018-02-28 15:06:00,CCGS LIMNOS,GEORGIAN BAY,9,451442,-805229,17,77.50,2017-05-22 04:32:00,1590,3.00,.00,0.00100000,,0,.086000,SB/T-MS,ANTIMONY,UG/L,45.24500,-80.87472
201705001,2018-02-28 15:06:00,CCGS LIMNOS,GEORGIAN BAY,9,451442,-805229,17,77.50,2017-05-22 04:32:00,1590,3.00,.00,0.00100000,,1,.083000,SB/T-MS,ANTIMONY,UG/L,45.24500,-80.87472
201705001,2018-02-28 15:06:00,CCGS LIMNOS,GEORGIAN BAY,9,451442,-805229,17,77.50,2017-05-22 04:32:00,1590,998.00,.00,0.00100000,<,0,.001000,SB/T-MS,ANTIMONY,UG/L,45.24500,-80.87472
201705001,2018-02-28 15:06:00,CCGS LIMNOS,GEORGIAN BAY,14,445219,-795801,9,28.89,2017-05-23 02:10:00,1590,3.00,.00,0.00100000,,0,.064000,SB/T-MS,ANTIMONY,UG/L,44.87194,-79.96694
201705001,2018-02-28 15:06:00,CCGS LIMNOS,GEORGIAN BAY,16,443847,-801004,4,58.00,2017-05-23 06:33:00,1590,3.00,.00,0.00100000,,0,.083000,SB/T-MS,ANTIMONY,UG/L,44.64639,-80.16778
201705001,2018-02-28 15:06:00,CCGS LIMNOS,GEORGIAN BAY,19,444306,-805120,1,89.30,2017-05-23 13:17:00,1590,3.00,.00,0.00100000,,0,.085000,SB/T-MS,ANTIMONY,UG/L,44.71833,-80.85556
201705001,2018-02-28 15:06:00,CCGS LIMNOS,GEORGIAN BAY,24,452213,-813502,33,53.80,2017-05-24 04:03:00,1590,3.00,.00,0.00100000,,0,.085000,SB/T-MS,ANTIMONY,UG/L,45.37028,-81.58389
201705001,2018-02-28 15:06:00,CCGS LIMNOS,GEORGIAN BAY,2,455445,-813545,42,20.00,2017-05-21 14:33:00,1591,3.00,.00,0.01000000,,0,.100000,SE/T-MS,SELENIUM,UG/L,45.91250,-81.59583
201705001,2018-02-28 15:06:00,CCGS LIMNOS,GEORGIAN BAY,4,455158,-810004,27,16.00,2017-05-21 18:42:00,1591,3.00,.00,0.01000000,,0,.110000,SE/T-MS,SELENIUM,UG/L,45.86611,-81.00111
201705001,2018-02-28 15:06:00,CCGS LIMNOS,GEORGIAN BAY,7,453504,-810454,29,41.90,2017-05-21 23:25:00,1591,3.00,.00,0.01000000,,0,.100000,SE/T-MS,SELENIUM,UG/L,45.58444,-81.08167
201705001,2018-02-28 15:06:00,CCGS LIMNOS,GEORGIAN BAY,9,451442,-805229,17,77.50,2017-05-22 04:32:00,1591,3.00,.00,0.01000000,,0,.100000,SE/T-MS,SELENIUM,UG/L,45.24500,-80.87472
201705001,2018-02-28 15:06:00,CCGS LIMNOS,GEORGIAN BAY,9,451442,-805229,17,77.50,2017-05-22 04:32:00,1591,3.00,.00,0.01000000,,1,.120000,SE/T-MS,SELENIUM,UG/L,45.24500,-80.87472
201705001,2018-02-28 15:06:00,CCGS LIMNOS,GEORGIAN BAY,9,451442,-805229,17,77.50,2017-05-22 04:32:00,1591,998.00,.00,0.01000000,<,0,.010000,SE/T-MS,SELENIUM,UG/L,45.24500,-80.87472
201705001,2018-02-28 15:06:00,CCGS LIMNOS,GEORGIAN BAY,14,445219,-795801,9,28.89,2017-05-23 02:10:00,1591,3.00,.00,0.01000000,,0,.070000,SE/T-MS,SELENIUM,UG/L,44.87194,-79.96694
201705001,2018-02-28 15:06:00,CCGS LIMNOS,GEORGIAN BAY,16,443847,-801004,4,58.00,2017-05-23 06:33:00,1591,3.00,.00,0.01000000,,0,.110000,SE/T-MS,SELENIUM,UG/L,44.64639,-80.16778
201705001,2018-02-28 15:06:00,CCGS LIMNOS,GEORGIAN BAY,19,444306,-805120,1,89.30,2017-05-23 13:17:00,1591,3.00,.00,0.01000000,,0,.100000,SE/T-MS,SELENIUM,UG/L,44.71833,-80.85556
201705001,2018-02-28 15:06:00,CCGS LIMNOS,GEORGIAN BAY,24,452213,-813502,33,53.80,2017-05-24 04:03:00,1591,3.00,.00,0.01000000,,0,.100000,SE/T-MS,SELENIUM,UG/L,45.37028,-81.58389
201705001,2018-02-28 15:06:00,CCGS LIMNOS,GEORGIAN BAY,2,455445,-813545,42,20.00,2017-05-21 14:33:00,1592,3.00,.00,0.00500000,<,0,.005000,SN/T-MS,TIN,UG/L,45.91250,-81.59583
201705001,2018-02-28 15:06:00,CCGS LIMNOS,GEORGIAN BAY,4,455158,-810004,27,16.00,2017-05-21 18:42:00,1592,3.00,.00,0.00500000,<,0,.005000,SN/T-MS,TIN,UG/L,45.86611,-81.00111
201705001,2018-02-28 15:06:00,CCGS LIMNOS,GEORGIAN BAY,7,453504,-810454,29,41.90,2017-05-21 23:25:00,1592,3.00,.00,0.00500000,<,0,.005000,SN/T-MS,TIN,UG/L,45.58444,-81.08167
201705001,2018-02-28 15:06:00,CCGS LIMNOS,GEORGIAN BAY,9,451442,-805229,17,77.50,2017-05-22 04:32:00,1592,3.00,.00,0.00500000,<,0,.005000,SN/T-MS,TIN,UG/L,45.24500,-80.87472
201705001,2018-02-28 15:06:00,CCGS LIMNOS,GEORGIAN BAY,9,451442,-805229,17,77.50,2017-05-22 04:32:00,1592,3.00,.00,0.00500000,<,1,.005000,SN/T-MS,TIN,UG/L,45.24500,-80.87472
201705001,2018-02-28 15:06:00,CCGS LIMNOS,GEORGIAN BAY,9,451442,-805229,17,77.50,2017-05-22 04:32:00,1592,998.00,.00,0.00500000,<,0,.005000,SN/T-MS,TIN,UG/L,45.24500,-80.87472
201705001,2018-02-28 15:06:00,CCGS LIMNOS,GEORGIAN BAY,14,445219,-795801,9,28.89,2017-05-23 02:10:00,1592,3.00,.00,0.00500000,<,0,.005000,SN/T-MS,TIN,UG/L,44.87194,-79.96694
201705001,2018-02-28 15:06:00,CCGS LIMNOS,GEORGIAN BAY,16,443847,-801004,4,58.00,2017-05-23 06:33:00,1592,3.00,.00,0.00500000,<,0,.005000,SN/T-MS,TIN,UG/L,44.64639,-80.16778
201705001,2018-02-28 15:06:00,CCGS LIMNOS,GEORGIAN BAY,19,444306,-805120,1,89.30,2017-05-23 13:17:00,1592,3.00,.00,0.00500000,<,0,.005000,SN/T-MS,TIN,UG/L,44.71833,-80.85556
201705001,2018-02-28 15:06:00,CCGS LIMNOS,GEORGIAN BAY,24,452213,-813502,33,53.80,2017-05-24 04:03:00,1592,3.00,.00,0.00500000,<,0,.005000,SN/T-MS,TIN,UG/L,45.37028,-81.58389
201705001,2018-02-28 15:06:00,CCGS LIMNOS,GEORGIAN BAY,2,455445,-813545,42,20.00,2017-05-21 14:33:00,1593,3.00,.00,0.05000000,,0,83.800000,SR/T-MS,STRONTIUM,UG/L,45.91250,-81.59583
201705001,2018-02-28 15:06:00,CCGS LIMNOS,GEORGIAN BAY,4,455158,-810004,27,16.00,2017-05-21 18:42:00,1593,3.00,.00,0.05000000,,0,68.500000,SR/T-MS,STRONTIUM,UG/L,45.86611,-81.00111
201705001,2018-02-28 15:06:00,CCGS LIMNOS,GEORGIAN BAY,7,453504,-810454,29,41.90,2017-05-21 23:25:00,1593,3.00,.00,0.05000000,,0,87.300000,SR/T-MS,STRONTIUM,UG/L,45.58444,-81.08167
201705001,2018-02-28 15:06:00,CCGS LIMNOS,GEORGIAN BAY,9,451442,-805229,17,77.50,2017-05-22 04:32:00,1593,3.00,.00,0.05000000,,0,88.600000,SR/T-MS,STRONTIUM,UG/L,45.24500,-80.87472
201705001,2018-02-28 15:06:00,CCGS LIMNOS,GEORGIAN BAY,9,451442,-805229,17,77.50,2017-05-22 04:32:00,1593,3.00,.00,0.05000000,,1,87.600000,SR/T-MS,STRONTIUM,UG/L,45.24500,-80.87472
201705001,2018-02-28 15:06:00,CCGS LIMNOS,GEORGIAN BAY,9,451442,-805229,17,77.50,2017-05-22 04:32:00,1593,998.00,.00,0.05000000,<,0,.050000,SR/T-MS,STRONTIUM,UG/L,45.24500,-80.87472
201705001,2018-02-28 15:06:00,CCGS LIMNOS,GEORGIAN BAY,14,445219,-795801,9,28.89,2017-05-23 02:10:00,1593,3.00,.00,0.05000000,,0,86.400000,SR/T-MS,STRONTIUM,UG/L,44.87194,-79.96694
201705001,2018-02-28 15:06:00,CCGS LIMNOS,GEORGIAN BAY,16,443847,-801004,4,58.00,2017-05-23 06:33:00,1593,3.00,.00,0.05000000,,0,88.700000,SR/T-MS,STRONTIUM,UG/L,44.64639,-80.16778
201705001,2018-02-28 15:06:00,CCGS LIMNOS,GEORGIAN BAY,19,444306,-805120,1,89.30,2017-05-23 13:17:00,1593,3.00,.00,0.05000000,,0,88.600000,SR/T-MS,STRONTIUM,UG/L,44.71833,-80.85556
201705001,2018-02-28 15:06:00,CCGS LIMNOS,GEORGIAN BAY,24,452213,-813502,33,53.80,2017-05-24 04:03:00,1593,3.00,.00,0.05000000,,0,88.300000,SR/T-MS,STRONTIUM,UG/L,45.37028,-81.58389
201705001,2018-02-28 15:06:00,CCGS LIMNOS,GEORGIAN BAY,2,455445,-813545,42,20.00,2017-05-21 14:33:00,1594,3.00,.00,0.05000000,,0,.110000,TI/T-MS,TITANIUM,UG/L,45.91250,-81.59583
201705001,2018-02-28 15:06:00,CCGS LIMNOS,GEORGIAN BAY,4,455158,-810004,27,16.00,2017-05-21 18:42:00,1594,3.00,.00,0.05000000,,0,.340000,TI/T-MS,TITANIUM,UG/L,45.86611,-81.00111
201705001,2018-02-28 15:06:00,CCGS LIMNOS,GEORGIAN BAY,7,453504,-810454,29,41.90,2017-05-21 23:25:00,1594,3.00,.00,0.05000000,<,0,.050000,TI/T-MS,TITANIUM,UG/L,45.58444,-81.08167
201705001,2018-02-28 15:06:00,CCGS LIMNOS,GEORGIAN BAY,9,451442,-805229,17,77.50,2017-05-22 04:32:00,1594,3.00,.00,0.05000000,,1,.070000,TI/T-MS,TITANIUM,UG/L,45.24500,-80.87472
201705001,2018-02-28 15:06:00,CCGS LIMNOS,GEORGIAN BAY,9,451442,-805229,17,77.50,2017-05-22 04:32:00,1594,3.00,.00,0.05000000,<,0,.050000,TI/T-MS,TITANIUM,UG/L,45.24500,-80.87472
201705001,2018-02-28 15:06:00,CCGS LIMNOS,GEORGIAN BAY,9,451442,-805229,17,77.50,2017-05-22 04:32:00,1594,998.00,.00,0.05000000,<,0,.050000,TI/T-MS,TITANIUM,UG/L,45.24500,-80.87472
201705001,2018-02-28 15:06:00,CCGS LIMNOS,GEORGIAN BAY,14,445219,-795801,9,28.89,2017-05-23 02:10:00,1594,3.00,.00,0.05000000,,0,.240000,TI/T-MS,TITANIUM,UG/L,44.87194,-79.96694
201705001,2018-02-28 15:06:00,CCGS LIMNOS,GEORGIAN BAY,16,443847,-801004,4,58.00,2017-05-23 06:33:00,1594,3.00,.00,0.05000000,,0,.060000,TI/T-MS,TITANIUM,UG/L,44.64639,-80.16778
201705001,2018-02-28 15:06:00,CCGS LIMNOS,GEORGIAN BAY,19,444306,-805120,1,89.30,2017-05-23 13:17:00,1594,3.00,.00,0.05000000,<,0,.050000,TI/T-MS,TITANIUM,UG/L,44.71833,-80.85556
201705001,2018-02-28 15:06:00,CCGS LIMNOS,GEORGIAN BAY,24,452213,-813502,33,53.80,2017-05-24 04:03:00,1594,3.00,.00,0.05000000,<,0,.050000,TI/T-MS,TITANIUM,UG/L,45.37028,-81.58389
201705001,2018-02-28 15:06:00,CCGS LIMNOS,GEORGIAN BAY,2,455445,-813545,42,20.00,2017-05-21 14:33:00,1595,3.00,.00,0.00100000,<,0,.001000,TL/T-MS,THALLIUM,UG/L,45.91250,-81.59583
201705001,2018-02-28 15:06:00,CCGS LIMNOS,GEORGIAN BAY,4,455158,-810004,27,16.00,2017-05-21 18:42:00,1595,3.00,.00,0.00100000,,0,.002000,TL/T-MS,THALLIUM,UG/L,45.86611,-81.00111
201705001,2018-02-28 15:06:00,CCGS LIMNOS,GEORGIAN BAY,7,453504,-810454,29,41.90,2017-05-21 23:25:00,1595,3.00,.00,0.00100000,<,0,.001000,TL/T-MS,THALLIUM,UG/L,45.58444,-81.08167
201705001,2018-02-28 15:06:00,CCGS LIMNOS,GEORGIAN BAY,9,451442,-805229,17,77.50,2017-05-22 04:32:00,1595,3.00,.00,0.00100000,<,0,.001000,TL/T-MS,THALLIUM,UG/L,45.24500,-80.87472
201705001,2018-02-28 15:06:00,CCGS LIMNOS,GEORGIAN BAY,9,451442,-805229,17,77.50,2017-05-22 04:32:00,1595,3.00,.00,0.00100000,<,1,.001000,TL/T-MS,THALLIUM,UG/L,45.24500,-80.87472
201705001,2018-02-28 15:06:00,CCGS LIMNOS,GEORGIAN BAY,9,451442,-805229,17,77.50,2017-05-22 04:32:00,1595,998.00,.00,0.00100000,<,0,.001000,TL/T-MS,THALLIUM,UG/L,45.24500,-80.87472
201705001,2018-02-28 15:06:00,CCGS LIMNOS,GEORGIAN BAY,14,445219,-795801,9,28.89,2017-05-23 02:10:00,1595,3.00,.00,0.00100000,<,0,.001000,TL/T-MS,THALLIUM,UG/L,44.87194,-79.96694
201705001,2018-02-28 15:06:00,CCGS LIMNOS,GEORGIAN BAY,16,443847,-801004,4,58.00,2017-05-23 06:33:00,1595,3.00,.00,0.00100000,<,0,.001000,TL/T-MS,THALLIUM,UG/L,44.64639,-80.16778
201705001,2018-02-28 15:06:00,CCGS LIMNOS,GEORGIAN BAY,19,444306,-805120,1,89.30,2017-05-23 13:17:00,1595,3.00,.00,0.00100000,,0,.001000,TL/T-MS,THALLIUM,UG/L,44.71833,-80.85556
201705001,2018-02-28 15:06:00,CCGS LIMNOS,GEORGIAN BAY,24,452213,-813502,33,53.80,2017-05-24 04:03:00,1595,3.00,.00,0.00100000,,0,.001000,TL/T-MS,THALLIUM,UG/L,45.37028,-81.58389
201705001,2018-02-28 15:06:00,CCGS LIMNOS,GEORGIAN BAY,2,455445,-813545,42,20.00,2017-05-21 14:33:00,1596,3.00,.00,0.00050000,,0,.170000,U/T-MS,URANIUM,UG/L,45.91250,-81.59583
201705001,2018-02-28 15:06:00,CCGS LIMNOS,GEORGIAN BAY,4,455158,-810004,27,16.00,2017-05-21 18:42:00,1596,3.00,.00,0.00050000,,0,.132000,U/T-MS,URANIUM,UG/L,45.86611,-81.00111
201705001,2018-02-28 15:06:00,CCGS LIMNOS,GEORGIAN BAY,7,453504,-810454,29,41.90,2017-05-21 23:25:00,1596,3.00,.00,0.00050000,,0,.178000,U/T-MS,URANIUM,UG/L,45.58444,-81.08167
201705001,2018-02-28 15:06:00,CCGS LIMNOS,GEORGIAN BAY,9,451442,-805229,17,77.50,2017-05-22 04:32:00,1596,3.00,.00,0.00050000,,0,.182000,U/T-MS,URANIUM,UG/L,45.24500,-80.87472
201705001,2018-02-28 15:06:00,CCGS LIMNOS,GEORGIAN BAY,9,451442,-805229,17,77.50,2017-05-22 04:32:00,1596,3.00,.00,0.00050000,,1,.180000,U/T-MS,URANIUM,UG/L,45.24500,-80.87472
201705001,2018-02-28 15:06:00,CCGS LIMNOS,GEORGIAN BAY,9,451442,-805229,17,77.50,2017-05-22 04:32:00,1596,998.00,.00,0.00050000,<,0,.000500,U/T-MS,URANIUM,UG/L,45.24500,-80.87472
201705001,2018-02-28 15:06:00,CCGS LIMNOS,GEORGIAN BAY,14,445219,-795801,9,28.89,2017-05-23 02:10:00,1596,3.00,.00,0.00050000,,0,.155000,U/T-MS,URANIUM,UG/L,44.87194,-79.96694
201705001,2018-02-28 15:06:00,CCGS LIMNOS,GEORGIAN BAY,16,443847,-801004,4,58.00,2017-05-23 06:33:00,1596,3.00,.00,0.00050000,,0,.182000,U/T-MS,URANIUM,UG/L,44.64639,-80.16778
201705001,2018-02-28 15:06:00,CCGS LIMNOS,GEORGIAN BAY,19,444306,-805120,1,89.30,2017-05-23 13:17:00,1596,3.00,.00,0.00050000,,0,.184000,U/T-MS,URANIUM,UG/L,44.71833,-80.85556
201705001,2018-02-28 15:06:00,CCGS LIMNOS,GEORGIAN BAY,24,452213,-813502,33,53.80,2017-05-24 04:03:00,1596,3.00,.00,0.00050000,,0,.181000,U/T-MS,URANIUM,UG/L,45.37028,-81.58389
201705001,2018-02-28 15:06:00,CCGS LIMNOS,GEORGIAN BAY,2,455445,-813545,42,20.00,2017-05-21 14:33:00,1597,3.00,.00,0.01000000,,0,.140000,V/T-MS,VANADIUM,UG/L,45.91250,-81.59583
201705001,2018-02-28 15:06:00,CCGS LIMNOS,GEORGIAN BAY,4,455158,-810004,27,16.00,2017-05-21 18:42:00,1597,3.00,.00,0.01000000,,0,.150000,V/T-MS,VANADIUM,UG/L,45.86611,-81.00111
201705001,2018-02-28 15:06:00,CCGS LIMNOS,GEORGIAN BAY,7,453504,-810454,29,41.90,2017-05-21 23:25:00,1597,3.00,.00,0.01000000,,0,.140000,V/T-MS,VANADIUM,UG/L,45.58444,-81.08167
201705001,2018-02-28 15:06:00,CCGS LIMNOS,GEORGIAN BAY,9,451442,-805229,17,77.50,2017-05-22 04:32:00,1597,3.00,.00,0.01000000,,0,.130000,V/T-MS,VANADIUM,UG/L,45.24500,-80.87472
201705001,2018-02-28 15:06:00,CCGS LIMNOS,GEORGIAN BAY,9,451442,-805229,17,77.50,2017-05-22 04:32:00,1597,3.00,.00,0.01000000,,1,.130000,V/T-MS,VANADIUM,UG/L,45.24500,-80.87472
201705001,2018-02-28 15:06:00,CCGS LIMNOS,GEORGIAN BAY,9,451442,-805229,17,77.50,2017-05-22 04:32:00,1597,998.00,.00,0.01000000,<,0,.010000,V/T-MS,VANADIUM,UG/L,45.24500,-80.87472
201705001,2018-02-28 15:06:00,CCGS LIMNOS,GEORGIAN BAY,14,445219,-795801,9,28.89,2017-05-23 02:10:00,1597,3.00,.00,0.01000000,,0,.170000,V/T-MS,VANADIUM,UG/L,44.87194,-79.96694
201705001,2018-02-28 15:06:00,CCGS LIMNOS,GEORGIAN BAY,16,443847,-801004,4,58.00,2017-05-23 06:33:00,1597,3.00,.00,0.01000000,,0,.140000,V/T-MS,VANADIUM,UG/L,44.64639,-80.16778
201705001,2018-02-28 15:06:00,CCGS LIMNOS,GEORGIAN BAY,19,444306,-805120,1,89.30,2017-05-23 13:17:00,1597,3.00,.00,0.01000000,,0,.130000,V/T-MS,VANADIUM,UG/L,44.71833,-80.85556
201705001,2018-02-28 15:06:00,CCGS LIMNOS,GEORGIAN BAY,24,452213,-813502,33,53.80,2017-05-24 04:03:00,1597,3.00,.00,0.01000000,,0,.130000,V/T-MS,VANADIUM,UG/L,45.37028,-81.58389
201705001,2018-02-28 15:06:00,CCGS LIMNOS,GEORGIAN BAY,2,455445,-813545,42,20.00,2017-05-21 14:33:00,1598,3.00,.00,0.00100000,,0,.007000,W/T-MS,TUNGSTEN,UG/L,45.91250,-81.59583
201705001,2018-02-28 15:06:00,CCGS LIMNOS,GEORGIAN BAY,4,455158,-810004,27,16.00,2017-05-21 18:42:00,1598,3.00,.00,0.00100000,,0,.010000,W/T-MS,TUNGSTEN,UG/L,45.86611,-81.00111
201705001,2018-02-28 15:06:00,CCGS LIMNOS,GEORGIAN BAY,7,453504,-810454,29,41.90,2017-05-21 23:25:00,1598,3.00,.00,0.00100000,,0,.006000,W/T-MS,TUNGSTEN,UG/L,45.58444,-81.08167
201705001,2018-02-28 15:06:00,CCGS LIMNOS,GEORGIAN BAY,9,451442,-805229,17,77.50,2017-05-22 04:32:00,1598,3.00,.00,0.00100000,,0,.007000,W/T-MS,TUNGSTEN,UG/L,45.24500,-80.87472
201705001,2018-02-28 15:06:00,CCGS LIMNOS,GEORGIAN BAY,9,451442,-805229,17,77.50,2017-05-22 04:32:00,1598,3.00,.00,0.00100000,,1,.007000,W/T-MS,TUNGSTEN,UG/L,45.24500,-80.87472
201705001,2018-02-28 15:06:00,CCGS LIMNOS,GEORGIAN BAY,9,451442,-805229,17,77.50,2017-05-22 04:32:00,1598,998.00,.00,0.00100000,<,0,.001000,W/T-MS,TUNGSTEN,UG/L,45.24500,-80.87472
201705001,2018-02-28 15:06:00,CCGS LIMNOS,GEORGIAN BAY,14,445219,-795801,9,28.89,2017-05-23 02:10:00,1598,3.00,.00,0.00100000,,0,.004000,W/T-MS,TUNGSTEN,UG/L,44.87194,-79.96694
201705001,2018-02-28 15:06:00,CCGS LIMNOS,GEORGIAN BAY,16,443847,-801004,4,58.00,2017-05-23 06:33:00,1598,3.00,.00,0.00100000,,0,.006000,W/T-MS,TUNGSTEN,UG/L,44.64639,-80.16778
201705001,2018-02-28 15:06:00,CCGS LIMNOS,GEORGIAN BAY,19,444306,-805120,1,89.30,2017-05-23 13:17:00,1598,3.00,.00,0.00100000,,0,.007000,W/T-MS,TUNGSTEN,UG/L,44.71833,-80.85556
201705001,2018-02-28 15:06:00,CCGS LIMNOS,GEORGIAN BAY,24,452213,-813502,33,53.80,2017-05-24 04:03:00,1598,3.00,.00,0.00100000,,0,.007000,W/T-MS,TUNGSTEN,UG/L,45.37028,-81.58389
201705001,2018-02-28 15:06:00,CCGS LIMNOS,GEORGIAN BAY,2,455445,-813545,42,20.00,2017-05-21 14:33:00,1599,3.00,.00,0.00100000,,0,.016000,Y/T-MS,YTTRIUM,UG/L,45.91250,-81.59583
201705001,2018-02-28 15:06:00,CCGS LIMNOS,GEORGIAN BAY,4,455158,-810004,27,16.00,2017-05-21 18:42:00,1599,3.00,.00,0.00100000,,0,.048000,Y/T-MS,YTTRIUM,UG/L,45.86611,-81.00111
201705001,2018-02-28 15:06:00,CCGS LIMNOS,GEORGIAN BAY,7,453504,-810454,29,41.90,2017-05-21 23:25:00,1599,3.00,.00,0.00100000,,0,.007000,Y/T-MS,YTTRIUM,UG/L,45.58444,-81.08167
201705001,2018-02-28 15:06:00,CCGS LIMNOS,GEORGIAN BAY,9,451442,-805229,17,77.50,2017-05-22 04:32:00,1599,3.00,.00,0.00100000,,0,.008000,Y/T-MS,YTTRIUM,UG/L,45.24500,-80.87472
201705001,2018-02-28 15:06:00,CCGS LIMNOS,GEORGIAN BAY,9,451442,-805229,17,77.50,2017-05-22 04:32:00,1599,3.00,.00,0.00100000,,1,.006000,Y/T-MS,YTTRIUM,UG/L,45.24500,-80.87472
201705001,2018-02-28 15:06:00,CCGS LIMNOS,GEORGIAN BAY,9,451442,-805229,17,77.50,2017-05-22 04:32:00,1599,998.00,.00,0.00100000,<,0,.001000,Y/T-MS,YTTRIUM,UG/L,45.24500,-80.87472
201705001,2018-02-28 15:06:00,CCGS LIMNOS,GEORGIAN BAY,14,445219,-795801,9,28.89,2017-05-23 02:10:00,1599,3.00,.00,0.00100000,,0,.048000,Y/T-MS,YTTRIUM,UG/L,44.87194,-79.96694
201705001,2018-02-28 15:06:00,CCGS LIMNOS,GEORGIAN BAY,16,443847,-801004,4,58.00,2017-05-23 06:33:00,1599,3.00,.00,0.00100000,,0,.010000,Y/T-MS,YTTRIUM,UG/L,44.64639,-80.16778
201705001,2018-02-28 15:06:00,CCGS LIMNOS,GEORGIAN BAY,19,444306,-805120,1,89.30,2017-05-23 13:17:00,1599,3.00,.00,0.00100000,,0,.010000,Y/T-MS,YTTRIUM,UG/L,44.71833,-80.85556
201705001,2018-02-28 15:06:00,CCGS LIMNOS,GEORGIAN BAY,24,452213,-813502,33,53.80,2017-05-24 04:03:00,1599,3.00,.00,0.00100000,,0,.008000,Y/T-MS,YTTRIUM,UG/L,45.37028,-81.58389
201705001,2018-02-28 15:06:00,CCGS LIMNOS,GEORGIAN BAY,2,455445,-813545,42,20.00,2017-05-21 14:33:00,1600,3.00,.00,0.20000000,<,0,.200000,ZN/T-MS,ZINC,UG/L,45.91250,-81.59583
201705001,2018-02-28 15:06:00,CCGS LIMNOS,GEORGIAN BAY,4,455158,-810004,27,16.00,2017-05-21 18:42:00,1600,3.00,.00,0.20000000,,0,.300000,ZN/T-MS,ZINC,UG/L,45.86611,-81.00111
201705001,2018-02-28 15:06:00,CCGS LIMNOS,GEORGIAN BAY,7,453504,-810454,29,41.90,2017-05-21 23:25:00,1600,3.00,.00,0.20000000,<,0,.200000,ZN/T-MS,ZINC,UG/L,45.58444,-81.08167
201705001,2018-02-28 15:06:00,CCGS LIMNOS,GEORGIAN BAY,9,451442,-805229,17,77.50,2017-05-22 04:32:00,1600,3.00,.00,0.20000000,<,0,.200000,ZN/T-MS,ZINC,UG/L,45.24500,-80.87472
201705001,2018-02-28 15:06:00,CCGS LIMNOS,GEORGIAN BAY,9,451442,-805229,17,77.50,2017-05-22 04:32:00,1600,3.00,.00,0.20000000,<,1,.200000,ZN/T-MS,ZINC,UG/L,45.24500,-80.87472
201705001,2018-02-28 15:06:00,CCGS LIMNOS,GEORGIAN BAY,9,451442,-805229,17,77.50,2017-05-22 04:32:00,1600,998.00,.00,0.20000000,<,0,.200000,ZN/T-MS,ZINC,UG/L,45.24500,-80.87472
201705001,2018-02-28 15:06:00,CCGS LIMNOS,GEORGIAN BAY,14,445219,-795801,9,28.89,2017-05-23 02:10:00,1600,3.00,.00,0.20000000,,0,.400000,ZN/T-MS,ZINC,UG/L,44.87194,-79.96694
201705001,2018-02-28 15:06:00,CCGS LIMNOS,GEORGIAN BAY,16,443847,-801004,4,58.00,2017-05-23 06:33:00,1600,3.00,.00,0.20000000,<,0,.200000,ZN/T-MS,ZINC,UG/L,44.64639,-80.16778
201705001,2018-02-28 15:06:00,CCGS LIMNOS,GEORGIAN BAY,19,444306,-805120,1,89.30,2017-05-23 13:17:00,1600,3.00,.00,0.20000000,<,0,.200000,ZN/T-MS,ZINC,UG/L,44.71833,-80.85556
201705001,2018-02-28 15:06:00,CCGS LIMNOS,GEORGIAN BAY,24,452213,-813502,33,53.80,2017-05-24 04:03:00,1600,3.00,.00,0.20000000,<,0,.200000,ZN/T-MS,ZINC,UG/L,45.37028,-81.58389
201705001,2018-02-28 15:06:00,CCGS LIMNOS,GEORGIAN BAY,1,454543,-814744,46,18.30,2017-05-21 12:28:00,1639,1.00,.00,0.01000000,,0,.070000,F-F,FLUORIDE,MG/L,45.76194,-81.79556
201705001,2018-02-28 15:06:00,CCGS LIMNOS,GEORGIAN BAY,2,455445,-813545,42,20.00,2017-05-21 14:33:00,1639,1.00,.00,0.01000000,,0,.070000,F-F,FLUORIDE,MG/L,45.91250,-81.59583
201705001,2018-02-28 15:06:00,CCGS LIMNOS,GEORGIAN BAY,2,455445,-813545,42,20.00,2017-05-21 14:33:00,1639,10.00,.00,0.01000000,,0,.070000,F-F,FLUORIDE,MG/L,45.91250,-81.59583
201705001,2018-02-28 15:06:00,CCGS LIMNOS,GEORGIAN BAY,2,455445,-813545,42,20.00,2017-05-21 14:33:00,1639,18.00,.00,0.01000000,,0,.070000,F-F,FLUORIDE,MG/L,45.91250,-81.59583
201705001,2018-02-28 15:06:00,CCGS LIMNOS,GEORGIAN BAY,3,455226,-811533,39,27.50,2017-05-21 17:07:00,1639,1.00,.00,0.01000000,,0,.070000,F-F,FLUORIDE,MG/L,45.87389,-81.25917
201705001,2018-02-28 15:06:00,CCGS LIMNOS,GEORGIAN BAY,4,455158,-810004,27,16.00,2017-05-21 18:42:00,1639,1.00,.00,0.01000000,,0,.060000,F-F,FLUORIDE,MG/L,45.86611,-81.00111
201705001,2018-02-28 15:06:00,CCGS LIMNOS,GEORGIAN BAY,4,455158,-810004,27,16.00,2017-05-21 18:42:00,1639,14.00,.00,0.01000000,,0,.060000,F-F,FLUORIDE,MG/L,45.86611,-81.00111
201705001,2018-02-28 15:06:00,CCGS LIMNOS,GEORGIAN BAY,5,454957,-805402,26,20.52,2017-05-21 20:08:00,1639,1.00,.00,0.01000000,,0,.060000,F-F,FLUORIDE,MG/L,45.83250,-80.90056
201705001,2018-02-28 15:06:00,CCGS LIMNOS,GEORGIAN BAY,5,454957,-805402,26,20.52,2017-05-21 20:08:00,1639,1.00,.00,0.01000000,,1,.060000,F-F,FLUORIDE,MG/L,45.83250,-80.90056
201705001,2018-02-28 15:06:00,CCGS LIMNOS,GEORGIAN BAY,6,454045,-805024,24,39.70,2017-05-21 21:46:00,1639,1.00,.00,0.01000000,,0,.070000,F-F,FLUORIDE,MG/L,45.67917,-80.84000
201705001,2018-02-28 15:06:00,CCGS LIMNOS,GEORGIAN BAY,7,453504,-810454,29,41.90,2017-05-21 23:25:00,1639,1.00,.00,0.01000000,,0,.070000,F-F,FLUORIDE,MG/L,45.58444,-81.08167
201705001,2018-02-28 15:06:00,CCGS LIMNOS,GEORGIAN BAY,7,453504,-810454,29,41.90,2017-05-21 23:25:00,1639,32.00,.00,0.01000000,,0,.070000,F-F,FLUORIDE,MG/L,45.58444,-81.08167
201705001,2018-02-28 15:06:00,CCGS LIMNOS,GEORGIAN BAY,7,453504,-810454,29,41.90,2017-05-21 23:25:00,1639,40.00,.00,0.01000000,,0,.070000,F-F,FLUORIDE,MG/L,45.58444,-81.08167
201705001,2018-02-28 15:06:00,CCGS LIMNOS,GEORGIAN BAY,8,452154,-811120,21,86.27,2017-05-22 02:06:00,1639,1.00,.00,0.01000000,,0,.070000,F-F,FLUORIDE,MG/L,45.36500,-81.18889
201705001,2018-02-28 15:06:00,CCGS LIMNOS,GEORGIAN BAY,9,451442,-805229,17,77.50,2017-05-22 04:32:00,1639,1.00,.00,0.01000000,,0,.070000,F-F,FLUORIDE,MG/L,45.24500,-80.87472
201705001,2018-02-28 15:06:00,CCGS LIMNOS,GEORGIAN BAY,9,451442,-805229,17,77.50,2017-05-22 04:32:00,1639,50.00,.00,0.01000000,,0,.070000,F-F,FLUORIDE,MG/L,45.24500,-80.87472
201705001,2018-02-28 15:06:00,CCGS LIMNOS,GEORGIAN BAY,9,451442,-805229,17,77.50,2017-05-22 04:32:00,1639,67.00,.00,0.01000000,,0,.070000,F-F,FLUORIDE,MG/L,45.24500,-80.87472
201705001,2018-02-28 15:06:00,CCGS LIMNOS,GEORGIAN BAY,9,451442,-805229,17,77.50,2017-05-22 04:32:00,1639,75.00,.00,0.01000000,,0,.070000,F-F,FLUORIDE,MG/L,45.24500,-80.87472
201705001,2018-02-28 15:06:00,CCGS LIMNOS,GEORGIAN BAY,10,452113,-802912,16,18.38,2017-05-22 14:25:00,1639,1.00,.00,0.01000000,,0,.070000,F-F,FLUORIDE,MG/L,45.35361,-80.48667
201705001,2018-02-28 15:06:00,CCGS LIMNOS,GEORGIAN BAY,10,452113,-802912,16,18.38,2017-05-22 14:25:00,1639,1.00,.00,0.01000000,,1,.070000,F-F,FLUORIDE,MG/L,45.35361,-80.48667
201705001,2018-02-28 15:06:00,CCGS LIMNOS,GEORGIAN BAY,10,452113,-802912,16,18.38,2017-05-22 14:25:00,1639,998.00,.00,0.01000000,<,0,.010000,F-F,FLUORIDE,MG/L,45.35361,-80.48667
201705001,2018-02-28 15:06:00,CCGS LIMNOS,GEORGIAN BAY,10,452113,-802912,16,18.38,2017-05-22 14:25:00,1639,999.00,.00,0.01000000,<,0,.010000,F-F,FLUORIDE,MG/L,45.35361,-80.48667
201705001,2018-02-28 15:06:00,CCGS LIMNOS,GEORGIAN BAY,11,451928,-800703,122,94.00,2017-05-22 16:41:00,1639,1.00,.00,0.01000000,,0,.050000,F-F,FLUORIDE,MG/L,45.32444,-80.11750
201705001,2018-02-28 15:06:00,CCGS LIMNOS,GEORGIAN BAY,12,451001,-801748,15,44.50,2017-05-22 22:41:00,1639,1.00,.00,0.01000000,,0,.070000,F-F,FLUORIDE,MG/L,45.16694,-80.29667
201705001,2018-02-28 15:06:00,CCGS LIMNOS,GEORGIAN BAY,13,445711,-800859,8,50.57,2017-05-23 00:40:00,1639,1.00,.00,0.01000000,,0,.070000,F-F,FLUORIDE,MG/L,44.95306,-80.14972
201705001,2018-02-28 15:06:00,CCGS LIMNOS,GEORGIAN BAY,14,445219,-795801,9,28.89,2017-05-23 02:10:00,1639,1.00,.00,0.01000000,,0,.060000,F-F,FLUORIDE,MG/L,44.87194,-79.96694
201705001,2018-02-28 15:06:00,CCGS LIMNOS,GEORGIAN BAY,14,445219,-795801,9,28.89,2017-05-23 02:10:00,1639,18.00,.00,0.01000000,,0,.070000,F-F,FLUORIDE,MG/L,44.87194,-79.96694
201705001,2018-02-28 15:06:00,CCGS LIMNOS,GEORGIAN BAY,14,445219,-795801,9,28.89,2017-05-23 02:10:00,1639,26.00,.00,0.01000000,,0,.060000,F-F,FLUORIDE,MG/L,44.87194,-79.96694
201705001,2018-02-28 15:06:00,CCGS LIMNOS,GEORGIAN BAY,15,444749,-801440,5,57.50,2017-05-23 05:03:00,1639,1.00,.00,0.01000000,,0,.070000,F-F,FLUORIDE,MG/L,44.79694,-80.24444
201705001,2018-02-28 15:06:00,CCGS LIMNOS,GEORGIAN BAY,15,444749,-801440,5,57.50,2017-05-23 05:03:00,1639,1.00,.00,0.01000000,,1,.070000,F-F,FLUORIDE,MG/L,44.79694,-80.24444
201705001,2018-02-28 15:06:00,CCGS LIMNOS,GEORGIAN BAY,16,443847,-801004,4,58.00,2017-05-23 06:33:00,1639,1.00,.00,0.01000000,,0,.070000,F-F,FLUORIDE,MG/L,44.64639,-80.16778
201705001,2018-02-28 15:06:00,CCGS LIMNOS,GEORGIAN BAY,16,443847,-801004,4,58.00,2017-05-23 06:33:00,1639,48.00,.00,0.01000000,,0,.070000,F-F,FLUORIDE,MG/L,44.64639,-80.16778
201705001,2018-02-28 15:06:00,CCGS LIMNOS,GEORGIAN BAY,16,443847,-801004,4,58.00,2017-05-23 06:33:00,1639,56.00,.00,0.01000000,,0,.070000,F-F,FLUORIDE,MG/L,44.64639,-80.16778
201705001,2018-02-28 15:06:00,CCGS LIMNOS,GEORGIAN BAY,17,444414,-802604,6,85.93,2017-05-23 09:11:00,1639,1.00,.00,0.01000000,,0,.070000,F-F,FLUORIDE,MG/L,44.73722,-80.43444
201705001,2018-02-28 15:06:00,CCGS LIMNOS,GEORGIAN BAY,18,444330,-803656,3,34.05,2017-05-23 10:38:00,1639,1.00,.00,0.01000000,,0,.070000,F-F,FLUORIDE,MG/L,44.72500,-80.61556
201705001,2018-02-28 15:06:00,CCGS LIMNOS,GEORGIAN BAY,19,444306,-805120,1,89.30,2017-05-23 13:17:00,1639,1.00,.00,0.01000000,,0,.070000,F-F,FLUORIDE,MG/L,44.71833,-80.85556
201705001,2018-02-28 15:06:00,CCGS LIMNOS,GEORGIAN BAY,19,444306,-805120,1,89.30,2017-05-23 13:17:00,1639,50.00,.00,0.01000000,,0,.070000,F-F,FLUORIDE,MG/L,44.71833,-80.85556
201705001,2018-02-28 15:06:00,CCGS LIMNOS,GEORGIAN BAY,19,444306,-805120,1,89.30,2017-05-23 13:17:00,1639,79.00,.00,0.01000000,,0,.070000,F-F,FLUORIDE,MG/L,44.71833,-80.85556
201705001,2018-02-28 15:06:00,CCGS LIMNOS,GEORGIAN BAY,19,444306,-805120,1,89.30,2017-05-23 13:17:00,1639,87.00,.00,0.01000000,,0,.070000,F-F,FLUORIDE,MG/L,44.71833,-80.85556
201705001,2018-02-28 15:06:00,CCGS LIMNOS,GEORGIAN BAY,20,445513,-803624,11,61.50,2017-05-23 17:16:00,1639,1.00,.00,0.01000000,,0,.070000,F-F,FLUORIDE,MG/L,44.92028,-80.60667
201705001,2018-02-28 15:06:00,CCGS LIMNOS,GEORGIAN BAY,20,445513,-803624,11,61.50,2017-05-23 17:16:00,1639,1.00,.00,0.01000000,,1,.070000,F-F,FLUORIDE,MG/L,44.92028,-80.60667
201705001,2018-02-28 15:06:00,CCGS LIMNOS,GEORGIAN BAY,20,445513,-803624,11,61.50,2017-05-23 17:16:00,1639,998.00,.00,0.01000000,<,0,.010000,F-F,FLUORIDE,MG/L,44.92028,-80.60667
201705001,2018-02-28 15:06:00,CCGS LIMNOS,GEORGIAN BAY,20,445513,-803624,11,61.50,2017-05-23 17:16:00,1639,999.00,.00,0.01000000,<,0,.010000,F-F,FLUORIDE,MG/L,44.92028,-80.60667
201705001,2018-02-28 15:06:00,CCGS LIMNOS,GEORGIAN BAY,21,445512,-805224,12,87.90,2017-05-23 19:27:00,1639,1.00,.00,0.01000000,,0,.070000,F-F,FLUORIDE,MG/L,44.92000,-80.87333
201705001,2018-02-28 15:06:00,CCGS LIMNOS,GEORGIAN BAY,22,450359,-811508,19,53.41,2017-05-23 22:43:00,1639,1.00,.00,0.01000000,,0,.070000,F-F,FLUORIDE,MG/L,45.06639,-81.25222
201705001,2018-02-28 15:06:00,CCGS LIMNOS,GEORGIAN BAY,23,451421,-812625,31,71.68,2017-05-24 02:35:00,1639,1.00,.00,0.01000000,,0,.070000,F-F,FLUORIDE,MG/L,45.23917,-81.44028
201705001,2018-02-28 15:06:00,CCGS LIMNOS,GEORGIAN BAY,24,452213,-813502,33,53.80,2017-05-24 04:03:00,1639,1.00,.00,0.01000000,,0,.070000,F-F,FLUORIDE,MG/L,45.37028,-81.58389
201705001,2018-02-28 15:06:00,CCGS LIMNOS,GEORGIAN BAY,24,452213,-813502,33,53.80,2017-05-24 04:03:00,1639,43.00,.00,0.01000000,,0,.070000,F-F,FLUORIDE,MG/L,45.37028,-81.58389
201705001,2018-02-28 15:06:00,CCGS LIMNOS,GEORGIAN BAY,24,452213,-813502,33,53.80,2017-05-24 04:03:00,1639,51.00,.00,0.01000000,,0,.070000,F-F,FLUORIDE,MG/L,45.37028,-81.58389
201705002,2018-02-26 13:41:00,CCGS LIMNOS,GEORGIAN BAY,1,453140,-814010,35,35.29,2017-09-13 15:45:00,1639,1.00,.00,0.01000000,,0,.070000,F-F,FLUORIDE,MG/L,45.52778,-81.66944
201705002,2018-02-26 13:41:00,CCGS LIMNOS,GEORGIAN BAY,2,452212,-813508,33,54.52,2017-09-13 17:29:00,1639,1.00,.00,0.01000000,,0,.070000,F-F,FLUORIDE,MG/L,45.37000,-81.58556
201705002,2018-02-26 13:41:00,CCGS LIMNOS,GEORGIAN BAY,2,452212,-813508,33,54.52,2017-09-13 17:29:00,1639,12.00,.00,0.01000000,,0,.070000,F-F,FLUORIDE,MG/L,45.37000,-81.58556
201705002,2018-02-26 13:41:00,CCGS LIMNOS,GEORGIAN BAY,2,452212,-813508,33,54.52,2017-09-13 17:29:00,1639,20.00,.00,0.01000000,,0,.070000,F-F,FLUORIDE,MG/L,45.37000,-81.58556
201705002,2018-02-26 13:41:00,CCGS LIMNOS,GEORGIAN BAY,2,452212,-813508,33,54.52,2017-09-13 17:29:00,1639,30.00,.00,0.01000000,,0,.070000,F-F,FLUORIDE,MG/L,45.37000,-81.58556
201705002,2018-02-26 13:41:00,CCGS LIMNOS,GEORGIAN BAY,2,452212,-813508,33,54.52,2017-09-13 17:29:00,1639,44.00,.00,0.01000000,,0,.070000,F-F,FLUORIDE,MG/L,45.37000,-81.58556
201705002,2018-02-26 13:41:00,CCGS LIMNOS,GEORGIAN BAY,2,452212,-813508,33,54.52,2017-09-13 17:29:00,1639,52.00,.00,0.01000000,,0,.070000,F-F,FLUORIDE,MG/L,45.37000,-81.58556
201705002,2018-02-26 13:41:00,CCGS LIMNOS,GEORGIAN BAY,3,451419,-812628,31,64.75,2017-09-13 19:30:00,1639,1.00,.00,0.01000000,,0,.070000,F-F,FLUORIDE,MG/L,45.23861,-81.44111
201705002,2018-02-26 13:41:00,CCGS LIMNOS,GEORGIAN BAY,4,452154,-811124,21,86.36,2017-09-13 22:54:00,1639,1.00,.00,0.01000000,,0,.070000,F-F,FLUORIDE,MG/L,45.36500,-81.19000
201705002,2018-02-26 13:41:00,CCGS LIMNOS,GEORGIAN BAY,5,451438,-805228,17,77.87,2017-09-14 01:23:00,1639,1.00,.00,0.01000000,,0,.060000,F-F,FLUORIDE,MG/L,45.24389,-80.87444
201705002,2018-02-26 13:41:00,CCGS LIMNOS,GEORGIAN BAY,5,451438,-805228,17,77.87,2017-09-14 01:23:00,1639,1.00,.00,0.01000000,,1,.060000,F-F,FLUORIDE,MG/L,45.24389,-80.87444
201705002,2018-02-26 13:41:00,CCGS LIMNOS,GEORGIAN BAY,5,451438,-805228,17,77.87,2017-09-14 01:23:00,1639,20.00,.00,0.01000000,,0,.060000,F-F,FLUORIDE,MG/L,45.24389,-80.87444
201705002,2018-02-26 13:41:00,CCGS LIMNOS,GEORGIAN BAY,5,451438,-805228,17,77.87,2017-09-14 01:23:00,1639,27.00,.00,0.01000000,,0,.060000,F-F,FLUORIDE,MG/L,45.24389,-80.87444
201705002,2018-02-26 13:41:00,CCGS LIMNOS,GEORGIAN BAY,5,451438,-805228,17,77.87,2017-09-14 01:23:00,1639,41.00,.00,0.01000000,,0,.070000,F-F,FLUORIDE,MG/L,45.24389,-80.87444
201705002,2018-02-26 13:41:00,CCGS LIMNOS,GEORGIAN BAY,5,451438,-805228,17,77.87,2017-09-14 01:23:00,1639,68.00,.00,0.01000000,,0,.070000,F-F,FLUORIDE,MG/L,45.24389,-80.87444
201705002,2018-02-26 13:41:00,CCGS LIMNOS,GEORGIAN BAY,5,451438,-805228,17,77.87,2017-09-14 01:23:00,1639,76.00,.00,0.01000000,,0,.070000,F-F,FLUORIDE,MG/L,45.24389,-80.87444
201705002,2018-02-26 13:41:00,CCGS LIMNOS,GEORGIAN BAY,6,450401,-811513,19,53.73,2017-09-14 04:33:00,1639,1.00,.00,0.01000000,,0,.070000,F-F,FLUORIDE,MG/L,45.06694,-81.25361
201705002,2018-02-26 13:41:00,CCGS LIMNOS,GEORGIAN BAY,7,445512,-805230,12,88.49,2017-09-14 07:17:00,1639,1.00,.00,0.01000000,,0,.070000,F-F,FLUORIDE,MG/L,44.92000,-80.87500
201705002,2018-02-26 13:41:00,CCGS LIMNOS,GEORGIAN BAY,8,445514,-803622,11,62.16,2017-09-14 09:18:00,1639,1.00,.00,0.01000000,,0,.070000,F-F,FLUORIDE,MG/L,44.92056,-80.60611
201705002,2018-02-26 13:41:00,CCGS LIMNOS,GEORGIAN BAY,9,444303,-805122,1,89.7,2017-09-14 11:41:00,1639,1.00,.00,0.01000000,,0,.070000,F-F,FLUORIDE,MG/L,44.71750,-80.85611
201705002,2018-02-26 13:41:00,CCGS LIMNOS,GEORGIAN BAY,9,444303,-805122,1,89.7,2017-09-14 11:41:00,1639,19.00,.00,0.01000000,,0,.070000,F-F,FLUORIDE,MG/L,44.71750,-80.85611
201705002,2018-02-26 13:41:00,CCGS LIMNOS,GEORGIAN BAY,9,444303,-805122,1,89.7,2017-09-14 11:41:00,1639,25.00,.00,0.01000000,,0,.070000,F-F,FLUORIDE,MG/L,44.71750,-80.85611
201705002,2018-02-26 13:41:00,CCGS LIMNOS,GEORGIAN BAY,9,444303,-805122,1,89.7,2017-09-14 11:41:00,1639,34.00,.00,0.01000000,,0,.070000,F-F,FLUORIDE,MG/L,44.71750,-80.85611
201705002,2018-02-26 13:41:00,CCGS LIMNOS,GEORGIAN BAY,9,444303,-805122,1,89.7,2017-09-14 11:41:00,1639,80.00,.00,0.01000000,,0,.070000,F-F,FLUORIDE,MG/L,44.71750,-80.85611
201705002,2018-02-26 13:41:00,CCGS LIMNOS,GEORGIAN BAY,9,444303,-805122,1,89.7,2017-09-14 11:41:00,1639,88.00,.00,0.01000000,,0,.070000,F-F,FLUORIDE,MG/L,44.71750,-80.85611
201705002,2018-02-26 13:41:00,CCGS LIMNOS,GEORGIAN BAY,10,444329,-803701,3,34.36,2017-09-14 13:46:00,1639,1.00,.00,0.01000000,,0,.070000,F-F,FLUORIDE,MG/L,44.72472,-80.61694
201705002,2018-02-26 13:41:00,CCGS LIMNOS,GEORGIAN BAY,10,444329,-803701,3,34.36,2017-09-14 13:46:00,1639,1.00,.00,0.01000000,,1,.070000,F-F,FLUORIDE,MG/L,44.72472,-80.61694
201705002,2018-02-26 13:41:00,CCGS LIMNOS,GEORGIAN BAY,10,444329,-803701,3,34.36,2017-09-14 13:46:00,1639,998.00,.00,0.01000000,<,0,.010000,F-F,FLUORIDE,MG/L,44.72472,-80.61694
201705002,2018-02-26 13:41:00,CCGS LIMNOS,GEORGIAN BAY,10,444329,-803701,3,34.36,2017-09-14 13:46:00,1639,999.00,.00,0.01000000,<,0,.010000,F-F,FLUORIDE,MG/L,44.72472,-80.61694
201705002,2018-02-26 13:41:00,CCGS LIMNOS,GEORGIAN BAY,11,444411,-802606,6,87.05,2017-09-14 15:18:00,1639,1.00,.00,0.01000000,,0,.070000,F-F,FLUORIDE,MG/L,44.73639,-80.43500
201705002,2018-02-26 13:41:00,CCGS LIMNOS,GEORGIAN BAY,12,444746,-801436,5,58.89,2017-09-14 17:16:00,1639,1.00,.00,0.01000000,,0,.070000,F-F,FLUORIDE,MG/L,44.79611,-80.24333
201705002,2018-02-26 13:41:00,CCGS LIMNOS,GEORGIAN BAY,13,443844,-801002,4,57.57,2017-09-14 19:38:00,1639,1.00,.00,0.01000000,,0,.070000,F-F,FLUORIDE,MG/L,44.64556,-80.16722
201705002,2018-02-26 13:41:00,CCGS LIMNOS,GEORGIAN BAY,13,443844,-801002,4,57.57,2017-09-14 19:38:00,1639,20.00,.00,0.01000000,,0,.070000,F-F,FLUORIDE,MG/L,44.64556,-80.16722
201705002,2018-02-26 13:41:00,CCGS LIMNOS,GEORGIAN BAY,13,443844,-801002,4,57.57,2017-09-14 19:38:00,1639,27.00,.00,0.01000000,,0,.070000,F-F,FLUORIDE,MG/L,44.64556,-80.16722
201705002,2018-02-26 13:41:00,CCGS LIMNOS,GEORGIAN BAY,13,443844,-801002,4,57.57,2017-09-14 19:38:00,1639,41.00,.00,0.01000000,,0,.070000,F-F,FLUORIDE,MG/L,44.64556,-80.16722
201705002,2018-02-26 13:41:00,CCGS LIMNOS,GEORGIAN BAY,13,443844,-801002,4,57.57,2017-09-14 19:38:00,1639,47.00,.00,0.01000000,,0,.070000,F-F,FLUORIDE,MG/L,44.64556,-80.16722
201705002,2018-02-26 13:41:00,CCGS LIMNOS,GEORGIAN BAY,13,443844,-801002,4,57.57,2017-09-14 19:38:00,1639,55.00,.00,0.01000000,,0,.070000,F-F,FLUORIDE,MG/L,44.64556,-80.16722
201705002,2018-02-26 13:41:00,CCGS LIMNOS,GEORGIAN BAY,14,445216,-795809,9,30.11,2017-09-15 00:22:00,1639,1.00,.00,0.01000000,,0,.060000,F-F,FLUORIDE,MG/L,44.87111,-79.96917
201705002,2018-02-26 13:41:00,CCGS LIMNOS,GEORGIAN BAY,14,445216,-795809,9,30.11,2017-09-15 00:22:00,1639,20.00,.00,0.01000000,,0,.060000,F-F,FLUORIDE,MG/L,44.87111,-79.96917
201705002,2018-02-26 13:41:00,CCGS LIMNOS,GEORGIAN BAY,14,445216,-795809,9,30.11,2017-09-15 00:22:00,1639,28.00,.00,0.01000000,,0,.060000,F-F,FLUORIDE,MG/L,44.87111,-79.96917
201705002,2018-02-26 13:41:00,CCGS LIMNOS,GEORGIAN BAY,15,445709,-800856,8,50.79,2017-09-15 02:47:00,1639,1.00,.00,0.01000000,,0,.070000,F-F,FLUORIDE,MG/L,44.95250,-80.14889
201705002,2018-02-26 13:41:00,CCGS LIMNOS,GEORGIAN BAY,15,445709,-800856,8,50.79,2017-09-15 02:47:00,1639,1.00,.00,0.01000000,,1,.070000,F-F,FLUORIDE,MG/L,44.95250,-80.14889
201705002,2018-02-26 13:41:00,CCGS LIMNOS,GEORGIAN BAY,16,450959,-801749,15,46.62,2017-09-15 05:51:00,1639,1.00,.00,0.01000000,,0,.060000,F-F,FLUORIDE,MG/L,45.16639,-80.29694
201705002,2018-02-26 13:41:00,CCGS LIMNOS,GEORGIAN BAY,17,452112,-802908,16,19.01,2017-09-15 09:06:00,1639,1.00,.00,0.01000000,,0,.060000,F-F,FLUORIDE,MG/L,45.35333,-80.48556
201705002,2018-02-26 13:41:00,CCGS LIMNOS,GEORGIAN BAY,18,451930,-800658,122,94.89,2017-09-15 12:02:00,1639,1.00,.00,0.01000000,,0,.050000,F-F,FLUORIDE,MG/L,45.32500,-80.11611
201705002,2018-02-26 13:41:00,CCGS LIMNOS,GEORGIAN BAY,19,453456,-810459,29,42.78,2017-09-16 15:55:00,1639,1.00,.00,0.01000000,,0,.070000,F-F,FLUORIDE,MG/L,45.58222,-81.08306
201705002,2018-02-26 13:41:00,CCGS LIMNOS,GEORGIAN BAY,19,453456,-810459,29,42.78,2017-09-16 15:55:00,1639,16.00,.00,0.01000000,,0,.070000,F-F,FLUORIDE,MG/L,45.58222,-81.08306
201705002,2018-02-26 13:41:00,CCGS LIMNOS,GEORGIAN BAY,19,453456,-810459,29,42.78,2017-09-16 15:55:00,1639,21.00,.00,0.01000000,,0,.070000,F-F,FLUORIDE,MG/L,45.58222,-81.08306
201705002,2018-02-26 13:41:00,CCGS LIMNOS,GEORGIAN BAY,19,453456,-810459,29,42.78,2017-09-16 15:55:00,1639,26.00,.00,0.01000000,,0,.070000,F-F,FLUORIDE,MG/L,45.58222,-81.08306
201705002,2018-02-26 13:41:00,CCGS LIMNOS,GEORGIAN BAY,19,453456,-810459,29,42.78,2017-09-16 15:55:00,1639,32.00,.00,0.01000000,,0,.060000,F-F,FLUORIDE,MG/L,45.58222,-81.08306
201705002,2018-02-26 13:41:00,CCGS LIMNOS,GEORGIAN BAY,19,453456,-810459,29,42.78,2017-09-16 15:55:00,1639,40.00,.00,0.01000000,,0,.070000,F-F,FLUORIDE,MG/L,45.58222,-81.08306
201705002,2018-02-26 13:41:00,CCGS LIMNOS,GEORGIAN BAY,20,454042,-805022,24,40.01,2017-09-16 18:12:00,1639,1.00,.00,0.01000000,,0,.060000,F-F,FLUORIDE,MG/L,45.67833,-80.83944
201705002,2018-02-26 13:41:00,CCGS LIMNOS,GEORGIAN BAY,20,454042,-805022,24,40.01,2017-09-16 18:12:00,1639,1.00,.00,0.01000000,,1,.060000,F-F,FLUORIDE,MG/L,45.67833,-80.83944
201705002,2018-02-26 13:41:00,CCGS LIMNOS,GEORGIAN BAY,20,454042,-805022,24,40.01,2017-09-16 18:12:00,1639,998.00,.00,0.01000000,<,0,.010000,F-F,FLUORIDE,MG/L,45.67833,-80.83944
201705002,2018-02-26 13:41:00,CCGS LIMNOS,GEORGIAN BAY,20,454042,-805022,24,40.01,2017-09-16 18:12:00,1639,999.00,.00,0.01000000,<,0,.010000,F-F,FLUORIDE,MG/L,45.67833,-80.83944
201705002,2018-02-26 13:41:00,CCGS LIMNOS,GEORGIAN BAY,21,455000,-805357,26,20.11,2017-09-16 20:13:00,1639,1.00,.00,0.01000000,,0,.060000,F-F,FLUORIDE,MG/L,45.83333,-80.89917
201705002,2018-02-26 13:41:00,CCGS LIMNOS,GEORGIAN BAY,22,455156,-805957,27,17.72,2017-09-16 21:23:00,1639,1.00,.00,0.01000000,,0,.060000,F-F,FLUORIDE,MG/L,45.86556,-80.99917
201705002,2018-02-26 13:41:00,CCGS LIMNOS,GEORGIAN BAY,22,455156,-805957,27,17.72,2017-09-16 21:23:00,1639,8.00,.00,0.01000000,,0,.060000,F-F,FLUORIDE,MG/L,45.86556,-80.99917
201705002,2018-02-26 13:41:00,CCGS LIMNOS,GEORGIAN BAY,22,455156,-805957,27,17.72,2017-09-16 21:23:00,1639,15.00,.00,0.01000000,,0,.060000,F-F,FLUORIDE,MG/L,45.86556,-80.99917
201705002,2018-02-26 13:41:00,CCGS LIMNOS,GEORGIAN BAY,23,455223,-811531,39,28.28,2017-09-16 23:25:00,1639,1.00,.00,0.01000000,,0,.060000,F-F,FLUORIDE,MG/L,45.87306,-81.25861
201705002,2018-02-26 13:41:00,CCGS LIMNOS,GEORGIAN BAY,24,454230,-813710,36,52.89,2017-09-17 02:19:00,1639,1.00,.00,0.01000000,,0,.060000,F-F,FLUORIDE,MG/L,45.70833,-81.61944
201705002,2018-02-26 13:41:00,CCGS LIMNOS,GEORGIAN BAY,25,455445,-813539,42,29.5,2017-09-17 05:24:00,1639,1.00,.00,0.01000000,,0,.060000,F-F,FLUORIDE,MG/L,45.91250,-81.59417
201705002,2018-02-26 13:41:00,CCGS LIMNOS,GEORGIAN BAY,25,455445,-813539,42,29.5,2017-09-17 05:24:00,1639,1.00,.00,0.01000000,,1,.060000,F-F,FLUORIDE,MG/L,45.91250,-81.59417
201705002,2018-02-26 13:41:00,CCGS LIMNOS,GEORGIAN BAY,25,455445,-813539,42,29.5,2017-09-17 05:24:00,1639,19.00,.00,0.01000000,,0,.060000,F-F,FLUORIDE,MG/L,45.91250,-81.59417
201705002,2018-02-26 13:41:00,CCGS LIMNOS,GEORGIAN BAY,25,455445,-813539,42,29.5,2017-09-17 05:24:00,1639,22.00,.00,0.01000000,,0,.060000,F-F,FLUORIDE,MG/L,45.91250,-81.59417
201705002,2018-02-26 13:41:00,CCGS LIMNOS,GEORGIAN BAY,26,454546,-814745,46,19.2,2017-09-17 09:00:00,1639,1.00,.00,0.01000000,,0,.060000,F-F,FLUORIDE,MG/L,45.76278,-81.79583
201705001,2018-02-28 15:06:00,CCGS LIMNOS,GEORGIAN BAY,1,454543,-814744,46,18.30,2017-05-21 12:28:00,1640,1.00,.00,0.01000000,,0,6.850000,CL-F,CHLORIDE,MG/L,45.76194,-81.79556
201705001,2018-02-28 15:06:00,CCGS LIMNOS,GEORGIAN BAY,2,455445,-813545,42,20.00,2017-05-21 14:33:00,1640,1.00,.00,0.01000000,,0,6.880000,CL-F,CHLORIDE,MG/L,45.91250,-81.59583
201705001,2018-02-28 15:06:00,CCGS LIMNOS,GEORGIAN BAY,2,455445,-813545,42,20.00,2017-05-21 14:33:00,1640,10.00,.00,0.01000000,,0,6.880000,CL-F,CHLORIDE,MG/L,45.91250,-81.59583
201705001,2018-02-28 15:06:00,CCGS LIMNOS,GEORGIAN BAY,2,455445,-813545,42,20.00,2017-05-21 14:33:00,1640,18.00,.00,0.01000000,,0,6.900000,CL-F,CHLORIDE,MG/L,45.91250,-81.59583
201705001,2018-02-28 15:06:00,CCGS LIMNOS,GEORGIAN BAY,3,455226,-811533,39,27.50,2017-05-21 17:07:00,1640,1.00,.00,0.01000000,,0,6.850000,CL-F,CHLORIDE,MG/L,45.87389,-81.25917
201705001,2018-02-28 15:06:00,CCGS LIMNOS,GEORGIAN BAY,4,455158,-810004,27,16.00,2017-05-21 18:42:00,1640,1.00,.00,0.01000000,,0,6.160000,CL-F,CHLORIDE,MG/L,45.86611,-81.00111
201705001,2018-02-28 15:06:00,CCGS LIMNOS,GEORGIAN BAY,4,455158,-810004,27,16.00,2017-05-21 18:42:00,1640,14.00,.00,0.01000000,,0,6.160000,CL-F,CHLORIDE,MG/L,45.86611,-81.00111
201705001,2018-02-28 15:06:00,CCGS LIMNOS,GEORGIAN BAY,5,454957,-805402,26,20.52,2017-05-21 20:08:00,1640,1.00,.00,0.01000000,,0,6.560000,CL-F,CHLORIDE,MG/L,45.83250,-80.90056
201705001,2018-02-28 15:06:00,CCGS LIMNOS,GEORGIAN BAY,5,454957,-805402,26,20.52,2017-05-21 20:08:00,1640,1.00,.00,0.01000000,,1,6.580000,CL-F,CHLORIDE,MG/L,45.83250,-80.90056
201705001,2018-02-28 15:06:00,CCGS LIMNOS,GEORGIAN BAY,6,454045,-805024,24,39.70,2017-05-21 21:46:00,1640,1.00,.00,0.01000000,,0,7.090000,CL-F,CHLORIDE,MG/L,45.67917,-80.84000
201705001,2018-02-28 15:06:00,CCGS LIMNOS,GEORGIAN BAY,7,453504,-810454,29,41.90,2017-05-21 23:25:00,1640,1.00,.00,0.01000000,,0,7.110000,CL-F,CHLORIDE,MG/L,45.58444,-81.08167
201705001,2018-02-28 15:06:00,CCGS LIMNOS,GEORGIAN BAY,7,453504,-810454,29,41.90,2017-05-21 23:25:00,1640,32.00,.00,0.01000000,,0,7.100000,CL-F,CHLORIDE,MG/L,45.58444,-81.08167
201705001,2018-02-28 15:06:00,CCGS LIMNOS,GEORGIAN BAY,7,453504,-810454,29,41.90,2017-05-21 23:25:00,1640,40.00,.00,0.01000000,,0,7.110000,CL-F,CHLORIDE,MG/L,45.58444,-81.08167
201705001,2018-02-28 15:06:00,CCGS LIMNOS,GEORGIAN BAY,8,452154,-811120,21,86.27,2017-05-22 02:06:00,1640,1.00,.00,0.01000000,,0,7.150000,CL-F,CHLORIDE,MG/L,45.36500,-81.18889
201705001,2018-02-28 15:06:00,CCGS LIMNOS,GEORGIAN BAY,9,451442,-805229,17,77.50,2017-05-22 04:32:00,1640,1.00,.00,0.01000000,,0,7.160000,CL-F,CHLORIDE,MG/L,45.24500,-80.87472
201705001,2018-02-28 15:06:00,CCGS LIMNOS,GEORGIAN BAY,9,451442,-805229,17,77.50,2017-05-22 04:32:00,1640,50.00,.00,0.01000000,,0,7.160000,CL-F,CHLORIDE,MG/L,45.24500,-80.87472
201705001,2018-02-28 15:06:00,CCGS LIMNOS,GEORGIAN BAY,9,451442,-805229,17,77.50,2017-05-22 04:32:00,1640,67.00,.00,0.01000000,,0,7.150000,CL-F,CHLORIDE,MG/L,45.24500,-80.87472
201705001,2018-02-28 15:06:00,CCGS LIMNOS,GEORGIAN BAY,9,451442,-805229,17,77.50,2017-05-22 04:32:00,1640,75.00,.00,0.01000000,,0,7.160000,CL-F,CHLORIDE,MG/L,45.24500,-80.87472
201705001,2018-02-28 15:06:00,CCGS LIMNOS,GEORGIAN BAY,10,452113,-802912,16,18.38,2017-05-22 14:25:00,1640,1.00,.00,0.01000000,,0,7.060000,CL-F,CHLORIDE,MG/L,45.35361,-80.48667
201705001,2018-02-28 15:06:00,CCGS LIMNOS,GEORGIAN BAY,10,452113,-802912,16,18.38,2017-05-22 14:25:00,1640,1.00,.00,0.01000000,,1,7.070000,CL-F,CHLORIDE,MG/L,45.35361,-80.48667
201705001,2018-02-28 15:06:00,CCGS LIMNOS,GEORGIAN BAY,10,452113,-802912,16,18.38,2017-05-22 14:25:00,1640,998.00,.00,0.01000000,,0,.010000,CL-F,CHLORIDE,MG/L,45.35361,-80.48667
201705001,2018-02-28 15:06:00,CCGS LIMNOS,GEORGIAN BAY,10,452113,-802912,16,18.38,2017-05-22 14:25:00,1640,999.00,.00,0.01000000,<,0,.010000,CL-F,CHLORIDE,MG/L,45.35361,-80.48667
201705001,2018-02-28 15:06:00,CCGS LIMNOS,GEORGIAN BAY,11,451928,-800703,122,94.00,2017-05-22 16:41:00,1640,1.00,.00,0.01000000,,0,8.280000,CL-F,CHLORIDE,MG/L,45.32444,-80.11750
201705001,2018-02-28 15:06:00,CCGS LIMNOS,GEORGIAN BAY,12,451001,-801748,15,44.50,2017-05-22 22:41:00,1640,1.00,.00,0.01000000,,0,7.160000,CL-F,CHLORIDE,MG/L,45.16694,-80.29667
201705001,2018-02-28 15:06:00,CCGS LIMNOS,GEORGIAN BAY,13,445711,-800859,8,50.57,2017-05-23 00:40:00,1640,1.00,.00,0.01000000,,0,7.720000,CL-F,CHLORIDE,MG/L,44.95306,-80.14972
201705001,2018-02-28 15:06:00,CCGS LIMNOS,GEORGIAN BAY,14,445219,-795801,9,28.89,2017-05-23 02:10:00,1640,1.00,.00,0.01000000,,0,12.100000,CL-F,CHLORIDE,MG/L,44.87194,-79.96694
201705001,2018-02-28 15:06:00,CCGS LIMNOS,GEORGIAN BAY,14,445219,-795801,9,28.89,2017-05-23 02:10:00,1640,18.00,.00,0.01000000,,0,9.230000,CL-F,CHLORIDE,MG/L,44.87194,-79.96694
201705001,2018-02-28 15:06:00,CCGS LIMNOS,GEORGIAN BAY,14,445219,-795801,9,28.89,2017-05-23 02:10:00,1640,26.00,.00,0.01000000,,0,8.900000,CL-F,CHLORIDE,MG/L,44.87194,-79.96694
201705001,2018-02-28 15:06:00,CCGS LIMNOS,GEORGIAN BAY,15,444749,-801440,5,57.50,2017-05-23 05:03:00,1640,1.00,.00,0.01000000,,0,8.150000,CL-F,CHLORIDE,MG/L,44.79694,-80.24444
201705001,2018-02-28 15:06:00,CCGS LIMNOS,GEORGIAN BAY,15,444749,-801440,5,57.50,2017-05-23 05:03:00,1640,1.00,.00,0.01000000,,1,8.150000,CL-F,CHLORIDE,MG/L,44.79694,-80.24444
201705001,2018-02-28 15:06:00,CCGS LIMNOS,GEORGIAN BAY,16,443847,-801004,4,58.00,2017-05-23 06:33:00,1640,1.00,.00,0.01000000,,0,7.580000,CL-F,CHLORIDE,MG/L,44.64639,-80.16778
201705001,2018-02-28 15:06:00,CCGS LIMNOS,GEORGIAN BAY,16,443847,-801004,4,58.00,2017-05-23 06:33:00,1640,48.00,.00,0.01000000,,0,7.430000,CL-F,CHLORIDE,MG/L,44.64639,-80.16778
201705001,2018-02-28 15:06:00,CCGS LIMNOS,GEORGIAN BAY,16,443847,-801004,4,58.00,2017-05-23 06:33:00,1640,56.00,.00,0.01000000,,0,7.420000,CL-F,CHLORIDE,MG/L,44.64639,-80.16778
201705001,2018-02-28 15:06:00,CCGS LIMNOS,GEORGIAN BAY,17,444414,-802604,6,85.93,2017-05-23 09:11:00,1640,1.00,.00,0.01000000,,0,7.330000,CL-F,CHLORIDE,MG/L,44.73722,-80.43444
201705001,2018-02-28 15:06:00,CCGS LIMNOS,GEORGIAN BAY,18,444330,-803656,3,34.05,2017-05-23 10:38:00,1640,1.00,.00,0.01000000,,0,7.280000,CL-F,CHLORIDE,MG/L,44.72500,-80.61556
201705001,2018-02-28 15:06:00,CCGS LIMNOS,GEORGIAN BAY,19,444306,-805120,1,89.30,2017-05-23 13:17:00,1640,1.00,.00,0.01000000,,0,7.260000,CL-F,CHLORIDE,MG/L,44.71833,-80.85556
201705001,2018-02-28 15:06:00,CCGS LIMNOS,GEORGIAN BAY,19,444306,-805120,1,89.30,2017-05-23 13:17:00,1640,50.00,.00,0.01000000,,0,7.250000,CL-F,CHLORIDE,MG/L,44.71833,-80.85556
201705001,2018-02-28 15:06:00,CCGS LIMNOS,GEORGIAN BAY,19,444306,-805120,1,89.30,2017-05-23 13:17:00,1640,79.00,.00,0.01000000,,0,7.240000,CL-F,CHLORIDE,MG/L,44.71833,-80.85556
201705001,2018-02-28 15:06:00,CCGS LIMNOS,GEORGIAN BAY,19,444306,-805120,1,89.30,2017-05-23 13:17:00,1640,87.00,.00,0.01000000,,0,7.240000,CL-F,CHLORIDE,MG/L,44.71833,-80.85556
201705001,2018-02-28 15:06:00,CCGS LIMNOS,GEORGIAN BAY,20,445513,-803624,11,61.50,2017-05-23 17:16:00,1640,1.00,.00,0.01000000,,0,7.250000,CL-F,CHLORIDE,MG/L,44.92028,-80.60667
201705001,2018-02-28 15:06:00,CCGS LIMNOS,GEORGIAN BAY,20,445513,-803624,11,61.50,2017-05-23 17:16:00,1640,1.00,.00,0.01000000,,1,7.240000,CL-F,CHLORIDE,MG/L,44.92028,-80.60667
201705001,2018-02-28 15:06:00,CCGS LIMNOS,GEORGIAN BAY,20,445513,-803624,11,61.50,2017-05-23 17:16:00,1640,998.00,.00,0.01000000,<,0,.010000,CL-F,CHLORIDE,MG/L,44.92028,-80.60667
201705001,2018-02-28 15:06:00,CCGS LIMNOS,GEORGIAN BAY,20,445513,-803624,11,61.50,2017-05-23 17:16:00,1640,999.00,.00,0.01000000,<,0,.010000,CL-F,CHLORIDE,MG/L,44.92028,-80.60667
201705001,2018-02-28 15:06:00,CCGS LIMNOS,GEORGIAN BAY,21,445512,-805224,12,87.90,2017-05-23 19:27:00,1640,1.00,.00,0.01000000,,0,7.170000,CL-F,CHLORIDE,MG/L,44.92000,-80.87333
201705001,2018-02-28 15:06:00,CCGS LIMNOS,GEORGIAN BAY,22,450359,-811508,19,53.41,2017-05-23 22:43:00,1640,1.00,.00,0.01000000,,0,7.170000,CL-F,CHLORIDE,MG/L,45.06639,-81.25222
201705001,2018-02-28 15:06:00,CCGS LIMNOS,GEORGIAN BAY,23,451421,-812625,31,71.68,2017-05-24 02:35:00,1640,1.00,.00,0.01000000,,0,7.140000,CL-F,CHLORIDE,MG/L,45.23917,-81.44028
201705001,2018-02-28 15:06:00,CCGS LIMNOS,GEORGIAN BAY,24,452213,-813502,33,53.80,2017-05-24 04:03:00,1640,1.00,.00,0.01000000,,0,7.130000,CL-F,CHLORIDE,MG/L,45.37028,-81.58389
201705001,2018-02-28 15:06:00,CCGS LIMNOS,GEORGIAN BAY,24,452213,-813502,33,53.80,2017-05-24 04:03:00,1640,43.00,.00,0.01000000,,0,7.140000,CL-F,CHLORIDE,MG/L,45.37028,-81.58389
201705001,2018-02-28 15:06:00,CCGS LIMNOS,GEORGIAN BAY,24,452213,-813502,33,53.80,2017-05-24 04:03:00,1640,51.00,.00,0.01000000,,0,7.140000,CL-F,CHLORIDE,MG/L,45.37028,-81.58389
201705002,2018-02-26 13:41:00,CCGS LIMNOS,GEORGIAN BAY,1,453140,-814010,35,35.29,2017-09-13 15:45:00,1640,1.00,.00,0.01000000,,0,7.040000,CL-F,CHLORIDE,MG/L,45.52778,-81.66944
201705002,2018-02-26 13:41:00,CCGS LIMNOS,GEORGIAN BAY,2,452212,-813508,33,54.52,2017-09-13 17:29:00,1640,1.00,.00,0.01000000,,0,6.980000,CL-F,CHLORIDE,MG/L,45.37000,-81.58556
201705002,2018-02-26 13:41:00,CCGS LIMNOS,GEORGIAN BAY,2,452212,-813508,33,54.52,2017-09-13 17:29:00,1640,12.00,.00,0.01000000,,0,7.030000,CL-F,CHLORIDE,MG/L,45.37000,-81.58556
201705002,2018-02-26 13:41:00,CCGS LIMNOS,GEORGIAN BAY,2,452212,-813508,33,54.52,2017-09-13 17:29:00,1640,20.00,.00,0.01000000,,0,7.060000,CL-F,CHLORIDE,MG/L,45.37000,-81.58556
201705002,2018-02-26 13:41:00,CCGS LIMNOS,GEORGIAN BAY,2,452212,-813508,33,54.52,2017-09-13 17:29:00,1640,30.00,.00,0.01000000,,0,7.100000,CL-F,CHLORIDE,MG/L,45.37000,-81.58556
201705002,2018-02-26 13:41:00,CCGS LIMNOS,GEORGIAN BAY,2,452212,-813508,33,54.52,2017-09-13 17:29:00,1640,44.00,.00,0.01000000,,0,7.130000,CL-F,CHLORIDE,MG/L,45.37000,-81.58556
201705002,2018-02-26 13:41:00,CCGS LIMNOS,GEORGIAN BAY,2,452212,-813508,33,54.52,2017-09-13 17:29:00,1640,52.00,.00,0.01000000,,0,7.110000,CL-F,CHLORIDE,MG/L,45.37000,-81.58556
201705002,2018-02-26 13:41:00,CCGS LIMNOS,GEORGIAN BAY,3,451419,-812628,31,64.75,2017-09-13 19:30:00,1640,1.00,.00,0.01000000,,0,7.080000,CL-F,CHLORIDE,MG/L,45.23861,-81.44111
201705002,2018-02-26 13:41:00,CCGS LIMNOS,GEORGIAN BAY,4,452154,-811124,21,86.36,2017-09-13 22:54:00,1640,1.00,.00,0.01000000,,0,7.060000,CL-F,CHLORIDE,MG/L,45.36500,-81.19000
201705002,2018-02-26 13:41:00,CCGS LIMNOS,GEORGIAN BAY,5,451438,-805228,17,77.87,2017-09-14 01:23:00,1640,1.00,.00,0.01000000,,0,6.960000,CL-F,CHLORIDE,MG/L,45.24389,-80.87444
201705002,2018-02-26 13:41:00,CCGS LIMNOS,GEORGIAN BAY,5,451438,-805228,17,77.87,2017-09-14 01:23:00,1640,1.00,.00,0.01000000,,1,6.950000,CL-F,CHLORIDE,MG/L,45.24389,-80.87444
201705002,2018-02-26 13:41:00,CCGS LIMNOS,GEORGIAN BAY,5,451438,-805228,17,77.87,2017-09-14 01:23:00,1640,20.00,.00,0.01000000,,0,6.990000,CL-F,CHLORIDE,MG/L,45.24389,-80.87444
201705002,2018-02-26 13:41:00,CCGS LIMNOS,GEORGIAN BAY,5,451438,-805228,17,77.87,2017-09-14 01:23:00,1640,27.00,.00,0.01000000,,0,7.220000,CL-F,CHLORIDE,MG/L,45.24389,-80.87444
201705002,2018-02-26 13:41:00,CCGS LIMNOS,GEORGIAN BAY,5,451438,-805228,17,77.87,2017-09-14 01:23:00,1640,41.00,.00,0.01000000,,0,7.250000,CL-F,CHLORIDE,MG/L,45.24389,-80.87444
201705002,2018-02-26 13:41:00,CCGS LIMNOS,GEORGIAN BAY,5,451438,-805228,17,77.87,2017-09-14 01:23:00,1640,68.00,.00,0.01000000,,0,7.220000,CL-F,CHLORIDE,MG/L,45.24389,-80.87444
201705002,2018-02-26 13:41:00,CCGS LIMNOS,GEORGIAN BAY,5,451438,-805228,17,77.87,2017-09-14 01:23:00,1640,76.00,.00,0.01000000,,0,7.200000,CL-F,CHLORIDE,MG/L,45.24389,-80.87444
201705002,2018-02-26 13:41:00,CCGS LIMNOS,GEORGIAN BAY,6,450401,-811513,19,53.73,2017-09-14 04:33:00,1640,1.00,.00,0.01000000,,0,7.070000,CL-F,CHLORIDE,MG/L,45.06694,-81.25361
201705002,2018-02-26 13:41:00,CCGS LIMNOS,GEORGIAN BAY,7,445512,-805230,12,88.49,2017-09-14 07:17:00,1640,1.00,.00,0.01000000,,0,7.220000,CL-F,CHLORIDE,MG/L,44.92000,-80.87500
201705002,2018-02-26 13:41:00,CCGS LIMNOS,GEORGIAN BAY,8,445514,-803622,11,62.16,2017-09-14 09:18:00,1640,1.00,.00,0.01000000,,0,7.330000,CL-F,CHLORIDE,MG/L,44.92056,-80.60611
201705002,2018-02-26 13:41:00,CCGS LIMNOS,GEORGIAN BAY,9,444303,-805122,1,89.7,2017-09-14 11:41:00,1640,1.00,.00,0.01000000,,0,7.240000,CL-F,CHLORIDE,MG/L,44.71750,-80.85611
201705002,2018-02-26 13:41:00,CCGS LIMNOS,GEORGIAN BAY,9,444303,-805122,1,89.7,2017-09-14 11:41:00,1640,19.00,.00,0.01000000,,0,7.210000,CL-F,CHLORIDE,MG/L,44.71750,-80.85611
201705002,2018-02-26 13:41:00,CCGS LIMNOS,GEORGIAN BAY,9,444303,-805122,1,89.7,2017-09-14 11:41:00,1640,25.00,.00,0.01000000,,0,7.150000,CL-F,CHLORIDE,MG/L,44.71750,-80.85611
201705002,2018-02-26 13:41:00,CCGS LIMNOS,GEORGIAN BAY,9,444303,-805122,1,89.7,2017-09-14 11:41:00,1640,34.00,.00,0.01000000,,0,7.140000,CL-F,CHLORIDE,MG/L,44.71750,-80.85611
201705002,2018-02-26 13:41:00,CCGS LIMNOS,GEORGIAN BAY,9,444303,-805122,1,89.7,2017-09-14 11:41:00,1640,80.00,.00,0.01000000,,0,7.180000,CL-F,CHLORIDE,MG/L,44.71750,-80.85611
201705002,2018-02-26 13:41:00,CCGS LIMNOS,GEORGIAN BAY,9,444303,-805122,1,89.7,2017-09-14 11:41:00,1640,88.00,.00,0.01000000,,0,7.200000,CL-F,CHLORIDE,MG/L,44.71750,-80.85611
201705002,2018-02-26 13:41:00,CCGS LIMNOS,GEORGIAN BAY,10,444329,-803701,3,34.36,2017-09-14 13:46:00,1640,1.00,.00,0.01000000,,0,7.220000,CL-F,CHLORIDE,MG/L,44.72472,-80.61694
201705002,2018-02-26 13:41:00,CCGS LIMNOS,GEORGIAN BAY,10,444329,-803701,3,34.36,2017-09-14 13:46:00,1640,1.00,.00,0.01000000,,1,7.230000,CL-F,CHLORIDE,MG/L,44.72472,-80.61694
201705002,2018-02-26 13:41:00,CCGS LIMNOS,GEORGIAN BAY,10,444329,-803701,3,34.36,2017-09-14 13:46:00,1640,998.00,.00,0.01000000,,0,.020000,CL-F,CHLORIDE,MG/L,44.72472,-80.61694
201705002,2018-02-26 13:41:00,CCGS LIMNOS,GEORGIAN BAY,10,444329,-803701,3,34.36,2017-09-14 13:46:00,1640,999.00,.00,0.01000000,<,0,.010000,CL-F,CHLORIDE,MG/L,44.72472,-80.61694
201705002,2018-02-26 13:41:00,CCGS LIMNOS,GEORGIAN BAY,11,444411,-802606,6,87.05,2017-09-14 15:18:00,1640,1.00,.00,0.01000000,,0,7.290000,CL-F,CHLORIDE,MG/L,44.73639,-80.43500
201705002,2018-02-26 13:41:00,CCGS LIMNOS,GEORGIAN BAY,12,444746,-801436,5,58.89,2017-09-14 17:16:00,1640,1.00,.00,0.01000000,,0,7.320000,CL-F,CHLORIDE,MG/L,44.79611,-80.24333
201705002,2018-02-26 13:41:00,CCGS LIMNOS,GEORGIAN BAY,13,443844,-801002,4,57.57,2017-09-14 19:38:00,1640,1.00,.00,0.01000000,,0,7.500000,CL-F,CHLORIDE,MG/L,44.64556,-80.16722
201705002,2018-02-26 13:41:00,CCGS LIMNOS,GEORGIAN BAY,13,443844,-801002,4,57.57,2017-09-14 19:38:00,1640,20.00,.00,0.01000000,,0,7.480000,CL-F,CHLORIDE,MG/L,44.64556,-80.16722
201705002,2018-02-26 13:41:00,CCGS LIMNOS,GEORGIAN BAY,13,443844,-801002,4,57.57,2017-09-14 19:38:00,1640,27.00,.00,0.01000000,,0,7.260000,CL-F,CHLORIDE,MG/L,44.64556,-80.16722
201705002,2018-02-26 13:41:00,CCGS LIMNOS,GEORGIAN BAY,13,443844,-801002,4,57.57,2017-09-14 19:38:00,1640,41.00,.00,0.01000000,,0,7.400000,CL-F,CHLORIDE,MG/L,44.64556,-80.16722
201705002,2018-02-26 13:41:00,CCGS LIMNOS,GEORGIAN BAY,13,443844,-801002,4,57.57,2017-09-14 19:38:00,1640,47.00,.00,0.01000000,,0,7.420000,CL-F,CHLORIDE,MG/L,44.64556,-80.16722
201705002,2018-02-26 13:41:00,CCGS LIMNOS,GEORGIAN BAY,13,443844,-801002,4,57.57,2017-09-14 19:38:00,1640,55.00,.00,0.01000000,,0,7.410000,CL-F,CHLORIDE,MG/L,44.64556,-80.16722
201705002,2018-02-26 13:41:00,CCGS LIMNOS,GEORGIAN BAY,14,445216,-795809,9,30.11,2017-09-15 00:22:00,1640,1.00,.00,0.01000000,,0,9.710000,CL-F,CHLORIDE,MG/L,44.87111,-79.96917
201705002,2018-02-26 13:41:00,CCGS LIMNOS,GEORGIAN BAY,14,445216,-795809,9,30.11,2017-09-15 00:22:00,1640,20.00,.00,0.01000000,,0,9.060000,CL-F,CHLORIDE,MG/L,44.87111,-79.96917
201705002,2018-02-26 13:41:00,CCGS LIMNOS,GEORGIAN BAY,14,445216,-795809,9,30.11,2017-09-15 00:22:00,1640,28.00,.00,0.01000000,,0,7.990000,CL-F,CHLORIDE,MG/L,44.87111,-79.96917
201705002,2018-02-26 13:41:00,CCGS LIMNOS,GEORGIAN BAY,15,445709,-800856,8,50.79,2017-09-15 02:47:00,1640,1.00,.00,0.01000000,,0,7.420000,CL-F,CHLORIDE,MG/L,44.95250,-80.14889
201705002,2018-02-26 13:41:00,CCGS LIMNOS,GEORGIAN BAY,15,445709,-800856,8,50.79,2017-09-15 02:47:00,1640,1.00,.00,0.01000000,,1,7.400000,CL-F,CHLORIDE,MG/L,44.95250,-80.14889
201705002,2018-02-26 13:41:00,CCGS LIMNOS,GEORGIAN BAY,16,450959,-801749,15,46.62,2017-09-15 05:51:00,1640,1.00,.00,0.01000000,,0,7.380000,CL-F,CHLORIDE,MG/L,45.16639,-80.29694
201705002,2018-02-26 13:41:00,CCGS LIMNOS,GEORGIAN BAY,17,452112,-802908,16,19.01,2017-09-15 09:06:00,1640,1.00,.00,0.01000000,,0,7.300000,CL-F,CHLORIDE,MG/L,45.35333,-80.48556
201705002,2018-02-26 13:41:00,CCGS LIMNOS,GEORGIAN BAY,18,451930,-800658,122,94.89,2017-09-15 12:02:00,1640,1.00,.00,0.01000000,,0,8.040000,CL-F,CHLORIDE,MG/L,45.32500,-80.11611
201705002,2018-02-26 13:41:00,CCGS LIMNOS,GEORGIAN BAY,19,453456,-810459,29,42.78,2017-09-16 15:55:00,1640,1.00,.00,0.01000000,,0,7.100000,CL-F,CHLORIDE,MG/L,45.58222,-81.08306
201705002,2018-02-26 13:41:00,CCGS LIMNOS,GEORGIAN BAY,19,453456,-810459,29,42.78,2017-09-16 15:55:00,1640,16.00,.00,0.01000000,,0,7.100000,CL-F,CHLORIDE,MG/L,45.58222,-81.08306
201705002,2018-02-26 13:41:00,CCGS LIMNOS,GEORGIAN BAY,19,453456,-810459,29,42.78,2017-09-16 15:55:00,1640,21.00,.00,0.01000000,,0,7.140000,CL-F,CHLORIDE,MG/L,45.58222,-81.08306
201705002,2018-02-26 13:41:00,CCGS LIMNOS,GEORGIAN BAY,19,453456,-810459,29,42.78,2017-09-16 15:55:00,1640,26.00,.00,0.01000000,,0,7.110000,CL-F,CHLORIDE,MG/L,45.58222,-81.08306
201705002,2018-02-26 13:41:00,CCGS LIMNOS,GEORGIAN BAY,19,453456,-810459,29,42.78,2017-09-16 15:55:00,1640,32.00,.00,0.01000000,,0,7.100000,CL-F,CHLORIDE,MG/L,45.58222,-81.08306
201705002,2018-02-26 13:41:00,CCGS LIMNOS,GEORGIAN BAY,19,453456,-810459,29,42.78,2017-09-16 15:55:00,1640,40.00,.00,0.01000000,,0,7.110000,CL-F,CHLORIDE,MG/L,45.58222,-81.08306
201705002,2018-02-26 13:41:00,CCGS LIMNOS,GEORGIAN BAY,20,454042,-805022,24,40.01,2017-09-16 18:12:00,1640,1.00,.00,0.01000000,,0,7.190000,CL-F,CHLORIDE,MG/L,45.67833,-80.83944
201705002,2018-02-26 13:41:00,CCGS LIMNOS,GEORGIAN BAY,20,454042,-805022,24,40.01,2017-09-16 18:12:00,1640,1.00,.00,0.01000000,,1,7.190000,CL-F,CHLORIDE,MG/L,45.67833,-80.83944
201705002,2018-02-26 13:41:00,CCGS LIMNOS,GEORGIAN BAY,20,454042,-805022,24,40.01,2017-09-16 18:12:00,1640,998.00,.00,0.01000000,,0,.020000,CL-F,CHLORIDE,MG/L,45.67833,-80.83944
201705002,2018-02-26 13:41:00,CCGS LIMNOS,GEORGIAN BAY,20,454042,-805022,24,40.01,2017-09-16 18:12:00,1640,999.00,.00,0.01000000,<,0,.010000,CL-F,CHLORIDE,MG/L,45.67833,-80.83944
201705002,2018-02-26 13:41:00,CCGS LIMNOS,GEORGIAN BAY,21,455000,-805357,26,20.11,2017-09-16 20:13:00,1640,1.00,.00,0.01000000,,0,6.800000,CL-F,CHLORIDE,MG/L,45.83333,-80.89917
201705002,2018-02-26 13:41:00,CCGS LIMNOS,GEORGIAN BAY,22,455156,-805957,27,17.72,2017-09-16 21:23:00,1640,1.00,.00,0.01000000,,0,6.890000,CL-F,CHLORIDE,MG/L,45.86556,-80.99917
201705002,2018-02-26 13:41:00,CCGS LIMNOS,GEORGIAN BAY,22,455156,-805957,27,17.72,2017-09-16 21:23:00,1640,8.00,.00,0.01000000,,0,6.670000,CL-F,CHLORIDE,MG/L,45.86556,-80.99917
201705002,2018-02-26 13:41:00,CCGS LIMNOS,GEORGIAN BAY,22,455156,-805957,27,17.72,2017-09-16 21:23:00,1640,15.00,.00,0.01000000,,0,6.610000,CL-F,CHLORIDE,MG/L,45.86556,-80.99917
201705002,2018-02-26 13:41:00,CCGS LIMNOS,GEORGIAN BAY,23,455223,-811531,39,28.28,2017-09-16 23:25:00,1640,1.00,.00,0.01000000,,0,6.900000,CL-F,CHLORIDE,MG/L,45.87306,-81.25861
201705002,2018-02-26 13:41:00,CCGS LIMNOS,GEORGIAN BAY,24,454230,-813710,36,52.89,2017-09-17 02:19:00,1640,1.00,.00,0.01000000,,0,6.970000,CL-F,CHLORIDE,MG/L,45.70833,-81.61944
201705002,2018-02-26 13:41:00,CCGS LIMNOS,GEORGIAN BAY,25,455445,-813539,42,29.5,2017-09-17 05:24:00,1640,1.00,.00,0.01000000,,0,6.850000,CL-F,CHLORIDE,MG/L,45.91250,-81.59417
201705002,2018-02-26 13:41:00,CCGS LIMNOS,GEORGIAN BAY,25,455445,-813539,42,29.5,2017-09-17 05:24:00,1640,1.00,.00,0.01000000,,1,6.830000,CL-F,CHLORIDE,MG/L,45.91250,-81.59417
201705002,2018-02-26 13:41:00,CCGS LIMNOS,GEORGIAN BAY,25,455445,-813539,42,29.5,2017-09-17 05:24:00,1640,19.00,.00,0.01000000,,0,6.920000,CL-F,CHLORIDE,MG/L,45.91250,-81.59417
201705002,2018-02-26 13:41:00,CCGS LIMNOS,GEORGIAN BAY,25,455445,-813539,42,29.5,2017-09-17 05:24:00,1640,22.00,.00,0.01000000,,0,6.940000,CL-F,CHLORIDE,MG/L,45.91250,-81.59417
201705002,2018-02-26 13:41:00,CCGS LIMNOS,GEORGIAN BAY,26,454546,-814745,46,19.2,2017-09-17 09:00:00,1640,1.00,.00,0.01000000,,0,6.760000,CL-F,CHLORIDE,MG/L,45.76278,-81.79583
201705001,2018-02-28 15:06:00,CCGS LIMNOS,GEORGIAN BAY,1,454543,-814744,46,18.30,2017-05-21 12:28:00,1641,1.00,.00,0.01000000,,0,13.200000,SO4-F,SULPHATE,MG/L,45.76194,-81.79556
201705001,2018-02-28 15:06:00,CCGS LIMNOS,GEORGIAN BAY,2,455445,-813545,42,20.00,2017-05-21 14:33:00,1641,1.00,.00,0.01000000,,0,13.200000,SO4-F,SULPHATE,MG/L,45.91250,-81.59583
201705001,2018-02-28 15:06:00,CCGS LIMNOS,GEORGIAN BAY,2,455445,-813545,42,20.00,2017-05-21 14:33:00,1641,10.00,.00,0.01000000,,0,13.200000,SO4-F,SULPHATE,MG/L,45.91250,-81.59583
201705001,2018-02-28 15:06:00,CCGS LIMNOS,GEORGIAN BAY,2,455445,-813545,42,20.00,2017-05-21 14:33:00,1641,18.00,.00,0.01000000,,0,13.300000,SO4-F,SULPHATE,MG/L,45.91250,-81.59583
201705001,2018-02-28 15:06:00,CCGS LIMNOS,GEORGIAN BAY,3,455226,-811533,39,27.50,2017-05-21 17:07:00,1641,1.00,.00,0.01000000,,0,13.100000,SO4-F,SULPHATE,MG/L,45.87389,-81.25917
201705001,2018-02-28 15:06:00,CCGS LIMNOS,GEORGIAN BAY,4,455158,-810004,27,16.00,2017-05-21 18:42:00,1641,1.00,.00,0.01000000,,0,11.200000,SO4-F,SULPHATE,MG/L,45.86611,-81.00111
201705001,2018-02-28 15:06:00,CCGS LIMNOS,GEORGIAN BAY,4,455158,-810004,27,16.00,2017-05-21 18:42:00,1641,14.00,.00,0.01000000,,0,11.200000,SO4-F,SULPHATE,MG/L,45.86611,-81.00111
201705001,2018-02-28 15:06:00,CCGS LIMNOS,GEORGIAN BAY,5,454957,-805402,26,20.52,2017-05-21 20:08:00,1641,1.00,.00,0.01000000,,0,12.200000,SO4-F,SULPHATE,MG/L,45.83250,-80.90056
201705001,2018-02-28 15:06:00,CCGS LIMNOS,GEORGIAN BAY,5,454957,-805402,26,20.52,2017-05-21 20:08:00,1641,1.00,.00,0.01000000,,1,12.200000,SO4-F,SULPHATE,MG/L,45.83250,-80.90056
201705001,2018-02-28 15:06:00,CCGS LIMNOS,GEORGIAN BAY,6,454045,-805024,24,39.70,2017-05-21 21:46:00,1641,1.00,.00,0.01000000,,0,13.700000,SO4-F,SULPHATE,MG/L,45.67917,-80.84000
201705001,2018-02-28 15:06:00,CCGS LIMNOS,GEORGIAN BAY,7,453504,-810454,29,41.90,2017-05-21 23:25:00,1641,1.00,.00,0.01000000,,0,13.800000,SO4-F,SULPHATE,MG/L,45.58444,-81.08167
201705001,2018-02-28 15:06:00,CCGS LIMNOS,GEORGIAN BAY,7,453504,-810454,29,41.90,2017-05-21 23:25:00,1641,32.00,.00,0.01000000,,0,13.800000,SO4-F,SULPHATE,MG/L,45.58444,-81.08167
201705001,2018-02-28 15:06:00,CCGS LIMNOS,GEORGIAN BAY,7,453504,-810454,29,41.90,2017-05-21 23:25:00,1641,40.00,.00,0.01000000,,0,13.800000,SO4-F,SULPHATE,MG/L,45.58444,-81.08167
201705001,2018-02-28 15:06:00,CCGS LIMNOS,GEORGIAN BAY,8,452154,-811120,21,86.27,2017-05-22 02:06:00,1641,1.00,.00,0.01000000,,0,13.800000,SO4-F,SULPHATE,MG/L,45.36500,-81.18889
201705001,2018-02-28 15:06:00,CCGS LIMNOS,GEORGIAN BAY,9,451442,-805229,17,77.50,2017-05-22 04:32:00,1641,1.00,.00,0.01000000,,0,13.700000,SO4-F,SULPHATE,MG/L,45.24500,-80.87472
201705001,2018-02-28 15:06:00,CCGS LIMNOS,GEORGIAN BAY,9,451442,-805229,17,77.50,2017-05-22 04:32:00,1641,50.00,.00,0.01000000,,0,13.700000,SO4-F,SULPHATE,MG/L,45.24500,-80.87472
201705001,2018-02-28 15:06:00,CCGS LIMNOS,GEORGIAN BAY,9,451442,-805229,17,77.50,2017-05-22 04:32:00,1641,67.00,.00,0.01000000,,0,13.700000,SO4-F,SULPHATE,MG/L,45.24500,-80.87472
201705001,2018-02-28 15:06:00,CCGS LIMNOS,GEORGIAN BAY,9,451442,-805229,17,77.50,2017-05-22 04:32:00,1641,75.00,.00,0.01000000,,0,13.800000,SO4-F,SULPHATE,MG/L,45.24500,-80.87472
201705001,2018-02-28 15:06:00,CCGS LIMNOS,GEORGIAN BAY,10,452113,-802912,16,18.38,2017-05-22 14:25:00,1641,1.00,.00,0.01000000,,0,13.300000,SO4-F,SULPHATE,MG/L,45.35361,-80.48667
201705001,2018-02-28 15:06:00,CCGS LIMNOS,GEORGIAN BAY,10,452113,-802912,16,18.38,2017-05-22 14:25:00,1641,1.00,.00,0.01000000,,1,13.300000,SO4-F,SULPHATE,MG/L,45.35361,-80.48667
201705001,2018-02-28 15:06:00,CCGS LIMNOS,GEORGIAN BAY,10,452113,-802912,16,18.38,2017-05-22 14:25:00,1641,998.00,.00,0.01000000,,0,.010000,SO4-F,SULPHATE,MG/L,45.35361,-80.48667
201705001,2018-02-28 15:06:00,CCGS LIMNOS,GEORGIAN BAY,10,452113,-802912,16,18.38,2017-05-22 14:25:00,1641,999.00,.00,0.01000000,<,0,.010000,SO4-F,SULPHATE,MG/L,45.35361,-80.48667
201705001,2018-02-28 15:06:00,CCGS LIMNOS,GEORGIAN BAY,11,451928,-800703,122,94.00,2017-05-22 16:41:00,1641,1.00,.00,0.01000000,,0,8.140000,SO4-F,SULPHATE,MG/L,45.32444,-80.11750
201705001,2018-02-28 15:06:00,CCGS LIMNOS,GEORGIAN BAY,12,451001,-801748,15,44.50,2017-05-22 22:41:00,1641,1.00,.00,0.01000000,,0,13.100000,SO4-F,SULPHATE,MG/L,45.16694,-80.29667
201705001,2018-02-28 15:06:00,CCGS LIMNOS,GEORGIAN BAY,13,445711,-800859,8,50.57,2017-05-23 00:40:00,1641,1.00,.00,0.01000000,,0,13.300000,SO4-F,SULPHATE,MG/L,44.95306,-80.14972
201705001,2018-02-28 15:06:00,CCGS LIMNOS,GEORGIAN BAY,14,445219,-795801,9,28.89,2017-05-23 02:10:00,1641,1.00,.00,0.01000000,,0,10.600000,SO4-F,SULPHATE,MG/L,44.87194,-79.96694
201705001,2018-02-28 15:06:00,CCGS LIMNOS,GEORGIAN BAY,14,445219,-795801,9,28.89,2017-05-23 02:10:00,1641,18.00,.00,0.01000000,,0,12.400000,SO4-F,SULPHATE,MG/L,44.87194,-79.96694
201705001,2018-02-28 15:06:00,CCGS LIMNOS,GEORGIAN BAY,14,445219,-795801,9,28.89,2017-05-23 02:10:00,1641,26.00,.00,0.01000000,,0,12.600000,SO4-F,SULPHATE,MG/L,44.87194,-79.96694
201705001,2018-02-28 15:06:00,CCGS LIMNOS,GEORGIAN BAY,15,444749,-801440,5,57.50,2017-05-23 05:03:00,1641,1.00,.00,0.01000000,,0,13.600000,SO4-F,SULPHATE,MG/L,44.79694,-80.24444
201705001,2018-02-28 15:06:00,CCGS LIMNOS,GEORGIAN BAY,15,444749,-801440,5,57.50,2017-05-23 05:03:00,1641,1.00,.00,0.01000000,,1,13.600000,SO4-F,SULPHATE,MG/L,44.79694,-80.24444
201705001,2018-02-28 15:06:00,CCGS LIMNOS,GEORGIAN BAY,16,443847,-801004,4,58.00,2017-05-23 06:33:00,1641,1.00,.00,0.01000000,,0,13.600000,SO4-F,SULPHATE,MG/L,44.64639,-80.16778
201705001,2018-02-28 15:06:00,CCGS LIMNOS,GEORGIAN BAY,16,443847,-801004,4,58.00,2017-05-23 06:33:00,1641,48.00,.00,0.01000000,,0,13.700000,SO4-F,SULPHATE,MG/L,44.64639,-80.16778
201705001,2018-02-28 15:06:00,CCGS LIMNOS,GEORGIAN BAY,16,443847,-801004,4,58.00,2017-05-23 06:33:00,1641,56.00,.00,0.01000000,,0,13.700000,SO4-F,SULPHATE,MG/L,44.64639,-80.16778
201705001,2018-02-28 15:06:00,CCGS LIMNOS,GEORGIAN BAY,17,444414,-802604,6,85.93,2017-05-23 09:11:00,1641,1.00,.00,0.01000000,,0,13.600000,SO4-F,SULPHATE,MG/L,44.73722,-80.43444
201705001,2018-02-28 15:06:00,CCGS LIMNOS,GEORGIAN BAY,18,444330,-803656,3,34.05,2017-05-23 10:38:00,1641,1.00,.00,0.01000000,,0,13.700000,SO4-F,SULPHATE,MG/L,44.72500,-80.61556
201705001,2018-02-28 15:06:00,CCGS LIMNOS,GEORGIAN BAY,19,444306,-805120,1,89.30,2017-05-23 13:17:00,1641,1.00,.00,0.01000000,,0,13.600000,SO4-F,SULPHATE,MG/L,44.71833,-80.85556
201705001,2018-02-28 15:06:00,CCGS LIMNOS,GEORGIAN BAY,19,444306,-805120,1,89.30,2017-05-23 13:17:00,1641,50.00,.00,0.01000000,,0,13.700000,SO4-F,SULPHATE,MG/L,44.71833,-80.85556
201705001,2018-02-28 15:06:00,CCGS LIMNOS,GEORGIAN BAY,19,444306,-805120,1,89.30,2017-05-23 13:17:00,1641,79.00,.00,0.01000000,,0,13.700000,SO4-F,SULPHATE,MG/L,44.71833,-80.85556
201705001,2018-02-28 15:06:00,CCGS LIMNOS,GEORGIAN BAY,19,444306,-805120,1,89.30,2017-05-23 13:17:00,1641,87.00,.00,0.01000000,,0,13.800000,SO4-F,SULPHATE,MG/L,44.71833,-80.85556
201705001,2018-02-28 15:06:00,CCGS LIMNOS,GEORGIAN BAY,20,445513,-803624,11,61.50,2017-05-23 17:16:00,1641,1.00,.00,0.01000000,,0,13.700000,SO4-F,SULPHATE,MG/L,44.92028,-80.60667
201705001,2018-02-28 15:06:00,CCGS LIMNOS,GEORGIAN BAY,20,445513,-803624,11,61.50,2017-05-23 17:16:00,1641,1.00,.00,0.01000000,,1,13.700000,SO4-F,SULPHATE,MG/L,44.92028,-80.60667
201705001,2018-02-28 15:06:00,CCGS LIMNOS,GEORGIAN BAY,20,445513,-803624,11,61.50,2017-05-23 17:16:00,1641,998.00,.00,0.01000000,,0,.020000,SO4-F,SULPHATE,MG/L,44.92028,-80.60667
201705001,2018-02-28 15:06:00,CCGS LIMNOS,GEORGIAN BAY,20,445513,-803624,11,61.50,2017-05-23 17:16:00,1641,999.00,.00,0.01000000,<,0,.010000,SO4-F,SULPHATE,MG/L,44.92028,-80.60667
201705001,2018-02-28 15:06:00,CCGS LIMNOS,GEORGIAN BAY,21,445512,-805224,12,87.90,2017-05-23 19:27:00,1641,1.00,.00,0.01000000,,0,13.800000,SO4-F,SULPHATE,MG/L,44.92000,-80.87333
201705001,2018-02-28 15:06:00,CCGS LIMNOS,GEORGIAN BAY,22,450359,-811508,19,53.41,2017-05-23 22:43:00,1641,1.00,.00,0.01000000,,0,13.800000,SO4-F,SULPHATE,MG/L,45.06639,-81.25222
201705001,2018-02-28 15:06:00,CCGS LIMNOS,GEORGIAN BAY,23,451421,-812625,31,71.68,2017-05-24 02:35:00,1641,1.00,.00,0.01000000,,0,14.100000,SO4-F,SULPHATE,MG/L,45.23917,-81.44028
201705001,2018-02-28 15:06:00,CCGS LIMNOS,GEORGIAN BAY,24,452213,-813502,33,53.80,2017-05-24 04:03:00,1641,1.00,.00,0.01000000,,0,14.000000,SO4-F,SULPHATE,MG/L,45.37028,-81.58389
201705001,2018-02-28 15:06:00,CCGS LIMNOS,GEORGIAN BAY,24,452213,-813502,33,53.80,2017-05-24 04:03:00,1641,43.00,.00,0.01000000,,0,14.000000,SO4-F,SULPHATE,MG/L,45.37028,-81.58389
201705001,2018-02-28 15:06:00,CCGS LIMNOS,GEORGIAN BAY,24,452213,-813502,33,53.80,2017-05-24 04:03:00,1641,51.00,.00,0.01000000,,0,14.000000,SO4-F,SULPHATE,MG/L,45.37028,-81.58389
201705002,2018-02-26 13:41:00,CCGS LIMNOS,GEORGIAN BAY,1,453140,-814010,35,35.29,2017-09-13 15:45:00,1641,1.00,.00,0.01000000,,0,13.700000,SO4-F,SULPHATE,MG/L,45.52778,-81.66944
201705002,2018-02-26 13:41:00,CCGS LIMNOS,GEORGIAN BAY,2,452212,-813508,33,54.52,2017-09-13 17:29:00,1641,1.00,.00,0.01000000,,0,13.200000,SO4-F,SULPHATE,MG/L,45.37000,-81.58556
201705002,2018-02-26 13:41:00,CCGS LIMNOS,GEORGIAN BAY,2,452212,-813508,33,54.52,2017-09-13 17:29:00,1641,12.00,.00,0.01000000,,0,13.500000,SO4-F,SULPHATE,MG/L,45.37000,-81.58556
201705002,2018-02-26 13:41:00,CCGS LIMNOS,GEORGIAN BAY,2,452212,-813508,33,54.52,2017-09-13 17:29:00,1641,20.00,.00,0.01000000,,0,13.700000,SO4-F,SULPHATE,MG/L,45.37000,-81.58556
201705002,2018-02-26 13:41:00,CCGS LIMNOS,GEORGIAN BAY,2,452212,-813508,33,54.52,2017-09-13 17:29:00,1641,30.00,.00,0.01000000,,0,13.800000,SO4-F,SULPHATE,MG/L,45.37000,-81.58556
201705002,2018-02-26 13:41:00,CCGS LIMNOS,GEORGIAN BAY,2,452212,-813508,33,54.52,2017-09-13 17:29:00,1641,44.00,.00,0.01000000,,0,13.800000,SO4-F,SULPHATE,MG/L,45.37000,-81.58556
201705002,2018-02-26 13:41:00,CCGS LIMNOS,GEORGIAN BAY,2,452212,-813508,33,54.52,2017-09-13 17:29:00,1641,52.00,.00,0.01000000,,0,13.800000,SO4-F,SULPHATE,MG/L,45.37000,-81.58556
201705002,2018-02-26 13:41:00,CCGS LIMNOS,GEORGIAN BAY,3,451419,-812628,31,64.75,2017-09-13 19:30:00,1641,1.00,.00,0.01000000,,0,13.800000,SO4-F,SULPHATE,MG/L,45.23861,-81.44111
201705002,2018-02-26 13:41:00,CCGS LIMNOS,GEORGIAN BAY,4,452154,-811124,21,86.36,2017-09-13 22:54:00,1641,1.00,.00,0.01000000,,0,13.600000,SO4-F,SULPHATE,MG/L,45.36500,-81.19000
201705002,2018-02-26 13:41:00,CCGS LIMNOS,GEORGIAN BAY,5,451438,-805228,17,77.87,2017-09-14 01:23:00,1641,1.00,.00,0.01000000,,0,13.100000,SO4-F,SULPHATE,MG/L,45.24389,-80.87444
201705002,2018-02-26 13:41:00,CCGS LIMNOS,GEORGIAN BAY,5,451438,-805228,17,77.87,2017-09-14 01:23:00,1641,1.00,.00,0.01000000,,1,13.100000,SO4-F,SULPHATE,MG/L,45.24389,-80.87444
201705002,2018-02-26 13:41:00,CCGS LIMNOS,GEORGIAN BAY,5,451438,-805228,17,77.87,2017-09-14 01:23:00,1641,20.00,.00,0.01000000,,0,13.100000,SO4-F,SULPHATE,MG/L,45.24389,-80.87444
201705002,2018-02-26 13:41:00,CCGS LIMNOS,GEORGIAN BAY,5,451438,-805228,17,77.87,2017-09-14 01:23:00,1641,27.00,.00,0.01000000,,0,13.600000,SO4-F,SULPHATE,MG/L,45.24389,-80.87444
201705002,2018-02-26 13:41:00,CCGS LIMNOS,GEORGIAN BAY,5,451438,-805228,17,77.87,2017-09-14 01:23:00,1641,41.00,.00,0.01000000,,0,13.700000,SO4-F,SULPHATE,MG/L,45.24389,-80.87444
201705002,2018-02-26 13:41:00,CCGS LIMNOS,GEORGIAN BAY,5,451438,-805228,17,77.87,2017-09-14 01:23:00,1641,68.00,.00,0.01000000,,0,13.600000,SO4-F,SULPHATE,MG/L,45.24389,-80.87444
201705002,2018-02-26 13:41:00,CCGS LIMNOS,GEORGIAN BAY,5,451438,-805228,17,77.87,2017-09-14 01:23:00,1641,76.00,.00,0.01000000,,0,13.600000,SO4-F,SULPHATE,MG/L,45.24389,-80.87444
201705002,2018-02-26 13:41:00,CCGS LIMNOS,GEORGIAN BAY,6,450401,-811513,19,53.73,2017-09-14 04:33:00,1641,1.00,.00,0.01000000,,0,13.600000,SO4-F,SULPHATE,MG/L,45.06694,-81.25361
201705002,2018-02-26 13:41:00,CCGS LIMNOS,GEORGIAN BAY,7,445512,-805230,12,88.49,2017-09-14 07:17:00,1641,1.00,.00,0.01000000,,0,13.700000,SO4-F,SULPHATE,MG/L,44.92000,-80.87500
201705002,2018-02-26 13:41:00,CCGS LIMNOS,GEORGIAN BAY,8,445514,-803622,11,62.16,2017-09-14 09:18:00,1641,1.00,.00,0.01000000,,0,13.700000,SO4-F,SULPHATE,MG/L,44.92056,-80.60611
201705002,2018-02-26 13:41:00,CCGS LIMNOS,GEORGIAN BAY,9,444303,-805122,1,89.7,2017-09-14 11:41:00,1641,1.00,.00,0.01000000,,0,13.600000,SO4-F,SULPHATE,MG/L,44.71750,-80.85611
201705002,2018-02-26 13:41:00,CCGS LIMNOS,GEORGIAN BAY,9,444303,-805122,1,89.7,2017-09-14 11:41:00,1641,19.00,.00,0.01000000,,0,13.700000,SO4-F,SULPHATE,MG/L,44.71750,-80.85611
201705002,2018-02-26 13:41:00,CCGS LIMNOS,GEORGIAN BAY,9,444303,-805122,1,89.7,2017-09-14 11:41:00,1641,25.00,.00,0.01000000,,0,13.800000,SO4-F,SULPHATE,MG/L,44.71750,-80.85611
201705002,2018-02-26 13:41:00,CCGS LIMNOS,GEORGIAN BAY,9,444303,-805122,1,89.7,2017-09-14 11:41:00,1641,34.00,.00,0.01000000,,0,13.800000,SO4-F,SULPHATE,MG/L,44.71750,-80.85611
201705002,2018-02-26 13:41:00,CCGS LIMNOS,GEORGIAN BAY,9,444303,-805122,1,89.7,2017-09-14 11:41:00,1641,80.00,.00,0.01000000,,0,13.700000,SO4-F,SULPHATE,MG/L,44.71750,-80.85611
201705002,2018-02-26 13:41:00,CCGS LIMNOS,GEORGIAN BAY,9,444303,-805122,1,89.7,2017-09-14 11:41:00,1641,88.00,.00,0.01000000,,0,13.800000,SO4-F,SULPHATE,MG/L,44.71750,-80.85611
201705002,2018-02-26 13:41:00,CCGS LIMNOS,GEORGIAN BAY,10,444329,-803701,3,34.36,2017-09-14 13:46:00,1641,1.00,.00,0.01000000,,0,13.700000,SO4-F,SULPHATE,MG/L,44.72472,-80.61694
201705002,2018-02-26 13:41:00,CCGS LIMNOS,GEORGIAN BAY,10,444329,-803701,3,34.36,2017-09-14 13:46:00,1641,1.00,.00,0.01000000,,1,13.700000,SO4-F,SULPHATE,MG/L,44.72472,-80.61694
201705002,2018-02-26 13:41:00,CCGS LIMNOS,GEORGIAN BAY,10,444329,-803701,3,34.36,2017-09-14 13:46:00,1641,998.00,.00,0.01000000,,0,.040000,SO4-F,SULPHATE,MG/L,44.72472,-80.61694
201705002,2018-02-26 13:41:00,CCGS LIMNOS,GEORGIAN BAY,10,444329,-803701,3,34.36,2017-09-14 13:46:00,1641,999.00,.00,0.01000000,<,0,.010000,SO4-F,SULPHATE,MG/L,44.72472,-80.61694
201705002,2018-02-26 13:41:00,CCGS LIMNOS,GEORGIAN BAY,11,444411,-802606,6,87.05,2017-09-14 15:18:00,1641,1.00,.00,0.01000000,,0,13.700000,SO4-F,SULPHATE,MG/L,44.73639,-80.43500
201705002,2018-02-26 13:41:00,CCGS LIMNOS,GEORGIAN BAY,12,444746,-801436,5,58.89,2017-09-14 17:16:00,1641,1.00,.00,0.01000000,,0,13.700000,SO4-F,SULPHATE,MG/L,44.79611,-80.24333
201705002,2018-02-26 13:41:00,CCGS LIMNOS,GEORGIAN BAY,13,443844,-801002,4,57.57,2017-09-14 19:38:00,1641,1.00,.00,0.01000000,,0,13.600000,SO4-F,SULPHATE,MG/L,44.64556,-80.16722
201705002,2018-02-26 13:41:00,CCGS LIMNOS,GEORGIAN BAY,13,443844,-801002,4,57.57,2017-09-14 19:38:00,1641,20.00,.00,0.01000000,,0,13.600000,SO4-F,SULPHATE,MG/L,44.64556,-80.16722
201705002,2018-02-26 13:41:00,CCGS LIMNOS,GEORGIAN BAY,13,443844,-801002,4,57.57,2017-09-14 19:38:00,1641,27.00,.00,0.01000000,,0,13.900000,SO4-F,SULPHATE,MG/L,44.64556,-80.16722
201705002,2018-02-26 13:41:00,CCGS LIMNOS,GEORGIAN BAY,13,443844,-801002,4,57.57,2017-09-14 19:38:00,1641,41.00,.00,0.01000000,,0,13.800000,SO4-F,SULPHATE,MG/L,44.64556,-80.16722
201705002,2018-02-26 13:41:00,CCGS LIMNOS,GEORGIAN BAY,13,443844,-801002,4,57.57,2017-09-14 19:38:00,1641,47.00,.00,0.01000000,,0,13.800000,SO4-F,SULPHATE,MG/L,44.64556,-80.16722
201705002,2018-02-26 13:41:00,CCGS LIMNOS,GEORGIAN BAY,13,443844,-801002,4,57.57,2017-09-14 19:38:00,1641,55.00,.00,0.01000000,,0,13.800000,SO4-F,SULPHATE,MG/L,44.64556,-80.16722
201705002,2018-02-26 13:41:00,CCGS LIMNOS,GEORGIAN BAY,14,445216,-795809,9,30.11,2017-09-15 00:22:00,1641,1.00,.00,0.01000000,,0,12.000000,SO4-F,SULPHATE,MG/L,44.87111,-79.96917
201705002,2018-02-26 13:41:00,CCGS LIMNOS,GEORGIAN BAY,14,445216,-795809,9,30.11,2017-09-15 00:22:00,1641,20.00,.00,0.01000000,,0,12.600000,SO4-F,SULPHATE,MG/L,44.87111,-79.96917
201705002,2018-02-26 13:41:00,CCGS LIMNOS,GEORGIAN BAY,14,445216,-795809,9,30.11,2017-09-15 00:22:00,1641,28.00,.00,0.01000000,,0,13.300000,SO4-F,SULPHATE,MG/L,44.87111,-79.96917
201705002,2018-02-26 13:41:00,CCGS LIMNOS,GEORGIAN BAY,15,445709,-800856,8,50.79,2017-09-15 02:47:00,1641,1.00,.00,0.01000000,,0,13.500000,SO4-F,SULPHATE,MG/L,44.95250,-80.14889
201705002,2018-02-26 13:41:00,CCGS LIMNOS,GEORGIAN BAY,15,445709,-800856,8,50.79,2017-09-15 02:47:00,1641,1.00,.00,0.01000000,,1,13.500000,SO4-F,SULPHATE,MG/L,44.95250,-80.14889
201705002,2018-02-26 13:41:00,CCGS LIMNOS,GEORGIAN BAY,16,450959,-801749,15,46.62,2017-09-15 05:51:00,1641,1.00,.00,0.01000000,,0,13.300000,SO4-F,SULPHATE,MG/L,45.16639,-80.29694
201705002,2018-02-26 13:41:00,CCGS LIMNOS,GEORGIAN BAY,17,452112,-802908,16,19.01,2017-09-15 09:06:00,1641,1.00,.00,0.01000000,,0,13.400000,SO4-F,SULPHATE,MG/L,45.35333,-80.48556
201705002,2018-02-26 13:41:00,CCGS LIMNOS,GEORGIAN BAY,18,451930,-800658,122,94.89,2017-09-15 12:02:00,1641,1.00,.00,0.01000000,,0,8.950000,SO4-F,SULPHATE,MG/L,45.32500,-80.11611
201705002,2018-02-26 13:41:00,CCGS LIMNOS,GEORGIAN BAY,19,453456,-810459,29,42.78,2017-09-16 15:55:00,1641,1.00,.00,0.01000000,,0,13.500000,SO4-F,SULPHATE,MG/L,45.58222,-81.08306
201705002,2018-02-26 13:41:00,CCGS LIMNOS,GEORGIAN BAY,19,453456,-810459,29,42.78,2017-09-16 15:55:00,1641,16.00,.00,0.01000000,,0,13.600000,SO4-F,SULPHATE,MG/L,45.58222,-81.08306
201705002,2018-02-26 13:41:00,CCGS LIMNOS,GEORGIAN BAY,19,453456,-810459,29,42.78,2017-09-16 15:55:00,1641,21.00,.00,0.01000000,,0,13.700000,SO4-F,SULPHATE,MG/L,45.58222,-81.08306
201705002,2018-02-26 13:41:00,CCGS LIMNOS,GEORGIAN BAY,19,453456,-810459,29,42.78,2017-09-16 15:55:00,1641,26.00,.00,0.01000000,,0,13.600000,SO4-F,SULPHATE,MG/L,45.58222,-81.08306
201705002,2018-02-26 13:41:00,CCGS LIMNOS,GEORGIAN BAY,19,453456,-810459,29,42.78,2017-09-16 15:55:00,1641,32.00,.00,0.01000000,,0,13.600000,SO4-F,SULPHATE,MG/L,45.58222,-81.08306
201705002,2018-02-26 13:41:00,CCGS LIMNOS,GEORGIAN BAY,19,453456,-810459,29,42.78,2017-09-16 15:55:00,1641,40.00,.00,0.01000000,,0,13.700000,SO4-F,SULPHATE,MG/L,45.58222,-81.08306
201705002,2018-02-26 13:41:00,CCGS LIMNOS,GEORGIAN BAY,20,454042,-805022,24,40.01,2017-09-16 18:12:00,1641,1.00,.00,0.01000000,,0,13.000000,SO4-F,SULPHATE,MG/L,45.67833,-80.83944
201705002,2018-02-26 13:41:00,CCGS LIMNOS,GEORGIAN BAY,20,454042,-805022,24,40.01,2017-09-16 18:12:00,1641,1.00,.00,0.01000000,,1,13.000000,SO4-F,SULPHATE,MG/L,45.67833,-80.83944
201705002,2018-02-26 13:41:00,CCGS LIMNOS,GEORGIAN BAY,20,454042,-805022,24,40.01,2017-09-16 18:12:00,1641,998.00,.00,0.01000000,,0,.060000,SO4-F,SULPHATE,MG/L,45.67833,-80.83944
201705002,2018-02-26 13:41:00,CCGS LIMNOS,GEORGIAN BAY,20,454042,-805022,24,40.01,2017-09-16 18:12:00,1641,999.00,.00,0.01000000,<,0,.010000,SO4-F,SULPHATE,MG/L,45.67833,-80.83944
201705002,2018-02-26 13:41:00,CCGS LIMNOS,GEORGIAN BAY,21,455000,-805357,26,20.11,2017-09-16 20:13:00,1641,1.00,.00,0.01000000,,0,12.600000,SO4-F,SULPHATE,MG/L,45.83333,-80.89917
201705002,2018-02-26 13:41:00,CCGS LIMNOS,GEORGIAN BAY,22,455156,-805957,27,17.72,2017-09-16 21:23:00,1641,1.00,.00,0.01000000,,0,13.000000,SO4-F,SULPHATE,MG/L,45.86556,-80.99917
201705002,2018-02-26 13:41:00,CCGS LIMNOS,GEORGIAN BAY,22,455156,-805957,27,17.72,2017-09-16 21:23:00,1641,8.00,.00,0.01000000,,0,12.000000,SO4-F,SULPHATE,MG/L,45.86556,-80.99917
201705002,2018-02-26 13:41:00,CCGS LIMNOS,GEORGIAN BAY,22,455156,-805957,27,17.72,2017-09-16 21:23:00,1641,15.00,.00,0.01000000,,0,11.800000,SO4-F,SULPHATE,MG/L,45.86556,-80.99917
201705002,2018-02-26 13:41:00,CCGS LIMNOS,GEORGIAN BAY,23,455223,-811531,39,28.28,2017-09-16 23:25:00,1641,1.00,.00,0.01000000,,0,13.000000,SO4-F,SULPHATE,MG/L,45.87306,-81.25861
201705002,2018-02-26 13:41:00,CCGS LIMNOS,GEORGIAN BAY,24,454230,-813710,36,52.89,2017-09-17 02:19:00,1641,1.00,.00,0.01000000,,0,13.200000,SO4-F,SULPHATE,MG/L,45.70833,-81.61944
201705002,2018-02-26 13:41:00,CCGS LIMNOS,GEORGIAN BAY,25,455445,-813539,42,29.5,2017-09-17 05:24:00,1641,1.00,.00,0.01000000,,0,13.000000,SO4-F,SULPHATE,MG/L,45.91250,-81.59417
201705002,2018-02-26 13:41:00,CCGS LIMNOS,GEORGIAN BAY,25,455445,-813539,42,29.5,2017-09-17 05:24:00,1641,1.00,.00,0.01000000,,1,13.000000,SO4-F,SULPHATE,MG/L,45.91250,-81.59417
201705002,2018-02-26 13:41:00,CCGS LIMNOS,GEORGIAN BAY,25,455445,-813539,42,29.5,2017-09-17 05:24:00,1641,19.00,.00,0.01000000,,0,13.200000,SO4-F,SULPHATE,MG/L,45.91250,-81.59417
201705002,2018-02-26 13:41:00,CCGS LIMNOS,GEORGIAN BAY,25,455445,-813539,42,29.5,2017-09-17 05:24:00,1641,22.00,.00,0.01000000,,0,13.300000,SO4-F,SULPHATE,MG/L,45.91250,-81.59417
201705002,2018-02-26 13:41:00,CCGS LIMNOS,GEORGIAN BAY,26,454546,-814745,46,19.2,2017-09-17 09:00:00,1641,1.00,.00,0.01000000,,0,12.800000,SO4-F,SULPHATE,MG/L,45.76278,-81.79583
201705002,2018-02-26 13:41:00,CCGS LIMNOS,GEORGIAN BAY,5,451438,-805228,17,77.87,2017-09-14 01:23:00,1902,3.00,.00,5.08000000,<,0,5.080000,BUTYLATE,BUTYLATE,NG/L,45.24389,-80.87444
201705002,2018-02-26 13:41:00,CCGS LIMNOS,GEORGIAN BAY,5,451438,-805228,17,77.87,2017-09-14 01:23:00,1903,3.00,.00,21.30000000,<,0,21.300000,D-SIMAZN,DESETHYLSIMAZINE,NG/L,45.24389,-80.87444
201705002,2018-02-26 13:41:00,CCGS LIMNOS,GEORGIAN BAY,5,451438,-805228,17,77.87,2017-09-14 01:23:00,1904,3.00,.00,8.18000000,,0,9.310000,D-ATRAZN,DESETHYLATRAZINE,NG/L,45.24389,-80.87444
201705002,2018-02-26 13:41:00,CCGS LIMNOS,GEORGIAN BAY,5,451438,-805228,17,77.87,2017-09-14 01:23:00,1905,3.00,.00,2.63000000,<,0,2.630000,TRIFLRLN,TRIFLURALIN,NG/L,45.24389,-80.87444
201705002,2018-02-26 13:41:00,CCGS LIMNOS,GEORGIAN BAY,5,451438,-805228,17,77.87,2017-09-14 01:23:00,1906,3.00,.00,6.36000000,<,0,6.360000,DLATE I,DIALLATE I,NG/L,45.24389,-80.87444
201705002,2018-02-26 13:41:00,CCGS LIMNOS,GEORGIAN BAY,5,451438,-805228,17,77.87,2017-09-14 01:23:00,1907,3.00,.00,1.66000000,<,0,1.660000,DLATE II,DIALLATE II,NG/L,45.24389,-80.87444
201705002,2018-02-26 13:41:00,CCGS LIMNOS,GEORGIAN BAY,5,451438,-805228,17,77.87,2017-09-14 01:23:00,1908,3.00,.00,8.23000000,<,0,8.230000,SIMAZINE,SIMAZINE,NG/L,45.24389,-80.87444
201705002,2018-02-26 13:41:00,CCGS LIMNOS,GEORGIAN BAY,5,451438,-805228,17,77.87,2017-09-14 01:23:00,1909,3.00,.00,5.10000000,,0,7.960000,ATRAZINE,ATRAZINE,NG/L,45.24389,-80.87444
201705002,2018-02-26 13:41:00,CCGS LIMNOS,GEORGIAN BAY,5,451438,-805228,17,77.87,2017-09-14 01:23:00,1910,3.00,.00,4.41000000,<,0,4.410000,TRIALLAT,TRIALLATE,NG/L,45.24389,-80.87444
201705002,2018-02-26 13:41:00,CCGS LIMNOS,GEORGIAN BAY,5,451438,-805228,17,77.87,2017-09-14 01:23:00,1911,3.00,.00,9.44000000,<,0,9.440000,METRIBZN,METRIBUZIN,NG/L,45.24389,-80.87444
201705002,2018-02-26 13:41:00,CCGS LIMNOS,GEORGIAN BAY,5,451438,-805228,17,77.87,2017-09-14 01:23:00,1912,3.00,.00,4.63000000,<,0,4.630000,METLCHLR,METOLACHLOR,NG/L,45.24389,-80.87444
201705002,2018-02-26 13:41:00,CCGS LIMNOS,GEORGIAN BAY,5,451438,-805228,17,77.87,2017-09-14 01:23:00,1913,3.00,.00,11.60000000,<,0,11.600000,DICLOFOP,DICLOFOPMETHYL (HOEGRASS),NG/L,45.24389,-80.87444
201705002,2018-02-26 13:41:00,CCGS LIMNOS,GEORGIAN BAY,5,451438,-805228,17,77.87,2017-09-14 01:23:00,1914,3.00,.00,2.16000000,<,0,2.160000,BPROPE,BENZOYLPROPETHYL (ENDAVEN),NG/L,45.24389,-80.87444
201705002,2018-02-26 13:41:00,CCGS LIMNOS,GEORGIAN BAY,5,451438,-805228,17,77.87,2017-09-14 01:23:00,1915,3.00,.00,1.00000000,,0,62.600000,D14-TFRN,D-14-TRIFLURALIN,%,45.24389,-80.87444
201705002,2018-02-26 13:41:00,CCGS LIMNOS,GEORGIAN BAY,5,451438,-805228,17,77.87,2017-09-14 01:23:00,1916,3.00,.00,15.40000000,<,0,15.400000,ETHAFLRN,ETHALFLURALIN,ng/L,45.24389,-80.87444
201705002,2018-02-26 13:41:00,CCGS LIMNOS,GEORGIAN BAY,5,451438,-805228,17,77.87,2017-09-14 01:23:00,1917,3.00,.00,9.08000000,<,0,9.080000,FENOXPRP,FENOXAPROP-ETHYL,ng/L,45.24389,-80.87444
201705001,2018-02-28 15:06:00,CCGS LIMNOS,GEORGIAN BAY,2,455445,-813545,42,20.00,2017-05-21 14:33:00,1934,12.00,.00,0.21000000,,0,.975000,NAPTH,NAPHTHALENE,NG/L,45.91250,-81.59583
201705001,2018-02-28 15:06:00,CCGS LIMNOS,GEORGIAN BAY,4,455158,-810004,27,16.00,2017-05-21 18:42:00,1934,3.00,.00,0.21000000,,0,.642000,NAPTH,NAPHTHALENE,NG/L,45.86611,-81.00111
201705001,2018-02-28 15:06:00,CCGS LIMNOS,GEORGIAN BAY,7,453504,-810454,29,41.90,2017-05-21 23:25:00,1934,12.00,.00,0.21000000,,0,1.300000,NAPTH,NAPHTHALENE,NG/L,45.58444,-81.08167
201705001,2018-02-28 15:06:00,CCGS LIMNOS,GEORGIAN BAY,9,451442,-805229,17,77.50,2017-05-22 04:32:00,1934,12.00,.00,0.21000000,,0,1.770000,NAPTH,NAPHTHALENE,NG/L,45.24500,-80.87472
201705001,2018-02-28 15:06:00,CCGS LIMNOS,GEORGIAN BAY,14,445219,-795801,9,28.89,2017-05-23 02:10:00,1934,12.00,.00,0.21000000,,0,1.260000,NAPTH,NAPHTHALENE,NG/L,44.87194,-79.96694
201705001,2018-02-28 15:06:00,CCGS LIMNOS,GEORGIAN BAY,16,443847,-801004,4,58.00,2017-05-23 06:33:00,1934,12.00,.00,0.21000000,,0,1.970000,NAPTH,NAPHTHALENE,NG/L,44.64639,-80.16778
201705001,2018-02-28 15:06:00,CCGS LIMNOS,GEORGIAN BAY,19,444306,-805120,1,89.30,2017-05-23 13:17:00,1934,12.00,.00,0.21000000,,0,1.720000,NAPTH,NAPHTHALENE,NG/L,44.71833,-80.85556
201705001,2018-02-28 15:06:00,CCGS LIMNOS,GEORGIAN BAY,24,452213,-813502,33,53.80,2017-05-24 04:03:00,1934,12.00,.00,0.21000000,,0,1.720000,NAPTH,NAPHTHALENE,NG/L,45.37028,-81.58389
201705001,2018-02-28 15:06:00,CCGS LIMNOS,GEORGIAN BAY,2,455445,-813545,42,20.00,2017-05-21 14:33:00,1937,12.00,.00,0.13000000,<,0,.130000,B-CLNPHT,2-CHLORONAPHTHALENE,NG/L,45.91250,-81.59583
201705001,2018-02-28 15:06:00,CCGS LIMNOS,GEORGIAN BAY,4,455158,-810004,27,16.00,2017-05-21 18:42:00,1937,3.00,.00,0.13000000,<,0,.130000,B-CLNPHT,2-CHLORONAPHTHALENE,NG/L,45.86611,-81.00111
201705001,2018-02-28 15:06:00,CCGS LIMNOS,GEORGIAN BAY,7,453504,-810454,29,41.90,2017-05-21 23:25:00,1937,12.00,.00,0.13000000,<,0,.130000,B-CLNPHT,2-CHLORONAPHTHALENE,NG/L,45.58444,-81.08167
201705001,2018-02-28 15:06:00,CCGS LIMNOS,GEORGIAN BAY,9,451442,-805229,17,77.50,2017-05-22 04:32:00,1937,12.00,.00,0.13000000,<,0,.130000,B-CLNPHT,2-CHLORONAPHTHALENE,NG/L,45.24500,-80.87472
201705001,2018-02-28 15:06:00,CCGS LIMNOS,GEORGIAN BAY,14,445219,-795801,9,28.89,2017-05-23 02:10:00,1937,12.00,.00,0.13000000,<,0,.130000,B-CLNPHT,2-CHLORONAPHTHALENE,NG/L,44.87194,-79.96694
201705001,2018-02-28 15:06:00,CCGS LIMNOS,GEORGIAN BAY,16,443847,-801004,4,58.00,2017-05-23 06:33:00,1937,12.00,.00,0.13000000,<,0,.130000,B-CLNPHT,2-CHLORONAPHTHALENE,NG/L,44.64639,-80.16778
201705001,2018-02-28 15:06:00,CCGS LIMNOS,GEORGIAN BAY,19,444306,-805120,1,89.30,2017-05-23 13:17:00,1937,12.00,.00,0.13000000,<,0,.130000,B-CLNPHT,2-CHLORONAPHTHALENE,NG/L,44.71833,-80.85556
201705001,2018-02-28 15:06:00,CCGS LIMNOS,GEORGIAN BAY,24,452213,-813502,33,53.80,2017-05-24 04:03:00,1937,12.00,.00,0.13000000,<,0,.130000,B-CLNPHT,2-CHLORONAPHTHALENE,NG/L,45.37028,-81.58389
201705001,2018-02-28 15:06:00,CCGS LIMNOS,GEORGIAN BAY,2,455445,-813545,42,20.00,2017-05-21 14:33:00,1938,12.00,.00,0.11000000,<,0,.110000,ACENPHYL,ACENAPHTHYLENE,NG/L,45.91250,-81.59583
201705001,2018-02-28 15:06:00,CCGS LIMNOS,GEORGIAN BAY,4,455158,-810004,27,16.00,2017-05-21 18:42:00,1938,3.00,.00,0.11000000,<,0,.110000,ACENPHYL,ACENAPHTHYLENE,NG/L,45.86611,-81.00111
201705001,2018-02-28 15:06:00,CCGS LIMNOS,GEORGIAN BAY,7,453504,-810454,29,41.90,2017-05-21 23:25:00,1938,12.00,.00,0.11000000,<,0,.110000,ACENPHYL,ACENAPHTHYLENE,NG/L,45.58444,-81.08167
201705001,2018-02-28 15:06:00,CCGS LIMNOS,GEORGIAN BAY,9,451442,-805229,17,77.50,2017-05-22 04:32:00,1938,12.00,.00,0.11000000,<,0,.110000,ACENPHYL,ACENAPHTHYLENE,NG/L,45.24500,-80.87472
201705001,2018-02-28 15:06:00,CCGS LIMNOS,GEORGIAN BAY,14,445219,-795801,9,28.89,2017-05-23 02:10:00,1938,12.00,.00,0.11000000,<,0,.110000,ACENPHYL,ACENAPHTHYLENE,NG/L,44.87194,-79.96694
201705001,2018-02-28 15:06:00,CCGS LIMNOS,GEORGIAN BAY,16,443847,-801004,4,58.00,2017-05-23 06:33:00,1938,12.00,.00,0.11000000,<,0,.110000,ACENPHYL,ACENAPHTHYLENE,NG/L,44.64639,-80.16778
201705001,2018-02-28 15:06:00,CCGS LIMNOS,GEORGIAN BAY,19,444306,-805120,1,89.30,2017-05-23 13:17:00,1938,12.00,.00,0.11000000,<,0,.110000,ACENPHYL,ACENAPHTHYLENE,NG/L,44.71833,-80.85556
201705001,2018-02-28 15:06:00,CCGS LIMNOS,GEORGIAN BAY,24,452213,-813502,33,53.80,2017-05-24 04:03:00,1938,12.00,.00,0.11000000,<,0,.110000,ACENPHYL,ACENAPHTHYLENE,NG/L,45.37028,-81.58389
201705001,2018-02-28 15:06:00,CCGS LIMNOS,GEORGIAN BAY,2,455445,-813545,42,20.00,2017-05-21 14:33:00,1939,12.00,.00,0.11000000,<,0,.110000,ACENPHTH,ACENAPHTHENE,NG/L,45.91250,-81.59583
201705001,2018-02-28 15:06:00,CCGS LIMNOS,GEORGIAN BAY,4,455158,-810004,27,16.00,2017-05-21 18:42:00,1939,3.00,.00,0.11000000,<,0,.110000,ACENPHTH,ACENAPHTHENE,NG/L,45.86611,-81.00111
201705001,2018-02-28 15:06:00,CCGS LIMNOS,GEORGIAN BAY,7,453504,-810454,29,41.90,2017-05-21 23:25:00,1939,12.00,.00,0.11000000,<,0,.110000,ACENPHTH,ACENAPHTHENE,NG/L,45.58444,-81.08167
201705001,2018-02-28 15:06:00,CCGS LIMNOS,GEORGIAN BAY,9,451442,-805229,17,77.50,2017-05-22 04:32:00,1939,12.00,.00,0.11000000,<,0,.110000,ACENPHTH,ACENAPHTHENE,NG/L,45.24500,-80.87472
201705001,2018-02-28 15:06:00,CCGS LIMNOS,GEORGIAN BAY,14,445219,-795801,9,28.89,2017-05-23 02:10:00,1939,12.00,.00,0.11000000,<,0,.110000,ACENPHTH,ACENAPHTHENE,NG/L,44.87194,-79.96694
201705001,2018-02-28 15:06:00,CCGS LIMNOS,GEORGIAN BAY,16,443847,-801004,4,58.00,2017-05-23 06:33:00,1939,12.00,.00,0.11000000,<,0,.110000,ACENPHTH,ACENAPHTHENE,NG/L,44.64639,-80.16778
201705001,2018-02-28 15:06:00,CCGS LIMNOS,GEORGIAN BAY,19,444306,-805120,1,89.30,2017-05-23 13:17:00,1939,12.00,.00,0.11000000,<,0,.110000,ACENPHTH,ACENAPHTHENE,NG/L,44.71833,-80.85556
201705001,2018-02-28 15:06:00,CCGS LIMNOS,GEORGIAN BAY,24,452213,-813502,33,53.80,2017-05-24 04:03:00,1939,12.00,.00,0.11000000,<,0,.110000,ACENPHTH,ACENAPHTHENE,NG/L,45.37028,-81.58389
201705001,2018-02-28 15:06:00,CCGS LIMNOS,GEORGIAN BAY,2,455445,-813545,42,20.00,2017-05-21 14:33:00,1940,12.00,.00,0.09200000,,0,.265000,FLUORENE,FLUORENE,NG/L,45.91250,-81.59583
201705001,2018-02-28 15:06:00,CCGS LIMNOS,GEORGIAN BAY,4,455158,-810004,27,16.00,2017-05-21 18:42:00,1940,3.00,.00,0.09200000,,0,.212000,FLUORENE,FLUORENE,NG/L,45.86611,-81.00111
201705001,2018-02-28 15:06:00,CCGS LIMNOS,GEORGIAN BAY,7,453504,-810454,29,41.90,2017-05-21 23:25:00,1940,12.00,.00,0.09200000,,0,.284000,FLUORENE,FLUORENE,NG/L,45.58444,-81.08167
201705001,2018-02-28 15:06:00,CCGS LIMNOS,GEORGIAN BAY,9,451442,-805229,17,77.50,2017-05-22 04:32:00,1940,12.00,.00,0.09200000,,0,.334000,FLUORENE,FLUORENE,NG/L,45.24500,-80.87472
201705001,2018-02-28 15:06:00,CCGS LIMNOS,GEORGIAN BAY,14,445219,-795801,9,28.89,2017-05-23 02:10:00,1940,12.00,.00,0.09200000,,0,.297000,FLUORENE,FLUORENE,NG/L,44.87194,-79.96694
201705001,2018-02-28 15:06:00,CCGS LIMNOS,GEORGIAN BAY,16,443847,-801004,4,58.00,2017-05-23 06:33:00,1940,12.00,.00,0.09200000,,0,.357000,FLUORENE,FLUORENE,NG/L,44.64639,-80.16778
201705001,2018-02-28 15:06:00,CCGS LIMNOS,GEORGIAN BAY,19,444306,-805120,1,89.30,2017-05-23 13:17:00,1940,12.00,.00,0.09200000,,0,.302000,FLUORENE,FLUORENE,NG/L,44.71833,-80.85556
201705001,2018-02-28 15:06:00,CCGS LIMNOS,GEORGIAN BAY,24,452213,-813502,33,53.80,2017-05-24 04:03:00,1940,12.00,.00,0.09200000,,0,.269000,FLUORENE,FLUORENE,NG/L,45.37028,-81.58389
201705001,2018-02-28 15:06:00,CCGS LIMNOS,GEORGIAN BAY,2,455445,-813545,42,20.00,2017-05-21 14:33:00,1941,12.00,.00,0.05700000,,0,.578000,PHNANTHR,PHENANTHRENE,NG/L,45.91250,-81.59583
201705001,2018-02-28 15:06:00,CCGS LIMNOS,GEORGIAN BAY,4,455158,-810004,27,16.00,2017-05-21 18:42:00,1941,3.00,.00,0.05700000,,0,.521000,PHNANTHR,PHENANTHRENE,NG/L,45.86611,-81.00111
201705001,2018-02-28 15:06:00,CCGS LIMNOS,GEORGIAN BAY,7,453504,-810454,29,41.90,2017-05-21 23:25:00,1941,12.00,.00,0.05700000,,0,.512000,PHNANTHR,PHENANTHRENE,NG/L,45.58444,-81.08167
201705001,2018-02-28 15:06:00,CCGS LIMNOS,GEORGIAN BAY,9,451442,-805229,17,77.50,2017-05-22 04:32:00,1941,12.00,.00,0.05700000,,0,.579000,PHNANTHR,PHENANTHRENE,NG/L,45.24500,-80.87472
201705001,2018-02-28 15:06:00,CCGS LIMNOS,GEORGIAN BAY,14,445219,-795801,9,28.89,2017-05-23 02:10:00,1941,12.00,.00,0.05700000,,0,.669000,PHNANTHR,PHENANTHRENE,NG/L,44.87194,-79.96694
201705001,2018-02-28 15:06:00,CCGS LIMNOS,GEORGIAN BAY,16,443847,-801004,4,58.00,2017-05-23 06:33:00,1941,12.00,.00,0.05700000,,0,.715000,PHNANTHR,PHENANTHRENE,NG/L,44.64639,-80.16778
201705001,2018-02-28 15:06:00,CCGS LIMNOS,GEORGIAN BAY,19,444306,-805120,1,89.30,2017-05-23 13:17:00,1941,12.00,.00,0.05700000,,0,.596000,PHNANTHR,PHENANTHRENE,NG/L,44.71833,-80.85556
201705001,2018-02-28 15:06:00,CCGS LIMNOS,GEORGIAN BAY,24,452213,-813502,33,53.80,2017-05-24 04:03:00,1941,12.00,.00,0.05700000,,0,.450000,PHNANTHR,PHENANTHRENE,NG/L,45.37028,-81.58389
201705001,2018-02-28 15:06:00,CCGS LIMNOS,GEORGIAN BAY,2,455445,-813545,42,20.00,2017-05-21 14:33:00,1942,12.00,.00,0.05600000,<,0,.056000,ANTH,ANTHRACENE,NG/L,45.91250,-81.59583
201705001,2018-02-28 15:06:00,CCGS LIMNOS,GEORGIAN BAY,4,455158,-810004,27,16.00,2017-05-21 18:42:00,1942,3.00,.00,0.05600000,<,0,.056000,ANTH,ANTHRACENE,NG/L,45.86611,-81.00111
201705001,2018-02-28 15:06:00,CCGS LIMNOS,GEORGIAN BAY,7,453504,-810454,29,41.90,2017-05-21 23:25:00,1942,12.00,.00,0.05600000,<,0,.056000,ANTH,ANTHRACENE,NG/L,45.58444,-81.08167
201705001,2018-02-28 15:06:00,CCGS LIMNOS,GEORGIAN BAY,9,451442,-805229,17,77.50,2017-05-22 04:32:00,1942,12.00,.00,0.05600000,<,0,.056000,ANTH,ANTHRACENE,NG/L,45.24500,-80.87472
201705001,2018-02-28 15:06:00,CCGS LIMNOS,GEORGIAN BAY,14,445219,-795801,9,28.89,2017-05-23 02:10:00,1942,12.00,.00,0.05600000,<,0,.056000,ANTH,ANTHRACENE,NG/L,44.87194,-79.96694
201705001,2018-02-28 15:06:00,CCGS LIMNOS,GEORGIAN BAY,16,443847,-801004,4,58.00,2017-05-23 06:33:00,1942,12.00,.00,0.05600000,<,0,.056000,ANTH,ANTHRACENE,NG/L,44.64639,-80.16778
201705001,2018-02-28 15:06:00,CCGS LIMNOS,GEORGIAN BAY,19,444306,-805120,1,89.30,2017-05-23 13:17:00,1942,12.00,.00,0.05600000,<,0,.056000,ANTH,ANTHRACENE,NG/L,44.71833,-80.85556
201705001,2018-02-28 15:06:00,CCGS LIMNOS,GEORGIAN BAY,24,452213,-813502,33,53.80,2017-05-24 04:03:00,1942,12.00,.00,0.05600000,<,0,.056000,ANTH,ANTHRACENE,NG/L,45.37028,-81.58389
201705001,2018-02-28 15:06:00,CCGS LIMNOS,GEORGIAN BAY,2,455445,-813545,42,20.00,2017-05-21 14:33:00,1943,12.00,.00,0.05000000,,0,.253000,FLO,FLUORANTHENE,NG/L,45.91250,-81.59583
201705001,2018-02-28 15:06:00,CCGS LIMNOS,GEORGIAN BAY,4,455158,-810004,27,16.00,2017-05-21 18:42:00,1943,3.00,.00,0.05000000,,0,.240000,FLO,FLUORANTHENE,NG/L,45.86611,-81.00111
201705001,2018-02-28 15:06:00,CCGS LIMNOS,GEORGIAN BAY,7,453504,-810454,29,41.90,2017-05-21 23:25:00,1943,12.00,.00,0.05000000,,0,.271000,FLO,FLUORANTHENE,NG/L,45.58444,-81.08167
201705001,2018-02-28 15:06:00,CCGS LIMNOS,GEORGIAN BAY,9,451442,-805229,17,77.50,2017-05-22 04:32:00,1943,12.00,.00,0.05000000,,0,.302000,FLO,FLUORANTHENE,NG/L,45.24500,-80.87472
201705001,2018-02-28 15:06:00,CCGS LIMNOS,GEORGIAN BAY,14,445219,-795801,9,28.89,2017-05-23 02:10:00,1943,12.00,.00,0.05000000,,0,.327000,FLO,FLUORANTHENE,NG/L,44.87194,-79.96694
201705001,2018-02-28 15:06:00,CCGS LIMNOS,GEORGIAN BAY,16,443847,-801004,4,58.00,2017-05-23 06:33:00,1943,12.00,.00,0.05000000,,0,.330000,FLO,FLUORANTHENE,NG/L,44.64639,-80.16778
201705001,2018-02-28 15:06:00,CCGS LIMNOS,GEORGIAN BAY,19,444306,-805120,1,89.30,2017-05-23 13:17:00,1943,12.00,.00,0.05000000,,0,.302000,FLO,FLUORANTHENE,NG/L,44.71833,-80.85556
201705001,2018-02-28 15:06:00,CCGS LIMNOS,GEORGIAN BAY,24,452213,-813502,33,53.80,2017-05-24 04:03:00,1943,12.00,.00,0.05000000,,0,.248000,FLO,FLUORANTHENE,NG/L,45.37028,-81.58389
201705001,2018-02-28 15:06:00,CCGS LIMNOS,GEORGIAN BAY,2,455445,-813545,42,20.00,2017-05-21 14:33:00,1944,12.00,.00,0.04400000,,0,.106000,PYRENE,PYRENE,NG/L,45.91250,-81.59583
201705001,2018-02-28 15:06:00,CCGS LIMNOS,GEORGIAN BAY,4,455158,-810004,27,16.00,2017-05-21 18:42:00,1944,3.00,.00,0.04400000,,0,.127000,PYRENE,PYRENE,NG/L,45.86611,-81.00111
201705001,2018-02-28 15:06:00,CCGS LIMNOS,GEORGIAN BAY,7,453504,-810454,29,41.90,2017-05-21 23:25:00,1944,12.00,.00,0.04400000,,0,.144000,PYRENE,PYRENE,NG/L,45.58444,-81.08167
201705001,2018-02-28 15:06:00,CCGS LIMNOS,GEORGIAN BAY,9,451442,-805229,17,77.50,2017-05-22 04:32:00,1944,12.00,.00,0.04400000,,0,.113000,PYRENE,PYRENE,NG/L,45.24500,-80.87472
201705001,2018-02-28 15:06:00,CCGS LIMNOS,GEORGIAN BAY,14,445219,-795801,9,28.89,2017-05-23 02:10:00,1944,12.00,.00,0.04400000,,0,.149000,PYRENE,PYRENE,NG/L,44.87194,-79.96694
201705001,2018-02-28 15:06:00,CCGS LIMNOS,GEORGIAN BAY,16,443847,-801004,4,58.00,2017-05-23 06:33:00,1944,12.00,.00,0.04400000,,0,.124000,PYRENE,PYRENE,NG/L,44.64639,-80.16778
201705001,2018-02-28 15:06:00,CCGS LIMNOS,GEORGIAN BAY,19,444306,-805120,1,89.30,2017-05-23 13:17:00,1944,12.00,.00,0.04400000,,0,.159000,PYRENE,PYRENE,NG/L,44.71833,-80.85556
201705001,2018-02-28 15:06:00,CCGS LIMNOS,GEORGIAN BAY,24,452213,-813502,33,53.80,2017-05-24 04:03:00,1944,12.00,.00,0.04400000,,0,.111000,PYRENE,PYRENE,NG/L,45.37028,-81.58389
201705001,2018-02-28 15:06:00,CCGS LIMNOS,GEORGIAN BAY,2,455445,-813545,42,20.00,2017-05-21 14:33:00,1945,12.00,.00,0.16000000,<,0,.160000,B-A-ANTH,BENZO(A)ANTHRACENE,NG/L,45.91250,-81.59583
201705001,2018-02-28 15:06:00,CCGS LIMNOS,GEORGIAN BAY,4,455158,-810004,27,16.00,2017-05-21 18:42:00,1945,3.00,.00,0.16000000,<,0,.160000,B-A-ANTH,BENZO(A)ANTHRACENE,NG/L,45.86611,-81.00111
201705001,2018-02-28 15:06:00,CCGS LIMNOS,GEORGIAN BAY,7,453504,-810454,29,41.90,2017-05-21 23:25:00,1945,12.00,.00,0.16000000,<,0,.160000,B-A-ANTH,BENZO(A)ANTHRACENE,NG/L,45.58444,-81.08167
201705001,2018-02-28 15:06:00,CCGS LIMNOS,GEORGIAN BAY,9,451442,-805229,17,77.50,2017-05-22 04:32:00,1945,12.00,.00,0.16000000,<,0,.160000,B-A-ANTH,BENZO(A)ANTHRACENE,NG/L,45.24500,-80.87472
201705001,2018-02-28 15:06:00,CCGS LIMNOS,GEORGIAN BAY,14,445219,-795801,9,28.89,2017-05-23 02:10:00,1945,12.00,.00,0.16000000,<,0,.160000,B-A-ANTH,BENZO(A)ANTHRACENE,NG/L,44.87194,-79.96694
201705001,2018-02-28 15:06:00,CCGS LIMNOS,GEORGIAN BAY,16,443847,-801004,4,58.00,2017-05-23 06:33:00,1945,12.00,.00,0.16000000,<,0,.160000,B-A-ANTH,BENZO(A)ANTHRACENE,NG/L,44.64639,-80.16778
201705001,2018-02-28 15:06:00,CCGS LIMNOS,GEORGIAN BAY,19,444306,-805120,1,89.30,2017-05-23 13:17:00,1945,12.00,.00,0.16000000,<,0,.160000,B-A-ANTH,BENZO(A)ANTHRACENE,NG/L,44.71833,-80.85556
201705001,2018-02-28 15:06:00,CCGS LIMNOS,GEORGIAN BAY,24,452213,-813502,33,53.80,2017-05-24 04:03:00,1945,12.00,.00,0.16000000,<,0,.160000,B-A-ANTH,BENZO(A)ANTHRACENE,NG/L,45.37028,-81.58389
201705001,2018-02-28 15:06:00,CCGS LIMNOS,GEORGIAN BAY,2,455445,-813545,42,20.00,2017-05-21 14:33:00,1946,12.00,.00,0.08800000,<,0,.088000,CHRY/TRI,CHRYSENE and/or THIPHENYLENE,NG/L,45.91250,-81.59583
201705001,2018-02-28 15:06:00,CCGS LIMNOS,GEORGIAN BAY,4,455158,-810004,27,16.00,2017-05-21 18:42:00,1946,3.00,.00,0.08800000,<,0,.088000,CHRY/TRI,CHRYSENE and/or THIPHENYLENE,NG/L,45.86611,-81.00111
201705001,2018-02-28 15:06:00,CCGS LIMNOS,GEORGIAN BAY,7,453504,-810454,29,41.90,2017-05-21 23:25:00,1946,12.00,.00,0.08800000,<,0,.088000,CHRY/TRI,CHRYSENE and/or THIPHENYLENE,NG/L,45.58444,-81.08167
201705001,2018-02-28 15:06:00,CCGS LIMNOS,GEORGIAN BAY,9,451442,-805229,17,77.50,2017-05-22 04:32:00,1946,12.00,.00,0.08800000,<,0,.088000,CHRY/TRI,CHRYSENE and/or THIPHENYLENE,NG/L,45.24500,-80.87472
201705001,2018-02-28 15:06:00,CCGS LIMNOS,GEORGIAN BAY,14,445219,-795801,9,28.89,2017-05-23 02:10:00,1946,12.00,.00,0.08800000,<,0,.088000,CHRY/TRI,CHRYSENE and/or THIPHENYLENE,NG/L,44.87194,-79.96694
201705001,2018-02-28 15:06:00,CCGS LIMNOS,GEORGIAN BAY,16,443847,-801004,4,58.00,2017-05-23 06:33:00,1946,12.00,.00,0.08800000,<,0,.088000,CHRY/TRI,CHRYSENE and/or THIPHENYLENE,NG/L,44.64639,-80.16778
201705001,2018-02-28 15:06:00,CCGS LIMNOS,GEORGIAN BAY,19,444306,-805120,1,89.30,2017-05-23 13:17:00,1946,12.00,.00,0.08800000,<,0,.088000,CHRY/TRI,CHRYSENE and/or THIPHENYLENE,NG/L,44.71833,-80.85556
201705001,2018-02-28 15:06:00,CCGS LIMNOS,GEORGIAN BAY,24,452213,-813502,33,53.80,2017-05-24 04:03:00,1946,12.00,.00,0.08800000,<,0,.088000,CHRY/TRI,CHRYSENE and/or THIPHENYLENE,NG/L,45.37028,-81.58389
201705001,2018-02-28 15:06:00,CCGS LIMNOS,GEORGIAN BAY,2,455445,-813545,42,20.00,2017-05-21 14:33:00,1948,12.00,.00,0.13000000,<,0,.130000,B-E-PYR,BENZO(E)PYRENE,NG/L,45.91250,-81.59583
201705001,2018-02-28 15:06:00,CCGS LIMNOS,GEORGIAN BAY,4,455158,-810004,27,16.00,2017-05-21 18:42:00,1948,3.00,.00,0.13000000,<,0,.130000,B-E-PYR,BENZO(E)PYRENE,NG/L,45.86611,-81.00111
201705001,2018-02-28 15:06:00,CCGS LIMNOS,GEORGIAN BAY,7,453504,-810454,29,41.90,2017-05-21 23:25:00,1948,12.00,.00,0.13000000,<,0,.130000,B-E-PYR,BENZO(E)PYRENE,NG/L,45.58444,-81.08167
201705001,2018-02-28 15:06:00,CCGS LIMNOS,GEORGIAN BAY,9,451442,-805229,17,77.50,2017-05-22 04:32:00,1948,12.00,.00,0.13000000,<,0,.130000,B-E-PYR,BENZO(E)PYRENE,NG/L,45.24500,-80.87472
201705001,2018-02-28 15:06:00,CCGS LIMNOS,GEORGIAN BAY,14,445219,-795801,9,28.89,2017-05-23 02:10:00,1948,12.00,.00,0.13000000,<,0,.130000,B-E-PYR,BENZO(E)PYRENE,NG/L,44.87194,-79.96694
201705001,2018-02-28 15:06:00,CCGS LIMNOS,GEORGIAN BAY,16,443847,-801004,4,58.00,2017-05-23 06:33:00,1948,12.00,.00,0.13000000,<,0,.130000,B-E-PYR,BENZO(E)PYRENE,NG/L,44.64639,-80.16778
201705001,2018-02-28 15:06:00,CCGS LIMNOS,GEORGIAN BAY,19,444306,-805120,1,89.30,2017-05-23 13:17:00,1948,12.00,.00,0.13000000,<,0,.130000,B-E-PYR,BENZO(E)PYRENE,NG/L,44.71833,-80.85556
201705001,2018-02-28 15:06:00,CCGS LIMNOS,GEORGIAN BAY,24,452213,-813502,33,53.80,2017-05-24 04:03:00,1948,12.00,.00,0.13000000,<,0,.130000,B-E-PYR,BENZO(E)PYRENE,NG/L,45.37028,-81.58389
201705001,2018-02-28 15:06:00,CCGS LIMNOS,GEORGIAN BAY,2,455445,-813545,42,20.00,2017-05-21 14:33:00,1949,12.00,.00,0.13000000,<,0,.130000,B-A-PYR,BENZO(A)PYRENE,NG/L,45.91250,-81.59583
201705001,2018-02-28 15:06:00,CCGS LIMNOS,GEORGIAN BAY,4,455158,-810004,27,16.00,2017-05-21 18:42:00,1949,3.00,.00,0.13000000,<,0,.130000,B-A-PYR,BENZO(A)PYRENE,NG/L,45.86611,-81.00111
201705001,2018-02-28 15:06:00,CCGS LIMNOS,GEORGIAN BAY,7,453504,-810454,29,41.90,2017-05-21 23:25:00,1949,12.00,.00,0.13000000,<,0,.130000,B-A-PYR,BENZO(A)PYRENE,NG/L,45.58444,-81.08167
201705001,2018-02-28 15:06:00,CCGS LIMNOS,GEORGIAN BAY,9,451442,-805229,17,77.50,2017-05-22 04:32:00,1949,12.00,.00,0.13000000,<,0,.130000,B-A-PYR,BENZO(A)PYRENE,NG/L,45.24500,-80.87472
201705001,2018-02-28 15:06:00,CCGS LIMNOS,GEORGIAN BAY,14,445219,-795801,9,28.89,2017-05-23 02:10:00,1949,12.00,.00,0.13000000,<,0,.130000,B-A-PYR,BENZO(A)PYRENE,NG/L,44.87194,-79.96694
201705001,2018-02-28 15:06:00,CCGS LIMNOS,GEORGIAN BAY,16,443847,-801004,4,58.00,2017-05-23 06:33:00,1949,12.00,.00,0.13000000,<,0,.130000,B-A-PYR,BENZO(A)PYRENE,NG/L,44.64639,-80.16778
201705001,2018-02-28 15:06:00,CCGS LIMNOS,GEORGIAN BAY,19,444306,-805120,1,89.30,2017-05-23 13:17:00,1949,12.00,.00,0.13000000,<,0,.130000,B-A-PYR,BENZO(A)PYRENE,NG/L,44.71833,-80.85556
201705001,2018-02-28 15:06:00,CCGS LIMNOS,GEORGIAN BAY,24,452213,-813502,33,53.80,2017-05-24 04:03:00,1949,12.00,.00,0.13000000,<,0,.130000,B-A-PYR,BENZO(A)PYRENE,NG/L,45.37028,-81.58389
201705001,2018-02-28 15:06:00,CCGS LIMNOS,GEORGIAN BAY,2,455445,-813545,42,20.00,2017-05-21 14:33:00,1951,12.00,.00,0.22000000,<,0,.220000,IDPY,"INDENO(1,2,3,-CD)PYRENE",NG/L,45.91250,-81.59583
201705001,2018-02-28 15:06:00,CCGS LIMNOS,GEORGIAN BAY,4,455158,-810004,27,16.00,2017-05-21 18:42:00,1951,3.00,.00,0.22000000,<,0,.220000,IDPY,"INDENO(1,2,3,-CD)PYRENE",NG/L,45.86611,-81.00111
201705001,2018-02-28 15:06:00,CCGS LIMNOS,GEORGIAN BAY,7,453504,-810454,29,41.90,2017-05-21 23:25:00,1951,12.00,.00,0.22000000,<,0,.220000,IDPY,"INDENO(1,2,3,-CD)PYRENE",NG/L,45.58444,-81.08167
201705001,2018-02-28 15:06:00,CCGS LIMNOS,GEORGIAN BAY,9,451442,-805229,17,77.50,2017-05-22 04:32:00,1951,12.00,.00,0.22000000,<,0,.220000,IDPY,"INDENO(1,2,3,-CD)PYRENE",NG/L,45.24500,-80.87472
201705001,2018-02-28 15:06:00,CCGS LIMNOS,GEORGIAN BAY,14,445219,-795801,9,28.89,2017-05-23 02:10:00,1951,12.00,.00,0.22000000,<,0,.220000,IDPY,"INDENO(1,2,3,-CD)PYRENE",NG/L,44.87194,-79.96694
201705001,2018-02-28 15:06:00,CCGS LIMNOS,GEORGIAN BAY,16,443847,-801004,4,58.00,2017-05-23 06:33:00,1951,12.00,.00,0.22000000,<,0,.220000,IDPY,"INDENO(1,2,3,-CD)PYRENE",NG/L,44.64639,-80.16778
201705001,2018-02-28 15:06:00,CCGS LIMNOS,GEORGIAN BAY,19,444306,-805120,1,89.30,2017-05-23 13:17:00,1951,12.00,.00,0.22000000,<,0,.220000,IDPY,"INDENO(1,2,3,-CD)PYRENE",NG/L,44.71833,-80.85556
201705001,2018-02-28 15:06:00,CCGS LIMNOS,GEORGIAN BAY,24,452213,-813502,33,53.80,2017-05-24 04:03:00,1951,12.00,.00,0.22000000,<,0,.220000,IDPY,"INDENO(1,2,3,-CD)PYRENE",NG/L,45.37028,-81.58389
201705001,2018-02-28 15:06:00,CCGS LIMNOS,GEORGIAN BAY,2,455445,-813545,42,20.00,2017-05-21 14:33:00,1952,12.00,.00,0.23000000,<,0,.230000,D-B-ANTH,DIBENOZ(AH)ANTHRACENE,NG/L,45.91250,-81.59583
201705001,2018-02-28 15:06:00,CCGS LIMNOS,GEORGIAN BAY,4,455158,-810004,27,16.00,2017-05-21 18:42:00,1952,3.00,.00,0.23000000,<,0,.230000,D-B-ANTH,DIBENOZ(AH)ANTHRACENE,NG/L,45.86611,-81.00111
201705001,2018-02-28 15:06:00,CCGS LIMNOS,GEORGIAN BAY,7,453504,-810454,29,41.90,2017-05-21 23:25:00,1952,12.00,.00,0.23000000,<,0,.230000,D-B-ANTH,DIBENOZ(AH)ANTHRACENE,NG/L,45.58444,-81.08167
201705001,2018-02-28 15:06:00,CCGS LIMNOS,GEORGIAN BAY,9,451442,-805229,17,77.50,2017-05-22 04:32:00,1952,12.00,.00,0.23000000,<,0,.230000,D-B-ANTH,DIBENOZ(AH)ANTHRACENE,NG/L,45.24500,-80.87472
201705001,2018-02-28 15:06:00,CCGS LIMNOS,GEORGIAN BAY,14,445219,-795801,9,28.89,2017-05-23 02:10:00,1952,12.00,.00,0.23000000,<,0,.230000,D-B-ANTH,DIBENOZ(AH)ANTHRACENE,NG/L,44.87194,-79.96694
201705001,2018-02-28 15:06:00,CCGS LIMNOS,GEORGIAN BAY,16,443847,-801004,4,58.00,2017-05-23 06:33:00,1952,12.00,.00,0.23000000,<,0,.230000,D-B-ANTH,DIBENOZ(AH)ANTHRACENE,NG/L,44.64639,-80.16778
201705001,2018-02-28 15:06:00,CCGS LIMNOS,GEORGIAN BAY,19,444306,-805120,1,89.30,2017-05-23 13:17:00,1952,12.00,.00,0.23000000,<,0,.230000,D-B-ANTH,DIBENOZ(AH)ANTHRACENE,NG/L,44.71833,-80.85556
201705001,2018-02-28 15:06:00,CCGS LIMNOS,GEORGIAN BAY,24,452213,-813502,33,53.80,2017-05-24 04:03:00,1952,12.00,.00,0.23000000,<,0,.230000,D-B-ANTH,DIBENOZ(AH)ANTHRACENE,NG/L,45.37028,-81.58389
201705001,2018-02-28 15:06:00,CCGS LIMNOS,GEORGIAN BAY,2,455445,-813545,42,20.00,2017-05-21 14:33:00,1953,12.00,.00,0.24000000,<,0,.240000,B-PERYL,BENZO(GHI)PERYLENE,NG/L,45.91250,-81.59583
201705001,2018-02-28 15:06:00,CCGS LIMNOS,GEORGIAN BAY,4,455158,-810004,27,16.00,2017-05-21 18:42:00,1953,3.00,.00,0.24000000,<,0,.240000,B-PERYL,BENZO(GHI)PERYLENE,NG/L,45.86611,-81.00111
201705001,2018-02-28 15:06:00,CCGS LIMNOS,GEORGIAN BAY,7,453504,-810454,29,41.90,2017-05-21 23:25:00,1953,12.00,.00,0.24000000,<,0,.240000,B-PERYL,BENZO(GHI)PERYLENE,NG/L,45.58444,-81.08167
201705001,2018-02-28 15:06:00,CCGS LIMNOS,GEORGIAN BAY,9,451442,-805229,17,77.50,2017-05-22 04:32:00,1953,12.00,.00,0.24000000,<,0,.240000,B-PERYL,BENZO(GHI)PERYLENE,NG/L,45.24500,-80.87472
201705001,2018-02-28 15:06:00,CCGS LIMNOS,GEORGIAN BAY,14,445219,-795801,9,28.89,2017-05-23 02:10:00,1953,12.00,.00,0.24000000,<,0,.240000,B-PERYL,BENZO(GHI)PERYLENE,NG/L,44.87194,-79.96694
201705001,2018-02-28 15:06:00,CCGS LIMNOS,GEORGIAN BAY,16,443847,-801004,4,58.00,2017-05-23 06:33:00,1953,12.00,.00,0.24000000,<,0,.240000,B-PERYL,BENZO(GHI)PERYLENE,NG/L,44.64639,-80.16778
201705001,2018-02-28 15:06:00,CCGS LIMNOS,GEORGIAN BAY,19,444306,-805120,1,89.30,2017-05-23 13:17:00,1953,12.00,.00,0.24000000,<,0,.240000,B-PERYL,BENZO(GHI)PERYLENE,NG/L,44.71833,-80.85556
201705001,2018-02-28 15:06:00,CCGS LIMNOS,GEORGIAN BAY,24,452213,-813502,33,53.80,2017-05-24 04:03:00,1953,12.00,.00,0.24000000,<,0,.240000,B-PERYL,BENZO(GHI)PERYLENE,NG/L,45.37028,-81.58389
201705001,2018-02-28 15:06:00,CCGS LIMNOS,GEORGIAN BAY,2,455445,-813545,42,20.00,2017-05-21 14:33:00,1975,12.00,.00,0.00560000,,0,.010400,HCB,HEXACHLOROBENZENE,NG/L,45.91250,-81.59583
201705001,2018-02-28 15:06:00,CCGS LIMNOS,GEORGIAN BAY,4,455158,-810004,27,16.00,2017-05-21 18:42:00,1975,3.00,.00,0.00560000,,0,.007600,HCB,HEXACHLOROBENZENE,NG/L,45.86611,-81.00111
201705001,2018-02-28 15:06:00,CCGS LIMNOS,GEORGIAN BAY,7,453504,-810454,29,41.90,2017-05-21 23:25:00,1975,12.00,.00,0.00560000,,0,.013100,HCB,HEXACHLOROBENZENE,NG/L,45.58444,-81.08167
201705001,2018-02-28 15:06:00,CCGS LIMNOS,GEORGIAN BAY,9,451442,-805229,17,77.50,2017-05-22 04:32:00,1975,12.00,.00,0.00560000,,0,.014200,HCB,HEXACHLOROBENZENE,NG/L,45.24500,-80.87472
201705001,2018-02-28 15:06:00,CCGS LIMNOS,GEORGIAN BAY,14,445219,-795801,9,28.89,2017-05-23 02:10:00,1975,12.00,.00,0.00560000,,0,.010600,HCB,HEXACHLOROBENZENE,NG/L,44.87194,-79.96694
201705001,2018-02-28 15:06:00,CCGS LIMNOS,GEORGIAN BAY,16,443847,-801004,4,58.00,2017-05-23 06:33:00,1975,12.00,.00,0.00560000,,0,.010900,HCB,HEXACHLOROBENZENE,NG/L,44.64639,-80.16778
201705001,2018-02-28 15:06:00,CCGS LIMNOS,GEORGIAN BAY,19,444306,-805120,1,89.30,2017-05-23 13:17:00,1975,12.00,.00,0.00560000,,0,.010900,HCB,HEXACHLOROBENZENE,NG/L,44.71833,-80.85556
201705001,2018-02-28 15:06:00,CCGS LIMNOS,GEORGIAN BAY,24,452213,-813502,33,53.80,2017-05-24 04:03:00,1975,12.00,.00,0.00560000,,0,.011200,HCB,HEXACHLOROBENZENE,NG/L,45.37028,-81.58389
201705001,2018-02-28 15:06:00,CCGS LIMNOS,GEORGIAN BAY,2,455445,-813545,42,20.00,2017-05-21 14:33:00,1977,12.00,.00,0.01720000,,0,.024500,PP-DDE,"P,P'-DDE",NG/L,45.91250,-81.59583
201705001,2018-02-28 15:06:00,CCGS LIMNOS,GEORGIAN BAY,4,455158,-810004,27,16.00,2017-05-21 18:42:00,1977,3.00,.00,0.01720000,,0,.024800,PP-DDE,"P,P'-DDE",NG/L,45.86611,-81.00111
201705001,2018-02-28 15:06:00,CCGS LIMNOS,GEORGIAN BAY,7,453504,-810454,29,41.90,2017-05-21 23:25:00,1977,12.00,.00,0.01720000,,0,.024300,PP-DDE,"P,P'-DDE",NG/L,45.58444,-81.08167
201705001,2018-02-28 15:06:00,CCGS LIMNOS,GEORGIAN BAY,9,451442,-805229,17,77.50,2017-05-22 04:32:00,1977,12.00,.00,0.01720000,,0,.024800,PP-DDE,"P,P'-DDE",NG/L,45.24500,-80.87472
201705001,2018-02-28 15:06:00,CCGS LIMNOS,GEORGIAN BAY,14,445219,-795801,9,28.89,2017-05-23 02:10:00,1977,12.00,.00,0.01720000,,0,.025900,PP-DDE,"P,P'-DDE",NG/L,44.87194,-79.96694
201705001,2018-02-28 15:06:00,CCGS LIMNOS,GEORGIAN BAY,16,443847,-801004,4,58.00,2017-05-23 06:33:00,1977,12.00,.00,0.01720000,,0,.025300,PP-DDE,"P,P'-DDE",NG/L,44.64639,-80.16778
201705001,2018-02-28 15:06:00,CCGS LIMNOS,GEORGIAN BAY,19,444306,-805120,1,89.30,2017-05-23 13:17:00,1977,12.00,.00,0.01720000,,0,.024900,PP-DDE,"P,P'-DDE",NG/L,44.71833,-80.85556
201705001,2018-02-28 15:06:00,CCGS LIMNOS,GEORGIAN BAY,24,452213,-813502,33,53.80,2017-05-24 04:03:00,1977,12.00,.00,0.01720000,,0,.024000,PP-DDE,"P,P'-DDE",NG/L,45.37028,-81.58389
201705001,2018-02-28 15:06:00,CCGS LIMNOS,GEORGIAN BAY,2,455445,-813545,42,20.00,2017-05-21 14:33:00,1978,12.00,.00,0.01780000,<,0,.017800,MIR,MIREX,NG/L,45.91250,-81.59583
201705001,2018-02-28 15:06:00,CCGS LIMNOS,GEORGIAN BAY,4,455158,-810004,27,16.00,2017-05-21 18:42:00,1978,3.00,.00,0.01780000,<,0,.017800,MIR,MIREX,NG/L,45.86611,-81.00111
201705001,2018-02-28 15:06:00,CCGS LIMNOS,GEORGIAN BAY,7,453504,-810454,29,41.90,2017-05-21 23:25:00,1978,12.00,.00,0.01780000,<,0,.017800,MIR,MIREX,NG/L,45.58444,-81.08167
201705001,2018-02-28 15:06:00,CCGS LIMNOS,GEORGIAN BAY,9,451442,-805229,17,77.50,2017-05-22 04:32:00,1978,12.00,.00,0.01780000,<,0,.017800,MIR,MIREX,NG/L,45.24500,-80.87472
201705001,2018-02-28 15:06:00,CCGS LIMNOS,GEORGIAN BAY,14,445219,-795801,9,28.89,2017-05-23 02:10:00,1978,12.00,.00,0.01780000,<,0,.017800,MIR,MIREX,NG/L,44.87194,-79.96694
201705001,2018-02-28 15:06:00,CCGS LIMNOS,GEORGIAN BAY,16,443847,-801004,4,58.00,2017-05-23 06:33:00,1978,12.00,.00,0.01780000,<,0,.017800,MIR,MIREX,NG/L,44.64639,-80.16778
201705001,2018-02-28 15:06:00,CCGS LIMNOS,GEORGIAN BAY,19,444306,-805120,1,89.30,2017-05-23 13:17:00,1978,12.00,.00,0.01780000,<,0,.017800,MIR,MIREX,NG/L,44.71833,-80.85556
201705001,2018-02-28 15:06:00,CCGS LIMNOS,GEORGIAN BAY,24,452213,-813502,33,53.80,2017-05-24 04:03:00,1978,12.00,.00,0.01780000,<,0,.017800,MIR,MIREX,NG/L,45.37028,-81.58389
201705001,2018-02-28 15:06:00,CCGS LIMNOS,GEORGIAN BAY,2,455445,-813545,42,20.00,2017-05-21 14:33:00,1979,12.00,.00,0.00300000,,0,.032500,A-HCH,"ALPHA-1,2,3,4,5,6,-HEXACHOROCYCLOHEXANE",NG/L,45.91250,-81.59583
201705001,2018-02-28 15:06:00,CCGS LIMNOS,GEORGIAN BAY,4,455158,-810004,27,16.00,2017-05-21 18:42:00,1979,3.00,.00,0.00300000,,0,.045400,A-HCH,"ALPHA-1,2,3,4,5,6,-HEXACHOROCYCLOHEXANE",NG/L,45.86611,-81.00111
201705001,2018-02-28 15:06:00,CCGS LIMNOS,GEORGIAN BAY,7,453504,-810454,29,41.90,2017-05-21 23:25:00,1979,12.00,.00,0.00300000,,0,.034900,A-HCH,"ALPHA-1,2,3,4,5,6,-HEXACHOROCYCLOHEXANE",NG/L,45.58444,-81.08167
201705001,2018-02-28 15:06:00,CCGS LIMNOS,GEORGIAN BAY,9,451442,-805229,17,77.50,2017-05-22 04:32:00,1979,12.00,.00,0.00300000,,0,.035700,A-HCH,"ALPHA-1,2,3,4,5,6,-HEXACHOROCYCLOHEXANE",NG/L,45.24500,-80.87472
201705001,2018-02-28 15:06:00,CCGS LIMNOS,GEORGIAN BAY,14,445219,-795801,9,28.89,2017-05-23 02:10:00,1979,12.00,.00,0.00300000,,0,.029700,A-HCH,"ALPHA-1,2,3,4,5,6,-HEXACHOROCYCLOHEXANE",NG/L,44.87194,-79.96694
201705001,2018-02-28 15:06:00,CCGS LIMNOS,GEORGIAN BAY,16,443847,-801004,4,58.00,2017-05-23 06:33:00,1979,12.00,.00,0.00300000,,0,.029700,A-HCH,"ALPHA-1,2,3,4,5,6,-HEXACHOROCYCLOHEXANE",NG/L,44.64639,-80.16778
201705001,2018-02-28 15:06:00,CCGS LIMNOS,GEORGIAN BAY,19,444306,-805120,1,89.30,2017-05-23 13:17:00,1979,12.00,.00,0.00300000,,0,.031900,A-HCH,"ALPHA-1,2,3,4,5,6,-HEXACHOROCYCLOHEXANE",NG/L,44.71833,-80.85556
201705001,2018-02-28 15:06:00,CCGS LIMNOS,GEORGIAN BAY,24,452213,-813502,33,53.80,2017-05-24 04:03:00,1979,12.00,.00,0.00300000,,0,.036400,A-HCH,"ALPHA-1,2,3,4,5,6,-HEXACHOROCYCLOHEXANE",NG/L,45.37028,-81.58389
201705001,2018-02-28 15:06:00,CCGS LIMNOS,GEORGIAN BAY,2,455445,-813545,42,20.00,2017-05-21 14:33:00,1980,12.00,.00,0.00330000,,0,.019800,G-HCH,"GAMMA-1,2,3,4,5,6,-HEXACHOROCYCLOHEXANE",NG/L,45.91250,-81.59583
201705001,2018-02-28 15:06:00,CCGS LIMNOS,GEORGIAN BAY,4,455158,-810004,27,16.00,2017-05-21 18:42:00,1980,3.00,.00,0.00330000,,0,.023800,G-HCH,"GAMMA-1,2,3,4,5,6,-HEXACHOROCYCLOHEXANE",NG/L,45.86611,-81.00111
201705001,2018-02-28 15:06:00,CCGS LIMNOS,GEORGIAN BAY,7,453504,-810454,29,41.90,2017-05-21 23:25:00,1980,12.00,.00,0.00330000,,0,.020900,G-HCH,"GAMMA-1,2,3,4,5,6,-HEXACHOROCYCLOHEXANE",NG/L,45.58444,-81.08167
201705001,2018-02-28 15:06:00,CCGS LIMNOS,GEORGIAN BAY,9,451442,-805229,17,77.50,2017-05-22 04:32:00,1980,12.00,.00,0.00330000,,0,.021500,G-HCH,"GAMMA-1,2,3,4,5,6,-HEXACHOROCYCLOHEXANE",NG/L,45.24500,-80.87472
201705001,2018-02-28 15:06:00,CCGS LIMNOS,GEORGIAN BAY,14,445219,-795801,9,28.89,2017-05-23 02:10:00,1980,12.00,.00,0.00330000,,0,.019100,G-HCH,"GAMMA-1,2,3,4,5,6,-HEXACHOROCYCLOHEXANE",NG/L,44.87194,-79.96694
201705001,2018-02-28 15:06:00,CCGS LIMNOS,GEORGIAN BAY,16,443847,-801004,4,58.00,2017-05-23 06:33:00,1980,12.00,.00,0.00330000,,0,.020200,G-HCH,"GAMMA-1,2,3,4,5,6,-HEXACHOROCYCLOHEXANE",NG/L,44.64639,-80.16778
201705001,2018-02-28 15:06:00,CCGS LIMNOS,GEORGIAN BAY,19,444306,-805120,1,89.30,2017-05-23 13:17:00,1980,12.00,.00,0.00330000,,0,.020000,G-HCH,"GAMMA-1,2,3,4,5,6,-HEXACHOROCYCLOHEXANE",NG/L,44.71833,-80.85556
201705001,2018-02-28 15:06:00,CCGS LIMNOS,GEORGIAN BAY,24,452213,-813502,33,53.80,2017-05-24 04:03:00,1980,12.00,.00,0.00330000,,0,.020600,G-HCH,"GAMMA-1,2,3,4,5,6,-HEXACHOROCYCLOHEXANE",NG/L,45.37028,-81.58389
201705001,2018-02-28 15:06:00,CCGS LIMNOS,GEORGIAN BAY,2,455445,-813545,42,20.00,2017-05-21 14:33:00,1982,12.00,.00,0.00650000,,0,.011600,G-CHLOR,GAMMA-CHLORDANE,NG/L,45.91250,-81.59583
201705001,2018-02-28 15:06:00,CCGS LIMNOS,GEORGIAN BAY,4,455158,-810004,27,16.00,2017-05-21 18:42:00,1982,3.00,.00,0.00650000,,0,.011600,G-CHLOR,GAMMA-CHLORDANE,NG/L,45.86611,-81.00111
201705001,2018-02-28 15:06:00,CCGS LIMNOS,GEORGIAN BAY,7,453504,-810454,29,41.90,2017-05-21 23:25:00,1982,12.00,.00,0.00650000,,0,.011500,G-CHLOR,GAMMA-CHLORDANE,NG/L,45.58444,-81.08167
201705001,2018-02-28 15:06:00,CCGS LIMNOS,GEORGIAN BAY,9,451442,-805229,17,77.50,2017-05-22 04:32:00,1982,12.00,.00,0.00650000,,0,.011500,G-CHLOR,GAMMA-CHLORDANE,NG/L,45.24500,-80.87472
201705001,2018-02-28 15:06:00,CCGS LIMNOS,GEORGIAN BAY,14,445219,-795801,9,28.89,2017-05-23 02:10:00,1982,12.00,.00,0.00650000,,0,.011300,G-CHLOR,GAMMA-CHLORDANE,NG/L,44.87194,-79.96694
201705001,2018-02-28 15:06:00,CCGS LIMNOS,GEORGIAN BAY,16,443847,-801004,4,58.00,2017-05-23 06:33:00,1982,12.00,.00,0.00650000,,0,.011500,G-CHLOR,GAMMA-CHLORDANE,NG/L,44.64639,-80.16778
201705001,2018-02-28 15:06:00,CCGS LIMNOS,GEORGIAN BAY,19,444306,-805120,1,89.30,2017-05-23 13:17:00,1982,12.00,.00,0.00650000,,0,.011500,G-CHLOR,GAMMA-CHLORDANE,NG/L,44.71833,-80.85556
201705001,2018-02-28 15:06:00,CCGS LIMNOS,GEORGIAN BAY,24,452213,-813502,33,53.80,2017-05-24 04:03:00,1982,12.00,.00,0.00650000,,0,.011200,G-CHLOR,GAMMA-CHLORDANE,NG/L,45.37028,-81.58389
201705001,2018-02-28 15:06:00,CCGS LIMNOS,GEORGIAN BAY,2,455445,-813545,42,20.00,2017-05-21 14:33:00,1983,12.00,.00,0.00690000,,0,.011800,A-CHLOR,ALPHA-CHLORDANE,NG/L,45.91250,-81.59583
201705001,2018-02-28 15:06:00,CCGS LIMNOS,GEORGIAN BAY,4,455158,-810004,27,16.00,2017-05-21 18:42:00,1983,3.00,.00,0.00690000,<,0,.006900,A-CHLOR,ALPHA-CHLORDANE,NG/L,45.86611,-81.00111
201705001,2018-02-28 15:06:00,CCGS LIMNOS,GEORGIAN BAY,7,453504,-810454,29,41.90,2017-05-21 23:25:00,1983,12.00,.00,0.00690000,,0,.011100,A-CHLOR,ALPHA-CHLORDANE,NG/L,45.58444,-81.08167
201705001,2018-02-28 15:06:00,CCGS LIMNOS,GEORGIAN BAY,9,451442,-805229,17,77.50,2017-05-22 04:32:00,1983,12.00,.00,0.00690000,,0,.011500,A-CHLOR,ALPHA-CHLORDANE,NG/L,45.24500,-80.87472
201705001,2018-02-28 15:06:00,CCGS LIMNOS,GEORGIAN BAY,14,445219,-795801,9,28.89,2017-05-23 02:10:00,1983,12.00,.00,0.00690000,,0,.012100,A-CHLOR,ALPHA-CHLORDANE,NG/L,44.87194,-79.96694
201705001,2018-02-28 15:06:00,CCGS LIMNOS,GEORGIAN BAY,16,443847,-801004,4,58.00,2017-05-23 06:33:00,1983,12.00,.00,0.00690000,,0,.011400,A-CHLOR,ALPHA-CHLORDANE,NG/L,44.64639,-80.16778
201705001,2018-02-28 15:06:00,CCGS LIMNOS,GEORGIAN BAY,19,444306,-805120,1,89.30,2017-05-23 13:17:00,1983,12.00,.00,0.00690000,,0,.011400,A-CHLOR,ALPHA-CHLORDANE,NG/L,44.71833,-80.85556
201705001,2018-02-28 15:06:00,CCGS LIMNOS,GEORGIAN BAY,24,452213,-813502,33,53.80,2017-05-24 04:03:00,1983,12.00,.00,0.00690000,,0,.011200,A-CHLOR,ALPHA-CHLORDANE,NG/L,45.37028,-81.58389
201705001,2018-02-28 15:06:00,CCGS LIMNOS,GEORGIAN BAY,2,455445,-813545,42,20.00,2017-05-21 14:33:00,1984,12.00,.00,0.00820000,<,0,.008200,A-ENDO,ALPHA-ENDOSULFAN,NG/L,45.91250,-81.59583
201705001,2018-02-28 15:06:00,CCGS LIMNOS,GEORGIAN BAY,4,455158,-810004,27,16.00,2017-05-21 18:42:00,1984,3.00,.00,0.00820000,<,0,.008200,A-ENDO,ALPHA-ENDOSULFAN,NG/L,45.86611,-81.00111
201705001,2018-02-28 15:06:00,CCGS LIMNOS,GEORGIAN BAY,7,453504,-810454,29,41.90,2017-05-21 23:25:00,1984,12.00,.00,0.00820000,,0,.008800,A-ENDO,ALPHA-ENDOSULFAN,NG/L,45.58444,-81.08167
201705001,2018-02-28 15:06:00,CCGS LIMNOS,GEORGIAN BAY,9,451442,-805229,17,77.50,2017-05-22 04:32:00,1984,12.00,.00,0.00820000,<,0,.008200,A-ENDO,ALPHA-ENDOSULFAN,NG/L,45.24500,-80.87472
201705001,2018-02-28 15:06:00,CCGS LIMNOS,GEORGIAN BAY,14,445219,-795801,9,28.89,2017-05-23 02:10:00,1984,12.00,.00,0.00820000,<,0,.008200,A-ENDO,ALPHA-ENDOSULFAN,NG/L,44.87194,-79.96694
201705001,2018-02-28 15:06:00,CCGS LIMNOS,GEORGIAN BAY,16,443847,-801004,4,58.00,2017-05-23 06:33:00,1984,12.00,.00,0.00820000,<,0,.008200,A-ENDO,ALPHA-ENDOSULFAN,NG/L,44.64639,-80.16778
201705001,2018-02-28 15:06:00,CCGS LIMNOS,GEORGIAN BAY,19,444306,-805120,1,89.30,2017-05-23 13:17:00,1984,12.00,.00,0.00820000,,0,.011100,A-ENDO,ALPHA-ENDOSULFAN,NG/L,44.71833,-80.85556
201705001,2018-02-28 15:06:00,CCGS LIMNOS,GEORGIAN BAY,24,452213,-813502,33,53.80,2017-05-24 04:03:00,1984,12.00,.00,0.00820000,,0,.012600,A-ENDO,ALPHA-ENDOSULFAN,NG/L,45.37028,-81.58389
201705001,2018-02-28 15:06:00,CCGS LIMNOS,GEORGIAN BAY,2,455445,-813545,42,20.00,2017-05-21 14:33:00,1985,12.00,.00,0.01290000,,0,.034600,DIELDRIN,DIELDRIN,NG/L,45.91250,-81.59583
201705001,2018-02-28 15:06:00,CCGS LIMNOS,GEORGIAN BAY,4,455158,-810004,27,16.00,2017-05-21 18:42:00,1985,3.00,.00,0.01290000,,0,.016900,DIELDRIN,DIELDRIN,NG/L,45.86611,-81.00111
201705001,2018-02-28 15:06:00,CCGS LIMNOS,GEORGIAN BAY,7,453504,-810454,29,41.90,2017-05-21 23:25:00,1985,12.00,.00,0.01290000,,0,.035300,DIELDRIN,DIELDRIN,NG/L,45.58444,-81.08167
201705001,2018-02-28 15:06:00,CCGS LIMNOS,GEORGIAN BAY,9,451442,-805229,17,77.50,2017-05-22 04:32:00,1985,12.00,.00,0.01290000,,0,.043000,DIELDRIN,DIELDRIN,NG/L,45.24500,-80.87472
201705001,2018-02-28 15:06:00,CCGS LIMNOS,GEORGIAN BAY,14,445219,-795801,9,28.89,2017-05-23 02:10:00,1985,12.00,.00,0.01290000,,0,.031600,DIELDRIN,DIELDRIN,NG/L,44.87194,-79.96694
201705001,2018-02-28 15:06:00,CCGS LIMNOS,GEORGIAN BAY,16,443847,-801004,4,58.00,2017-05-23 06:33:00,1985,12.00,.00,0.01290000,,0,.037500,DIELDRIN,DIELDRIN,NG/L,44.64639,-80.16778
201705001,2018-02-28 15:06:00,CCGS LIMNOS,GEORGIAN BAY,19,444306,-805120,1,89.30,2017-05-23 13:17:00,1985,12.00,.00,0.01290000,,0,.034600,DIELDRIN,DIELDRIN,NG/L,44.71833,-80.85556
201705001,2018-02-28 15:06:00,CCGS LIMNOS,GEORGIAN BAY,24,452213,-813502,33,53.80,2017-05-24 04:03:00,1985,12.00,.00,0.01290000,,0,.032500,DIELDRIN,DIELDRIN,NG/L,45.37028,-81.58389
201705001,2018-02-28 15:06:00,CCGS LIMNOS,GEORGIAN BAY,2,455445,-813545,42,20.00,2017-05-21 14:33:00,1987,12.00,.00,0.03040000,<,0,.030400,OP-DDT,"O,P'-DDT",NG/L,45.91250,-81.59583
201705001,2018-02-28 15:06:00,CCGS LIMNOS,GEORGIAN BAY,4,455158,-810004,27,16.00,2017-05-21 18:42:00,1987,3.00,.00,0.03040000,<,0,.030400,OP-DDT,"O,P'-DDT",NG/L,45.86611,-81.00111
201705001,2018-02-28 15:06:00,CCGS LIMNOS,GEORGIAN BAY,7,453504,-810454,29,41.90,2017-05-21 23:25:00,1987,12.00,.00,0.03040000,<,0,.030400,OP-DDT,"O,P'-DDT",NG/L,45.58444,-81.08167
201705001,2018-02-28 15:06:00,CCGS LIMNOS,GEORGIAN BAY,9,451442,-805229,17,77.50,2017-05-22 04:32:00,1987,12.00,.00,0.03040000,<,0,.030400,OP-DDT,"O,P'-DDT",NG/L,45.24500,-80.87472
201705001,2018-02-28 15:06:00,CCGS LIMNOS,GEORGIAN BAY,14,445219,-795801,9,28.89,2017-05-23 02:10:00,1987,12.00,.00,0.03040000,<,0,.030400,OP-DDT,"O,P'-DDT",NG/L,44.87194,-79.96694
201705001,2018-02-28 15:06:00,CCGS LIMNOS,GEORGIAN BAY,16,443847,-801004,4,58.00,2017-05-23 06:33:00,1987,12.00,.00,0.03040000,<,0,.030400,OP-DDT,"O,P'-DDT",NG/L,44.64639,-80.16778
201705001,2018-02-28 15:06:00,CCGS LIMNOS,GEORGIAN BAY,19,444306,-805120,1,89.30,2017-05-23 13:17:00,1987,12.00,.00,0.03040000,<,0,.030400,OP-DDT,"O,P'-DDT",NG/L,44.71833,-80.85556
201705001,2018-02-28 15:06:00,CCGS LIMNOS,GEORGIAN BAY,24,452213,-813502,33,53.80,2017-05-24 04:03:00,1987,12.00,.00,0.03040000,<,0,.030400,OP-DDT,"O,P'-DDT",NG/L,45.37028,-81.58389
201705001,2018-02-28 15:06:00,CCGS LIMNOS,GEORGIAN BAY,2,455445,-813545,42,20.00,2017-05-21 14:33:00,1989,12.00,.00,0.02430000,<,0,.024300,PP-DDT,"P,P'-DDT",NG/L,45.91250,-81.59583
201705001,2018-02-28 15:06:00,CCGS LIMNOS,GEORGIAN BAY,4,455158,-810004,27,16.00,2017-05-21 18:42:00,1989,3.00,.00,0.02430000,<,0,.024300,PP-DDT,"P,P'-DDT",NG/L,45.86611,-81.00111
201705001,2018-02-28 15:06:00,CCGS LIMNOS,GEORGIAN BAY,7,453504,-810454,29,41.90,2017-05-21 23:25:00,1989,12.00,.00,0.02430000,<,0,.024300,PP-DDT,"P,P'-DDT",NG/L,45.58444,-81.08167
201705001,2018-02-28 15:06:00,CCGS LIMNOS,GEORGIAN BAY,9,451442,-805229,17,77.50,2017-05-22 04:32:00,1989,12.00,.00,0.02430000,<,0,.024300,PP-DDT,"P,P'-DDT",NG/L,45.24500,-80.87472
201705001,2018-02-28 15:06:00,CCGS LIMNOS,GEORGIAN BAY,14,445219,-795801,9,28.89,2017-05-23 02:10:00,1989,12.00,.00,0.02430000,<,0,.024300,PP-DDT,"P,P'-DDT",NG/L,44.87194,-79.96694
201705001,2018-02-28 15:06:00,CCGS LIMNOS,GEORGIAN BAY,16,443847,-801004,4,58.00,2017-05-23 06:33:00,1989,12.00,.00,0.02430000,<,0,.024300,PP-DDT,"P,P'-DDT",NG/L,44.64639,-80.16778
201705001,2018-02-28 15:06:00,CCGS LIMNOS,GEORGIAN BAY,19,444306,-805120,1,89.30,2017-05-23 13:17:00,1989,12.00,.00,0.02430000,<,0,.024300,PP-DDT,"P,P'-DDT",NG/L,44.71833,-80.85556
201705001,2018-02-28 15:06:00,CCGS LIMNOS,GEORGIAN BAY,24,452213,-813502,33,53.80,2017-05-24 04:03:00,1989,12.00,.00,0.02430000,<,0,.024300,PP-DDT,"P,P'-DDT",NG/L,45.37028,-81.58389
201705001,2018-02-28 15:06:00,CCGS LIMNOS,GEORGIAN BAY,2,455445,-813545,42,20.00,2017-05-21 14:33:00,1990,12.00,.00,0.01080000,,0,.012800,B-ENDO,BETA-ENDOSULFAN,NG/L,45.91250,-81.59583
201705001,2018-02-28 15:06:00,CCGS LIMNOS,GEORGIAN BAY,4,455158,-810004,27,16.00,2017-05-21 18:42:00,1990,3.00,.00,0.01080000,<,0,.010800,B-ENDO,BETA-ENDOSULFAN,NG/L,45.86611,-81.00111
201705001,2018-02-28 15:06:00,CCGS LIMNOS,GEORGIAN BAY,7,453504,-810454,29,41.90,2017-05-21 23:25:00,1990,12.00,.00,0.01080000,<,0,.010800,B-ENDO,BETA-ENDOSULFAN,NG/L,45.58444,-81.08167
201705001,2018-02-28 15:06:00,CCGS LIMNOS,GEORGIAN BAY,9,451442,-805229,17,77.50,2017-05-22 04:32:00,1990,12.00,.00,0.01080000,<,0,.010800,B-ENDO,BETA-ENDOSULFAN,NG/L,45.24500,-80.87472
201705001,2018-02-28 15:06:00,CCGS LIMNOS,GEORGIAN BAY,14,445219,-795801,9,28.89,2017-05-23 02:10:00,1990,12.00,.00,0.01080000,<,0,.010800,B-ENDO,BETA-ENDOSULFAN,NG/L,44.87194,-79.96694
201705001,2018-02-28 15:06:00,CCGS LIMNOS,GEORGIAN BAY,16,443847,-801004,4,58.00,2017-05-23 06:33:00,1990,12.00,.00,0.01080000,<,0,.010800,B-ENDO,BETA-ENDOSULFAN,NG/L,44.64639,-80.16778
201705001,2018-02-28 15:06:00,CCGS LIMNOS,GEORGIAN BAY,19,444306,-805120,1,89.30,2017-05-23 13:17:00,1990,12.00,.00,0.01080000,<,0,.010800,B-ENDO,BETA-ENDOSULFAN,NG/L,44.71833,-80.85556
201705001,2018-02-28 15:06:00,CCGS LIMNOS,GEORGIAN BAY,24,452213,-813502,33,53.80,2017-05-24 04:03:00,1990,12.00,.00,0.01080000,<,0,.010800,B-ENDO,BETA-ENDOSULFAN,NG/L,45.37028,-81.58389
201705001,2018-02-28 15:06:00,CCGS LIMNOS,GEORGIAN BAY,2,455445,-813545,42,20.00,2017-05-21 14:33:00,1994,12.00,.00,0.00640000,<,0,.006400,OCSTRN,OCTACHLOROSTYRENE,NG/L,45.91250,-81.59583
201705001,2018-02-28 15:06:00,CCGS LIMNOS,GEORGIAN BAY,4,455158,-810004,27,16.00,2017-05-21 18:42:00,1994,3.00,.00,0.00640000,<,0,.006400,OCSTRN,OCTACHLOROSTYRENE,NG/L,45.86611,-81.00111
201705001,2018-02-28 15:06:00,CCGS LIMNOS,GEORGIAN BAY,7,453504,-810454,29,41.90,2017-05-21 23:25:00,1994,12.00,.00,0.00640000,<,0,.006400,OCSTRN,OCTACHLOROSTYRENE,NG/L,45.58444,-81.08167
201705001,2018-02-28 15:06:00,CCGS LIMNOS,GEORGIAN BAY,9,451442,-805229,17,77.50,2017-05-22 04:32:00,1994,12.00,.00,0.00640000,<,0,.006400,OCSTRN,OCTACHLOROSTYRENE,NG/L,45.24500,-80.87472
201705001,2018-02-28 15:06:00,CCGS LIMNOS,GEORGIAN BAY,14,445219,-795801,9,28.89,2017-05-23 02:10:00,1994,12.00,.00,0.00640000,<,0,.006400,OCSTRN,OCTACHLOROSTYRENE,NG/L,44.87194,-79.96694
201705001,2018-02-28 15:06:00,CCGS LIMNOS,GEORGIAN BAY,16,443847,-801004,4,58.00,2017-05-23 06:33:00,1994,12.00,.00,0.00640000,<,0,.006400,OCSTRN,OCTACHLOROSTYRENE,NG/L,44.64639,-80.16778
201705001,2018-02-28 15:06:00,CCGS LIMNOS,GEORGIAN BAY,19,444306,-805120,1,89.30,2017-05-23 13:17:00,1994,12.00,.00,0.00640000,<,0,.006400,OCSTRN,OCTACHLOROSTYRENE,NG/L,44.71833,-80.85556
201705001,2018-02-28 15:06:00,CCGS LIMNOS,GEORGIAN BAY,24,452213,-813502,33,53.80,2017-05-24 04:03:00,1994,12.00,.00,0.00640000,<,0,.006400,OCSTRN,OCTACHLOROSTYRENE,NG/L,45.37028,-81.58389
201705001,2018-02-28 15:06:00,CCGS LIMNOS,GEORGIAN BAY,2,455445,-813545,42,20.00,2017-05-21 14:33:00,1995,12.00,.00,0.00380000,<,0,.003800,HCBD,HEXACHLOROBUTADIENE,NG/L,45.91250,-81.59583
201705001,2018-02-28 15:06:00,CCGS LIMNOS,GEORGIAN BAY,4,455158,-810004,27,16.00,2017-05-21 18:42:00,1995,3.00,.00,0.00380000,<,0,.003800,HCBD,HEXACHLOROBUTADIENE,NG/L,45.86611,-81.00111
201705001,2018-02-28 15:06:00,CCGS LIMNOS,GEORGIAN BAY,7,453504,-810454,29,41.90,2017-05-21 23:25:00,1995,12.00,.00,0.00380000,<,0,.003800,HCBD,HEXACHLOROBUTADIENE,NG/L,45.58444,-81.08167
201705001,2018-02-28 15:06:00,CCGS LIMNOS,GEORGIAN BAY,9,451442,-805229,17,77.50,2017-05-22 04:32:00,1995,12.00,.00,0.00380000,,0,.004300,HCBD,HEXACHLOROBUTADIENE,NG/L,45.24500,-80.87472
201705001,2018-02-28 15:06:00,CCGS LIMNOS,GEORGIAN BAY,14,445219,-795801,9,28.89,2017-05-23 02:10:00,1995,12.00,.00,0.00380000,<,0,.003800,HCBD,HEXACHLOROBUTADIENE,NG/L,44.87194,-79.96694
201705001,2018-02-28 15:06:00,CCGS LIMNOS,GEORGIAN BAY,16,443847,-801004,4,58.00,2017-05-23 06:33:00,1995,12.00,.00,0.00380000,<,0,.003800,HCBD,HEXACHLOROBUTADIENE,NG/L,44.64639,-80.16778
201705001,2018-02-28 15:06:00,CCGS LIMNOS,GEORGIAN BAY,19,444306,-805120,1,89.30,2017-05-23 13:17:00,1995,12.00,.00,0.00380000,<,0,.003800,HCBD,HEXACHLOROBUTADIENE,NG/L,44.71833,-80.85556
201705001,2018-02-28 15:06:00,CCGS LIMNOS,GEORGIAN BAY,24,452213,-813502,33,53.80,2017-05-24 04:03:00,1995,12.00,.00,0.00380000,<,0,.003800,HCBD,HEXACHLOROBUTADIENE,NG/L,45.37028,-81.58389
201705001,2018-02-28 15:06:00,CCGS LIMNOS,GEORGIAN BAY,2,455445,-813545,42,20.00,2017-05-21 14:33:00,2004,12.00,.00,0.00440000,,0,.005300,P5CB,PENTACHLOROBENZENE,NG/L,45.91250,-81.59583
201705001,2018-02-28 15:06:00,CCGS LIMNOS,GEORGIAN BAY,4,455158,-810004,27,16.00,2017-05-21 18:42:00,2004,3.00,.00,0.00440000,<,0,.004400,P5CB,PENTACHLOROBENZENE,NG/L,45.86611,-81.00111
201705001,2018-02-28 15:06:00,CCGS LIMNOS,GEORGIAN BAY,7,453504,-810454,29,41.90,2017-05-21 23:25:00,2004,12.00,.00,0.00440000,,0,.006000,P5CB,PENTACHLOROBENZENE,NG/L,45.58444,-81.08167
201705001,2018-02-28 15:06:00,CCGS LIMNOS,GEORGIAN BAY,9,451442,-805229,17,77.50,2017-05-22 04:32:00,2004,12.00,.00,0.00440000,,0,.009100,P5CB,PENTACHLOROBENZENE,NG/L,45.24500,-80.87472
201705001,2018-02-28 15:06:00,CCGS LIMNOS,GEORGIAN BAY,14,445219,-795801,9,28.89,2017-05-23 02:10:00,2004,12.00,.00,0.00440000,,0,.005300,P5CB,PENTACHLOROBENZENE,NG/L,44.87194,-79.96694
201705001,2018-02-28 15:06:00,CCGS LIMNOS,GEORGIAN BAY,16,443847,-801004,4,58.00,2017-05-23 06:33:00,2004,12.00,.00,0.00440000,,0,.006700,P5CB,PENTACHLOROBENZENE,NG/L,44.64639,-80.16778
201705001,2018-02-28 15:06:00,CCGS LIMNOS,GEORGIAN BAY,19,444306,-805120,1,89.30,2017-05-23 13:17:00,2004,12.00,.00,0.00440000,,0,.006800,P5CB,PENTACHLOROBENZENE,NG/L,44.71833,-80.85556
201705001,2018-02-28 15:06:00,CCGS LIMNOS,GEORGIAN BAY,24,452213,-813502,33,53.80,2017-05-24 04:03:00,2004,12.00,.00,0.00440000,,0,.006400,P5CB,PENTACHLOROBENZENE,NG/L,45.37028,-81.58389
201705001,2018-02-28 15:06:00,CCGS LIMNOS,GEORGIAN BAY,1,454543,-814744,46,18.30,2017-05-21 12:28:00,2036,1.00,.00,0.00050000,,0,.003600,TP-P-UF,TOTAL PHOSPHOROUS,MG/L,45.76194,-81.79556
201705001,2018-02-28 15:06:00,CCGS LIMNOS,GEORGIAN BAY,2,455445,-813545,42,20.00,2017-05-21 14:33:00,2036,1.00,.00,0.00050000,,0,.002300,TP-P-UF,TOTAL PHOSPHOROUS,MG/L,45.91250,-81.59583
201705001,2018-02-28 15:06:00,CCGS LIMNOS,GEORGIAN BAY,2,455445,-813545,42,20.00,2017-05-21 14:33:00,2036,10.00,.00,0.00050000,,0,.001800,TP-P-UF,TOTAL PHOSPHOROUS,MG/L,45.91250,-81.59583
201705001,2018-02-28 15:06:00,CCGS LIMNOS,GEORGIAN BAY,2,455445,-813545,42,20.00,2017-05-21 14:33:00,2036,18.00,.00,0.00050000,,0,.003800,TP-P-UF,TOTAL PHOSPHOROUS,MG/L,45.91250,-81.59583
201705001,2018-02-28 15:06:00,CCGS LIMNOS,GEORGIAN BAY,3,455226,-811533,39,27.50,2017-05-21 17:07:00,2036,1.00,.00,0.00050000,,0,.002700,TP-P-UF,TOTAL PHOSPHOROUS,MG/L,45.87389,-81.25917
201705001,2018-02-28 15:06:00,CCGS LIMNOS,GEORGIAN BAY,4,455158,-810004,27,16.00,2017-05-21 18:42:00,2036,1.00,.00,0.00050000,,0,.003200,TP-P-UF,TOTAL PHOSPHOROUS,MG/L,45.86611,-81.00111
201705001,2018-02-28 15:06:00,CCGS LIMNOS,GEORGIAN BAY,4,455158,-810004,27,16.00,2017-05-21 18:42:00,2036,14.00,.00,0.00050000,,0,.003500,TP-P-UF,TOTAL PHOSPHOROUS,MG/L,45.86611,-81.00111
201705001,2018-02-28 15:06:00,CCGS LIMNOS,GEORGIAN BAY,5,454957,-805402,26,20.52,2017-05-21 20:08:00,2036,1.00,.00,0.00050000,,0,.007300,TP-P-UF,TOTAL PHOSPHOROUS,MG/L,45.83250,-80.90056
201705001,2018-02-28 15:06:00,CCGS LIMNOS,GEORGIAN BAY,5,454957,-805402,26,20.52,2017-05-21 20:08:00,2036,1.00,.00,0.00050000,,1,.003200,TP-P-UF,TOTAL PHOSPHOROUS,MG/L,45.83250,-80.90056
201705001,2018-02-28 15:06:00,CCGS LIMNOS,GEORGIAN BAY,6,454045,-805024,24,39.70,2017-05-21 21:46:00,2036,1.00,.00,0.00050000,,0,.002600,TP-P-UF,TOTAL PHOSPHOROUS,MG/L,45.67917,-80.84000
201705001,2018-02-28 15:06:00,CCGS LIMNOS,GEORGIAN BAY,7,453504,-810454,29,41.90,2017-05-21 23:25:00,2036,1.00,.00,0.00050000,,0,.001500,TP-P-UF,TOTAL PHOSPHOROUS,MG/L,45.58444,-81.08167
201705001,2018-02-28 15:06:00,CCGS LIMNOS,GEORGIAN BAY,7,453504,-810454,29,41.90,2017-05-21 23:25:00,2036,32.00,.00,0.00050000,,0,.001400,TP-P-UF,TOTAL PHOSPHOROUS,MG/L,45.58444,-81.08167
201705001,2018-02-28 15:06:00,CCGS LIMNOS,GEORGIAN BAY,7,453504,-810454,29,41.90,2017-05-21 23:25:00,2036,40.00,.00,0.00050000,,0,.001800,TP-P-UF,TOTAL PHOSPHOROUS,MG/L,45.58444,-81.08167
201705001,2018-02-28 15:06:00,CCGS LIMNOS,GEORGIAN BAY,8,452154,-811120,21,86.27,2017-05-22 02:06:00,2036,1.00,.00,0.00050000,,0,.001000,TP-P-UF,TOTAL PHOSPHOROUS,MG/L,45.36500,-81.18889
201705001,2018-02-28 15:06:00,CCGS LIMNOS,GEORGIAN BAY,9,451442,-805229,17,77.50,2017-05-22 04:32:00,2036,1.00,.00,0.00050000,,0,.001400,TP-P-UF,TOTAL PHOSPHOROUS,MG/L,45.24500,-80.87472
201705001,2018-02-28 15:06:00,CCGS LIMNOS,GEORGIAN BAY,9,451442,-805229,17,77.50,2017-05-22 04:32:00,2036,50.00,.00,0.00050000,,0,.001200,TP-P-UF,TOTAL PHOSPHOROUS,MG/L,45.24500,-80.87472
201705001,2018-02-28 15:06:00,CCGS LIMNOS,GEORGIAN BAY,9,451442,-805229,17,77.50,2017-05-22 04:32:00,2036,67.00,.00,0.00050000,,0,.001100,TP-P-UF,TOTAL PHOSPHOROUS,MG/L,45.24500,-80.87472
201705001,2018-02-28 15:06:00,CCGS LIMNOS,GEORGIAN BAY,9,451442,-805229,17,77.50,2017-05-22 04:32:00,2036,75.00,.00,0.00050000,,0,.001200,TP-P-UF,TOTAL PHOSPHOROUS,MG/L,45.24500,-80.87472
201705001,2018-02-28 15:06:00,CCGS LIMNOS,GEORGIAN BAY,10,452113,-802912,16,18.38,2017-05-22 14:25:00,2036,1.00,.00,0.00050000,,0,.001200,TP-P-UF,TOTAL PHOSPHOROUS,MG/L,45.35361,-80.48667
201705001,2018-02-28 15:06:00,CCGS LIMNOS,GEORGIAN BAY,10,452113,-802912,16,18.38,2017-05-22 14:25:00,2036,1.00,.00,0.00050000,,1,.001700,TP-P-UF,TOTAL PHOSPHOROUS,MG/L,45.35361,-80.48667
201705001,2018-02-28 15:06:00,CCGS LIMNOS,GEORGIAN BAY,10,452113,-802912,16,18.38,2017-05-22 14:25:00,2036,998.00,.00,0.00050000,<,0,.000500,TP-P-UF,TOTAL PHOSPHOROUS,MG/L,45.35361,-80.48667
201705001,2018-02-28 15:06:00,CCGS LIMNOS,GEORGIAN BAY,10,452113,-802912,16,18.38,2017-05-22 14:25:00,2036,999.00,.00,0.00050000,<,0,.000500,TP-P-UF,TOTAL PHOSPHOROUS,MG/L,45.35361,-80.48667
201705001,2018-02-28 15:06:00,CCGS LIMNOS,GEORGIAN BAY,11,451928,-800703,122,94.00,2017-05-22 16:41:00,2036,1.00,.00,0.00050000,,0,.006100,TP-P-UF,TOTAL PHOSPHOROUS,MG/L,45.32444,-80.11750
201705001,2018-02-28 15:06:00,CCGS LIMNOS,GEORGIAN BAY,12,451001,-801748,15,44.50,2017-05-22 22:41:00,2036,1.00,.00,0.00050000,,0,.005800,TP-P-UF,TOTAL PHOSPHOROUS,MG/L,45.16694,-80.29667
201705001,2018-02-28 15:06:00,CCGS LIMNOS,GEORGIAN BAY,13,445711,-800859,8,50.57,2017-05-23 00:40:00,2036,1.00,.00,0.00050000,,0,.001900,TP-P-UF,TOTAL PHOSPHOROUS,MG/L,44.95306,-80.14972
201705001,2018-02-28 15:06:00,CCGS LIMNOS,GEORGIAN BAY,14,445219,-795801,9,28.89,2017-05-23 02:10:00,2036,1.00,.00,0.00050000,,0,.003400,TP-P-UF,TOTAL PHOSPHOROUS,MG/L,44.87194,-79.96694
201705001,2018-02-28 15:06:00,CCGS LIMNOS,GEORGIAN BAY,14,445219,-795801,9,28.89,2017-05-23 02:10:00,2036,18.00,.00,0.00050000,,0,.001800,TP-P-UF,TOTAL PHOSPHOROUS,MG/L,44.87194,-79.96694
201705001,2018-02-28 15:06:00,CCGS LIMNOS,GEORGIAN BAY,14,445219,-795801,9,28.89,2017-05-23 02:10:00,2036,26.00,.00,0.00050000,,0,.001800,TP-P-UF,TOTAL PHOSPHOROUS,MG/L,44.87194,-79.96694
201705001,2018-02-28 15:06:00,CCGS LIMNOS,GEORGIAN BAY,15,444749,-801440,5,57.50,2017-05-23 05:03:00,2036,1.00,.00,0.00050000,,0,.002100,TP-P-UF,TOTAL PHOSPHOROUS,MG/L,44.79694,-80.24444
201705001,2018-02-28 15:06:00,CCGS LIMNOS,GEORGIAN BAY,15,444749,-801440,5,57.50,2017-05-23 05:03:00,2036,1.00,.00,0.00050000,,1,.005500,TP-P-UF,TOTAL PHOSPHOROUS,MG/L,44.79694,-80.24444
201705001,2018-02-28 15:06:00,CCGS LIMNOS,GEORGIAN BAY,16,443847,-801004,4,58.00,2017-05-23 06:33:00,2036,1.00,.00,0.00050000,,0,.001300,TP-P-UF,TOTAL PHOSPHOROUS,MG/L,44.64639,-80.16778
201705001,2018-02-28 15:06:00,CCGS LIMNOS,GEORGIAN BAY,16,443847,-801004,4,58.00,2017-05-23 06:33:00,2036,48.00,.00,0.00050000,,0,.001200,TP-P-UF,TOTAL PHOSPHOROUS,MG/L,44.64639,-80.16778
201705001,2018-02-28 15:06:00,CCGS LIMNOS,GEORGIAN BAY,16,443847,-801004,4,58.00,2017-05-23 06:33:00,2036,56.00,.00,0.00050000,,0,.001200,TP-P-UF,TOTAL PHOSPHOROUS,MG/L,44.64639,-80.16778
201705001,2018-02-28 15:06:00,CCGS LIMNOS,GEORGIAN BAY,17,444414,-802604,6,85.93,2017-05-23 09:11:00,2036,1.00,.00,0.00050000,,0,.001300,TP-P-UF,TOTAL PHOSPHOROUS,MG/L,44.73722,-80.43444
201705001,2018-02-28 15:06:00,CCGS LIMNOS,GEORGIAN BAY,18,444330,-803656,3,34.05,2017-05-23 10:38:00,2036,1.00,.00,0.00050000,,0,.001400,TP-P-UF,TOTAL PHOSPHOROUS,MG/L,44.72500,-80.61556
201705001,2018-02-28 15:06:00,CCGS LIMNOS,GEORGIAN BAY,19,444306,-805120,1,89.30,2017-05-23 13:17:00,2036,1.00,.00,0.00050000,,0,.001500,TP-P-UF,TOTAL PHOSPHOROUS,MG/L,44.71833,-80.85556
201705001,2018-02-28 15:06:00,CCGS LIMNOS,GEORGIAN BAY,19,444306,-805120,1,89.30,2017-05-23 13:17:00,2036,50.00,.00,0.00050000,,0,.001300,TP-P-UF,TOTAL PHOSPHOROUS,MG/L,44.71833,-80.85556
201705001,2018-02-28 15:06:00,CCGS LIMNOS,GEORGIAN BAY,19,444306,-805120,1,89.30,2017-05-23 13:17:00,2036,79.00,.00,0.00050000,,0,.001400,TP-P-UF,TOTAL PHOSPHOROUS,MG/L,44.71833,-80.85556
201705001,2018-02-28 15:06:00,CCGS LIMNOS,GEORGIAN BAY,19,444306,-805120,1,89.30,2017-05-23 13:17:00,2036,87.00,.00,0.00050000,,0,.001600,TP-P-UF,TOTAL PHOSPHOROUS,MG/L,44.71833,-80.85556
201705001,2018-02-28 15:06:00,CCGS LIMNOS,GEORGIAN BAY,20,445513,-803624,11,61.50,2017-05-23 17:16:00,2036,1.00,.00,0.00050000,,0,.002200,TP-P-UF,TOTAL PHOSPHOROUS,MG/L,44.92028,-80.60667
201705001,2018-02-28 15:06:00,CCGS LIMNOS,GEORGIAN BAY,20,445513,-803624,11,61.50,2017-05-23 17:16:00,2036,1.00,.00,0.00050000,,1,.002200,TP-P-UF,TOTAL PHOSPHOROUS,MG/L,44.92028,-80.60667
201705001,2018-02-28 15:06:00,CCGS LIMNOS,GEORGIAN BAY,20,445513,-803624,11,61.50,2017-05-23 17:16:00,2036,998.00,.00,0.00050000,<,0,.000500,TP-P-UF,TOTAL PHOSPHOROUS,MG/L,44.92028,-80.60667
201705001,2018-02-28 15:06:00,CCGS LIMNOS,GEORGIAN BAY,20,445513,-803624,11,61.50,2017-05-23 17:16:00,2036,999.00,.00,0.00050000,<,0,.000500,TP-P-UF,TOTAL PHOSPHOROUS,MG/L,44.92028,-80.60667
201705001,2018-02-28 15:06:00,CCGS LIMNOS,GEORGIAN BAY,21,445512,-805224,12,87.90,2017-05-23 19:27:00,2036,1.00,.00,0.00050000,,0,.003800,TP-P-UF,TOTAL PHOSPHOROUS,MG/L,44.92000,-80.87333
201705001,2018-02-28 15:06:00,CCGS LIMNOS,GEORGIAN BAY,22,450359,-811508,19,53.41,2017-05-23 22:43:00,2036,1.00,.00,0.00050000,,0,.001600,TP-P-UF,TOTAL PHOSPHOROUS,MG/L,45.06639,-81.25222
201705001,2018-02-28 15:06:00,CCGS LIMNOS,GEORGIAN BAY,23,451421,-812625,31,71.68,2017-05-24 02:35:00,2036,1.00,.00,0.00050000,,0,.003200,TP-P-UF,TOTAL PHOSPHOROUS,MG/L,45.23917,-81.44028
201705001,2018-02-28 15:06:00,CCGS LIMNOS,GEORGIAN BAY,24,452213,-813502,33,53.80,2017-05-24 04:03:00,2036,1.00,.00,0.00050000,,0,.001500,TP-P-UF,TOTAL PHOSPHOROUS,MG/L,45.37028,-81.58389
201705001,2018-02-28 15:06:00,CCGS LIMNOS,GEORGIAN BAY,24,452213,-813502,33,53.80,2017-05-24 04:03:00,2036,43.00,.00,0.00050000,,0,.002100,TP-P-UF,TOTAL PHOSPHOROUS,MG/L,45.37028,-81.58389
201705001,2018-02-28 15:06:00,CCGS LIMNOS,GEORGIAN BAY,24,452213,-813502,33,53.80,2017-05-24 04:03:00,2036,51.00,.00,0.00050000,,0,.001300,TP-P-UF,TOTAL PHOSPHOROUS,MG/L,45.37028,-81.58389
201705002,2018-02-26 13:41:00,CCGS LIMNOS,GEORGIAN BAY,1,453140,-814010,35,35.29,2017-09-13 15:45:00,2036,1.00,.00,0.00050000,,0,.002100,TP-P-UF,TOTAL PHOSPHOROUS,MG/L,45.52778,-81.66944
201705002,2018-02-26 13:41:00,CCGS LIMNOS,GEORGIAN BAY,2,452212,-813508,33,54.52,2017-09-13 17:29:00,2036,1.00,.00,0.00050000,,0,.002700,TP-P-UF,TOTAL PHOSPHOROUS,MG/L,45.37000,-81.58556
201705002,2018-02-26 13:41:00,CCGS LIMNOS,GEORGIAN BAY,2,452212,-813508,33,54.52,2017-09-13 17:29:00,2036,12.00,.00,0.00050000,,0,.001600,TP-P-UF,TOTAL PHOSPHOROUS,MG/L,45.37000,-81.58556
201705002,2018-02-26 13:41:00,CCGS LIMNOS,GEORGIAN BAY,2,452212,-813508,33,54.52,2017-09-13 17:29:00,2036,20.00,.00,0.00050000,,0,.002400,TP-P-UF,TOTAL PHOSPHOROUS,MG/L,45.37000,-81.58556
201705002,2018-02-26 13:41:00,CCGS LIMNOS,GEORGIAN BAY,2,452212,-813508,33,54.52,2017-09-13 17:29:00,2036,30.00,.00,0.00050000,,0,.002100,TP-P-UF,TOTAL PHOSPHOROUS,MG/L,45.37000,-81.58556
201705002,2018-02-26 13:41:00,CCGS LIMNOS,GEORGIAN BAY,2,452212,-813508,33,54.52,2017-09-13 17:29:00,2036,44.00,.00,0.00050000,,0,.001800,TP-P-UF,TOTAL PHOSPHOROUS,MG/L,45.37000,-81.58556
201705002,2018-02-26 13:41:00,CCGS LIMNOS,GEORGIAN BAY,2,452212,-813508,33,54.52,2017-09-13 17:29:00,2036,52.00,.00,0.00050000,,0,.002100,TP-P-UF,TOTAL PHOSPHOROUS,MG/L,45.37000,-81.58556
201705002,2018-02-26 13:41:00,CCGS LIMNOS,GEORGIAN BAY,3,451419,-812628,31,64.75,2017-09-13 19:30:00,2036,1.00,.00,0.00050000,,0,.001800,TP-P-UF,TOTAL PHOSPHOROUS,MG/L,45.23861,-81.44111
201705002,2018-02-26 13:41:00,CCGS LIMNOS,GEORGIAN BAY,4,452154,-811124,21,86.36,2017-09-13 22:54:00,2036,1.00,.00,0.00050000,,0,.001700,TP-P-UF,TOTAL PHOSPHOROUS,MG/L,45.36500,-81.19000
201705002,2018-02-26 13:41:00,CCGS LIMNOS,GEORGIAN BAY,5,451438,-805228,17,77.87,2017-09-14 01:23:00,2036,1.00,.00,0.00050000,,0,.001600,TP-P-UF,TOTAL PHOSPHOROUS,MG/L,45.24389,-80.87444
201705002,2018-02-26 13:41:00,CCGS LIMNOS,GEORGIAN BAY,5,451438,-805228,17,77.87,2017-09-14 01:23:00,2036,1.00,.00,0.00050000,,1,.023400,TP-P-UF,TOTAL PHOSPHOROUS,MG/L,45.24389,-80.87444
201705002,2018-02-26 13:41:00,CCGS LIMNOS,GEORGIAN BAY,5,451438,-805228,17,77.87,2017-09-14 01:23:00,2036,20.00,.00,0.00050000,,0,.002300,TP-P-UF,TOTAL PHOSPHOROUS,MG/L,45.24389,-80.87444
201705002,2018-02-26 13:41:00,CCGS LIMNOS,GEORGIAN BAY,5,451438,-805228,17,77.87,2017-09-14 01:23:00,2036,27.00,.00,0.00050000,,0,.002200,TP-P-UF,TOTAL PHOSPHOROUS,MG/L,45.24389,-80.87444
201705002,2018-02-26 13:41:00,CCGS LIMNOS,GEORGIAN BAY,5,451438,-805228,17,77.87,2017-09-14 01:23:00,2036,41.00,.00,0.00050000,,0,.001700,TP-P-UF,TOTAL PHOSPHOROUS,MG/L,45.24389,-80.87444
201705002,2018-02-26 13:41:00,CCGS LIMNOS,GEORGIAN BAY,5,451438,-805228,17,77.87,2017-09-14 01:23:00,2036,68.00,.00,0.00050000,,0,.002000,TP-P-UF,TOTAL PHOSPHOROUS,MG/L,45.24389,-80.87444
201705002,2018-02-26 13:41:00,CCGS LIMNOS,GEORGIAN BAY,5,451438,-805228,17,77.87,2017-09-14 01:23:00,2036,76.00,.00,0.00050000,,0,.001400,TP-P-UF,TOTAL PHOSPHOROUS,MG/L,45.24389,-80.87444
201705002,2018-02-26 13:41:00,CCGS LIMNOS,GEORGIAN BAY,6,450401,-811513,19,53.73,2017-09-14 04:33:00,2036,1.00,.00,0.00050000,,0,.001400,TP-P-UF,TOTAL PHOSPHOROUS,MG/L,45.06694,-81.25361
201705002,2018-02-26 13:41:00,CCGS LIMNOS,GEORGIAN BAY,7,445512,-805230,12,88.49,2017-09-14 07:17:00,2036,1.00,.00,0.00050000,,0,.001300,TP-P-UF,TOTAL PHOSPHOROUS,MG/L,44.92000,-80.87500
201705002,2018-02-26 13:41:00,CCGS LIMNOS,GEORGIAN BAY,8,445514,-803622,11,62.16,2017-09-14 09:18:00,2036,1.00,.00,0.00050000,,0,.001600,TP-P-UF,TOTAL PHOSPHOROUS,MG/L,44.92056,-80.60611
201705002,2018-02-26 13:41:00,CCGS LIMNOS,GEORGIAN BAY,9,444303,-805122,1,89.7,2017-09-14 11:41:00,2036,1.00,.00,0.00050000,,0,.001600,TP-P-UF,TOTAL PHOSPHOROUS,MG/L,44.71750,-80.85611
201705002,2018-02-26 13:41:00,CCGS LIMNOS,GEORGIAN BAY,9,444303,-805122,1,89.7,2017-09-14 11:41:00,2036,19.00,.00,0.00050000,,0,.004200,TP-P-UF,TOTAL PHOSPHOROUS,MG/L,44.71750,-80.85611
201705002,2018-02-26 13:41:00,CCGS LIMNOS,GEORGIAN BAY,9,444303,-805122,1,89.7,2017-09-14 11:41:00,2036,25.00,.00,0.00050000,,0,.001800,TP-P-UF,TOTAL PHOSPHOROUS,MG/L,44.71750,-80.85611
201705002,2018-02-26 13:41:00,CCGS LIMNOS,GEORGIAN BAY,9,444303,-805122,1,89.7,2017-09-14 11:41:00,2036,34.00,.00,0.00050000,,0,.001700,TP-P-UF,TOTAL PHOSPHOROUS,MG/L,44.71750,-80.85611
201705002,2018-02-26 13:41:00,CCGS LIMNOS,GEORGIAN BAY,9,444303,-805122,1,89.7,2017-09-14 11:41:00,2036,80.00,.00,0.00050000,,0,.001500,TP-P-UF,TOTAL PHOSPHOROUS,MG/L,44.71750,-80.85611
201705002,2018-02-26 13:41:00,CCGS LIMNOS,GEORGIAN BAY,9,444303,-805122,1,89.7,2017-09-14 11:41:00,2036,88.00,.00,0.00050000,,0,.001600,TP-P-UF,TOTAL PHOSPHOROUS,MG/L,44.71750,-80.85611
201705002,2018-02-26 13:41:00,CCGS LIMNOS,GEORGIAN BAY,10,444329,-803701,3,34.36,2017-09-14 13:46:00,2036,1.00,.00,0.00050000,,0,.002400,TP-P-UF,TOTAL PHOSPHOROUS,MG/L,44.72472,-80.61694
201705002,2018-02-26 13:41:00,CCGS LIMNOS,GEORGIAN BAY,10,444329,-803701,3,34.36,2017-09-14 13:46:00,2036,1.00,.00,0.00050000,,1,.001600,TP-P-UF,TOTAL PHOSPHOROUS,MG/L,44.72472,-80.61694
201705002,2018-02-26 13:41:00,CCGS LIMNOS,GEORGIAN BAY,10,444329,-803701,3,34.36,2017-09-14 13:46:00,2036,998.00,.00,0.00050000,<,0,.000500,TP-P-UF,TOTAL PHOSPHOROUS,MG/L,44.72472,-80.61694
201705002,2018-02-26 13:41:00,CCGS LIMNOS,GEORGIAN BAY,10,444329,-803701,3,34.36,2017-09-14 13:46:00,2036,999.00,.00,0.00050000,<,0,.000500,TP-P-UF,TOTAL PHOSPHOROUS,MG/L,44.72472,-80.61694
201705002,2018-02-26 13:41:00,CCGS LIMNOS,GEORGIAN BAY,11,444411,-802606,6,87.05,2017-09-14 15:18:00,2036,1.00,.00,0.00050000,,0,.001400,TP-P-UF,TOTAL PHOSPHOROUS,MG/L,44.73639,-80.43500
201705002,2018-02-26 13:41:00,CCGS LIMNOS,GEORGIAN BAY,12,444746,-801436,5,58.89,2017-09-14 17:16:00,2036,1.00,.00,0.00050000,,0,.001300,TP-P-UF,TOTAL PHOSPHOROUS,MG/L,44.79611,-80.24333
201705002,2018-02-26 13:41:00,CCGS LIMNOS,GEORGIAN BAY,13,443844,-801002,4,57.57,2017-09-14 19:38:00,2036,1.00,.00,0.00050000,,0,.000800,TP-P-UF,TOTAL PHOSPHOROUS,MG/L,44.64556,-80.16722
201705002,2018-02-26 13:41:00,CCGS LIMNOS,GEORGIAN BAY,13,443844,-801002,4,57.57,2017-09-14 19:38:00,2036,20.00,.00,0.00050000,,0,.002100,TP-P-UF,TOTAL PHOSPHOROUS,MG/L,44.64556,-80.16722
201705002,2018-02-26 13:41:00,CCGS LIMNOS,GEORGIAN BAY,13,443844,-801002,4,57.57,2017-09-14 19:38:00,2036,27.00,.00,0.00050000,,0,.001800,TP-P-UF,TOTAL PHOSPHOROUS,MG/L,44.64556,-80.16722
201705002,2018-02-26 13:41:00,CCGS LIMNOS,GEORGIAN BAY,13,443844,-801002,4,57.57,2017-09-14 19:38:00,2036,41.00,.00,0.00050000,,0,.002100,TP-P-UF,TOTAL PHOSPHOROUS,MG/L,44.64556,-80.16722
201705002,2018-02-26 13:41:00,CCGS LIMNOS,GEORGIAN BAY,13,443844,-801002,4,57.57,2017-09-14 19:38:00,2036,47.00,.00,0.00050000,,0,.001400,TP-P-UF,TOTAL PHOSPHOROUS,MG/L,44.64556,-80.16722
201705002,2018-02-26 13:41:00,CCGS LIMNOS,GEORGIAN BAY,13,443844,-801002,4,57.57,2017-09-14 19:38:00,2036,55.00,.00,0.00050000,,0,.001600,TP-P-UF,TOTAL PHOSPHOROUS,MG/L,44.64556,-80.16722
201705002,2018-02-26 13:41:00,CCGS LIMNOS,GEORGIAN BAY,14,445216,-795809,9,30.11,2017-09-15 00:22:00,2036,1.00,.00,0.00050000,,0,.005200,TP-P-UF,TOTAL PHOSPHOROUS,MG/L,44.87111,-79.96917
201705002,2018-02-26 13:41:00,CCGS LIMNOS,GEORGIAN BAY,14,445216,-795809,9,30.11,2017-09-15 00:22:00,2036,20.00,.00,0.00050000,,0,.002900,TP-P-UF,TOTAL PHOSPHOROUS,MG/L,44.87111,-79.96917
201705002,2018-02-26 13:41:00,CCGS LIMNOS,GEORGIAN BAY,14,445216,-795809,9,30.11,2017-09-15 00:22:00,2036,28.00,.00,0.00050000,,0,.002200,TP-P-UF,TOTAL PHOSPHOROUS,MG/L,44.87111,-79.96917
201705002,2018-02-26 13:41:00,CCGS LIMNOS,GEORGIAN BAY,15,445709,-800856,8,50.79,2017-09-15 02:47:00,2036,1.00,.00,0.00050000,,0,.001400,TP-P-UF,TOTAL PHOSPHOROUS,MG/L,44.95250,-80.14889
201705002,2018-02-26 13:41:00,CCGS LIMNOS,GEORGIAN BAY,15,445709,-800856,8,50.79,2017-09-15 02:47:00,2036,1.00,.00,0.00050000,,1,.004900,TP-P-UF,TOTAL PHOSPHOROUS,MG/L,44.95250,-80.14889
201705002,2018-02-26 13:41:00,CCGS LIMNOS,GEORGIAN BAY,16,450959,-801749,15,46.62,2017-09-15 05:51:00,2036,1.00,.00,0.00050000,,0,.002000,TP-P-UF,TOTAL PHOSPHOROUS,MG/L,45.16639,-80.29694
201705002,2018-02-26 13:41:00,CCGS LIMNOS,GEORGIAN BAY,17,452112,-802908,16,19.01,2017-09-15 09:06:00,2036,1.00,.00,0.00050000,,0,.001100,TP-P-UF,TOTAL PHOSPHOROUS,MG/L,45.35333,-80.48556
201705002,2018-02-26 13:41:00,CCGS LIMNOS,GEORGIAN BAY,18,451930,-800658,122,94.89,2017-09-15 12:02:00,2036,1.00,.00,0.00050000,,0,.006700,TP-P-UF,TOTAL PHOSPHOROUS,MG/L,45.32500,-80.11611
201705002,2018-02-26 13:41:00,CCGS LIMNOS,GEORGIAN BAY,19,453456,-810459,29,42.78,2017-09-16 15:55:00,2036,1.00,.00,0.00050000,,0,.001500,TP-P-UF,TOTAL PHOSPHOROUS,MG/L,45.58222,-81.08306
201705002,2018-02-26 13:41:00,CCGS LIMNOS,GEORGIAN BAY,19,453456,-810459,29,42.78,2017-09-16 15:55:00,2036,16.00,.00,0.00050000,,0,.001300,TP-P-UF,TOTAL PHOSPHOROUS,MG/L,45.58222,-81.08306
201705002,2018-02-26 13:41:00,CCGS LIMNOS,GEORGIAN BAY,19,453456,-810459,29,42.78,2017-09-16 15:55:00,2036,21.00,.00,0.00050000,,0,.003600,TP-P-UF,TOTAL PHOSPHOROUS,MG/L,45.58222,-81.08306
201705002,2018-02-26 13:41:00,CCGS LIMNOS,GEORGIAN BAY,19,453456,-810459,29,42.78,2017-09-16 15:55:00,2036,26.00,.00,0.00050000,,0,.002100,TP-P-UF,TOTAL PHOSPHOROUS,MG/L,45.58222,-81.08306
201705002,2018-02-26 13:41:00,CCGS LIMNOS,GEORGIAN BAY,19,453456,-810459,29,42.78,2017-09-16 15:55:00,2036,32.00,.00,0.00050000,,0,.001900,TP-P-UF,TOTAL PHOSPHOROUS,MG/L,45.58222,-81.08306
201705002,2018-02-26 13:41:00,CCGS LIMNOS,GEORGIAN BAY,19,453456,-810459,29,42.78,2017-09-16 15:55:00,2036,40.00,.00,0.00050000,,0,.001800,TP-P-UF,TOTAL PHOSPHOROUS,MG/L,45.58222,-81.08306
201705002,2018-02-26 13:41:00,CCGS LIMNOS,GEORGIAN BAY,20,454042,-805022,24,40.01,2017-09-16 18:12:00,2036,1.00,.00,0.00050000,,0,.001800,TP-P-UF,TOTAL PHOSPHOROUS,MG/L,45.67833,-80.83944
201705002,2018-02-26 13:41:00,CCGS LIMNOS,GEORGIAN BAY,20,454042,-805022,24,40.01,2017-09-16 18:12:00,2036,1.00,.00,0.00050000,,1,.001600,TP-P-UF,TOTAL PHOSPHOROUS,MG/L,45.67833,-80.83944
201705002,2018-02-26 13:41:00,CCGS LIMNOS,GEORGIAN BAY,20,454042,-805022,24,40.01,2017-09-16 18:12:00,2036,998.00,.00,0.00050000,<,0,.000500,TP-P-UF,TOTAL PHOSPHOROUS,MG/L,45.67833,-80.83944
201705002,2018-02-26 13:41:00,CCGS LIMNOS,GEORGIAN BAY,20,454042,-805022,24,40.01,2017-09-16 18:12:00,2036,999.00,.00,0.00050000,<,0,.000500,TP-P-UF,TOTAL PHOSPHOROUS,MG/L,45.67833,-80.83944
201705002,2018-02-26 13:41:00,CCGS LIMNOS,GEORGIAN BAY,21,455000,-805357,26,20.11,2017-09-16 20:13:00,2036,1.00,.00,0.00050000,,0,.002500,TP-P-UF,TOTAL PHOSPHOROUS,MG/L,45.83333,-80.89917
201705002,2018-02-26 13:41:00,CCGS LIMNOS,GEORGIAN BAY,22,455156,-805957,27,17.72,2017-09-16 21:23:00,2036,1.00,.00,0.00050000,,0,.002000,TP-P-UF,TOTAL PHOSPHOROUS,MG/L,45.86556,-80.99917
201705002,2018-02-26 13:41:00,CCGS LIMNOS,GEORGIAN BAY,22,455156,-805957,27,17.72,2017-09-16 21:23:00,2036,8.00,.00,0.00050000,,0,.003100,TP-P-UF,TOTAL PHOSPHOROUS,MG/L,45.86556,-80.99917
201705002,2018-02-26 13:41:00,CCGS LIMNOS,GEORGIAN BAY,22,455156,-805957,27,17.72,2017-09-16 21:23:00,2036,15.00,.00,0.00050000,,0,.003300,TP-P-UF,TOTAL PHOSPHOROUS,MG/L,45.86556,-80.99917
201705002,2018-02-26 13:41:00,CCGS LIMNOS,GEORGIAN BAY,23,455223,-811531,39,28.28,2017-09-16 23:25:00,2036,1.00,.00,0.00050000,,0,.001600,TP-P-UF,TOTAL PHOSPHOROUS,MG/L,45.87306,-81.25861
201705002,2018-02-26 13:41:00,CCGS LIMNOS,GEORGIAN BAY,24,454230,-813710,36,52.89,2017-09-17 02:19:00,2036,1.00,.00,0.00050000,,0,.001500,TP-P-UF,TOTAL PHOSPHOROUS,MG/L,45.70833,-81.61944
201705002,2018-02-26 13:41:00,CCGS LIMNOS,GEORGIAN BAY,25,455445,-813539,42,29.5,2017-09-17 05:24:00,2036,1.00,.00,0.00050000,,0,.002600,TP-P-UF,TOTAL PHOSPHOROUS,MG/L,45.91250,-81.59417
201705002,2018-02-26 13:41:00,CCGS LIMNOS,GEORGIAN BAY,25,455445,-813539,42,29.5,2017-09-17 05:24:00,2036,1.00,.00,0.00050000,,1,.002700,TP-P-UF,TOTAL PHOSPHOROUS,MG/L,45.91250,-81.59417
201705002,2018-02-26 13:41:00,CCGS LIMNOS,GEORGIAN BAY,25,455445,-813539,42,29.5,2017-09-17 05:24:00,2036,19.00,.00,0.00050000,,0,.001500,TP-P-UF,TOTAL PHOSPHOROUS,MG/L,45.91250,-81.59417
201705002,2018-02-26 13:41:00,CCGS LIMNOS,GEORGIAN BAY,25,455445,-813539,42,29.5,2017-09-17 05:24:00,2036,22.00,.00,0.00050000,,0,.002000,TP-P-UF,TOTAL PHOSPHOROUS,MG/L,45.91250,-81.59417
201705002,2018-02-26 13:41:00,CCGS LIMNOS,GEORGIAN BAY,26,454546,-814745,46,19.2,2017-09-17 09:00:00,2036,1.00,.00,0.00050000,,0,.004300,TP-P-UF,TOTAL PHOSPHOROUS,MG/L,45.76278,-81.79583
201705001,2018-02-28 15:06:00,CCGS LIMNOS,GEORGIAN BAY,1,454543,-814744,46,18.30,2017-05-21 12:28:00,2038,1.00,.00,0.00050000,,0,.001300,TP-P-F,TOTAL PHOSPHOROUS FILTERED,MG/L,45.76194,-81.79556
201705001,2018-02-28 15:06:00,CCGS LIMNOS,GEORGIAN BAY,2,455445,-813545,42,20.00,2017-05-21 14:33:00,2038,1.00,.00,0.00050000,,0,.002000,TP-P-F,TOTAL PHOSPHOROUS FILTERED,MG/L,45.91250,-81.59583
201705001,2018-02-28 15:06:00,CCGS LIMNOS,GEORGIAN BAY,2,455445,-813545,42,20.00,2017-05-21 14:33:00,2038,10.00,.00,0.00050000,,0,.001800,TP-P-F,TOTAL PHOSPHOROUS FILTERED,MG/L,45.91250,-81.59583
201705001,2018-02-28 15:06:00,CCGS LIMNOS,GEORGIAN BAY,2,455445,-813545,42,20.00,2017-05-21 14:33:00,2038,18.00,.00,0.00050000,,0,.001500,TP-P-F,TOTAL PHOSPHOROUS FILTERED,MG/L,45.91250,-81.59583
201705001,2018-02-28 15:06:00,CCGS LIMNOS,GEORGIAN BAY,3,455226,-811533,39,27.50,2017-05-21 17:07:00,2038,1.00,.00,0.00050000,,0,.001800,TP-P-F,TOTAL PHOSPHOROUS FILTERED,MG/L,45.87389,-81.25917
201705001,2018-02-28 15:06:00,CCGS LIMNOS,GEORGIAN BAY,4,455158,-810004,27,16.00,2017-05-21 18:42:00,2038,1.00,.00,0.00050000,,0,.002000,TP-P-F,TOTAL PHOSPHOROUS FILTERED,MG/L,45.86611,-81.00111
201705001,2018-02-28 15:06:00,CCGS LIMNOS,GEORGIAN BAY,4,455158,-810004,27,16.00,2017-05-21 18:42:00,2038,14.00,.00,0.00050000,,0,.001700,TP-P-F,TOTAL PHOSPHOROUS FILTERED,MG/L,45.86611,-81.00111
201705001,2018-02-28 15:06:00,CCGS LIMNOS,GEORGIAN BAY,5,454957,-805402,26,20.52,2017-05-21 20:08:00,2038,1.00,.00,0.00050000,,0,.001200,TP-P-F,TOTAL PHOSPHOROUS FILTERED,MG/L,45.83250,-80.90056
201705001,2018-02-28 15:06:00,CCGS LIMNOS,GEORGIAN BAY,5,454957,-805402,26,20.52,2017-05-21 20:08:00,2038,1.00,.00,0.00050000,,1,.001300,TP-P-F,TOTAL PHOSPHOROUS FILTERED,MG/L,45.83250,-80.90056
201705001,2018-02-28 15:06:00,CCGS LIMNOS,GEORGIAN BAY,6,454045,-805024,24,39.70,2017-05-21 21:46:00,2038,1.00,.00,0.00050000,,0,.001100,TP-P-F,TOTAL PHOSPHOROUS FILTERED,MG/L,45.67917,-80.84000
201705001,2018-02-28 15:06:00,CCGS LIMNOS,GEORGIAN BAY,7,453504,-810454,29,41.90,2017-05-21 23:25:00,2038,1.00,.00,0.00050000,,0,.001300,TP-P-F,TOTAL PHOSPHOROUS FILTERED,MG/L,45.58444,-81.08167
201705001,2018-02-28 15:06:00,CCGS LIMNOS,GEORGIAN BAY,7,453504,-810454,29,41.90,2017-05-21 23:25:00,2038,32.00,.00,0.00050000,,0,.000800,TP-P-F,TOTAL PHOSPHOROUS FILTERED,MG/L,45.58444,-81.08167
201705001,2018-02-28 15:06:00,CCGS LIMNOS,GEORGIAN BAY,7,453504,-810454,29,41.90,2017-05-21 23:25:00,2038,40.00,.00,0.00050000,,0,.001000,TP-P-F,TOTAL PHOSPHOROUS FILTERED,MG/L,45.58444,-81.08167
201705001,2018-02-28 15:06:00,CCGS LIMNOS,GEORGIAN BAY,8,452154,-811120,21,86.27,2017-05-22 02:06:00,2038,1.00,.00,0.00050000,,0,.002300,TP-P-F,TOTAL PHOSPHOROUS FILTERED,MG/L,45.36500,-81.18889
201705001,2018-02-28 15:06:00,CCGS LIMNOS,GEORGIAN BAY,9,451442,-805229,17,77.50,2017-05-22 04:32:00,2038,1.00,.00,0.00050000,,0,.001400,TP-P-F,TOTAL PHOSPHOROUS FILTERED,MG/L,45.24500,-80.87472
201705001,2018-02-28 15:06:00,CCGS LIMNOS,GEORGIAN BAY,9,451442,-805229,17,77.50,2017-05-22 04:32:00,2038,50.00,.00,0.00050000,,0,.000500,TP-P-F,TOTAL PHOSPHOROUS FILTERED,MG/L,45.24500,-80.87472
201705001,2018-02-28 15:06:00,CCGS LIMNOS,GEORGIAN BAY,9,451442,-805229,17,77.50,2017-05-22 04:32:00,2038,67.00,.00,0.00050000,,0,.000800,TP-P-F,TOTAL PHOSPHOROUS FILTERED,MG/L,45.24500,-80.87472
201705001,2018-02-28 15:06:00,CCGS LIMNOS,GEORGIAN BAY,9,451442,-805229,17,77.50,2017-05-22 04:32:00,2038,75.00,.00,0.00050000,,0,.000900,TP-P-F,TOTAL PHOSPHOROUS FILTERED,MG/L,45.24500,-80.87472
201705001,2018-02-28 15:06:00,CCGS LIMNOS,GEORGIAN BAY,10,452113,-802912,16,18.38,2017-05-22 14:25:00,2038,1.00,.00,0.00050000,,0,.001200,TP-P-F,TOTAL PHOSPHOROUS FILTERED,MG/L,45.35361,-80.48667
201705001,2018-02-28 15:06:00,CCGS LIMNOS,GEORGIAN BAY,10,452113,-802912,16,18.38,2017-05-22 14:25:00,2038,1.00,.00,0.00050000,,1,.001000,TP-P-F,TOTAL PHOSPHOROUS FILTERED,MG/L,45.35361,-80.48667
201705001,2018-02-28 15:06:00,CCGS LIMNOS,GEORGIAN BAY,10,452113,-802912,16,18.38,2017-05-22 14:25:00,2038,998.00,.00,0.00050000,<,0,.000500,TP-P-F,TOTAL PHOSPHOROUS FILTERED,MG/L,45.35361,-80.48667
201705001,2018-02-28 15:06:00,CCGS LIMNOS,GEORGIAN BAY,10,452113,-802912,16,18.38,2017-05-22 14:25:00,2038,999.00,.00,0.00050000,<,0,.000500,TP-P-F,TOTAL PHOSPHOROUS FILTERED,MG/L,45.35361,-80.48667
201705001,2018-02-28 15:06:00,CCGS LIMNOS,GEORGIAN BAY,11,451928,-800703,122,94.00,2017-05-22 16:41:00,2038,1.00,.00,0.00050000,,0,.002100,TP-P-F,TOTAL PHOSPHOROUS FILTERED,MG/L,45.32444,-80.11750
201705001,2018-02-28 15:06:00,CCGS LIMNOS,GEORGIAN BAY,12,451001,-801748,15,44.50,2017-05-22 22:41:00,2038,1.00,.00,0.00050000,,0,.002000,TP-P-F,TOTAL PHOSPHOROUS FILTERED,MG/L,45.16694,-80.29667
201705001,2018-02-28 15:06:00,CCGS LIMNOS,GEORGIAN BAY,13,445711,-800859,8,50.57,2017-05-23 00:40:00,2038,1.00,.00,0.00050000,,0,.001300,TP-P-F,TOTAL PHOSPHOROUS FILTERED,MG/L,44.95306,-80.14972
201705001,2018-02-28 15:06:00,CCGS LIMNOS,GEORGIAN BAY,14,445219,-795801,9,28.89,2017-05-23 02:10:00,2038,1.00,.00,0.00050000,,0,.002300,TP-P-F,TOTAL PHOSPHOROUS FILTERED,MG/L,44.87194,-79.96694
201705001,2018-02-28 15:06:00,CCGS LIMNOS,GEORGIAN BAY,14,445219,-795801,9,28.89,2017-05-23 02:10:00,2038,18.00,.00,0.00050000,,0,.002000,TP-P-F,TOTAL PHOSPHOROUS FILTERED,MG/L,44.87194,-79.96694
201705001,2018-02-28 15:06:00,CCGS LIMNOS,GEORGIAN BAY,14,445219,-795801,9,28.89,2017-05-23 02:10:00,2038,26.00,.00,0.00050000,,0,.001100,TP-P-F,TOTAL PHOSPHOROUS FILTERED,MG/L,44.87194,-79.96694
201705001,2018-02-28 15:06:00,CCGS LIMNOS,GEORGIAN BAY,15,444749,-801440,5,57.50,2017-05-23 05:03:00,2038,1.00,.00,0.00050000,,0,.001200,TP-P-F,TOTAL PHOSPHOROUS FILTERED,MG/L,44.79694,-80.24444
201705001,2018-02-28 15:06:00,CCGS LIMNOS,GEORGIAN BAY,15,444749,-801440,5,57.50,2017-05-23 05:03:00,2038,1.00,.00,0.00050000,,1,.001300,TP-P-F,TOTAL PHOSPHOROUS FILTERED,MG/L,44.79694,-80.24444
201705001,2018-02-28 15:06:00,CCGS LIMNOS,GEORGIAN BAY,16,443847,-801004,4,58.00,2017-05-23 06:33:00,2038,1.00,.00,0.00050000,,0,.000700,TP-P-F,TOTAL PHOSPHOROUS FILTERED,MG/L,44.64639,-80.16778
201705001,2018-02-28 15:06:00,CCGS LIMNOS,GEORGIAN BAY,16,443847,-801004,4,58.00,2017-05-23 06:33:00,2038,48.00,.00,0.00050000,,0,.000600,TP-P-F,TOTAL PHOSPHOROUS FILTERED,MG/L,44.64639,-80.16778
201705001,2018-02-28 15:06:00,CCGS LIMNOS,GEORGIAN BAY,16,443847,-801004,4,58.00,2017-05-23 06:33:00,2038,56.00,.00,0.00050000,,0,.000800,TP-P-F,TOTAL PHOSPHOROUS FILTERED,MG/L,44.64639,-80.16778
201705001,2018-02-28 15:06:00,CCGS LIMNOS,GEORGIAN BAY,17,444414,-802604,6,85.93,2017-05-23 09:11:00,2038,1.00,.00,0.00050000,,0,.000600,TP-P-F,TOTAL PHOSPHOROUS FILTERED,MG/L,44.73722,-80.43444
201705001,2018-02-28 15:06:00,CCGS LIMNOS,GEORGIAN BAY,18,444330,-803656,3,34.05,2017-05-23 10:38:00,2038,1.00,.00,0.00050000,,0,.000700,TP-P-F,TOTAL PHOSPHOROUS FILTERED,MG/L,44.72500,-80.61556
201705001,2018-02-28 15:06:00,CCGS LIMNOS,GEORGIAN BAY,19,444306,-805120,1,89.30,2017-05-23 13:17:00,2038,1.00,.00,0.00050000,,0,.000500,TP-P-F,TOTAL PHOSPHOROUS FILTERED,MG/L,44.71833,-80.85556
201705001,2018-02-28 15:06:00,CCGS LIMNOS,GEORGIAN BAY,19,444306,-805120,1,89.30,2017-05-23 13:17:00,2038,50.00,.00,0.00050000,,0,.000500,TP-P-F,TOTAL PHOSPHOROUS FILTERED,MG/L,44.71833,-80.85556
201705001,2018-02-28 15:06:00,CCGS LIMNOS,GEORGIAN BAY,19,444306,-805120,1,89.30,2017-05-23 13:17:00,2038,79.00,.00,0.00050000,,0,.000600,TP-P-F,TOTAL PHOSPHOROUS FILTERED,MG/L,44.71833,-80.85556
201705001,2018-02-28 15:06:00,CCGS LIMNOS,GEORGIAN BAY,19,444306,-805120,1,89.30,2017-05-23 13:17:00,2038,87.00,.00,0.00050000,,0,.000600,TP-P-F,TOTAL PHOSPHOROUS FILTERED,MG/L,44.71833,-80.85556
201705001,2018-02-28 15:06:00,CCGS LIMNOS,GEORGIAN BAY,20,445513,-803624,11,61.50,2017-05-23 17:16:00,2038,1.00,.00,0.00050000,,0,.001900,TP-P-F,TOTAL PHOSPHOROUS FILTERED,MG/L,44.92028,-80.60667
201705001,2018-02-28 15:06:00,CCGS LIMNOS,GEORGIAN BAY,20,445513,-803624,11,61.50,2017-05-23 17:16:00,2038,1.00,.00,0.00050000,,1,.002000,TP-P-F,TOTAL PHOSPHOROUS FILTERED,MG/L,44.92028,-80.60667
201705001,2018-02-28 15:06:00,CCGS LIMNOS,GEORGIAN BAY,20,445513,-803624,11,61.50,2017-05-23 17:16:00,2038,998.00,.00,0.00050000,<,0,.000500,TP-P-F,TOTAL PHOSPHOROUS FILTERED,MG/L,44.92028,-80.60667
201705001,2018-02-28 15:06:00,CCGS LIMNOS,GEORGIAN BAY,20,445513,-803624,11,61.50,2017-05-23 17:16:00,2038,999.00,.00,0.00050000,<,0,.000500,TP-P-F,TOTAL PHOSPHOROUS FILTERED,MG/L,44.92028,-80.60667
201705001,2018-02-28 15:06:00,CCGS LIMNOS,GEORGIAN BAY,21,445512,-805224,12,87.90,2017-05-23 19:27:00,2038,1.00,.00,0.00050000,<,0,.000500,TP-P-F,TOTAL PHOSPHOROUS FILTERED,MG/L,44.92000,-80.87333
201705001,2018-02-28 15:06:00,CCGS LIMNOS,GEORGIAN BAY,22,450359,-811508,19,53.41,2017-05-23 22:43:00,2038,1.00,.00,0.00050000,,0,.001100,TP-P-F,TOTAL PHOSPHOROUS FILTERED,MG/L,45.06639,-81.25222
201705001,2018-02-28 15:06:00,CCGS LIMNOS,GEORGIAN BAY,23,451421,-812625,31,71.68,2017-05-24 02:35:00,2038,1.00,.00,0.00050000,,0,.001200,TP-P-F,TOTAL PHOSPHOROUS FILTERED,MG/L,45.23917,-81.44028
201705001,2018-02-28 15:06:00,CCGS LIMNOS,GEORGIAN BAY,24,452213,-813502,33,53.80,2017-05-24 04:03:00,2038,1.00,.00,0.00050000,,0,.000500,TP-P-F,TOTAL PHOSPHOROUS FILTERED,MG/L,45.37028,-81.58389
201705001,2018-02-28 15:06:00,CCGS LIMNOS,GEORGIAN BAY,24,452213,-813502,33,53.80,2017-05-24 04:03:00,2038,43.00,.00,0.00050000,,0,.000900,TP-P-F,TOTAL PHOSPHOROUS FILTERED,MG/L,45.37028,-81.58389
201705001,2018-02-28 15:06:00,CCGS LIMNOS,GEORGIAN BAY,24,452213,-813502,33,53.80,2017-05-24 04:03:00,2038,51.00,.00,0.00050000,,0,.000700,TP-P-F,TOTAL PHOSPHOROUS FILTERED,MG/L,45.37028,-81.58389
201705002,2018-02-26 13:41:00,CCGS LIMNOS,GEORGIAN BAY,1,453140,-814010,35,35.29,2017-09-13 15:45:00,2038,1.00,.00,0.00050000,,0,.000700,TP-P-F,TOTAL PHOSPHOROUS FILTERED,MG/L,45.52778,-81.66944
201705002,2018-02-26 13:41:00,CCGS LIMNOS,GEORGIAN BAY,2,452212,-813508,33,54.52,2017-09-13 17:29:00,2038,1.00,.00,0.00050000,,0,.000600,TP-P-F,TOTAL PHOSPHOROUS FILTERED,MG/L,45.37000,-81.58556
201705002,2018-02-26 13:41:00,CCGS LIMNOS,GEORGIAN BAY,2,452212,-813508,33,54.52,2017-09-13 17:29:00,2038,12.00,.00,0.00050000,,0,.000800,TP-P-F,TOTAL PHOSPHOROUS FILTERED,MG/L,45.37000,-81.58556
201705002,2018-02-26 13:41:00,CCGS LIMNOS,GEORGIAN BAY,2,452212,-813508,33,54.52,2017-09-13 17:29:00,2038,20.00,.00,0.00050000,,0,.001400,TP-P-F,TOTAL PHOSPHOROUS FILTERED,MG/L,45.37000,-81.58556
201705002,2018-02-26 13:41:00,CCGS LIMNOS,GEORGIAN BAY,2,452212,-813508,33,54.52,2017-09-13 17:29:00,2038,30.00,.00,0.00050000,,0,.001500,TP-P-F,TOTAL PHOSPHOROUS FILTERED,MG/L,45.37000,-81.58556
201705002,2018-02-26 13:41:00,CCGS LIMNOS,GEORGIAN BAY,2,452212,-813508,33,54.52,2017-09-13 17:29:00,2038,44.00,.00,0.00050000,,0,.000600,TP-P-F,TOTAL PHOSPHOROUS FILTERED,MG/L,45.37000,-81.58556
201705002,2018-02-26 13:41:00,CCGS LIMNOS,GEORGIAN BAY,2,452212,-813508,33,54.52,2017-09-13 17:29:00,2038,52.00,.00,0.00050000,,0,.000800,TP-P-F,TOTAL PHOSPHOROUS FILTERED,MG/L,45.37000,-81.58556
201705002,2018-02-26 13:41:00,CCGS LIMNOS,GEORGIAN BAY,3,451419,-812628,31,64.75,2017-09-13 19:30:00,2038,1.00,.00,0.00050000,,0,.000900,TP-P-F,TOTAL PHOSPHOROUS FILTERED,MG/L,45.23861,-81.44111
201705002,2018-02-26 13:41:00,CCGS LIMNOS,GEORGIAN BAY,4,452154,-811124,21,86.36,2017-09-13 22:54:00,2038,1.00,.00,0.00050000,<,0,.000500,TP-P-F,TOTAL PHOSPHOROUS FILTERED,MG/L,45.36500,-81.19000
201705002,2018-02-26 13:41:00,CCGS LIMNOS,GEORGIAN BAY,5,451438,-805228,17,77.87,2017-09-14 01:23:00,2038,1.00,.00,0.00050000,,0,.000900,TP-P-F,TOTAL PHOSPHOROUS FILTERED,MG/L,45.24389,-80.87444
201705002,2018-02-26 13:41:00,CCGS LIMNOS,GEORGIAN BAY,5,451438,-805228,17,77.87,2017-09-14 01:23:00,2038,1.00,.00,0.00050000,<,1,.000500,TP-P-F,TOTAL PHOSPHOROUS FILTERED,MG/L,45.24389,-80.87444
201705002,2018-02-26 13:41:00,CCGS LIMNOS,GEORGIAN BAY,5,451438,-805228,17,77.87,2017-09-14 01:23:00,2038,20.00,.00,0.00050000,,0,.001200,TP-P-F,TOTAL PHOSPHOROUS FILTERED,MG/L,45.24389,-80.87444
201705002,2018-02-26 13:41:00,CCGS LIMNOS,GEORGIAN BAY,5,451438,-805228,17,77.87,2017-09-14 01:23:00,2038,27.00,.00,0.00050000,,0,.000900,TP-P-F,TOTAL PHOSPHOROUS FILTERED,MG/L,45.24389,-80.87444
201705002,2018-02-26 13:41:00,CCGS LIMNOS,GEORGIAN BAY,5,451438,-805228,17,77.87,2017-09-14 01:23:00,2038,41.00,.00,0.00050000,<,0,.000500,TP-P-F,TOTAL PHOSPHOROUS FILTERED,MG/L,45.24389,-80.87444
201705002,2018-02-26 13:41:00,CCGS LIMNOS,GEORGIAN BAY,5,451438,-805228,17,77.87,2017-09-14 01:23:00,2038,68.00,.00,0.00050000,,0,.000700,TP-P-F,TOTAL PHOSPHOROUS FILTERED,MG/L,45.24389,-80.87444
201705002,2018-02-26 13:41:00,CCGS LIMNOS,GEORGIAN BAY,5,451438,-805228,17,77.87,2017-09-14 01:23:00,2038,76.00,.00,0.00050000,,0,.008300,TP-P-F,TOTAL PHOSPHOROUS FILTERED,MG/L,45.24389,-80.87444
201705002,2018-02-26 13:41:00,CCGS LIMNOS,GEORGIAN BAY,6,450401,-811513,19,53.73,2017-09-14 04:33:00,2038,1.00,.00,0.00050000,<,0,.000500,TP-P-F,TOTAL PHOSPHOROUS FILTERED,MG/L,45.06694,-81.25361
201705002,2018-02-26 13:41:00,CCGS LIMNOS,GEORGIAN BAY,7,445512,-805230,12,88.49,2017-09-14 07:17:00,2038,1.00,.00,0.00050000,<,0,.000500,TP-P-F,TOTAL PHOSPHOROUS FILTERED,MG/L,44.92000,-80.87500
201705002,2018-02-26 13:41:00,CCGS LIMNOS,GEORGIAN BAY,8,445514,-803622,11,62.16,2017-09-14 09:18:00,2038,1.00,.00,0.00050000,,0,.001100,TP-P-F,TOTAL PHOSPHOROUS FILTERED,MG/L,44.92056,-80.60611
201705002,2018-02-26 13:41:00,CCGS LIMNOS,GEORGIAN BAY,9,444303,-805122,1,89.7,2017-09-14 11:41:00,2038,1.00,.00,0.00050000,,0,.000700,TP-P-F,TOTAL PHOSPHOROUS FILTERED,MG/L,44.71750,-80.85611
201705002,2018-02-26 13:41:00,CCGS LIMNOS,GEORGIAN BAY,9,444303,-805122,1,89.7,2017-09-14 11:41:00,2038,19.00,.00,0.00050000,,0,.000600,TP-P-F,TOTAL PHOSPHOROUS FILTERED,MG/L,44.71750,-80.85611
201705002,2018-02-26 13:41:00,CCGS LIMNOS,GEORGIAN BAY,9,444303,-805122,1,89.7,2017-09-14 11:41:00,2038,25.00,.00,0.00050000,,0,.000600,TP-P-F,TOTAL PHOSPHOROUS FILTERED,MG/L,44.71750,-80.85611
201705002,2018-02-26 13:41:00,CCGS LIMNOS,GEORGIAN BAY,9,444303,-805122,1,89.7,2017-09-14 11:41:00,2038,34.00,.00,0.00050000,,0,.000500,TP-P-F,TOTAL PHOSPHOROUS FILTERED,MG/L,44.71750,-80.85611
201705002,2018-02-26 13:41:00,CCGS LIMNOS,GEORGIAN BAY,9,444303,-805122,1,89.7,2017-09-14 11:41:00,2038,80.00,.00,0.00050000,,0,.000600,TP-P-F,TOTAL PHOSPHOROUS FILTERED,MG/L,44.71750,-80.85611
201705002,2018-02-26 13:41:00,CCGS LIMNOS,GEORGIAN BAY,9,444303,-805122,1,89.7,2017-09-14 11:41:00,2038,88.00,.00,0.00050000,,0,.000600,TP-P-F,TOTAL PHOSPHOROUS FILTERED,MG/L,44.71750,-80.85611
201705002,2018-02-26 13:41:00,CCGS LIMNOS,GEORGIAN BAY,10,444329,-803701,3,34.36,2017-09-14 13:46:00,2038,1.00,.00,0.00050000,,0,.001400,TP-P-F,TOTAL PHOSPHOROUS FILTERED,MG/L,44.72472,-80.61694
201705002,2018-02-26 13:41:00,CCGS LIMNOS,GEORGIAN BAY,10,444329,-803701,3,34.36,2017-09-14 13:46:00,2038,1.00,.00,0.00050000,,1,.001300,TP-P-F,TOTAL PHOSPHOROUS FILTERED,MG/L,44.72472,-80.61694
201705002,2018-02-26 13:41:00,CCGS LIMNOS,GEORGIAN BAY,10,444329,-803701,3,34.36,2017-09-14 13:46:00,2038,998.00,.00,0.00050000,<,0,.000500,TP-P-F,TOTAL PHOSPHOROUS FILTERED,MG/L,44.72472,-80.61694
201705002,2018-02-26 13:41:00,CCGS LIMNOS,GEORGIAN BAY,10,444329,-803701,3,34.36,2017-09-14 13:46:00,2038,999.00,.00,0.00050000,<,0,.000500,TP-P-F,TOTAL PHOSPHOROUS FILTERED,MG/L,44.72472,-80.61694
201705002,2018-02-26 13:41:00,CCGS LIMNOS,GEORGIAN BAY,11,444411,-802606,6,87.05,2017-09-14 15:18:00,2038,1.00,.00,0.00050000,,0,.000600,TP-P-F,TOTAL PHOSPHOROUS FILTERED,MG/L,44.73639,-80.43500
201705002,2018-02-26 13:41:00,CCGS LIMNOS,GEORGIAN BAY,12,444746,-801436,5,58.89,2017-09-14 17:16:00,2038,1.00,.00,0.00050000,<,0,.000500,TP-P-F,TOTAL PHOSPHOROUS FILTERED,MG/L,44.79611,-80.24333
201705002,2018-02-26 13:41:00,CCGS LIMNOS,GEORGIAN BAY,13,443844,-801002,4,57.57,2017-09-14 19:38:00,2038,1.00,.00,0.00050000,,0,.000700,TP-P-F,TOTAL PHOSPHOROUS FILTERED,MG/L,44.64556,-80.16722
201705002,2018-02-26 13:41:00,CCGS LIMNOS,GEORGIAN BAY,13,443844,-801002,4,57.57,2017-09-14 19:38:00,2038,20.00,.00,0.00050000,,0,.000900,TP-P-F,TOTAL PHOSPHOROUS FILTERED,MG/L,44.64556,-80.16722
201705002,2018-02-26 13:41:00,CCGS LIMNOS,GEORGIAN BAY,13,443844,-801002,4,57.57,2017-09-14 19:38:00,2038,27.00,.00,0.00050000,,0,.000700,TP-P-F,TOTAL PHOSPHOROUS FILTERED,MG/L,44.64556,-80.16722
201705002,2018-02-26 13:41:00,CCGS LIMNOS,GEORGIAN BAY,13,443844,-801002,4,57.57,2017-09-14 19:38:00,2038,41.00,.00,0.00050000,,0,.001600,TP-P-F,TOTAL PHOSPHOROUS FILTERED,MG/L,44.64556,-80.16722
201705002,2018-02-26 13:41:00,CCGS LIMNOS,GEORGIAN BAY,13,443844,-801002,4,57.57,2017-09-14 19:38:00,2038,47.00,.00,0.00050000,,0,.001000,TP-P-F,TOTAL PHOSPHOROUS FILTERED,MG/L,44.64556,-80.16722
201705002,2018-02-26 13:41:00,CCGS LIMNOS,GEORGIAN BAY,13,443844,-801002,4,57.57,2017-09-14 19:38:00,2038,55.00,.00,0.00050000,,0,.001100,TP-P-F,TOTAL PHOSPHOROUS FILTERED,MG/L,44.64556,-80.16722
201705002,2018-02-26 13:41:00,CCGS LIMNOS,GEORGIAN BAY,14,445216,-795809,9,30.11,2017-09-15 00:22:00,2038,1.00,.00,0.00050000,,0,.001700,TP-P-F,TOTAL PHOSPHOROUS FILTERED,MG/L,44.87111,-79.96917
201705002,2018-02-26 13:41:00,CCGS LIMNOS,GEORGIAN BAY,14,445216,-795809,9,30.11,2017-09-15 00:22:00,2038,20.00,.00,0.00050000,,0,.001100,TP-P-F,TOTAL PHOSPHOROUS FILTERED,MG/L,44.87111,-79.96917
201705002,2018-02-26 13:41:00,CCGS LIMNOS,GEORGIAN BAY,14,445216,-795809,9,30.11,2017-09-15 00:22:00,2038,28.00,.00,0.00050000,,0,.001200,TP-P-F,TOTAL PHOSPHOROUS FILTERED,MG/L,44.87111,-79.96917
201705002,2018-02-26 13:41:00,CCGS LIMNOS,GEORGIAN BAY,15,445709,-800856,8,50.79,2017-09-15 02:47:00,2038,1.00,.00,0.00050000,,0,.000900,TP-P-F,TOTAL PHOSPHOROUS FILTERED,MG/L,44.95250,-80.14889
201705002,2018-02-26 13:41:00,CCGS LIMNOS,GEORGIAN BAY,15,445709,-800856,8,50.79,2017-09-15 02:47:00,2038,1.00,.00,0.00050000,,1,.000900,TP-P-F,TOTAL PHOSPHOROUS FILTERED,MG/L,44.95250,-80.14889
201705002,2018-02-26 13:41:00,CCGS LIMNOS,GEORGIAN BAY,16,450959,-801749,15,46.62,2017-09-15 05:51:00,2038,1.00,.00,0.00050000,,0,.001000,TP-P-F,TOTAL PHOSPHOROUS FILTERED,MG/L,45.16639,-80.29694
201705002,2018-02-26 13:41:00,CCGS LIMNOS,GEORGIAN BAY,17,452112,-802908,16,19.01,2017-09-15 09:06:00,2038,1.00,.00,0.00050000,,0,.000900,TP-P-F,TOTAL PHOSPHOROUS FILTERED,MG/L,45.35333,-80.48556
201705002,2018-02-26 13:41:00,CCGS LIMNOS,GEORGIAN BAY,18,451930,-800658,122,94.89,2017-09-15 12:02:00,2038,1.00,.00,0.00050000,,0,.002300,TP-P-F,TOTAL PHOSPHOROUS FILTERED,MG/L,45.32500,-80.11611
201705002,2018-02-26 13:41:00,CCGS LIMNOS,GEORGIAN BAY,19,453456,-810459,29,42.78,2017-09-16 15:55:00,2038,1.00,.00,0.00050000,,0,.001200,TP-P-F,TOTAL PHOSPHOROUS FILTERED,MG/L,45.58222,-81.08306
201705002,2018-02-26 13:41:00,CCGS LIMNOS,GEORGIAN BAY,19,453456,-810459,29,42.78,2017-09-16 15:55:00,2038,16.00,.00,0.00050000,,0,.001200,TP-P-F,TOTAL PHOSPHOROUS FILTERED,MG/L,45.58222,-81.08306
201705002,2018-02-26 13:41:00,CCGS LIMNOS,GEORGIAN BAY,19,453456,-810459,29,42.78,2017-09-16 15:55:00,2038,21.00,.00,0.00050000,,0,.001300,TP-P-F,TOTAL PHOSPHOROUS FILTERED,MG/L,45.58222,-81.08306
201705002,2018-02-26 13:41:00,CCGS LIMNOS,GEORGIAN BAY,19,453456,-810459,29,42.78,2017-09-16 15:55:00,2038,26.00,.00,0.00050000,,0,.025800,TP-P-F,TOTAL PHOSPHOROUS FILTERED,MG/L,45.58222,-81.08306
201705002,2018-02-26 13:41:00,CCGS LIMNOS,GEORGIAN BAY,19,453456,-810459,29,42.78,2017-09-16 15:55:00,2038,32.00,.00,0.00050000,,0,.001700,TP-P-F,TOTAL PHOSPHOROUS FILTERED,MG/L,45.58222,-81.08306
201705002,2018-02-26 13:41:00,CCGS LIMNOS,GEORGIAN BAY,19,453456,-810459,29,42.78,2017-09-16 15:55:00,2038,40.00,.00,0.00050000,,0,.001300,TP-P-F,TOTAL PHOSPHOROUS FILTERED,MG/L,45.58222,-81.08306
201705002,2018-02-26 13:41:00,CCGS LIMNOS,GEORGIAN BAY,20,454042,-805022,24,40.01,2017-09-16 18:12:00,2038,1.00,.00,0.00050000,,0,.001300,TP-P-F,TOTAL PHOSPHOROUS FILTERED,MG/L,45.67833,-80.83944
201705002,2018-02-26 13:41:00,CCGS LIMNOS,GEORGIAN BAY,20,454042,-805022,24,40.01,2017-09-16 18:12:00,2038,1.00,.00,0.00050000,,1,.001000,TP-P-F,TOTAL PHOSPHOROUS FILTERED,MG/L,45.67833,-80.83944
201705002,2018-02-26 13:41:00,CCGS LIMNOS,GEORGIAN BAY,20,454042,-805022,24,40.01,2017-09-16 18:12:00,2038,998.00,.00,0.00050000,,0,.000500,TP-P-F,TOTAL PHOSPHOROUS FILTERED,MG/L,45.67833,-80.83944
201705002,2018-02-26 13:41:00,CCGS LIMNOS,GEORGIAN BAY,20,454042,-805022,24,40.01,2017-09-16 18:12:00,2038,999.00,.00,0.00050000,<,0,.000500,TP-P-F,TOTAL PHOSPHOROUS FILTERED,MG/L,45.67833,-80.83944
201705002,2018-02-26 13:41:00,CCGS LIMNOS,GEORGIAN BAY,21,455000,-805357,26,20.11,2017-09-16 20:13:00,2038,1.00,.00,0.00050000,,0,.001400,TP-P-F,TOTAL PHOSPHOROUS FILTERED,MG/L,45.83333,-80.89917
201705002,2018-02-26 13:41:00,CCGS LIMNOS,GEORGIAN BAY,22,455156,-805957,27,17.72,2017-09-16 21:23:00,2038,1.00,.00,0.00050000,,0,.000900,TP-P-F,TOTAL PHOSPHOROUS FILTERED,MG/L,45.86556,-80.99917
201705002,2018-02-26 13:41:00,CCGS LIMNOS,GEORGIAN BAY,22,455156,-805957,27,17.72,2017-09-16 21:23:00,2038,8.00,.00,0.00050000,,0,.001600,TP-P-F,TOTAL PHOSPHOROUS FILTERED,MG/L,45.86556,-80.99917
201705002,2018-02-26 13:41:00,CCGS LIMNOS,GEORGIAN BAY,22,455156,-805957,27,17.72,2017-09-16 21:23:00,2038,15.00,.00,0.00050000,,0,.001700,TP-P-F,TOTAL PHOSPHOROUS FILTERED,MG/L,45.86556,-80.99917
201705002,2018-02-26 13:41:00,CCGS LIMNOS,GEORGIAN BAY,23,455223,-811531,39,28.28,2017-09-16 23:25:00,2038,1.00,.00,0.00050000,,0,.001200,TP-P-F,TOTAL PHOSPHOROUS FILTERED,MG/L,45.87306,-81.25861
201705002,2018-02-26 13:41:00,CCGS LIMNOS,GEORGIAN BAY,24,454230,-813710,36,52.89,2017-09-17 02:19:00,2038,1.00,.00,0.00050000,,0,.001400,TP-P-F,TOTAL PHOSPHOROUS FILTERED,MG/L,45.70833,-81.61944
201705002,2018-02-26 13:41:00,CCGS LIMNOS,GEORGIAN BAY,25,455445,-813539,42,29.5,2017-09-17 05:24:00,2038,1.00,.00,0.00050000,,0,.001700,TP-P-F,TOTAL PHOSPHOROUS FILTERED,MG/L,45.91250,-81.59417
201705002,2018-02-26 13:41:00,CCGS LIMNOS,GEORGIAN BAY,25,455445,-813539,42,29.5,2017-09-17 05:24:00,2038,1.00,.00,0.00050000,,1,.001400,TP-P-F,TOTAL PHOSPHOROUS FILTERED,MG/L,45.91250,-81.59417
201705002,2018-02-26 13:41:00,CCGS LIMNOS,GEORGIAN BAY,25,455445,-813539,42,29.5,2017-09-17 05:24:00,2038,19.00,.00,0.00050000,<,0,.000500,TP-P-F,TOTAL PHOSPHOROUS FILTERED,MG/L,45.91250,-81.59417
201705002,2018-02-26 13:41:00,CCGS LIMNOS,GEORGIAN BAY,25,455445,-813539,42,29.5,2017-09-17 05:24:00,2038,22.00,.00,0.00050000,<,0,.000500,TP-P-F,TOTAL PHOSPHOROUS FILTERED,MG/L,45.91250,-81.59417
201705002,2018-02-26 13:41:00,CCGS LIMNOS,GEORGIAN BAY,26,454546,-814745,46,19.2,2017-09-17 09:00:00,2038,1.00,.00,0.00050000,,0,.000700,TP-P-F,TOTAL PHOSPHOROUS FILTERED,MG/L,45.76278,-81.79583
201705001,2018-02-28 15:06:00,CCGS LIMNOS,GEORGIAN BAY,1,454543,-814744,46,18.30,2017-05-21 12:28:00,2042,1.00,.00,0.01000000,,0,24.200000,CA-F,CALCIUM,MG/L,45.76194,-81.79556
201705001,2018-02-28 15:06:00,CCGS LIMNOS,GEORGIAN BAY,2,455445,-813545,42,20.00,2017-05-21 14:33:00,2042,1.00,.00,0.01000000,,0,23.700000,CA-F,CALCIUM,MG/L,45.91250,-81.59583
201705001,2018-02-28 15:06:00,CCGS LIMNOS,GEORGIAN BAY,2,455445,-813545,42,20.00,2017-05-21 14:33:00,2042,10.00,.00,0.01000000,,0,23.900000,CA-F,CALCIUM,MG/L,45.91250,-81.59583
201705001,2018-02-28 15:06:00,CCGS LIMNOS,GEORGIAN BAY,2,455445,-813545,42,20.00,2017-05-21 14:33:00,2042,18.00,.00,0.01000000,,0,23.800000,CA-F,CALCIUM,MG/L,45.91250,-81.59583
201705001,2018-02-28 15:06:00,CCGS LIMNOS,GEORGIAN BAY,3,455226,-811533,39,27.50,2017-05-21 17:07:00,2042,1.00,.00,0.01000000,,0,23.500000,CA-F,CALCIUM,MG/L,45.87389,-81.25917
201705001,2018-02-28 15:06:00,CCGS LIMNOS,GEORGIAN BAY,4,455158,-810004,27,16.00,2017-05-21 18:42:00,2042,1.00,.00,0.01000000,,0,19.500000,CA-F,CALCIUM,MG/L,45.86611,-81.00111
201705001,2018-02-28 15:06:00,CCGS LIMNOS,GEORGIAN BAY,4,455158,-810004,27,16.00,2017-05-21 18:42:00,2042,14.00,.00,0.01000000,,0,19.200000,CA-F,CALCIUM,MG/L,45.86611,-81.00111
201705001,2018-02-28 15:06:00,CCGS LIMNOS,GEORGIAN BAY,5,454957,-805402,26,20.52,2017-05-21 20:08:00,2042,1.00,.00,0.01000000,,0,21.600000,CA-F,CALCIUM,MG/L,45.83250,-80.90056
201705001,2018-02-28 15:06:00,CCGS LIMNOS,GEORGIAN BAY,5,454957,-805402,26,20.52,2017-05-21 20:08:00,2042,1.00,.00,0.01000000,,1,21.700000,CA-F,CALCIUM,MG/L,45.83250,-80.90056
201705001,2018-02-28 15:06:00,CCGS LIMNOS,GEORGIAN BAY,6,454045,-805024,24,39.70,2017-05-21 21:46:00,2042,1.00,.00,0.01000000,,0,25.000000,CA-F,CALCIUM,MG/L,45.67917,-80.84000
201705001,2018-02-28 15:06:00,CCGS LIMNOS,GEORGIAN BAY,7,453504,-810454,29,41.90,2017-05-21 23:25:00,2042,1.00,.00,0.01000000,,0,25.100000,CA-F,CALCIUM,MG/L,45.58444,-81.08167
201705001,2018-02-28 15:06:00,CCGS LIMNOS,GEORGIAN BAY,7,453504,-810454,29,41.90,2017-05-21 23:25:00,2042,32.00,.00,0.01000000,,0,24.600000,CA-F,CALCIUM,MG/L,45.58444,-81.08167
201705001,2018-02-28 15:06:00,CCGS LIMNOS,GEORGIAN BAY,7,453504,-810454,29,41.90,2017-05-21 23:25:00,2042,40.00,.00,0.01000000,,0,24.500000,CA-F,CALCIUM,MG/L,45.58444,-81.08167
201705001,2018-02-28 15:06:00,CCGS LIMNOS,GEORGIAN BAY,8,452154,-811120,21,86.27,2017-05-22 02:06:00,2042,1.00,.00,0.01000000,,0,24.400000,CA-F,CALCIUM,MG/L,45.36500,-81.18889
201705001,2018-02-28 15:06:00,CCGS LIMNOS,GEORGIAN BAY,9,451442,-805229,17,77.50,2017-05-22 04:32:00,2042,1.00,.00,0.01000000,,0,24.400000,CA-F,CALCIUM,MG/L,45.24500,-80.87472
201705001,2018-02-28 15:06:00,CCGS LIMNOS,GEORGIAN BAY,9,451442,-805229,17,77.50,2017-05-22 04:32:00,2042,50.00,.00,0.01000000,,0,24.300000,CA-F,CALCIUM,MG/L,45.24500,-80.87472
201705001,2018-02-28 15:06:00,CCGS LIMNOS,GEORGIAN BAY,9,451442,-805229,17,77.50,2017-05-22 04:32:00,2042,67.00,.00,0.01000000,,0,24.300000,CA-F,CALCIUM,MG/L,45.24500,-80.87472
201705001,2018-02-28 15:06:00,CCGS LIMNOS,GEORGIAN BAY,9,451442,-805229,17,77.50,2017-05-22 04:32:00,2042,75.00,.00,0.01000000,,0,24.200000,CA-F,CALCIUM,MG/L,45.24500,-80.87472
201705001,2018-02-28 15:06:00,CCGS LIMNOS,GEORGIAN BAY,10,452113,-802912,16,18.38,2017-05-22 14:25:00,2042,1.00,.00,0.01000000,,0,23.900000,CA-F,CALCIUM,MG/L,45.35361,-80.48667
201705001,2018-02-28 15:06:00,CCGS LIMNOS,GEORGIAN BAY,10,452113,-802912,16,18.38,2017-05-22 14:25:00,2042,1.00,.00,0.01000000,,1,23.900000,CA-F,CALCIUM,MG/L,45.35361,-80.48667
201705001,2018-02-28 15:06:00,CCGS LIMNOS,GEORGIAN BAY,10,452113,-802912,16,18.38,2017-05-22 14:25:00,2042,998.00,.00,0.01000000,,0,.020000,CA-F,CALCIUM,MG/L,45.35361,-80.48667
201705001,2018-02-28 15:06:00,CCGS LIMNOS,GEORGIAN BAY,10,452113,-802912,16,18.38,2017-05-22 14:25:00,2042,999.00,.00,0.01000000,<,0,.010000,CA-F,CALCIUM,MG/L,45.35361,-80.48667
201705001,2018-02-28 15:06:00,CCGS LIMNOS,GEORGIAN BAY,11,451928,-800703,122,94.00,2017-05-22 16:41:00,2042,1.00,.00,0.01000000,,0,13.100000,CA-F,CALCIUM,MG/L,45.32444,-80.11750
201705001,2018-02-28 15:06:00,CCGS LIMNOS,GEORGIAN BAY,12,451001,-801748,15,44.50,2017-05-22 22:41:00,2042,1.00,.00,0.01000000,,0,23.000000,CA-F,CALCIUM,MG/L,45.16694,-80.29667
201705001,2018-02-28 15:06:00,CCGS LIMNOS,GEORGIAN BAY,13,445711,-800859,8,50.57,2017-05-23 00:40:00,2042,1.00,.00,0.01000000,,0,23.800000,CA-F,CALCIUM,MG/L,44.95306,-80.14972
201705001,2018-02-28 15:06:00,CCGS LIMNOS,GEORGIAN BAY,14,445219,-795801,9,28.89,2017-05-23 02:10:00,2042,1.00,.00,0.01000000,,0,20.900000,CA-F,CALCIUM,MG/L,44.87194,-79.96694
201705001,2018-02-28 15:06:00,CCGS LIMNOS,GEORGIAN BAY,14,445219,-795801,9,28.89,2017-05-23 02:10:00,2042,18.00,.00,0.01000000,,0,22.800000,CA-F,CALCIUM,MG/L,44.87194,-79.96694
201705001,2018-02-28 15:06:00,CCGS LIMNOS,GEORGIAN BAY,14,445219,-795801,9,28.89,2017-05-23 02:10:00,2042,26.00,.00,0.01000000,,0,23.000000,CA-F,CALCIUM,MG/L,44.87194,-79.96694
201705001,2018-02-28 15:06:00,CCGS LIMNOS,GEORGIAN BAY,15,444749,-801440,5,57.50,2017-05-23 05:03:00,2042,1.00,.00,0.01000000,,0,27.400000,CA-F,CALCIUM,MG/L,44.79694,-80.24444
201705001,2018-02-28 15:06:00,CCGS LIMNOS,GEORGIAN BAY,15,444749,-801440,5,57.50,2017-05-23 05:03:00,2042,1.00,.00,0.01000000,,1,27.600000,CA-F,CALCIUM,MG/L,44.79694,-80.24444
201705001,2018-02-28 15:06:00,CCGS LIMNOS,GEORGIAN BAY,16,443847,-801004,4,58.00,2017-05-23 06:33:00,2042,1.00,.00,0.01000000,,0,25.600000,CA-F,CALCIUM,MG/L,44.64639,-80.16778
201705001,2018-02-28 15:06:00,CCGS LIMNOS,GEORGIAN BAY,16,443847,-801004,4,58.00,2017-05-23 06:33:00,2042,48.00,.00,0.01000000,,0,25.200000,CA-F,CALCIUM,MG/L,44.64639,-80.16778
201705001,2018-02-28 15:06:00,CCGS LIMNOS,GEORGIAN BAY,16,443847,-801004,4,58.00,2017-05-23 06:33:00,2042,56.00,.00,0.01000000,,0,25.200000,CA-F,CALCIUM,MG/L,44.64639,-80.16778
201705001,2018-02-28 15:06:00,CCGS LIMNOS,GEORGIAN BAY,17,444414,-802604,6,85.93,2017-05-23 09:11:00,2042,1.00,.00,0.01000000,,0,24.900000,CA-F,CALCIUM,MG/L,44.73722,-80.43444
201705001,2018-02-28 15:06:00,CCGS LIMNOS,GEORGIAN BAY,18,444330,-803656,3,34.05,2017-05-23 10:38:00,2042,1.00,.00,0.01000000,,0,24.800000,CA-F,CALCIUM,MG/L,44.72500,-80.61556
201705001,2018-02-28 15:06:00,CCGS LIMNOS,GEORGIAN BAY,19,444306,-805120,1,89.30,2017-05-23 13:17:00,2042,1.00,.00,0.01000000,,0,25.100000,CA-F,CALCIUM,MG/L,44.71833,-80.85556
201705001,2018-02-28 15:06:00,CCGS LIMNOS,GEORGIAN BAY,19,444306,-805120,1,89.30,2017-05-23 13:17:00,2042,50.00,.00,0.01000000,,0,25.000000,CA-F,CALCIUM,MG/L,44.71833,-80.85556
201705001,2018-02-28 15:06:00,CCGS LIMNOS,GEORGIAN BAY,19,444306,-805120,1,89.30,2017-05-23 13:17:00,2042,79.00,.00,0.01000000,,0,24.900000,CA-F,CALCIUM,MG/L,44.71833,-80.85556
201705001,2018-02-28 15:06:00,CCGS LIMNOS,GEORGIAN BAY,19,444306,-805120,1,89.30,2017-05-23 13:17:00,2042,87.00,.00,0.01000000,,0,25.100000,CA-F,CALCIUM,MG/L,44.71833,-80.85556
201705001,2018-02-28 15:06:00,CCGS LIMNOS,GEORGIAN BAY,20,445513,-803624,11,61.50,2017-05-23 17:16:00,2042,1.00,.00,0.01000000,,0,24.700000,CA-F,CALCIUM,MG/L,44.92028,-80.60667
201705001,2018-02-28 15:06:00,CCGS LIMNOS,GEORGIAN BAY,20,445513,-803624,11,61.50,2017-05-23 17:16:00,2042,1.00,.00,0.01000000,,1,24.800000,CA-F,CALCIUM,MG/L,44.92028,-80.60667
201705001,2018-02-28 15:06:00,CCGS LIMNOS,GEORGIAN BAY,20,445513,-803624,11,61.50,2017-05-23 17:16:00,2042,998.00,.00,0.01000000,,0,.020000,CA-F,CALCIUM,MG/L,44.92028,-80.60667
201705001,2018-02-28 15:06:00,CCGS LIMNOS,GEORGIAN BAY,20,445513,-803624,11,61.50,2017-05-23 17:16:00,2042,999.00,.00,0.01000000,<,0,.010000,CA-F,CALCIUM,MG/L,44.92028,-80.60667
201705001,2018-02-28 15:06:00,CCGS LIMNOS,GEORGIAN BAY,21,445512,-805224,12,87.90,2017-05-23 19:27:00,2042,1.00,.00,0.01000000,,0,24.900000,CA-F,CALCIUM,MG/L,44.92000,-80.87333
201705001,2018-02-28 15:06:00,CCGS LIMNOS,GEORGIAN BAY,22,450359,-811508,19,53.41,2017-05-23 22:43:00,2042,1.00,.00,0.01000000,,0,24.800000,CA-F,CALCIUM,MG/L,45.06639,-81.25222
201705001,2018-02-28 15:06:00,CCGS LIMNOS,GEORGIAN BAY,23,451421,-812625,31,71.68,2017-05-24 02:35:00,2042,1.00,.00,0.01000000,,0,25.200000,CA-F,CALCIUM,MG/L,45.23917,-81.44028
201705001,2018-02-28 15:06:00,CCGS LIMNOS,GEORGIAN BAY,24,452213,-813502,33,53.80,2017-05-24 04:03:00,2042,1.00,.00,0.01000000,,0,25.000000,CA-F,CALCIUM,MG/L,45.37028,-81.58389
201705001,2018-02-28 15:06:00,CCGS LIMNOS,GEORGIAN BAY,24,452213,-813502,33,53.80,2017-05-24 04:03:00,2042,43.00,.00,0.01000000,,0,24.900000,CA-F,CALCIUM,MG/L,45.37028,-81.58389
201705001,2018-02-28 15:06:00,CCGS LIMNOS,GEORGIAN BAY,24,452213,-813502,33,53.80,2017-05-24 04:03:00,2042,51.00,.00,0.01000000,,0,24.900000,CA-F,CALCIUM,MG/L,45.37028,-81.58389
201705002,2018-02-26 13:41:00,CCGS LIMNOS,GEORGIAN BAY,1,453140,-814010,35,35.29,2017-09-13 15:45:00,2042,1.00,.00,0.01000000,,0,23.600000,CA-F,CALCIUM,MG/L,45.52778,-81.66944
201705002,2018-02-26 13:41:00,CCGS LIMNOS,GEORGIAN BAY,2,452212,-813508,33,54.52,2017-09-13 17:29:00,2042,1.00,.00,0.01000000,,0,22.800000,CA-F,CALCIUM,MG/L,45.37000,-81.58556
201705002,2018-02-26 13:41:00,CCGS LIMNOS,GEORGIAN BAY,2,452212,-813508,33,54.52,2017-09-13 17:29:00,2042,12.00,.00,0.01000000,,0,23.300000,CA-F,CALCIUM,MG/L,45.37000,-81.58556
201705002,2018-02-26 13:41:00,CCGS LIMNOS,GEORGIAN BAY,2,452212,-813508,33,54.52,2017-09-13 17:29:00,2042,20.00,.00,0.01000000,,0,23.700000,CA-F,CALCIUM,MG/L,45.37000,-81.58556
201705002,2018-02-26 13:41:00,CCGS LIMNOS,GEORGIAN BAY,2,452212,-813508,33,54.52,2017-09-13 17:29:00,2042,30.00,.00,0.01000000,,0,23.900000,CA-F,CALCIUM,MG/L,45.37000,-81.58556
201705002,2018-02-26 13:41:00,CCGS LIMNOS,GEORGIAN BAY,2,452212,-813508,33,54.52,2017-09-13 17:29:00,2042,44.00,.00,0.01000000,,0,24.000000,CA-F,CALCIUM,MG/L,45.37000,-81.58556
201705002,2018-02-26 13:41:00,CCGS LIMNOS,GEORGIAN BAY,2,452212,-813508,33,54.52,2017-09-13 17:29:00,2042,52.00,.00,0.01000000,,0,23.800000,CA-F,CALCIUM,MG/L,45.37000,-81.58556
201705002,2018-02-26 13:41:00,CCGS LIMNOS,GEORGIAN BAY,3,451419,-812628,31,64.75,2017-09-13 19:30:00,2042,1.00,.00,0.01000000,,0,23.800000,CA-F,CALCIUM,MG/L,45.23861,-81.44111
201705002,2018-02-26 13:41:00,CCGS LIMNOS,GEORGIAN BAY,4,452154,-811124,21,86.36,2017-09-13 22:54:00,2042,1.00,.00,0.01000000,,0,23.600000,CA-F,CALCIUM,MG/L,45.36500,-81.19000
201705002,2018-02-26 13:41:00,CCGS LIMNOS,GEORGIAN BAY,5,451438,-805228,17,77.87,2017-09-14 01:23:00,2042,1.00,.00,0.01000000,,0,22.500000,CA-F,CALCIUM,MG/L,45.24389,-80.87444
201705002,2018-02-26 13:41:00,CCGS LIMNOS,GEORGIAN BAY,5,451438,-805228,17,77.87,2017-09-14 01:23:00,2042,1.00,.00,0.01000000,,1,22.400000,CA-F,CALCIUM,MG/L,45.24389,-80.87444
201705002,2018-02-26 13:41:00,CCGS LIMNOS,GEORGIAN BAY,5,451438,-805228,17,77.87,2017-09-14 01:23:00,2042,20.00,.00,0.01000000,,0,22.400000,CA-F,CALCIUM,MG/L,45.24389,-80.87444
201705002,2018-02-26 13:41:00,CCGS LIMNOS,GEORGIAN BAY,5,451438,-805228,17,77.87,2017-09-14 01:23:00,2042,27.00,.00,0.01000000,,0,23.600000,CA-F,CALCIUM,MG/L,45.24389,-80.87444
201705002,2018-02-26 13:41:00,CCGS LIMNOS,GEORGIAN BAY,5,451438,-805228,17,77.87,2017-09-14 01:23:00,2042,41.00,.00,0.01000000,,0,23.600000,CA-F,CALCIUM,MG/L,45.24389,-80.87444
201705002,2018-02-26 13:41:00,CCGS LIMNOS,GEORGIAN BAY,5,451438,-805228,17,77.87,2017-09-14 01:23:00,2042,68.00,.00,0.01000000,,0,23.500000,CA-F,CALCIUM,MG/L,45.24389,-80.87444
201705002,2018-02-26 13:41:00,CCGS LIMNOS,GEORGIAN BAY,5,451438,-805228,17,77.87,2017-09-14 01:23:00,2042,76.00,.00,0.01000000,,0,23.500000,CA-F,CALCIUM,MG/L,45.24389,-80.87444
201705002,2018-02-26 13:41:00,CCGS LIMNOS,GEORGIAN BAY,6,450401,-811513,19,53.73,2017-09-14 04:33:00,2042,1.00,.00,0.01000000,,0,23.200000,CA-F,CALCIUM,MG/L,45.06694,-81.25361
201705002,2018-02-26 13:41:00,CCGS LIMNOS,GEORGIAN BAY,7,445512,-805230,12,88.49,2017-09-14 07:17:00,2042,1.00,.00,0.01000000,,0,23.600000,CA-F,CALCIUM,MG/L,44.92000,-80.87500
201705002,2018-02-26 13:41:00,CCGS LIMNOS,GEORGIAN BAY,8,445514,-803622,11,62.16,2017-09-14 09:18:00,2042,1.00,.00,0.01000000,,0,23.700000,CA-F,CALCIUM,MG/L,44.92056,-80.60611
201705002,2018-02-26 13:41:00,CCGS LIMNOS,GEORGIAN BAY,9,444303,-805122,1,89.7,2017-09-14 11:41:00,2042,1.00,.00,0.01000000,,0,23.600000,CA-F,CALCIUM,MG/L,44.71750,-80.85611
201705002,2018-02-26 13:41:00,CCGS LIMNOS,GEORGIAN BAY,9,444303,-805122,1,89.7,2017-09-14 11:41:00,2042,19.00,.00,0.01000000,,0,23.600000,CA-F,CALCIUM,MG/L,44.71750,-80.85611
201705002,2018-02-26 13:41:00,CCGS LIMNOS,GEORGIAN BAY,9,444303,-805122,1,89.7,2017-09-14 11:41:00,2042,25.00,.00,0.01000000,,0,23.600000,CA-F,CALCIUM,MG/L,44.71750,-80.85611
201705002,2018-02-26 13:41:00,CCGS LIMNOS,GEORGIAN BAY,9,444303,-805122,1,89.7,2017-09-14 11:41:00,2042,34.00,.00,0.01000000,,0,23.600000,CA-F,CALCIUM,MG/L,44.71750,-80.85611
201705002,2018-02-26 13:41:00,CCGS LIMNOS,GEORGIAN BAY,9,444303,-805122,1,89.7,2017-09-14 11:41:00,2042,80.00,.00,0.01000000,,0,23.600000,CA-F,CALCIUM,MG/L,44.71750,-80.85611
201705002,2018-02-26 13:41:00,CCGS LIMNOS,GEORGIAN BAY,9,444303,-805122,1,89.7,2017-09-14 11:41:00,2042,88.00,.00,0.01000000,,0,23.700000,CA-F,CALCIUM,MG/L,44.71750,-80.85611
201705002,2018-02-26 13:41:00,CCGS LIMNOS,GEORGIAN BAY,10,444329,-803701,3,34.36,2017-09-14 13:46:00,2042,1.00,.00,0.01000000,,0,23.400000,CA-F,CALCIUM,MG/L,44.72472,-80.61694
201705002,2018-02-26 13:41:00,CCGS LIMNOS,GEORGIAN BAY,10,444329,-803701,3,34.36,2017-09-14 13:46:00,2042,1.00,.00,0.01000000,,1,23.600000,CA-F,CALCIUM,MG/L,44.72472,-80.61694
201705002,2018-02-26 13:41:00,CCGS LIMNOS,GEORGIAN BAY,10,444329,-803701,3,34.36,2017-09-14 13:46:00,2042,998.00,.00,0.01000000,,0,.020000,CA-F,CALCIUM,MG/L,44.72472,-80.61694
201705002,2018-02-26 13:41:00,CCGS LIMNOS,GEORGIAN BAY,10,444329,-803701,3,34.36,2017-09-14 13:46:00,2042,999.00,.00,0.01000000,<,0,.010000,CA-F,CALCIUM,MG/L,44.72472,-80.61694
201705002,2018-02-26 13:41:00,CCGS LIMNOS,GEORGIAN BAY,11,444411,-802606,6,87.05,2017-09-14 15:18:00,2042,1.00,.00,0.01000000,,0,23.800000,CA-F,CALCIUM,MG/L,44.73639,-80.43500
201705002,2018-02-26 13:41:00,CCGS LIMNOS,GEORGIAN BAY,12,444746,-801436,5,58.89,2017-09-14 17:16:00,2042,1.00,.00,0.01000000,,0,23.900000,CA-F,CALCIUM,MG/L,44.79611,-80.24333
201705002,2018-02-26 13:41:00,CCGS LIMNOS,GEORGIAN BAY,13,443844,-801002,4,57.57,2017-09-14 19:38:00,2042,1.00,.00,0.01000000,,0,23.900000,CA-F,CALCIUM,MG/L,44.64556,-80.16722
201705002,2018-02-26 13:41:00,CCGS LIMNOS,GEORGIAN BAY,13,443844,-801002,4,57.57,2017-09-14 19:38:00,2042,20.00,.00,0.01000000,,0,23.900000,CA-F,CALCIUM,MG/L,44.64556,-80.16722
201705002,2018-02-26 13:41:00,CCGS LIMNOS,GEORGIAN BAY,13,443844,-801002,4,57.57,2017-09-14 19:38:00,2042,27.00,.00,0.01000000,,0,24.000000,CA-F,CALCIUM,MG/L,44.64556,-80.16722
201705002,2018-02-26 13:41:00,CCGS LIMNOS,GEORGIAN BAY,13,443844,-801002,4,57.57,2017-09-14 19:38:00,2042,41.00,.00,0.01000000,,0,24.500000,CA-F,CALCIUM,MG/L,44.64556,-80.16722
201705002,2018-02-26 13:41:00,CCGS LIMNOS,GEORGIAN BAY,13,443844,-801002,4,57.57,2017-09-14 19:38:00,2042,47.00,.00,0.01000000,,0,24.200000,CA-F,CALCIUM,MG/L,44.64556,-80.16722
201705002,2018-02-26 13:41:00,CCGS LIMNOS,GEORGIAN BAY,13,443844,-801002,4,57.57,2017-09-14 19:38:00,2042,55.00,.00,0.01000000,,0,24.100000,CA-F,CALCIUM,MG/L,44.64556,-80.16722
201705002,2018-02-26 13:41:00,CCGS LIMNOS,GEORGIAN BAY,14,445216,-795809,9,30.11,2017-09-15 00:22:00,2042,1.00,.00,0.01000000,,0,22.000000,CA-F,CALCIUM,MG/L,44.87111,-79.96917
201705002,2018-02-26 13:41:00,CCGS LIMNOS,GEORGIAN BAY,14,445216,-795809,9,30.11,2017-09-15 00:22:00,2042,20.00,.00,0.01000000,,0,22.900000,CA-F,CALCIUM,MG/L,44.87111,-79.96917
201705002,2018-02-26 13:41:00,CCGS LIMNOS,GEORGIAN BAY,14,445216,-795809,9,30.11,2017-09-15 00:22:00,2042,28.00,.00,0.01000000,,0,23.700000,CA-F,CALCIUM,MG/L,44.87111,-79.96917
201705002,2018-02-26 13:41:00,CCGS LIMNOS,GEORGIAN BAY,15,445709,-800856,8,50.79,2017-09-15 02:47:00,2042,1.00,.00,0.01000000,,0,23.800000,CA-F,CALCIUM,MG/L,44.95250,-80.14889
201705002,2018-02-26 13:41:00,CCGS LIMNOS,GEORGIAN BAY,15,445709,-800856,8,50.79,2017-09-15 02:47:00,2042,1.00,.00,0.01000000,,1,23.800000,CA-F,CALCIUM,MG/L,44.95250,-80.14889
201705002,2018-02-26 13:41:00,CCGS LIMNOS,GEORGIAN BAY,16,450959,-801749,15,46.62,2017-09-15 05:51:00,2042,1.00,.00,0.01000000,,0,23.700000,CA-F,CALCIUM,MG/L,45.16639,-80.29694
201705002,2018-02-26 13:41:00,CCGS LIMNOS,GEORGIAN BAY,17,452112,-802908,16,19.01,2017-09-15 09:06:00,2042,1.00,.00,0.01000000,,0,23.700000,CA-F,CALCIUM,MG/L,45.35333,-80.48556
201705002,2018-02-26 13:41:00,CCGS LIMNOS,GEORGIAN BAY,18,451930,-800658,122,94.89,2017-09-15 12:02:00,2042,1.00,.00,0.01000000,,0,14.800000,CA-F,CALCIUM,MG/L,45.32500,-80.11611
201705002,2018-02-26 13:41:00,CCGS LIMNOS,GEORGIAN BAY,19,453456,-810459,29,42.78,2017-09-16 15:55:00,2042,1.00,.00,0.01000000,,0,23.600000,CA-F,CALCIUM,MG/L,45.58222,-81.08306
201705002,2018-02-26 13:41:00,CCGS LIMNOS,GEORGIAN BAY,19,453456,-810459,29,42.78,2017-09-16 15:55:00,2042,16.00,.00,0.01000000,,0,23.800000,CA-F,CALCIUM,MG/L,45.58222,-81.08306
201705002,2018-02-26 13:41:00,CCGS LIMNOS,GEORGIAN BAY,19,453456,-810459,29,42.78,2017-09-16 15:55:00,2042,21.00,.00,0.01000000,,0,24.100000,CA-F,CALCIUM,MG/L,45.58222,-81.08306
201705002,2018-02-26 13:41:00,CCGS LIMNOS,GEORGIAN BAY,19,453456,-810459,29,42.78,2017-09-16 15:55:00,2042,26.00,.00,0.01000000,,0,23.900000,CA-F,CALCIUM,MG/L,45.58222,-81.08306
201705002,2018-02-26 13:41:00,CCGS LIMNOS,GEORGIAN BAY,19,453456,-810459,29,42.78,2017-09-16 15:55:00,2042,32.00,.00,0.01000000,,0,24.000000,CA-F,CALCIUM,MG/L,45.58222,-81.08306
201705002,2018-02-26 13:41:00,CCGS LIMNOS,GEORGIAN BAY,19,453456,-810459,29,42.78,2017-09-16 15:55:00,2042,40.00,.00,0.01000000,,0,23.900000,CA-F,CALCIUM,MG/L,45.58222,-81.08306
201705002,2018-02-26 13:41:00,CCGS LIMNOS,GEORGIAN BAY,20,454042,-805022,24,40.01,2017-09-16 18:12:00,2042,1.00,.00,0.01000000,,0,22.900000,CA-F,CALCIUM,MG/L,45.67833,-80.83944
201705002,2018-02-26 13:41:00,CCGS LIMNOS,GEORGIAN BAY,20,454042,-805022,24,40.01,2017-09-16 18:12:00,2042,1.00,.00,0.01000000,,1,22.800000,CA-F,CALCIUM,MG/L,45.67833,-80.83944
201705002,2018-02-26 13:41:00,CCGS LIMNOS,GEORGIAN BAY,20,454042,-805022,24,40.01,2017-09-16 18:12:00,2042,998.00,.00,0.01000000,,0,.040000,CA-F,CALCIUM,MG/L,45.67833,-80.83944
201705002,2018-02-26 13:41:00,CCGS LIMNOS,GEORGIAN BAY,20,454042,-805022,24,40.01,2017-09-16 18:12:00,2042,999.00,.00,0.01000000,<,0,.010000,CA-F,CALCIUM,MG/L,45.67833,-80.83944
201705002,2018-02-26 13:41:00,CCGS LIMNOS,GEORGIAN BAY,21,455000,-805357,26,20.11,2017-09-16 20:13:00,2042,1.00,.00,0.01000000,,0,21.600000,CA-F,CALCIUM,MG/L,45.83333,-80.89917
201705002,2018-02-26 13:41:00,CCGS LIMNOS,GEORGIAN BAY,22,455156,-805957,27,17.72,2017-09-16 21:23:00,2042,1.00,.00,0.01000000,,0,22.600000,CA-F,CALCIUM,MG/L,45.86556,-80.99917
201705002,2018-02-26 13:41:00,CCGS LIMNOS,GEORGIAN BAY,22,455156,-805957,27,17.72,2017-09-16 21:23:00,2042,8.00,.00,0.01000000,,0,20.600000,CA-F,CALCIUM,MG/L,45.86556,-80.99917
201705002,2018-02-26 13:41:00,CCGS LIMNOS,GEORGIAN BAY,22,455156,-805957,27,17.72,2017-09-16 21:23:00,2042,15.00,.00,0.01000000,,0,20.000000,CA-F,CALCIUM,MG/L,45.86556,-80.99917
201705002,2018-02-26 13:41:00,CCGS LIMNOS,GEORGIAN BAY,23,455223,-811531,39,28.28,2017-09-16 23:25:00,2042,1.00,.00,0.01000000,,0,22.500000,CA-F,CALCIUM,MG/L,45.87306,-81.25861
201705002,2018-02-26 13:41:00,CCGS LIMNOS,GEORGIAN BAY,24,454230,-813710,36,52.89,2017-09-17 02:19:00,2042,1.00,.00,0.01000000,,0,22.900000,CA-F,CALCIUM,MG/L,45.70833,-81.61944
201705002,2018-02-26 13:41:00,CCGS LIMNOS,GEORGIAN BAY,25,455445,-813539,42,29.5,2017-09-17 05:24:00,2042,1.00,.00,0.01000000,,0,22.600000,CA-F,CALCIUM,MG/L,45.91250,-81.59417
201705002,2018-02-26 13:41:00,CCGS LIMNOS,GEORGIAN BAY,25,455445,-813539,42,29.5,2017-09-17 05:24:00,2042,1.00,.00,0.01000000,,1,22.600000,CA-F,CALCIUM,MG/L,45.91250,-81.59417
201705002,2018-02-26 13:41:00,CCGS LIMNOS,GEORGIAN BAY,25,455445,-813539,42,29.5,2017-09-17 05:24:00,2042,19.00,.00,0.01000000,,0,22.900000,CA-F,CALCIUM,MG/L,45.91250,-81.59417
201705002,2018-02-26 13:41:00,CCGS LIMNOS,GEORGIAN BAY,25,455445,-813539,42,29.5,2017-09-17 05:24:00,2042,22.00,.00,0.01000000,,0,23.300000,CA-F,CALCIUM,MG/L,45.91250,-81.59417
201705002,2018-02-26 13:41:00,CCGS LIMNOS,GEORGIAN BAY,26,454546,-814745,46,19.2,2017-09-17 09:00:00,2042,1.00,.00,0.01000000,,0,23.100000,CA-F,CALCIUM,MG/L,45.76278,-81.79583
201705001,2018-02-28 15:06:00,CCGS LIMNOS,GEORGIAN BAY,1,454543,-814744,46,18.30,2017-05-21 12:28:00,2044,1.00,.00,0.01000000,,0,.910000,K-F,POTASSIUM,MG/L,45.76194,-81.79556
201705001,2018-02-28 15:06:00,CCGS LIMNOS,GEORGIAN BAY,2,455445,-813545,42,20.00,2017-05-21 14:33:00,2044,1.00,.00,0.01000000,,0,.900000,K-F,POTASSIUM,MG/L,45.91250,-81.59583
201705001,2018-02-28 15:06:00,CCGS LIMNOS,GEORGIAN BAY,2,455445,-813545,42,20.00,2017-05-21 14:33:00,2044,10.00,.00,0.01000000,,0,.900000,K-F,POTASSIUM,MG/L,45.91250,-81.59583
201705001,2018-02-28 15:06:00,CCGS LIMNOS,GEORGIAN BAY,2,455445,-813545,42,20.00,2017-05-21 14:33:00,2044,18.00,.00,0.01000000,,0,.910000,K-F,POTASSIUM,MG/L,45.91250,-81.59583
201705001,2018-02-28 15:06:00,CCGS LIMNOS,GEORGIAN BAY,3,455226,-811533,39,27.50,2017-05-21 17:07:00,2044,1.00,.00,0.01000000,,0,.900000,K-F,POTASSIUM,MG/L,45.87389,-81.25917
201705001,2018-02-28 15:06:00,CCGS LIMNOS,GEORGIAN BAY,4,455158,-810004,27,16.00,2017-05-21 18:42:00,2044,1.00,.00,0.01000000,,0,.830000,K-F,POTASSIUM,MG/L,45.86611,-81.00111
201705001,2018-02-28 15:06:00,CCGS LIMNOS,GEORGIAN BAY,4,455158,-810004,27,16.00,2017-05-21 18:42:00,2044,14.00,.00,0.01000000,,0,.810000,K-F,POTASSIUM,MG/L,45.86611,-81.00111
201705001,2018-02-28 15:06:00,CCGS LIMNOS,GEORGIAN BAY,5,454957,-805402,26,20.52,2017-05-21 20:08:00,2044,1.00,.00,0.01000000,,0,.860000,K-F,POTASSIUM,MG/L,45.83250,-80.90056
201705001,2018-02-28 15:06:00,CCGS LIMNOS,GEORGIAN BAY,5,454957,-805402,26,20.52,2017-05-21 20:08:00,2044,1.00,.00,0.01000000,,1,.860000,K-F,POTASSIUM,MG/L,45.83250,-80.90056
201705001,2018-02-28 15:06:00,CCGS LIMNOS,GEORGIAN BAY,6,454045,-805024,24,39.70,2017-05-21 21:46:00,2044,1.00,.00,0.01000000,,0,.940000,K-F,POTASSIUM,MG/L,45.67917,-80.84000
201705001,2018-02-28 15:06:00,CCGS LIMNOS,GEORGIAN BAY,7,453504,-810454,29,41.90,2017-05-21 23:25:00,2044,1.00,.00,0.01000000,,0,.940000,K-F,POTASSIUM,MG/L,45.58444,-81.08167
201705001,2018-02-28 15:06:00,CCGS LIMNOS,GEORGIAN BAY,7,453504,-810454,29,41.90,2017-05-21 23:25:00,2044,32.00,.00,0.01000000,,0,.930000,K-F,POTASSIUM,MG/L,45.58444,-81.08167
201705001,2018-02-28 15:06:00,CCGS LIMNOS,GEORGIAN BAY,7,453504,-810454,29,41.90,2017-05-21 23:25:00,2044,40.00,.00,0.01000000,,0,.920000,K-F,POTASSIUM,MG/L,45.58444,-81.08167
201705001,2018-02-28 15:06:00,CCGS LIMNOS,GEORGIAN BAY,8,452154,-811120,21,86.27,2017-05-22 02:06:00,2044,1.00,.00,0.01000000,,0,.920000,K-F,POTASSIUM,MG/L,45.36500,-81.18889
201705001,2018-02-28 15:06:00,CCGS LIMNOS,GEORGIAN BAY,9,451442,-805229,17,77.50,2017-05-22 04:32:00,2044,1.00,.00,0.01000000,,0,.910000,K-F,POTASSIUM,MG/L,45.24500,-80.87472
201705001,2018-02-28 15:06:00,CCGS LIMNOS,GEORGIAN BAY,9,451442,-805229,17,77.50,2017-05-22 04:32:00,2044,50.00,.00,0.01000000,,0,.900000,K-F,POTASSIUM,MG/L,45.24500,-80.87472
201705001,2018-02-28 15:06:00,CCGS LIMNOS,GEORGIAN BAY,9,451442,-805229,17,77.50,2017-05-22 04:32:00,2044,67.00,.00,0.01000000,,0,.910000,K-F,POTASSIUM,MG/L,45.24500,-80.87472
201705001,2018-02-28 15:06:00,CCGS LIMNOS,GEORGIAN BAY,9,451442,-805229,17,77.50,2017-05-22 04:32:00,2044,75.00,.00,0.01000000,,0,.910000,K-F,POTASSIUM,MG/L,45.24500,-80.87472
201705001,2018-02-28 15:06:00,CCGS LIMNOS,GEORGIAN BAY,10,452113,-802912,16,18.38,2017-05-22 14:25:00,2044,1.00,.00,0.01000000,,0,.900000,K-F,POTASSIUM,MG/L,45.35361,-80.48667
201705001,2018-02-28 15:06:00,CCGS LIMNOS,GEORGIAN BAY,10,452113,-802912,16,18.38,2017-05-22 14:25:00,2044,1.00,.00,0.01000000,,1,.900000,K-F,POTASSIUM,MG/L,45.35361,-80.48667
201705001,2018-02-28 15:06:00,CCGS LIMNOS,GEORGIAN BAY,10,452113,-802912,16,18.38,2017-05-22 14:25:00,2044,998.00,.00,0.01000000,,0,.010000,K-F,POTASSIUM,MG/L,45.35361,-80.48667
201705001,2018-02-28 15:06:00,CCGS LIMNOS,GEORGIAN BAY,10,452113,-802912,16,18.38,2017-05-22 14:25:00,2044,999.00,.00,0.01000000,,0,.010000,K-F,POTASSIUM,MG/L,45.35361,-80.48667
201705001,2018-02-28 15:06:00,CCGS LIMNOS,GEORGIAN BAY,11,451928,-800703,122,94.00,2017-05-22 16:41:00,2044,1.00,.00,0.01000000,,0,.680000,K-F,POTASSIUM,MG/L,45.32444,-80.11750
201705001,2018-02-28 15:06:00,CCGS LIMNOS,GEORGIAN BAY,12,451001,-801748,15,44.50,2017-05-22 22:41:00,2044,1.00,.00,0.01000000,,0,.880000,K-F,POTASSIUM,MG/L,45.16694,-80.29667
201705001,2018-02-28 15:06:00,CCGS LIMNOS,GEORGIAN BAY,13,445711,-800859,8,50.57,2017-05-23 00:40:00,2044,1.00,.00,0.01000000,,0,.910000,K-F,POTASSIUM,MG/L,44.95306,-80.14972
201705001,2018-02-28 15:06:00,CCGS LIMNOS,GEORGIAN BAY,14,445219,-795801,9,28.89,2017-05-23 02:10:00,2044,1.00,.00,0.01000000,,0,.940000,K-F,POTASSIUM,MG/L,44.87194,-79.96694
201705001,2018-02-28 15:06:00,CCGS LIMNOS,GEORGIAN BAY,14,445219,-795801,9,28.89,2017-05-23 02:10:00,2044,18.00,.00,0.01000000,,0,.920000,K-F,POTASSIUM,MG/L,44.87194,-79.96694
201705001,2018-02-28 15:06:00,CCGS LIMNOS,GEORGIAN BAY,14,445219,-795801,9,28.89,2017-05-23 02:10:00,2044,26.00,.00,0.01000000,,0,.920000,K-F,POTASSIUM,MG/L,44.87194,-79.96694
201705001,2018-02-28 15:06:00,CCGS LIMNOS,GEORGIAN BAY,15,444749,-801440,5,57.50,2017-05-23 05:03:00,2044,1.00,.00,0.01000000,,0,.970000,K-F,POTASSIUM,MG/L,44.79694,-80.24444
201705001,2018-02-28 15:06:00,CCGS LIMNOS,GEORGIAN BAY,15,444749,-801440,5,57.50,2017-05-23 05:03:00,2044,1.00,.00,0.01000000,,1,.970000,K-F,POTASSIUM,MG/L,44.79694,-80.24444
201705001,2018-02-28 15:06:00,CCGS LIMNOS,GEORGIAN BAY,16,443847,-801004,4,58.00,2017-05-23 06:33:00,2044,1.00,.00,0.01000000,,0,.920000,K-F,POTASSIUM,MG/L,44.64639,-80.16778
201705001,2018-02-28 15:06:00,CCGS LIMNOS,GEORGIAN BAY,16,443847,-801004,4,58.00,2017-05-23 06:33:00,2044,48.00,.00,0.01000000,,0,.930000,K-F,POTASSIUM,MG/L,44.64639,-80.16778
201705001,2018-02-28 15:06:00,CCGS LIMNOS,GEORGIAN BAY,16,443847,-801004,4,58.00,2017-05-23 06:33:00,2044,56.00,.00,0.01000000,,0,.920000,K-F,POTASSIUM,MG/L,44.64639,-80.16778
201705001,2018-02-28 15:06:00,CCGS LIMNOS,GEORGIAN BAY,17,444414,-802604,6,85.93,2017-05-23 09:11:00,2044,1.00,.00,0.01000000,,0,.920000,K-F,POTASSIUM,MG/L,44.73722,-80.43444
201705001,2018-02-28 15:06:00,CCGS LIMNOS,GEORGIAN BAY,18,444330,-803656,3,34.05,2017-05-23 10:38:00,2044,1.00,.00,0.01000000,,0,.920000,K-F,POTASSIUM,MG/L,44.72500,-80.61556
201705001,2018-02-28 15:06:00,CCGS LIMNOS,GEORGIAN BAY,19,444306,-805120,1,89.30,2017-05-23 13:17:00,2044,1.00,.00,0.01000000,,0,.920000,K-F,POTASSIUM,MG/L,44.71833,-80.85556
201705001,2018-02-28 15:06:00,CCGS LIMNOS,GEORGIAN BAY,19,444306,-805120,1,89.30,2017-05-23 13:17:00,2044,50.00,.00,0.01000000,,0,.930000,K-F,POTASSIUM,MG/L,44.71833,-80.85556
201705001,2018-02-28 15:06:00,CCGS LIMNOS,GEORGIAN BAY,19,444306,-805120,1,89.30,2017-05-23 13:17:00,2044,79.00,.00,0.01000000,,0,.930000,K-F,POTASSIUM,MG/L,44.71833,-80.85556
201705001,2018-02-28 15:06:00,CCGS LIMNOS,GEORGIAN BAY,19,444306,-805120,1,89.30,2017-05-23 13:17:00,2044,87.00,.00,0.01000000,,0,.930000,K-F,POTASSIUM,MG/L,44.71833,-80.85556
201705001,2018-02-28 15:06:00,CCGS LIMNOS,GEORGIAN BAY,20,445513,-803624,11,61.50,2017-05-23 17:16:00,2044,1.00,.00,0.01000000,,0,.920000,K-F,POTASSIUM,MG/L,44.92028,-80.60667
201705001,2018-02-28 15:06:00,CCGS LIMNOS,GEORGIAN BAY,20,445513,-803624,11,61.50,2017-05-23 17:16:00,2044,1.00,.00,0.01000000,,1,.930000,K-F,POTASSIUM,MG/L,44.92028,-80.60667
201705001,2018-02-28 15:06:00,CCGS LIMNOS,GEORGIAN BAY,20,445513,-803624,11,61.50,2017-05-23 17:16:00,2044,998.00,.00,0.01000000,<,0,.010000,K-F,POTASSIUM,MG/L,44.92028,-80.60667
201705001,2018-02-28 15:06:00,CCGS LIMNOS,GEORGIAN BAY,20,445513,-803624,11,61.50,2017-05-23 17:16:00,2044,999.00,.00,0.01000000,<,0,.010000,K-F,POTASSIUM,MG/L,44.92028,-80.60667
201705001,2018-02-28 15:06:00,CCGS LIMNOS,GEORGIAN BAY,21,445512,-805224,12,87.90,2017-05-23 19:27:00,2044,1.00,.00,0.01000000,,0,.930000,K-F,POTASSIUM,MG/L,44.92000,-80.87333
201705001,2018-02-28 15:06:00,CCGS LIMNOS,GEORGIAN BAY,22,450359,-811508,19,53.41,2017-05-23 22:43:00,2044,1.00,.00,0.01000000,,0,.930000,K-F,POTASSIUM,MG/L,45.06639,-81.25222
201705001,2018-02-28 15:06:00,CCGS LIMNOS,GEORGIAN BAY,23,451421,-812625,31,71.68,2017-05-24 02:35:00,2044,1.00,.00,0.01000000,,0,.930000,K-F,POTASSIUM,MG/L,45.23917,-81.44028
201705001,2018-02-28 15:06:00,CCGS LIMNOS,GEORGIAN BAY,24,452213,-813502,33,53.80,2017-05-24 04:03:00,2044,1.00,.00,0.01000000,,0,.940000,K-F,POTASSIUM,MG/L,45.37028,-81.58389
201705001,2018-02-28 15:06:00,CCGS LIMNOS,GEORGIAN BAY,24,452213,-813502,33,53.80,2017-05-24 04:03:00,2044,43.00,.00,0.01000000,,0,.920000,K-F,POTASSIUM,MG/L,45.37028,-81.58389
201705001,2018-02-28 15:06:00,CCGS LIMNOS,GEORGIAN BAY,24,452213,-813502,33,53.80,2017-05-24 04:03:00,2044,51.00,.00,0.01000000,,0,.920000,K-F,POTASSIUM,MG/L,45.37028,-81.58389
201705002,2018-02-26 13:41:00,CCGS LIMNOS,GEORGIAN BAY,1,453140,-814010,35,35.29,2017-09-13 15:45:00,2044,1.00,.00,0.01000000,,0,.910000,K-F,POTASSIUM,MG/L,45.52778,-81.66944
201705002,2018-02-26 13:41:00,CCGS LIMNOS,GEORGIAN BAY,2,452212,-813508,33,54.52,2017-09-13 17:29:00,2044,1.00,.00,0.01000000,,0,.880000,K-F,POTASSIUM,MG/L,45.37000,-81.58556
201705002,2018-02-26 13:41:00,CCGS LIMNOS,GEORGIAN BAY,2,452212,-813508,33,54.52,2017-09-13 17:29:00,2044,12.00,.00,0.01000000,,0,.890000,K-F,POTASSIUM,MG/L,45.37000,-81.58556
201705002,2018-02-26 13:41:00,CCGS LIMNOS,GEORGIAN BAY,2,452212,-813508,33,54.52,2017-09-13 17:29:00,2044,20.00,.00,0.01000000,,0,.900000,K-F,POTASSIUM,MG/L,45.37000,-81.58556
201705002,2018-02-26 13:41:00,CCGS LIMNOS,GEORGIAN BAY,2,452212,-813508,33,54.52,2017-09-13 17:29:00,2044,30.00,.00,0.01000000,,0,.910000,K-F,POTASSIUM,MG/L,45.37000,-81.58556
201705002,2018-02-26 13:41:00,CCGS LIMNOS,GEORGIAN BAY,2,452212,-813508,33,54.52,2017-09-13 17:29:00,2044,44.00,.00,0.01000000,,0,.920000,K-F,POTASSIUM,MG/L,45.37000,-81.58556
201705002,2018-02-26 13:41:00,CCGS LIMNOS,GEORGIAN BAY,2,452212,-813508,33,54.52,2017-09-13 17:29:00,2044,52.00,.00,0.01000000,,0,.900000,K-F,POTASSIUM,MG/L,45.37000,-81.58556
201705002,2018-02-26 13:41:00,CCGS LIMNOS,GEORGIAN BAY,3,451419,-812628,31,64.75,2017-09-13 19:30:00,2044,1.00,.00,0.01000000,,0,.900000,K-F,POTASSIUM,MG/L,45.23861,-81.44111
201705002,2018-02-26 13:41:00,CCGS LIMNOS,GEORGIAN BAY,4,452154,-811124,21,86.36,2017-09-13 22:54:00,2044,1.00,.00,0.01000000,,0,.890000,K-F,POTASSIUM,MG/L,45.36500,-81.19000
201705002,2018-02-26 13:41:00,CCGS LIMNOS,GEORGIAN BAY,5,451438,-805228,17,77.87,2017-09-14 01:23:00,2044,1.00,.00,0.01000000,,0,.870000,K-F,POTASSIUM,MG/L,45.24389,-80.87444
201705002,2018-02-26 13:41:00,CCGS LIMNOS,GEORGIAN BAY,5,451438,-805228,17,77.87,2017-09-14 01:23:00,2044,1.00,.00,0.01000000,,1,.880000,K-F,POTASSIUM,MG/L,45.24389,-80.87444
201705002,2018-02-26 13:41:00,CCGS LIMNOS,GEORGIAN BAY,5,451438,-805228,17,77.87,2017-09-14 01:23:00,2044,20.00,.00,0.01000000,,0,.880000,K-F,POTASSIUM,MG/L,45.24389,-80.87444
201705002,2018-02-26 13:41:00,CCGS LIMNOS,GEORGIAN BAY,5,451438,-805228,17,77.87,2017-09-14 01:23:00,2044,27.00,.00,0.01000000,,0,.910000,K-F,POTASSIUM,MG/L,45.24389,-80.87444
201705002,2018-02-26 13:41:00,CCGS LIMNOS,GEORGIAN BAY,5,451438,-805228,17,77.87,2017-09-14 01:23:00,2044,41.00,.00,0.01000000,,0,.910000,K-F,POTASSIUM,MG/L,45.24389,-80.87444
201705002,2018-02-26 13:41:00,CCGS LIMNOS,GEORGIAN BAY,5,451438,-805228,17,77.87,2017-09-14 01:23:00,2044,68.00,.00,0.01000000,,0,.910000,K-F,POTASSIUM,MG/L,45.24389,-80.87444
201705002,2018-02-26 13:41:00,CCGS LIMNOS,GEORGIAN BAY,5,451438,-805228,17,77.87,2017-09-14 01:23:00,2044,76.00,.00,0.01000000,,0,.900000,K-F,POTASSIUM,MG/L,45.24389,-80.87444
201705002,2018-02-26 13:41:00,CCGS LIMNOS,GEORGIAN BAY,6,450401,-811513,19,53.73,2017-09-14 04:33:00,2044,1.00,.00,0.01000000,,0,.900000,K-F,POTASSIUM,MG/L,45.06694,-81.25361
201705002,2018-02-26 13:41:00,CCGS LIMNOS,GEORGIAN BAY,7,445512,-805230,12,88.49,2017-09-14 07:17:00,2044,1.00,.00,0.01000000,,0,.910000,K-F,POTASSIUM,MG/L,44.92000,-80.87500
201705002,2018-02-26 13:41:00,CCGS LIMNOS,GEORGIAN BAY,8,445514,-803622,11,62.16,2017-09-14 09:18:00,2044,1.00,.00,0.01000000,,0,.920000,K-F,POTASSIUM,MG/L,44.92056,-80.60611
201705002,2018-02-26 13:41:00,CCGS LIMNOS,GEORGIAN BAY,9,444303,-805122,1,89.7,2017-09-14 11:41:00,2044,1.00,.00,0.01000000,,0,.910000,K-F,POTASSIUM,MG/L,44.71750,-80.85611
201705002,2018-02-26 13:41:00,CCGS LIMNOS,GEORGIAN BAY,9,444303,-805122,1,89.7,2017-09-14 11:41:00,2044,19.00,.00,0.01000000,,0,.910000,K-F,POTASSIUM,MG/L,44.71750,-80.85611
201705002,2018-02-26 13:41:00,CCGS LIMNOS,GEORGIAN BAY,9,444303,-805122,1,89.7,2017-09-14 11:41:00,2044,25.00,.00,0.01000000,,0,.910000,K-F,POTASSIUM,MG/L,44.71750,-80.85611
201705002,2018-02-26 13:41:00,CCGS LIMNOS,GEORGIAN BAY,9,444303,-805122,1,89.7,2017-09-14 11:41:00,2044,34.00,.00,0.01000000,,0,.910000,K-F,POTASSIUM,MG/L,44.71750,-80.85611
201705002,2018-02-26 13:41:00,CCGS LIMNOS,GEORGIAN BAY,9,444303,-805122,1,89.7,2017-09-14 11:41:00,2044,80.00,.00,0.01000000,,0,.910000,K-F,POTASSIUM,MG/L,44.71750,-80.85611
201705002,2018-02-26 13:41:00,CCGS LIMNOS,GEORGIAN BAY,9,444303,-805122,1,89.7,2017-09-14 11:41:00,2044,88.00,.00,0.01000000,,0,.910000,K-F,POTASSIUM,MG/L,44.71750,-80.85611
201705002,2018-02-26 13:41:00,CCGS LIMNOS,GEORGIAN BAY,10,444329,-803701,3,34.36,2017-09-14 13:46:00,2044,1.00,.00,0.01000000,,0,.900000,K-F,POTASSIUM,MG/L,44.72472,-80.61694
201705002,2018-02-26 13:41:00,CCGS LIMNOS,GEORGIAN BAY,10,444329,-803701,3,34.36,2017-09-14 13:46:00,2044,1.00,.00,0.01000000,,1,.910000,K-F,POTASSIUM,MG/L,44.72472,-80.61694
201705002,2018-02-26 13:41:00,CCGS LIMNOS,GEORGIAN BAY,10,444329,-803701,3,34.36,2017-09-14 13:46:00,2044,998.00,.00,0.01000000,,0,.020000,K-F,POTASSIUM,MG/L,44.72472,-80.61694
201705002,2018-02-26 13:41:00,CCGS LIMNOS,GEORGIAN BAY,10,444329,-803701,3,34.36,2017-09-14 13:46:00,2044,999.00,.00,0.01000000,<,0,.010000,K-F,POTASSIUM,MG/L,44.72472,-80.61694
201705002,2018-02-26 13:41:00,CCGS LIMNOS,GEORGIAN BAY,11,444411,-802606,6,87.05,2017-09-14 15:18:00,2044,1.00,.00,0.01000000,,0,.920000,K-F,POTASSIUM,MG/L,44.73639,-80.43500
201705002,2018-02-26 13:41:00,CCGS LIMNOS,GEORGIAN BAY,12,444746,-801436,5,58.89,2017-09-14 17:16:00,2044,1.00,.00,0.01000000,,0,.920000,K-F,POTASSIUM,MG/L,44.79611,-80.24333
201705002,2018-02-26 13:41:00,CCGS LIMNOS,GEORGIAN BAY,13,443844,-801002,4,57.57,2017-09-14 19:38:00,2044,1.00,.00,0.01000000,,0,.930000,K-F,POTASSIUM,MG/L,44.64556,-80.16722
201705002,2018-02-26 13:41:00,CCGS LIMNOS,GEORGIAN BAY,13,443844,-801002,4,57.57,2017-09-14 19:38:00,2044,20.00,.00,0.01000000,,0,.920000,K-F,POTASSIUM,MG/L,44.64556,-80.16722
201705002,2018-02-26 13:41:00,CCGS LIMNOS,GEORGIAN BAY,13,443844,-801002,4,57.57,2017-09-14 19:38:00,2044,27.00,.00,0.01000000,,0,.920000,K-F,POTASSIUM,MG/L,44.64556,-80.16722
201705002,2018-02-26 13:41:00,CCGS LIMNOS,GEORGIAN BAY,13,443844,-801002,4,57.57,2017-09-14 19:38:00,2044,41.00,.00,0.01000000,,0,.930000,K-F,POTASSIUM,MG/L,44.64556,-80.16722
201705002,2018-02-26 13:41:00,CCGS LIMNOS,GEORGIAN BAY,13,443844,-801002,4,57.57,2017-09-14 19:38:00,2044,47.00,.00,0.01000000,,0,.920000,K-F,POTASSIUM,MG/L,44.64556,-80.16722
201705002,2018-02-26 13:41:00,CCGS LIMNOS,GEORGIAN BAY,13,443844,-801002,4,57.57,2017-09-14 19:38:00,2044,55.00,.00,0.01000000,,0,.920000,K-F,POTASSIUM,MG/L,44.64556,-80.16722
201705002,2018-02-26 13:41:00,CCGS LIMNOS,GEORGIAN BAY,14,445216,-795809,9,30.11,2017-09-15 00:22:00,2044,1.00,.00,0.01000000,,0,.920000,K-F,POTASSIUM,MG/L,44.87111,-79.96917
201705002,2018-02-26 13:41:00,CCGS LIMNOS,GEORGIAN BAY,14,445216,-795809,9,30.11,2017-09-15 00:22:00,2044,20.00,.00,0.01000000,,0,.930000,K-F,POTASSIUM,MG/L,44.87111,-79.96917
201705002,2018-02-26 13:41:00,CCGS LIMNOS,GEORGIAN BAY,14,445216,-795809,9,30.11,2017-09-15 00:22:00,2044,28.00,.00,0.01000000,,0,.910000,K-F,POTASSIUM,MG/L,44.87111,-79.96917
201705002,2018-02-26 13:41:00,CCGS LIMNOS,GEORGIAN BAY,15,445709,-800856,8,50.79,2017-09-15 02:47:00,2044,1.00,.00,0.01000000,,0,.900000,K-F,POTASSIUM,MG/L,44.95250,-80.14889
201705002,2018-02-26 13:41:00,CCGS LIMNOS,GEORGIAN BAY,15,445709,-800856,8,50.79,2017-09-15 02:47:00,2044,1.00,.00,0.01000000,,1,.900000,K-F,POTASSIUM,MG/L,44.95250,-80.14889
201705002,2018-02-26 13:41:00,CCGS LIMNOS,GEORGIAN BAY,16,450959,-801749,15,46.62,2017-09-15 05:51:00,2044,1.00,.00,0.01000000,,0,.910000,K-F,POTASSIUM,MG/L,45.16639,-80.29694
201705002,2018-02-26 13:41:00,CCGS LIMNOS,GEORGIAN BAY,17,452112,-802908,16,19.01,2017-09-15 09:06:00,2044,1.00,.00,0.01000000,,0,.910000,K-F,POTASSIUM,MG/L,45.35333,-80.48556
201705002,2018-02-26 13:41:00,CCGS LIMNOS,GEORGIAN BAY,18,451930,-800658,122,94.89,2017-09-15 12:02:00,2044,1.00,.00,0.01000000,,0,.720000,K-F,POTASSIUM,MG/L,45.32500,-80.11611
201705002,2018-02-26 13:41:00,CCGS LIMNOS,GEORGIAN BAY,19,453456,-810459,29,42.78,2017-09-16 15:55:00,2044,1.00,.00,0.01000000,,0,.900000,K-F,POTASSIUM,MG/L,45.58222,-81.08306
201705002,2018-02-26 13:41:00,CCGS LIMNOS,GEORGIAN BAY,19,453456,-810459,29,42.78,2017-09-16 15:55:00,2044,16.00,.00,0.01000000,,0,.910000,K-F,POTASSIUM,MG/L,45.58222,-81.08306
201705002,2018-02-26 13:41:00,CCGS LIMNOS,GEORGIAN BAY,19,453456,-810459,29,42.78,2017-09-16 15:55:00,2044,21.00,.00,0.01000000,,0,.920000,K-F,POTASSIUM,MG/L,45.58222,-81.08306
201705002,2018-02-26 13:41:00,CCGS LIMNOS,GEORGIAN BAY,19,453456,-810459,29,42.78,2017-09-16 15:55:00,2044,26.00,.00,0.01000000,,0,.900000,K-F,POTASSIUM,MG/L,45.58222,-81.08306
201705002,2018-02-26 13:41:00,CCGS LIMNOS,GEORGIAN BAY,19,453456,-810459,29,42.78,2017-09-16 15:55:00,2044,32.00,.00,0.01000000,,0,.920000,K-F,POTASSIUM,MG/L,45.58222,-81.08306
201705002,2018-02-26 13:41:00,CCGS LIMNOS,GEORGIAN BAY,19,453456,-810459,29,42.78,2017-09-16 15:55:00,2044,40.00,.00,0.01000000,,0,.890000,K-F,POTASSIUM,MG/L,45.58222,-81.08306
201705002,2018-02-26 13:41:00,CCGS LIMNOS,GEORGIAN BAY,20,454042,-805022,24,40.01,2017-09-16 18:12:00,2044,1.00,.00,0.01000000,,0,.880000,K-F,POTASSIUM,MG/L,45.67833,-80.83944
201705002,2018-02-26 13:41:00,CCGS LIMNOS,GEORGIAN BAY,20,454042,-805022,24,40.01,2017-09-16 18:12:00,2044,1.00,.00,0.01000000,,1,.880000,K-F,POTASSIUM,MG/L,45.67833,-80.83944
201705002,2018-02-26 13:41:00,CCGS LIMNOS,GEORGIAN BAY,20,454042,-805022,24,40.01,2017-09-16 18:12:00,2044,998.00,.00,0.01000000,,0,.020000,K-F,POTASSIUM,MG/L,45.67833,-80.83944
201705002,2018-02-26 13:41:00,CCGS LIMNOS,GEORGIAN BAY,20,454042,-805022,24,40.01,2017-09-16 18:12:00,2044,999.00,.00,0.01000000,,0,.010000,K-F,POTASSIUM,MG/L,45.67833,-80.83944
201705002,2018-02-26 13:41:00,CCGS LIMNOS,GEORGIAN BAY,21,455000,-805357,26,20.11,2017-09-16 20:13:00,2044,1.00,.00,0.01000000,,0,.860000,K-F,POTASSIUM,MG/L,45.83333,-80.89917
201705002,2018-02-26 13:41:00,CCGS LIMNOS,GEORGIAN BAY,22,455156,-805957,27,17.72,2017-09-16 21:23:00,2044,1.00,.00,0.01000000,,0,.880000,K-F,POTASSIUM,MG/L,45.86556,-80.99917
201705002,2018-02-26 13:41:00,CCGS LIMNOS,GEORGIAN BAY,22,455156,-805957,27,17.72,2017-09-16 21:23:00,2044,8.00,.00,0.01000000,,0,.840000,K-F,POTASSIUM,MG/L,45.86556,-80.99917
201705002,2018-02-26 13:41:00,CCGS LIMNOS,GEORGIAN BAY,22,455156,-805957,27,17.72,2017-09-16 21:23:00,2044,15.00,.00,0.01000000,,0,.830000,K-F,POTASSIUM,MG/L,45.86556,-80.99917
201705002,2018-02-26 13:41:00,CCGS LIMNOS,GEORGIAN BAY,23,455223,-811531,39,28.28,2017-09-16 23:25:00,2044,1.00,.00,0.01000000,,0,.880000,K-F,POTASSIUM,MG/L,45.87306,-81.25861
201705002,2018-02-26 13:41:00,CCGS LIMNOS,GEORGIAN BAY,24,454230,-813710,36,52.89,2017-09-17 02:19:00,2044,1.00,.00,0.01000000,,0,.880000,K-F,POTASSIUM,MG/L,45.70833,-81.61944
201705002,2018-02-26 13:41:00,CCGS LIMNOS,GEORGIAN BAY,25,455445,-813539,42,29.5,2017-09-17 05:24:00,2044,1.00,.00,0.01000000,,0,.870000,K-F,POTASSIUM,MG/L,45.91250,-81.59417
201705002,2018-02-26 13:41:00,CCGS LIMNOS,GEORGIAN BAY,25,455445,-813539,42,29.5,2017-09-17 05:24:00,2044,1.00,.00,0.01000000,,1,.870000,K-F,POTASSIUM,MG/L,45.91250,-81.59417
201705002,2018-02-26 13:41:00,CCGS LIMNOS,GEORGIAN BAY,25,455445,-813539,42,29.5,2017-09-17 05:24:00,2044,19.00,.00,0.01000000,,0,.900000,K-F,POTASSIUM,MG/L,45.91250,-81.59417
201705002,2018-02-26 13:41:00,CCGS LIMNOS,GEORGIAN BAY,25,455445,-813539,42,29.5,2017-09-17 05:24:00,2044,22.00,.00,0.01000000,,0,.900000,K-F,POTASSIUM,MG/L,45.91250,-81.59417
201705002,2018-02-26 13:41:00,CCGS LIMNOS,GEORGIAN BAY,26,454546,-814745,46,19.2,2017-09-17 09:00:00,2044,1.00,.00,0.01000000,,0,.880000,K-F,POTASSIUM,MG/L,45.76278,-81.79583
201705001,2018-02-28 15:06:00,CCGS LIMNOS,GEORGIAN BAY,1,454543,-814744,46,18.30,2017-05-21 12:28:00,2046,1.00,.00,0.01000000,,0,6.900000,MG-F,MAGNESIUM,MG/L,45.76194,-81.79556
201705001,2018-02-28 15:06:00,CCGS LIMNOS,GEORGIAN BAY,2,455445,-813545,42,20.00,2017-05-21 14:33:00,2046,1.00,.00,0.01000000,,0,6.700000,MG-F,MAGNESIUM,MG/L,45.91250,-81.59583
201705001,2018-02-28 15:06:00,CCGS LIMNOS,GEORGIAN BAY,2,455445,-813545,42,20.00,2017-05-21 14:33:00,2046,10.00,.00,0.01000000,,0,6.750000,MG-F,MAGNESIUM,MG/L,45.91250,-81.59583
201705001,2018-02-28 15:06:00,CCGS LIMNOS,GEORGIAN BAY,2,455445,-813545,42,20.00,2017-05-21 14:33:00,2046,18.00,.00,0.01000000,,0,6.720000,MG-F,MAGNESIUM,MG/L,45.91250,-81.59583
201705001,2018-02-28 15:06:00,CCGS LIMNOS,GEORGIAN BAY,3,455226,-811533,39,27.50,2017-05-21 17:07:00,2046,1.00,.00,0.01000000,,0,6.630000,MG-F,MAGNESIUM,MG/L,45.87389,-81.25917
201705001,2018-02-28 15:06:00,CCGS LIMNOS,GEORGIAN BAY,4,455158,-810004,27,16.00,2017-05-21 18:42:00,2046,1.00,.00,0.01000000,,0,5.530000,MG-F,MAGNESIUM,MG/L,45.86611,-81.00111
201705001,2018-02-28 15:06:00,CCGS LIMNOS,GEORGIAN BAY,4,455158,-810004,27,16.00,2017-05-21 18:42:00,2046,14.00,.00,0.01000000,,0,5.440000,MG-F,MAGNESIUM,MG/L,45.86611,-81.00111
201705001,2018-02-28 15:06:00,CCGS LIMNOS,GEORGIAN BAY,5,454957,-805402,26,20.52,2017-05-21 20:08:00,2046,1.00,.00,0.01000000,,0,6.090000,MG-F,MAGNESIUM,MG/L,45.83250,-80.90056
201705001,2018-02-28 15:06:00,CCGS LIMNOS,GEORGIAN BAY,5,454957,-805402,26,20.52,2017-05-21 20:08:00,2046,1.00,.00,0.01000000,,1,6.100000,MG-F,MAGNESIUM,MG/L,45.83250,-80.90056
201705001,2018-02-28 15:06:00,CCGS LIMNOS,GEORGIAN BAY,6,454045,-805024,24,39.70,2017-05-21 21:46:00,2046,1.00,.00,0.01000000,,0,7.030000,MG-F,MAGNESIUM,MG/L,45.67917,-80.84000
201705001,2018-02-28 15:06:00,CCGS LIMNOS,GEORGIAN BAY,7,453504,-810454,29,41.90,2017-05-21 23:25:00,2046,1.00,.00,0.01000000,,0,7.050000,MG-F,MAGNESIUM,MG/L,45.58444,-81.08167
201705001,2018-02-28 15:06:00,CCGS LIMNOS,GEORGIAN BAY,7,453504,-810454,29,41.90,2017-05-21 23:25:00,2046,32.00,.00,0.01000000,,0,6.930000,MG-F,MAGNESIUM,MG/L,45.58444,-81.08167
201705001,2018-02-28 15:06:00,CCGS LIMNOS,GEORGIAN BAY,7,453504,-810454,29,41.90,2017-05-21 23:25:00,2046,40.00,.00,0.01000000,,0,6.900000,MG-F,MAGNESIUM,MG/L,45.58444,-81.08167
201705001,2018-02-28 15:06:00,CCGS LIMNOS,GEORGIAN BAY,8,452154,-811120,21,86.27,2017-05-22 02:06:00,2046,1.00,.00,0.01000000,,0,6.840000,MG-F,MAGNESIUM,MG/L,45.36500,-81.18889
201705001,2018-02-28 15:06:00,CCGS LIMNOS,GEORGIAN BAY,9,451442,-805229,17,77.50,2017-05-22 04:32:00,2046,1.00,.00,0.01000000,,0,6.840000,MG-F,MAGNESIUM,MG/L,45.24500,-80.87472
201705001,2018-02-28 15:06:00,CCGS LIMNOS,GEORGIAN BAY,9,451442,-805229,17,77.50,2017-05-22 04:32:00,2046,50.00,.00,0.01000000,,0,6.840000,MG-F,MAGNESIUM,MG/L,45.24500,-80.87472
201705001,2018-02-28 15:06:00,CCGS LIMNOS,GEORGIAN BAY,9,451442,-805229,17,77.50,2017-05-22 04:32:00,2046,67.00,.00,0.01000000,,0,6.840000,MG-F,MAGNESIUM,MG/L,45.24500,-80.87472
201705001,2018-02-28 15:06:00,CCGS LIMNOS,GEORGIAN BAY,9,451442,-805229,17,77.50,2017-05-22 04:32:00,2046,75.00,.00,0.01000000,,0,6.820000,MG-F,MAGNESIUM,MG/L,45.24500,-80.87472
201705001,2018-02-28 15:06:00,CCGS LIMNOS,GEORGIAN BAY,10,452113,-802912,16,18.38,2017-05-22 14:25:00,2046,1.00,.00,0.01000000,,0,6.700000,MG-F,MAGNESIUM,MG/L,45.35361,-80.48667
201705001,2018-02-28 15:06:00,CCGS LIMNOS,GEORGIAN BAY,10,452113,-802912,16,18.38,2017-05-22 14:25:00,2046,1.00,.00,0.01000000,,1,6.700000,MG-F,MAGNESIUM,MG/L,45.35361,-80.48667
201705001,2018-02-28 15:06:00,CCGS LIMNOS,GEORGIAN BAY,10,452113,-802912,16,18.38,2017-05-22 14:25:00,2046,998.00,.00,0.01000000,<,0,.010000,MG-F,MAGNESIUM,MG/L,45.35361,-80.48667
201705001,2018-02-28 15:06:00,CCGS LIMNOS,GEORGIAN BAY,10,452113,-802912,16,18.38,2017-05-22 14:25:00,2046,999.00,.00,0.01000000,<,0,.010000,MG-F,MAGNESIUM,MG/L,45.35361,-80.48667
201705001,2018-02-28 15:06:00,CCGS LIMNOS,GEORGIAN BAY,11,451928,-800703,122,94.00,2017-05-22 16:41:00,2046,1.00,.00,0.01000000,,0,3.520000,MG-F,MAGNESIUM,MG/L,45.32444,-80.11750
201705001,2018-02-28 15:06:00,CCGS LIMNOS,GEORGIAN BAY,12,451001,-801748,15,44.50,2017-05-22 22:41:00,2046,1.00,.00,0.01000000,,0,6.450000,MG-F,MAGNESIUM,MG/L,45.16694,-80.29667
201705001,2018-02-28 15:06:00,CCGS LIMNOS,GEORGIAN BAY,13,445711,-800859,8,50.57,2017-05-23 00:40:00,2046,1.00,.00,0.01000000,,0,6.570000,MG-F,MAGNESIUM,MG/L,44.95306,-80.14972
201705001,2018-02-28 15:06:00,CCGS LIMNOS,GEORGIAN BAY,14,445219,-795801,9,28.89,2017-05-23 02:10:00,2046,1.00,.00,0.01000000,,0,5.150000,MG-F,MAGNESIUM,MG/L,44.87194,-79.96694
201705001,2018-02-28 15:06:00,CCGS LIMNOS,GEORGIAN BAY,14,445219,-795801,9,28.89,2017-05-23 02:10:00,2046,18.00,.00,0.01000000,,0,6.090000,MG-F,MAGNESIUM,MG/L,44.87194,-79.96694
201705001,2018-02-28 15:06:00,CCGS LIMNOS,GEORGIAN BAY,14,445219,-795801,9,28.89,2017-05-23 02:10:00,2046,26.00,.00,0.01000000,,0,6.200000,MG-F,MAGNESIUM,MG/L,44.87194,-79.96694
201705001,2018-02-28 15:06:00,CCGS LIMNOS,GEORGIAN BAY,15,444749,-801440,5,57.50,2017-05-23 05:03:00,2046,1.00,.00,0.01000000,,0,7.270000,MG-F,MAGNESIUM,MG/L,44.79694,-80.24444
201705001,2018-02-28 15:06:00,CCGS LIMNOS,GEORGIAN BAY,15,444749,-801440,5,57.50,2017-05-23 05:03:00,2046,1.00,.00,0.01000000,,1,7.330000,MG-F,MAGNESIUM,MG/L,44.79694,-80.24444
201705001,2018-02-28 15:06:00,CCGS LIMNOS,GEORGIAN BAY,16,443847,-801004,4,58.00,2017-05-23 06:33:00,2046,1.00,.00,0.01000000,,0,7.000000,MG-F,MAGNESIUM,MG/L,44.64639,-80.16778
201705001,2018-02-28 15:06:00,CCGS LIMNOS,GEORGIAN BAY,16,443847,-801004,4,58.00,2017-05-23 06:33:00,2046,48.00,.00,0.01000000,,0,6.970000,MG-F,MAGNESIUM,MG/L,44.64639,-80.16778
201705001,2018-02-28 15:06:00,CCGS LIMNOS,GEORGIAN BAY,16,443847,-801004,4,58.00,2017-05-23 06:33:00,2046,56.00,.00,0.01000000,,0,6.950000,MG-F,MAGNESIUM,MG/L,44.64639,-80.16778
201705001,2018-02-28 15:06:00,CCGS LIMNOS,GEORGIAN BAY,17,444414,-802604,6,85.93,2017-05-23 09:11:00,2046,1.00,.00,0.01000000,,0,6.910000,MG-F,MAGNESIUM,MG/L,44.73722,-80.43444
201705001,2018-02-28 15:06:00,CCGS LIMNOS,GEORGIAN BAY,18,444330,-803656,3,34.05,2017-05-23 10:38:00,2046,1.00,.00,0.01000000,,0,6.940000,MG-F,MAGNESIUM,MG/L,44.72500,-80.61556
201705001,2018-02-28 15:06:00,CCGS LIMNOS,GEORGIAN BAY,19,444306,-805120,1,89.30,2017-05-23 13:17:00,2046,1.00,.00,0.01000000,,0,7.040000,MG-F,MAGNESIUM,MG/L,44.71833,-80.85556
201705001,2018-02-28 15:06:00,CCGS LIMNOS,GEORGIAN BAY,19,444306,-805120,1,89.30,2017-05-23 13:17:00,2046,50.00,.00,0.01000000,,0,7.020000,MG-F,MAGNESIUM,MG/L,44.71833,-80.85556
201705001,2018-02-28 15:06:00,CCGS LIMNOS,GEORGIAN BAY,19,444306,-805120,1,89.30,2017-05-23 13:17:00,2046,79.00,.00,0.01000000,,0,6.990000,MG-F,MAGNESIUM,MG/L,44.71833,-80.85556
201705001,2018-02-28 15:06:00,CCGS LIMNOS,GEORGIAN BAY,19,444306,-805120,1,89.30,2017-05-23 13:17:00,2046,87.00,.00,0.01000000,,0,7.020000,MG-F,MAGNESIUM,MG/L,44.71833,-80.85556
201705001,2018-02-28 15:06:00,CCGS LIMNOS,GEORGIAN BAY,20,445513,-803624,11,61.50,2017-05-23 17:16:00,2046,1.00,.00,0.01000000,,0,6.870000,MG-F,MAGNESIUM,MG/L,44.92028,-80.60667
201705001,2018-02-28 15:06:00,CCGS LIMNOS,GEORGIAN BAY,20,445513,-803624,11,61.50,2017-05-23 17:16:00,2046,1.00,.00,0.01000000,,1,6.890000,MG-F,MAGNESIUM,MG/L,44.92028,-80.60667
201705001,2018-02-28 15:06:00,CCGS LIMNOS,GEORGIAN BAY,20,445513,-803624,11,61.50,2017-05-23 17:16:00,2046,998.00,.00,0.01000000,<,0,.010000,MG-F,MAGNESIUM,MG/L,44.92028,-80.60667
201705001,2018-02-28 15:06:00,CCGS LIMNOS,GEORGIAN BAY,20,445513,-803624,11,61.50,2017-05-23 17:16:00,2046,999.00,.00,0.01000000,<,0,.010000,MG-F,MAGNESIUM,MG/L,44.92028,-80.60667
201705001,2018-02-28 15:06:00,CCGS LIMNOS,GEORGIAN BAY,21,445512,-805224,12,87.90,2017-05-23 19:27:00,2046,1.00,.00,0.01000000,,0,6.960000,MG-F,MAGNESIUM,MG/L,44.92000,-80.87333
201705001,2018-02-28 15:06:00,CCGS LIMNOS,GEORGIAN BAY,22,450359,-811508,19,53.41,2017-05-23 22:43:00,2046,1.00,.00,0.01000000,,0,6.950000,MG-F,MAGNESIUM,MG/L,45.06639,-81.25222
201705001,2018-02-28 15:06:00,CCGS LIMNOS,GEORGIAN BAY,23,451421,-812625,31,71.68,2017-05-24 02:35:00,2046,1.00,.00,0.01000000,,0,7.120000,MG-F,MAGNESIUM,MG/L,45.23917,-81.44028
201705001,2018-02-28 15:06:00,CCGS LIMNOS,GEORGIAN BAY,24,452213,-813502,33,53.80,2017-05-24 04:03:00,2046,1.00,.00,0.01000000,,0,7.030000,MG-F,MAGNESIUM,MG/L,45.37028,-81.58389
201705001,2018-02-28 15:06:00,CCGS LIMNOS,GEORGIAN BAY,24,452213,-813502,33,53.80,2017-05-24 04:03:00,2046,43.00,.00,0.01000000,,0,7.000000,MG-F,MAGNESIUM,MG/L,45.37028,-81.58389
201705001,2018-02-28 15:06:00,CCGS LIMNOS,GEORGIAN BAY,24,452213,-813502,33,53.80,2017-05-24 04:03:00,2046,51.00,.00,0.01000000,,0,7.000000,MG-F,MAGNESIUM,MG/L,45.37028,-81.58389
201705002,2018-02-26 13:41:00,CCGS LIMNOS,GEORGIAN BAY,1,453140,-814010,35,35.29,2017-09-13 15:45:00,2046,1.00,.00,0.01000000,,0,6.670000,MG-F,MAGNESIUM,MG/L,45.52778,-81.66944
201705002,2018-02-26 13:41:00,CCGS LIMNOS,GEORGIAN BAY,2,452212,-813508,33,54.52,2017-09-13 17:29:00,2046,1.00,.00,0.01000000,,0,6.410000,MG-F,MAGNESIUM,MG/L,45.37000,-81.58556
201705002,2018-02-26 13:41:00,CCGS LIMNOS,GEORGIAN BAY,2,452212,-813508,33,54.52,2017-09-13 17:29:00,2046,12.00,.00,0.01000000,,0,6.560000,MG-F,MAGNESIUM,MG/L,45.37000,-81.58556
201705002,2018-02-26 13:41:00,CCGS LIMNOS,GEORGIAN BAY,2,452212,-813508,33,54.52,2017-09-13 17:29:00,2046,20.00,.00,0.01000000,,0,6.660000,MG-F,MAGNESIUM,MG/L,45.37000,-81.58556
201705002,2018-02-26 13:41:00,CCGS LIMNOS,GEORGIAN BAY,2,452212,-813508,33,54.52,2017-09-13 17:29:00,2046,30.00,.00,0.01000000,,0,6.720000,MG-F,MAGNESIUM,MG/L,45.37000,-81.58556
201705002,2018-02-26 13:41:00,CCGS LIMNOS,GEORGIAN BAY,2,452212,-813508,33,54.52,2017-09-13 17:29:00,2046,44.00,.00,0.01000000,,0,6.740000,MG-F,MAGNESIUM,MG/L,45.37000,-81.58556
201705002,2018-02-26 13:41:00,CCGS LIMNOS,GEORGIAN BAY,2,452212,-813508,33,54.52,2017-09-13 17:29:00,2046,52.00,.00,0.01000000,,0,6.690000,MG-F,MAGNESIUM,MG/L,45.37000,-81.58556
201705002,2018-02-26 13:41:00,CCGS LIMNOS,GEORGIAN BAY,3,451419,-812628,31,64.75,2017-09-13 19:30:00,2046,1.00,.00,0.01000000,,0,6.720000,MG-F,MAGNESIUM,MG/L,45.23861,-81.44111
201705002,2018-02-26 13:41:00,CCGS LIMNOS,GEORGIAN BAY,4,452154,-811124,21,86.36,2017-09-13 22:54:00,2046,1.00,.00,0.01000000,,0,6.640000,MG-F,MAGNESIUM,MG/L,45.36500,-81.19000
201705002,2018-02-26 13:41:00,CCGS LIMNOS,GEORGIAN BAY,5,451438,-805228,17,77.87,2017-09-14 01:23:00,2046,1.00,.00,0.01000000,,0,6.300000,MG-F,MAGNESIUM,MG/L,45.24389,-80.87444
201705002,2018-02-26 13:41:00,CCGS LIMNOS,GEORGIAN BAY,5,451438,-805228,17,77.87,2017-09-14 01:23:00,2046,1.00,.00,0.01000000,,1,6.290000,MG-F,MAGNESIUM,MG/L,45.24389,-80.87444
201705002,2018-02-26 13:41:00,CCGS LIMNOS,GEORGIAN BAY,5,451438,-805228,17,77.87,2017-09-14 01:23:00,2046,20.00,.00,0.01000000,,0,6.280000,MG-F,MAGNESIUM,MG/L,45.24389,-80.87444
201705002,2018-02-26 13:41:00,CCGS LIMNOS,GEORGIAN BAY,5,451438,-805228,17,77.87,2017-09-14 01:23:00,2046,27.00,.00,0.01000000,,0,6.590000,MG-F,MAGNESIUM,MG/L,45.24389,-80.87444
201705002,2018-02-26 13:41:00,CCGS LIMNOS,GEORGIAN BAY,5,451438,-805228,17,77.87,2017-09-14 01:23:00,2046,41.00,.00,0.01000000,,0,6.610000,MG-F,MAGNESIUM,MG/L,45.24389,-80.87444
201705002,2018-02-26 13:41:00,CCGS LIMNOS,GEORGIAN BAY,5,451438,-805228,17,77.87,2017-09-14 01:23:00,2046,68.00,.00,0.01000000,,0,6.600000,MG-F,MAGNESIUM,MG/L,45.24389,-80.87444
201705002,2018-02-26 13:41:00,CCGS LIMNOS,GEORGIAN BAY,5,451438,-805228,17,77.87,2017-09-14 01:23:00,2046,76.00,.00,0.01000000,,0,6.580000,MG-F,MAGNESIUM,MG/L,45.24389,-80.87444
201705002,2018-02-26 13:41:00,CCGS LIMNOS,GEORGIAN BAY,6,450401,-811513,19,53.73,2017-09-14 04:33:00,2046,1.00,.00,0.01000000,,0,6.610000,MG-F,MAGNESIUM,MG/L,45.06694,-81.25361
201705002,2018-02-26 13:41:00,CCGS LIMNOS,GEORGIAN BAY,7,445512,-805230,12,88.49,2017-09-14 07:17:00,2046,1.00,.00,0.01000000,,0,6.690000,MG-F,MAGNESIUM,MG/L,44.92000,-80.87500
201705002,2018-02-26 13:41:00,CCGS LIMNOS,GEORGIAN BAY,8,445514,-803622,11,62.16,2017-09-14 09:18:00,2046,1.00,.00,0.01000000,,0,6.730000,MG-F,MAGNESIUM,MG/L,44.92056,-80.60611
201705002,2018-02-26 13:41:00,CCGS LIMNOS,GEORGIAN BAY,9,444303,-805122,1,89.7,2017-09-14 11:41:00,2046,1.00,.00,0.01000000,,0,6.700000,MG-F,MAGNESIUM,MG/L,44.71750,-80.85611
201705002,2018-02-26 13:41:00,CCGS LIMNOS,GEORGIAN BAY,9,444303,-805122,1,89.7,2017-09-14 11:41:00,2046,19.00,.00,0.01000000,,0,6.730000,MG-F,MAGNESIUM,MG/L,44.71750,-80.85611
201705002,2018-02-26 13:41:00,CCGS LIMNOS,GEORGIAN BAY,9,444303,-805122,1,89.7,2017-09-14 11:41:00,2046,25.00,.00,0.01000000,,0,6.700000,MG-F,MAGNESIUM,MG/L,44.71750,-80.85611
201705002,2018-02-26 13:41:00,CCGS LIMNOS,GEORGIAN BAY,9,444303,-805122,1,89.7,2017-09-14 11:41:00,2046,34.00,.00,0.01000000,,0,6.720000,MG-F,MAGNESIUM,MG/L,44.71750,-80.85611
201705002,2018-02-26 13:41:00,CCGS LIMNOS,GEORGIAN BAY,9,444303,-805122,1,89.7,2017-09-14 11:41:00,2046,80.00,.00,0.01000000,,0,6.690000,MG-F,MAGNESIUM,MG/L,44.71750,-80.85611
201705002,2018-02-26 13:41:00,CCGS LIMNOS,GEORGIAN BAY,9,444303,-805122,1,89.7,2017-09-14 11:41:00,2046,88.00,.00,0.01000000,,0,6.720000,MG-F,MAGNESIUM,MG/L,44.71750,-80.85611
201705002,2018-02-26 13:41:00,CCGS LIMNOS,GEORGIAN BAY,10,444329,-803701,3,34.36,2017-09-14 13:46:00,2046,1.00,.00,0.01000000,,0,6.680000,MG-F,MAGNESIUM,MG/L,44.72472,-80.61694
201705002,2018-02-26 13:41:00,CCGS LIMNOS,GEORGIAN BAY,10,444329,-803701,3,34.36,2017-09-14 13:46:00,2046,1.00,.00,0.01000000,,1,6.740000,MG-F,MAGNESIUM,MG/L,44.72472,-80.61694
201705002,2018-02-26 13:41:00,CCGS LIMNOS,GEORGIAN BAY,10,444329,-803701,3,34.36,2017-09-14 13:46:00,2046,998.00,.00,0.01000000,<,0,.010000,MG-F,MAGNESIUM,MG/L,44.72472,-80.61694
201705002,2018-02-26 13:41:00,CCGS LIMNOS,GEORGIAN BAY,10,444329,-803701,3,34.36,2017-09-14 13:46:00,2046,999.00,.00,0.01000000,<,0,.010000,MG-F,MAGNESIUM,MG/L,44.72472,-80.61694
201705002,2018-02-26 13:41:00,CCGS LIMNOS,GEORGIAN BAY,11,444411,-802606,6,87.05,2017-09-14 15:18:00,2046,1.00,.00,0.01000000,,0,6.780000,MG-F,MAGNESIUM,MG/L,44.73639,-80.43500
201705002,2018-02-26 13:41:00,CCGS LIMNOS,GEORGIAN BAY,12,444746,-801436,5,58.89,2017-09-14 17:16:00,2046,1.00,.00,0.01000000,,0,6.790000,MG-F,MAGNESIUM,MG/L,44.79611,-80.24333
201705002,2018-02-26 13:41:00,CCGS LIMNOS,GEORGIAN BAY,13,443844,-801002,4,57.57,2017-09-14 19:38:00,2046,1.00,.00,0.01000000,,0,6.750000,MG-F,MAGNESIUM,MG/L,44.64556,-80.16722
201705002,2018-02-26 13:41:00,CCGS LIMNOS,GEORGIAN BAY,13,443844,-801002,4,57.57,2017-09-14 19:38:00,2046,20.00,.00,0.01000000,,0,6.740000,MG-F,MAGNESIUM,MG/L,44.64556,-80.16722
201705002,2018-02-26 13:41:00,CCGS LIMNOS,GEORGIAN BAY,13,443844,-801002,4,57.57,2017-09-14 19:38:00,2046,27.00,.00,0.01000000,,0,6.790000,MG-F,MAGNESIUM,MG/L,44.64556,-80.16722
201705002,2018-02-26 13:41:00,CCGS LIMNOS,GEORGIAN BAY,13,443844,-801002,4,57.57,2017-09-14 19:38:00,2046,41.00,.00,0.01000000,,0,6.780000,MG-F,MAGNESIUM,MG/L,44.64556,-80.16722
201705002,2018-02-26 13:41:00,CCGS LIMNOS,GEORGIAN BAY,13,443844,-801002,4,57.57,2017-09-14 19:38:00,2046,47.00,.00,0.01000000,,0,6.720000,MG-F,MAGNESIUM,MG/L,44.64556,-80.16722
201705002,2018-02-26 13:41:00,CCGS LIMNOS,GEORGIAN BAY,13,443844,-801002,4,57.57,2017-09-14 19:38:00,2046,55.00,.00,0.01000000,,0,6.720000,MG-F,MAGNESIUM,MG/L,44.64556,-80.16722
201705002,2018-02-26 13:41:00,CCGS LIMNOS,GEORGIAN BAY,14,445216,-795809,9,30.11,2017-09-15 00:22:00,2046,1.00,.00,0.01000000,,0,5.890000,MG-F,MAGNESIUM,MG/L,44.87111,-79.96917
201705002,2018-02-26 13:41:00,CCGS LIMNOS,GEORGIAN BAY,14,445216,-795809,9,30.11,2017-09-15 00:22:00,2046,20.00,.00,0.01000000,,0,6.180000,MG-F,MAGNESIUM,MG/L,44.87111,-79.96917
201705002,2018-02-26 13:41:00,CCGS LIMNOS,GEORGIAN BAY,14,445216,-795809,9,30.11,2017-09-15 00:22:00,2046,28.00,.00,0.01000000,,0,6.540000,MG-F,MAGNESIUM,MG/L,44.87111,-79.96917
201705002,2018-02-26 13:41:00,CCGS LIMNOS,GEORGIAN BAY,15,445709,-800856,8,50.79,2017-09-15 02:47:00,2046,1.00,.00,0.01000000,,0,6.670000,MG-F,MAGNESIUM,MG/L,44.95250,-80.14889
201705002,2018-02-26 13:41:00,CCGS LIMNOS,GEORGIAN BAY,15,445709,-800856,8,50.79,2017-09-15 02:47:00,2046,1.00,.00,0.01000000,,1,6.670000,MG-F,MAGNESIUM,MG/L,44.95250,-80.14889
201705002,2018-02-26 13:41:00,CCGS LIMNOS,GEORGIAN BAY,16,450959,-801749,15,46.62,2017-09-15 05:51:00,2046,1.00,.00,0.01000000,,0,6.620000,MG-F,MAGNESIUM,MG/L,45.16639,-80.29694
201705002,2018-02-26 13:41:00,CCGS LIMNOS,GEORGIAN BAY,17,452112,-802908,16,19.01,2017-09-15 09:06:00,2046,1.00,.00,0.01000000,,0,6.660000,MG-F,MAGNESIUM,MG/L,45.35333,-80.48556
201705002,2018-02-26 13:41:00,CCGS LIMNOS,GEORGIAN BAY,18,451930,-800658,122,94.89,2017-09-15 12:02:00,2046,1.00,.00,0.01000000,,0,4.040000,MG-F,MAGNESIUM,MG/L,45.32500,-80.11611
201705002,2018-02-26 13:41:00,CCGS LIMNOS,GEORGIAN BAY,19,453456,-810459,29,42.78,2017-09-16 15:55:00,2046,1.00,.00,0.01000000,,0,6.680000,MG-F,MAGNESIUM,MG/L,45.58222,-81.08306
201705002,2018-02-26 13:41:00,CCGS LIMNOS,GEORGIAN BAY,19,453456,-810459,29,42.78,2017-09-16 15:55:00,2046,16.00,.00,0.01000000,,0,6.790000,MG-F,MAGNESIUM,MG/L,45.58222,-81.08306
201705002,2018-02-26 13:41:00,CCGS LIMNOS,GEORGIAN BAY,19,453456,-810459,29,42.78,2017-09-16 15:55:00,2046,21.00,.00,0.01000000,,0,6.800000,MG-F,MAGNESIUM,MG/L,45.58222,-81.08306
201705002,2018-02-26 13:41:00,CCGS LIMNOS,GEORGIAN BAY,19,453456,-810459,29,42.78,2017-09-16 15:55:00,2046,26.00,.00,0.01000000,,0,6.680000,MG-F,MAGNESIUM,MG/L,45.58222,-81.08306
201705002,2018-02-26 13:41:00,CCGS LIMNOS,GEORGIAN BAY,19,453456,-810459,29,42.78,2017-09-16 15:55:00,2046,32.00,.00,0.01000000,,0,6.700000,MG-F,MAGNESIUM,MG/L,45.58222,-81.08306
201705002,2018-02-26 13:41:00,CCGS LIMNOS,GEORGIAN BAY,19,453456,-810459,29,42.78,2017-09-16 15:55:00,2046,40.00,.00,0.01000000,,0,6.670000,MG-F,MAGNESIUM,MG/L,45.58222,-81.08306
201705002,2018-02-26 13:41:00,CCGS LIMNOS,GEORGIAN BAY,20,454042,-805022,24,40.01,2017-09-16 18:12:00,2046,1.00,.00,0.01000000,,0,6.390000,MG-F,MAGNESIUM,MG/L,45.67833,-80.83944
201705002,2018-02-26 13:41:00,CCGS LIMNOS,GEORGIAN BAY,20,454042,-805022,24,40.01,2017-09-16 18:12:00,2046,1.00,.00,0.01000000,,1,6.370000,MG-F,MAGNESIUM,MG/L,45.67833,-80.83944
201705002,2018-02-26 13:41:00,CCGS LIMNOS,GEORGIAN BAY,20,454042,-805022,24,40.01,2017-09-16 18:12:00,2046,998.00,.00,0.01000000,,0,.010000,MG-F,MAGNESIUM,MG/L,45.67833,-80.83944
201705002,2018-02-26 13:41:00,CCGS LIMNOS,GEORGIAN BAY,20,454042,-805022,24,40.01,2017-09-16 18:12:00,2046,999.00,.00,0.01000000,<,0,.010000,MG-F,MAGNESIUM,MG/L,45.67833,-80.83944
201705002,2018-02-26 13:41:00,CCGS LIMNOS,GEORGIAN BAY,21,455000,-805357,26,20.11,2017-09-16 20:13:00,2046,1.00,.00,0.01000000,,0,6.090000,MG-F,MAGNESIUM,MG/L,45.83333,-80.89917
201705002,2018-02-26 13:41:00,CCGS LIMNOS,GEORGIAN BAY,22,455156,-805957,27,17.72,2017-09-16 21:23:00,2046,1.00,.00,0.01000000,,0,6.360000,MG-F,MAGNESIUM,MG/L,45.86556,-80.99917
201705002,2018-02-26 13:41:00,CCGS LIMNOS,GEORGIAN BAY,22,455156,-805957,27,17.72,2017-09-16 21:23:00,2046,8.00,.00,0.01000000,,0,5.820000,MG-F,MAGNESIUM,MG/L,45.86556,-80.99917
201705002,2018-02-26 13:41:00,CCGS LIMNOS,GEORGIAN BAY,22,455156,-805957,27,17.72,2017-09-16 21:23:00,2046,15.00,.00,0.01000000,,0,5.670000,MG-F,MAGNESIUM,MG/L,45.86556,-80.99917
201705002,2018-02-26 13:41:00,CCGS LIMNOS,GEORGIAN BAY,23,455223,-811531,39,28.28,2017-09-16 23:25:00,2046,1.00,.00,0.01000000,,0,6.340000,MG-F,MAGNESIUM,MG/L,45.87306,-81.25861
201705002,2018-02-26 13:41:00,CCGS LIMNOS,GEORGIAN BAY,24,454230,-813710,36,52.89,2017-09-17 02:19:00,2046,1.00,.00,0.01000000,,0,6.460000,MG-F,MAGNESIUM,MG/L,45.70833,-81.61944
201705002,2018-02-26 13:41:00,CCGS LIMNOS,GEORGIAN BAY,25,455445,-813539,42,29.5,2017-09-17 05:24:00,2046,1.00,.00,0.01000000,,0,6.410000,MG-F,MAGNESIUM,MG/L,45.91250,-81.59417
201705002,2018-02-26 13:41:00,CCGS LIMNOS,GEORGIAN BAY,25,455445,-813539,42,29.5,2017-09-17 05:24:00,2046,1.00,.00,0.01000000,,1,6.400000,MG-F,MAGNESIUM,MG/L,45.91250,-81.59417
201705002,2018-02-26 13:41:00,CCGS LIMNOS,GEORGIAN BAY,25,455445,-813539,42,29.5,2017-09-17 05:24:00,2046,19.00,.00,0.01000000,,0,6.470000,MG-F,MAGNESIUM,MG/L,45.91250,-81.59417
201705002,2018-02-26 13:41:00,CCGS LIMNOS,GEORGIAN BAY,25,455445,-813539,42,29.5,2017-09-17 05:24:00,2046,22.00,.00,0.01000000,,0,6.570000,MG-F,MAGNESIUM,MG/L,45.91250,-81.59417
201705002,2018-02-26 13:41:00,CCGS LIMNOS,GEORGIAN BAY,26,454546,-814745,46,19.2,2017-09-17 09:00:00,2046,1.00,.00,0.01000000,,0,6.540000,MG-F,MAGNESIUM,MG/L,45.76278,-81.79583
201705001,2018-02-28 15:06:00,CCGS LIMNOS,GEORGIAN BAY,1,454543,-814744,46,18.30,2017-05-21 12:28:00,2048,1.00,.00,0.01000000,,0,4.430000,NA-F,SODIUM,MG/L,45.76194,-81.79556
201705001,2018-02-28 15:06:00,CCGS LIMNOS,GEORGIAN BAY,2,455445,-813545,42,20.00,2017-05-21 14:33:00,2048,1.00,.00,0.01000000,,0,4.440000,NA-F,SODIUM,MG/L,45.91250,-81.59583
201705001,2018-02-28 15:06:00,CCGS LIMNOS,GEORGIAN BAY,2,455445,-813545,42,20.00,2017-05-21 14:33:00,2048,10.00,.00,0.01000000,,0,4.460000,NA-F,SODIUM,MG/L,45.91250,-81.59583
201705001,2018-02-28 15:06:00,CCGS LIMNOS,GEORGIAN BAY,2,455445,-813545,42,20.00,2017-05-21 14:33:00,2048,18.00,.00,0.01000000,,0,4.450000,NA-F,SODIUM,MG/L,45.91250,-81.59583
201705001,2018-02-28 15:06:00,CCGS LIMNOS,GEORGIAN BAY,3,455226,-811533,39,27.50,2017-05-21 17:07:00,2048,1.00,.00,0.01000000,,0,4.460000,NA-F,SODIUM,MG/L,45.87389,-81.25917
201705001,2018-02-28 15:06:00,CCGS LIMNOS,GEORGIAN BAY,4,455158,-810004,27,16.00,2017-05-21 18:42:00,2048,1.00,.00,0.01000000,,0,4.180000,NA-F,SODIUM,MG/L,45.86611,-81.00111
201705001,2018-02-28 15:06:00,CCGS LIMNOS,GEORGIAN BAY,4,455158,-810004,27,16.00,2017-05-21 18:42:00,2048,14.00,.00,0.01000000,,0,4.100000,NA-F,SODIUM,MG/L,45.86611,-81.00111
201705001,2018-02-28 15:06:00,CCGS LIMNOS,GEORGIAN BAY,5,454957,-805402,26,20.52,2017-05-21 20:08:00,2048,1.00,.00,0.01000000,,0,4.280000,NA-F,SODIUM,MG/L,45.83250,-80.90056
201705001,2018-02-28 15:06:00,CCGS LIMNOS,GEORGIAN BAY,5,454957,-805402,26,20.52,2017-05-21 20:08:00,2048,1.00,.00,0.01000000,,1,4.290000,NA-F,SODIUM,MG/L,45.83250,-80.90056
201705001,2018-02-28 15:06:00,CCGS LIMNOS,GEORGIAN BAY,6,454045,-805024,24,39.70,2017-05-21 21:46:00,2048,1.00,.00,0.01000000,,0,4.550000,NA-F,SODIUM,MG/L,45.67917,-80.84000
201705001,2018-02-28 15:06:00,CCGS LIMNOS,GEORGIAN BAY,7,453504,-810454,29,41.90,2017-05-21 23:25:00,2048,1.00,.00,0.01000000,,0,4.550000,NA-F,SODIUM,MG/L,45.58444,-81.08167
201705001,2018-02-28 15:06:00,CCGS LIMNOS,GEORGIAN BAY,7,453504,-810454,29,41.90,2017-05-21 23:25:00,2048,32.00,.00,0.01000000,,0,4.510000,NA-F,SODIUM,MG/L,45.58444,-81.08167
201705001,2018-02-28 15:06:00,CCGS LIMNOS,GEORGIAN BAY,7,453504,-810454,29,41.90,2017-05-21 23:25:00,2048,40.00,.00,0.01000000,,0,4.520000,NA-F,SODIUM,MG/L,45.58444,-81.08167
201705001,2018-02-28 15:06:00,CCGS LIMNOS,GEORGIAN BAY,8,452154,-811120,21,86.27,2017-05-22 02:06:00,2048,1.00,.00,0.01000000,,0,4.500000,NA-F,SODIUM,MG/L,45.36500,-81.18889
201705001,2018-02-28 15:06:00,CCGS LIMNOS,GEORGIAN BAY,9,451442,-805229,17,77.50,2017-05-22 04:32:00,2048,1.00,.00,0.01000000,,0,4.500000,NA-F,SODIUM,MG/L,45.24500,-80.87472
201705001,2018-02-28 15:06:00,CCGS LIMNOS,GEORGIAN BAY,9,451442,-805229,17,77.50,2017-05-22 04:32:00,2048,50.00,.00,0.01000000,,0,4.500000,NA-F,SODIUM,MG/L,45.24500,-80.87472
201705001,2018-02-28 15:06:00,CCGS LIMNOS,GEORGIAN BAY,9,451442,-805229,17,77.50,2017-05-22 04:32:00,2048,67.00,.00,0.01000000,,0,4.490000,NA-F,SODIUM,MG/L,45.24500,-80.87472
201705001,2018-02-28 15:06:00,CCGS LIMNOS,GEORGIAN BAY,9,451442,-805229,17,77.50,2017-05-22 04:32:00,2048,75.00,.00,0.01000000,,0,4.500000,NA-F,SODIUM,MG/L,45.24500,-80.87472
201705001,2018-02-28 15:06:00,CCGS LIMNOS,GEORGIAN BAY,10,452113,-802912,16,18.38,2017-05-22 14:25:00,2048,1.00,.00,0.01000000,,0,4.510000,NA-F,SODIUM,MG/L,45.35361,-80.48667
201705001,2018-02-28 15:06:00,CCGS LIMNOS,GEORGIAN BAY,10,452113,-802912,16,18.38,2017-05-22 14:25:00,2048,1.00,.00,0.01000000,,1,4.520000,NA-F,SODIUM,MG/L,45.35361,-80.48667
201705001,2018-02-28 15:06:00,CCGS LIMNOS,GEORGIAN BAY,10,452113,-802912,16,18.38,2017-05-22 14:25:00,2048,998.00,.00,0.01000000,<,0,.010000,NA-F,SODIUM,MG/L,45.35361,-80.48667
201705001,2018-02-28 15:06:00,CCGS LIMNOS,GEORGIAN BAY,10,452113,-802912,16,18.38,2017-05-22 14:25:00,2048,999.00,.00,0.01000000,<,0,.010000,NA-F,SODIUM,MG/L,45.35361,-80.48667
201705001,2018-02-28 15:06:00,CCGS LIMNOS,GEORGIAN BAY,11,451928,-800703,122,94.00,2017-05-22 16:41:00,2048,1.00,.00,0.01000000,,0,5.370000,NA-F,SODIUM,MG/L,45.32444,-80.11750
201705001,2018-02-28 15:06:00,CCGS LIMNOS,GEORGIAN BAY,12,451001,-801748,15,44.50,2017-05-22 22:41:00,2048,1.00,.00,0.01000000,,0,4.540000,NA-F,SODIUM,MG/L,45.16694,-80.29667
201705001,2018-02-28 15:06:00,CCGS LIMNOS,GEORGIAN BAY,13,445711,-800859,8,50.57,2017-05-23 00:40:00,2048,1.00,.00,0.01000000,,0,4.840000,NA-F,SODIUM,MG/L,44.95306,-80.14972
201705001,2018-02-28 15:06:00,CCGS LIMNOS,GEORGIAN BAY,14,445219,-795801,9,28.89,2017-05-23 02:10:00,2048,1.00,.00,0.01000000,,0,7.450000,NA-F,SODIUM,MG/L,44.87194,-79.96694
201705001,2018-02-28 15:06:00,CCGS LIMNOS,GEORGIAN BAY,14,445219,-795801,9,28.89,2017-05-23 02:10:00,2048,18.00,.00,0.01000000,,0,5.730000,NA-F,SODIUM,MG/L,44.87194,-79.96694
201705001,2018-02-28 15:06:00,CCGS LIMNOS,GEORGIAN BAY,14,445219,-795801,9,28.89,2017-05-23 02:10:00,2048,26.00,.00,0.01000000,,0,5.550000,NA-F,SODIUM,MG/L,44.87194,-79.96694
201705001,2018-02-28 15:06:00,CCGS LIMNOS,GEORGIAN BAY,15,444749,-801440,5,57.50,2017-05-23 05:03:00,2048,1.00,.00,0.01000000,,0,5.140000,NA-F,SODIUM,MG/L,44.79694,-80.24444
201705001,2018-02-28 15:06:00,CCGS LIMNOS,GEORGIAN BAY,15,444749,-801440,5,57.50,2017-05-23 05:03:00,2048,1.00,.00,0.01000000,,1,5.150000,NA-F,SODIUM,MG/L,44.79694,-80.24444
201705001,2018-02-28 15:06:00,CCGS LIMNOS,GEORGIAN BAY,16,443847,-801004,4,58.00,2017-05-23 06:33:00,2048,1.00,.00,0.01000000,,0,4.790000,NA-F,SODIUM,MG/L,44.64639,-80.16778
201705001,2018-02-28 15:06:00,CCGS LIMNOS,GEORGIAN BAY,16,443847,-801004,4,58.00,2017-05-23 06:33:00,2048,48.00,.00,0.01000000,,0,4.720000,NA-F,SODIUM,MG/L,44.64639,-80.16778
201705001,2018-02-28 15:06:00,CCGS LIMNOS,GEORGIAN BAY,16,443847,-801004,4,58.00,2017-05-23 06:33:00,2048,56.00,.00,0.01000000,,0,4.700000,NA-F,SODIUM,MG/L,44.64639,-80.16778
201705001,2018-02-28 15:06:00,CCGS LIMNOS,GEORGIAN BAY,17,444414,-802604,6,85.93,2017-05-23 09:11:00,2048,1.00,.00,0.01000000,,0,4.650000,NA-F,SODIUM,MG/L,44.73722,-80.43444
201705001,2018-02-28 15:06:00,CCGS LIMNOS,GEORGIAN BAY,18,444330,-803656,3,34.05,2017-05-23 10:38:00,2048,1.00,.00,0.01000000,,0,4.640000,NA-F,SODIUM,MG/L,44.72500,-80.61556
201705001,2018-02-28 15:06:00,CCGS LIMNOS,GEORGIAN BAY,19,444306,-805120,1,89.30,2017-05-23 13:17:00,2048,1.00,.00,0.01000000,,0,4.630000,NA-F,SODIUM,MG/L,44.71833,-80.85556
201705001,2018-02-28 15:06:00,CCGS LIMNOS,GEORGIAN BAY,19,444306,-805120,1,89.30,2017-05-23 13:17:00,2048,50.00,.00,0.01000000,,0,4.630000,NA-F,SODIUM,MG/L,44.71833,-80.85556
201705001,2018-02-28 15:06:00,CCGS LIMNOS,GEORGIAN BAY,19,444306,-805120,1,89.30,2017-05-23 13:17:00,2048,79.00,.00,0.01000000,,0,4.620000,NA-F,SODIUM,MG/L,44.71833,-80.85556
201705001,2018-02-28 15:06:00,CCGS LIMNOS,GEORGIAN BAY,19,444306,-805120,1,89.30,2017-05-23 13:17:00,2048,87.00,.00,0.01000000,,0,4.620000,NA-F,SODIUM,MG/L,44.71833,-80.85556
201705001,2018-02-28 15:06:00,CCGS LIMNOS,GEORGIAN BAY,20,445513,-803624,11,61.50,2017-05-23 17:16:00,2048,1.00,.00,0.01000000,,0,4.620000,NA-F,SODIUM,MG/L,44.92028,-80.60667
201705001,2018-02-28 15:06:00,CCGS LIMNOS,GEORGIAN BAY,20,445513,-803624,11,61.50,2017-05-23 17:16:00,2048,1.00,.00,0.01000000,,1,4.620000,NA-F,SODIUM,MG/L,44.92028,-80.60667
201705001,2018-02-28 15:06:00,CCGS LIMNOS,GEORGIAN BAY,20,445513,-803624,11,61.50,2017-05-23 17:16:00,2048,998.00,.00,0.01000000,<,0,.010000,NA-F,SODIUM,MG/L,44.92028,-80.60667
201705001,2018-02-28 15:06:00,CCGS LIMNOS,GEORGIAN BAY,20,445513,-803624,11,61.50,2017-05-23 17:16:00,2048,999.00,.00,0.01000000,<,0,.010000,NA-F,SODIUM,MG/L,44.92028,-80.60667
201705001,2018-02-28 15:06:00,CCGS LIMNOS,GEORGIAN BAY,21,445512,-805224,12,87.90,2017-05-23 19:27:00,2048,1.00,.00,0.01000000,,0,4.570000,NA-F,SODIUM,MG/L,44.92000,-80.87333
201705001,2018-02-28 15:06:00,CCGS LIMNOS,GEORGIAN BAY,22,450359,-811508,19,53.41,2017-05-23 22:43:00,2048,1.00,.00,0.01000000,,0,4.560000,NA-F,SODIUM,MG/L,45.06639,-81.25222
201705001,2018-02-28 15:06:00,CCGS LIMNOS,GEORGIAN BAY,23,451421,-812625,31,71.68,2017-05-24 02:35:00,2048,1.00,.00,0.01000000,,0,4.550000,NA-F,SODIUM,MG/L,45.23917,-81.44028
201705001,2018-02-28 15:06:00,CCGS LIMNOS,GEORGIAN BAY,24,452213,-813502,33,53.80,2017-05-24 04:03:00,2048,1.00,.00,0.01000000,,0,4.530000,NA-F,SODIUM,MG/L,45.37028,-81.58389
201705001,2018-02-28 15:06:00,CCGS LIMNOS,GEORGIAN BAY,24,452213,-813502,33,53.80,2017-05-24 04:03:00,2048,43.00,.00,0.01000000,,0,4.510000,NA-F,SODIUM,MG/L,45.37028,-81.58389
201705001,2018-02-28 15:06:00,CCGS LIMNOS,GEORGIAN BAY,24,452213,-813502,33,53.80,2017-05-24 04:03:00,2048,51.00,.00,0.01000000,,0,4.530000,NA-F,SODIUM,MG/L,45.37028,-81.58389
201705002,2018-02-26 13:41:00,CCGS LIMNOS,GEORGIAN BAY,1,453140,-814010,35,35.29,2017-09-13 15:45:00,2048,1.00,.00,0.01000000,,0,4.240000,NA-F,SODIUM,MG/L,45.52778,-81.66944
201705002,2018-02-26 13:41:00,CCGS LIMNOS,GEORGIAN BAY,2,452212,-813508,33,54.52,2017-09-13 17:29:00,2048,1.00,.00,0.01000000,,0,4.210000,NA-F,SODIUM,MG/L,45.37000,-81.58556
201705002,2018-02-26 13:41:00,CCGS LIMNOS,GEORGIAN BAY,2,452212,-813508,33,54.52,2017-09-13 17:29:00,2048,12.00,.00,0.01000000,,0,4.230000,NA-F,SODIUM,MG/L,45.37000,-81.58556
201705002,2018-02-26 13:41:00,CCGS LIMNOS,GEORGIAN BAY,2,452212,-813508,33,54.52,2017-09-13 17:29:00,2048,20.00,.00,0.01000000,,0,4.250000,NA-F,SODIUM,MG/L,45.37000,-81.58556
201705002,2018-02-26 13:41:00,CCGS LIMNOS,GEORGIAN BAY,2,452212,-813508,33,54.52,2017-09-13 17:29:00,2048,30.00,.00,0.01000000,,0,4.280000,NA-F,SODIUM,MG/L,45.37000,-81.58556
201705002,2018-02-26 13:41:00,CCGS LIMNOS,GEORGIAN BAY,2,452212,-813508,33,54.52,2017-09-13 17:29:00,2048,44.00,.00,0.01000000,,0,4.300000,NA-F,SODIUM,MG/L,45.37000,-81.58556
201705002,2018-02-26 13:41:00,CCGS LIMNOS,GEORGIAN BAY,2,452212,-813508,33,54.52,2017-09-13 17:29:00,2048,52.00,.00,0.01000000,,0,4.260000,NA-F,SODIUM,MG/L,45.37000,-81.58556
201705002,2018-02-26 13:41:00,CCGS LIMNOS,GEORGIAN BAY,3,451419,-812628,31,64.75,2017-09-13 19:30:00,2048,1.00,.00,0.01000000,,0,4.240000,NA-F,SODIUM,MG/L,45.23861,-81.44111
201705002,2018-02-26 13:41:00,CCGS LIMNOS,GEORGIAN BAY,4,452154,-811124,21,86.36,2017-09-13 22:54:00,2048,1.00,.00,0.01000000,,0,4.250000,NA-F,SODIUM,MG/L,45.36500,-81.19000
201705002,2018-02-26 13:41:00,CCGS LIMNOS,GEORGIAN BAY,5,451438,-805228,17,77.87,2017-09-14 01:23:00,2048,1.00,.00,0.01000000,,0,4.210000,NA-F,SODIUM,MG/L,45.24389,-80.87444
201705002,2018-02-26 13:41:00,CCGS LIMNOS,GEORGIAN BAY,5,451438,-805228,17,77.87,2017-09-14 01:23:00,2048,1.00,.00,0.01000000,,1,4.190000,NA-F,SODIUM,MG/L,45.24389,-80.87444
201705002,2018-02-26 13:41:00,CCGS LIMNOS,GEORGIAN BAY,5,451438,-805228,17,77.87,2017-09-14 01:23:00,2048,20.00,.00,0.01000000,,0,4.200000,NA-F,SODIUM,MG/L,45.24389,-80.87444
201705002,2018-02-26 13:41:00,CCGS LIMNOS,GEORGIAN BAY,5,451438,-805228,17,77.87,2017-09-14 01:23:00,2048,27.00,.00,0.01000000,,0,4.320000,NA-F,SODIUM,MG/L,45.24389,-80.87444
201705002,2018-02-26 13:41:00,CCGS LIMNOS,GEORGIAN BAY,5,451438,-805228,17,77.87,2017-09-14 01:23:00,2048,41.00,.00,0.01000000,,0,4.330000,NA-F,SODIUM,MG/L,45.24389,-80.87444
201705002,2018-02-26 13:41:00,CCGS LIMNOS,GEORGIAN BAY,5,451438,-805228,17,77.87,2017-09-14 01:23:00,2048,68.00,.00,0.01000000,,0,4.330000,NA-F,SODIUM,MG/L,45.24389,-80.87444
201705002,2018-02-26 13:41:00,CCGS LIMNOS,GEORGIAN BAY,5,451438,-805228,17,77.87,2017-09-14 01:23:00,2048,76.00,.00,0.01000000,,0,4.300000,NA-F,SODIUM,MG/L,45.24389,-80.87444
201705002,2018-02-26 13:41:00,CCGS LIMNOS,GEORGIAN BAY,6,450401,-811513,19,53.73,2017-09-14 04:33:00,2048,1.00,.00,0.01000000,,0,4.220000,NA-F,SODIUM,MG/L,45.06694,-81.25361
201705002,2018-02-26 13:41:00,CCGS LIMNOS,GEORGIAN BAY,7,445512,-805230,12,88.49,2017-09-14 07:17:00,2048,1.00,.00,0.01000000,,0,4.330000,NA-F,SODIUM,MG/L,44.92000,-80.87500
201705002,2018-02-26 13:41:00,CCGS LIMNOS,GEORGIAN BAY,8,445514,-803622,11,62.16,2017-09-14 09:18:00,2048,1.00,.00,0.01000000,,0,4.390000,NA-F,SODIUM,MG/L,44.92056,-80.60611
201705002,2018-02-26 13:41:00,CCGS LIMNOS,GEORGIAN BAY,9,444303,-805122,1,89.7,2017-09-14 11:41:00,2048,1.00,.00,0.01000000,,0,4.340000,NA-F,SODIUM,MG/L,44.71750,-80.85611
201705002,2018-02-26 13:41:00,CCGS LIMNOS,GEORGIAN BAY,9,444303,-805122,1,89.7,2017-09-14 11:41:00,2048,19.00,.00,0.01000000,,0,4.310000,NA-F,SODIUM,MG/L,44.71750,-80.85611
201705002,2018-02-26 13:41:00,CCGS LIMNOS,GEORGIAN BAY,9,444303,-805122,1,89.7,2017-09-14 11:41:00,2048,25.00,.00,0.01000000,,0,4.270000,NA-F,SODIUM,MG/L,44.71750,-80.85611
201705002,2018-02-26 13:41:00,CCGS LIMNOS,GEORGIAN BAY,9,444303,-805122,1,89.7,2017-09-14 11:41:00,2048,34.00,.00,0.01000000,,0,4.290000,NA-F,SODIUM,MG/L,44.71750,-80.85611
201705002,2018-02-26 13:41:00,CCGS LIMNOS,GEORGIAN BAY,9,444303,-805122,1,89.7,2017-09-14 11:41:00,2048,80.00,.00,0.01000000,,0,4.290000,NA-F,SODIUM,MG/L,44.71750,-80.85611
201705002,2018-02-26 13:41:00,CCGS LIMNOS,GEORGIAN BAY,9,444303,-805122,1,89.7,2017-09-14 11:41:00,2048,88.00,.00,0.01000000,,0,4.320000,NA-F,SODIUM,MG/L,44.71750,-80.85611
201705002,2018-02-26 13:41:00,CCGS LIMNOS,GEORGIAN BAY,10,444329,-803701,3,34.36,2017-09-14 13:46:00,2048,1.00,.00,0.01000000,,0,4.340000,NA-F,SODIUM,MG/L,44.72472,-80.61694
201705002,2018-02-26 13:41:00,CCGS LIMNOS,GEORGIAN BAY,10,444329,-803701,3,34.36,2017-09-14 13:46:00,2048,1.00,.00,0.01000000,,1,4.380000,NA-F,SODIUM,MG/L,44.72472,-80.61694
201705002,2018-02-26 13:41:00,CCGS LIMNOS,GEORGIAN BAY,10,444329,-803701,3,34.36,2017-09-14 13:46:00,2048,998.00,.00,0.01000000,<,0,.010000,NA-F,SODIUM,MG/L,44.72472,-80.61694
201705002,2018-02-26 13:41:00,CCGS LIMNOS,GEORGIAN BAY,10,444329,-803701,3,34.36,2017-09-14 13:46:00,2048,999.00,.00,0.01000000,<,0,.010000,NA-F,SODIUM,MG/L,44.72472,-80.61694
201705002,2018-02-26 13:41:00,CCGS LIMNOS,GEORGIAN BAY,11,444411,-802606,6,87.05,2017-09-14 15:18:00,2048,1.00,.00,0.01000000,,0,4.410000,NA-F,SODIUM,MG/L,44.73639,-80.43500
201705002,2018-02-26 13:41:00,CCGS LIMNOS,GEORGIAN BAY,12,444746,-801436,5,58.89,2017-09-14 17:16:00,2048,1.00,.00,0.01000000,,0,4.420000,NA-F,SODIUM,MG/L,44.79611,-80.24333
201705002,2018-02-26 13:41:00,CCGS LIMNOS,GEORGIAN BAY,13,443844,-801002,4,57.57,2017-09-14 19:38:00,2048,1.00,.00,0.01000000,,0,4.520000,NA-F,SODIUM,MG/L,44.64556,-80.16722
201705002,2018-02-26 13:41:00,CCGS LIMNOS,GEORGIAN BAY,13,443844,-801002,4,57.57,2017-09-14 19:38:00,2048,20.00,.00,0.01000000,,0,4.520000,NA-F,SODIUM,MG/L,44.64556,-80.16722
201705002,2018-02-26 13:41:00,CCGS LIMNOS,GEORGIAN BAY,13,443844,-801002,4,57.57,2017-09-14 19:38:00,2048,27.00,.00,0.01000000,,0,4.360000,NA-F,SODIUM,MG/L,44.64556,-80.16722
201705002,2018-02-26 13:41:00,CCGS LIMNOS,GEORGIAN BAY,13,443844,-801002,4,57.57,2017-09-14 19:38:00,2048,41.00,.00,0.01000000,,0,4.510000,NA-F,SODIUM,MG/L,44.64556,-80.16722
201705002,2018-02-26 13:41:00,CCGS LIMNOS,GEORGIAN BAY,13,443844,-801002,4,57.57,2017-09-14 19:38:00,2048,47.00,.00,0.01000000,,0,4.460000,NA-F,SODIUM,MG/L,44.64556,-80.16722
201705002,2018-02-26 13:41:00,CCGS LIMNOS,GEORGIAN BAY,13,443844,-801002,4,57.57,2017-09-14 19:38:00,2048,55.00,.00,0.01000000,,0,4.440000,NA-F,SODIUM,MG/L,44.64556,-80.16722
201705002,2018-02-26 13:41:00,CCGS LIMNOS,GEORGIAN BAY,14,445216,-795809,9,30.11,2017-09-15 00:22:00,2048,1.00,.00,0.01000000,,0,5.780000,NA-F,SODIUM,MG/L,44.87111,-79.96917
201705002,2018-02-26 13:41:00,CCGS LIMNOS,GEORGIAN BAY,14,445216,-795809,9,30.11,2017-09-15 00:22:00,2048,20.00,.00,0.01000000,,0,5.400000,NA-F,SODIUM,MG/L,44.87111,-79.96917
201705002,2018-02-26 13:41:00,CCGS LIMNOS,GEORGIAN BAY,14,445216,-795809,9,30.11,2017-09-15 00:22:00,2048,28.00,.00,0.01000000,,0,4.800000,NA-F,SODIUM,MG/L,44.87111,-79.96917
201705002,2018-02-26 13:41:00,CCGS LIMNOS,GEORGIAN BAY,15,445709,-800856,8,50.79,2017-09-15 02:47:00,2048,1.00,.00,0.01000000,,0,4.480000,NA-F,SODIUM,MG/L,44.95250,-80.14889
201705002,2018-02-26 13:41:00,CCGS LIMNOS,GEORGIAN BAY,15,445709,-800856,8,50.79,2017-09-15 02:47:00,2048,1.00,.00,0.01000000,,1,4.470000,NA-F,SODIUM,MG/L,44.95250,-80.14889
201705002,2018-02-26 13:41:00,CCGS LIMNOS,GEORGIAN BAY,16,450959,-801749,15,46.62,2017-09-15 05:51:00,2048,1.00,.00,0.01000000,,0,4.500000,NA-F,SODIUM,MG/L,45.16639,-80.29694
201705002,2018-02-26 13:41:00,CCGS LIMNOS,GEORGIAN BAY,17,452112,-802908,16,19.01,2017-09-15 09:06:00,2048,1.00,.00,0.01000000,,0,4.460000,NA-F,SODIUM,MG/L,45.35333,-80.48556
201705002,2018-02-26 13:41:00,CCGS LIMNOS,GEORGIAN BAY,18,451930,-800658,122,94.89,2017-09-15 12:02:00,2048,1.00,.00,0.01000000,,0,5.010000,NA-F,SODIUM,MG/L,45.32500,-80.11611
201705002,2018-02-26 13:41:00,CCGS LIMNOS,GEORGIAN BAY,19,453456,-810459,29,42.78,2017-09-16 15:55:00,2048,1.00,.00,0.01000000,,0,4.340000,NA-F,SODIUM,MG/L,45.58222,-81.08306
201705002,2018-02-26 13:41:00,CCGS LIMNOS,GEORGIAN BAY,19,453456,-810459,29,42.78,2017-09-16 15:55:00,2048,16.00,.00,0.01000000,,0,4.390000,NA-F,SODIUM,MG/L,45.58222,-81.08306
201705002,2018-02-26 13:41:00,CCGS LIMNOS,GEORGIAN BAY,19,453456,-810459,29,42.78,2017-09-16 15:55:00,2048,21.00,.00,0.01000000,,0,4.370000,NA-F,SODIUM,MG/L,45.58222,-81.08306
201705002,2018-02-26 13:41:00,CCGS LIMNOS,GEORGIAN BAY,19,453456,-810459,29,42.78,2017-09-16 15:55:00,2048,26.00,.00,0.01000000,,0,4.320000,NA-F,SODIUM,MG/L,45.58222,-81.08306
201705002,2018-02-26 13:41:00,CCGS LIMNOS,GEORGIAN BAY,19,453456,-810459,29,42.78,2017-09-16 15:55:00,2048,32.00,.00,0.01000000,,0,4.330000,NA-F,SODIUM,MG/L,45.58222,-81.08306
201705002,2018-02-26 13:41:00,CCGS LIMNOS,GEORGIAN BAY,19,453456,-810459,29,42.78,2017-09-16 15:55:00,2048,40.00,.00,0.01000000,,0,4.300000,NA-F,SODIUM,MG/L,45.58222,-81.08306
201705002,2018-02-26 13:41:00,CCGS LIMNOS,GEORGIAN BAY,20,454042,-805022,24,40.01,2017-09-16 18:12:00,2048,1.00,.00,0.01000000,,0,4.400000,NA-F,SODIUM,MG/L,45.67833,-80.83944
201705002,2018-02-26 13:41:00,CCGS LIMNOS,GEORGIAN BAY,20,454042,-805022,24,40.01,2017-09-16 18:12:00,2048,1.00,.00,0.01000000,,1,4.370000,NA-F,SODIUM,MG/L,45.67833,-80.83944
201705002,2018-02-26 13:41:00,CCGS LIMNOS,GEORGIAN BAY,20,454042,-805022,24,40.01,2017-09-16 18:12:00,2048,998.00,.00,0.01000000,,0,.010000,NA-F,SODIUM,MG/L,45.67833,-80.83944
201705002,2018-02-26 13:41:00,CCGS LIMNOS,GEORGIAN BAY,20,454042,-805022,24,40.01,2017-09-16 18:12:00,2048,999.00,.00,0.01000000,<,0,.010000,NA-F,SODIUM,MG/L,45.67833,-80.83944
201705002,2018-02-26 13:41:00,CCGS LIMNOS,GEORGIAN BAY,21,455000,-805357,26,20.11,2017-09-16 20:13:00,2048,1.00,.00,0.01000000,,0,4.190000,NA-F,SODIUM,MG/L,45.83333,-80.89917
201705002,2018-02-26 13:41:00,CCGS LIMNOS,GEORGIAN BAY,22,455156,-805957,27,17.72,2017-09-16 21:23:00,2048,1.00,.00,0.01000000,,0,4.230000,NA-F,SODIUM,MG/L,45.86556,-80.99917
201705002,2018-02-26 13:41:00,CCGS LIMNOS,GEORGIAN BAY,22,455156,-805957,27,17.72,2017-09-16 21:23:00,2048,8.00,.00,0.01000000,,0,4.150000,NA-F,SODIUM,MG/L,45.86556,-80.99917
201705002,2018-02-26 13:41:00,CCGS LIMNOS,GEORGIAN BAY,22,455156,-805957,27,17.72,2017-09-16 21:23:00,2048,15.00,.00,0.01000000,,0,4.130000,NA-F,SODIUM,MG/L,45.86556,-80.99917
201705002,2018-02-26 13:41:00,CCGS LIMNOS,GEORGIAN BAY,23,455223,-811531,39,28.28,2017-09-16 23:25:00,2048,1.00,.00,0.01000000,,0,4.230000,NA-F,SODIUM,MG/L,45.87306,-81.25861
201705002,2018-02-26 13:41:00,CCGS LIMNOS,GEORGIAN BAY,24,454230,-813710,36,52.89,2017-09-17 02:19:00,2048,1.00,.00,0.01000000,,0,4.260000,NA-F,SODIUM,MG/L,45.70833,-81.61944
201705002,2018-02-26 13:41:00,CCGS LIMNOS,GEORGIAN BAY,25,455445,-813539,42,29.5,2017-09-17 05:24:00,2048,1.00,.00,0.01000000,,0,4.220000,NA-F,SODIUM,MG/L,45.91250,-81.59417
201705002,2018-02-26 13:41:00,CCGS LIMNOS,GEORGIAN BAY,25,455445,-813539,42,29.5,2017-09-17 05:24:00,2048,1.00,.00,0.01000000,,1,4.220000,NA-F,SODIUM,MG/L,45.91250,-81.59417
201705002,2018-02-26 13:41:00,CCGS LIMNOS,GEORGIAN BAY,25,455445,-813539,42,29.5,2017-09-17 05:24:00,2048,19.00,.00,0.01000000,,0,4.260000,NA-F,SODIUM,MG/L,45.91250,-81.59417
201705002,2018-02-26 13:41:00,CCGS LIMNOS,GEORGIAN BAY,25,455445,-813539,42,29.5,2017-09-17 05:24:00,2048,22.00,.00,0.01000000,,0,4.280000,NA-F,SODIUM,MG/L,45.91250,-81.59417
201705002,2018-02-26 13:41:00,CCGS LIMNOS,GEORGIAN BAY,26,454546,-814745,46,19.2,2017-09-17 09:00:00,2048,1.00,.00,0.01000000,,0,4.170000,NA-F,SODIUM,MG/L,45.76278,-81.79583
201705001,2018-02-28 15:06:00,CCGS LIMNOS,GEORGIAN BAY,1,454543,-814744,46,18.30,2017-05-21 12:28:00,2050,1.00,.00,0.01000000,,0,1.690000,SIO2-F,SILICA,MG/L,45.76194,-81.79556
201705001,2018-02-28 15:06:00,CCGS LIMNOS,GEORGIAN BAY,2,455445,-813545,42,20.00,2017-05-21 14:33:00,2050,1.00,.00,0.01000000,,0,1.720000,SIO2-F,SILICA,MG/L,45.91250,-81.59583
201705001,2018-02-28 15:06:00,CCGS LIMNOS,GEORGIAN BAY,2,455445,-813545,42,20.00,2017-05-21 14:33:00,2050,10.00,.00,0.01000000,,0,1.730000,SIO2-F,SILICA,MG/L,45.91250,-81.59583
201705001,2018-02-28 15:06:00,CCGS LIMNOS,GEORGIAN BAY,2,455445,-813545,42,20.00,2017-05-21 14:33:00,2050,18.00,.00,0.01000000,,0,1.730000,SIO2-F,SILICA,MG/L,45.91250,-81.59583
201705001,2018-02-28 15:06:00,CCGS LIMNOS,GEORGIAN BAY,3,455226,-811533,39,27.50,2017-05-21 17:07:00,2050,1.00,.00,0.01000000,,0,1.900000,SIO2-F,SILICA,MG/L,45.87389,-81.25917
201705001,2018-02-28 15:06:00,CCGS LIMNOS,GEORGIAN BAY,4,455158,-810004,27,16.00,2017-05-21 18:42:00,2050,1.00,.00,0.01000000,,0,2.310000,SIO2-F,SILICA,MG/L,45.86611,-81.00111
201705001,2018-02-28 15:06:00,CCGS LIMNOS,GEORGIAN BAY,4,455158,-810004,27,16.00,2017-05-21 18:42:00,2050,14.00,.00,0.01000000,,0,2.290000,SIO2-F,SILICA,MG/L,45.86611,-81.00111
201705001,2018-02-28 15:06:00,CCGS LIMNOS,GEORGIAN BAY,5,454957,-805402,26,20.52,2017-05-21 20:08:00,2050,1.00,.00,0.01000000,,0,2.040000,SIO2-F,SILICA,MG/L,45.83250,-80.90056
201705001,2018-02-28 15:06:00,CCGS LIMNOS,GEORGIAN BAY,5,454957,-805402,26,20.52,2017-05-21 20:08:00,2050,1.00,.00,0.01000000,,1,2.060000,SIO2-F,SILICA,MG/L,45.83250,-80.90056
201705001,2018-02-28 15:06:00,CCGS LIMNOS,GEORGIAN BAY,6,454045,-805024,24,39.70,2017-05-21 21:46:00,2050,1.00,.00,0.01000000,,0,1.830000,SIO2-F,SILICA,MG/L,45.67917,-80.84000
201705001,2018-02-28 15:06:00,CCGS LIMNOS,GEORGIAN BAY,7,453504,-810454,29,41.90,2017-05-21 23:25:00,2050,1.00,.00,0.01000000,,0,1.860000,SIO2-F,SILICA,MG/L,45.58444,-81.08167
201705001,2018-02-28 15:06:00,CCGS LIMNOS,GEORGIAN BAY,7,453504,-810454,29,41.90,2017-05-21 23:25:00,2050,32.00,.00,0.01000000,,0,1.790000,SIO2-F,SILICA,MG/L,45.58444,-81.08167
201705001,2018-02-28 15:06:00,CCGS LIMNOS,GEORGIAN BAY,7,453504,-810454,29,41.90,2017-05-21 23:25:00,2050,40.00,.00,0.01000000,,0,1.820000,SIO2-F,SILICA,MG/L,45.58444,-81.08167
201705001,2018-02-28 15:06:00,CCGS LIMNOS,GEORGIAN BAY,8,452154,-811120,21,86.27,2017-05-22 02:06:00,2050,1.00,.00,0.01000000,,0,1.860000,SIO2-F,SILICA,MG/L,45.36500,-81.18889
201705001,2018-02-28 15:06:00,CCGS LIMNOS,GEORGIAN BAY,9,451442,-805229,17,77.50,2017-05-22 04:32:00,2050,1.00,.00,0.01000000,,0,1.870000,SIO2-F,SILICA,MG/L,45.24500,-80.87472
201705001,2018-02-28 15:06:00,CCGS LIMNOS,GEORGIAN BAY,9,451442,-805229,17,77.50,2017-05-22 04:32:00,2050,50.00,.00,0.01000000,,0,1.870000,SIO2-F,SILICA,MG/L,45.24500,-80.87472
201705001,2018-02-28 15:06:00,CCGS LIMNOS,GEORGIAN BAY,9,451442,-805229,17,77.50,2017-05-22 04:32:00,2050,67.00,.00,0.01000000,,0,1.870000,SIO2-F,SILICA,MG/L,45.24500,-80.87472
201705001,2018-02-28 15:06:00,CCGS LIMNOS,GEORGIAN BAY,9,451442,-805229,17,77.50,2017-05-22 04:32:00,2050,75.00,.00,0.01000000,,0,1.860000,SIO2-F,SILICA,MG/L,45.24500,-80.87472
201705001,2018-02-28 15:06:00,CCGS LIMNOS,GEORGIAN BAY,10,452113,-802912,16,18.38,2017-05-22 14:25:00,2050,1.00,.00,0.01000000,,0,1.710000,SIO2-F,SILICA,MG/L,45.35361,-80.48667
201705001,2018-02-28 15:06:00,CCGS LIMNOS,GEORGIAN BAY,10,452113,-802912,16,18.38,2017-05-22 14:25:00,2050,1.00,.00,0.01000000,,1,1.710000,SIO2-F,SILICA,MG/L,45.35361,-80.48667
201705001,2018-02-28 15:06:00,CCGS LIMNOS,GEORGIAN BAY,10,452113,-802912,16,18.38,2017-05-22 14:25:00,2050,998.00,.00,0.01000000,<,0,.010000,SIO2-F,SILICA,MG/L,45.35361,-80.48667
201705001,2018-02-28 15:06:00,CCGS LIMNOS,GEORGIAN BAY,10,452113,-802912,16,18.38,2017-05-22 14:25:00,2050,999.00,.00,0.01000000,,0,.010000,SIO2-F,SILICA,MG/L,45.35361,-80.48667
201705001,2018-02-28 15:06:00,CCGS LIMNOS,GEORGIAN BAY,11,451928,-800703,122,94.00,2017-05-22 16:41:00,2050,1.00,.00,0.01000000,,0,2.350000,SIO2-F,SILICA,MG/L,45.32444,-80.11750
201705001,2018-02-28 15:06:00,CCGS LIMNOS,GEORGIAN BAY,12,451001,-801748,15,44.50,2017-05-22 22:41:00,2050,1.00,.00,0.01000000,,0,1.910000,SIO2-F,SILICA,MG/L,45.16694,-80.29667
201705001,2018-02-28 15:06:00,CCGS LIMNOS,GEORGIAN BAY,13,445711,-800859,8,50.57,2017-05-23 00:40:00,2050,1.00,.00,0.01000000,,0,1.930000,SIO2-F,SILICA,MG/L,44.95306,-80.14972
201705001,2018-02-28 15:06:00,CCGS LIMNOS,GEORGIAN BAY,14,445219,-795801,9,28.89,2017-05-23 02:10:00,2050,1.00,.00,0.01000000,,0,2.960000,SIO2-F,SILICA,MG/L,44.87194,-79.96694
201705001,2018-02-28 15:06:00,CCGS LIMNOS,GEORGIAN BAY,14,445219,-795801,9,28.89,2017-05-23 02:10:00,2050,18.00,.00,0.01000000,,0,2.290000,SIO2-F,SILICA,MG/L,44.87194,-79.96694
201705001,2018-02-28 15:06:00,CCGS LIMNOS,GEORGIAN BAY,14,445219,-795801,9,28.89,2017-05-23 02:10:00,2050,26.00,.00,0.01000000,,0,2.230000,SIO2-F,SILICA,MG/L,44.87194,-79.96694
201705001,2018-02-28 15:06:00,CCGS LIMNOS,GEORGIAN BAY,15,444749,-801440,5,57.50,2017-05-23 05:03:00,2050,1.00,.00,0.01000000,,0,1.740000,SIO2-F,SILICA,MG/L,44.79694,-80.24444
201705001,2018-02-28 15:06:00,CCGS LIMNOS,GEORGIAN BAY,15,444749,-801440,5,57.50,2017-05-23 05:03:00,2050,1.00,.00,0.01000000,,1,1.740000,SIO2-F,SILICA,MG/L,44.79694,-80.24444
201705001,2018-02-28 15:06:00,CCGS LIMNOS,GEORGIAN BAY,16,443847,-801004,4,58.00,2017-05-23 06:33:00,2050,1.00,.00,0.01000000,,0,1.800000,SIO2-F,SILICA,MG/L,44.64639,-80.16778
201705001,2018-02-28 15:06:00,CCGS LIMNOS,GEORGIAN BAY,16,443847,-801004,4,58.00,2017-05-23 06:33:00,2050,48.00,.00,0.01000000,,0,1.860000,SIO2-F,SILICA,MG/L,44.64639,-80.16778
201705001,2018-02-28 15:06:00,CCGS LIMNOS,GEORGIAN BAY,16,443847,-801004,4,58.00,2017-05-23 06:33:00,2050,56.00,.00,0.01000000,,0,1.890000,SIO2-F,SILICA,MG/L,44.64639,-80.16778
201705001,2018-02-28 15:06:00,CCGS LIMNOS,GEORGIAN BAY,17,444414,-802604,6,85.93,2017-05-23 09:11:00,2050,1.00,.00,0.01000000,,0,1.860000,SIO2-F,SILICA,MG/L,44.73722,-80.43444
201705001,2018-02-28 15:06:00,CCGS LIMNOS,GEORGIAN BAY,18,444330,-803656,3,34.05,2017-05-23 10:38:00,2050,1.00,.00,0.01000000,,0,1.810000,SIO2-F,SILICA,MG/L,44.72500,-80.61556
201705001,2018-02-28 15:06:00,CCGS LIMNOS,GEORGIAN BAY,19,444306,-805120,1,89.30,2017-05-23 13:17:00,2050,1.00,.00,0.01000000,,0,1.810000,SIO2-F,SILICA,MG/L,44.71833,-80.85556
201705001,2018-02-28 15:06:00,CCGS LIMNOS,GEORGIAN BAY,19,444306,-805120,1,89.30,2017-05-23 13:17:00,2050,50.00,.00,0.01000000,,0,1.830000,SIO2-F,SILICA,MG/L,44.71833,-80.85556
201705001,2018-02-28 15:06:00,CCGS LIMNOS,GEORGIAN BAY,19,444306,-805120,1,89.30,2017-05-23 13:17:00,2050,79.00,.00,0.01000000,,0,1.860000,SIO2-F,SILICA,MG/L,44.71833,-80.85556
201705001,2018-02-28 15:06:00,CCGS LIMNOS,GEORGIAN BAY,19,444306,-805120,1,89.30,2017-05-23 13:17:00,2050,87.00,.00,0.01000000,,0,1.880000,SIO2-F,SILICA,MG/L,44.71833,-80.85556
201705001,2018-02-28 15:06:00,CCGS LIMNOS,GEORGIAN BAY,20,445513,-803624,11,61.50,2017-05-23 17:16:00,2050,1.00,.00,0.01000000,,0,1.890000,SIO2-F,SILICA,MG/L,44.92028,-80.60667
201705001,2018-02-28 15:06:00,CCGS LIMNOS,GEORGIAN BAY,20,445513,-803624,11,61.50,2017-05-23 17:16:00,2050,1.00,.00,0.01000000,,1,1.890000,SIO2-F,SILICA,MG/L,44.92028,-80.60667
201705001,2018-02-28 15:06:00,CCGS LIMNOS,GEORGIAN BAY,20,445513,-803624,11,61.50,2017-05-23 17:16:00,2050,998.00,.00,0.01000000,<,0,.010000,SIO2-F,SILICA,MG/L,44.92028,-80.60667
201705001,2018-02-28 15:06:00,CCGS LIMNOS,GEORGIAN BAY,20,445513,-803624,11,61.50,2017-05-23 17:16:00,2050,999.00,.00,0.01000000,<,0,.010000,SIO2-F,SILICA,MG/L,44.92028,-80.60667
201705001,2018-02-28 15:06:00,CCGS LIMNOS,GEORGIAN BAY,21,445512,-805224,12,87.90,2017-05-23 19:27:00,2050,1.00,.00,0.01000000,,0,1.870000,SIO2-F,SILICA,MG/L,44.92000,-80.87333
201705001,2018-02-28 15:06:00,CCGS LIMNOS,GEORGIAN BAY,22,450359,-811508,19,53.41,2017-05-23 22:43:00,2050,1.00,.00,0.01000000,,0,1.860000,SIO2-F,SILICA,MG/L,45.06639,-81.25222
201705001,2018-02-28 15:06:00,CCGS LIMNOS,GEORGIAN BAY,23,451421,-812625,31,71.68,2017-05-24 02:35:00,2050,1.00,.00,0.01000000,,0,1.800000,SIO2-F,SILICA,MG/L,45.23917,-81.44028
201705001,2018-02-28 15:06:00,CCGS LIMNOS,GEORGIAN BAY,24,452213,-813502,33,53.80,2017-05-24 04:03:00,2050,1.00,.00,0.01000000,,0,1.800000,SIO2-F,SILICA,MG/L,45.37028,-81.58389
201705001,2018-02-28 15:06:00,CCGS LIMNOS,GEORGIAN BAY,24,452213,-813502,33,53.80,2017-05-24 04:03:00,2050,43.00,.00,0.01000000,,0,1.800000,SIO2-F,SILICA,MG/L,45.37028,-81.58389
201705001,2018-02-28 15:06:00,CCGS LIMNOS,GEORGIAN BAY,24,452213,-813502,33,53.80,2017-05-24 04:03:00,2050,51.00,.00,0.01000000,,0,1.830000,SIO2-F,SILICA,MG/L,45.37028,-81.58389
201705002,2018-02-26 13:41:00,CCGS LIMNOS,GEORGIAN BAY,1,453140,-814010,35,35.29,2017-09-13 15:45:00,2050,1.00,.00,0.01000000,,0,1.410000,SIO2-F,SILICA,MG/L,45.52778,-81.66944
201705002,2018-02-26 13:41:00,CCGS LIMNOS,GEORGIAN BAY,2,452212,-813508,33,54.52,2017-09-13 17:29:00,2050,1.00,.00,0.01000000,,0,1.380000,SIO2-F,SILICA,MG/L,45.37000,-81.58556
201705002,2018-02-26 13:41:00,CCGS LIMNOS,GEORGIAN BAY,2,452212,-813508,33,54.52,2017-09-13 17:29:00,2050,12.00,.00,0.01000000,,0,1.430000,SIO2-F,SILICA,MG/L,45.37000,-81.58556
201705002,2018-02-26 13:41:00,CCGS LIMNOS,GEORGIAN BAY,2,452212,-813508,33,54.52,2017-09-13 17:29:00,2050,20.00,.00,0.01000000,,0,1.590000,SIO2-F,SILICA,MG/L,45.37000,-81.58556
201705002,2018-02-26 13:41:00,CCGS LIMNOS,GEORGIAN BAY,2,452212,-813508,33,54.52,2017-09-13 17:29:00,2050,30.00,.00,0.01000000,,0,1.780000,SIO2-F,SILICA,MG/L,45.37000,-81.58556
201705002,2018-02-26 13:41:00,CCGS LIMNOS,GEORGIAN BAY,2,452212,-813508,33,54.52,2017-09-13 17:29:00,2050,44.00,.00,0.01000000,,0,1.870000,SIO2-F,SILICA,MG/L,45.37000,-81.58556
201705002,2018-02-26 13:41:00,CCGS LIMNOS,GEORGIAN BAY,2,452212,-813508,33,54.52,2017-09-13 17:29:00,2050,52.00,.00,0.01000000,,0,1.880000,SIO2-F,SILICA,MG/L,45.37000,-81.58556
201705002,2018-02-26 13:41:00,CCGS LIMNOS,GEORGIAN BAY,3,451419,-812628,31,64.75,2017-09-13 19:30:00,2050,1.00,.00,0.01000000,,0,1.440000,SIO2-F,SILICA,MG/L,45.23861,-81.44111
201705002,2018-02-26 13:41:00,CCGS LIMNOS,GEORGIAN BAY,4,452154,-811124,21,86.36,2017-09-13 22:54:00,2050,1.00,.00,0.01000000,,0,1.440000,SIO2-F,SILICA,MG/L,45.36500,-81.19000
201705002,2018-02-26 13:41:00,CCGS LIMNOS,GEORGIAN BAY,5,451438,-805228,17,77.87,2017-09-14 01:23:00,2050,1.00,.00,0.01000000,,0,1.400000,SIO2-F,SILICA,MG/L,45.24389,-80.87444
201705002,2018-02-26 13:41:00,CCGS LIMNOS,GEORGIAN BAY,5,451438,-805228,17,77.87,2017-09-14 01:23:00,2050,1.00,.00,0.01000000,,1,1.390000,SIO2-F,SILICA,MG/L,45.24389,-80.87444
201705002,2018-02-26 13:41:00,CCGS LIMNOS,GEORGIAN BAY,5,451438,-805228,17,77.87,2017-09-14 01:23:00,2050,20.00,.00,0.01000000,,0,1.450000,SIO2-F,SILICA,MG/L,45.24389,-80.87444
201705002,2018-02-26 13:41:00,CCGS LIMNOS,GEORGIAN BAY,5,451438,-805228,17,77.87,2017-09-14 01:23:00,2050,27.00,.00,0.01000000,,0,1.880000,SIO2-F,SILICA,MG/L,45.24389,-80.87444
201705002,2018-02-26 13:41:00,CCGS LIMNOS,GEORGIAN BAY,5,451438,-805228,17,77.87,2017-09-14 01:23:00,2050,41.00,.00,0.01000000,,0,1.940000,SIO2-F,SILICA,MG/L,45.24389,-80.87444
201705002,2018-02-26 13:41:00,CCGS LIMNOS,GEORGIAN BAY,5,451438,-805228,17,77.87,2017-09-14 01:23:00,2050,68.00,.00,0.01000000,,0,1.940000,SIO2-F,SILICA,MG/L,45.24389,-80.87444
201705002,2018-02-26 13:41:00,CCGS LIMNOS,GEORGIAN BAY,5,451438,-805228,17,77.87,2017-09-14 01:23:00,2050,76.00,.00,0.01000000,,0,1.940000,SIO2-F,SILICA,MG/L,45.24389,-80.87444
201705002,2018-02-26 13:41:00,CCGS LIMNOS,GEORGIAN BAY,6,450401,-811513,19,53.73,2017-09-14 04:33:00,2050,1.00,.00,0.01000000,,0,1.460000,SIO2-F,SILICA,MG/L,45.06694,-81.25361
201705002,2018-02-26 13:41:00,CCGS LIMNOS,GEORGIAN BAY,7,445512,-805230,12,88.49,2017-09-14 07:17:00,2050,1.00,.00,0.01000000,,0,1.500000,SIO2-F,SILICA,MG/L,44.92000,-80.87500
201705002,2018-02-26 13:41:00,CCGS LIMNOS,GEORGIAN BAY,8,445514,-803622,11,62.16,2017-09-14 09:18:00,2050,1.00,.00,0.01000000,,0,1.500000,SIO2-F,SILICA,MG/L,44.92056,-80.60611
201705002,2018-02-26 13:41:00,CCGS LIMNOS,GEORGIAN BAY,9,444303,-805122,1,89.7,2017-09-14 11:41:00,2050,1.00,.00,0.01000000,,0,1.510000,SIO2-F,SILICA,MG/L,44.71750,-80.85611
201705002,2018-02-26 13:41:00,CCGS LIMNOS,GEORGIAN BAY,9,444303,-805122,1,89.7,2017-09-14 11:41:00,2050,19.00,.00,0.01000000,,0,1.580000,SIO2-F,SILICA,MG/L,44.71750,-80.85611
201705002,2018-02-26 13:41:00,CCGS LIMNOS,GEORGIAN BAY,9,444303,-805122,1,89.7,2017-09-14 11:41:00,2050,25.00,.00,0.01000000,,0,1.750000,SIO2-F,SILICA,MG/L,44.71750,-80.85611
201705002,2018-02-26 13:41:00,CCGS LIMNOS,GEORGIAN BAY,9,444303,-805122,1,89.7,2017-09-14 11:41:00,2050,34.00,.00,0.01000000,,0,1.840000,SIO2-F,SILICA,MG/L,44.71750,-80.85611
201705002,2018-02-26 13:41:00,CCGS LIMNOS,GEORGIAN BAY,9,444303,-805122,1,89.7,2017-09-14 11:41:00,2050,80.00,.00,0.01000000,,0,2.020000,SIO2-F,SILICA,MG/L,44.71750,-80.85611
201705002,2018-02-26 13:41:00,CCGS LIMNOS,GEORGIAN BAY,9,444303,-805122,1,89.7,2017-09-14 11:41:00,2050,88.00,.00,0.01000000,,0,2.030000,SIO2-F,SILICA,MG/L,44.71750,-80.85611
201705002,2018-02-26 13:41:00,CCGS LIMNOS,GEORGIAN BAY,10,444329,-803701,3,34.36,2017-09-14 13:46:00,2050,1.00,.00,0.01000000,,0,1.500000,SIO2-F,SILICA,MG/L,44.72472,-80.61694
201705002,2018-02-26 13:41:00,CCGS LIMNOS,GEORGIAN BAY,10,444329,-803701,3,34.36,2017-09-14 13:46:00,2050,1.00,.00,0.01000000,,1,1.510000,SIO2-F,SILICA,MG/L,44.72472,-80.61694
201705002,2018-02-26 13:41:00,CCGS LIMNOS,GEORGIAN BAY,10,444329,-803701,3,34.36,2017-09-14 13:46:00,2050,998.00,.00,0.01000000,<,0,.010000,SIO2-F,SILICA,MG/L,44.72472,-80.61694
201705002,2018-02-26 13:41:00,CCGS LIMNOS,GEORGIAN BAY,10,444329,-803701,3,34.36,2017-09-14 13:46:00,2050,999.00,.00,0.01000000,<,0,.010000,SIO2-F,SILICA,MG/L,44.72472,-80.61694
201705002,2018-02-26 13:41:00,CCGS LIMNOS,GEORGIAN BAY,11,444411,-802606,6,87.05,2017-09-14 15:18:00,2050,1.00,.00,0.01000000,,0,1.510000,SIO2-F,SILICA,MG/L,44.73639,-80.43500
201705002,2018-02-26 13:41:00,CCGS LIMNOS,GEORGIAN BAY,12,444746,-801436,5,58.89,2017-09-14 17:16:00,2050,1.00,.00,0.01000000,,0,1.500000,SIO2-F,SILICA,MG/L,44.79611,-80.24333
201705002,2018-02-26 13:41:00,CCGS LIMNOS,GEORGIAN BAY,13,443844,-801002,4,57.57,2017-09-14 19:38:00,2050,1.00,.00,0.01000000,,0,1.510000,SIO2-F,SILICA,MG/L,44.64556,-80.16722
201705002,2018-02-26 13:41:00,CCGS LIMNOS,GEORGIAN BAY,13,443844,-801002,4,57.57,2017-09-14 19:38:00,2050,20.00,.00,0.01000000,,0,1.510000,SIO2-F,SILICA,MG/L,44.64556,-80.16722
201705002,2018-02-26 13:41:00,CCGS LIMNOS,GEORGIAN BAY,13,443844,-801002,4,57.57,2017-09-14 19:38:00,2050,27.00,.00,0.01000000,,0,1.650000,SIO2-F,SILICA,MG/L,44.64556,-80.16722
201705002,2018-02-26 13:41:00,CCGS LIMNOS,GEORGIAN BAY,13,443844,-801002,4,57.57,2017-09-14 19:38:00,2050,41.00,.00,0.01000000,,0,2.240000,SIO2-F,SILICA,MG/L,44.64556,-80.16722
201705002,2018-02-26 13:41:00,CCGS LIMNOS,GEORGIAN BAY,13,443844,-801002,4,57.57,2017-09-14 19:38:00,2050,47.00,.00,0.01000000,,0,2.270000,SIO2-F,SILICA,MG/L,44.64556,-80.16722
201705002,2018-02-26 13:41:00,CCGS LIMNOS,GEORGIAN BAY,13,443844,-801002,4,57.57,2017-09-14 19:38:00,2050,55.00,.00,0.01000000,,0,2.250000,SIO2-F,SILICA,MG/L,44.64556,-80.16722
201705002,2018-02-26 13:41:00,CCGS LIMNOS,GEORGIAN BAY,14,445216,-795809,9,30.11,2017-09-15 00:22:00,2050,1.00,.00,0.01000000,,0,1.770000,SIO2-F,SILICA,MG/L,44.87111,-79.96917
201705002,2018-02-26 13:41:00,CCGS LIMNOS,GEORGIAN BAY,14,445216,-795809,9,30.11,2017-09-15 00:22:00,2050,20.00,.00,0.01000000,,0,1.730000,SIO2-F,SILICA,MG/L,44.87111,-79.96917
201705002,2018-02-26 13:41:00,CCGS LIMNOS,GEORGIAN BAY,14,445216,-795809,9,30.11,2017-09-15 00:22:00,2050,28.00,.00,0.01000000,,0,1.800000,SIO2-F,SILICA,MG/L,44.87111,-79.96917
201705002,2018-02-26 13:41:00,CCGS LIMNOS,GEORGIAN BAY,15,445709,-800856,8,50.79,2017-09-15 02:47:00,2050,1.00,.00,0.01000000,,0,1.510000,SIO2-F,SILICA,MG/L,44.95250,-80.14889
201705002,2018-02-26 13:41:00,CCGS LIMNOS,GEORGIAN BAY,15,445709,-800856,8,50.79,2017-09-15 02:47:00,2050,1.00,.00,0.01000000,,1,1.490000,SIO2-F,SILICA,MG/L,44.95250,-80.14889
201705002,2018-02-26 13:41:00,CCGS LIMNOS,GEORGIAN BAY,16,450959,-801749,15,46.62,2017-09-15 05:51:00,2050,1.00,.00,0.01000000,,0,1.490000,SIO2-F,SILICA,MG/L,45.16639,-80.29694
201705002,2018-02-26 13:41:00,CCGS LIMNOS,GEORGIAN BAY,17,452112,-802908,16,19.01,2017-09-15 09:06:00,2050,1.00,.00,0.01000000,,0,1.490000,SIO2-F,SILICA,MG/L,45.35333,-80.48556
201705002,2018-02-26 13:41:00,CCGS LIMNOS,GEORGIAN BAY,18,451930,-800658,122,94.89,2017-09-15 12:02:00,2050,1.00,.00,0.01000000,,0,1.280000,SIO2-F,SILICA,MG/L,45.32500,-80.11611
201705002,2018-02-26 13:41:00,CCGS LIMNOS,GEORGIAN BAY,19,453456,-810459,29,42.78,2017-09-16 15:55:00,2050,1.00,.00,0.01000000,,0,1.460000,SIO2-F,SILICA,MG/L,45.58222,-81.08306
201705002,2018-02-26 13:41:00,CCGS LIMNOS,GEORGIAN BAY,19,453456,-810459,29,42.78,2017-09-16 15:55:00,2050,16.00,.00,0.01000000,,0,1.490000,SIO2-F,SILICA,MG/L,45.58222,-81.08306
201705002,2018-02-26 13:41:00,CCGS LIMNOS,GEORGIAN BAY,19,453456,-810459,29,42.78,2017-09-16 15:55:00,2050,21.00,.00,0.01000000,,0,1.560000,SIO2-F,SILICA,MG/L,45.58222,-81.08306
201705002,2018-02-26 13:41:00,CCGS LIMNOS,GEORGIAN BAY,19,453456,-810459,29,42.78,2017-09-16 15:55:00,2050,26.00,.00,0.01000000,,0,1.750000,SIO2-F,SILICA,MG/L,45.58222,-81.08306
201705002,2018-02-26 13:41:00,CCGS LIMNOS,GEORGIAN BAY,19,453456,-810459,29,42.78,2017-09-16 15:55:00,2050,32.00,.00,0.01000000,,0,1.860000,SIO2-F,SILICA,MG/L,45.58222,-81.08306
201705002,2018-02-26 13:41:00,CCGS LIMNOS,GEORGIAN BAY,19,453456,-810459,29,42.78,2017-09-16 15:55:00,2050,40.00,.00,0.01000000,,0,1.890000,SIO2-F,SILICA,MG/L,45.58222,-81.08306
201705002,2018-02-26 13:41:00,CCGS LIMNOS,GEORGIAN BAY,20,454042,-805022,24,40.01,2017-09-16 18:12:00,2050,1.00,.00,0.01000000,,0,1.380000,SIO2-F,SILICA,MG/L,45.67833,-80.83944
201705002,2018-02-26 13:41:00,CCGS LIMNOS,GEORGIAN BAY,20,454042,-805022,24,40.01,2017-09-16 18:12:00,2050,1.00,.00,0.01000000,,1,1.380000,SIO2-F,SILICA,MG/L,45.67833,-80.83944
201705002,2018-02-26 13:41:00,CCGS LIMNOS,GEORGIAN BAY,20,454042,-805022,24,40.01,2017-09-16 18:12:00,2050,998.00,.00,0.01000000,<,0,.010000,SIO2-F,SILICA,MG/L,45.67833,-80.83944
201705002,2018-02-26 13:41:00,CCGS LIMNOS,GEORGIAN BAY,20,454042,-805022,24,40.01,2017-09-16 18:12:00,2050,999.00,.00,0.01000000,<,0,.010000,SIO2-F,SILICA,MG/L,45.67833,-80.83944
201705002,2018-02-26 13:41:00,CCGS LIMNOS,GEORGIAN BAY,21,455000,-805357,26,20.11,2017-09-16 20:13:00,2050,1.00,.00,0.01000000,,0,1.360000,SIO2-F,SILICA,MG/L,45.83333,-80.89917
201705002,2018-02-26 13:41:00,CCGS LIMNOS,GEORGIAN BAY,22,455156,-805957,27,17.72,2017-09-16 21:23:00,2050,1.00,.00,0.01000000,,0,1.310000,SIO2-F,SILICA,MG/L,45.86556,-80.99917
201705002,2018-02-26 13:41:00,CCGS LIMNOS,GEORGIAN BAY,22,455156,-805957,27,17.72,2017-09-16 21:23:00,2050,8.00,.00,0.01000000,,0,1.440000,SIO2-F,SILICA,MG/L,45.86556,-80.99917
201705002,2018-02-26 13:41:00,CCGS LIMNOS,GEORGIAN BAY,22,455156,-805957,27,17.72,2017-09-16 21:23:00,2050,15.00,.00,0.01000000,,0,1.460000,SIO2-F,SILICA,MG/L,45.86556,-80.99917
201705002,2018-02-26 13:41:00,CCGS LIMNOS,GEORGIAN BAY,23,455223,-811531,39,28.28,2017-09-16 23:25:00,2050,1.00,.00,0.01000000,,0,1.330000,SIO2-F,SILICA,MG/L,45.87306,-81.25861
201705002,2018-02-26 13:41:00,CCGS LIMNOS,GEORGIAN BAY,24,454230,-813710,36,52.89,2017-09-17 02:19:00,2050,1.00,.00,0.01000000,,0,1.370000,SIO2-F,SILICA,MG/L,45.70833,-81.61944
201705002,2018-02-26 13:41:00,CCGS LIMNOS,GEORGIAN BAY,25,455445,-813539,42,29.5,2017-09-17 05:24:00,2050,1.00,.00,0.01000000,,0,1.260000,SIO2-F,SILICA,MG/L,45.91250,-81.59417
201705002,2018-02-26 13:41:00,CCGS LIMNOS,GEORGIAN BAY,25,455445,-813539,42,29.5,2017-09-17 05:24:00,2050,1.00,.00,0.01000000,,1,1.260000,SIO2-F,SILICA,MG/L,45.91250,-81.59417
201705002,2018-02-26 13:41:00,CCGS LIMNOS,GEORGIAN BAY,25,455445,-813539,42,29.5,2017-09-17 05:24:00,2050,19.00,.00,0.01000000,,0,1.510000,SIO2-F,SILICA,MG/L,45.91250,-81.59417
201705002,2018-02-26 13:41:00,CCGS LIMNOS,GEORGIAN BAY,25,455445,-813539,42,29.5,2017-09-17 05:24:00,2050,22.00,.00,0.01000000,,0,1.680000,SIO2-F,SILICA,MG/L,45.91250,-81.59417
201705002,2018-02-26 13:41:00,CCGS LIMNOS,GEORGIAN BAY,26,454546,-814745,46,19.2,2017-09-17 09:00:00,2050,1.00,.00,0.01000000,,0,1.120000,SIO2-F,SILICA,MG/L,45.76278,-81.79583
201705001,2018-02-28 15:06:00,CCGS LIMNOS,GEORGIAN BAY,9,451442,-805229,17,77.50,2017-05-22 04:32:00,2130,1.00,.00,11.00000000,<,0,11.000000,BPA,Bisphenol A,NG/L,45.24500,-80.87472
201705001,2018-02-28 15:06:00,CCGS LIMNOS,GEORGIAN BAY,9,451442,-805229,17,77.50,2017-05-22 04:32:00,2134,1.00,.00,12.00000000,<,0,12.000000,BPF,Bisphenol F,NG/L,45.24500,-80.87472
201705001,2018-02-28 15:06:00,CCGS LIMNOS,GEORGIAN BAY,9,451442,-805229,17,77.50,2017-05-22 04:32:00,2136,1.00,.00,7.30000000,<,0,7.300000,BPP,Bisphenol P,NG/L,45.24500,-80.87472
201705001,2018-02-28 15:06:00,CCGS LIMNOS,GEORGIAN BAY,9,451442,-805229,17,77.50,2017-05-22 04:32:00,2138,1.00,.00,7.10000000,<,0,7.100000,BPS,Bisphenol S,NG/L,45.24500,-80.87472
201705001,2018-02-28 15:06:00,CCGS LIMNOS,GEORGIAN BAY,9,451442,-805229,17,77.50,2017-05-22 04:32:00,2146,1.00,.00,15.00000000,<,0,15.000000,TCS,Triclosan,NG/L,45.24500,-80.87472
201705001,2018-02-28 15:06:00,CCGS LIMNOS,GEORGIAN BAY,9,451442,-805229,17,77.50,2017-05-22 04:32:00,2148,1.00,.00,4.30000000,<,0,4.300000,DY3,Disperse Yellow 3,NG/L,45.24500,-80.87472
201705001,2018-02-28 15:06:00,CCGS LIMNOS,GEORGIAN BAY,2,455445,-813545,42,20.00,2017-05-21 14:33:00,2150,3.00,.00,0.03000000,,0,.350000,HG-T,TOTAL MERCURY,NG/L,45.91250,-81.59583
201705001,2018-02-28 15:06:00,CCGS LIMNOS,GEORGIAN BAY,4,455158,-810004,27,16.00,2017-05-21 18:42:00,2150,3.00,.00,0.03000000,,0,.710000,HG-T,TOTAL MERCURY,NG/L,45.86611,-81.00111
201705001,2018-02-28 15:06:00,CCGS LIMNOS,GEORGIAN BAY,7,453504,-810454,29,41.90,2017-05-21 23:25:00,2150,3.00,.00,0.03000000,,0,.200000,HG-T,TOTAL MERCURY,NG/L,45.58444,-81.08167
201705001,2018-02-28 15:06:00,CCGS LIMNOS,GEORGIAN BAY,9,451442,-805229,17,77.50,2017-05-22 04:32:00,2150,3.00,.00,0.03000000,,0,.150000,HG-T,TOTAL MERCURY,NG/L,45.24500,-80.87472
201705001,2018-02-28 15:06:00,CCGS LIMNOS,GEORGIAN BAY,9,451442,-805229,17,77.50,2017-05-22 04:32:00,2150,3.00,.00,0.03000000,,1,.150000,HG-T,TOTAL MERCURY,NG/L,45.24500,-80.87472
201705001,2018-02-28 15:06:00,CCGS LIMNOS,GEORGIAN BAY,9,451442,-805229,17,77.50,2017-05-22 04:32:00,2150,998.00,.00,0.03000000,<,0,.030000,HG-T,TOTAL MERCURY,NG/L,45.24500,-80.87472
201705001,2018-02-28 15:06:00,CCGS LIMNOS,GEORGIAN BAY,14,445219,-795801,9,28.89,2017-05-23 02:10:00,2150,3.00,.00,0.03000000,,0,.580000,HG-T,TOTAL MERCURY,NG/L,44.87194,-79.96694
201705001,2018-02-28 15:06:00,CCGS LIMNOS,GEORGIAN BAY,16,443847,-801004,4,58.00,2017-05-23 06:33:00,2150,3.00,.00,0.03000000,,0,.200000,HG-T,TOTAL MERCURY,NG/L,44.64639,-80.16778
201705001,2018-02-28 15:06:00,CCGS LIMNOS,GEORGIAN BAY,19,444306,-805120,1,89.30,2017-05-23 13:17:00,2150,3.00,.00,0.03000000,,0,.210000,HG-T,TOTAL MERCURY,NG/L,44.71833,-80.85556
201705001,2018-02-28 15:06:00,CCGS LIMNOS,GEORGIAN BAY,24,452213,-813502,33,53.80,2017-05-24 04:03:00,2150,3.00,.00,0.03000000,,0,.160000,HG-T,TOTAL MERCURY,NG/L,45.37028,-81.58389
201705001,2018-02-28 15:06:00,CCGS LIMNOS,GEORGIAN BAY,2,455445,-813545,42,20.00,2017-05-21 14:33:00,2151,12.00,.00,-88.80000000,,0,.000000,PCB100,"2,2',4,4',6-Pentachlorobiphenyl",ng/L,45.91250,-81.59583
201705001,2018-02-28 15:06:00,CCGS LIMNOS,GEORGIAN BAY,4,455158,-810004,27,16.00,2017-05-21 18:42:00,2151,3.00,.00,-88.80000000,,0,.000000,PCB100,"2,2',4,4',6-Pentachlorobiphenyl",ng/L,45.86611,-81.00111
201705001,2018-02-28 15:06:00,CCGS LIMNOS,GEORGIAN BAY,7,453504,-810454,29,41.90,2017-05-21 23:25:00,2151,12.00,.00,-88.80000000,,0,.000000,PCB100,"2,2',4,4',6-Pentachlorobiphenyl",ng/L,45.58444,-81.08167
201705001,2018-02-28 15:06:00,CCGS LIMNOS,GEORGIAN BAY,9,451442,-805229,17,77.50,2017-05-22 04:32:00,2151,12.00,.00,-88.80000000,,0,.000000,PCB100,"2,2',4,4',6-Pentachlorobiphenyl",ng/L,45.24500,-80.87472
201705001,2018-02-28 15:06:00,CCGS LIMNOS,GEORGIAN BAY,14,445219,-795801,9,28.89,2017-05-23 02:10:00,2151,12.00,.00,-88.80000000,,0,.000000,PCB100,"2,2',4,4',6-Pentachlorobiphenyl",ng/L,44.87194,-79.96694
201705001,2018-02-28 15:06:00,CCGS LIMNOS,GEORGIAN BAY,16,443847,-801004,4,58.00,2017-05-23 06:33:00,2151,12.00,.00,-88.80000000,,0,.000000,PCB100,"2,2',4,4',6-Pentachlorobiphenyl",ng/L,44.64639,-80.16778
201705001,2018-02-28 15:06:00,CCGS LIMNOS,GEORGIAN BAY,19,444306,-805120,1,89.30,2017-05-23 13:17:00,2151,12.00,.00,-88.80000000,,0,.000000,PCB100,"2,2',4,4',6-Pentachlorobiphenyl",ng/L,44.71833,-80.85556
201705001,2018-02-28 15:06:00,CCGS LIMNOS,GEORGIAN BAY,24,452213,-813502,33,53.80,2017-05-24 04:03:00,2151,12.00,.00,-88.80000000,,0,.000000,PCB100,"2,2',4,4',6-Pentachlorobiphenyl",ng/L,45.37028,-81.58389
201705001,2018-02-28 15:06:00,CCGS LIMNOS,GEORGIAN BAY,2,455445,-813545,42,20.00,2017-05-21 14:33:00,2152,12.00,.00,-88.80000000,,0,.001300,PCB105,"1,2,3-trichloro-4-(3,4-dichlorophenyl)benzene",ng/L,45.91250,-81.59583
201705001,2018-02-28 15:06:00,CCGS LIMNOS,GEORGIAN BAY,4,455158,-810004,27,16.00,2017-05-21 18:42:00,2152,3.00,.00,-88.80000000,,0,.000700,PCB105,"1,2,3-trichloro-4-(3,4-dichlorophenyl)benzene",ng/L,45.86611,-81.00111
201705001,2018-02-28 15:06:00,CCGS LIMNOS,GEORGIAN BAY,7,453504,-810454,29,41.90,2017-05-21 23:25:00,2152,12.00,.00,-88.80000000,,0,.001100,PCB105,"1,2,3-trichloro-4-(3,4-dichlorophenyl)benzene",ng/L,45.58444,-81.08167
201705001,2018-02-28 15:06:00,CCGS LIMNOS,GEORGIAN BAY,9,451442,-805229,17,77.50,2017-05-22 04:32:00,2152,12.00,.00,-88.80000000,,0,.000800,PCB105,"1,2,3-trichloro-4-(3,4-dichlorophenyl)benzene",ng/L,45.24500,-80.87472
201705001,2018-02-28 15:06:00,CCGS LIMNOS,GEORGIAN BAY,14,445219,-795801,9,28.89,2017-05-23 02:10:00,2152,12.00,.00,-88.80000000,,0,.001400,PCB105,"1,2,3-trichloro-4-(3,4-dichlorophenyl)benzene",ng/L,44.87194,-79.96694
201705001,2018-02-28 15:06:00,CCGS LIMNOS,GEORGIAN BAY,16,443847,-801004,4,58.00,2017-05-23 06:33:00,2152,12.00,.00,-88.80000000,,0,.000800,PCB105,"1,2,3-trichloro-4-(3,4-dichlorophenyl)benzene",ng/L,44.64639,-80.16778
201705001,2018-02-28 15:06:00,CCGS LIMNOS,GEORGIAN BAY,19,444306,-805120,1,89.30,2017-05-23 13:17:00,2152,12.00,.00,-88.80000000,,0,.001200,PCB105,"1,2,3-trichloro-4-(3,4-dichlorophenyl)benzene",ng/L,44.71833,-80.85556
201705001,2018-02-28 15:06:00,CCGS LIMNOS,GEORGIAN BAY,24,452213,-813502,33,53.80,2017-05-24 04:03:00,2152,12.00,.00,-88.80000000,,0,.000700,PCB105,"1,2,3-trichloro-4-(3,4-dichlorophenyl)benzene",ng/L,45.37028,-81.58389
201705001,2018-02-28 15:06:00,CCGS LIMNOS,GEORGIAN BAY,2,455445,-813545,42,20.00,2017-05-21 14:33:00,2153,12.00,.00,-88.80000000,,0,.000000,PCB107,"1,2,5-trichloro-3-(3,4-dichlorophenyl)benzene",ng/L,45.91250,-81.59583
201705001,2018-02-28 15:06:00,CCGS LIMNOS,GEORGIAN BAY,4,455158,-810004,27,16.00,2017-05-21 18:42:00,2153,3.00,.00,-88.80000000,,0,.000000,PCB107,"1,2,5-trichloro-3-(3,4-dichlorophenyl)benzene",ng/L,45.86611,-81.00111
201705001,2018-02-28 15:06:00,CCGS LIMNOS,GEORGIAN BAY,7,453504,-810454,29,41.90,2017-05-21 23:25:00,2153,12.00,.00,-88.80000000,,0,.000000,PCB107,"1,2,5-trichloro-3-(3,4-dichlorophenyl)benzene",ng/L,45.58444,-81.08167
201705001,2018-02-28 15:06:00,CCGS LIMNOS,GEORGIAN BAY,9,451442,-805229,17,77.50,2017-05-22 04:32:00,2153,12.00,.00,-88.80000000,,0,.000000,PCB107,"1,2,5-trichloro-3-(3,4-dichlorophenyl)benzene",ng/L,45.24500,-80.87472
201705001,2018-02-28 15:06:00,CCGS LIMNOS,GEORGIAN BAY,14,445219,-795801,9,28.89,2017-05-23 02:10:00,2153,12.00,.00,-88.80000000,,0,.000000,PCB107,"1,2,5-trichloro-3-(3,4-dichlorophenyl)benzene",ng/L,44.87194,-79.96694
201705001,2018-02-28 15:06:00,CCGS LIMNOS,GEORGIAN BAY,16,443847,-801004,4,58.00,2017-05-23 06:33:00,2153,12.00,.00,-88.80000000,,0,.000000,PCB107,"1,2,5-trichloro-3-(3,4-dichlorophenyl)benzene",ng/L,44.64639,-80.16778
201705001,2018-02-28 15:06:00,CCGS LIMNOS,GEORGIAN BAY,19,444306,-805120,1,89.30,2017-05-23 13:17:00,2153,12.00,.00,-88.80000000,,0,.000000,PCB107,"1,2,5-trichloro-3-(3,4-dichlorophenyl)benzene",ng/L,44.71833,-80.85556
201705001,2018-02-28 15:06:00,CCGS LIMNOS,GEORGIAN BAY,24,452213,-813502,33,53.80,2017-05-24 04:03:00,2153,12.00,.00,-88.80000000,,0,.000000,PCB107,"1,2,5-trichloro-3-(3,4-dichlorophenyl)benzene",ng/L,45.37028,-81.58389
201705001,2018-02-28 15:06:00,CCGS LIMNOS,GEORGIAN BAY,2,455445,-813545,42,20.00,2017-05-21 14:33:00,2154,12.00,.00,-88.80000000,,0,.005500,PCB110,"1,2,4-trichloro-3-(3,4-dichlorophenyl)benzene",ng/L,45.91250,-81.59583
201705001,2018-02-28 15:06:00,CCGS LIMNOS,GEORGIAN BAY,4,455158,-810004,27,16.00,2017-05-21 18:42:00,2154,3.00,.00,-88.80000000,,0,.004400,PCB110,"1,2,4-trichloro-3-(3,4-dichlorophenyl)benzene",ng/L,45.86611,-81.00111
201705001,2018-02-28 15:06:00,CCGS LIMNOS,GEORGIAN BAY,7,453504,-810454,29,41.90,2017-05-21 23:25:00,2154,12.00,.00,-88.80000000,,0,.005300,PCB110,"1,2,4-trichloro-3-(3,4-dichlorophenyl)benzene",ng/L,45.58444,-81.08167
201705001,2018-02-28 15:06:00,CCGS LIMNOS,GEORGIAN BAY,9,451442,-805229,17,77.50,2017-05-22 04:32:00,2154,12.00,.00,-88.80000000,,0,.004300,PCB110,"1,2,4-trichloro-3-(3,4-dichlorophenyl)benzene",ng/L,45.24500,-80.87472
201705001,2018-02-28 15:06:00,CCGS LIMNOS,GEORGIAN BAY,14,445219,-795801,9,28.89,2017-05-23 02:10:00,2154,12.00,.00,-88.80000000,,0,.004500,PCB110,"1,2,4-trichloro-3-(3,4-dichlorophenyl)benzene",ng/L,44.87194,-79.96694
201705001,2018-02-28 15:06:00,CCGS LIMNOS,GEORGIAN BAY,16,443847,-801004,4,58.00,2017-05-23 06:33:00,2154,12.00,.00,-88.80000000,,0,.004100,PCB110,"1,2,4-trichloro-3-(3,4-dichlorophenyl)benzene",ng/L,44.64639,-80.16778
201705001,2018-02-28 15:06:00,CCGS LIMNOS,GEORGIAN BAY,19,444306,-805120,1,89.30,2017-05-23 13:17:00,2154,12.00,.00,-88.80000000,,0,.004900,PCB110,"1,2,4-trichloro-3-(3,4-dichlorophenyl)benzene",ng/L,44.71833,-80.85556
201705001,2018-02-28 15:06:00,CCGS LIMNOS,GEORGIAN BAY,24,452213,-813502,33,53.80,2017-05-24 04:03:00,2154,12.00,.00,-88.80000000,,0,.003400,PCB110,"1,2,4-trichloro-3-(3,4-dichlorophenyl)benzene",ng/L,45.37028,-81.58389
201705001,2018-02-28 15:06:00,CCGS LIMNOS,GEORGIAN BAY,2,455445,-813545,42,20.00,2017-05-21 14:33:00,2155,12.00,.00,-88.80000000,,0,.000000,PCB114,"1,2,3,4-tetrachloro-5-(4-chlorophenyl)benzene",ng/L,45.91250,-81.59583
201705001,2018-02-28 15:06:00,CCGS LIMNOS,GEORGIAN BAY,4,455158,-810004,27,16.00,2017-05-21 18:42:00,2155,3.00,.00,-88.80000000,,0,.000000,PCB114,"1,2,3,4-tetrachloro-5-(4-chlorophenyl)benzene",ng/L,45.86611,-81.00111
201705001,2018-02-28 15:06:00,CCGS LIMNOS,GEORGIAN BAY,7,453504,-810454,29,41.90,2017-05-21 23:25:00,2155,12.00,.00,-88.80000000,,0,.000000,PCB114,"1,2,3,4-tetrachloro-5-(4-chlorophenyl)benzene",ng/L,45.58444,-81.08167
201705001,2018-02-28 15:06:00,CCGS LIMNOS,GEORGIAN BAY,9,451442,-805229,17,77.50,2017-05-22 04:32:00,2155,12.00,.00,-88.80000000,,0,.000000,PCB114,"1,2,3,4-tetrachloro-5-(4-chlorophenyl)benzene",ng/L,45.24500,-80.87472
201705001,2018-02-28 15:06:00,CCGS LIMNOS,GEORGIAN BAY,14,445219,-795801,9,28.89,2017-05-23 02:10:00,2155,12.00,.00,-88.80000000,,0,.000800,PCB114,"1,2,3,4-tetrachloro-5-(4-chlorophenyl)benzene",ng/L,44.87194,-79.96694
201705001,2018-02-28 15:06:00,CCGS LIMNOS,GEORGIAN BAY,16,443847,-801004,4,58.00,2017-05-23 06:33:00,2155,12.00,.00,-88.80000000,,0,.000000,PCB114,"1,2,3,4-tetrachloro-5-(4-chlorophenyl)benzene",ng/L,44.64639,-80.16778
201705001,2018-02-28 15:06:00,CCGS LIMNOS,GEORGIAN BAY,19,444306,-805120,1,89.30,2017-05-23 13:17:00,2155,12.00,.00,-88.80000000,,0,.000600,PCB114,"1,2,3,4-tetrachloro-5-(4-chlorophenyl)benzene",ng/L,44.71833,-80.85556
201705001,2018-02-28 15:06:00,CCGS LIMNOS,GEORGIAN BAY,24,452213,-813502,33,53.80,2017-05-24 04:03:00,2155,12.00,.00,-88.80000000,,0,.000400,PCB114,"1,2,3,4-tetrachloro-5-(4-chlorophenyl)benzene",ng/L,45.37028,-81.58389
201705001,2018-02-28 15:06:00,CCGS LIMNOS,GEORGIAN BAY,2,455445,-813545,42,20.00,2017-05-21 14:33:00,2156,12.00,.00,-88.80000000,,0,.001900,PCB118,"1,2,4-trichloro-5-(3,4-dichlorophenyl)benzene",ng/L,45.91250,-81.59583
201705001,2018-02-28 15:06:00,CCGS LIMNOS,GEORGIAN BAY,4,455158,-810004,27,16.00,2017-05-21 18:42:00,2156,3.00,.00,-88.80000000,,0,.001600,PCB118,"1,2,4-trichloro-5-(3,4-dichlorophenyl)benzene",ng/L,45.86611,-81.00111
201705001,2018-02-28 15:06:00,CCGS LIMNOS,GEORGIAN BAY,7,453504,-810454,29,41.90,2017-05-21 23:25:00,2156,12.00,.00,-88.80000000,,0,.002100,PCB118,"1,2,4-trichloro-5-(3,4-dichlorophenyl)benzene",ng/L,45.58444,-81.08167
201705001,2018-02-28 15:06:00,CCGS LIMNOS,GEORGIAN BAY,9,451442,-805229,17,77.50,2017-05-22 04:32:00,2156,12.00,.00,-88.80000000,,0,.001600,PCB118,"1,2,4-trichloro-5-(3,4-dichlorophenyl)benzene",ng/L,45.24500,-80.87472
201705001,2018-02-28 15:06:00,CCGS LIMNOS,GEORGIAN BAY,14,445219,-795801,9,28.89,2017-05-23 02:10:00,2156,12.00,.00,-88.80000000,,0,.002100,PCB118,"1,2,4-trichloro-5-(3,4-dichlorophenyl)benzene",ng/L,44.87194,-79.96694
201705001,2018-02-28 15:06:00,CCGS LIMNOS,GEORGIAN BAY,16,443847,-801004,4,58.00,2017-05-23 06:33:00,2156,12.00,.00,-88.80000000,,0,.001100,PCB118,"1,2,4-trichloro-5-(3,4-dichlorophenyl)benzene",ng/L,44.64639,-80.16778
201705001,2018-02-28 15:06:00,CCGS LIMNOS,GEORGIAN BAY,19,444306,-805120,1,89.30,2017-05-23 13:17:00,2156,12.00,.00,-88.80000000,,0,.002300,PCB118,"1,2,4-trichloro-5-(3,4-dichlorophenyl)benzene",ng/L,44.71833,-80.85556
201705001,2018-02-28 15:06:00,CCGS LIMNOS,GEORGIAN BAY,24,452213,-813502,33,53.80,2017-05-24 04:03:00,2156,12.00,.00,-88.80000000,,0,.001100,PCB118,"1,2,4-trichloro-5-(3,4-dichlorophenyl)benzene",ng/L,45.37028,-81.58389
201705001,2018-02-28 15:06:00,CCGS LIMNOS,GEORGIAN BAY,2,455445,-813545,42,20.00,2017-05-21 14:33:00,2157,12.00,.00,-88.80000000,,0,.000000,PCB119,"2,3’,4,4’,6-pentabromodiphenyl ether (PBDE 119)",ng/L,45.91250,-81.59583
201705001,2018-02-28 15:06:00,CCGS LIMNOS,GEORGIAN BAY,4,455158,-810004,27,16.00,2017-05-21 18:42:00,2157,3.00,.00,-88.80000000,,0,.000000,PCB119,"2,3’,4,4’,6-pentabromodiphenyl ether (PBDE 119)",ng/L,45.86611,-81.00111
201705001,2018-02-28 15:06:00,CCGS LIMNOS,GEORGIAN BAY,7,453504,-810454,29,41.90,2017-05-21 23:25:00,2157,12.00,.00,-88.80000000,,0,.000000,PCB119,"2,3’,4,4’,6-pentabromodiphenyl ether (PBDE 119)",ng/L,45.58444,-81.08167
201705001,2018-02-28 15:06:00,CCGS LIMNOS,GEORGIAN BAY,9,451442,-805229,17,77.50,2017-05-22 04:32:00,2157,12.00,.00,-88.80000000,,0,.000000,PCB119,"2,3’,4,4’,6-pentabromodiphenyl ether (PBDE 119)",ng/L,45.24500,-80.87472
201705001,2018-02-28 15:06:00,CCGS LIMNOS,GEORGIAN BAY,14,445219,-795801,9,28.89,2017-05-23 02:10:00,2157,12.00,.00,-88.80000000,,0,.000000,PCB119,"2,3’,4,4’,6-pentabromodiphenyl ether (PBDE 119)",ng/L,44.87194,-79.96694
201705001,2018-02-28 15:06:00,CCGS LIMNOS,GEORGIAN BAY,16,443847,-801004,4,58.00,2017-05-23 06:33:00,2157,12.00,.00,-88.80000000,,0,.000000,PCB119,"2,3’,4,4’,6-pentabromodiphenyl ether (PBDE 119)",ng/L,44.64639,-80.16778
201705001,2018-02-28 15:06:00,CCGS LIMNOS,GEORGIAN BAY,19,444306,-805120,1,89.30,2017-05-23 13:17:00,2157,12.00,.00,-88.80000000,,0,.000000,PCB119,"2,3’,4,4’,6-pentabromodiphenyl ether (PBDE 119)",ng/L,44.71833,-80.85556
201705001,2018-02-28 15:06:00,CCGS LIMNOS,GEORGIAN BAY,24,452213,-813502,33,53.80,2017-05-24 04:03:00,2157,12.00,.00,-88.80000000,,0,.000000,PCB119,"2,3’,4,4’,6-pentabromodiphenyl ether (PBDE 119)",ng/L,45.37028,-81.58389
201705001,2018-02-28 15:06:00,CCGS LIMNOS,GEORGIAN BAY,2,455445,-813545,42,20.00,2017-05-21 14:33:00,2158,12.00,.00,-88.80000000,,0,.000000,"PCB12,13","3,4-dichlorobiphenyl/3,4'-Dichlorobiphenyl",ng/L,45.91250,-81.59583
201705001,2018-02-28 15:06:00,CCGS LIMNOS,GEORGIAN BAY,4,455158,-810004,27,16.00,2017-05-21 18:42:00,2158,3.00,.00,-88.80000000,,0,.000000,"PCB12,13","3,4-dichlorobiphenyl/3,4'-Dichlorobiphenyl",ng/L,45.86611,-81.00111
201705001,2018-02-28 15:06:00,CCGS LIMNOS,GEORGIAN BAY,7,453504,-810454,29,41.90,2017-05-21 23:25:00,2158,12.00,.00,-88.80000000,,0,.000000,"PCB12,13","3,4-dichlorobiphenyl/3,4'-Dichlorobiphenyl",ng/L,45.58444,-81.08167
201705001,2018-02-28 15:06:00,CCGS LIMNOS,GEORGIAN BAY,9,451442,-805229,17,77.50,2017-05-22 04:32:00,2158,12.00,.00,-88.80000000,,0,.000000,"PCB12,13","3,4-dichlorobiphenyl/3,4'-Dichlorobiphenyl",ng/L,45.24500,-80.87472
201705001,2018-02-28 15:06:00,CCGS LIMNOS,GEORGIAN BAY,14,445219,-795801,9,28.89,2017-05-23 02:10:00,2158,12.00,.00,-88.80000000,,0,.000000,"PCB12,13","3,4-dichlorobiphenyl/3,4'-Dichlorobiphenyl",ng/L,44.87194,-79.96694
201705001,2018-02-28 15:06:00,CCGS LIMNOS,GEORGIAN BAY,16,443847,-801004,4,58.00,2017-05-23 06:33:00,2158,12.00,.00,-88.80000000,,0,.000000,"PCB12,13","3,4-dichlorobiphenyl/3,4'-Dichlorobiphenyl",ng/L,44.64639,-80.16778
201705001,2018-02-28 15:06:00,CCGS LIMNOS,GEORGIAN BAY,19,444306,-805120,1,89.30,2017-05-23 13:17:00,2158,12.00,.00,-88.80000000,,0,.000000,"PCB12,13","3,4-dichlorobiphenyl/3,4'-Dichlorobiphenyl",ng/L,44.71833,-80.85556
201705001,2018-02-28 15:06:00,CCGS LIMNOS,GEORGIAN BAY,24,452213,-813502,33,53.80,2017-05-24 04:03:00,2158,12.00,.00,-88.80000000,,0,.000000,"PCB12,13","3,4-dichlorobiphenyl/3,4'-Dichlorobiphenyl",ng/L,45.37028,-81.58389
201705001,2018-02-28 15:06:00,CCGS LIMNOS,GEORGIAN BAY,2,455445,-813545,42,20.00,2017-05-21 14:33:00,2159,12.00,.00,-88.80000000,,0,.000000,PCB123,"2,3',4,4',5'-pentachlorobiphenyl",ng/L,45.91250,-81.59583
201705001,2018-02-28 15:06:00,CCGS LIMNOS,GEORGIAN BAY,4,455158,-810004,27,16.00,2017-05-21 18:42:00,2159,3.00,.00,-88.80000000,,0,.000000,PCB123,"2,3',4,4',5'-pentachlorobiphenyl",ng/L,45.86611,-81.00111
201705001,2018-02-28 15:06:00,CCGS LIMNOS,GEORGIAN BAY,7,453504,-810454,29,41.90,2017-05-21 23:25:00,2159,12.00,.00,-88.80000000,,0,.000000,PCB123,"2,3',4,4',5'-pentachlorobiphenyl",ng/L,45.58444,-81.08167
201705001,2018-02-28 15:06:00,CCGS LIMNOS,GEORGIAN BAY,9,451442,-805229,17,77.50,2017-05-22 04:32:00,2159,12.00,.00,-88.80000000,,0,.000000,PCB123,"2,3',4,4',5'-pentachlorobiphenyl",ng/L,45.24500,-80.87472
201705001,2018-02-28 15:06:00,CCGS LIMNOS,GEORGIAN BAY,14,445219,-795801,9,28.89,2017-05-23 02:10:00,2159,12.00,.00,-88.80000000,,0,.000000,PCB123,"2,3',4,4',5'-pentachlorobiphenyl",ng/L,44.87194,-79.96694
201705001,2018-02-28 15:06:00,CCGS LIMNOS,GEORGIAN BAY,16,443847,-801004,4,58.00,2017-05-23 06:33:00,2159,12.00,.00,-88.80000000,,0,.000000,PCB123,"2,3',4,4',5'-pentachlorobiphenyl",ng/L,44.64639,-80.16778
201705001,2018-02-28 15:06:00,CCGS LIMNOS,GEORGIAN BAY,19,444306,-805120,1,89.30,2017-05-23 13:17:00,2159,12.00,.00,-88.80000000,,0,.000000,PCB123,"2,3',4,4',5'-pentachlorobiphenyl",ng/L,44.71833,-80.85556
201705001,2018-02-28 15:06:00,CCGS LIMNOS,GEORGIAN BAY,24,452213,-813502,33,53.80,2017-05-24 04:03:00,2159,12.00,.00,-88.80000000,,0,.000000,PCB123,"2,3',4,4',5'-pentachlorobiphenyl",ng/L,45.37028,-81.58389
201705001,2018-02-28 15:06:00,CCGS LIMNOS,GEORGIAN BAY,2,455445,-813545,42,20.00,2017-05-21 14:33:00,2160,12.00,.00,-88.80000000,,0,.000000,PCB126,"1,2,3-trichloro-5-(3,4-dichlorophenyl)benzene",ng/L,45.91250,-81.59583
201705001,2018-02-28 15:06:00,CCGS LIMNOS,GEORGIAN BAY,4,455158,-810004,27,16.00,2017-05-21 18:42:00,2160,3.00,.00,-88.80000000,,0,.000000,PCB126,"1,2,3-trichloro-5-(3,4-dichlorophenyl)benzene",ng/L,45.86611,-81.00111
201705001,2018-02-28 15:06:00,CCGS LIMNOS,GEORGIAN BAY,7,453504,-810454,29,41.90,2017-05-21 23:25:00,2160,12.00,.00,-88.80000000,,0,.000000,PCB126,"1,2,3-trichloro-5-(3,4-dichlorophenyl)benzene",ng/L,45.58444,-81.08167
201705001,2018-02-28 15:06:00,CCGS LIMNOS,GEORGIAN BAY,9,451442,-805229,17,77.50,2017-05-22 04:32:00,2160,12.00,.00,-88.80000000,,0,.000000,PCB126,"1,2,3-trichloro-5-(3,4-dichlorophenyl)benzene",ng/L,45.24500,-80.87472
201705001,2018-02-28 15:06:00,CCGS LIMNOS,GEORGIAN BAY,14,445219,-795801,9,28.89,2017-05-23 02:10:00,2160,12.00,.00,-88.80000000,,0,.000000,PCB126,"1,2,3-trichloro-5-(3,4-dichlorophenyl)benzene",ng/L,44.87194,-79.96694
201705001,2018-02-28 15:06:00,CCGS LIMNOS,GEORGIAN BAY,16,443847,-801004,4,58.00,2017-05-23 06:33:00,2160,12.00,.00,-88.80000000,,0,.000000,PCB126,"1,2,3-trichloro-5-(3,4-dichlorophenyl)benzene",ng/L,44.64639,-80.16778
201705001,2018-02-28 15:06:00,CCGS LIMNOS,GEORGIAN BAY,19,444306,-805120,1,89.30,2017-05-23 13:17:00,2160,12.00,.00,-88.80000000,,0,.000000,PCB126,"1,2,3-trichloro-5-(3,4-dichlorophenyl)benzene",ng/L,44.71833,-80.85556
201705001,2018-02-28 15:06:00,CCGS LIMNOS,GEORGIAN BAY,24,452213,-813502,33,53.80,2017-05-24 04:03:00,2160,12.00,.00,-88.80000000,,0,.000000,PCB126,"1,2,3-trichloro-5-(3,4-dichlorophenyl)benzene",ng/L,45.37028,-81.58389
201705001,2018-02-28 15:06:00,CCGS LIMNOS,GEORGIAN BAY,2,455445,-813545,42,20.00,2017-05-21 14:33:00,2161,12.00,.00,-88.80000000,,0,.000700,PCB128,"1,2,3-trichloro-4-(2,3,4-trichlorophenyl)benzene",ng/L,45.91250,-81.59583
201705001,2018-02-28 15:06:00,CCGS LIMNOS,GEORGIAN BAY,4,455158,-810004,27,16.00,2017-05-21 18:42:00,2161,3.00,.00,-88.80000000,,0,.000000,PCB128,"1,2,3-trichloro-4-(2,3,4-trichlorophenyl)benzene",ng/L,45.86611,-81.00111
201705001,2018-02-28 15:06:00,CCGS LIMNOS,GEORGIAN BAY,7,453504,-810454,29,41.90,2017-05-21 23:25:00,2161,12.00,.00,-88.80000000,,0,.000000,PCB128,"1,2,3-trichloro-4-(2,3,4-trichlorophenyl)benzene",ng/L,45.58444,-81.08167
201705001,2018-02-28 15:06:00,CCGS LIMNOS,GEORGIAN BAY,9,451442,-805229,17,77.50,2017-05-22 04:32:00,2161,12.00,.00,-88.80000000,,0,.000000,PCB128,"1,2,3-trichloro-4-(2,3,4-trichlorophenyl)benzene",ng/L,45.24500,-80.87472
201705001,2018-02-28 15:06:00,CCGS LIMNOS,GEORGIAN BAY,14,445219,-795801,9,28.89,2017-05-23 02:10:00,2161,12.00,.00,-88.80000000,,0,.000000,PCB128,"1,2,3-trichloro-4-(2,3,4-trichlorophenyl)benzene",ng/L,44.87194,-79.96694
201705001,2018-02-28 15:06:00,CCGS LIMNOS,GEORGIAN BAY,16,443847,-801004,4,58.00,2017-05-23 06:33:00,2161,12.00,.00,-88.80000000,,0,.000000,PCB128,"1,2,3-trichloro-4-(2,3,4-trichlorophenyl)benzene",ng/L,44.64639,-80.16778
201705001,2018-02-28 15:06:00,CCGS LIMNOS,GEORGIAN BAY,19,444306,-805120,1,89.30,2017-05-23 13:17:00,2161,12.00,.00,-88.80000000,,0,.000700,PCB128,"1,2,3-trichloro-4-(2,3,4-trichlorophenyl)benzene",ng/L,44.71833,-80.85556
201705001,2018-02-28 15:06:00,CCGS LIMNOS,GEORGIAN BAY,24,452213,-813502,33,53.80,2017-05-24 04:03:00,2161,12.00,.00,-88.80000000,,0,.000000,PCB128,"1,2,3-trichloro-4-(2,3,4-trichlorophenyl)benzene",ng/L,45.37028,-81.58389
201705001,2018-02-28 15:06:00,CCGS LIMNOS,GEORGIAN BAY,2,455445,-813545,42,20.00,2017-05-21 14:33:00,2162,12.00,.00,-88.80000000,,0,.000000,PCB129,"1,2,3,4-tetrachloro-5-(2,3-dichlorophenyl)benzene",ng/L,45.91250,-81.59583
201705001,2018-02-28 15:06:00,CCGS LIMNOS,GEORGIAN BAY,4,455158,-810004,27,16.00,2017-05-21 18:42:00,2162,3.00,.00,-88.80000000,,0,.000000,PCB129,"1,2,3,4-tetrachloro-5-(2,3-dichlorophenyl)benzene",ng/L,45.86611,-81.00111
201705001,2018-02-28 15:06:00,CCGS LIMNOS,GEORGIAN BAY,7,453504,-810454,29,41.90,2017-05-21 23:25:00,2162,12.00,.00,-88.80000000,,0,.000000,PCB129,"1,2,3,4-tetrachloro-5-(2,3-dichlorophenyl)benzene",ng/L,45.58444,-81.08167
201705001,2018-02-28 15:06:00,CCGS LIMNOS,GEORGIAN BAY,9,451442,-805229,17,77.50,2017-05-22 04:32:00,2162,12.00,.00,-88.80000000,,0,.000000,PCB129,"1,2,3,4-tetrachloro-5-(2,3-dichlorophenyl)benzene",ng/L,45.24500,-80.87472
201705001,2018-02-28 15:06:00,CCGS LIMNOS,GEORGIAN BAY,14,445219,-795801,9,28.89,2017-05-23 02:10:00,2162,12.00,.00,-88.80000000,,0,.000000,PCB129,"1,2,3,4-tetrachloro-5-(2,3-dichlorophenyl)benzene",ng/L,44.87194,-79.96694
201705001,2018-02-28 15:06:00,CCGS LIMNOS,GEORGIAN BAY,16,443847,-801004,4,58.00,2017-05-23 06:33:00,2162,12.00,.00,-88.80000000,,0,.000000,PCB129,"1,2,3,4-tetrachloro-5-(2,3-dichlorophenyl)benzene",ng/L,44.64639,-80.16778
201705001,2018-02-28 15:06:00,CCGS LIMNOS,GEORGIAN BAY,19,444306,-805120,1,89.30,2017-05-23 13:17:00,2162,12.00,.00,-88.80000000,,0,.000000,PCB129,"1,2,3,4-tetrachloro-5-(2,3-dichlorophenyl)benzene",ng/L,44.71833,-80.85556
201705001,2018-02-28 15:06:00,CCGS LIMNOS,GEORGIAN BAY,24,452213,-813502,33,53.80,2017-05-24 04:03:00,2162,12.00,.00,-88.80000000,,0,.000000,PCB129,"1,2,3,4-tetrachloro-5-(2,3-dichlorophenyl)benzene",ng/L,45.37028,-81.58389
201705001,2018-02-28 15:06:00,CCGS LIMNOS,GEORGIAN BAY,2,455445,-813545,42,20.00,2017-05-21 14:33:00,2163,12.00,.00,-88.80000000,,0,.000000,PCB131,"1,2,3,5-tetrachloro-4-(2,3-dichlorophenyl)benzene",ng/L,45.91250,-81.59583
201705001,2018-02-28 15:06:00,CCGS LIMNOS,GEORGIAN BAY,4,455158,-810004,27,16.00,2017-05-21 18:42:00,2163,3.00,.00,-88.80000000,,0,.000000,PCB131,"1,2,3,5-tetrachloro-4-(2,3-dichlorophenyl)benzene",ng/L,45.86611,-81.00111
201705001,2018-02-28 15:06:00,CCGS LIMNOS,GEORGIAN BAY,7,453504,-810454,29,41.90,2017-05-21 23:25:00,2163,12.00,.00,-88.80000000,,0,.000000,PCB131,"1,2,3,5-tetrachloro-4-(2,3-dichlorophenyl)benzene",ng/L,45.58444,-81.08167
201705001,2018-02-28 15:06:00,CCGS LIMNOS,GEORGIAN BAY,9,451442,-805229,17,77.50,2017-05-22 04:32:00,2163,12.00,.00,-88.80000000,,0,.000000,PCB131,"1,2,3,5-tetrachloro-4-(2,3-dichlorophenyl)benzene",ng/L,45.24500,-80.87472
201705001,2018-02-28 15:06:00,CCGS LIMNOS,GEORGIAN BAY,14,445219,-795801,9,28.89,2017-05-23 02:10:00,2163,12.00,.00,-88.80000000,,0,.000000,PCB131,"1,2,3,5-tetrachloro-4-(2,3-dichlorophenyl)benzene",ng/L,44.87194,-79.96694
201705001,2018-02-28 15:06:00,CCGS LIMNOS,GEORGIAN BAY,16,443847,-801004,4,58.00,2017-05-23 06:33:00,2163,12.00,.00,-88.80000000,,0,.000000,PCB131,"1,2,3,5-tetrachloro-4-(2,3-dichlorophenyl)benzene",ng/L,44.64639,-80.16778
201705001,2018-02-28 15:06:00,CCGS LIMNOS,GEORGIAN BAY,19,444306,-805120,1,89.30,2017-05-23 13:17:00,2163,12.00,.00,-88.80000000,,0,.000000,PCB131,"1,2,3,5-tetrachloro-4-(2,3-dichlorophenyl)benzene",ng/L,44.71833,-80.85556
201705001,2018-02-28 15:06:00,CCGS LIMNOS,GEORGIAN BAY,24,452213,-813502,33,53.80,2017-05-24 04:03:00,2163,12.00,.00,-88.80000000,,0,.000000,PCB131,"1,2,3,5-tetrachloro-4-(2,3-dichlorophenyl)benzene",ng/L,45.37028,-81.58389
201705001,2018-02-28 15:06:00,CCGS LIMNOS,GEORGIAN BAY,2,455445,-813545,42,20.00,2017-05-21 14:33:00,2164,12.00,.00,-88.80000000,,0,.000600,PCB132,"1,2,3-trichloro-4-(2,3,6-trichlorophenyl)benzene",ng/L,45.91250,-81.59583
201705001,2018-02-28 15:06:00,CCGS LIMNOS,GEORGIAN BAY,4,455158,-810004,27,16.00,2017-05-21 18:42:00,2164,3.00,.00,-88.80000000,,0,.000400,PCB132,"1,2,3-trichloro-4-(2,3,6-trichlorophenyl)benzene",ng/L,45.86611,-81.00111
201705001,2018-02-28 15:06:00,CCGS LIMNOS,GEORGIAN BAY,7,453504,-810454,29,41.90,2017-05-21 23:25:00,2164,12.00,.00,-88.80000000,,0,.000400,PCB132,"1,2,3-trichloro-4-(2,3,6-trichlorophenyl)benzene",ng/L,45.58444,-81.08167
201705001,2018-02-28 15:06:00,CCGS LIMNOS,GEORGIAN BAY,9,451442,-805229,17,77.50,2017-05-22 04:32:00,2164,12.00,.00,-88.80000000,,0,.000300,PCB132,"1,2,3-trichloro-4-(2,3,6-trichlorophenyl)benzene",ng/L,45.24500,-80.87472
201705001,2018-02-28 15:06:00,CCGS LIMNOS,GEORGIAN BAY,14,445219,-795801,9,28.89,2017-05-23 02:10:00,2164,12.00,.00,-88.80000000,,0,.000500,PCB132,"1,2,3-trichloro-4-(2,3,6-trichlorophenyl)benzene",ng/L,44.87194,-79.96694
201705001,2018-02-28 15:06:00,CCGS LIMNOS,GEORGIAN BAY,16,443847,-801004,4,58.00,2017-05-23 06:33:00,2164,12.00,.00,-88.80000000,,0,.000300,PCB132,"1,2,3-trichloro-4-(2,3,6-trichlorophenyl)benzene",ng/L,44.64639,-80.16778
201705001,2018-02-28 15:06:00,CCGS LIMNOS,GEORGIAN BAY,19,444306,-805120,1,89.30,2017-05-23 13:17:00,2164,12.00,.00,-88.80000000,,0,.000300,PCB132,"1,2,3-trichloro-4-(2,3,6-trichlorophenyl)benzene",ng/L,44.71833,-80.85556
201705001,2018-02-28 15:06:00,CCGS LIMNOS,GEORGIAN BAY,24,452213,-813502,33,53.80,2017-05-24 04:03:00,2164,12.00,.00,-88.80000000,,0,.000500,PCB132,"1,2,3-trichloro-4-(2,3,6-trichlorophenyl)benzene",ng/L,45.37028,-81.58389
201705001,2018-02-28 15:06:00,CCGS LIMNOS,GEORGIAN BAY,2,455445,-813545,42,20.00,2017-05-21 14:33:00,2165,12.00,.00,-88.80000000,,0,.003400,"PCB135,144","1,2,5-trichloro-3-(2,3,6-trichlorophenyl)benzene/1,2,3,5-tetrachloro-4-(2,5-dichlorophenyl)benzene",ng/L,45.91250,-81.59583
201705001,2018-02-28 15:06:00,CCGS LIMNOS,GEORGIAN BAY,4,455158,-810004,27,16.00,2017-05-21 18:42:00,2165,3.00,.00,-88.80000000,,0,.000000,"PCB135,144","1,2,5-trichloro-3-(2,3,6-trichlorophenyl)benzene/1,2,3,5-tetrachloro-4-(2,5-dichlorophenyl)benzene",ng/L,45.86611,-81.00111
201705001,2018-02-28 15:06:00,CCGS LIMNOS,GEORGIAN BAY,7,453504,-810454,29,41.90,2017-05-21 23:25:00,2165,12.00,.00,-88.80000000,,0,.000000,"PCB135,144","1,2,5-trichloro-3-(2,3,6-trichlorophenyl)benzene/1,2,3,5-tetrachloro-4-(2,5-dichlorophenyl)benzene",ng/L,45.58444,-81.08167
201705001,2018-02-28 15:06:00,CCGS LIMNOS,GEORGIAN BAY,9,451442,-805229,17,77.50,2017-05-22 04:32:00,2165,12.00,.00,-88.80000000,,0,.000000,"PCB135,144","1,2,5-trichloro-3-(2,3,6-trichlorophenyl)benzene/1,2,3,5-tetrachloro-4-(2,5-dichlorophenyl)benzene",ng/L,45.24500,-80.87472
201705001,2018-02-28 15:06:00,CCGS LIMNOS,GEORGIAN BAY,14,445219,-795801,9,28.89,2017-05-23 02:10:00,2165,12.00,.00,-88.80000000,,0,.003400,"PCB135,144","1,2,5-trichloro-3-(2,3,6-trichlorophenyl)benzene/1,2,3,5-tetrachloro-4-(2,5-dichlorophenyl)benzene",ng/L,44.87194,-79.96694
201705001,2018-02-28 15:06:00,CCGS LIMNOS,GEORGIAN BAY,16,443847,-801004,4,58.00,2017-05-23 06:33:00,2165,12.00,.00,-88.80000000,,0,.000000,"PCB135,144","1,2,5-trichloro-3-(2,3,6-trichlorophenyl)benzene/1,2,3,5-tetrachloro-4-(2,5-dichlorophenyl)benzene",ng/L,44.64639,-80.16778
201705001,2018-02-28 15:06:00,CCGS LIMNOS,GEORGIAN BAY,19,444306,-805120,1,89.30,2017-05-23 13:17:00,2165,12.00,.00,-88.80000000,,0,.003500,"PCB135,144","1,2,5-trichloro-3-(2,3,6-trichlorophenyl)benzene/1,2,3,5-tetrachloro-4-(2,5-dichlorophenyl)benzene",ng/L,44.71833,-80.85556
201705001,2018-02-28 15:06:00,CCGS LIMNOS,GEORGIAN BAY,24,452213,-813502,33,53.80,2017-05-24 04:03:00,2165,12.00,.00,-88.80000000,,0,.000000,"PCB135,144","1,2,5-trichloro-3-(2,3,6-trichlorophenyl)benzene/1,2,3,5-tetrachloro-4-(2,5-dichlorophenyl)benzene",ng/L,45.37028,-81.58389
201705001,2018-02-28 15:06:00,CCGS LIMNOS,GEORGIAN BAY,2,455445,-813545,42,20.00,2017-05-21 14:33:00,2166,12.00,.00,-88.80000000,,0,.002400,PCB136,"1,2,4-trichloro-3-(2,3,6-trichlorophenyl)benzene",ng/L,45.91250,-81.59583
201705001,2018-02-28 15:06:00,CCGS LIMNOS,GEORGIAN BAY,4,455158,-810004,27,16.00,2017-05-21 18:42:00,2166,3.00,.00,-88.80000000,,0,.002000,PCB136,"1,2,4-trichloro-3-(2,3,6-trichlorophenyl)benzene",ng/L,45.86611,-81.00111
201705001,2018-02-28 15:06:00,CCGS LIMNOS,GEORGIAN BAY,7,453504,-810454,29,41.90,2017-05-21 23:25:00,2166,12.00,.00,-88.80000000,,0,.002000,PCB136,"1,2,4-trichloro-3-(2,3,6-trichlorophenyl)benzene",ng/L,45.58444,-81.08167
201705001,2018-02-28 15:06:00,CCGS LIMNOS,GEORGIAN BAY,9,451442,-805229,17,77.50,2017-05-22 04:32:00,2166,12.00,.00,-88.80000000,,0,.002000,PCB136,"1,2,4-trichloro-3-(2,3,6-trichlorophenyl)benzene",ng/L,45.24500,-80.87472
201705001,2018-02-28 15:06:00,CCGS LIMNOS,GEORGIAN BAY,14,445219,-795801,9,28.89,2017-05-23 02:10:00,2166,12.00,.00,-88.80000000,,0,.000000,PCB136,"1,2,4-trichloro-3-(2,3,6-trichlorophenyl)benzene",ng/L,44.87194,-79.96694
201705001,2018-02-28 15:06:00,CCGS LIMNOS,GEORGIAN BAY,16,443847,-801004,4,58.00,2017-05-23 06:33:00,2166,12.00,.00,-88.80000000,,0,.000000,PCB136,"1,2,4-trichloro-3-(2,3,6-trichlorophenyl)benzene",ng/L,44.64639,-80.16778
201705001,2018-02-28 15:06:00,CCGS LIMNOS,GEORGIAN BAY,19,444306,-805120,1,89.30,2017-05-23 13:17:00,2166,12.00,.00,-88.80000000,,0,.000000,PCB136,"1,2,4-trichloro-3-(2,3,6-trichlorophenyl)benzene",ng/L,44.71833,-80.85556
201705001,2018-02-28 15:06:00,CCGS LIMNOS,GEORGIAN BAY,24,452213,-813502,33,53.80,2017-05-24 04:03:00,2166,12.00,.00,-88.80000000,,0,.000000,PCB136,"1,2,4-trichloro-3-(2,3,6-trichlorophenyl)benzene",ng/L,45.37028,-81.58389
201705001,2018-02-28 15:06:00,CCGS LIMNOS,GEORGIAN BAY,2,455445,-813545,42,20.00,2017-05-21 14:33:00,2167,12.00,.00,-88.80000000,,0,.000000,PCB137,"1,2,3,4-tetrachloro-5-(2,4-dichlorophenyl)benzene",ng/L,45.91250,-81.59583
201705001,2018-02-28 15:06:00,CCGS LIMNOS,GEORGIAN BAY,4,455158,-810004,27,16.00,2017-05-21 18:42:00,2167,3.00,.00,-88.80000000,,0,.000000,PCB137,"1,2,3,4-tetrachloro-5-(2,4-dichlorophenyl)benzene",ng/L,45.86611,-81.00111
201705001,2018-02-28 15:06:00,CCGS LIMNOS,GEORGIAN BAY,7,453504,-810454,29,41.90,2017-05-21 23:25:00,2167,12.00,.00,-88.80000000,,0,.000000,PCB137,"1,2,3,4-tetrachloro-5-(2,4-dichlorophenyl)benzene",ng/L,45.58444,-81.08167
201705001,2018-02-28 15:06:00,CCGS LIMNOS,GEORGIAN BAY,9,451442,-805229,17,77.50,2017-05-22 04:32:00,2167,12.00,.00,-88.80000000,,0,.000000,PCB137,"1,2,3,4-tetrachloro-5-(2,4-dichlorophenyl)benzene",ng/L,45.24500,-80.87472
201705001,2018-02-28 15:06:00,CCGS LIMNOS,GEORGIAN BAY,14,445219,-795801,9,28.89,2017-05-23 02:10:00,2167,12.00,.00,-88.80000000,,0,.000000,PCB137,"1,2,3,4-tetrachloro-5-(2,4-dichlorophenyl)benzene",ng/L,44.87194,-79.96694
201705001,2018-02-28 15:06:00,CCGS LIMNOS,GEORGIAN BAY,16,443847,-801004,4,58.00,2017-05-23 06:33:00,2167,12.00,.00,-88.80000000,,0,.000000,PCB137,"1,2,3,4-tetrachloro-5-(2,4-dichlorophenyl)benzene",ng/L,44.64639,-80.16778
201705001,2018-02-28 15:06:00,CCGS LIMNOS,GEORGIAN BAY,19,444306,-805120,1,89.30,2017-05-23 13:17:00,2167,12.00,.00,-88.80000000,,0,.000000,PCB137,"1,2,3,4-tetrachloro-5-(2,4-dichlorophenyl)benzene",ng/L,44.71833,-80.85556
201705001,2018-02-28 15:06:00,CCGS LIMNOS,GEORGIAN BAY,24,452213,-813502,33,53.80,2017-05-24 04:03:00,2167,12.00,.00,-88.80000000,,0,.000000,PCB137,"1,2,3,4-tetrachloro-5-(2,4-dichlorophenyl)benzene",ng/L,45.37028,-81.58389
201705001,2018-02-28 15:06:00,CCGS LIMNOS,GEORGIAN BAY,2,455445,-813545,42,20.00,2017-05-21 14:33:00,2168,12.00,.00,-88.80000000,,0,.004100,"PCB138,163,164","2,2',3,4,4',5/2,3,3',4',5,6/2,3,3',4',5',6-Hexachlorobiphenyl (PCB 138/163/164)",ng/L,45.91250,-81.59583
201705001,2018-02-28 15:06:00,CCGS LIMNOS,GEORGIAN BAY,4,455158,-810004,27,16.00,2017-05-21 18:42:00,2168,3.00,.00,-88.80000000,,0,.003300,"PCB138,163,164","2,2',3,4,4',5/2,3,3',4',5,6/2,3,3',4',5',6-Hexachlorobiphenyl (PCB 138/163/164)",ng/L,45.86611,-81.00111
201705001,2018-02-28 15:06:00,CCGS LIMNOS,GEORGIAN BAY,7,453504,-810454,29,41.90,2017-05-21 23:25:00,2168,12.00,.00,-88.80000000,,0,.003200,"PCB138,163,164","2,2',3,4,4',5/2,3,3',4',5,6/2,3,3',4',5',6-Hexachlorobiphenyl (PCB 138/163/164)",ng/L,45.58444,-81.08167
201705001,2018-02-28 15:06:00,CCGS LIMNOS,GEORGIAN BAY,9,451442,-805229,17,77.50,2017-05-22 04:32:00,2168,12.00,.00,-88.80000000,,0,.003000,"PCB138,163,164","2,2',3,4,4',5/2,3,3',4',5,6/2,3,3',4',5',6-Hexachlorobiphenyl (PCB 138/163/164)",ng/L,45.24500,-80.87472
201705001,2018-02-28 15:06:00,CCGS LIMNOS,GEORGIAN BAY,14,445219,-795801,9,28.89,2017-05-23 02:10:00,2168,12.00,.00,-88.80000000,,0,.003800,"PCB138,163,164","2,2',3,4,4',5/2,3,3',4',5,6/2,3,3',4',5',6-Hexachlorobiphenyl (PCB 138/163/164)",ng/L,44.87194,-79.96694
201705001,2018-02-28 15:06:00,CCGS LIMNOS,GEORGIAN BAY,16,443847,-801004,4,58.00,2017-05-23 06:33:00,2168,12.00,.00,-88.80000000,,0,.003300,"PCB138,163,164","2,2',3,4,4',5/2,3,3',4',5,6/2,3,3',4',5',6-Hexachlorobiphenyl (PCB 138/163/164)",ng/L,44.64639,-80.16778
201705001,2018-02-28 15:06:00,CCGS LIMNOS,GEORGIAN BAY,19,444306,-805120,1,89.30,2017-05-23 13:17:00,2168,12.00,.00,-88.80000000,,0,.003500,"PCB138,163,164","2,2',3,4,4',5/2,3,3',4',5,6/2,3,3',4',5',6-Hexachlorobiphenyl (PCB 138/163/164)",ng/L,44.71833,-80.85556
201705001,2018-02-28 15:06:00,CCGS LIMNOS,GEORGIAN BAY,24,452213,-813502,33,53.80,2017-05-24 04:03:00,2168,12.00,.00,-88.80000000,,0,.003100,"PCB138,163,164","2,2',3,4,4',5/2,3,3',4',5,6/2,3,3',4',5',6-Hexachlorobiphenyl (PCB 138/163/164)",ng/L,45.37028,-81.58389
201705001,2018-02-28 15:06:00,CCGS LIMNOS,GEORGIAN BAY,2,455445,-813545,42,20.00,2017-05-21 14:33:00,2169,12.00,.00,-88.80000000,,0,.000000,PCB141,"1,2,3,4-tetrachloro-5-(2,5-dichlorophenyl)benzene",ng/L,45.91250,-81.59583
201705001,2018-02-28 15:06:00,CCGS LIMNOS,GEORGIAN BAY,4,455158,-810004,27,16.00,2017-05-21 18:42:00,2169,3.00,.00,-88.80000000,,0,.000000,PCB141,"1,2,3,4-tetrachloro-5-(2,5-dichlorophenyl)benzene",ng/L,45.86611,-81.00111
201705001,2018-02-28 15:06:00,CCGS LIMNOS,GEORGIAN BAY,7,453504,-810454,29,41.90,2017-05-21 23:25:00,2169,12.00,.00,-88.80000000,,0,.000000,PCB141,"1,2,3,4-tetrachloro-5-(2,5-dichlorophenyl)benzene",ng/L,45.58444,-81.08167
201705001,2018-02-28 15:06:00,CCGS LIMNOS,GEORGIAN BAY,9,451442,-805229,17,77.50,2017-05-22 04:32:00,2169,12.00,.00,-88.80000000,,0,.000000,PCB141,"1,2,3,4-tetrachloro-5-(2,5-dichlorophenyl)benzene",ng/L,45.24500,-80.87472
201705001,2018-02-28 15:06:00,CCGS LIMNOS,GEORGIAN BAY,14,445219,-795801,9,28.89,2017-05-23 02:10:00,2169,12.00,.00,-88.80000000,,0,.000000,PCB141,"1,2,3,4-tetrachloro-5-(2,5-dichlorophenyl)benzene",ng/L,44.87194,-79.96694
201705001,2018-02-28 15:06:00,CCGS LIMNOS,GEORGIAN BAY,16,443847,-801004,4,58.00,2017-05-23 06:33:00,2169,12.00,.00,-88.80000000,,0,.000000,PCB141,"1,2,3,4-tetrachloro-5-(2,5-dichlorophenyl)benzene",ng/L,44.64639,-80.16778
201705001,2018-02-28 15:06:00,CCGS LIMNOS,GEORGIAN BAY,19,444306,-805120,1,89.30,2017-05-23 13:17:00,2169,12.00,.00,-88.80000000,,0,.000000,PCB141,"1,2,3,4-tetrachloro-5-(2,5-dichlorophenyl)benzene",ng/L,44.71833,-80.85556
201705001,2018-02-28 15:06:00,CCGS LIMNOS,GEORGIAN BAY,24,452213,-813502,33,53.80,2017-05-24 04:03:00,2169,12.00,.00,-88.80000000,,0,.000000,PCB141,"1,2,3,4-tetrachloro-5-(2,5-dichlorophenyl)benzene",ng/L,45.37028,-81.58389
201705001,2018-02-28 15:06:00,CCGS LIMNOS,GEORGIAN BAY,2,455445,-813545,42,20.00,2017-05-21 14:33:00,2170,12.00,.00,-88.80000000,,0,.000200,PCB146,"1,2,4-trichloro-5-(2,3,5-trichlorophenyl)benzene",ng/L,45.91250,-81.59583
201705001,2018-02-28 15:06:00,CCGS LIMNOS,GEORGIAN BAY,4,455158,-810004,27,16.00,2017-05-21 18:42:00,2170,3.00,.00,-88.80000000,,0,.000000,PCB146,"1,2,4-trichloro-5-(2,3,5-trichlorophenyl)benzene",ng/L,45.86611,-81.00111
201705001,2018-02-28 15:06:00,CCGS LIMNOS,GEORGIAN BAY,7,453504,-810454,29,41.90,2017-05-21 23:25:00,2170,12.00,.00,-88.80000000,,0,.000000,PCB146,"1,2,4-trichloro-5-(2,3,5-trichlorophenyl)benzene",ng/L,45.58444,-81.08167
201705001,2018-02-28 15:06:00,CCGS LIMNOS,GEORGIAN BAY,9,451442,-805229,17,77.50,2017-05-22 04:32:00,2170,12.00,.00,-88.80000000,,0,.000000,PCB146,"1,2,4-trichloro-5-(2,3,5-trichlorophenyl)benzene",ng/L,45.24500,-80.87472
201705001,2018-02-28 15:06:00,CCGS LIMNOS,GEORGIAN BAY,14,445219,-795801,9,28.89,2017-05-23 02:10:00,2170,12.00,.00,-88.80000000,,0,.000200,PCB146,"1,2,4-trichloro-5-(2,3,5-trichlorophenyl)benzene",ng/L,44.87194,-79.96694
201705001,2018-02-28 15:06:00,CCGS LIMNOS,GEORGIAN BAY,16,443847,-801004,4,58.00,2017-05-23 06:33:00,2170,12.00,.00,-88.80000000,,0,.000000,PCB146,"1,2,4-trichloro-5-(2,3,5-trichlorophenyl)benzene",ng/L,44.64639,-80.16778
201705001,2018-02-28 15:06:00,CCGS LIMNOS,GEORGIAN BAY,19,444306,-805120,1,89.30,2017-05-23 13:17:00,2170,12.00,.00,-88.80000000,,0,.000200,PCB146,"1,2,4-trichloro-5-(2,3,5-trichlorophenyl)benzene",ng/L,44.71833,-80.85556
201705001,2018-02-28 15:06:00,CCGS LIMNOS,GEORGIAN BAY,24,452213,-813502,33,53.80,2017-05-24 04:03:00,2170,12.00,.00,-88.80000000,,0,.000000,PCB146,"1,2,4-trichloro-5-(2,3,5-trichlorophenyl)benzene",ng/L,45.37028,-81.58389
201705001,2018-02-28 15:06:00,CCGS LIMNOS,GEORGIAN BAY,2,455445,-813545,42,20.00,2017-05-21 14:33:00,2171,12.00,.00,-88.80000000,,0,.002000,PCB149,"1,2,4-trichloro-5-(2,3,6-trichlorophenyl)benzene",ng/L,45.91250,-81.59583
201705001,2018-02-28 15:06:00,CCGS LIMNOS,GEORGIAN BAY,4,455158,-810004,27,16.00,2017-05-21 18:42:00,2171,3.00,.00,-88.80000000,,0,.001100,PCB149,"1,2,4-trichloro-5-(2,3,6-trichlorophenyl)benzene",ng/L,45.86611,-81.00111
201705001,2018-02-28 15:06:00,CCGS LIMNOS,GEORGIAN BAY,7,453504,-810454,29,41.90,2017-05-21 23:25:00,2171,12.00,.00,-88.80000000,,0,.001500,PCB149,"1,2,4-trichloro-5-(2,3,6-trichlorophenyl)benzene",ng/L,45.58444,-81.08167
201705001,2018-02-28 15:06:00,CCGS LIMNOS,GEORGIAN BAY,9,451442,-805229,17,77.50,2017-05-22 04:32:00,2171,12.00,.00,-88.80000000,,0,.001200,PCB149,"1,2,4-trichloro-5-(2,3,6-trichlorophenyl)benzene",ng/L,45.24500,-80.87472
201705001,2018-02-28 15:06:00,CCGS LIMNOS,GEORGIAN BAY,14,445219,-795801,9,28.89,2017-05-23 02:10:00,2171,12.00,.00,-88.80000000,,0,.001200,PCB149,"1,2,4-trichloro-5-(2,3,6-trichlorophenyl)benzene",ng/L,44.87194,-79.96694
201705001,2018-02-28 15:06:00,CCGS LIMNOS,GEORGIAN BAY,16,443847,-801004,4,58.00,2017-05-23 06:33:00,2171,12.00,.00,-88.80000000,,0,.000900,PCB149,"1,2,4-trichloro-5-(2,3,6-trichlorophenyl)benzene",ng/L,44.64639,-80.16778
201705001,2018-02-28 15:06:00,CCGS LIMNOS,GEORGIAN BAY,19,444306,-805120,1,89.30,2017-05-23 13:17:00,2171,12.00,.00,-88.80000000,,0,.001200,PCB149,"1,2,4-trichloro-5-(2,3,6-trichlorophenyl)benzene",ng/L,44.71833,-80.85556
201705001,2018-02-28 15:06:00,CCGS LIMNOS,GEORGIAN BAY,24,452213,-813502,33,53.80,2017-05-24 04:03:00,2171,12.00,.00,-88.80000000,,0,.001000,PCB149,"1,2,4-trichloro-5-(2,3,6-trichlorophenyl)benzene",ng/L,45.37028,-81.58389
201705001,2018-02-28 15:06:00,CCGS LIMNOS,GEORGIAN BAY,2,455445,-813545,42,20.00,2017-05-21 14:33:00,2172,12.00,.00,-88.80000000,,0,.000000,PCB15,1-chloro-4-(4-chlorophenyl)benzene,ng/L,45.91250,-81.59583
201705001,2018-02-28 15:06:00,CCGS LIMNOS,GEORGIAN BAY,4,455158,-810004,27,16.00,2017-05-21 18:42:00,2172,3.00,.00,-88.80000000,,0,.000000,PCB15,1-chloro-4-(4-chlorophenyl)benzene,ng/L,45.86611,-81.00111
201705001,2018-02-28 15:06:00,CCGS LIMNOS,GEORGIAN BAY,7,453504,-810454,29,41.90,2017-05-21 23:25:00,2172,12.00,.00,-88.80000000,,0,.000000,PCB15,1-chloro-4-(4-chlorophenyl)benzene,ng/L,45.58444,-81.08167
201705001,2018-02-28 15:06:00,CCGS LIMNOS,GEORGIAN BAY,9,451442,-805229,17,77.50,2017-05-22 04:32:00,2172,12.00,.00,-88.80000000,,0,.000000,PCB15,1-chloro-4-(4-chlorophenyl)benzene,ng/L,45.24500,-80.87472
201705001,2018-02-28 15:06:00,CCGS LIMNOS,GEORGIAN BAY,14,445219,-795801,9,28.89,2017-05-23 02:10:00,2172,12.00,.00,-88.80000000,,0,.000000,PCB15,1-chloro-4-(4-chlorophenyl)benzene,ng/L,44.87194,-79.96694
201705001,2018-02-28 15:06:00,CCGS LIMNOS,GEORGIAN BAY,16,443847,-801004,4,58.00,2017-05-23 06:33:00,2172,12.00,.00,-88.80000000,,0,.000000,PCB15,1-chloro-4-(4-chlorophenyl)benzene,ng/L,44.64639,-80.16778
201705001,2018-02-28 15:06:00,CCGS LIMNOS,GEORGIAN BAY,19,444306,-805120,1,89.30,2017-05-23 13:17:00,2172,12.00,.00,-88.80000000,,0,.000000,PCB15,1-chloro-4-(4-chlorophenyl)benzene,ng/L,44.71833,-80.85556
201705001,2018-02-28 15:06:00,CCGS LIMNOS,GEORGIAN BAY,24,452213,-813502,33,53.80,2017-05-24 04:03:00,2172,12.00,.00,-88.80000000,,0,.000000,PCB15,1-chloro-4-(4-chlorophenyl)benzene,ng/L,45.37028,-81.58389
201705001,2018-02-28 15:06:00,CCGS LIMNOS,GEORGIAN BAY,2,455445,-813545,42,20.00,2017-05-21 14:33:00,2173,12.00,.00,-88.80000000,,0,.001000,PCB151,"1,2,4,5-tetrachloro-3-(2,5-dichlorophenyl)benzene",ng/L,45.91250,-81.59583
201705001,2018-02-28 15:06:00,CCGS LIMNOS,GEORGIAN BAY,4,455158,-810004,27,16.00,2017-05-21 18:42:00,2173,3.00,.00,-88.80000000,,0,.000000,PCB151,"1,2,4,5-tetrachloro-3-(2,5-dichlorophenyl)benzene",ng/L,45.86611,-81.00111
201705001,2018-02-28 15:06:00,CCGS LIMNOS,GEORGIAN BAY,7,453504,-810454,29,41.90,2017-05-21 23:25:00,2173,12.00,.00,-88.80000000,,0,.000000,PCB151,"1,2,4,5-tetrachloro-3-(2,5-dichlorophenyl)benzene",ng/L,45.58444,-81.08167
201705001,2018-02-28 15:06:00,CCGS LIMNOS,GEORGIAN BAY,9,451442,-805229,17,77.50,2017-05-22 04:32:00,2173,12.00,.00,-88.80000000,,0,.000000,PCB151,"1,2,4,5-tetrachloro-3-(2,5-dichlorophenyl)benzene",ng/L,45.24500,-80.87472
201705001,2018-02-28 15:06:00,CCGS LIMNOS,GEORGIAN BAY,14,445219,-795801,9,28.89,2017-05-23 02:10:00,2173,12.00,.00,-88.80000000,,0,.001000,PCB151,"1,2,4,5-tetrachloro-3-(2,5-dichlorophenyl)benzene",ng/L,44.87194,-79.96694
201705001,2018-02-28 15:06:00,CCGS LIMNOS,GEORGIAN BAY,16,443847,-801004,4,58.00,2017-05-23 06:33:00,2173,12.00,.00,-88.80000000,,0,.000000,PCB151,"1,2,4,5-tetrachloro-3-(2,5-dichlorophenyl)benzene",ng/L,44.64639,-80.16778
201705001,2018-02-28 15:06:00,CCGS LIMNOS,GEORGIAN BAY,19,444306,-805120,1,89.30,2017-05-23 13:17:00,2173,12.00,.00,-88.80000000,,0,.000000,PCB151,"1,2,4,5-tetrachloro-3-(2,5-dichlorophenyl)benzene",ng/L,44.71833,-80.85556
201705001,2018-02-28 15:06:00,CCGS LIMNOS,GEORGIAN BAY,24,452213,-813502,33,53.80,2017-05-24 04:03:00,2173,12.00,.00,-88.80000000,,0,.000000,PCB151,"1,2,4,5-tetrachloro-3-(2,5-dichlorophenyl)benzene",ng/L,45.37028,-81.58389
201705001,2018-02-28 15:06:00,CCGS LIMNOS,GEORGIAN BAY,2,455445,-813545,42,20.00,2017-05-21 14:33:00,2174,12.00,.00,-88.80000000,,0,.002100,PCB153,"1,2,4-trichloro-5-(2,4,5-trichlorophenyl)benzene",ng/L,45.91250,-81.59583
201705001,2018-02-28 15:06:00,CCGS LIMNOS,GEORGIAN BAY,4,455158,-810004,27,16.00,2017-05-21 18:42:00,2174,3.00,.00,-88.80000000,,0,.001700,PCB153,"1,2,4-trichloro-5-(2,4,5-trichlorophenyl)benzene",ng/L,45.86611,-81.00111
201705001,2018-02-28 15:06:00,CCGS LIMNOS,GEORGIAN BAY,7,453504,-810454,29,41.90,2017-05-21 23:25:00,2174,12.00,.00,-88.80000000,,0,.001800,PCB153,"1,2,4-trichloro-5-(2,4,5-trichlorophenyl)benzene",ng/L,45.58444,-81.08167
201705001,2018-02-28 15:06:00,CCGS LIMNOS,GEORGIAN BAY,9,451442,-805229,17,77.50,2017-05-22 04:32:00,2174,12.00,.00,-88.80000000,,0,.001500,PCB153,"1,2,4-trichloro-5-(2,4,5-trichlorophenyl)benzene",ng/L,45.24500,-80.87472
201705001,2018-02-28 15:06:00,CCGS LIMNOS,GEORGIAN BAY,14,445219,-795801,9,28.89,2017-05-23 02:10:00,2174,12.00,.00,-88.80000000,,0,.001800,PCB153,"1,2,4-trichloro-5-(2,4,5-trichlorophenyl)benzene",ng/L,44.87194,-79.96694
201705001,2018-02-28 15:06:00,CCGS LIMNOS,GEORGIAN BAY,16,443847,-801004,4,58.00,2017-05-23 06:33:00,2174,12.00,.00,-88.80000000,,0,.001400,PCB153,"1,2,4-trichloro-5-(2,4,5-trichlorophenyl)benzene",ng/L,44.64639,-80.16778
201705001,2018-02-28 15:06:00,CCGS LIMNOS,GEORGIAN BAY,19,444306,-805120,1,89.30,2017-05-23 13:17:00,2174,12.00,.00,-88.80000000,,0,.001800,PCB153,"1,2,4-trichloro-5-(2,4,5-trichlorophenyl)benzene",ng/L,44.71833,-80.85556
201705001,2018-02-28 15:06:00,CCGS LIMNOS,GEORGIAN BAY,24,452213,-813502,33,53.80,2017-05-24 04:03:00,2174,12.00,.00,-88.80000000,,0,.001500,PCB153,"1,2,4-trichloro-5-(2,4,5-trichlorophenyl)benzene",ng/L,45.37028,-81.58389
201705001,2018-02-28 15:06:00,CCGS LIMNOS,GEORGIAN BAY,2,455445,-813545,42,20.00,2017-05-21 14:33:00,2175,12.00,.00,-88.80000000,,0,.000000,PCB156,"1,2,3,4-tetrachloro-5-(3,4-dichlorophenyl)benzene",ng/L,45.91250,-81.59583
201705001,2018-02-28 15:06:00,CCGS LIMNOS,GEORGIAN BAY,4,455158,-810004,27,16.00,2017-05-21 18:42:00,2175,3.00,.00,-88.80000000,,0,.000000,PCB156,"1,2,3,4-tetrachloro-5-(3,4-dichlorophenyl)benzene",ng/L,45.86611,-81.00111
201705001,2018-02-28 15:06:00,CCGS LIMNOS,GEORGIAN BAY,7,453504,-810454,29,41.90,2017-05-21 23:25:00,2175,12.00,.00,-88.80000000,,0,.000000,PCB156,"1,2,3,4-tetrachloro-5-(3,4-dichlorophenyl)benzene",ng/L,45.58444,-81.08167
201705001,2018-02-28 15:06:00,CCGS LIMNOS,GEORGIAN BAY,9,451442,-805229,17,77.50,2017-05-22 04:32:00,2175,12.00,.00,-88.80000000,,0,.000000,PCB156,"1,2,3,4-tetrachloro-5-(3,4-dichlorophenyl)benzene",ng/L,45.24500,-80.87472
201705001,2018-02-28 15:06:00,CCGS LIMNOS,GEORGIAN BAY,14,445219,-795801,9,28.89,2017-05-23 02:10:00,2175,12.00,.00,-88.80000000,,0,.000000,PCB156,"1,2,3,4-tetrachloro-5-(3,4-dichlorophenyl)benzene",ng/L,44.87194,-79.96694
201705001,2018-02-28 15:06:00,CCGS LIMNOS,GEORGIAN BAY,16,443847,-801004,4,58.00,2017-05-23 06:33:00,2175,12.00,.00,-88.80000000,,0,.000000,PCB156,"1,2,3,4-tetrachloro-5-(3,4-dichlorophenyl)benzene",ng/L,44.64639,-80.16778
201705001,2018-02-28 15:06:00,CCGS LIMNOS,GEORGIAN BAY,19,444306,-805120,1,89.30,2017-05-23 13:17:00,2175,12.00,.00,-88.80000000,,0,.000000,PCB156,"1,2,3,4-tetrachloro-5-(3,4-dichlorophenyl)benzene",ng/L,44.71833,-80.85556
201705001,2018-02-28 15:06:00,CCGS LIMNOS,GEORGIAN BAY,24,452213,-813502,33,53.80,2017-05-24 04:03:00,2175,12.00,.00,-88.80000000,,0,.000000,PCB156,"1,2,3,4-tetrachloro-5-(3,4-dichlorophenyl)benzene",ng/L,45.37028,-81.58389
201705001,2018-02-28 15:06:00,CCGS LIMNOS,GEORGIAN BAY,2,455445,-813545,42,20.00,2017-05-21 14:33:00,2176,12.00,.00,-88.80000000,,0,.000000,PCB157,"1,2,3-trichloro-5-(2,3,4-trichlorophenyl)benzene",ng/L,45.91250,-81.59583
201705001,2018-02-28 15:06:00,CCGS LIMNOS,GEORGIAN BAY,4,455158,-810004,27,16.00,2017-05-21 18:42:00,2176,3.00,.00,-88.80000000,,0,.000000,PCB157,"1,2,3-trichloro-5-(2,3,4-trichlorophenyl)benzene",ng/L,45.86611,-81.00111
201705001,2018-02-28 15:06:00,CCGS LIMNOS,GEORGIAN BAY,7,453504,-810454,29,41.90,2017-05-21 23:25:00,2176,12.00,.00,-88.80000000,,0,.000000,PCB157,"1,2,3-trichloro-5-(2,3,4-trichlorophenyl)benzene",ng/L,45.58444,-81.08167
201705001,2018-02-28 15:06:00,CCGS LIMNOS,GEORGIAN BAY,9,451442,-805229,17,77.50,2017-05-22 04:32:00,2176,12.00,.00,-88.80000000,,0,.000000,PCB157,"1,2,3-trichloro-5-(2,3,4-trichlorophenyl)benzene",ng/L,45.24500,-80.87472
201705001,2018-02-28 15:06:00,CCGS LIMNOS,GEORGIAN BAY,14,445219,-795801,9,28.89,2017-05-23 02:10:00,2176,12.00,.00,-88.80000000,,0,.000000,PCB157,"1,2,3-trichloro-5-(2,3,4-trichlorophenyl)benzene",ng/L,44.87194,-79.96694
201705001,2018-02-28 15:06:00,CCGS LIMNOS,GEORGIAN BAY,16,443847,-801004,4,58.00,2017-05-23 06:33:00,2176,12.00,.00,-88.80000000,,0,.000000,PCB157,"1,2,3-trichloro-5-(2,3,4-trichlorophenyl)benzene",ng/L,44.64639,-80.16778
201705001,2018-02-28 15:06:00,CCGS LIMNOS,GEORGIAN BAY,19,444306,-805120,1,89.30,2017-05-23 13:17:00,2176,12.00,.00,-88.80000000,,0,.000000,PCB157,"1,2,3-trichloro-5-(2,3,4-trichlorophenyl)benzene",ng/L,44.71833,-80.85556
201705001,2018-02-28 15:06:00,CCGS LIMNOS,GEORGIAN BAY,24,452213,-813502,33,53.80,2017-05-24 04:03:00,2176,12.00,.00,-88.80000000,,0,.000000,PCB157,"1,2,3-trichloro-5-(2,3,4-trichlorophenyl)benzene",ng/L,45.37028,-81.58389
201705001,2018-02-28 15:06:00,CCGS LIMNOS,GEORGIAN BAY,2,455445,-813545,42,20.00,2017-05-21 14:33:00,2177,12.00,.00,-88.80000000,,0,.000000,PCB158,"1,2,3,5-tetrachloro-4-(3,4-dichlorophenyl)benzene",ng/L,45.91250,-81.59583
201705001,2018-02-28 15:06:00,CCGS LIMNOS,GEORGIAN BAY,4,455158,-810004,27,16.00,2017-05-21 18:42:00,2177,3.00,.00,-88.80000000,,0,.000000,PCB158,"1,2,3,5-tetrachloro-4-(3,4-dichlorophenyl)benzene",ng/L,45.86611,-81.00111
201705001,2018-02-28 15:06:00,CCGS LIMNOS,GEORGIAN BAY,7,453504,-810454,29,41.90,2017-05-21 23:25:00,2177,12.00,.00,-88.80000000,,0,.000000,PCB158,"1,2,3,5-tetrachloro-4-(3,4-dichlorophenyl)benzene",ng/L,45.58444,-81.08167
201705001,2018-02-28 15:06:00,CCGS LIMNOS,GEORGIAN BAY,9,451442,-805229,17,77.50,2017-05-22 04:32:00,2177,12.00,.00,-88.80000000,,0,.000000,PCB158,"1,2,3,5-tetrachloro-4-(3,4-dichlorophenyl)benzene",ng/L,45.24500,-80.87472
201705001,2018-02-28 15:06:00,CCGS LIMNOS,GEORGIAN BAY,14,445219,-795801,9,28.89,2017-05-23 02:10:00,2177,12.00,.00,-88.80000000,,0,.000000,PCB158,"1,2,3,5-tetrachloro-4-(3,4-dichlorophenyl)benzene",ng/L,44.87194,-79.96694
201705001,2018-02-28 15:06:00,CCGS LIMNOS,GEORGIAN BAY,16,443847,-801004,4,58.00,2017-05-23 06:33:00,2177,12.00,.00,-88.80000000,,0,.000000,PCB158,"1,2,3,5-tetrachloro-4-(3,4-dichlorophenyl)benzene",ng/L,44.64639,-80.16778
201705001,2018-02-28 15:06:00,CCGS LIMNOS,GEORGIAN BAY,19,444306,-805120,1,89.30,2017-05-23 13:17:00,2177,12.00,.00,-88.80000000,,0,.000000,PCB158,"1,2,3,5-tetrachloro-4-(3,4-dichlorophenyl)benzene",ng/L,44.71833,-80.85556
201705001,2018-02-28 15:06:00,CCGS LIMNOS,GEORGIAN BAY,24,452213,-813502,33,53.80,2017-05-24 04:03:00,2177,12.00,.00,-88.80000000,,0,.000000,PCB158,"1,2,3,5-tetrachloro-4-(3,4-dichlorophenyl)benzene",ng/L,45.37028,-81.58389
201705001,2018-02-28 15:06:00,CCGS LIMNOS,GEORGIAN BAY,2,455445,-813545,42,20.00,2017-05-21 14:33:00,2178,12.00,.00,-88.80000000,,0,.000000,PCB159,"2,3,3',4,5,5'-Hexachlorobiphenyl",ng/L,45.91250,-81.59583
201705001,2018-02-28 15:06:00,CCGS LIMNOS,GEORGIAN BAY,4,455158,-810004,27,16.00,2017-05-21 18:42:00,2178,3.00,.00,-88.80000000,,0,.000000,PCB159,"2,3,3',4,5,5'-Hexachlorobiphenyl",ng/L,45.86611,-81.00111
201705001,2018-02-28 15:06:00,CCGS LIMNOS,GEORGIAN BAY,7,453504,-810454,29,41.90,2017-05-21 23:25:00,2178,12.00,.00,-88.80000000,,0,.000000,PCB159,"2,3,3',4,5,5'-Hexachlorobiphenyl",ng/L,45.58444,-81.08167
201705001,2018-02-28 15:06:00,CCGS LIMNOS,GEORGIAN BAY,9,451442,-805229,17,77.50,2017-05-22 04:32:00,2178,12.00,.00,-88.80000000,,0,.000000,PCB159,"2,3,3',4,5,5'-Hexachlorobiphenyl",ng/L,45.24500,-80.87472
201705001,2018-02-28 15:06:00,CCGS LIMNOS,GEORGIAN BAY,14,445219,-795801,9,28.89,2017-05-23 02:10:00,2178,12.00,.00,-88.80000000,,0,.001900,PCB159,"2,3,3',4,5,5'-Hexachlorobiphenyl",ng/L,44.87194,-79.96694
201705001,2018-02-28 15:06:00,CCGS LIMNOS,GEORGIAN BAY,16,443847,-801004,4,58.00,2017-05-23 06:33:00,2178,12.00,.00,-88.80000000,,0,.000000,PCB159,"2,3,3',4,5,5'-Hexachlorobiphenyl",ng/L,44.64639,-80.16778
201705001,2018-02-28 15:06:00,CCGS LIMNOS,GEORGIAN BAY,19,444306,-805120,1,89.30,2017-05-23 13:17:00,2178,12.00,.00,-88.80000000,,0,.000000,PCB159,"2,3,3',4,5,5'-Hexachlorobiphenyl",ng/L,44.71833,-80.85556
201705001,2018-02-28 15:06:00,CCGS LIMNOS,GEORGIAN BAY,24,452213,-813502,33,53.80,2017-05-24 04:03:00,2178,12.00,.00,-88.80000000,,0,.000000,PCB159,"2,3,3',4,5,5'-Hexachlorobiphenyl",ng/L,45.37028,-81.58389
201705001,2018-02-28 15:06:00,CCGS LIMNOS,GEORGIAN BAY,2,455445,-813545,42,20.00,2017-05-21 14:33:00,2179,12.00,.00,-88.80000000,,0,.000000,"PCB16,32","1,2-dichloro-3-(2-chlorophenyl)benzene/1,3-dichloro-2-(4-chlorophenyl)benzene",ng/L,45.91250,-81.59583
201705001,2018-02-28 15:06:00,CCGS LIMNOS,GEORGIAN BAY,4,455158,-810004,27,16.00,2017-05-21 18:42:00,2179,3.00,.00,-88.80000000,,0,.000000,"PCB16,32","1,2-dichloro-3-(2-chlorophenyl)benzene/1,3-dichloro-2-(4-chlorophenyl)benzene",ng/L,45.86611,-81.00111
201705001,2018-02-28 15:06:00,CCGS LIMNOS,GEORGIAN BAY,7,453504,-810454,29,41.90,2017-05-21 23:25:00,2179,12.00,.00,-88.80000000,,0,.000000,"PCB16,32","1,2-dichloro-3-(2-chlorophenyl)benzene/1,3-dichloro-2-(4-chlorophenyl)benzene",ng/L,45.58444,-81.08167
201705001,2018-02-28 15:06:00,CCGS LIMNOS,GEORGIAN BAY,9,451442,-805229,17,77.50,2017-05-22 04:32:00,2179,12.00,.00,-88.80000000,,0,.000000,"PCB16,32","1,2-dichloro-3-(2-chlorophenyl)benzene/1,3-dichloro-2-(4-chlorophenyl)benzene",ng/L,45.24500,-80.87472
201705001,2018-02-28 15:06:00,CCGS LIMNOS,GEORGIAN BAY,14,445219,-795801,9,28.89,2017-05-23 02:10:00,2179,12.00,.00,-88.80000000,,0,.000000,"PCB16,32","1,2-dichloro-3-(2-chlorophenyl)benzene/1,3-dichloro-2-(4-chlorophenyl)benzene",ng/L,44.87194,-79.96694
201705001,2018-02-28 15:06:00,CCGS LIMNOS,GEORGIAN BAY,16,443847,-801004,4,58.00,2017-05-23 06:33:00,2179,12.00,.00,-88.80000000,,0,.000000,"PCB16,32","1,2-dichloro-3-(2-chlorophenyl)benzene/1,3-dichloro-2-(4-chlorophenyl)benzene",ng/L,44.64639,-80.16778
201705001,2018-02-28 15:06:00,CCGS LIMNOS,GEORGIAN BAY,19,444306,-805120,1,89.30,2017-05-23 13:17:00,2179,12.00,.00,-88.80000000,,0,.000000,"PCB16,32","1,2-dichloro-3-(2-chlorophenyl)benzene/1,3-dichloro-2-(4-chlorophenyl)benzene",ng/L,44.71833,-80.85556
201705001,2018-02-28 15:06:00,CCGS LIMNOS,GEORGIAN BAY,24,452213,-813502,33,53.80,2017-05-24 04:03:00,2179,12.00,.00,-88.80000000,,0,.000000,"PCB16,32","1,2-dichloro-3-(2-chlorophenyl)benzene/1,3-dichloro-2-(4-chlorophenyl)benzene",ng/L,45.37028,-81.58389
201705001,2018-02-28 15:06:00,CCGS LIMNOS,GEORGIAN BAY,2,455445,-813545,42,20.00,2017-05-21 14:33:00,2180,12.00,.00,-88.80000000,,0,.000000,PCB167,"2,3',4,4',5,5'-hexachlorobiphenyl",ng/L,45.91250,-81.59583
201705001,2018-02-28 15:06:00,CCGS LIMNOS,GEORGIAN BAY,4,455158,-810004,27,16.00,2017-05-21 18:42:00,2180,3.00,.00,-88.80000000,,0,.000000,PCB167,"2,3',4,4',5,5'-hexachlorobiphenyl",ng/L,45.86611,-81.00111
201705001,2018-02-28 15:06:00,CCGS LIMNOS,GEORGIAN BAY,7,453504,-810454,29,41.90,2017-05-21 23:25:00,2180,12.00,.00,-88.80000000,,0,.000000,PCB167,"2,3',4,4',5,5'-hexachlorobiphenyl",ng/L,45.58444,-81.08167
201705001,2018-02-28 15:06:00,CCGS LIMNOS,GEORGIAN BAY,9,451442,-805229,17,77.50,2017-05-22 04:32:00,2180,12.00,.00,-88.80000000,,0,.000000,PCB167,"2,3',4,4',5,5'-hexachlorobiphenyl",ng/L,45.24500,-80.87472
201705001,2018-02-28 15:06:00,CCGS LIMNOS,GEORGIAN BAY,14,445219,-795801,9,28.89,2017-05-23 02:10:00,2180,12.00,.00,-88.80000000,,0,.000000,PCB167,"2,3',4,4',5,5'-hexachlorobiphenyl",ng/L,44.87194,-79.96694
201705001,2018-02-28 15:06:00,CCGS LIMNOS,GEORGIAN BAY,16,443847,-801004,4,58.00,2017-05-23 06:33:00,2180,12.00,.00,-88.80000000,,0,.000000,PCB167,"2,3',4,4',5,5'-hexachlorobiphenyl",ng/L,44.64639,-80.16778
201705001,2018-02-28 15:06:00,CCGS LIMNOS,GEORGIAN BAY,19,444306,-805120,1,89.30,2017-05-23 13:17:00,2180,12.00,.00,-88.80000000,,0,.000000,PCB167,"2,3',4,4',5,5'-hexachlorobiphenyl",ng/L,44.71833,-80.85556
201705001,2018-02-28 15:06:00,CCGS LIMNOS,GEORGIAN BAY,24,452213,-813502,33,53.80,2017-05-24 04:03:00,2180,12.00,.00,-88.80000000,,0,.000000,PCB167,"2,3',4,4',5,5'-hexachlorobiphenyl",ng/L,45.37028,-81.58389
201705001,2018-02-28 15:06:00,CCGS LIMNOS,GEORGIAN BAY,2,455445,-813545,42,20.00,2017-05-21 14:33:00,2181,12.00,.00,-88.80000000,,0,.000000,PCB169,"1,2,3-trichloro-5-(3,4,5-trichlorophenyl)benzene",ng/L,45.91250,-81.59583
201705001,2018-02-28 15:06:00,CCGS LIMNOS,GEORGIAN BAY,4,455158,-810004,27,16.00,2017-05-21 18:42:00,2181,3.00,.00,-88.80000000,,0,.000000,PCB169,"1,2,3-trichloro-5-(3,4,5-trichlorophenyl)benzene",ng/L,45.86611,-81.00111
201705001,2018-02-28 15:06:00,CCGS LIMNOS,GEORGIAN BAY,7,453504,-810454,29,41.90,2017-05-21 23:25:00,2181,12.00,.00,-88.80000000,,0,.000000,PCB169,"1,2,3-trichloro-5-(3,4,5-trichlorophenyl)benzene",ng/L,45.58444,-81.08167
201705001,2018-02-28 15:06:00,CCGS LIMNOS,GEORGIAN BAY,9,451442,-805229,17,77.50,2017-05-22 04:32:00,2181,12.00,.00,-88.80000000,,0,.000000,PCB169,"1,2,3-trichloro-5-(3,4,5-trichlorophenyl)benzene",ng/L,45.24500,-80.87472
201705001,2018-02-28 15:06:00,CCGS LIMNOS,GEORGIAN BAY,14,445219,-795801,9,28.89,2017-05-23 02:10:00,2181,12.00,.00,-88.80000000,,0,.000000,PCB169,"1,2,3-trichloro-5-(3,4,5-trichlorophenyl)benzene",ng/L,44.87194,-79.96694
201705001,2018-02-28 15:06:00,CCGS LIMNOS,GEORGIAN BAY,16,443847,-801004,4,58.00,2017-05-23 06:33:00,2181,12.00,.00,-88.80000000,,0,.000000,PCB169,"1,2,3-trichloro-5-(3,4,5-trichlorophenyl)benzene",ng/L,44.64639,-80.16778
201705001,2018-02-28 15:06:00,CCGS LIMNOS,GEORGIAN BAY,19,444306,-805120,1,89.30,2017-05-23 13:17:00,2181,12.00,.00,-88.80000000,,0,.000000,PCB169,"1,2,3-trichloro-5-(3,4,5-trichlorophenyl)benzene",ng/L,44.71833,-80.85556
201705001,2018-02-28 15:06:00,CCGS LIMNOS,GEORGIAN BAY,24,452213,-813502,33,53.80,2017-05-24 04:03:00,2181,12.00,.00,-88.80000000,,0,.000000,PCB169,"1,2,3-trichloro-5-(3,4,5-trichlorophenyl)benzene",ng/L,45.37028,-81.58389
201705001,2018-02-28 15:06:00,CCGS LIMNOS,GEORGIAN BAY,2,455445,-813545,42,20.00,2017-05-21 14:33:00,2182,12.00,.00,-88.80000000,,0,.001000,PCB17,"2,4-dichloro-1-(2-chlorophenyl)benzene",ng/L,45.91250,-81.59583
201705001,2018-02-28 15:06:00,CCGS LIMNOS,GEORGIAN BAY,4,455158,-810004,27,16.00,2017-05-21 18:42:00,2182,3.00,.00,-88.80000000,,0,.000900,PCB17,"2,4-dichloro-1-(2-chlorophenyl)benzene",ng/L,45.86611,-81.00111
201705001,2018-02-28 15:06:00,CCGS LIMNOS,GEORGIAN BAY,7,453504,-810454,29,41.90,2017-05-21 23:25:00,2182,12.00,.00,-88.80000000,,0,.000700,PCB17,"2,4-dichloro-1-(2-chlorophenyl)benzene",ng/L,45.58444,-81.08167
201705001,2018-02-28 15:06:00,CCGS LIMNOS,GEORGIAN BAY,9,451442,-805229,17,77.50,2017-05-22 04:32:00,2182,12.00,.00,-88.80000000,,0,.000700,PCB17,"2,4-dichloro-1-(2-chlorophenyl)benzene",ng/L,45.24500,-80.87472
201705001,2018-02-28 15:06:00,CCGS LIMNOS,GEORGIAN BAY,14,445219,-795801,9,28.89,2017-05-23 02:10:00,2182,12.00,.00,-88.80000000,,0,.000600,PCB17,"2,4-dichloro-1-(2-chlorophenyl)benzene",ng/L,44.87194,-79.96694
201705001,2018-02-28 15:06:00,CCGS LIMNOS,GEORGIAN BAY,16,443847,-801004,4,58.00,2017-05-23 06:33:00,2182,12.00,.00,-88.80000000,,0,.000700,PCB17,"2,4-dichloro-1-(2-chlorophenyl)benzene",ng/L,44.64639,-80.16778
201705001,2018-02-28 15:06:00,CCGS LIMNOS,GEORGIAN BAY,19,444306,-805120,1,89.30,2017-05-23 13:17:00,2182,12.00,.00,-88.80000000,,0,.000700,PCB17,"2,4-dichloro-1-(2-chlorophenyl)benzene",ng/L,44.71833,-80.85556
201705001,2018-02-28 15:06:00,CCGS LIMNOS,GEORGIAN BAY,24,452213,-813502,33,53.80,2017-05-24 04:03:00,2182,12.00,.00,-88.80000000,,0,.000600,PCB17,"2,4-dichloro-1-(2-chlorophenyl)benzene",ng/L,45.37028,-81.58389
201705001,2018-02-28 15:06:00,CCGS LIMNOS,GEORGIAN BAY,2,455445,-813545,42,20.00,2017-05-21 14:33:00,2183,12.00,.00,-88.80000000,,0,.000000,"PCB170,190","2,2',3,3',4,4',5/2,3,3',4,4',5,6-Heptachlorobiphenyl (PCB 170/190)",ng/L,45.91250,-81.59583
201705001,2018-02-28 15:06:00,CCGS LIMNOS,GEORGIAN BAY,4,455158,-810004,27,16.00,2017-05-21 18:42:00,2183,3.00,.00,-88.80000000,,0,.000000,"PCB170,190","2,2',3,3',4,4',5/2,3,3',4,4',5,6-Heptachlorobiphenyl (PCB 170/190)",ng/L,45.86611,-81.00111
201705001,2018-02-28 15:06:00,CCGS LIMNOS,GEORGIAN BAY,7,453504,-810454,29,41.90,2017-05-21 23:25:00,2183,12.00,.00,-88.80000000,,0,.000000,"PCB170,190","2,2',3,3',4,4',5/2,3,3',4,4',5,6-Heptachlorobiphenyl (PCB 170/190)",ng/L,45.58444,-81.08167
201705001,2018-02-28 15:06:00,CCGS LIMNOS,GEORGIAN BAY,9,451442,-805229,17,77.50,2017-05-22 04:32:00,2183,12.00,.00,-88.80000000,,0,.000000,"PCB170,190","2,2',3,3',4,4',5/2,3,3',4,4',5,6-Heptachlorobiphenyl (PCB 170/190)",ng/L,45.24500,-80.87472
201705001,2018-02-28 15:06:00,CCGS LIMNOS,GEORGIAN BAY,14,445219,-795801,9,28.89,2017-05-23 02:10:00,2183,12.00,.00,-88.80000000,,0,.000000,"PCB170,190","2,2',3,3',4,4',5/2,3,3',4,4',5,6-Heptachlorobiphenyl (PCB 170/190)",ng/L,44.87194,-79.96694
201705001,2018-02-28 15:06:00,CCGS LIMNOS,GEORGIAN BAY,16,443847,-801004,4,58.00,2017-05-23 06:33:00,2183,12.00,.00,-88.80000000,,0,.000000,"PCB170,190","2,2',3,3',4,4',5/2,3,3',4,4',5,6-Heptachlorobiphenyl (PCB 170/190)",ng/L,44.64639,-80.16778
201705001,2018-02-28 15:06:00,CCGS LIMNOS,GEORGIAN BAY,19,444306,-805120,1,89.30,2017-05-23 13:17:00,2183,12.00,.00,-88.80000000,,0,.000000,"PCB170,190","2,2',3,3',4,4',5/2,3,3',4,4',5,6-Heptachlorobiphenyl (PCB 170/190)",ng/L,44.71833,-80.85556
201705001,2018-02-28 15:06:00,CCGS LIMNOS,GEORGIAN BAY,24,452213,-813502,33,53.80,2017-05-24 04:03:00,2183,12.00,.00,-88.80000000,,0,.000000,"PCB170,190","2,2',3,3',4,4',5/2,3,3',4,4',5,6-Heptachlorobiphenyl (PCB 170/190)",ng/L,45.37028,-81.58389
201705001,2018-02-28 15:06:00,CCGS LIMNOS,GEORGIAN BAY,2,455445,-813545,42,20.00,2017-05-21 14:33:00,2184,12.00,.00,-88.80000000,,0,.000000,PCB171,"1,2,3,5-tetrachloro-4-(2,3,4-trichlorophenyl)benzene",ng/L,45.91250,-81.59583
201705001,2018-02-28 15:06:00,CCGS LIMNOS,GEORGIAN BAY,4,455158,-810004,27,16.00,2017-05-21 18:42:00,2184,3.00,.00,-88.80000000,,0,.000000,PCB171,"1,2,3,5-tetrachloro-4-(2,3,4-trichlorophenyl)benzene",ng/L,45.86611,-81.00111
201705001,2018-02-28 15:06:00,CCGS LIMNOS,GEORGIAN BAY,7,453504,-810454,29,41.90,2017-05-21 23:25:00,2184,12.00,.00,-88.80000000,,0,.000000,PCB171,"1,2,3,5-tetrachloro-4-(2,3,4-trichlorophenyl)benzene",ng/L,45.58444,-81.08167
201705001,2018-02-28 15:06:00,CCGS LIMNOS,GEORGIAN BAY,9,451442,-805229,17,77.50,2017-05-22 04:32:00,2184,12.00,.00,-88.80000000,,0,.000000,PCB171,"1,2,3,5-tetrachloro-4-(2,3,4-trichlorophenyl)benzene",ng/L,45.24500,-80.87472
201705001,2018-02-28 15:06:00,CCGS LIMNOS,GEORGIAN BAY,14,445219,-795801,9,28.89,2017-05-23 02:10:00,2184,12.00,.00,-88.80000000,,0,.000000,PCB171,"1,2,3,5-tetrachloro-4-(2,3,4-trichlorophenyl)benzene",ng/L,44.87194,-79.96694
201705001,2018-02-28 15:06:00,CCGS LIMNOS,GEORGIAN BAY,16,443847,-801004,4,58.00,2017-05-23 06:33:00,2184,12.00,.00,-88.80000000,,0,.000000,PCB171,"1,2,3,5-tetrachloro-4-(2,3,4-trichlorophenyl)benzene",ng/L,44.64639,-80.16778
201705001,2018-02-28 15:06:00,CCGS LIMNOS,GEORGIAN BAY,19,444306,-805120,1,89.30,2017-05-23 13:17:00,2184,12.00,.00,-88.80000000,,0,.000000,PCB171,"1,2,3,5-tetrachloro-4-(2,3,4-trichlorophenyl)benzene",ng/L,44.71833,-80.85556
201705001,2018-02-28 15:06:00,CCGS LIMNOS,GEORGIAN BAY,24,452213,-813502,33,53.80,2017-05-24 04:03:00,2184,12.00,.00,-88.80000000,,0,.000000,PCB171,"1,2,3,5-tetrachloro-4-(2,3,4-trichlorophenyl)benzene",ng/L,45.37028,-81.58389
201705001,2018-02-28 15:06:00,CCGS LIMNOS,GEORGIAN BAY,2,455445,-813545,42,20.00,2017-05-21 14:33:00,2185,12.00,.00,-88.80000000,,0,.000000,PCB172,"1,2,3,4-tetrachloro-5-(2,3,5-trichlorophenyl)benzene",ng/L,45.91250,-81.59583
201705001,2018-02-28 15:06:00,CCGS LIMNOS,GEORGIAN BAY,4,455158,-810004,27,16.00,2017-05-21 18:42:00,2185,3.00,.00,-88.80000000,,0,.000000,PCB172,"1,2,3,4-tetrachloro-5-(2,3,5-trichlorophenyl)benzene",ng/L,45.86611,-81.00111
201705001,2018-02-28 15:06:00,CCGS LIMNOS,GEORGIAN BAY,7,453504,-810454,29,41.90,2017-05-21 23:25:00,2185,12.00,.00,-88.80000000,,0,.000000,PCB172,"1,2,3,4-tetrachloro-5-(2,3,5-trichlorophenyl)benzene",ng/L,45.58444,-81.08167
201705001,2018-02-28 15:06:00,CCGS LIMNOS,GEORGIAN BAY,9,451442,-805229,17,77.50,2017-05-22 04:32:00,2185,12.00,.00,-88.80000000,,0,.000000,PCB172,"1,2,3,4-tetrachloro-5-(2,3,5-trichlorophenyl)benzene",ng/L,45.24500,-80.87472
201705001,2018-02-28 15:06:00,CCGS LIMNOS,GEORGIAN BAY,14,445219,-795801,9,28.89,2017-05-23 02:10:00,2185,12.00,.00,-88.80000000,,0,.000000,PCB172,"1,2,3,4-tetrachloro-5-(2,3,5-trichlorophenyl)benzene",ng/L,44.87194,-79.96694
201705001,2018-02-28 15:06:00,CCGS LIMNOS,GEORGIAN BAY,16,443847,-801004,4,58.00,2017-05-23 06:33:00,2185,12.00,.00,-88.80000000,,0,.000000,PCB172,"1,2,3,4-tetrachloro-5-(2,3,5-trichlorophenyl)benzene",ng/L,44.64639,-80.16778
201705001,2018-02-28 15:06:00,CCGS LIMNOS,GEORGIAN BAY,19,444306,-805120,1,89.30,2017-05-23 13:17:00,2185,12.00,.00,-88.80000000,,0,.000000,PCB172,"1,2,3,4-tetrachloro-5-(2,3,5-trichlorophenyl)benzene",ng/L,44.71833,-80.85556
201705001,2018-02-28 15:06:00,CCGS LIMNOS,GEORGIAN BAY,24,452213,-813502,33,53.80,2017-05-24 04:03:00,2185,12.00,.00,-88.80000000,,0,.000000,PCB172,"1,2,3,4-tetrachloro-5-(2,3,5-trichlorophenyl)benzene",ng/L,45.37028,-81.58389
201705001,2018-02-28 15:06:00,CCGS LIMNOS,GEORGIAN BAY,2,455445,-813545,42,20.00,2017-05-21 14:33:00,2186,12.00,.00,-88.80000000,,0,.000400,PCB174,"1,2,3,4-tetrachloro-5-(2,3,6-trichlorophenyl)benzene",ng/L,45.91250,-81.59583
201705001,2018-02-28 15:06:00,CCGS LIMNOS,GEORGIAN BAY,4,455158,-810004,27,16.00,2017-05-21 18:42:00,2186,3.00,.00,-88.80000000,,0,.000000,PCB174,"1,2,3,4-tetrachloro-5-(2,3,6-trichlorophenyl)benzene",ng/L,45.86611,-81.00111
201705001,2018-02-28 15:06:00,CCGS LIMNOS,GEORGIAN BAY,7,453504,-810454,29,41.90,2017-05-21 23:25:00,2186,12.00,.00,-88.80000000,,0,.000000,PCB174,"1,2,3,4-tetrachloro-5-(2,3,6-trichlorophenyl)benzene",ng/L,45.58444,-81.08167
201705001,2018-02-28 15:06:00,CCGS LIMNOS,GEORGIAN BAY,9,451442,-805229,17,77.50,2017-05-22 04:32:00,2186,12.00,.00,-88.80000000,,0,.000000,PCB174,"1,2,3,4-tetrachloro-5-(2,3,6-trichlorophenyl)benzene",ng/L,45.24500,-80.87472
201705001,2018-02-28 15:06:00,CCGS LIMNOS,GEORGIAN BAY,14,445219,-795801,9,28.89,2017-05-23 02:10:00,2186,12.00,.00,-88.80000000,,0,.000600,PCB174,"1,2,3,4-tetrachloro-5-(2,3,6-trichlorophenyl)benzene",ng/L,44.87194,-79.96694
201705001,2018-02-28 15:06:00,CCGS LIMNOS,GEORGIAN BAY,16,443847,-801004,4,58.00,2017-05-23 06:33:00,2186,12.00,.00,-88.80000000,,0,.000200,PCB174,"1,2,3,4-tetrachloro-5-(2,3,6-trichlorophenyl)benzene",ng/L,44.64639,-80.16778
201705001,2018-02-28 15:06:00,CCGS LIMNOS,GEORGIAN BAY,19,444306,-805120,1,89.30,2017-05-23 13:17:00,2186,12.00,.00,-88.80000000,,0,.000300,PCB174,"1,2,3,4-tetrachloro-5-(2,3,6-trichlorophenyl)benzene",ng/L,44.71833,-80.85556
201705001,2018-02-28 15:06:00,CCGS LIMNOS,GEORGIAN BAY,24,452213,-813502,33,53.80,2017-05-24 04:03:00,2186,12.00,.00,-88.80000000,,0,.000100,PCB174,"1,2,3,4-tetrachloro-5-(2,3,6-trichlorophenyl)benzene",ng/L,45.37028,-81.58389
201705001,2018-02-28 15:06:00,CCGS LIMNOS,GEORGIAN BAY,2,455445,-813545,42,20.00,2017-05-21 14:33:00,2187,12.00,.00,-88.80000000,,0,.000000,PCB177,"1,2,4,5-tetrachloro-3-(2,3,4-trichlorophenyl)benzene",ng/L,45.91250,-81.59583
201705001,2018-02-28 15:06:00,CCGS LIMNOS,GEORGIAN BAY,4,455158,-810004,27,16.00,2017-05-21 18:42:00,2187,3.00,.00,-88.80000000,,0,.000000,PCB177,"1,2,4,5-tetrachloro-3-(2,3,4-trichlorophenyl)benzene",ng/L,45.86611,-81.00111
201705001,2018-02-28 15:06:00,CCGS LIMNOS,GEORGIAN BAY,7,453504,-810454,29,41.90,2017-05-21 23:25:00,2187,12.00,.00,-88.80000000,,0,.000000,PCB177,"1,2,4,5-tetrachloro-3-(2,3,4-trichlorophenyl)benzene",ng/L,45.58444,-81.08167
201705001,2018-02-28 15:06:00,CCGS LIMNOS,GEORGIAN BAY,9,451442,-805229,17,77.50,2017-05-22 04:32:00,2187,12.00,.00,-88.80000000,,0,.000000,PCB177,"1,2,4,5-tetrachloro-3-(2,3,4-trichlorophenyl)benzene",ng/L,45.24500,-80.87472
201705001,2018-02-28 15:06:00,CCGS LIMNOS,GEORGIAN BAY,14,445219,-795801,9,28.89,2017-05-23 02:10:00,2187,12.00,.00,-88.80000000,,0,.000000,PCB177,"1,2,4,5-tetrachloro-3-(2,3,4-trichlorophenyl)benzene",ng/L,44.87194,-79.96694
201705001,2018-02-28 15:06:00,CCGS LIMNOS,GEORGIAN BAY,16,443847,-801004,4,58.00,2017-05-23 06:33:00,2187,12.00,.00,-88.80000000,,0,.000000,PCB177,"1,2,4,5-tetrachloro-3-(2,3,4-trichlorophenyl)benzene",ng/L,44.64639,-80.16778
201705001,2018-02-28 15:06:00,CCGS LIMNOS,GEORGIAN BAY,19,444306,-805120,1,89.30,2017-05-23 13:17:00,2187,12.00,.00,-88.80000000,,0,.000000,PCB177,"1,2,4,5-tetrachloro-3-(2,3,4-trichlorophenyl)benzene",ng/L,44.71833,-80.85556
201705001,2018-02-28 15:06:00,CCGS LIMNOS,GEORGIAN BAY,24,452213,-813502,33,53.80,2017-05-24 04:03:00,2187,12.00,.00,-88.80000000,,0,.000000,PCB177,"1,2,4,5-tetrachloro-3-(2,3,4-trichlorophenyl)benzene",ng/L,45.37028,-81.58389
201705001,2018-02-28 15:06:00,CCGS LIMNOS,GEORGIAN BAY,2,455445,-813545,42,20.00,2017-05-21 14:33:00,2188,12.00,.00,-88.80000000,,0,.000000,PCB179,"1,2,4,5-tetrachloro-3-(2,3,6-trichlorophenyl)benzene",ng/L,45.91250,-81.59583
201705001,2018-02-28 15:06:00,CCGS LIMNOS,GEORGIAN BAY,4,455158,-810004,27,16.00,2017-05-21 18:42:00,2188,3.00,.00,-88.80000000,,0,.000000,PCB179,"1,2,4,5-tetrachloro-3-(2,3,6-trichlorophenyl)benzene",ng/L,45.86611,-81.00111
201705001,2018-02-28 15:06:00,CCGS LIMNOS,GEORGIAN BAY,7,453504,-810454,29,41.90,2017-05-21 23:25:00,2188,12.00,.00,-88.80000000,,0,.000000,PCB179,"1,2,4,5-tetrachloro-3-(2,3,6-trichlorophenyl)benzene",ng/L,45.58444,-81.08167
201705001,2018-02-28 15:06:00,CCGS LIMNOS,GEORGIAN BAY,9,451442,-805229,17,77.50,2017-05-22 04:32:00,2188,12.00,.00,-88.80000000,,0,.000000,PCB179,"1,2,4,5-tetrachloro-3-(2,3,6-trichlorophenyl)benzene",ng/L,45.24500,-80.87472
201705001,2018-02-28 15:06:00,CCGS LIMNOS,GEORGIAN BAY,14,445219,-795801,9,28.89,2017-05-23 02:10:00,2188,12.00,.00,-88.80000000,,0,.000000,PCB179,"1,2,4,5-tetrachloro-3-(2,3,6-trichlorophenyl)benzene",ng/L,44.87194,-79.96694
201705001,2018-02-28 15:06:00,CCGS LIMNOS,GEORGIAN BAY,16,443847,-801004,4,58.00,2017-05-23 06:33:00,2188,12.00,.00,-88.80000000,,0,.000000,PCB179,"1,2,4,5-tetrachloro-3-(2,3,6-trichlorophenyl)benzene",ng/L,44.64639,-80.16778
201705001,2018-02-28 15:06:00,CCGS LIMNOS,GEORGIAN BAY,19,444306,-805120,1,89.30,2017-05-23 13:17:00,2188,12.00,.00,-88.80000000,,0,.000000,PCB179,"1,2,4,5-tetrachloro-3-(2,3,6-trichlorophenyl)benzene",ng/L,44.71833,-80.85556
201705001,2018-02-28 15:06:00,CCGS LIMNOS,GEORGIAN BAY,24,452213,-813502,33,53.80,2017-05-24 04:03:00,2188,12.00,.00,-88.80000000,,0,.000000,PCB179,"1,2,4,5-tetrachloro-3-(2,3,6-trichlorophenyl)benzene",ng/L,45.37028,-81.58389
201705001,2018-02-28 15:06:00,CCGS LIMNOS,GEORGIAN BAY,2,455445,-813545,42,20.00,2017-05-21 14:33:00,2189,12.00,.00,-88.80000000,,0,.002900,PCB18,"1,4-dichloro-2-(2-chlorophenyl)benzene",ng/L,45.91250,-81.59583
201705001,2018-02-28 15:06:00,CCGS LIMNOS,GEORGIAN BAY,4,455158,-810004,27,16.00,2017-05-21 18:42:00,2189,3.00,.00,-88.80000000,,0,.002300,PCB18,"1,4-dichloro-2-(2-chlorophenyl)benzene",ng/L,45.86611,-81.00111
201705001,2018-02-28 15:06:00,CCGS LIMNOS,GEORGIAN BAY,7,453504,-810454,29,41.90,2017-05-21 23:25:00,2189,12.00,.00,-88.80000000,,0,.002100,PCB18,"1,4-dichloro-2-(2-chlorophenyl)benzene",ng/L,45.58444,-81.08167
201705001,2018-02-28 15:06:00,CCGS LIMNOS,GEORGIAN BAY,9,451442,-805229,17,77.50,2017-05-22 04:32:00,2189,12.00,.00,-88.80000000,,0,.001900,PCB18,"1,4-dichloro-2-(2-chlorophenyl)benzene",ng/L,45.24500,-80.87472
201705001,2018-02-28 15:06:00,CCGS LIMNOS,GEORGIAN BAY,14,445219,-795801,9,28.89,2017-05-23 02:10:00,2189,12.00,.00,-88.80000000,,0,.001700,PCB18,"1,4-dichloro-2-(2-chlorophenyl)benzene",ng/L,44.87194,-79.96694
201705001,2018-02-28 15:06:00,CCGS LIMNOS,GEORGIAN BAY,16,443847,-801004,4,58.00,2017-05-23 06:33:00,2189,12.00,.00,-88.80000000,,0,.001800,PCB18,"1,4-dichloro-2-(2-chlorophenyl)benzene",ng/L,44.64639,-80.16778
201705001,2018-02-28 15:06:00,CCGS LIMNOS,GEORGIAN BAY,19,444306,-805120,1,89.30,2017-05-23 13:17:00,2189,12.00,.00,-88.80000000,,0,.001800,PCB18,"1,4-dichloro-2-(2-chlorophenyl)benzene",ng/L,44.71833,-80.85556
201705001,2018-02-28 15:06:00,CCGS LIMNOS,GEORGIAN BAY,24,452213,-813502,33,53.80,2017-05-24 04:03:00,2189,12.00,.00,-88.80000000,,0,.001500,PCB18,"1,4-dichloro-2-(2-chlorophenyl)benzene",ng/L,45.37028,-81.58389
201705001,2018-02-28 15:06:00,CCGS LIMNOS,GEORGIAN BAY,2,455445,-813545,42,20.00,2017-05-21 14:33:00,2190,12.00,.00,-88.80000000,,0,.000000,PCB180,"1,2,3,4-tetrachloro-5-(2,4,5-trichlorophenyl)benzene",ng/L,45.91250,-81.59583
201705001,2018-02-28 15:06:00,CCGS LIMNOS,GEORGIAN BAY,4,455158,-810004,27,16.00,2017-05-21 18:42:00,2190,3.00,.00,-88.80000000,,0,.000000,PCB180,"1,2,3,4-tetrachloro-5-(2,4,5-trichlorophenyl)benzene",ng/L,45.86611,-81.00111
201705001,2018-02-28 15:06:00,CCGS LIMNOS,GEORGIAN BAY,7,453504,-810454,29,41.90,2017-05-21 23:25:00,2190,12.00,.00,-88.80000000,,0,.000000,PCB180,"1,2,3,4-tetrachloro-5-(2,4,5-trichlorophenyl)benzene",ng/L,45.58444,-81.08167
201705001,2018-02-28 15:06:00,CCGS LIMNOS,GEORGIAN BAY,9,451442,-805229,17,77.50,2017-05-22 04:32:00,2190,12.00,.00,-88.80000000,,0,.000000,PCB180,"1,2,3,4-tetrachloro-5-(2,4,5-trichlorophenyl)benzene",ng/L,45.24500,-80.87472
201705001,2018-02-28 15:06:00,CCGS LIMNOS,GEORGIAN BAY,14,445219,-795801,9,28.89,2017-05-23 02:10:00,2190,12.00,.00,-88.80000000,,0,.000000,PCB180,"1,2,3,4-tetrachloro-5-(2,4,5-trichlorophenyl)benzene",ng/L,44.87194,-79.96694
201705001,2018-02-28 15:06:00,CCGS LIMNOS,GEORGIAN BAY,16,443847,-801004,4,58.00,2017-05-23 06:33:00,2190,12.00,.00,-88.80000000,,0,.000000,PCB180,"1,2,3,4-tetrachloro-5-(2,4,5-trichlorophenyl)benzene",ng/L,44.64639,-80.16778
201705001,2018-02-28 15:06:00,CCGS LIMNOS,GEORGIAN BAY,19,444306,-805120,1,89.30,2017-05-23 13:17:00,2190,12.00,.00,-88.80000000,,0,.000000,PCB180,"1,2,3,4-tetrachloro-5-(2,4,5-trichlorophenyl)benzene",ng/L,44.71833,-80.85556
201705001,2018-02-28 15:06:00,CCGS LIMNOS,GEORGIAN BAY,24,452213,-813502,33,53.80,2017-05-24 04:03:00,2190,12.00,.00,-88.80000000,,0,.000000,PCB180,"1,2,3,4-tetrachloro-5-(2,4,5-trichlorophenyl)benzene",ng/L,45.37028,-81.58389
201705001,2018-02-28 15:06:00,CCGS LIMNOS,GEORGIAN BAY,2,455445,-813545,42,20.00,2017-05-21 14:33:00,2191,12.00,.00,-88.80000000,,0,.001200,"PCB182,187","1,2,3,4-tetrachloro-5-(2,4,6-trichlorophenyl)benzene/1,2,4,5-tetrachloro-3-(2,4,5-trichlorophenyl)benzene",ng/L,45.91250,-81.59583
201705001,2018-02-28 15:06:00,CCGS LIMNOS,GEORGIAN BAY,4,455158,-810004,27,16.00,2017-05-21 18:42:00,2191,3.00,.00,-88.80000000,,0,.000600,"PCB182,187","1,2,3,4-tetrachloro-5-(2,4,6-trichlorophenyl)benzene/1,2,4,5-tetrachloro-3-(2,4,5-trichlorophenyl)benzene",ng/L,45.86611,-81.00111
201705001,2018-02-28 15:06:00,CCGS LIMNOS,GEORGIAN BAY,7,453504,-810454,29,41.90,2017-05-21 23:25:00,2191,12.00,.00,-88.80000000,,0,.000800,"PCB182,187","1,2,3,4-tetrachloro-5-(2,4,6-trichlorophenyl)benzene/1,2,4,5-tetrachloro-3-(2,4,5-trichlorophenyl)benzene",ng/L,45.58444,-81.08167
201705001,2018-02-28 15:06:00,CCGS LIMNOS,GEORGIAN BAY,9,451442,-805229,17,77.50,2017-05-22 04:32:00,2191,12.00,.00,-88.80000000,,0,.000600,"PCB182,187","1,2,3,4-tetrachloro-5-(2,4,6-trichlorophenyl)benzene/1,2,4,5-tetrachloro-3-(2,4,5-trichlorophenyl)benzene",ng/L,45.24500,-80.87472
201705001,2018-02-28 15:06:00,CCGS LIMNOS,GEORGIAN BAY,14,445219,-795801,9,28.89,2017-05-23 02:10:00,2191,12.00,.00,-88.80000000,,0,.001200,"PCB182,187","1,2,3,4-tetrachloro-5-(2,4,6-trichlorophenyl)benzene/1,2,4,5-tetrachloro-3-(2,4,5-trichlorophenyl)benzene",ng/L,44.87194,-79.96694
201705001,2018-02-28 15:06:00,CCGS LIMNOS,GEORGIAN BAY,16,443847,-801004,4,58.00,2017-05-23 06:33:00,2191,12.00,.00,-88.80000000,,0,.000700,"PCB182,187","1,2,3,4-tetrachloro-5-(2,4,6-trichlorophenyl)benzene/1,2,4,5-tetrachloro-3-(2,4,5-trichlorophenyl)benzene",ng/L,44.64639,-80.16778
201705001,2018-02-28 15:06:00,CCGS LIMNOS,GEORGIAN BAY,19,444306,-805120,1,89.30,2017-05-23 13:17:00,2191,12.00,.00,-88.80000000,,0,.001000,"PCB182,187","1,2,3,4-tetrachloro-5-(2,4,6-trichlorophenyl)benzene/1,2,4,5-tetrachloro-3-(2,4,5-trichlorophenyl)benzene",ng/L,44.71833,-80.85556
201705001,2018-02-28 15:06:00,CCGS LIMNOS,GEORGIAN BAY,24,452213,-813502,33,53.80,2017-05-24 04:03:00,2191,12.00,.00,-88.80000000,,0,.000600,"PCB182,187","1,2,3,4-tetrachloro-5-(2,4,6-trichlorophenyl)benzene/1,2,4,5-tetrachloro-3-(2,4,5-trichlorophenyl)benzene",ng/L,45.37028,-81.58389
201705001,2018-02-28 15:06:00,CCGS LIMNOS,GEORGIAN BAY,2,455445,-813545,42,20.00,2017-05-21 14:33:00,2192,12.00,.00,-88.80000000,,0,.000000,PCB183,"1,2,3,5-tetrachloro-4-(2,4,5-trichlorophenyl)benzene",ng/L,45.91250,-81.59583
201705001,2018-02-28 15:06:00,CCGS LIMNOS,GEORGIAN BAY,4,455158,-810004,27,16.00,2017-05-21 18:42:00,2192,3.00,.00,-88.80000000,,0,.000000,PCB183,"1,2,3,5-tetrachloro-4-(2,4,5-trichlorophenyl)benzene",ng/L,45.86611,-81.00111
201705001,2018-02-28 15:06:00,CCGS LIMNOS,GEORGIAN BAY,7,453504,-810454,29,41.90,2017-05-21 23:25:00,2192,12.00,.00,-88.80000000,,0,.000000,PCB183,"1,2,3,5-tetrachloro-4-(2,4,5-trichlorophenyl)benzene",ng/L,45.58444,-81.08167
201705001,2018-02-28 15:06:00,CCGS LIMNOS,GEORGIAN BAY,9,451442,-805229,17,77.50,2017-05-22 04:32:00,2192,12.00,.00,-88.80000000,,0,.000000,PCB183,"1,2,3,5-tetrachloro-4-(2,4,5-trichlorophenyl)benzene",ng/L,45.24500,-80.87472
201705001,2018-02-28 15:06:00,CCGS LIMNOS,GEORGIAN BAY,14,445219,-795801,9,28.89,2017-05-23 02:10:00,2192,12.00,.00,-88.80000000,,0,.000000,PCB183,"1,2,3,5-tetrachloro-4-(2,4,5-trichlorophenyl)benzene",ng/L,44.87194,-79.96694
201705001,2018-02-28 15:06:00,CCGS LIMNOS,GEORGIAN BAY,16,443847,-801004,4,58.00,2017-05-23 06:33:00,2192,12.00,.00,-88.80000000,,0,.000000,PCB183,"1,2,3,5-tetrachloro-4-(2,4,5-trichlorophenyl)benzene",ng/L,44.64639,-80.16778
201705001,2018-02-28 15:06:00,CCGS LIMNOS,GEORGIAN BAY,19,444306,-805120,1,89.30,2017-05-23 13:17:00,2192,12.00,.00,-88.80000000,,0,.000000,PCB183,"1,2,3,5-tetrachloro-4-(2,4,5-trichlorophenyl)benzene",ng/L,44.71833,-80.85556
201705001,2018-02-28 15:06:00,CCGS LIMNOS,GEORGIAN BAY,24,452213,-813502,33,53.80,2017-05-24 04:03:00,2192,12.00,.00,-88.80000000,,0,.000000,PCB183,"1,2,3,5-tetrachloro-4-(2,4,5-trichlorophenyl)benzene",ng/L,45.37028,-81.58389
201705001,2018-02-28 15:06:00,CCGS LIMNOS,GEORGIAN BAY,2,455445,-813545,42,20.00,2017-05-21 14:33:00,2193,12.00,.00,-88.80000000,,0,.000000,PCB189,"1,2,3,4-tetrachloro-5-(3,4,5-trichlorophenyl)benzene",ng/L,45.91250,-81.59583
201705001,2018-02-28 15:06:00,CCGS LIMNOS,GEORGIAN BAY,4,455158,-810004,27,16.00,2017-05-21 18:42:00,2193,3.00,.00,-88.80000000,,0,.000000,PCB189,"1,2,3,4-tetrachloro-5-(3,4,5-trichlorophenyl)benzene",ng/L,45.86611,-81.00111
201705001,2018-02-28 15:06:00,CCGS LIMNOS,GEORGIAN BAY,7,453504,-810454,29,41.90,2017-05-21 23:25:00,2193,12.00,.00,-88.80000000,,0,.000000,PCB189,"1,2,3,4-tetrachloro-5-(3,4,5-trichlorophenyl)benzene",ng/L,45.58444,-81.08167
201705001,2018-02-28 15:06:00,CCGS LIMNOS,GEORGIAN BAY,9,451442,-805229,17,77.50,2017-05-22 04:32:00,2193,12.00,.00,-88.80000000,,0,.000000,PCB189,"1,2,3,4-tetrachloro-5-(3,4,5-trichlorophenyl)benzene",ng/L,45.24500,-80.87472
201705001,2018-02-28 15:06:00,CCGS LIMNOS,GEORGIAN BAY,14,445219,-795801,9,28.89,2017-05-23 02:10:00,2193,12.00,.00,-88.80000000,,0,.000000,PCB189,"1,2,3,4-tetrachloro-5-(3,4,5-trichlorophenyl)benzene",ng/L,44.87194,-79.96694
201705001,2018-02-28 15:06:00,CCGS LIMNOS,GEORGIAN BAY,16,443847,-801004,4,58.00,2017-05-23 06:33:00,2193,12.00,.00,-88.80000000,,0,.000000,PCB189,"1,2,3,4-tetrachloro-5-(3,4,5-trichlorophenyl)benzene",ng/L,44.64639,-80.16778
201705001,2018-02-28 15:06:00,CCGS LIMNOS,GEORGIAN BAY,19,444306,-805120,1,89.30,2017-05-23 13:17:00,2193,12.00,.00,-88.80000000,,0,.000000,PCB189,"1,2,3,4-tetrachloro-5-(3,4,5-trichlorophenyl)benzene",ng/L,44.71833,-80.85556
201705001,2018-02-28 15:06:00,CCGS LIMNOS,GEORGIAN BAY,24,452213,-813502,33,53.80,2017-05-24 04:03:00,2193,12.00,.00,-88.80000000,,0,.000000,PCB189,"1,2,3,4-tetrachloro-5-(3,4,5-trichlorophenyl)benzene",ng/L,45.37028,-81.58389
201705001,2018-02-28 15:06:00,CCGS LIMNOS,GEORGIAN BAY,2,455445,-813545,42,20.00,2017-05-21 14:33:00,2194,12.00,.00,-88.80000000,,0,.001300,PCB19,"1,3-dichloro-2-(2-chlorophenyl)benzene",ng/L,45.91250,-81.59583
201705001,2018-02-28 15:06:00,CCGS LIMNOS,GEORGIAN BAY,4,455158,-810004,27,16.00,2017-05-21 18:42:00,2194,3.00,.00,-88.80000000,,0,.001300,PCB19,"1,3-dichloro-2-(2-chlorophenyl)benzene",ng/L,45.86611,-81.00111
201705001,2018-02-28 15:06:00,CCGS LIMNOS,GEORGIAN BAY,7,453504,-810454,29,41.90,2017-05-21 23:25:00,2194,12.00,.00,-88.80000000,,0,.001300,PCB19,"1,3-dichloro-2-(2-chlorophenyl)benzene",ng/L,45.58444,-81.08167
201705001,2018-02-28 15:06:00,CCGS LIMNOS,GEORGIAN BAY,9,451442,-805229,17,77.50,2017-05-22 04:32:00,2194,12.00,.00,-88.80000000,,0,.001300,PCB19,"1,3-dichloro-2-(2-chlorophenyl)benzene",ng/L,45.24500,-80.87472
201705001,2018-02-28 15:06:00,CCGS LIMNOS,GEORGIAN BAY,14,445219,-795801,9,28.89,2017-05-23 02:10:00,2194,12.00,.00,-88.80000000,,0,.001200,PCB19,"1,3-dichloro-2-(2-chlorophenyl)benzene",ng/L,44.87194,-79.96694
201705001,2018-02-28 15:06:00,CCGS LIMNOS,GEORGIAN BAY,16,443847,-801004,4,58.00,2017-05-23 06:33:00,2194,12.00,.00,-88.80000000,,0,.001300,PCB19,"1,3-dichloro-2-(2-chlorophenyl)benzene",ng/L,44.64639,-80.16778
201705001,2018-02-28 15:06:00,CCGS LIMNOS,GEORGIAN BAY,19,444306,-805120,1,89.30,2017-05-23 13:17:00,2194,12.00,.00,-88.80000000,,0,.001400,PCB19,"1,3-dichloro-2-(2-chlorophenyl)benzene",ng/L,44.71833,-80.85556
201705001,2018-02-28 15:06:00,CCGS LIMNOS,GEORGIAN BAY,24,452213,-813502,33,53.80,2017-05-24 04:03:00,2194,12.00,.00,-88.80000000,,0,.001200,PCB19,"1,3-dichloro-2-(2-chlorophenyl)benzene",ng/L,45.37028,-81.58389
201705001,2018-02-28 15:06:00,CCGS LIMNOS,GEORGIAN BAY,2,455445,-813545,42,20.00,2017-05-21 14:33:00,2195,12.00,.00,-88.80000000,,0,.000000,PCB191,"1,2,3,5-tetrachloro-4-(3,4,5-trichlorophenyl)benzene",ng/L,45.91250,-81.59583
201705001,2018-02-28 15:06:00,CCGS LIMNOS,GEORGIAN BAY,4,455158,-810004,27,16.00,2017-05-21 18:42:00,2195,3.00,.00,-88.80000000,,0,.000000,PCB191,"1,2,3,5-tetrachloro-4-(3,4,5-trichlorophenyl)benzene",ng/L,45.86611,-81.00111
201705001,2018-02-28 15:06:00,CCGS LIMNOS,GEORGIAN BAY,7,453504,-810454,29,41.90,2017-05-21 23:25:00,2195,12.00,.00,-88.80000000,,0,.000000,PCB191,"1,2,3,5-tetrachloro-4-(3,4,5-trichlorophenyl)benzene",ng/L,45.58444,-81.08167
201705001,2018-02-28 15:06:00,CCGS LIMNOS,GEORGIAN BAY,9,451442,-805229,17,77.50,2017-05-22 04:32:00,2195,12.00,.00,-88.80000000,,0,.000000,PCB191,"1,2,3,5-tetrachloro-4-(3,4,5-trichlorophenyl)benzene",ng/L,45.24500,-80.87472
201705001,2018-02-28 15:06:00,CCGS LIMNOS,GEORGIAN BAY,14,445219,-795801,9,28.89,2017-05-23 02:10:00,2195,12.00,.00,-88.80000000,,0,.000000,PCB191,"1,2,3,5-tetrachloro-4-(3,4,5-trichlorophenyl)benzene",ng/L,44.87194,-79.96694
201705001,2018-02-28 15:06:00,CCGS LIMNOS,GEORGIAN BAY,16,443847,-801004,4,58.00,2017-05-23 06:33:00,2195,12.00,.00,-88.80000000,,0,.000000,PCB191,"1,2,3,5-tetrachloro-4-(3,4,5-trichlorophenyl)benzene",ng/L,44.64639,-80.16778
201705001,2018-02-28 15:06:00,CCGS LIMNOS,GEORGIAN BAY,19,444306,-805120,1,89.30,2017-05-23 13:17:00,2195,12.00,.00,-88.80000000,,0,.000000,PCB191,"1,2,3,5-tetrachloro-4-(3,4,5-trichlorophenyl)benzene",ng/L,44.71833,-80.85556
201705001,2018-02-28 15:06:00,CCGS LIMNOS,GEORGIAN BAY,24,452213,-813502,33,53.80,2017-05-24 04:03:00,2195,12.00,.00,-88.80000000,,0,.000000,PCB191,"1,2,3,5-tetrachloro-4-(3,4,5-trichlorophenyl)benzene",ng/L,45.37028,-81.58389
201705001,2018-02-28 15:06:00,CCGS LIMNOS,GEORGIAN BAY,2,455445,-813545,42,20.00,2017-05-21 14:33:00,2196,12.00,.00,-88.80000000,,0,.000000,PCB193,"1,2,3,4,5-pentachloro-6-(3,5-dichlorophenyl)benzene",ng/L,45.91250,-81.59583
201705001,2018-02-28 15:06:00,CCGS LIMNOS,GEORGIAN BAY,4,455158,-810004,27,16.00,2017-05-21 18:42:00,2196,3.00,.00,-88.80000000,,0,.000000,PCB193,"1,2,3,4,5-pentachloro-6-(3,5-dichlorophenyl)benzene",ng/L,45.86611,-81.00111
201705001,2018-02-28 15:06:00,CCGS LIMNOS,GEORGIAN BAY,7,453504,-810454,29,41.90,2017-05-21 23:25:00,2196,12.00,.00,-88.80000000,,0,.000000,PCB193,"1,2,3,4,5-pentachloro-6-(3,5-dichlorophenyl)benzene",ng/L,45.58444,-81.08167
201705001,2018-02-28 15:06:00,CCGS LIMNOS,GEORGIAN BAY,9,451442,-805229,17,77.50,2017-05-22 04:32:00,2196,12.00,.00,-88.80000000,,0,.000000,PCB193,"1,2,3,4,5-pentachloro-6-(3,5-dichlorophenyl)benzene",ng/L,45.24500,-80.87472
201705001,2018-02-28 15:06:00,CCGS LIMNOS,GEORGIAN BAY,14,445219,-795801,9,28.89,2017-05-23 02:10:00,2196,12.00,.00,-88.80000000,,0,.000000,PCB193,"1,2,3,4,5-pentachloro-6-(3,5-dichlorophenyl)benzene",ng/L,44.87194,-79.96694
201705001,2018-02-28 15:06:00,CCGS LIMNOS,GEORGIAN BAY,16,443847,-801004,4,58.00,2017-05-23 06:33:00,2196,12.00,.00,-88.80000000,,0,.000000,PCB193,"1,2,3,4,5-pentachloro-6-(3,5-dichlorophenyl)benzene",ng/L,44.64639,-80.16778
201705001,2018-02-28 15:06:00,CCGS LIMNOS,GEORGIAN BAY,19,444306,-805120,1,89.30,2017-05-23 13:17:00,2196,12.00,.00,-88.80000000,,0,.000000,PCB193,"1,2,3,4,5-pentachloro-6-(3,5-dichlorophenyl)benzene",ng/L,44.71833,-80.85556
201705001,2018-02-28 15:06:00,CCGS LIMNOS,GEORGIAN BAY,24,452213,-813502,33,53.80,2017-05-24 04:03:00,2196,12.00,.00,-88.80000000,,0,.000000,PCB193,"1,2,3,4,5-pentachloro-6-(3,5-dichlorophenyl)benzene",ng/L,45.37028,-81.58389
201705001,2018-02-28 15:06:00,CCGS LIMNOS,GEORGIAN BAY,2,455445,-813545,42,20.00,2017-05-21 14:33:00,2197,12.00,.00,-88.80000000,,0,.000000,PCB194,"1,2,3,4-tetrachloro-5-(2,3,4,5-tetrachlorophenyl)benzene",ng/L,45.91250,-81.59583
201705001,2018-02-28 15:06:00,CCGS LIMNOS,GEORGIAN BAY,4,455158,-810004,27,16.00,2017-05-21 18:42:00,2197,3.00,.00,-88.80000000,,0,.000000,PCB194,"1,2,3,4-tetrachloro-5-(2,3,4,5-tetrachlorophenyl)benzene",ng/L,45.86611,-81.00111
201705001,2018-02-28 15:06:00,CCGS LIMNOS,GEORGIAN BAY,7,453504,-810454,29,41.90,2017-05-21 23:25:00,2197,12.00,.00,-88.80000000,,0,.000000,PCB194,"1,2,3,4-tetrachloro-5-(2,3,4,5-tetrachlorophenyl)benzene",ng/L,45.58444,-81.08167
201705001,2018-02-28 15:06:00,CCGS LIMNOS,GEORGIAN BAY,9,451442,-805229,17,77.50,2017-05-22 04:32:00,2197,12.00,.00,-88.80000000,,0,.000000,PCB194,"1,2,3,4-tetrachloro-5-(2,3,4,5-tetrachlorophenyl)benzene",ng/L,45.24500,-80.87472
201705001,2018-02-28 15:06:00,CCGS LIMNOS,GEORGIAN BAY,14,445219,-795801,9,28.89,2017-05-23 02:10:00,2197,12.00,.00,-88.80000000,,0,.000000,PCB194,"1,2,3,4-tetrachloro-5-(2,3,4,5-tetrachlorophenyl)benzene",ng/L,44.87194,-79.96694
201705001,2018-02-28 15:06:00,CCGS LIMNOS,GEORGIAN BAY,16,443847,-801004,4,58.00,2017-05-23 06:33:00,2197,12.00,.00,-88.80000000,,0,.000000,PCB194,"1,2,3,4-tetrachloro-5-(2,3,4,5-tetrachlorophenyl)benzene",ng/L,44.64639,-80.16778
201705001,2018-02-28 15:06:00,CCGS LIMNOS,GEORGIAN BAY,19,444306,-805120,1,89.30,2017-05-23 13:17:00,2197,12.00,.00,-88.80000000,,0,.000000,PCB194,"1,2,3,4-tetrachloro-5-(2,3,4,5-tetrachlorophenyl)benzene",ng/L,44.71833,-80.85556
201705001,2018-02-28 15:06:00,CCGS LIMNOS,GEORGIAN BAY,24,452213,-813502,33,53.80,2017-05-24 04:03:00,2197,12.00,.00,-88.80000000,,0,.000000,PCB194,"1,2,3,4-tetrachloro-5-(2,3,4,5-tetrachlorophenyl)benzene",ng/L,45.37028,-81.58389
201705001,2018-02-28 15:06:00,CCGS LIMNOS,GEORGIAN BAY,2,455445,-813545,42,20.00,2017-05-21 14:33:00,2198,12.00,.00,-88.80000000,,0,.000000,PCB195,"2,2',3,3',4,4',5,6-Octachlorobiphenyl",ng/L,45.91250,-81.59583
201705001,2018-02-28 15:06:00,CCGS LIMNOS,GEORGIAN BAY,4,455158,-810004,27,16.00,2017-05-21 18:42:00,2198,3.00,.00,-88.80000000,,0,.000000,PCB195,"2,2',3,3',4,4',5,6-Octachlorobiphenyl",ng/L,45.86611,-81.00111
201705001,2018-02-28 15:06:00,CCGS LIMNOS,GEORGIAN BAY,7,453504,-810454,29,41.90,2017-05-21 23:25:00,2198,12.00,.00,-88.80000000,,0,.000000,PCB195,"2,2',3,3',4,4',5,6-Octachlorobiphenyl",ng/L,45.58444,-81.08167
201705001,2018-02-28 15:06:00,CCGS LIMNOS,GEORGIAN BAY,9,451442,-805229,17,77.50,2017-05-22 04:32:00,2198,12.00,.00,-88.80000000,,0,.000000,PCB195,"2,2',3,3',4,4',5,6-Octachlorobiphenyl",ng/L,45.24500,-80.87472
201705001,2018-02-28 15:06:00,CCGS LIMNOS,GEORGIAN BAY,14,445219,-795801,9,28.89,2017-05-23 02:10:00,2198,12.00,.00,-88.80000000,,0,.000000,PCB195,"2,2',3,3',4,4',5,6-Octachlorobiphenyl",ng/L,44.87194,-79.96694
201705001,2018-02-28 15:06:00,CCGS LIMNOS,GEORGIAN BAY,16,443847,-801004,4,58.00,2017-05-23 06:33:00,2198,12.00,.00,-88.80000000,,0,.000000,PCB195,"2,2',3,3',4,4',5,6-Octachlorobiphenyl",ng/L,44.64639,-80.16778
201705001,2018-02-28 15:06:00,CCGS LIMNOS,GEORGIAN BAY,19,444306,-805120,1,89.30,2017-05-23 13:17:00,2198,12.00,.00,-88.80000000,,0,.000000,PCB195,"2,2',3,3',4,4',5,6-Octachlorobiphenyl",ng/L,44.71833,-80.85556
201705001,2018-02-28 15:06:00,CCGS LIMNOS,GEORGIAN BAY,24,452213,-813502,33,53.80,2017-05-24 04:03:00,2198,12.00,.00,-88.80000000,,0,.000000,PCB195,"2,2',3,3',4,4',5,6-Octachlorobiphenyl",ng/L,45.37028,-81.58389
201705001,2018-02-28 15:06:00,CCGS LIMNOS,GEORGIAN BAY,2,455445,-813545,42,20.00,2017-05-21 14:33:00,2199,12.00,.00,-88.80000000,,0,.000000,"PCB196,203","1,2,3,4-tetrachloro-5-(2,3,4,6-tetrachlorophenyl)benzene/1,2,3,4,5-pentachloro-6-(2,4,5-trichlorophenyl)benzene",ng/L,45.91250,-81.59583
201705001,2018-02-28 15:06:00,CCGS LIMNOS,GEORGIAN BAY,4,455158,-810004,27,16.00,2017-05-21 18:42:00,2199,3.00,.00,-88.80000000,,0,.000000,"PCB196,203","1,2,3,4-tetrachloro-5-(2,3,4,6-tetrachlorophenyl)benzene/1,2,3,4,5-pentachloro-6-(2,4,5-trichlorophenyl)benzene",ng/L,45.86611,-81.00111
201705001,2018-02-28 15:06:00,CCGS LIMNOS,GEORGIAN BAY,7,453504,-810454,29,41.90,2017-05-21 23:25:00,2199,12.00,.00,-88.80000000,,0,.000000,"PCB196,203","1,2,3,4-tetrachloro-5-(2,3,4,6-tetrachlorophenyl)benzene/1,2,3,4,5-pentachloro-6-(2,4,5-trichlorophenyl)benzene",ng/L,45.58444,-81.08167
201705001,2018-02-28 15:06:00,CCGS LIMNOS,GEORGIAN BAY,9,451442,-805229,17,77.50,2017-05-22 04:32:00,2199,12.00,.00,-88.80000000,,0,.000000,"PCB196,203","1,2,3,4-tetrachloro-5-(2,3,4,6-tetrachlorophenyl)benzene/1,2,3,4,5-pentachloro-6-(2,4,5-trichlorophenyl)benzene",ng/L,45.24500,-80.87472
201705001,2018-02-28 15:06:00,CCGS LIMNOS,GEORGIAN BAY,14,445219,-795801,9,28.89,2017-05-23 02:10:00,2199,12.00,.00,-88.80000000,,0,.000000,"PCB196,203","1,2,3,4-tetrachloro-5-(2,3,4,6-tetrachlorophenyl)benzene/1,2,3,4,5-pentachloro-6-(2,4,5-trichlorophenyl)benzene",ng/L,44.87194,-79.96694
201705001,2018-02-28 15:06:00,CCGS LIMNOS,GEORGIAN BAY,16,443847,-801004,4,58.00,2017-05-23 06:33:00,2199,12.00,.00,-88.80000000,,0,.000000,"PCB196,203","1,2,3,4-tetrachloro-5-(2,3,4,6-tetrachlorophenyl)benzene/1,2,3,4,5-pentachloro-6-(2,4,5-trichlorophenyl)benzene",ng/L,44.64639,-80.16778
201705001,2018-02-28 15:06:00,CCGS LIMNOS,GEORGIAN BAY,19,444306,-805120,1,89.30,2017-05-23 13:17:00,2199,12.00,.00,-88.80000000,,0,.000000,"PCB196,203","1,2,3,4-tetrachloro-5-(2,3,4,6-tetrachlorophenyl)benzene/1,2,3,4,5-pentachloro-6-(2,4,5-trichlorophenyl)benzene",ng/L,44.71833,-80.85556
201705001,2018-02-28 15:06:00,CCGS LIMNOS,GEORGIAN BAY,24,452213,-813502,33,53.80,2017-05-24 04:03:00,2199,12.00,.00,-88.80000000,,0,.000000,"PCB196,203","1,2,3,4-tetrachloro-5-(2,3,4,6-tetrachlorophenyl)benzene/1,2,3,4,5-pentachloro-6-(2,4,5-trichlorophenyl)benzene",ng/L,45.37028,-81.58389
201705001,2018-02-28 15:06:00,CCGS LIMNOS,GEORGIAN BAY,2,455445,-813545,42,20.00,2017-05-21 14:33:00,2200,12.00,.00,-88.80000000,,0,.000000,PCB197,"1,2,3,5-tetrachloro-4-(2,3,4,6-tetrachlorophenyl)benzene",ng/L,45.91250,-81.59583
201705001,2018-02-28 15:06:00,CCGS LIMNOS,GEORGIAN BAY,4,455158,-810004,27,16.00,2017-05-21 18:42:00,2200,3.00,.00,-88.80000000,,0,.000000,PCB197,"1,2,3,5-tetrachloro-4-(2,3,4,6-tetrachlorophenyl)benzene",ng/L,45.86611,-81.00111
201705001,2018-02-28 15:06:00,CCGS LIMNOS,GEORGIAN BAY,7,453504,-810454,29,41.90,2017-05-21 23:25:00,2200,12.00,.00,-88.80000000,,0,.000000,PCB197,"1,2,3,5-tetrachloro-4-(2,3,4,6-tetrachlorophenyl)benzene",ng/L,45.58444,-81.08167
201705001,2018-02-28 15:06:00,CCGS LIMNOS,GEORGIAN BAY,9,451442,-805229,17,77.50,2017-05-22 04:32:00,2200,12.00,.00,-88.80000000,,0,.000000,PCB197,"1,2,3,5-tetrachloro-4-(2,3,4,6-tetrachlorophenyl)benzene",ng/L,45.24500,-80.87472
201705001,2018-02-28 15:06:00,CCGS LIMNOS,GEORGIAN BAY,14,445219,-795801,9,28.89,2017-05-23 02:10:00,2200,12.00,.00,-88.80000000,,0,.000000,PCB197,"1,2,3,5-tetrachloro-4-(2,3,4,6-tetrachlorophenyl)benzene",ng/L,44.87194,-79.96694
201705001,2018-02-28 15:06:00,CCGS LIMNOS,GEORGIAN BAY,16,443847,-801004,4,58.00,2017-05-23 06:33:00,2200,12.00,.00,-88.80000000,,0,.000000,PCB197,"1,2,3,5-tetrachloro-4-(2,3,4,6-tetrachlorophenyl)benzene",ng/L,44.64639,-80.16778
201705001,2018-02-28 15:06:00,CCGS LIMNOS,GEORGIAN BAY,19,444306,-805120,1,89.30,2017-05-23 13:17:00,2200,12.00,.00,-88.80000000,,0,.000000,PCB197,"1,2,3,5-tetrachloro-4-(2,3,4,6-tetrachlorophenyl)benzene",ng/L,44.71833,-80.85556
201705001,2018-02-28 15:06:00,CCGS LIMNOS,GEORGIAN BAY,24,452213,-813502,33,53.80,2017-05-24 04:03:00,2200,12.00,.00,-88.80000000,,0,.000000,PCB197,"1,2,3,5-tetrachloro-4-(2,3,4,6-tetrachlorophenyl)benzene",ng/L,45.37028,-81.58389
201705001,2018-02-28 15:06:00,CCGS LIMNOS,GEORGIAN BAY,2,455445,-813545,42,20.00,2017-05-21 14:33:00,2201,12.00,.00,-88.80000000,,0,.000000,PCB199,"1,2,3,4-tetrachloro-5-(2,3,5,6-tetrachlorophenyl)benzene",ng/L,45.91250,-81.59583
201705001,2018-02-28 15:06:00,CCGS LIMNOS,GEORGIAN BAY,4,455158,-810004,27,16.00,2017-05-21 18:42:00,2201,3.00,.00,-88.80000000,,0,.000000,PCB199,"1,2,3,4-tetrachloro-5-(2,3,5,6-tetrachlorophenyl)benzene",ng/L,45.86611,-81.00111
201705001,2018-02-28 15:06:00,CCGS LIMNOS,GEORGIAN BAY,7,453504,-810454,29,41.90,2017-05-21 23:25:00,2201,12.00,.00,-88.80000000,,0,.000000,PCB199,"1,2,3,4-tetrachloro-5-(2,3,5,6-tetrachlorophenyl)benzene",ng/L,45.58444,-81.08167
201705001,2018-02-28 15:06:00,CCGS LIMNOS,GEORGIAN BAY,9,451442,-805229,17,77.50,2017-05-22 04:32:00,2201,12.00,.00,-88.80000000,,0,.000000,PCB199,"1,2,3,4-tetrachloro-5-(2,3,5,6-tetrachlorophenyl)benzene",ng/L,45.24500,-80.87472
201705001,2018-02-28 15:06:00,CCGS LIMNOS,GEORGIAN BAY,14,445219,-795801,9,28.89,2017-05-23 02:10:00,2201,12.00,.00,-88.80000000,,0,.000000,PCB199,"1,2,3,4-tetrachloro-5-(2,3,5,6-tetrachlorophenyl)benzene",ng/L,44.87194,-79.96694
201705001,2018-02-28 15:06:00,CCGS LIMNOS,GEORGIAN BAY,16,443847,-801004,4,58.00,2017-05-23 06:33:00,2201,12.00,.00,-88.80000000,,0,.000000,PCB199,"1,2,3,4-tetrachloro-5-(2,3,5,6-tetrachlorophenyl)benzene",ng/L,44.64639,-80.16778
201705001,2018-02-28 15:06:00,CCGS LIMNOS,GEORGIAN BAY,19,444306,-805120,1,89.30,2017-05-23 13:17:00,2201,12.00,.00,-88.80000000,,0,.000000,PCB199,"1,2,3,4-tetrachloro-5-(2,3,5,6-tetrachlorophenyl)benzene",ng/L,44.71833,-80.85556
201705001,2018-02-28 15:06:00,CCGS LIMNOS,GEORGIAN BAY,24,452213,-813502,33,53.80,2017-05-24 04:03:00,2201,12.00,.00,-88.80000000,,0,.000000,PCB199,"1,2,3,4-tetrachloro-5-(2,3,5,6-tetrachlorophenyl)benzene",ng/L,45.37028,-81.58389
201705001,2018-02-28 15:06:00,CCGS LIMNOS,GEORGIAN BAY,2,455445,-813545,42,20.00,2017-05-21 14:33:00,2202,12.00,.00,-88.80000000,,0,.000000,PCB201,"1,2,3,5-tetrachloro-4-(2,3,5,6-tetrachlorophenyl)benzene",ng/L,45.91250,-81.59583
201705001,2018-02-28 15:06:00,CCGS LIMNOS,GEORGIAN BAY,4,455158,-810004,27,16.00,2017-05-21 18:42:00,2202,3.00,.00,-88.80000000,,0,.000000,PCB201,"1,2,3,5-tetrachloro-4-(2,3,5,6-tetrachlorophenyl)benzene",ng/L,45.86611,-81.00111
201705001,2018-02-28 15:06:00,CCGS LIMNOS,GEORGIAN BAY,7,453504,-810454,29,41.90,2017-05-21 23:25:00,2202,12.00,.00,-88.80000000,,0,.000000,PCB201,"1,2,3,5-tetrachloro-4-(2,3,5,6-tetrachlorophenyl)benzene",ng/L,45.58444,-81.08167
201705001,2018-02-28 15:06:00,CCGS LIMNOS,GEORGIAN BAY,9,451442,-805229,17,77.50,2017-05-22 04:32:00,2202,12.00,.00,-88.80000000,,0,.000000,PCB201,"1,2,3,5-tetrachloro-4-(2,3,5,6-tetrachlorophenyl)benzene",ng/L,45.24500,-80.87472
201705001,2018-02-28 15:06:00,CCGS LIMNOS,GEORGIAN BAY,14,445219,-795801,9,28.89,2017-05-23 02:10:00,2202,12.00,.00,-88.80000000,,0,.000000,PCB201,"1,2,3,5-tetrachloro-4-(2,3,5,6-tetrachlorophenyl)benzene",ng/L,44.87194,-79.96694
201705001,2018-02-28 15:06:00,CCGS LIMNOS,GEORGIAN BAY,16,443847,-801004,4,58.00,2017-05-23 06:33:00,2202,12.00,.00,-88.80000000,,0,.000000,PCB201,"1,2,3,5-tetrachloro-4-(2,3,5,6-tetrachlorophenyl)benzene",ng/L,44.64639,-80.16778
201705001,2018-02-28 15:06:00,CCGS LIMNOS,GEORGIAN BAY,19,444306,-805120,1,89.30,2017-05-23 13:17:00,2202,12.00,.00,-88.80000000,,0,.000000,PCB201,"1,2,3,5-tetrachloro-4-(2,3,5,6-tetrachlorophenyl)benzene",ng/L,44.71833,-80.85556
201705001,2018-02-28 15:06:00,CCGS LIMNOS,GEORGIAN BAY,24,452213,-813502,33,53.80,2017-05-24 04:03:00,2202,12.00,.00,-88.80000000,,0,.000000,PCB201,"1,2,3,5-tetrachloro-4-(2,3,5,6-tetrachlorophenyl)benzene",ng/L,45.37028,-81.58389
201705001,2018-02-28 15:06:00,CCGS LIMNOS,GEORGIAN BAY,2,455445,-813545,42,20.00,2017-05-21 14:33:00,2203,12.00,.00,-88.80000000,,0,.000000,PCB202,"2,2',3,3',5,5',6,6'-Octachlorobiphenyl",ng/L,45.91250,-81.59583
201705001,2018-02-28 15:06:00,CCGS LIMNOS,GEORGIAN BAY,4,455158,-810004,27,16.00,2017-05-21 18:42:00,2203,3.00,.00,-88.80000000,,0,.000000,PCB202,"2,2',3,3',5,5',6,6'-Octachlorobiphenyl",ng/L,45.86611,-81.00111
201705001,2018-02-28 15:06:00,CCGS LIMNOS,GEORGIAN BAY,7,453504,-810454,29,41.90,2017-05-21 23:25:00,2203,12.00,.00,-88.80000000,,0,.000000,PCB202,"2,2',3,3',5,5',6,6'-Octachlorobiphenyl",ng/L,45.58444,-81.08167
201705001,2018-02-28 15:06:00,CCGS LIMNOS,GEORGIAN BAY,9,451442,-805229,17,77.50,2017-05-22 04:32:00,2203,12.00,.00,-88.80000000,,0,.000000,PCB202,"2,2',3,3',5,5',6,6'-Octachlorobiphenyl",ng/L,45.24500,-80.87472
201705001,2018-02-28 15:06:00,CCGS LIMNOS,GEORGIAN BAY,14,445219,-795801,9,28.89,2017-05-23 02:10:00,2203,12.00,.00,-88.80000000,,0,.000000,PCB202,"2,2',3,3',5,5',6,6'-Octachlorobiphenyl",ng/L,44.87194,-79.96694
201705001,2018-02-28 15:06:00,CCGS LIMNOS,GEORGIAN BAY,16,443847,-801004,4,58.00,2017-05-23 06:33:00,2203,12.00,.00,-88.80000000,,0,.000000,PCB202,"2,2',3,3',5,5',6,6'-Octachlorobiphenyl",ng/L,44.64639,-80.16778
201705001,2018-02-28 15:06:00,CCGS LIMNOS,GEORGIAN BAY,19,444306,-805120,1,89.30,2017-05-23 13:17:00,2203,12.00,.00,-88.80000000,,0,.000000,PCB202,"2,2',3,3',5,5',6,6'-Octachlorobiphenyl",ng/L,44.71833,-80.85556
201705001,2018-02-28 15:06:00,CCGS LIMNOS,GEORGIAN BAY,24,452213,-813502,33,53.80,2017-05-24 04:03:00,2203,12.00,.00,-88.80000000,,0,.000000,PCB202,"2,2',3,3',5,5',6,6'-Octachlorobiphenyl",ng/L,45.37028,-81.58389
201705001,2018-02-28 15:06:00,CCGS LIMNOS,GEORGIAN BAY,2,455445,-813545,42,20.00,2017-05-21 14:33:00,2204,12.00,.00,-88.80000000,,0,77.700000,PCB204,"1,2,3,4,5-pentachloro-6-(2,4,6-trichlorophenyl)benzene",%,45.91250,-81.59583
201705001,2018-02-28 15:06:00,CCGS LIMNOS,GEORGIAN BAY,4,455158,-810004,27,16.00,2017-05-21 18:42:00,2204,3.00,.00,-88.80000000,,0,57.600000,PCB204,"1,2,3,4,5-pentachloro-6-(2,4,6-trichlorophenyl)benzene",%,45.86611,-81.00111
201705001,2018-02-28 15:06:00,CCGS LIMNOS,GEORGIAN BAY,7,453504,-810454,29,41.90,2017-05-21 23:25:00,2204,12.00,.00,-88.80000000,,0,80.800000,PCB204,"1,2,3,4,5-pentachloro-6-(2,4,6-trichlorophenyl)benzene",%,45.58444,-81.08167
201705001,2018-02-28 15:06:00,CCGS LIMNOS,GEORGIAN BAY,9,451442,-805229,17,77.50,2017-05-22 04:32:00,2204,12.00,.00,-88.80000000,,0,85.000000,PCB204,"1,2,3,4,5-pentachloro-6-(2,4,6-trichlorophenyl)benzene",%,45.24500,-80.87472
201705001,2018-02-28 15:06:00,CCGS LIMNOS,GEORGIAN BAY,14,445219,-795801,9,28.89,2017-05-23 02:10:00,2204,12.00,.00,-88.80000000,,0,79.000000,PCB204,"1,2,3,4,5-pentachloro-6-(2,4,6-trichlorophenyl)benzene",%,44.87194,-79.96694
201705001,2018-02-28 15:06:00,CCGS LIMNOS,GEORGIAN BAY,16,443847,-801004,4,58.00,2017-05-23 06:33:00,2204,12.00,.00,-88.80000000,,0,94.800000,PCB204,"1,2,3,4,5-pentachloro-6-(2,4,6-trichlorophenyl)benzene",%,44.64639,-80.16778
201705001,2018-02-28 15:06:00,CCGS LIMNOS,GEORGIAN BAY,19,444306,-805120,1,89.30,2017-05-23 13:17:00,2204,12.00,.00,-88.80000000,,0,64.000000,PCB204,"1,2,3,4,5-pentachloro-6-(2,4,6-trichlorophenyl)benzene",%,44.71833,-80.85556
201705001,2018-02-28 15:06:00,CCGS LIMNOS,GEORGIAN BAY,24,452213,-813502,33,53.80,2017-05-24 04:03:00,2204,12.00,.00,-88.80000000,,0,73.600000,PCB204,"1,2,3,4,5-pentachloro-6-(2,4,6-trichlorophenyl)benzene",%,45.37028,-81.58389
201705001,2018-02-28 15:06:00,CCGS LIMNOS,GEORGIAN BAY,2,455445,-813545,42,20.00,2017-05-21 14:33:00,2205,12.00,.00,-88.80000000,,0,.000000,PCB205,"1,2,3,4,5-pentachloro-6-(3,4,5-trichlorophenyl)benzene",ng/L,45.91250,-81.59583
201705001,2018-02-28 15:06:00,CCGS LIMNOS,GEORGIAN BAY,4,455158,-810004,27,16.00,2017-05-21 18:42:00,2205,3.00,.00,-88.80000000,,0,.000000,PCB205,"1,2,3,4,5-pentachloro-6-(3,4,5-trichlorophenyl)benzene",ng/L,45.86611,-81.00111
201705001,2018-02-28 15:06:00,CCGS LIMNOS,GEORGIAN BAY,7,453504,-810454,29,41.90,2017-05-21 23:25:00,2205,12.00,.00,-88.80000000,,0,.000000,PCB205,"1,2,3,4,5-pentachloro-6-(3,4,5-trichlorophenyl)benzene",ng/L,45.58444,-81.08167
201705001,2018-02-28 15:06:00,CCGS LIMNOS,GEORGIAN BAY,9,451442,-805229,17,77.50,2017-05-22 04:32:00,2205,12.00,.00,-88.80000000,,0,.000000,PCB205,"1,2,3,4,5-pentachloro-6-(3,4,5-trichlorophenyl)benzene",ng/L,45.24500,-80.87472
201705001,2018-02-28 15:06:00,CCGS LIMNOS,GEORGIAN BAY,14,445219,-795801,9,28.89,2017-05-23 02:10:00,2205,12.00,.00,-88.80000000,,0,.000000,PCB205,"1,2,3,4,5-pentachloro-6-(3,4,5-trichlorophenyl)benzene",ng/L,44.87194,-79.96694
201705001,2018-02-28 15:06:00,CCGS LIMNOS,GEORGIAN BAY,16,443847,-801004,4,58.00,2017-05-23 06:33:00,2205,12.00,.00,-88.80000000,,0,.000000,PCB205,"1,2,3,4,5-pentachloro-6-(3,4,5-trichlorophenyl)benzene",ng/L,44.64639,-80.16778
201705001,2018-02-28 15:06:00,CCGS LIMNOS,GEORGIAN BAY,19,444306,-805120,1,89.30,2017-05-23 13:17:00,2205,12.00,.00,-88.80000000,,0,.000000,PCB205,"1,2,3,4,5-pentachloro-6-(3,4,5-trichlorophenyl)benzene",ng/L,44.71833,-80.85556
201705001,2018-02-28 15:06:00,CCGS LIMNOS,GEORGIAN BAY,24,452213,-813502,33,53.80,2017-05-24 04:03:00,2205,12.00,.00,-88.80000000,,0,.000000,PCB205,"1,2,3,4,5-pentachloro-6-(3,4,5-trichlorophenyl)benzene",ng/L,45.37028,-81.58389
201705001,2018-02-28 15:06:00,CCGS LIMNOS,GEORGIAN BAY,2,455445,-813545,42,20.00,2017-05-21 14:33:00,2206,12.00,.00,-88.80000000,,0,.000000,PCB206,",2',3,3',4,4',5,5',6-Nonachlorobiphenyl",ng/L,45.91250,-81.59583
201705001,2018-02-28 15:06:00,CCGS LIMNOS,GEORGIAN BAY,4,455158,-810004,27,16.00,2017-05-21 18:42:00,2206,3.00,.00,-88.80000000,,0,.000000,PCB206,",2',3,3',4,4',5,5',6-Nonachlorobiphenyl",ng/L,45.86611,-81.00111
201705001,2018-02-28 15:06:00,CCGS LIMNOS,GEORGIAN BAY,7,453504,-810454,29,41.90,2017-05-21 23:25:00,2206,12.00,.00,-88.80000000,,0,.000000,PCB206,",2',3,3',4,4',5,5',6-Nonachlorobiphenyl",ng/L,45.58444,-81.08167
201705001,2018-02-28 15:06:00,CCGS LIMNOS,GEORGIAN BAY,9,451442,-805229,17,77.50,2017-05-22 04:32:00,2206,12.00,.00,-88.80000000,,0,.000000,PCB206,",2',3,3',4,4',5,5',6-Nonachlorobiphenyl",ng/L,45.24500,-80.87472
201705001,2018-02-28 15:06:00,CCGS LIMNOS,GEORGIAN BAY,14,445219,-795801,9,28.89,2017-05-23 02:10:00,2206,12.00,.00,-88.80000000,,0,.000000,PCB206,",2',3,3',4,4',5,5',6-Nonachlorobiphenyl",ng/L,44.87194,-79.96694
201705001,2018-02-28 15:06:00,CCGS LIMNOS,GEORGIAN BAY,16,443847,-801004,4,58.00,2017-05-23 06:33:00,2206,12.00,.00,-88.80000000,,0,.000000,PCB206,",2',3,3',4,4',5,5',6-Nonachlorobiphenyl",ng/L,44.64639,-80.16778
201705001,2018-02-28 15:06:00,CCGS LIMNOS,GEORGIAN BAY,19,444306,-805120,1,89.30,2017-05-23 13:17:00,2206,12.00,.00,-88.80000000,,0,.000000,PCB206,",2',3,3',4,4',5,5',6-Nonachlorobiphenyl",ng/L,44.71833,-80.85556
201705001,2018-02-28 15:06:00,CCGS LIMNOS,GEORGIAN BAY,24,452213,-813502,33,53.80,2017-05-24 04:03:00,2206,12.00,.00,-88.80000000,,0,.000000,PCB206,",2',3,3',4,4',5,5',6-Nonachlorobiphenyl",ng/L,45.37028,-81.58389
201705001,2018-02-28 15:06:00,CCGS LIMNOS,GEORGIAN BAY,2,455445,-813545,42,20.00,2017-05-21 14:33:00,2207,12.00,.00,-88.80000000,,0,.000000,PCB207,"1,2,3,4,5-pentachloro-6-(2,3,4,6-tetrachlorophenyl)benzene",ng/L,45.91250,-81.59583
201705001,2018-02-28 15:06:00,CCGS LIMNOS,GEORGIAN BAY,4,455158,-810004,27,16.00,2017-05-21 18:42:00,2207,3.00,.00,-88.80000000,,0,.000000,PCB207,"1,2,3,4,5-pentachloro-6-(2,3,4,6-tetrachlorophenyl)benzene",ng/L,45.86611,-81.00111
201705001,2018-02-28 15:06:00,CCGS LIMNOS,GEORGIAN BAY,7,453504,-810454,29,41.90,2017-05-21 23:25:00,2207,12.00,.00,-88.80000000,,0,.000000,PCB207,"1,2,3,4,5-pentachloro-6-(2,3,4,6-tetrachlorophenyl)benzene",ng/L,45.58444,-81.08167
201705001,2018-02-28 15:06:00,CCGS LIMNOS,GEORGIAN BAY,9,451442,-805229,17,77.50,2017-05-22 04:32:00,2207,12.00,.00,-88.80000000,,0,.000000,PCB207,"1,2,3,4,5-pentachloro-6-(2,3,4,6-tetrachlorophenyl)benzene",ng/L,45.24500,-80.87472
201705001,2018-02-28 15:06:00,CCGS LIMNOS,GEORGIAN BAY,14,445219,-795801,9,28.89,2017-05-23 02:10:00,2207,12.00,.00,-88.80000000,,0,.000000,PCB207,"1,2,3,4,5-pentachloro-6-(2,3,4,6-tetrachlorophenyl)benzene",ng/L,44.87194,-79.96694
201705001,2018-02-28 15:06:00,CCGS LIMNOS,GEORGIAN BAY,16,443847,-801004,4,58.00,2017-05-23 06:33:00,2207,12.00,.00,-88.80000000,,0,.000000,PCB207,"1,2,3,4,5-pentachloro-6-(2,3,4,6-tetrachlorophenyl)benzene",ng/L,44.64639,-80.16778
201705001,2018-02-28 15:06:00,CCGS LIMNOS,GEORGIAN BAY,19,444306,-805120,1,89.30,2017-05-23 13:17:00,2207,12.00,.00,-88.80000000,,0,.000000,PCB207,"1,2,3,4,5-pentachloro-6-(2,3,4,6-tetrachlorophenyl)benzene",ng/L,44.71833,-80.85556
201705001,2018-02-28 15:06:00,CCGS LIMNOS,GEORGIAN BAY,24,452213,-813502,33,53.80,2017-05-24 04:03:00,2207,12.00,.00,-88.80000000,,0,.000000,PCB207,"1,2,3,4,5-pentachloro-6-(2,3,4,6-tetrachlorophenyl)benzene",ng/L,45.37028,-81.58389
201705001,2018-02-28 15:06:00,CCGS LIMNOS,GEORGIAN BAY,2,455445,-813545,42,20.00,2017-05-21 14:33:00,2208,12.00,.00,-88.80000000,,0,.000300,PCB209,"1,2,3,4,5-pentachloro-6-(pentachlorophenyl)benzene",ng/L,45.91250,-81.59583
201705001,2018-02-28 15:06:00,CCGS LIMNOS,GEORGIAN BAY,4,455158,-810004,27,16.00,2017-05-21 18:42:00,2208,3.00,.00,-88.80000000,,0,.000100,PCB209,"1,2,3,4,5-pentachloro-6-(pentachlorophenyl)benzene",ng/L,45.86611,-81.00111
201705001,2018-02-28 15:06:00,CCGS LIMNOS,GEORGIAN BAY,7,453504,-810454,29,41.90,2017-05-21 23:25:00,2208,12.00,.00,-88.80000000,,0,.000200,PCB209,"1,2,3,4,5-pentachloro-6-(pentachlorophenyl)benzene",ng/L,45.58444,-81.08167
201705001,2018-02-28 15:06:00,CCGS LIMNOS,GEORGIAN BAY,9,451442,-805229,17,77.50,2017-05-22 04:32:00,2208,12.00,.00,-88.80000000,,0,.000000,PCB209,"1,2,3,4,5-pentachloro-6-(pentachlorophenyl)benzene",ng/L,45.24500,-80.87472
201705001,2018-02-28 15:06:00,CCGS LIMNOS,GEORGIAN BAY,14,445219,-795801,9,28.89,2017-05-23 02:10:00,2208,12.00,.00,-88.80000000,,0,.000100,PCB209,"1,2,3,4,5-pentachloro-6-(pentachlorophenyl)benzene",ng/L,44.87194,-79.96694
201705001,2018-02-28 15:06:00,CCGS LIMNOS,GEORGIAN BAY,16,443847,-801004,4,58.00,2017-05-23 06:33:00,2208,12.00,.00,-88.80000000,,0,.000100,PCB209,"1,2,3,4,5-pentachloro-6-(pentachlorophenyl)benzene",ng/L,44.64639,-80.16778
201705001,2018-02-28 15:06:00,CCGS LIMNOS,GEORGIAN BAY,19,444306,-805120,1,89.30,2017-05-23 13:17:00,2208,12.00,.00,-88.80000000,,0,.000200,PCB209,"1,2,3,4,5-pentachloro-6-(pentachlorophenyl)benzene",ng/L,44.71833,-80.85556
201705001,2018-02-28 15:06:00,CCGS LIMNOS,GEORGIAN BAY,24,452213,-813502,33,53.80,2017-05-24 04:03:00,2208,12.00,.00,-88.80000000,,0,.000200,PCB209,"1,2,3,4,5-pentachloro-6-(pentachlorophenyl)benzene",ng/L,45.37028,-81.58389
201705001,2018-02-28 15:06:00,CCGS LIMNOS,GEORGIAN BAY,2,455445,-813545,42,20.00,2017-05-21 14:33:00,2209,12.00,.00,-88.80000000,,0,.001200,PCB22,"1,2-dichloro-3-(4-chlorophenyl)benzene",ng/L,45.91250,-81.59583
201705001,2018-02-28 15:06:00,CCGS LIMNOS,GEORGIAN BAY,4,455158,-810004,27,16.00,2017-05-21 18:42:00,2209,3.00,.00,-88.80000000,,0,.000900,PCB22,"1,2-dichloro-3-(4-chlorophenyl)benzene",ng/L,45.86611,-81.00111
201705001,2018-02-28 15:06:00,CCGS LIMNOS,GEORGIAN BAY,7,453504,-810454,29,41.90,2017-05-21 23:25:00,2209,12.00,.00,-88.80000000,,0,.000900,PCB22,"1,2-dichloro-3-(4-chlorophenyl)benzene",ng/L,45.58444,-81.08167
201705001,2018-02-28 15:06:00,CCGS LIMNOS,GEORGIAN BAY,9,451442,-805229,17,77.50,2017-05-22 04:32:00,2209,12.00,.00,-88.80000000,,0,.000800,PCB22,"1,2-dichloro-3-(4-chlorophenyl)benzene",ng/L,45.24500,-80.87472
201705001,2018-02-28 15:06:00,CCGS LIMNOS,GEORGIAN BAY,14,445219,-795801,9,28.89,2017-05-23 02:10:00,2209,12.00,.00,-88.80000000,,0,.000800,PCB22,"1,2-dichloro-3-(4-chlorophenyl)benzene",ng/L,44.87194,-79.96694
201705001,2018-02-28 15:06:00,CCGS LIMNOS,GEORGIAN BAY,16,443847,-801004,4,58.00,2017-05-23 06:33:00,2209,12.00,.00,-88.80000000,,0,.000800,PCB22,"1,2-dichloro-3-(4-chlorophenyl)benzene",ng/L,44.64639,-80.16778
201705001,2018-02-28 15:06:00,CCGS LIMNOS,GEORGIAN BAY,19,444306,-805120,1,89.30,2017-05-23 13:17:00,2209,12.00,.00,-88.80000000,,0,.000800,PCB22,"1,2-dichloro-3-(4-chlorophenyl)benzene",ng/L,44.71833,-80.85556
201705001,2018-02-28 15:06:00,CCGS LIMNOS,GEORGIAN BAY,24,452213,-813502,33,53.80,2017-05-24 04:03:00,2209,12.00,.00,-88.80000000,,0,.000700,PCB22,"1,2-dichloro-3-(4-chlorophenyl)benzene",ng/L,45.37028,-81.58389
201705001,2018-02-28 15:06:00,CCGS LIMNOS,GEORGIAN BAY,2,455445,-813545,42,20.00,2017-05-21 14:33:00,2210,12.00,.00,-88.80000000,,0,.000000,"PCB24,27","1,2,4-trichloro-3-phenylbenzene/1,3-dichloro-2-(3-chlorophenyl)benzene",ng/L,45.91250,-81.59583
201705001,2018-02-28 15:06:00,CCGS LIMNOS,GEORGIAN BAY,4,455158,-810004,27,16.00,2017-05-21 18:42:00,2210,3.00,.00,-88.80000000,,0,.000000,"PCB24,27","1,2,4-trichloro-3-phenylbenzene/1,3-dichloro-2-(3-chlorophenyl)benzene",ng/L,45.86611,-81.00111
201705001,2018-02-28 15:06:00,CCGS LIMNOS,GEORGIAN BAY,7,453504,-810454,29,41.90,2017-05-21 23:25:00,2210,12.00,.00,-88.80000000,,0,.000000,"PCB24,27","1,2,4-trichloro-3-phenylbenzene/1,3-dichloro-2-(3-chlorophenyl)benzene",ng/L,45.58444,-81.08167
201705001,2018-02-28 15:06:00,CCGS LIMNOS,GEORGIAN BAY,9,451442,-805229,17,77.50,2017-05-22 04:32:00,2210,12.00,.00,-88.80000000,,0,.000000,"PCB24,27","1,2,4-trichloro-3-phenylbenzene/1,3-dichloro-2-(3-chlorophenyl)benzene",ng/L,45.24500,-80.87472
201705001,2018-02-28 15:06:00,CCGS LIMNOS,GEORGIAN BAY,14,445219,-795801,9,28.89,2017-05-23 02:10:00,2210,12.00,.00,-88.80000000,,0,.000000,"PCB24,27","1,2,4-trichloro-3-phenylbenzene/1,3-dichloro-2-(3-chlorophenyl)benzene",ng/L,44.87194,-79.96694
201705001,2018-02-28 15:06:00,CCGS LIMNOS,GEORGIAN BAY,16,443847,-801004,4,58.00,2017-05-23 06:33:00,2210,12.00,.00,-88.80000000,,0,.000000,"PCB24,27","1,2,4-trichloro-3-phenylbenzene/1,3-dichloro-2-(3-chlorophenyl)benzene",ng/L,44.64639,-80.16778
201705001,2018-02-28 15:06:00,CCGS LIMNOS,GEORGIAN BAY,19,444306,-805120,1,89.30,2017-05-23 13:17:00,2210,12.00,.00,-88.80000000,,0,.000000,"PCB24,27","1,2,4-trichloro-3-phenylbenzene/1,3-dichloro-2-(3-chlorophenyl)benzene",ng/L,44.71833,-80.85556
201705001,2018-02-28 15:06:00,CCGS LIMNOS,GEORGIAN BAY,24,452213,-813502,33,53.80,2017-05-24 04:03:00,2210,12.00,.00,-88.80000000,,0,.000000,"PCB24,27","1,2,4-trichloro-3-phenylbenzene/1,3-dichloro-2-(3-chlorophenyl)benzene",ng/L,45.37028,-81.58389
201705001,2018-02-28 15:06:00,CCGS LIMNOS,GEORGIAN BAY,2,455445,-813545,42,20.00,2017-05-21 14:33:00,2211,12.00,.00,-88.80000000,,0,.000000,PCB25,"2,4-dichloro-1-(3-chlorophenyl)benzene",ng/L,45.91250,-81.59583
201705001,2018-02-28 15:06:00,CCGS LIMNOS,GEORGIAN BAY,4,455158,-810004,27,16.00,2017-05-21 18:42:00,2211,3.00,.00,-88.80000000,,0,.000000,PCB25,"2,4-dichloro-1-(3-chlorophenyl)benzene",ng/L,45.86611,-81.00111
201705001,2018-02-28 15:06:00,CCGS LIMNOS,GEORGIAN BAY,7,453504,-810454,29,41.90,2017-05-21 23:25:00,2211,12.00,.00,-88.80000000,,0,.000000,PCB25,"2,4-dichloro-1-(3-chlorophenyl)benzene",ng/L,45.58444,-81.08167
201705001,2018-02-28 15:06:00,CCGS LIMNOS,GEORGIAN BAY,9,451442,-805229,17,77.50,2017-05-22 04:32:00,2211,12.00,.00,-88.80000000,,0,.000000,PCB25,"2,4-dichloro-1-(3-chlorophenyl)benzene",ng/L,45.24500,-80.87472
201705001,2018-02-28 15:06:00,CCGS LIMNOS,GEORGIAN BAY,14,445219,-795801,9,28.89,2017-05-23 02:10:00,2211,12.00,.00,-88.80000000,,0,.000000,PCB25,"2,4-dichloro-1-(3-chlorophenyl)benzene",ng/L,44.87194,-79.96694
201705001,2018-02-28 15:06:00,CCGS LIMNOS,GEORGIAN BAY,16,443847,-801004,4,58.00,2017-05-23 06:33:00,2211,12.00,.00,-88.80000000,,0,.000000,PCB25,"2,4-dichloro-1-(3-chlorophenyl)benzene",ng/L,44.64639,-80.16778
201705001,2018-02-28 15:06:00,CCGS LIMNOS,GEORGIAN BAY,19,444306,-805120,1,89.30,2017-05-23 13:17:00,2211,12.00,.00,-88.80000000,,0,.000000,PCB25,"2,4-dichloro-1-(3-chlorophenyl)benzene",ng/L,44.71833,-80.85556
201705001,2018-02-28 15:06:00,CCGS LIMNOS,GEORGIAN BAY,24,452213,-813502,33,53.80,2017-05-24 04:03:00,2211,12.00,.00,-88.80000000,,0,.000000,PCB25,"2,4-dichloro-1-(3-chlorophenyl)benzene",ng/L,45.37028,-81.58389
201705001,2018-02-28 15:06:00,CCGS LIMNOS,GEORGIAN BAY,2,455445,-813545,42,20.00,2017-05-21 14:33:00,2212,12.00,.00,-88.80000000,,0,.000000,PCB26,"1,4-dichloro-2-(3-chlorophenyl)benzene",ng/L,45.91250,-81.59583
201705001,2018-02-28 15:06:00,CCGS LIMNOS,GEORGIAN BAY,4,455158,-810004,27,16.00,2017-05-21 18:42:00,2212,3.00,.00,-88.80000000,,0,.000000,PCB26,"1,4-dichloro-2-(3-chlorophenyl)benzene",ng/L,45.86611,-81.00111
201705001,2018-02-28 15:06:00,CCGS LIMNOS,GEORGIAN BAY,7,453504,-810454,29,41.90,2017-05-21 23:25:00,2212,12.00,.00,-88.80000000,,0,.000000,PCB26,"1,4-dichloro-2-(3-chlorophenyl)benzene",ng/L,45.58444,-81.08167
201705001,2018-02-28 15:06:00,CCGS LIMNOS,GEORGIAN BAY,9,451442,-805229,17,77.50,2017-05-22 04:32:00,2212,12.00,.00,-88.80000000,,0,.000000,PCB26,"1,4-dichloro-2-(3-chlorophenyl)benzene",ng/L,45.24500,-80.87472
201705001,2018-02-28 15:06:00,CCGS LIMNOS,GEORGIAN BAY,14,445219,-795801,9,28.89,2017-05-23 02:10:00,2212,12.00,.00,-88.80000000,,0,.000000,PCB26,"1,4-dichloro-2-(3-chlorophenyl)benzene",ng/L,44.87194,-79.96694
201705001,2018-02-28 15:06:00,CCGS LIMNOS,GEORGIAN BAY,16,443847,-801004,4,58.00,2017-05-23 06:33:00,2212,12.00,.00,-88.80000000,,0,.000000,PCB26,"1,4-dichloro-2-(3-chlorophenyl)benzene",ng/L,44.64639,-80.16778
201705001,2018-02-28 15:06:00,CCGS LIMNOS,GEORGIAN BAY,19,444306,-805120,1,89.30,2017-05-23 13:17:00,2212,12.00,.00,-88.80000000,,0,.000000,PCB26,"1,4-dichloro-2-(3-chlorophenyl)benzene",ng/L,44.71833,-80.85556
201705001,2018-02-28 15:06:00,CCGS LIMNOS,GEORGIAN BAY,24,452213,-813502,33,53.80,2017-05-24 04:03:00,2212,12.00,.00,-88.80000000,,0,.000000,PCB26,"1,4-dichloro-2-(3-chlorophenyl)benzene",ng/L,45.37028,-81.58389
201705001,2018-02-28 15:06:00,CCGS LIMNOS,GEORGIAN BAY,2,455445,-813545,42,20.00,2017-05-21 14:33:00,2213,12.00,.00,-88.80000000,,0,.001900,PCB28,"2,4-dichloro-1-(4-chlorophenyl)benzene",ng/L,45.91250,-81.59583
201705001,2018-02-28 15:06:00,CCGS LIMNOS,GEORGIAN BAY,4,455158,-810004,27,16.00,2017-05-21 18:42:00,2213,3.00,.00,-88.80000000,,0,.001600,PCB28,"2,4-dichloro-1-(4-chlorophenyl)benzene",ng/L,45.86611,-81.00111
201705001,2018-02-28 15:06:00,CCGS LIMNOS,GEORGIAN BAY,7,453504,-810454,29,41.90,2017-05-21 23:25:00,2213,12.00,.00,-88.80000000,,0,.001600,PCB28,"2,4-dichloro-1-(4-chlorophenyl)benzene",ng/L,45.58444,-81.08167
201705001,2018-02-28 15:06:00,CCGS LIMNOS,GEORGIAN BAY,9,451442,-805229,17,77.50,2017-05-22 04:32:00,2213,12.00,.00,-88.80000000,,0,.001300,PCB28,"2,4-dichloro-1-(4-chlorophenyl)benzene",ng/L,45.24500,-80.87472
201705001,2018-02-28 15:06:00,CCGS LIMNOS,GEORGIAN BAY,14,445219,-795801,9,28.89,2017-05-23 02:10:00,2213,12.00,.00,-88.80000000,,0,.001000,PCB28,"2,4-dichloro-1-(4-chlorophenyl)benzene",ng/L,44.87194,-79.96694
201705001,2018-02-28 15:06:00,CCGS LIMNOS,GEORGIAN BAY,16,443847,-801004,4,58.00,2017-05-23 06:33:00,2213,12.00,.00,-88.80000000,,0,.001100,PCB28,"2,4-dichloro-1-(4-chlorophenyl)benzene",ng/L,44.64639,-80.16778
201705001,2018-02-28 15:06:00,CCGS LIMNOS,GEORGIAN BAY,19,444306,-805120,1,89.30,2017-05-23 13:17:00,2213,12.00,.00,-88.80000000,,0,.001000,PCB28,"2,4-dichloro-1-(4-chlorophenyl)benzene",ng/L,44.71833,-80.85556
201705001,2018-02-28 15:06:00,CCGS LIMNOS,GEORGIAN BAY,24,452213,-813502,33,53.80,2017-05-24 04:03:00,2213,12.00,.00,-88.80000000,,0,.000900,PCB28,"2,4-dichloro-1-(4-chlorophenyl)benzene",ng/L,45.37028,-81.58389
201705001,2018-02-28 15:06:00,CCGS LIMNOS,GEORGIAN BAY,2,455445,-813545,42,20.00,2017-05-21 14:33:00,2214,12.00,.00,-88.80000000,,0,66.000000,PCB30,"1,3,5-trichloro-2-phenylbenzene",%,45.91250,-81.59583
201705001,2018-02-28 15:06:00,CCGS LIMNOS,GEORGIAN BAY,4,455158,-810004,27,16.00,2017-05-21 18:42:00,2214,3.00,.00,-88.80000000,,0,46.500000,PCB30,"1,3,5-trichloro-2-phenylbenzene",%,45.86611,-81.00111
201705001,2018-02-28 15:06:00,CCGS LIMNOS,GEORGIAN BAY,7,453504,-810454,29,41.90,2017-05-21 23:25:00,2214,12.00,.00,-88.80000000,,0,72.400000,PCB30,"1,3,5-trichloro-2-phenylbenzene",%,45.58444,-81.08167
201705001,2018-02-28 15:06:00,CCGS LIMNOS,GEORGIAN BAY,9,451442,-805229,17,77.50,2017-05-22 04:32:00,2214,12.00,.00,-88.80000000,,0,76.400000,PCB30,"1,3,5-trichloro-2-phenylbenzene",%,45.24500,-80.87472
201705001,2018-02-28 15:06:00,CCGS LIMNOS,GEORGIAN BAY,14,445219,-795801,9,28.89,2017-05-23 02:10:00,2214,12.00,.00,-88.80000000,,0,64.600000,PCB30,"1,3,5-trichloro-2-phenylbenzene",%,44.87194,-79.96694
201705001,2018-02-28 15:06:00,CCGS LIMNOS,GEORGIAN BAY,16,443847,-801004,4,58.00,2017-05-23 06:33:00,2214,12.00,.00,-88.80000000,,0,81.800000,PCB30,"1,3,5-trichloro-2-phenylbenzene",%,44.64639,-80.16778
201705001,2018-02-28 15:06:00,CCGS LIMNOS,GEORGIAN BAY,19,444306,-805120,1,89.30,2017-05-23 13:17:00,2214,12.00,.00,-88.80000000,,0,69.200000,PCB30,"1,3,5-trichloro-2-phenylbenzene",%,44.71833,-80.85556
201705001,2018-02-28 15:06:00,CCGS LIMNOS,GEORGIAN BAY,24,452213,-813502,33,53.80,2017-05-24 04:03:00,2214,12.00,.00,-88.80000000,,0,58.800000,PCB30,"1,3,5-trichloro-2-phenylbenzene",%,45.37028,-81.58389
201705001,2018-02-28 15:06:00,CCGS LIMNOS,GEORGIAN BAY,2,455445,-813545,42,20.00,2017-05-21 14:33:00,2215,12.00,.00,-88.80000000,,0,.003000,PCB31,"1,4-dichloro-2-(4-chlorophenyl)benzene",ng/L,45.91250,-81.59583
201705001,2018-02-28 15:06:00,CCGS LIMNOS,GEORGIAN BAY,4,455158,-810004,27,16.00,2017-05-21 18:42:00,2215,3.00,.00,-88.80000000,,0,.002600,PCB31,"1,4-dichloro-2-(4-chlorophenyl)benzene",ng/L,45.86611,-81.00111
201705001,2018-02-28 15:06:00,CCGS LIMNOS,GEORGIAN BAY,7,453504,-810454,29,41.90,2017-05-21 23:25:00,2215,12.00,.00,-88.80000000,,0,.002400,PCB31,"1,4-dichloro-2-(4-chlorophenyl)benzene",ng/L,45.58444,-81.08167
201705001,2018-02-28 15:06:00,CCGS LIMNOS,GEORGIAN BAY,9,451442,-805229,17,77.50,2017-05-22 04:32:00,2215,12.00,.00,-88.80000000,,0,.002200,PCB31,"1,4-dichloro-2-(4-chlorophenyl)benzene",ng/L,45.24500,-80.87472
201705001,2018-02-28 15:06:00,CCGS LIMNOS,GEORGIAN BAY,14,445219,-795801,9,28.89,2017-05-23 02:10:00,2215,12.00,.00,-88.80000000,,0,.002000,PCB31,"1,4-dichloro-2-(4-chlorophenyl)benzene",ng/L,44.87194,-79.96694
201705001,2018-02-28 15:06:00,CCGS LIMNOS,GEORGIAN BAY,16,443847,-801004,4,58.00,2017-05-23 06:33:00,2215,12.00,.00,-88.80000000,,0,.002100,PCB31,"1,4-dichloro-2-(4-chlorophenyl)benzene",ng/L,44.64639,-80.16778
201705001,2018-02-28 15:06:00,CCGS LIMNOS,GEORGIAN BAY,19,444306,-805120,1,89.30,2017-05-23 13:17:00,2215,12.00,.00,-88.80000000,,0,.001900,PCB31,"1,4-dichloro-2-(4-chlorophenyl)benzene",ng/L,44.71833,-80.85556
201705001,2018-02-28 15:06:00,CCGS LIMNOS,GEORGIAN BAY,24,452213,-813502,33,53.80,2017-05-24 04:03:00,2215,12.00,.00,-88.80000000,,0,.001800,PCB31,"1,4-dichloro-2-(4-chlorophenyl)benzene",ng/L,45.37028,-81.58389
201705001,2018-02-28 15:06:00,CCGS LIMNOS,GEORGIAN BAY,2,455445,-813545,42,20.00,2017-05-21 14:33:00,2216,12.00,.00,-88.80000000,,0,.000000,PCB33,"1,2-dichloro-4-(2-chlorophenyl)benzene",ng/L,45.91250,-81.59583
201705001,2018-02-28 15:06:00,CCGS LIMNOS,GEORGIAN BAY,4,455158,-810004,27,16.00,2017-05-21 18:42:00,2216,3.00,.00,-88.80000000,,0,.000000,PCB33,"1,2-dichloro-4-(2-chlorophenyl)benzene",ng/L,45.86611,-81.00111
201705001,2018-02-28 15:06:00,CCGS LIMNOS,GEORGIAN BAY,7,453504,-810454,29,41.90,2017-05-21 23:25:00,2216,12.00,.00,-88.80000000,,0,.000000,PCB33,"1,2-dichloro-4-(2-chlorophenyl)benzene",ng/L,45.58444,-81.08167
201705001,2018-02-28 15:06:00,CCGS LIMNOS,GEORGIAN BAY,9,451442,-805229,17,77.50,2017-05-22 04:32:00,2216,12.00,.00,-88.80000000,,0,.000000,PCB33,"1,2-dichloro-4-(2-chlorophenyl)benzene",ng/L,45.24500,-80.87472
201705001,2018-02-28 15:06:00,CCGS LIMNOS,GEORGIAN BAY,14,445219,-795801,9,28.89,2017-05-23 02:10:00,2216,12.00,.00,-88.80000000,,0,.000000,PCB33,"1,2-dichloro-4-(2-chlorophenyl)benzene",ng/L,44.87194,-79.96694
201705001,2018-02-28 15:06:00,CCGS LIMNOS,GEORGIAN BAY,16,443847,-801004,4,58.00,2017-05-23 06:33:00,2216,12.00,.00,-88.80000000,,0,.000000,PCB33,"1,2-dichloro-4-(2-chlorophenyl)benzene",ng/L,44.64639,-80.16778
201705001,2018-02-28 15:06:00,CCGS LIMNOS,GEORGIAN BAY,19,444306,-805120,1,89.30,2017-05-23 13:17:00,2216,12.00,.00,-88.80000000,,0,.000000,PCB33,"1,2-dichloro-4-(2-chlorophenyl)benzene",ng/L,44.71833,-80.85556
201705001,2018-02-28 15:06:00,CCGS LIMNOS,GEORGIAN BAY,24,452213,-813502,33,53.80,2017-05-24 04:03:00,2216,12.00,.00,-88.80000000,,0,.000000,PCB33,"1,2-dichloro-4-(2-chlorophenyl)benzene",ng/L,45.37028,-81.58389
201705001,2018-02-28 15:06:00,CCGS LIMNOS,GEORGIAN BAY,2,455445,-813545,42,20.00,2017-05-21 14:33:00,2217,12.00,.00,-88.80000000,,0,.000000,PCB37,"3,4,4'-trichlorobiphenyl",ng/L,45.91250,-81.59583
201705001,2018-02-28 15:06:00,CCGS LIMNOS,GEORGIAN BAY,4,455158,-810004,27,16.00,2017-05-21 18:42:00,2217,3.00,.00,-88.80000000,,0,.000000,PCB37,"3,4,4'-trichlorobiphenyl",ng/L,45.86611,-81.00111
201705001,2018-02-28 15:06:00,CCGS LIMNOS,GEORGIAN BAY,7,453504,-810454,29,41.90,2017-05-21 23:25:00,2217,12.00,.00,-88.80000000,,0,.000000,PCB37,"3,4,4'-trichlorobiphenyl",ng/L,45.58444,-81.08167
201705001,2018-02-28 15:06:00,CCGS LIMNOS,GEORGIAN BAY,9,451442,-805229,17,77.50,2017-05-22 04:32:00,2217,12.00,.00,-88.80000000,,0,.000000,PCB37,"3,4,4'-trichlorobiphenyl",ng/L,45.24500,-80.87472
201705001,2018-02-28 15:06:00,CCGS LIMNOS,GEORGIAN BAY,14,445219,-795801,9,28.89,2017-05-23 02:10:00,2217,12.00,.00,-88.80000000,,0,.000000,PCB37,"3,4,4'-trichlorobiphenyl",ng/L,44.87194,-79.96694
201705001,2018-02-28 15:06:00,CCGS LIMNOS,GEORGIAN BAY,16,443847,-801004,4,58.00,2017-05-23 06:33:00,2217,12.00,.00,-88.80000000,,0,.000000,PCB37,"3,4,4'-trichlorobiphenyl",ng/L,44.64639,-80.16778
201705001,2018-02-28 15:06:00,CCGS LIMNOS,GEORGIAN BAY,19,444306,-805120,1,89.30,2017-05-23 13:17:00,2217,12.00,.00,-88.80000000,,0,.000000,PCB37,"3,4,4'-trichlorobiphenyl",ng/L,44.71833,-80.85556
201705001,2018-02-28 15:06:00,CCGS LIMNOS,GEORGIAN BAY,24,452213,-813502,33,53.80,2017-05-24 04:03:00,2217,12.00,.00,-88.80000000,,0,.000000,PCB37,"3,4,4'-trichlorobiphenyl",ng/L,45.37028,-81.58389
201705001,2018-02-28 15:06:00,CCGS LIMNOS,GEORGIAN BAY,2,455445,-813545,42,20.00,2017-05-21 14:33:00,2218,12.00,.00,-88.80000000,,0,.000000,"PCB4,10","2,2'-dichlorobiphenyl/2,6-Dichlorobiphenyl",ng/L,45.91250,-81.59583
201705001,2018-02-28 15:06:00,CCGS LIMNOS,GEORGIAN BAY,4,455158,-810004,27,16.00,2017-05-21 18:42:00,2218,3.00,.00,-88.80000000,,0,.000000,"PCB4,10","2,2'-dichlorobiphenyl/2,6-Dichlorobiphenyl",ng/L,45.86611,-81.00111
201705001,2018-02-28 15:06:00,CCGS LIMNOS,GEORGIAN BAY,7,453504,-810454,29,41.90,2017-05-21 23:25:00,2218,12.00,.00,-88.80000000,,0,.000000,"PCB4,10","2,2'-dichlorobiphenyl/2,6-Dichlorobiphenyl",ng/L,45.58444,-81.08167
201705001,2018-02-28 15:06:00,CCGS LIMNOS,GEORGIAN BAY,9,451442,-805229,17,77.50,2017-05-22 04:32:00,2218,12.00,.00,-88.80000000,,0,.000000,"PCB4,10","2,2'-dichlorobiphenyl/2,6-Dichlorobiphenyl",ng/L,45.24500,-80.87472
201705001,2018-02-28 15:06:00,CCGS LIMNOS,GEORGIAN BAY,14,445219,-795801,9,28.89,2017-05-23 02:10:00,2218,12.00,.00,-88.80000000,,0,.000000,"PCB4,10","2,2'-dichlorobiphenyl/2,6-Dichlorobiphenyl",ng/L,44.87194,-79.96694
201705001,2018-02-28 15:06:00,CCGS LIMNOS,GEORGIAN BAY,16,443847,-801004,4,58.00,2017-05-23 06:33:00,2218,12.00,.00,-88.80000000,,0,.000000,"PCB4,10","2,2'-dichlorobiphenyl/2,6-Dichlorobiphenyl",ng/L,44.64639,-80.16778
201705001,2018-02-28 15:06:00,CCGS LIMNOS,GEORGIAN BAY,19,444306,-805120,1,89.30,2017-05-23 13:17:00,2218,12.00,.00,-88.80000000,,0,.000000,"PCB4,10","2,2'-dichlorobiphenyl/2,6-Dichlorobiphenyl",ng/L,44.71833,-80.85556
201705001,2018-02-28 15:06:00,CCGS LIMNOS,GEORGIAN BAY,24,452213,-813502,33,53.80,2017-05-24 04:03:00,2218,12.00,.00,-88.80000000,,0,.000000,"PCB4,10","2,2'-dichlorobiphenyl/2,6-Dichlorobiphenyl",ng/L,45.37028,-81.58389
201705001,2018-02-28 15:06:00,CCGS LIMNOS,GEORGIAN BAY,2,455445,-813545,42,20.00,2017-05-21 14:33:00,2219,12.00,.00,-88.80000000,,0,.006100,"PCB41,64,71","1,2,3-trichloro-4-(2-chlorophenyl)benzene/1,2,4-trichloro-3-(4-chlorophenyl)benzene/1,2-dichloro-4-(2,6-dichlorophenyl)benzene",ng/L,45.91250,-81.59583
201705001,2018-02-28 15:06:00,CCGS LIMNOS,GEORGIAN BAY,4,455158,-810004,27,16.00,2017-05-21 18:42:00,2219,3.00,.00,-88.80000000,,0,.006200,"PCB41,64,71","1,2,3-trichloro-4-(2-chlorophenyl)benzene/1,2,4-trichloro-3-(4-chlorophenyl)benzene/1,2-dichloro-4-(2,6-dichlorophenyl)benzene",ng/L,45.86611,-81.00111
201705001,2018-02-28 15:06:00,CCGS LIMNOS,GEORGIAN BAY,7,453504,-810454,29,41.90,2017-05-21 23:25:00,2219,12.00,.00,-88.80000000,,0,.006600,"PCB41,64,71","1,2,3-trichloro-4-(2-chlorophenyl)benzene/1,2,4-trichloro-3-(4-chlorophenyl)benzene/1,2-dichloro-4-(2,6-dichlorophenyl)benzene",ng/L,45.58444,-81.08167
201705001,2018-02-28 15:06:00,CCGS LIMNOS,GEORGIAN BAY,9,451442,-805229,17,77.50,2017-05-22 04:32:00,2219,12.00,.00,-88.80000000,,0,.006200,"PCB41,64,71","1,2,3-trichloro-4-(2-chlorophenyl)benzene/1,2,4-trichloro-3-(4-chlorophenyl)benzene/1,2-dichloro-4-(2,6-dichlorophenyl)benzene",ng/L,45.24500,-80.87472
201705001,2018-02-28 15:06:00,CCGS LIMNOS,GEORGIAN BAY,14,445219,-795801,9,28.89,2017-05-23 02:10:00,2219,12.00,.00,-88.80000000,,0,.006200,"PCB41,64,71","1,2,3-trichloro-4-(2-chlorophenyl)benzene/1,2,4-trichloro-3-(4-chlorophenyl)benzene/1,2-dichloro-4-(2,6-dichlorophenyl)benzene",ng/L,44.87194,-79.96694
201705001,2018-02-28 15:06:00,CCGS LIMNOS,GEORGIAN BAY,16,443847,-801004,4,58.00,2017-05-23 06:33:00,2219,12.00,.00,-88.80000000,,0,.006000,"PCB41,64,71","1,2,3-trichloro-4-(2-chlorophenyl)benzene/1,2,4-trichloro-3-(4-chlorophenyl)benzene/1,2-dichloro-4-(2,6-dichlorophenyl)benzene",ng/L,44.64639,-80.16778
201705001,2018-02-28 15:06:00,CCGS LIMNOS,GEORGIAN BAY,19,444306,-805120,1,89.30,2017-05-23 13:17:00,2219,12.00,.00,-88.80000000,,0,.006000,"PCB41,64,71","1,2,3-trichloro-4-(2-chlorophenyl)benzene/1,2,4-trichloro-3-(4-chlorophenyl)benzene/1,2-dichloro-4-(2,6-dichlorophenyl)benzene",ng/L,44.71833,-80.85556
201705001,2018-02-28 15:06:00,CCGS LIMNOS,GEORGIAN BAY,24,452213,-813502,33,53.80,2017-05-24 04:03:00,2219,12.00,.00,-88.80000000,,0,.005500,"PCB41,64,71","1,2,3-trichloro-4-(2-chlorophenyl)benzene/1,2,4-trichloro-3-(4-chlorophenyl)benzene/1,2-dichloro-4-(2,6-dichlorophenyl)benzene",ng/L,45.37028,-81.58389
201705001,2018-02-28 15:06:00,CCGS LIMNOS,GEORGIAN BAY,2,455445,-813545,42,20.00,2017-05-21 14:33:00,2220,12.00,.00,-88.80000000,,0,.001100,PCB42,"2,4-dichloro-1-(2,3-dichlorophenyl)benzene",ng/L,45.91250,-81.59583
201705001,2018-02-28 15:06:00,CCGS LIMNOS,GEORGIAN BAY,4,455158,-810004,27,16.00,2017-05-21 18:42:00,2220,3.00,.00,-88.80000000,,0,.001200,PCB42,"2,4-dichloro-1-(2,3-dichlorophenyl)benzene",ng/L,45.86611,-81.00111
201705001,2018-02-28 15:06:00,CCGS LIMNOS,GEORGIAN BAY,7,453504,-810454,29,41.90,2017-05-21 23:25:00,2220,12.00,.00,-88.80000000,,0,.001200,PCB42,"2,4-dichloro-1-(2,3-dichlorophenyl)benzene",ng/L,45.58444,-81.08167
201705001,2018-02-28 15:06:00,CCGS LIMNOS,GEORGIAN BAY,9,451442,-805229,17,77.50,2017-05-22 04:32:00,2220,12.00,.00,-88.80000000,,0,.001200,PCB42,"2,4-dichloro-1-(2,3-dichlorophenyl)benzene",ng/L,45.24500,-80.87472
201705001,2018-02-28 15:06:00,CCGS LIMNOS,GEORGIAN BAY,14,445219,-795801,9,28.89,2017-05-23 02:10:00,2220,12.00,.00,-88.80000000,,0,.001100,PCB42,"2,4-dichloro-1-(2,3-dichlorophenyl)benzene",ng/L,44.87194,-79.96694
201705001,2018-02-28 15:06:00,CCGS LIMNOS,GEORGIAN BAY,16,443847,-801004,4,58.00,2017-05-23 06:33:00,2220,12.00,.00,-88.80000000,,0,.001000,PCB42,"2,4-dichloro-1-(2,3-dichlorophenyl)benzene",ng/L,44.64639,-80.16778
201705001,2018-02-28 15:06:00,CCGS LIMNOS,GEORGIAN BAY,19,444306,-805120,1,89.30,2017-05-23 13:17:00,2220,12.00,.00,-88.80000000,,0,.001200,PCB42,"2,4-dichloro-1-(2,3-dichlorophenyl)benzene",ng/L,44.71833,-80.85556
201705001,2018-02-28 15:06:00,CCGS LIMNOS,GEORGIAN BAY,24,452213,-813502,33,53.80,2017-05-24 04:03:00,2220,12.00,.00,-88.80000000,,0,.001000,PCB42,"2,4-dichloro-1-(2,3-dichlorophenyl)benzene",ng/L,45.37028,-81.58389
201705001,2018-02-28 15:06:00,CCGS LIMNOS,GEORGIAN BAY,2,455445,-813545,42,20.00,2017-05-21 14:33:00,2221,12.00,.00,-88.80000000,,0,.003400,PCB44,"1,2-dichloro-3-(2,5-dichlorophenyl)benzene",ng/L,45.91250,-81.59583
201705001,2018-02-28 15:06:00,CCGS LIMNOS,GEORGIAN BAY,4,455158,-810004,27,16.00,2017-05-21 18:42:00,2221,3.00,.00,-88.80000000,,0,.003700,PCB44,"1,2-dichloro-3-(2,5-dichlorophenyl)benzene",ng/L,45.86611,-81.00111
201705001,2018-02-28 15:06:00,CCGS LIMNOS,GEORGIAN BAY,7,453504,-810454,29,41.90,2017-05-21 23:25:00,2221,12.00,.00,-88.80000000,,0,.004100,PCB44,"1,2-dichloro-3-(2,5-dichlorophenyl)benzene",ng/L,45.58444,-81.08167
201705001,2018-02-28 15:06:00,CCGS LIMNOS,GEORGIAN BAY,9,451442,-805229,17,77.50,2017-05-22 04:32:00,2221,12.00,.00,-88.80000000,,0,.003400,PCB44,"1,2-dichloro-3-(2,5-dichlorophenyl)benzene",ng/L,45.24500,-80.87472
201705001,2018-02-28 15:06:00,CCGS LIMNOS,GEORGIAN BAY,14,445219,-795801,9,28.89,2017-05-23 02:10:00,2221,12.00,.00,-88.80000000,,0,.003500,PCB44,"1,2-dichloro-3-(2,5-dichlorophenyl)benzene",ng/L,44.87194,-79.96694
201705001,2018-02-28 15:06:00,CCGS LIMNOS,GEORGIAN BAY,16,443847,-801004,4,58.00,2017-05-23 06:33:00,2221,12.00,.00,-88.80000000,,0,.003000,PCB44,"1,2-dichloro-3-(2,5-dichlorophenyl)benzene",ng/L,44.64639,-80.16778
201705001,2018-02-28 15:06:00,CCGS LIMNOS,GEORGIAN BAY,19,444306,-805120,1,89.30,2017-05-23 13:17:00,2221,12.00,.00,-88.80000000,,0,.003000,PCB44,"1,2-dichloro-3-(2,5-dichlorophenyl)benzene",ng/L,44.71833,-80.85556
201705001,2018-02-28 15:06:00,CCGS LIMNOS,GEORGIAN BAY,24,452213,-813502,33,53.80,2017-05-24 04:03:00,2221,12.00,.00,-88.80000000,,0,.002300,PCB44,"1,2-dichloro-3-(2,5-dichlorophenyl)benzene",ng/L,45.37028,-81.58389
201705001,2018-02-28 15:06:00,CCGS LIMNOS,GEORGIAN BAY,2,455445,-813545,42,20.00,2017-05-21 14:33:00,2222,12.00,.00,-88.80000000,,0,.000700,PCB45,"1,2,4-trichloro-3-(2-chlorophenyl)benzene",ng/L,45.91250,-81.59583
201705001,2018-02-28 15:06:00,CCGS LIMNOS,GEORGIAN BAY,4,455158,-810004,27,16.00,2017-05-21 18:42:00,2222,3.00,.00,-88.80000000,,0,.000900,PCB45,"1,2,4-trichloro-3-(2-chlorophenyl)benzene",ng/L,45.86611,-81.00111
201705001,2018-02-28 15:06:00,CCGS LIMNOS,GEORGIAN BAY,7,453504,-810454,29,41.90,2017-05-21 23:25:00,2222,12.00,.00,-88.80000000,,0,.000800,PCB45,"1,2,4-trichloro-3-(2-chlorophenyl)benzene",ng/L,45.58444,-81.08167
201705001,2018-02-28 15:06:00,CCGS LIMNOS,GEORGIAN BAY,9,451442,-805229,17,77.50,2017-05-22 04:32:00,2222,12.00,.00,-88.80000000,,0,.000900,PCB45,"1,2,4-trichloro-3-(2-chlorophenyl)benzene",ng/L,45.24500,-80.87472
201705001,2018-02-28 15:06:00,CCGS LIMNOS,GEORGIAN BAY,14,445219,-795801,9,28.89,2017-05-23 02:10:00,2222,12.00,.00,-88.80000000,,0,.000700,PCB45,"1,2,4-trichloro-3-(2-chlorophenyl)benzene",ng/L,44.87194,-79.96694
201705001,2018-02-28 15:06:00,CCGS LIMNOS,GEORGIAN BAY,16,443847,-801004,4,58.00,2017-05-23 06:33:00,2222,12.00,.00,-88.80000000,,0,.000800,PCB45,"1,2,4-trichloro-3-(2-chlorophenyl)benzene",ng/L,44.64639,-80.16778
201705001,2018-02-28 15:06:00,CCGS LIMNOS,GEORGIAN BAY,19,444306,-805120,1,89.30,2017-05-23 13:17:00,2222,12.00,.00,-88.80000000,,0,.000800,PCB45,"1,2,4-trichloro-3-(2-chlorophenyl)benzene",ng/L,44.71833,-80.85556
201705001,2018-02-28 15:06:00,CCGS LIMNOS,GEORGIAN BAY,24,452213,-813502,33,53.80,2017-05-24 04:03:00,2222,12.00,.00,-88.80000000,,0,.000600,PCB45,"1,2,4-trichloro-3-(2-chlorophenyl)benzene",ng/L,45.37028,-81.58389
201705001,2018-02-28 15:06:00,CCGS LIMNOS,GEORGIAN BAY,2,455445,-813545,42,20.00,2017-05-21 14:33:00,2223,12.00,.00,-88.80000000,,0,.001300,PCB46,"1,2,4-trichloro-3-(2-chlorophenyl)benzene",ng/L,45.91250,-81.59583
201705001,2018-02-28 15:06:00,CCGS LIMNOS,GEORGIAN BAY,4,455158,-810004,27,16.00,2017-05-21 18:42:00,2223,3.00,.00,-88.80000000,,0,.001300,PCB46,"1,2,4-trichloro-3-(2-chlorophenyl)benzene",ng/L,45.86611,-81.00111
201705001,2018-02-28 15:06:00,CCGS LIMNOS,GEORGIAN BAY,7,453504,-810454,29,41.90,2017-05-21 23:25:00,2223,12.00,.00,-88.80000000,,0,.001300,PCB46,"1,2,4-trichloro-3-(2-chlorophenyl)benzene",ng/L,45.58444,-81.08167
201705001,2018-02-28 15:06:00,CCGS LIMNOS,GEORGIAN BAY,9,451442,-805229,17,77.50,2017-05-22 04:32:00,2223,12.00,.00,-88.80000000,,0,.001300,PCB46,"1,2,4-trichloro-3-(2-chlorophenyl)benzene",ng/L,45.24500,-80.87472
201705001,2018-02-28 15:06:00,CCGS LIMNOS,GEORGIAN BAY,14,445219,-795801,9,28.89,2017-05-23 02:10:00,2223,12.00,.00,-88.80000000,,0,.001200,PCB46,"1,2,4-trichloro-3-(2-chlorophenyl)benzene",ng/L,44.87194,-79.96694
201705001,2018-02-28 15:06:00,CCGS LIMNOS,GEORGIAN BAY,16,443847,-801004,4,58.00,2017-05-23 06:33:00,2223,12.00,.00,-88.80000000,,0,.001300,PCB46,"1,2,4-trichloro-3-(2-chlorophenyl)benzene",ng/L,44.64639,-80.16778
201705001,2018-02-28 15:06:00,CCGS LIMNOS,GEORGIAN BAY,19,444306,-805120,1,89.30,2017-05-23 13:17:00,2223,12.00,.00,-88.80000000,,0,.001300,PCB46,"1,2,4-trichloro-3-(2-chlorophenyl)benzene",ng/L,44.71833,-80.85556
201705001,2018-02-28 15:06:00,CCGS LIMNOS,GEORGIAN BAY,24,452213,-813502,33,53.80,2017-05-24 04:03:00,2223,12.00,.00,-88.80000000,,0,.001200,PCB46,"1,2,4-trichloro-3-(2-chlorophenyl)benzene",ng/L,45.37028,-81.58389
201705001,2018-02-28 15:06:00,CCGS LIMNOS,GEORGIAN BAY,2,455445,-813545,42,20.00,2017-05-21 14:33:00,2224,12.00,.00,-88.80000000,,0,.002100,"PCB47,48","2,4-dichloro-1-(2,4-dichlorophenyl)benzene/2,4-dichloro-1-(2,5-dichlorophenyl)benzene",ng/L,45.91250,-81.59583
201705001,2018-02-28 15:06:00,CCGS LIMNOS,GEORGIAN BAY,4,455158,-810004,27,16.00,2017-05-21 18:42:00,2224,3.00,.00,-88.80000000,,0,.002300,"PCB47,48","2,4-dichloro-1-(2,4-dichlorophenyl)benzene/2,4-dichloro-1-(2,5-dichlorophenyl)benzene",ng/L,45.86611,-81.00111
201705001,2018-02-28 15:06:00,CCGS LIMNOS,GEORGIAN BAY,7,453504,-810454,29,41.90,2017-05-21 23:25:00,2224,12.00,.00,-88.80000000,,0,.002600,"PCB47,48","2,4-dichloro-1-(2,4-dichlorophenyl)benzene/2,4-dichloro-1-(2,5-dichlorophenyl)benzene",ng/L,45.58444,-81.08167
201705001,2018-02-28 15:06:00,CCGS LIMNOS,GEORGIAN BAY,9,451442,-805229,17,77.50,2017-05-22 04:32:00,2224,12.00,.00,-88.80000000,,0,.002200,"PCB47,48","2,4-dichloro-1-(2,4-dichlorophenyl)benzene/2,4-dichloro-1-(2,5-dichlorophenyl)benzene",ng/L,45.24500,-80.87472
201705001,2018-02-28 15:06:00,CCGS LIMNOS,GEORGIAN BAY,14,445219,-795801,9,28.89,2017-05-23 02:10:00,2224,12.00,.00,-88.80000000,,0,.002300,"PCB47,48","2,4-dichloro-1-(2,4-dichlorophenyl)benzene/2,4-dichloro-1-(2,5-dichlorophenyl)benzene",ng/L,44.87194,-79.96694
201705001,2018-02-28 15:06:00,CCGS LIMNOS,GEORGIAN BAY,16,443847,-801004,4,58.00,2017-05-23 06:33:00,2224,12.00,.00,-88.80000000,,0,.002200,"PCB47,48","2,4-dichloro-1-(2,4-dichlorophenyl)benzene/2,4-dichloro-1-(2,5-dichlorophenyl)benzene",ng/L,44.64639,-80.16778
201705001,2018-02-28 15:06:00,CCGS LIMNOS,GEORGIAN BAY,19,444306,-805120,1,89.30,2017-05-23 13:17:00,2224,12.00,.00,-88.80000000,,0,.002200,"PCB47,48","2,4-dichloro-1-(2,4-dichlorophenyl)benzene/2,4-dichloro-1-(2,5-dichlorophenyl)benzene",ng/L,44.71833,-80.85556
201705001,2018-02-28 15:06:00,CCGS LIMNOS,GEORGIAN BAY,24,452213,-813502,33,53.80,2017-05-24 04:03:00,2224,12.00,.00,-88.80000000,,0,.001900,"PCB47,48","2,4-dichloro-1-(2,4-dichlorophenyl)benzene/2,4-dichloro-1-(2,5-dichlorophenyl)benzene",ng/L,45.37028,-81.58389
201705001,2018-02-28 15:06:00,CCGS LIMNOS,GEORGIAN BAY,2,455445,-813545,42,20.00,2017-05-21 14:33:00,2225,12.00,.00,-88.80000000,,0,.001500,PCB49,"2,4-dichloro-1-(2,5-dichlorophenyl)benzene",ng/L,45.91250,-81.59583
201705001,2018-02-28 15:06:00,CCGS LIMNOS,GEORGIAN BAY,4,455158,-810004,27,16.00,2017-05-21 18:42:00,2225,3.00,.00,-88.80000000,,0,.001800,PCB49,"2,4-dichloro-1-(2,5-dichlorophenyl)benzene",ng/L,45.86611,-81.00111
201705001,2018-02-28 15:06:00,CCGS LIMNOS,GEORGIAN BAY,7,453504,-810454,29,41.90,2017-05-21 23:25:00,2225,12.00,.00,-88.80000000,,0,.002100,PCB49,"2,4-dichloro-1-(2,5-dichlorophenyl)benzene",ng/L,45.58444,-81.08167
201705001,2018-02-28 15:06:00,CCGS LIMNOS,GEORGIAN BAY,9,451442,-805229,17,77.50,2017-05-22 04:32:00,2225,12.00,.00,-88.80000000,,0,.001600,PCB49,"2,4-dichloro-1-(2,5-dichlorophenyl)benzene",ng/L,45.24500,-80.87472
201705001,2018-02-28 15:06:00,CCGS LIMNOS,GEORGIAN BAY,14,445219,-795801,9,28.89,2017-05-23 02:10:00,2225,12.00,.00,-88.80000000,,0,.001500,PCB49,"2,4-dichloro-1-(2,5-dichlorophenyl)benzene",ng/L,44.87194,-79.96694
201705001,2018-02-28 15:06:00,CCGS LIMNOS,GEORGIAN BAY,16,443847,-801004,4,58.00,2017-05-23 06:33:00,2225,12.00,.00,-88.80000000,,0,.001200,PCB49,"2,4-dichloro-1-(2,5-dichlorophenyl)benzene",ng/L,44.64639,-80.16778
201705001,2018-02-28 15:06:00,CCGS LIMNOS,GEORGIAN BAY,19,444306,-805120,1,89.30,2017-05-23 13:17:00,2225,12.00,.00,-88.80000000,,0,.001400,PCB49,"2,4-dichloro-1-(2,5-dichlorophenyl)benzene",ng/L,44.71833,-80.85556
201705001,2018-02-28 15:06:00,CCGS LIMNOS,GEORGIAN BAY,24,452213,-813502,33,53.80,2017-05-24 04:03:00,2225,12.00,.00,-88.80000000,,0,.000800,PCB49,"2,4-dichloro-1-(2,5-dichlorophenyl)benzene",ng/L,45.37028,-81.58389
201705001,2018-02-28 15:06:00,CCGS LIMNOS,GEORGIAN BAY,2,455445,-813545,42,20.00,2017-05-21 14:33:00,2226,12.00,.00,-88.80000000,,0,.006000,PCB52,"1,4-dichloro-2-(2,5-dichlorophenyl)benzene",ng/L,45.91250,-81.59583
201705001,2018-02-28 15:06:00,CCGS LIMNOS,GEORGIAN BAY,4,455158,-810004,27,16.00,2017-05-21 18:42:00,2226,3.00,.00,-88.80000000,,0,.006500,PCB52,"1,4-dichloro-2-(2,5-dichlorophenyl)benzene",ng/L,45.86611,-81.00111
201705001,2018-02-28 15:06:00,CCGS LIMNOS,GEORGIAN BAY,7,453504,-810454,29,41.90,2017-05-21 23:25:00,2226,12.00,.00,-88.80000000,,0,.007500,PCB52,"1,4-dichloro-2-(2,5-dichlorophenyl)benzene",ng/L,45.58444,-81.08167
201705001,2018-02-28 15:06:00,CCGS LIMNOS,GEORGIAN BAY,9,451442,-805229,17,77.50,2017-05-22 04:32:00,2226,12.00,.00,-88.80000000,,0,.006500,PCB52,"1,4-dichloro-2-(2,5-dichlorophenyl)benzene",ng/L,45.24500,-80.87472
201705001,2018-02-28 15:06:00,CCGS LIMNOS,GEORGIAN BAY,14,445219,-795801,9,28.89,2017-05-23 02:10:00,2226,12.00,.00,-88.80000000,,0,.005900,PCB52,"1,4-dichloro-2-(2,5-dichlorophenyl)benzene",ng/L,44.87194,-79.96694
201705001,2018-02-28 15:06:00,CCGS LIMNOS,GEORGIAN BAY,16,443847,-801004,4,58.00,2017-05-23 06:33:00,2226,12.00,.00,-88.80000000,,0,.005400,PCB52,"1,4-dichloro-2-(2,5-dichlorophenyl)benzene",ng/L,44.64639,-80.16778
201705001,2018-02-28 15:06:00,CCGS LIMNOS,GEORGIAN BAY,19,444306,-805120,1,89.30,2017-05-23 13:17:00,2226,12.00,.00,-88.80000000,,0,.005300,PCB52,"1,4-dichloro-2-(2,5-dichlorophenyl)benzene",ng/L,44.71833,-80.85556
201705001,2018-02-28 15:06:00,CCGS LIMNOS,GEORGIAN BAY,24,452213,-813502,33,53.80,2017-05-24 04:03:00,2226,12.00,.00,-88.80000000,,0,.004000,PCB52,"1,4-dichloro-2-(2,5-dichlorophenyl)benzene",ng/L,45.37028,-81.58389
201705001,2018-02-28 15:06:00,CCGS LIMNOS,GEORGIAN BAY,2,455445,-813545,42,20.00,2017-05-21 14:33:00,2227,12.00,.00,-88.80000000,,0,.002200,PCB53,"2,2',5,6'-tetrachlorobiphenyl",ng/L,45.91250,-81.59583
201705001,2018-02-28 15:06:00,CCGS LIMNOS,GEORGIAN BAY,4,455158,-810004,27,16.00,2017-05-21 18:42:00,2227,3.00,.00,-88.80000000,,0,.002300,PCB53,"2,2',5,6'-tetrachlorobiphenyl",ng/L,45.86611,-81.00111
201705001,2018-02-28 15:06:00,CCGS LIMNOS,GEORGIAN BAY,7,453504,-810454,29,41.90,2017-05-21 23:25:00,2227,12.00,.00,-88.80000000,,0,.002200,PCB53,"2,2',5,6'-tetrachlorobiphenyl",ng/L,45.58444,-81.08167
201705001,2018-02-28 15:06:00,CCGS LIMNOS,GEORGIAN BAY,9,451442,-805229,17,77.50,2017-05-22 04:32:00,2227,12.00,.00,-88.80000000,,0,.002100,PCB53,"2,2',5,6'-tetrachlorobiphenyl",ng/L,45.24500,-80.87472
201705001,2018-02-28 15:06:00,CCGS LIMNOS,GEORGIAN BAY,14,445219,-795801,9,28.89,2017-05-23 02:10:00,2227,12.00,.00,-88.80000000,,0,.002200,PCB53,"2,2',5,6'-tetrachlorobiphenyl",ng/L,44.87194,-79.96694
201705001,2018-02-28 15:06:00,CCGS LIMNOS,GEORGIAN BAY,16,443847,-801004,4,58.00,2017-05-23 06:33:00,2227,12.00,.00,-88.80000000,,0,.002200,PCB53,"2,2',5,6'-tetrachlorobiphenyl",ng/L,44.64639,-80.16778
201705001,2018-02-28 15:06:00,CCGS LIMNOS,GEORGIAN BAY,19,444306,-805120,1,89.30,2017-05-23 13:17:00,2227,12.00,.00,-88.80000000,,0,.002100,PCB53,"2,2',5,6'-tetrachlorobiphenyl",ng/L,44.71833,-80.85556
201705001,2018-02-28 15:06:00,CCGS LIMNOS,GEORGIAN BAY,24,452213,-813502,33,53.80,2017-05-24 04:03:00,2227,12.00,.00,-88.80000000,,0,.002100,PCB53,"2,2',5,6'-tetrachlorobiphenyl",ng/L,45.37028,-81.58389
201705001,2018-02-28 15:06:00,CCGS LIMNOS,GEORGIAN BAY,2,455445,-813545,42,20.00,2017-05-21 14:33:00,2228,12.00,.00,-88.80000000,,0,.000000,PCB55,"2,3,3',4-tetrachlorobiphenyl",ng/L,45.91250,-81.59583
201705001,2018-02-28 15:06:00,CCGS LIMNOS,GEORGIAN BAY,4,455158,-810004,27,16.00,2017-05-21 18:42:00,2228,3.00,.00,-88.80000000,,0,.000000,PCB55,"2,3,3',4-tetrachlorobiphenyl",ng/L,45.86611,-81.00111
201705001,2018-02-28 15:06:00,CCGS LIMNOS,GEORGIAN BAY,7,453504,-810454,29,41.90,2017-05-21 23:25:00,2228,12.00,.00,-88.80000000,,0,.000000,PCB55,"2,3,3',4-tetrachlorobiphenyl",ng/L,45.58444,-81.08167
201705001,2018-02-28 15:06:00,CCGS LIMNOS,GEORGIAN BAY,9,451442,-805229,17,77.50,2017-05-22 04:32:00,2228,12.00,.00,-88.80000000,,0,.000000,PCB55,"2,3,3',4-tetrachlorobiphenyl",ng/L,45.24500,-80.87472
201705001,2018-02-28 15:06:00,CCGS LIMNOS,GEORGIAN BAY,14,445219,-795801,9,28.89,2017-05-23 02:10:00,2228,12.00,.00,-88.80000000,,0,.000000,PCB55,"2,3,3',4-tetrachlorobiphenyl",ng/L,44.87194,-79.96694
201705001,2018-02-28 15:06:00,CCGS LIMNOS,GEORGIAN BAY,16,443847,-801004,4,58.00,2017-05-23 06:33:00,2228,12.00,.00,-88.80000000,,0,.000000,PCB55,"2,3,3',4-tetrachlorobiphenyl",ng/L,44.64639,-80.16778
201705001,2018-02-28 15:06:00,CCGS LIMNOS,GEORGIAN BAY,19,444306,-805120,1,89.30,2017-05-23 13:17:00,2228,12.00,.00,-88.80000000,,0,.000000,PCB55,"2,3,3',4-tetrachlorobiphenyl",ng/L,44.71833,-80.85556
201705001,2018-02-28 15:06:00,CCGS LIMNOS,GEORGIAN BAY,24,452213,-813502,33,53.80,2017-05-24 04:03:00,2228,12.00,.00,-88.80000000,,0,.000000,PCB55,"2,3,3',4-tetrachlorobiphenyl",ng/L,45.37028,-81.58389
201705001,2018-02-28 15:06:00,CCGS LIMNOS,GEORGIAN BAY,2,455445,-813545,42,20.00,2017-05-21 14:33:00,2229,12.00,.00,-88.80000000,,0,.000000,"PCB56,60","1,2-dichloro-4-(2,3-dichlorophenyl)benzene/1,2,3-trichloro-4-(4-chlorophenyl)benzene",ng/L,45.91250,-81.59583
201705001,2018-02-28 15:06:00,CCGS LIMNOS,GEORGIAN BAY,4,455158,-810004,27,16.00,2017-05-21 18:42:00,2229,3.00,.00,-88.80000000,,0,.000000,"PCB56,60","1,2-dichloro-4-(2,3-dichlorophenyl)benzene/1,2,3-trichloro-4-(4-chlorophenyl)benzene",ng/L,45.86611,-81.00111
201705001,2018-02-28 15:06:00,CCGS LIMNOS,GEORGIAN BAY,7,453504,-810454,29,41.90,2017-05-21 23:25:00,2229,12.00,.00,-88.80000000,,0,.000000,"PCB56,60","1,2-dichloro-4-(2,3-dichlorophenyl)benzene/1,2,3-trichloro-4-(4-chlorophenyl)benzene",ng/L,45.58444,-81.08167
201705001,2018-02-28 15:06:00,CCGS LIMNOS,GEORGIAN BAY,9,451442,-805229,17,77.50,2017-05-22 04:32:00,2229,12.00,.00,-88.80000000,,0,.000000,"PCB56,60","1,2-dichloro-4-(2,3-dichlorophenyl)benzene/1,2,3-trichloro-4-(4-chlorophenyl)benzene",ng/L,45.24500,-80.87472
201705001,2018-02-28 15:06:00,CCGS LIMNOS,GEORGIAN BAY,14,445219,-795801,9,28.89,2017-05-23 02:10:00,2229,12.00,.00,-88.80000000,,0,.000000,"PCB56,60","1,2-dichloro-4-(2,3-dichlorophenyl)benzene/1,2,3-trichloro-4-(4-chlorophenyl)benzene",ng/L,44.87194,-79.96694
201705001,2018-02-28 15:06:00,CCGS LIMNOS,GEORGIAN BAY,16,443847,-801004,4,58.00,2017-05-23 06:33:00,2229,12.00,.00,-88.80000000,,0,.000000,"PCB56,60","1,2-dichloro-4-(2,3-dichlorophenyl)benzene/1,2,3-trichloro-4-(4-chlorophenyl)benzene",ng/L,44.64639,-80.16778
201705001,2018-02-28 15:06:00,CCGS LIMNOS,GEORGIAN BAY,19,444306,-805120,1,89.30,2017-05-23 13:17:00,2229,12.00,.00,-88.80000000,,0,.000000,"PCB56,60","1,2-dichloro-4-(2,3-dichlorophenyl)benzene/1,2,3-trichloro-4-(4-chlorophenyl)benzene",ng/L,44.71833,-80.85556
201705001,2018-02-28 15:06:00,CCGS LIMNOS,GEORGIAN BAY,24,452213,-813502,33,53.80,2017-05-24 04:03:00,2229,12.00,.00,-88.80000000,,0,.000000,"PCB56,60","1,2-dichloro-4-(2,3-dichlorophenyl)benzene/1,2,3-trichloro-4-(4-chlorophenyl)benzene",ng/L,45.37028,-81.58389
201705001,2018-02-28 15:06:00,CCGS LIMNOS,GEORGIAN BAY,2,455445,-813545,42,20.00,2017-05-21 14:33:00,2230,12.00,.00,-88.80000000,,0,.000200,PCB6,"2,3'-dichlorobiphenyl",ng/L,45.91250,-81.59583
201705001,2018-02-28 15:06:00,CCGS LIMNOS,GEORGIAN BAY,4,455158,-810004,27,16.00,2017-05-21 18:42:00,2230,3.00,.00,-88.80000000,,0,.000000,PCB6,"2,3'-dichlorobiphenyl",ng/L,45.86611,-81.00111
201705001,2018-02-28 15:06:00,CCGS LIMNOS,GEORGIAN BAY,7,453504,-810454,29,41.90,2017-05-21 23:25:00,2230,12.00,.00,-88.80000000,,0,.000000,PCB6,"2,3'-dichlorobiphenyl",ng/L,45.58444,-81.08167
201705001,2018-02-28 15:06:00,CCGS LIMNOS,GEORGIAN BAY,9,451442,-805229,17,77.50,2017-05-22 04:32:00,2230,12.00,.00,-88.80000000,,0,.000000,PCB6,"2,3'-dichlorobiphenyl",ng/L,45.24500,-80.87472
201705001,2018-02-28 15:06:00,CCGS LIMNOS,GEORGIAN BAY,14,445219,-795801,9,28.89,2017-05-23 02:10:00,2230,12.00,.00,-88.80000000,,0,.000000,PCB6,"2,3'-dichlorobiphenyl",ng/L,44.87194,-79.96694
201705001,2018-02-28 15:06:00,CCGS LIMNOS,GEORGIAN BAY,16,443847,-801004,4,58.00,2017-05-23 06:33:00,2230,12.00,.00,-88.80000000,,0,.000000,PCB6,"2,3'-dichlorobiphenyl",ng/L,44.64639,-80.16778
201705001,2018-02-28 15:06:00,CCGS LIMNOS,GEORGIAN BAY,19,444306,-805120,1,89.30,2017-05-23 13:17:00,2230,12.00,.00,-88.80000000,,0,.000000,PCB6,"2,3'-dichlorobiphenyl",ng/L,44.71833,-80.85556
201705001,2018-02-28 15:06:00,CCGS LIMNOS,GEORGIAN BAY,24,452213,-813502,33,53.80,2017-05-24 04:03:00,2230,12.00,.00,-88.80000000,,0,.000000,PCB6,"2,3'-dichlorobiphenyl",ng/L,45.37028,-81.58389
201705001,2018-02-28 15:06:00,CCGS LIMNOS,GEORGIAN BAY,2,455445,-813545,42,20.00,2017-05-21 14:33:00,2231,12.00,.00,-88.80000000,,0,.000000,PCB63,"2,3,4',5-tetrachlorobiphenyl",ng/L,45.91250,-81.59583
201705001,2018-02-28 15:06:00,CCGS LIMNOS,GEORGIAN BAY,4,455158,-810004,27,16.00,2017-05-21 18:42:00,2231,3.00,.00,-88.80000000,,0,.000000,PCB63,"2,3,4',5-tetrachlorobiphenyl",ng/L,45.86611,-81.00111
201705001,2018-02-28 15:06:00,CCGS LIMNOS,GEORGIAN BAY,7,453504,-810454,29,41.90,2017-05-21 23:25:00,2231,12.00,.00,-88.80000000,,0,.000000,PCB63,"2,3,4',5-tetrachlorobiphenyl",ng/L,45.58444,-81.08167
201705001,2018-02-28 15:06:00,CCGS LIMNOS,GEORGIAN BAY,9,451442,-805229,17,77.50,2017-05-22 04:32:00,2231,12.00,.00,-88.80000000,,0,.000000,PCB63,"2,3,4',5-tetrachlorobiphenyl",ng/L,45.24500,-80.87472
201705001,2018-02-28 15:06:00,CCGS LIMNOS,GEORGIAN BAY,14,445219,-795801,9,28.89,2017-05-23 02:10:00,2231,12.00,.00,-88.80000000,,0,.000000,PCB63,"2,3,4',5-tetrachlorobiphenyl",ng/L,44.87194,-79.96694
201705001,2018-02-28 15:06:00,CCGS LIMNOS,GEORGIAN BAY,16,443847,-801004,4,58.00,2017-05-23 06:33:00,2231,12.00,.00,-88.80000000,,0,.000000,PCB63,"2,3,4',5-tetrachlorobiphenyl",ng/L,44.64639,-80.16778
201705001,2018-02-28 15:06:00,CCGS LIMNOS,GEORGIAN BAY,19,444306,-805120,1,89.30,2017-05-23 13:17:00,2231,12.00,.00,-88.80000000,,0,.000000,PCB63,"2,3,4',5-tetrachlorobiphenyl",ng/L,44.71833,-80.85556
201705001,2018-02-28 15:06:00,CCGS LIMNOS,GEORGIAN BAY,24,452213,-813502,33,53.80,2017-05-24 04:03:00,2231,12.00,.00,-88.80000000,,0,.000000,PCB63,"2,3,4',5-tetrachlorobiphenyl",ng/L,45.37028,-81.58389
201705001,2018-02-28 15:06:00,CCGS LIMNOS,GEORGIAN BAY,2,455445,-813545,42,20.00,2017-05-21 14:33:00,2232,12.00,.00,-88.80000000,,0,.000000,PCB66,"1,2-dichloro-4-(2,4-dichlorophenyl)benzene",ng/L,45.91250,-81.59583
201705001,2018-02-28 15:06:00,CCGS LIMNOS,GEORGIAN BAY,4,455158,-810004,27,16.00,2017-05-21 18:42:00,2232,3.00,.00,-88.80000000,,0,.000000,PCB66,"1,2-dichloro-4-(2,4-dichlorophenyl)benzene",ng/L,45.86611,-81.00111
201705001,2018-02-28 15:06:00,CCGS LIMNOS,GEORGIAN BAY,7,453504,-810454,29,41.90,2017-05-21 23:25:00,2232,12.00,.00,-88.80000000,,0,.000000,PCB66,"1,2-dichloro-4-(2,4-dichlorophenyl)benzene",ng/L,45.58444,-81.08167
201705001,2018-02-28 15:06:00,CCGS LIMNOS,GEORGIAN BAY,9,451442,-805229,17,77.50,2017-05-22 04:32:00,2232,12.00,.00,-88.80000000,,0,.000000,PCB66,"1,2-dichloro-4-(2,4-dichlorophenyl)benzene",ng/L,45.24500,-80.87472
201705001,2018-02-28 15:06:00,CCGS LIMNOS,GEORGIAN BAY,14,445219,-795801,9,28.89,2017-05-23 02:10:00,2232,12.00,.00,-88.80000000,,0,.000000,PCB66,"1,2-dichloro-4-(2,4-dichlorophenyl)benzene",ng/L,44.87194,-79.96694
201705001,2018-02-28 15:06:00,CCGS LIMNOS,GEORGIAN BAY,16,443847,-801004,4,58.00,2017-05-23 06:33:00,2232,12.00,.00,-88.80000000,,0,.000000,PCB66,"1,2-dichloro-4-(2,4-dichlorophenyl)benzene",ng/L,44.64639,-80.16778
201705001,2018-02-28 15:06:00,CCGS LIMNOS,GEORGIAN BAY,19,444306,-805120,1,89.30,2017-05-23 13:17:00,2232,12.00,.00,-88.80000000,,0,.000000,PCB66,"1,2-dichloro-4-(2,4-dichlorophenyl)benzene",ng/L,44.71833,-80.85556
201705001,2018-02-28 15:06:00,CCGS LIMNOS,GEORGIAN BAY,24,452213,-813502,33,53.80,2017-05-24 04:03:00,2232,12.00,.00,-88.80000000,,0,.000000,PCB66,"1,2-dichloro-4-(2,4-dichlorophenyl)benzene",ng/L,45.37028,-81.58389
201705001,2018-02-28 15:06:00,CCGS LIMNOS,GEORGIAN BAY,2,455445,-813545,42,20.00,2017-05-21 14:33:00,2233,12.00,.00,-88.80000000,,0,.000000,"PCB7,9","2,4-dichlorobiphenyl/2,5-Dichlorobiphenyl",ng/L,45.91250,-81.59583
201705001,2018-02-28 15:06:00,CCGS LIMNOS,GEORGIAN BAY,4,455158,-810004,27,16.00,2017-05-21 18:42:00,2233,3.00,.00,-88.80000000,,0,.000000,"PCB7,9","2,4-dichlorobiphenyl/2,5-Dichlorobiphenyl",ng/L,45.86611,-81.00111
201705001,2018-02-28 15:06:00,CCGS LIMNOS,GEORGIAN BAY,7,453504,-810454,29,41.90,2017-05-21 23:25:00,2233,12.00,.00,-88.80000000,,0,.000000,"PCB7,9","2,4-dichlorobiphenyl/2,5-Dichlorobiphenyl",ng/L,45.58444,-81.08167
201705001,2018-02-28 15:06:00,CCGS LIMNOS,GEORGIAN BAY,9,451442,-805229,17,77.50,2017-05-22 04:32:00,2233,12.00,.00,-88.80000000,,0,.000000,"PCB7,9","2,4-dichlorobiphenyl/2,5-Dichlorobiphenyl",ng/L,45.24500,-80.87472
201705001,2018-02-28 15:06:00,CCGS LIMNOS,GEORGIAN BAY,14,445219,-795801,9,28.89,2017-05-23 02:10:00,2233,12.00,.00,-88.80000000,,0,.000000,"PCB7,9","2,4-dichlorobiphenyl/2,5-Dichlorobiphenyl",ng/L,44.87194,-79.96694
201705001,2018-02-28 15:06:00,CCGS LIMNOS,GEORGIAN BAY,16,443847,-801004,4,58.00,2017-05-23 06:33:00,2233,12.00,.00,-88.80000000,,0,.000000,"PCB7,9","2,4-dichlorobiphenyl/2,5-Dichlorobiphenyl",ng/L,44.64639,-80.16778
201705001,2018-02-28 15:06:00,CCGS LIMNOS,GEORGIAN BAY,19,444306,-805120,1,89.30,2017-05-23 13:17:00,2233,12.00,.00,-88.80000000,,0,.000000,"PCB7,9","2,4-dichlorobiphenyl/2,5-Dichlorobiphenyl",ng/L,44.71833,-80.85556
201705001,2018-02-28 15:06:00,CCGS LIMNOS,GEORGIAN BAY,24,452213,-813502,33,53.80,2017-05-24 04:03:00,2233,12.00,.00,-88.80000000,,0,.000000,"PCB7,9","2,4-dichlorobiphenyl/2,5-Dichlorobiphenyl",ng/L,45.37028,-81.58389
201705001,2018-02-28 15:06:00,CCGS LIMNOS,GEORGIAN BAY,2,455445,-813545,42,20.00,2017-05-21 14:33:00,2234,12.00,.00,-88.80000000,,0,.004200,"PCB70,76","1,2-dichloro-4-(2,5-dichlorophenyl)benzene/1,2,3-trichloro-5-(2-chlorophenyl)benzene",ng/L,45.91250,-81.59583
201705001,2018-02-28 15:06:00,CCGS LIMNOS,GEORGIAN BAY,4,455158,-810004,27,16.00,2017-05-21 18:42:00,2234,3.00,.00,-88.80000000,,0,.003300,"PCB70,76","1,2-dichloro-4-(2,5-dichlorophenyl)benzene/1,2,3-trichloro-5-(2-chlorophenyl)benzene",ng/L,45.86611,-81.00111
201705001,2018-02-28 15:06:00,CCGS LIMNOS,GEORGIAN BAY,7,453504,-810454,29,41.90,2017-05-21 23:25:00,2234,12.00,.00,-88.80000000,,0,.004500,"PCB70,76","1,2-dichloro-4-(2,5-dichlorophenyl)benzene/1,2,3-trichloro-5-(2-chlorophenyl)benzene",ng/L,45.58444,-81.08167
201705001,2018-02-28 15:06:00,CCGS LIMNOS,GEORGIAN BAY,9,451442,-805229,17,77.50,2017-05-22 04:32:00,2234,12.00,.00,-88.80000000,,0,.002800,"PCB70,76","1,2-dichloro-4-(2,5-dichlorophenyl)benzene/1,2,3-trichloro-5-(2-chlorophenyl)benzene",ng/L,45.24500,-80.87472
201705001,2018-02-28 15:06:00,CCGS LIMNOS,GEORGIAN BAY,14,445219,-795801,9,28.89,2017-05-23 02:10:00,2234,12.00,.00,-88.80000000,,0,.002700,"PCB70,76","1,2-dichloro-4-(2,5-dichlorophenyl)benzene/1,2,3-trichloro-5-(2-chlorophenyl)benzene",ng/L,44.87194,-79.96694
201705001,2018-02-28 15:06:00,CCGS LIMNOS,GEORGIAN BAY,16,443847,-801004,4,58.00,2017-05-23 06:33:00,2234,12.00,.00,-88.80000000,,0,.002400,"PCB70,76","1,2-dichloro-4-(2,5-dichlorophenyl)benzene/1,2,3-trichloro-5-(2-chlorophenyl)benzene",ng/L,44.64639,-80.16778
201705001,2018-02-28 15:06:00,CCGS LIMNOS,GEORGIAN BAY,19,444306,-805120,1,89.30,2017-05-23 13:17:00,2234,12.00,.00,-88.80000000,,0,.002500,"PCB70,76","1,2-dichloro-4-(2,5-dichlorophenyl)benzene/1,2,3-trichloro-5-(2-chlorophenyl)benzene",ng/L,44.71833,-80.85556
201705001,2018-02-28 15:06:00,CCGS LIMNOS,GEORGIAN BAY,24,452213,-813502,33,53.80,2017-05-24 04:03:00,2234,12.00,.00,-88.80000000,,0,.001500,"PCB70,76","1,2-dichloro-4-(2,5-dichlorophenyl)benzene/1,2,3-trichloro-5-(2-chlorophenyl)benzene",ng/L,45.37028,-81.58389
201705001,2018-02-28 15:06:00,CCGS LIMNOS,GEORGIAN BAY,2,455445,-813545,42,20.00,2017-05-21 14:33:00,2235,12.00,.00,-88.80000000,,0,.001500,PCB74,"1,2,3,4-tetrachloro-5-(2,3,6-trichlorophenyl)benzene",ng/L,45.91250,-81.59583
201705001,2018-02-28 15:06:00,CCGS LIMNOS,GEORGIAN BAY,4,455158,-810004,27,16.00,2017-05-21 18:42:00,2235,3.00,.00,-88.80000000,,0,.001400,PCB74,"1,2,3,4-tetrachloro-5-(2,3,6-trichlorophenyl)benzene",ng/L,45.86611,-81.00111
201705001,2018-02-28 15:06:00,CCGS LIMNOS,GEORGIAN BAY,7,453504,-810454,29,41.90,2017-05-21 23:25:00,2235,12.00,.00,-88.80000000,,0,.001700,PCB74,"1,2,3,4-tetrachloro-5-(2,3,6-trichlorophenyl)benzene",ng/L,45.58444,-81.08167
201705001,2018-02-28 15:06:00,CCGS LIMNOS,GEORGIAN BAY,9,451442,-805229,17,77.50,2017-05-22 04:32:00,2235,12.00,.00,-88.80000000,,0,.001000,PCB74,"1,2,3,4-tetrachloro-5-(2,3,6-trichlorophenyl)benzene",ng/L,45.24500,-80.87472
201705001,2018-02-28 15:06:00,CCGS LIMNOS,GEORGIAN BAY,14,445219,-795801,9,28.89,2017-05-23 02:10:00,2235,12.00,.00,-88.80000000,,0,.001100,PCB74,"1,2,3,4-tetrachloro-5-(2,3,6-trichlorophenyl)benzene",ng/L,44.87194,-79.96694
201705001,2018-02-28 15:06:00,CCGS LIMNOS,GEORGIAN BAY,16,443847,-801004,4,58.00,2017-05-23 06:33:00,2235,12.00,.00,-88.80000000,,0,.000900,PCB74,"1,2,3,4-tetrachloro-5-(2,3,6-trichlorophenyl)benzene",ng/L,44.64639,-80.16778
201705001,2018-02-28 15:06:00,CCGS LIMNOS,GEORGIAN BAY,19,444306,-805120,1,89.30,2017-05-23 13:17:00,2235,12.00,.00,-88.80000000,,0,.001100,PCB74,"1,2,3,4-tetrachloro-5-(2,3,6-trichlorophenyl)benzene",ng/L,44.71833,-80.85556
201705001,2018-02-28 15:06:00,CCGS LIMNOS,GEORGIAN BAY,24,452213,-813502,33,53.80,2017-05-24 04:03:00,2235,12.00,.00,-88.80000000,,0,.000700,PCB74,"1,2,3,4-tetrachloro-5-(2,3,6-trichlorophenyl)benzene",ng/L,45.37028,-81.58389
201705001,2018-02-28 15:06:00,CCGS LIMNOS,GEORGIAN BAY,2,455445,-813545,42,20.00,2017-05-21 14:33:00,2236,12.00,.00,-88.80000000,,0,.003900,PCB77,"1,2-dichloro-4-(3,4-dichlorophenyl)benzene",ng/L,45.91250,-81.59583
201705001,2018-02-28 15:06:00,CCGS LIMNOS,GEORGIAN BAY,4,455158,-810004,27,16.00,2017-05-21 18:42:00,2236,3.00,.00,-88.80000000,,0,.003700,PCB77,"1,2-dichloro-4-(3,4-dichlorophenyl)benzene",ng/L,45.86611,-81.00111
201705001,2018-02-28 15:06:00,CCGS LIMNOS,GEORGIAN BAY,7,453504,-810454,29,41.90,2017-05-21 23:25:00,2236,12.00,.00,-88.80000000,,0,.003800,PCB77,"1,2-dichloro-4-(3,4-dichlorophenyl)benzene",ng/L,45.58444,-81.08167
201705001,2018-02-28 15:06:00,CCGS LIMNOS,GEORGIAN BAY,9,451442,-805229,17,77.50,2017-05-22 04:32:00,2236,12.00,.00,-88.80000000,,0,.003700,PCB77,"1,2-dichloro-4-(3,4-dichlorophenyl)benzene",ng/L,45.24500,-80.87472
201705001,2018-02-28 15:06:00,CCGS LIMNOS,GEORGIAN BAY,14,445219,-795801,9,28.89,2017-05-23 02:10:00,2236,12.00,.00,-88.80000000,,0,.004000,PCB77,"1,2-dichloro-4-(3,4-dichlorophenyl)benzene",ng/L,44.87194,-79.96694
201705001,2018-02-28 15:06:00,CCGS LIMNOS,GEORGIAN BAY,16,443847,-801004,4,58.00,2017-05-23 06:33:00,2236,12.00,.00,-88.80000000,,0,.003800,PCB77,"1,2-dichloro-4-(3,4-dichlorophenyl)benzene",ng/L,44.64639,-80.16778
201705001,2018-02-28 15:06:00,CCGS LIMNOS,GEORGIAN BAY,19,444306,-805120,1,89.30,2017-05-23 13:17:00,2236,12.00,.00,-88.80000000,,0,.003800,PCB77,"1,2-dichloro-4-(3,4-dichlorophenyl)benzene",ng/L,44.71833,-80.85556
201705001,2018-02-28 15:06:00,CCGS LIMNOS,GEORGIAN BAY,24,452213,-813502,33,53.80,2017-05-24 04:03:00,2236,12.00,.00,-88.80000000,,0,.003600,PCB77,"1,2-dichloro-4-(3,4-dichlorophenyl)benzene",ng/L,45.37028,-81.58389
201705001,2018-02-28 15:06:00,CCGS LIMNOS,GEORGIAN BAY,2,455445,-813545,42,20.00,2017-05-21 14:33:00,2237,12.00,.00,-88.80000000,,0,.002000,"PCB8,5","2,4'-dichlorobiphenyl/2,3-Dichlorobiphenyl",ng/L,45.91250,-81.59583
201705001,2018-02-28 15:06:00,CCGS LIMNOS,GEORGIAN BAY,4,455158,-810004,27,16.00,2017-05-21 18:42:00,2237,3.00,.00,-88.80000000,,0,.001600,"PCB8,5","2,4'-dichlorobiphenyl/2,3-Dichlorobiphenyl",ng/L,45.86611,-81.00111
201705001,2018-02-28 15:06:00,CCGS LIMNOS,GEORGIAN BAY,7,453504,-810454,29,41.90,2017-05-21 23:25:00,2237,12.00,.00,-88.80000000,,0,.000800,"PCB8,5","2,4'-dichlorobiphenyl/2,3-Dichlorobiphenyl",ng/L,45.58444,-81.08167
201705001,2018-02-28 15:06:00,CCGS LIMNOS,GEORGIAN BAY,9,451442,-805229,17,77.50,2017-05-22 04:32:00,2237,12.00,.00,-88.80000000,,0,.000800,"PCB8,5","2,4'-dichlorobiphenyl/2,3-Dichlorobiphenyl",ng/L,45.24500,-80.87472
201705001,2018-02-28 15:06:00,CCGS LIMNOS,GEORGIAN BAY,14,445219,-795801,9,28.89,2017-05-23 02:10:00,2237,12.00,.00,-88.80000000,,0,.000400,"PCB8,5","2,4'-dichlorobiphenyl/2,3-Dichlorobiphenyl",ng/L,44.87194,-79.96694
201705001,2018-02-28 15:06:00,CCGS LIMNOS,GEORGIAN BAY,16,443847,-801004,4,58.00,2017-05-23 06:33:00,2237,12.00,.00,-88.80000000,,0,.000800,"PCB8,5","2,4'-dichlorobiphenyl/2,3-Dichlorobiphenyl",ng/L,44.64639,-80.16778
201705001,2018-02-28 15:06:00,CCGS LIMNOS,GEORGIAN BAY,19,444306,-805120,1,89.30,2017-05-23 13:17:00,2237,12.00,.00,-88.80000000,,0,.000700,"PCB8,5","2,4'-dichlorobiphenyl/2,3-Dichlorobiphenyl",ng/L,44.71833,-80.85556
201705001,2018-02-28 15:06:00,CCGS LIMNOS,GEORGIAN BAY,24,452213,-813502,33,53.80,2017-05-24 04:03:00,2237,12.00,.00,-88.80000000,,0,.000500,"PCB8,5","2,4'-dichlorobiphenyl/2,3-Dichlorobiphenyl",ng/L,45.37028,-81.58389
201705001,2018-02-28 15:06:00,CCGS LIMNOS,GEORGIAN BAY,2,455445,-813545,42,20.00,2017-05-21 14:33:00,2238,12.00,.00,-88.80000000,,0,.000900,PCB81,"3,4,4',5-tetrachlorobiphenyl",ng/L,45.91250,-81.59583
201705001,2018-02-28 15:06:00,CCGS LIMNOS,GEORGIAN BAY,4,455158,-810004,27,16.00,2017-05-21 18:42:00,2238,3.00,.00,-88.80000000,,0,.000000,PCB81,"3,4,4',5-tetrachlorobiphenyl",ng/L,45.86611,-81.00111
201705001,2018-02-28 15:06:00,CCGS LIMNOS,GEORGIAN BAY,7,453504,-810454,29,41.90,2017-05-21 23:25:00,2238,12.00,.00,-88.80000000,,0,.000000,PCB81,"3,4,4',5-tetrachlorobiphenyl",ng/L,45.58444,-81.08167
201705001,2018-02-28 15:06:00,CCGS LIMNOS,GEORGIAN BAY,9,451442,-805229,17,77.50,2017-05-22 04:32:00,2238,12.00,.00,-88.80000000,,0,.000000,PCB81,"3,4,4',5-tetrachlorobiphenyl",ng/L,45.24500,-80.87472
201705001,2018-02-28 15:06:00,CCGS LIMNOS,GEORGIAN BAY,14,445219,-795801,9,28.89,2017-05-23 02:10:00,2238,12.00,.00,-88.80000000,,0,.000000,PCB81,"3,4,4',5-tetrachlorobiphenyl",ng/L,44.87194,-79.96694
201705001,2018-02-28 15:06:00,CCGS LIMNOS,GEORGIAN BAY,16,443847,-801004,4,58.00,2017-05-23 06:33:00,2238,12.00,.00,-88.80000000,,0,.000000,PCB81,"3,4,4',5-tetrachlorobiphenyl",ng/L,44.64639,-80.16778
201705001,2018-02-28 15:06:00,CCGS LIMNOS,GEORGIAN BAY,19,444306,-805120,1,89.30,2017-05-23 13:17:00,2238,12.00,.00,-88.80000000,,0,.000000,PCB81,"3,4,4',5-tetrachlorobiphenyl",ng/L,44.71833,-80.85556
201705001,2018-02-28 15:06:00,CCGS LIMNOS,GEORGIAN BAY,24,452213,-813502,33,53.80,2017-05-24 04:03:00,2238,12.00,.00,-88.80000000,,0,.000000,PCB81,"3,4,4',5-tetrachlorobiphenyl",ng/L,45.37028,-81.58389
201705001,2018-02-28 15:06:00,CCGS LIMNOS,GEORGIAN BAY,2,455445,-813545,42,20.00,2017-05-21 14:33:00,2239,12.00,.00,-88.80000000,,0,.000300,PCB82,"1,2,3-trichloro-4-(2,3-dichlorophenyl)benzene",ng/L,45.91250,-81.59583
201705001,2018-02-28 15:06:00,CCGS LIMNOS,GEORGIAN BAY,4,455158,-810004,27,16.00,2017-05-21 18:42:00,2239,3.00,.00,-88.80000000,,0,.000000,PCB82,"1,2,3-trichloro-4-(2,3-dichlorophenyl)benzene",ng/L,45.86611,-81.00111
201705001,2018-02-28 15:06:00,CCGS LIMNOS,GEORGIAN BAY,7,453504,-810454,29,41.90,2017-05-21 23:25:00,2239,12.00,.00,-88.80000000,,0,.000000,PCB82,"1,2,3-trichloro-4-(2,3-dichlorophenyl)benzene",ng/L,45.58444,-81.08167
201705001,2018-02-28 15:06:00,CCGS LIMNOS,GEORGIAN BAY,9,451442,-805229,17,77.50,2017-05-22 04:32:00,2239,12.00,.00,-88.80000000,,0,.000000,PCB82,"1,2,3-trichloro-4-(2,3-dichlorophenyl)benzene",ng/L,45.24500,-80.87472
201705001,2018-02-28 15:06:00,CCGS LIMNOS,GEORGIAN BAY,14,445219,-795801,9,28.89,2017-05-23 02:10:00,2239,12.00,.00,-88.80000000,,0,.000000,PCB82,"1,2,3-trichloro-4-(2,3-dichlorophenyl)benzene",ng/L,44.87194,-79.96694
201705001,2018-02-28 15:06:00,CCGS LIMNOS,GEORGIAN BAY,16,443847,-801004,4,58.00,2017-05-23 06:33:00,2239,12.00,.00,-88.80000000,,0,.000000,PCB82,"1,2,3-trichloro-4-(2,3-dichlorophenyl)benzene",ng/L,44.64639,-80.16778
201705001,2018-02-28 15:06:00,CCGS LIMNOS,GEORGIAN BAY,19,444306,-805120,1,89.30,2017-05-23 13:17:00,2239,12.00,.00,-88.80000000,,0,.000400,PCB82,"1,2,3-trichloro-4-(2,3-dichlorophenyl)benzene",ng/L,44.71833,-80.85556
201705001,2018-02-28 15:06:00,CCGS LIMNOS,GEORGIAN BAY,24,452213,-813502,33,53.80,2017-05-24 04:03:00,2239,12.00,.00,-88.80000000,,0,.000000,PCB82,"1,2,3-trichloro-4-(2,3-dichlorophenyl)benzene",ng/L,45.37028,-81.58389
201705001,2018-02-28 15:06:00,CCGS LIMNOS,GEORGIAN BAY,2,455445,-813545,42,20.00,2017-05-21 14:33:00,2240,12.00,.00,-88.80000000,,0,.000200,PCB83,"1,2,5-trichloro-3-(2,3-dichlorophenyl)benzene",ng/L,45.91250,-81.59583
201705001,2018-02-28 15:06:00,CCGS LIMNOS,GEORGIAN BAY,4,455158,-810004,27,16.00,2017-05-21 18:42:00,2240,3.00,.00,-88.80000000,,0,.000000,PCB83,"1,2,5-trichloro-3-(2,3-dichlorophenyl)benzene",ng/L,45.86611,-81.00111
201705001,2018-02-28 15:06:00,CCGS LIMNOS,GEORGIAN BAY,7,453504,-810454,29,41.90,2017-05-21 23:25:00,2240,12.00,.00,-88.80000000,,0,.000000,PCB83,"1,2,5-trichloro-3-(2,3-dichlorophenyl)benzene",ng/L,45.58444,-81.08167
201705001,2018-02-28 15:06:00,CCGS LIMNOS,GEORGIAN BAY,9,451442,-805229,17,77.50,2017-05-22 04:32:00,2240,12.00,.00,-88.80000000,,0,.000000,PCB83,"1,2,5-trichloro-3-(2,3-dichlorophenyl)benzene",ng/L,45.24500,-80.87472
201705001,2018-02-28 15:06:00,CCGS LIMNOS,GEORGIAN BAY,14,445219,-795801,9,28.89,2017-05-23 02:10:00,2240,12.00,.00,-88.80000000,,0,.000400,PCB83,"1,2,5-trichloro-3-(2,3-dichlorophenyl)benzene",ng/L,44.87194,-79.96694
201705001,2018-02-28 15:06:00,CCGS LIMNOS,GEORGIAN BAY,16,443847,-801004,4,58.00,2017-05-23 06:33:00,2240,12.00,.00,-88.80000000,,0,.000000,PCB83,"1,2,5-trichloro-3-(2,3-dichlorophenyl)benzene",ng/L,44.64639,-80.16778
201705001,2018-02-28 15:06:00,CCGS LIMNOS,GEORGIAN BAY,19,444306,-805120,1,89.30,2017-05-23 13:17:00,2240,12.00,.00,-88.80000000,,0,.000000,PCB83,"1,2,5-trichloro-3-(2,3-dichlorophenyl)benzene",ng/L,44.71833,-80.85556
201705001,2018-02-28 15:06:00,CCGS LIMNOS,GEORGIAN BAY,24,452213,-813502,33,53.80,2017-05-24 04:03:00,2240,12.00,.00,-88.80000000,,0,.000000,PCB83,"1,2,5-trichloro-3-(2,3-dichlorophenyl)benzene",ng/L,45.37028,-81.58389
201705001,2018-02-28 15:06:00,CCGS LIMNOS,GEORGIAN BAY,2,455445,-813545,42,20.00,2017-05-21 14:33:00,2241,12.00,.00,-88.80000000,,0,.001400,PCB84,"2,2',3,3',6-pentachlorobiphenyl",ng/L,45.91250,-81.59583
201705001,2018-02-28 15:06:00,CCGS LIMNOS,GEORGIAN BAY,4,455158,-810004,27,16.00,2017-05-21 18:42:00,2241,3.00,.00,-88.80000000,,0,.000700,PCB84,"2,2',3,3',6-pentachlorobiphenyl",ng/L,45.86611,-81.00111
201705001,2018-02-28 15:06:00,CCGS LIMNOS,GEORGIAN BAY,7,453504,-810454,29,41.90,2017-05-21 23:25:00,2241,12.00,.00,-88.80000000,,0,.001300,PCB84,"2,2',3,3',6-pentachlorobiphenyl",ng/L,45.58444,-81.08167
201705001,2018-02-28 15:06:00,CCGS LIMNOS,GEORGIAN BAY,9,451442,-805229,17,77.50,2017-05-22 04:32:00,2241,12.00,.00,-88.80000000,,0,.001000,PCB84,"2,2',3,3',6-pentachlorobiphenyl",ng/L,45.24500,-80.87472
201705001,2018-02-28 15:06:00,CCGS LIMNOS,GEORGIAN BAY,14,445219,-795801,9,28.89,2017-05-23 02:10:00,2241,12.00,.00,-88.80000000,,0,.001200,PCB84,"2,2',3,3',6-pentachlorobiphenyl",ng/L,44.87194,-79.96694
201705001,2018-02-28 15:06:00,CCGS LIMNOS,GEORGIAN BAY,16,443847,-801004,4,58.00,2017-05-23 06:33:00,2241,12.00,.00,-88.80000000,,0,.000900,PCB84,"2,2',3,3',6-pentachlorobiphenyl",ng/L,44.64639,-80.16778
201705001,2018-02-28 15:06:00,CCGS LIMNOS,GEORGIAN BAY,19,444306,-805120,1,89.30,2017-05-23 13:17:00,2241,12.00,.00,-88.80000000,,0,.001000,PCB84,"2,2',3,3',6-pentachlorobiphenyl",ng/L,44.71833,-80.85556
201705001,2018-02-28 15:06:00,CCGS LIMNOS,GEORGIAN BAY,24,452213,-813502,33,53.80,2017-05-24 04:03:00,2241,12.00,.00,-88.80000000,,0,.000700,PCB84,"2,2',3,3',6-pentachlorobiphenyl",ng/L,45.37028,-81.58389
201705001,2018-02-28 15:06:00,CCGS LIMNOS,GEORGIAN BAY,2,455445,-813545,42,20.00,2017-05-21 14:33:00,2242,12.00,.00,-88.80000000,,0,.001100,PCB85,"1,2,3-trichloro-4-(2,4-dichlorophenyl)benzene",ng/L,45.91250,-81.59583
201705001,2018-02-28 15:06:00,CCGS LIMNOS,GEORGIAN BAY,4,455158,-810004,27,16.00,2017-05-21 18:42:00,2242,3.00,.00,-88.80000000,,0,.000600,PCB85,"1,2,3-trichloro-4-(2,4-dichlorophenyl)benzene",ng/L,45.86611,-81.00111
201705001,2018-02-28 15:06:00,CCGS LIMNOS,GEORGIAN BAY,7,453504,-810454,29,41.90,2017-05-21 23:25:00,2242,12.00,.00,-88.80000000,,0,.001100,PCB85,"1,2,3-trichloro-4-(2,4-dichlorophenyl)benzene",ng/L,45.58444,-81.08167
201705001,2018-02-28 15:06:00,CCGS LIMNOS,GEORGIAN BAY,9,451442,-805229,17,77.50,2017-05-22 04:32:00,2242,12.00,.00,-88.80000000,,0,.000600,PCB85,"1,2,3-trichloro-4-(2,4-dichlorophenyl)benzene",ng/L,45.24500,-80.87472
201705001,2018-02-28 15:06:00,CCGS LIMNOS,GEORGIAN BAY,14,445219,-795801,9,28.89,2017-05-23 02:10:00,2242,12.00,.00,-88.80000000,,0,.000700,PCB85,"1,2,3-trichloro-4-(2,4-dichlorophenyl)benzene",ng/L,44.87194,-79.96694
201705001,2018-02-28 15:06:00,CCGS LIMNOS,GEORGIAN BAY,16,443847,-801004,4,58.00,2017-05-23 06:33:00,2242,12.00,.00,-88.80000000,,0,.000900,PCB85,"1,2,3-trichloro-4-(2,4-dichlorophenyl)benzene",ng/L,44.64639,-80.16778
201705001,2018-02-28 15:06:00,CCGS LIMNOS,GEORGIAN BAY,19,444306,-805120,1,89.30,2017-05-23 13:17:00,2242,12.00,.00,-88.80000000,,0,.000800,PCB85,"1,2,3-trichloro-4-(2,4-dichlorophenyl)benzene",ng/L,44.71833,-80.85556
201705001,2018-02-28 15:06:00,CCGS LIMNOS,GEORGIAN BAY,24,452213,-813502,33,53.80,2017-05-24 04:03:00,2242,12.00,.00,-88.80000000,,0,.000700,PCB85,"1,2,3-trichloro-4-(2,4-dichlorophenyl)benzene",ng/L,45.37028,-81.58389
201705001,2018-02-28 15:06:00,CCGS LIMNOS,GEORGIAN BAY,2,455445,-813545,42,20.00,2017-05-21 14:33:00,2243,12.00,.00,-88.80000000,,0,.003300,"PCB86,97","2,2',3,4,5-pentachlorobiphenyl/2,2',3,4',5'-Pentachlorobiphenyl",ng/L,45.91250,-81.59583
201705001,2018-02-28 15:06:00,CCGS LIMNOS,GEORGIAN BAY,4,455158,-810004,27,16.00,2017-05-21 18:42:00,2243,3.00,.00,-88.80000000,,0,.001900,"PCB86,97","2,2',3,4,5-pentachlorobiphenyl/2,2',3,4',5'-Pentachlorobiphenyl",ng/L,45.86611,-81.00111
201705001,2018-02-28 15:06:00,CCGS LIMNOS,GEORGIAN BAY,7,453504,-810454,29,41.90,2017-05-21 23:25:00,2243,12.00,.00,-88.80000000,,0,.003100,"PCB86,97","2,2',3,4,5-pentachlorobiphenyl/2,2',3,4',5'-Pentachlorobiphenyl",ng/L,45.58444,-81.08167
201705001,2018-02-28 15:06:00,CCGS LIMNOS,GEORGIAN BAY,9,451442,-805229,17,77.50,2017-05-22 04:32:00,2243,12.00,.00,-88.80000000,,0,.002200,"PCB86,97","2,2',3,4,5-pentachlorobiphenyl/2,2',3,4',5'-Pentachlorobiphenyl",ng/L,45.24500,-80.87472
201705001,2018-02-28 15:06:00,CCGS LIMNOS,GEORGIAN BAY,14,445219,-795801,9,28.89,2017-05-23 02:10:00,2243,12.00,.00,-88.80000000,,0,.002400,"PCB86,97","2,2',3,4,5-pentachlorobiphenyl/2,2',3,4',5'-Pentachlorobiphenyl",ng/L,44.87194,-79.96694
201705001,2018-02-28 15:06:00,CCGS LIMNOS,GEORGIAN BAY,16,443847,-801004,4,58.00,2017-05-23 06:33:00,2243,12.00,.00,-88.80000000,,0,.002200,"PCB86,97","2,2',3,4,5-pentachlorobiphenyl/2,2',3,4',5'-Pentachlorobiphenyl",ng/L,44.64639,-80.16778
201705001,2018-02-28 15:06:00,CCGS LIMNOS,GEORGIAN BAY,19,444306,-805120,1,89.30,2017-05-23 13:17:00,2243,12.00,.00,-88.80000000,,0,.002600,"PCB86,97","2,2',3,4,5-pentachlorobiphenyl/2,2',3,4',5'-Pentachlorobiphenyl",ng/L,44.71833,-80.85556
201705001,2018-02-28 15:06:00,CCGS LIMNOS,GEORGIAN BAY,24,452213,-813502,33,53.80,2017-05-24 04:03:00,2243,12.00,.00,-88.80000000,,0,.002000,"PCB86,97","2,2',3,4,5-pentachlorobiphenyl/2,2',3,4',5'-Pentachlorobiphenyl",ng/L,45.37028,-81.58389
201705001,2018-02-28 15:06:00,CCGS LIMNOS,GEORGIAN BAY,2,455445,-813545,42,20.00,2017-05-21 14:33:00,2244,12.00,.00,-88.80000000,,0,.002600,"PCB89,101","2,2',3,4,6'-pentachlorobiphenyl/2,2',4,5,5'-Pentachlorobiphenyl",ng/L,45.91250,-81.59583
201705001,2018-02-28 15:06:00,CCGS LIMNOS,GEORGIAN BAY,4,455158,-810004,27,16.00,2017-05-21 18:42:00,2244,3.00,.00,-88.80000000,,0,.001400,"PCB89,101","2,2',3,4,6'-pentachlorobiphenyl/2,2',4,5,5'-Pentachlorobiphenyl",ng/L,45.86611,-81.00111
201705001,2018-02-28 15:06:00,CCGS LIMNOS,GEORGIAN BAY,7,453504,-810454,29,41.90,2017-05-21 23:25:00,2244,12.00,.00,-88.80000000,,0,.003200,"PCB89,101","2,2',3,4,6'-pentachlorobiphenyl/2,2',4,5,5'-Pentachlorobiphenyl",ng/L,45.58444,-81.08167
201705001,2018-02-28 15:06:00,CCGS LIMNOS,GEORGIAN BAY,9,451442,-805229,17,77.50,2017-05-22 04:32:00,2244,12.00,.00,-88.80000000,,0,.001700,"PCB89,101","2,2',3,4,6'-pentachlorobiphenyl/2,2',4,5,5'-Pentachlorobiphenyl",ng/L,45.24500,-80.87472
201705001,2018-02-28 15:06:00,CCGS LIMNOS,GEORGIAN BAY,14,445219,-795801,9,28.89,2017-05-23 02:10:00,2244,12.00,.00,-88.80000000,,0,.001300,"PCB89,101","2,2',3,4,6'-pentachlorobiphenyl/2,2',4,5,5'-Pentachlorobiphenyl",ng/L,44.87194,-79.96694
201705001,2018-02-28 15:06:00,CCGS LIMNOS,GEORGIAN BAY,16,443847,-801004,4,58.00,2017-05-23 06:33:00,2244,12.00,.00,-88.80000000,,0,.000500,"PCB89,101","2,2',3,4,6'-pentachlorobiphenyl/2,2',4,5,5'-Pentachlorobiphenyl",ng/L,44.64639,-80.16778
201705001,2018-02-28 15:06:00,CCGS LIMNOS,GEORGIAN BAY,19,444306,-805120,1,89.30,2017-05-23 13:17:00,2244,12.00,.00,-88.80000000,,0,.001700,"PCB89,101","2,2',3,4,6'-pentachlorobiphenyl/2,2',4,5,5'-Pentachlorobiphenyl",ng/L,44.71833,-80.85556
201705001,2018-02-28 15:06:00,CCGS LIMNOS,GEORGIAN BAY,24,452213,-813502,33,53.80,2017-05-24 04:03:00,2244,12.00,.00,-88.80000000,,0,.000000,"PCB89,101","2,2',3,4,6'-pentachlorobiphenyl/2,2',4,5,5'-Pentachlorobiphenyl",ng/L,45.37028,-81.58389
201705001,2018-02-28 15:06:00,CCGS LIMNOS,GEORGIAN BAY,2,455445,-813545,42,20.00,2017-05-21 14:33:00,2245,12.00,.00,-88.80000000,,0,.000000,PCB91,"1,2,4-trichloro-3-(2,4-dichlorophenyl)benzene",ng/L,45.91250,-81.59583
201705001,2018-02-28 15:06:00,CCGS LIMNOS,GEORGIAN BAY,4,455158,-810004,27,16.00,2017-05-21 18:42:00,2245,3.00,.00,-88.80000000,,0,.000000,PCB91,"1,2,4-trichloro-3-(2,4-dichlorophenyl)benzene",ng/L,45.86611,-81.00111
201705001,2018-02-28 15:06:00,CCGS LIMNOS,GEORGIAN BAY,7,453504,-810454,29,41.90,2017-05-21 23:25:00,2245,12.00,.00,-88.80000000,,0,.000000,PCB91,"1,2,4-trichloro-3-(2,4-dichlorophenyl)benzene",ng/L,45.58444,-81.08167
201705001,2018-02-28 15:06:00,CCGS LIMNOS,GEORGIAN BAY,9,451442,-805229,17,77.50,2017-05-22 04:32:00,2245,12.00,.00,-88.80000000,,0,.000000,PCB91,"1,2,4-trichloro-3-(2,4-dichlorophenyl)benzene",ng/L,45.24500,-80.87472
201705001,2018-02-28 15:06:00,CCGS LIMNOS,GEORGIAN BAY,14,445219,-795801,9,28.89,2017-05-23 02:10:00,2245,12.00,.00,-88.80000000,,0,.000000,PCB91,"1,2,4-trichloro-3-(2,4-dichlorophenyl)benzene",ng/L,44.87194,-79.96694
201705001,2018-02-28 15:06:00,CCGS LIMNOS,GEORGIAN BAY,16,443847,-801004,4,58.00,2017-05-23 06:33:00,2245,12.00,.00,-88.80000000,,0,.000000,PCB91,"1,2,4-trichloro-3-(2,4-dichlorophenyl)benzene",ng/L,44.64639,-80.16778
201705001,2018-02-28 15:06:00,CCGS LIMNOS,GEORGIAN BAY,19,444306,-805120,1,89.30,2017-05-23 13:17:00,2245,12.00,.00,-88.80000000,,0,.000000,PCB91,"1,2,4-trichloro-3-(2,4-dichlorophenyl)benzene",ng/L,44.71833,-80.85556
201705001,2018-02-28 15:06:00,CCGS LIMNOS,GEORGIAN BAY,24,452213,-813502,33,53.80,2017-05-24 04:03:00,2245,12.00,.00,-88.80000000,,0,.000000,PCB91,"1,2,4-trichloro-3-(2,4-dichlorophenyl)benzene",ng/L,45.37028,-81.58389
201705001,2018-02-28 15:06:00,CCGS LIMNOS,GEORGIAN BAY,2,455445,-813545,42,20.00,2017-05-21 14:33:00,2246,12.00,.00,-88.80000000,,0,.000000,PCB92,"2,2',3,5,5'-pentachlorobiphenyl",ng/L,45.91250,-81.59583
201705001,2018-02-28 15:06:00,CCGS LIMNOS,GEORGIAN BAY,4,455158,-810004,27,16.00,2017-05-21 18:42:00,2246,3.00,.00,-88.80000000,,0,.000000,PCB92,"2,2',3,5,5'-pentachlorobiphenyl",ng/L,45.86611,-81.00111
201705001,2018-02-28 15:06:00,CCGS LIMNOS,GEORGIAN BAY,7,453504,-810454,29,41.90,2017-05-21 23:25:00,2246,12.00,.00,-88.80000000,,0,.000000,PCB92,"2,2',3,5,5'-pentachlorobiphenyl",ng/L,45.58444,-81.08167
201705001,2018-02-28 15:06:00,CCGS LIMNOS,GEORGIAN BAY,9,451442,-805229,17,77.50,2017-05-22 04:32:00,2246,12.00,.00,-88.80000000,,0,.000000,PCB92,"2,2',3,5,5'-pentachlorobiphenyl",ng/L,45.24500,-80.87472
201705001,2018-02-28 15:06:00,CCGS LIMNOS,GEORGIAN BAY,14,445219,-795801,9,28.89,2017-05-23 02:10:00,2246,12.00,.00,-88.80000000,,0,.000000,PCB92,"2,2',3,5,5'-pentachlorobiphenyl",ng/L,44.87194,-79.96694
201705001,2018-02-28 15:06:00,CCGS LIMNOS,GEORGIAN BAY,16,443847,-801004,4,58.00,2017-05-23 06:33:00,2246,12.00,.00,-88.80000000,,0,.000000,PCB92,"2,2',3,5,5'-pentachlorobiphenyl",ng/L,44.64639,-80.16778
201705001,2018-02-28 15:06:00,CCGS LIMNOS,GEORGIAN BAY,19,444306,-805120,1,89.30,2017-05-23 13:17:00,2246,12.00,.00,-88.80000000,,0,.000000,PCB92,"2,2',3,5,5'-pentachlorobiphenyl",ng/L,44.71833,-80.85556
201705001,2018-02-28 15:06:00,CCGS LIMNOS,GEORGIAN BAY,24,452213,-813502,33,53.80,2017-05-24 04:03:00,2246,12.00,.00,-88.80000000,,0,.000000,PCB92,"2,2',3,5,5'-pentachlorobiphenyl",ng/L,45.37028,-81.58389
201705001,2018-02-28 15:06:00,CCGS LIMNOS,GEORGIAN BAY,2,455445,-813545,42,20.00,2017-05-21 14:33:00,2247,12.00,.00,-88.80000000,,0,.003300,PCB95,"1,2,4-trichloro-3-(2,5-dichlorophenyl)benzene",ng/L,45.91250,-81.59583
201705001,2018-02-28 15:06:00,CCGS LIMNOS,GEORGIAN BAY,4,455158,-810004,27,16.00,2017-05-21 18:42:00,2247,3.00,.00,-88.80000000,,0,.000900,PCB95,"1,2,4-trichloro-3-(2,5-dichlorophenyl)benzene",ng/L,45.86611,-81.00111
201705001,2018-02-28 15:06:00,CCGS LIMNOS,GEORGIAN BAY,7,453504,-810454,29,41.90,2017-05-21 23:25:00,2247,12.00,.00,-88.80000000,,0,.002000,PCB95,"1,2,4-trichloro-3-(2,5-dichlorophenyl)benzene",ng/L,45.58444,-81.08167
201705001,2018-02-28 15:06:00,CCGS LIMNOS,GEORGIAN BAY,9,451442,-805229,17,77.50,2017-05-22 04:32:00,2247,12.00,.00,-88.80000000,,0,.001800,PCB95,"1,2,4-trichloro-3-(2,5-dichlorophenyl)benzene",ng/L,45.24500,-80.87472
201705001,2018-02-28 15:06:00,CCGS LIMNOS,GEORGIAN BAY,14,445219,-795801,9,28.89,2017-05-23 02:10:00,2247,12.00,.00,-88.80000000,,0,.001200,PCB95,"1,2,4-trichloro-3-(2,5-dichlorophenyl)benzene",ng/L,44.87194,-79.96694
201705001,2018-02-28 15:06:00,CCGS LIMNOS,GEORGIAN BAY,16,443847,-801004,4,58.00,2017-05-23 06:33:00,2247,12.00,.00,-88.80000000,,0,.000100,PCB95,"1,2,4-trichloro-3-(2,5-dichlorophenyl)benzene",ng/L,44.64639,-80.16778
201705001,2018-02-28 15:06:00,CCGS LIMNOS,GEORGIAN BAY,19,444306,-805120,1,89.30,2017-05-23 13:17:00,2247,12.00,.00,-88.80000000,,0,.000900,PCB95,"1,2,4-trichloro-3-(2,5-dichlorophenyl)benzene",ng/L,44.71833,-80.85556
201705001,2018-02-28 15:06:00,CCGS LIMNOS,GEORGIAN BAY,24,452213,-813502,33,53.80,2017-05-24 04:03:00,2247,12.00,.00,-88.80000000,,0,.000000,PCB95,"1,2,4-trichloro-3-(2,5-dichlorophenyl)benzene",ng/L,45.37028,-81.58389
201705001,2018-02-28 15:06:00,CCGS LIMNOS,GEORGIAN BAY,2,455445,-813545,42,20.00,2017-05-21 14:33:00,2248,12.00,.00,-88.80000000,,0,.000700,PCB99,"1,2,4-trichloro-5-(2,4-dichlorophenyl)benzene",ng/L,45.91250,-81.59583
201705001,2018-02-28 15:06:00,CCGS LIMNOS,GEORGIAN BAY,4,455158,-810004,27,16.00,2017-05-21 18:42:00,2248,3.00,.00,-88.80000000,,0,.000000,PCB99,"1,2,4-trichloro-5-(2,4-dichlorophenyl)benzene",ng/L,45.86611,-81.00111
201705001,2018-02-28 15:06:00,CCGS LIMNOS,GEORGIAN BAY,7,453504,-810454,29,41.90,2017-05-21 23:25:00,2248,12.00,.00,-88.80000000,,0,.001000,PCB99,"1,2,4-trichloro-5-(2,4-dichlorophenyl)benzene",ng/L,45.58444,-81.08167
201705001,2018-02-28 15:06:00,CCGS LIMNOS,GEORGIAN BAY,9,451442,-805229,17,77.50,2017-05-22 04:32:00,2248,12.00,.00,-88.80000000,,0,.000200,PCB99,"1,2,4-trichloro-5-(2,4-dichlorophenyl)benzene",ng/L,45.24500,-80.87472
201705001,2018-02-28 15:06:00,CCGS LIMNOS,GEORGIAN BAY,14,445219,-795801,9,28.89,2017-05-23 02:10:00,2248,12.00,.00,-88.80000000,,0,.000300,PCB99,"1,2,4-trichloro-5-(2,4-dichlorophenyl)benzene",ng/L,44.87194,-79.96694
201705001,2018-02-28 15:06:00,CCGS LIMNOS,GEORGIAN BAY,16,443847,-801004,4,58.00,2017-05-23 06:33:00,2248,12.00,.00,-88.80000000,,0,.000100,PCB99,"1,2,4-trichloro-5-(2,4-dichlorophenyl)benzene",ng/L,44.64639,-80.16778
201705001,2018-02-28 15:06:00,CCGS LIMNOS,GEORGIAN BAY,19,444306,-805120,1,89.30,2017-05-23 13:17:00,2248,12.00,.00,-88.80000000,,0,.000400,PCB99,"1,2,4-trichloro-5-(2,4-dichlorophenyl)benzene",ng/L,44.71833,-80.85556
201705001,2018-02-28 15:06:00,CCGS LIMNOS,GEORGIAN BAY,24,452213,-813502,33,53.80,2017-05-24 04:03:00,2248,12.00,.00,-88.80000000,,0,.000100,PCB99,"1,2,4-trichloro-5-(2,4-dichlorophenyl)benzene",ng/L,45.37028,-81.58389
201705002,2018-02-26 13:41:00,CCGS LIMNOS,GEORGIAN BAY,5,451438,-805228,17,77.87,2017-09-14 01:23:00,2249,3.00,.00,1.00000000,,0,76.000000,13C6-Dichlorprop,13C6-Dichlorprop,%,45.24389,-80.87444
201705002,2018-02-26 13:41:00,CCGS LIMNOS,GEORGIAN BAY,5,451438,-805228,17,77.87,2017-09-14 01:23:00,2250,3.00,.00,0.29800000,<,0,.298000,"2,3,6-TBA","2,3,6-TBA",ng/L,45.24389,-80.87444
201705002,2018-02-26 13:41:00,CCGS LIMNOS,GEORGIAN BAY,5,451438,-805228,17,77.87,2017-09-14 01:23:00,2251,3.00,.00,0.19200000,<,0,.192000,"2,4,5-TP (Silvex)","2,4,5-TP (Silvex)",ng/L,45.24389,-80.87444
201705002,2018-02-26 13:41:00,CCGS LIMNOS,GEORGIAN BAY,5,451438,-805228,17,77.87,2017-09-14 01:23:00,2252,3.00,.00,0.13400000,<,0,.134000,"2,4,5-Trichlorophenoxyacetic acid","2,4,5-Trichlorophenoxyacetic acid",ng/L,45.24389,-80.87444
201705002,2018-02-26 13:41:00,CCGS LIMNOS,GEORGIAN BAY,5,451438,-805228,17,77.87,2017-09-14 01:23:00,2253,3.00,.00,0.20000000,<,0,.200000,"2,4-DB","2,4-DB",ng/L,45.24389,-80.87444
201705002,2018-02-26 13:41:00,CCGS LIMNOS,GEORGIAN BAY,5,451438,-805228,17,77.87,2017-09-14 01:23:00,2254,3.00,.00,0.19900000,,0,1.570000,"2,4-Dichlorophenoxyacetic acid","2,4-Dichlorophenoxyacetic acid",ng/L,45.24389,-80.87444
201705002,2018-02-26 13:41:00,CCGS LIMNOS,GEORGIAN BAY,5,451438,-805228,17,77.87,2017-09-14 01:23:00,2255,3.00,.00,0.17600000,<,0,.176000,Bromoxynil,Bromoxynil,ng/L,45.24389,-80.87444
201705002,2018-02-26 13:41:00,CCGS LIMNOS,GEORGIAN BAY,5,451438,-805228,17,77.87,2017-09-14 01:23:00,2256,3.00,.00,0.47800000,<,0,.478000,Clopyralid,Clopyralid,ng/L,45.24389,-80.87444
201705002,2018-02-26 13:41:00,CCGS LIMNOS,GEORGIAN BAY,5,451438,-805228,17,77.87,2017-09-14 01:23:00,2257,3.00,.00,0.39900000,<,0,.399000,Dicamba,Dicamba,ng/L,45.24389,-80.87444
201705002,2018-02-26 13:41:00,CCGS LIMNOS,GEORGIAN BAY,5,451438,-805228,17,77.87,2017-09-14 01:23:00,2258,3.00,.00,0.15700000,<,0,.157000,Dichlorprop,Dichlorprop,ng/L,45.24389,-80.87444
201705002,2018-02-26 13:41:00,CCGS LIMNOS,GEORGIAN BAY,5,451438,-805228,17,77.87,2017-09-14 01:23:00,2259,3.00,.00,1.97000000,<,0,1.970000,Imazamethabenz-methyl,Imazamethabenz-methyl,ng/L,45.24389,-80.87444
201705002,2018-02-26 13:41:00,CCGS LIMNOS,GEORGIAN BAY,5,451438,-805228,17,77.87,2017-09-14 01:23:00,2260,3.00,.00,0.34200000,<,0,.342000,Imazamox,Imazamox,ng/L,45.24389,-80.87444
201705002,2018-02-26 13:41:00,CCGS LIMNOS,GEORGIAN BAY,5,451438,-805228,17,77.87,2017-09-14 01:23:00,2261,3.00,.00,0.69200000,<,0,.692000,Imazapyr,Imazapyr,ng/L,45.24389,-80.87444
201705002,2018-02-26 13:41:00,CCGS LIMNOS,GEORGIAN BAY,5,451438,-805228,17,77.87,2017-09-14 01:23:00,2262,3.00,.00,0.12600000,<,0,.126000,Imazethapyr,Imazethapyr,ng/L,45.24389,-80.87444
201705002,2018-02-26 13:41:00,CCGS LIMNOS,GEORGIAN BAY,5,451438,-805228,17,77.87,2017-09-14 01:23:00,2263,3.00,.00,0.16000000,<,0,.160000,MCPA,MCPA,ng/L,45.24389,-80.87444
201705002,2018-02-26 13:41:00,CCGS LIMNOS,GEORGIAN BAY,5,451438,-805228,17,77.87,2017-09-14 01:23:00,2264,3.00,.00,1.00000000,,0,73.900000,MCPA-d6,MCPA-d6,%,45.24389,-80.87444
201705002,2018-02-26 13:41:00,CCGS LIMNOS,GEORGIAN BAY,5,451438,-805228,17,77.87,2017-09-14 01:23:00,2265,3.00,.00,0.23500000,<,0,.235000,MCPB,MCPB,ng/L,45.24389,-80.87444
201705002,2018-02-26 13:41:00,CCGS LIMNOS,GEORGIAN BAY,5,451438,-805228,17,77.87,2017-09-14 01:23:00,2266,3.00,.00,0.13600000,<,0,.136000,MCPP,MCPP,ng/L,45.24389,-80.87444
201705002,2018-02-26 13:41:00,CCGS LIMNOS,GEORGIAN BAY,5,451438,-805228,17,77.87,2017-09-14 01:23:00,2267,3.00,.00,0.63200000,<,0,.632000,Picloram,Picloram,ng/L,45.24389,-80.87444
201705002,2018-02-26 13:41:00,CCGS LIMNOS,GEORGIAN BAY,5,451438,-805228,17,77.87,2017-09-14 01:23:00,2268,3.00,.00,0.09800000,<,0,.098000,Triclopyr,Triclopyr,ng/L,45.24389,-80.87444
201705001,2018-02-28 15:06:00,CCGS LIMNOS,GEORGIAN BAY,2,455445,-813545,42,20.00,2017-05-21 14:33:00,2269,12.00,.00,0.01000000,,0,.050000,ENDO-S,Endosulfan sulfate,ng/L,45.91250,-81.59583
201705001,2018-02-28 15:06:00,CCGS LIMNOS,GEORGIAN BAY,4,455158,-810004,27,16.00,2017-05-21 18:42:00,2269,3.00,.00,0.01000000,,0,.040000,ENDO-S,Endosulfan sulfate,ng/L,45.86611,-81.00111
201705001,2018-02-28 15:06:00,CCGS LIMNOS,GEORGIAN BAY,7,453504,-810454,29,41.90,2017-05-21 23:25:00,2269,12.00,.00,0.01000000,,0,.049900,ENDO-S,Endosulfan sulfate,ng/L,45.58444,-81.08167
201705001,2018-02-28 15:06:00,CCGS LIMNOS,GEORGIAN BAY,9,451442,-805229,17,77.50,2017-05-22 04:32:00,2269,12.00,.00,0.01000000,,0,.064900,ENDO-S,Endosulfan sulfate,ng/L,45.24500,-80.87472
201705001,2018-02-28 15:06:00,CCGS LIMNOS,GEORGIAN BAY,14,445219,-795801,9,28.89,2017-05-23 02:10:00,2269,12.00,.00,0.01000000,,0,.049200,ENDO-S,Endosulfan sulfate,ng/L,44.87194,-79.96694
201705001,2018-02-28 15:06:00,CCGS LIMNOS,GEORGIAN BAY,16,443847,-801004,4,58.00,2017-05-23 06:33:00,2269,12.00,.00,0.01000000,,0,.055100,ENDO-S,Endosulfan sulfate,ng/L,44.64639,-80.16778
201705001,2018-02-28 15:06:00,CCGS LIMNOS,GEORGIAN BAY,19,444306,-805120,1,89.30,2017-05-23 13:17:00,2269,12.00,.00,0.01000000,,0,.059000,ENDO-S,Endosulfan sulfate,ng/L,44.71833,-80.85556
201705001,2018-02-28 15:06:00,CCGS LIMNOS,GEORGIAN BAY,24,452213,-813502,33,53.80,2017-05-24 04:03:00,2269,12.00,.00,0.01000000,,0,.052400,ENDO-S,Endosulfan sulfate,ng/L,45.37028,-81.58389
201705001,2018-02-28 15:06:00,CCGS LIMNOS,GEORGIAN BAY,2,455445,-813545,42,20.00,2017-05-21 14:33:00,2270,12.00,.00,0.00410000,,0,.104000,TCPCB,Total PCBs,ng/L,45.91250,-81.59583
201705001,2018-02-28 15:06:00,CCGS LIMNOS,GEORGIAN BAY,4,455158,-810004,27,16.00,2017-05-21 18:42:00,2270,3.00,.00,0.00410000,,0,.087800,TCPCB,Total PCBs,ng/L,45.86611,-81.00111
201705001,2018-02-28 15:06:00,CCGS LIMNOS,GEORGIAN BAY,7,453504,-810454,29,41.90,2017-05-21 23:25:00,2270,12.00,.00,0.00410000,,0,.099100,TCPCB,Total PCBs,ng/L,45.58444,-81.08167
201705001,2018-02-28 15:06:00,CCGS LIMNOS,GEORGIAN BAY,9,451442,-805229,17,77.50,2017-05-22 04:32:00,2270,12.00,.00,0.00410000,,0,.085300,TCPCB,Total PCBs,ng/L,45.24500,-80.87472
201705001,2018-02-28 15:06:00,CCGS LIMNOS,GEORGIAN BAY,14,445219,-795801,9,28.89,2017-05-23 02:10:00,2270,12.00,.00,0.00410000,,0,.089300,TCPCB,Total PCBs,ng/L,44.87194,-79.96694
201705001,2018-02-28 15:06:00,CCGS LIMNOS,GEORGIAN BAY,16,443847,-801004,4,58.00,2017-05-23 06:33:00,2270,12.00,.00,0.00410000,,0,.078900,TCPCB,Total PCBs,ng/L,44.64639,-80.16778
201705001,2018-02-28 15:06:00,CCGS LIMNOS,GEORGIAN BAY,19,444306,-805120,1,89.30,2017-05-23 13:17:00,2270,12.00,.00,0.00410000,,0,.087100,TCPCB,Total PCBs,ng/L,44.71833,-80.85556
201705001,2018-02-28 15:06:00,CCGS LIMNOS,GEORGIAN BAY,24,452213,-813502,33,53.80,2017-05-24 04:03:00,2270,12.00,.00,0.00410000,,0,.070900,TCPCB,Total PCBs,ng/L,45.37028,-81.58389
201705001,2018-02-28 15:06:00,CCGS LIMNOS,GEORGIAN BAY,2,455445,-813545,42,20.00,2017-05-21 14:33:00,2271,12.00,.00,0.01000000,,0,.017600,B(B)FL,Benzo(b)fluoranthene,ng/L,45.91250,-81.59583
201705001,2018-02-28 15:06:00,CCGS LIMNOS,GEORGIAN BAY,4,455158,-810004,27,16.00,2017-05-21 18:42:00,2271,3.00,.00,0.01000000,,0,.015500,B(B)FL,Benzo(b)fluoranthene,ng/L,45.86611,-81.00111
201705001,2018-02-28 15:06:00,CCGS LIMNOS,GEORGIAN BAY,7,453504,-810454,29,41.90,2017-05-21 23:25:00,2271,12.00,.00,0.01000000,<,0,.010000,B(B)FL,Benzo(b)fluoranthene,ng/L,45.58444,-81.08167
201705001,2018-02-28 15:06:00,CCGS LIMNOS,GEORGIAN BAY,9,451442,-805229,17,77.50,2017-05-22 04:32:00,2271,12.00,.00,0.01000000,,0,.021600,B(B)FL,Benzo(b)fluoranthene,ng/L,45.24500,-80.87472
201705001,2018-02-28 15:06:00,CCGS LIMNOS,GEORGIAN BAY,14,445219,-795801,9,28.89,2017-05-23 02:10:00,2271,12.00,.00,0.01000000,,0,.021200,B(B)FL,Benzo(b)fluoranthene,ng/L,44.87194,-79.96694
201705001,2018-02-28 15:06:00,CCGS LIMNOS,GEORGIAN BAY,16,443847,-801004,4,58.00,2017-05-23 06:33:00,2271,12.00,.00,0.01000000,,0,.014300,B(B)FL,Benzo(b)fluoranthene,ng/L,44.64639,-80.16778
201705001,2018-02-28 15:06:00,CCGS LIMNOS,GEORGIAN BAY,19,444306,-805120,1,89.30,2017-05-23 13:17:00,2271,12.00,.00,0.01000000,,0,.015200,B(B)FL,Benzo(b)fluoranthene,ng/L,44.71833,-80.85556
201705001,2018-02-28 15:06:00,CCGS LIMNOS,GEORGIAN BAY,24,452213,-813502,33,53.80,2017-05-24 04:03:00,2271,12.00,.00,0.01000000,,0,.013100,B(B)FL,Benzo(b)fluoranthene,ng/L,45.37028,-81.58389
201705001,2018-02-28 15:06:00,CCGS LIMNOS,GEORGIAN BAY,2,455445,-813545,42,20.00,2017-05-21 14:33:00,2272,12.00,.00,0.01000000,<,0,.010000,B(K)FL,Benzo(k)fluoranthene,ng/L,45.91250,-81.59583
201705001,2018-02-28 15:06:00,CCGS LIMNOS,GEORGIAN BAY,4,455158,-810004,27,16.00,2017-05-21 18:42:00,2272,3.00,.00,0.01000000,,0,.021100,B(K)FL,Benzo(k)fluoranthene,ng/L,45.86611,-81.00111
201705001,2018-02-28 15:06:00,CCGS LIMNOS,GEORGIAN BAY,7,453504,-810454,29,41.90,2017-05-21 23:25:00,2272,12.00,.00,0.01000000,,0,.015000,B(K)FL,Benzo(k)fluoranthene,ng/L,45.58444,-81.08167
201705001,2018-02-28 15:06:00,CCGS LIMNOS,GEORGIAN BAY,9,451442,-805229,17,77.50,2017-05-22 04:32:00,2272,12.00,.00,0.01000000,,0,.017100,B(K)FL,Benzo(k)fluoranthene,ng/L,45.24500,-80.87472
201705001,2018-02-28 15:06:00,CCGS LIMNOS,GEORGIAN BAY,14,445219,-795801,9,28.89,2017-05-23 02:10:00,2272,12.00,.00,0.01000000,,0,.017800,B(K)FL,Benzo(k)fluoranthene,ng/L,44.87194,-79.96694
201705001,2018-02-28 15:06:00,CCGS LIMNOS,GEORGIAN BAY,16,443847,-801004,4,58.00,2017-05-23 06:33:00,2272,12.00,.00,0.01000000,,0,.011300,B(K)FL,Benzo(k)fluoranthene,ng/L,44.64639,-80.16778
201705001,2018-02-28 15:06:00,CCGS LIMNOS,GEORGIAN BAY,19,444306,-805120,1,89.30,2017-05-23 13:17:00,2272,12.00,.00,0.01000000,,0,.011900,B(K)FL,Benzo(k)fluoranthene,ng/L,44.71833,-80.85556
201705001,2018-02-28 15:06:00,CCGS LIMNOS,GEORGIAN BAY,24,452213,-813502,33,53.80,2017-05-24 04:03:00,2272,12.00,.00,0.01000000,,0,.011800,B(K)FL,Benzo(k)fluoranthene,ng/L,45.37028,-81.58389
201705001,2018-02-28 15:06:00,CCGS LIMNOS,GEORGIAN BAY,2,455445,-813545,42,20.00,2017-05-21 14:33:00,2273,12.00,.00,0.01000000,,0,.357000,1234-THNAPTH,"1,2,3,4-Tetrahydronaphthalene",ng/L,45.91250,-81.59583
201705001,2018-02-28 15:06:00,CCGS LIMNOS,GEORGIAN BAY,4,455158,-810004,27,16.00,2017-05-21 18:42:00,2273,3.00,.00,0.01000000,,0,.341000,1234-THNAPTH,"1,2,3,4-Tetrahydronaphthalene",ng/L,45.86611,-81.00111
201705001,2018-02-28 15:06:00,CCGS LIMNOS,GEORGIAN BAY,7,453504,-810454,29,41.90,2017-05-21 23:25:00,2273,12.00,.00,0.01000000,,0,.415000,1234-THNAPTH,"1,2,3,4-Tetrahydronaphthalene",ng/L,45.58444,-81.08167
201705001,2018-02-28 15:06:00,CCGS LIMNOS,GEORGIAN BAY,9,451442,-805229,17,77.50,2017-05-22 04:32:00,2273,12.00,.00,0.01000000,,0,.467000,1234-THNAPTH,"1,2,3,4-Tetrahydronaphthalene",ng/L,45.24500,-80.87472
201705001,2018-02-28 15:06:00,CCGS LIMNOS,GEORGIAN BAY,14,445219,-795801,9,28.89,2017-05-23 02:10:00,2273,12.00,.00,0.01000000,,0,.375000,1234-THNAPTH,"1,2,3,4-Tetrahydronaphthalene",ng/L,44.87194,-79.96694
201705001,2018-02-28 15:06:00,CCGS LIMNOS,GEORGIAN BAY,16,443847,-801004,4,58.00,2017-05-23 06:33:00,2273,12.00,.00,0.01000000,,0,.415000,1234-THNAPTH,"1,2,3,4-Tetrahydronaphthalene",ng/L,44.64639,-80.16778
201705001,2018-02-28 15:06:00,CCGS LIMNOS,GEORGIAN BAY,19,444306,-805120,1,89.30,2017-05-23 13:17:00,2273,12.00,.00,0.01000000,,0,.489000,1234-THNAPTH,"1,2,3,4-Tetrahydronaphthalene",ng/L,44.71833,-80.85556
201705001,2018-02-28 15:06:00,CCGS LIMNOS,GEORGIAN BAY,24,452213,-813502,33,53.80,2017-05-24 04:03:00,2273,12.00,.00,0.01000000,,0,.371000,1234-THNAPTH,"1,2,3,4-Tetrahydronaphthalene",ng/L,45.37028,-81.58389
201705001,2018-02-28 15:06:00,CCGS LIMNOS,GEORGIAN BAY,2,455445,-813545,42,20.00,2017-05-21 14:33:00,2274,12.00,.00,0.10000000,,0,61.000000,PERYL-D12,Perylene-d12,%,45.91250,-81.59583
201705001,2018-02-28 15:06:00,CCGS LIMNOS,GEORGIAN BAY,4,455158,-810004,27,16.00,2017-05-21 18:42:00,2274,3.00,.00,0.10000000,,0,42.600000,PERYL-D12,Perylene-d12,%,45.86611,-81.00111
201705001,2018-02-28 15:06:00,CCGS LIMNOS,GEORGIAN BAY,7,453504,-810454,29,41.90,2017-05-21 23:25:00,2274,12.00,.00,0.10000000,,0,57.200000,PERYL-D12,Perylene-d12,%,45.58444,-81.08167
201705001,2018-02-28 15:06:00,CCGS LIMNOS,GEORGIAN BAY,9,451442,-805229,17,77.50,2017-05-22 04:32:00,2274,12.00,.00,0.10000000,,0,69.700000,PERYL-D12,Perylene-d12,%,45.24500,-80.87472
201705001,2018-02-28 15:06:00,CCGS LIMNOS,GEORGIAN BAY,14,445219,-795801,9,28.89,2017-05-23 02:10:00,2274,12.00,.00,0.10000000,,0,55.400000,PERYL-D12,Perylene-d12,%,44.87194,-79.96694
201705001,2018-02-28 15:06:00,CCGS LIMNOS,GEORGIAN BAY,16,443847,-801004,4,58.00,2017-05-23 06:33:00,2274,12.00,.00,0.10000000,,0,68.300000,PERYL-D12,Perylene-d12,%,44.64639,-80.16778
201705001,2018-02-28 15:06:00,CCGS LIMNOS,GEORGIAN BAY,19,444306,-805120,1,89.30,2017-05-23 13:17:00,2274,12.00,.00,0.10000000,,0,53.000000,PERYL-D12,Perylene-d12,%,44.71833,-80.85556
201705001,2018-02-28 15:06:00,CCGS LIMNOS,GEORGIAN BAY,24,452213,-813502,33,53.80,2017-05-24 04:03:00,2274,12.00,.00,0.10000000,,0,49.800000,PERYL-D12,Perylene-d12,%,45.37028,-81.58389
201705001,2018-02-28 15:06:00,CCGS LIMNOS,GEORGIAN BAY,2,455445,-813545,42,20.00,2017-05-21 14:33:00,2282,1.00,.00,0.80000000,,0,2.520000,Tritium,Tritium by Electrolytic Enrichment,Bq/L,45.91250,-81.59583
201705001,2018-02-28 15:06:00,CCGS LIMNOS,GEORGIAN BAY,4,455158,-810004,27,16.00,2017-05-21 18:42:00,2282,1.00,.00,0.80000000,,0,2.880000,Tritium,Tritium by Electrolytic Enrichment,Bq/L,45.86611,-81.00111
201705001,2018-02-28 15:06:00,CCGS LIMNOS,GEORGIAN BAY,7,453504,-810454,29,41.90,2017-05-21 23:25:00,2282,1.00,.00,0.80000000,,0,2.540000,Tritium,Tritium by Electrolytic Enrichment,Bq/L,45.58444,-81.08167
201705001,2018-02-28 15:06:00,CCGS LIMNOS,GEORGIAN BAY,9,451442,-805229,17,77.50,2017-05-22 04:32:00,2282,1.00,.00,0.80000000,,0,2.820000,Tritium,Tritium by Electrolytic Enrichment,Bq/L,45.24500,-80.87472
201705001,2018-02-28 15:06:00,CCGS LIMNOS,GEORGIAN BAY,9,451442,-805229,17,77.50,2017-05-22 04:32:00,2282,1.00,.00,0.80000000,,1,3.110000,Tritium,Tritium by Electrolytic Enrichment,Bq/L,45.24500,-80.87472
201705001,2018-02-28 15:06:00,CCGS LIMNOS,GEORGIAN BAY,14,445219,-795801,9,28.89,2017-05-23 02:10:00,2282,1.00,.00,0.80000000,,0,2.880000,Tritium,Tritium by Electrolytic Enrichment,Bq/L,44.87194,-79.96694
201705001,2018-02-28 15:06:00,CCGS LIMNOS,GEORGIAN BAY,16,443847,-801004,4,58.00,2017-05-23 06:33:00,2282,1.00,.00,0.80000000,,0,3.010000,Tritium,Tritium by Electrolytic Enrichment,Bq/L,44.64639,-80.16778
201705001,2018-02-28 15:06:00,CCGS LIMNOS,GEORGIAN BAY,19,444306,-805120,1,89.30,2017-05-23 13:17:00,2282,1.00,.00,0.80000000,,0,2.950000,Tritium,Tritium by Electrolytic Enrichment,Bq/L,44.71833,-80.85556
201705001,2018-02-28 15:06:00,CCGS LIMNOS,GEORGIAN BAY,24,452213,-813502,33,53.80,2017-05-24 04:03:00,2282,1.00,.00,0.80000000,,0,2.870000,Tritium,Tritium by Electrolytic Enrichment,Bq/L,45.37028,-81.58389
201705001,2018-02-28 15:06:00,CCGS LIMNOS,GEORGIAN BAY,9,451442,-805229,17,77.50,2017-05-22 04:32:00,2283,1.00,.00,,,0,1.660000,PFBA,Perfluorobutanoate (PFBA),ng/L,45.24500,-80.87472
201705001,2018-02-28 15:06:00,CCGS LIMNOS,GEORGIAN BAY,9,451442,-805229,17,77.50,2017-05-22 04:32:00,2284,1.00,.00,,<,0,.979000,PFPEA,Perfluoropentanoate (PFPEA),ng/L,45.24500,-80.87472
201705001,2018-02-28 15:06:00,CCGS LIMNOS,GEORGIAN BAY,9,451442,-805229,17,77.50,2017-05-22 04:32:00,2285,1.00,.00,,<,0,.979000,PFHXA,Perfluorohexanoate (PFHXA),ng/L,45.24500,-80.87472
201705001,2018-02-28 15:06:00,CCGS LIMNOS,GEORGIAN BAY,9,451442,-805229,17,77.50,2017-05-22 04:32:00,2286,1.00,.00,,<,0,.979000,PFHPA,Perfluoroheptanoate (PFHPA),ng/L,45.24500,-80.87472
201705001,2018-02-28 15:06:00,CCGS LIMNOS,GEORGIAN BAY,9,451442,-805229,17,77.50,2017-05-22 04:32:00,2287,1.00,.00,,<,0,.979000,PFOA,Perfluorooctanoate (PFOA),ng/L,45.24500,-80.87472
201705001,2018-02-28 15:06:00,CCGS LIMNOS,GEORGIAN BAY,9,451442,-805229,17,77.50,2017-05-22 04:32:00,2288,1.00,.00,,<,0,.979000,PFNA,Perfluorononanoate (PFNA),ng/L,45.24500,-80.87472
201705001,2018-02-28 15:06:00,CCGS LIMNOS,GEORGIAN BAY,9,451442,-805229,17,77.50,2017-05-22 04:32:00,2289,1.00,.00,,<,0,.979000,PFDA,Perfluorodecanoate (PFDA),ng/L,45.24500,-80.87472
201705001,2018-02-28 15:06:00,CCGS LIMNOS,GEORGIAN BAY,9,451442,-805229,17,77.50,2017-05-22 04:32:00,2290,1.00,.00,,<,0,.979000,PFUNA,Perfluoroundecanoate (PFUNA),ng/L,45.24500,-80.87472
201705001,2018-02-28 15:06:00,CCGS LIMNOS,GEORGIAN BAY,9,451442,-805229,17,77.50,2017-05-22 04:32:00,2291,1.00,.00,,<,0,.979000,PFDOA,Perfluorododecanoate (PFDOA),ng/L,45.24500,-80.87472
201705001,2018-02-28 15:06:00,CCGS LIMNOS,GEORGIAN BAY,9,451442,-805229,17,77.50,2017-05-22 04:32:00,2292,1.00,.00,,<,0,1.960000,PFBS,Perfluorobutanesulfonate  (PFBS-1),ng/L,45.24500,-80.87472
201705001,2018-02-28 15:06:00,CCGS LIMNOS,GEORGIAN BAY,9,451442,-805229,17,77.50,2017-05-22 04:32:00,2293,1.00,.00,,<,0,1.960000,PFHXS,Perfluorohexanesulfonate (PFHXS-1),ng/L,45.24500,-80.87472
201705001,2018-02-28 15:06:00,CCGS LIMNOS,GEORGIAN BAY,9,451442,-805229,17,77.50,2017-05-22 04:32:00,2294,1.00,.00,,,0,3.560000,PFOS,Perfluorooctanesulfonate (PFOS-1),ng/L,45.24500,-80.87472
201705001,2018-02-28 15:06:00,CCGS LIMNOS,GEORGIAN BAY,9,451442,-805229,17,77.50,2017-05-22 04:32:00,2295,1.00,.00,,<,0,.979000,PFOSA,Perfluorooctane sulfonamide (PFOSA),ng/L,45.24500,-80.87472
201705001,2018-02-28 15:06:00,CCGS LIMNOS,GEORGIAN BAY,9,451442,-805229,17,77.50,2017-05-22 04:32:00,2296,1.00,.00,,,0,69.500000,13C4-PFBA,13C4-Perfluorobutanoate (13C4-PFBA),%,45.24500,-80.87472
201705001,2018-02-28 15:06:00,CCGS LIMNOS,GEORGIAN BAY,9,451442,-805229,17,77.50,2017-05-22 04:32:00,2297,1.00,.00,,,0,83.000000,13C2-PFHXA,13C2-Perfluorohexanoate (13C2-PFHXA),%,45.24500,-80.87472
201705001,2018-02-28 15:06:00,CCGS LIMNOS,GEORGIAN BAY,9,451442,-805229,17,77.50,2017-05-22 04:32:00,2298,1.00,.00,,,0,80.100000,13C2-PFOA,13C2-Perfluorooctanoate (13C2-PFOA),%,45.24500,-80.87472
201705001,2018-02-28 15:06:00,CCGS LIMNOS,GEORGIAN BAY,9,451442,-805229,17,77.50,2017-05-22 04:32:00,2299,1.00,.00,,,0,79.800000,13C5-PFNA,13C5-Perfluorononanoate (13C5-PFNA),%,45.24500,-80.87472
201705001,2018-02-28 15:06:00,CCGS LIMNOS,GEORGIAN BAY,9,451442,-805229,17,77.50,2017-05-22 04:32:00,2300,1.00,.00,,,0,75.900000,13C2-PFDA,13C2-Perfluorodecanoate (13C2-PFDA),%,45.24500,-80.87472
201705001,2018-02-28 15:06:00,CCGS LIMNOS,GEORGIAN BAY,9,451442,-805229,17,77.50,2017-05-22 04:32:00,2301,1.00,.00,,,0,60.500000,13C2-PFDOA,13C2-Perfluorododecanoate (13C2-PFDOA),%,45.24500,-80.87472
201705001,2018-02-28 15:06:00,CCGS LIMNOS,GEORGIAN BAY,9,451442,-805229,17,77.50,2017-05-22 04:32:00,2302,1.00,.00,,,0,82.800000,13C4-PFOS,13C4-Perfluorooctanesulfonate (13C4-PFOS-1),%,45.24500,-80.87472
201705001,2018-02-28 15:06:00,CCGS LIMNOS,GEORGIAN BAY,9,451442,-805229,17,77.50,2017-05-22 04:32:00,2303,1.00,.00,,,0,82.800000,18O2-PFHXS,18O2-Perfluorohexanesulfonate (18O2-PFHXS-1),%,45.24500,-80.87472
201705001,2018-02-28 15:06:00,CCGS LIMNOS,GEORGIAN BAY,9,451442,-805229,17,77.50,2017-05-22 04:32:00,2304,1.00,.00,,,0,107.000000,13C8-PFOSA,13C8-Perfluorooctane sulfonamide (13C8-PFOSA),%,45.24500,-80.87472
201705001,2018-02-28 15:06:00,CCGS LIMNOS,GEORGIAN BAY,9,451442,-805229,17,77.50,2017-05-22 04:32:00,2677,12.10,.00,1.00000000,,0,134.000000,PCB1,Resin:PCB1,pg/sample,45.24500,-80.87472
201705001,2018-02-28 15:06:00,CCGS LIMNOS,GEORGIAN BAY,9,451442,-805229,17,77.50,2017-05-22 04:32:00,2677,12.10,.00,1.00000000,,1,136.000000,PCB1,Resin:PCB1,pg/sample,45.24500,-80.87472
201705001,2018-02-28 15:06:00,CCGS LIMNOS,GEORGIAN BAY,9,451442,-805229,17,77.50,2017-05-22 04:32:00,2678,12.10,.00,1.00000000,,0,74.600000,PCB2,Resin:PCB2,pg/sample,45.24500,-80.87472
201705001,2018-02-28 15:06:00,CCGS LIMNOS,GEORGIAN BAY,9,451442,-805229,17,77.50,2017-05-22 04:32:00,2678,12.10,.00,1.00000000,,1,98.000000,PCB2,Resin:PCB2,pg/sample,45.24500,-80.87472
201705001,2018-02-28 15:06:00,CCGS LIMNOS,GEORGIAN BAY,9,451442,-805229,17,77.50,2017-05-22 04:32:00,2679,12.10,.00,1.00000000,,0,256.000000,PCB3,Resin:PCB3,pg/sample,45.24500,-80.87472
201705001,2018-02-28 15:06:00,CCGS LIMNOS,GEORGIAN BAY,9,451442,-805229,17,77.50,2017-05-22 04:32:00,2679,12.10,.00,1.00000000,,1,277.000000,PCB3,Resin:PCB3,pg/sample,45.24500,-80.87472
201705001,2018-02-28 15:06:00,CCGS LIMNOS,GEORGIAN BAY,9,451442,-805229,17,77.50,2017-05-22 04:32:00,2680,12.10,.00,2.00000000,,0,92.400000,PCB4,Resin:PCB4,pg/sample,45.24500,-80.87472
201705001,2018-02-28 15:06:00,CCGS LIMNOS,GEORGIAN BAY,9,451442,-805229,17,77.50,2017-05-22 04:32:00,2680,12.10,.00,2.00000000,,1,102.000000,PCB4,Resin:PCB4,pg/sample,45.24500,-80.87472
201705001,2018-02-28 15:06:00,CCGS LIMNOS,GEORGIAN BAY,9,451442,-805229,17,77.50,2017-05-22 04:32:00,2681,12.10,.00,2.00000000,T,0,5.500000,PCB5,Resin:PCB5,pg/sample,45.24500,-80.87472
201705001,2018-02-28 15:06:00,CCGS LIMNOS,GEORGIAN BAY,9,451442,-805229,17,77.50,2017-05-22 04:32:00,2681,12.10,.00,2.00000000,T,1,5.460000,PCB5,Resin:PCB5,pg/sample,45.24500,-80.87472
201705001,2018-02-28 15:06:00,CCGS LIMNOS,GEORGIAN BAY,9,451442,-805229,17,77.50,2017-05-22 04:32:00,2682,12.10,.00,2.00000000,T,0,28.600000,PCB6,Resin:PCB6,pg/sample,45.24500,-80.87472
201705001,2018-02-28 15:06:00,CCGS LIMNOS,GEORGIAN BAY,9,451442,-805229,17,77.50,2017-05-22 04:32:00,2682,12.10,.00,2.00000000,T,1,30.100000,PCB6,Resin:PCB6,pg/sample,45.24500,-80.87472
201705001,2018-02-28 15:06:00,CCGS LIMNOS,GEORGIAN BAY,9,451442,-805229,17,77.50,2017-05-22 04:32:00,2683,12.10,.00,2.00000000,,0,49.400000,PCB7,Resin:PCB7,pg/sample,45.24500,-80.87472
201705001,2018-02-28 15:06:00,CCGS LIMNOS,GEORGIAN BAY,9,451442,-805229,17,77.50,2017-05-22 04:32:00,2683,12.10,.00,2.00000000,T,1,19.200000,PCB7,Resin:PCB7,pg/sample,45.24500,-80.87472
201705001,2018-02-28 15:06:00,CCGS LIMNOS,GEORGIAN BAY,9,451442,-805229,17,77.50,2017-05-22 04:32:00,2684,12.10,.00,2.00000000,,0,122.000000,PCB8,Resin:PCB8,pg/sample,45.24500,-80.87472
201705001,2018-02-28 15:06:00,CCGS LIMNOS,GEORGIAN BAY,9,451442,-805229,17,77.50,2017-05-22 04:32:00,2684,12.10,.00,2.00000000,,1,132.000000,PCB8,Resin:PCB8,pg/sample,45.24500,-80.87472
201705001,2018-02-28 15:06:00,CCGS LIMNOS,GEORGIAN BAY,9,451442,-805229,17,77.50,2017-05-22 04:32:00,2685,12.10,.00,2.00000000,T,0,10.300000,PCB9,Resin:PCB9,pg/sample,45.24500,-80.87472
201705001,2018-02-28 15:06:00,CCGS LIMNOS,GEORGIAN BAY,9,451442,-805229,17,77.50,2017-05-22 04:32:00,2685,12.10,.00,2.00000000,T,1,10.300000,PCB9,Resin:PCB9,pg/sample,45.24500,-80.87472
201705001,2018-02-28 15:06:00,CCGS LIMNOS,GEORGIAN BAY,9,451442,-805229,17,77.50,2017-05-22 04:32:00,2687,12.10,.00,2.00000000,,0,185.000000,PCB11,Resin:PCB11,pg/sample,45.24500,-80.87472
201705001,2018-02-28 15:06:00,CCGS LIMNOS,GEORGIAN BAY,9,451442,-805229,17,77.50,2017-05-22 04:32:00,2687,12.10,.00,2.00000000,,1,200.000000,PCB11,Resin:PCB11,pg/sample,45.24500,-80.87472
201705001,2018-02-28 15:06:00,CCGS LIMNOS,GEORGIAN BAY,9,451442,-805229,17,77.50,2017-05-22 04:32:00,2688,12.10,.00,2.00000000,T,0,13.400000,"PCB12,13","Resin:PCB12,13",pg/sample,45.24500,-80.87472
201705001,2018-02-28 15:06:00,CCGS LIMNOS,GEORGIAN BAY,9,451442,-805229,17,77.50,2017-05-22 04:32:00,2688,12.10,.00,2.00000000,T,1,15.500000,"PCB12,13","Resin:PCB12,13",pg/sample,45.24500,-80.87472
201705001,2018-02-28 15:06:00,CCGS LIMNOS,GEORGIAN BAY,9,451442,-805229,17,77.50,2017-05-22 04:32:00,2689,12.10,.00,2.00000000,<,0,1.880000,PCB14,Resin:PCB14,pg/sample,45.24500,-80.87472
201705001,2018-02-28 15:06:00,CCGS LIMNOS,GEORGIAN BAY,9,451442,-805229,17,77.50,2017-05-22 04:32:00,2690,12.10,.00,2.00000000,,1,47.000000,PCB15,Resin:PCB15,pg/sample,45.24500,-80.87472
201705001,2018-02-28 15:06:00,CCGS LIMNOS,GEORGIAN BAY,9,451442,-805229,17,77.50,2017-05-22 04:32:00,2690,12.10,.00,2.00000000,T,0,40.200000,PCB15,Resin:PCB15,pg/sample,45.24500,-80.87472
201705001,2018-02-28 15:06:00,CCGS LIMNOS,GEORGIAN BAY,9,451442,-805229,17,77.50,2017-05-22 04:32:00,2691,12.10,.00,1.00000000,,0,69.100000,PCB16,Resin:PCB16,pg/sample,45.24500,-80.87472
201705001,2018-02-28 15:06:00,CCGS LIMNOS,GEORGIAN BAY,9,451442,-805229,17,77.50,2017-05-22 04:32:00,2691,12.10,.00,1.00000000,,1,64.600000,PCB16,Resin:PCB16,pg/sample,45.24500,-80.87472
201705001,2018-02-28 15:06:00,CCGS LIMNOS,GEORGIAN BAY,9,451442,-805229,17,77.50,2017-05-22 04:32:00,2692,12.10,.00,1.00000000,,0,51.700000,PCB17,Resin:PCB17,pg/sample,45.24500,-80.87472
201705001,2018-02-28 15:06:00,CCGS LIMNOS,GEORGIAN BAY,9,451442,-805229,17,77.50,2017-05-22 04:32:00,2692,12.10,.00,1.00000000,,1,54.500000,PCB17,Resin:PCB17,pg/sample,45.24500,-80.87472
201705001,2018-02-28 15:06:00,CCGS LIMNOS,GEORGIAN BAY,9,451442,-805229,17,77.50,2017-05-22 04:32:00,2693,12.10,.00,1.00000000,,0,127.000000,"PCB18,30","Resin:PCB18,30",pg/sample,45.24500,-80.87472
201705001,2018-02-28 15:06:00,CCGS LIMNOS,GEORGIAN BAY,9,451442,-805229,17,77.50,2017-05-22 04:32:00,2693,12.10,.00,1.00000000,,1,119.000000,"PCB18,30","Resin:PCB18,30",pg/sample,45.24500,-80.87472
201705001,2018-02-28 15:06:00,CCGS LIMNOS,GEORGIAN BAY,9,451442,-805229,17,77.50,2017-05-22 04:32:00,2694,12.10,.00,1.00000000,T,0,21.500000,PCB19,Resin:PCB19,pg/sample,45.24500,-80.87472
201705001,2018-02-28 15:06:00,CCGS LIMNOS,GEORGIAN BAY,9,451442,-805229,17,77.50,2017-05-22 04:32:00,2694,12.10,.00,1.00000000,T,1,23.700000,PCB19,Resin:PCB19,pg/sample,45.24500,-80.87472
201705001,2018-02-28 15:06:00,CCGS LIMNOS,GEORGIAN BAY,9,451442,-805229,17,77.50,2017-05-22 04:32:00,2695,12.10,.00,1.00000000,,0,107.000000,"PCB20,28","Resin:PCB20,28",pg/sample,45.24500,-80.87472
201705001,2018-02-28 15:06:00,CCGS LIMNOS,GEORGIAN BAY,9,451442,-805229,17,77.50,2017-05-22 04:32:00,2695,12.10,.00,1.00000000,,1,116.000000,"PCB20,28","Resin:PCB20,28",pg/sample,45.24500,-80.87472
201705001,2018-02-28 15:06:00,CCGS LIMNOS,GEORGIAN BAY,9,451442,-805229,17,77.50,2017-05-22 04:32:00,2696,12.10,.00,1.00000000,,0,65.600000,"PCB21,33","Resin:PCB21,33",pg/sample,45.24500,-80.87472
201705001,2018-02-28 15:06:00,CCGS LIMNOS,GEORGIAN BAY,9,451442,-805229,17,77.50,2017-05-22 04:32:00,2696,12.10,.00,1.00000000,,1,62.400000,"PCB21,33","Resin:PCB21,33",pg/sample,45.24500,-80.87472
201705001,2018-02-28 15:06:00,CCGS LIMNOS,GEORGIAN BAY,9,451442,-805229,17,77.50,2017-05-22 04:32:00,2697,12.10,.00,1.00000000,,0,46.300000,PCB22,Resin:PCB22,pg/sample,45.24500,-80.87472
201705001,2018-02-28 15:06:00,CCGS LIMNOS,GEORGIAN BAY,9,451442,-805229,17,77.50,2017-05-22 04:32:00,2697,12.10,.00,1.00000000,,1,46.400000,PCB22,Resin:PCB22,pg/sample,45.24500,-80.87472
201705001,2018-02-28 15:06:00,CCGS LIMNOS,GEORGIAN BAY,9,451442,-805229,17,77.50,2017-05-22 04:32:00,2698,12.10,.00,1.00000000,<,0,1.020000,PCB23,Resin:PCB23,pg/sample,45.24500,-80.87472
201705001,2018-02-28 15:06:00,CCGS LIMNOS,GEORGIAN BAY,9,451442,-805229,17,77.50,2017-05-22 04:32:00,2698,12.10,.00,1.00000000,<,1,1.060000,PCB23,Resin:PCB23,pg/sample,45.24500,-80.87472
201705001,2018-02-28 15:06:00,CCGS LIMNOS,GEORGIAN BAY,9,451442,-805229,17,77.50,2017-05-22 04:32:00,2699,12.10,.00,1.00000000,T,0,1.970000,PCB24,Resin:PCB24,pg/sample,45.24500,-80.87472
201705001,2018-02-28 15:06:00,CCGS LIMNOS,GEORGIAN BAY,9,451442,-805229,17,77.50,2017-05-22 04:32:00,2699,12.10,.00,1.00000000,T,1,2.740000,PCB24,Resin:PCB24,pg/sample,45.24500,-80.87472
201705001,2018-02-28 15:06:00,CCGS LIMNOS,GEORGIAN BAY,9,451442,-805229,17,77.50,2017-05-22 04:32:00,2700,12.10,.00,1.00000000,T,0,7.620000,PCB25,Resin:PCB25,pg/sample,45.24500,-80.87472
201705001,2018-02-28 15:06:00,CCGS LIMNOS,GEORGIAN BAY,9,451442,-805229,17,77.50,2017-05-22 04:32:00,2700,12.10,.00,1.00000000,T,1,8.940000,PCB25,Resin:PCB25,pg/sample,45.24500,-80.87472
201705001,2018-02-28 15:06:00,CCGS LIMNOS,GEORGIAN BAY,9,451442,-805229,17,77.50,2017-05-22 04:32:00,2701,12.10,.00,1.00000000,T,0,21.200000,"PCB26,29","Resin:PCB26,29",pg/sample,45.24500,-80.87472
201705001,2018-02-28 15:06:00,CCGS LIMNOS,GEORGIAN BAY,9,451442,-805229,17,77.50,2017-05-22 04:32:00,2701,12.10,.00,1.00000000,T,1,21.700000,"PCB26,29","Resin:PCB26,29",pg/sample,45.24500,-80.87472
201705001,2018-02-28 15:06:00,CCGS LIMNOS,GEORGIAN BAY,9,451442,-805229,17,77.50,2017-05-22 04:32:00,2702,12.10,.00,1.00000000,T,1,9.880000,PCB27,Resin:PCB27,pg/sample,45.24500,-80.87472
201705001,2018-02-28 15:06:00,CCGS LIMNOS,GEORGIAN BAY,9,451442,-805229,17,77.50,2017-05-22 04:32:00,2703,12.10,.00,1.00000000,,0,113.000000,PCB31,Resin:PCB31,pg/sample,45.24500,-80.87472
201705001,2018-02-28 15:06:00,CCGS LIMNOS,GEORGIAN BAY,9,451442,-805229,17,77.50,2017-05-22 04:32:00,2703,12.10,.00,1.00000000,,1,106.000000,PCB31,Resin:PCB31,pg/sample,45.24500,-80.87472
201705001,2018-02-28 15:06:00,CCGS LIMNOS,GEORGIAN BAY,9,451442,-805229,17,77.50,2017-05-22 04:32:00,2704,12.10,.00,1.00000000,T,0,25.700000,PCB32,Resin:PCB32,pg/sample,45.24500,-80.87472
201705001,2018-02-28 15:06:00,CCGS LIMNOS,GEORGIAN BAY,9,451442,-805229,17,77.50,2017-05-22 04:32:00,2704,12.10,.00,1.00000000,T,1,25.700000,PCB32,Resin:PCB32,pg/sample,45.24500,-80.87472
201705001,2018-02-28 15:06:00,CCGS LIMNOS,GEORGIAN BAY,9,451442,-805229,17,77.50,2017-05-22 04:32:00,2705,12.10,.00,1.00000000,<,0,1.020000,PCB34,Resin:PCB34,pg/sample,45.24500,-80.87472
201705001,2018-02-28 15:06:00,CCGS LIMNOS,GEORGIAN BAY,9,451442,-805229,17,77.50,2017-05-22 04:32:00,2705,12.10,.00,1.00000000,<,1,1.060000,PCB34,Resin:PCB34,pg/sample,45.24500,-80.87472
201705001,2018-02-28 15:06:00,CCGS LIMNOS,GEORGIAN BAY,9,451442,-805229,17,77.50,2017-05-22 04:32:00,2706,12.10,.00,1.00000000,T,1,4.590000,PCB35,Resin:PCB35,pg/sample,45.24500,-80.87472
201705001,2018-02-28 15:06:00,CCGS LIMNOS,GEORGIAN BAY,9,451442,-805229,17,77.50,2017-05-22 04:32:00,2707,12.10,.00,1.00000000,<,0,1.020000,PCB36,Resin:PCB36,pg/sample,45.24500,-80.87472
201705001,2018-02-28 15:06:00,CCGS LIMNOS,GEORGIAN BAY,9,451442,-805229,17,77.50,2017-05-22 04:32:00,2708,12.10,.00,1.00000000,T,0,20.700000,PCB37,Resin:PCB37,pg/sample,45.24500,-80.87472
201705001,2018-02-28 15:06:00,CCGS LIMNOS,GEORGIAN BAY,9,451442,-805229,17,77.50,2017-05-22 04:32:00,2708,12.10,.00,1.00000000,T,1,22.400000,PCB37,Resin:PCB37,pg/sample,45.24500,-80.87472
201705001,2018-02-28 15:06:00,CCGS LIMNOS,GEORGIAN BAY,9,451442,-805229,17,77.50,2017-05-22 04:32:00,2709,12.10,.00,1.00000000,<,0,1.020000,PCB38,Resin:PCB38,pg/sample,45.24500,-80.87472
201705001,2018-02-28 15:06:00,CCGS LIMNOS,GEORGIAN BAY,9,451442,-805229,17,77.50,2017-05-22 04:32:00,2709,12.10,.00,1.00000000,T,1,1.870000,PCB38,Resin:PCB38,pg/sample,45.24500,-80.87472
201705001,2018-02-28 15:06:00,CCGS LIMNOS,GEORGIAN BAY,9,451442,-805229,17,77.50,2017-05-22 04:32:00,2710,12.10,.00,1.00000000,<,0,1.020000,PCB39,Resin:PCB39,pg/sample,45.24500,-80.87472
201705001,2018-02-28 15:06:00,CCGS LIMNOS,GEORGIAN BAY,9,451442,-805229,17,77.50,2017-05-22 04:32:00,2710,12.10,.00,1.00000000,<,1,1.060000,PCB39,Resin:PCB39,pg/sample,45.24500,-80.87472
201705001,2018-02-28 15:06:00,CCGS LIMNOS,GEORGIAN BAY,9,451442,-805229,17,77.50,2017-05-22 04:32:00,2711,12.10,.00,1.00000000,,0,75.500000,"PCB40,41,71","Resin:PCB40,41,71",pg/sample,45.24500,-80.87472
201705001,2018-02-28 15:06:00,CCGS LIMNOS,GEORGIAN BAY,9,451442,-805229,17,77.50,2017-05-22 04:32:00,2711,12.10,.00,1.00000000,,1,50.100000,"PCB40,41,71","Resin:PCB40,41,71",pg/sample,45.24500,-80.87472
201705001,2018-02-28 15:06:00,CCGS LIMNOS,GEORGIAN BAY,9,451442,-805229,17,77.50,2017-05-22 04:32:00,2712,12.10,.00,1.00000000,T,1,21.400000,PCB42,Resin:PCB42,pg/sample,45.24500,-80.87472
201705001,2018-02-28 15:06:00,CCGS LIMNOS,GEORGIAN BAY,9,451442,-805229,17,77.50,2017-05-22 04:32:00,2713,12.10,.00,1.00000000,T,1,4.500000,PCB43,Resin:PCB43,pg/sample,45.24500,-80.87472
201705001,2018-02-28 15:06:00,CCGS LIMNOS,GEORGIAN BAY,9,451442,-805229,17,77.50,2017-05-22 04:32:00,2714,12.10,.00,1.00000000,,0,196.000000,"PCB44,47,65","Resin:PCB44,47,65",pg/sample,45.24500,-80.87472
201705001,2018-02-28 15:06:00,CCGS LIMNOS,GEORGIAN BAY,9,451442,-805229,17,77.50,2017-05-22 04:32:00,2714,12.10,.00,1.00000000,,1,152.000000,"PCB44,47,65","Resin:PCB44,47,65",pg/sample,45.24500,-80.87472
201705001,2018-02-28 15:06:00,CCGS LIMNOS,GEORGIAN BAY,9,451442,-805229,17,77.50,2017-05-22 04:32:00,2715,12.10,.00,1.00000000,T,0,32.100000,"PCB45,51","Resin:PCB45,51",pg/sample,45.24500,-80.87472
201705001,2018-02-28 15:06:00,CCGS LIMNOS,GEORGIAN BAY,9,451442,-805229,17,77.50,2017-05-22 04:32:00,2715,12.10,.00,1.00000000,T,1,22.800000,"PCB45,51","Resin:PCB45,51",pg/sample,45.24500,-80.87472
201705001,2018-02-28 15:06:00,CCGS LIMNOS,GEORGIAN BAY,9,451442,-805229,17,77.50,2017-05-22 04:32:00,2716,12.10,.00,1.00000000,T,1,7.650000,PCB46,Resin:PCB46,pg/sample,45.24500,-80.87472
201705001,2018-02-28 15:06:00,CCGS LIMNOS,GEORGIAN BAY,9,451442,-805229,17,77.50,2017-05-22 04:32:00,2717,12.10,.00,1.00000000,T,0,27.900000,PCB48,Resin:PCB48,pg/sample,45.24500,-80.87472
201705001,2018-02-28 15:06:00,CCGS LIMNOS,GEORGIAN BAY,9,451442,-805229,17,77.50,2017-05-22 04:32:00,2717,12.10,.00,1.00000000,T,1,20.200000,PCB48,Resin:PCB48,pg/sample,45.24500,-80.87472
201705001,2018-02-28 15:06:00,CCGS LIMNOS,GEORGIAN BAY,9,451442,-805229,17,77.50,2017-05-22 04:32:00,2718,12.10,.00,1.00000000,,0,82.600000,"PCB49,69","Resin:PCB49,69",pg/sample,45.24500,-80.87472
201705001,2018-02-28 15:06:00,CCGS LIMNOS,GEORGIAN BAY,9,451442,-805229,17,77.50,2017-05-22 04:32:00,2718,12.10,.00,1.00000000,,1,71.100000,"PCB49,69","Resin:PCB49,69",pg/sample,45.24500,-80.87472
201705001,2018-02-28 15:06:00,CCGS LIMNOS,GEORGIAN BAY,9,451442,-805229,17,77.50,2017-05-22 04:32:00,2719,12.10,.00,1.00000000,T,0,24.800000,"PCB50,53","Resin:PCB50,53",pg/sample,45.24500,-80.87472
201705001,2018-02-28 15:06:00,CCGS LIMNOS,GEORGIAN BAY,9,451442,-805229,17,77.50,2017-05-22 04:32:00,2719,12.10,.00,1.00000000,T,1,19.000000,"PCB50,53","Resin:PCB50,53",pg/sample,45.24500,-80.87472
201705001,2018-02-28 15:06:00,CCGS LIMNOS,GEORGIAN BAY,9,451442,-805229,17,77.50,2017-05-22 04:32:00,2720,12.10,.00,1.00000000,,0,273.000000,PCB52,Resin:PCB52,pg/sample,45.24500,-80.87472
201705001,2018-02-28 15:06:00,CCGS LIMNOS,GEORGIAN BAY,9,451442,-805229,17,77.50,2017-05-22 04:32:00,2720,12.10,.00,1.00000000,,1,233.000000,PCB52,Resin:PCB52,pg/sample,45.24500,-80.87472
201705001,2018-02-28 15:06:00,CCGS LIMNOS,GEORGIAN BAY,9,451442,-805229,17,77.50,2017-05-22 04:32:00,2721,12.10,.00,1.00000000,<,0,1.020000,PCB54,Resin:PCB54,pg/sample,45.24500,-80.87472
201705001,2018-02-28 15:06:00,CCGS LIMNOS,GEORGIAN BAY,9,451442,-805229,17,77.50,2017-05-22 04:32:00,2721,12.10,.00,1.00000000,<,1,1.060000,PCB54,Resin:PCB54,pg/sample,45.24500,-80.87472
201705001,2018-02-28 15:06:00,CCGS LIMNOS,GEORGIAN BAY,9,451442,-805229,17,77.50,2017-05-22 04:32:00,2722,12.10,.00,1.00000000,<,0,1.020000,PCB55,Resin:PCB55,pg/sample,45.24500,-80.87472
201705001,2018-02-28 15:06:00,CCGS LIMNOS,GEORGIAN BAY,9,451442,-805229,17,77.50,2017-05-22 04:32:00,2722,12.10,.00,1.00000000,<,1,1.060000,PCB55,Resin:PCB55,pg/sample,45.24500,-80.87472
201705001,2018-02-28 15:06:00,CCGS LIMNOS,GEORGIAN BAY,9,451442,-805229,17,77.50,2017-05-22 04:32:00,2723,12.10,.00,1.00000000,,0,43.200000,PCB56,Resin:PCB56,pg/sample,45.24500,-80.87472
201705001,2018-02-28 15:06:00,CCGS LIMNOS,GEORGIAN BAY,9,451442,-805229,17,77.50,2017-05-22 04:32:00,2723,12.10,.00,1.00000000,T,1,28.400000,PCB56,Resin:PCB56,pg/sample,45.24500,-80.87472
201705001,2018-02-28 15:06:00,CCGS LIMNOS,GEORGIAN BAY,9,451442,-805229,17,77.50,2017-05-22 04:32:00,2724,12.10,.00,1.00000000,<,0,1.020000,PCB57,Resin:PCB57,pg/sample,45.24500,-80.87472
201705001,2018-02-28 15:06:00,CCGS LIMNOS,GEORGIAN BAY,9,451442,-805229,17,77.50,2017-05-22 04:32:00,2724,12.10,.00,1.00000000,<,1,1.060000,PCB57,Resin:PCB57,pg/sample,45.24500,-80.87472
201705001,2018-02-28 15:06:00,CCGS LIMNOS,GEORGIAN BAY,9,451442,-805229,17,77.50,2017-05-22 04:32:00,2725,12.10,.00,1.00000000,<,0,1.020000,PCB58,Resin:PCB58,pg/sample,45.24500,-80.87472
201705001,2018-02-28 15:06:00,CCGS LIMNOS,GEORGIAN BAY,9,451442,-805229,17,77.50,2017-05-22 04:32:00,2725,12.10,.00,1.00000000,<,1,1.060000,PCB58,Resin:PCB58,pg/sample,45.24500,-80.87472
201705001,2018-02-28 15:06:00,CCGS LIMNOS,GEORGIAN BAY,9,451442,-805229,17,77.50,2017-05-22 04:32:00,2726,12.10,.00,1.00000000,T,0,9.630000,"PCB59,62,75","Resin:PCB59,62,75",pg/sample,45.24500,-80.87472
201705001,2018-02-28 15:06:00,CCGS LIMNOS,GEORGIAN BAY,9,451442,-805229,17,77.50,2017-05-22 04:32:00,2726,12.10,.00,1.00000000,T,1,8.880000,"PCB59,62,75","Resin:PCB59,62,75",pg/sample,45.24500,-80.87472
201705001,2018-02-28 15:06:00,CCGS LIMNOS,GEORGIAN BAY,9,451442,-805229,17,77.50,2017-05-22 04:32:00,2727,12.10,.00,1.00000000,T,0,20.000000,PCB60,Resin:PCB60,pg/sample,45.24500,-80.87472
201705001,2018-02-28 15:06:00,CCGS LIMNOS,GEORGIAN BAY,9,451442,-805229,17,77.50,2017-05-22 04:32:00,2727,12.10,.00,1.00000000,T,1,14.100000,PCB60,Resin:PCB60,pg/sample,45.24500,-80.87472
201705001,2018-02-28 15:06:00,CCGS LIMNOS,GEORGIAN BAY,9,451442,-805229,17,77.50,2017-05-22 04:32:00,2728,12.10,.00,1.00000000,,0,199.000000,"PCB61,70,74,76","Resin:PCB61,70,74,76",pg/sample,45.24500,-80.87472
201705001,2018-02-28 15:06:00,CCGS LIMNOS,GEORGIAN BAY,9,451442,-805229,17,77.50,2017-05-22 04:32:00,2728,12.10,.00,1.00000000,,1,160.000000,"PCB61,70,74,76","Resin:PCB61,70,74,76",pg/sample,45.24500,-80.87472
201705001,2018-02-28 15:06:00,CCGS LIMNOS,GEORGIAN BAY,9,451442,-805229,17,77.50,2017-05-22 04:32:00,2730,12.10,.00,1.00000000,,0,63.300000,PCB64,Resin:PCB64,pg/sample,45.24500,-80.87472
201705001,2018-02-28 15:06:00,CCGS LIMNOS,GEORGIAN BAY,9,451442,-805229,17,77.50,2017-05-22 04:32:00,2730,12.10,.00,1.00000000,,1,49.700000,PCB64,Resin:PCB64,pg/sample,45.24500,-80.87472
201705001,2018-02-28 15:06:00,CCGS LIMNOS,GEORGIAN BAY,9,451442,-805229,17,77.50,2017-05-22 04:32:00,2731,12.10,.00,1.00000000,,0,76.500000,PCB66,Resin:PCB66,pg/sample,45.24500,-80.87472
201705001,2018-02-28 15:06:00,CCGS LIMNOS,GEORGIAN BAY,9,451442,-805229,17,77.50,2017-05-22 04:32:00,2731,12.10,.00,1.00000000,,1,58.900000,PCB66,Resin:PCB66,pg/sample,45.24500,-80.87472
201705001,2018-02-28 15:06:00,CCGS LIMNOS,GEORGIAN BAY,9,451442,-805229,17,77.50,2017-05-22 04:32:00,2732,12.10,.00,1.00000000,T,1,1.760000,PCB67,Resin:PCB67,pg/sample,45.24500,-80.87472
201705001,2018-02-28 15:06:00,CCGS LIMNOS,GEORGIAN BAY,9,451442,-805229,17,77.50,2017-05-22 04:32:00,2733,12.10,.00,1.00000000,T,0,7.110000,PCB68,Resin:PCB68,pg/sample,45.24500,-80.87472
201705001,2018-02-28 15:06:00,CCGS LIMNOS,GEORGIAN BAY,9,451442,-805229,17,77.50,2017-05-22 04:32:00,2733,12.10,.00,1.00000000,T,1,5.040000,PCB68,Resin:PCB68,pg/sample,45.24500,-80.87472
201705001,2018-02-28 15:06:00,CCGS LIMNOS,GEORGIAN BAY,9,451442,-805229,17,77.50,2017-05-22 04:32:00,2734,12.10,.00,1.00000000,<,0,1.020000,PCB72,Resin:PCB72,pg/sample,45.24500,-80.87472
201705001,2018-02-28 15:06:00,CCGS LIMNOS,GEORGIAN BAY,9,451442,-805229,17,77.50,2017-05-22 04:32:00,2734,12.10,.00,1.00000000,<,1,1.060000,PCB72,Resin:PCB72,pg/sample,45.24500,-80.87472
201705001,2018-02-28 15:06:00,CCGS LIMNOS,GEORGIAN BAY,9,451442,-805229,17,77.50,2017-05-22 04:32:00,2735,12.10,.00,1.00000000,<,0,1.020000,PCB73,Resin:PCB73,pg/sample,45.24500,-80.87472
201705001,2018-02-28 15:06:00,CCGS LIMNOS,GEORGIAN BAY,9,451442,-805229,17,77.50,2017-05-22 04:32:00,2735,12.10,.00,1.00000000,<,1,1.060000,PCB73,Resin:PCB73,pg/sample,45.24500,-80.87472
201705001,2018-02-28 15:06:00,CCGS LIMNOS,GEORGIAN BAY,9,451442,-805229,17,77.50,2017-05-22 04:32:00,2736,12.10,.00,1.00000000,T,1,7.000000,PCB77,Resin:PCB77,pg/sample,45.24500,-80.87472
201705001,2018-02-28 15:06:00,CCGS LIMNOS,GEORGIAN BAY,9,451442,-805229,17,77.50,2017-05-22 04:32:00,2737,12.10,.00,1.00000000,<,0,1.020000,PCB78,Resin:PCB78,pg/sample,45.24500,-80.87472
201705001,2018-02-28 15:06:00,CCGS LIMNOS,GEORGIAN BAY,9,451442,-805229,17,77.50,2017-05-22 04:32:00,2737,12.10,.00,1.00000000,<,1,1.060000,PCB78,Resin:PCB78,pg/sample,45.24500,-80.87472
201705001,2018-02-28 15:06:00,CCGS LIMNOS,GEORGIAN BAY,9,451442,-805229,17,77.50,2017-05-22 04:32:00,2738,12.10,.00,1.00000000,T,0,3.070000,PCB79,Resin:PCB79,pg/sample,45.24500,-80.87472
201705001,2018-02-28 15:06:00,CCGS LIMNOS,GEORGIAN BAY,9,451442,-805229,17,77.50,2017-05-22 04:32:00,2738,12.10,.00,1.00000000,T,1,2.410000,PCB79,Resin:PCB79,pg/sample,45.24500,-80.87472
201705001,2018-02-28 15:06:00,CCGS LIMNOS,GEORGIAN BAY,9,451442,-805229,17,77.50,2017-05-22 04:32:00,2739,12.10,.00,1.00000000,<,0,1.020000,PCB80,Resin:PCB80,pg/sample,45.24500,-80.87472
201705001,2018-02-28 15:06:00,CCGS LIMNOS,GEORGIAN BAY,9,451442,-805229,17,77.50,2017-05-22 04:32:00,2739,12.10,.00,1.00000000,<,1,1.060000,PCB80,Resin:PCB80,pg/sample,45.24500,-80.87472
201705001,2018-02-28 15:06:00,CCGS LIMNOS,GEORGIAN BAY,9,451442,-805229,17,77.50,2017-05-22 04:32:00,2740,12.10,.00,1.00000000,<,0,1.020000,PCB81,Resin:PCB81,pg/sample,45.24500,-80.87472
201705001,2018-02-28 15:06:00,CCGS LIMNOS,GEORGIAN BAY,9,451442,-805229,17,77.50,2017-05-22 04:32:00,2740,12.10,.00,1.00000000,<,1,1.060000,PCB81,Resin:PCB81,pg/sample,45.24500,-80.87472
201705001,2018-02-28 15:06:00,CCGS LIMNOS,GEORGIAN BAY,9,451442,-805229,17,77.50,2017-05-22 04:32:00,2741,12.10,.00,1.00000000,T,0,23.500000,PCB82,Resin:PCB82,pg/sample,45.24500,-80.87472
201705001,2018-02-28 15:06:00,CCGS LIMNOS,GEORGIAN BAY,9,451442,-805229,17,77.50,2017-05-22 04:32:00,2741,12.10,.00,1.00000000,T,1,21.500000,PCB82,Resin:PCB82,pg/sample,45.24500,-80.87472
201705001,2018-02-28 15:06:00,CCGS LIMNOS,GEORGIAN BAY,9,451442,-805229,17,77.50,2017-05-22 04:32:00,2742,12.10,.00,1.00000000,,0,84.700000,"PCB83,99","Resin:PCB83,99",pg/sample,45.24500,-80.87472
201705001,2018-02-28 15:06:00,CCGS LIMNOS,GEORGIAN BAY,9,451442,-805229,17,77.50,2017-05-22 04:32:00,2742,12.10,.00,1.00000000,,1,95.800000,"PCB83,99","Resin:PCB83,99",pg/sample,45.24500,-80.87472
201705001,2018-02-28 15:06:00,CCGS LIMNOS,GEORGIAN BAY,9,451442,-805229,17,77.50,2017-05-22 04:32:00,2743,12.10,.00,1.00000000,,0,66.000000,PCB84,Resin:PCB84,pg/sample,45.24500,-80.87472
201705001,2018-02-28 15:06:00,CCGS LIMNOS,GEORGIAN BAY,9,451442,-805229,17,77.50,2017-05-22 04:32:00,2743,12.10,.00,1.00000000,,1,55.800000,PCB84,Resin:PCB84,pg/sample,45.24500,-80.87472
201705001,2018-02-28 15:06:00,CCGS LIMNOS,GEORGIAN BAY,9,451442,-805229,17,77.50,2017-05-22 04:32:00,2744,12.10,.00,1.00000000,T,0,29.900000,"PCB85,116,117","Resin:PCB85,116,117",pg/sample,45.24500,-80.87472
201705001,2018-02-28 15:06:00,CCGS LIMNOS,GEORGIAN BAY,9,451442,-805229,17,77.50,2017-05-22 04:32:00,2744,12.10,.00,1.00000000,T,1,28.400000,"PCB85,116,117","Resin:PCB85,116,117",pg/sample,45.24500,-80.87472
201705001,2018-02-28 15:06:00,CCGS LIMNOS,GEORGIAN BAY,9,451442,-805229,17,77.50,2017-05-22 04:32:00,2745,12.10,.00,1.00000000,,0,134.000000,"PCB86,87,97,108,119,125","Resin:PCB86,87,97,108,119,125",pg/sample,45.24500,-80.87472
201705001,2018-02-28 15:06:00,CCGS LIMNOS,GEORGIAN BAY,9,451442,-805229,17,77.50,2017-05-22 04:32:00,2745,12.10,.00,1.00000000,,1,128.000000,"PCB86,87,97,108,119,125","Resin:PCB86,87,97,108,119,125",pg/sample,45.24500,-80.87472
201705001,2018-02-28 15:06:00,CCGS LIMNOS,GEORGIAN BAY,9,451442,-805229,17,77.50,2017-05-22 04:32:00,2746,12.10,.00,1.00000000,T,0,26.700000,"PCB88,91","Resin:PCB88,91",pg/sample,45.24500,-80.87472
201705001,2018-02-28 15:06:00,CCGS LIMNOS,GEORGIAN BAY,9,451442,-805229,17,77.50,2017-05-22 04:32:00,2746,12.10,.00,1.00000000,T,1,23.200000,"PCB88,91","Resin:PCB88,91",pg/sample,45.24500,-80.87472
201705001,2018-02-28 15:06:00,CCGS LIMNOS,GEORGIAN BAY,9,451442,-805229,17,77.50,2017-05-22 04:32:00,2747,12.10,.00,1.00000000,T,0,3.280000,PCB89,Resin:PCB89,pg/sample,45.24500,-80.87472
201705001,2018-02-28 15:06:00,CCGS LIMNOS,GEORGIAN BAY,9,451442,-805229,17,77.50,2017-05-22 04:32:00,2748,12.10,.00,1.00000000,,0,174.000000,"PCB90,101,113","Resin:PCB90,101,113",pg/sample,45.24500,-80.87472
201705001,2018-02-28 15:06:00,CCGS LIMNOS,GEORGIAN BAY,9,451442,-805229,17,77.50,2017-05-22 04:32:00,2748,12.10,.00,1.00000000,,1,177.000000,"PCB90,101,113","Resin:PCB90,101,113",pg/sample,45.24500,-80.87472
201705001,2018-02-28 15:06:00,CCGS LIMNOS,GEORGIAN BAY,9,451442,-805229,17,77.50,2017-05-22 04:32:00,2749,12.10,.00,1.00000000,T,0,35.500000,PCB92,Resin:PCB92,pg/sample,45.24500,-80.87472
201705001,2018-02-28 15:06:00,CCGS LIMNOS,GEORGIAN BAY,9,451442,-805229,17,77.50,2017-05-22 04:32:00,2749,12.10,.00,1.00000000,T,1,37.100000,PCB92,Resin:PCB92,pg/sample,45.24500,-80.87472
201705001,2018-02-28 15:06:00,CCGS LIMNOS,GEORGIAN BAY,9,451442,-805229,17,77.50,2017-05-22 04:32:00,2750,12.10,.00,1.00000000,,0,209.000000,"PCB93,95,98,100,102","Resin:PCB93,95,98,100,102",pg/sample,45.24500,-80.87472
201705001,2018-02-28 15:06:00,CCGS LIMNOS,GEORGIAN BAY,9,451442,-805229,17,77.50,2017-05-22 04:32:00,2750,12.10,.00,1.00000000,,1,188.000000,"PCB93,95,98,100,102","Resin:PCB93,95,98,100,102",pg/sample,45.24500,-80.87472
201705001,2018-02-28 15:06:00,CCGS LIMNOS,GEORGIAN BAY,9,451442,-805229,17,77.50,2017-05-22 04:32:00,2751,12.10,.00,1.00000000,T,0,1.440000,PCB94,Resin:PCB94,pg/sample,45.24500,-80.87472
201705001,2018-02-28 15:06:00,CCGS LIMNOS,GEORGIAN BAY,9,451442,-805229,17,77.50,2017-05-22 04:32:00,2751,12.10,.00,1.00000000,T,1,1.590000,PCB94,Resin:PCB94,pg/sample,45.24500,-80.87472
201705001,2018-02-28 15:06:00,CCGS LIMNOS,GEORGIAN BAY,9,451442,-805229,17,77.50,2017-05-22 04:32:00,2752,12.10,.00,1.00000000,T,1,1.710000,PCB96,Resin:PCB96,pg/sample,45.24500,-80.87472
201705001,2018-02-28 15:06:00,CCGS LIMNOS,GEORGIAN BAY,9,451442,-805229,17,77.50,2017-05-22 04:32:00,2753,12.10,.00,1.00000000,T,0,1.100000,PCB103,Resin:PCB103,pg/sample,45.24500,-80.87472
201705001,2018-02-28 15:06:00,CCGS LIMNOS,GEORGIAN BAY,9,451442,-805229,17,77.50,2017-05-22 04:32:00,2754,12.10,.00,1.00000000,<,0,1.020000,PCB104,Resin:PCB104,pg/sample,45.24500,-80.87472
201705001,2018-02-28 15:06:00,CCGS LIMNOS,GEORGIAN BAY,9,451442,-805229,17,77.50,2017-05-22 04:32:00,2754,12.10,.00,1.00000000,<,1,1.060000,PCB104,Resin:PCB104,pg/sample,45.24500,-80.87472
201705001,2018-02-28 15:06:00,CCGS LIMNOS,GEORGIAN BAY,9,451442,-805229,17,77.50,2017-05-22 04:32:00,2755,12.10,.00,1.00000000,,0,52.600000,PCB105,Resin:PCB105,pg/sample,45.24500,-80.87472
201705001,2018-02-28 15:06:00,CCGS LIMNOS,GEORGIAN BAY,9,451442,-805229,17,77.50,2017-05-22 04:32:00,2755,12.10,.00,1.00000000,,1,56.400000,PCB105,Resin:PCB105,pg/sample,45.24500,-80.87472
201705001,2018-02-28 15:06:00,CCGS LIMNOS,GEORGIAN BAY,9,451442,-805229,17,77.50,2017-05-22 04:32:00,2756,12.10,.00,1.00000000,<,0,1.020000,PCB106,Resin:PCB106,pg/sample,45.24500,-80.87472
201705001,2018-02-28 15:06:00,CCGS LIMNOS,GEORGIAN BAY,9,451442,-805229,17,77.50,2017-05-22 04:32:00,2756,12.10,.00,1.00000000,<,1,1.060000,PCB106,Resin:PCB106,pg/sample,45.24500,-80.87472
201705001,2018-02-28 15:06:00,CCGS LIMNOS,GEORGIAN BAY,9,451442,-805229,17,77.50,2017-05-22 04:32:00,2757,12.10,.00,1.00000000,T,0,7.200000,"PCB107,124","Resin:PCB107,124",pg/sample,45.24500,-80.87472
201705001,2018-02-28 15:06:00,CCGS LIMNOS,GEORGIAN BAY,9,451442,-805229,17,77.50,2017-05-22 04:32:00,2757,12.10,.00,1.00000000,T,1,5.990000,"PCB107,124","Resin:PCB107,124",pg/sample,45.24500,-80.87472
201705001,2018-02-28 15:06:00,CCGS LIMNOS,GEORGIAN BAY,9,451442,-805229,17,77.50,2017-05-22 04:32:00,2758,12.10,.00,1.00000000,T,0,8.730000,PCB109,Resin:PCB109,pg/sample,45.24500,-80.87472
201705001,2018-02-28 15:06:00,CCGS LIMNOS,GEORGIAN BAY,9,451442,-805229,17,77.50,2017-05-22 04:32:00,2758,12.10,.00,1.00000000,T,1,8.870000,PCB109,Resin:PCB109,pg/sample,45.24500,-80.87472
201705001,2018-02-28 15:06:00,CCGS LIMNOS,GEORGIAN BAY,9,451442,-805229,17,77.50,2017-05-22 04:32:00,2759,12.10,.00,1.00000000,,0,192.000000,"PCB110,115","Resin:PCB110,115",pg/sample,45.24500,-80.87472
201705001,2018-02-28 15:06:00,CCGS LIMNOS,GEORGIAN BAY,9,451442,-805229,17,77.50,2017-05-22 04:32:00,2759,12.10,.00,1.00000000,,1,191.000000,"PCB110,115","Resin:PCB110,115",pg/sample,45.24500,-80.87472
201705001,2018-02-28 15:06:00,CCGS LIMNOS,GEORGIAN BAY,9,451442,-805229,17,77.50,2017-05-22 04:32:00,2760,12.10,.00,1.00000000,<,0,1.020000,PCB111,Resin:PCB111,pg/sample,45.24500,-80.87472
201705001,2018-02-28 15:06:00,CCGS LIMNOS,GEORGIAN BAY,9,451442,-805229,17,77.50,2017-05-22 04:32:00,2760,12.10,.00,1.00000000,<,1,1.060000,PCB111,Resin:PCB111,pg/sample,45.24500,-80.87472
201705001,2018-02-28 15:06:00,CCGS LIMNOS,GEORGIAN BAY,9,451442,-805229,17,77.50,2017-05-22 04:32:00,2761,12.10,.00,1.00000000,<,0,1.020000,PCB112,Resin:PCB112,pg/sample,45.24500,-80.87472
201705001,2018-02-28 15:06:00,CCGS LIMNOS,GEORGIAN BAY,9,451442,-805229,17,77.50,2017-05-22 04:32:00,2761,12.10,.00,1.00000000,<,1,1.060000,PCB112,Resin:PCB112,pg/sample,45.24500,-80.87472
201705001,2018-02-28 15:06:00,CCGS LIMNOS,GEORGIAN BAY,9,451442,-805229,17,77.50,2017-05-22 04:32:00,2762,12.10,.00,1.00000000,T,0,3.140000,PCB114,Resin:PCB114,pg/sample,45.24500,-80.87472
201705001,2018-02-28 15:06:00,CCGS LIMNOS,GEORGIAN BAY,9,451442,-805229,17,77.50,2017-05-22 04:32:00,2762,12.10,.00,1.00000000,T,1,3.170000,PCB114,Resin:PCB114,pg/sample,45.24500,-80.87472
201705001,2018-02-28 15:06:00,CCGS LIMNOS,GEORGIAN BAY,9,451442,-805229,17,77.50,2017-05-22 04:32:00,2763,12.10,.00,1.00000000,,0,117.000000,PCB118,Resin:PCB118,pg/sample,45.24500,-80.87472
201705001,2018-02-28 15:06:00,CCGS LIMNOS,GEORGIAN BAY,9,451442,-805229,17,77.50,2017-05-22 04:32:00,2763,12.10,.00,1.00000000,,1,126.000000,PCB118,Resin:PCB118,pg/sample,45.24500,-80.87472
201705001,2018-02-28 15:06:00,CCGS LIMNOS,GEORGIAN BAY,9,451442,-805229,17,77.50,2017-05-22 04:32:00,2764,12.10,.00,1.00000000,<,0,1.020000,PCB120,Resin:PCB120,pg/sample,45.24500,-80.87472
201705001,2018-02-28 15:06:00,CCGS LIMNOS,GEORGIAN BAY,9,451442,-805229,17,77.50,2017-05-22 04:32:00,2764,12.10,.00,1.00000000,<,1,1.060000,PCB120,Resin:PCB120,pg/sample,45.24500,-80.87472
201705001,2018-02-28 15:06:00,CCGS LIMNOS,GEORGIAN BAY,9,451442,-805229,17,77.50,2017-05-22 04:32:00,2765,12.10,.00,1.00000000,<,0,1.020000,PCB121,Resin:PCB121,pg/sample,45.24500,-80.87472
201705001,2018-02-28 15:06:00,CCGS LIMNOS,GEORGIAN BAY,9,451442,-805229,17,77.50,2017-05-22 04:32:00,2765,12.10,.00,1.00000000,<,1,1.060000,PCB121,Resin:PCB121,pg/sample,45.24500,-80.87472
201705001,2018-02-28 15:06:00,CCGS LIMNOS,GEORGIAN BAY,9,451442,-805229,17,77.50,2017-05-22 04:32:00,2766,12.10,.00,1.00000000,T,0,1.550000,PCB122,Resin:PCB122,pg/sample,45.24500,-80.87472
201705001,2018-02-28 15:06:00,CCGS LIMNOS,GEORGIAN BAY,9,451442,-805229,17,77.50,2017-05-22 04:32:00,2768,12.10,.00,1.00000000,<,0,1.020000,PCB126,Resin:PCB126,pg/sample,45.24500,-80.87472
201705001,2018-02-28 15:06:00,CCGS LIMNOS,GEORGIAN BAY,9,451442,-805229,17,77.50,2017-05-22 04:32:00,2768,12.10,.00,1.00000000,<,1,1.060000,PCB126,Resin:PCB126,pg/sample,45.24500,-80.87472
201705001,2018-02-28 15:06:00,CCGS LIMNOS,GEORGIAN BAY,9,451442,-805229,17,77.50,2017-05-22 04:32:00,2769,12.10,.00,1.00000000,<,0,1.020000,PCB127,Resin:PCB127,pg/sample,45.24500,-80.87472
201705001,2018-02-28 15:06:00,CCGS LIMNOS,GEORGIAN BAY,9,451442,-805229,17,77.50,2017-05-22 04:32:00,2769,12.10,.00,1.00000000,<,1,1.060000,PCB127,Resin:PCB127,pg/sample,45.24500,-80.87472
201705001,2018-02-28 15:06:00,CCGS LIMNOS,GEORGIAN BAY,9,451442,-805229,17,77.50,2017-05-22 04:32:00,2770,12.10,.00,1.00000000,T,0,19.100000,"PCB128,166","Resin:PCB128,166",pg/sample,45.24500,-80.87472
201705001,2018-02-28 15:06:00,CCGS LIMNOS,GEORGIAN BAY,9,451442,-805229,17,77.50,2017-05-22 04:32:00,2771,12.10,.00,1.00000000,,0,115.000000,"PCB129,138,160,163","Resin:PCB129,138,160,163",pg/sample,45.24500,-80.87472
201705001,2018-02-28 15:06:00,CCGS LIMNOS,GEORGIAN BAY,9,451442,-805229,17,77.50,2017-05-22 04:32:00,2771,12.10,.00,1.00000000,,1,128.000000,"PCB129,138,160,163","Resin:PCB129,138,160,163",pg/sample,45.24500,-80.87472
201705001,2018-02-28 15:06:00,CCGS LIMNOS,GEORGIAN BAY,9,451442,-805229,17,77.50,2017-05-22 04:32:00,2772,12.10,.00,1.00000000,T,0,8.560000,PCB130,Resin:PCB130,pg/sample,45.24500,-80.87472
201705001,2018-02-28 15:06:00,CCGS LIMNOS,GEORGIAN BAY,9,451442,-805229,17,77.50,2017-05-22 04:32:00,2772,12.10,.00,1.00000000,T,1,9.420000,PCB130,Resin:PCB130,pg/sample,45.24500,-80.87472
201705001,2018-02-28 15:06:00,CCGS LIMNOS,GEORGIAN BAY,9,451442,-805229,17,77.50,2017-05-22 04:32:00,2774,12.10,.00,1.00000000,,0,48.000000,PCB132,Resin:PCB132,pg/sample,45.24500,-80.87472
201705001,2018-02-28 15:06:00,CCGS LIMNOS,GEORGIAN BAY,9,451442,-805229,17,77.50,2017-05-22 04:32:00,2774,12.10,.00,1.00000000,,1,48.800000,PCB132,Resin:PCB132,pg/sample,45.24500,-80.87472
201705001,2018-02-28 15:06:00,CCGS LIMNOS,GEORGIAN BAY,9,451442,-805229,17,77.50,2017-05-22 04:32:00,2775,12.10,.00,1.00000000,T,1,1.790000,PCB133,Resin:PCB133,pg/sample,45.24500,-80.87472
201705001,2018-02-28 15:06:00,CCGS LIMNOS,GEORGIAN BAY,9,451442,-805229,17,77.50,2017-05-22 04:32:00,2776,12.10,.00,1.00000000,T,1,8.580000,"PCB134,143","Resin:PCB134,143",pg/sample,45.24500,-80.87472
201705001,2018-02-28 15:06:00,CCGS LIMNOS,GEORGIAN BAY,9,451442,-805229,17,77.50,2017-05-22 04:32:00,2777,12.10,.00,1.00000000,,0,51.900000,"PCB135,151,154","Resin:PCB135,151,154",pg/sample,45.24500,-80.87472
201705001,2018-02-28 15:06:00,CCGS LIMNOS,GEORGIAN BAY,9,451442,-805229,17,77.50,2017-05-22 04:32:00,2777,12.10,.00,1.00000000,,1,45.800000,"PCB135,151,154","Resin:PCB135,151,154",pg/sample,45.24500,-80.87472
201705001,2018-02-28 15:06:00,CCGS LIMNOS,GEORGIAN BAY,9,451442,-805229,17,77.50,2017-05-22 04:32:00,2778,12.10,.00,1.00000000,T,0,21.300000,PCB136,Resin:PCB136,pg/sample,45.24500,-80.87472
201705001,2018-02-28 15:06:00,CCGS LIMNOS,GEORGIAN BAY,9,451442,-805229,17,77.50,2017-05-22 04:32:00,2778,12.10,.00,1.00000000,T,1,19.400000,PCB136,Resin:PCB136,pg/sample,45.24500,-80.87472
201705001,2018-02-28 15:06:00,CCGS LIMNOS,GEORGIAN BAY,9,451442,-805229,17,77.50,2017-05-22 04:32:00,2779,12.10,.00,1.00000000,T,1,5.960000,PCB137,Resin:PCB137,pg/sample,45.24500,-80.87472
201705001,2018-02-28 15:06:00,CCGS LIMNOS,GEORGIAN BAY,9,451442,-805229,17,77.50,2017-05-22 04:32:00,2780,12.10,.00,1.00000000,T,0,2.240000,"PCB139,140","Resin:PCB139,140",pg/sample,45.24500,-80.87472
201705001,2018-02-28 15:06:00,CCGS LIMNOS,GEORGIAN BAY,9,451442,-805229,17,77.50,2017-05-22 04:32:00,2780,12.10,.00,1.00000000,T,1,2.420000,"PCB139,140","Resin:PCB139,140",pg/sample,45.24500,-80.87472
201705001,2018-02-28 15:06:00,CCGS LIMNOS,GEORGIAN BAY,9,451442,-805229,17,77.50,2017-05-22 04:32:00,2781,12.10,.00,1.00000000,T,0,22.700000,PCB141,Resin:PCB141,pg/sample,45.24500,-80.87472
201705001,2018-02-28 15:06:00,CCGS LIMNOS,GEORGIAN BAY,9,451442,-805229,17,77.50,2017-05-22 04:32:00,2781,12.10,.00,1.00000000,T,1,22.300000,PCB141,Resin:PCB141,pg/sample,45.24500,-80.87472
201705001,2018-02-28 15:06:00,CCGS LIMNOS,GEORGIAN BAY,9,451442,-805229,17,77.50,2017-05-22 04:32:00,2782,12.10,.00,1.00000000,<,0,1.020000,PCB142,Resin:PCB142,pg/sample,45.24500,-80.87472
201705001,2018-02-28 15:06:00,CCGS LIMNOS,GEORGIAN BAY,9,451442,-805229,17,77.50,2017-05-22 04:32:00,2782,12.10,.00,1.00000000,<,1,1.060000,PCB142,Resin:PCB142,pg/sample,45.24500,-80.87472
201705001,2018-02-28 15:06:00,CCGS LIMNOS,GEORGIAN BAY,9,451442,-805229,17,77.50,2017-05-22 04:32:00,2783,12.10,.00,1.00000000,T,0,7.120000,PCB144,Resin:PCB144,pg/sample,45.24500,-80.87472
201705001,2018-02-28 15:06:00,CCGS LIMNOS,GEORGIAN BAY,9,451442,-805229,17,77.50,2017-05-22 04:32:00,2783,12.10,.00,1.00000000,T,1,6.830000,PCB144,Resin:PCB144,pg/sample,45.24500,-80.87472
201705001,2018-02-28 15:06:00,CCGS LIMNOS,GEORGIAN BAY,9,451442,-805229,17,77.50,2017-05-22 04:32:00,2784,12.10,.00,1.00000000,<,0,1.020000,PCB145,Resin:PCB145,pg/sample,45.24500,-80.87472
201705001,2018-02-28 15:06:00,CCGS LIMNOS,GEORGIAN BAY,9,451442,-805229,17,77.50,2017-05-22 04:32:00,2784,12.10,.00,1.00000000,<,1,1.060000,PCB145,Resin:PCB145,pg/sample,45.24500,-80.87472
201705001,2018-02-28 15:06:00,CCGS LIMNOS,GEORGIAN BAY,9,451442,-805229,17,77.50,2017-05-22 04:32:00,2785,12.10,.00,1.00000000,T,0,18.500000,PCB146,Resin:PCB146,pg/sample,45.24500,-80.87472
201705001,2018-02-28 15:06:00,CCGS LIMNOS,GEORGIAN BAY,9,451442,-805229,17,77.50,2017-05-22 04:32:00,2785,12.10,.00,1.00000000,T,1,17.700000,PCB146,Resin:PCB146,pg/sample,45.24500,-80.87472
201705001,2018-02-28 15:06:00,CCGS LIMNOS,GEORGIAN BAY,9,451442,-805229,17,77.50,2017-05-22 04:32:00,2786,12.10,.00,1.00000000,,0,116.000000,"PCB147,149","Resin:PCB147,149",pg/sample,45.24500,-80.87472
201705001,2018-02-28 15:06:00,CCGS LIMNOS,GEORGIAN BAY,9,451442,-805229,17,77.50,2017-05-22 04:32:00,2786,12.10,.00,1.00000000,,1,99.800000,"PCB147,149","Resin:PCB147,149",pg/sample,45.24500,-80.87472
201705001,2018-02-28 15:06:00,CCGS LIMNOS,GEORGIAN BAY,9,451442,-805229,17,77.50,2017-05-22 04:32:00,2787,12.10,.00,1.00000000,<,0,1.020000,PCB148,Resin:PCB148,pg/sample,45.24500,-80.87472
201705001,2018-02-28 15:06:00,CCGS LIMNOS,GEORGIAN BAY,9,451442,-805229,17,77.50,2017-05-22 04:32:00,2787,12.10,.00,1.00000000,<,1,1.060000,PCB148,Resin:PCB148,pg/sample,45.24500,-80.87472
201705001,2018-02-28 15:06:00,CCGS LIMNOS,GEORGIAN BAY,9,451442,-805229,17,77.50,2017-05-22 04:32:00,2788,12.10,.00,1.00000000,<,0,1.020000,PCB150,Resin:PCB150,pg/sample,45.24500,-80.87472
201705001,2018-02-28 15:06:00,CCGS LIMNOS,GEORGIAN BAY,9,451442,-805229,17,77.50,2017-05-22 04:32:00,2788,12.10,.00,1.00000000,<,1,1.060000,PCB150,Resin:PCB150,pg/sample,45.24500,-80.87472
201705001,2018-02-28 15:06:00,CCGS LIMNOS,GEORGIAN BAY,9,451442,-805229,17,77.50,2017-05-22 04:32:00,2789,12.10,.00,1.00000000,<,0,1.020000,PCB152,Resin:PCB152,pg/sample,45.24500,-80.87472
201705001,2018-02-28 15:06:00,CCGS LIMNOS,GEORGIAN BAY,9,451442,-805229,17,77.50,2017-05-22 04:32:00,2789,12.10,.00,1.00000000,<,1,1.060000,PCB152,Resin:PCB152,pg/sample,45.24500,-80.87472
201705001,2018-02-28 15:06:00,CCGS LIMNOS,GEORGIAN BAY,9,451442,-805229,17,77.50,2017-05-22 04:32:00,2790,12.10,.00,1.00000000,,0,96.200000,"PCB153,168","Resin:PCB153,168",pg/sample,45.24500,-80.87472
201705001,2018-02-28 15:06:00,CCGS LIMNOS,GEORGIAN BAY,9,451442,-805229,17,77.50,2017-05-22 04:32:00,2790,12.10,.00,1.00000000,,1,101.000000,"PCB153,168","Resin:PCB153,168",pg/sample,45.24500,-80.87472
201705001,2018-02-28 15:06:00,CCGS LIMNOS,GEORGIAN BAY,9,451442,-805229,17,77.50,2017-05-22 04:32:00,2791,12.10,.00,1.00000000,<,0,1.020000,PCB155,Resin:PCB155,pg/sample,45.24500,-80.87472
201705001,2018-02-28 15:06:00,CCGS LIMNOS,GEORGIAN BAY,9,451442,-805229,17,77.50,2017-05-22 04:32:00,2791,12.10,.00,1.00000000,<,1,1.060000,PCB155,Resin:PCB155,pg/sample,45.24500,-80.87472
201705001,2018-02-28 15:06:00,CCGS LIMNOS,GEORGIAN BAY,9,451442,-805229,17,77.50,2017-05-22 04:32:00,2792,12.10,.00,1.00000000,T,0,11.700000,"PCB156,157","Resin:PCB156,157",pg/sample,45.24500,-80.87472
201705001,2018-02-28 15:06:00,CCGS LIMNOS,GEORGIAN BAY,9,451442,-805229,17,77.50,2017-05-22 04:32:00,2792,12.10,.00,1.00000000,T,1,18.100000,"PCB156,157","Resin:PCB156,157",pg/sample,45.24500,-80.87472
201705001,2018-02-28 15:06:00,CCGS LIMNOS,GEORGIAN BAY,9,451442,-805229,17,77.50,2017-05-22 04:32:00,2793,12.10,.00,1.00000000,T,0,11.200000,PCB158,Resin:PCB158,pg/sample,45.24500,-80.87472
201705001,2018-02-28 15:06:00,CCGS LIMNOS,GEORGIAN BAY,9,451442,-805229,17,77.50,2017-05-22 04:32:00,2793,12.10,.00,1.00000000,T,1,12.400000,PCB158,Resin:PCB158,pg/sample,45.24500,-80.87472
201705001,2018-02-28 15:06:00,CCGS LIMNOS,GEORGIAN BAY,9,451442,-805229,17,77.50,2017-05-22 04:32:00,2794,12.10,.00,1.00000000,T,0,1.890000,PCB159,Resin:PCB159,pg/sample,45.24500,-80.87472
201705001,2018-02-28 15:06:00,CCGS LIMNOS,GEORGIAN BAY,9,451442,-805229,17,77.50,2017-05-22 04:32:00,2795,12.10,.00,1.00000000,<,0,1.020000,PCB161,Resin:PCB161,pg/sample,45.24500,-80.87472
201705001,2018-02-28 15:06:00,CCGS LIMNOS,GEORGIAN BAY,9,451442,-805229,17,77.50,2017-05-22 04:32:00,2795,12.10,.00,1.00000000,<,1,1.060000,PCB161,Resin:PCB161,pg/sample,45.24500,-80.87472
201705001,2018-02-28 15:06:00,CCGS LIMNOS,GEORGIAN BAY,9,451442,-805229,17,77.50,2017-05-22 04:32:00,2796,12.10,.00,1.00000000,<,0,1.020000,PCB162,Resin:PCB162,pg/sample,45.24500,-80.87472
201705001,2018-02-28 15:06:00,CCGS LIMNOS,GEORGIAN BAY,9,451442,-805229,17,77.50,2017-05-22 04:32:00,2796,12.10,.00,1.00000000,<,1,1.060000,PCB162,Resin:PCB162,pg/sample,45.24500,-80.87472
201705001,2018-02-28 15:06:00,CCGS LIMNOS,GEORGIAN BAY,9,451442,-805229,17,77.50,2017-05-22 04:32:00,2797,12.10,.00,1.00000000,T,0,9.260000,PCB164,Resin:PCB164,pg/sample,45.24500,-80.87472
201705001,2018-02-28 15:06:00,CCGS LIMNOS,GEORGIAN BAY,9,451442,-805229,17,77.50,2017-05-22 04:32:00,2797,12.10,.00,1.00000000,T,1,10.200000,PCB164,Resin:PCB164,pg/sample,45.24500,-80.87472
201705001,2018-02-28 15:06:00,CCGS LIMNOS,GEORGIAN BAY,9,451442,-805229,17,77.50,2017-05-22 04:32:00,2798,12.10,.00,1.00000000,<,0,1.020000,PCB165,Resin:PCB165,pg/sample,45.24500,-80.87472
201705001,2018-02-28 15:06:00,CCGS LIMNOS,GEORGIAN BAY,9,451442,-805229,17,77.50,2017-05-22 04:32:00,2798,12.10,.00,1.00000000,<,1,1.060000,PCB165,Resin:PCB165,pg/sample,45.24500,-80.87472
201705001,2018-02-28 15:06:00,CCGS LIMNOS,GEORGIAN BAY,9,451442,-805229,17,77.50,2017-05-22 04:32:00,2799,12.10,.00,1.00000000,T,0,3.990000,PCB167,Resin:PCB167,pg/sample,45.24500,-80.87472
201705001,2018-02-28 15:06:00,CCGS LIMNOS,GEORGIAN BAY,9,451442,-805229,17,77.50,2017-05-22 04:32:00,2799,12.10,.00,1.00000000,T,1,5.390000,PCB167,Resin:PCB167,pg/sample,45.24500,-80.87472
201705001,2018-02-28 15:06:00,CCGS LIMNOS,GEORGIAN BAY,9,451442,-805229,17,77.50,2017-05-22 04:32:00,2800,12.10,.00,1.00000000,<,0,1.020000,PCB169,Resin:PCB169,pg/sample,45.24500,-80.87472
201705001,2018-02-28 15:06:00,CCGS LIMNOS,GEORGIAN BAY,9,451442,-805229,17,77.50,2017-05-22 04:32:00,2800,12.10,.00,1.00000000,<,1,1.060000,PCB169,Resin:PCB169,pg/sample,45.24500,-80.87472
201705001,2018-02-28 15:06:00,CCGS LIMNOS,GEORGIAN BAY,9,451442,-805229,17,77.50,2017-05-22 04:32:00,2801,12.10,.00,1.00000000,T,0,13.200000,PCB170,Resin:PCB170,pg/sample,45.24500,-80.87472
201705001,2018-02-28 15:06:00,CCGS LIMNOS,GEORGIAN BAY,9,451442,-805229,17,77.50,2017-05-22 04:32:00,2801,12.10,.00,1.00000000,T,1,15.700000,PCB170,Resin:PCB170,pg/sample,45.24500,-80.87472
201705001,2018-02-28 15:06:00,CCGS LIMNOS,GEORGIAN BAY,9,451442,-805229,17,77.50,2017-05-22 04:32:00,2802,12.10,.00,1.00000000,T,1,6.290000,"PCB171,173","Resin:PCB171,173",pg/sample,45.24500,-80.87472
201705001,2018-02-28 15:06:00,CCGS LIMNOS,GEORGIAN BAY,9,451442,-805229,17,77.50,2017-05-22 04:32:00,2803,12.10,.00,1.00000000,T,0,4.540000,PCB172,Resin:PCB172,pg/sample,45.24500,-80.87472
201705001,2018-02-28 15:06:00,CCGS LIMNOS,GEORGIAN BAY,9,451442,-805229,17,77.50,2017-05-22 04:32:00,2804,12.10,.00,1.00000000,T,0,26.700000,PCB174,Resin:PCB174,pg/sample,45.24500,-80.87472
201705001,2018-02-28 15:06:00,CCGS LIMNOS,GEORGIAN BAY,9,451442,-805229,17,77.50,2017-05-22 04:32:00,2804,12.10,.00,1.00000000,T,1,20.600000,PCB174,Resin:PCB174,pg/sample,45.24500,-80.87472
201705001,2018-02-28 15:06:00,CCGS LIMNOS,GEORGIAN BAY,9,451442,-805229,17,77.50,2017-05-22 04:32:00,2805,12.10,.00,1.00000000,<,0,1.020000,PCB175,Resin:PCB175,pg/sample,45.24500,-80.87472
201705001,2018-02-28 15:06:00,CCGS LIMNOS,GEORGIAN BAY,9,451442,-805229,17,77.50,2017-05-22 04:32:00,2805,12.10,.00,1.00000000,T,1,1.190000,PCB175,Resin:PCB175,pg/sample,45.24500,-80.87472
201705001,2018-02-28 15:06:00,CCGS LIMNOS,GEORGIAN BAY,9,451442,-805229,17,77.50,2017-05-22 04:32:00,2807,12.10,.00,1.00000000,T,0,10.800000,PCB177,Resin:PCB177,pg/sample,45.24500,-80.87472
201705001,2018-02-28 15:06:00,CCGS LIMNOS,GEORGIAN BAY,9,451442,-805229,17,77.50,2017-05-22 04:32:00,2808,12.10,.00,1.00000000,T,0,6.780000,PCB178,Resin:PCB178,pg/sample,45.24500,-80.87472
201705001,2018-02-28 15:06:00,CCGS LIMNOS,GEORGIAN BAY,9,451442,-805229,17,77.50,2017-05-22 04:32:00,2808,12.10,.00,1.00000000,T,1,4.990000,PCB178,Resin:PCB178,pg/sample,45.24500,-80.87472
201705001,2018-02-28 15:06:00,CCGS LIMNOS,GEORGIAN BAY,9,451442,-805229,17,77.50,2017-05-22 04:32:00,2809,12.10,.00,1.00000000,T,1,10.000000,PCB179,Resin:PCB179,pg/sample,45.24500,-80.87472
201705001,2018-02-28 15:06:00,CCGS LIMNOS,GEORGIAN BAY,9,451442,-805229,17,77.50,2017-05-22 04:32:00,2810,12.10,.00,1.00000000,T,1,37.800000,"PCB180,193","Resin:PCB180,193",pg/sample,45.24500,-80.87472
201705001,2018-02-28 15:06:00,CCGS LIMNOS,GEORGIAN BAY,9,451442,-805229,17,77.50,2017-05-22 04:32:00,2811,12.10,.00,1.00000000,<,0,1.020000,PCB181,Resin:PCB181,pg/sample,45.24500,-80.87472
201705001,2018-02-28 15:06:00,CCGS LIMNOS,GEORGIAN BAY,9,451442,-805229,17,77.50,2017-05-22 04:32:00,2811,12.10,.00,1.00000000,<,1,1.060000,PCB181,Resin:PCB181,pg/sample,45.24500,-80.87472
201705001,2018-02-28 15:06:00,CCGS LIMNOS,GEORGIAN BAY,9,451442,-805229,17,77.50,2017-05-22 04:32:00,2812,12.10,.00,1.00000000,<,0,1.020000,PCB182,Resin:PCB182,pg/sample,45.24500,-80.87472
201705001,2018-02-28 15:06:00,CCGS LIMNOS,GEORGIAN BAY,9,451442,-805229,17,77.50,2017-05-22 04:32:00,2812,12.10,.00,1.00000000,<,1,1.060000,PCB182,Resin:PCB182,pg/sample,45.24500,-80.87472
201705001,2018-02-28 15:06:00,CCGS LIMNOS,GEORGIAN BAY,9,451442,-805229,17,77.50,2017-05-22 04:32:00,2813,12.10,.00,1.00000000,T,0,16.000000,"PCB183,185","Resin:PCB183,185",pg/sample,45.24500,-80.87472
201705001,2018-02-28 15:06:00,CCGS LIMNOS,GEORGIAN BAY,9,451442,-805229,17,77.50,2017-05-22 04:32:00,2813,12.10,.00,1.00000000,T,1,13.000000,"PCB183,185","Resin:PCB183,185",pg/sample,45.24500,-80.87472
201705001,2018-02-28 15:06:00,CCGS LIMNOS,GEORGIAN BAY,9,451442,-805229,17,77.50,2017-05-22 04:32:00,2814,12.10,.00,1.00000000,<,0,1.020000,PCB184,Resin:PCB184,pg/sample,45.24500,-80.87472
201705001,2018-02-28 15:06:00,CCGS LIMNOS,GEORGIAN BAY,9,451442,-805229,17,77.50,2017-05-22 04:32:00,2814,12.10,.00,1.00000000,<,1,1.060000,PCB184,Resin:PCB184,pg/sample,45.24500,-80.87472
201705001,2018-02-28 15:06:00,CCGS LIMNOS,GEORGIAN BAY,9,451442,-805229,17,77.50,2017-05-22 04:32:00,2815,12.10,.00,1.00000000,<,0,1.020000,PCB186,Resin:PCB186,pg/sample,45.24500,-80.87472
201705001,2018-02-28 15:06:00,CCGS LIMNOS,GEORGIAN BAY,9,451442,-805229,17,77.50,2017-05-22 04:32:00,2815,12.10,.00,1.00000000,<,1,1.060000,PCB186,Resin:PCB186,pg/sample,45.24500,-80.87472
201705001,2018-02-28 15:06:00,CCGS LIMNOS,GEORGIAN BAY,9,451442,-805229,17,77.50,2017-05-22 04:32:00,2816,12.10,.00,1.00000000,T,0,31.100000,PCB187,Resin:PCB187,pg/sample,45.24500,-80.87472
201705001,2018-02-28 15:06:00,CCGS LIMNOS,GEORGIAN BAY,9,451442,-805229,17,77.50,2017-05-22 04:32:00,2816,12.10,.00,1.00000000,T,1,25.000000,PCB187,Resin:PCB187,pg/sample,45.24500,-80.87472
201705001,2018-02-28 15:06:00,CCGS LIMNOS,GEORGIAN BAY,9,451442,-805229,17,77.50,2017-05-22 04:32:00,2817,12.10,.00,1.00000000,<,0,1.020000,PCB188,Resin:PCB188,pg/sample,45.24500,-80.87472
201705001,2018-02-28 15:06:00,CCGS LIMNOS,GEORGIAN BAY,9,451442,-805229,17,77.50,2017-05-22 04:32:00,2817,12.10,.00,1.00000000,<,1,1.060000,PCB188,Resin:PCB188,pg/sample,45.24500,-80.87472
201705001,2018-02-28 15:06:00,CCGS LIMNOS,GEORGIAN BAY,9,451442,-805229,17,77.50,2017-05-22 04:32:00,2818,12.10,.00,1.00000000,<,0,1.020000,PCB189,Resin:PCB189,pg/sample,45.24500,-80.87472
201705001,2018-02-28 15:06:00,CCGS LIMNOS,GEORGIAN BAY,9,451442,-805229,17,77.50,2017-05-22 04:32:00,2818,12.10,.00,1.00000000,<,1,1.060000,PCB189,Resin:PCB189,pg/sample,45.24500,-80.87472
201705001,2018-02-28 15:06:00,CCGS LIMNOS,GEORGIAN BAY,9,451442,-805229,17,77.50,2017-05-22 04:32:00,2820,12.10,.00,1.00000000,<,0,1.020000,PCB191,Resin:PCB191,pg/sample,45.24500,-80.87472
201705001,2018-02-28 15:06:00,CCGS LIMNOS,GEORGIAN BAY,9,451442,-805229,17,77.50,2017-05-22 04:32:00,2820,12.10,.00,1.00000000,<,1,1.060000,PCB191,Resin:PCB191,pg/sample,45.24500,-80.87472
201705001,2018-02-28 15:06:00,CCGS LIMNOS,GEORGIAN BAY,9,451442,-805229,17,77.50,2017-05-22 04:32:00,2821,12.10,.00,1.00000000,<,0,1.020000,PCB192,Resin:PCB192,pg/sample,45.24500,-80.87472
201705001,2018-02-28 15:06:00,CCGS LIMNOS,GEORGIAN BAY,9,451442,-805229,17,77.50,2017-05-22 04:32:00,2821,12.10,.00,1.00000000,<,1,1.060000,PCB192,Resin:PCB192,pg/sample,45.24500,-80.87472
201705001,2018-02-28 15:06:00,CCGS LIMNOS,GEORGIAN BAY,9,451442,-805229,17,77.50,2017-05-22 04:32:00,2822,12.10,.00,1.00000000,T,0,8.630000,PCB194,Resin:PCB194,pg/sample,45.24500,-80.87472
201705001,2018-02-28 15:06:00,CCGS LIMNOS,GEORGIAN BAY,9,451442,-805229,17,77.50,2017-05-22 04:32:00,2823,12.10,.00,1.00000000,T,1,2.100000,PCB195,Resin:PCB195,pg/sample,45.24500,-80.87472
201705001,2018-02-28 15:06:00,CCGS LIMNOS,GEORGIAN BAY,9,451442,-805229,17,77.50,2017-05-22 04:32:00,2824,12.10,.00,1.00000000,T,0,5.390000,PCB196,Resin:PCB196,pg/sample,45.24500,-80.87472
201705001,2018-02-28 15:06:00,CCGS LIMNOS,GEORGIAN BAY,9,451442,-805229,17,77.50,2017-05-22 04:32:00,2828,12.10,.00,1.00000000,T,0,3.810000,PCB202,Resin:PCB202,pg/sample,45.24500,-80.87472
201705001,2018-02-28 15:06:00,CCGS LIMNOS,GEORGIAN BAY,9,451442,-805229,17,77.50,2017-05-22 04:32:00,2829,12.10,.00,1.00000000,T,0,11.900000,PCB203,Resin:PCB203,pg/sample,45.24500,-80.87472
201705001,2018-02-28 15:06:00,CCGS LIMNOS,GEORGIAN BAY,9,451442,-805229,17,77.50,2017-05-22 04:32:00,2830,12.10,.00,1.00000000,<,0,1.020000,PCB204,Resin:PCB204,pg/sample,45.24500,-80.87472
201705001,2018-02-28 15:06:00,CCGS LIMNOS,GEORGIAN BAY,9,451442,-805229,17,77.50,2017-05-22 04:32:00,2830,12.10,.00,1.00000000,<,1,1.060000,PCB204,Resin:PCB204,pg/sample,45.24500,-80.87472
201705001,2018-02-28 15:06:00,CCGS LIMNOS,GEORGIAN BAY,9,451442,-805229,17,77.50,2017-05-22 04:32:00,2831,12.10,.00,1.00000000,<,0,1.020000,PCB205,Resin:PCB205,pg/sample,45.24500,-80.87472
201705001,2018-02-28 15:06:00,CCGS LIMNOS,GEORGIAN BAY,9,451442,-805229,17,77.50,2017-05-22 04:32:00,2831,12.10,.00,1.00000000,<,1,1.060000,PCB205,Resin:PCB205,pg/sample,45.24500,-80.87472
201705001,2018-02-28 15:06:00,CCGS LIMNOS,GEORGIAN BAY,9,451442,-805229,17,77.50,2017-05-22 04:32:00,2832,12.10,.00,1.00000000,T,1,10.700000,PCB206,Resin:PCB206,pg/sample,45.24500,-80.87472
201705001,2018-02-28 15:06:00,CCGS LIMNOS,GEORGIAN BAY,9,451442,-805229,17,77.50,2017-05-22 04:32:00,2834,12.10,.00,1.00000000,T,0,2.890000,PCB208,Resin:PCB208,pg/sample,45.24500,-80.87472
201705001,2018-02-28 15:06:00,CCGS LIMNOS,GEORGIAN BAY,9,451442,-805229,17,77.50,2017-05-22 04:32:00,2834,12.10,.00,1.00000000,T,1,4.450000,PCB208,Resin:PCB208,pg/sample,45.24500,-80.87472
201705001,2018-02-28 15:06:00,CCGS LIMNOS,GEORGIAN BAY,9,451442,-805229,17,77.50,2017-05-22 04:32:00,2835,12.10,.00,1.00000000,T,0,2.230000,PCB209,Resin:PCB209,pg/sample,45.24500,-80.87472
201705001,2018-02-28 15:06:00,CCGS LIMNOS,GEORGIAN BAY,9,451442,-805229,17,77.50,2017-05-22 04:32:00,2835,12.10,.00,1.00000000,T,1,18.100000,PCB209,Resin:PCB209,pg/sample,45.24500,-80.87472
201705001,2018-02-28 15:06:00,CCGS LIMNOS,GEORGIAN BAY,9,451442,-805229,17,77.50,2017-05-22 04:32:00,2836,12.10,.00,,,0,49.500000,13C-PCB1,Resin:13C-PCB1,%,45.24500,-80.87472
201705001,2018-02-28 15:06:00,CCGS LIMNOS,GEORGIAN BAY,9,451442,-805229,17,77.50,2017-05-22 04:32:00,2836,12.10,.00,,,1,41.200000,13C-PCB1,Resin:13C-PCB1,%,45.24500,-80.87472
201705001,2018-02-28 15:06:00,CCGS LIMNOS,GEORGIAN BAY,9,451442,-805229,17,77.50,2017-05-22 04:32:00,2837,12.10,.00,,,0,48.600000,13C-PCB3,Resin:13C-PCB3,%,45.24500,-80.87472
201705001,2018-02-28 15:06:00,CCGS LIMNOS,GEORGIAN BAY,9,451442,-805229,17,77.50,2017-05-22 04:32:00,2837,12.10,.00,,,1,44.400000,13C-PCB3,Resin:13C-PCB3,%,45.24500,-80.87472
201705001,2018-02-28 15:06:00,CCGS LIMNOS,GEORGIAN BAY,9,451442,-805229,17,77.50,2017-05-22 04:32:00,2838,12.10,.00,,,0,51.000000,13C-PCB4,Resin:13C-PCB4,%,45.24500,-80.87472
201705001,2018-02-28 15:06:00,CCGS LIMNOS,GEORGIAN BAY,9,451442,-805229,17,77.50,2017-05-22 04:32:00,2838,12.10,.00,,,1,46.000000,13C-PCB4,Resin:13C-PCB4,%,45.24500,-80.87472
201705001,2018-02-28 15:06:00,CCGS LIMNOS,GEORGIAN BAY,9,451442,-805229,17,77.50,2017-05-22 04:32:00,2839,12.10,.00,,,0,60.600000,13C-PCB15,Resin:13C-PCB15,%,45.24500,-80.87472
201705001,2018-02-28 15:06:00,CCGS LIMNOS,GEORGIAN BAY,9,451442,-805229,17,77.50,2017-05-22 04:32:00,2839,12.10,.00,,,1,60.500000,13C-PCB15,Resin:13C-PCB15,%,45.24500,-80.87472
201705001,2018-02-28 15:06:00,CCGS LIMNOS,GEORGIAN BAY,9,451442,-805229,17,77.50,2017-05-22 04:32:00,2840,12.10,.00,,,0,53.800000,13C-PCB19,Resin:13C-PCB19,%,45.24500,-80.87472
201705001,2018-02-28 15:06:00,CCGS LIMNOS,GEORGIAN BAY,9,451442,-805229,17,77.50,2017-05-22 04:32:00,2840,12.10,.00,,,1,50.800000,13C-PCB19,Resin:13C-PCB19,%,45.24500,-80.87472
201705001,2018-02-28 15:06:00,CCGS LIMNOS,GEORGIAN BAY,9,451442,-805229,17,77.50,2017-05-22 04:32:00,2841,12.10,.00,,,0,75.700000,13C-PCB37,Resin:13C-PCB37,%,45.24500,-80.87472
201705001,2018-02-28 15:06:00,CCGS LIMNOS,GEORGIAN BAY,9,451442,-805229,17,77.50,2017-05-22 04:32:00,2841,12.10,.00,,,1,77.400000,13C-PCB37,Resin:13C-PCB37,%,45.24500,-80.87472
201705001,2018-02-28 15:06:00,CCGS LIMNOS,GEORGIAN BAY,9,451442,-805229,17,77.50,2017-05-22 04:32:00,2842,12.10,.00,,,0,68.200000,13C-PCB54,Resin:13C-PCB54,%,45.24500,-80.87472
201705001,2018-02-28 15:06:00,CCGS LIMNOS,GEORGIAN BAY,9,451442,-805229,17,77.50,2017-05-22 04:32:00,2842,12.10,.00,,,1,65.800000,13C-PCB54,Resin:13C-PCB54,%,45.24500,-80.87472
201705001,2018-02-28 15:06:00,CCGS LIMNOS,GEORGIAN BAY,9,451442,-805229,17,77.50,2017-05-22 04:32:00,2843,12.10,.00,,,0,72.000000,13C-PCB77,Resin:13C-PCB77,%,45.24500,-80.87472
201705001,2018-02-28 15:06:00,CCGS LIMNOS,GEORGIAN BAY,9,451442,-805229,17,77.50,2017-05-22 04:32:00,2843,12.10,.00,,,1,80.200000,13C-PCB77,Resin:13C-PCB77,%,45.24500,-80.87472
201705001,2018-02-28 15:06:00,CCGS LIMNOS,GEORGIAN BAY,9,451442,-805229,17,77.50,2017-05-22 04:32:00,2844,12.10,.00,,,0,71.500000,13C-PCB81,Resin:13C-PCB81,%,45.24500,-80.87472
201705001,2018-02-28 15:06:00,CCGS LIMNOS,GEORGIAN BAY,9,451442,-805229,17,77.50,2017-05-22 04:32:00,2844,12.10,.00,,,1,76.700000,13C-PCB81,Resin:13C-PCB81,%,45.24500,-80.87472
201705001,2018-02-28 15:06:00,CCGS LIMNOS,GEORGIAN BAY,9,451442,-805229,17,77.50,2017-05-22 04:32:00,2845,12.10,.00,,,0,68.200000,13C-PCB104,Resin:13C-PCB104,%,45.24500,-80.87472
201705001,2018-02-28 15:06:00,CCGS LIMNOS,GEORGIAN BAY,9,451442,-805229,17,77.50,2017-05-22 04:32:00,2845,12.10,.00,,,1,65.600000,13C-PCB104,Resin:13C-PCB104,%,45.24500,-80.87472
201705001,2018-02-28 15:06:00,CCGS LIMNOS,GEORGIAN BAY,9,451442,-805229,17,77.50,2017-05-22 04:32:00,2846,12.10,.00,,,0,74.400000,13C-PCB105,Resin:13C-PCB105,%,45.24500,-80.87472
201705001,2018-02-28 15:06:00,CCGS LIMNOS,GEORGIAN BAY,9,451442,-805229,17,77.50,2017-05-22 04:32:00,2846,12.10,.00,,,1,77.400000,13C-PCB105,Resin:13C-PCB105,%,45.24500,-80.87472
201705001,2018-02-28 15:06:00,CCGS LIMNOS,GEORGIAN BAY,9,451442,-805229,17,77.50,2017-05-22 04:32:00,2847,12.10,.00,,,0,74.500000,13C-PCB111,Resin:13C-PCB111,%,45.24500,-80.87472
201705001,2018-02-28 15:06:00,CCGS LIMNOS,GEORGIAN BAY,9,451442,-805229,17,77.50,2017-05-22 04:32:00,2847,12.10,.00,,,1,76.000000,13C-PCB111,Resin:13C-PCB111,%,45.24500,-80.87472
201705001,2018-02-28 15:06:00,CCGS LIMNOS,GEORGIAN BAY,9,451442,-805229,17,77.50,2017-05-22 04:32:00,2848,12.10,.00,,,0,74.700000,13C-PCB114,Resin:13C-PCB114,%,45.24500,-80.87472
201705001,2018-02-28 15:06:00,CCGS LIMNOS,GEORGIAN BAY,9,451442,-805229,17,77.50,2017-05-22 04:32:00,2848,12.10,.00,,,1,71.700000,13C-PCB114,Resin:13C-PCB114,%,45.24500,-80.87472
201705001,2018-02-28 15:06:00,CCGS LIMNOS,GEORGIAN BAY,9,451442,-805229,17,77.50,2017-05-22 04:32:00,2849,12.10,.00,,,0,76.800000,13C-PCB118,Resin:13C-PCB118,%,45.24500,-80.87472
201705001,2018-02-28 15:06:00,CCGS LIMNOS,GEORGIAN BAY,9,451442,-805229,17,77.50,2017-05-22 04:32:00,2849,12.10,.00,,,1,74.800000,13C-PCB118,Resin:13C-PCB118,%,45.24500,-80.87472
201705001,2018-02-28 15:06:00,CCGS LIMNOS,GEORGIAN BAY,9,451442,-805229,17,77.50,2017-05-22 04:32:00,2850,12.10,.00,,,0,77.000000,13C-PCB123,Resin:13C-PCB123,%,45.24500,-80.87472
201705001,2018-02-28 15:06:00,CCGS LIMNOS,GEORGIAN BAY,9,451442,-805229,17,77.50,2017-05-22 04:32:00,2850,12.10,.00,,,1,74.400000,13C-PCB123,Resin:13C-PCB123,%,45.24500,-80.87472
201705001,2018-02-28 15:06:00,CCGS LIMNOS,GEORGIAN BAY,9,451442,-805229,17,77.50,2017-05-22 04:32:00,2851,12.10,.00,,,0,70.200000,13C-PCB126,Resin:13C-PCB126,%,45.24500,-80.87472
201705001,2018-02-28 15:06:00,CCGS LIMNOS,GEORGIAN BAY,9,451442,-805229,17,77.50,2017-05-22 04:32:00,2851,12.10,.00,,,1,74.800000,13C-PCB126,Resin:13C-PCB126,%,45.24500,-80.87472
201705001,2018-02-28 15:06:00,CCGS LIMNOS,GEORGIAN BAY,9,451442,-805229,17,77.50,2017-05-22 04:32:00,2852,12.10,.00,,,0,103.000000,13C-PCB153,Resin:13C-PCB153,%,45.24500,-80.87472
201705001,2018-02-28 15:06:00,CCGS LIMNOS,GEORGIAN BAY,9,451442,-805229,17,77.50,2017-05-22 04:32:00,2852,12.10,.00,,,1,99.700000,13C-PCB153,Resin:13C-PCB153,%,45.24500,-80.87472
201705001,2018-02-28 15:06:00,CCGS LIMNOS,GEORGIAN BAY,9,451442,-805229,17,77.50,2017-05-22 04:32:00,2853,12.10,.00,,,0,76.400000,13C-PCB155,Resin:13C-PCB155,%,45.24500,-80.87472
201705001,2018-02-28 15:06:00,CCGS LIMNOS,GEORGIAN BAY,9,451442,-805229,17,77.50,2017-05-22 04:32:00,2853,12.10,.00,,,1,74.500000,13C-PCB155,Resin:13C-PCB155,%,45.24500,-80.87472
201705001,2018-02-28 15:06:00,CCGS LIMNOS,GEORGIAN BAY,9,451442,-805229,17,77.50,2017-05-22 04:32:00,2854,12.10,.00,,,0,79.000000,"13C-PCB156,157","Resin:13C-PCB156,157",%,45.24500,-80.87472
201705001,2018-02-28 15:06:00,CCGS LIMNOS,GEORGIAN BAY,9,451442,-805229,17,77.50,2017-05-22 04:32:00,2854,12.10,.00,,,1,79.300000,"13C-PCB156,157","Resin:13C-PCB156,157",%,45.24500,-80.87472
201705001,2018-02-28 15:06:00,CCGS LIMNOS,GEORGIAN BAY,9,451442,-805229,17,77.50,2017-05-22 04:32:00,2855,12.10,.00,,,0,78.200000,13C-PCB167,Resin:13C-PCB-167,%,45.24500,-80.87472
201705001,2018-02-28 15:06:00,CCGS LIMNOS,GEORGIAN BAY,9,451442,-805229,17,77.50,2017-05-22 04:32:00,2855,12.10,.00,,,1,79.900000,13C-PCB167,Resin:13C-PCB-167,%,45.24500,-80.87472
201705001,2018-02-28 15:06:00,CCGS LIMNOS,GEORGIAN BAY,9,451442,-805229,17,77.50,2017-05-22 04:32:00,2856,12.10,.00,,,0,75.400000,13C-PCB169,Resin:13C-PCB-169,%,45.24500,-80.87472
201705001,2018-02-28 15:06:00,CCGS LIMNOS,GEORGIAN BAY,9,451442,-805229,17,77.50,2017-05-22 04:32:00,2856,12.10,.00,,,1,80.400000,13C-PCB169,Resin:13C-PCB-169,%,45.24500,-80.87472
201705001,2018-02-28 15:06:00,CCGS LIMNOS,GEORGIAN BAY,9,451442,-805229,17,77.50,2017-05-22 04:32:00,2857,12.10,.00,,,0,91.100000,13C-PCB170,Resin:13C-PCB-170,%,45.24500,-80.87472
201705001,2018-02-28 15:06:00,CCGS LIMNOS,GEORGIAN BAY,9,451442,-805229,17,77.50,2017-05-22 04:32:00,2857,12.10,.00,,,1,101.000000,13C-PCB170,Resin:13C-PCB-170,%,45.24500,-80.87472
201705001,2018-02-28 15:06:00,CCGS LIMNOS,GEORGIAN BAY,9,451442,-805229,17,77.50,2017-05-22 04:32:00,2858,12.10,.00,,,0,76.300000,13C-PCB178,Resin:13C-PCB-178,%,45.24500,-80.87472
201705001,2018-02-28 15:06:00,CCGS LIMNOS,GEORGIAN BAY,9,451442,-805229,17,77.50,2017-05-22 04:32:00,2858,12.10,.00,,,1,80.300000,13C-PCB178,Resin:13C-PCB-178,%,45.24500,-80.87472
201705001,2018-02-28 15:06:00,CCGS LIMNOS,GEORGIAN BAY,9,451442,-805229,17,77.50,2017-05-22 04:32:00,2859,12.10,.00,,,0,95.600000,13C-PCB180,Resin:13C-PCB-180,%,45.24500,-80.87472
201705001,2018-02-28 15:06:00,CCGS LIMNOS,GEORGIAN BAY,9,451442,-805229,17,77.50,2017-05-22 04:32:00,2859,12.10,.00,,,1,103.000000,13C-PCB180,Resin:13C-PCB-180,%,45.24500,-80.87472
201705001,2018-02-28 15:06:00,CCGS LIMNOS,GEORGIAN BAY,9,451442,-805229,17,77.50,2017-05-22 04:32:00,2860,12.10,.00,,,0,78.200000,13C-PCB188,Resin:13C-PCB-188,%,45.24500,-80.87472
201705001,2018-02-28 15:06:00,CCGS LIMNOS,GEORGIAN BAY,9,451442,-805229,17,77.50,2017-05-22 04:32:00,2860,12.10,.00,,,1,78.500000,13C-PCB188,Resin:13C-PCB-188,%,45.24500,-80.87472
201705001,2018-02-28 15:06:00,CCGS LIMNOS,GEORGIAN BAY,9,451442,-805229,17,77.50,2017-05-22 04:32:00,2861,12.10,.00,,,0,85.700000,13C-PCB189,Resin:13C-PCB-189,%,45.24500,-80.87472
201705001,2018-02-28 15:06:00,CCGS LIMNOS,GEORGIAN BAY,9,451442,-805229,17,77.50,2017-05-22 04:32:00,2861,12.10,.00,,,1,86.300000,13C-PCB189,Resin:13C-PCB-189,%,45.24500,-80.87472
201705001,2018-02-28 15:06:00,CCGS LIMNOS,GEORGIAN BAY,9,451442,-805229,17,77.50,2017-05-22 04:32:00,2862,12.10,.00,,,0,60.200000,13C-PCB202,Resin:13C-PCB202,%,45.24500,-80.87472
201705001,2018-02-28 15:06:00,CCGS LIMNOS,GEORGIAN BAY,9,451442,-805229,17,77.50,2017-05-22 04:32:00,2862,12.10,.00,,,1,63.000000,13C-PCB202,Resin:13C-PCB202,%,45.24500,-80.87472
201705001,2018-02-28 15:06:00,CCGS LIMNOS,GEORGIAN BAY,9,451442,-805229,17,77.50,2017-05-22 04:32:00,2863,12.10,.00,,,0,81.500000,13C-PCB205,Resin:13C-PCB205,%,45.24500,-80.87472
201705001,2018-02-28 15:06:00,CCGS LIMNOS,GEORGIAN BAY,9,451442,-805229,17,77.50,2017-05-22 04:32:00,2863,12.10,.00,,,1,81.200000,13C-PCB205,Resin:13C-PCB205,%,45.24500,-80.87472
201705001,2018-02-28 15:06:00,CCGS LIMNOS,GEORGIAN BAY,9,451442,-805229,17,77.50,2017-05-22 04:32:00,2864,12.10,.00,,,0,71.100000,13C-PCB206,Resin:13-CPCB206,%,45.24500,-80.87472
201705001,2018-02-28 15:06:00,CCGS LIMNOS,GEORGIAN BAY,9,451442,-805229,17,77.50,2017-05-22 04:32:00,2864,12.10,.00,,,1,74.200000,13C-PCB206,Resin:13-CPCB206,%,45.24500,-80.87472
201705001,2018-02-28 15:06:00,CCGS LIMNOS,GEORGIAN BAY,9,451442,-805229,17,77.50,2017-05-22 04:32:00,2865,12.10,.00,,,0,76.600000,13C-PCB208,Resin:13-CPCB208,%,45.24500,-80.87472
201705001,2018-02-28 15:06:00,CCGS LIMNOS,GEORGIAN BAY,9,451442,-805229,17,77.50,2017-05-22 04:32:00,2865,12.10,.00,,,1,76.600000,13C-PCB208,Resin:13-CPCB208,%,45.24500,-80.87472
201705001,2018-02-28 15:06:00,CCGS LIMNOS,GEORGIAN BAY,9,451442,-805229,17,77.50,2017-05-22 04:32:00,2866,12.10,.00,,,0,63.100000,13C-PCB209,Resin:13C-PCB209,%,45.24500,-80.87472
201705001,2018-02-28 15:06:00,CCGS LIMNOS,GEORGIAN BAY,9,451442,-805229,17,77.50,2017-05-22 04:32:00,2866,12.10,.00,,,1,67.300000,13C-PCB209,Resin:13C-PCB209,%,45.24500,-80.87472
201705001,2018-02-28 15:06:00,CCGS LIMNOS,GEORGIAN BAY,9,451442,-805229,17,77.50,2017-05-22 04:32:00,2867,12.10,.00,,,0,78.500000,13C-PCB28,Resin:13C-PCB28,%,45.24500,-80.87472
201705001,2018-02-28 15:06:00,CCGS LIMNOS,GEORGIAN BAY,9,451442,-805229,17,77.50,2017-05-22 04:32:00,2867,12.10,.00,,,1,81.400000,13C-PCB28,Resin:13C-PCB28,%,45.24500,-80.87472
201705001,2018-02-28 15:06:00,CCGS LIMNOS,GEORGIAN BAY,9,451442,-805229,17,77.50,2017-05-22 04:32:00,2868,12.10,.00,,,0,87.100000,13C-PCB31,Resin:13C-PCB31,%,45.24500,-80.87472
201705001,2018-02-28 15:06:00,CCGS LIMNOS,GEORGIAN BAY,9,451442,-805229,17,77.50,2017-05-22 04:32:00,2868,12.10,.00,,,1,83.000000,13C-PCB31,Resin:13C-PCB31,%,45.24500,-80.87472
201705001,2018-02-28 15:06:00,CCGS LIMNOS,GEORGIAN BAY,9,451442,-805229,17,77.50,2017-05-22 04:32:00,2869,12.10,.00,,,0,86.900000,13C-PCB95,Resin:13C-PCB95,%,45.24500,-80.87472
201705001,2018-02-28 15:06:00,CCGS LIMNOS,GEORGIAN BAY,9,451442,-805229,17,77.50,2017-05-22 04:32:00,2869,12.10,.00,,,1,89.500000,13C-PCB95,Resin:13C-PCB95,%,45.24500,-80.87472
201705001,2018-02-28 15:06:00,CCGS LIMNOS,GEORGIAN BAY,9,451442,-805229,17,77.50,2017-05-22 04:32:00,2870,12.10,.00,,,0,465.000000,T_MCB,Resin:T_Monochlorobiphenyls,pg/sample,45.24500,-80.87472
201705001,2018-02-28 15:06:00,CCGS LIMNOS,GEORGIAN BAY,9,451442,-805229,17,77.50,2017-05-22 04:32:00,2870,12.10,.00,,,1,511.000000,T_MCB,Resin:T_Monochlorobiphenyls,pg/sample,45.24500,-80.87472
201705001,2018-02-28 15:06:00,CCGS LIMNOS,GEORGIAN BAY,9,451442,-805229,17,77.50,2017-05-22 04:32:00,2871,12.10,.00,,,0,547.000000,T_DCB,Resin:T_Dichlorobiphenyls,pg/sample,45.24500,-80.87472
201705001,2018-02-28 15:06:00,CCGS LIMNOS,GEORGIAN BAY,9,451442,-805229,17,77.50,2017-05-22 04:32:00,2871,12.10,.00,,,1,562.000000,T_DCB,Resin:T_Dichlorobiphenyls,pg/sample,45.24500,-80.87472
201705001,2018-02-28 15:06:00,CCGS LIMNOS,GEORGIAN BAY,9,451442,-805229,17,77.50,2017-05-22 04:32:00,2872,12.10,.00,,,0,678.000000,T_TCB,Resin:T_Trichlorobiphenyls,pg/sample,45.24500,-80.87472
201705001,2018-02-28 15:06:00,CCGS LIMNOS,GEORGIAN BAY,9,451442,-805229,17,77.50,2017-05-22 04:32:00,2872,12.10,.00,,,1,690.000000,T_TCB,Resin:T_Trichlorobiphenyls,pg/sample,45.24500,-80.87472
201705001,2018-02-28 15:06:00,CCGS LIMNOS,GEORGIAN BAY,9,451442,-805229,17,77.50,2017-05-22 04:32:00,2873,12.10,.00,,,0,1130.000000,T_TeCB,Resin:T_Tetrachlorobiphenyls,pg/sample,45.24500,-80.87472
201705001,2018-02-28 15:06:00,CCGS LIMNOS,GEORGIAN BAY,9,451442,-805229,17,77.50,2017-05-22 04:32:00,2873,12.10,.00,,,1,938.000000,T_TeCB,Resin:T_Tetrachlorobiphenyls,pg/sample,45.24500,-80.87472
201705001,2018-02-28 15:06:00,CCGS LIMNOS,GEORGIAN BAY,9,451442,-805229,17,77.50,2017-05-22 04:32:00,2874,12.10,.00,,,0,1170.000000,T_PCB,Resin:T_Pentachlorobiphenyls,pg/sample,45.24500,-80.87472
201705001,2018-02-28 15:06:00,CCGS LIMNOS,GEORGIAN BAY,9,451442,-805229,17,77.50,2017-05-22 04:32:00,2874,12.10,.00,,,1,1150.000000,T_PCB,Resin:T_Pentachlorobiphenyls,pg/sample,45.24500,-80.87472
201705001,2018-02-28 15:06:00,CCGS LIMNOS,GEORGIAN BAY,9,451442,-805229,17,77.50,2017-05-22 04:32:00,2875,12.10,.00,,,0,565.000000,T_HexCB,Resin:T_Hexachloro Biphenyls,pg/sample,45.24500,-80.87472
201705001,2018-02-28 15:06:00,CCGS LIMNOS,GEORGIAN BAY,9,451442,-805229,17,77.50,2017-05-22 04:32:00,2875,12.10,.00,,,1,564.000000,T_HexCB,Resin:T_Hexachloro Biphenyls,pg/sample,45.24500,-80.87472
201705001,2018-02-28 15:06:00,CCGS LIMNOS,GEORGIAN BAY,9,451442,-805229,17,77.50,2017-05-22 04:32:00,2876,12.10,.00,,,0,109.000000,T_HepCB,Resin:T_Heptachloro Biphenyls,pg/sample,45.24500,-80.87472
201705001,2018-02-28 15:06:00,CCGS LIMNOS,GEORGIAN BAY,9,451442,-805229,17,77.50,2017-05-22 04:32:00,2876,12.10,.00,,,1,135.000000,T_HepCB,Resin:T_Heptachloro Biphenyls,pg/sample,45.24500,-80.87472
201705001,2018-02-28 15:06:00,CCGS LIMNOS,GEORGIAN BAY,9,451442,-805229,17,77.50,2017-05-22 04:32:00,2877,12.10,.00,,,0,29.700000,T_OctCB,Resin:T_Octachloro Biphenyls,pg/sample,45.24500,-80.87472
201705001,2018-02-28 15:06:00,CCGS LIMNOS,GEORGIAN BAY,9,451442,-805229,17,77.50,2017-05-22 04:32:00,2877,12.10,.00,,,1,2.100000,T_OctCB,Resin:T_Octachloro Biphenyls,pg/sample,45.24500,-80.87472
201705001,2018-02-28 15:06:00,CCGS LIMNOS,GEORGIAN BAY,9,451442,-805229,17,77.50,2017-05-22 04:32:00,2878,12.10,.00,,,0,2.890000,T_NonCB,Resin:T_Nonachloro Biphenyls,pg/sample,45.24500,-80.87472
201705001,2018-02-28 15:06:00,CCGS LIMNOS,GEORGIAN BAY,9,451442,-805229,17,77.50,2017-05-22 04:32:00,2878,12.10,.00,,,1,15.200000,T_NonCB,Resin:T_Nonachloro Biphenyls,pg/sample,45.24500,-80.87472
201705001,2018-02-28 15:06:00,CCGS LIMNOS,GEORGIAN BAY,9,451442,-805229,17,77.50,2017-05-22 04:32:00,2879,12.10,.00,,,0,2.230000,DecaCB,Resin:Decachloro Biphenyl,pg/sample,45.24500,-80.87472
201705001,2018-02-28 15:06:00,CCGS LIMNOS,GEORGIAN BAY,9,451442,-805229,17,77.50,2017-05-22 04:32:00,2879,12.10,.00,,,1,18.100000,DecaCB,Resin:Decachloro Biphenyl,pg/sample,45.24500,-80.87472
201705001,2018-02-28 15:06:00,CCGS LIMNOS,GEORGIAN BAY,9,451442,-805229,17,77.50,2017-05-22 04:32:00,2880,12.10,.00,,,0,4700.000000,TcPCB,Resin:TOTALcPCB,pg/sample,45.24500,-80.87472
201705001,2018-02-28 15:06:00,CCGS LIMNOS,GEORGIAN BAY,9,451442,-805229,17,77.50,2017-05-22 04:32:00,2880,12.10,.00,,,1,4580.000000,TcPCB,Resin:TOTALcPCB,pg/sample,45.24500,-80.87472
201705001,2018-02-28 15:06:00,CCGS LIMNOS,GEORGIAN BAY,9,451442,-805229,17,77.50,2017-05-22 04:32:00,2881,12.10,.00,,,0,.005650,TOTAL TEQ (TEQ ND=0),Resin:TOTAL TEQ (TEQ ND=0),pg/sample,45.24500,-80.87472
201705001,2018-02-28 15:06:00,CCGS LIMNOS,GEORGIAN BAY,9,451442,-805229,17,77.50,2017-05-22 04:32:00,2881,12.10,.00,,,1,.006970,TOTAL TEQ (TEQ ND=0),Resin:TOTAL TEQ (TEQ ND=0),pg/sample,45.24500,-80.87472
201705001,2018-02-28 15:06:00,CCGS LIMNOS,GEORGIAN BAY,9,451442,-805229,17,77.50,2017-05-22 04:32:00,2882,12.10,.00,,,0,.072200,TOTAL TEQ (TEQ ND=1/2 DL),Resin:TOTAL TEQ (TEQ ND=1/2 DL),pg/sample,45.24500,-80.87472
201705001,2018-02-28 15:06:00,CCGS LIMNOS,GEORGIAN BAY,9,451442,-805229,17,77.50,2017-05-22 04:32:00,2882,12.10,.00,,,1,.076100,TOTAL TEQ (TEQ ND=1/2 DL),Resin:TOTAL TEQ (TEQ ND=1/2 DL),pg/sample,45.24500,-80.87472
201705001,2018-02-28 15:06:00,CCGS LIMNOS,GEORGIAN BAY,9,451442,-805229,17,77.50,2017-05-22 04:32:00,2883,12.10,.00,2.00000000,<,0,2.000000,a-HBCDD,Resin:ALPHA-HBCDD,ng/sample,45.24500,-80.87472
201705001,2018-02-28 15:06:00,CCGS LIMNOS,GEORGIAN BAY,9,451442,-805229,17,77.50,2017-05-22 04:32:00,2883,12.10,.00,2.00000000,<,1,2.000000,a-HBCDD,Resin:ALPHA-HBCDD,ng/sample,45.24500,-80.87472
201705001,2018-02-28 15:06:00,CCGS LIMNOS,GEORGIAN BAY,9,451442,-805229,17,77.50,2017-05-22 04:32:00,2884,12.10,.00,2.00000000,<,0,2.000000,b-HBCDD,Resin:BETA-HBCDD,ng/sample,45.24500,-80.87472
201705001,2018-02-28 15:06:00,CCGS LIMNOS,GEORGIAN BAY,9,451442,-805229,17,77.50,2017-05-22 04:32:00,2884,12.10,.00,2.00000000,<,1,2.000000,b-HBCDD,Resin:BETA-HBCDD,ng/sample,45.24500,-80.87472
201705001,2018-02-28 15:06:00,CCGS LIMNOS,GEORGIAN BAY,9,451442,-805229,17,77.50,2017-05-22 04:32:00,2885,12.10,.00,2.00000000,<,0,2.000000,g-HBCDD,Resin:GAMMA-HBCDD,ng/sample,45.24500,-80.87472
201705001,2018-02-28 15:06:00,CCGS LIMNOS,GEORGIAN BAY,9,451442,-805229,17,77.50,2017-05-22 04:32:00,2885,12.10,.00,2.00000000,<,1,2.000000,g-HBCDD,Resin:GAMMA-HBCDD,ng/sample,45.24500,-80.87472
201705001,2018-02-28 15:06:00,CCGS LIMNOS,GEORGIAN BAY,9,451442,-805229,17,77.50,2017-05-22 04:32:00,2886,12.10,.00,,,0,119.000000,13C-a-HBCDD,Resin:13C-alpha-HBCDD,%,45.24500,-80.87472
201705001,2018-02-28 15:06:00,CCGS LIMNOS,GEORGIAN BAY,9,451442,-805229,17,77.50,2017-05-22 04:32:00,2886,12.10,.00,,,1,127.000000,13C-a-HBCDD,Resin:13C-alpha-HBCDD,%,45.24500,-80.87472
201705001,2018-02-28 15:06:00,CCGS LIMNOS,GEORGIAN BAY,9,451442,-805229,17,77.50,2017-05-22 04:32:00,2887,12.10,.00,,,0,107.000000,13C-b-HBCDD,Resin:13C-beta-HBCDD,%,45.24500,-80.87472
201705001,2018-02-28 15:06:00,CCGS LIMNOS,GEORGIAN BAY,9,451442,-805229,17,77.50,2017-05-22 04:32:00,2887,12.10,.00,,,1,130.000000,13C-b-HBCDD,Resin:13C-beta-HBCDD,%,45.24500,-80.87472
201705001,2018-02-28 15:06:00,CCGS LIMNOS,GEORGIAN BAY,9,451442,-805229,17,77.50,2017-05-22 04:32:00,2888,12.10,.00,,,0,122.000000,13C-g-HBCDD,Resin:13C-gamma-HBCDD,%,45.24500,-80.87472
201705001,2018-02-28 15:06:00,CCGS LIMNOS,GEORGIAN BAY,9,451442,-805229,17,77.50,2017-05-22 04:32:00,2888,12.10,.00,,,1,138.000000,13C-g-HBCDD,Resin:13C-gamma-HBCDD,%,45.24500,-80.87472
201705001,2018-02-28 15:06:00,CCGS LIMNOS,GEORGIAN BAY,9,451442,-805229,17,77.50,2017-05-22 04:32:00,2889,12.10,.00,0.10000000,,0,2.870000,HCB,Resin:Hexachlorobenzene,ng/sample,45.24500,-80.87472
201705001,2018-02-28 15:06:00,CCGS LIMNOS,GEORGIAN BAY,9,451442,-805229,17,77.50,2017-05-22 04:32:00,2889,12.10,.00,0.10000000,,1,2.970000,HCB,Resin:Hexachlorobenzene,ng/sample,45.24500,-80.87472
201705001,2018-02-28 15:06:00,CCGS LIMNOS,GEORGIAN BAY,9,451442,-805229,17,77.50,2017-05-22 04:32:00,2890,12.10,.00,0.20000000,,0,4.930000,A-HCH,"Resin:HCH, alpha",ng/sample,45.24500,-80.87472
201705001,2018-02-28 15:06:00,CCGS LIMNOS,GEORGIAN BAY,9,451442,-805229,17,77.50,2017-05-22 04:32:00,2890,12.10,.00,0.20000000,,1,5.350000,A-HCH,"Resin:HCH, alpha",ng/sample,45.24500,-80.87472
201705001,2018-02-28 15:06:00,CCGS LIMNOS,GEORGIAN BAY,9,451442,-805229,17,77.50,2017-05-22 04:32:00,2891,12.10,.00,0.20000000,T,0,.734000,B-HCH,"Resin:HCH, beta",ng/sample,45.24500,-80.87472
201705001,2018-02-28 15:06:00,CCGS LIMNOS,GEORGIAN BAY,9,451442,-805229,17,77.50,2017-05-22 04:32:00,2891,12.10,.00,0.20000000,T,1,.708000,B-HCH,"Resin:HCH, beta",ng/sample,45.24500,-80.87472
201705001,2018-02-28 15:06:00,CCGS LIMNOS,GEORGIAN BAY,9,451442,-805229,17,77.50,2017-05-22 04:32:00,2892,12.10,.00,0.20000000,T,0,2.050000,G-HCH,"Resin:HCH, gamma",ng/sample,45.24500,-80.87472
201705001,2018-02-28 15:06:00,CCGS LIMNOS,GEORGIAN BAY,9,451442,-805229,17,77.50,2017-05-22 04:32:00,2892,12.10,.00,0.20000000,T,1,2.100000,G-HCH,"Resin:HCH, gamma",ng/sample,45.24500,-80.87472
201705001,2018-02-28 15:06:00,CCGS LIMNOS,GEORGIAN BAY,9,451442,-805229,17,77.50,2017-05-22 04:32:00,2893,12.10,.00,0.20000000,<,0,.039500,HEP,Resin:Heptachlor ,ng/sample,45.24500,-80.87472
201705001,2018-02-28 15:06:00,CCGS LIMNOS,GEORGIAN BAY,9,451442,-805229,17,77.50,2017-05-22 04:32:00,2893,12.10,.00,0.20000000,<,1,.039800,HEP,Resin:Heptachlor ,ng/sample,45.24500,-80.87472
201705001,2018-02-28 15:06:00,CCGS LIMNOS,GEORGIAN BAY,9,451442,-805229,17,77.50,2017-05-22 04:32:00,2894,12.10,.00,0.20000000,<,0,.039500,ALD,Resin:Aldrin,ng/sample,45.24500,-80.87472
201705001,2018-02-28 15:06:00,CCGS LIMNOS,GEORGIAN BAY,9,451442,-805229,17,77.50,2017-05-22 04:32:00,2894,12.10,.00,0.20000000,<,1,.039800,ALD,Resin:Aldrin,ng/sample,45.24500,-80.87472
201705001,2018-02-28 15:06:00,CCGS LIMNOS,GEORGIAN BAY,9,451442,-805229,17,77.50,2017-05-22 04:32:00,2895,12.10,.00,0.20000000,T,0,.153000,OXY-CHLOR,"Resin:Chlordane, oxy-",ng/sample,45.24500,-80.87472
201705001,2018-02-28 15:06:00,CCGS LIMNOS,GEORGIAN BAY,9,451442,-805229,17,77.50,2017-05-22 04:32:00,2895,12.10,.00,0.20000000,T,1,.141000,OXY-CHLOR,"Resin:Chlordane, oxy-",ng/sample,45.24500,-80.87472
201705001,2018-02-28 15:06:00,CCGS LIMNOS,GEORGIAN BAY,9,451442,-805229,17,77.50,2017-05-22 04:32:00,2897,12.10,.00,0.20000000,T,0,.239000,A-CHLOR,"Resin:Chlordane, alpha (cis)",ng/sample,45.24500,-80.87472
201705001,2018-02-28 15:06:00,CCGS LIMNOS,GEORGIAN BAY,9,451442,-805229,17,77.50,2017-05-22 04:32:00,2897,12.10,.00,0.20000000,T,1,.251000,A-CHLOR,"Resin:Chlordane, alpha (cis)",ng/sample,45.24500,-80.87472
201705001,2018-02-28 15:06:00,CCGS LIMNOS,GEORGIAN BAY,9,451442,-805229,17,77.50,2017-05-22 04:32:00,2898,12.10,.00,0.20000000,T,0,.230000,T-NONCHLOR,"Resin:Nonachlor, trans- ",ng/sample,45.24500,-80.87472
201705001,2018-02-28 15:06:00,CCGS LIMNOS,GEORGIAN BAY,9,451442,-805229,17,77.50,2017-05-22 04:32:00,2899,12.10,.00,0.20000000,T,1,.116000,C-NONCHLOR,"Resin:Nonachlor, cis-",ng/sample,45.24500,-80.87472
201705001,2018-02-28 15:06:00,CCGS LIMNOS,GEORGIAN BAY,9,451442,-805229,17,77.50,2017-05-22 04:32:00,2900,12.10,.00,0.20000000,T,1,.047000,OP-DDD,"Resin:2,4'-DDD ",ng/sample,45.24500,-80.87472
201705001,2018-02-28 15:06:00,CCGS LIMNOS,GEORGIAN BAY,9,451442,-805229,17,77.50,2017-05-22 04:32:00,2901,12.10,.00,0.20000000,T,0,.138000,PP-DDD,"Resin:4,4'-DDD ",ng/sample,45.24500,-80.87472
201705001,2018-02-28 15:06:00,CCGS LIMNOS,GEORGIAN BAY,9,451442,-805229,17,77.50,2017-05-22 04:32:00,2901,12.10,.00,0.20000000,T,1,.137000,PP-DDD,"Resin:4,4'-DDD ",ng/sample,45.24500,-80.87472
201705001,2018-02-28 15:06:00,CCGS LIMNOS,GEORGIAN BAY,9,451442,-805229,17,77.50,2017-05-22 04:32:00,2902,12.10,.00,0.20000000,<,0,.039500,OP-DDE,"Resin:2,4'-DDE ",ng/sample,45.24500,-80.87472
201705001,2018-02-28 15:06:00,CCGS LIMNOS,GEORGIAN BAY,9,451442,-805229,17,77.50,2017-05-22 04:32:00,2902,12.10,.00,0.20000000,<,1,.039800,OP-DDE,"Resin:2,4'-DDE ",ng/sample,45.24500,-80.87472
201705001,2018-02-28 15:06:00,CCGS LIMNOS,GEORGIAN BAY,9,451442,-805229,17,77.50,2017-05-22 04:32:00,2903,12.10,.00,0.20000000,T,0,.276000,PP-DDE,"Resin:4,4'-DDE ",ng/sample,45.24500,-80.87472
201705001,2018-02-28 15:06:00,CCGS LIMNOS,GEORGIAN BAY,9,451442,-805229,17,77.50,2017-05-22 04:32:00,2903,12.10,.00,0.20000000,T,1,.286000,PP-DDE,"Resin:4,4'-DDE ",ng/sample,45.24500,-80.87472
201705001,2018-02-28 15:06:00,CCGS LIMNOS,GEORGIAN BAY,9,451442,-805229,17,77.50,2017-05-22 04:32:00,2905,12.10,.00,0.20000000,T,0,.293000,PP-DDT,"Resin:4,4'-DDT ",ng/sample,45.24500,-80.87472
201705001,2018-02-28 15:06:00,CCGS LIMNOS,GEORGIAN BAY,9,451442,-805229,17,77.50,2017-05-22 04:32:00,2905,12.10,.00,0.20000000,T,1,.374000,PP-DDT,"Resin:4,4'-DDT ",ng/sample,45.24500,-80.87472
201705001,2018-02-28 15:06:00,CCGS LIMNOS,GEORGIAN BAY,9,451442,-805229,17,77.50,2017-05-22 04:32:00,2906,12.10,.00,,T,1,.976000,HCBD,Resin:Hexachlorobutadiene,ng/sample,45.24500,-80.87472
201705001,2018-02-28 15:06:00,CCGS LIMNOS,GEORGIAN BAY,9,451442,-805229,17,77.50,2017-05-22 04:32:00,2907,12.10,.00,,<,0,.039500,OCSTRN,Resin:Octachlorostyrene,ng/sample,45.24500,-80.87472
201705001,2018-02-28 15:06:00,CCGS LIMNOS,GEORGIAN BAY,9,451442,-805229,17,77.50,2017-05-22 04:32:00,2907,12.10,.00,,<,1,.039800,OCSTRN,Resin:Octachlorostyrene,ng/sample,45.24500,-80.87472
201705001,2018-02-28 15:06:00,CCGS LIMNOS,GEORGIAN BAY,9,451442,-805229,17,77.50,2017-05-22 04:32:00,2908,12.10,.00,,T,0,1.090000,P5CB,Resin:Pentachlorobenzene,ng/sample,45.24500,-80.87472
201705001,2018-02-28 15:06:00,CCGS LIMNOS,GEORGIAN BAY,9,451442,-805229,17,77.50,2017-05-22 04:32:00,2908,12.10,.00,,T,1,1.070000,P5CB,Resin:Pentachlorobenzene,ng/sample,45.24500,-80.87472
201705001,2018-02-28 15:06:00,CCGS LIMNOS,GEORGIAN BAY,9,451442,-805229,17,77.50,2017-05-22 04:32:00,2909,12.10,.00,0.20000000,<,0,.039500,MIR,Resin:Mirex ,ng/sample,45.24500,-80.87472
201705001,2018-02-28 15:06:00,CCGS LIMNOS,GEORGIAN BAY,9,451442,-805229,17,77.50,2017-05-22 04:32:00,2909,12.10,.00,0.20000000,<,1,.039800,MIR,Resin:Mirex ,ng/sample,45.24500,-80.87472
201705001,2018-02-28 15:06:00,CCGS LIMNOS,GEORGIAN BAY,9,451442,-805229,17,77.50,2017-05-22 04:32:00,2910,12.10,.00,0.50000000,<,0,.197000,D-HCH,"Resin:HCH, delta",ng/sample,45.24500,-80.87472
201705001,2018-02-28 15:06:00,CCGS LIMNOS,GEORGIAN BAY,9,451442,-805229,17,77.50,2017-05-22 04:32:00,2910,12.10,.00,0.50000000,<,1,.199000,D-HCH,"Resin:HCH, delta",ng/sample,45.24500,-80.87472
201705001,2018-02-28 15:06:00,CCGS LIMNOS,GEORGIAN BAY,9,451442,-805229,17,77.50,2017-05-22 04:32:00,2911,12.10,.00,0.50000000,T,0,1.280000,HEX,Resin:Heptachlor Epoxide,ng/sample,45.24500,-80.87472
201705001,2018-02-28 15:06:00,CCGS LIMNOS,GEORGIAN BAY,9,451442,-805229,17,77.50,2017-05-22 04:32:00,2911,12.10,.00,0.50000000,T,1,1.350000,HEX,Resin:Heptachlor Epoxide,ng/sample,45.24500,-80.87472
201705001,2018-02-28 15:06:00,CCGS LIMNOS,GEORGIAN BAY,9,451442,-805229,17,77.50,2017-05-22 04:32:00,2913,12.10,.00,0.50000000,,0,4.430000,DIELDRIN,Resin:Dieldrin,ng/sample,45.24500,-80.87472
201705001,2018-02-28 15:06:00,CCGS LIMNOS,GEORGIAN BAY,9,451442,-805229,17,77.50,2017-05-22 04:32:00,2913,12.10,.00,0.50000000,,1,4.660000,DIELDRIN,Resin:Dieldrin,ng/sample,45.24500,-80.87472
201705001,2018-02-28 15:06:00,CCGS LIMNOS,GEORGIAN BAY,9,451442,-805229,17,77.50,2017-05-22 04:32:00,2914,12.10,.00,0.50000000,<,0,.197000,END,Resin:Endrin,ng/sample,45.24500,-80.87472
201705001,2018-02-28 15:06:00,CCGS LIMNOS,GEORGIAN BAY,9,451442,-805229,17,77.50,2017-05-22 04:32:00,2914,12.10,.00,0.50000000,<,1,.199000,END,Resin:Endrin,ng/sample,45.24500,-80.87472
201705001,2018-02-28 15:06:00,CCGS LIMNOS,GEORGIAN BAY,9,451442,-805229,17,77.50,2017-05-22 04:32:00,2916,12.10,.00,0.50000000,T,0,6.340000,ENDO-SUL,Resin:Endosulfan Sulphate,ng/sample,45.24500,-80.87472
201705001,2018-02-28 15:06:00,CCGS LIMNOS,GEORGIAN BAY,9,451442,-805229,17,77.50,2017-05-22 04:32:00,2916,12.10,.00,0.50000000,T,1,6.050000,ENDO-SUL,Resin:Endosulfan Sulphate,ng/sample,45.24500,-80.87472
201705001,2018-02-28 15:06:00,CCGS LIMNOS,GEORGIAN BAY,9,451442,-805229,17,77.50,2017-05-22 04:32:00,2917,12.10,.00,0.50000000,<,0,.197000,ENE,Resin:Endrin Aldehyde,ng/sample,45.24500,-80.87472
201705001,2018-02-28 15:06:00,CCGS LIMNOS,GEORGIAN BAY,9,451442,-805229,17,77.50,2017-05-22 04:32:00,2917,12.10,.00,0.50000000,<,1,.199000,ENE,Resin:Endrin Aldehyde,ng/sample,45.24500,-80.87472
201705001,2018-02-28 15:06:00,CCGS LIMNOS,GEORGIAN BAY,9,451442,-805229,17,77.50,2017-05-22 04:32:00,2918,12.10,.00,0.50000000,<,0,.197000,END-KETO,Resin:Endrin Ketone,ng/sample,45.24500,-80.87472
201705001,2018-02-28 15:06:00,CCGS LIMNOS,GEORGIAN BAY,9,451442,-805229,17,77.50,2017-05-22 04:32:00,2918,12.10,.00,0.50000000,<,1,.199000,END-KETO,Resin:Endrin Ketone,ng/sample,45.24500,-80.87472
201705001,2018-02-28 15:06:00,CCGS LIMNOS,GEORGIAN BAY,9,451442,-805229,17,77.50,2017-05-22 04:32:00,2919,12.10,.00,1.00000000,<,0,.395000,MEY,Resin:Methoxychlor,ng/sample,45.24500,-80.87472
201705001,2018-02-28 15:06:00,CCGS LIMNOS,GEORGIAN BAY,9,451442,-805229,17,77.50,2017-05-22 04:32:00,2919,12.10,.00,1.00000000,<,1,.398000,MEY,Resin:Methoxychlor,ng/sample,45.24500,-80.87472
201705001,2018-02-28 15:06:00,CCGS LIMNOS,GEORGIAN BAY,9,451442,-805229,17,77.50,2017-05-22 04:32:00,2920,12.10,.00,,,0,35.200000,13C-HCB,Resin:13C6-hexachlorobenzene,%,45.24500,-80.87472
201705001,2018-02-28 15:06:00,CCGS LIMNOS,GEORGIAN BAY,9,451442,-805229,17,77.50,2017-05-22 04:32:00,2920,12.10,.00,,,1,48.300000,13C-HCB,Resin:13C6-hexachlorobenzene,%,45.24500,-80.87472
201705001,2018-02-28 15:06:00,CCGS LIMNOS,GEORGIAN BAY,9,451442,-805229,17,77.50,2017-05-22 04:32:00,2921,12.10,.00,,,0,62.200000,13C-B-HCH,Resin:13C6-beta-HCH,%,45.24500,-80.87472
201705001,2018-02-28 15:06:00,CCGS LIMNOS,GEORGIAN BAY,9,451442,-805229,17,77.50,2017-05-22 04:32:00,2921,12.10,.00,,,1,60.500000,13C-B-HCH,Resin:13C6-beta-HCH,%,45.24500,-80.87472
201705001,2018-02-28 15:06:00,CCGS LIMNOS,GEORGIAN BAY,9,451442,-805229,17,77.50,2017-05-22 04:32:00,2922,12.10,.00,,,0,52.200000,13C-G-HCH,Resin:13C6-gamma-HCH,%,45.24500,-80.87472
201705001,2018-02-28 15:06:00,CCGS LIMNOS,GEORGIAN BAY,9,451442,-805229,17,77.50,2017-05-22 04:32:00,2922,12.10,.00,,,1,58.400000,13C-G-HCH,Resin:13C6-gamma-HCH,%,45.24500,-80.87472
201705001,2018-02-28 15:06:00,CCGS LIMNOS,GEORGIAN BAY,9,451442,-805229,17,77.50,2017-05-22 04:32:00,2923,12.10,.00,,,0,70.900000,13C-HEP,Resin:13C10-Heptachlor,%,45.24500,-80.87472
201705001,2018-02-28 15:06:00,CCGS LIMNOS,GEORGIAN BAY,9,451442,-805229,17,77.50,2017-05-22 04:32:00,2923,12.10,.00,,,1,79.200000,13C-HEP,Resin:13C10-Heptachlor,%,45.24500,-80.87472
201705001,2018-02-28 15:06:00,CCGS LIMNOS,GEORGIAN BAY,9,451442,-805229,17,77.50,2017-05-22 04:32:00,2924,12.10,.00,,,0,53.600000,13C-ALD,Resin:13C12-Aldrin,%,45.24500,-80.87472
201705001,2018-02-28 15:06:00,CCGS LIMNOS,GEORGIAN BAY,9,451442,-805229,17,77.50,2017-05-22 04:32:00,2924,12.10,.00,,,1,60.000000,13C-ALD,Resin:13C12-Aldrin,%,45.24500,-80.87472
201705001,2018-02-28 15:06:00,CCGS LIMNOS,GEORGIAN BAY,9,451442,-805229,17,77.50,2017-05-22 04:32:00,2925,12.10,.00,,,0,78.800000,13C-OXY-CHLOR,Resin:13C10-Oxychlordane,%,45.24500,-80.87472
201705001,2018-02-28 15:06:00,CCGS LIMNOS,GEORGIAN BAY,9,451442,-805229,17,77.50,2017-05-22 04:32:00,2925,12.10,.00,,,1,74.100000,13C-OXY-CHLOR,Resin:13C10-Oxychlordane,%,45.24500,-80.87472
201705001,2018-02-28 15:06:00,CCGS LIMNOS,GEORGIAN BAY,9,451442,-805229,17,77.50,2017-05-22 04:32:00,2926,12.10,.00,,,0,72.400000,13C-T-CHLO,Resin:13C10-trans-Chlordane,%,45.24500,-80.87472
201705001,2018-02-28 15:06:00,CCGS LIMNOS,GEORGIAN BAY,9,451442,-805229,17,77.50,2017-05-22 04:32:00,2926,12.10,.00,,,1,72.800000,13C-T-CHLO,Resin:13C10-trans-Chlordane,%,45.24500,-80.87472
201705001,2018-02-28 15:06:00,CCGS LIMNOS,GEORGIAN BAY,9,451442,-805229,17,77.50,2017-05-22 04:32:00,2927,12.10,.00,,,0,75.500000,13C-T-NONCHLOR,Resin:13C10-trans-Nonachlor,%,45.24500,-80.87472
201705001,2018-02-28 15:06:00,CCGS LIMNOS,GEORGIAN BAY,9,451442,-805229,17,77.50,2017-05-22 04:32:00,2927,12.10,.00,,,1,74.000000,13C-T-NONCHLOR,Resin:13C10-trans-Nonachlor,%,45.24500,-80.87472
201705001,2018-02-28 15:06:00,CCGS LIMNOS,GEORGIAN BAY,9,451442,-805229,17,77.50,2017-05-22 04:32:00,2928,12.10,.00,,,0,81.400000,13C-C-NONCHLOR,Resin:13C10-cis-Nonachlor,%,45.24500,-80.87472
201705001,2018-02-28 15:06:00,CCGS LIMNOS,GEORGIAN BAY,9,451442,-805229,17,77.50,2017-05-22 04:32:00,2928,12.10,.00,,,1,82.100000,13C-C-NONCHLOR,Resin:13C10-cis-Nonachlor,%,45.24500,-80.87472
201705001,2018-02-28 15:06:00,CCGS LIMNOS,GEORGIAN BAY,9,451442,-805229,17,77.50,2017-05-22 04:32:00,2929,12.10,.00,,,0,74.000000,13C-OP-DDE,"Resin:13C12-o,p'-DDE",%,45.24500,-80.87472
201705001,2018-02-28 15:06:00,CCGS LIMNOS,GEORGIAN BAY,9,451442,-805229,17,77.50,2017-05-22 04:32:00,2929,12.10,.00,,,1,74.100000,13C-OP-DDE,"Resin:13C12-o,p'-DDE",%,45.24500,-80.87472
201705001,2018-02-28 15:06:00,CCGS LIMNOS,GEORGIAN BAY,9,451442,-805229,17,77.50,2017-05-22 04:32:00,2930,12.10,.00,,,0,76.100000,13C-PP-DDE,"Resin:13C12-p,p'-DDE",%,45.24500,-80.87472
201705001,2018-02-28 15:06:00,CCGS LIMNOS,GEORGIAN BAY,9,451442,-805229,17,77.50,2017-05-22 04:32:00,2930,12.10,.00,,,1,76.300000,13C-PP-DDE,"Resin:13C12-p,p'-DDE",%,45.24500,-80.87472
201705001,2018-02-28 15:06:00,CCGS LIMNOS,GEORGIAN BAY,9,451442,-805229,17,77.50,2017-05-22 04:32:00,2931,12.10,.00,,,0,92.500000,13C-PP-DDD,"Resin:13C12-p,p'-DDD",%,45.24500,-80.87472
201705001,2018-02-28 15:06:00,CCGS LIMNOS,GEORGIAN BAY,9,451442,-805229,17,77.50,2017-05-22 04:32:00,2931,12.10,.00,,,1,90.200000,13C-PP-DDD,"Resin:13C12-p,p'-DDD",%,45.24500,-80.87472
201705001,2018-02-28 15:06:00,CCGS LIMNOS,GEORGIAN BAY,9,451442,-805229,17,77.50,2017-05-22 04:32:00,2932,12.10,.00,,,0,95.900000,13C-OP-DDT,"Resin:13C12-o,p'-DDT",%,45.24500,-80.87472
201705001,2018-02-28 15:06:00,CCGS LIMNOS,GEORGIAN BAY,9,451442,-805229,17,77.50,2017-05-22 04:32:00,2932,12.10,.00,,,1,92.500000,13C-OP-DDT,"Resin:13C12-o,p'-DDT",%,45.24500,-80.87472
201705001,2018-02-28 15:06:00,CCGS LIMNOS,GEORGIAN BAY,9,451442,-805229,17,77.50,2017-05-22 04:32:00,2933,12.10,.00,,,0,105.000000,13C-PP-DDT,"Resin:13C12-p,p'-DDT",%,45.24500,-80.87472
201705001,2018-02-28 15:06:00,CCGS LIMNOS,GEORGIAN BAY,9,451442,-805229,17,77.50,2017-05-22 04:32:00,2933,12.10,.00,,,1,104.000000,13C-PP-DDT,"Resin:13C12-p,p'-DDT",%,45.24500,-80.87472
201705001,2018-02-28 15:06:00,CCGS LIMNOS,GEORGIAN BAY,9,451442,-805229,17,77.50,2017-05-22 04:32:00,2934,12.10,.00,,,0,91.100000,13C-MIR,Resin:13C12-Mirex,%,45.24500,-80.87472
201705001,2018-02-28 15:06:00,CCGS LIMNOS,GEORGIAN BAY,9,451442,-805229,17,77.50,2017-05-22 04:32:00,2934,12.10,.00,,,1,90.500000,13C-MIR,Resin:13C12-Mirex,%,45.24500,-80.87472
201705001,2018-02-28 15:06:00,CCGS LIMNOS,GEORGIAN BAY,9,451442,-805229,17,77.50,2017-05-22 04:32:00,2935,12.10,.00,,,0,94.800000,13C-CIS-HEX,Resin:13C10-cis-Heptachlor epoxide,%,45.24500,-80.87472
201705001,2018-02-28 15:06:00,CCGS LIMNOS,GEORGIAN BAY,9,451442,-805229,17,77.50,2017-05-22 04:32:00,2935,12.10,.00,,,1,95.600000,13C-CIS-HEX,Resin:13C10-cis-Heptachlor epoxide,%,45.24500,-80.87472
201705001,2018-02-28 15:06:00,CCGS LIMNOS,GEORGIAN BAY,9,451442,-805229,17,77.50,2017-05-22 04:32:00,2936,12.10,.00,,,0,84.700000,13C-A-ENDO,Resin:13C9-alpha-Endosulfan,%,45.24500,-80.87472
201705001,2018-02-28 15:06:00,CCGS LIMNOS,GEORGIAN BAY,9,451442,-805229,17,77.50,2017-05-22 04:32:00,2936,12.10,.00,,,1,88.500000,13C-A-ENDO,Resin:13C9-alpha-Endosulfan,%,45.24500,-80.87472
201705001,2018-02-28 15:06:00,CCGS LIMNOS,GEORGIAN BAY,9,451442,-805229,17,77.50,2017-05-22 04:32:00,2937,12.10,.00,,,0,84.600000,13C-D-HCH,Resin:13C6-delta-HCH,%,45.24500,-80.87472
201705001,2018-02-28 15:06:00,CCGS LIMNOS,GEORGIAN BAY,9,451442,-805229,17,77.50,2017-05-22 04:32:00,2937,12.10,.00,,,1,92.800000,13C-D-HCH,Resin:13C6-delta-HCH,%,45.24500,-80.87472
201705001,2018-02-28 15:06:00,CCGS LIMNOS,GEORGIAN BAY,9,451442,-805229,17,77.50,2017-05-22 04:32:00,2938,12.10,.00,,,0,90.900000,13C-DIELDRIN,Resin:13C12-Dieldrin,%,45.24500,-80.87472
201705001,2018-02-28 15:06:00,CCGS LIMNOS,GEORGIAN BAY,9,451442,-805229,17,77.50,2017-05-22 04:32:00,2938,12.10,.00,,,1,89.600000,13C-DIELDRIN,Resin:13C12-Dieldrin,%,45.24500,-80.87472
201705001,2018-02-28 15:06:00,CCGS LIMNOS,GEORGIAN BAY,9,451442,-805229,17,77.50,2017-05-22 04:32:00,2939,12.10,.00,,,0,117.000000,13C-ENDRIN,Resin:13C12-Endrin,%,45.24500,-80.87472
201705001,2018-02-28 15:06:00,CCGS LIMNOS,GEORGIAN BAY,9,451442,-805229,17,77.50,2017-05-22 04:32:00,2939,12.10,.00,,,1,125.000000,13C-ENDRIN,Resin:13C12-Endrin,%,45.24500,-80.87472
201705001,2018-02-28 15:06:00,CCGS LIMNOS,GEORGIAN BAY,9,451442,-805229,17,77.50,2017-05-22 04:32:00,2940,12.10,.00,,,0,82.000000,13C-ENE,Resin:13C12-Endrin aldehyde,%,45.24500,-80.87472
201705001,2018-02-28 15:06:00,CCGS LIMNOS,GEORGIAN BAY,9,451442,-805229,17,77.50,2017-05-22 04:32:00,2940,12.10,.00,,,1,74.600000,13C-ENE,Resin:13C12-Endrin aldehyde,%,45.24500,-80.87472
201705001,2018-02-28 15:06:00,CCGS LIMNOS,GEORGIAN BAY,9,451442,-805229,17,77.50,2017-05-22 04:32:00,2941,12.10,.00,,,0,120.000000,13C-MEY,Resin:13C12-Methoxychlor,%,45.24500,-80.87472
201705001,2018-02-28 15:06:00,CCGS LIMNOS,GEORGIAN BAY,9,451442,-805229,17,77.50,2017-05-22 04:32:00,2941,12.10,.00,,,1,119.000000,13C-MEY,Resin:13C12-Methoxychlor,%,45.24500,-80.87472
201705001,2018-02-28 15:06:00,CCGS LIMNOS,GEORGIAN BAY,9,451442,-805229,17,77.50,2017-05-22 04:32:00,2942,12.10,.00,,,0,75.400000,13C-B-ENDO,Resin:13C9-beta-Endosulfan ,%,45.24500,-80.87472
201705001,2018-02-28 15:06:00,CCGS LIMNOS,GEORGIAN BAY,9,451442,-805229,17,77.50,2017-05-22 04:32:00,2942,12.10,.00,,,1,80.300000,13C-B-ENDO,Resin:13C9-beta-Endosulfan ,%,45.24500,-80.87472
201705001,2018-02-28 15:06:00,CCGS LIMNOS,GEORGIAN BAY,9,451442,-805229,17,77.50,2017-05-22 04:32:00,2943,12.10,.00,,,0,7.490000,13C-123TCB,"Resin:13C-1,2,3-Trichlorobenzene",%,45.24500,-80.87472
201705001,2018-02-28 15:06:00,CCGS LIMNOS,GEORGIAN BAY,9,451442,-805229,17,77.50,2017-05-22 04:32:00,2943,12.10,.00,,,1,26.100000,13C-123TCB,"Resin:13C-1,2,3-Trichlorobenzene",%,45.24500,-80.87472
201705001,2018-02-28 15:06:00,CCGS LIMNOS,GEORGIAN BAY,9,451442,-805229,17,77.50,2017-05-22 04:32:00,2944,12.10,.00,,,1,41.300000,13C-P5CB,Resin:13C-Pentachlorobenzene,%,45.24500,-80.87472
201705001,2018-02-28 15:06:00,CCGS LIMNOS,GEORGIAN BAY,9,451442,-805229,17,77.50,2017-05-22 04:32:00,2945,12.10,.00,1.00000000,T,0,3.720000,PDBE7,"Resin:2,4-dibromodiphenyl ether (PBDE 7)",pg/sample,45.24500,-80.87472
201705001,2018-02-28 15:06:00,CCGS LIMNOS,GEORGIAN BAY,9,451442,-805229,17,77.50,2017-05-22 04:32:00,2945,12.10,.00,1.00000000,T,1,3.980000,PDBE7,"Resin:2,4-dibromodiphenyl ether (PBDE 7)",pg/sample,45.24500,-80.87472
201705001,2018-02-28 15:06:00,CCGS LIMNOS,GEORGIAN BAY,9,451442,-805229,17,77.50,2017-05-22 04:32:00,2946,12.10,.00,1.00000000,T,0,6.840000,"PBDE8,11","Resin:2,4'/3,3'-dibromodiphenyl ether (PBDE 8/11)",pg/sample,45.24500,-80.87472
201705001,2018-02-28 15:06:00,CCGS LIMNOS,GEORGIAN BAY,9,451442,-805229,17,77.50,2017-05-22 04:32:00,2946,12.10,.00,1.00000000,T,1,8.010000,"PBDE8,11","Resin:2,4'/3,3'-dibromodiphenyl ether (PBDE 8/11)",pg/sample,45.24500,-80.87472
201705001,2018-02-28 15:06:00,CCGS LIMNOS,GEORGIAN BAY,9,451442,-805229,17,77.50,2017-05-22 04:32:00,2947,12.10,.00,1.00000000,<,0,2.050000,PBDE10,"Resin:2,6-dibromodiphenyl ether (PBDE 10)",pg/sample,45.24500,-80.87472
201705001,2018-02-28 15:06:00,CCGS LIMNOS,GEORGIAN BAY,9,451442,-805229,17,77.50,2017-05-22 04:32:00,2947,12.10,.00,1.00000000,<,1,2.130000,PBDE10,"Resin:2,6-dibromodiphenyl ether (PBDE 10)",pg/sample,45.24500,-80.87472
201705001,2018-02-28 15:06:00,CCGS LIMNOS,GEORGIAN BAY,9,451442,-805229,17,77.50,2017-05-22 04:32:00,2948,12.10,.00,1.00000000,T,0,3.020000,"PBDE12,13","Resin:3,4/3,4'-dibromodiphenyl ether (PBDE 12/13)",pg/sample,45.24500,-80.87472
201705001,2018-02-28 15:06:00,CCGS LIMNOS,GEORGIAN BAY,9,451442,-805229,17,77.50,2017-05-22 04:32:00,2948,12.10,.00,1.00000000,T,1,3.000000,"PBDE12,13","Resin:3,4/3,4'-dibromodiphenyl ether (PBDE 12/13)",pg/sample,45.24500,-80.87472
201705001,2018-02-28 15:06:00,CCGS LIMNOS,GEORGIAN BAY,9,451442,-805229,17,77.50,2017-05-22 04:32:00,2949,12.10,.00,1.00000000,T,0,10.500000,PBDE15,"Resin:4,4'-dibromodiphenyl ether (PBDE 15)",pg/sample,45.24500,-80.87472
201705001,2018-02-28 15:06:00,CCGS LIMNOS,GEORGIAN BAY,9,451442,-805229,17,77.50,2017-05-22 04:32:00,2949,12.10,.00,1.00000000,T,1,28.200000,PBDE15,"Resin:4,4'-dibromodiphenyl ether (PBDE 15)",pg/sample,45.24500,-80.87472
201705001,2018-02-28 15:06:00,CCGS LIMNOS,GEORGIAN BAY,9,451442,-805229,17,77.50,2017-05-22 04:32:00,2950,12.10,.00,1.00000000,T,0,23.700000,"PBDE17,25","Resin:2,2',4/2,3',4-tribromodiphenyl ether (PBDE 17/25)",pg/sample,45.24500,-80.87472
201705001,2018-02-28 15:06:00,CCGS LIMNOS,GEORGIAN BAY,9,451442,-805229,17,77.50,2017-05-22 04:32:00,2950,12.10,.00,1.00000000,T,1,35.500000,"PBDE17,25","Resin:2,2',4/2,3',4-tribromodiphenyl ether (PBDE 17/25)",pg/sample,45.24500,-80.87472
201705001,2018-02-28 15:06:00,CCGS LIMNOS,GEORGIAN BAY,9,451442,-805229,17,77.50,2017-05-22 04:32:00,2951,12.10,.00,1.00000000,T,0,31.300000,"PBDE28,33","Resin:2,4,4'/2',3,4-Tribromodiphenyl ether (PBDE 28/33)",pg/sample,45.24500,-80.87472
201705001,2018-02-28 15:06:00,CCGS LIMNOS,GEORGIAN BAY,9,451442,-805229,17,77.50,2017-05-22 04:32:00,2951,12.10,.00,1.00000000,T,1,51.000000,"PBDE28,33","Resin:2,4,4'/2',3,4-Tribromodiphenyl ether (PBDE 28/33)",pg/sample,45.24500,-80.87472
201705001,2018-02-28 15:06:00,CCGS LIMNOS,GEORGIAN BAY,9,451442,-805229,17,77.50,2017-05-22 04:32:00,2952,12.10,.00,1.00000000,<,0,2.050000,PBDE30,"Resin:2,4,6-tribromodiphenyl ether (PBDE 30)",pg/sample,45.24500,-80.87472
201705001,2018-02-28 15:06:00,CCGS LIMNOS,GEORGIAN BAY,9,451442,-805229,17,77.50,2017-05-22 04:32:00,2952,12.10,.00,1.00000000,<,1,2.130000,PBDE30,"Resin:2,4,6-tribromodiphenyl ether (PBDE 30)",pg/sample,45.24500,-80.87472
201705001,2018-02-28 15:06:00,CCGS LIMNOS,GEORGIAN BAY,9,451442,-805229,17,77.50,2017-05-22 04:32:00,2953,12.10,.00,1.00000000,<,0,2.050000,PBDE32,"Resin:2,4',6-tribromodiphenyl ether (PBDE 32)",pg/sample,45.24500,-80.87472
201705001,2018-02-28 15:06:00,CCGS LIMNOS,GEORGIAN BAY,9,451442,-805229,17,77.50,2017-05-22 04:32:00,2953,12.10,.00,1.00000000,<,1,2.130000,PBDE32,"Resin:2,4',6-tribromodiphenyl ether (PBDE 32)",pg/sample,45.24500,-80.87472
201705001,2018-02-28 15:06:00,CCGS LIMNOS,GEORGIAN BAY,9,451442,-805229,17,77.50,2017-05-22 04:32:00,2954,12.10,.00,1.00000000,T,1,3.790000,PBDE35,"Resin:3,3',4-tribromodiphenyl ether (PBDE 35)",pg/sample,45.24500,-80.87472
201705001,2018-02-28 15:06:00,CCGS LIMNOS,GEORGIAN BAY,9,451442,-805229,17,77.50,2017-05-22 04:32:00,2955,12.10,.00,1.00000000,<,1,2.130000,PBDE37,"Resin:3,4,4'-tribromodiphenyl ether (PBDE 37)",pg/sample,45.24500,-80.87472
201705001,2018-02-28 15:06:00,CCGS LIMNOS,GEORGIAN BAY,9,451442,-805229,17,77.50,2017-05-22 04:32:00,2956,12.10,.00,1.00000000,,0,403.000000,PBDE47,"Resin:2,2',4,4'-tetrabromodiphenyl ether (PBDE 47)",pg/sample,45.24500,-80.87472
201705001,2018-02-28 15:06:00,CCGS LIMNOS,GEORGIAN BAY,9,451442,-805229,17,77.50,2017-05-22 04:32:00,2956,12.10,.00,1.00000000,,1,609.000000,PBDE47,"Resin:2,2',4,4'-tetrabromodiphenyl ether (PBDE 47)",pg/sample,45.24500,-80.87472
201705001,2018-02-28 15:06:00,CCGS LIMNOS,GEORGIAN BAY,9,451442,-805229,17,77.50,2017-05-22 04:32:00,2957,12.10,.00,1.00000000,T,0,24.200000,PBDE49,"Resin:2,2',4,5'-tetrabromodiphenyl ether (PBDE 49)",pg/sample,45.24500,-80.87472
201705001,2018-02-28 15:06:00,CCGS LIMNOS,GEORGIAN BAY,9,451442,-805229,17,77.50,2017-05-22 04:32:00,2957,12.10,.00,1.00000000,T,1,27.500000,PBDE49,"Resin:2,2',4,5'-tetrabromodiphenyl ether (PBDE 49)",pg/sample,45.24500,-80.87472
201705001,2018-02-28 15:06:00,CCGS LIMNOS,GEORGIAN BAY,9,451442,-805229,17,77.50,2017-05-22 04:32:00,2958,12.10,.00,1.00000000,T,0,2.970000,PBDE51,"Resin:2,2',4,6'-tetrabromodiphenyl ether (PBDE 51)",pg/sample,45.24500,-80.87472
201705001,2018-02-28 15:06:00,CCGS LIMNOS,GEORGIAN BAY,9,451442,-805229,17,77.50,2017-05-22 04:32:00,2958,12.10,.00,1.00000000,T,1,3.690000,PBDE51,"Resin:2,2',4,6'-tetrabromodiphenyl ether (PBDE 51)",pg/sample,45.24500,-80.87472
201705001,2018-02-28 15:06:00,CCGS LIMNOS,GEORGIAN BAY,9,451442,-805229,17,77.50,2017-05-22 04:32:00,2959,12.10,.00,1.00000000,T,0,11.400000,PBDE66,"Resin:2,3',4,4'-tetrabromodiphenyl ether (PBDE 66)",pg/sample,45.24500,-80.87472
201705001,2018-02-28 15:06:00,CCGS LIMNOS,GEORGIAN BAY,9,451442,-805229,17,77.50,2017-05-22 04:32:00,2959,12.10,.00,1.00000000,T,1,12.600000,PBDE66,"Resin:2,3',4,4'-tetrabromodiphenyl ether (PBDE 66)",pg/sample,45.24500,-80.87472
201705001,2018-02-28 15:06:00,CCGS LIMNOS,GEORGIAN BAY,9,451442,-805229,17,77.50,2017-05-22 04:32:00,2960,12.10,.00,1.00000000,T,0,4.670000,PBDE71,"Resin:2,3',4',6-tetrabromodiphenyl ether (PBDE 71)",pg/sample,45.24500,-80.87472
201705001,2018-02-28 15:06:00,CCGS LIMNOS,GEORGIAN BAY,9,451442,-805229,17,77.50,2017-05-22 04:32:00,2961,12.10,.00,1.00000000,<,0,2.050000,PBDE75,"Resin:2,4,4',6-tetrabromodiphenyl ether (PBDE 75)",pg/sample,45.24500,-80.87472
201705001,2018-02-28 15:06:00,CCGS LIMNOS,GEORGIAN BAY,9,451442,-805229,17,77.50,2017-05-22 04:32:00,2961,12.10,.00,1.00000000,<,1,2.130000,PBDE75,"Resin:2,4,4',6-tetrabromodiphenyl ether (PBDE 75)",pg/sample,45.24500,-80.87472
201705001,2018-02-28 15:06:00,CCGS LIMNOS,GEORGIAN BAY,9,451442,-805229,17,77.50,2017-05-22 04:32:00,2962,12.10,.00,1.00000000,<,0,2.050000,PBDE77,"Resin:3,3',4,4'-tetrabromodiphenyl ether (PBDE 77)",pg/sample,45.24500,-80.87472
201705001,2018-02-28 15:06:00,CCGS LIMNOS,GEORGIAN BAY,9,451442,-805229,17,77.50,2017-05-22 04:32:00,2962,12.10,.00,1.00000000,<,1,2.130000,PBDE77,"Resin:3,3',4,4'-tetrabromodiphenyl ether (PBDE 77)",pg/sample,45.24500,-80.87472
201705001,2018-02-28 15:06:00,CCGS LIMNOS,GEORGIAN BAY,9,451442,-805229,17,77.50,2017-05-22 04:32:00,2963,12.10,.00,1.00000000,T,1,3.250000,PBDE79,"Resin:3,3',4,5'-tetrabromodiphenyl ether (PBDE 79)",pg/sample,45.24500,-80.87472
201705001,2018-02-28 15:06:00,CCGS LIMNOS,GEORGIAN BAY,9,451442,-805229,17,77.50,2017-05-22 04:32:00,2964,12.10,.00,1.00000000,T,0,10.600000,PBDE85,"Resin:2,2',3,4,4'-pentabromodiphenyl ether (PBDE 85)",pg/sample,45.24500,-80.87472
201705001,2018-02-28 15:06:00,CCGS LIMNOS,GEORGIAN BAY,9,451442,-805229,17,77.50,2017-05-22 04:32:00,2964,12.10,.00,1.00000000,T,1,27.400000,PBDE85,"Resin:2,2',3,4,4'-pentabromodiphenyl ether (PBDE 85)",pg/sample,45.24500,-80.87472
201705001,2018-02-28 15:06:00,CCGS LIMNOS,GEORGIAN BAY,9,451442,-805229,17,77.50,2017-05-22 04:32:00,2965,12.10,.00,1.00000000,,0,299.000000,PBDE99,"Resin:2,2',4,4',5-pentabromodiphenyl ether (PBDE 99)",pg/sample,45.24500,-80.87472
201705001,2018-02-28 15:06:00,CCGS LIMNOS,GEORGIAN BAY,9,451442,-805229,17,77.50,2017-05-22 04:32:00,2965,12.10,.00,1.00000000,,1,716.000000,PBDE99,"Resin:2,2',4,4',5-pentabromodiphenyl ether (PBDE 99)",pg/sample,45.24500,-80.87472
201705001,2018-02-28 15:06:00,CCGS LIMNOS,GEORGIAN BAY,9,451442,-805229,17,77.50,2017-05-22 04:32:00,2966,12.10,.00,1.00000000,,0,66.800000,PBDE100,"Resin:2,2',4,4',6-pentabromodiphenyl ether (PBDE 100)",pg/sample,45.24500,-80.87472
201705001,2018-02-28 15:06:00,CCGS LIMNOS,GEORGIAN BAY,9,451442,-805229,17,77.50,2017-05-22 04:32:00,2966,12.10,.00,1.00000000,,1,143.000000,PBDE100,"Resin:2,2',4,4',6-pentabromodiphenyl ether (PBDE 100)",pg/sample,45.24500,-80.87472
201705001,2018-02-28 15:06:00,CCGS LIMNOS,GEORGIAN BAY,9,451442,-805229,17,77.50,2017-05-22 04:32:00,2967,12.10,.00,1.00000000,<,0,2.050000,PBDE105,"Resin:2,3,3',4,4'-pentabromodiphenyl ether (PBDE 105)",pg/sample,45.24500,-80.87472
201705001,2018-02-28 15:06:00,CCGS LIMNOS,GEORGIAN BAY,9,451442,-805229,17,77.50,2017-05-22 04:32:00,2967,12.10,.00,1.00000000,<,1,2.130000,PBDE105,"Resin:2,3,3',4,4'-pentabromodiphenyl ether (PBDE 105)",pg/sample,45.24500,-80.87472
201705001,2018-02-28 15:06:00,CCGS LIMNOS,GEORGIAN BAY,9,451442,-805229,17,77.50,2017-05-22 04:32:00,2968,12.10,.00,1.00000000,<,0,2.050000,PBDE116,"Resin:2,3,4,5,6-pentabromodiphenyl ether (PBDE 116)",pg/sample,45.24500,-80.87472
201705001,2018-02-28 15:06:00,CCGS LIMNOS,GEORGIAN BAY,9,451442,-805229,17,77.50,2017-05-22 04:32:00,2968,12.10,.00,1.00000000,<,1,2.130000,PBDE116,"Resin:2,3,4,5,6-pentabromodiphenyl ether (PBDE 116)",pg/sample,45.24500,-80.87472
201705001,2018-02-28 15:06:00,CCGS LIMNOS,GEORGIAN BAY,9,451442,-805229,17,77.50,2017-05-22 04:32:00,2969,12.10,.00,1.00000000,<,0,2.050000,"PBDE119,120","Resin:2,3',4,4',6/2,3',4,5,5'-pentabromodiphenyl ether (PBDE 119/120)",pg/sample,45.24500,-80.87472
201705001,2018-02-28 15:06:00,CCGS LIMNOS,GEORGIAN BAY,9,451442,-805229,17,77.50,2017-05-22 04:32:00,2969,12.10,.00,1.00000000,T,1,3.370000,"PBDE119,120","Resin:2,3',4,4',6/2,3',4,5,5'-pentabromodiphenyl ether (PBDE 119/120)",pg/sample,45.24500,-80.87472
201705001,2018-02-28 15:06:00,CCGS LIMNOS,GEORGIAN BAY,9,451442,-805229,17,77.50,2017-05-22 04:32:00,2970,12.10,.00,1.00000000,<,0,2.050000,PBDE126,"Resin:3,3',4,4',5-pentabromodiphenyl ether (PBDE 126)",pg/sample,45.24500,-80.87472
201705001,2018-02-28 15:06:00,CCGS LIMNOS,GEORGIAN BAY,9,451442,-805229,17,77.50,2017-05-22 04:32:00,2970,12.10,.00,1.00000000,<,1,2.130000,PBDE126,"Resin:3,3',4,4',5-pentabromodiphenyl ether (PBDE 126)",pg/sample,45.24500,-80.87472
201705001,2018-02-28 15:06:00,CCGS LIMNOS,GEORGIAN BAY,9,451442,-805229,17,77.50,2017-05-22 04:32:00,2971,12.10,.00,1.00000000,<,0,3.870000,PBDE128,"Resin:2,2',3,3',4,4'-hexabromodiphenyl ether (PBDE 128)",pg/sample,45.24500,-80.87472
201705001,2018-02-28 15:06:00,CCGS LIMNOS,GEORGIAN BAY,9,451442,-805229,17,77.50,2017-05-22 04:32:00,2971,12.10,.00,1.00000000,<,1,3.200000,PBDE128,"Resin:2,2',3,3',4,4'-hexabromodiphenyl ether (PBDE 128)",pg/sample,45.24500,-80.87472
201705001,2018-02-28 15:06:00,CCGS LIMNOS,GEORGIAN BAY,9,451442,-805229,17,77.50,2017-05-22 04:32:00,2972,12.10,.00,1.00000000,T,0,5.450000,"PBDE138,166","Resin:2,2',3,4,4',5'/2,3,4,4',5,6-hexabromodiphenyl ether (PBDE 138/166)",pg/sample,45.24500,-80.87472
201705001,2018-02-28 15:06:00,CCGS LIMNOS,GEORGIAN BAY,9,451442,-805229,17,77.50,2017-05-22 04:32:00,2972,12.10,.00,1.00000000,T,1,11.600000,"PBDE138,166","Resin:2,2',3,4,4',5'/2,3,4,4',5,6-hexabromodiphenyl ether (PBDE 138/166)",pg/sample,45.24500,-80.87472
201705001,2018-02-28 15:06:00,CCGS LIMNOS,GEORGIAN BAY,9,451442,-805229,17,77.50,2017-05-22 04:32:00,2973,12.10,.00,1.00000000,<,0,2.050000,PBDE140,"Resin:2,2',3,4,4',6'-hexabromodiphenyl ether (PBDE 140)",pg/sample,45.24500,-80.87472
201705001,2018-02-28 15:06:00,CCGS LIMNOS,GEORGIAN BAY,9,451442,-805229,17,77.50,2017-05-22 04:32:00,2973,12.10,.00,1.00000000,T,1,3.770000,PBDE140,"Resin:2,2',3,4,4',6'-hexabromodiphenyl ether (PBDE 140)",pg/sample,45.24500,-80.87472
201705001,2018-02-28 15:06:00,CCGS LIMNOS,GEORGIAN BAY,9,451442,-805229,17,77.50,2017-05-22 04:32:00,2974,12.10,.00,1.00000000,,1,76.000000,PBDE153,"Resin:2,2',4,4',5,5'-hexabromodiphenyl ether (PBDE 153)",pg/sample,45.24500,-80.87472
201705001,2018-02-28 15:06:00,CCGS LIMNOS,GEORGIAN BAY,9,451442,-805229,17,77.50,2017-05-22 04:32:00,2974,12.10,.00,1.00000000,T,0,27.500000,PBDE153,"Resin:2,2',4,4',5,5'-hexabromodiphenyl ether (PBDE 153)",pg/sample,45.24500,-80.87472
201705001,2018-02-28 15:06:00,CCGS LIMNOS,GEORGIAN BAY,9,451442,-805229,17,77.50,2017-05-22 04:32:00,2975,12.10,.00,1.00000000,,1,55.900000,PBDE154,"Resin:2,2',4,4',5,6'-hexabromodiphenyl ether (PBDE 154)",pg/sample,45.24500,-80.87472
201705001,2018-02-28 15:06:00,CCGS LIMNOS,GEORGIAN BAY,9,451442,-805229,17,77.50,2017-05-22 04:32:00,2975,12.10,.00,1.00000000,T,0,21.600000,PBDE154,"Resin:2,2',4,4',5,6'-hexabromodiphenyl ether (PBDE 154)",pg/sample,45.24500,-80.87472
201705001,2018-02-28 15:06:00,CCGS LIMNOS,GEORGIAN BAY,9,451442,-805229,17,77.50,2017-05-22 04:32:00,2976,12.10,.00,1.00000000,<,0,2.050000,PBDE155,"Resin:2,2',4,4',6,6'-hexabromodiphenyl ether (PBDE 155)",pg/sample,45.24500,-80.87472
201705001,2018-02-28 15:06:00,CCGS LIMNOS,GEORGIAN BAY,9,451442,-805229,17,77.50,2017-05-22 04:32:00,2977,12.10,.00,1.00000000,<,0,2.050000,PBDE181,"Resin:2,2',3,4,4',5,6-heptabromodiphenyl ether (PBDE 181)",pg/sample,45.24500,-80.87472
201705001,2018-02-28 15:06:00,CCGS LIMNOS,GEORGIAN BAY,9,451442,-805229,17,77.50,2017-05-22 04:32:00,2977,12.10,.00,1.00000000,<,1,2.130000,PBDE181,"Resin:2,2',3,4,4',5,6-heptabromodiphenyl ether (PBDE 181)",pg/sample,45.24500,-80.87472
201705001,2018-02-28 15:06:00,CCGS LIMNOS,GEORGIAN BAY,9,451442,-805229,17,77.50,2017-05-22 04:32:00,2978,12.10,.00,1.00000000,T,0,36.200000,PBDE183,"Resin:2,2',3,4,4',5',6-heptabromodiphenyl ether (PBDE 183)",pg/sample,45.24500,-80.87472
201705001,2018-02-28 15:06:00,CCGS LIMNOS,GEORGIAN BAY,9,451442,-805229,17,77.50,2017-05-22 04:32:00,2979,12.10,.00,1.00000000,<,0,2.050000,PBDE190,"Resin:2,3,3',4,4',5,6-heptabromodiphenyl ether (PBDE 190)",pg/sample,45.24500,-80.87472
201705001,2018-02-28 15:06:00,CCGS LIMNOS,GEORGIAN BAY,9,451442,-805229,17,77.50,2017-05-22 04:32:00,2979,12.10,.00,1.00000000,<,1,2.130000,PBDE190,"Resin:2,3,3',4,4',5,6-heptabromodiphenyl ether (PBDE 190)",pg/sample,45.24500,-80.87472
201705001,2018-02-28 15:06:00,CCGS LIMNOS,GEORGIAN BAY,9,451442,-805229,17,77.50,2017-05-22 04:32:00,2980,12.10,.00,1.00000000,T,0,34.400000,PBDE203,"Resin:2,2',3,4,4',5,5',6-octabromodiphenyl ether (PBDE 203)",pg/sample,45.24500,-80.87472
201705001,2018-02-28 15:06:00,CCGS LIMNOS,GEORGIAN BAY,9,451442,-805229,17,77.50,2017-05-22 04:32:00,2980,12.10,.00,1.00000000,T,1,17.000000,PBDE203,"Resin:2,2',3,4,4',5,5',6-octabromodiphenyl ether (PBDE 203)",pg/sample,45.24500,-80.87472
201705001,2018-02-28 15:06:00,CCGS LIMNOS,GEORGIAN BAY,9,451442,-805229,17,77.50,2017-05-22 04:32:00,2981,12.10,.00,1.00000000,,0,380.000000,PBDE206,"Resin:2,2',3,3',4,4',5,5',6-nonabromodiphenyl ether (PBDE 206)",pg/sample,45.24500,-80.87472
201705001,2018-02-28 15:06:00,CCGS LIMNOS,GEORGIAN BAY,9,451442,-805229,17,77.50,2017-05-22 04:32:00,2981,12.10,.00,1.00000000,,1,370.000000,PBDE206,"Resin:2,2',3,3',4,4',5,5',6-nonabromodiphenyl ether (PBDE 206)",pg/sample,45.24500,-80.87472
201705001,2018-02-28 15:06:00,CCGS LIMNOS,GEORGIAN BAY,9,451442,-805229,17,77.50,2017-05-22 04:32:00,2982,12.10,.00,1.00000000,,0,543.000000,PBDE207,"Resin:2,2',3,3',4,4',5,6,6'-nonabromodiphenyl ether (PBDE 207)",pg/sample,45.24500,-80.87472
201705001,2018-02-28 15:06:00,CCGS LIMNOS,GEORGIAN BAY,9,451442,-805229,17,77.50,2017-05-22 04:32:00,2983,12.10,.00,1.00000000,,1,173.000000,PBDE208,"Resin:2,2',3,3',4,5,5',6,6'-nonabromodiphenyl ether (PBDE 208)",pg/sample,45.24500,-80.87472
201705001,2018-02-28 15:06:00,CCGS LIMNOS,GEORGIAN BAY,9,451442,-805229,17,77.50,2017-05-22 04:32:00,2984,12.10,.00,1.00000000,,0,2700.000000,PBDE209,"Resin:2,2’,3,3’,4,4’,5,5’,6,6’- Decabromodiphenyl ether (PBDE 209)",pg/sample,45.24500,-80.87472
201705001,2018-02-28 15:06:00,CCGS LIMNOS,GEORGIAN BAY,9,451442,-805229,17,77.50,2017-05-22 04:32:00,2984,12.10,.00,1.00000000,,1,3050.000000,PBDE209,"Resin:2,2’,3,3’,4,4’,5,5’,6,6’- Decabromodiphenyl ether (PBDE 209)",pg/sample,45.24500,-80.87472
201705001,2018-02-28 15:06:00,CCGS LIMNOS,GEORGIAN BAY,9,451442,-805229,17,77.50,2017-05-22 04:32:00,2985,12.10,.00,,,0,114.000000,13C-PBDE15,"Resin:4,4'-dibromodiphenyl ether (PBDE 15)-13C",%,45.24500,-80.87472
201705001,2018-02-28 15:06:00,CCGS LIMNOS,GEORGIAN BAY,9,451442,-805229,17,77.50,2017-05-22 04:32:00,2985,12.10,.00,,,1,107.000000,13C-PBDE15,"Resin:4,4'-dibromodiphenyl ether (PBDE 15)-13C",%,45.24500,-80.87472
201705001,2018-02-28 15:06:00,CCGS LIMNOS,GEORGIAN BAY,9,451442,-805229,17,77.50,2017-05-22 04:32:00,2986,12.10,.00,,,0,67.400000,13C-PBDE28,"Resin:2,4,4'-tribromodiphenyl ether (PBDE 28)-13C",%,45.24500,-80.87472
201705001,2018-02-28 15:06:00,CCGS LIMNOS,GEORGIAN BAY,9,451442,-805229,17,77.50,2017-05-22 04:32:00,2986,12.10,.00,,,1,62.700000,13C-PBDE28,"Resin:2,4,4'-tribromodiphenyl ether (PBDE 28)-13C",%,45.24500,-80.87472
201705001,2018-02-28 15:06:00,CCGS LIMNOS,GEORGIAN BAY,9,451442,-805229,17,77.50,2017-05-22 04:32:00,2987,12.10,.00,,,0,69.400000,13C-PBDE47,"Resin:2,2',4,4'-tetrabromodiphenyl ether (PBDE 47)-13C",%,45.24500,-80.87472
201705001,2018-02-28 15:06:00,CCGS LIMNOS,GEORGIAN BAY,9,451442,-805229,17,77.50,2017-05-22 04:32:00,2987,12.10,.00,,,1,69.400000,13C-PBDE47,"Resin:2,2',4,4'-tetrabromodiphenyl ether (PBDE 47)-13C",%,45.24500,-80.87472
201705001,2018-02-28 15:06:00,CCGS LIMNOS,GEORGIAN BAY,9,451442,-805229,17,77.50,2017-05-22 04:32:00,2988,12.10,.00,,,0,91.600000,13C-PBDE77,"Resin:3,3',4,4'-tetrabromodiphenyl ether (PBDE 77)-13C",%,45.24500,-80.87472
201705001,2018-02-28 15:06:00,CCGS LIMNOS,GEORGIAN BAY,9,451442,-805229,17,77.50,2017-05-22 04:32:00,2988,12.10,.00,,,1,90.900000,13C-PBDE77,"Resin:3,3',4,4'-tetrabromodiphenyl ether (PBDE 77)-13C",%,45.24500,-80.87472
201705001,2018-02-28 15:06:00,CCGS LIMNOS,GEORGIAN BAY,9,451442,-805229,17,77.50,2017-05-22 04:32:00,2989,12.10,.00,,,0,78.800000,13C-PBDE100,"Resin:2,2',4,4',6-pentabromodiphenyl ether (PBDE 100)-13C",%,45.24500,-80.87472
201705001,2018-02-28 15:06:00,CCGS LIMNOS,GEORGIAN BAY,9,451442,-805229,17,77.50,2017-05-22 04:32:00,2989,12.10,.00,,,1,68.200000,13C-PBDE100,"Resin:2,2',4,4',6-pentabromodiphenyl ether (PBDE 100)-13C",%,45.24500,-80.87472
201705001,2018-02-28 15:06:00,CCGS LIMNOS,GEORGIAN BAY,9,451442,-805229,17,77.50,2017-05-22 04:32:00,2990,12.10,.00,,,0,80.600000,13C-PBDE99,"Resin:2,2',4,4',5-pentabromodiphenyl ether (PBDE 99)-13C",%,45.24500,-80.87472
201705001,2018-02-28 15:06:00,CCGS LIMNOS,GEORGIAN BAY,9,451442,-805229,17,77.50,2017-05-22 04:32:00,2990,12.10,.00,,,1,67.800000,13C-PBDE99,"Resin:2,2',4,4',5-pentabromodiphenyl ether (PBDE 99)-13C",%,45.24500,-80.87472
201705001,2018-02-28 15:06:00,CCGS LIMNOS,GEORGIAN BAY,9,451442,-805229,17,77.50,2017-05-22 04:32:00,2991,12.10,.00,,,0,103.000000,13C-PBDE126,"Resin:3,3',4,4',5-pentabromodiphenyl ether (PBDE 126)-13C",%,45.24500,-80.87472
201705001,2018-02-28 15:06:00,CCGS LIMNOS,GEORGIAN BAY,9,451442,-805229,17,77.50,2017-05-22 04:32:00,2991,12.10,.00,,,1,90.700000,13C-PBDE126,"Resin:3,3',4,4',5-pentabromodiphenyl ether (PBDE 126)-13C",%,45.24500,-80.87472
201705001,2018-02-28 15:06:00,CCGS LIMNOS,GEORGIAN BAY,9,451442,-805229,17,77.50,2017-05-22 04:32:00,2992,12.10,.00,,,0,67.000000,13C-PBDE154,"Resin:2,2',4,4',5,6'-hexabromodiphenyl ether (PBDE 154)-13C",%,45.24500,-80.87472
201705001,2018-02-28 15:06:00,CCGS LIMNOS,GEORGIAN BAY,9,451442,-805229,17,77.50,2017-05-22 04:32:00,2992,12.10,.00,,,1,60.200000,13C-PBDE154,"Resin:2,2',4,4',5,6'-hexabromodiphenyl ether (PBDE 154)-13C",%,45.24500,-80.87472
201705001,2018-02-28 15:06:00,CCGS LIMNOS,GEORGIAN BAY,9,451442,-805229,17,77.50,2017-05-22 04:32:00,2993,12.10,.00,,,0,87.600000,13C-PBDE153,"Resin:2,2',4,4',5,5'-hexabromodiphenyl ether (PBDE 153)-13C",%,45.24500,-80.87472
201705001,2018-02-28 15:06:00,CCGS LIMNOS,GEORGIAN BAY,9,451442,-805229,17,77.50,2017-05-22 04:32:00,2993,12.10,.00,,,1,78.500000,13C-PBDE153,"Resin:2,2',4,4',5,5'-hexabromodiphenyl ether (PBDE 153)-13C",%,45.24500,-80.87472
201705001,2018-02-28 15:06:00,CCGS LIMNOS,GEORGIAN BAY,9,451442,-805229,17,77.50,2017-05-22 04:32:00,2994,12.10,.00,,,0,65.400000,13C-PBDE183,"Resin:2,2',3,4,4',5',6-heptabromodiphenyl ether (PBDE 183)-13C",%,45.24500,-80.87472
201705001,2018-02-28 15:06:00,CCGS LIMNOS,GEORGIAN BAY,9,451442,-805229,17,77.50,2017-05-22 04:32:00,2994,12.10,.00,,,1,63.600000,13C-PBDE183,"Resin:2,2',3,4,4',5',6-heptabromodiphenyl ether (PBDE 183)-13C",%,45.24500,-80.87472
201705001,2018-02-28 15:06:00,CCGS LIMNOS,GEORGIAN BAY,9,451442,-805229,17,77.50,2017-05-22 04:32:00,2995,12.10,.00,,,0,80.800000,13C-PBDE197,"Resin:2,2',3,3',4,4',6,6'-octabromodiphenyl ether (PBDE (197)-13C",%,45.24500,-80.87472
201705001,2018-02-28 15:06:00,CCGS LIMNOS,GEORGIAN BAY,9,451442,-805229,17,77.50,2017-05-22 04:32:00,2995,12.10,.00,,,1,63.100000,13C-PBDE197,"Resin:2,2',3,3',4,4',6,6'-octabromodiphenyl ether (PBDE (197)-13C",%,45.24500,-80.87472
201705001,2018-02-28 15:06:00,CCGS LIMNOS,GEORGIAN BAY,9,451442,-805229,17,77.50,2017-05-22 04:32:00,2996,12.10,.00,,,0,55.200000,13C-PBDE209,"Resin:BDE 209-13C - 2,2',3,3',4,4',5,5',6,6'-decabromodiphenyl ether",%,45.24500,-80.87472
201705001,2018-02-28 15:06:00,CCGS LIMNOS,GEORGIAN BAY,9,451442,-805229,17,77.50,2017-05-22 04:32:00,2996,12.10,.00,,,1,51.400000,13C-PBDE209,"Resin:BDE 209-13C - 2,2',3,3',4,4',5,5',6,6'-decabromodiphenyl ether",%,45.24500,-80.87472
201705001,2018-02-28 15:06:00,CCGS LIMNOS,GEORGIAN BAY,9,451442,-805229,17,77.50,2017-05-22 04:32:00,2997,12.10,.00,,,0,108.000000,13C-PBDE138,"Resin:2,2',3,4,4',5'-hexabromodiphenyl ether (PBDE 138)-13C",%,45.24500,-80.87472
201705001,2018-02-28 15:06:00,CCGS LIMNOS,GEORGIAN BAY,9,451442,-805229,17,77.50,2017-05-22 04:32:00,2997,12.10,.00,,,1,106.000000,13C-PBDE138,"Resin:2,2',3,4,4',5'-hexabromodiphenyl ether (PBDE 138)-13C",%,45.24500,-80.87472
201705001,2018-02-28 15:06:00,CCGS LIMNOS,GEORGIAN BAY,9,451442,-805229,17,77.50,2017-05-22 04:32:00,2998,12.10,.00,,,0,90.400000,13C-PBDE139,"Resin:2,2',3,4,4',6-hexabromodiphenyl ether (PBDE 139)-13C",%,45.24500,-80.87472
201705001,2018-02-28 15:06:00,CCGS LIMNOS,GEORGIAN BAY,9,451442,-805229,17,77.50,2017-05-22 04:32:00,2998,12.10,.00,,,1,81.100000,13C-PBDE139,"Resin:2,2',3,4,4',6-hexabromodiphenyl ether (PBDE 139)-13C",%,45.24500,-80.87472
201705001,2018-02-28 15:06:00,CCGS LIMNOS,GEORGIAN BAY,9,451442,-805229,17,77.50,2017-05-22 04:32:00,2999,12.10,.00,0.40000000,<,1,.164000,Dechlorane,Resin:Dechlorane (Mirex),ng/sample,45.24500,-80.87472
201705001,2018-02-28 15:06:00,CCGS LIMNOS,GEORGIAN BAY,9,451442,-805229,17,77.50,2017-05-22 04:32:00,3000,12.10,.00,0.40000000,<,0,.174000,DP Anti,Resin:Dechlorane plus  (DP)  Anti,ng/sample,45.24500,-80.87472
201705001,2018-02-28 15:06:00,CCGS LIMNOS,GEORGIAN BAY,9,451442,-805229,17,77.50,2017-05-22 04:32:00,3000,12.10,.00,0.40000000,<,1,.257000,DP Anti,Resin:Dechlorane plus  (DP)  Anti,ng/sample,45.24500,-80.87472
201705001,2018-02-28 15:06:00,CCGS LIMNOS,GEORGIAN BAY,9,451442,-805229,17,77.50,2017-05-22 04:32:00,3001,12.10,.00,0.20000000,<,0,.109000,DP Syn,Resin:Dechlorane plus  (DP)  Syn,ng/sample,45.24500,-80.87472
201705001,2018-02-28 15:06:00,CCGS LIMNOS,GEORGIAN BAY,9,451442,-805229,17,77.50,2017-05-22 04:32:00,3001,12.10,.00,0.20000000,<,1,.159000,DP Syn,Resin:Dechlorane plus  (DP)  Syn,ng/sample,45.24500,-80.87472
201705001,2018-02-28 15:06:00,CCGS LIMNOS,GEORGIAN BAY,9,451442,-805229,17,77.50,2017-05-22 04:32:00,3002,12.10,.00,0.10000000,<,0,.016600,Dec 602,Resin:Dechlorane 602,ng/sample,45.24500,-80.87472
201705001,2018-02-28 15:06:00,CCGS LIMNOS,GEORGIAN BAY,9,451442,-805229,17,77.50,2017-05-22 04:32:00,3002,12.10,.00,0.10000000,<,1,.038200,Dec 602,Resin:Dechlorane 602,ng/sample,45.24500,-80.87472
201705001,2018-02-28 15:06:00,CCGS LIMNOS,GEORGIAN BAY,9,451442,-805229,17,77.50,2017-05-22 04:32:00,3003,12.10,.00,0.10000000,<,0,.024100,Dec 603,Resin:Dechlorane 603,ng/sample,45.24500,-80.87472
201705001,2018-02-28 15:06:00,CCGS LIMNOS,GEORGIAN BAY,9,451442,-805229,17,77.50,2017-05-22 04:32:00,3003,12.10,.00,0.10000000,<,1,.023100,Dec 603,Resin:Dechlorane 603,ng/sample,45.24500,-80.87472
201705001,2018-02-28 15:06:00,CCGS LIMNOS,GEORGIAN BAY,9,451442,-805229,17,77.50,2017-05-22 04:32:00,3004,12.10,.00,8.00000000,<,0,1.130000,Dec 604,Resin:Dechlorane 604 Component A,ng/sample,45.24500,-80.87472
201705001,2018-02-28 15:06:00,CCGS LIMNOS,GEORGIAN BAY,9,451442,-805229,17,77.50,2017-05-22 04:32:00,3004,12.10,.00,8.00000000,<,1,1.080000,Dec 604,Resin:Dechlorane 604 Component A,ng/sample,45.24500,-80.87472
201705001,2018-02-28 15:06:00,CCGS LIMNOS,GEORGIAN BAY,9,451442,-805229,17,77.50,2017-05-22 04:32:00,3005,12.10,.00,0.40000000,<,0,.083800,HCDBCO,"Resin:Rac-(1R,2R,5R,6R,9S,10S)-5,6,dibromo-1,10,11,12,13,13-hexachlorotricyclo[8.2.1.0]tridec-11-ene",ng/sample,45.24500,-80.87472
201705001,2018-02-28 15:06:00,CCGS LIMNOS,GEORGIAN BAY,9,451442,-805229,17,77.50,2017-05-22 04:32:00,3005,12.10,.00,0.40000000,<,1,.096200,HCDBCO,"Resin:Rac-(1R,2R,5R,6R,9S,10S)-5,6,dibromo-1,10,11,12,13,13-hexachlorotricyclo[8.2.1.0]tridec-11-ene",ng/sample,45.24500,-80.87472
201705001,2018-02-28 15:06:00,CCGS LIMNOS,GEORGIAN BAY,9,451442,-805229,17,77.50,2017-05-22 04:32:00,3006,12.10,.00,0.80000000,<,0,.098300,ATE,"Resin:2,4,6-Tribromophenylallyl ether",ng/sample,45.24500,-80.87472
201705001,2018-02-28 15:06:00,CCGS LIMNOS,GEORGIAN BAY,9,451442,-805229,17,77.50,2017-05-22 04:32:00,3006,12.10,.00,0.80000000,<,1,.135000,ATE,"Resin:2,4,6-Tribromophenylallyl ether",ng/sample,45.24500,-80.87472
201705001,2018-02-28 15:06:00,CCGS LIMNOS,GEORGIAN BAY,9,451442,-805229,17,77.50,2017-05-22 04:32:00,3007,12.10,.00,2.40000000,<,0,.240000,BATE,"Resin:2-Bromoallyl 2,4,6-tribromophenyl ether",ng/sample,45.24500,-80.87472
201705001,2018-02-28 15:06:00,CCGS LIMNOS,GEORGIAN BAY,9,451442,-805229,17,77.50,2017-05-22 04:32:00,3007,12.10,.00,2.40000000,<,1,.413000,BATE,"Resin:2-Bromoallyl 2,4,6-tribromophenyl ether",ng/sample,45.24500,-80.87472
201705001,2018-02-28 15:06:00,CCGS LIMNOS,GEORGIAN BAY,9,451442,-805229,17,77.50,2017-05-22 04:32:00,3008,12.10,.00,4.80000000,<,0,1.220000,DPTE,"Resin:2,3-Dibromopropyl 2,4,6-tribromophenyl ether",ng/sample,45.24500,-80.87472
201705001,2018-02-28 15:06:00,CCGS LIMNOS,GEORGIAN BAY,9,451442,-805229,17,77.50,2017-05-22 04:32:00,3008,12.10,.00,4.80000000,<,1,1.220000,DPTE,"Resin:2,3-Dibromopropyl 2,4,6-tribromophenyl ether",ng/sample,45.24500,-80.87472
201705001,2018-02-28 15:06:00,CCGS LIMNOS,GEORGIAN BAY,9,451442,-805229,17,77.50,2017-05-22 04:32:00,3009,12.10,.00,10.00000000,<,0,1.860000,BTBPE,"Resin:1,2-Bis(2,4,6-tribromophenoxy)ethane",ng/sample,45.24500,-80.87472
201705001,2018-02-28 15:06:00,CCGS LIMNOS,GEORGIAN BAY,9,451442,-805229,17,77.50,2017-05-22 04:32:00,3009,12.10,.00,10.00000000,<,1,1.460000,BTBPE,"Resin:1,2-Bis(2,4,6-tribromophenoxy)ethane",ng/sample,45.24500,-80.87472
201705001,2018-02-28 15:06:00,CCGS LIMNOS,GEORGIAN BAY,9,451442,-805229,17,77.50,2017-05-22 04:32:00,3010,12.10,.00,8.00000000,,0,-88.800000,BEHTBP,Resin:Di(2-ethylhexyl) tetrabromophthalate,ng/sample,45.24500,-80.87472
201705001,2018-02-28 15:06:00,CCGS LIMNOS,GEORGIAN BAY,9,451442,-805229,17,77.50,2017-05-22 04:32:00,3010,12.10,.00,8.00000000,,1,-88.800000,BEHTBP,Resin:Di(2-ethylhexyl) tetrabromophthalate,ng/sample,45.24500,-80.87472
201705001,2018-02-28 15:06:00,CCGS LIMNOS,GEORGIAN BAY,9,451442,-805229,17,77.50,2017-05-22 04:32:00,3011,12.10,.00,4.00000000,<,0,.475000,EHTBB,"Resin:2-Ethylhexyl 2,3,4,5-tetrabromobenzoate",ng/sample,45.24500,-80.87472
201705001,2018-02-28 15:06:00,CCGS LIMNOS,GEORGIAN BAY,9,451442,-805229,17,77.50,2017-05-22 04:32:00,3011,12.10,.00,4.00000000,<,1,1.010000,EHTBB,"Resin:2-Ethylhexyl 2,3,4,5-tetrabromobenzoate",ng/sample,45.24500,-80.87472
201705001,2018-02-28 15:06:00,CCGS LIMNOS,GEORGIAN BAY,9,451442,-805229,17,77.50,2017-05-22 04:32:00,3012,12.10,.00,16.00000000,<,0,.965000,Total TBECH,"Resin:1,2-Dibromo-4-(1,2-dibromoethyl)cyclohexane",ng/sample,45.24500,-80.87472
201705001,2018-02-28 15:06:00,CCGS LIMNOS,GEORGIAN BAY,9,451442,-805229,17,77.50,2017-05-22 04:32:00,3012,12.10,.00,16.00000000,<,1,1.240000,Total TBECH,"Resin:1,2-Dibromo-4-(1,2-dibromoethyl)cyclohexane",ng/sample,45.24500,-80.87472
201705001,2018-02-28 15:06:00,CCGS LIMNOS,GEORGIAN BAY,9,451442,-805229,17,77.50,2017-05-22 04:32:00,3013,12.10,.00,0.60000000,,0,.169000,HBB,Resin:Hexabromobenzene,ng/sample,45.24500,-80.87472
201705001,2018-02-28 15:06:00,CCGS LIMNOS,GEORGIAN BAY,9,451442,-805229,17,77.50,2017-05-22 04:32:00,3014,12.10,.00,0.60000000,,0,.059000,PBBZ,Resin:Pentabromobenzene,ng/sample,45.24500,-80.87472
201705001,2018-02-28 15:06:00,CCGS LIMNOS,GEORGIAN BAY,9,451442,-805229,17,77.50,2017-05-22 04:32:00,3014,12.10,.00,0.60000000,<,1,.055100,PBBZ,Resin:Pentabromobenzene,ng/sample,45.24500,-80.87472
201705001,2018-02-28 15:06:00,CCGS LIMNOS,GEORGIAN BAY,9,451442,-805229,17,77.50,2017-05-22 04:32:00,3015,12.10,.00,0.20000000,<,0,.060800,"1,2,4,5/1,2,3,5-TBB","Resin:1,2,4,5-Tetrabromobenzene/1,2,3,5- Tetrabromobenzene",ng/sample,45.24500,-80.87472
201705001,2018-02-28 15:06:00,CCGS LIMNOS,GEORGIAN BAY,9,451442,-805229,17,77.50,2017-05-22 04:32:00,3015,12.10,.00,0.20000000,<,1,.054800,"1,2,4,5/1,2,3,5-TBB","Resin:1,2,4,5-Tetrabromobenzene/1,2,3,5- Tetrabromobenzene",ng/sample,45.24500,-80.87472
201705001,2018-02-28 15:06:00,CCGS LIMNOS,GEORGIAN BAY,9,451442,-805229,17,77.50,2017-05-22 04:32:00,3016,12.10,.00,6.00000000,<,0,.556000,"1,2,4-TriBB","Resin:1,2,4-Tribromobenzene",ng/sample,45.24500,-80.87472
201705001,2018-02-28 15:06:00,CCGS LIMNOS,GEORGIAN BAY,9,451442,-805229,17,77.50,2017-05-22 04:32:00,3016,12.10,.00,6.00000000,<,1,.594000,"1,2,4-TriBB","Resin:1,2,4-Tribromobenzene",ng/sample,45.24500,-80.87472
201705001,2018-02-28 15:06:00,CCGS LIMNOS,GEORGIAN BAY,9,451442,-805229,17,77.50,2017-05-22 04:32:00,3018,12.10,.00,4.80000000,<,0,1.150000,"1,4-DiBB","Resin:1,4-Dibromobenzene",ng/sample,45.24500,-80.87472
201705001,2018-02-28 15:06:00,CCGS LIMNOS,GEORGIAN BAY,9,451442,-805229,17,77.50,2017-05-22 04:32:00,3018,12.10,.00,4.80000000,<,1,1.130000,"1,4-DiBB","Resin:1,4-Dibromobenzene",ng/sample,45.24500,-80.87472
201705001,2018-02-28 15:06:00,CCGS LIMNOS,GEORGIAN BAY,9,451442,-805229,17,77.50,2017-05-22 04:32:00,3019,12.10,.00,0.40000000,,0,.062000,PBT,Resin:Pentabromotoluene,ng/sample,45.24500,-80.87472
201705001,2018-02-28 15:06:00,CCGS LIMNOS,GEORGIAN BAY,9,451442,-805229,17,77.50,2017-05-22 04:32:00,3019,12.10,.00,0.40000000,,1,.077000,PBT,Resin:Pentabromotoluene,ng/sample,45.24500,-80.87472
201705001,2018-02-28 15:06:00,CCGS LIMNOS,GEORGIAN BAY,9,451442,-805229,17,77.50,2017-05-22 04:32:00,3020,12.10,.00,0.60000000,<,0,.057600,PBEB,Resin:Pentabromoethylbenzene,ng/sample,45.24500,-80.87472
201705001,2018-02-28 15:06:00,CCGS LIMNOS,GEORGIAN BAY,9,451442,-805229,17,77.50,2017-05-22 04:32:00,3020,12.10,.00,0.60000000,<,1,.065400,PBEB,Resin:Pentabromoethylbenzene,ng/sample,45.24500,-80.87472
201705001,2018-02-28 15:06:00,CCGS LIMNOS,GEORGIAN BAY,9,451442,-805229,17,77.50,2017-05-22 04:32:00,3021,12.10,.00,30.00000000,<,0,.333000,PBBB,Resin:Pentabromobenzyl bromide,ng/sample,45.24500,-80.87472
201705001,2018-02-28 15:06:00,CCGS LIMNOS,GEORGIAN BAY,9,451442,-805229,17,77.50,2017-05-22 04:32:00,3021,12.10,.00,30.00000000,<,1,.447000,PBBB,Resin:Pentabromobenzyl bromide,ng/sample,45.24500,-80.87472
201705001,2018-02-28 15:06:00,CCGS LIMNOS,GEORGIAN BAY,9,451442,-805229,17,77.50,2017-05-22 04:32:00,3022,12.10,.00,6.00000000,<,0,1.600000,pTBX,Resin:Tetrabromo-p-xylene,ng/sample,45.24500,-80.87472
201705001,2018-02-28 15:06:00,CCGS LIMNOS,GEORGIAN BAY,9,451442,-805229,17,77.50,2017-05-22 04:32:00,3022,12.10,.00,6.00000000,<,1,2.060000,pTBX,Resin:Tetrabromo-p-xylene,ng/sample,45.24500,-80.87472
201705001,2018-02-28 15:06:00,CCGS LIMNOS,GEORGIAN BAY,9,451442,-805229,17,77.50,2017-05-22 04:32:00,3023,12.10,.00,0.60000000,<,0,.081800,TBCT,Resin:Tetrabromo-o-chlorotoluene,ng/sample,45.24500,-80.87472
201705001,2018-02-28 15:06:00,CCGS LIMNOS,GEORGIAN BAY,9,451442,-805229,17,77.50,2017-05-22 04:32:00,3023,12.10,.00,0.60000000,<,1,.056900,TBCT,Resin:Tetrabromo-o-chlorotoluene,ng/sample,45.24500,-80.87472
201705001,2018-02-28 15:06:00,CCGS LIMNOS,GEORGIAN BAY,9,451442,-805229,17,77.50,2017-05-22 04:32:00,3024,12.10,.00,,,0,56.200000,13C-BTBPE,Resin:13C12-BTBPE,%,45.24500,-80.87472
201705001,2018-02-28 15:06:00,CCGS LIMNOS,GEORGIAN BAY,9,451442,-805229,17,77.50,2017-05-22 04:32:00,3024,12.10,.00,,,1,70.700000,13C-BTBPE,Resin:13C12-BTBPE,%,45.24500,-80.87472
201705001,2018-02-28 15:06:00,CCGS LIMNOS,GEORGIAN BAY,9,451442,-805229,17,77.50,2017-05-22 04:32:00,3025,12.10,.00,,,0,78.400000,13C-Dec,Resin:13C10-Dechlorane,%,45.24500,-80.87472
201705001,2018-02-28 15:06:00,CCGS LIMNOS,GEORGIAN BAY,9,451442,-805229,17,77.50,2017-05-22 04:32:00,3025,12.10,.00,,,1,76.100000,13C-Dec,Resin:13C10-Dechlorane,%,45.24500,-80.87472
201705001,2018-02-28 15:06:00,CCGS LIMNOS,GEORGIAN BAY,9,451442,-805229,17,77.50,2017-05-22 04:32:00,3026,12.10,.00,,,0,78.600000,13C-PBBZ,Resin:13C6-PBBZ,%,45.24500,-80.87472
201705001,2018-02-28 15:06:00,CCGS LIMNOS,GEORGIAN BAY,9,451442,-805229,17,77.50,2017-05-22 04:32:00,3026,12.10,.00,,,1,78.600000,13C-PBBZ,Resin:13C6-PBBZ,%,45.24500,-80.87472
201705001,2018-02-28 15:06:00,CCGS LIMNOS,GEORGIAN BAY,9,451442,-805229,17,77.50,2017-05-22 04:32:00,3027,12.10,.00,,,0,72.300000,13C-HBB,Resin:13C6-HBB,%,45.24500,-80.87472
201705001,2018-02-28 15:06:00,CCGS LIMNOS,GEORGIAN BAY,9,451442,-805229,17,77.50,2017-05-22 04:32:00,3027,12.10,.00,,,1,72.500000,13C-HBB,Resin:13C6-HBB,%,45.24500,-80.87472
201705001,2018-02-28 15:06:00,CCGS LIMNOS,GEORGIAN BAY,9,451442,-805229,17,77.50,2017-05-22 04:32:00,3028,12.10,.00,,,0,80.800000,13C-Dec602,Resin:13C10-Dechlorane 602,%,45.24500,-80.87472
201705001,2018-02-28 15:06:00,CCGS LIMNOS,GEORGIAN BAY,9,451442,-805229,17,77.50,2017-05-22 04:32:00,3028,12.10,.00,,,1,78.800000,13C-Dec602,Resin:13C10-Dechlorane 602,%,45.24500,-80.87472
201705001,2018-02-28 15:06:00,CCGS LIMNOS,GEORGIAN BAY,9,451442,-805229,17,77.50,2017-05-22 04:32:00,3029,12.10,.00,,,0,93.500000,13C-DPAnti,Resin:13C10-DP Anti,%,45.24500,-80.87472
201705001,2018-02-28 15:06:00,CCGS LIMNOS,GEORGIAN BAY,9,451442,-805229,17,77.50,2017-05-22 04:32:00,3029,12.10,.00,,,1,83.900000,13C-DPAnti,Resin:13C10-DP Anti,%,45.24500,-80.87472
201705001,2018-02-28 15:06:00,CCGS LIMNOS,GEORGIAN BAY,9,451442,-805229,17,77.50,2017-05-22 04:32:00,3030,12.10,.00,,,0,96.600000,13C-DPSyn,Resin:13C10-DP Syn,%,45.24500,-80.87472
201705001,2018-02-28 15:06:00,CCGS LIMNOS,GEORGIAN BAY,9,451442,-805229,17,77.50,2017-05-22 04:32:00,3030,12.10,.00,,,1,85.000000,13C-DPSyn,Resin:13C10-DP Syn,%,45.24500,-80.87472
