CRUISE_PLAN,LAST_DATE_UPDATED,SHIP_NAME,WATER_BODY,CSN,LATITUDE,LONGITUDE,PSN,SOUNDING,STN_DATE,CODE,DEPTH_FROM,DEPTH_TO,DETECTION,FLAG,SEQ_NO,VALUE,ABBREV,FULL_NAME,UNITS,LATITUDE_DD,LONGITUDE_DD
202405001,2025-03-04 13:55:00,CCGS LIMNOS,GEORGIAN BAY,1,454230,-813712,36,53.00,2024-09-07 09:24:00,6,.00,.00,,,0,1.000000,TPL,TEMPERATURE PROFILE LOCATION,,45.70833,-81.62000
202405001,2025-03-04 13:55:00,CCGS LIMNOS,GEORGIAN BAY,1,454230,-813712,36,53.00,2024-09-07 09:24:00,6,1.00,.00,,,0,1.000000,TPL,TEMPERATURE PROFILE LOCATION,,45.70833,-81.62000
202405001,2025-03-04 13:55:00,CCGS LIMNOS,GEORGIAN BAY,2,455445,-813541,42,28.50,2024-09-07 11:37:00,6,.00,.00,,,0,1.000000,TPL,TEMPERATURE PROFILE LOCATION,,45.91250,-81.59472
202405001,2025-03-04 13:55:00,CCGS LIMNOS,GEORGIAN BAY,2,455445,-813541,42,28.50,2024-09-07 11:37:00,6,1.00,.00,,,0,1.000000,TPL,TEMPERATURE PROFILE LOCATION,,45.91250,-81.59472
202405001,2025-03-04 13:55:00,CCGS LIMNOS,GEORGIAN BAY,2,455445,-813541,42,28.50,2024-09-07 11:37:00,6,6.00,.00,,,0,1.000000,TPL,TEMPERATURE PROFILE LOCATION,,45.91250,-81.59472
202405001,2025-03-04 13:55:00,CCGS LIMNOS,GEORGIAN BAY,2,455445,-813541,42,28.50,2024-09-07 11:37:00,6,12.00,.00,,,0,2.000000,TPL,TEMPERATURE PROFILE LOCATION,,45.91250,-81.59472
202405001,2025-03-04 13:55:00,CCGS LIMNOS,GEORGIAN BAY,2,455445,-813541,42,28.50,2024-09-07 11:37:00,6,18.00,.00,,,0,3.000000,TPL,TEMPERATURE PROFILE LOCATION,,45.91250,-81.59472
202405001,2025-03-04 13:55:00,CCGS LIMNOS,GEORGIAN BAY,2,455445,-813541,42,28.50,2024-09-07 11:37:00,6,26.50,.00,,,0,3.000000,TPL,TEMPERATURE PROFILE LOCATION,,45.91250,-81.59472
202405001,2025-03-04 13:55:00,CCGS LIMNOS,GEORGIAN BAY,3,454544,-814740,46,18.50,2024-09-07 13:56:00,6,.00,.00,,,0,1.000000,TPL,TEMPERATURE PROFILE LOCATION,,45.76222,-81.79444
202405001,2025-03-04 13:55:00,CCGS LIMNOS,GEORGIAN BAY,3,454544,-814740,46,18.50,2024-09-07 13:56:00,6,1.00,.00,,,0,1.000000,TPL,TEMPERATURE PROFILE LOCATION,,45.76222,-81.79444
202405001,2025-03-04 13:55:00,CCGS LIMNOS,GEORGIAN BAY,4,455223,-811529,39,26.00,2024-09-07 17:48:00,6,.00,.00,,,0,1.000000,TPL,TEMPERATURE PROFILE LOCATION,,45.87306,-81.25806
202405001,2025-03-04 13:55:00,CCGS LIMNOS,GEORGIAN BAY,4,455223,-811529,39,26.00,2024-09-07 17:48:00,6,1.00,.00,,,0,1.000000,TPL,TEMPERATURE PROFILE LOCATION,,45.87306,-81.25806
202405001,2025-03-04 13:55:00,CCGS LIMNOS,GEORGIAN BAY,5,455159,-805957,27,18.50,2024-09-07 19:21:00,6,.00,.00,,,0,1.000000,TPL,TEMPERATURE PROFILE LOCATION,,45.86639,-80.99917
202405001,2025-03-04 13:55:00,CCGS LIMNOS,GEORGIAN BAY,5,455159,-805957,27,18.50,2024-09-07 19:21:00,6,1.00,.00,,,0,1.000000,TPL,TEMPERATURE PROFILE LOCATION,,45.86639,-80.99917
202405001,2025-03-04 13:55:00,CCGS LIMNOS,GEORGIAN BAY,5,455159,-805957,27,18.50,2024-09-07 19:21:00,6,1.00,.00,,,1,1.000000,TPL,TEMPERATURE PROFILE LOCATION,,45.86639,-80.99917
202405001,2025-03-04 13:55:00,CCGS LIMNOS,GEORGIAN BAY,5,455159,-805957,27,18.50,2024-09-07 19:21:00,6,5.50,.00,,,0,1.000000,TPL,TEMPERATURE PROFILE LOCATION,,45.86639,-80.99917
202405001,2025-03-04 13:55:00,CCGS LIMNOS,GEORGIAN BAY,5,455159,-805957,27,18.50,2024-09-07 19:21:00,6,9.00,.00,,,0,2.000000,TPL,TEMPERATURE PROFILE LOCATION,,45.86639,-80.99917
202405001,2025-03-04 13:55:00,CCGS LIMNOS,GEORGIAN BAY,5,455159,-805957,27,18.50,2024-09-07 19:21:00,6,13.50,.00,,,0,3.000000,TPL,TEMPERATURE PROFILE LOCATION,,45.86639,-80.99917
202405001,2025-03-04 13:55:00,CCGS LIMNOS,GEORGIAN BAY,5,455159,-805957,27,18.50,2024-09-07 19:21:00,6,16.50,.00,,,0,3.000000,TPL,TEMPERATURE PROFILE LOCATION,,45.86639,-80.99917
202405001,2025-03-04 13:55:00,CCGS LIMNOS,GEORGIAN BAY,6,454959,-805358,26,22.50,2024-09-07 20:23:00,6,.00,.00,,,0,1.000000,TPL,TEMPERATURE PROFILE LOCATION,,45.83306,-80.89944
202405001,2025-03-04 13:55:00,CCGS LIMNOS,GEORGIAN BAY,6,454959,-805358,26,22.50,2024-09-07 20:23:00,6,1.00,.00,,,0,1.000000,TPL,TEMPERATURE PROFILE LOCATION,,45.83306,-80.89944
202405001,2025-03-04 13:55:00,CCGS LIMNOS,GEORGIAN BAY,7,454043,-805018,24,40.00,2024-09-07 21:56:00,6,.00,.00,,,0,1.000000,TPL,TEMPERATURE PROFILE LOCATION,,45.67861,-80.83833
202405001,2025-03-04 13:55:00,CCGS LIMNOS,GEORGIAN BAY,7,454043,-805018,24,40.00,2024-09-07 21:56:00,6,1.00,.00,,,0,1.000000,TPL,TEMPERATURE PROFILE LOCATION,,45.67861,-80.83833
202405001,2025-03-04 13:55:00,CCGS LIMNOS,GEORGIAN BAY,8,453459,-810459,29,43.00,2024-09-07 23:44:00,6,.00,.00,,,0,1.000000,TPL,TEMPERATURE PROFILE LOCATION,,45.58306,-81.08306
202405001,2025-03-04 13:55:00,CCGS LIMNOS,GEORGIAN BAY,8,453459,-810459,29,43.00,2024-09-07 23:44:00,6,1.00,.00,,,0,1.000000,TPL,TEMPERATURE PROFILE LOCATION,,45.58306,-81.08306
202405001,2025-03-04 13:55:00,CCGS LIMNOS,GEORGIAN BAY,8,453459,-810459,29,43.00,2024-09-07 23:44:00,6,15.50,.00,,,0,1.000000,TPL,TEMPERATURE PROFILE LOCATION,,45.58306,-81.08306
202405001,2025-03-04 13:55:00,CCGS LIMNOS,GEORGIAN BAY,8,453459,-810459,29,43.00,2024-09-07 23:44:00,6,20.50,.00,,,0,2.000000,TPL,TEMPERATURE PROFILE LOCATION,,45.58306,-81.08306
202405001,2025-03-04 13:55:00,CCGS LIMNOS,GEORGIAN BAY,8,453459,-810459,29,43.00,2024-09-07 23:44:00,6,26.00,.00,,,0,3.000000,TPL,TEMPERATURE PROFILE LOCATION,,45.58306,-81.08306
202405001,2025-03-04 13:55:00,CCGS LIMNOS,GEORGIAN BAY,8,453459,-810459,29,43.00,2024-09-07 23:44:00,6,33.00,.00,,,0,3.000000,TPL,TEMPERATURE PROFILE LOCATION,,45.58306,-81.08306
202405001,2025-03-04 13:55:00,CCGS LIMNOS,GEORGIAN BAY,8,453459,-810459,29,43.00,2024-09-07 23:44:00,6,40.00,.00,,,0,3.000000,TPL,TEMPERATURE PROFILE LOCATION,,45.58306,-81.08306
202405001,2025-03-04 13:55:00,CCGS LIMNOS,GEORGIAN BAY,9,450359,-811513,19,54.00,2024-09-08 04:07:00,6,.00,.00,,,0,1.000000,TPL,TEMPERATURE PROFILE LOCATION,,45.06639,-81.25361
202405001,2025-03-04 13:55:00,CCGS LIMNOS,GEORGIAN BAY,9,450359,-811513,19,54.00,2024-09-08 04:07:00,6,1.00,.00,,,0,1.000000,TPL,TEMPERATURE PROFILE LOCATION,,45.06639,-81.25361
202405001,2025-03-04 13:55:00,CCGS LIMNOS,GEORGIAN BAY,10,444302,-805123,1,90.00,2024-09-08 21:11:00,6,.00,.00,,,0,1.000000,TPL,TEMPERATURE PROFILE LOCATION,,44.71722,-80.85639
202405001,2025-03-04 13:55:00,CCGS LIMNOS,GEORGIAN BAY,10,444302,-805123,1,90.00,2024-09-08 21:11:00,6,1.00,.00,,,0,1.000000,TPL,TEMPERATURE PROFILE LOCATION,,44.71722,-80.85639
202405001,2025-03-04 13:55:00,CCGS LIMNOS,GEORGIAN BAY,10,444302,-805123,1,90.00,2024-09-08 21:11:00,6,36.00,.00,,,0,1.000000,TPL,TEMPERATURE PROFILE LOCATION,,44.71722,-80.85639
202405001,2025-03-04 13:55:00,CCGS LIMNOS,GEORGIAN BAY,10,444302,-805123,1,90.00,2024-09-08 21:11:00,6,55.50,.00,,,0,2.000000,TPL,TEMPERATURE PROFILE LOCATION,,44.71722,-80.85639
202405001,2025-03-04 13:55:00,CCGS LIMNOS,GEORGIAN BAY,10,444302,-805123,1,90.00,2024-09-08 21:11:00,6,75.00,.00,,,0,3.000000,TPL,TEMPERATURE PROFILE LOCATION,,44.71722,-80.85639
202405001,2025-03-04 13:55:00,CCGS LIMNOS,GEORGIAN BAY,10,444302,-805123,1,90.00,2024-09-08 21:11:00,6,80.00,.00,,,0,3.000000,TPL,TEMPERATURE PROFILE LOCATION,,44.71722,-80.85639
202405001,2025-03-04 13:55:00,CCGS LIMNOS,GEORGIAN BAY,10,444302,-805123,1,90.00,2024-09-08 21:11:00,6,88.00,.00,,,0,3.000000,TPL,TEMPERATURE PROFILE LOCATION,,44.71722,-80.85639
202405001,2025-03-04 13:55:00,CCGS LIMNOS,GEORGIAN BAY,11,445512,-805229,12,89.00,2024-09-08 23:08:00,6,.00,.00,,,0,1.000000,TPL,TEMPERATURE PROFILE LOCATION,,44.92000,-80.87472
202405001,2025-03-04 13:55:00,CCGS LIMNOS,GEORGIAN BAY,11,445512,-805229,12,89.00,2024-09-08 23:08:00,6,1.00,.00,,,0,1.000000,TPL,TEMPERATURE PROFILE LOCATION,,44.92000,-80.87472
202405001,2025-03-04 13:55:00,CCGS LIMNOS,GEORGIAN BAY,12,451418,-812623,31,63.50,2024-09-09 03:57:00,6,.00,.00,,,0,1.000000,TPL,TEMPERATURE PROFILE LOCATION,,45.23833,-81.43972
202405001,2025-03-04 13:55:00,CCGS LIMNOS,GEORGIAN BAY,12,451418,-812623,31,63.50,2024-09-09 03:57:00,6,1.00,.00,,,0,1.000000,TPL,TEMPERATURE PROFILE LOCATION,,45.23833,-81.43972
202405001,2025-03-04 13:55:00,CCGS LIMNOS,GEORGIAN BAY,13,451618,-813817,1614,30.50,2024-09-09 05:22:00,6,.00,.00,,,0,1.000000,TPL,TEMPERATURE PROFILE LOCATION,,45.27167,-81.63806
202405001,2025-03-04 13:55:00,CCGS LIMNOS,GEORGIAN BAY,13,451618,-813817,1614,30.50,2024-09-09 05:22:00,6,1.00,.00,,,0,1.000000,TPL,TEMPERATURE PROFILE LOCATION,,45.27167,-81.63806
202405001,2025-03-04 13:55:00,CCGS LIMNOS,GEORGIAN BAY,13,451618,-813817,1614,30.50,2024-09-09 05:22:00,6,7.00,.00,,,0,1.000000,TPL,TEMPERATURE PROFILE LOCATION,,45.27167,-81.63806
202405001,2025-03-04 13:55:00,CCGS LIMNOS,GEORGIAN BAY,13,451618,-813817,1614,30.50,2024-09-09 05:22:00,6,16.50,.00,,,0,2.000000,TPL,TEMPERATURE PROFILE LOCATION,,45.27167,-81.63806
202405001,2025-03-04 13:55:00,CCGS LIMNOS,GEORGIAN BAY,13,451618,-813817,1614,30.50,2024-09-09 05:22:00,6,20.50,.00,,,0,2.000000,TPL,TEMPERATURE PROFILE LOCATION,,45.27167,-81.63806
202405001,2025-03-04 13:55:00,CCGS LIMNOS,GEORGIAN BAY,13,451618,-813817,1614,30.50,2024-09-09 05:22:00,6,26.00,.00,,,0,3.000000,TPL,TEMPERATURE PROFILE LOCATION,,45.27167,-81.63806
202405001,2025-03-04 13:55:00,CCGS LIMNOS,GEORGIAN BAY,13,451618,-813817,1614,30.50,2024-09-09 05:22:00,6,28.50,.00,,,0,3.000000,TPL,TEMPERATURE PROFILE LOCATION,,45.27167,-81.63806
202405001,2025-03-04 13:55:00,CCGS LIMNOS,GEORGIAN BAY,14,452213,-813505,33,55.00,2024-09-09 06:59:00,6,.00,.00,,,0,1.000000,TPL,TEMPERATURE PROFILE LOCATION,,45.37028,-81.58472
202405001,2025-03-04 13:55:00,CCGS LIMNOS,GEORGIAN BAY,14,452213,-813505,33,55.00,2024-09-09 06:59:00,6,1.00,.00,,,0,1.000000,TPL,TEMPERATURE PROFILE LOCATION,,45.37028,-81.58472
202405001,2025-03-04 13:55:00,CCGS LIMNOS,GEORGIAN BAY,14,452213,-813505,33,55.00,2024-09-09 06:59:00,6,17.00,.00,,,0,1.000000,TPL,TEMPERATURE PROFILE LOCATION,,45.37028,-81.58472
202405001,2025-03-04 13:55:00,CCGS LIMNOS,GEORGIAN BAY,14,452213,-813505,33,55.00,2024-09-09 06:59:00,6,26.00,.00,,,0,2.000000,TPL,TEMPERATURE PROFILE LOCATION,,45.37028,-81.58472
202405001,2025-03-04 13:55:00,CCGS LIMNOS,GEORGIAN BAY,14,452213,-813505,33,55.00,2024-09-09 06:59:00,6,35.00,.00,,,0,3.000000,TPL,TEMPERATURE PROFILE LOCATION,,45.37028,-81.58472
202405001,2025-03-04 13:55:00,CCGS LIMNOS,GEORGIAN BAY,14,452213,-813505,33,55.00,2024-09-09 06:59:00,6,45.00,.00,,,0,3.000000,TPL,TEMPERATURE PROFILE LOCATION,,45.37028,-81.58472
202405001,2025-03-04 13:55:00,CCGS LIMNOS,GEORGIAN BAY,14,452213,-813505,33,55.00,2024-09-09 06:59:00,6,53.00,.00,,,0,3.000000,TPL,TEMPERATURE PROFILE LOCATION,,45.37028,-81.58472
202405001,2025-03-04 13:55:00,CCGS LIMNOS,GEORGIAN BAY,15,452154,-811124,21,87.50,2024-09-09 09:38:00,6,.00,.00,,,0,1.000000,TPL,TEMPERATURE PROFILE LOCATION,,45.36500,-81.19000
202405001,2025-03-04 13:55:00,CCGS LIMNOS,GEORGIAN BAY,15,452154,-811124,21,87.50,2024-09-09 09:38:00,6,1.00,.00,,,0,1.000000,TPL,TEMPERATURE PROFILE LOCATION,,45.36500,-81.19000
202405001,2025-03-04 13:55:00,CCGS LIMNOS,GEORGIAN BAY,15,452154,-811124,21,87.50,2024-09-09 09:38:00,6,1.00,.00,,,1,1.000000,TPL,TEMPERATURE PROFILE LOCATION,,45.36500,-81.19000
202405001,2025-03-04 13:55:00,CCGS LIMNOS,GEORGIAN BAY,16,451441,-805229,17,79.00,2024-09-09 11:48:00,6,.00,.00,,,0,1.000000,TPL,TEMPERATURE PROFILE LOCATION,,45.24472,-80.87472
202405001,2025-03-04 13:55:00,CCGS LIMNOS,GEORGIAN BAY,16,451441,-805229,17,79.00,2024-09-09 11:48:00,6,1.00,.00,,,0,1.000000,TPL,TEMPERATURE PROFILE LOCATION,,45.24472,-80.87472
202405001,2025-03-04 13:55:00,CCGS LIMNOS,GEORGIAN BAY,16,451441,-805229,17,79.00,2024-09-09 11:48:00,6,21.50,.00,,,0,1.000000,TPL,TEMPERATURE PROFILE LOCATION,,45.24472,-80.87472
202405001,2025-03-04 13:55:00,CCGS LIMNOS,GEORGIAN BAY,16,451441,-805229,17,79.00,2024-09-09 11:48:00,6,32.00,.00,,,0,2.000000,TPL,TEMPERATURE PROFILE LOCATION,,45.24472,-80.87472
202405001,2025-03-04 13:55:00,CCGS LIMNOS,GEORGIAN BAY,16,451441,-805229,17,79.00,2024-09-09 11:48:00,6,42.00,.00,,,0,3.000000,TPL,TEMPERATURE PROFILE LOCATION,,45.24472,-80.87472
202405001,2025-03-04 13:55:00,CCGS LIMNOS,GEORGIAN BAY,16,451441,-805229,17,79.00,2024-09-09 11:48:00,6,69.00,.00,,,0,3.000000,TPL,TEMPERATURE PROFILE LOCATION,,45.24472,-80.87472
202405001,2025-03-04 13:55:00,CCGS LIMNOS,GEORGIAN BAY,16,451441,-805229,17,79.00,2024-09-09 11:48:00,6,77.00,.00,,,0,3.000000,TPL,TEMPERATURE PROFILE LOCATION,,45.24472,-80.87472
202405001,2025-03-04 13:55:00,CCGS LIMNOS,GEORGIAN BAY,17,445515,-803620,11,62.00,2024-09-09 15:13:00,6,.00,.00,,,0,1.000000,TPL,TEMPERATURE PROFILE LOCATION,,44.92083,-80.60556
202405001,2025-03-04 13:55:00,CCGS LIMNOS,GEORGIAN BAY,17,445515,-803620,11,62.00,2024-09-09 15:13:00,6,1.00,.00,,,0,1.000000,TPL,TEMPERATURE PROFILE LOCATION,,44.92083,-80.60556
202405001,2025-03-04 13:55:00,CCGS LIMNOS,GEORGIAN BAY,18,444330,-803658,3,30.50,2024-09-09 16:59:00,6,.00,.00,,,0,1.000000,TPL,TEMPERATURE PROFILE LOCATION,,44.72500,-80.61611
202405001,2025-03-04 13:55:00,CCGS LIMNOS,GEORGIAN BAY,18,444330,-803658,3,30.50,2024-09-09 16:59:00,6,1.00,.00,,,0,1.000000,TPL,TEMPERATURE PROFILE LOCATION,,44.72500,-80.61611
202405001,2025-03-04 13:55:00,CCGS LIMNOS,GEORGIAN BAY,19,444412,-802604,6,86.50,2024-09-09 18:09:00,6,.00,.00,,,0,1.000000,TPL,TEMPERATURE PROFILE LOCATION,,44.73667,-80.43444
202405001,2025-03-04 13:55:00,CCGS LIMNOS,GEORGIAN BAY,19,444412,-802604,6,86.50,2024-09-09 18:09:00,6,1.00,.00,,,0,1.000000,TPL,TEMPERATURE PROFILE LOCATION,,44.73667,-80.43444
202405001,2025-03-04 13:55:00,CCGS LIMNOS,GEORGIAN BAY,20,443844,-800959,4,58.00,2024-09-09 20:02:00,6,.00,.00,,,0,1.000000,TPL,TEMPERATURE PROFILE LOCATION,,44.64556,-80.16639
202405001,2025-03-04 13:55:00,CCGS LIMNOS,GEORGIAN BAY,20,443844,-800959,4,58.00,2024-09-09 20:02:00,6,1.00,.00,,,0,1.000000,TPL,TEMPERATURE PROFILE LOCATION,,44.64556,-80.16639
202405001,2025-03-04 13:55:00,CCGS LIMNOS,GEORGIAN BAY,20,443844,-800959,4,58.00,2024-09-09 20:02:00,6,34.00,.00,,,0,1.000000,TPL,TEMPERATURE PROFILE LOCATION,,44.64556,-80.16639
202405001,2025-03-04 13:55:00,CCGS LIMNOS,GEORGIAN BAY,20,443844,-800959,4,58.00,2024-09-09 20:02:00,6,41.00,.00,,,0,2.000000,TPL,TEMPERATURE PROFILE LOCATION,,44.64556,-80.16639
202405001,2025-03-04 13:55:00,CCGS LIMNOS,GEORGIAN BAY,20,443844,-800959,4,58.00,2024-09-09 20:02:00,6,48.00,.00,,,0,3.000000,TPL,TEMPERATURE PROFILE LOCATION,,44.64556,-80.16639
202405001,2025-03-04 13:55:00,CCGS LIMNOS,GEORGIAN BAY,20,443844,-800959,4,58.00,2024-09-09 20:02:00,6,56.00,.00,,,0,3.000000,TPL,TEMPERATURE PROFILE LOCATION,,44.64556,-80.16639
202405001,2025-03-04 13:55:00,CCGS LIMNOS,GEORGIAN BAY,21,444747,-801435,5,58.50,2024-09-09 21:44:00,6,.00,.00,,,0,1.000000,TPL,TEMPERATURE PROFILE LOCATION,,44.79639,-80.24306
202405001,2025-03-04 13:55:00,CCGS LIMNOS,GEORGIAN BAY,21,444747,-801435,5,58.50,2024-09-09 21:44:00,6,1.00,.00,,,0,1.000000,TPL,TEMPERATURE PROFILE LOCATION,,44.79639,-80.24306
202405001,2025-03-04 13:55:00,CCGS LIMNOS,GEORGIAN BAY,22,445709,-800855,8,50.50,2024-09-09 23:31:00,6,.00,.00,,,0,1.000000,TPL,TEMPERATURE PROFILE LOCATION,,44.95250,-80.14861
202405001,2025-03-04 13:55:00,CCGS LIMNOS,GEORGIAN BAY,22,445709,-800855,8,50.50,2024-09-09 23:31:00,6,1.00,.00,,,0,1.000000,TPL,TEMPERATURE PROFILE LOCATION,,44.95250,-80.14861
202405001,2025-03-04 13:55:00,CCGS LIMNOS,GEORGIAN BAY,23,445217,-795804,9,28.50,2024-09-10 01:00:00,6,.00,.00,,,0,1.000000,TPL,TEMPERATURE PROFILE LOCATION,,44.87139,-79.96778
202405001,2025-03-04 13:55:00,CCGS LIMNOS,GEORGIAN BAY,23,445217,-795804,9,28.50,2024-09-10 01:00:00,6,1.00,.00,,,0,1.000000,TPL,TEMPERATURE PROFILE LOCATION,,44.87139,-79.96778
202405001,2025-03-04 13:55:00,CCGS LIMNOS,GEORGIAN BAY,23,445217,-795804,9,28.50,2024-09-10 01:00:00,6,10.00,.00,,,0,1.000000,TPL,TEMPERATURE PROFILE LOCATION,,44.87139,-79.96778
202405001,2025-03-04 13:55:00,CCGS LIMNOS,GEORGIAN BAY,23,445217,-795804,9,28.50,2024-09-10 01:00:00,6,25.00,.00,,,0,1.000000,TPL,TEMPERATURE PROFILE LOCATION,,44.87139,-79.96778
202405001,2025-03-04 13:55:00,CCGS LIMNOS,GEORGIAN BAY,23,445217,-795804,9,28.50,2024-09-10 01:00:00,6,26.50,.00,,,0,1.000000,TPL,TEMPERATURE PROFILE LOCATION,,44.87139,-79.96778
202405001,2025-03-04 13:55:00,CCGS LIMNOS,GEORGIAN BAY,24,451000,-801747,15,46.00,2024-09-10 04:28:00,6,.00,.00,,,0,1.000000,TPL,TEMPERATURE PROFILE LOCATION,,45.16667,-80.29639
202405001,2025-03-04 13:55:00,CCGS LIMNOS,GEORGIAN BAY,24,451000,-801747,15,46.00,2024-09-10 04:28:00,6,1.00,.00,,,0,1.000000,TPL,TEMPERATURE PROFILE LOCATION,,45.16667,-80.29639
202405001,2025-03-04 13:55:00,CCGS LIMNOS,GEORGIAN BAY,25,452113,-802911,16,19.50,2024-09-10 06:28:00,6,.00,.00,,,0,1.000000,TPL,TEMPERATURE PROFILE LOCATION,,45.35361,-80.48639
202405001,2025-03-04 13:55:00,CCGS LIMNOS,GEORGIAN BAY,25,452113,-802911,16,19.50,2024-09-10 06:28:00,6,1.00,.00,,,0,1.000000,TPL,TEMPERATURE PROFILE LOCATION,,45.35361,-80.48639
202405001,2025-03-04 13:55:00,CCGS LIMNOS,GEORGIAN BAY,25,452113,-802911,16,19.50,2024-09-10 06:28:00,6,1.00,.00,,,1,1.000000,TPL,TEMPERATURE PROFILE LOCATION,,45.35361,-80.48639
202405001,2025-03-04 13:55:00,CCGS LIMNOS,GEORGIAN BAY,26,451929,-800700,122,96.50,2024-09-10 08:54:00,6,.00,.00,,,0,1.000000,TPL,TEMPERATURE PROFILE LOCATION,,45.32472,-80.11667
202405001,2025-03-04 13:55:00,CCGS LIMNOS,GEORGIAN BAY,26,451929,-800700,122,96.50,2024-09-10 08:54:00,6,1.00,.00,,,0,1.000000,TPL,TEMPERATURE PROFILE LOCATION,,45.32472,-80.11667
202405001,2025-03-04 13:55:00,CCGS LIMNOS,GEORGIAN BAY,2,455445,-813541,42,28.50,2024-09-07 11:37:00,30,.00,.00,,,0,8.500000,SECCHI,SECCHI DISC DEPTH,METRE,45.91250,-81.59472
202405001,2025-03-04 13:55:00,CCGS LIMNOS,GEORGIAN BAY,3,454544,-814740,46,18.50,2024-09-07 13:56:00,30,.00,.00,,,0,5.500000,SECCHI,SECCHI DISC DEPTH,METRE,45.76222,-81.79444
202405001,2025-03-04 13:55:00,CCGS LIMNOS,GEORGIAN BAY,4,455223,-811529,39,26.00,2024-09-07 17:48:00,30,.00,.00,,,0,8.500000,SECCHI,SECCHI DISC DEPTH,METRE,45.87306,-81.25806
202405001,2025-03-04 13:55:00,CCGS LIMNOS,GEORGIAN BAY,5,455159,-805957,27,18.50,2024-09-07 19:21:00,30,.00,.00,,,0,7.000000,SECCHI,SECCHI DISC DEPTH,METRE,45.86639,-80.99917
202405001,2025-03-04 13:55:00,CCGS LIMNOS,GEORGIAN BAY,6,454959,-805358,26,22.50,2024-09-07 20:23:00,30,.00,.00,,,0,8.000000,SECCHI,SECCHI DISC DEPTH,METRE,45.83306,-80.89944
202405001,2025-03-04 13:55:00,CCGS LIMNOS,GEORGIAN BAY,7,454043,-805018,24,40.00,2024-09-07 21:56:00,30,.00,.00,,,0,10.000000,SECCHI,SECCHI DISC DEPTH,METRE,45.67861,-80.83833
202405001,2025-03-04 13:55:00,CCGS LIMNOS,GEORGIAN BAY,10,444302,-805123,1,90.00,2024-09-08 21:11:00,30,.00,.00,,,0,10.000000,SECCHI,SECCHI DISC DEPTH,METRE,44.71722,-80.85639
202405001,2025-03-04 13:55:00,CCGS LIMNOS,GEORGIAN BAY,11,445512,-805229,12,89.00,2024-09-08 23:08:00,30,.00,.00,,,0,10.000000,SECCHI,SECCHI DISC DEPTH,METRE,44.92000,-80.87472
202405001,2025-03-04 13:55:00,CCGS LIMNOS,GEORGIAN BAY,16,451441,-805229,17,79.00,2024-09-09 11:48:00,30,.00,.00,,,0,10.000000,SECCHI,SECCHI DISC DEPTH,METRE,45.24472,-80.87472
202405001,2025-03-04 13:55:00,CCGS LIMNOS,GEORGIAN BAY,17,445515,-803620,11,62.00,2024-09-09 15:13:00,30,.00,.00,,,0,11.000000,SECCHI,SECCHI DISC DEPTH,METRE,44.92083,-80.60556
202405001,2025-03-04 13:55:00,CCGS LIMNOS,GEORGIAN BAY,18,444330,-803658,3,30.50,2024-09-09 16:59:00,30,.00,.00,,,0,11.000000,SECCHI,SECCHI DISC DEPTH,METRE,44.72500,-80.61611
202405001,2025-03-04 13:55:00,CCGS LIMNOS,GEORGIAN BAY,19,444412,-802604,6,86.50,2024-09-09 18:09:00,30,.00,.00,,,0,11.000000,SECCHI,SECCHI DISC DEPTH,METRE,44.73667,-80.43444
202405001,2025-03-04 13:55:00,CCGS LIMNOS,GEORGIAN BAY,20,443844,-800959,4,58.00,2024-09-09 20:02:00,30,.00,.00,,,0,11.000000,SECCHI,SECCHI DISC DEPTH,METRE,44.64556,-80.16639
202405001,2025-03-04 13:55:00,CCGS LIMNOS,GEORGIAN BAY,21,444747,-801435,5,58.50,2024-09-09 21:44:00,30,.00,.00,,,0,10.000000,SECCHI,SECCHI DISC DEPTH,METRE,44.79639,-80.24306
202405001,2025-03-04 13:55:00,CCGS LIMNOS,GEORGIAN BAY,22,445709,-800855,8,50.50,2024-09-09 23:31:00,30,.00,.00,,,0,10.000000,SECCHI,SECCHI DISC DEPTH,METRE,44.95250,-80.14861
202405001,2025-03-04 13:55:00,CCGS LIMNOS,GEORGIAN BAY,1,454230,-813712,36,53.00,2024-09-07 09:24:00,100,.00,.00,,,0,17.000000,TEMP,TEMPERATURE (OF WATER),DEG C,45.70833,-81.62000
202405001,2025-03-04 13:55:00,CCGS LIMNOS,GEORGIAN BAY,2,455445,-813541,42,28.50,2024-09-07 11:37:00,100,.00,.00,,,0,17.500000,TEMP,TEMPERATURE (OF WATER),DEG C,45.91250,-81.59472
202405001,2025-03-04 13:55:00,CCGS LIMNOS,GEORGIAN BAY,3,454544,-814740,46,18.50,2024-09-07 13:56:00,100,.00,.00,,,0,17.000000,TEMP,TEMPERATURE (OF WATER),DEG C,45.76222,-81.79444
202405001,2025-03-04 13:55:00,CCGS LIMNOS,GEORGIAN BAY,4,455223,-811529,39,26.00,2024-09-07 17:48:00,100,.00,.00,,,0,16.500000,TEMP,TEMPERATURE (OF WATER),DEG C,45.87306,-81.25806
202405001,2025-03-04 13:55:00,CCGS LIMNOS,GEORGIAN BAY,5,455159,-805957,27,18.50,2024-09-07 19:21:00,100,.00,.00,,,0,16.000000,TEMP,TEMPERATURE (OF WATER),DEG C,45.86639,-80.99917
202405001,2025-03-04 13:55:00,CCGS LIMNOS,GEORGIAN BAY,6,454959,-805358,26,22.50,2024-09-07 20:23:00,100,.00,.00,,,0,15.500000,TEMP,TEMPERATURE (OF WATER),DEG C,45.83306,-80.89944
202405001,2025-03-04 13:55:00,CCGS LIMNOS,GEORGIAN BAY,7,454043,-805018,24,40.00,2024-09-07 21:56:00,100,.00,.00,,,0,17.000000,TEMP,TEMPERATURE (OF WATER),DEG C,45.67861,-80.83833
202405001,2025-03-04 13:55:00,CCGS LIMNOS,GEORGIAN BAY,8,453459,-810459,29,43.00,2024-09-07 23:44:00,100,.00,.00,,,0,17.500000,TEMP,TEMPERATURE (OF WATER),DEG C,45.58306,-81.08306
202405001,2025-03-04 13:55:00,CCGS LIMNOS,GEORGIAN BAY,9,450359,-811513,19,54.00,2024-09-08 04:07:00,100,.00,.00,,,0,19.000000,TEMP,TEMPERATURE (OF WATER),DEG C,45.06639,-81.25361
202405001,2025-03-04 13:55:00,CCGS LIMNOS,GEORGIAN BAY,10,444302,-805123,1,90.00,2024-09-08 21:11:00,100,.00,.00,,,0,19.500000,TEMP,TEMPERATURE (OF WATER),DEG C,44.71722,-80.85639
202405001,2025-03-04 13:55:00,CCGS LIMNOS,GEORGIAN BAY,11,445512,-805229,12,89.00,2024-09-08 23:08:00,100,.00,.00,,,0,18.500000,TEMP,TEMPERATURE (OF WATER),DEG C,44.92000,-80.87472
202405001,2025-03-04 13:55:00,CCGS LIMNOS,GEORGIAN BAY,12,451418,-812623,31,63.50,2024-09-09 03:57:00,100,.00,.00,,,0,18.000000,TEMP,TEMPERATURE (OF WATER),DEG C,45.23833,-81.43972
202405001,2025-03-04 13:55:00,CCGS LIMNOS,GEORGIAN BAY,13,451618,-813817,1614,30.50,2024-09-09 05:22:00,100,.00,.00,,,0,17.000000,TEMP,TEMPERATURE (OF WATER),DEG C,45.27167,-81.63806
202405001,2025-03-04 13:55:00,CCGS LIMNOS,GEORGIAN BAY,14,452213,-813505,33,55.00,2024-09-09 06:59:00,100,.00,.00,,,0,17.500000,TEMP,TEMPERATURE (OF WATER),DEG C,45.37028,-81.58472
202405001,2025-03-04 13:55:00,CCGS LIMNOS,GEORGIAN BAY,15,452154,-811124,21,87.50,2024-09-09 09:38:00,100,.00,.00,,,0,17.500000,TEMP,TEMPERATURE (OF WATER),DEG C,45.36500,-81.19000
202405001,2025-03-04 13:55:00,CCGS LIMNOS,GEORGIAN BAY,16,451441,-805229,17,79.00,2024-09-09 11:48:00,100,.00,.00,,,0,17.500000,TEMP,TEMPERATURE (OF WATER),DEG C,45.24472,-80.87472
202405001,2025-03-04 13:55:00,CCGS LIMNOS,GEORGIAN BAY,17,445515,-803620,11,62.00,2024-09-09 15:13:00,100,.00,.00,,,0,18.000000,TEMP,TEMPERATURE (OF WATER),DEG C,44.92083,-80.60556
202405001,2025-03-04 13:55:00,CCGS LIMNOS,GEORGIAN BAY,18,444330,-803658,3,30.50,2024-09-09 16:59:00,100,.00,.00,,,0,18.500000,TEMP,TEMPERATURE (OF WATER),DEG C,44.72500,-80.61611
202405001,2025-03-04 13:55:00,CCGS LIMNOS,GEORGIAN BAY,19,444412,-802604,6,86.50,2024-09-09 18:09:00,100,.00,.00,,,0,18.500000,TEMP,TEMPERATURE (OF WATER),DEG C,44.73667,-80.43444
202405001,2025-03-04 13:55:00,CCGS LIMNOS,GEORGIAN BAY,20,443844,-800959,4,58.00,2024-09-09 20:02:00,100,.00,.00,,,0,19.000000,TEMP,TEMPERATURE (OF WATER),DEG C,44.64556,-80.16639
202405001,2025-03-04 13:55:00,CCGS LIMNOS,GEORGIAN BAY,21,444747,-801435,5,58.50,2024-09-09 21:44:00,100,.00,.00,,,0,19.000000,TEMP,TEMPERATURE (OF WATER),DEG C,44.79639,-80.24306
202405001,2025-03-04 13:55:00,CCGS LIMNOS,GEORGIAN BAY,22,445709,-800855,8,50.50,2024-09-09 23:31:00,100,.00,.00,,,0,18.500000,TEMP,TEMPERATURE (OF WATER),DEG C,44.95250,-80.14861
202405001,2025-03-04 13:55:00,CCGS LIMNOS,GEORGIAN BAY,23,445217,-795804,9,28.50,2024-09-10 01:00:00,100,.00,.00,,,0,18.500000,TEMP,TEMPERATURE (OF WATER),DEG C,44.87139,-79.96778
202405001,2025-03-04 13:55:00,CCGS LIMNOS,GEORGIAN BAY,24,451000,-801747,15,46.00,2024-09-10 04:28:00,100,.00,.00,,,0,15.000000,TEMP,TEMPERATURE (OF WATER),DEG C,45.16667,-80.29639
202405001,2025-03-04 13:55:00,CCGS LIMNOS,GEORGIAN BAY,25,452113,-802911,16,19.50,2024-09-10 06:28:00,100,.00,.00,,,0,16.000000,TEMP,TEMPERATURE (OF WATER),DEG C,45.35361,-80.48639
202405001,2025-03-04 13:55:00,CCGS LIMNOS,GEORGIAN BAY,26,451929,-800700,122,96.50,2024-09-10 08:54:00,100,.00,.00,,,0,18.000000,TEMP,TEMPERATURE (OF WATER),DEG C,45.32472,-80.11667
202405001,2025-03-04 13:55:00,CCGS LIMNOS,GEORGIAN BAY,1,454230,-813712,36,53.00,2024-09-07 09:24:00,104,1.00,.00,,,0,17.230000,T EBT,TEMPERATURE EBT,DEG C,45.70833,-81.62000
202405001,2025-03-04 13:55:00,CCGS LIMNOS,GEORGIAN BAY,2,455445,-813541,42,28.50,2024-09-07 11:37:00,104,1.00,.00,,,0,17.610000,T EBT,TEMPERATURE EBT,DEG C,45.91250,-81.59472
202405001,2025-03-04 13:55:00,CCGS LIMNOS,GEORGIAN BAY,2,455445,-813541,42,28.50,2024-09-07 11:37:00,104,6.00,.00,,,0,17.610000,T EBT,TEMPERATURE EBT,DEG C,45.91250,-81.59472
202405001,2025-03-04 13:55:00,CCGS LIMNOS,GEORGIAN BAY,2,455445,-813541,42,28.50,2024-09-07 11:37:00,104,12.00,.00,,,0,15.950000,T EBT,TEMPERATURE EBT,DEG C,45.91250,-81.59472
202405001,2025-03-04 13:55:00,CCGS LIMNOS,GEORGIAN BAY,2,455445,-813541,42,28.50,2024-09-07 11:37:00,104,18.00,.00,,,0,9.340000,T EBT,TEMPERATURE EBT,DEG C,45.91250,-81.59472
202405001,2025-03-04 13:55:00,CCGS LIMNOS,GEORGIAN BAY,2,455445,-813541,42,28.50,2024-09-07 11:37:00,104,26.50,.00,,,0,9.280000,T EBT,TEMPERATURE EBT,DEG C,45.91250,-81.59472
202405001,2025-03-04 13:55:00,CCGS LIMNOS,GEORGIAN BAY,3,454544,-814740,46,18.50,2024-09-07 13:56:00,104,1.00,.00,,,0,17.090000,T EBT,TEMPERATURE EBT,DEG C,45.76222,-81.79444
202405001,2025-03-04 13:55:00,CCGS LIMNOS,GEORGIAN BAY,4,455223,-811529,39,26.00,2024-09-07 17:48:00,104,1.00,.00,,,0,16.660000,T EBT,TEMPERATURE EBT,DEG C,45.87306,-81.25806
202405001,2025-03-04 13:55:00,CCGS LIMNOS,GEORGIAN BAY,5,455159,-805957,27,18.50,2024-09-07 19:21:00,104,1.00,.00,,,0,16.000000,T EBT,TEMPERATURE EBT,DEG C,45.86639,-80.99917
202405001,2025-03-04 13:55:00,CCGS LIMNOS,GEORGIAN BAY,5,455159,-805957,27,18.50,2024-09-07 19:21:00,104,1.00,.00,,,1,16.000000,T EBT,TEMPERATURE EBT,DEG C,45.86639,-80.99917
202405001,2025-03-04 13:55:00,CCGS LIMNOS,GEORGIAN BAY,5,455159,-805957,27,18.50,2024-09-07 19:21:00,104,5.50,.00,,,0,16.060000,T EBT,TEMPERATURE EBT,DEG C,45.86639,-80.99917
202405001,2025-03-04 13:55:00,CCGS LIMNOS,GEORGIAN BAY,5,455159,-805957,27,18.50,2024-09-07 19:21:00,104,9.00,.00,,,0,14.330000,T EBT,TEMPERATURE EBT,DEG C,45.86639,-80.99917
202405001,2025-03-04 13:55:00,CCGS LIMNOS,GEORGIAN BAY,5,455159,-805957,27,18.50,2024-09-07 19:21:00,104,13.50,.00,,,0,10.110000,T EBT,TEMPERATURE EBT,DEG C,45.86639,-80.99917
202405001,2025-03-04 13:55:00,CCGS LIMNOS,GEORGIAN BAY,5,455159,-805957,27,18.50,2024-09-07 19:21:00,104,16.50,.00,,,0,8.850000,T EBT,TEMPERATURE EBT,DEG C,45.86639,-80.99917
202405001,2025-03-04 13:55:00,CCGS LIMNOS,GEORGIAN BAY,6,454959,-805358,26,22.50,2024-09-07 20:23:00,104,1.00,.00,,,0,15.440000,T EBT,TEMPERATURE EBT,DEG C,45.83306,-80.89944
202405001,2025-03-04 13:55:00,CCGS LIMNOS,GEORGIAN BAY,7,454043,-805018,24,40.00,2024-09-07 21:56:00,104,1.00,.00,,,0,17.160000,T EBT,TEMPERATURE EBT,DEG C,45.67861,-80.83833
202405001,2025-03-04 13:55:00,CCGS LIMNOS,GEORGIAN BAY,8,453459,-810459,29,43.00,2024-09-07 23:44:00,104,1.00,.00,,,0,17.500000,T EBT,TEMPERATURE EBT,DEG C,45.58306,-81.08306
202405001,2025-03-04 13:55:00,CCGS LIMNOS,GEORGIAN BAY,8,453459,-810459,29,43.00,2024-09-07 23:44:00,104,15.50,.00,,,0,17.450000,T EBT,TEMPERATURE EBT,DEG C,45.58306,-81.08306
202405001,2025-03-04 13:55:00,CCGS LIMNOS,GEORGIAN BAY,8,453459,-810459,29,43.00,2024-09-07 23:44:00,104,20.50,.00,,,0,10.700000,T EBT,TEMPERATURE EBT,DEG C,45.58306,-81.08306
202405001,2025-03-04 13:55:00,CCGS LIMNOS,GEORGIAN BAY,8,453459,-810459,29,43.00,2024-09-07 23:44:00,104,26.00,.00,,,0,6.330000,T EBT,TEMPERATURE EBT,DEG C,45.58306,-81.08306
202405001,2025-03-04 13:55:00,CCGS LIMNOS,GEORGIAN BAY,8,453459,-810459,29,43.00,2024-09-07 23:44:00,104,33.00,.00,,,0,6.130000,T EBT,TEMPERATURE EBT,DEG C,45.58306,-81.08306
202405001,2025-03-04 13:55:00,CCGS LIMNOS,GEORGIAN BAY,8,453459,-810459,29,43.00,2024-09-07 23:44:00,104,40.00,.00,,,0,5.550000,T EBT,TEMPERATURE EBT,DEG C,45.58306,-81.08306
202405001,2025-03-04 13:55:00,CCGS LIMNOS,GEORGIAN BAY,9,450359,-811513,19,54.00,2024-09-08 04:07:00,104,1.00,.00,,,0,18.780000,T EBT,TEMPERATURE EBT,DEG C,45.06639,-81.25361
202405001,2025-03-04 13:55:00,CCGS LIMNOS,GEORGIAN BAY,10,444302,-805123,1,90.00,2024-09-08 21:11:00,104,1.00,.00,,,0,19.470000,T EBT,TEMPERATURE EBT,DEG C,44.71722,-80.85639
202405001,2025-03-04 13:55:00,CCGS LIMNOS,GEORGIAN BAY,10,444302,-805123,1,90.00,2024-09-08 21:11:00,104,36.00,.00,,,0,18.980000,T EBT,TEMPERATURE EBT,DEG C,44.71722,-80.85639
202405001,2025-03-04 13:55:00,CCGS LIMNOS,GEORGIAN BAY,10,444302,-805123,1,90.00,2024-09-08 21:11:00,104,55.50,.00,,,0,5.780000,T EBT,TEMPERATURE EBT,DEG C,44.71722,-80.85639
202405001,2025-03-04 13:55:00,CCGS LIMNOS,GEORGIAN BAY,10,444302,-805123,1,90.00,2024-09-08 21:11:00,104,75.00,.00,,,0,4.250000,T EBT,TEMPERATURE EBT,DEG C,44.71722,-80.85639
202405001,2025-03-04 13:55:00,CCGS LIMNOS,GEORGIAN BAY,10,444302,-805123,1,90.00,2024-09-08 21:11:00,104,80.00,.00,,,0,4.220000,T EBT,TEMPERATURE EBT,DEG C,44.71722,-80.85639
202405001,2025-03-04 13:55:00,CCGS LIMNOS,GEORGIAN BAY,10,444302,-805123,1,90.00,2024-09-08 21:11:00,104,88.00,.00,,,0,4.190000,T EBT,TEMPERATURE EBT,DEG C,44.71722,-80.85639
202405001,2025-03-04 13:55:00,CCGS LIMNOS,GEORGIAN BAY,11,445512,-805229,12,89.00,2024-09-08 23:08:00,104,1.00,.00,,,0,18.630000,T EBT,TEMPERATURE EBT,DEG C,44.92000,-80.87472
202405001,2025-03-04 13:55:00,CCGS LIMNOS,GEORGIAN BAY,12,451418,-812623,31,63.50,2024-09-09 03:57:00,104,1.00,.00,,,0,17.990000,T EBT,TEMPERATURE EBT,DEG C,45.23833,-81.43972
202405001,2025-03-04 13:55:00,CCGS LIMNOS,GEORGIAN BAY,13,451618,-813817,1614,30.50,2024-09-09 05:22:00,104,1.00,.00,,,0,16.970000,T EBT,TEMPERATURE EBT,DEG C,45.27167,-81.63806
202405001,2025-03-04 13:55:00,CCGS LIMNOS,GEORGIAN BAY,13,451618,-813817,1614,30.50,2024-09-09 05:22:00,104,7.00,.00,,,0,16.960000,T EBT,TEMPERATURE EBT,DEG C,45.27167,-81.63806
202405001,2025-03-04 13:55:00,CCGS LIMNOS,GEORGIAN BAY,13,451618,-813817,1614,30.50,2024-09-09 05:22:00,104,16.50,.00,,,0,15.570000,T EBT,TEMPERATURE EBT,DEG C,45.27167,-81.63806
202405001,2025-03-04 13:55:00,CCGS LIMNOS,GEORGIAN BAY,13,451618,-813817,1614,30.50,2024-09-09 05:22:00,104,20.50,.00,,,0,7.550000,T EBT,TEMPERATURE EBT,DEG C,45.27167,-81.63806
202405001,2025-03-04 13:55:00,CCGS LIMNOS,GEORGIAN BAY,13,451618,-813817,1614,30.50,2024-09-09 05:22:00,104,26.00,.00,,,0,6.200000,T EBT,TEMPERATURE EBT,DEG C,45.27167,-81.63806
202405001,2025-03-04 13:55:00,CCGS LIMNOS,GEORGIAN BAY,13,451618,-813817,1614,30.50,2024-09-09 05:22:00,104,28.50,.00,,,0,5.330000,T EBT,TEMPERATURE EBT,DEG C,45.27167,-81.63806
202405001,2025-03-04 13:55:00,CCGS LIMNOS,GEORGIAN BAY,14,452213,-813505,33,55.00,2024-09-09 06:59:00,104,1.00,.00,,,0,17.530000,T EBT,TEMPERATURE EBT,DEG C,45.37028,-81.58472
202405001,2025-03-04 13:55:00,CCGS LIMNOS,GEORGIAN BAY,14,452213,-813505,33,55.00,2024-09-09 06:59:00,104,17.00,.00,,,0,17.540000,T EBT,TEMPERATURE EBT,DEG C,45.37028,-81.58472
202405001,2025-03-04 13:55:00,CCGS LIMNOS,GEORGIAN BAY,14,452213,-813505,33,55.00,2024-09-09 06:59:00,104,26.00,.00,,,0,6.610000,T EBT,TEMPERATURE EBT,DEG C,45.37028,-81.58472
202405001,2025-03-04 13:55:00,CCGS LIMNOS,GEORGIAN BAY,14,452213,-813505,33,55.00,2024-09-09 06:59:00,104,35.00,.00,,,0,6.130000,T EBT,TEMPERATURE EBT,DEG C,45.37028,-81.58472
202405001,2025-03-04 13:55:00,CCGS LIMNOS,GEORGIAN BAY,14,452213,-813505,33,55.00,2024-09-09 06:59:00,104,45.00,.00,,,0,5.940000,T EBT,TEMPERATURE EBT,DEG C,45.37028,-81.58472
202405001,2025-03-04 13:55:00,CCGS LIMNOS,GEORGIAN BAY,14,452213,-813505,33,55.00,2024-09-09 06:59:00,104,53.00,.00,,,0,5.620000,T EBT,TEMPERATURE EBT,DEG C,45.37028,-81.58472
202405001,2025-03-04 13:55:00,CCGS LIMNOS,GEORGIAN BAY,15,452154,-811124,21,87.50,2024-09-09 09:38:00,104,1.00,.00,,,0,17.600000,T EBT,TEMPERATURE EBT,DEG C,45.36500,-81.19000
202405001,2025-03-04 13:55:00,CCGS LIMNOS,GEORGIAN BAY,15,452154,-811124,21,87.50,2024-09-09 09:38:00,104,1.00,.00,,,1,17.600000,T EBT,TEMPERATURE EBT,DEG C,45.36500,-81.19000
202405001,2025-03-04 13:55:00,CCGS LIMNOS,GEORGIAN BAY,16,451441,-805229,17,79.00,2024-09-09 11:48:00,104,1.00,.00,,,0,17.580000,T EBT,TEMPERATURE EBT,DEG C,45.24472,-80.87472
202405001,2025-03-04 13:55:00,CCGS LIMNOS,GEORGIAN BAY,16,451441,-805229,17,79.00,2024-09-09 11:48:00,104,21.50,.00,,,0,17.580000,T EBT,TEMPERATURE EBT,DEG C,45.24472,-80.87472
202405001,2025-03-04 13:55:00,CCGS LIMNOS,GEORGIAN BAY,16,451441,-805229,17,79.00,2024-09-09 11:48:00,104,32.00,.00,,,0,5.480000,T EBT,TEMPERATURE EBT,DEG C,45.24472,-80.87472
202405001,2025-03-04 13:55:00,CCGS LIMNOS,GEORGIAN BAY,16,451441,-805229,17,79.00,2024-09-09 11:48:00,104,42.00,.00,,,0,4.790000,T EBT,TEMPERATURE EBT,DEG C,45.24472,-80.87472
202405001,2025-03-04 13:55:00,CCGS LIMNOS,GEORGIAN BAY,16,451441,-805229,17,79.00,2024-09-09 11:48:00,104,69.00,.00,,,0,4.480000,T EBT,TEMPERATURE EBT,DEG C,45.24472,-80.87472
202405001,2025-03-04 13:55:00,CCGS LIMNOS,GEORGIAN BAY,16,451441,-805229,17,79.00,2024-09-09 11:48:00,104,77.00,.00,,,0,4.480000,T EBT,TEMPERATURE EBT,DEG C,45.24472,-80.87472
202405001,2025-03-04 13:55:00,CCGS LIMNOS,GEORGIAN BAY,17,445515,-803620,11,62.00,2024-09-09 15:13:00,104,1.00,.00,,,0,18.080000,T EBT,TEMPERATURE EBT,DEG C,44.92083,-80.60556
202405001,2025-03-04 13:55:00,CCGS LIMNOS,GEORGIAN BAY,18,444330,-803658,3,30.50,2024-09-09 16:59:00,104,1.00,.00,,,0,18.600000,T EBT,TEMPERATURE EBT,DEG C,44.72500,-80.61611
202405001,2025-03-04 13:55:00,CCGS LIMNOS,GEORGIAN BAY,19,444412,-802604,6,86.50,2024-09-09 18:09:00,104,1.00,.00,,,0,18.690000,T EBT,TEMPERATURE EBT,DEG C,44.73667,-80.43444
202405001,2025-03-04 13:55:00,CCGS LIMNOS,GEORGIAN BAY,20,443844,-800959,4,58.00,2024-09-09 20:02:00,104,1.00,.00,,,0,19.130000,T EBT,TEMPERATURE EBT,DEG C,44.64556,-80.16639
202405001,2025-03-04 13:55:00,CCGS LIMNOS,GEORGIAN BAY,20,443844,-800959,4,58.00,2024-09-09 20:02:00,104,34.00,.00,,,0,18.600000,T EBT,TEMPERATURE EBT,DEG C,44.64556,-80.16639
202405001,2025-03-04 13:55:00,CCGS LIMNOS,GEORGIAN BAY,20,443844,-800959,4,58.00,2024-09-09 20:02:00,104,41.00,.00,,,0,8.030000,T EBT,TEMPERATURE EBT,DEG C,44.64556,-80.16639
202405001,2025-03-04 13:55:00,CCGS LIMNOS,GEORGIAN BAY,20,443844,-800959,4,58.00,2024-09-09 20:02:00,104,48.00,.00,,,0,5.770000,T EBT,TEMPERATURE EBT,DEG C,44.64556,-80.16639
202405001,2025-03-04 13:55:00,CCGS LIMNOS,GEORGIAN BAY,20,443844,-800959,4,58.00,2024-09-09 20:02:00,104,56.00,.00,,,0,5.520000,T EBT,TEMPERATURE EBT,DEG C,44.64556,-80.16639
202405001,2025-03-04 13:55:00,CCGS LIMNOS,GEORGIAN BAY,21,444747,-801435,5,58.50,2024-09-09 21:44:00,104,1.00,.00,,,0,19.400000,T EBT,TEMPERATURE EBT,DEG C,44.79639,-80.24306
202405001,2025-03-04 13:55:00,CCGS LIMNOS,GEORGIAN BAY,22,445709,-800855,8,50.50,2024-09-09 23:31:00,104,1.00,.00,,,0,18.750000,T EBT,TEMPERATURE EBT,DEG C,44.95250,-80.14861
202405001,2025-03-04 13:55:00,CCGS LIMNOS,GEORGIAN BAY,23,445217,-795804,9,28.50,2024-09-10 01:00:00,104,1.00,.00,,,0,18.570000,T EBT,TEMPERATURE EBT,DEG C,44.87139,-79.96778
202405001,2025-03-04 13:55:00,CCGS LIMNOS,GEORGIAN BAY,23,445217,-795804,9,28.50,2024-09-10 01:00:00,104,10.00,.00,,,0,18.550000,T EBT,TEMPERATURE EBT,DEG C,44.87139,-79.96778
202405001,2025-03-04 13:55:00,CCGS LIMNOS,GEORGIAN BAY,23,445217,-795804,9,28.50,2024-09-10 01:00:00,104,25.00,.00,,,0,18.470000,T EBT,TEMPERATURE EBT,DEG C,44.87139,-79.96778
202405001,2025-03-04 13:55:00,CCGS LIMNOS,GEORGIAN BAY,23,445217,-795804,9,28.50,2024-09-10 01:00:00,104,26.50,.00,,,0,18.410000,T EBT,TEMPERATURE EBT,DEG C,44.87139,-79.96778
202405001,2025-03-04 13:55:00,CCGS LIMNOS,GEORGIAN BAY,24,451000,-801747,15,46.00,2024-09-10 04:28:00,104,1.00,.00,,,0,15.210000,T EBT,TEMPERATURE EBT,DEG C,45.16667,-80.29639
202405001,2025-03-04 13:55:00,CCGS LIMNOS,GEORGIAN BAY,25,452113,-802911,16,19.50,2024-09-10 06:28:00,104,1.00,.00,,,0,16.380000,T EBT,TEMPERATURE EBT,DEG C,45.35361,-80.48639
202405001,2025-03-04 13:55:00,CCGS LIMNOS,GEORGIAN BAY,25,452113,-802911,16,19.50,2024-09-10 06:28:00,104,1.00,.00,,,1,16.380000,T EBT,TEMPERATURE EBT,DEG C,45.35361,-80.48639
202405001,2025-03-04 13:55:00,CCGS LIMNOS,GEORGIAN BAY,26,451929,-800700,122,96.50,2024-09-10 08:54:00,104,1.00,.00,,,0,18.280000,T EBT,TEMPERATURE EBT,DEG C,45.32472,-80.11667
202405001,2025-03-04 13:55:00,CCGS LIMNOS,GEORGIAN BAY,1,454230,-813712,36,53.00,2024-09-07 09:24:00,124,1.00,.00,,,0,86.000000,TRANS,TRANSPARENCY,PERCENT,45.70833,-81.62000
202405001,2025-03-04 13:55:00,CCGS LIMNOS,GEORGIAN BAY,2,455445,-813541,42,28.50,2024-09-07 11:37:00,124,1.00,.00,,,0,86.000000,TRANS,TRANSPARENCY,PERCENT,45.91250,-81.59472
202405001,2025-03-04 13:55:00,CCGS LIMNOS,GEORGIAN BAY,3,454544,-814740,46,18.50,2024-09-07 13:56:00,124,1.00,.00,,,0,81.000000,TRANS,TRANSPARENCY,PERCENT,45.76222,-81.79444
202405001,2025-03-04 13:55:00,CCGS LIMNOS,GEORGIAN BAY,4,455223,-811529,39,26.00,2024-09-07 17:48:00,124,1.00,.00,,,0,87.000000,TRANS,TRANSPARENCY,PERCENT,45.87306,-81.25806
202405001,2025-03-04 13:55:00,CCGS LIMNOS,GEORGIAN BAY,5,455159,-805957,27,18.50,2024-09-07 19:21:00,124,1.00,.00,,,0,85.000000,TRANS,TRANSPARENCY,PERCENT,45.86639,-80.99917
202405001,2025-03-04 13:55:00,CCGS LIMNOS,GEORGIAN BAY,6,454959,-805358,26,22.50,2024-09-07 20:23:00,124,1.00,.00,,,0,87.000000,TRANS,TRANSPARENCY,PERCENT,45.83306,-80.89944
202405001,2025-03-04 13:55:00,CCGS LIMNOS,GEORGIAN BAY,7,454043,-805018,24,40.00,2024-09-07 21:56:00,124,1.00,.00,,,0,87.000000,TRANS,TRANSPARENCY,PERCENT,45.67861,-80.83833
202405001,2025-03-04 13:55:00,CCGS LIMNOS,GEORGIAN BAY,8,453459,-810459,29,43.00,2024-09-07 23:44:00,124,1.00,.00,,,0,87.000000,TRANS,TRANSPARENCY,PERCENT,45.58306,-81.08306
202405001,2025-03-04 13:55:00,CCGS LIMNOS,GEORGIAN BAY,9,450359,-811513,19,54.00,2024-09-08 04:07:00,124,1.00,.00,,,0,88.000000,TRANS,TRANSPARENCY,PERCENT,45.06639,-81.25361
202405001,2025-03-04 13:55:00,CCGS LIMNOS,GEORGIAN BAY,10,444302,-805123,1,90.00,2024-09-08 21:11:00,124,1.00,.00,,,0,87.000000,TRANS,TRANSPARENCY,PERCENT,44.71722,-80.85639
202405001,2025-03-04 13:55:00,CCGS LIMNOS,GEORGIAN BAY,11,445512,-805229,12,89.00,2024-09-08 23:08:00,124,1.00,.00,,,0,88.000000,TRANS,TRANSPARENCY,PERCENT,44.92000,-80.87472
202405001,2025-03-04 13:55:00,CCGS LIMNOS,GEORGIAN BAY,12,451418,-812623,31,63.50,2024-09-09 03:57:00,124,1.00,.00,,,0,88.000000,TRANS,TRANSPARENCY,PERCENT,45.23833,-81.43972
202405001,2025-03-04 13:55:00,CCGS LIMNOS,GEORGIAN BAY,13,451618,-813817,1614,30.50,2024-09-09 05:22:00,124,1.00,.00,,,0,88.000000,TRANS,TRANSPARENCY,PERCENT,45.27167,-81.63806
202405001,2025-03-04 13:55:00,CCGS LIMNOS,GEORGIAN BAY,14,452213,-813505,33,55.00,2024-09-09 06:59:00,124,1.00,.00,,,0,87.000000,TRANS,TRANSPARENCY,PERCENT,45.37028,-81.58472
202405001,2025-03-04 13:55:00,CCGS LIMNOS,GEORGIAN BAY,15,452154,-811124,21,87.50,2024-09-09 09:38:00,124,1.00,.00,,,0,88.000000,TRANS,TRANSPARENCY,PERCENT,45.36500,-81.19000
202405001,2025-03-04 13:55:00,CCGS LIMNOS,GEORGIAN BAY,16,451441,-805229,17,79.00,2024-09-09 11:48:00,124,1.00,.00,,,0,88.000000,TRANS,TRANSPARENCY,PERCENT,45.24472,-80.87472
202405001,2025-03-04 13:55:00,CCGS LIMNOS,GEORGIAN BAY,17,445515,-803620,11,62.00,2024-09-09 15:13:00,124,1.00,.00,,,0,88.000000,TRANS,TRANSPARENCY,PERCENT,44.92083,-80.60556
202405001,2025-03-04 13:55:00,CCGS LIMNOS,GEORGIAN BAY,18,444330,-803658,3,30.50,2024-09-09 16:59:00,124,1.00,.00,,,0,89.000000,TRANS,TRANSPARENCY,PERCENT,44.72500,-80.61611
202405001,2025-03-04 13:55:00,CCGS LIMNOS,GEORGIAN BAY,19,444412,-802604,6,86.50,2024-09-09 18:09:00,124,1.00,.00,,,0,89.000000,TRANS,TRANSPARENCY,PERCENT,44.73667,-80.43444
202405001,2025-03-04 13:55:00,CCGS LIMNOS,GEORGIAN BAY,20,443844,-800959,4,58.00,2024-09-09 20:02:00,124,1.00,.00,,,0,88.000000,TRANS,TRANSPARENCY,PERCENT,44.64556,-80.16639
202405001,2025-03-04 13:55:00,CCGS LIMNOS,GEORGIAN BAY,21,444747,-801435,5,58.50,2024-09-09 21:44:00,124,1.00,.00,,,0,88.000000,TRANS,TRANSPARENCY,PERCENT,44.79639,-80.24306
202405001,2025-03-04 13:55:00,CCGS LIMNOS,GEORGIAN BAY,22,445709,-800855,8,50.50,2024-09-09 23:31:00,124,1.00,.00,,,0,88.000000,TRANS,TRANSPARENCY,PERCENT,44.95250,-80.14861
202405001,2025-03-04 13:55:00,CCGS LIMNOS,GEORGIAN BAY,23,445217,-795804,9,28.50,2024-09-10 01:00:00,124,1.00,.00,,,0,84.000000,TRANS,TRANSPARENCY,PERCENT,44.87139,-79.96778
202405001,2025-03-04 13:55:00,CCGS LIMNOS,GEORGIAN BAY,24,451000,-801747,15,46.00,2024-09-10 04:28:00,124,1.00,.00,,,0,88.000000,TRANS,TRANSPARENCY,PERCENT,45.16667,-80.29639
202405001,2025-03-04 13:55:00,CCGS LIMNOS,GEORGIAN BAY,25,452113,-802911,16,19.50,2024-09-10 06:28:00,124,1.00,.00,,,0,87.000000,TRANS,TRANSPARENCY,PERCENT,45.35361,-80.48639
202405001,2025-03-04 13:55:00,CCGS LIMNOS,GEORGIAN BAY,26,451929,-800700,122,96.50,2024-09-10 08:54:00,124,1.00,.00,,,0,83.000000,TRANS,TRANSPARENCY,PERCENT,45.32472,-80.11667
202405001,2025-03-04 13:55:00,CCGS LIMNOS,GEORGIAN BAY,1,454230,-813712,36,53.00,2024-09-07 09:24:00,160,1.00,.00,,,0,189.000000,CON 25,SPECIFIC CONDUCTANCE 25 DEG. C,USIEMENS,45.70833,-81.62000
202405001,2025-03-04 13:55:00,CCGS LIMNOS,GEORGIAN BAY,2,455445,-813541,42,28.50,2024-09-07 11:37:00,160,1.00,.00,,,0,188.500000,CON 25,SPECIFIC CONDUCTANCE 25 DEG. C,USIEMENS,45.91250,-81.59472
202405001,2025-03-04 13:55:00,CCGS LIMNOS,GEORGIAN BAY,2,455445,-813541,42,28.50,2024-09-07 11:37:00,160,6.00,.00,,,0,189.000000,CON 25,SPECIFIC CONDUCTANCE 25 DEG. C,USIEMENS,45.91250,-81.59472
202405001,2025-03-04 13:55:00,CCGS LIMNOS,GEORGIAN BAY,2,455445,-813541,42,28.50,2024-09-07 11:37:00,160,12.00,.00,,,0,191.100000,CON 25,SPECIFIC CONDUCTANCE 25 DEG. C,USIEMENS,45.91250,-81.59472
202405001,2025-03-04 13:55:00,CCGS LIMNOS,GEORGIAN BAY,2,455445,-813541,42,28.50,2024-09-07 11:37:00,160,18.00,.00,,,0,192.500000,CON 25,SPECIFIC CONDUCTANCE 25 DEG. C,USIEMENS,45.91250,-81.59472
202405001,2025-03-04 13:55:00,CCGS LIMNOS,GEORGIAN BAY,2,455445,-813541,42,28.50,2024-09-07 11:37:00,160,26.50,.00,,,0,192.400000,CON 25,SPECIFIC CONDUCTANCE 25 DEG. C,USIEMENS,45.91250,-81.59472
202405001,2025-03-04 13:55:00,CCGS LIMNOS,GEORGIAN BAY,3,454544,-814740,46,18.50,2024-09-07 13:56:00,160,1.00,.00,,,0,186.200000,CON 25,SPECIFIC CONDUCTANCE 25 DEG. C,USIEMENS,45.76222,-81.79444
202405001,2025-03-04 13:55:00,CCGS LIMNOS,GEORGIAN BAY,4,455223,-811529,39,26.00,2024-09-07 17:48:00,160,1.00,.00,,,0,192.400000,CON 25,SPECIFIC CONDUCTANCE 25 DEG. C,USIEMENS,45.87306,-81.25806
202405001,2025-03-04 13:55:00,CCGS LIMNOS,GEORGIAN BAY,5,455159,-805957,27,18.50,2024-09-07 19:21:00,160,1.00,.00,,,0,185.800000,CON 25,SPECIFIC CONDUCTANCE 25 DEG. C,USIEMENS,45.86639,-80.99917
202405001,2025-03-04 13:55:00,CCGS LIMNOS,GEORGIAN BAY,5,455159,-805957,27,18.50,2024-09-07 19:21:00,160,1.00,.00,,,1,185.000000,CON 25,SPECIFIC CONDUCTANCE 25 DEG. C,USIEMENS,45.86639,-80.99917
202405001,2025-03-04 13:55:00,CCGS LIMNOS,GEORGIAN BAY,5,455159,-805957,27,18.50,2024-09-07 19:21:00,160,5.50,.00,,,0,185.300000,CON 25,SPECIFIC CONDUCTANCE 25 DEG. C,USIEMENS,45.86639,-80.99917
202405001,2025-03-04 13:55:00,CCGS LIMNOS,GEORGIAN BAY,5,455159,-805957,27,18.50,2024-09-07 19:21:00,160,9.00,.00,,,0,187.700000,CON 25,SPECIFIC CONDUCTANCE 25 DEG. C,USIEMENS,45.86639,-80.99917
202405001,2025-03-04 13:55:00,CCGS LIMNOS,GEORGIAN BAY,5,455159,-805957,27,18.50,2024-09-07 19:21:00,160,13.50,.00,,,0,192.300000,CON 25,SPECIFIC CONDUCTANCE 25 DEG. C,USIEMENS,45.86639,-80.99917
202405001,2025-03-04 13:55:00,CCGS LIMNOS,GEORGIAN BAY,5,455159,-805957,27,18.50,2024-09-07 19:21:00,160,16.50,.00,,,0,192.500000,CON 25,SPECIFIC CONDUCTANCE 25 DEG. C,USIEMENS,45.86639,-80.99917
202405001,2025-03-04 13:55:00,CCGS LIMNOS,GEORGIAN BAY,6,454959,-805358,26,22.50,2024-09-07 20:23:00,160,1.00,.00,,,0,187.400000,CON 25,SPECIFIC CONDUCTANCE 25 DEG. C,USIEMENS,45.83306,-80.89944
202405001,2025-03-04 13:55:00,CCGS LIMNOS,GEORGIAN BAY,7,454043,-805018,24,40.00,2024-09-07 21:56:00,160,1.00,.00,,,0,190.500000,CON 25,SPECIFIC CONDUCTANCE 25 DEG. C,USIEMENS,45.67861,-80.83833
202405001,2025-03-04 13:55:00,CCGS LIMNOS,GEORGIAN BAY,8,453459,-810459,29,43.00,2024-09-07 23:44:00,160,1.00,.00,,,0,188.200000,CON 25,SPECIFIC CONDUCTANCE 25 DEG. C,USIEMENS,45.58306,-81.08306
202405001,2025-03-04 13:55:00,CCGS LIMNOS,GEORGIAN BAY,8,453459,-810459,29,43.00,2024-09-07 23:44:00,160,15.50,.00,,,0,188.400000,CON 25,SPECIFIC CONDUCTANCE 25 DEG. C,USIEMENS,45.58306,-81.08306
202405001,2025-03-04 13:55:00,CCGS LIMNOS,GEORGIAN BAY,8,453459,-810459,29,43.00,2024-09-07 23:44:00,160,20.50,.00,,,0,193.400000,CON 25,SPECIFIC CONDUCTANCE 25 DEG. C,USIEMENS,45.58306,-81.08306
202405001,2025-03-04 13:55:00,CCGS LIMNOS,GEORGIAN BAY,8,453459,-810459,29,43.00,2024-09-07 23:44:00,160,26.00,.00,,,0,195.100000,CON 25,SPECIFIC CONDUCTANCE 25 DEG. C,USIEMENS,45.58306,-81.08306
202405001,2025-03-04 13:55:00,CCGS LIMNOS,GEORGIAN BAY,8,453459,-810459,29,43.00,2024-09-07 23:44:00,160,33.00,.00,,,0,196.600000,CON 25,SPECIFIC CONDUCTANCE 25 DEG. C,USIEMENS,45.58306,-81.08306
202405001,2025-03-04 13:55:00,CCGS LIMNOS,GEORGIAN BAY,8,453459,-810459,29,43.00,2024-09-07 23:44:00,160,40.00,.00,,,0,197.100000,CON 25,SPECIFIC CONDUCTANCE 25 DEG. C,USIEMENS,45.58306,-81.08306
202405001,2025-03-04 13:55:00,CCGS LIMNOS,GEORGIAN BAY,9,450359,-811513,19,54.00,2024-09-08 04:07:00,160,1.00,.00,,,0,195.300000,CON 25,SPECIFIC CONDUCTANCE 25 DEG. C,USIEMENS,45.06639,-81.25361
202405001,2025-03-04 13:55:00,CCGS LIMNOS,GEORGIAN BAY,10,444302,-805123,1,90.00,2024-09-08 21:11:00,160,1.00,.00,,,0,195.600000,CON 25,SPECIFIC CONDUCTANCE 25 DEG. C,USIEMENS,44.71722,-80.85639
202405001,2025-03-04 13:55:00,CCGS LIMNOS,GEORGIAN BAY,10,444302,-805123,1,90.00,2024-09-08 21:11:00,160,36.00,.00,,,0,195.600000,CON 25,SPECIFIC CONDUCTANCE 25 DEG. C,USIEMENS,44.71722,-80.85639
202405001,2025-03-04 13:55:00,CCGS LIMNOS,GEORGIAN BAY,10,444302,-805123,1,90.00,2024-09-08 21:11:00,160,55.50,.00,,,0,197.600000,CON 25,SPECIFIC CONDUCTANCE 25 DEG. C,USIEMENS,44.71722,-80.85639
202405001,2025-03-04 13:55:00,CCGS LIMNOS,GEORGIAN BAY,10,444302,-805123,1,90.00,2024-09-08 21:11:00,160,75.00,.00,,,0,199.500000,CON 25,SPECIFIC CONDUCTANCE 25 DEG. C,USIEMENS,44.71722,-80.85639
202405001,2025-03-04 13:55:00,CCGS LIMNOS,GEORGIAN BAY,10,444302,-805123,1,90.00,2024-09-08 21:11:00,160,80.00,.00,,,0,199.400000,CON 25,SPECIFIC CONDUCTANCE 25 DEG. C,USIEMENS,44.71722,-80.85639
202405001,2025-03-04 13:55:00,CCGS LIMNOS,GEORGIAN BAY,10,444302,-805123,1,90.00,2024-09-08 21:11:00,160,88.00,.00,,,0,199.300000,CON 25,SPECIFIC CONDUCTANCE 25 DEG. C,USIEMENS,44.71722,-80.85639
202405001,2025-03-04 13:55:00,CCGS LIMNOS,GEORGIAN BAY,11,445512,-805229,12,89.00,2024-09-08 23:08:00,160,1.00,.00,,,0,194.300000,CON 25,SPECIFIC CONDUCTANCE 25 DEG. C,USIEMENS,44.92000,-80.87472
202405001,2025-03-04 13:55:00,CCGS LIMNOS,GEORGIAN BAY,12,451418,-812623,31,63.50,2024-09-09 03:57:00,160,1.00,.00,,,0,194.100000,CON 25,SPECIFIC CONDUCTANCE 25 DEG. C,USIEMENS,45.23833,-81.43972
202405001,2025-03-04 13:55:00,CCGS LIMNOS,GEORGIAN BAY,13,451618,-813817,1614,30.50,2024-09-09 05:22:00,160,1.00,.00,,,0,198.400000,CON 25,SPECIFIC CONDUCTANCE 25 DEG. C,USIEMENS,45.27167,-81.63806
202405001,2025-03-04 13:55:00,CCGS LIMNOS,GEORGIAN BAY,13,451618,-813817,1614,30.50,2024-09-09 05:22:00,160,7.00,.00,,,0,200.800000,CON 25,SPECIFIC CONDUCTANCE 25 DEG. C,USIEMENS,45.27167,-81.63806
202405001,2025-03-04 13:55:00,CCGS LIMNOS,GEORGIAN BAY,13,451618,-813817,1614,30.50,2024-09-09 05:22:00,160,16.50,.00,,,0,199.100000,CON 25,SPECIFIC CONDUCTANCE 25 DEG. C,USIEMENS,45.27167,-81.63806
202405001,2025-03-04 13:55:00,CCGS LIMNOS,GEORGIAN BAY,13,451618,-813817,1614,30.50,2024-09-09 05:22:00,160,20.50,.00,,,0,197.200000,CON 25,SPECIFIC CONDUCTANCE 25 DEG. C,USIEMENS,45.27167,-81.63806
202405001,2025-03-04 13:55:00,CCGS LIMNOS,GEORGIAN BAY,13,451618,-813817,1614,30.50,2024-09-09 05:22:00,160,26.00,.00,,,0,197.700000,CON 25,SPECIFIC CONDUCTANCE 25 DEG. C,USIEMENS,45.27167,-81.63806
202405001,2025-03-04 13:55:00,CCGS LIMNOS,GEORGIAN BAY,13,451618,-813817,1614,30.50,2024-09-09 05:22:00,160,28.50,.00,,,0,198.000000,CON 25,SPECIFIC CONDUCTANCE 25 DEG. C,USIEMENS,45.27167,-81.63806
202405001,2025-03-04 13:55:00,CCGS LIMNOS,GEORGIAN BAY,14,452213,-813505,33,55.00,2024-09-09 06:59:00,160,1.00,.00,,,0,190.700000,CON 25,SPECIFIC CONDUCTANCE 25 DEG. C,USIEMENS,45.37028,-81.58472
202405001,2025-03-04 13:55:00,CCGS LIMNOS,GEORGIAN BAY,14,452213,-813505,33,55.00,2024-09-09 06:59:00,160,17.00,.00,,,0,191.300000,CON 25,SPECIFIC CONDUCTANCE 25 DEG. C,USIEMENS,45.37028,-81.58472
202405001,2025-03-04 13:55:00,CCGS LIMNOS,GEORGIAN BAY,14,452213,-813505,33,55.00,2024-09-09 06:59:00,160,26.00,.00,,,0,195.300000,CON 25,SPECIFIC CONDUCTANCE 25 DEG. C,USIEMENS,45.37028,-81.58472
202405001,2025-03-04 13:55:00,CCGS LIMNOS,GEORGIAN BAY,14,452213,-813505,33,55.00,2024-09-09 06:59:00,160,35.00,.00,,,0,196.600000,CON 25,SPECIFIC CONDUCTANCE 25 DEG. C,USIEMENS,45.37028,-81.58472
202405001,2025-03-04 13:55:00,CCGS LIMNOS,GEORGIAN BAY,14,452213,-813505,33,55.00,2024-09-09 06:59:00,160,45.00,.00,,,0,196.900000,CON 25,SPECIFIC CONDUCTANCE 25 DEG. C,USIEMENS,45.37028,-81.58472
202405001,2025-03-04 13:55:00,CCGS LIMNOS,GEORGIAN BAY,14,452213,-813505,33,55.00,2024-09-09 06:59:00,160,53.00,.00,,,0,196.600000,CON 25,SPECIFIC CONDUCTANCE 25 DEG. C,USIEMENS,45.37028,-81.58472
202405001,2025-03-04 13:55:00,CCGS LIMNOS,GEORGIAN BAY,15,452154,-811124,21,87.50,2024-09-09 09:38:00,160,1.00,.00,,,0,193.200000,CON 25,SPECIFIC CONDUCTANCE 25 DEG. C,USIEMENS,45.36500,-81.19000
202405001,2025-03-04 13:55:00,CCGS LIMNOS,GEORGIAN BAY,15,452154,-811124,21,87.50,2024-09-09 09:38:00,160,1.00,.00,,,1,193.200000,CON 25,SPECIFIC CONDUCTANCE 25 DEG. C,USIEMENS,45.36500,-81.19000
202405001,2025-03-04 13:55:00,CCGS LIMNOS,GEORGIAN BAY,16,451441,-805229,17,79.00,2024-09-09 11:48:00,160,1.00,.00,,,0,192.400000,CON 25,SPECIFIC CONDUCTANCE 25 DEG. C,USIEMENS,45.24472,-80.87472
202405001,2025-03-04 13:55:00,CCGS LIMNOS,GEORGIAN BAY,16,451441,-805229,17,79.00,2024-09-09 11:48:00,160,21.50,.00,,,0,193.100000,CON 25,SPECIFIC CONDUCTANCE 25 DEG. C,USIEMENS,45.24472,-80.87472
202405001,2025-03-04 13:55:00,CCGS LIMNOS,GEORGIAN BAY,16,451441,-805229,17,79.00,2024-09-09 11:48:00,160,32.00,.00,,,0,196.500000,CON 25,SPECIFIC CONDUCTANCE 25 DEG. C,USIEMENS,45.24472,-80.87472
202405001,2025-03-04 13:55:00,CCGS LIMNOS,GEORGIAN BAY,16,451441,-805229,17,79.00,2024-09-09 11:48:00,160,42.00,.00,,,0,197.700000,CON 25,SPECIFIC CONDUCTANCE 25 DEG. C,USIEMENS,45.24472,-80.87472
202405001,2025-03-04 13:55:00,CCGS LIMNOS,GEORGIAN BAY,16,451441,-805229,17,79.00,2024-09-09 11:48:00,160,69.00,.00,,,0,199.000000,CON 25,SPECIFIC CONDUCTANCE 25 DEG. C,USIEMENS,45.24472,-80.87472
202405001,2025-03-04 13:55:00,CCGS LIMNOS,GEORGIAN BAY,16,451441,-805229,17,79.00,2024-09-09 11:48:00,160,77.00,.00,,,0,198.600000,CON 25,SPECIFIC CONDUCTANCE 25 DEG. C,USIEMENS,45.24472,-80.87472
202405001,2025-03-04 13:55:00,CCGS LIMNOS,GEORGIAN BAY,17,445515,-803620,11,62.00,2024-09-09 15:13:00,160,1.00,.00,,,0,194.400000,CON 25,SPECIFIC CONDUCTANCE 25 DEG. C,USIEMENS,44.92083,-80.60556
202405001,2025-03-04 13:55:00,CCGS LIMNOS,GEORGIAN BAY,18,444330,-803658,3,30.50,2024-09-09 16:59:00,160,1.00,.00,,,0,194.700000,CON 25,SPECIFIC CONDUCTANCE 25 DEG. C,USIEMENS,44.72500,-80.61611
202405001,2025-03-04 13:55:00,CCGS LIMNOS,GEORGIAN BAY,19,444412,-802604,6,86.50,2024-09-09 18:09:00,160,1.00,.00,,,0,197.000000,CON 25,SPECIFIC CONDUCTANCE 25 DEG. C,USIEMENS,44.73667,-80.43444
202405001,2025-03-04 13:55:00,CCGS LIMNOS,GEORGIAN BAY,20,443844,-800959,4,58.00,2024-09-09 20:02:00,160,1.00,.00,,,0,196.600000,CON 25,SPECIFIC CONDUCTANCE 25 DEG. C,USIEMENS,44.64556,-80.16639
202405001,2025-03-04 13:55:00,CCGS LIMNOS,GEORGIAN BAY,20,443844,-800959,4,58.00,2024-09-09 20:02:00,160,34.00,.00,,,0,196.800000,CON 25,SPECIFIC CONDUCTANCE 25 DEG. C,USIEMENS,44.64556,-80.16639
202405001,2025-03-04 13:55:00,CCGS LIMNOS,GEORGIAN BAY,20,443844,-800959,4,58.00,2024-09-09 20:02:00,160,41.00,.00,,,0,199.300000,CON 25,SPECIFIC CONDUCTANCE 25 DEG. C,USIEMENS,44.64556,-80.16639
202405001,2025-03-04 13:55:00,CCGS LIMNOS,GEORGIAN BAY,20,443844,-800959,4,58.00,2024-09-09 20:02:00,160,48.00,.00,,,0,197.500000,CON 25,SPECIFIC CONDUCTANCE 25 DEG. C,USIEMENS,44.64556,-80.16639
202405001,2025-03-04 13:55:00,CCGS LIMNOS,GEORGIAN BAY,20,443844,-800959,4,58.00,2024-09-09 20:02:00,160,56.00,.00,,,0,200.500000,CON 25,SPECIFIC CONDUCTANCE 25 DEG. C,USIEMENS,44.64556,-80.16639
202405001,2025-03-04 13:55:00,CCGS LIMNOS,GEORGIAN BAY,21,444747,-801435,5,58.50,2024-09-09 21:44:00,160,1.00,.00,,,0,195.100000,CON 25,SPECIFIC CONDUCTANCE 25 DEG. C,USIEMENS,44.79639,-80.24306
202405001,2025-03-04 13:55:00,CCGS LIMNOS,GEORGIAN BAY,22,445709,-800855,8,50.50,2024-09-09 23:31:00,160,1.00,.00,,,0,196.000000,CON 25,SPECIFIC CONDUCTANCE 25 DEG. C,USIEMENS,44.95250,-80.14861
202405001,2025-03-04 13:55:00,CCGS LIMNOS,GEORGIAN BAY,23,445217,-795804,9,28.50,2024-09-10 01:00:00,160,1.00,.00,,,0,198.400000,CON 25,SPECIFIC CONDUCTANCE 25 DEG. C,USIEMENS,44.87139,-79.96778
202405001,2025-03-04 13:55:00,CCGS LIMNOS,GEORGIAN BAY,23,445217,-795804,9,28.50,2024-09-10 01:00:00,160,10.00,.00,,,0,198.100000,CON 25,SPECIFIC CONDUCTANCE 25 DEG. C,USIEMENS,44.87139,-79.96778
202405001,2025-03-04 13:55:00,CCGS LIMNOS,GEORGIAN BAY,23,445217,-795804,9,28.50,2024-09-10 01:00:00,160,25.00,.00,,,0,198.200000,CON 25,SPECIFIC CONDUCTANCE 25 DEG. C,USIEMENS,44.87139,-79.96778
202405001,2025-03-04 13:55:00,CCGS LIMNOS,GEORGIAN BAY,23,445217,-795804,9,28.50,2024-09-10 01:00:00,160,26.50,.00,,,0,198.200000,CON 25,SPECIFIC CONDUCTANCE 25 DEG. C,USIEMENS,44.87139,-79.96778
202405001,2025-03-04 13:55:00,CCGS LIMNOS,GEORGIAN BAY,24,451000,-801747,15,46.00,2024-09-10 04:28:00,160,1.00,.00,,,0,193.200000,CON 25,SPECIFIC CONDUCTANCE 25 DEG. C,USIEMENS,45.16667,-80.29639
202405001,2025-03-04 13:55:00,CCGS LIMNOS,GEORGIAN BAY,25,452113,-802911,16,19.50,2024-09-10 06:28:00,160,1.00,.00,,,0,192.600000,CON 25,SPECIFIC CONDUCTANCE 25 DEG. C,USIEMENS,45.35361,-80.48639
202405001,2025-03-04 13:55:00,CCGS LIMNOS,GEORGIAN BAY,25,452113,-802911,16,19.50,2024-09-10 06:28:00,160,1.00,.00,,,1,192.500000,CON 25,SPECIFIC CONDUCTANCE 25 DEG. C,USIEMENS,45.35361,-80.48639
202405001,2025-03-04 13:55:00,CCGS LIMNOS,GEORGIAN BAY,26,451929,-800700,122,96.50,2024-09-10 08:54:00,160,1.00,.00,,,0,145.300000,CON 25,SPECIFIC CONDUCTANCE 25 DEG. C,USIEMENS,45.32472,-80.11667
202405001,2025-03-04 13:55:00,CCGS LIMNOS,GEORGIAN BAY,1,454230,-813712,36,53.00,2024-09-07 09:24:00,213,1.00,.00,,,0,8.150000,PH,PH,PH UNITS,45.70833,-81.62000
202405001,2025-03-04 13:55:00,CCGS LIMNOS,GEORGIAN BAY,2,455445,-813541,42,28.50,2024-09-07 11:37:00,213,1.00,.00,,,0,8.160000,PH,PH,PH UNITS,45.91250,-81.59472
202405001,2025-03-04 13:55:00,CCGS LIMNOS,GEORGIAN BAY,2,455445,-813541,42,28.50,2024-09-07 11:37:00,213,6.00,.00,,,0,8.160000,PH,PH,PH UNITS,45.91250,-81.59472
202405001,2025-03-04 13:55:00,CCGS LIMNOS,GEORGIAN BAY,2,455445,-813541,42,28.50,2024-09-07 11:37:00,213,12.00,.00,,,0,8.010000,PH,PH,PH UNITS,45.91250,-81.59472
202405001,2025-03-04 13:55:00,CCGS LIMNOS,GEORGIAN BAY,2,455445,-813541,42,28.50,2024-09-07 11:37:00,213,18.00,.00,,,0,7.970000,PH,PH,PH UNITS,45.91250,-81.59472
202405001,2025-03-04 13:55:00,CCGS LIMNOS,GEORGIAN BAY,2,455445,-813541,42,28.50,2024-09-07 11:37:00,213,26.50,.00,,,0,7.910000,PH,PH,PH UNITS,45.91250,-81.59472
202405001,2025-03-04 13:55:00,CCGS LIMNOS,GEORGIAN BAY,3,454544,-814740,46,18.50,2024-09-07 13:56:00,213,1.00,.00,,,0,8.200000,PH,PH,PH UNITS,45.76222,-81.79444
202405001,2025-03-04 13:55:00,CCGS LIMNOS,GEORGIAN BAY,4,455223,-811529,39,26.00,2024-09-07 17:48:00,213,1.00,.00,,,0,8.220000,PH,PH,PH UNITS,45.87306,-81.25806
202405001,2025-03-04 13:55:00,CCGS LIMNOS,GEORGIAN BAY,5,455159,-805957,27,18.50,2024-09-07 19:21:00,213,1.00,.00,,,0,8.120000,PH,PH,PH UNITS,45.86639,-80.99917
202405001,2025-03-04 13:55:00,CCGS LIMNOS,GEORGIAN BAY,5,455159,-805957,27,18.50,2024-09-07 19:21:00,213,1.00,.00,,,1,8.160000,PH,PH,PH UNITS,45.86639,-80.99917
202405001,2025-03-04 13:55:00,CCGS LIMNOS,GEORGIAN BAY,5,455159,-805957,27,18.50,2024-09-07 19:21:00,213,5.50,.00,,,0,8.090000,PH,PH,PH UNITS,45.86639,-80.99917
202405001,2025-03-04 13:55:00,CCGS LIMNOS,GEORGIAN BAY,5,455159,-805957,27,18.50,2024-09-07 19:21:00,213,9.00,.00,,,0,8.080000,PH,PH,PH UNITS,45.86639,-80.99917
202405001,2025-03-04 13:55:00,CCGS LIMNOS,GEORGIAN BAY,5,455159,-805957,27,18.50,2024-09-07 19:21:00,213,13.50,.00,,,0,7.980000,PH,PH,PH UNITS,45.86639,-80.99917
202405001,2025-03-04 13:55:00,CCGS LIMNOS,GEORGIAN BAY,5,455159,-805957,27,18.50,2024-09-07 19:21:00,213,16.50,.00,,,0,7.980000,PH,PH,PH UNITS,45.86639,-80.99917
202405001,2025-03-04 13:55:00,CCGS LIMNOS,GEORGIAN BAY,6,454959,-805358,26,22.50,2024-09-07 20:23:00,213,1.00,.00,,,0,8.150000,PH,PH,PH UNITS,45.83306,-80.89944
202405001,2025-03-04 13:55:00,CCGS LIMNOS,GEORGIAN BAY,7,454043,-805018,24,40.00,2024-09-07 21:56:00,213,1.00,.00,,,0,8.210000,PH,PH,PH UNITS,45.67861,-80.83833
202405001,2025-03-04 13:55:00,CCGS LIMNOS,GEORGIAN BAY,8,453459,-810459,29,43.00,2024-09-07 23:44:00,213,1.00,.00,,,0,8.210000,PH,PH,PH UNITS,45.58306,-81.08306
202405001,2025-03-04 13:55:00,CCGS LIMNOS,GEORGIAN BAY,8,453459,-810459,29,43.00,2024-09-07 23:44:00,213,15.50,.00,,,0,8.230000,PH,PH,PH UNITS,45.58306,-81.08306
202405001,2025-03-04 13:55:00,CCGS LIMNOS,GEORGIAN BAY,8,453459,-810459,29,43.00,2024-09-07 23:44:00,213,20.50,.00,,,0,8.190000,PH,PH,PH UNITS,45.58306,-81.08306
202405001,2025-03-04 13:55:00,CCGS LIMNOS,GEORGIAN BAY,8,453459,-810459,29,43.00,2024-09-07 23:44:00,213,26.00,.00,,,0,8.070000,PH,PH,PH UNITS,45.58306,-81.08306
202405001,2025-03-04 13:55:00,CCGS LIMNOS,GEORGIAN BAY,8,453459,-810459,29,43.00,2024-09-07 23:44:00,213,33.00,.00,,,0,8.080000,PH,PH,PH UNITS,45.58306,-81.08306
202405001,2025-03-04 13:55:00,CCGS LIMNOS,GEORGIAN BAY,8,453459,-810459,29,43.00,2024-09-07 23:44:00,213,40.00,.00,,,0,8.000000,PH,PH,PH UNITS,45.58306,-81.08306
202405001,2025-03-04 13:55:00,CCGS LIMNOS,GEORGIAN BAY,9,450359,-811513,19,54.00,2024-09-08 04:07:00,213,1.00,.00,,,0,8.260000,PH,PH,PH UNITS,45.06639,-81.25361
202405001,2025-03-04 13:55:00,CCGS LIMNOS,GEORGIAN BAY,10,444302,-805123,1,90.00,2024-09-08 21:11:00,213,1.00,.00,,,0,8.290000,PH,PH,PH UNITS,44.71722,-80.85639
202405001,2025-03-04 13:55:00,CCGS LIMNOS,GEORGIAN BAY,10,444302,-805123,1,90.00,2024-09-08 21:11:00,213,36.00,.00,,,0,8.290000,PH,PH,PH UNITS,44.71722,-80.85639
202405001,2025-03-04 13:55:00,CCGS LIMNOS,GEORGIAN BAY,10,444302,-805123,1,90.00,2024-09-08 21:11:00,213,55.50,.00,,,0,8.090000,PH,PH,PH UNITS,44.71722,-80.85639
202405001,2025-03-04 13:55:00,CCGS LIMNOS,GEORGIAN BAY,10,444302,-805123,1,90.00,2024-09-08 21:11:00,213,75.00,.00,,,0,8.000000,PH,PH,PH UNITS,44.71722,-80.85639
202405001,2025-03-04 13:55:00,CCGS LIMNOS,GEORGIAN BAY,10,444302,-805123,1,90.00,2024-09-08 21:11:00,213,80.00,.00,,,0,7.990000,PH,PH,PH UNITS,44.71722,-80.85639
202405001,2025-03-04 13:55:00,CCGS LIMNOS,GEORGIAN BAY,10,444302,-805123,1,90.00,2024-09-08 21:11:00,213,88.00,.00,,,0,7.970000,PH,PH,PH UNITS,44.71722,-80.85639
202405001,2025-03-04 13:55:00,CCGS LIMNOS,GEORGIAN BAY,11,445512,-805229,12,89.00,2024-09-08 23:08:00,213,1.00,.00,,,0,8.260000,PH,PH,PH UNITS,44.92000,-80.87472
202405001,2025-03-04 13:55:00,CCGS LIMNOS,GEORGIAN BAY,12,451418,-812623,31,63.50,2024-09-09 03:57:00,213,1.00,.00,,,0,8.230000,PH,PH,PH UNITS,45.23833,-81.43972
202405001,2025-03-04 13:55:00,CCGS LIMNOS,GEORGIAN BAY,13,451618,-813817,1614,30.50,2024-09-09 05:22:00,213,1.00,.00,,,0,8.170000,PH,PH,PH UNITS,45.27167,-81.63806
202405001,2025-03-04 13:55:00,CCGS LIMNOS,GEORGIAN BAY,13,451618,-813817,1614,30.50,2024-09-09 05:22:00,213,7.00,.00,,,0,8.250000,PH,PH,PH UNITS,45.27167,-81.63806
202405001,2025-03-04 13:55:00,CCGS LIMNOS,GEORGIAN BAY,13,451618,-813817,1614,30.50,2024-09-09 05:22:00,213,16.50,.00,,,0,8.190000,PH,PH,PH UNITS,45.27167,-81.63806
202405001,2025-03-04 13:55:00,CCGS LIMNOS,GEORGIAN BAY,13,451618,-813817,1614,30.50,2024-09-09 05:22:00,213,20.50,.00,,,0,8.080000,PH,PH,PH UNITS,45.27167,-81.63806
202405001,2025-03-04 13:55:00,CCGS LIMNOS,GEORGIAN BAY,13,451618,-813817,1614,30.50,2024-09-09 05:22:00,213,26.00,.00,,,0,8.050000,PH,PH,PH UNITS,45.27167,-81.63806
202405001,2025-03-04 13:55:00,CCGS LIMNOS,GEORGIAN BAY,13,451618,-813817,1614,30.50,2024-09-09 05:22:00,213,28.50,.00,,,0,8.030000,PH,PH,PH UNITS,45.27167,-81.63806
202405001,2025-03-04 13:55:00,CCGS LIMNOS,GEORGIAN BAY,14,452213,-813505,33,55.00,2024-09-09 06:59:00,213,1.00,.00,,,0,8.270000,PH,PH,PH UNITS,45.37028,-81.58472
202405001,2025-03-04 13:55:00,CCGS LIMNOS,GEORGIAN BAY,14,452213,-813505,33,55.00,2024-09-09 06:59:00,213,17.00,.00,,,0,8.240000,PH,PH,PH UNITS,45.37028,-81.58472
202405001,2025-03-04 13:55:00,CCGS LIMNOS,GEORGIAN BAY,14,452213,-813505,33,55.00,2024-09-09 06:59:00,213,26.00,.00,,,0,8.020000,PH,PH,PH UNITS,45.37028,-81.58472
202405001,2025-03-04 13:55:00,CCGS LIMNOS,GEORGIAN BAY,14,452213,-813505,33,55.00,2024-09-09 06:59:00,213,35.00,.00,,,0,8.010000,PH,PH,PH UNITS,45.37028,-81.58472
202405001,2025-03-04 13:55:00,CCGS LIMNOS,GEORGIAN BAY,14,452213,-813505,33,55.00,2024-09-09 06:59:00,213,45.00,.00,,,0,8.000000,PH,PH,PH UNITS,45.37028,-81.58472
202405001,2025-03-04 13:55:00,CCGS LIMNOS,GEORGIAN BAY,14,452213,-813505,33,55.00,2024-09-09 06:59:00,213,53.00,.00,,,0,7.930000,PH,PH,PH UNITS,45.37028,-81.58472
202405001,2025-03-04 13:55:00,CCGS LIMNOS,GEORGIAN BAY,15,452154,-811124,21,87.50,2024-09-09 09:38:00,213,1.00,.00,,,0,8.240000,PH,PH,PH UNITS,45.36500,-81.19000
202405001,2025-03-04 13:55:00,CCGS LIMNOS,GEORGIAN BAY,15,452154,-811124,21,87.50,2024-09-09 09:38:00,213,1.00,.00,,,1,8.300000,PH,PH,PH UNITS,45.36500,-81.19000
202405001,2025-03-04 13:55:00,CCGS LIMNOS,GEORGIAN BAY,16,451441,-805229,17,79.00,2024-09-09 11:48:00,213,1.00,.00,,,0,8.230000,PH,PH,PH UNITS,45.24472,-80.87472
202405001,2025-03-04 13:55:00,CCGS LIMNOS,GEORGIAN BAY,16,451441,-805229,17,79.00,2024-09-09 11:48:00,213,21.50,.00,,,0,8.250000,PH,PH,PH UNITS,45.24472,-80.87472
202405001,2025-03-04 13:55:00,CCGS LIMNOS,GEORGIAN BAY,16,451441,-805229,17,79.00,2024-09-09 11:48:00,213,32.00,.00,,,0,8.070000,PH,PH,PH UNITS,45.24472,-80.87472
202405001,2025-03-04 13:55:00,CCGS LIMNOS,GEORGIAN BAY,16,451441,-805229,17,79.00,2024-09-09 11:48:00,213,42.00,.00,,,0,8.020000,PH,PH,PH UNITS,45.24472,-80.87472
202405001,2025-03-04 13:55:00,CCGS LIMNOS,GEORGIAN BAY,16,451441,-805229,17,79.00,2024-09-09 11:48:00,213,69.00,.00,,,0,7.970000,PH,PH,PH UNITS,45.24472,-80.87472
202405001,2025-03-04 13:55:00,CCGS LIMNOS,GEORGIAN BAY,16,451441,-805229,17,79.00,2024-09-09 11:48:00,213,77.00,.00,,,0,7.970000,PH,PH,PH UNITS,45.24472,-80.87472
202405001,2025-03-04 13:55:00,CCGS LIMNOS,GEORGIAN BAY,17,445515,-803620,11,62.00,2024-09-09 15:13:00,213,1.00,.00,,,0,8.250000,PH,PH,PH UNITS,44.92083,-80.60556
202405001,2025-03-04 13:55:00,CCGS LIMNOS,GEORGIAN BAY,18,444330,-803658,3,30.50,2024-09-09 16:59:00,213,1.00,.00,,,0,8.250000,PH,PH,PH UNITS,44.72500,-80.61611
202405001,2025-03-04 13:55:00,CCGS LIMNOS,GEORGIAN BAY,19,444412,-802604,6,86.50,2024-09-09 18:09:00,213,1.00,.00,,,0,8.270000,PH,PH,PH UNITS,44.73667,-80.43444
202405001,2025-03-04 13:55:00,CCGS LIMNOS,GEORGIAN BAY,20,443844,-800959,4,58.00,2024-09-09 20:02:00,213,1.00,.00,,,0,8.280000,PH,PH,PH UNITS,44.64556,-80.16639
202405001,2025-03-04 13:55:00,CCGS LIMNOS,GEORGIAN BAY,20,443844,-800959,4,58.00,2024-09-09 20:02:00,213,34.00,.00,,,0,8.140000,PH,PH,PH UNITS,44.64556,-80.16639
202405001,2025-03-04 13:55:00,CCGS LIMNOS,GEORGIAN BAY,20,443844,-800959,4,58.00,2024-09-09 20:02:00,213,41.00,.00,,,0,8.080000,PH,PH,PH UNITS,44.64556,-80.16639
202405001,2025-03-04 13:55:00,CCGS LIMNOS,GEORGIAN BAY,20,443844,-800959,4,58.00,2024-09-09 20:02:00,213,48.00,.00,,,0,7.960000,PH,PH,PH UNITS,44.64556,-80.16639
202405001,2025-03-04 13:55:00,CCGS LIMNOS,GEORGIAN BAY,20,443844,-800959,4,58.00,2024-09-09 20:02:00,213,56.00,.00,,,0,7.910000,PH,PH,PH UNITS,44.64556,-80.16639
202405001,2025-03-04 13:55:00,CCGS LIMNOS,GEORGIAN BAY,21,444747,-801435,5,58.50,2024-09-09 21:44:00,213,1.00,.00,,,0,8.530000,PH,PH,PH UNITS,44.79639,-80.24306
202405001,2025-03-04 13:55:00,CCGS LIMNOS,GEORGIAN BAY,22,445709,-800855,8,50.50,2024-09-09 23:31:00,213,1.00,.00,,,0,8.250000,PH,PH,PH UNITS,44.95250,-80.14861
202405001,2025-03-04 13:55:00,CCGS LIMNOS,GEORGIAN BAY,23,445217,-795804,9,28.50,2024-09-10 01:00:00,213,1.00,.00,,,0,8.180000,PH,PH,PH UNITS,44.87139,-79.96778
202405001,2025-03-04 13:55:00,CCGS LIMNOS,GEORGIAN BAY,23,445217,-795804,9,28.50,2024-09-10 01:00:00,213,10.00,.00,,,0,8.220000,PH,PH,PH UNITS,44.87139,-79.96778
202405001,2025-03-04 13:55:00,CCGS LIMNOS,GEORGIAN BAY,23,445217,-795804,9,28.50,2024-09-10 01:00:00,213,25.00,.00,,,0,8.210000,PH,PH,PH UNITS,44.87139,-79.96778
202405001,2025-03-04 13:55:00,CCGS LIMNOS,GEORGIAN BAY,23,445217,-795804,9,28.50,2024-09-10 01:00:00,213,26.50,.00,,,0,8.210000,PH,PH,PH UNITS,44.87139,-79.96778
202405001,2025-03-04 13:55:00,CCGS LIMNOS,GEORGIAN BAY,24,451000,-801747,15,46.00,2024-09-10 04:28:00,213,1.00,.00,,,0,8.080000,PH,PH,PH UNITS,45.16667,-80.29639
202405001,2025-03-04 13:55:00,CCGS LIMNOS,GEORGIAN BAY,25,452113,-802911,16,19.50,2024-09-10 06:28:00,213,1.00,.00,,,0,8.200000,PH,PH,PH UNITS,45.35361,-80.48639
202405001,2025-03-04 13:55:00,CCGS LIMNOS,GEORGIAN BAY,25,452113,-802911,16,19.50,2024-09-10 06:28:00,213,1.00,.00,,,1,8.230000,PH,PH,PH UNITS,45.35361,-80.48639
202405001,2025-03-04 13:55:00,CCGS LIMNOS,GEORGIAN BAY,26,451929,-800700,122,96.50,2024-09-10 08:54:00,213,1.00,.00,,,0,7.940000,PH,PH,PH UNITS,45.32472,-80.11667
202405001,2025-03-04 13:55:00,CCGS LIMNOS,GEORGIAN BAY,1,454230,-813712,36,53.00,2024-09-07 09:24:00,225,.00,20.00,0.00100000,,0,.227000,I-POC,"CARBON,PARTICULATE ORGANIC,INTEGRATED",MG C/L,45.70833,-81.62000
202405001,2025-03-04 13:55:00,CCGS LIMNOS,GEORGIAN BAY,2,455445,-813541,42,28.50,2024-09-07 11:37:00,225,.00,20.00,0.00070000,,0,.169000,I-POC,"CARBON,PARTICULATE ORGANIC,INTEGRATED",MG C/L,45.91250,-81.59472
202405001,2025-03-04 13:55:00,CCGS LIMNOS,GEORGIAN BAY,3,454544,-814740,46,18.50,2024-09-07 13:56:00,225,.00,16.50,0.00100000,,0,.349000,I-POC,"CARBON,PARTICULATE ORGANIC,INTEGRATED",MG C/L,45.76222,-81.79444
202405001,2025-03-04 13:55:00,CCGS LIMNOS,GEORGIAN BAY,4,455223,-811529,39,26.00,2024-09-07 17:48:00,225,.00,20.00,0.00070000,,0,.134000,I-POC,"CARBON,PARTICULATE ORGANIC,INTEGRATED",MG C/L,45.87306,-81.25806
202405001,2025-03-04 13:55:00,CCGS LIMNOS,GEORGIAN BAY,5,455159,-805957,27,18.50,2024-09-07 19:21:00,225,.00,16.50,0.00100000,,0,.182000,I-POC,"CARBON,PARTICULATE ORGANIC,INTEGRATED",MG C/L,45.86639,-80.99917
202405001,2025-03-04 13:55:00,CCGS LIMNOS,GEORGIAN BAY,5,455159,-805957,27,18.50,2024-09-07 19:21:00,225,.00,16.50,0.00100000,,1,.186000,I-POC,"CARBON,PARTICULATE ORGANIC,INTEGRATED",MG C/L,45.86639,-80.99917
202405001,2025-03-04 13:55:00,CCGS LIMNOS,GEORGIAN BAY,6,454959,-805358,26,22.50,2024-09-07 20:23:00,225,.00,20.00,0.00080000,,0,.141000,I-POC,"CARBON,PARTICULATE ORGANIC,INTEGRATED",MG C/L,45.83306,-80.89944
202405001,2025-03-04 13:55:00,CCGS LIMNOS,GEORGIAN BAY,7,454043,-805018,24,40.00,2024-09-07 21:56:00,225,.00,20.00,0.00100000,,0,.207000,I-POC,"CARBON,PARTICULATE ORGANIC,INTEGRATED",MG C/L,45.67861,-80.83833
202405001,2025-03-04 13:55:00,CCGS LIMNOS,GEORGIAN BAY,8,453459,-810459,29,43.00,2024-09-07 23:44:00,225,.00,20.00,0.00030000,,0,.065000,I-POC,"CARBON,PARTICULATE ORGANIC,INTEGRATED",MG C/L,45.58306,-81.08306
202405001,2025-03-04 13:55:00,CCGS LIMNOS,GEORGIAN BAY,9,450359,-811513,19,54.00,2024-09-08 04:07:00,225,.00,20.00,0.00080000,,0,.137000,I-POC,"CARBON,PARTICULATE ORGANIC,INTEGRATED",MG C/L,45.06639,-81.25361
202405001,2025-03-04 13:55:00,CCGS LIMNOS,GEORGIAN BAY,10,444302,-805123,1,90.00,2024-09-08 21:11:00,225,.00,20.00,0.00100000,,0,.157000,I-POC,"CARBON,PARTICULATE ORGANIC,INTEGRATED",MG C/L,44.71722,-80.85639
202405001,2025-03-04 13:55:00,CCGS LIMNOS,GEORGIAN BAY,11,445512,-805229,12,89.00,2024-09-08 23:08:00,225,.00,20.00,0.00100000,,0,.159000,I-POC,"CARBON,PARTICULATE ORGANIC,INTEGRATED",MG C/L,44.92000,-80.87472
202405001,2025-03-04 13:55:00,CCGS LIMNOS,GEORGIAN BAY,12,451418,-812623,31,63.50,2024-09-09 03:57:00,225,.00,20.00,0.00100000,,0,.166000,I-POC,"CARBON,PARTICULATE ORGANIC,INTEGRATED",MG C/L,45.23833,-81.43972
202405001,2025-03-04 13:55:00,CCGS LIMNOS,GEORGIAN BAY,13,451618,-813817,1614,30.50,2024-09-09 05:22:00,225,.00,20.00,0.00100000,,0,.140000,I-POC,"CARBON,PARTICULATE ORGANIC,INTEGRATED",MG C/L,45.27167,-81.63806
202405001,2025-03-04 13:55:00,CCGS LIMNOS,GEORGIAN BAY,14,452213,-813505,33,55.00,2024-09-09 06:59:00,225,.00,20.00,0.00100000,,0,.153000,I-POC,"CARBON,PARTICULATE ORGANIC,INTEGRATED",MG C/L,45.37028,-81.58472
202405001,2025-03-04 13:55:00,CCGS LIMNOS,GEORGIAN BAY,15,452154,-811124,21,87.50,2024-09-09 09:38:00,225,.00,20.00,0.00100000,,0,.174000,I-POC,"CARBON,PARTICULATE ORGANIC,INTEGRATED",MG C/L,45.36500,-81.19000
202405001,2025-03-04 13:55:00,CCGS LIMNOS,GEORGIAN BAY,15,452154,-811124,21,87.50,2024-09-09 09:38:00,225,.00,20.00,0.00100000,,1,.151000,I-POC,"CARBON,PARTICULATE ORGANIC,INTEGRATED",MG C/L,45.36500,-81.19000
202405001,2025-03-04 13:55:00,CCGS LIMNOS,GEORGIAN BAY,16,451441,-805229,17,79.00,2024-09-09 11:48:00,225,.00,20.00,0.00100000,,0,.155000,I-POC,"CARBON,PARTICULATE ORGANIC,INTEGRATED",MG C/L,45.24472,-80.87472
202405001,2025-03-04 13:55:00,CCGS LIMNOS,GEORGIAN BAY,17,445515,-803620,11,62.00,2024-09-09 15:13:00,225,.00,20.00,0.00070000,,0,.153000,I-POC,"CARBON,PARTICULATE ORGANIC,INTEGRATED",MG C/L,44.92083,-80.60556
202405001,2025-03-04 13:55:00,CCGS LIMNOS,GEORGIAN BAY,18,444330,-803658,3,30.50,2024-09-09 16:59:00,225,.00,20.00,0.00060000,,0,.177000,I-POC,"CARBON,PARTICULATE ORGANIC,INTEGRATED",MG C/L,44.72500,-80.61611
202405001,2025-03-04 13:55:00,CCGS LIMNOS,GEORGIAN BAY,19,444412,-802604,6,86.50,2024-09-09 18:09:00,225,.00,20.00,0.00060000,,0,.138000,I-POC,"CARBON,PARTICULATE ORGANIC,INTEGRATED",MG C/L,44.73667,-80.43444
202405001,2025-03-04 13:55:00,CCGS LIMNOS,GEORGIAN BAY,20,443844,-800959,4,58.00,2024-09-09 20:02:00,225,.00,20.00,0.00060000,,0,.142000,I-POC,"CARBON,PARTICULATE ORGANIC,INTEGRATED",MG C/L,44.64556,-80.16639
202405001,2025-03-04 13:55:00,CCGS LIMNOS,GEORGIAN BAY,21,444747,-801435,5,58.50,2024-09-09 21:44:00,225,.00,20.00,0.00060000,,0,.151000,I-POC,"CARBON,PARTICULATE ORGANIC,INTEGRATED",MG C/L,44.79639,-80.24306
202405001,2025-03-04 13:55:00,CCGS LIMNOS,GEORGIAN BAY,22,445709,-800855,8,50.50,2024-09-09 23:31:00,225,.00,20.00,0.00070000,,0,.171000,I-POC,"CARBON,PARTICULATE ORGANIC,INTEGRATED",MG C/L,44.95250,-80.14861
202405001,2025-03-04 13:55:00,CCGS LIMNOS,GEORGIAN BAY,23,445217,-795804,9,28.50,2024-09-10 01:00:00,225,.00,20.00,0.00070000,,0,.263000,I-POC,"CARBON,PARTICULATE ORGANIC,INTEGRATED",MG C/L,44.87139,-79.96778
202405001,2025-03-04 13:55:00,CCGS LIMNOS,GEORGIAN BAY,24,451000,-801747,15,46.00,2024-09-10 04:28:00,225,.00,20.00,0.00070000,,0,.155000,I-POC,"CARBON,PARTICULATE ORGANIC,INTEGRATED",MG C/L,45.16667,-80.29639
202405001,2025-03-04 13:55:00,CCGS LIMNOS,GEORGIAN BAY,25,452113,-802911,16,19.50,2024-09-10 06:28:00,225,.00,17.50,0.00060000,,0,.156000,I-POC,"CARBON,PARTICULATE ORGANIC,INTEGRATED",MG C/L,45.35361,-80.48639
202405001,2025-03-04 13:55:00,CCGS LIMNOS,GEORGIAN BAY,25,452113,-802911,16,19.50,2024-09-10 06:28:00,225,.00,17.50,0.00060000,,1,.144000,I-POC,"CARBON,PARTICULATE ORGANIC,INTEGRATED",MG C/L,45.35361,-80.48639
202405001,2025-03-04 13:55:00,CCGS LIMNOS,GEORGIAN BAY,26,451929,-800700,122,96.50,2024-09-10 08:54:00,225,.00,20.00,0.00100000,,0,.274000,I-POC,"CARBON,PARTICULATE ORGANIC,INTEGRATED",MG C/L,45.32472,-80.11667
202405001,2025-03-04 13:55:00,CCGS LIMNOS,GEORGIAN BAY,1,454230,-813712,36,53.00,2024-09-07 09:24:00,226,1.00,.00,0.20000000,,0,2.300000,D ORG C,"CARBON,DISSOLVED ORGANIC",MG C/L,45.70833,-81.62000
202405001,2025-03-04 13:55:00,CCGS LIMNOS,GEORGIAN BAY,2,455445,-813541,42,28.50,2024-09-07 11:37:00,226,1.00,.00,0.20000000,,0,2.300000,D ORG C,"CARBON,DISSOLVED ORGANIC",MG C/L,45.91250,-81.59472
202405001,2025-03-04 13:55:00,CCGS LIMNOS,GEORGIAN BAY,3,454544,-814740,46,18.50,2024-09-07 13:56:00,226,1.00,.00,0.20000000,,0,2.700000,D ORG C,"CARBON,DISSOLVED ORGANIC",MG C/L,45.76222,-81.79444
202405001,2025-03-04 13:55:00,CCGS LIMNOS,GEORGIAN BAY,4,455223,-811529,39,26.00,2024-09-07 17:48:00,226,1.00,.00,0.20000000,,0,2.100000,D ORG C,"CARBON,DISSOLVED ORGANIC",MG C/L,45.87306,-81.25806
202405001,2025-03-04 13:55:00,CCGS LIMNOS,GEORGIAN BAY,5,455159,-805957,27,18.50,2024-09-07 19:21:00,226,1.00,.00,0.20000000,,0,2.300000,D ORG C,"CARBON,DISSOLVED ORGANIC",MG C/L,45.86639,-80.99917
202405001,2025-03-04 13:55:00,CCGS LIMNOS,GEORGIAN BAY,5,455159,-805957,27,18.50,2024-09-07 19:21:00,226,1.00,.00,0.20000000,,1,2.400000,D ORG C,"CARBON,DISSOLVED ORGANIC",MG C/L,45.86639,-80.99917
202405001,2025-03-04 13:55:00,CCGS LIMNOS,GEORGIAN BAY,6,454959,-805358,26,22.50,2024-09-07 20:23:00,226,1.00,.00,0.20000000,,0,2.400000,D ORG C,"CARBON,DISSOLVED ORGANIC",MG C/L,45.83306,-80.89944
202405001,2025-03-04 13:55:00,CCGS LIMNOS,GEORGIAN BAY,7,454043,-805018,24,40.00,2024-09-07 21:56:00,226,1.00,.00,0.20000000,,0,2.400000,D ORG C,"CARBON,DISSOLVED ORGANIC",MG C/L,45.67861,-80.83833
202405001,2025-03-04 13:55:00,CCGS LIMNOS,GEORGIAN BAY,8,453459,-810459,29,43.00,2024-09-07 23:44:00,226,1.00,.00,0.20000000,,0,2.300000,D ORG C,"CARBON,DISSOLVED ORGANIC",MG C/L,45.58306,-81.08306
202405001,2025-03-04 13:55:00,CCGS LIMNOS,GEORGIAN BAY,9,450359,-811513,19,54.00,2024-09-08 04:07:00,226,1.00,.00,0.20000000,,0,2.100000,D ORG C,"CARBON,DISSOLVED ORGANIC",MG C/L,45.06639,-81.25361
202405001,2025-03-04 13:55:00,CCGS LIMNOS,GEORGIAN BAY,10,444302,-805123,1,90.00,2024-09-08 21:11:00,226,1.00,.00,0.20000000,,0,2.100000,D ORG C,"CARBON,DISSOLVED ORGANIC",MG C/L,44.71722,-80.85639
202405001,2025-03-04 13:55:00,CCGS LIMNOS,GEORGIAN BAY,10,444302,-805123,1,90.00,2024-09-08 21:11:00,226,998.00,.00,0.20000000,,0,.200000,D ORG C,"CARBON,DISSOLVED ORGANIC",MG C/L,44.71722,-80.85639
202405001,2025-03-04 13:55:00,CCGS LIMNOS,GEORGIAN BAY,10,444302,-805123,1,90.00,2024-09-08 21:11:00,226,999.00,.00,0.20000000,<,0,.200000,D ORG C,"CARBON,DISSOLVED ORGANIC",MG C/L,44.71722,-80.85639
202405001,2025-03-04 13:55:00,CCGS LIMNOS,GEORGIAN BAY,11,445512,-805229,12,89.00,2024-09-08 23:08:00,226,1.00,.00,0.20000000,,0,2.100000,D ORG C,"CARBON,DISSOLVED ORGANIC",MG C/L,44.92000,-80.87472
202405001,2025-03-04 13:55:00,CCGS LIMNOS,GEORGIAN BAY,12,451418,-812623,31,63.50,2024-09-09 03:57:00,226,1.00,.00,0.20000000,,0,2.200000,D ORG C,"CARBON,DISSOLVED ORGANIC",MG C/L,45.23833,-81.43972
202405001,2025-03-04 13:55:00,CCGS LIMNOS,GEORGIAN BAY,13,451618,-813817,1614,30.50,2024-09-09 05:22:00,226,1.00,.00,0.20000000,,0,2.000000,D ORG C,"CARBON,DISSOLVED ORGANIC",MG C/L,45.27167,-81.63806
202405001,2025-03-04 13:55:00,CCGS LIMNOS,GEORGIAN BAY,14,452213,-813505,33,55.00,2024-09-09 06:59:00,226,1.00,.00,0.20000000,,0,2.200000,D ORG C,"CARBON,DISSOLVED ORGANIC",MG C/L,45.37028,-81.58472
202405001,2025-03-04 13:55:00,CCGS LIMNOS,GEORGIAN BAY,15,452154,-811124,21,87.50,2024-09-09 09:38:00,226,1.00,.00,0.20000000,,0,2.200000,D ORG C,"CARBON,DISSOLVED ORGANIC",MG C/L,45.36500,-81.19000
202405001,2025-03-04 13:55:00,CCGS LIMNOS,GEORGIAN BAY,15,452154,-811124,21,87.50,2024-09-09 09:38:00,226,1.00,.00,0.20000000,,1,2.200000,D ORG C,"CARBON,DISSOLVED ORGANIC",MG C/L,45.36500,-81.19000
202405001,2025-03-04 13:55:00,CCGS LIMNOS,GEORGIAN BAY,16,451441,-805229,17,79.00,2024-09-09 11:48:00,226,1.00,.00,0.20000000,,0,2.200000,D ORG C,"CARBON,DISSOLVED ORGANIC",MG C/L,45.24472,-80.87472
202405001,2025-03-04 13:55:00,CCGS LIMNOS,GEORGIAN BAY,17,445515,-803620,11,62.00,2024-09-09 15:13:00,226,1.00,.00,0.20000000,,0,2.100000,D ORG C,"CARBON,DISSOLVED ORGANIC",MG C/L,44.92083,-80.60556
202405001,2025-03-04 13:55:00,CCGS LIMNOS,GEORGIAN BAY,18,444330,-803658,3,30.50,2024-09-09 16:59:00,226,1.00,.00,0.20000000,,0,2.100000,D ORG C,"CARBON,DISSOLVED ORGANIC",MG C/L,44.72500,-80.61611
202405001,2025-03-04 13:55:00,CCGS LIMNOS,GEORGIAN BAY,19,444412,-802604,6,86.50,2024-09-09 18:09:00,226,1.00,.00,0.20000000,,0,2.100000,D ORG C,"CARBON,DISSOLVED ORGANIC",MG C/L,44.73667,-80.43444
202405001,2025-03-04 13:55:00,CCGS LIMNOS,GEORGIAN BAY,20,443844,-800959,4,58.00,2024-09-09 20:02:00,226,1.00,.00,0.20000000,,0,2.100000,D ORG C,"CARBON,DISSOLVED ORGANIC",MG C/L,44.64556,-80.16639
202405001,2025-03-04 13:55:00,CCGS LIMNOS,GEORGIAN BAY,20,443844,-800959,4,58.00,2024-09-09 20:02:00,226,998.00,.00,0.20000000,,0,.200000,D ORG C,"CARBON,DISSOLVED ORGANIC",MG C/L,44.64556,-80.16639
202405001,2025-03-04 13:55:00,CCGS LIMNOS,GEORGIAN BAY,20,443844,-800959,4,58.00,2024-09-09 20:02:00,226,999.00,.00,0.20000000,<,0,.200000,D ORG C,"CARBON,DISSOLVED ORGANIC",MG C/L,44.64556,-80.16639
202405001,2025-03-04 13:55:00,CCGS LIMNOS,GEORGIAN BAY,21,444747,-801435,5,58.50,2024-09-09 21:44:00,226,1.00,.00,0.20000000,,0,2.100000,D ORG C,"CARBON,DISSOLVED ORGANIC",MG C/L,44.79639,-80.24306
202405001,2025-03-04 13:55:00,CCGS LIMNOS,GEORGIAN BAY,22,445709,-800855,8,50.50,2024-09-09 23:31:00,226,1.00,.00,0.20000000,,0,2.200000,D ORG C,"CARBON,DISSOLVED ORGANIC",MG C/L,44.95250,-80.14861
202405001,2025-03-04 13:55:00,CCGS LIMNOS,GEORGIAN BAY,23,445217,-795804,9,28.50,2024-09-10 01:00:00,226,1.00,.00,0.20000000,,0,2.500000,D ORG C,"CARBON,DISSOLVED ORGANIC",MG C/L,44.87139,-79.96778
202405001,2025-03-04 13:55:00,CCGS LIMNOS,GEORGIAN BAY,24,451000,-801747,15,46.00,2024-09-10 04:28:00,226,1.00,.00,0.20000000,,0,2.100000,D ORG C,"CARBON,DISSOLVED ORGANIC",MG C/L,45.16667,-80.29639
202405001,2025-03-04 13:55:00,CCGS LIMNOS,GEORGIAN BAY,25,452113,-802911,16,19.50,2024-09-10 06:28:00,226,1.00,.00,0.20000000,,0,2.200000,D ORG C,"CARBON,DISSOLVED ORGANIC",MG C/L,45.35361,-80.48639
202405001,2025-03-04 13:55:00,CCGS LIMNOS,GEORGIAN BAY,25,452113,-802911,16,19.50,2024-09-10 06:28:00,226,1.00,.00,0.20000000,,1,2.200000,D ORG C,"CARBON,DISSOLVED ORGANIC",MG C/L,45.35361,-80.48639
202405001,2025-03-04 13:55:00,CCGS LIMNOS,GEORGIAN BAY,26,451929,-800700,122,96.50,2024-09-10 08:54:00,226,1.00,.00,0.20000000,,0,3.500000,D ORG C,"CARBON,DISSOLVED ORGANIC",MG C/L,45.32472,-80.11667
202405001,2025-03-04 13:55:00,CCGS LIMNOS,GEORGIAN BAY,10,444302,-805123,1,90.00,2024-09-08 21:11:00,227,998.00,.00,0.00100000,,0,.028000,POC,"CARBON,PARTICULATE ORGANIC",MG C/L,44.71722,-80.85639
202405001,2025-03-04 13:55:00,CCGS LIMNOS,GEORGIAN BAY,14,452213,-813505,33,55.00,2024-09-09 06:59:00,227,1.00,.00,0.00100000,,0,.164000,POC,"CARBON,PARTICULATE ORGANIC",MG C/L,45.37028,-81.58472
202405001,2025-03-04 13:55:00,CCGS LIMNOS,GEORGIAN BAY,14,452213,-813505,33,55.00,2024-09-09 06:59:00,227,17.00,.00,0.00100000,,0,.165000,POC,"CARBON,PARTICULATE ORGANIC",MG C/L,45.37028,-81.58472
202405001,2025-03-04 13:55:00,CCGS LIMNOS,GEORGIAN BAY,14,452213,-813505,33,55.00,2024-09-09 06:59:00,227,26.00,.00,0.00100000,,0,.088000,POC,"CARBON,PARTICULATE ORGANIC",MG C/L,45.37028,-81.58472
202405001,2025-03-04 13:55:00,CCGS LIMNOS,GEORGIAN BAY,14,452213,-813505,33,55.00,2024-09-09 06:59:00,227,35.00,.00,0.00100000,,0,.074000,POC,"CARBON,PARTICULATE ORGANIC",MG C/L,45.37028,-81.58472
202405001,2025-03-04 13:55:00,CCGS LIMNOS,GEORGIAN BAY,14,452213,-813505,33,55.00,2024-09-09 06:59:00,227,45.00,.00,0.00070000,,0,.063000,POC,"CARBON,PARTICULATE ORGANIC",MG C/L,45.37028,-81.58472
202405001,2025-03-04 13:55:00,CCGS LIMNOS,GEORGIAN BAY,14,452213,-813505,33,55.00,2024-09-09 06:59:00,227,53.00,.00,0.00080000,,0,.064000,POC,"CARBON,PARTICULATE ORGANIC",MG C/L,45.37028,-81.58472
202405001,2025-03-04 13:55:00,CCGS LIMNOS,GEORGIAN BAY,16,451441,-805229,17,79.00,2024-09-09 11:48:00,227,1.00,.00,0.00100000,,0,.181000,POC,"CARBON,PARTICULATE ORGANIC",MG C/L,45.24472,-80.87472
202405001,2025-03-04 13:55:00,CCGS LIMNOS,GEORGIAN BAY,16,451441,-805229,17,79.00,2024-09-09 11:48:00,227,1.00,.00,0.00100000,,1,.190000,POC,"CARBON,PARTICULATE ORGANIC",MG C/L,45.24472,-80.87472
202405001,2025-03-04 13:55:00,CCGS LIMNOS,GEORGIAN BAY,16,451441,-805229,17,79.00,2024-09-09 11:48:00,227,21.50,.00,0.00100000,,0,.176000,POC,"CARBON,PARTICULATE ORGANIC",MG C/L,45.24472,-80.87472
202405001,2025-03-04 13:55:00,CCGS LIMNOS,GEORGIAN BAY,16,451441,-805229,17,79.00,2024-09-09 11:48:00,227,32.00,.00,0.00100000,,0,.117000,POC,"CARBON,PARTICULATE ORGANIC",MG C/L,45.24472,-80.87472
202405001,2025-03-04 13:55:00,CCGS LIMNOS,GEORGIAN BAY,16,451441,-805229,17,79.00,2024-09-09 11:48:00,227,42.00,.00,0.00100000,,0,.067000,POC,"CARBON,PARTICULATE ORGANIC",MG C/L,45.24472,-80.87472
202405001,2025-03-04 13:55:00,CCGS LIMNOS,GEORGIAN BAY,16,451441,-805229,17,79.00,2024-09-09 11:48:00,227,69.00,.00,0.00050000,,0,.052000,POC,"CARBON,PARTICULATE ORGANIC",MG C/L,45.24472,-80.87472
202405001,2025-03-04 13:55:00,CCGS LIMNOS,GEORGIAN BAY,16,451441,-805229,17,79.00,2024-09-09 11:48:00,227,77.00,.00,0.00050000,,0,.054000,POC,"CARBON,PARTICULATE ORGANIC",MG C/L,45.24472,-80.87472
202405001,2025-03-04 13:55:00,CCGS LIMNOS,GEORGIAN BAY,20,443844,-800959,4,58.00,2024-09-09 20:02:00,227,1.00,.00,0.00060000,,0,.136000,POC,"CARBON,PARTICULATE ORGANIC",MG C/L,44.64556,-80.16639
202405001,2025-03-04 13:55:00,CCGS LIMNOS,GEORGIAN BAY,20,443844,-800959,4,58.00,2024-09-09 20:02:00,227,34.00,.00,0.00060000,,0,.115000,POC,"CARBON,PARTICULATE ORGANIC",MG C/L,44.64556,-80.16639
202405001,2025-03-04 13:55:00,CCGS LIMNOS,GEORGIAN BAY,20,443844,-800959,4,58.00,2024-09-09 20:02:00,227,41.00,.00,0.00050000,,0,.072000,POC,"CARBON,PARTICULATE ORGANIC",MG C/L,44.64556,-80.16639
202405001,2025-03-04 13:55:00,CCGS LIMNOS,GEORGIAN BAY,20,443844,-800959,4,58.00,2024-09-09 20:02:00,227,48.00,.00,0.00060000,,0,.050000,POC,"CARBON,PARTICULATE ORGANIC",MG C/L,44.64556,-80.16639
202405001,2025-03-04 13:55:00,CCGS LIMNOS,GEORGIAN BAY,20,443844,-800959,4,58.00,2024-09-09 20:02:00,227,56.00,.00,0.00060000,,0,.059000,POC,"CARBON,PARTICULATE ORGANIC",MG C/L,44.64556,-80.16639
202405001,2025-03-04 13:55:00,CCGS LIMNOS,GEORGIAN BAY,20,443844,-800959,4,58.00,2024-09-09 20:02:00,227,998.00,.00,0.00060000,,0,.028000,POC,"CARBON,PARTICULATE ORGANIC",MG C/L,44.64556,-80.16639
202405001,2025-03-04 13:55:00,CCGS LIMNOS,GEORGIAN BAY,1,454230,-813712,36,53.00,2024-09-07 09:24:00,236,1.00,.00,0.20000000,,0,15.800000,D.I.C,DISSOLVED INORGANIC CARBON,MG C/L,45.70833,-81.62000
202405001,2025-03-04 13:55:00,CCGS LIMNOS,GEORGIAN BAY,2,455445,-813541,42,28.50,2024-09-07 11:37:00,236,1.00,.00,0.20000000,,0,15.700000,D.I.C,DISSOLVED INORGANIC CARBON,MG C/L,45.91250,-81.59472
202405001,2025-03-04 13:55:00,CCGS LIMNOS,GEORGIAN BAY,3,454544,-814740,46,18.50,2024-09-07 13:56:00,236,1.00,.00,0.20000000,,0,15.600000,D.I.C,DISSOLVED INORGANIC CARBON,MG C/L,45.76222,-81.79444
202405001,2025-03-04 13:55:00,CCGS LIMNOS,GEORGIAN BAY,4,455223,-811529,39,26.00,2024-09-07 17:48:00,236,1.00,.00,0.20000000,,0,16.000000,D.I.C,DISSOLVED INORGANIC CARBON,MG C/L,45.87306,-81.25806
202405001,2025-03-04 13:55:00,CCGS LIMNOS,GEORGIAN BAY,5,455159,-805957,27,18.50,2024-09-07 19:21:00,236,1.00,.00,0.20000000,,0,15.300000,D.I.C,DISSOLVED INORGANIC CARBON,MG C/L,45.86639,-80.99917
202405001,2025-03-04 13:55:00,CCGS LIMNOS,GEORGIAN BAY,5,455159,-805957,27,18.50,2024-09-07 19:21:00,236,1.00,.00,0.20000000,,1,15.300000,D.I.C,DISSOLVED INORGANIC CARBON,MG C/L,45.86639,-80.99917
202405001,2025-03-04 13:55:00,CCGS LIMNOS,GEORGIAN BAY,6,454959,-805358,26,22.50,2024-09-07 20:23:00,236,1.00,.00,0.20000000,,0,15.500000,D.I.C,DISSOLVED INORGANIC CARBON,MG C/L,45.83306,-80.89944
202405001,2025-03-04 13:55:00,CCGS LIMNOS,GEORGIAN BAY,7,454043,-805018,24,40.00,2024-09-07 21:56:00,236,1.00,.00,0.20000000,,0,15.700000,D.I.C,DISSOLVED INORGANIC CARBON,MG C/L,45.67861,-80.83833
202405001,2025-03-04 13:55:00,CCGS LIMNOS,GEORGIAN BAY,8,453459,-810459,29,43.00,2024-09-07 23:44:00,236,1.00,.00,0.20000000,,0,15.900000,D.I.C,DISSOLVED INORGANIC CARBON,MG C/L,45.58306,-81.08306
202405001,2025-03-04 13:55:00,CCGS LIMNOS,GEORGIAN BAY,9,450359,-811513,19,54.00,2024-09-08 04:07:00,236,1.00,.00,0.20000000,,0,16.500000,D.I.C,DISSOLVED INORGANIC CARBON,MG C/L,45.06639,-81.25361
202405001,2025-03-04 13:55:00,CCGS LIMNOS,GEORGIAN BAY,10,444302,-805123,1,90.00,2024-09-08 21:11:00,236,1.00,.00,0.20000000,,0,16.400000,D.I.C,DISSOLVED INORGANIC CARBON,MG C/L,44.71722,-80.85639
202405001,2025-03-04 13:55:00,CCGS LIMNOS,GEORGIAN BAY,10,444302,-805123,1,90.00,2024-09-08 21:11:00,236,998.00,.00,0.20000000,,0,.300000,D.I.C,DISSOLVED INORGANIC CARBON,MG C/L,44.71722,-80.85639
202405001,2025-03-04 13:55:00,CCGS LIMNOS,GEORGIAN BAY,10,444302,-805123,1,90.00,2024-09-08 21:11:00,236,999.00,.00,0.20000000,,0,.200000,D.I.C,DISSOLVED INORGANIC CARBON,MG C/L,44.71722,-80.85639
202405001,2025-03-04 13:55:00,CCGS LIMNOS,GEORGIAN BAY,11,445512,-805229,12,89.00,2024-09-08 23:08:00,236,1.00,.00,0.20000000,,0,16.400000,D.I.C,DISSOLVED INORGANIC CARBON,MG C/L,44.92000,-80.87472
202405001,2025-03-04 13:55:00,CCGS LIMNOS,GEORGIAN BAY,12,451418,-812623,31,63.50,2024-09-09 03:57:00,236,1.00,.00,0.20000000,,0,16.400000,D.I.C,DISSOLVED INORGANIC CARBON,MG C/L,45.23833,-81.43972
202405001,2025-03-04 13:55:00,CCGS LIMNOS,GEORGIAN BAY,13,451618,-813817,1614,30.50,2024-09-09 05:22:00,236,1.00,.00,0.20000000,,0,16.800000,D.I.C,DISSOLVED INORGANIC CARBON,MG C/L,45.27167,-81.63806
202405001,2025-03-04 13:55:00,CCGS LIMNOS,GEORGIAN BAY,14,452213,-813505,33,55.00,2024-09-09 06:59:00,236,1.00,.00,0.20000000,,0,16.000000,D.I.C,DISSOLVED INORGANIC CARBON,MG C/L,45.37028,-81.58472
202405001,2025-03-04 13:55:00,CCGS LIMNOS,GEORGIAN BAY,15,452154,-811124,21,87.50,2024-09-09 09:38:00,236,1.00,.00,0.20000000,,0,16.200000,D.I.C,DISSOLVED INORGANIC CARBON,MG C/L,45.36500,-81.19000
202405001,2025-03-04 13:55:00,CCGS LIMNOS,GEORGIAN BAY,15,452154,-811124,21,87.50,2024-09-09 09:38:00,236,1.00,.00,0.20000000,,1,16.200000,D.I.C,DISSOLVED INORGANIC CARBON,MG C/L,45.36500,-81.19000
202405001,2025-03-04 13:55:00,CCGS LIMNOS,GEORGIAN BAY,16,451441,-805229,17,79.00,2024-09-09 11:48:00,236,1.00,.00,0.20000000,,0,16.000000,D.I.C,DISSOLVED INORGANIC CARBON,MG C/L,45.24472,-80.87472
202405001,2025-03-04 13:55:00,CCGS LIMNOS,GEORGIAN BAY,17,445515,-803620,11,62.00,2024-09-09 15:13:00,236,1.00,.00,0.20000000,,0,16.100000,D.I.C,DISSOLVED INORGANIC CARBON,MG C/L,44.92083,-80.60556
202405001,2025-03-04 13:55:00,CCGS LIMNOS,GEORGIAN BAY,18,444330,-803658,3,30.50,2024-09-09 16:59:00,236,1.00,.00,0.20000000,,0,16.200000,D.I.C,DISSOLVED INORGANIC CARBON,MG C/L,44.72500,-80.61611
202405001,2025-03-04 13:55:00,CCGS LIMNOS,GEORGIAN BAY,19,444412,-802604,6,86.50,2024-09-09 18:09:00,236,1.00,.00,0.20000000,,0,16.300000,D.I.C,DISSOLVED INORGANIC CARBON,MG C/L,44.73667,-80.43444
202405001,2025-03-04 13:55:00,CCGS LIMNOS,GEORGIAN BAY,20,443844,-800959,4,58.00,2024-09-09 20:02:00,236,1.00,.00,0.20000000,,0,16.200000,D.I.C,DISSOLVED INORGANIC CARBON,MG C/L,44.64556,-80.16639
202405001,2025-03-04 13:55:00,CCGS LIMNOS,GEORGIAN BAY,20,443844,-800959,4,58.00,2024-09-09 20:02:00,236,998.00,.00,0.20000000,,0,.200000,D.I.C,DISSOLVED INORGANIC CARBON,MG C/L,44.64556,-80.16639
202405001,2025-03-04 13:55:00,CCGS LIMNOS,GEORGIAN BAY,20,443844,-800959,4,58.00,2024-09-09 20:02:00,236,999.00,.00,0.20000000,,0,.200000,D.I.C,DISSOLVED INORGANIC CARBON,MG C/L,44.64556,-80.16639
202405001,2025-03-04 13:55:00,CCGS LIMNOS,GEORGIAN BAY,21,444747,-801435,5,58.50,2024-09-09 21:44:00,236,1.00,.00,0.20000000,,0,16.900000,D.I.C,DISSOLVED INORGANIC CARBON,MG C/L,44.79639,-80.24306
202405001,2025-03-04 13:55:00,CCGS LIMNOS,GEORGIAN BAY,22,445709,-800855,8,50.50,2024-09-09 23:31:00,236,1.00,.00,0.20000000,,0,16.800000,D.I.C,DISSOLVED INORGANIC CARBON,MG C/L,44.95250,-80.14861
202405001,2025-03-04 13:55:00,CCGS LIMNOS,GEORGIAN BAY,23,445217,-795804,9,28.50,2024-09-10 01:00:00,236,1.00,.00,0.20000000,,0,16.600000,D.I.C,DISSOLVED INORGANIC CARBON,MG C/L,44.87139,-79.96778
202405001,2025-03-04 13:55:00,CCGS LIMNOS,GEORGIAN BAY,24,451000,-801747,15,46.00,2024-09-10 04:28:00,236,1.00,.00,0.20000000,,0,16.700000,D.I.C,DISSOLVED INORGANIC CARBON,MG C/L,45.16667,-80.29639
202405001,2025-03-04 13:55:00,CCGS LIMNOS,GEORGIAN BAY,25,452113,-802911,16,19.50,2024-09-10 06:28:00,236,1.00,.00,0.20000000,,0,16.600000,D.I.C,DISSOLVED INORGANIC CARBON,MG C/L,45.35361,-80.48639
202405001,2025-03-04 13:55:00,CCGS LIMNOS,GEORGIAN BAY,25,452113,-802911,16,19.50,2024-09-10 06:28:00,236,1.00,.00,0.20000000,,1,16.500000,D.I.C,DISSOLVED INORGANIC CARBON,MG C/L,45.35361,-80.48639
202405001,2025-03-04 13:55:00,CCGS LIMNOS,GEORGIAN BAY,26,451929,-800700,122,96.50,2024-09-10 08:54:00,236,1.00,.00,0.20000000,,0,11.200000,D.I.C,DISSOLVED INORGANIC CARBON,MG C/L,45.32472,-80.11667
202405001,2025-03-04 13:55:00,CCGS LIMNOS,GEORGIAN BAY,1,454230,-813712,36,53.00,2024-09-07 09:24:00,245,1.00,.00,,,0,9.360000,D 02 W,"OXYGEN,CONCENTRATION DISSOLVED",MG 02/L,45.70833,-81.62000
202405001,2025-03-04 13:55:00,CCGS LIMNOS,GEORGIAN BAY,2,455445,-813541,42,28.50,2024-09-07 11:37:00,245,1.00,.00,,,0,9.300000,D 02 W,"OXYGEN,CONCENTRATION DISSOLVED",MG 02/L,45.91250,-81.59472
202405001,2025-03-04 13:55:00,CCGS LIMNOS,GEORGIAN BAY,2,455445,-813541,42,28.50,2024-09-07 11:37:00,245,6.00,.00,,,0,9.640000,D 02 W,"OXYGEN,CONCENTRATION DISSOLVED",MG 02/L,45.91250,-81.59472
202405001,2025-03-04 13:55:00,CCGS LIMNOS,GEORGIAN BAY,2,455445,-813541,42,28.50,2024-09-07 11:37:00,245,12.00,.00,,,0,9.730000,D 02 W,"OXYGEN,CONCENTRATION DISSOLVED",MG 02/L,45.91250,-81.59472
202405001,2025-03-04 13:55:00,CCGS LIMNOS,GEORGIAN BAY,2,455445,-813541,42,28.50,2024-09-07 11:37:00,245,18.00,.00,,,0,9.810000,D 02 W,"OXYGEN,CONCENTRATION DISSOLVED",MG 02/L,45.91250,-81.59472
202405001,2025-03-04 13:55:00,CCGS LIMNOS,GEORGIAN BAY,2,455445,-813541,42,28.50,2024-09-07 11:37:00,245,26.50,.00,,,0,9.720000,D 02 W,"OXYGEN,CONCENTRATION DISSOLVED",MG 02/L,45.91250,-81.59472
202405001,2025-03-04 13:55:00,CCGS LIMNOS,GEORGIAN BAY,3,454544,-814740,46,18.50,2024-09-07 13:56:00,245,1.00,.00,,,0,9.200000,D 02 W,"OXYGEN,CONCENTRATION DISSOLVED",MG 02/L,45.76222,-81.79444
202405001,2025-03-04 13:55:00,CCGS LIMNOS,GEORGIAN BAY,4,455223,-811529,39,26.00,2024-09-07 17:48:00,245,1.00,.00,,,0,9.370000,D 02 W,"OXYGEN,CONCENTRATION DISSOLVED",MG 02/L,45.87306,-81.25806
202405001,2025-03-04 13:55:00,CCGS LIMNOS,GEORGIAN BAY,5,455159,-805957,27,18.50,2024-09-07 19:21:00,245,1.00,.00,,,0,9.750000,D 02 W,"OXYGEN,CONCENTRATION DISSOLVED",MG 02/L,45.86639,-80.99917
202405001,2025-03-04 13:55:00,CCGS LIMNOS,GEORGIAN BAY,5,455159,-805957,27,18.50,2024-09-07 19:21:00,245,1.00,.00,,,1,9.700000,D 02 W,"OXYGEN,CONCENTRATION DISSOLVED",MG 02/L,45.86639,-80.99917
202405001,2025-03-04 13:55:00,CCGS LIMNOS,GEORGIAN BAY,5,455159,-805957,27,18.50,2024-09-07 19:21:00,245,5.50,.00,,,0,9.680000,D 02 W,"OXYGEN,CONCENTRATION DISSOLVED",MG 02/L,45.86639,-80.99917
202405001,2025-03-04 13:55:00,CCGS LIMNOS,GEORGIAN BAY,5,455159,-805957,27,18.50,2024-09-07 19:21:00,245,9.00,.00,,,0,10.050000,D 02 W,"OXYGEN,CONCENTRATION DISSOLVED",MG 02/L,45.86639,-80.99917
202405001,2025-03-04 13:55:00,CCGS LIMNOS,GEORGIAN BAY,5,455159,-805957,27,18.50,2024-09-07 19:21:00,245,13.50,.00,,,0,10.310000,D 02 W,"OXYGEN,CONCENTRATION DISSOLVED",MG 02/L,45.86639,-80.99917
202405001,2025-03-04 13:55:00,CCGS LIMNOS,GEORGIAN BAY,5,455159,-805957,27,18.50,2024-09-07 19:21:00,245,16.50,.00,,,0,10.280000,D 02 W,"OXYGEN,CONCENTRATION DISSOLVED",MG 02/L,45.86639,-80.99917
202405001,2025-03-04 13:55:00,CCGS LIMNOS,GEORGIAN BAY,6,454959,-805358,26,22.50,2024-09-07 20:23:00,245,1.00,.00,,,0,9.600000,D 02 W,"OXYGEN,CONCENTRATION DISSOLVED",MG 02/L,45.83306,-80.89944
202405001,2025-03-04 13:55:00,CCGS LIMNOS,GEORGIAN BAY,7,454043,-805018,24,40.00,2024-09-07 21:56:00,245,1.00,.00,,,0,9.310000,D 02 W,"OXYGEN,CONCENTRATION DISSOLVED",MG 02/L,45.67861,-80.83833
202405001,2025-03-04 13:55:00,CCGS LIMNOS,GEORGIAN BAY,8,453459,-810459,29,43.00,2024-09-07 23:44:00,245,1.00,.00,,,0,9.620000,D 02 W,"OXYGEN,CONCENTRATION DISSOLVED",MG 02/L,45.58306,-81.08306
202405001,2025-03-04 13:55:00,CCGS LIMNOS,GEORGIAN BAY,8,453459,-810459,29,43.00,2024-09-07 23:44:00,245,15.50,.00,,,0,9.360000,D 02 W,"OXYGEN,CONCENTRATION DISSOLVED",MG 02/L,45.58306,-81.08306
202405001,2025-03-04 13:55:00,CCGS LIMNOS,GEORGIAN BAY,8,453459,-810459,29,43.00,2024-09-07 23:44:00,245,20.50,.00,,,0,10.650000,D 02 W,"OXYGEN,CONCENTRATION DISSOLVED",MG 02/L,45.58306,-81.08306
202405001,2025-03-04 13:55:00,CCGS LIMNOS,GEORGIAN BAY,8,453459,-810459,29,43.00,2024-09-07 23:44:00,245,26.00,.00,,,0,10.720000,D 02 W,"OXYGEN,CONCENTRATION DISSOLVED",MG 02/L,45.58306,-81.08306
202405001,2025-03-04 13:55:00,CCGS LIMNOS,GEORGIAN BAY,8,453459,-810459,29,43.00,2024-09-07 23:44:00,245,33.00,.00,,,0,10.860000,D 02 W,"OXYGEN,CONCENTRATION DISSOLVED",MG 02/L,45.58306,-81.08306
202405001,2025-03-04 13:55:00,CCGS LIMNOS,GEORGIAN BAY,8,453459,-810459,29,43.00,2024-09-07 23:44:00,245,40.00,.00,,,0,10.690000,D 02 W,"OXYGEN,CONCENTRATION DISSOLVED",MG 02/L,45.58306,-81.08306
202405001,2025-03-04 13:55:00,CCGS LIMNOS,GEORGIAN BAY,9,450359,-811513,19,54.00,2024-09-08 04:07:00,245,1.00,.00,,,0,9.160000,D 02 W,"OXYGEN,CONCENTRATION DISSOLVED",MG 02/L,45.06639,-81.25361
202405001,2025-03-04 13:55:00,CCGS LIMNOS,GEORGIAN BAY,10,444302,-805123,1,90.00,2024-09-08 21:11:00,245,1.00,.00,,,0,8.830000,D 02 W,"OXYGEN,CONCENTRATION DISSOLVED",MG 02/L,44.71722,-80.85639
202405001,2025-03-04 13:55:00,CCGS LIMNOS,GEORGIAN BAY,10,444302,-805123,1,90.00,2024-09-08 21:11:00,245,36.00,.00,,,0,10.080000,D 02 W,"OXYGEN,CONCENTRATION DISSOLVED",MG 02/L,44.71722,-80.85639
202405001,2025-03-04 13:55:00,CCGS LIMNOS,GEORGIAN BAY,10,444302,-805123,1,90.00,2024-09-08 21:11:00,245,55.50,.00,,,0,10.400000,D 02 W,"OXYGEN,CONCENTRATION DISSOLVED",MG 02/L,44.71722,-80.85639
202405001,2025-03-04 13:55:00,CCGS LIMNOS,GEORGIAN BAY,10,444302,-805123,1,90.00,2024-09-08 21:11:00,245,75.00,.00,,,0,10.330000,D 02 W,"OXYGEN,CONCENTRATION DISSOLVED",MG 02/L,44.71722,-80.85639
202405001,2025-03-04 13:55:00,CCGS LIMNOS,GEORGIAN BAY,10,444302,-805123,1,90.00,2024-09-08 21:11:00,245,80.00,.00,,,0,10.300000,D 02 W,"OXYGEN,CONCENTRATION DISSOLVED",MG 02/L,44.71722,-80.85639
202405001,2025-03-04 13:55:00,CCGS LIMNOS,GEORGIAN BAY,10,444302,-805123,1,90.00,2024-09-08 21:11:00,245,88.00,.00,,,0,10.170000,D 02 W,"OXYGEN,CONCENTRATION DISSOLVED",MG 02/L,44.71722,-80.85639
202405001,2025-03-04 13:55:00,CCGS LIMNOS,GEORGIAN BAY,11,445512,-805229,12,89.00,2024-09-08 23:08:00,245,1.00,.00,,,0,8.920000,D 02 W,"OXYGEN,CONCENTRATION DISSOLVED",MG 02/L,44.92000,-80.87472
202405001,2025-03-04 13:55:00,CCGS LIMNOS,GEORGIAN BAY,12,451418,-812623,31,63.50,2024-09-09 03:57:00,245,1.00,.00,,,0,9.100000,D 02 W,"OXYGEN,CONCENTRATION DISSOLVED",MG 02/L,45.23833,-81.43972
202405001,2025-03-04 13:55:00,CCGS LIMNOS,GEORGIAN BAY,13,451618,-813817,1614,30.50,2024-09-09 05:22:00,245,1.00,.00,,,0,9.090000,D 02 W,"OXYGEN,CONCENTRATION DISSOLVED",MG 02/L,45.27167,-81.63806
202405001,2025-03-04 13:55:00,CCGS LIMNOS,GEORGIAN BAY,13,451618,-813817,1614,30.50,2024-09-09 05:22:00,245,7.00,.00,,,0,9.310000,D 02 W,"OXYGEN,CONCENTRATION DISSOLVED",MG 02/L,45.27167,-81.63806
202405001,2025-03-04 13:55:00,CCGS LIMNOS,GEORGIAN BAY,13,451618,-813817,1614,30.50,2024-09-09 05:22:00,245,16.50,.00,,,0,9.960000,D 02 W,"OXYGEN,CONCENTRATION DISSOLVED",MG 02/L,45.27167,-81.63806
202405001,2025-03-04 13:55:00,CCGS LIMNOS,GEORGIAN BAY,13,451618,-813817,1614,30.50,2024-09-09 05:22:00,245,20.50,.00,,,0,10.290000,D 02 W,"OXYGEN,CONCENTRATION DISSOLVED",MG 02/L,45.27167,-81.63806
202405001,2025-03-04 13:55:00,CCGS LIMNOS,GEORGIAN BAY,13,451618,-813817,1614,30.50,2024-09-09 05:22:00,245,26.00,.00,,,0,10.360000,D 02 W,"OXYGEN,CONCENTRATION DISSOLVED",MG 02/L,45.27167,-81.63806
202405001,2025-03-04 13:55:00,CCGS LIMNOS,GEORGIAN BAY,13,451618,-813817,1614,30.50,2024-09-09 05:22:00,245,28.50,.00,,,0,10.450000,D 02 W,"OXYGEN,CONCENTRATION DISSOLVED",MG 02/L,45.27167,-81.63806
202405001,2025-03-04 13:55:00,CCGS LIMNOS,GEORGIAN BAY,14,452213,-813505,33,55.00,2024-09-09 06:59:00,245,1.00,.00,,,0,8.990000,D 02 W,"OXYGEN,CONCENTRATION DISSOLVED",MG 02/L,45.37028,-81.58472
202405001,2025-03-04 13:55:00,CCGS LIMNOS,GEORGIAN BAY,14,452213,-813505,33,55.00,2024-09-09 06:59:00,245,17.00,.00,,,0,9.280000,D 02 W,"OXYGEN,CONCENTRATION DISSOLVED",MG 02/L,45.37028,-81.58472
202405001,2025-03-04 13:55:00,CCGS LIMNOS,GEORGIAN BAY,14,452213,-813505,33,55.00,2024-09-09 06:59:00,245,26.00,.00,,,0,10.280000,D 02 W,"OXYGEN,CONCENTRATION DISSOLVED",MG 02/L,45.37028,-81.58472
202405001,2025-03-04 13:55:00,CCGS LIMNOS,GEORGIAN BAY,14,452213,-813505,33,55.00,2024-09-09 06:59:00,245,35.00,.00,,,0,10.310000,D 02 W,"OXYGEN,CONCENTRATION DISSOLVED",MG 02/L,45.37028,-81.58472
202405001,2025-03-04 13:55:00,CCGS LIMNOS,GEORGIAN BAY,14,452213,-813505,33,55.00,2024-09-09 06:59:00,245,45.00,.00,,,0,10.280000,D 02 W,"OXYGEN,CONCENTRATION DISSOLVED",MG 02/L,45.37028,-81.58472
202405001,2025-03-04 13:55:00,CCGS LIMNOS,GEORGIAN BAY,14,452213,-813505,33,55.00,2024-09-09 06:59:00,245,53.00,.00,,,0,10.270000,D 02 W,"OXYGEN,CONCENTRATION DISSOLVED",MG 02/L,45.37028,-81.58472
202405001,2025-03-04 13:55:00,CCGS LIMNOS,GEORGIAN BAY,15,452154,-811124,21,87.50,2024-09-09 09:38:00,245,1.00,.00,,,0,9.060000,D 02 W,"OXYGEN,CONCENTRATION DISSOLVED",MG 02/L,45.36500,-81.19000
202405001,2025-03-04 13:55:00,CCGS LIMNOS,GEORGIAN BAY,15,452154,-811124,21,87.50,2024-09-09 09:38:00,245,1.00,.00,,,1,9.100000,D 02 W,"OXYGEN,CONCENTRATION DISSOLVED",MG 02/L,45.36500,-81.19000
202405001,2025-03-04 13:55:00,CCGS LIMNOS,GEORGIAN BAY,16,451441,-805229,17,79.00,2024-09-09 11:48:00,245,1.00,.00,,,0,9.000000,D 02 W,"OXYGEN,CONCENTRATION DISSOLVED",MG 02/L,45.24472,-80.87472
202405001,2025-03-04 13:55:00,CCGS LIMNOS,GEORGIAN BAY,16,451441,-805229,17,79.00,2024-09-09 11:48:00,245,21.50,.00,,,0,9.880000,D 02 W,"OXYGEN,CONCENTRATION DISSOLVED",MG 02/L,45.24472,-80.87472
202405001,2025-03-04 13:55:00,CCGS LIMNOS,GEORGIAN BAY,16,451441,-805229,17,79.00,2024-09-09 11:48:00,245,32.00,.00,,,0,10.310000,D 02 W,"OXYGEN,CONCENTRATION DISSOLVED",MG 02/L,45.24472,-80.87472
202405001,2025-03-04 13:55:00,CCGS LIMNOS,GEORGIAN BAY,16,451441,-805229,17,79.00,2024-09-09 11:48:00,245,42.00,.00,,,0,10.300000,D 02 W,"OXYGEN,CONCENTRATION DISSOLVED",MG 02/L,45.24472,-80.87472
202405001,2025-03-04 13:55:00,CCGS LIMNOS,GEORGIAN BAY,16,451441,-805229,17,79.00,2024-09-09 11:48:00,245,69.00,.00,,,0,10.340000,D 02 W,"OXYGEN,CONCENTRATION DISSOLVED",MG 02/L,45.24472,-80.87472
202405001,2025-03-04 13:55:00,CCGS LIMNOS,GEORGIAN BAY,16,451441,-805229,17,79.00,2024-09-09 11:48:00,245,77.00,.00,,,0,10.230000,D 02 W,"OXYGEN,CONCENTRATION DISSOLVED",MG 02/L,45.24472,-80.87472
202405001,2025-03-04 13:55:00,CCGS LIMNOS,GEORGIAN BAY,17,445515,-803620,11,62.00,2024-09-09 15:13:00,245,1.00,.00,,,0,9.060000,D 02 W,"OXYGEN,CONCENTRATION DISSOLVED",MG 02/L,44.92083,-80.60556
202405001,2025-03-04 13:55:00,CCGS LIMNOS,GEORGIAN BAY,18,444330,-803658,3,30.50,2024-09-09 16:59:00,245,1.00,.00,,,0,8.810000,D 02 W,"OXYGEN,CONCENTRATION DISSOLVED",MG 02/L,44.72500,-80.61611
202405001,2025-03-04 13:55:00,CCGS LIMNOS,GEORGIAN BAY,19,444412,-802604,6,86.50,2024-09-09 18:09:00,245,1.00,.00,,,0,8.800000,D 02 W,"OXYGEN,CONCENTRATION DISSOLVED",MG 02/L,44.73667,-80.43444
202405001,2025-03-04 13:55:00,CCGS LIMNOS,GEORGIAN BAY,20,443844,-800959,4,58.00,2024-09-09 20:02:00,245,1.00,.00,,,0,8.730000,D 02 W,"OXYGEN,CONCENTRATION DISSOLVED",MG 02/L,44.64556,-80.16639
202405001,2025-03-04 13:55:00,CCGS LIMNOS,GEORGIAN BAY,20,443844,-800959,4,58.00,2024-09-09 20:02:00,245,34.00,.00,,,0,9.700000,D 02 W,"OXYGEN,CONCENTRATION DISSOLVED",MG 02/L,44.64556,-80.16639
202405001,2025-03-04 13:55:00,CCGS LIMNOS,GEORGIAN BAY,20,443844,-800959,4,58.00,2024-09-09 20:02:00,245,41.00,.00,,,0,10.010000,D 02 W,"OXYGEN,CONCENTRATION DISSOLVED",MG 02/L,44.64556,-80.16639
202405001,2025-03-04 13:55:00,CCGS LIMNOS,GEORGIAN BAY,20,443844,-800959,4,58.00,2024-09-09 20:02:00,245,48.00,.00,,,0,9.920000,D 02 W,"OXYGEN,CONCENTRATION DISSOLVED",MG 02/L,44.64556,-80.16639
202405001,2025-03-04 13:55:00,CCGS LIMNOS,GEORGIAN BAY,20,443844,-800959,4,58.00,2024-09-09 20:02:00,245,56.00,.00,,,0,9.880000,D 02 W,"OXYGEN,CONCENTRATION DISSOLVED",MG 02/L,44.64556,-80.16639
202405001,2025-03-04 13:55:00,CCGS LIMNOS,GEORGIAN BAY,21,444747,-801435,5,58.50,2024-09-09 21:44:00,245,1.00,.00,,,0,8.710000,D 02 W,"OXYGEN,CONCENTRATION DISSOLVED",MG 02/L,44.79639,-80.24306
202405001,2025-03-04 13:55:00,CCGS LIMNOS,GEORGIAN BAY,22,445709,-800855,8,50.50,2024-09-09 23:31:00,245,1.00,.00,,,0,8.980000,D 02 W,"OXYGEN,CONCENTRATION DISSOLVED",MG 02/L,44.95250,-80.14861
202405001,2025-03-04 13:55:00,CCGS LIMNOS,GEORGIAN BAY,23,445217,-795804,9,28.50,2024-09-10 01:00:00,245,1.00,.00,,,0,8.750000,D 02 W,"OXYGEN,CONCENTRATION DISSOLVED",MG 02/L,44.87139,-79.96778
202405001,2025-03-04 13:55:00,CCGS LIMNOS,GEORGIAN BAY,23,445217,-795804,9,28.50,2024-09-10 01:00:00,245,10.00,.00,,,0,8.830000,D 02 W,"OXYGEN,CONCENTRATION DISSOLVED",MG 02/L,44.87139,-79.96778
202405001,2025-03-04 13:55:00,CCGS LIMNOS,GEORGIAN BAY,23,445217,-795804,9,28.50,2024-09-10 01:00:00,245,25.00,.00,,,0,8.750000,D 02 W,"OXYGEN,CONCENTRATION DISSOLVED",MG 02/L,44.87139,-79.96778
202405001,2025-03-04 13:55:00,CCGS LIMNOS,GEORGIAN BAY,23,445217,-795804,9,28.50,2024-09-10 01:00:00,245,26.50,.00,,,0,8.730000,D 02 W,"OXYGEN,CONCENTRATION DISSOLVED",MG 02/L,44.87139,-79.96778
202405001,2025-03-04 13:55:00,CCGS LIMNOS,GEORGIAN BAY,24,451000,-801747,15,46.00,2024-09-10 04:28:00,245,1.00,.00,,,0,9.680000,D 02 W,"OXYGEN,CONCENTRATION DISSOLVED",MG 02/L,45.16667,-80.29639
202405001,2025-03-04 13:55:00,CCGS LIMNOS,GEORGIAN BAY,25,452113,-802911,16,19.50,2024-09-10 06:28:00,245,1.00,.00,,,0,9.630000,D 02 W,"OXYGEN,CONCENTRATION DISSOLVED",MG 02/L,45.35361,-80.48639
202405001,2025-03-04 13:55:00,CCGS LIMNOS,GEORGIAN BAY,25,452113,-802911,16,19.50,2024-09-10 06:28:00,245,1.00,.00,,,1,9.630000,D 02 W,"OXYGEN,CONCENTRATION DISSOLVED",MG 02/L,45.35361,-80.48639
202405001,2025-03-04 13:55:00,CCGS LIMNOS,GEORGIAN BAY,26,451929,-800700,122,96.50,2024-09-10 08:54:00,245,1.00,.00,,,0,8.890000,D 02 W,"OXYGEN,CONCENTRATION DISSOLVED",MG 02/L,45.32472,-80.11667
202405001,2025-03-04 13:55:00,CCGS LIMNOS,GEORGIAN BAY,1,454230,-813712,36,53.00,2024-09-07 09:24:00,247,1.00,.00,,,0,99.020000,SAT 02,"OXYGEN,% SAT. DISSOLVED",PERCENT,45.70833,-81.62000
202405001,2025-03-04 13:55:00,CCGS LIMNOS,GEORGIAN BAY,2,455445,-813541,42,28.50,2024-09-07 11:37:00,247,1.00,.00,,,0,99.150000,SAT 02,"OXYGEN,% SAT. DISSOLVED",PERCENT,45.91250,-81.59472
202405001,2025-03-04 13:55:00,CCGS LIMNOS,GEORGIAN BAY,2,455445,-813541,42,28.50,2024-09-07 11:37:00,247,6.00,.00,,,0,102.770000,SAT 02,"OXYGEN,% SAT. DISSOLVED",PERCENT,45.91250,-81.59472
202405001,2025-03-04 13:55:00,CCGS LIMNOS,GEORGIAN BAY,2,455445,-813541,42,28.50,2024-09-07 11:37:00,247,12.00,.00,,,0,100.260000,SAT 02,"OXYGEN,% SAT. DISSOLVED",PERCENT,45.91250,-81.59472
202405001,2025-03-04 13:55:00,CCGS LIMNOS,GEORGIAN BAY,2,455445,-813541,42,28.50,2024-09-07 11:37:00,247,18.00,.00,,,0,87.130000,SAT 02,"OXYGEN,% SAT. DISSOLVED",PERCENT,45.91250,-81.59472
202405001,2025-03-04 13:55:00,CCGS LIMNOS,GEORGIAN BAY,2,455445,-813541,42,28.50,2024-09-07 11:37:00,247,26.50,.00,,,0,86.210000,SAT 02,"OXYGEN,% SAT. DISSOLVED",PERCENT,45.91250,-81.59472
202405001,2025-03-04 13:55:00,CCGS LIMNOS,GEORGIAN BAY,3,454544,-814740,46,18.50,2024-09-07 13:56:00,247,1.00,.00,,,0,97.050000,SAT 02,"OXYGEN,% SAT. DISSOLVED",PERCENT,45.76222,-81.79444
202405001,2025-03-04 13:55:00,CCGS LIMNOS,GEORGIAN BAY,4,455223,-811529,39,26.00,2024-09-07 17:48:00,247,1.00,.00,,,0,97.980000,SAT 02,"OXYGEN,% SAT. DISSOLVED",PERCENT,45.87306,-81.25806
202405001,2025-03-04 13:55:00,CCGS LIMNOS,GEORGIAN BAY,5,455159,-805957,27,18.50,2024-09-07 19:21:00,247,1.00,.00,,,0,100.570000,SAT 02,"OXYGEN,% SAT. DISSOLVED",PERCENT,45.86639,-80.99917
202405001,2025-03-04 13:55:00,CCGS LIMNOS,GEORGIAN BAY,5,455159,-805957,27,18.50,2024-09-07 19:21:00,247,1.00,.00,,,1,100.050000,SAT 02,"OXYGEN,% SAT. DISSOLVED",PERCENT,45.86639,-80.99917
202405001,2025-03-04 13:55:00,CCGS LIMNOS,GEORGIAN BAY,5,455159,-805957,27,18.50,2024-09-07 19:21:00,247,5.50,.00,,,0,99.970000,SAT 02,"OXYGEN,% SAT. DISSOLVED",PERCENT,45.86639,-80.99917
202405001,2025-03-04 13:55:00,CCGS LIMNOS,GEORGIAN BAY,5,455159,-805957,27,18.50,2024-09-07 19:21:00,247,9.00,.00,,,0,100.050000,SAT 02,"OXYGEN,% SAT. DISSOLVED",PERCENT,45.86639,-80.99917
202405001,2025-03-04 13:55:00,CCGS LIMNOS,GEORGIAN BAY,5,455159,-805957,27,18.50,2024-09-07 19:21:00,247,13.50,.00,,,0,93.280000,SAT 02,"OXYGEN,% SAT. DISSOLVED",PERCENT,45.86639,-80.99917
202405001,2025-03-04 13:55:00,CCGS LIMNOS,GEORGIAN BAY,5,455159,-805957,27,18.50,2024-09-07 19:21:00,247,16.50,.00,,,0,90.230000,SAT 02,"OXYGEN,% SAT. DISSOLVED",PERCENT,45.86639,-80.99917
202405001,2025-03-04 13:55:00,CCGS LIMNOS,GEORGIAN BAY,6,454959,-805358,26,22.50,2024-09-07 20:23:00,247,1.00,.00,,,0,97.860000,SAT 02,"OXYGEN,% SAT. DISSOLVED",PERCENT,45.83306,-80.89944
202405001,2025-03-04 13:55:00,CCGS LIMNOS,GEORGIAN BAY,7,454043,-805018,24,40.00,2024-09-07 21:56:00,247,1.00,.00,,,0,98.350000,SAT 02,"OXYGEN,% SAT. DISSOLVED",PERCENT,45.67861,-80.83833
202405001,2025-03-04 13:55:00,CCGS LIMNOS,GEORGIAN BAY,8,453459,-810459,29,43.00,2024-09-07 23:44:00,247,1.00,.00,,,0,102.330000,SAT 02,"OXYGEN,% SAT. DISSOLVED",PERCENT,45.58306,-81.08306
202405001,2025-03-04 13:55:00,CCGS LIMNOS,GEORGIAN BAY,8,453459,-810459,29,43.00,2024-09-07 23:44:00,247,15.50,.00,,,0,99.460000,SAT 02,"OXYGEN,% SAT. DISSOLVED",PERCENT,45.58306,-81.08306
202405001,2025-03-04 13:55:00,CCGS LIMNOS,GEORGIAN BAY,8,453459,-810459,29,43.00,2024-09-07 23:44:00,247,20.50,.00,,,0,97.700000,SAT 02,"OXYGEN,% SAT. DISSOLVED",PERCENT,45.58306,-81.08306
202405001,2025-03-04 13:55:00,CCGS LIMNOS,GEORGIAN BAY,8,453459,-810459,29,43.00,2024-09-07 23:44:00,247,26.00,.00,,,0,88.340000,SAT 02,"OXYGEN,% SAT. DISSOLVED",PERCENT,45.58306,-81.08306
202405001,2025-03-04 13:55:00,CCGS LIMNOS,GEORGIAN BAY,8,453459,-810459,29,43.00,2024-09-07 23:44:00,247,33.00,.00,,,0,89.040000,SAT 02,"OXYGEN,% SAT. DISSOLVED",PERCENT,45.58306,-81.08306
202405001,2025-03-04 13:55:00,CCGS LIMNOS,GEORGIAN BAY,8,453459,-810459,29,43.00,2024-09-07 23:44:00,247,40.00,.00,,,0,86.340000,SAT 02,"OXYGEN,% SAT. DISSOLVED",PERCENT,45.58306,-81.08306
202405001,2025-03-04 13:55:00,CCGS LIMNOS,GEORGIAN BAY,9,450359,-811513,19,54.00,2024-09-08 04:07:00,247,1.00,.00,,,0,99.960000,SAT 02,"OXYGEN,% SAT. DISSOLVED",PERCENT,45.06639,-81.25361
202405001,2025-03-04 13:55:00,CCGS LIMNOS,GEORGIAN BAY,10,444302,-805123,1,90.00,2024-09-08 21:11:00,247,1.00,.00,,,0,97.670000,SAT 02,"OXYGEN,% SAT. DISSOLVED",PERCENT,44.71722,-80.85639
202405001,2025-03-04 13:55:00,CCGS LIMNOS,GEORGIAN BAY,10,444302,-805123,1,90.00,2024-09-08 21:11:00,247,36.00,.00,,,0,110.440000,SAT 02,"OXYGEN,% SAT. DISSOLVED",PERCENT,44.71722,-80.85639
202405001,2025-03-04 13:55:00,CCGS LIMNOS,GEORGIAN BAY,10,444302,-805123,1,90.00,2024-09-08 21:11:00,247,55.50,.00,,,0,84.500000,SAT 02,"OXYGEN,% SAT. DISSOLVED",PERCENT,44.71722,-80.85639
202405001,2025-03-04 13:55:00,CCGS LIMNOS,GEORGIAN BAY,10,444302,-805123,1,90.00,2024-09-08 21:11:00,247,75.00,.00,,,0,80.620000,SAT 02,"OXYGEN,% SAT. DISSOLVED",PERCENT,44.71722,-80.85639
202405001,2025-03-04 13:55:00,CCGS LIMNOS,GEORGIAN BAY,10,444302,-805123,1,90.00,2024-09-08 21:11:00,247,80.00,.00,,,0,80.320000,SAT 02,"OXYGEN,% SAT. DISSOLVED",PERCENT,44.71722,-80.85639
202405001,2025-03-04 13:55:00,CCGS LIMNOS,GEORGIAN BAY,10,444302,-805123,1,90.00,2024-09-08 21:11:00,247,88.00,.00,,,0,79.250000,SAT 02,"OXYGEN,% SAT. DISSOLVED",PERCENT,44.71722,-80.85639
202405001,2025-03-04 13:55:00,CCGS LIMNOS,GEORGIAN BAY,11,445512,-805229,12,89.00,2024-09-08 23:08:00,247,1.00,.00,,,0,97.050000,SAT 02,"OXYGEN,% SAT. DISSOLVED",PERCENT,44.92000,-80.87472
202405001,2025-03-04 13:55:00,CCGS LIMNOS,GEORGIAN BAY,12,451418,-812623,31,63.50,2024-09-09 03:57:00,247,1.00,.00,,,0,97.760000,SAT 02,"OXYGEN,% SAT. DISSOLVED",PERCENT,45.23833,-81.43972
202405001,2025-03-04 13:55:00,CCGS LIMNOS,GEORGIAN BAY,13,451618,-813817,1614,30.50,2024-09-09 05:22:00,247,1.00,.00,,,0,95.660000,SAT 02,"OXYGEN,% SAT. DISSOLVED",PERCENT,45.27167,-81.63806
202405001,2025-03-04 13:55:00,CCGS LIMNOS,GEORGIAN BAY,13,451618,-813817,1614,30.50,2024-09-09 05:22:00,247,7.00,.00,,,0,97.950000,SAT 02,"OXYGEN,% SAT. DISSOLVED",PERCENT,45.27167,-81.63806
202405001,2025-03-04 13:55:00,CCGS LIMNOS,GEORGIAN BAY,13,451618,-813817,1614,30.50,2024-09-09 05:22:00,247,16.50,.00,,,0,101.810000,SAT 02,"OXYGEN,% SAT. DISSOLVED",PERCENT,45.27167,-81.63806
202405001,2025-03-04 13:55:00,CCGS LIMNOS,GEORGIAN BAY,13,451618,-813817,1614,30.50,2024-09-09 05:22:00,247,20.50,.00,,,0,87.460000,SAT 02,"OXYGEN,% SAT. DISSOLVED",PERCENT,45.27167,-81.63806
202405001,2025-03-04 13:55:00,CCGS LIMNOS,GEORGIAN BAY,13,451618,-813817,1614,30.50,2024-09-09 05:22:00,247,26.00,.00,,,0,85.090000,SAT 02,"OXYGEN,% SAT. DISSOLVED",PERCENT,45.27167,-81.63806
202405001,2025-03-04 13:55:00,CCGS LIMNOS,GEORGIAN BAY,13,451618,-813817,1614,30.50,2024-09-09 05:22:00,247,28.50,.00,,,0,83.920000,SAT 02,"OXYGEN,% SAT. DISSOLVED",PERCENT,45.27167,-81.63806
202405001,2025-03-04 13:55:00,CCGS LIMNOS,GEORGIAN BAY,14,452213,-813505,33,55.00,2024-09-09 06:59:00,247,1.00,.00,,,0,95.690000,SAT 02,"OXYGEN,% SAT. DISSOLVED",PERCENT,45.37028,-81.58472
202405001,2025-03-04 13:55:00,CCGS LIMNOS,GEORGIAN BAY,14,452213,-813505,33,55.00,2024-09-09 06:59:00,247,17.00,.00,,,0,98.790000,SAT 02,"OXYGEN,% SAT. DISSOLVED",PERCENT,45.37028,-81.58472
202405001,2025-03-04 13:55:00,CCGS LIMNOS,GEORGIAN BAY,14,452213,-813505,33,55.00,2024-09-09 06:59:00,247,26.00,.00,,,0,85.330000,SAT 02,"OXYGEN,% SAT. DISSOLVED",PERCENT,45.37028,-81.58472
202405001,2025-03-04 13:55:00,CCGS LIMNOS,GEORGIAN BAY,14,452213,-813505,33,55.00,2024-09-09 06:59:00,247,35.00,.00,,,0,84.530000,SAT 02,"OXYGEN,% SAT. DISSOLVED",PERCENT,45.37028,-81.58472
202405001,2025-03-04 13:55:00,CCGS LIMNOS,GEORGIAN BAY,14,452213,-813505,33,55.00,2024-09-09 06:59:00,247,45.00,.00,,,0,83.870000,SAT 02,"OXYGEN,% SAT. DISSOLVED",PERCENT,45.37028,-81.58472
202405001,2025-03-04 13:55:00,CCGS LIMNOS,GEORGIAN BAY,14,452213,-813505,33,55.00,2024-09-09 06:59:00,247,53.00,.00,,,0,83.100000,SAT 02,"OXYGEN,% SAT. DISSOLVED",PERCENT,45.37028,-81.58472
202405001,2025-03-04 13:55:00,CCGS LIMNOS,GEORGIAN BAY,15,452154,-811124,21,87.50,2024-09-09 09:38:00,247,1.00,.00,,,0,96.570000,SAT 02,"OXYGEN,% SAT. DISSOLVED",PERCENT,45.36500,-81.19000
202405001,2025-03-04 13:55:00,CCGS LIMNOS,GEORGIAN BAY,15,452154,-811124,21,87.50,2024-09-09 09:38:00,247,1.00,.00,,,1,96.990000,SAT 02,"OXYGEN,% SAT. DISSOLVED",PERCENT,45.36500,-81.19000
202405001,2025-03-04 13:55:00,CCGS LIMNOS,GEORGIAN BAY,16,451441,-805229,17,79.00,2024-09-09 11:48:00,247,1.00,.00,,,0,95.890000,SAT 02,"OXYGEN,% SAT. DISSOLVED",PERCENT,45.24472,-80.87472
202405001,2025-03-04 13:55:00,CCGS LIMNOS,GEORGIAN BAY,16,451441,-805229,17,79.00,2024-09-09 11:48:00,247,21.50,.00,,,0,105.270000,SAT 02,"OXYGEN,% SAT. DISSOLVED",PERCENT,45.24472,-80.87472
202405001,2025-03-04 13:55:00,CCGS LIMNOS,GEORGIAN BAY,16,451441,-805229,17,79.00,2024-09-09 11:48:00,247,32.00,.00,,,0,83.120000,SAT 02,"OXYGEN,% SAT. DISSOLVED",PERCENT,45.24472,-80.87472
202405001,2025-03-04 13:55:00,CCGS LIMNOS,GEORGIAN BAY,16,451441,-805229,17,79.00,2024-09-09 11:48:00,247,42.00,.00,,,0,81.550000,SAT 02,"OXYGEN,% SAT. DISSOLVED",PERCENT,45.24472,-80.87472
202405001,2025-03-04 13:55:00,CCGS LIMNOS,GEORGIAN BAY,16,451441,-805229,17,79.00,2024-09-09 11:48:00,247,69.00,.00,,,0,81.200000,SAT 02,"OXYGEN,% SAT. DISSOLVED",PERCENT,45.24472,-80.87472
202405001,2025-03-04 13:55:00,CCGS LIMNOS,GEORGIAN BAY,16,451441,-805229,17,79.00,2024-09-09 11:48:00,247,77.00,.00,,,0,80.330000,SAT 02,"OXYGEN,% SAT. DISSOLVED",PERCENT,45.24472,-80.87472
202405001,2025-03-04 13:55:00,CCGS LIMNOS,GEORGIAN BAY,17,445515,-803620,11,62.00,2024-09-09 15:13:00,247,1.00,.00,,,0,97.500000,SAT 02,"OXYGEN,% SAT. DISSOLVED",PERCENT,44.92083,-80.60556
202405001,2025-03-04 13:55:00,CCGS LIMNOS,GEORGIAN BAY,18,444330,-803658,3,30.50,2024-09-09 16:59:00,247,1.00,.00,,,0,95.800000,SAT 02,"OXYGEN,% SAT. DISSOLVED",PERCENT,44.72500,-80.61611
202405001,2025-03-04 13:55:00,CCGS LIMNOS,GEORGIAN BAY,19,444412,-802604,6,86.50,2024-09-09 18:09:00,247,1.00,.00,,,0,95.860000,SAT 02,"OXYGEN,% SAT. DISSOLVED",PERCENT,44.73667,-80.43444
202405001,2025-03-04 13:55:00,CCGS LIMNOS,GEORGIAN BAY,20,443844,-800959,4,58.00,2024-09-09 20:02:00,247,1.00,.00,,,0,95.930000,SAT 02,"OXYGEN,% SAT. DISSOLVED",PERCENT,44.64556,-80.16639
202405001,2025-03-04 13:55:00,CCGS LIMNOS,GEORGIAN BAY,20,443844,-800959,4,58.00,2024-09-09 20:02:00,247,34.00,.00,,,0,105.480000,SAT 02,"OXYGEN,% SAT. DISSOLVED",PERCENT,44.64556,-80.16639
202405001,2025-03-04 13:55:00,CCGS LIMNOS,GEORGIAN BAY,20,443844,-800959,4,58.00,2024-09-09 20:02:00,247,41.00,.00,,,0,86.110000,SAT 02,"OXYGEN,% SAT. DISSOLVED",PERCENT,44.64556,-80.16639
202405001,2025-03-04 13:55:00,CCGS LIMNOS,GEORGIAN BAY,20,443844,-800959,4,58.00,2024-09-09 20:02:00,247,48.00,.00,,,0,80.580000,SAT 02,"OXYGEN,% SAT. DISSOLVED",PERCENT,44.64556,-80.16639
202405001,2025-03-04 13:55:00,CCGS LIMNOS,GEORGIAN BAY,20,443844,-800959,4,58.00,2024-09-09 20:02:00,247,56.00,.00,,,0,79.740000,SAT 02,"OXYGEN,% SAT. DISSOLVED",PERCENT,44.64556,-80.16639
202405001,2025-03-04 13:55:00,CCGS LIMNOS,GEORGIAN BAY,21,444747,-801435,5,58.50,2024-09-09 21:44:00,247,1.00,.00,,,0,96.210000,SAT 02,"OXYGEN,% SAT. DISSOLVED",PERCENT,44.79639,-80.24306
202405001,2025-03-04 13:55:00,CCGS LIMNOS,GEORGIAN BAY,22,445709,-800855,8,50.50,2024-09-09 23:31:00,247,1.00,.00,,,0,97.940000,SAT 02,"OXYGEN,% SAT. DISSOLVED",PERCENT,44.95250,-80.14861
202405001,2025-03-04 13:55:00,CCGS LIMNOS,GEORGIAN BAY,23,445217,-795804,9,28.50,2024-09-10 01:00:00,247,1.00,.00,,,0,95.090000,SAT 02,"OXYGEN,% SAT. DISSOLVED",PERCENT,44.87139,-79.96778
202405001,2025-03-04 13:55:00,CCGS LIMNOS,GEORGIAN BAY,23,445217,-795804,9,28.50,2024-09-10 01:00:00,247,10.00,.00,,,0,95.920000,SAT 02,"OXYGEN,% SAT. DISSOLVED",PERCENT,44.87139,-79.96778
202405001,2025-03-04 13:55:00,CCGS LIMNOS,GEORGIAN BAY,23,445217,-795804,9,28.50,2024-09-10 01:00:00,247,25.00,.00,,,0,94.900000,SAT 02,"OXYGEN,% SAT. DISSOLVED",PERCENT,44.87139,-79.96778
202405001,2025-03-04 13:55:00,CCGS LIMNOS,GEORGIAN BAY,23,445217,-795804,9,28.50,2024-09-10 01:00:00,247,26.50,.00,,,0,94.570000,SAT 02,"OXYGEN,% SAT. DISSOLVED",PERCENT,44.87139,-79.96778
202405001,2025-03-04 13:55:00,CCGS LIMNOS,GEORGIAN BAY,24,451000,-801747,15,46.00,2024-09-10 04:28:00,247,1.00,.00,,,0,98.200000,SAT 02,"OXYGEN,% SAT. DISSOLVED",PERCENT,45.16667,-80.29639
202405001,2025-03-04 13:55:00,CCGS LIMNOS,GEORGIAN BAY,25,452113,-802911,16,19.50,2024-09-10 06:28:00,247,1.00,.00,,,0,100.120000,SAT 02,"OXYGEN,% SAT. DISSOLVED",PERCENT,45.35361,-80.48639
202405001,2025-03-04 13:55:00,CCGS LIMNOS,GEORGIAN BAY,25,452113,-802911,16,19.50,2024-09-10 06:28:00,247,1.00,.00,,,1,100.120000,SAT 02,"OXYGEN,% SAT. DISSOLVED",PERCENT,45.35361,-80.48639
202405001,2025-03-04 13:55:00,CCGS LIMNOS,GEORGIAN BAY,26,451929,-800700,122,96.50,2024-09-10 08:54:00,247,1.00,.00,,,0,96.060000,SAT 02,"OXYGEN,% SAT. DISSOLVED",PERCENT,45.32472,-80.11667
202405001,2025-03-04 13:55:00,CCGS LIMNOS,GEORGIAN BAY,1,454230,-813712,36,53.00,2024-09-07 09:24:00,265,1.00,.00,0.01400000,,0,.150000,TF KJN,"TOTAL KJELDAHL NITROGEN,FILTERED",MG N/L,45.70833,-81.62000
202405001,2025-03-04 13:55:00,CCGS LIMNOS,GEORGIAN BAY,2,455445,-813541,42,28.50,2024-09-07 11:37:00,265,1.00,.00,0.01400000,,0,.159000,TF KJN,"TOTAL KJELDAHL NITROGEN,FILTERED",MG N/L,45.91250,-81.59472
202405001,2025-03-04 13:55:00,CCGS LIMNOS,GEORGIAN BAY,2,455445,-813541,42,28.50,2024-09-07 11:37:00,265,6.00,.00,0.01400000,,0,.156000,TF KJN,"TOTAL KJELDAHL NITROGEN,FILTERED",MG N/L,45.91250,-81.59472
202405001,2025-03-04 13:55:00,CCGS LIMNOS,GEORGIAN BAY,2,455445,-813541,42,28.50,2024-09-07 11:37:00,265,12.00,.00,0.01400000,,0,.160000,TF KJN,"TOTAL KJELDAHL NITROGEN,FILTERED",MG N/L,45.91250,-81.59472
202405001,2025-03-04 13:55:00,CCGS LIMNOS,GEORGIAN BAY,2,455445,-813541,42,28.50,2024-09-07 11:37:00,265,18.00,.00,0.01400000,,0,.173000,TF KJN,"TOTAL KJELDAHL NITROGEN,FILTERED",MG N/L,45.91250,-81.59472
202405001,2025-03-04 13:55:00,CCGS LIMNOS,GEORGIAN BAY,2,455445,-813541,42,28.50,2024-09-07 11:37:00,265,26.50,.00,0.01400000,,0,.154000,TF KJN,"TOTAL KJELDAHL NITROGEN,FILTERED",MG N/L,45.91250,-81.59472
202405001,2025-03-04 13:55:00,CCGS LIMNOS,GEORGIAN BAY,3,454544,-814740,46,18.50,2024-09-07 13:56:00,265,1.00,.00,0.01400000,,0,.184000,TF KJN,"TOTAL KJELDAHL NITROGEN,FILTERED",MG N/L,45.76222,-81.79444
202405001,2025-03-04 13:55:00,CCGS LIMNOS,GEORGIAN BAY,4,455223,-811529,39,26.00,2024-09-07 17:48:00,265,1.00,.00,0.01400000,,0,.154000,TF KJN,"TOTAL KJELDAHL NITROGEN,FILTERED",MG N/L,45.87306,-81.25806
202405001,2025-03-04 13:55:00,CCGS LIMNOS,GEORGIAN BAY,5,455159,-805957,27,18.50,2024-09-07 19:21:00,265,1.00,.00,0.01400000,,0,.159000,TF KJN,"TOTAL KJELDAHL NITROGEN,FILTERED",MG N/L,45.86639,-80.99917
202405001,2025-03-04 13:55:00,CCGS LIMNOS,GEORGIAN BAY,5,455159,-805957,27,18.50,2024-09-07 19:21:00,265,1.00,.00,0.01400000,,1,.157000,TF KJN,"TOTAL KJELDAHL NITROGEN,FILTERED",MG N/L,45.86639,-80.99917
202405001,2025-03-04 13:55:00,CCGS LIMNOS,GEORGIAN BAY,5,455159,-805957,27,18.50,2024-09-07 19:21:00,265,5.50,.00,0.01400000,,0,.147000,TF KJN,"TOTAL KJELDAHL NITROGEN,FILTERED",MG N/L,45.86639,-80.99917
202405001,2025-03-04 13:55:00,CCGS LIMNOS,GEORGIAN BAY,5,455159,-805957,27,18.50,2024-09-07 19:21:00,265,9.00,.00,0.01400000,,0,.149000,TF KJN,"TOTAL KJELDAHL NITROGEN,FILTERED",MG N/L,45.86639,-80.99917
202405001,2025-03-04 13:55:00,CCGS LIMNOS,GEORGIAN BAY,5,455159,-805957,27,18.50,2024-09-07 19:21:00,265,13.50,.00,0.01400000,,0,.150000,TF KJN,"TOTAL KJELDAHL NITROGEN,FILTERED",MG N/L,45.86639,-80.99917
202405001,2025-03-04 13:55:00,CCGS LIMNOS,GEORGIAN BAY,5,455159,-805957,27,18.50,2024-09-07 19:21:00,265,16.50,.00,0.01400000,,0,.148000,TF KJN,"TOTAL KJELDAHL NITROGEN,FILTERED",MG N/L,45.86639,-80.99917
202405001,2025-03-04 13:55:00,CCGS LIMNOS,GEORGIAN BAY,6,454959,-805358,26,22.50,2024-09-07 20:23:00,265,1.00,.00,0.01400000,,0,.161000,TF KJN,"TOTAL KJELDAHL NITROGEN,FILTERED",MG N/L,45.83306,-80.89944
202405001,2025-03-04 13:55:00,CCGS LIMNOS,GEORGIAN BAY,7,454043,-805018,24,40.00,2024-09-07 21:56:00,265,1.00,.00,0.01400000,,0,.161000,TF KJN,"TOTAL KJELDAHL NITROGEN,FILTERED",MG N/L,45.67861,-80.83833
202405001,2025-03-04 13:55:00,CCGS LIMNOS,GEORGIAN BAY,8,453459,-810459,29,43.00,2024-09-07 23:44:00,265,1.00,.00,0.01400000,,0,.161000,TF KJN,"TOTAL KJELDAHL NITROGEN,FILTERED",MG N/L,45.58306,-81.08306
202405001,2025-03-04 13:55:00,CCGS LIMNOS,GEORGIAN BAY,8,453459,-810459,29,43.00,2024-09-07 23:44:00,265,15.50,.00,0.01400000,,0,.169000,TF KJN,"TOTAL KJELDAHL NITROGEN,FILTERED",MG N/L,45.58306,-81.08306
202405001,2025-03-04 13:55:00,CCGS LIMNOS,GEORGIAN BAY,8,453459,-810459,29,43.00,2024-09-07 23:44:00,265,20.50,.00,0.01400000,,0,.165000,TF KJN,"TOTAL KJELDAHL NITROGEN,FILTERED",MG N/L,45.58306,-81.08306
202405001,2025-03-04 13:55:00,CCGS LIMNOS,GEORGIAN BAY,8,453459,-810459,29,43.00,2024-09-07 23:44:00,265,26.00,.00,0.01400000,,0,.162000,TF KJN,"TOTAL KJELDAHL NITROGEN,FILTERED",MG N/L,45.58306,-81.08306
202405001,2025-03-04 13:55:00,CCGS LIMNOS,GEORGIAN BAY,8,453459,-810459,29,43.00,2024-09-07 23:44:00,265,33.00,.00,0.01400000,,0,.152000,TF KJN,"TOTAL KJELDAHL NITROGEN,FILTERED",MG N/L,45.58306,-81.08306
202405001,2025-03-04 13:55:00,CCGS LIMNOS,GEORGIAN BAY,8,453459,-810459,29,43.00,2024-09-07 23:44:00,265,40.00,.00,0.01400000,,0,.145000,TF KJN,"TOTAL KJELDAHL NITROGEN,FILTERED",MG N/L,45.58306,-81.08306
202405001,2025-03-04 13:55:00,CCGS LIMNOS,GEORGIAN BAY,9,450359,-811513,19,54.00,2024-09-08 04:07:00,265,1.00,.00,0.01400000,,0,.152000,TF KJN,"TOTAL KJELDAHL NITROGEN,FILTERED",MG N/L,45.06639,-81.25361
202405001,2025-03-04 13:55:00,CCGS LIMNOS,GEORGIAN BAY,10,444302,-805123,1,90.00,2024-09-08 21:11:00,265,1.00,.00,0.01400000,,0,.157000,TF KJN,"TOTAL KJELDAHL NITROGEN,FILTERED",MG N/L,44.71722,-80.85639
202405001,2025-03-04 13:55:00,CCGS LIMNOS,GEORGIAN BAY,10,444302,-805123,1,90.00,2024-09-08 21:11:00,265,36.00,.00,0.01400000,,0,.145000,TF KJN,"TOTAL KJELDAHL NITROGEN,FILTERED",MG N/L,44.71722,-80.85639
202405001,2025-03-04 13:55:00,CCGS LIMNOS,GEORGIAN BAY,10,444302,-805123,1,90.00,2024-09-08 21:11:00,265,55.50,.00,0.01400000,,0,.134000,TF KJN,"TOTAL KJELDAHL NITROGEN,FILTERED",MG N/L,44.71722,-80.85639
202405001,2025-03-04 13:55:00,CCGS LIMNOS,GEORGIAN BAY,10,444302,-805123,1,90.00,2024-09-08 21:11:00,265,75.00,.00,0.01400000,,0,.138000,TF KJN,"TOTAL KJELDAHL NITROGEN,FILTERED",MG N/L,44.71722,-80.85639
202405001,2025-03-04 13:55:00,CCGS LIMNOS,GEORGIAN BAY,10,444302,-805123,1,90.00,2024-09-08 21:11:00,265,80.00,.00,0.01400000,,0,.135000,TF KJN,"TOTAL KJELDAHL NITROGEN,FILTERED",MG N/L,44.71722,-80.85639
202405001,2025-03-04 13:55:00,CCGS LIMNOS,GEORGIAN BAY,10,444302,-805123,1,90.00,2024-09-08 21:11:00,265,88.00,.00,0.01400000,,0,.145000,TF KJN,"TOTAL KJELDAHL NITROGEN,FILTERED",MG N/L,44.71722,-80.85639
202405001,2025-03-04 13:55:00,CCGS LIMNOS,GEORGIAN BAY,10,444302,-805123,1,90.00,2024-09-08 21:11:00,265,998.00,.00,0.01400000,<,0,.014000,TF KJN,"TOTAL KJELDAHL NITROGEN,FILTERED",MG N/L,44.71722,-80.85639
202405001,2025-03-04 13:55:00,CCGS LIMNOS,GEORGIAN BAY,10,444302,-805123,1,90.00,2024-09-08 21:11:00,265,999.00,.00,0.01400000,<,0,.014000,TF KJN,"TOTAL KJELDAHL NITROGEN,FILTERED",MG N/L,44.71722,-80.85639
202405001,2025-03-04 13:55:00,CCGS LIMNOS,GEORGIAN BAY,11,445512,-805229,12,89.00,2024-09-08 23:08:00,265,1.00,.00,0.01400000,,0,.147000,TF KJN,"TOTAL KJELDAHL NITROGEN,FILTERED",MG N/L,44.92000,-80.87472
202405001,2025-03-04 13:55:00,CCGS LIMNOS,GEORGIAN BAY,12,451418,-812623,31,63.50,2024-09-09 03:57:00,265,1.00,.00,0.01400000,,0,.145000,TF KJN,"TOTAL KJELDAHL NITROGEN,FILTERED",MG N/L,45.23833,-81.43972
202405001,2025-03-04 13:55:00,CCGS LIMNOS,GEORGIAN BAY,13,451618,-813817,1614,30.50,2024-09-09 05:22:00,265,1.00,.00,0.01400000,,0,.144000,TF KJN,"TOTAL KJELDAHL NITROGEN,FILTERED",MG N/L,45.27167,-81.63806
202405001,2025-03-04 13:55:00,CCGS LIMNOS,GEORGIAN BAY,13,451618,-813817,1614,30.50,2024-09-09 05:22:00,265,7.00,.00,0.01400000,,0,.143000,TF KJN,"TOTAL KJELDAHL NITROGEN,FILTERED",MG N/L,45.27167,-81.63806
202405001,2025-03-04 13:55:00,CCGS LIMNOS,GEORGIAN BAY,13,451618,-813817,1614,30.50,2024-09-09 05:22:00,265,16.50,.00,0.01400000,,0,.142000,TF KJN,"TOTAL KJELDAHL NITROGEN,FILTERED",MG N/L,45.27167,-81.63806
202405001,2025-03-04 13:55:00,CCGS LIMNOS,GEORGIAN BAY,13,451618,-813817,1614,30.50,2024-09-09 05:22:00,265,20.50,.00,0.01400000,,0,.147000,TF KJN,"TOTAL KJELDAHL NITROGEN,FILTERED",MG N/L,45.27167,-81.63806
202405001,2025-03-04 13:55:00,CCGS LIMNOS,GEORGIAN BAY,13,451618,-813817,1614,30.50,2024-09-09 05:22:00,265,26.00,.00,0.01400000,,0,.153000,TF KJN,"TOTAL KJELDAHL NITROGEN,FILTERED",MG N/L,45.27167,-81.63806
202405001,2025-03-04 13:55:00,CCGS LIMNOS,GEORGIAN BAY,13,451618,-813817,1614,30.50,2024-09-09 05:22:00,265,28.50,.00,0.01400000,,0,.146000,TF KJN,"TOTAL KJELDAHL NITROGEN,FILTERED",MG N/L,45.27167,-81.63806
202405001,2025-03-04 13:55:00,CCGS LIMNOS,GEORGIAN BAY,14,452213,-813505,33,55.00,2024-09-09 06:59:00,265,1.00,.00,0.01400000,,0,.152000,TF KJN,"TOTAL KJELDAHL NITROGEN,FILTERED",MG N/L,45.37028,-81.58472
202405001,2025-03-04 13:55:00,CCGS LIMNOS,GEORGIAN BAY,14,452213,-813505,33,55.00,2024-09-09 06:59:00,265,17.00,.00,0.01400000,,0,.156000,TF KJN,"TOTAL KJELDAHL NITROGEN,FILTERED",MG N/L,45.37028,-81.58472
202405001,2025-03-04 13:55:00,CCGS LIMNOS,GEORGIAN BAY,14,452213,-813505,33,55.00,2024-09-09 06:59:00,265,26.00,.00,0.01400000,,0,.142000,TF KJN,"TOTAL KJELDAHL NITROGEN,FILTERED",MG N/L,45.37028,-81.58472
202405001,2025-03-04 13:55:00,CCGS LIMNOS,GEORGIAN BAY,14,452213,-813505,33,55.00,2024-09-09 06:59:00,265,35.00,.00,0.01400000,,0,.138000,TF KJN,"TOTAL KJELDAHL NITROGEN,FILTERED",MG N/L,45.37028,-81.58472
202405001,2025-03-04 13:55:00,CCGS LIMNOS,GEORGIAN BAY,14,452213,-813505,33,55.00,2024-09-09 06:59:00,265,45.00,.00,0.01400000,,0,.146000,TF KJN,"TOTAL KJELDAHL NITROGEN,FILTERED",MG N/L,45.37028,-81.58472
202405001,2025-03-04 13:55:00,CCGS LIMNOS,GEORGIAN BAY,14,452213,-813505,33,55.00,2024-09-09 06:59:00,265,53.00,.00,0.01400000,,0,.149000,TF KJN,"TOTAL KJELDAHL NITROGEN,FILTERED",MG N/L,45.37028,-81.58472
202405001,2025-03-04 13:55:00,CCGS LIMNOS,GEORGIAN BAY,15,452154,-811124,21,87.50,2024-09-09 09:38:00,265,1.00,.00,0.01400000,,0,.149000,TF KJN,"TOTAL KJELDAHL NITROGEN,FILTERED",MG N/L,45.36500,-81.19000
202405001,2025-03-04 13:55:00,CCGS LIMNOS,GEORGIAN BAY,15,452154,-811124,21,87.50,2024-09-09 09:38:00,265,1.00,.00,0.01400000,,1,.146000,TF KJN,"TOTAL KJELDAHL NITROGEN,FILTERED",MG N/L,45.36500,-81.19000
202405001,2025-03-04 13:55:00,CCGS LIMNOS,GEORGIAN BAY,16,451441,-805229,17,79.00,2024-09-09 11:48:00,265,1.00,.00,0.01400000,,0,.161000,TF KJN,"TOTAL KJELDAHL NITROGEN,FILTERED",MG N/L,45.24472,-80.87472
202405001,2025-03-04 13:55:00,CCGS LIMNOS,GEORGIAN BAY,16,451441,-805229,17,79.00,2024-09-09 11:48:00,265,21.50,.00,0.01400000,,0,.164000,TF KJN,"TOTAL KJELDAHL NITROGEN,FILTERED",MG N/L,45.24472,-80.87472
202405001,2025-03-04 13:55:00,CCGS LIMNOS,GEORGIAN BAY,16,451441,-805229,17,79.00,2024-09-09 11:48:00,265,32.00,.00,0.01400000,,0,.153000,TF KJN,"TOTAL KJELDAHL NITROGEN,FILTERED",MG N/L,45.24472,-80.87472
202405001,2025-03-04 13:55:00,CCGS LIMNOS,GEORGIAN BAY,16,451441,-805229,17,79.00,2024-09-09 11:48:00,265,42.00,.00,0.01400000,,0,.154000,TF KJN,"TOTAL KJELDAHL NITROGEN,FILTERED",MG N/L,45.24472,-80.87472
202405001,2025-03-04 13:55:00,CCGS LIMNOS,GEORGIAN BAY,16,451441,-805229,17,79.00,2024-09-09 11:48:00,265,69.00,.00,0.01400000,,0,.138000,TF KJN,"TOTAL KJELDAHL NITROGEN,FILTERED",MG N/L,45.24472,-80.87472
202405001,2025-03-04 13:55:00,CCGS LIMNOS,GEORGIAN BAY,16,451441,-805229,17,79.00,2024-09-09 11:48:00,265,77.00,.00,0.01400000,,0,.145000,TF KJN,"TOTAL KJELDAHL NITROGEN,FILTERED",MG N/L,45.24472,-80.87472
202405001,2025-03-04 13:55:00,CCGS LIMNOS,GEORGIAN BAY,17,445515,-803620,11,62.00,2024-09-09 15:13:00,265,1.00,.00,0.01400000,,0,.151000,TF KJN,"TOTAL KJELDAHL NITROGEN,FILTERED",MG N/L,44.92083,-80.60556
202405001,2025-03-04 13:55:00,CCGS LIMNOS,GEORGIAN BAY,18,444330,-803658,3,30.50,2024-09-09 16:59:00,265,1.00,.00,0.01400000,,0,.150000,TF KJN,"TOTAL KJELDAHL NITROGEN,FILTERED",MG N/L,44.72500,-80.61611
202405001,2025-03-04 13:55:00,CCGS LIMNOS,GEORGIAN BAY,19,444412,-802604,6,86.50,2024-09-09 18:09:00,265,1.00,.00,0.01400000,,0,.156000,TF KJN,"TOTAL KJELDAHL NITROGEN,FILTERED",MG N/L,44.73667,-80.43444
202405001,2025-03-04 13:55:00,CCGS LIMNOS,GEORGIAN BAY,20,443844,-800959,4,58.00,2024-09-09 20:02:00,265,1.00,.00,0.01400000,,0,.147000,TF KJN,"TOTAL KJELDAHL NITROGEN,FILTERED",MG N/L,44.64556,-80.16639
202405001,2025-03-04 13:55:00,CCGS LIMNOS,GEORGIAN BAY,20,443844,-800959,4,58.00,2024-09-09 20:02:00,265,34.00,.00,0.01400000,,0,.153000,TF KJN,"TOTAL KJELDAHL NITROGEN,FILTERED",MG N/L,44.64556,-80.16639
202405001,2025-03-04 13:55:00,CCGS LIMNOS,GEORGIAN BAY,20,443844,-800959,4,58.00,2024-09-09 20:02:00,265,41.00,.00,0.01400000,,0,.147000,TF KJN,"TOTAL KJELDAHL NITROGEN,FILTERED",MG N/L,44.64556,-80.16639
202405001,2025-03-04 13:55:00,CCGS LIMNOS,GEORGIAN BAY,20,443844,-800959,4,58.00,2024-09-09 20:02:00,265,48.00,.00,0.01400000,,0,.152000,TF KJN,"TOTAL KJELDAHL NITROGEN,FILTERED",MG N/L,44.64556,-80.16639
202405001,2025-03-04 13:55:00,CCGS LIMNOS,GEORGIAN BAY,20,443844,-800959,4,58.00,2024-09-09 20:02:00,265,56.00,.00,0.01400000,,0,.163000,TF KJN,"TOTAL KJELDAHL NITROGEN,FILTERED",MG N/L,44.64556,-80.16639
202405001,2025-03-04 13:55:00,CCGS LIMNOS,GEORGIAN BAY,20,443844,-800959,4,58.00,2024-09-09 20:02:00,265,998.00,.00,0.01400000,,0,.023000,TF KJN,"TOTAL KJELDAHL NITROGEN,FILTERED",MG N/L,44.64556,-80.16639
202405001,2025-03-04 13:55:00,CCGS LIMNOS,GEORGIAN BAY,20,443844,-800959,4,58.00,2024-09-09 20:02:00,265,999.00,.00,0.01400000,<,0,.014000,TF KJN,"TOTAL KJELDAHL NITROGEN,FILTERED",MG N/L,44.64556,-80.16639
202405001,2025-03-04 13:55:00,CCGS LIMNOS,GEORGIAN BAY,21,444747,-801435,5,58.50,2024-09-09 21:44:00,265,1.00,.00,0.01400000,,0,.157000,TF KJN,"TOTAL KJELDAHL NITROGEN,FILTERED",MG N/L,44.79639,-80.24306
202405001,2025-03-04 13:55:00,CCGS LIMNOS,GEORGIAN BAY,22,445709,-800855,8,50.50,2024-09-09 23:31:00,265,1.00,.00,0.01400000,,0,.166000,TF KJN,"TOTAL KJELDAHL NITROGEN,FILTERED",MG N/L,44.95250,-80.14861
202405001,2025-03-04 13:55:00,CCGS LIMNOS,GEORGIAN BAY,23,445217,-795804,9,28.50,2024-09-10 01:00:00,265,1.00,.00,0.01400000,,0,.181000,TF KJN,"TOTAL KJELDAHL NITROGEN,FILTERED",MG N/L,44.87139,-79.96778
202405001,2025-03-04 13:55:00,CCGS LIMNOS,GEORGIAN BAY,23,445217,-795804,9,28.50,2024-09-10 01:00:00,265,10.00,.00,0.01400000,,0,.187000,TF KJN,"TOTAL KJELDAHL NITROGEN,FILTERED",MG N/L,44.87139,-79.96778
202405001,2025-03-04 13:55:00,CCGS LIMNOS,GEORGIAN BAY,23,445217,-795804,9,28.50,2024-09-10 01:00:00,265,25.00,.00,0.01400000,,0,.187000,TF KJN,"TOTAL KJELDAHL NITROGEN,FILTERED",MG N/L,44.87139,-79.96778
202405001,2025-03-04 13:55:00,CCGS LIMNOS,GEORGIAN BAY,23,445217,-795804,9,28.50,2024-09-10 01:00:00,265,26.50,.00,0.01400000,,0,.193000,TF KJN,"TOTAL KJELDAHL NITROGEN,FILTERED",MG N/L,44.87139,-79.96778
202405001,2025-03-04 13:55:00,CCGS LIMNOS,GEORGIAN BAY,24,451000,-801747,15,46.00,2024-09-10 04:28:00,265,1.00,.00,0.01400000,,0,.158000,TF KJN,"TOTAL KJELDAHL NITROGEN,FILTERED",MG N/L,45.16667,-80.29639
202405001,2025-03-04 13:55:00,CCGS LIMNOS,GEORGIAN BAY,25,452113,-802911,16,19.50,2024-09-10 06:28:00,265,1.00,.00,0.01400000,,0,.152000,TF KJN,"TOTAL KJELDAHL NITROGEN,FILTERED",MG N/L,45.35361,-80.48639
202405001,2025-03-04 13:55:00,CCGS LIMNOS,GEORGIAN BAY,25,452113,-802911,16,19.50,2024-09-10 06:28:00,265,1.00,.00,0.01400000,,1,.150000,TF KJN,"TOTAL KJELDAHL NITROGEN,FILTERED",MG N/L,45.35361,-80.48639
202405001,2025-03-04 13:55:00,CCGS LIMNOS,GEORGIAN BAY,26,451929,-800700,122,96.50,2024-09-10 08:54:00,265,1.00,.00,0.01400000,,0,.211000,TF KJN,"TOTAL KJELDAHL NITROGEN,FILTERED",MG N/L,45.32472,-80.11667
202405001,2025-03-04 13:55:00,CCGS LIMNOS,GEORGIAN BAY,1,454230,-813712,36,53.00,2024-09-07 09:24:00,267,.00,20.00,0.00040000,,0,.029000,I-N,"NITROGEN,TOTAL PARTICULATE - INTEGRATED",MG N/L,45.70833,-81.62000
202405001,2025-03-04 13:55:00,CCGS LIMNOS,GEORGIAN BAY,2,455445,-813541,42,28.50,2024-09-07 11:37:00,267,.00,20.00,0.00030000,,0,.021000,I-N,"NITROGEN,TOTAL PARTICULATE - INTEGRATED",MG N/L,45.91250,-81.59472
202405001,2025-03-04 13:55:00,CCGS LIMNOS,GEORGIAN BAY,3,454544,-814740,46,18.50,2024-09-07 13:56:00,267,.00,16.50,0.00040000,,0,.049000,I-N,"NITROGEN,TOTAL PARTICULATE - INTEGRATED",MG N/L,45.76222,-81.79444
202405001,2025-03-04 13:55:00,CCGS LIMNOS,GEORGIAN BAY,4,455223,-811529,39,26.00,2024-09-07 17:48:00,267,.00,20.00,0.00030000,,0,.016000,I-N,"NITROGEN,TOTAL PARTICULATE - INTEGRATED",MG N/L,45.87306,-81.25806
202405001,2025-03-04 13:55:00,CCGS LIMNOS,GEORGIAN BAY,5,455159,-805957,27,18.50,2024-09-07 19:21:00,267,.00,16.50,0.00040000,,0,.023000,I-N,"NITROGEN,TOTAL PARTICULATE - INTEGRATED",MG N/L,45.86639,-80.99917
202405001,2025-03-04 13:55:00,CCGS LIMNOS,GEORGIAN BAY,5,455159,-805957,27,18.50,2024-09-07 19:21:00,267,.00,16.50,0.00040000,,1,.023000,I-N,"NITROGEN,TOTAL PARTICULATE - INTEGRATED",MG N/L,45.86639,-80.99917
202405001,2025-03-04 13:55:00,CCGS LIMNOS,GEORGIAN BAY,6,454959,-805358,26,22.50,2024-09-07 20:23:00,267,.00,20.00,0.00030000,,0,.016000,I-N,"NITROGEN,TOTAL PARTICULATE - INTEGRATED",MG N/L,45.83306,-80.89944
202405001,2025-03-04 13:55:00,CCGS LIMNOS,GEORGIAN BAY,7,454043,-805018,24,40.00,2024-09-07 21:56:00,267,.00,20.00,0.00040000,,0,.026000,I-N,"NITROGEN,TOTAL PARTICULATE - INTEGRATED",MG N/L,45.67861,-80.83833
202405001,2025-03-04 13:55:00,CCGS LIMNOS,GEORGIAN BAY,8,453459,-810459,29,43.00,2024-09-07 23:44:00,267,.00,20.00,0.00010000,,0,.008000,I-N,"NITROGEN,TOTAL PARTICULATE - INTEGRATED",MG N/L,45.58306,-81.08306
202405001,2025-03-04 13:55:00,CCGS LIMNOS,GEORGIAN BAY,9,450359,-811513,19,54.00,2024-09-08 04:07:00,267,.00,20.00,0.00030000,,0,.016000,I-N,"NITROGEN,TOTAL PARTICULATE - INTEGRATED",MG N/L,45.06639,-81.25361
202405001,2025-03-04 13:55:00,CCGS LIMNOS,GEORGIAN BAY,10,444302,-805123,1,90.00,2024-09-08 21:11:00,267,.00,20.00,0.00040000,,0,.018000,I-N,"NITROGEN,TOTAL PARTICULATE - INTEGRATED",MG N/L,44.71722,-80.85639
202405001,2025-03-04 13:55:00,CCGS LIMNOS,GEORGIAN BAY,11,445512,-805229,12,89.00,2024-09-08 23:08:00,267,.00,20.00,0.00040000,,0,.018000,I-N,"NITROGEN,TOTAL PARTICULATE - INTEGRATED",MG N/L,44.92000,-80.87472
202405001,2025-03-04 13:55:00,CCGS LIMNOS,GEORGIAN BAY,12,451418,-812623,31,63.50,2024-09-09 03:57:00,267,.00,20.00,0.00040000,,0,.020000,I-N,"NITROGEN,TOTAL PARTICULATE - INTEGRATED",MG N/L,45.23833,-81.43972
202405001,2025-03-04 13:55:00,CCGS LIMNOS,GEORGIAN BAY,13,451618,-813817,1614,30.50,2024-09-09 05:22:00,267,.00,20.00,0.00040000,,0,.015000,I-N,"NITROGEN,TOTAL PARTICULATE - INTEGRATED",MG N/L,45.27167,-81.63806
202405001,2025-03-04 13:55:00,CCGS LIMNOS,GEORGIAN BAY,14,452213,-813505,33,55.00,2024-09-09 06:59:00,267,.00,20.00,0.00040000,,0,.019000,I-N,"NITROGEN,TOTAL PARTICULATE - INTEGRATED",MG N/L,45.37028,-81.58472
202405001,2025-03-04 13:55:00,CCGS LIMNOS,GEORGIAN BAY,15,452154,-811124,21,87.50,2024-09-09 09:38:00,267,.00,20.00,0.00040000,,0,.020000,I-N,"NITROGEN,TOTAL PARTICULATE - INTEGRATED",MG N/L,45.36500,-81.19000
202405001,2025-03-04 13:55:00,CCGS LIMNOS,GEORGIAN BAY,15,452154,-811124,21,87.50,2024-09-09 09:38:00,267,.00,20.00,0.00040000,,1,.019000,I-N,"NITROGEN,TOTAL PARTICULATE - INTEGRATED",MG N/L,45.36500,-81.19000
202405001,2025-03-04 13:55:00,CCGS LIMNOS,GEORGIAN BAY,16,451441,-805229,17,79.00,2024-09-09 11:48:00,267,.00,20.00,0.00040000,,0,.019000,I-N,"NITROGEN,TOTAL PARTICULATE - INTEGRATED",MG N/L,45.24472,-80.87472
202405001,2025-03-04 13:55:00,CCGS LIMNOS,GEORGIAN BAY,17,445515,-803620,11,62.00,2024-09-09 15:13:00,267,.00,20.00,0.00030000,,0,.020000,I-N,"NITROGEN,TOTAL PARTICULATE - INTEGRATED",MG N/L,44.92083,-80.60556
202405001,2025-03-04 13:55:00,CCGS LIMNOS,GEORGIAN BAY,18,444330,-803658,3,30.50,2024-09-09 16:59:00,267,.00,20.00,0.00020000,,0,.020000,I-N,"NITROGEN,TOTAL PARTICULATE - INTEGRATED",MG N/L,44.72500,-80.61611
202405001,2025-03-04 13:55:00,CCGS LIMNOS,GEORGIAN BAY,19,444412,-802604,6,86.50,2024-09-09 18:09:00,267,.00,20.00,0.00020000,,0,.018000,I-N,"NITROGEN,TOTAL PARTICULATE - INTEGRATED",MG N/L,44.73667,-80.43444
202405001,2025-03-04 13:55:00,CCGS LIMNOS,GEORGIAN BAY,20,443844,-800959,4,58.00,2024-09-09 20:02:00,267,.00,20.00,0.00020000,,0,.018000,I-N,"NITROGEN,TOTAL PARTICULATE - INTEGRATED",MG N/L,44.64556,-80.16639
202405001,2025-03-04 13:55:00,CCGS LIMNOS,GEORGIAN BAY,21,444747,-801435,5,58.50,2024-09-09 21:44:00,267,.00,20.00,0.00020000,,0,.020000,I-N,"NITROGEN,TOTAL PARTICULATE - INTEGRATED",MG N/L,44.79639,-80.24306
202405001,2025-03-04 13:55:00,CCGS LIMNOS,GEORGIAN BAY,22,445709,-800855,8,50.50,2024-09-09 23:31:00,267,.00,20.00,0.00030000,,0,.022000,I-N,"NITROGEN,TOTAL PARTICULATE - INTEGRATED",MG N/L,44.95250,-80.14861
202405001,2025-03-04 13:55:00,CCGS LIMNOS,GEORGIAN BAY,23,445217,-795804,9,28.50,2024-09-10 01:00:00,267,.00,20.00,0.00030000,,0,.037000,I-N,"NITROGEN,TOTAL PARTICULATE - INTEGRATED",MG N/L,44.87139,-79.96778
202405001,2025-03-04 13:55:00,CCGS LIMNOS,GEORGIAN BAY,24,451000,-801747,15,46.00,2024-09-10 04:28:00,267,.00,20.00,0.00030000,,0,.020000,I-N,"NITROGEN,TOTAL PARTICULATE - INTEGRATED",MG N/L,45.16667,-80.29639
202405001,2025-03-04 13:55:00,CCGS LIMNOS,GEORGIAN BAY,25,452113,-802911,16,19.50,2024-09-10 06:28:00,267,.00,17.50,0.00020000,,0,.020000,I-N,"NITROGEN,TOTAL PARTICULATE - INTEGRATED",MG N/L,45.35361,-80.48639
202405001,2025-03-04 13:55:00,CCGS LIMNOS,GEORGIAN BAY,25,452113,-802911,16,19.50,2024-09-10 06:28:00,267,.00,17.50,0.00020000,,1,.018000,I-N,"NITROGEN,TOTAL PARTICULATE - INTEGRATED",MG N/L,45.35361,-80.48639
202405001,2025-03-04 13:55:00,CCGS LIMNOS,GEORGIAN BAY,26,451929,-800700,122,96.50,2024-09-10 08:54:00,267,.00,20.00,0.00040000,,0,.042000,I-N,"NITROGEN,TOTAL PARTICULATE - INTEGRATED",MG N/L,45.32472,-80.11667
202405001,2025-03-04 13:55:00,CCGS LIMNOS,GEORGIAN BAY,10,444302,-805123,1,90.00,2024-09-08 21:11:00,268,998.00,.00,0.00040000,,0,.001000,N TP,"NITROGEN,TOTAL PARTICULATE",MG N/L,44.71722,-80.85639
202405001,2025-03-04 13:55:00,CCGS LIMNOS,GEORGIAN BAY,14,452213,-813505,33,55.00,2024-09-09 06:59:00,268,1.00,.00,0.00040000,,0,.020000,N TP,"NITROGEN,TOTAL PARTICULATE",MG N/L,45.37028,-81.58472
202405001,2025-03-04 13:55:00,CCGS LIMNOS,GEORGIAN BAY,14,452213,-813505,33,55.00,2024-09-09 06:59:00,268,17.00,.00,0.00040000,,0,.021000,N TP,"NITROGEN,TOTAL PARTICULATE",MG N/L,45.37028,-81.58472
202405001,2025-03-04 13:55:00,CCGS LIMNOS,GEORGIAN BAY,14,452213,-813505,33,55.00,2024-09-09 06:59:00,268,26.00,.00,0.00040000,,0,.010000,N TP,"NITROGEN,TOTAL PARTICULATE",MG N/L,45.37028,-81.58472
202405001,2025-03-04 13:55:00,CCGS LIMNOS,GEORGIAN BAY,14,452213,-813505,33,55.00,2024-09-09 06:59:00,268,35.00,.00,0.00040000,,0,.009000,N TP,"NITROGEN,TOTAL PARTICULATE",MG N/L,45.37028,-81.58472
202405001,2025-03-04 13:55:00,CCGS LIMNOS,GEORGIAN BAY,14,452213,-813505,33,55.00,2024-09-09 06:59:00,268,45.00,.00,0.00030000,,0,.008000,N TP,"NITROGEN,TOTAL PARTICULATE",MG N/L,45.37028,-81.58472
202405001,2025-03-04 13:55:00,CCGS LIMNOS,GEORGIAN BAY,14,452213,-813505,33,55.00,2024-09-09 06:59:00,268,53.00,.00,0.00030000,,0,.009000,N TP,"NITROGEN,TOTAL PARTICULATE",MG N/L,45.37028,-81.58472
202405001,2025-03-04 13:55:00,CCGS LIMNOS,GEORGIAN BAY,16,451441,-805229,17,79.00,2024-09-09 11:48:00,268,1.00,.00,0.00040000,,0,.025000,N TP,"NITROGEN,TOTAL PARTICULATE",MG N/L,45.24472,-80.87472
202405001,2025-03-04 13:55:00,CCGS LIMNOS,GEORGIAN BAY,16,451441,-805229,17,79.00,2024-09-09 11:48:00,268,1.00,.00,0.00040000,,1,.026000,N TP,"NITROGEN,TOTAL PARTICULATE",MG N/L,45.24472,-80.87472
202405001,2025-03-04 13:55:00,CCGS LIMNOS,GEORGIAN BAY,16,451441,-805229,17,79.00,2024-09-09 11:48:00,268,21.50,.00,0.00040000,,0,.023000,N TP,"NITROGEN,TOTAL PARTICULATE",MG N/L,45.24472,-80.87472
202405001,2025-03-04 13:55:00,CCGS LIMNOS,GEORGIAN BAY,16,451441,-805229,17,79.00,2024-09-09 11:48:00,268,32.00,.00,0.00040000,,0,.018000,N TP,"NITROGEN,TOTAL PARTICULATE",MG N/L,45.24472,-80.87472
202405001,2025-03-04 13:55:00,CCGS LIMNOS,GEORGIAN BAY,16,451441,-805229,17,79.00,2024-09-09 11:48:00,268,42.00,.00,0.00040000,,0,.008000,N TP,"NITROGEN,TOTAL PARTICULATE",MG N/L,45.24472,-80.87472
202405001,2025-03-04 13:55:00,CCGS LIMNOS,GEORGIAN BAY,16,451441,-805229,17,79.00,2024-09-09 11:48:00,268,69.00,.00,0.00020000,,0,.007000,N TP,"NITROGEN,TOTAL PARTICULATE",MG N/L,45.24472,-80.87472
202405001,2025-03-04 13:55:00,CCGS LIMNOS,GEORGIAN BAY,16,451441,-805229,17,79.00,2024-09-09 11:48:00,268,77.00,.00,0.00020000,,0,.007000,N TP,"NITROGEN,TOTAL PARTICULATE",MG N/L,45.24472,-80.87472
202405001,2025-03-04 13:55:00,CCGS LIMNOS,GEORGIAN BAY,20,443844,-800959,4,58.00,2024-09-09 20:02:00,268,1.00,.00,0.00020000,,0,.017000,N TP,"NITROGEN,TOTAL PARTICULATE",MG N/L,44.64556,-80.16639
202405001,2025-03-04 13:55:00,CCGS LIMNOS,GEORGIAN BAY,20,443844,-800959,4,58.00,2024-09-09 20:02:00,268,34.00,.00,0.00020000,,0,.016000,N TP,"NITROGEN,TOTAL PARTICULATE",MG N/L,44.64556,-80.16639
202405001,2025-03-04 13:55:00,CCGS LIMNOS,GEORGIAN BAY,20,443844,-800959,4,58.00,2024-09-09 20:02:00,268,41.00,.00,0.00020000,,0,.011000,N TP,"NITROGEN,TOTAL PARTICULATE",MG N/L,44.64556,-80.16639
202405001,2025-03-04 13:55:00,CCGS LIMNOS,GEORGIAN BAY,20,443844,-800959,4,58.00,2024-09-09 20:02:00,268,48.00,.00,0.00020000,,0,.006000,N TP,"NITROGEN,TOTAL PARTICULATE",MG N/L,44.64556,-80.16639
202405001,2025-03-04 13:55:00,CCGS LIMNOS,GEORGIAN BAY,20,443844,-800959,4,58.00,2024-09-09 20:02:00,268,56.00,.00,0.00020000,,0,.008000,N TP,"NITROGEN,TOTAL PARTICULATE",MG N/L,44.64556,-80.16639
202405001,2025-03-04 13:55:00,CCGS LIMNOS,GEORGIAN BAY,20,443844,-800959,4,58.00,2024-09-09 20:02:00,268,998.00,.00,0.00020000,,0,.002000,N TP,"NITROGEN,TOTAL PARTICULATE",MG N/L,44.64556,-80.16639
202405001,2025-03-04 13:55:00,CCGS LIMNOS,GEORGIAN BAY,1,454230,-813712,36,53.00,2024-09-07 09:24:00,448,1.00,.00,,,0,.500000,NF RES,"RESIDUE,NON-FILTERED",MG/L,45.70833,-81.62000
202405001,2025-03-04 13:55:00,CCGS LIMNOS,GEORGIAN BAY,2,455445,-813541,42,28.50,2024-09-07 11:37:00,448,1.00,.00,,,0,.500000,NF RES,"RESIDUE,NON-FILTERED",MG/L,45.91250,-81.59472
202405001,2025-03-04 13:55:00,CCGS LIMNOS,GEORGIAN BAY,3,454544,-814740,46,18.50,2024-09-07 13:56:00,448,1.00,.00,,,0,1.200000,NF RES,"RESIDUE,NON-FILTERED",MG/L,45.76222,-81.79444
202405001,2025-03-04 13:55:00,CCGS LIMNOS,GEORGIAN BAY,4,455223,-811529,39,26.00,2024-09-07 17:48:00,448,1.00,.00,,,0,.400000,NF RES,"RESIDUE,NON-FILTERED",MG/L,45.87306,-81.25806
202405001,2025-03-04 13:55:00,CCGS LIMNOS,GEORGIAN BAY,5,455159,-805957,27,18.50,2024-09-07 19:21:00,448,1.00,.00,,,0,.700000,NF RES,"RESIDUE,NON-FILTERED",MG/L,45.86639,-80.99917
202405001,2025-03-04 13:55:00,CCGS LIMNOS,GEORGIAN BAY,5,455159,-805957,27,18.50,2024-09-07 19:21:00,448,1.00,.00,,,1,.600000,NF RES,"RESIDUE,NON-FILTERED",MG/L,45.86639,-80.99917
202405001,2025-03-04 13:55:00,CCGS LIMNOS,GEORGIAN BAY,6,454959,-805358,26,22.50,2024-09-07 20:23:00,448,1.00,.00,,,0,.400000,NF RES,"RESIDUE,NON-FILTERED",MG/L,45.83306,-80.89944
202405001,2025-03-04 13:55:00,CCGS LIMNOS,GEORGIAN BAY,7,454043,-805018,24,40.00,2024-09-07 21:56:00,448,1.00,.00,,,0,.400000,NF RES,"RESIDUE,NON-FILTERED",MG/L,45.67861,-80.83833
202405001,2025-03-04 13:55:00,CCGS LIMNOS,GEORGIAN BAY,8,453459,-810459,29,43.00,2024-09-07 23:44:00,448,1.00,.00,,,0,.500000,NF RES,"RESIDUE,NON-FILTERED",MG/L,45.58306,-81.08306
202405001,2025-03-04 13:55:00,CCGS LIMNOS,GEORGIAN BAY,9,450359,-811513,19,54.00,2024-09-08 04:07:00,448,1.00,.00,,,0,.300000,NF RES,"RESIDUE,NON-FILTERED",MG/L,45.06639,-81.25361
202405001,2025-03-04 13:55:00,CCGS LIMNOS,GEORGIAN BAY,10,444302,-805123,1,90.00,2024-09-08 21:11:00,448,1.00,.00,,,0,.300000,NF RES,"RESIDUE,NON-FILTERED",MG/L,44.71722,-80.85639
202405001,2025-03-04 13:55:00,CCGS LIMNOS,GEORGIAN BAY,10,444302,-805123,1,90.00,2024-09-08 21:11:00,448,998.00,.00,,,0,-.100000,NF RES,"RESIDUE,NON-FILTERED",MG/L,44.71722,-80.85639
202405001,2025-03-04 13:55:00,CCGS LIMNOS,GEORGIAN BAY,11,445512,-805229,12,89.00,2024-09-08 23:08:00,448,1.00,.00,,,0,.600000,NF RES,"RESIDUE,NON-FILTERED",MG/L,44.92000,-80.87472
202405001,2025-03-04 13:55:00,CCGS LIMNOS,GEORGIAN BAY,12,451418,-812623,31,63.50,2024-09-09 03:57:00,448,1.00,.00,,,0,.600000,NF RES,"RESIDUE,NON-FILTERED",MG/L,45.23833,-81.43972
202405001,2025-03-04 13:55:00,CCGS LIMNOS,GEORGIAN BAY,13,451618,-813817,1614,30.50,2024-09-09 05:22:00,448,1.00,.00,,,0,.600000,NF RES,"RESIDUE,NON-FILTERED",MG/L,45.27167,-81.63806
202405001,2025-03-04 13:55:00,CCGS LIMNOS,GEORGIAN BAY,14,452213,-813505,33,55.00,2024-09-09 06:59:00,448,1.00,.00,,,0,.600000,NF RES,"RESIDUE,NON-FILTERED",MG/L,45.37028,-81.58472
202405001,2025-03-04 13:55:00,CCGS LIMNOS,GEORGIAN BAY,15,452154,-811124,21,87.50,2024-09-09 09:38:00,448,1.00,.00,,,0,.700000,NF RES,"RESIDUE,NON-FILTERED",MG/L,45.36500,-81.19000
202405001,2025-03-04 13:55:00,CCGS LIMNOS,GEORGIAN BAY,15,452154,-811124,21,87.50,2024-09-09 09:38:00,448,1.00,.00,,,1,.600000,NF RES,"RESIDUE,NON-FILTERED",MG/L,45.36500,-81.19000
202405001,2025-03-04 13:55:00,CCGS LIMNOS,GEORGIAN BAY,16,451441,-805229,17,79.00,2024-09-09 11:48:00,448,1.00,.00,,,0,.900000,NF RES,"RESIDUE,NON-FILTERED",MG/L,45.24472,-80.87472
202405001,2025-03-04 13:55:00,CCGS LIMNOS,GEORGIAN BAY,17,445515,-803620,11,62.00,2024-09-09 15:13:00,448,1.00,.00,,,0,.400000,NF RES,"RESIDUE,NON-FILTERED",MG/L,44.92083,-80.60556
202405001,2025-03-04 13:55:00,CCGS LIMNOS,GEORGIAN BAY,18,444330,-803658,3,30.50,2024-09-09 16:59:00,448,1.00,.00,,,0,.500000,NF RES,"RESIDUE,NON-FILTERED",MG/L,44.72500,-80.61611
202405001,2025-03-04 13:55:00,CCGS LIMNOS,GEORGIAN BAY,19,444412,-802604,6,86.50,2024-09-09 18:09:00,448,1.00,.00,,,0,.400000,NF RES,"RESIDUE,NON-FILTERED",MG/L,44.73667,-80.43444
202405001,2025-03-04 13:55:00,CCGS LIMNOS,GEORGIAN BAY,20,443844,-800959,4,58.00,2024-09-09 20:02:00,448,1.00,.00,,,0,.400000,NF RES,"RESIDUE,NON-FILTERED",MG/L,44.64556,-80.16639
202405001,2025-03-04 13:55:00,CCGS LIMNOS,GEORGIAN BAY,20,443844,-800959,4,58.00,2024-09-09 20:02:00,448,998.00,.00,,,0,.000000,NF RES,"RESIDUE,NON-FILTERED",MG/L,44.64556,-80.16639
202405001,2025-03-04 13:55:00,CCGS LIMNOS,GEORGIAN BAY,21,444747,-801435,5,58.50,2024-09-09 21:44:00,448,1.00,.00,,,0,.600000,NF RES,"RESIDUE,NON-FILTERED",MG/L,44.79639,-80.24306
202405001,2025-03-04 13:55:00,CCGS LIMNOS,GEORGIAN BAY,22,445709,-800855,8,50.50,2024-09-09 23:31:00,448,1.00,.00,,,0,.600000,NF RES,"RESIDUE,NON-FILTERED",MG/L,44.95250,-80.14861
202405001,2025-03-04 13:55:00,CCGS LIMNOS,GEORGIAN BAY,23,445217,-795804,9,28.50,2024-09-10 01:00:00,448,1.00,.00,,,0,.800000,NF RES,"RESIDUE,NON-FILTERED",MG/L,44.87139,-79.96778
202405001,2025-03-04 13:55:00,CCGS LIMNOS,GEORGIAN BAY,24,451000,-801747,15,46.00,2024-09-10 04:28:00,448,1.00,.00,,,0,.600000,NF RES,"RESIDUE,NON-FILTERED",MG/L,45.16667,-80.29639
202405001,2025-03-04 13:55:00,CCGS LIMNOS,GEORGIAN BAY,25,452113,-802911,16,19.50,2024-09-10 06:28:00,448,1.00,.00,,,0,.700000,NF RES,"RESIDUE,NON-FILTERED",MG/L,45.35361,-80.48639
202405001,2025-03-04 13:55:00,CCGS LIMNOS,GEORGIAN BAY,25,452113,-802911,16,19.50,2024-09-10 06:28:00,448,1.00,.00,,,1,.600000,NF RES,"RESIDUE,NON-FILTERED",MG/L,45.35361,-80.48639
202405001,2025-03-04 13:55:00,CCGS LIMNOS,GEORGIAN BAY,26,451929,-800700,122,96.50,2024-09-10 08:54:00,448,1.00,.00,,,0,1.000000,NF RES,"RESIDUE,NON-FILTERED",MG/L,45.32472,-80.11667
202405001,2025-03-04 13:55:00,CCGS LIMNOS,GEORGIAN BAY,10,444302,-805123,1,90.00,2024-09-08 21:11:00,610,998.00,.00,0.10000000,<,0,.100000,CAU,"CHLOROPHYL A, UNCORRECTED",UG/L,44.71722,-80.85639
202405001,2025-03-04 13:55:00,CCGS LIMNOS,GEORGIAN BAY,14,452213,-813505,33,55.00,2024-09-09 06:59:00,610,1.00,.00,0.10000000,,0,.900000,CAU,"CHLOROPHYL A, UNCORRECTED",UG/L,45.37028,-81.58472
202405001,2025-03-04 13:55:00,CCGS LIMNOS,GEORGIAN BAY,14,452213,-813505,33,55.00,2024-09-09 06:59:00,610,17.00,.00,0.10000000,,0,.900000,CAU,"CHLOROPHYL A, UNCORRECTED",UG/L,45.37028,-81.58472
202405001,2025-03-04 13:55:00,CCGS LIMNOS,GEORGIAN BAY,14,452213,-813505,33,55.00,2024-09-09 06:59:00,610,26.00,.00,0.10000000,,0,.400000,CAU,"CHLOROPHYL A, UNCORRECTED",UG/L,45.37028,-81.58472
202405001,2025-03-04 13:55:00,CCGS LIMNOS,GEORGIAN BAY,14,452213,-813505,33,55.00,2024-09-09 06:59:00,610,35.00,.00,0.10000000,,0,.400000,CAU,"CHLOROPHYL A, UNCORRECTED",UG/L,45.37028,-81.58472
202405001,2025-03-04 13:55:00,CCGS LIMNOS,GEORGIAN BAY,14,452213,-813505,33,55.00,2024-09-09 06:59:00,610,45.00,.00,0.10000000,,0,.400000,CAU,"CHLOROPHYL A, UNCORRECTED",UG/L,45.37028,-81.58472
202405001,2025-03-04 13:55:00,CCGS LIMNOS,GEORGIAN BAY,14,452213,-813505,33,55.00,2024-09-09 06:59:00,610,53.00,.00,0.10000000,,0,.300000,CAU,"CHLOROPHYL A, UNCORRECTED",UG/L,45.37028,-81.58472
202405001,2025-03-04 13:55:00,CCGS LIMNOS,GEORGIAN BAY,16,451441,-805229,17,79.00,2024-09-09 11:48:00,610,1.00,.00,0.10000000,,0,.900000,CAU,"CHLOROPHYL A, UNCORRECTED",UG/L,45.24472,-80.87472
202405001,2025-03-04 13:55:00,CCGS LIMNOS,GEORGIAN BAY,16,451441,-805229,17,79.00,2024-09-09 11:48:00,610,1.00,.00,0.10000000,,1,.900000,CAU,"CHLOROPHYL A, UNCORRECTED",UG/L,45.24472,-80.87472
202405001,2025-03-04 13:55:00,CCGS LIMNOS,GEORGIAN BAY,16,451441,-805229,17,79.00,2024-09-09 11:48:00,610,21.50,.00,0.10000000,,0,.900000,CAU,"CHLOROPHYL A, UNCORRECTED",UG/L,45.24472,-80.87472
202405001,2025-03-04 13:55:00,CCGS LIMNOS,GEORGIAN BAY,16,451441,-805229,17,79.00,2024-09-09 11:48:00,610,32.00,.00,0.10000000,,0,.500000,CAU,"CHLOROPHYL A, UNCORRECTED",UG/L,45.24472,-80.87472
202405001,2025-03-04 13:55:00,CCGS LIMNOS,GEORGIAN BAY,16,451441,-805229,17,79.00,2024-09-09 11:48:00,610,42.00,.00,0.10000000,,0,.200000,CAU,"CHLOROPHYL A, UNCORRECTED",UG/L,45.24472,-80.87472
202405001,2025-03-04 13:55:00,CCGS LIMNOS,GEORGIAN BAY,16,451441,-805229,17,79.00,2024-09-09 11:48:00,610,69.00,.00,0.10000000,,0,.200000,CAU,"CHLOROPHYL A, UNCORRECTED",UG/L,45.24472,-80.87472
202405001,2025-03-04 13:55:00,CCGS LIMNOS,GEORGIAN BAY,16,451441,-805229,17,79.00,2024-09-09 11:48:00,610,77.00,.00,0.10000000,,0,.200000,CAU,"CHLOROPHYL A, UNCORRECTED",UG/L,45.24472,-80.87472
202405001,2025-03-04 13:55:00,CCGS LIMNOS,GEORGIAN BAY,20,443844,-800959,4,58.00,2024-09-09 20:02:00,610,1.00,.00,0.10000000,,0,.800000,CAU,"CHLOROPHYL A, UNCORRECTED",UG/L,44.64556,-80.16639
202405001,2025-03-04 13:55:00,CCGS LIMNOS,GEORGIAN BAY,20,443844,-800959,4,58.00,2024-09-09 20:02:00,610,34.00,.00,0.10000000,,0,.900000,CAU,"CHLOROPHYL A, UNCORRECTED",UG/L,44.64556,-80.16639
202405001,2025-03-04 13:55:00,CCGS LIMNOS,GEORGIAN BAY,20,443844,-800959,4,58.00,2024-09-09 20:02:00,610,41.00,.00,0.10000000,,0,.600000,CAU,"CHLOROPHYL A, UNCORRECTED",UG/L,44.64556,-80.16639
202405001,2025-03-04 13:55:00,CCGS LIMNOS,GEORGIAN BAY,20,443844,-800959,4,58.00,2024-09-09 20:02:00,610,48.00,.00,0.10000000,,0,.300000,CAU,"CHLOROPHYL A, UNCORRECTED",UG/L,44.64556,-80.16639
202405001,2025-03-04 13:55:00,CCGS LIMNOS,GEORGIAN BAY,20,443844,-800959,4,58.00,2024-09-09 20:02:00,610,56.00,.00,0.10000000,,0,.300000,CAU,"CHLOROPHYL A, UNCORRECTED",UG/L,44.64556,-80.16639
202405001,2025-03-04 13:55:00,CCGS LIMNOS,GEORGIAN BAY,20,443844,-800959,4,58.00,2024-09-09 20:02:00,610,998.00,.00,0.10000000,<,0,.100000,CAU,"CHLOROPHYL A, UNCORRECTED",UG/L,44.64556,-80.16639
202405001,2025-03-04 13:55:00,CCGS LIMNOS,GEORGIAN BAY,10,444302,-805123,1,90.00,2024-09-08 21:11:00,611,998.00,.00,0.10000000,<,0,.100000,CAC,"CHLOROPHYLL A, CORRECTED PHAEOPHYTIN",UG/L,44.71722,-80.85639
202405001,2025-03-04 13:55:00,CCGS LIMNOS,GEORGIAN BAY,14,452213,-813505,33,55.00,2024-09-09 06:59:00,611,1.00,.00,0.10000000,,0,.700000,CAC,"CHLOROPHYLL A, CORRECTED PHAEOPHYTIN",UG/L,45.37028,-81.58472
202405001,2025-03-04 13:55:00,CCGS LIMNOS,GEORGIAN BAY,14,452213,-813505,33,55.00,2024-09-09 06:59:00,611,17.00,.00,0.10000000,,0,.700000,CAC,"CHLOROPHYLL A, CORRECTED PHAEOPHYTIN",UG/L,45.37028,-81.58472
202405001,2025-03-04 13:55:00,CCGS LIMNOS,GEORGIAN BAY,14,452213,-813505,33,55.00,2024-09-09 06:59:00,611,26.00,.00,0.10000000,,0,.400000,CAC,"CHLOROPHYLL A, CORRECTED PHAEOPHYTIN",UG/L,45.37028,-81.58472
202405001,2025-03-04 13:55:00,CCGS LIMNOS,GEORGIAN BAY,14,452213,-813505,33,55.00,2024-09-09 06:59:00,611,35.00,.00,0.10000000,,0,.400000,CAC,"CHLOROPHYLL A, CORRECTED PHAEOPHYTIN",UG/L,45.37028,-81.58472
202405001,2025-03-04 13:55:00,CCGS LIMNOS,GEORGIAN BAY,14,452213,-813505,33,55.00,2024-09-09 06:59:00,611,45.00,.00,0.10000000,,0,.400000,CAC,"CHLOROPHYLL A, CORRECTED PHAEOPHYTIN",UG/L,45.37028,-81.58472
202405001,2025-03-04 13:55:00,CCGS LIMNOS,GEORGIAN BAY,14,452213,-813505,33,55.00,2024-09-09 06:59:00,611,53.00,.00,0.10000000,,0,.200000,CAC,"CHLOROPHYLL A, CORRECTED PHAEOPHYTIN",UG/L,45.37028,-81.58472
202405001,2025-03-04 13:55:00,CCGS LIMNOS,GEORGIAN BAY,16,451441,-805229,17,79.00,2024-09-09 11:48:00,611,1.00,.00,0.10000000,,0,.700000,CAC,"CHLOROPHYLL A, CORRECTED PHAEOPHYTIN",UG/L,45.24472,-80.87472
202405001,2025-03-04 13:55:00,CCGS LIMNOS,GEORGIAN BAY,16,451441,-805229,17,79.00,2024-09-09 11:48:00,611,1.00,.00,0.10000000,,1,.700000,CAC,"CHLOROPHYLL A, CORRECTED PHAEOPHYTIN",UG/L,45.24472,-80.87472
202405001,2025-03-04 13:55:00,CCGS LIMNOS,GEORGIAN BAY,16,451441,-805229,17,79.00,2024-09-09 11:48:00,611,21.50,.00,0.10000000,,0,.700000,CAC,"CHLOROPHYLL A, CORRECTED PHAEOPHYTIN",UG/L,45.24472,-80.87472
202405001,2025-03-04 13:55:00,CCGS LIMNOS,GEORGIAN BAY,16,451441,-805229,17,79.00,2024-09-09 11:48:00,611,32.00,.00,0.10000000,,0,.500000,CAC,"CHLOROPHYLL A, CORRECTED PHAEOPHYTIN",UG/L,45.24472,-80.87472
202405001,2025-03-04 13:55:00,CCGS LIMNOS,GEORGIAN BAY,16,451441,-805229,17,79.00,2024-09-09 11:48:00,611,42.00,.00,0.10000000,,0,.200000,CAC,"CHLOROPHYLL A, CORRECTED PHAEOPHYTIN",UG/L,45.24472,-80.87472
202405001,2025-03-04 13:55:00,CCGS LIMNOS,GEORGIAN BAY,16,451441,-805229,17,79.00,2024-09-09 11:48:00,611,69.00,.00,0.10000000,,0,.200000,CAC,"CHLOROPHYLL A, CORRECTED PHAEOPHYTIN",UG/L,45.24472,-80.87472
202405001,2025-03-04 13:55:00,CCGS LIMNOS,GEORGIAN BAY,16,451441,-805229,17,79.00,2024-09-09 11:48:00,611,77.00,.00,0.10000000,,0,.200000,CAC,"CHLOROPHYLL A, CORRECTED PHAEOPHYTIN",UG/L,45.24472,-80.87472
202405001,2025-03-04 13:55:00,CCGS LIMNOS,GEORGIAN BAY,20,443844,-800959,4,58.00,2024-09-09 20:02:00,611,1.00,.00,0.10000000,,0,.700000,CAC,"CHLOROPHYLL A, CORRECTED PHAEOPHYTIN",UG/L,44.64556,-80.16639
202405001,2025-03-04 13:55:00,CCGS LIMNOS,GEORGIAN BAY,20,443844,-800959,4,58.00,2024-09-09 20:02:00,611,34.00,.00,0.10000000,,0,.700000,CAC,"CHLOROPHYLL A, CORRECTED PHAEOPHYTIN",UG/L,44.64556,-80.16639
202405001,2025-03-04 13:55:00,CCGS LIMNOS,GEORGIAN BAY,20,443844,-800959,4,58.00,2024-09-09 20:02:00,611,41.00,.00,0.10000000,,0,.500000,CAC,"CHLOROPHYLL A, CORRECTED PHAEOPHYTIN",UG/L,44.64556,-80.16639
202405001,2025-03-04 13:55:00,CCGS LIMNOS,GEORGIAN BAY,20,443844,-800959,4,58.00,2024-09-09 20:02:00,611,48.00,.00,0.10000000,,0,.400000,CAC,"CHLOROPHYLL A, CORRECTED PHAEOPHYTIN",UG/L,44.64556,-80.16639
202405001,2025-03-04 13:55:00,CCGS LIMNOS,GEORGIAN BAY,20,443844,-800959,4,58.00,2024-09-09 20:02:00,611,56.00,.00,0.10000000,,0,.400000,CAC,"CHLOROPHYLL A, CORRECTED PHAEOPHYTIN",UG/L,44.64556,-80.16639
202405001,2025-03-04 13:55:00,CCGS LIMNOS,GEORGIAN BAY,20,443844,-800959,4,58.00,2024-09-09 20:02:00,611,998.00,.00,0.10000000,<,0,.100000,CAC,"CHLOROPHYLL A, CORRECTED PHAEOPHYTIN",UG/L,44.64556,-80.16639
202405001,2025-03-04 13:55:00,CCGS LIMNOS,GEORGIAN BAY,1,454230,-813712,36,53.00,2024-09-07 09:24:00,613,.00,20.00,0.10000000,,0,.900000,CAUI,CHLOROPHYLL A UNCORRECTED INTEGRATED,UG/L,45.70833,-81.62000
202405001,2025-03-04 13:55:00,CCGS LIMNOS,GEORGIAN BAY,2,455445,-813541,42,28.50,2024-09-07 11:37:00,613,.00,20.00,0.10000000,,0,1.000000,CAUI,CHLOROPHYLL A UNCORRECTED INTEGRATED,UG/L,45.91250,-81.59472
202405001,2025-03-04 13:55:00,CCGS LIMNOS,GEORGIAN BAY,3,454544,-814740,46,18.50,2024-09-07 13:56:00,613,.00,16.50,0.10000000,,0,2.500000,CAUI,CHLOROPHYLL A UNCORRECTED INTEGRATED,UG/L,45.76222,-81.79444
202405001,2025-03-04 13:55:00,CCGS LIMNOS,GEORGIAN BAY,4,455223,-811529,39,26.00,2024-09-07 17:48:00,613,.00,20.00,0.10000000,,0,.900000,CAUI,CHLOROPHYLL A UNCORRECTED INTEGRATED,UG/L,45.87306,-81.25806
202405001,2025-03-04 13:55:00,CCGS LIMNOS,GEORGIAN BAY,5,455159,-805957,27,18.50,2024-09-07 19:21:00,613,.00,16.50,0.10000000,,0,1.300000,CAUI,CHLOROPHYLL A UNCORRECTED INTEGRATED,UG/L,45.86639,-80.99917
202405001,2025-03-04 13:55:00,CCGS LIMNOS,GEORGIAN BAY,5,455159,-805957,27,18.50,2024-09-07 19:21:00,613,.00,16.50,0.10000000,,1,1.200000,CAUI,CHLOROPHYLL A UNCORRECTED INTEGRATED,UG/L,45.86639,-80.99917
202405001,2025-03-04 13:55:00,CCGS LIMNOS,GEORGIAN BAY,6,454959,-805358,26,22.50,2024-09-07 20:23:00,613,.00,20.00,0.10000000,,0,1.000000,CAUI,CHLOROPHYLL A UNCORRECTED INTEGRATED,UG/L,45.83306,-80.89944
202405001,2025-03-04 13:55:00,CCGS LIMNOS,GEORGIAN BAY,7,454043,-805018,24,40.00,2024-09-07 21:56:00,613,.00,20.00,0.10000000,,0,1.300000,CAUI,CHLOROPHYLL A UNCORRECTED INTEGRATED,UG/L,45.67861,-80.83833
202405001,2025-03-04 13:55:00,CCGS LIMNOS,GEORGIAN BAY,8,453459,-810459,29,43.00,2024-09-07 23:44:00,613,.00,20.00,0.10000000,,0,1.300000,CAUI,CHLOROPHYLL A UNCORRECTED INTEGRATED,UG/L,45.58306,-81.08306
202405001,2025-03-04 13:55:00,CCGS LIMNOS,GEORGIAN BAY,9,450359,-811513,19,54.00,2024-09-08 04:07:00,613,.00,20.00,0.10000000,,0,.800000,CAUI,CHLOROPHYLL A UNCORRECTED INTEGRATED,UG/L,45.06639,-81.25361
202405001,2025-03-04 13:55:00,CCGS LIMNOS,GEORGIAN BAY,10,444302,-805123,1,90.00,2024-09-08 21:11:00,613,.00,20.00,0.10000000,,0,.900000,CAUI,CHLOROPHYLL A UNCORRECTED INTEGRATED,UG/L,44.71722,-80.85639
202405001,2025-03-04 13:55:00,CCGS LIMNOS,GEORGIAN BAY,11,445512,-805229,12,89.00,2024-09-08 23:08:00,613,.00,20.00,0.10000000,,0,1.000000,CAUI,CHLOROPHYLL A UNCORRECTED INTEGRATED,UG/L,44.92000,-80.87472
202405001,2025-03-04 13:55:00,CCGS LIMNOS,GEORGIAN BAY,12,451418,-812623,31,63.50,2024-09-09 03:57:00,613,.00,20.00,0.10000000,,0,1.100000,CAUI,CHLOROPHYLL A UNCORRECTED INTEGRATED,UG/L,45.23833,-81.43972
202405001,2025-03-04 13:55:00,CCGS LIMNOS,GEORGIAN BAY,13,451618,-813817,1614,30.50,2024-09-09 05:22:00,613,.00,20.00,0.10000000,,0,1.700000,CAUI,CHLOROPHYLL A UNCORRECTED INTEGRATED,UG/L,45.27167,-81.63806
202405001,2025-03-04 13:55:00,CCGS LIMNOS,GEORGIAN BAY,14,452213,-813505,33,55.00,2024-09-09 06:59:00,613,.00,20.00,0.10000000,,0,.900000,CAUI,CHLOROPHYLL A UNCORRECTED INTEGRATED,UG/L,45.37028,-81.58472
202405001,2025-03-04 13:55:00,CCGS LIMNOS,GEORGIAN BAY,15,452154,-811124,21,87.50,2024-09-09 09:38:00,613,.00,20.00,0.10000000,,0,.900000,CAUI,CHLOROPHYLL A UNCORRECTED INTEGRATED,UG/L,45.36500,-81.19000
202405001,2025-03-04 13:55:00,CCGS LIMNOS,GEORGIAN BAY,15,452154,-811124,21,87.50,2024-09-09 09:38:00,613,.00,20.00,0.10000000,,1,.900000,CAUI,CHLOROPHYLL A UNCORRECTED INTEGRATED,UG/L,45.36500,-81.19000
202405001,2025-03-04 13:55:00,CCGS LIMNOS,GEORGIAN BAY,16,451441,-805229,17,79.00,2024-09-09 11:48:00,613,.00,20.00,0.10000000,,0,.700000,CAUI,CHLOROPHYLL A UNCORRECTED INTEGRATED,UG/L,45.24472,-80.87472
202405001,2025-03-04 13:55:00,CCGS LIMNOS,GEORGIAN BAY,17,445515,-803620,11,62.00,2024-09-09 15:13:00,613,.00,20.00,0.10000000,,0,1.000000,CAUI,CHLOROPHYLL A UNCORRECTED INTEGRATED,UG/L,44.92083,-80.60556
202405001,2025-03-04 13:55:00,CCGS LIMNOS,GEORGIAN BAY,18,444330,-803658,3,30.50,2024-09-09 16:59:00,613,.00,20.00,0.10000000,,0,.700000,CAUI,CHLOROPHYLL A UNCORRECTED INTEGRATED,UG/L,44.72500,-80.61611
202405001,2025-03-04 13:55:00,CCGS LIMNOS,GEORGIAN BAY,19,444412,-802604,6,86.50,2024-09-09 18:09:00,613,.00,20.00,0.10000000,,0,.900000,CAUI,CHLOROPHYLL A UNCORRECTED INTEGRATED,UG/L,44.73667,-80.43444
202405001,2025-03-04 13:55:00,CCGS LIMNOS,GEORGIAN BAY,20,443844,-800959,4,58.00,2024-09-09 20:02:00,613,.00,20.00,0.10000000,,0,1.000000,CAUI,CHLOROPHYLL A UNCORRECTED INTEGRATED,UG/L,44.64556,-80.16639
202405001,2025-03-04 13:55:00,CCGS LIMNOS,GEORGIAN BAY,21,444747,-801435,5,58.50,2024-09-09 21:44:00,613,.00,20.00,0.10000000,,0,1.200000,CAUI,CHLOROPHYLL A UNCORRECTED INTEGRATED,UG/L,44.79639,-80.24306
202405001,2025-03-04 13:55:00,CCGS LIMNOS,GEORGIAN BAY,22,445709,-800855,8,50.50,2024-09-09 23:31:00,613,.00,20.00,0.10000000,,0,1.000000,CAUI,CHLOROPHYLL A UNCORRECTED INTEGRATED,UG/L,44.95250,-80.14861
202405001,2025-03-04 13:55:00,CCGS LIMNOS,GEORGIAN BAY,23,445217,-795804,9,28.50,2024-09-10 01:00:00,613,.00,20.00,0.10000000,,0,2.100000,CAUI,CHLOROPHYLL A UNCORRECTED INTEGRATED,UG/L,44.87139,-79.96778
202405001,2025-03-04 13:55:00,CCGS LIMNOS,GEORGIAN BAY,24,451000,-801747,15,46.00,2024-09-10 04:28:00,613,.00,20.00,0.10000000,,0,.800000,CAUI,CHLOROPHYLL A UNCORRECTED INTEGRATED,UG/L,45.16667,-80.29639
202405001,2025-03-04 13:55:00,CCGS LIMNOS,GEORGIAN BAY,25,452113,-802911,16,19.50,2024-09-10 06:28:00,613,.00,17.50,0.10000000,,0,.900000,CAUI,CHLOROPHYLL A UNCORRECTED INTEGRATED,UG/L,45.35361,-80.48639
202405001,2025-03-04 13:55:00,CCGS LIMNOS,GEORGIAN BAY,25,452113,-802911,16,19.50,2024-09-10 06:28:00,613,.00,17.50,0.10000000,,1,.800000,CAUI,CHLOROPHYLL A UNCORRECTED INTEGRATED,UG/L,45.35361,-80.48639
202405001,2025-03-04 13:55:00,CCGS LIMNOS,GEORGIAN BAY,26,451929,-800700,122,96.50,2024-09-10 08:54:00,613,.00,20.00,0.10000000,,0,3.500000,CAUI,CHLOROPHYLL A UNCORRECTED INTEGRATED,UG/L,45.32472,-80.11667
202405001,2025-03-04 13:55:00,CCGS LIMNOS,GEORGIAN BAY,1,454230,-813712,36,53.00,2024-09-07 09:24:00,614,.00,20.00,0.10000000,,0,.900000,CACI,CHLOROPHYLL A CORRECTED INTEGRATED,UG/L,45.70833,-81.62000
202405001,2025-03-04 13:55:00,CCGS LIMNOS,GEORGIAN BAY,2,455445,-813541,42,28.50,2024-09-07 11:37:00,614,.00,20.00,0.10000000,,0,.700000,CACI,CHLOROPHYLL A CORRECTED INTEGRATED,UG/L,45.91250,-81.59472
202405001,2025-03-04 13:55:00,CCGS LIMNOS,GEORGIAN BAY,3,454544,-814740,46,18.50,2024-09-07 13:56:00,614,.00,16.50,0.10000000,,0,2.100000,CACI,CHLOROPHYLL A CORRECTED INTEGRATED,UG/L,45.76222,-81.79444
202405001,2025-03-04 13:55:00,CCGS LIMNOS,GEORGIAN BAY,4,455223,-811529,39,26.00,2024-09-07 17:48:00,614,.00,20.00,0.10000000,,0,.700000,CACI,CHLOROPHYLL A CORRECTED INTEGRATED,UG/L,45.87306,-81.25806
202405001,2025-03-04 13:55:00,CCGS LIMNOS,GEORGIAN BAY,5,455159,-805957,27,18.50,2024-09-07 19:21:00,614,.00,16.50,0.10000000,,0,.900000,CACI,CHLOROPHYLL A CORRECTED INTEGRATED,UG/L,45.86639,-80.99917
202405001,2025-03-04 13:55:00,CCGS LIMNOS,GEORGIAN BAY,5,455159,-805957,27,18.50,2024-09-07 19:21:00,614,.00,16.50,0.10000000,,1,.900000,CACI,CHLOROPHYLL A CORRECTED INTEGRATED,UG/L,45.86639,-80.99917
202405001,2025-03-04 13:55:00,CCGS LIMNOS,GEORGIAN BAY,6,454959,-805358,26,22.50,2024-09-07 20:23:00,614,.00,20.00,0.10000000,,0,.700000,CACI,CHLOROPHYLL A CORRECTED INTEGRATED,UG/L,45.83306,-80.89944
202405001,2025-03-04 13:55:00,CCGS LIMNOS,GEORGIAN BAY,7,454043,-805018,24,40.00,2024-09-07 21:56:00,614,.00,20.00,0.10000000,,0,.900000,CACI,CHLOROPHYLL A CORRECTED INTEGRATED,UG/L,45.67861,-80.83833
202405001,2025-03-04 13:55:00,CCGS LIMNOS,GEORGIAN BAY,8,453459,-810459,29,43.00,2024-09-07 23:44:00,614,.00,20.00,0.10000000,,0,.900000,CACI,CHLOROPHYLL A CORRECTED INTEGRATED,UG/L,45.58306,-81.08306
202405001,2025-03-04 13:55:00,CCGS LIMNOS,GEORGIAN BAY,9,450359,-811513,19,54.00,2024-09-08 04:07:00,614,.00,20.00,0.10000000,,0,.800000,CACI,CHLOROPHYLL A CORRECTED INTEGRATED,UG/L,45.06639,-81.25361
202405001,2025-03-04 13:55:00,CCGS LIMNOS,GEORGIAN BAY,10,444302,-805123,1,90.00,2024-09-08 21:11:00,614,.00,20.00,0.10000000,,0,.700000,CACI,CHLOROPHYLL A CORRECTED INTEGRATED,UG/L,44.71722,-80.85639
202405001,2025-03-04 13:55:00,CCGS LIMNOS,GEORGIAN BAY,11,445512,-805229,12,89.00,2024-09-08 23:08:00,614,.00,20.00,0.10000000,,0,.700000,CACI,CHLOROPHYLL A CORRECTED INTEGRATED,UG/L,44.92000,-80.87472
202405001,2025-03-04 13:55:00,CCGS LIMNOS,GEORGIAN BAY,12,451418,-812623,31,63.50,2024-09-09 03:57:00,614,.00,20.00,0.10000000,,0,.900000,CACI,CHLOROPHYLL A CORRECTED INTEGRATED,UG/L,45.23833,-81.43972
202405001,2025-03-04 13:55:00,CCGS LIMNOS,GEORGIAN BAY,13,451618,-813817,1614,30.50,2024-09-09 05:22:00,614,.00,20.00,0.10000000,,0,1.400000,CACI,CHLOROPHYLL A CORRECTED INTEGRATED,UG/L,45.27167,-81.63806
202405001,2025-03-04 13:55:00,CCGS LIMNOS,GEORGIAN BAY,14,452213,-813505,33,55.00,2024-09-09 06:59:00,614,.00,20.00,0.10000000,,0,.800000,CACI,CHLOROPHYLL A CORRECTED INTEGRATED,UG/L,45.37028,-81.58472
202405001,2025-03-04 13:55:00,CCGS LIMNOS,GEORGIAN BAY,15,452154,-811124,21,87.50,2024-09-09 09:38:00,614,.00,20.00,0.10000000,,0,.700000,CACI,CHLOROPHYLL A CORRECTED INTEGRATED,UG/L,45.36500,-81.19000
202405001,2025-03-04 13:55:00,CCGS LIMNOS,GEORGIAN BAY,15,452154,-811124,21,87.50,2024-09-09 09:38:00,614,.00,20.00,0.10000000,,1,.700000,CACI,CHLOROPHYLL A CORRECTED INTEGRATED,UG/L,45.36500,-81.19000
202405001,2025-03-04 13:55:00,CCGS LIMNOS,GEORGIAN BAY,16,451441,-805229,17,79.00,2024-09-09 11:48:00,614,.00,20.00,0.10000000,,0,.700000,CACI,CHLOROPHYLL A CORRECTED INTEGRATED,UG/L,45.24472,-80.87472
202405001,2025-03-04 13:55:00,CCGS LIMNOS,GEORGIAN BAY,17,445515,-803620,11,62.00,2024-09-09 15:13:00,614,.00,20.00,0.10000000,,0,1.000000,CACI,CHLOROPHYLL A CORRECTED INTEGRATED,UG/L,44.92083,-80.60556
202405001,2025-03-04 13:55:00,CCGS LIMNOS,GEORGIAN BAY,18,444330,-803658,3,30.50,2024-09-09 16:59:00,614,.00,20.00,0.10000000,,0,.600000,CACI,CHLOROPHYLL A CORRECTED INTEGRATED,UG/L,44.72500,-80.61611
202405001,2025-03-04 13:55:00,CCGS LIMNOS,GEORGIAN BAY,19,444412,-802604,6,86.50,2024-09-09 18:09:00,614,.00,20.00,0.10000000,,0,1.000000,CACI,CHLOROPHYLL A CORRECTED INTEGRATED,UG/L,44.73667,-80.43444
202405001,2025-03-04 13:55:00,CCGS LIMNOS,GEORGIAN BAY,20,443844,-800959,4,58.00,2024-09-09 20:02:00,614,.00,20.00,0.10000000,,0,.900000,CACI,CHLOROPHYLL A CORRECTED INTEGRATED,UG/L,44.64556,-80.16639
202405001,2025-03-04 13:55:00,CCGS LIMNOS,GEORGIAN BAY,21,444747,-801435,5,58.50,2024-09-09 21:44:00,614,.00,20.00,0.10000000,,0,1.100000,CACI,CHLOROPHYLL A CORRECTED INTEGRATED,UG/L,44.79639,-80.24306
202405001,2025-03-04 13:55:00,CCGS LIMNOS,GEORGIAN BAY,22,445709,-800855,8,50.50,2024-09-09 23:31:00,614,.00,20.00,0.10000000,,0,.800000,CACI,CHLOROPHYLL A CORRECTED INTEGRATED,UG/L,44.95250,-80.14861
202405001,2025-03-04 13:55:00,CCGS LIMNOS,GEORGIAN BAY,23,445217,-795804,9,28.50,2024-09-10 01:00:00,614,.00,20.00,0.10000000,,0,1.900000,CACI,CHLOROPHYLL A CORRECTED INTEGRATED,UG/L,44.87139,-79.96778
202405001,2025-03-04 13:55:00,CCGS LIMNOS,GEORGIAN BAY,24,451000,-801747,15,46.00,2024-09-10 04:28:00,614,.00,20.00,0.10000000,,0,.500000,CACI,CHLOROPHYLL A CORRECTED INTEGRATED,UG/L,45.16667,-80.29639
202405001,2025-03-04 13:55:00,CCGS LIMNOS,GEORGIAN BAY,25,452113,-802911,16,19.50,2024-09-10 06:28:00,614,.00,17.50,0.10000000,,0,.700000,CACI,CHLOROPHYLL A CORRECTED INTEGRATED,UG/L,45.35361,-80.48639
202405001,2025-03-04 13:55:00,CCGS LIMNOS,GEORGIAN BAY,25,452113,-802911,16,19.50,2024-09-10 06:28:00,614,.00,17.50,0.10000000,,1,.700000,CACI,CHLOROPHYLL A CORRECTED INTEGRATED,UG/L,45.35361,-80.48639
202405001,2025-03-04 13:55:00,CCGS LIMNOS,GEORGIAN BAY,26,451929,-800700,122,96.50,2024-09-10 08:54:00,614,.00,20.00,0.10000000,,0,3.000000,CACI,CHLOROPHYLL A CORRECTED INTEGRATED,UG/L,45.32472,-80.11667
202405001,2025-03-04 13:55:00,CCGS LIMNOS,GEORGIAN BAY,1,454230,-813712,36,53.00,2024-09-07 09:24:00,1434,1.00,.00,0.05000000,,0,.260000,TURB,TURBIDITY,NTU,45.70833,-81.62000
202405001,2025-03-04 13:55:00,CCGS LIMNOS,GEORGIAN BAY,2,455445,-813541,42,28.50,2024-09-07 11:37:00,1434,1.00,.00,0.05000000,,0,.230000,TURB,TURBIDITY,NTU,45.91250,-81.59472
202405001,2025-03-04 13:55:00,CCGS LIMNOS,GEORGIAN BAY,3,454544,-814740,46,18.50,2024-09-07 13:56:00,1434,1.00,.00,0.05000000,,0,.480000,TURB,TURBIDITY,NTU,45.76222,-81.79444
202405001,2025-03-04 13:55:00,CCGS LIMNOS,GEORGIAN BAY,4,455223,-811529,39,26.00,2024-09-07 17:48:00,1434,1.00,.00,0.05000000,,0,.200000,TURB,TURBIDITY,NTU,45.87306,-81.25806
202405001,2025-03-04 13:55:00,CCGS LIMNOS,GEORGIAN BAY,5,455159,-805957,27,18.50,2024-09-07 19:21:00,1434,1.00,.00,0.05000000,,0,.310000,TURB,TURBIDITY,NTU,45.86639,-80.99917
202405001,2025-03-04 13:55:00,CCGS LIMNOS,GEORGIAN BAY,5,455159,-805957,27,18.50,2024-09-07 19:21:00,1434,1.00,.00,0.05000000,,1,.320000,TURB,TURBIDITY,NTU,45.86639,-80.99917
202405001,2025-03-04 13:55:00,CCGS LIMNOS,GEORGIAN BAY,6,454959,-805358,26,22.50,2024-09-07 20:23:00,1434,1.00,.00,0.05000000,,0,.270000,TURB,TURBIDITY,NTU,45.83306,-80.89944
202405001,2025-03-04 13:55:00,CCGS LIMNOS,GEORGIAN BAY,7,454043,-805018,24,40.00,2024-09-07 21:56:00,1434,1.00,.00,0.05000000,,0,.190000,TURB,TURBIDITY,NTU,45.67861,-80.83833
202405001,2025-03-04 13:55:00,CCGS LIMNOS,GEORGIAN BAY,8,453459,-810459,29,43.00,2024-09-07 23:44:00,1434,1.00,.00,0.05000000,,0,.240000,TURB,TURBIDITY,NTU,45.58306,-81.08306
202405001,2025-03-04 13:55:00,CCGS LIMNOS,GEORGIAN BAY,9,450359,-811513,19,54.00,2024-09-08 04:07:00,1434,1.00,.00,0.05000000,,0,.230000,TURB,TURBIDITY,NTU,45.06639,-81.25361
202405001,2025-03-04 13:55:00,CCGS LIMNOS,GEORGIAN BAY,10,444302,-805123,1,90.00,2024-09-08 21:11:00,1434,1.00,.00,0.05000000,,0,.190000,TURB,TURBIDITY,NTU,44.71722,-80.85639
202405001,2025-03-04 13:55:00,CCGS LIMNOS,GEORGIAN BAY,10,444302,-805123,1,90.00,2024-09-08 21:11:00,1434,999.00,.00,0.05000000,,0,.050000,TURB,TURBIDITY,NTU,44.71722,-80.85639
202405001,2025-03-04 13:55:00,CCGS LIMNOS,GEORGIAN BAY,11,445512,-805229,12,89.00,2024-09-08 23:08:00,1434,1.00,.00,0.05000000,,0,.160000,TURB,TURBIDITY,NTU,44.92000,-80.87472
202405001,2025-03-04 13:55:00,CCGS LIMNOS,GEORGIAN BAY,12,451418,-812623,31,63.50,2024-09-09 03:57:00,1434,1.00,.00,0.05000000,,0,.130000,TURB,TURBIDITY,NTU,45.23833,-81.43972
202405001,2025-03-04 13:55:00,CCGS LIMNOS,GEORGIAN BAY,13,451618,-813817,1614,30.50,2024-09-09 05:22:00,1434,1.00,.00,0.05000000,,0,.190000,TURB,TURBIDITY,NTU,45.27167,-81.63806
202405001,2025-03-04 13:55:00,CCGS LIMNOS,GEORGIAN BAY,14,452213,-813505,33,55.00,2024-09-09 06:59:00,1434,1.00,.00,0.05000000,,0,.210000,TURB,TURBIDITY,NTU,45.37028,-81.58472
202405001,2025-03-04 13:55:00,CCGS LIMNOS,GEORGIAN BAY,15,452154,-811124,21,87.50,2024-09-09 09:38:00,1434,1.00,.00,0.05000000,,0,.190000,TURB,TURBIDITY,NTU,45.36500,-81.19000
202405001,2025-03-04 13:55:00,CCGS LIMNOS,GEORGIAN BAY,15,452154,-811124,21,87.50,2024-09-09 09:38:00,1434,1.00,.00,0.05000000,,1,.190000,TURB,TURBIDITY,NTU,45.36500,-81.19000
202405001,2025-03-04 13:55:00,CCGS LIMNOS,GEORGIAN BAY,16,451441,-805229,17,79.00,2024-09-09 11:48:00,1434,1.00,.00,0.05000000,,0,.170000,TURB,TURBIDITY,NTU,45.24472,-80.87472
202405001,2025-03-04 13:55:00,CCGS LIMNOS,GEORGIAN BAY,17,445515,-803620,11,62.00,2024-09-09 15:13:00,1434,1.00,.00,0.05000000,,0,.190000,TURB,TURBIDITY,NTU,44.92083,-80.60556
202405001,2025-03-04 13:55:00,CCGS LIMNOS,GEORGIAN BAY,18,444330,-803658,3,30.50,2024-09-09 16:59:00,1434,1.00,.00,0.05000000,,0,.210000,TURB,TURBIDITY,NTU,44.72500,-80.61611
202405001,2025-03-04 13:55:00,CCGS LIMNOS,GEORGIAN BAY,19,444412,-802604,6,86.50,2024-09-09 18:09:00,1434,1.00,.00,0.05000000,,0,.170000,TURB,TURBIDITY,NTU,44.73667,-80.43444
202405001,2025-03-04 13:55:00,CCGS LIMNOS,GEORGIAN BAY,20,443844,-800959,4,58.00,2024-09-09 20:02:00,1434,1.00,.00,0.05000000,,0,.160000,TURB,TURBIDITY,NTU,44.64556,-80.16639
202405001,2025-03-04 13:55:00,CCGS LIMNOS,GEORGIAN BAY,20,443844,-800959,4,58.00,2024-09-09 20:02:00,1434,999.00,.00,0.05000000,,0,.050000,TURB,TURBIDITY,NTU,44.64556,-80.16639
202405001,2025-03-04 13:55:00,CCGS LIMNOS,GEORGIAN BAY,21,444747,-801435,5,58.50,2024-09-09 21:44:00,1434,1.00,.00,0.05000000,,0,.180000,TURB,TURBIDITY,NTU,44.79639,-80.24306
202405001,2025-03-04 13:55:00,CCGS LIMNOS,GEORGIAN BAY,22,445709,-800855,8,50.50,2024-09-09 23:31:00,1434,1.00,.00,0.05000000,,0,.210000,TURB,TURBIDITY,NTU,44.95250,-80.14861
202405001,2025-03-04 13:55:00,CCGS LIMNOS,GEORGIAN BAY,23,445217,-795804,9,28.50,2024-09-10 01:00:00,1434,1.00,.00,0.05000000,,0,.360000,TURB,TURBIDITY,NTU,44.87139,-79.96778
202405001,2025-03-04 13:55:00,CCGS LIMNOS,GEORGIAN BAY,24,451000,-801747,15,46.00,2024-09-10 04:28:00,1434,1.00,.00,0.05000000,,0,.220000,TURB,TURBIDITY,NTU,45.16667,-80.29639
202405001,2025-03-04 13:55:00,CCGS LIMNOS,GEORGIAN BAY,25,452113,-802911,16,19.50,2024-09-10 06:28:00,1434,1.00,.00,0.05000000,,0,.210000,TURB,TURBIDITY,NTU,45.35361,-80.48639
202405001,2025-03-04 13:55:00,CCGS LIMNOS,GEORGIAN BAY,25,452113,-802911,16,19.50,2024-09-10 06:28:00,1434,1.00,.00,0.05000000,,1,.200000,TURB,TURBIDITY,NTU,45.35361,-80.48639
202405001,2025-03-04 13:55:00,CCGS LIMNOS,GEORGIAN BAY,26,451929,-800700,122,96.50,2024-09-10 08:54:00,1434,1.00,.00,0.05000000,,0,.260000,TURB,TURBIDITY,NTU,45.32472,-80.11667
202405001,2025-03-04 13:55:00,CCGS LIMNOS,GEORGIAN BAY,1,454230,-813712,36,53.00,2024-09-07 09:24:00,1639,1.00,.00,0.01000000,,0,.070000,F-F,FLUORIDE,MG/L,45.70833,-81.62000
202405001,2025-03-04 13:55:00,CCGS LIMNOS,GEORGIAN BAY,2,455445,-813541,42,28.50,2024-09-07 11:37:00,1639,1.00,.00,0.01000000,,0,.070000,F-F,FLUORIDE,MG/L,45.91250,-81.59472
202405001,2025-03-04 13:55:00,CCGS LIMNOS,GEORGIAN BAY,2,455445,-813541,42,28.50,2024-09-07 11:37:00,1639,6.00,.00,0.01000000,,0,.070000,F-F,FLUORIDE,MG/L,45.91250,-81.59472
202405001,2025-03-04 13:55:00,CCGS LIMNOS,GEORGIAN BAY,2,455445,-813541,42,28.50,2024-09-07 11:37:00,1639,12.00,.00,0.01000000,,0,.070000,F-F,FLUORIDE,MG/L,45.91250,-81.59472
202405001,2025-03-04 13:55:00,CCGS LIMNOS,GEORGIAN BAY,2,455445,-813541,42,28.50,2024-09-07 11:37:00,1639,18.00,.00,0.01000000,,0,.070000,F-F,FLUORIDE,MG/L,45.91250,-81.59472
202405001,2025-03-04 13:55:00,CCGS LIMNOS,GEORGIAN BAY,2,455445,-813541,42,28.50,2024-09-07 11:37:00,1639,26.50,.00,0.01000000,,0,.070000,F-F,FLUORIDE,MG/L,45.91250,-81.59472
202405001,2025-03-04 13:55:00,CCGS LIMNOS,GEORGIAN BAY,3,454544,-814740,46,18.50,2024-09-07 13:56:00,1639,1.00,.00,0.01000000,,0,.070000,F-F,FLUORIDE,MG/L,45.76222,-81.79444
202405001,2025-03-04 13:55:00,CCGS LIMNOS,GEORGIAN BAY,4,455223,-811529,39,26.00,2024-09-07 17:48:00,1639,1.00,.00,0.01000000,,0,.070000,F-F,FLUORIDE,MG/L,45.87306,-81.25806
202405001,2025-03-04 13:55:00,CCGS LIMNOS,GEORGIAN BAY,5,455159,-805957,27,18.50,2024-09-07 19:21:00,1639,1.00,.00,0.01000000,,0,.070000,F-F,FLUORIDE,MG/L,45.86639,-80.99917
202405001,2025-03-04 13:55:00,CCGS LIMNOS,GEORGIAN BAY,5,455159,-805957,27,18.50,2024-09-07 19:21:00,1639,1.00,.00,0.01000000,,1,.070000,F-F,FLUORIDE,MG/L,45.86639,-80.99917
202405001,2025-03-04 13:55:00,CCGS LIMNOS,GEORGIAN BAY,5,455159,-805957,27,18.50,2024-09-07 19:21:00,1639,5.50,.00,0.01000000,,0,.070000,F-F,FLUORIDE,MG/L,45.86639,-80.99917
202405001,2025-03-04 13:55:00,CCGS LIMNOS,GEORGIAN BAY,5,455159,-805957,27,18.50,2024-09-07 19:21:00,1639,9.00,.00,0.01000000,,0,.070000,F-F,FLUORIDE,MG/L,45.86639,-80.99917
202405001,2025-03-04 13:55:00,CCGS LIMNOS,GEORGIAN BAY,5,455159,-805957,27,18.50,2024-09-07 19:21:00,1639,13.50,.00,0.01000000,,0,.070000,F-F,FLUORIDE,MG/L,45.86639,-80.99917
202405001,2025-03-04 13:55:00,CCGS LIMNOS,GEORGIAN BAY,5,455159,-805957,27,18.50,2024-09-07 19:21:00,1639,16.50,.00,0.01000000,,0,.060000,F-F,FLUORIDE,MG/L,45.86639,-80.99917
202405001,2025-03-04 13:55:00,CCGS LIMNOS,GEORGIAN BAY,6,454959,-805358,26,22.50,2024-09-07 20:23:00,1639,1.00,.00,0.01000000,,0,.070000,F-F,FLUORIDE,MG/L,45.83306,-80.89944
202405001,2025-03-04 13:55:00,CCGS LIMNOS,GEORGIAN BAY,7,454043,-805018,24,40.00,2024-09-07 21:56:00,1639,1.00,.00,0.01000000,,0,.070000,F-F,FLUORIDE,MG/L,45.67861,-80.83833
202405001,2025-03-04 13:55:00,CCGS LIMNOS,GEORGIAN BAY,8,453459,-810459,29,43.00,2024-09-07 23:44:00,1639,1.00,.00,0.01000000,,0,.070000,F-F,FLUORIDE,MG/L,45.58306,-81.08306
202405001,2025-03-04 13:55:00,CCGS LIMNOS,GEORGIAN BAY,8,453459,-810459,29,43.00,2024-09-07 23:44:00,1639,15.50,.00,0.01000000,,0,.070000,F-F,FLUORIDE,MG/L,45.58306,-81.08306
202405001,2025-03-04 13:55:00,CCGS LIMNOS,GEORGIAN BAY,8,453459,-810459,29,43.00,2024-09-07 23:44:00,1639,20.50,.00,0.01000000,,0,.070000,F-F,FLUORIDE,MG/L,45.58306,-81.08306
202405001,2025-03-04 13:55:00,CCGS LIMNOS,GEORGIAN BAY,8,453459,-810459,29,43.00,2024-09-07 23:44:00,1639,26.00,.00,0.01000000,,0,.070000,F-F,FLUORIDE,MG/L,45.58306,-81.08306
202405001,2025-03-04 13:55:00,CCGS LIMNOS,GEORGIAN BAY,8,453459,-810459,29,43.00,2024-09-07 23:44:00,1639,33.00,.00,0.01000000,,0,.070000,F-F,FLUORIDE,MG/L,45.58306,-81.08306
202405001,2025-03-04 13:55:00,CCGS LIMNOS,GEORGIAN BAY,8,453459,-810459,29,43.00,2024-09-07 23:44:00,1639,40.00,.00,0.01000000,,0,.070000,F-F,FLUORIDE,MG/L,45.58306,-81.08306
202405001,2025-03-04 13:55:00,CCGS LIMNOS,GEORGIAN BAY,9,450359,-811513,19,54.00,2024-09-08 04:07:00,1639,1.00,.00,0.01000000,,0,.070000,F-F,FLUORIDE,MG/L,45.06639,-81.25361
202405001,2025-03-04 13:55:00,CCGS LIMNOS,GEORGIAN BAY,10,444302,-805123,1,90.00,2024-09-08 21:11:00,1639,1.00,.00,0.01000000,,0,.070000,F-F,FLUORIDE,MG/L,44.71722,-80.85639
202405001,2025-03-04 13:55:00,CCGS LIMNOS,GEORGIAN BAY,10,444302,-805123,1,90.00,2024-09-08 21:11:00,1639,36.00,.00,0.01000000,,0,.070000,F-F,FLUORIDE,MG/L,44.71722,-80.85639
202405001,2025-03-04 13:55:00,CCGS LIMNOS,GEORGIAN BAY,10,444302,-805123,1,90.00,2024-09-08 21:11:00,1639,55.50,.00,0.01000000,,0,.070000,F-F,FLUORIDE,MG/L,44.71722,-80.85639
202405001,2025-03-04 13:55:00,CCGS LIMNOS,GEORGIAN BAY,10,444302,-805123,1,90.00,2024-09-08 21:11:00,1639,75.00,.00,0.01000000,,0,.070000,F-F,FLUORIDE,MG/L,44.71722,-80.85639
202405001,2025-03-04 13:55:00,CCGS LIMNOS,GEORGIAN BAY,10,444302,-805123,1,90.00,2024-09-08 21:11:00,1639,80.00,.00,0.01000000,,0,.070000,F-F,FLUORIDE,MG/L,44.71722,-80.85639
202405001,2025-03-04 13:55:00,CCGS LIMNOS,GEORGIAN BAY,10,444302,-805123,1,90.00,2024-09-08 21:11:00,1639,88.00,.00,0.01000000,,0,.070000,F-F,FLUORIDE,MG/L,44.71722,-80.85639
202405001,2025-03-04 13:55:00,CCGS LIMNOS,GEORGIAN BAY,10,444302,-805123,1,90.00,2024-09-08 21:11:00,1639,998.00,.00,0.01000000,<,0,.010000,F-F,FLUORIDE,MG/L,44.71722,-80.85639
202405001,2025-03-04 13:55:00,CCGS LIMNOS,GEORGIAN BAY,10,444302,-805123,1,90.00,2024-09-08 21:11:00,1639,999.00,.00,0.01000000,<,0,.010000,F-F,FLUORIDE,MG/L,44.71722,-80.85639
202405001,2025-03-04 13:55:00,CCGS LIMNOS,GEORGIAN BAY,11,445512,-805229,12,89.00,2024-09-08 23:08:00,1639,1.00,.00,0.01000000,,0,.070000,F-F,FLUORIDE,MG/L,44.92000,-80.87472
202405001,2025-03-04 13:55:00,CCGS LIMNOS,GEORGIAN BAY,12,451418,-812623,31,63.50,2024-09-09 03:57:00,1639,1.00,.00,0.01000000,,0,.070000,F-F,FLUORIDE,MG/L,45.23833,-81.43972
202405001,2025-03-04 13:55:00,CCGS LIMNOS,GEORGIAN BAY,13,451618,-813817,1614,30.50,2024-09-09 05:22:00,1639,1.00,.00,0.01000000,,0,.070000,F-F,FLUORIDE,MG/L,45.27167,-81.63806
202405001,2025-03-04 13:55:00,CCGS LIMNOS,GEORGIAN BAY,13,451618,-813817,1614,30.50,2024-09-09 05:22:00,1639,7.00,.00,0.01000000,,0,.070000,F-F,FLUORIDE,MG/L,45.27167,-81.63806
202405001,2025-03-04 13:55:00,CCGS LIMNOS,GEORGIAN BAY,13,451618,-813817,1614,30.50,2024-09-09 05:22:00,1639,16.50,.00,0.01000000,,0,.070000,F-F,FLUORIDE,MG/L,45.27167,-81.63806
202405001,2025-03-04 13:55:00,CCGS LIMNOS,GEORGIAN BAY,13,451618,-813817,1614,30.50,2024-09-09 05:22:00,1639,20.50,.00,0.01000000,,0,.070000,F-F,FLUORIDE,MG/L,45.27167,-81.63806
202405001,2025-03-04 13:55:00,CCGS LIMNOS,GEORGIAN BAY,13,451618,-813817,1614,30.50,2024-09-09 05:22:00,1639,26.00,.00,0.01000000,,0,.070000,F-F,FLUORIDE,MG/L,45.27167,-81.63806
202405001,2025-03-04 13:55:00,CCGS LIMNOS,GEORGIAN BAY,13,451618,-813817,1614,30.50,2024-09-09 05:22:00,1639,28.50,.00,0.01000000,,0,.070000,F-F,FLUORIDE,MG/L,45.27167,-81.63806
202405001,2025-03-04 13:55:00,CCGS LIMNOS,GEORGIAN BAY,14,452213,-813505,33,55.00,2024-09-09 06:59:00,1639,1.00,.00,0.01000000,,0,.070000,F-F,FLUORIDE,MG/L,45.37028,-81.58472
202405001,2025-03-04 13:55:00,CCGS LIMNOS,GEORGIAN BAY,14,452213,-813505,33,55.00,2024-09-09 06:59:00,1639,17.00,.00,0.01000000,,0,.070000,F-F,FLUORIDE,MG/L,45.37028,-81.58472
202405001,2025-03-04 13:55:00,CCGS LIMNOS,GEORGIAN BAY,14,452213,-813505,33,55.00,2024-09-09 06:59:00,1639,26.00,.00,0.01000000,,0,.070000,F-F,FLUORIDE,MG/L,45.37028,-81.58472
202405001,2025-03-04 13:55:00,CCGS LIMNOS,GEORGIAN BAY,14,452213,-813505,33,55.00,2024-09-09 06:59:00,1639,35.00,.00,0.01000000,,0,.070000,F-F,FLUORIDE,MG/L,45.37028,-81.58472
202405001,2025-03-04 13:55:00,CCGS LIMNOS,GEORGIAN BAY,14,452213,-813505,33,55.00,2024-09-09 06:59:00,1639,45.00,.00,0.01000000,,0,.070000,F-F,FLUORIDE,MG/L,45.37028,-81.58472
202405001,2025-03-04 13:55:00,CCGS LIMNOS,GEORGIAN BAY,14,452213,-813505,33,55.00,2024-09-09 06:59:00,1639,53.00,.00,0.01000000,,0,.060000,F-F,FLUORIDE,MG/L,45.37028,-81.58472
202405001,2025-03-04 13:55:00,CCGS LIMNOS,GEORGIAN BAY,15,452154,-811124,21,87.50,2024-09-09 09:38:00,1639,1.00,.00,0.01000000,,0,.070000,F-F,FLUORIDE,MG/L,45.36500,-81.19000
202405001,2025-03-04 13:55:00,CCGS LIMNOS,GEORGIAN BAY,15,452154,-811124,21,87.50,2024-09-09 09:38:00,1639,1.00,.00,0.01000000,,1,.070000,F-F,FLUORIDE,MG/L,45.36500,-81.19000
202405001,2025-03-04 13:55:00,CCGS LIMNOS,GEORGIAN BAY,16,451441,-805229,17,79.00,2024-09-09 11:48:00,1639,1.00,.00,0.01000000,,0,.070000,F-F,FLUORIDE,MG/L,45.24472,-80.87472
202405001,2025-03-04 13:55:00,CCGS LIMNOS,GEORGIAN BAY,16,451441,-805229,17,79.00,2024-09-09 11:48:00,1639,21.50,.00,0.01000000,,0,.070000,F-F,FLUORIDE,MG/L,45.24472,-80.87472
202405001,2025-03-04 13:55:00,CCGS LIMNOS,GEORGIAN BAY,16,451441,-805229,17,79.00,2024-09-09 11:48:00,1639,32.00,.00,0.01000000,,0,.070000,F-F,FLUORIDE,MG/L,45.24472,-80.87472
202405001,2025-03-04 13:55:00,CCGS LIMNOS,GEORGIAN BAY,16,451441,-805229,17,79.00,2024-09-09 11:48:00,1639,42.00,.00,0.01000000,,0,.070000,F-F,FLUORIDE,MG/L,45.24472,-80.87472
202405001,2025-03-04 13:55:00,CCGS LIMNOS,GEORGIAN BAY,16,451441,-805229,17,79.00,2024-09-09 11:48:00,1639,69.00,.00,0.01000000,,0,.070000,F-F,FLUORIDE,MG/L,45.24472,-80.87472
202405001,2025-03-04 13:55:00,CCGS LIMNOS,GEORGIAN BAY,16,451441,-805229,17,79.00,2024-09-09 11:48:00,1639,77.00,.00,0.01000000,,0,.070000,F-F,FLUORIDE,MG/L,45.24472,-80.87472
202405001,2025-03-04 13:55:00,CCGS LIMNOS,GEORGIAN BAY,17,445515,-803620,11,62.00,2024-09-09 15:13:00,1639,1.00,.00,0.01000000,,0,.070000,F-F,FLUORIDE,MG/L,44.92083,-80.60556
202405001,2025-03-04 13:55:00,CCGS LIMNOS,GEORGIAN BAY,18,444330,-803658,3,30.50,2024-09-09 16:59:00,1639,1.00,.00,0.01000000,,0,.070000,F-F,FLUORIDE,MG/L,44.72500,-80.61611
202405001,2025-03-04 13:55:00,CCGS LIMNOS,GEORGIAN BAY,19,444412,-802604,6,86.50,2024-09-09 18:09:00,1639,1.00,.00,0.01000000,,0,.070000,F-F,FLUORIDE,MG/L,44.73667,-80.43444
202405001,2025-03-04 13:55:00,CCGS LIMNOS,GEORGIAN BAY,20,443844,-800959,4,58.00,2024-09-09 20:02:00,1639,1.00,.00,0.01000000,,0,.070000,F-F,FLUORIDE,MG/L,44.64556,-80.16639
202405001,2025-03-04 13:55:00,CCGS LIMNOS,GEORGIAN BAY,20,443844,-800959,4,58.00,2024-09-09 20:02:00,1639,34.00,.00,0.01000000,,0,.070000,F-F,FLUORIDE,MG/L,44.64556,-80.16639
202405001,2025-03-04 13:55:00,CCGS LIMNOS,GEORGIAN BAY,20,443844,-800959,4,58.00,2024-09-09 20:02:00,1639,41.00,.00,0.01000000,,0,.070000,F-F,FLUORIDE,MG/L,44.64556,-80.16639
202405001,2025-03-04 13:55:00,CCGS LIMNOS,GEORGIAN BAY,20,443844,-800959,4,58.00,2024-09-09 20:02:00,1639,48.00,.00,0.01000000,,0,.070000,F-F,FLUORIDE,MG/L,44.64556,-80.16639
202405001,2025-03-04 13:55:00,CCGS LIMNOS,GEORGIAN BAY,20,443844,-800959,4,58.00,2024-09-09 20:02:00,1639,56.00,.00,0.01000000,,0,.070000,F-F,FLUORIDE,MG/L,44.64556,-80.16639
202405001,2025-03-04 13:55:00,CCGS LIMNOS,GEORGIAN BAY,20,443844,-800959,4,58.00,2024-09-09 20:02:00,1639,998.00,.00,0.01000000,<,0,.010000,F-F,FLUORIDE,MG/L,44.64556,-80.16639
202405001,2025-03-04 13:55:00,CCGS LIMNOS,GEORGIAN BAY,20,443844,-800959,4,58.00,2024-09-09 20:02:00,1639,999.00,.00,0.01000000,<,0,.010000,F-F,FLUORIDE,MG/L,44.64556,-80.16639
202405001,2025-03-04 13:55:00,CCGS LIMNOS,GEORGIAN BAY,21,444747,-801435,5,58.50,2024-09-09 21:44:00,1639,1.00,.00,0.01000000,,0,.070000,F-F,FLUORIDE,MG/L,44.79639,-80.24306
202405001,2025-03-04 13:55:00,CCGS LIMNOS,GEORGIAN BAY,22,445709,-800855,8,50.50,2024-09-09 23:31:00,1639,1.00,.00,0.01000000,,0,.070000,F-F,FLUORIDE,MG/L,44.95250,-80.14861
202405001,2025-03-04 13:55:00,CCGS LIMNOS,GEORGIAN BAY,23,445217,-795804,9,28.50,2024-09-10 01:00:00,1639,1.00,.00,0.01000000,,0,.070000,F-F,FLUORIDE,MG/L,44.87139,-79.96778
202405001,2025-03-04 13:55:00,CCGS LIMNOS,GEORGIAN BAY,23,445217,-795804,9,28.50,2024-09-10 01:00:00,1639,10.00,.00,0.01000000,,0,.070000,F-F,FLUORIDE,MG/L,44.87139,-79.96778
202405001,2025-03-04 13:55:00,CCGS LIMNOS,GEORGIAN BAY,23,445217,-795804,9,28.50,2024-09-10 01:00:00,1639,25.00,.00,0.01000000,,0,.070000,F-F,FLUORIDE,MG/L,44.87139,-79.96778
202405001,2025-03-04 13:55:00,CCGS LIMNOS,GEORGIAN BAY,23,445217,-795804,9,28.50,2024-09-10 01:00:00,1639,26.50,.00,0.01000000,,0,.070000,F-F,FLUORIDE,MG/L,44.87139,-79.96778
202405001,2025-03-04 13:55:00,CCGS LIMNOS,GEORGIAN BAY,24,451000,-801747,15,46.00,2024-09-10 04:28:00,1639,1.00,.00,0.01000000,,0,.060000,F-F,FLUORIDE,MG/L,45.16667,-80.29639
202405001,2025-03-04 13:55:00,CCGS LIMNOS,GEORGIAN BAY,25,452113,-802911,16,19.50,2024-09-10 06:28:00,1639,1.00,.00,0.01000000,,0,.060000,F-F,FLUORIDE,MG/L,45.35361,-80.48639
202405001,2025-03-04 13:55:00,CCGS LIMNOS,GEORGIAN BAY,25,452113,-802911,16,19.50,2024-09-10 06:28:00,1639,1.00,.00,0.01000000,,1,.060000,F-F,FLUORIDE,MG/L,45.35361,-80.48639
202405001,2025-03-04 13:55:00,CCGS LIMNOS,GEORGIAN BAY,26,451929,-800700,122,96.50,2024-09-10 08:54:00,1639,1.00,.00,0.01000000,,0,.050000,F-F,FLUORIDE,MG/L,45.32472,-80.11667
202405001,2025-03-04 13:55:00,CCGS LIMNOS,GEORGIAN BAY,1,454230,-813712,36,53.00,2024-09-07 09:24:00,1640,1.00,.00,0.01000000,,0,7.490000,CL-F,CHLORIDE,MG/L,45.70833,-81.62000
202405001,2025-03-04 13:55:00,CCGS LIMNOS,GEORGIAN BAY,2,455445,-813541,42,28.50,2024-09-07 11:37:00,1640,1.00,.00,0.01000000,,0,7.490000,CL-F,CHLORIDE,MG/L,45.91250,-81.59472
202405001,2025-03-04 13:55:00,CCGS LIMNOS,GEORGIAN BAY,2,455445,-813541,42,28.50,2024-09-07 11:37:00,1640,6.00,.00,0.01000000,,0,7.510000,CL-F,CHLORIDE,MG/L,45.91250,-81.59472
202405001,2025-03-04 13:55:00,CCGS LIMNOS,GEORGIAN BAY,2,455445,-813541,42,28.50,2024-09-07 11:37:00,1640,12.00,.00,0.01000000,,0,7.540000,CL-F,CHLORIDE,MG/L,45.91250,-81.59472
202405001,2025-03-04 13:55:00,CCGS LIMNOS,GEORGIAN BAY,2,455445,-813541,42,28.50,2024-09-07 11:37:00,1640,18.00,.00,0.01000000,,0,7.580000,CL-F,CHLORIDE,MG/L,45.91250,-81.59472
202405001,2025-03-04 13:55:00,CCGS LIMNOS,GEORGIAN BAY,2,455445,-813541,42,28.50,2024-09-07 11:37:00,1640,26.50,.00,0.01000000,,0,7.550000,CL-F,CHLORIDE,MG/L,45.91250,-81.59472
202405001,2025-03-04 13:55:00,CCGS LIMNOS,GEORGIAN BAY,3,454544,-814740,46,18.50,2024-09-07 13:56:00,1640,1.00,.00,0.01000000,,0,7.290000,CL-F,CHLORIDE,MG/L,45.76222,-81.79444
202405001,2025-03-04 13:55:00,CCGS LIMNOS,GEORGIAN BAY,4,455223,-811529,39,26.00,2024-09-07 17:48:00,1640,1.00,.00,0.01000000,,0,7.530000,CL-F,CHLORIDE,MG/L,45.87306,-81.25806
202405001,2025-03-04 13:55:00,CCGS LIMNOS,GEORGIAN BAY,5,455159,-805957,27,18.50,2024-09-07 19:21:00,1640,1.00,.00,0.01000000,,0,7.540000,CL-F,CHLORIDE,MG/L,45.86639,-80.99917
202405001,2025-03-04 13:55:00,CCGS LIMNOS,GEORGIAN BAY,5,455159,-805957,27,18.50,2024-09-07 19:21:00,1640,1.00,.00,0.01000000,,1,7.540000,CL-F,CHLORIDE,MG/L,45.86639,-80.99917
202405001,2025-03-04 13:55:00,CCGS LIMNOS,GEORGIAN BAY,5,455159,-805957,27,18.50,2024-09-07 19:21:00,1640,5.50,.00,0.01000000,,0,7.520000,CL-F,CHLORIDE,MG/L,45.86639,-80.99917
202405001,2025-03-04 13:55:00,CCGS LIMNOS,GEORGIAN BAY,5,455159,-805957,27,18.50,2024-09-07 19:21:00,1640,9.00,.00,0.01000000,,0,7.580000,CL-F,CHLORIDE,MG/L,45.86639,-80.99917
202405001,2025-03-04 13:55:00,CCGS LIMNOS,GEORGIAN BAY,5,455159,-805957,27,18.50,2024-09-07 19:21:00,1640,13.50,.00,0.01000000,,0,7.690000,CL-F,CHLORIDE,MG/L,45.86639,-80.99917
202405001,2025-03-04 13:55:00,CCGS LIMNOS,GEORGIAN BAY,5,455159,-805957,27,18.50,2024-09-07 19:21:00,1640,16.50,.00,0.01000000,,0,7.710000,CL-F,CHLORIDE,MG/L,45.86639,-80.99917
202405001,2025-03-04 13:55:00,CCGS LIMNOS,GEORGIAN BAY,6,454959,-805358,26,22.50,2024-09-07 20:23:00,1640,1.00,.00,0.01000000,,0,7.560000,CL-F,CHLORIDE,MG/L,45.83306,-80.89944
202405001,2025-03-04 13:55:00,CCGS LIMNOS,GEORGIAN BAY,7,454043,-805018,24,40.00,2024-09-07 21:56:00,1640,1.00,.00,0.01000000,,0,7.780000,CL-F,CHLORIDE,MG/L,45.67861,-80.83833
202405001,2025-03-04 13:55:00,CCGS LIMNOS,GEORGIAN BAY,8,453459,-810459,29,43.00,2024-09-07 23:44:00,1640,1.00,.00,0.01000000,,0,7.540000,CL-F,CHLORIDE,MG/L,45.58306,-81.08306
202405001,2025-03-04 13:55:00,CCGS LIMNOS,GEORGIAN BAY,8,453459,-810459,29,43.00,2024-09-07 23:44:00,1640,15.50,.00,0.01000000,,0,7.560000,CL-F,CHLORIDE,MG/L,45.58306,-81.08306
202405001,2025-03-04 13:55:00,CCGS LIMNOS,GEORGIAN BAY,8,453459,-810459,29,43.00,2024-09-07 23:44:00,1640,20.50,.00,0.01000000,,0,7.690000,CL-F,CHLORIDE,MG/L,45.58306,-81.08306
202405001,2025-03-04 13:55:00,CCGS LIMNOS,GEORGIAN BAY,8,453459,-810459,29,43.00,2024-09-07 23:44:00,1640,26.00,.00,0.01000000,,0,7.710000,CL-F,CHLORIDE,MG/L,45.58306,-81.08306
202405001,2025-03-04 13:55:00,CCGS LIMNOS,GEORGIAN BAY,8,453459,-810459,29,43.00,2024-09-07 23:44:00,1640,33.00,.00,0.01000000,,0,7.730000,CL-F,CHLORIDE,MG/L,45.58306,-81.08306
202405001,2025-03-04 13:55:00,CCGS LIMNOS,GEORGIAN BAY,8,453459,-810459,29,43.00,2024-09-07 23:44:00,1640,40.00,.00,0.01000000,,0,7.750000,CL-F,CHLORIDE,MG/L,45.58306,-81.08306
202405001,2025-03-04 13:55:00,CCGS LIMNOS,GEORGIAN BAY,9,450359,-811513,19,54.00,2024-09-08 04:07:00,1640,1.00,.00,0.01000000,,0,7.750000,CL-F,CHLORIDE,MG/L,45.06639,-81.25361
202405001,2025-03-04 13:55:00,CCGS LIMNOS,GEORGIAN BAY,10,444302,-805123,1,90.00,2024-09-08 21:11:00,1640,1.00,.00,0.01000000,,0,7.980000,CL-F,CHLORIDE,MG/L,44.71722,-80.85639
202405001,2025-03-04 13:55:00,CCGS LIMNOS,GEORGIAN BAY,10,444302,-805123,1,90.00,2024-09-08 21:11:00,1640,36.00,.00,0.01000000,,0,7.780000,CL-F,CHLORIDE,MG/L,44.71722,-80.85639
202405001,2025-03-04 13:55:00,CCGS LIMNOS,GEORGIAN BAY,10,444302,-805123,1,90.00,2024-09-08 21:11:00,1640,55.50,.00,0.01000000,,0,7.770000,CL-F,CHLORIDE,MG/L,44.71722,-80.85639
202405001,2025-03-04 13:55:00,CCGS LIMNOS,GEORGIAN BAY,10,444302,-805123,1,90.00,2024-09-08 21:11:00,1640,75.00,.00,0.01000000,,0,7.770000,CL-F,CHLORIDE,MG/L,44.71722,-80.85639
202405001,2025-03-04 13:55:00,CCGS LIMNOS,GEORGIAN BAY,10,444302,-805123,1,90.00,2024-09-08 21:11:00,1640,80.00,.00,0.01000000,,0,7.760000,CL-F,CHLORIDE,MG/L,44.71722,-80.85639
202405001,2025-03-04 13:55:00,CCGS LIMNOS,GEORGIAN BAY,10,444302,-805123,1,90.00,2024-09-08 21:11:00,1640,88.00,.00,0.01000000,,0,7.800000,CL-F,CHLORIDE,MG/L,44.71722,-80.85639
202405001,2025-03-04 13:55:00,CCGS LIMNOS,GEORGIAN BAY,10,444302,-805123,1,90.00,2024-09-08 21:11:00,1640,998.00,.00,0.01000000,<,0,.010000,CL-F,CHLORIDE,MG/L,44.71722,-80.85639
202405001,2025-03-04 13:55:00,CCGS LIMNOS,GEORGIAN BAY,10,444302,-805123,1,90.00,2024-09-08 21:11:00,1640,999.00,.00,0.01000000,<,0,.010000,CL-F,CHLORIDE,MG/L,44.71722,-80.85639
202405001,2025-03-04 13:55:00,CCGS LIMNOS,GEORGIAN BAY,11,445512,-805229,12,89.00,2024-09-08 23:08:00,1640,1.00,.00,0.01000000,,0,7.840000,CL-F,CHLORIDE,MG/L,44.92000,-80.87472
202405001,2025-03-04 13:55:00,CCGS LIMNOS,GEORGIAN BAY,12,451418,-812623,31,63.50,2024-09-09 03:57:00,1640,1.00,.00,0.01000000,,0,7.650000,CL-F,CHLORIDE,MG/L,45.23833,-81.43972
202405001,2025-03-04 13:55:00,CCGS LIMNOS,GEORGIAN BAY,13,451618,-813817,1614,30.50,2024-09-09 05:22:00,1640,1.00,.00,0.01000000,,0,7.610000,CL-F,CHLORIDE,MG/L,45.27167,-81.63806
202405001,2025-03-04 13:55:00,CCGS LIMNOS,GEORGIAN BAY,13,451618,-813817,1614,30.50,2024-09-09 05:22:00,1640,7.00,.00,0.01000000,,0,7.600000,CL-F,CHLORIDE,MG/L,45.27167,-81.63806
202405001,2025-03-04 13:55:00,CCGS LIMNOS,GEORGIAN BAY,13,451618,-813817,1614,30.50,2024-09-09 05:22:00,1640,16.50,.00,0.01000000,,0,7.640000,CL-F,CHLORIDE,MG/L,45.27167,-81.63806
202405001,2025-03-04 13:55:00,CCGS LIMNOS,GEORGIAN BAY,13,451618,-813817,1614,30.50,2024-09-09 05:22:00,1640,20.50,.00,0.01000000,,0,7.700000,CL-F,CHLORIDE,MG/L,45.27167,-81.63806
202405001,2025-03-04 13:55:00,CCGS LIMNOS,GEORGIAN BAY,13,451618,-813817,1614,30.50,2024-09-09 05:22:00,1640,26.00,.00,0.01000000,,0,7.680000,CL-F,CHLORIDE,MG/L,45.27167,-81.63806
202405001,2025-03-04 13:55:00,CCGS LIMNOS,GEORGIAN BAY,13,451618,-813817,1614,30.50,2024-09-09 05:22:00,1640,28.50,.00,0.01000000,,0,7.710000,CL-F,CHLORIDE,MG/L,45.27167,-81.63806
202405001,2025-03-04 13:55:00,CCGS LIMNOS,GEORGIAN BAY,14,452213,-813505,33,55.00,2024-09-09 06:59:00,1640,1.00,.00,0.01000000,,0,7.570000,CL-F,CHLORIDE,MG/L,45.37028,-81.58472
202405001,2025-03-04 13:55:00,CCGS LIMNOS,GEORGIAN BAY,14,452213,-813505,33,55.00,2024-09-09 06:59:00,1640,17.00,.00,0.01000000,,0,7.550000,CL-F,CHLORIDE,MG/L,45.37028,-81.58472
202405001,2025-03-04 13:55:00,CCGS LIMNOS,GEORGIAN BAY,14,452213,-813505,33,55.00,2024-09-09 06:59:00,1640,26.00,.00,0.01000000,,0,7.700000,CL-F,CHLORIDE,MG/L,45.37028,-81.58472
202405001,2025-03-04 13:55:00,CCGS LIMNOS,GEORGIAN BAY,14,452213,-813505,33,55.00,2024-09-09 06:59:00,1640,35.00,.00,0.01000000,,0,7.700000,CL-F,CHLORIDE,MG/L,45.37028,-81.58472
202405001,2025-03-04 13:55:00,CCGS LIMNOS,GEORGIAN BAY,14,452213,-813505,33,55.00,2024-09-09 06:59:00,1640,45.00,.00,0.01000000,,0,7.700000,CL-F,CHLORIDE,MG/L,45.37028,-81.58472
202405001,2025-03-04 13:55:00,CCGS LIMNOS,GEORGIAN BAY,14,452213,-813505,33,55.00,2024-09-09 06:59:00,1640,53.00,.00,0.01000000,,0,7.710000,CL-F,CHLORIDE,MG/L,45.37028,-81.58472
202405001,2025-03-04 13:55:00,CCGS LIMNOS,GEORGIAN BAY,15,452154,-811124,21,87.50,2024-09-09 09:38:00,1640,1.00,.00,0.01000000,,0,7.630000,CL-F,CHLORIDE,MG/L,45.36500,-81.19000
202405001,2025-03-04 13:55:00,CCGS LIMNOS,GEORGIAN BAY,15,452154,-811124,21,87.50,2024-09-09 09:38:00,1640,1.00,.00,0.01000000,,1,7.640000,CL-F,CHLORIDE,MG/L,45.36500,-81.19000
202405001,2025-03-04 13:55:00,CCGS LIMNOS,GEORGIAN BAY,16,451441,-805229,17,79.00,2024-09-09 11:48:00,1640,1.00,.00,0.01000000,,0,7.800000,CL-F,CHLORIDE,MG/L,45.24472,-80.87472
202405001,2025-03-04 13:55:00,CCGS LIMNOS,GEORGIAN BAY,16,451441,-805229,17,79.00,2024-09-09 11:48:00,1640,21.50,.00,0.01000000,,0,7.860000,CL-F,CHLORIDE,MG/L,45.24472,-80.87472
202405001,2025-03-04 13:55:00,CCGS LIMNOS,GEORGIAN BAY,16,451441,-805229,17,79.00,2024-09-09 11:48:00,1640,32.00,.00,0.01000000,,0,7.900000,CL-F,CHLORIDE,MG/L,45.24472,-80.87472
202405001,2025-03-04 13:55:00,CCGS LIMNOS,GEORGIAN BAY,16,451441,-805229,17,79.00,2024-09-09 11:48:00,1640,42.00,.00,0.01000000,,0,7.870000,CL-F,CHLORIDE,MG/L,45.24472,-80.87472
202405001,2025-03-04 13:55:00,CCGS LIMNOS,GEORGIAN BAY,16,451441,-805229,17,79.00,2024-09-09 11:48:00,1640,69.00,.00,0.01000000,,0,7.860000,CL-F,CHLORIDE,MG/L,45.24472,-80.87472
202405001,2025-03-04 13:55:00,CCGS LIMNOS,GEORGIAN BAY,16,451441,-805229,17,79.00,2024-09-09 11:48:00,1640,77.00,.00,0.01000000,,0,7.850000,CL-F,CHLORIDE,MG/L,45.24472,-80.87472
202405001,2025-03-04 13:55:00,CCGS LIMNOS,GEORGIAN BAY,17,445515,-803620,11,62.00,2024-09-09 15:13:00,1640,1.00,.00,0.01000000,,0,8.000000,CL-F,CHLORIDE,MG/L,44.92083,-80.60556
202405001,2025-03-04 13:55:00,CCGS LIMNOS,GEORGIAN BAY,18,444330,-803658,3,30.50,2024-09-09 16:59:00,1640,1.00,.00,0.01000000,,0,7.790000,CL-F,CHLORIDE,MG/L,44.72500,-80.61611
202405001,2025-03-04 13:55:00,CCGS LIMNOS,GEORGIAN BAY,19,444412,-802604,6,86.50,2024-09-09 18:09:00,1640,1.00,.00,0.01000000,,0,8.050000,CL-F,CHLORIDE,MG/L,44.73667,-80.43444
202405001,2025-03-04 13:55:00,CCGS LIMNOS,GEORGIAN BAY,20,443844,-800959,4,58.00,2024-09-09 20:02:00,1640,1.00,.00,0.01000000,,0,8.050000,CL-F,CHLORIDE,MG/L,44.64556,-80.16639
202405001,2025-03-04 13:55:00,CCGS LIMNOS,GEORGIAN BAY,20,443844,-800959,4,58.00,2024-09-09 20:02:00,1640,34.00,.00,0.01000000,,0,7.890000,CL-F,CHLORIDE,MG/L,44.64556,-80.16639
202405001,2025-03-04 13:55:00,CCGS LIMNOS,GEORGIAN BAY,20,443844,-800959,4,58.00,2024-09-09 20:02:00,1640,41.00,.00,0.01000000,,0,7.880000,CL-F,CHLORIDE,MG/L,44.64556,-80.16639
202405001,2025-03-04 13:55:00,CCGS LIMNOS,GEORGIAN BAY,20,443844,-800959,4,58.00,2024-09-09 20:02:00,1640,48.00,.00,0.01000000,,0,7.900000,CL-F,CHLORIDE,MG/L,44.64556,-80.16639
202405001,2025-03-04 13:55:00,CCGS LIMNOS,GEORGIAN BAY,20,443844,-800959,4,58.00,2024-09-09 20:02:00,1640,56.00,.00,0.01000000,,0,7.900000,CL-F,CHLORIDE,MG/L,44.64556,-80.16639
202405001,2025-03-04 13:55:00,CCGS LIMNOS,GEORGIAN BAY,20,443844,-800959,4,58.00,2024-09-09 20:02:00,1640,998.00,.00,0.01000000,<,0,.010000,CL-F,CHLORIDE,MG/L,44.64556,-80.16639
202405001,2025-03-04 13:55:00,CCGS LIMNOS,GEORGIAN BAY,20,443844,-800959,4,58.00,2024-09-09 20:02:00,1640,999.00,.00,0.01000000,<,0,.010000,CL-F,CHLORIDE,MG/L,44.64556,-80.16639
202405001,2025-03-04 13:55:00,CCGS LIMNOS,GEORGIAN BAY,21,444747,-801435,5,58.50,2024-09-09 21:44:00,1640,1.00,.00,0.01000000,,0,8.140000,CL-F,CHLORIDE,MG/L,44.79639,-80.24306
202405001,2025-03-04 13:55:00,CCGS LIMNOS,GEORGIAN BAY,22,445709,-800855,8,50.50,2024-09-09 23:31:00,1640,1.00,.00,0.01000000,,0,8.150000,CL-F,CHLORIDE,MG/L,44.95250,-80.14861
202405001,2025-03-04 13:55:00,CCGS LIMNOS,GEORGIAN BAY,23,445217,-795804,9,28.50,2024-09-10 01:00:00,1640,1.00,.00,0.01000000,,0,10.000000,CL-F,CHLORIDE,MG/L,44.87139,-79.96778
202405001,2025-03-04 13:55:00,CCGS LIMNOS,GEORGIAN BAY,23,445217,-795804,9,28.50,2024-09-10 01:00:00,1640,10.00,.00,0.01000000,,0,10.000000,CL-F,CHLORIDE,MG/L,44.87139,-79.96778
202405001,2025-03-04 13:55:00,CCGS LIMNOS,GEORGIAN BAY,23,445217,-795804,9,28.50,2024-09-10 01:00:00,1640,25.00,.00,0.01000000,,0,10.100000,CL-F,CHLORIDE,MG/L,44.87139,-79.96778
202405001,2025-03-04 13:55:00,CCGS LIMNOS,GEORGIAN BAY,23,445217,-795804,9,28.50,2024-09-10 01:00:00,1640,26.50,.00,0.01000000,,0,10.100000,CL-F,CHLORIDE,MG/L,44.87139,-79.96778
202405001,2025-03-04 13:55:00,CCGS LIMNOS,GEORGIAN BAY,24,451000,-801747,15,46.00,2024-09-10 04:28:00,1640,1.00,.00,0.01000000,,0,8.110000,CL-F,CHLORIDE,MG/L,45.16667,-80.29639
202405001,2025-03-04 13:55:00,CCGS LIMNOS,GEORGIAN BAY,25,452113,-802911,16,19.50,2024-09-10 06:28:00,1640,1.00,.00,0.01000000,,0,7.960000,CL-F,CHLORIDE,MG/L,45.35361,-80.48639
202405001,2025-03-04 13:55:00,CCGS LIMNOS,GEORGIAN BAY,25,452113,-802911,16,19.50,2024-09-10 06:28:00,1640,1.00,.00,0.01000000,,1,7.950000,CL-F,CHLORIDE,MG/L,45.35361,-80.48639
202405001,2025-03-04 13:55:00,CCGS LIMNOS,GEORGIAN BAY,26,451929,-800700,122,96.50,2024-09-10 08:54:00,1640,1.00,.00,0.01000000,,0,8.900000,CL-F,CHLORIDE,MG/L,45.32472,-80.11667
202405001,2025-03-04 13:55:00,CCGS LIMNOS,GEORGIAN BAY,1,454230,-813712,36,53.00,2024-09-07 09:24:00,1641,1.00,.00,0.01000000,,0,12.800000,SO4-F,SULPHATE,MG/L,45.70833,-81.62000
202405001,2025-03-04 13:55:00,CCGS LIMNOS,GEORGIAN BAY,2,455445,-813541,42,28.50,2024-09-07 11:37:00,1641,1.00,.00,0.01000000,,0,12.700000,SO4-F,SULPHATE,MG/L,45.91250,-81.59472
202405001,2025-03-04 13:55:00,CCGS LIMNOS,GEORGIAN BAY,2,455445,-813541,42,28.50,2024-09-07 11:37:00,1641,6.00,.00,0.01000000,,0,12.800000,SO4-F,SULPHATE,MG/L,45.91250,-81.59472
202405001,2025-03-04 13:55:00,CCGS LIMNOS,GEORGIAN BAY,2,455445,-813541,42,28.50,2024-09-07 11:37:00,1641,12.00,.00,0.01000000,,0,12.900000,SO4-F,SULPHATE,MG/L,45.91250,-81.59472
202405001,2025-03-04 13:55:00,CCGS LIMNOS,GEORGIAN BAY,2,455445,-813541,42,28.50,2024-09-07 11:37:00,1641,18.00,.00,0.01000000,,0,13.000000,SO4-F,SULPHATE,MG/L,45.91250,-81.59472
202405001,2025-03-04 13:55:00,CCGS LIMNOS,GEORGIAN BAY,2,455445,-813541,42,28.50,2024-09-07 11:37:00,1641,26.50,.00,0.01000000,,0,12.900000,SO4-F,SULPHATE,MG/L,45.91250,-81.59472
202405001,2025-03-04 13:55:00,CCGS LIMNOS,GEORGIAN BAY,3,454544,-814740,46,18.50,2024-09-07 13:56:00,1641,1.00,.00,0.01000000,,0,12.400000,SO4-F,SULPHATE,MG/L,45.76222,-81.79444
202405001,2025-03-04 13:55:00,CCGS LIMNOS,GEORGIAN BAY,4,455223,-811529,39,26.00,2024-09-07 17:48:00,1641,1.00,.00,0.01000000,,0,13.000000,SO4-F,SULPHATE,MG/L,45.87306,-81.25806
202405001,2025-03-04 13:55:00,CCGS LIMNOS,GEORGIAN BAY,5,455159,-805957,27,18.50,2024-09-07 19:21:00,1641,1.00,.00,0.01000000,,0,12.400000,SO4-F,SULPHATE,MG/L,45.86639,-80.99917
202405001,2025-03-04 13:55:00,CCGS LIMNOS,GEORGIAN BAY,5,455159,-805957,27,18.50,2024-09-07 19:21:00,1641,1.00,.00,0.01000000,,1,12.400000,SO4-F,SULPHATE,MG/L,45.86639,-80.99917
202405001,2025-03-04 13:55:00,CCGS LIMNOS,GEORGIAN BAY,5,455159,-805957,27,18.50,2024-09-07 19:21:00,1641,5.50,.00,0.01000000,,0,12.400000,SO4-F,SULPHATE,MG/L,45.86639,-80.99917
202405001,2025-03-04 13:55:00,CCGS LIMNOS,GEORGIAN BAY,5,455159,-805957,27,18.50,2024-09-07 19:21:00,1641,9.00,.00,0.01000000,,0,12.600000,SO4-F,SULPHATE,MG/L,45.86639,-80.99917
202405001,2025-03-04 13:55:00,CCGS LIMNOS,GEORGIAN BAY,5,455159,-805957,27,18.50,2024-09-07 19:21:00,1641,13.50,.00,0.01000000,,0,12.900000,SO4-F,SULPHATE,MG/L,45.86639,-80.99917
202405001,2025-03-04 13:55:00,CCGS LIMNOS,GEORGIAN BAY,5,455159,-805957,27,18.50,2024-09-07 19:21:00,1641,16.50,.00,0.01000000,,0,12.900000,SO4-F,SULPHATE,MG/L,45.86639,-80.99917
202405001,2025-03-04 13:55:00,CCGS LIMNOS,GEORGIAN BAY,6,454959,-805358,26,22.50,2024-09-07 20:23:00,1641,1.00,.00,0.01000000,,0,12.600000,SO4-F,SULPHATE,MG/L,45.83306,-80.89944
202405001,2025-03-04 13:55:00,CCGS LIMNOS,GEORGIAN BAY,7,454043,-805018,24,40.00,2024-09-07 21:56:00,1641,1.00,.00,0.01000000,,0,12.700000,SO4-F,SULPHATE,MG/L,45.67861,-80.83833
202405001,2025-03-04 13:55:00,CCGS LIMNOS,GEORGIAN BAY,8,453459,-810459,29,43.00,2024-09-07 23:44:00,1641,1.00,.00,0.01000000,,0,12.700000,SO4-F,SULPHATE,MG/L,45.58306,-81.08306
202405001,2025-03-04 13:55:00,CCGS LIMNOS,GEORGIAN BAY,8,453459,-810459,29,43.00,2024-09-07 23:44:00,1641,15.50,.00,0.01000000,,0,12.700000,SO4-F,SULPHATE,MG/L,45.58306,-81.08306
202405001,2025-03-04 13:55:00,CCGS LIMNOS,GEORGIAN BAY,8,453459,-810459,29,43.00,2024-09-07 23:44:00,1641,20.50,.00,0.01000000,,0,13.100000,SO4-F,SULPHATE,MG/L,45.58306,-81.08306
202405001,2025-03-04 13:55:00,CCGS LIMNOS,GEORGIAN BAY,8,453459,-810459,29,43.00,2024-09-07 23:44:00,1641,26.00,.00,0.01000000,,0,13.200000,SO4-F,SULPHATE,MG/L,45.58306,-81.08306
202405001,2025-03-04 13:55:00,CCGS LIMNOS,GEORGIAN BAY,8,453459,-810459,29,43.00,2024-09-07 23:44:00,1641,33.00,.00,0.01000000,,0,13.200000,SO4-F,SULPHATE,MG/L,45.58306,-81.08306
202405001,2025-03-04 13:55:00,CCGS LIMNOS,GEORGIAN BAY,8,453459,-810459,29,43.00,2024-09-07 23:44:00,1641,40.00,.00,0.01000000,,0,13.200000,SO4-F,SULPHATE,MG/L,45.58306,-81.08306
202405001,2025-03-04 13:55:00,CCGS LIMNOS,GEORGIAN BAY,9,450359,-811513,19,54.00,2024-09-08 04:07:00,1641,1.00,.00,0.01000000,,0,13.200000,SO4-F,SULPHATE,MG/L,45.06639,-81.25361
202405001,2025-03-04 13:55:00,CCGS LIMNOS,GEORGIAN BAY,10,444302,-805123,1,90.00,2024-09-08 21:11:00,1641,1.00,.00,0.01000000,,0,13.100000,SO4-F,SULPHATE,MG/L,44.71722,-80.85639
202405001,2025-03-04 13:55:00,CCGS LIMNOS,GEORGIAN BAY,10,444302,-805123,1,90.00,2024-09-08 21:11:00,1641,36.00,.00,0.01000000,,0,13.200000,SO4-F,SULPHATE,MG/L,44.71722,-80.85639
202405001,2025-03-04 13:55:00,CCGS LIMNOS,GEORGIAN BAY,10,444302,-805123,1,90.00,2024-09-08 21:11:00,1641,55.50,.00,0.01000000,,0,13.400000,SO4-F,SULPHATE,MG/L,44.71722,-80.85639
202405001,2025-03-04 13:55:00,CCGS LIMNOS,GEORGIAN BAY,10,444302,-805123,1,90.00,2024-09-08 21:11:00,1641,75.00,.00,0.01000000,,0,13.400000,SO4-F,SULPHATE,MG/L,44.71722,-80.85639
202405001,2025-03-04 13:55:00,CCGS LIMNOS,GEORGIAN BAY,10,444302,-805123,1,90.00,2024-09-08 21:11:00,1641,80.00,.00,0.01000000,,0,13.400000,SO4-F,SULPHATE,MG/L,44.71722,-80.85639
202405001,2025-03-04 13:55:00,CCGS LIMNOS,GEORGIAN BAY,10,444302,-805123,1,90.00,2024-09-08 21:11:00,1641,88.00,.00,0.01000000,,0,13.400000,SO4-F,SULPHATE,MG/L,44.71722,-80.85639
202405001,2025-03-04 13:55:00,CCGS LIMNOS,GEORGIAN BAY,10,444302,-805123,1,90.00,2024-09-08 21:11:00,1641,998.00,.00,0.01000000,<,0,.010000,SO4-F,SULPHATE,MG/L,44.71722,-80.85639
202405001,2025-03-04 13:55:00,CCGS LIMNOS,GEORGIAN BAY,10,444302,-805123,1,90.00,2024-09-08 21:11:00,1641,999.00,.00,0.01000000,<,0,.010000,SO4-F,SULPHATE,MG/L,44.71722,-80.85639
202405001,2025-03-04 13:55:00,CCGS LIMNOS,GEORGIAN BAY,11,445512,-805229,12,89.00,2024-09-08 23:08:00,1641,1.00,.00,0.01000000,,0,13.100000,SO4-F,SULPHATE,MG/L,44.92000,-80.87472
202405001,2025-03-04 13:55:00,CCGS LIMNOS,GEORGIAN BAY,12,451418,-812623,31,63.50,2024-09-09 03:57:00,1641,1.00,.00,0.01000000,,0,13.300000,SO4-F,SULPHATE,MG/L,45.23833,-81.43972
202405001,2025-03-04 13:55:00,CCGS LIMNOS,GEORGIAN BAY,13,451618,-813817,1614,30.50,2024-09-09 05:22:00,1641,1.00,.00,0.01000000,,0,13.700000,SO4-F,SULPHATE,MG/L,45.27167,-81.63806
202405001,2025-03-04 13:55:00,CCGS LIMNOS,GEORGIAN BAY,13,451618,-813817,1614,30.50,2024-09-09 05:22:00,1641,7.00,.00,0.01000000,,0,13.900000,SO4-F,SULPHATE,MG/L,45.27167,-81.63806
202405001,2025-03-04 13:55:00,CCGS LIMNOS,GEORGIAN BAY,13,451618,-813817,1614,30.50,2024-09-09 05:22:00,1641,16.50,.00,0.01000000,,0,13.600000,SO4-F,SULPHATE,MG/L,45.27167,-81.63806
202405001,2025-03-04 13:55:00,CCGS LIMNOS,GEORGIAN BAY,13,451618,-813817,1614,30.50,2024-09-09 05:22:00,1641,20.50,.00,0.01000000,,0,13.400000,SO4-F,SULPHATE,MG/L,45.27167,-81.63806
202405001,2025-03-04 13:55:00,CCGS LIMNOS,GEORGIAN BAY,13,451618,-813817,1614,30.50,2024-09-09 05:22:00,1641,26.00,.00,0.01000000,,0,13.300000,SO4-F,SULPHATE,MG/L,45.27167,-81.63806
202405001,2025-03-04 13:55:00,CCGS LIMNOS,GEORGIAN BAY,13,451618,-813817,1614,30.50,2024-09-09 05:22:00,1641,28.50,.00,0.01000000,,0,13.400000,SO4-F,SULPHATE,MG/L,45.27167,-81.63806
202405001,2025-03-04 13:55:00,CCGS LIMNOS,GEORGIAN BAY,14,452213,-813505,33,55.00,2024-09-09 06:59:00,1641,1.00,.00,0.01000000,,0,13.000000,SO4-F,SULPHATE,MG/L,45.37028,-81.58472
202405001,2025-03-04 13:55:00,CCGS LIMNOS,GEORGIAN BAY,14,452213,-813505,33,55.00,2024-09-09 06:59:00,1641,17.00,.00,0.01000000,,0,13.000000,SO4-F,SULPHATE,MG/L,45.37028,-81.58472
202405001,2025-03-04 13:55:00,CCGS LIMNOS,GEORGIAN BAY,14,452213,-813505,33,55.00,2024-09-09 06:59:00,1641,26.00,.00,0.01000000,,0,13.300000,SO4-F,SULPHATE,MG/L,45.37028,-81.58472
202405001,2025-03-04 13:55:00,CCGS LIMNOS,GEORGIAN BAY,14,452213,-813505,33,55.00,2024-09-09 06:59:00,1641,35.00,.00,0.01000000,,0,13.300000,SO4-F,SULPHATE,MG/L,45.37028,-81.58472
202405001,2025-03-04 13:55:00,CCGS LIMNOS,GEORGIAN BAY,14,452213,-813505,33,55.00,2024-09-09 06:59:00,1641,45.00,.00,0.01000000,,0,13.300000,SO4-F,SULPHATE,MG/L,45.37028,-81.58472
202405001,2025-03-04 13:55:00,CCGS LIMNOS,GEORGIAN BAY,14,452213,-813505,33,55.00,2024-09-09 06:59:00,1641,53.00,.00,0.01000000,,0,13.300000,SO4-F,SULPHATE,MG/L,45.37028,-81.58472
202405001,2025-03-04 13:55:00,CCGS LIMNOS,GEORGIAN BAY,15,452154,-811124,21,87.50,2024-09-09 09:38:00,1641,1.00,.00,0.01000000,,0,13.100000,SO4-F,SULPHATE,MG/L,45.36500,-81.19000
202405001,2025-03-04 13:55:00,CCGS LIMNOS,GEORGIAN BAY,15,452154,-811124,21,87.50,2024-09-09 09:38:00,1641,1.00,.00,0.01000000,,1,13.100000,SO4-F,SULPHATE,MG/L,45.36500,-81.19000
202405001,2025-03-04 13:55:00,CCGS LIMNOS,GEORGIAN BAY,16,451441,-805229,17,79.00,2024-09-09 11:48:00,1641,1.00,.00,0.01000000,,0,12.900000,SO4-F,SULPHATE,MG/L,45.24472,-80.87472
202405001,2025-03-04 13:55:00,CCGS LIMNOS,GEORGIAN BAY,16,451441,-805229,17,79.00,2024-09-09 11:48:00,1641,21.50,.00,0.01000000,,0,13.000000,SO4-F,SULPHATE,MG/L,45.24472,-80.87472
202405001,2025-03-04 13:55:00,CCGS LIMNOS,GEORGIAN BAY,16,451441,-805229,17,79.00,2024-09-09 11:48:00,1641,32.00,.00,0.01000000,,0,13.100000,SO4-F,SULPHATE,MG/L,45.24472,-80.87472
202405001,2025-03-04 13:55:00,CCGS LIMNOS,GEORGIAN BAY,16,451441,-805229,17,79.00,2024-09-09 11:48:00,1641,42.00,.00,0.01000000,,0,13.200000,SO4-F,SULPHATE,MG/L,45.24472,-80.87472
202405001,2025-03-04 13:55:00,CCGS LIMNOS,GEORGIAN BAY,16,451441,-805229,17,79.00,2024-09-09 11:48:00,1641,69.00,.00,0.01000000,,0,13.200000,SO4-F,SULPHATE,MG/L,45.24472,-80.87472
202405001,2025-03-04 13:55:00,CCGS LIMNOS,GEORGIAN BAY,16,451441,-805229,17,79.00,2024-09-09 11:48:00,1641,77.00,.00,0.01000000,,0,13.200000,SO4-F,SULPHATE,MG/L,45.24472,-80.87472
202405001,2025-03-04 13:55:00,CCGS LIMNOS,GEORGIAN BAY,17,445515,-803620,11,62.00,2024-09-09 15:13:00,1641,1.00,.00,0.01000000,,0,12.900000,SO4-F,SULPHATE,MG/L,44.92083,-80.60556
202405001,2025-03-04 13:55:00,CCGS LIMNOS,GEORGIAN BAY,18,444330,-803658,3,30.50,2024-09-09 16:59:00,1641,1.00,.00,0.01000000,,0,13.000000,SO4-F,SULPHATE,MG/L,44.72500,-80.61611
202405001,2025-03-04 13:55:00,CCGS LIMNOS,GEORGIAN BAY,19,444412,-802604,6,86.50,2024-09-09 18:09:00,1641,1.00,.00,0.01000000,,0,13.000000,SO4-F,SULPHATE,MG/L,44.73667,-80.43444
202405001,2025-03-04 13:55:00,CCGS LIMNOS,GEORGIAN BAY,20,443844,-800959,4,58.00,2024-09-09 20:02:00,1641,1.00,.00,0.01000000,,0,12.900000,SO4-F,SULPHATE,MG/L,44.64556,-80.16639
202405001,2025-03-04 13:55:00,CCGS LIMNOS,GEORGIAN BAY,20,443844,-800959,4,58.00,2024-09-09 20:02:00,1641,34.00,.00,0.01000000,,0,13.200000,SO4-F,SULPHATE,MG/L,44.64556,-80.16639
202405001,2025-03-04 13:55:00,CCGS LIMNOS,GEORGIAN BAY,20,443844,-800959,4,58.00,2024-09-09 20:02:00,1641,41.00,.00,0.01000000,,0,13.300000,SO4-F,SULPHATE,MG/L,44.64556,-80.16639
202405001,2025-03-04 13:55:00,CCGS LIMNOS,GEORGIAN BAY,20,443844,-800959,4,58.00,2024-09-09 20:02:00,1641,48.00,.00,0.01000000,,0,13.300000,SO4-F,SULPHATE,MG/L,44.64556,-80.16639
202405001,2025-03-04 13:55:00,CCGS LIMNOS,GEORGIAN BAY,20,443844,-800959,4,58.00,2024-09-09 20:02:00,1641,56.00,.00,0.01000000,,0,13.300000,SO4-F,SULPHATE,MG/L,44.64556,-80.16639
202405001,2025-03-04 13:55:00,CCGS LIMNOS,GEORGIAN BAY,20,443844,-800959,4,58.00,2024-09-09 20:02:00,1641,998.00,.00,0.01000000,<,0,.010000,SO4-F,SULPHATE,MG/L,44.64556,-80.16639
202405001,2025-03-04 13:55:00,CCGS LIMNOS,GEORGIAN BAY,20,443844,-800959,4,58.00,2024-09-09 20:02:00,1641,999.00,.00,0.01000000,<,0,.010000,SO4-F,SULPHATE,MG/L,44.64556,-80.16639
202405001,2025-03-04 13:55:00,CCGS LIMNOS,GEORGIAN BAY,21,444747,-801435,5,58.50,2024-09-09 21:44:00,1641,1.00,.00,0.01000000,,0,12.900000,SO4-F,SULPHATE,MG/L,44.79639,-80.24306
202405001,2025-03-04 13:55:00,CCGS LIMNOS,GEORGIAN BAY,22,445709,-800855,8,50.50,2024-09-09 23:31:00,1641,1.00,.00,0.01000000,,0,12.900000,SO4-F,SULPHATE,MG/L,44.95250,-80.14861
202405001,2025-03-04 13:55:00,CCGS LIMNOS,GEORGIAN BAY,23,445217,-795804,9,28.50,2024-09-10 01:00:00,1641,1.00,.00,0.01000000,,0,12.200000,SO4-F,SULPHATE,MG/L,44.87139,-79.96778
202405001,2025-03-04 13:55:00,CCGS LIMNOS,GEORGIAN BAY,23,445217,-795804,9,28.50,2024-09-10 01:00:00,1641,10.00,.00,0.01000000,,0,12.100000,SO4-F,SULPHATE,MG/L,44.87139,-79.96778
202405001,2025-03-04 13:55:00,CCGS LIMNOS,GEORGIAN BAY,23,445217,-795804,9,28.50,2024-09-10 01:00:00,1641,25.00,.00,0.01000000,,0,12.200000,SO4-F,SULPHATE,MG/L,44.87139,-79.96778
202405001,2025-03-04 13:55:00,CCGS LIMNOS,GEORGIAN BAY,23,445217,-795804,9,28.50,2024-09-10 01:00:00,1641,26.50,.00,0.01000000,,0,12.200000,SO4-F,SULPHATE,MG/L,44.87139,-79.96778
202405001,2025-03-04 13:55:00,CCGS LIMNOS,GEORGIAN BAY,24,451000,-801747,15,46.00,2024-09-10 04:28:00,1641,1.00,.00,0.01000000,,0,12.700000,SO4-F,SULPHATE,MG/L,45.16667,-80.29639
202405001,2025-03-04 13:55:00,CCGS LIMNOS,GEORGIAN BAY,25,452113,-802911,16,19.50,2024-09-10 06:28:00,1641,1.00,.00,0.01000000,,0,12.700000,SO4-F,SULPHATE,MG/L,45.35361,-80.48639
202405001,2025-03-04 13:55:00,CCGS LIMNOS,GEORGIAN BAY,25,452113,-802911,16,19.50,2024-09-10 06:28:00,1641,1.00,.00,0.01000000,,1,12.700000,SO4-F,SULPHATE,MG/L,45.35361,-80.48639
202405001,2025-03-04 13:55:00,CCGS LIMNOS,GEORGIAN BAY,26,451929,-800700,122,96.50,2024-09-10 08:54:00,1641,1.00,.00,0.01000000,,0,8.890000,SO4-F,SULPHATE,MG/L,45.32472,-80.11667
202405001,2025-03-04 13:55:00,CCGS LIMNOS,GEORGIAN BAY,1,454230,-813712,36,53.00,2024-09-07 09:24:00,2036,1.00,.00,0.00050000,,0,.002100,TP-P-UF,TOTAL PHOSPHOROUS,MG/L,45.70833,-81.62000
202405001,2025-03-04 13:55:00,CCGS LIMNOS,GEORGIAN BAY,2,455445,-813541,42,28.50,2024-09-07 11:37:00,2036,1.00,.00,0.00050000,,0,.002300,TP-P-UF,TOTAL PHOSPHOROUS,MG/L,45.91250,-81.59472
202405001,2025-03-04 13:55:00,CCGS LIMNOS,GEORGIAN BAY,2,455445,-813541,42,28.50,2024-09-07 11:37:00,2036,6.00,.00,0.00050000,,0,.008400,TP-P-UF,TOTAL PHOSPHOROUS,MG/L,45.91250,-81.59472
202405001,2025-03-04 13:55:00,CCGS LIMNOS,GEORGIAN BAY,2,455445,-813541,42,28.50,2024-09-07 11:37:00,2036,12.00,.00,0.00050000,,0,.002900,TP-P-UF,TOTAL PHOSPHOROUS,MG/L,45.91250,-81.59472
202405001,2025-03-04 13:55:00,CCGS LIMNOS,GEORGIAN BAY,2,455445,-813541,42,28.50,2024-09-07 11:37:00,2036,18.00,.00,0.00050000,,0,.003200,TP-P-UF,TOTAL PHOSPHOROUS,MG/L,45.91250,-81.59472
202405001,2025-03-04 13:55:00,CCGS LIMNOS,GEORGIAN BAY,2,455445,-813541,42,28.50,2024-09-07 11:37:00,2036,26.50,.00,0.00050000,,0,.002800,TP-P-UF,TOTAL PHOSPHOROUS,MG/L,45.91250,-81.59472
202405001,2025-03-04 13:55:00,CCGS LIMNOS,GEORGIAN BAY,3,454544,-814740,46,18.50,2024-09-07 13:56:00,2036,1.00,.00,0.00050000,,0,.004800,TP-P-UF,TOTAL PHOSPHOROUS,MG/L,45.76222,-81.79444
202405001,2025-03-04 13:55:00,CCGS LIMNOS,GEORGIAN BAY,4,455223,-811529,39,26.00,2024-09-07 17:48:00,2036,1.00,.00,0.00050000,,0,.001700,TP-P-UF,TOTAL PHOSPHOROUS,MG/L,45.87306,-81.25806
202405001,2025-03-04 13:55:00,CCGS LIMNOS,GEORGIAN BAY,5,455159,-805957,27,18.50,2024-09-07 19:21:00,2036,1.00,.00,0.00050000,,0,.002800,TP-P-UF,TOTAL PHOSPHOROUS,MG/L,45.86639,-80.99917
202405001,2025-03-04 13:55:00,CCGS LIMNOS,GEORGIAN BAY,5,455159,-805957,27,18.50,2024-09-07 19:21:00,2036,1.00,.00,0.00050000,,1,.002600,TP-P-UF,TOTAL PHOSPHOROUS,MG/L,45.86639,-80.99917
202405001,2025-03-04 13:55:00,CCGS LIMNOS,GEORGIAN BAY,5,455159,-805957,27,18.50,2024-09-07 19:21:00,2036,5.50,.00,0.00050000,,0,.002600,TP-P-UF,TOTAL PHOSPHOROUS,MG/L,45.86639,-80.99917
202405001,2025-03-04 13:55:00,CCGS LIMNOS,GEORGIAN BAY,5,455159,-805957,27,18.50,2024-09-07 19:21:00,2036,9.00,.00,0.00050000,,0,.002000,TP-P-UF,TOTAL PHOSPHOROUS,MG/L,45.86639,-80.99917
202405001,2025-03-04 13:55:00,CCGS LIMNOS,GEORGIAN BAY,5,455159,-805957,27,18.50,2024-09-07 19:21:00,2036,13.50,.00,0.00050000,,0,.002000,TP-P-UF,TOTAL PHOSPHOROUS,MG/L,45.86639,-80.99917
202405001,2025-03-04 13:55:00,CCGS LIMNOS,GEORGIAN BAY,5,455159,-805957,27,18.50,2024-09-07 19:21:00,2036,16.50,.00,0.00050000,,0,.002300,TP-P-UF,TOTAL PHOSPHOROUS,MG/L,45.86639,-80.99917
202405001,2025-03-04 13:55:00,CCGS LIMNOS,GEORGIAN BAY,6,454959,-805358,26,22.50,2024-09-07 20:23:00,2036,1.00,.00,0.00050000,,0,.002100,TP-P-UF,TOTAL PHOSPHOROUS,MG/L,45.83306,-80.89944
202405001,2025-03-04 13:55:00,CCGS LIMNOS,GEORGIAN BAY,7,454043,-805018,24,40.00,2024-09-07 21:56:00,2036,1.00,.00,0.00050000,,0,.001900,TP-P-UF,TOTAL PHOSPHOROUS,MG/L,45.67861,-80.83833
202405001,2025-03-04 13:55:00,CCGS LIMNOS,GEORGIAN BAY,8,453459,-810459,29,43.00,2024-09-07 23:44:00,2036,1.00,.00,0.00050000,,0,.003200,TP-P-UF,TOTAL PHOSPHOROUS,MG/L,45.58306,-81.08306
202405001,2025-03-04 13:55:00,CCGS LIMNOS,GEORGIAN BAY,8,453459,-810459,29,43.00,2024-09-07 23:44:00,2036,15.50,.00,0.00050000,,0,.002400,TP-P-UF,TOTAL PHOSPHOROUS,MG/L,45.58306,-81.08306
202405001,2025-03-04 13:55:00,CCGS LIMNOS,GEORGIAN BAY,8,453459,-810459,29,43.00,2024-09-07 23:44:00,2036,20.50,.00,0.00050000,,0,.004500,TP-P-UF,TOTAL PHOSPHOROUS,MG/L,45.58306,-81.08306
202405001,2025-03-04 13:55:00,CCGS LIMNOS,GEORGIAN BAY,8,453459,-810459,29,43.00,2024-09-07 23:44:00,2036,26.00,.00,0.00050000,,0,.001900,TP-P-UF,TOTAL PHOSPHOROUS,MG/L,45.58306,-81.08306
202405001,2025-03-04 13:55:00,CCGS LIMNOS,GEORGIAN BAY,8,453459,-810459,29,43.00,2024-09-07 23:44:00,2036,33.00,.00,0.00050000,,0,.002700,TP-P-UF,TOTAL PHOSPHOROUS,MG/L,45.58306,-81.08306
202405001,2025-03-04 13:55:00,CCGS LIMNOS,GEORGIAN BAY,8,453459,-810459,29,43.00,2024-09-07 23:44:00,2036,40.00,.00,0.00050000,,0,.002300,TP-P-UF,TOTAL PHOSPHOROUS,MG/L,45.58306,-81.08306
202405001,2025-03-04 13:55:00,CCGS LIMNOS,GEORGIAN BAY,9,450359,-811513,19,54.00,2024-09-08 04:07:00,2036,1.00,.00,0.00050000,,0,.001500,TP-P-UF,TOTAL PHOSPHOROUS,MG/L,45.06639,-81.25361
202405001,2025-03-04 13:55:00,CCGS LIMNOS,GEORGIAN BAY,10,444302,-805123,1,90.00,2024-09-08 21:11:00,2036,1.00,.00,0.00050000,,0,.002300,TP-P-UF,TOTAL PHOSPHOROUS,MG/L,44.71722,-80.85639
202405001,2025-03-04 13:55:00,CCGS LIMNOS,GEORGIAN BAY,10,444302,-805123,1,90.00,2024-09-08 21:11:00,2036,36.00,.00,0.00050000,,0,.002600,TP-P-UF,TOTAL PHOSPHOROUS,MG/L,44.71722,-80.85639
202405001,2025-03-04 13:55:00,CCGS LIMNOS,GEORGIAN BAY,10,444302,-805123,1,90.00,2024-09-08 21:11:00,2036,55.50,.00,0.00050000,,0,.002400,TP-P-UF,TOTAL PHOSPHOROUS,MG/L,44.71722,-80.85639
202405001,2025-03-04 13:55:00,CCGS LIMNOS,GEORGIAN BAY,10,444302,-805123,1,90.00,2024-09-08 21:11:00,2036,75.00,.00,0.00050000,,0,.002300,TP-P-UF,TOTAL PHOSPHOROUS,MG/L,44.71722,-80.85639
202405001,2025-03-04 13:55:00,CCGS LIMNOS,GEORGIAN BAY,10,444302,-805123,1,90.00,2024-09-08 21:11:00,2036,80.00,.00,0.00050000,,0,.002300,TP-P-UF,TOTAL PHOSPHOROUS,MG/L,44.71722,-80.85639
202405001,2025-03-04 13:55:00,CCGS LIMNOS,GEORGIAN BAY,10,444302,-805123,1,90.00,2024-09-08 21:11:00,2036,88.00,.00,0.00050000,,0,.002900,TP-P-UF,TOTAL PHOSPHOROUS,MG/L,44.71722,-80.85639
202405001,2025-03-04 13:55:00,CCGS LIMNOS,GEORGIAN BAY,10,444302,-805123,1,90.00,2024-09-08 21:11:00,2036,998.00,.00,0.00050000,<,0,.000500,TP-P-UF,TOTAL PHOSPHOROUS,MG/L,44.71722,-80.85639
202405001,2025-03-04 13:55:00,CCGS LIMNOS,GEORGIAN BAY,10,444302,-805123,1,90.00,2024-09-08 21:11:00,2036,999.00,.00,0.00050000,<,0,.000500,TP-P-UF,TOTAL PHOSPHOROUS,MG/L,44.71722,-80.85639
202405001,2025-03-04 13:55:00,CCGS LIMNOS,GEORGIAN BAY,11,445512,-805229,12,89.00,2024-09-08 23:08:00,2036,1.00,.00,0.00050000,,0,.001500,TP-P-UF,TOTAL PHOSPHOROUS,MG/L,44.92000,-80.87472
202405001,2025-03-04 13:55:00,CCGS LIMNOS,GEORGIAN BAY,12,451418,-812623,31,63.50,2024-09-09 03:57:00,2036,1.00,.00,0.00050000,,0,.001700,TP-P-UF,TOTAL PHOSPHOROUS,MG/L,45.23833,-81.43972
202405001,2025-03-04 13:55:00,CCGS LIMNOS,GEORGIAN BAY,13,451618,-813817,1614,30.50,2024-09-09 05:22:00,2036,1.00,.00,0.00050000,,0,.001600,TP-P-UF,TOTAL PHOSPHOROUS,MG/L,45.27167,-81.63806
202405001,2025-03-04 13:55:00,CCGS LIMNOS,GEORGIAN BAY,13,451618,-813817,1614,30.50,2024-09-09 05:22:00,2036,7.00,.00,0.00050000,,0,.001400,TP-P-UF,TOTAL PHOSPHOROUS,MG/L,45.27167,-81.63806
202405001,2025-03-04 13:55:00,CCGS LIMNOS,GEORGIAN BAY,13,451618,-813817,1614,30.50,2024-09-09 05:22:00,2036,16.50,.00,0.00050000,,0,.002400,TP-P-UF,TOTAL PHOSPHOROUS,MG/L,45.27167,-81.63806
202405001,2025-03-04 13:55:00,CCGS LIMNOS,GEORGIAN BAY,13,451618,-813817,1614,30.50,2024-09-09 05:22:00,2036,20.50,.00,0.00050000,,0,.003500,TP-P-UF,TOTAL PHOSPHOROUS,MG/L,45.27167,-81.63806
202405001,2025-03-04 13:55:00,CCGS LIMNOS,GEORGIAN BAY,13,451618,-813817,1614,30.50,2024-09-09 05:22:00,2036,26.00,.00,0.00050000,,0,.004300,TP-P-UF,TOTAL PHOSPHOROUS,MG/L,45.27167,-81.63806
202405001,2025-03-04 13:55:00,CCGS LIMNOS,GEORGIAN BAY,13,451618,-813817,1614,30.50,2024-09-09 05:22:00,2036,28.50,.00,0.00050000,,0,.003700,TP-P-UF,TOTAL PHOSPHOROUS,MG/L,45.27167,-81.63806
202405001,2025-03-04 13:55:00,CCGS LIMNOS,GEORGIAN BAY,14,452213,-813505,33,55.00,2024-09-09 06:59:00,2036,1.00,.00,0.00050000,,0,.001800,TP-P-UF,TOTAL PHOSPHOROUS,MG/L,45.37028,-81.58472
202405001,2025-03-04 13:55:00,CCGS LIMNOS,GEORGIAN BAY,14,452213,-813505,33,55.00,2024-09-09 06:59:00,2036,17.00,.00,0.00050000,,0,.001800,TP-P-UF,TOTAL PHOSPHOROUS,MG/L,45.37028,-81.58472
202405001,2025-03-04 13:55:00,CCGS LIMNOS,GEORGIAN BAY,14,452213,-813505,33,55.00,2024-09-09 06:59:00,2036,26.00,.00,0.00050000,,0,.002000,TP-P-UF,TOTAL PHOSPHOROUS,MG/L,45.37028,-81.58472
202405001,2025-03-04 13:55:00,CCGS LIMNOS,GEORGIAN BAY,14,452213,-813505,33,55.00,2024-09-09 06:59:00,2036,35.00,.00,0.00050000,,0,.002200,TP-P-UF,TOTAL PHOSPHOROUS,MG/L,45.37028,-81.58472
202405001,2025-03-04 13:55:00,CCGS LIMNOS,GEORGIAN BAY,14,452213,-813505,33,55.00,2024-09-09 06:59:00,2036,45.00,.00,0.00050000,,0,.001700,TP-P-UF,TOTAL PHOSPHOROUS,MG/L,45.37028,-81.58472
202405001,2025-03-04 13:55:00,CCGS LIMNOS,GEORGIAN BAY,14,452213,-813505,33,55.00,2024-09-09 06:59:00,2036,53.00,.00,0.00050000,,0,.002200,TP-P-UF,TOTAL PHOSPHOROUS,MG/L,45.37028,-81.58472
202405001,2025-03-04 13:55:00,CCGS LIMNOS,GEORGIAN BAY,15,452154,-811124,21,87.50,2024-09-09 09:38:00,2036,1.00,.00,0.00050000,,0,.001100,TP-P-UF,TOTAL PHOSPHOROUS,MG/L,45.36500,-81.19000
202405001,2025-03-04 13:55:00,CCGS LIMNOS,GEORGIAN BAY,15,452154,-811124,21,87.50,2024-09-09 09:38:00,2036,1.00,.00,0.00050000,,1,.001300,TP-P-UF,TOTAL PHOSPHOROUS,MG/L,45.36500,-81.19000
202405001,2025-03-04 13:55:00,CCGS LIMNOS,GEORGIAN BAY,16,451441,-805229,17,79.00,2024-09-09 11:48:00,2036,1.00,.00,0.00050000,,0,.001400,TP-P-UF,TOTAL PHOSPHOROUS,MG/L,45.24472,-80.87472
202405001,2025-03-04 13:55:00,CCGS LIMNOS,GEORGIAN BAY,16,451441,-805229,17,79.00,2024-09-09 11:48:00,2036,21.50,.00,0.00050000,,0,.001900,TP-P-UF,TOTAL PHOSPHOROUS,MG/L,45.24472,-80.87472
202405001,2025-03-04 13:55:00,CCGS LIMNOS,GEORGIAN BAY,16,451441,-805229,17,79.00,2024-09-09 11:48:00,2036,32.00,.00,0.00050000,,0,.001700,TP-P-UF,TOTAL PHOSPHOROUS,MG/L,45.24472,-80.87472
202405001,2025-03-04 13:55:00,CCGS LIMNOS,GEORGIAN BAY,16,451441,-805229,17,79.00,2024-09-09 11:48:00,2036,42.00,.00,0.00050000,,0,.002000,TP-P-UF,TOTAL PHOSPHOROUS,MG/L,45.24472,-80.87472
202405001,2025-03-04 13:55:00,CCGS LIMNOS,GEORGIAN BAY,16,451441,-805229,17,79.00,2024-09-09 11:48:00,2036,69.00,.00,0.00050000,,0,.001800,TP-P-UF,TOTAL PHOSPHOROUS,MG/L,45.24472,-80.87472
202405001,2025-03-04 13:55:00,CCGS LIMNOS,GEORGIAN BAY,16,451441,-805229,17,79.00,2024-09-09 11:48:00,2036,77.00,.00,0.00050000,,0,.001700,TP-P-UF,TOTAL PHOSPHOROUS,MG/L,45.24472,-80.87472
202405001,2025-03-04 13:55:00,CCGS LIMNOS,GEORGIAN BAY,17,445515,-803620,11,62.00,2024-09-09 15:13:00,2036,1.00,.00,0.00050000,,0,.002100,TP-P-UF,TOTAL PHOSPHOROUS,MG/L,44.92083,-80.60556
202405001,2025-03-04 13:55:00,CCGS LIMNOS,GEORGIAN BAY,18,444330,-803658,3,30.50,2024-09-09 16:59:00,2036,1.00,.00,0.00050000,,0,.001400,TP-P-UF,TOTAL PHOSPHOROUS,MG/L,44.72500,-80.61611
202405001,2025-03-04 13:55:00,CCGS LIMNOS,GEORGIAN BAY,19,444412,-802604,6,86.50,2024-09-09 18:09:00,2036,1.00,.00,0.00050000,,0,.001300,TP-P-UF,TOTAL PHOSPHOROUS,MG/L,44.73667,-80.43444
202405001,2025-03-04 13:55:00,CCGS LIMNOS,GEORGIAN BAY,20,443844,-800959,4,58.00,2024-09-09 20:02:00,2036,1.00,.00,0.00050000,,0,.001300,TP-P-UF,TOTAL PHOSPHOROUS,MG/L,44.64556,-80.16639
202405001,2025-03-04 13:55:00,CCGS LIMNOS,GEORGIAN BAY,20,443844,-800959,4,58.00,2024-09-09 20:02:00,2036,34.00,.00,0.00050000,,0,.001600,TP-P-UF,TOTAL PHOSPHOROUS,MG/L,44.64556,-80.16639
202405001,2025-03-04 13:55:00,CCGS LIMNOS,GEORGIAN BAY,20,443844,-800959,4,58.00,2024-09-09 20:02:00,2036,41.00,.00,0.00050000,,0,.001300,TP-P-UF,TOTAL PHOSPHOROUS,MG/L,44.64556,-80.16639
202405001,2025-03-04 13:55:00,CCGS LIMNOS,GEORGIAN BAY,20,443844,-800959,4,58.00,2024-09-09 20:02:00,2036,48.00,.00,0.00050000,,0,.001700,TP-P-UF,TOTAL PHOSPHOROUS,MG/L,44.64556,-80.16639
202405001,2025-03-04 13:55:00,CCGS LIMNOS,GEORGIAN BAY,20,443844,-800959,4,58.00,2024-09-09 20:02:00,2036,56.00,.00,0.00050000,,0,.001400,TP-P-UF,TOTAL PHOSPHOROUS,MG/L,44.64556,-80.16639
202405001,2025-03-04 13:55:00,CCGS LIMNOS,GEORGIAN BAY,20,443844,-800959,4,58.00,2024-09-09 20:02:00,2036,998.00,.00,0.00050000,<,0,.000500,TP-P-UF,TOTAL PHOSPHOROUS,MG/L,44.64556,-80.16639
202405001,2025-03-04 13:55:00,CCGS LIMNOS,GEORGIAN BAY,20,443844,-800959,4,58.00,2024-09-09 20:02:00,2036,999.00,.00,0.00050000,<,0,.000500,TP-P-UF,TOTAL PHOSPHOROUS,MG/L,44.64556,-80.16639
202405001,2025-03-04 13:55:00,CCGS LIMNOS,GEORGIAN BAY,21,444747,-801435,5,58.50,2024-09-09 21:44:00,2036,1.00,.00,0.00050000,,0,.001400,TP-P-UF,TOTAL PHOSPHOROUS,MG/L,44.79639,-80.24306
202405001,2025-03-04 13:55:00,CCGS LIMNOS,GEORGIAN BAY,22,445709,-800855,8,50.50,2024-09-09 23:31:00,2036,1.00,.00,0.00050000,,0,.001500,TP-P-UF,TOTAL PHOSPHOROUS,MG/L,44.95250,-80.14861
202405001,2025-03-04 13:55:00,CCGS LIMNOS,GEORGIAN BAY,23,445217,-795804,9,28.50,2024-09-10 01:00:00,2036,1.00,.00,0.00050000,,0,.002500,TP-P-UF,TOTAL PHOSPHOROUS,MG/L,44.87139,-79.96778
202405001,2025-03-04 13:55:00,CCGS LIMNOS,GEORGIAN BAY,23,445217,-795804,9,28.50,2024-09-10 01:00:00,2036,10.00,.00,0.00050000,,0,.002700,TP-P-UF,TOTAL PHOSPHOROUS,MG/L,44.87139,-79.96778
202405001,2025-03-04 13:55:00,CCGS LIMNOS,GEORGIAN BAY,23,445217,-795804,9,28.50,2024-09-10 01:00:00,2036,25.00,.00,0.00050000,,0,.003000,TP-P-UF,TOTAL PHOSPHOROUS,MG/L,44.87139,-79.96778
202405001,2025-03-04 13:55:00,CCGS LIMNOS,GEORGIAN BAY,23,445217,-795804,9,28.50,2024-09-10 01:00:00,2036,26.50,.00,0.00050000,,0,.003900,TP-P-UF,TOTAL PHOSPHOROUS,MG/L,44.87139,-79.96778
202405001,2025-03-04 13:55:00,CCGS LIMNOS,GEORGIAN BAY,24,451000,-801747,15,46.00,2024-09-10 04:28:00,2036,1.00,.00,0.00050000,,0,.001800,TP-P-UF,TOTAL PHOSPHOROUS,MG/L,45.16667,-80.29639
202405001,2025-03-04 13:55:00,CCGS LIMNOS,GEORGIAN BAY,25,452113,-802911,16,19.50,2024-09-10 06:28:00,2036,1.00,.00,0.00050000,,0,.001500,TP-P-UF,TOTAL PHOSPHOROUS,MG/L,45.35361,-80.48639
202405001,2025-03-04 13:55:00,CCGS LIMNOS,GEORGIAN BAY,25,452113,-802911,16,19.50,2024-09-10 06:28:00,2036,1.00,.00,0.00050000,,1,.001700,TP-P-UF,TOTAL PHOSPHOROUS,MG/L,45.35361,-80.48639
202405001,2025-03-04 13:55:00,CCGS LIMNOS,GEORGIAN BAY,26,451929,-800700,122,96.50,2024-09-10 08:54:00,2036,1.00,.00,0.00050000,,0,.004500,TP-P-UF,TOTAL PHOSPHOROUS,MG/L,45.32472,-80.11667
202405001,2025-03-04 13:55:00,CCGS LIMNOS,GEORGIAN BAY,1,454230,-813712,36,53.00,2024-09-07 09:24:00,2038,1.00,.00,0.00050000,,0,.001300,TP-P-F,TOTAL PHOSPHOROUS FILTERED,MG/L,45.70833,-81.62000
202405001,2025-03-04 13:55:00,CCGS LIMNOS,GEORGIAN BAY,2,455445,-813541,42,28.50,2024-09-07 11:37:00,2038,1.00,.00,0.00050000,,0,.001400,TP-P-F,TOTAL PHOSPHOROUS FILTERED,MG/L,45.91250,-81.59472
202405001,2025-03-04 13:55:00,CCGS LIMNOS,GEORGIAN BAY,2,455445,-813541,42,28.50,2024-09-07 11:37:00,2038,6.00,.00,0.00050000,,0,.001000,TP-P-F,TOTAL PHOSPHOROUS FILTERED,MG/L,45.91250,-81.59472
202405001,2025-03-04 13:55:00,CCGS LIMNOS,GEORGIAN BAY,2,455445,-813541,42,28.50,2024-09-07 11:37:00,2038,12.00,.00,0.00050000,,0,.001100,TP-P-F,TOTAL PHOSPHOROUS FILTERED,MG/L,45.91250,-81.59472
202405001,2025-03-04 13:55:00,CCGS LIMNOS,GEORGIAN BAY,2,455445,-813541,42,28.50,2024-09-07 11:37:00,2038,18.00,.00,0.00050000,,0,.001300,TP-P-F,TOTAL PHOSPHOROUS FILTERED,MG/L,45.91250,-81.59472
202405001,2025-03-04 13:55:00,CCGS LIMNOS,GEORGIAN BAY,2,455445,-813541,42,28.50,2024-09-07 11:37:00,2038,26.50,.00,0.00050000,,0,.001000,TP-P-F,TOTAL PHOSPHOROUS FILTERED,MG/L,45.91250,-81.59472
202405001,2025-03-04 13:55:00,CCGS LIMNOS,GEORGIAN BAY,3,454544,-814740,46,18.50,2024-09-07 13:56:00,2038,1.00,.00,0.00050000,,0,.001100,TP-P-F,TOTAL PHOSPHOROUS FILTERED,MG/L,45.76222,-81.79444
202405001,2025-03-04 13:55:00,CCGS LIMNOS,GEORGIAN BAY,4,455223,-811529,39,26.00,2024-09-07 17:48:00,2038,1.00,.00,0.00050000,,0,.000700,TP-P-F,TOTAL PHOSPHOROUS FILTERED,MG/L,45.87306,-81.25806
202405001,2025-03-04 13:55:00,CCGS LIMNOS,GEORGIAN BAY,5,455159,-805957,27,18.50,2024-09-07 19:21:00,2038,1.00,.00,0.00050000,,0,.001500,TP-P-F,TOTAL PHOSPHOROUS FILTERED,MG/L,45.86639,-80.99917
202405001,2025-03-04 13:55:00,CCGS LIMNOS,GEORGIAN BAY,5,455159,-805957,27,18.50,2024-09-07 19:21:00,2038,1.00,.00,0.00050000,,1,.001200,TP-P-F,TOTAL PHOSPHOROUS FILTERED,MG/L,45.86639,-80.99917
202405001,2025-03-04 13:55:00,CCGS LIMNOS,GEORGIAN BAY,5,455159,-805957,27,18.50,2024-09-07 19:21:00,2038,5.50,.00,0.00050000,,0,.000700,TP-P-F,TOTAL PHOSPHOROUS FILTERED,MG/L,45.86639,-80.99917
202405001,2025-03-04 13:55:00,CCGS LIMNOS,GEORGIAN BAY,5,455159,-805957,27,18.50,2024-09-07 19:21:00,2038,9.00,.00,0.00050000,,0,.000700,TP-P-F,TOTAL PHOSPHOROUS FILTERED,MG/L,45.86639,-80.99917
202405001,2025-03-04 13:55:00,CCGS LIMNOS,GEORGIAN BAY,5,455159,-805957,27,18.50,2024-09-07 19:21:00,2038,13.50,.00,0.00050000,,0,.000900,TP-P-F,TOTAL PHOSPHOROUS FILTERED,MG/L,45.86639,-80.99917
202405001,2025-03-04 13:55:00,CCGS LIMNOS,GEORGIAN BAY,5,455159,-805957,27,18.50,2024-09-07 19:21:00,2038,16.50,.00,0.00050000,,0,.000900,TP-P-F,TOTAL PHOSPHOROUS FILTERED,MG/L,45.86639,-80.99917
202405001,2025-03-04 13:55:00,CCGS LIMNOS,GEORGIAN BAY,6,454959,-805358,26,22.50,2024-09-07 20:23:00,2038,1.00,.00,0.00050000,,0,.000900,TP-P-F,TOTAL PHOSPHOROUS FILTERED,MG/L,45.83306,-80.89944
202405001,2025-03-04 13:55:00,CCGS LIMNOS,GEORGIAN BAY,7,454043,-805018,24,40.00,2024-09-07 21:56:00,2038,1.00,.00,0.00050000,,0,.000800,TP-P-F,TOTAL PHOSPHOROUS FILTERED,MG/L,45.67861,-80.83833
202405001,2025-03-04 13:55:00,CCGS LIMNOS,GEORGIAN BAY,8,453459,-810459,29,43.00,2024-09-07 23:44:00,2038,1.00,.00,0.00050000,,0,.001100,TP-P-F,TOTAL PHOSPHOROUS FILTERED,MG/L,45.58306,-81.08306
202405001,2025-03-04 13:55:00,CCGS LIMNOS,GEORGIAN BAY,8,453459,-810459,29,43.00,2024-09-07 23:44:00,2038,15.50,.00,0.00050000,,0,.000800,TP-P-F,TOTAL PHOSPHOROUS FILTERED,MG/L,45.58306,-81.08306
202405001,2025-03-04 13:55:00,CCGS LIMNOS,GEORGIAN BAY,8,453459,-810459,29,43.00,2024-09-07 23:44:00,2038,20.50,.00,0.00050000,,0,.002100,TP-P-F,TOTAL PHOSPHOROUS FILTERED,MG/L,45.58306,-81.08306
202405001,2025-03-04 13:55:00,CCGS LIMNOS,GEORGIAN BAY,8,453459,-810459,29,43.00,2024-09-07 23:44:00,2038,26.00,.00,0.00050000,,0,.001900,TP-P-F,TOTAL PHOSPHOROUS FILTERED,MG/L,45.58306,-81.08306
202405001,2025-03-04 13:55:00,CCGS LIMNOS,GEORGIAN BAY,8,453459,-810459,29,43.00,2024-09-07 23:44:00,2038,33.00,.00,0.00050000,,0,.002000,TP-P-F,TOTAL PHOSPHOROUS FILTERED,MG/L,45.58306,-81.08306
202405001,2025-03-04 13:55:00,CCGS LIMNOS,GEORGIAN BAY,8,453459,-810459,29,43.00,2024-09-07 23:44:00,2038,40.00,.00,0.00050000,,0,.001300,TP-P-F,TOTAL PHOSPHOROUS FILTERED,MG/L,45.58306,-81.08306
202405001,2025-03-04 13:55:00,CCGS LIMNOS,GEORGIAN BAY,9,450359,-811513,19,54.00,2024-09-08 04:07:00,2038,1.00,.00,0.00050000,,0,.000800,TP-P-F,TOTAL PHOSPHOROUS FILTERED,MG/L,45.06639,-81.25361
202405001,2025-03-04 13:55:00,CCGS LIMNOS,GEORGIAN BAY,10,444302,-805123,1,90.00,2024-09-08 21:11:00,2038,1.00,.00,0.00050000,,0,.001100,TP-P-F,TOTAL PHOSPHOROUS FILTERED,MG/L,44.71722,-80.85639
202405001,2025-03-04 13:55:00,CCGS LIMNOS,GEORGIAN BAY,10,444302,-805123,1,90.00,2024-09-08 21:11:00,2038,36.00,.00,0.00050000,,0,.001800,TP-P-F,TOTAL PHOSPHOROUS FILTERED,MG/L,44.71722,-80.85639
202405001,2025-03-04 13:55:00,CCGS LIMNOS,GEORGIAN BAY,10,444302,-805123,1,90.00,2024-09-08 21:11:00,2038,55.50,.00,0.00050000,,0,.001400,TP-P-F,TOTAL PHOSPHOROUS FILTERED,MG/L,44.71722,-80.85639
202405001,2025-03-04 13:55:00,CCGS LIMNOS,GEORGIAN BAY,10,444302,-805123,1,90.00,2024-09-08 21:11:00,2038,75.00,.00,0.00050000,,0,.000800,TP-P-F,TOTAL PHOSPHOROUS FILTERED,MG/L,44.71722,-80.85639
202405001,2025-03-04 13:55:00,CCGS LIMNOS,GEORGIAN BAY,10,444302,-805123,1,90.00,2024-09-08 21:11:00,2038,80.00,.00,0.00050000,,0,.002100,TP-P-F,TOTAL PHOSPHOROUS FILTERED,MG/L,44.71722,-80.85639
202405001,2025-03-04 13:55:00,CCGS LIMNOS,GEORGIAN BAY,10,444302,-805123,1,90.00,2024-09-08 21:11:00,2038,88.00,.00,0.00050000,,0,.001800,TP-P-F,TOTAL PHOSPHOROUS FILTERED,MG/L,44.71722,-80.85639
202405001,2025-03-04 13:55:00,CCGS LIMNOS,GEORGIAN BAY,10,444302,-805123,1,90.00,2024-09-08 21:11:00,2038,998.00,.00,0.00050000,<,0,.000500,TP-P-F,TOTAL PHOSPHOROUS FILTERED,MG/L,44.71722,-80.85639
202405001,2025-03-04 13:55:00,CCGS LIMNOS,GEORGIAN BAY,10,444302,-805123,1,90.00,2024-09-08 21:11:00,2038,999.00,.00,0.00050000,<,0,.000500,TP-P-F,TOTAL PHOSPHOROUS FILTERED,MG/L,44.71722,-80.85639
202405001,2025-03-04 13:55:00,CCGS LIMNOS,GEORGIAN BAY,11,445512,-805229,12,89.00,2024-09-08 23:08:00,2038,1.00,.00,0.00050000,,0,.000800,TP-P-F,TOTAL PHOSPHOROUS FILTERED,MG/L,44.92000,-80.87472
202405001,2025-03-04 13:55:00,CCGS LIMNOS,GEORGIAN BAY,12,451418,-812623,31,63.50,2024-09-09 03:57:00,2038,1.00,.00,0.00050000,,0,.000900,TP-P-F,TOTAL PHOSPHOROUS FILTERED,MG/L,45.23833,-81.43972
202405001,2025-03-04 13:55:00,CCGS LIMNOS,GEORGIAN BAY,13,451618,-813817,1614,30.50,2024-09-09 05:22:00,2038,1.00,.00,0.00050000,,0,.001400,TP-P-F,TOTAL PHOSPHOROUS FILTERED,MG/L,45.27167,-81.63806
202405001,2025-03-04 13:55:00,CCGS LIMNOS,GEORGIAN BAY,13,451618,-813817,1614,30.50,2024-09-09 05:22:00,2038,7.00,.00,0.00050000,,0,.001000,TP-P-F,TOTAL PHOSPHOROUS FILTERED,MG/L,45.27167,-81.63806
202405001,2025-03-04 13:55:00,CCGS LIMNOS,GEORGIAN BAY,13,451618,-813817,1614,30.50,2024-09-09 05:22:00,2038,16.50,.00,0.00050000,,0,.001200,TP-P-F,TOTAL PHOSPHOROUS FILTERED,MG/L,45.27167,-81.63806
202405001,2025-03-04 13:55:00,CCGS LIMNOS,GEORGIAN BAY,13,451618,-813817,1614,30.50,2024-09-09 05:22:00,2038,20.50,.00,0.00050000,,0,.001100,TP-P-F,TOTAL PHOSPHOROUS FILTERED,MG/L,45.27167,-81.63806
202405001,2025-03-04 13:55:00,CCGS LIMNOS,GEORGIAN BAY,13,451618,-813817,1614,30.50,2024-09-09 05:22:00,2038,26.00,.00,0.00050000,,0,.001100,TP-P-F,TOTAL PHOSPHOROUS FILTERED,MG/L,45.27167,-81.63806
202405001,2025-03-04 13:55:00,CCGS LIMNOS,GEORGIAN BAY,13,451618,-813817,1614,30.50,2024-09-09 05:22:00,2038,28.50,.00,0.00050000,,0,.001100,TP-P-F,TOTAL PHOSPHOROUS FILTERED,MG/L,45.27167,-81.63806
202405001,2025-03-04 13:55:00,CCGS LIMNOS,GEORGIAN BAY,14,452213,-813505,33,55.00,2024-09-09 06:59:00,2038,1.00,.00,0.00050000,,0,.001000,TP-P-F,TOTAL PHOSPHOROUS FILTERED,MG/L,45.37028,-81.58472
202405001,2025-03-04 13:55:00,CCGS LIMNOS,GEORGIAN BAY,14,452213,-813505,33,55.00,2024-09-09 06:59:00,2038,17.00,.00,0.00050000,,0,.000700,TP-P-F,TOTAL PHOSPHOROUS FILTERED,MG/L,45.37028,-81.58472
202405001,2025-03-04 13:55:00,CCGS LIMNOS,GEORGIAN BAY,14,452213,-813505,33,55.00,2024-09-09 06:59:00,2038,26.00,.00,0.00050000,,0,.001600,TP-P-F,TOTAL PHOSPHOROUS FILTERED,MG/L,45.37028,-81.58472
202405001,2025-03-04 13:55:00,CCGS LIMNOS,GEORGIAN BAY,14,452213,-813505,33,55.00,2024-09-09 06:59:00,2038,35.00,.00,0.00050000,,0,.001000,TP-P-F,TOTAL PHOSPHOROUS FILTERED,MG/L,45.37028,-81.58472
202405001,2025-03-04 13:55:00,CCGS LIMNOS,GEORGIAN BAY,14,452213,-813505,33,55.00,2024-09-09 06:59:00,2038,45.00,.00,0.00050000,,0,.000800,TP-P-F,TOTAL PHOSPHOROUS FILTERED,MG/L,45.37028,-81.58472
202405001,2025-03-04 13:55:00,CCGS LIMNOS,GEORGIAN BAY,14,452213,-813505,33,55.00,2024-09-09 06:59:00,2038,53.00,.00,0.00050000,,0,.000900,TP-P-F,TOTAL PHOSPHOROUS FILTERED,MG/L,45.37028,-81.58472
202405001,2025-03-04 13:55:00,CCGS LIMNOS,GEORGIAN BAY,15,452154,-811124,21,87.50,2024-09-09 09:38:00,2038,1.00,.00,0.00050000,,0,.000500,TP-P-F,TOTAL PHOSPHOROUS FILTERED,MG/L,45.36500,-81.19000
202405001,2025-03-04 13:55:00,CCGS LIMNOS,GEORGIAN BAY,15,452154,-811124,21,87.50,2024-09-09 09:38:00,2038,1.00,.00,0.00050000,,1,.000600,TP-P-F,TOTAL PHOSPHOROUS FILTERED,MG/L,45.36500,-81.19000
202405001,2025-03-04 13:55:00,CCGS LIMNOS,GEORGIAN BAY,16,451441,-805229,17,79.00,2024-09-09 11:48:00,2038,1.00,.00,0.00050000,,0,.000800,TP-P-F,TOTAL PHOSPHOROUS FILTERED,MG/L,45.24472,-80.87472
202405001,2025-03-04 13:55:00,CCGS LIMNOS,GEORGIAN BAY,16,451441,-805229,17,79.00,2024-09-09 11:48:00,2038,21.50,.00,0.00050000,,0,.001000,TP-P-F,TOTAL PHOSPHOROUS FILTERED,MG/L,45.24472,-80.87472
202405001,2025-03-04 13:55:00,CCGS LIMNOS,GEORGIAN BAY,16,451441,-805229,17,79.00,2024-09-09 11:48:00,2038,32.00,.00,0.00050000,,0,.000800,TP-P-F,TOTAL PHOSPHOROUS FILTERED,MG/L,45.24472,-80.87472
202405001,2025-03-04 13:55:00,CCGS LIMNOS,GEORGIAN BAY,16,451441,-805229,17,79.00,2024-09-09 11:48:00,2038,42.00,.00,0.00050000,,0,.002000,TP-P-F,TOTAL PHOSPHOROUS FILTERED,MG/L,45.24472,-80.87472
202405001,2025-03-04 13:55:00,CCGS LIMNOS,GEORGIAN BAY,16,451441,-805229,17,79.00,2024-09-09 11:48:00,2038,69.00,.00,0.00050000,,0,.000700,TP-P-F,TOTAL PHOSPHOROUS FILTERED,MG/L,45.24472,-80.87472
202405001,2025-03-04 13:55:00,CCGS LIMNOS,GEORGIAN BAY,16,451441,-805229,17,79.00,2024-09-09 11:48:00,2038,77.00,.00,0.00050000,,0,.001100,TP-P-F,TOTAL PHOSPHOROUS FILTERED,MG/L,45.24472,-80.87472
202405001,2025-03-04 13:55:00,CCGS LIMNOS,GEORGIAN BAY,17,445515,-803620,11,62.00,2024-09-09 15:13:00,2038,1.00,.00,0.00050000,,0,.000500,TP-P-F,TOTAL PHOSPHOROUS FILTERED,MG/L,44.92083,-80.60556
202405001,2025-03-04 13:55:00,CCGS LIMNOS,GEORGIAN BAY,18,444330,-803658,3,30.50,2024-09-09 16:59:00,2038,1.00,.00,0.00050000,,0,.000900,TP-P-F,TOTAL PHOSPHOROUS FILTERED,MG/L,44.72500,-80.61611
202405001,2025-03-04 13:55:00,CCGS LIMNOS,GEORGIAN BAY,19,444412,-802604,6,86.50,2024-09-09 18:09:00,2038,1.00,.00,0.00050000,,0,.000600,TP-P-F,TOTAL PHOSPHOROUS FILTERED,MG/L,44.73667,-80.43444
202405001,2025-03-04 13:55:00,CCGS LIMNOS,GEORGIAN BAY,20,443844,-800959,4,58.00,2024-09-09 20:02:00,2038,1.00,.00,0.00050000,,0,.000700,TP-P-F,TOTAL PHOSPHOROUS FILTERED,MG/L,44.64556,-80.16639
202405001,2025-03-04 13:55:00,CCGS LIMNOS,GEORGIAN BAY,20,443844,-800959,4,58.00,2024-09-09 20:02:00,2038,34.00,.00,0.00050000,,0,.000800,TP-P-F,TOTAL PHOSPHOROUS FILTERED,MG/L,44.64556,-80.16639
202405001,2025-03-04 13:55:00,CCGS LIMNOS,GEORGIAN BAY,20,443844,-800959,4,58.00,2024-09-09 20:02:00,2038,41.00,.00,0.00050000,,0,.000900,TP-P-F,TOTAL PHOSPHOROUS FILTERED,MG/L,44.64556,-80.16639
202405001,2025-03-04 13:55:00,CCGS LIMNOS,GEORGIAN BAY,20,443844,-800959,4,58.00,2024-09-09 20:02:00,2038,48.00,.00,0.00050000,,0,.000500,TP-P-F,TOTAL PHOSPHOROUS FILTERED,MG/L,44.64556,-80.16639
202405001,2025-03-04 13:55:00,CCGS LIMNOS,GEORGIAN BAY,20,443844,-800959,4,58.00,2024-09-09 20:02:00,2038,56.00,.00,0.00050000,,0,.001000,TP-P-F,TOTAL PHOSPHOROUS FILTERED,MG/L,44.64556,-80.16639
202405001,2025-03-04 13:55:00,CCGS LIMNOS,GEORGIAN BAY,20,443844,-800959,4,58.00,2024-09-09 20:02:00,2038,998.00,.00,0.00050000,<,0,.000500,TP-P-F,TOTAL PHOSPHOROUS FILTERED,MG/L,44.64556,-80.16639
202405001,2025-03-04 13:55:00,CCGS LIMNOS,GEORGIAN BAY,20,443844,-800959,4,58.00,2024-09-09 20:02:00,2038,999.00,.00,0.00050000,<,0,.000500,TP-P-F,TOTAL PHOSPHOROUS FILTERED,MG/L,44.64556,-80.16639
202405001,2025-03-04 13:55:00,CCGS LIMNOS,GEORGIAN BAY,21,444747,-801435,5,58.50,2024-09-09 21:44:00,2038,1.00,.00,0.00050000,,0,.000900,TP-P-F,TOTAL PHOSPHOROUS FILTERED,MG/L,44.79639,-80.24306
202405001,2025-03-04 13:55:00,CCGS LIMNOS,GEORGIAN BAY,22,445709,-800855,8,50.50,2024-09-09 23:31:00,2038,1.00,.00,0.00050000,,0,.000700,TP-P-F,TOTAL PHOSPHOROUS FILTERED,MG/L,44.95250,-80.14861
202405001,2025-03-04 13:55:00,CCGS LIMNOS,GEORGIAN BAY,23,445217,-795804,9,28.50,2024-09-10 01:00:00,2038,1.00,.00,0.00050000,,0,.001200,TP-P-F,TOTAL PHOSPHOROUS FILTERED,MG/L,44.87139,-79.96778
202405001,2025-03-04 13:55:00,CCGS LIMNOS,GEORGIAN BAY,23,445217,-795804,9,28.50,2024-09-10 01:00:00,2038,10.00,.00,0.00050000,,0,.001700,TP-P-F,TOTAL PHOSPHOROUS FILTERED,MG/L,44.87139,-79.96778
202405001,2025-03-04 13:55:00,CCGS LIMNOS,GEORGIAN BAY,23,445217,-795804,9,28.50,2024-09-10 01:00:00,2038,25.00,.00,0.00050000,,0,.001100,TP-P-F,TOTAL PHOSPHOROUS FILTERED,MG/L,44.87139,-79.96778
202405001,2025-03-04 13:55:00,CCGS LIMNOS,GEORGIAN BAY,23,445217,-795804,9,28.50,2024-09-10 01:00:00,2038,26.50,.00,0.00050000,,0,.001200,TP-P-F,TOTAL PHOSPHOROUS FILTERED,MG/L,44.87139,-79.96778
202405001,2025-03-04 13:55:00,CCGS LIMNOS,GEORGIAN BAY,24,451000,-801747,15,46.00,2024-09-10 04:28:00,2038,1.00,.00,0.00050000,,0,.001800,TP-P-F,TOTAL PHOSPHOROUS FILTERED,MG/L,45.16667,-80.29639
202405001,2025-03-04 13:55:00,CCGS LIMNOS,GEORGIAN BAY,25,452113,-802911,16,19.50,2024-09-10 06:28:00,2038,1.00,.00,0.00050000,,0,.000800,TP-P-F,TOTAL PHOSPHOROUS FILTERED,MG/L,45.35361,-80.48639
202405001,2025-03-04 13:55:00,CCGS LIMNOS,GEORGIAN BAY,25,452113,-802911,16,19.50,2024-09-10 06:28:00,2038,1.00,.00,0.00050000,,1,.001100,TP-P-F,TOTAL PHOSPHOROUS FILTERED,MG/L,45.35361,-80.48639
202405001,2025-03-04 13:55:00,CCGS LIMNOS,GEORGIAN BAY,26,451929,-800700,122,96.50,2024-09-10 08:54:00,2038,1.00,.00,0.00050000,,0,.001700,TP-P-F,TOTAL PHOSPHOROUS FILTERED,MG/L,45.32472,-80.11667
202405001,2025-03-04 13:55:00,CCGS LIMNOS,GEORGIAN BAY,1,454230,-813712,36,53.00,2024-09-07 09:24:00,2042,1.00,.00,0.01000000,,0,22.800000,CA-F,CALCIUM,MG/L,45.70833,-81.62000
202405001,2025-03-04 13:55:00,CCGS LIMNOS,GEORGIAN BAY,2,455445,-813541,42,28.50,2024-09-07 11:37:00,2042,1.00,.00,0.01000000,,0,22.600000,CA-F,CALCIUM,MG/L,45.91250,-81.59472
202405001,2025-03-04 13:55:00,CCGS LIMNOS,GEORGIAN BAY,2,455445,-813541,42,28.50,2024-09-07 11:37:00,2042,6.00,.00,0.01000000,,0,22.700000,CA-F,CALCIUM,MG/L,45.91250,-81.59472
202405001,2025-03-04 13:55:00,CCGS LIMNOS,GEORGIAN BAY,2,455445,-813541,42,28.50,2024-09-07 11:37:00,2042,12.00,.00,0.01000000,,0,23.100000,CA-F,CALCIUM,MG/L,45.91250,-81.59472
202405001,2025-03-04 13:55:00,CCGS LIMNOS,GEORGIAN BAY,2,455445,-813541,42,28.50,2024-09-07 11:37:00,2042,18.00,.00,0.01000000,,0,23.000000,CA-F,CALCIUM,MG/L,45.91250,-81.59472
202405001,2025-03-04 13:55:00,CCGS LIMNOS,GEORGIAN BAY,2,455445,-813541,42,28.50,2024-09-07 11:37:00,2042,26.50,.00,0.01000000,,0,23.000000,CA-F,CALCIUM,MG/L,45.91250,-81.59472
202405001,2025-03-04 13:55:00,CCGS LIMNOS,GEORGIAN BAY,3,454544,-814740,46,18.50,2024-09-07 13:56:00,2042,1.00,.00,0.01000000,,0,22.300000,CA-F,CALCIUM,MG/L,45.76222,-81.79444
202405001,2025-03-04 13:55:00,CCGS LIMNOS,GEORGIAN BAY,4,455223,-811529,39,26.00,2024-09-07 17:48:00,2042,1.00,.00,0.01000000,,0,23.200000,CA-F,CALCIUM,MG/L,45.87306,-81.25806
202405001,2025-03-04 13:55:00,CCGS LIMNOS,GEORGIAN BAY,5,455159,-805957,27,18.50,2024-09-07 19:21:00,2042,1.00,.00,0.01000000,,0,22.300000,CA-F,CALCIUM,MG/L,45.86639,-80.99917
202405001,2025-03-04 13:55:00,CCGS LIMNOS,GEORGIAN BAY,5,455159,-805957,27,18.50,2024-09-07 19:21:00,2042,1.00,.00,0.01000000,,1,22.000000,CA-F,CALCIUM,MG/L,45.86639,-80.99917
202405001,2025-03-04 13:55:00,CCGS LIMNOS,GEORGIAN BAY,5,455159,-805957,27,18.50,2024-09-07 19:21:00,2042,5.50,.00,0.01000000,,0,22.200000,CA-F,CALCIUM,MG/L,45.86639,-80.99917
202405001,2025-03-04 13:55:00,CCGS LIMNOS,GEORGIAN BAY,5,455159,-805957,27,18.50,2024-09-07 19:21:00,2042,9.00,.00,0.01000000,,0,22.300000,CA-F,CALCIUM,MG/L,45.86639,-80.99917
202405001,2025-03-04 13:55:00,CCGS LIMNOS,GEORGIAN BAY,5,455159,-805957,27,18.50,2024-09-07 19:21:00,2042,13.50,.00,0.01000000,,0,22.900000,CA-F,CALCIUM,MG/L,45.86639,-80.99917
202405001,2025-03-04 13:55:00,CCGS LIMNOS,GEORGIAN BAY,5,455159,-805957,27,18.50,2024-09-07 19:21:00,2042,16.50,.00,0.01000000,,0,23.100000,CA-F,CALCIUM,MG/L,45.86639,-80.99917
202405001,2025-03-04 13:55:00,CCGS LIMNOS,GEORGIAN BAY,6,454959,-805358,26,22.50,2024-09-07 20:23:00,2042,1.00,.00,0.01000000,,0,22.600000,CA-F,CALCIUM,MG/L,45.83306,-80.89944
202405001,2025-03-04 13:55:00,CCGS LIMNOS,GEORGIAN BAY,7,454043,-805018,24,40.00,2024-09-07 21:56:00,2042,1.00,.00,0.01000000,,0,23.100000,CA-F,CALCIUM,MG/L,45.67861,-80.83833
202405001,2025-03-04 13:55:00,CCGS LIMNOS,GEORGIAN BAY,8,453459,-810459,29,43.00,2024-09-07 23:44:00,2042,1.00,.00,0.01000000,,0,22.500000,CA-F,CALCIUM,MG/L,45.58306,-81.08306
202405001,2025-03-04 13:55:00,CCGS LIMNOS,GEORGIAN BAY,8,453459,-810459,29,43.00,2024-09-07 23:44:00,2042,15.50,.00,0.01000000,,0,22.700000,CA-F,CALCIUM,MG/L,45.58306,-81.08306
202405001,2025-03-04 13:55:00,CCGS LIMNOS,GEORGIAN BAY,8,453459,-810459,29,43.00,2024-09-07 23:44:00,2042,20.50,.00,0.01000000,,0,23.300000,CA-F,CALCIUM,MG/L,45.58306,-81.08306
202405001,2025-03-04 13:55:00,CCGS LIMNOS,GEORGIAN BAY,8,453459,-810459,29,43.00,2024-09-07 23:44:00,2042,26.00,.00,0.01000000,,0,23.500000,CA-F,CALCIUM,MG/L,45.58306,-81.08306
202405001,2025-03-04 13:55:00,CCGS LIMNOS,GEORGIAN BAY,8,453459,-810459,29,43.00,2024-09-07 23:44:00,2042,33.00,.00,0.01000000,,0,23.600000,CA-F,CALCIUM,MG/L,45.58306,-81.08306
202405001,2025-03-04 13:55:00,CCGS LIMNOS,GEORGIAN BAY,8,453459,-810459,29,43.00,2024-09-07 23:44:00,2042,40.00,.00,0.01000000,,0,23.400000,CA-F,CALCIUM,MG/L,45.58306,-81.08306
202405001,2025-03-04 13:55:00,CCGS LIMNOS,GEORGIAN BAY,9,450359,-811513,19,54.00,2024-09-08 04:07:00,2042,1.00,.00,0.01000000,,0,23.600000,CA-F,CALCIUM,MG/L,45.06639,-81.25361
202405001,2025-03-04 13:55:00,CCGS LIMNOS,GEORGIAN BAY,10,444302,-805123,1,90.00,2024-09-08 21:11:00,2042,1.00,.00,0.01000000,,0,23.700000,CA-F,CALCIUM,MG/L,44.71722,-80.85639
202405001,2025-03-04 13:55:00,CCGS LIMNOS,GEORGIAN BAY,10,444302,-805123,1,90.00,2024-09-08 21:11:00,2042,36.00,.00,0.01000000,,0,23.600000,CA-F,CALCIUM,MG/L,44.71722,-80.85639
202405001,2025-03-04 13:55:00,CCGS LIMNOS,GEORGIAN BAY,10,444302,-805123,1,90.00,2024-09-08 21:11:00,2042,55.50,.00,0.01000000,,0,23.800000,CA-F,CALCIUM,MG/L,44.71722,-80.85639
202405001,2025-03-04 13:55:00,CCGS LIMNOS,GEORGIAN BAY,10,444302,-805123,1,90.00,2024-09-08 21:11:00,2042,75.00,.00,0.01000000,,0,23.800000,CA-F,CALCIUM,MG/L,44.71722,-80.85639
202405001,2025-03-04 13:55:00,CCGS LIMNOS,GEORGIAN BAY,10,444302,-805123,1,90.00,2024-09-08 21:11:00,2042,80.00,.00,0.01000000,,0,23.900000,CA-F,CALCIUM,MG/L,44.71722,-80.85639
202405001,2025-03-04 13:55:00,CCGS LIMNOS,GEORGIAN BAY,10,444302,-805123,1,90.00,2024-09-08 21:11:00,2042,88.00,.00,0.01000000,,0,24.000000,CA-F,CALCIUM,MG/L,44.71722,-80.85639
202405001,2025-03-04 13:55:00,CCGS LIMNOS,GEORGIAN BAY,10,444302,-805123,1,90.00,2024-09-08 21:11:00,2042,998.00,.00,0.01000000,<,0,.010000,CA-F,CALCIUM,MG/L,44.71722,-80.85639
202405001,2025-03-04 13:55:00,CCGS LIMNOS,GEORGIAN BAY,10,444302,-805123,1,90.00,2024-09-08 21:11:00,2042,999.00,.00,0.01000000,<,0,.010000,CA-F,CALCIUM,MG/L,44.71722,-80.85639
202405001,2025-03-04 13:55:00,CCGS LIMNOS,GEORGIAN BAY,11,445512,-805229,12,89.00,2024-09-08 23:08:00,2042,1.00,.00,0.01000000,,0,23.600000,CA-F,CALCIUM,MG/L,44.92000,-80.87472
202405001,2025-03-04 13:55:00,CCGS LIMNOS,GEORGIAN BAY,12,451418,-812623,31,63.50,2024-09-09 03:57:00,2042,1.00,.00,0.01000000,,0,23.600000,CA-F,CALCIUM,MG/L,45.23833,-81.43972
202405001,2025-03-04 13:55:00,CCGS LIMNOS,GEORGIAN BAY,13,451618,-813817,1614,30.50,2024-09-09 05:22:00,2042,1.00,.00,0.01000000,,0,24.200000,CA-F,CALCIUM,MG/L,45.27167,-81.63806
202405001,2025-03-04 13:55:00,CCGS LIMNOS,GEORGIAN BAY,13,451618,-813817,1614,30.50,2024-09-09 05:22:00,2042,7.00,.00,0.01000000,,0,24.400000,CA-F,CALCIUM,MG/L,45.27167,-81.63806
202405001,2025-03-04 13:55:00,CCGS LIMNOS,GEORGIAN BAY,13,451618,-813817,1614,30.50,2024-09-09 05:22:00,2042,16.50,.00,0.01000000,,0,24.100000,CA-F,CALCIUM,MG/L,45.27167,-81.63806
202405001,2025-03-04 13:55:00,CCGS LIMNOS,GEORGIAN BAY,13,451618,-813817,1614,30.50,2024-09-09 05:22:00,2042,20.50,.00,0.01000000,,0,23.800000,CA-F,CALCIUM,MG/L,45.27167,-81.63806
202405001,2025-03-04 13:55:00,CCGS LIMNOS,GEORGIAN BAY,13,451618,-813817,1614,30.50,2024-09-09 05:22:00,2042,26.00,.00,0.01000000,,0,23.700000,CA-F,CALCIUM,MG/L,45.27167,-81.63806
202405001,2025-03-04 13:55:00,CCGS LIMNOS,GEORGIAN BAY,13,451618,-813817,1614,30.50,2024-09-09 05:22:00,2042,28.50,.00,0.01000000,,0,23.900000,CA-F,CALCIUM,MG/L,45.27167,-81.63806
202405001,2025-03-04 13:55:00,CCGS LIMNOS,GEORGIAN BAY,14,452213,-813505,33,55.00,2024-09-09 06:59:00,2042,1.00,.00,0.01000000,,0,23.200000,CA-F,CALCIUM,MG/L,45.37028,-81.58472
202405001,2025-03-04 13:55:00,CCGS LIMNOS,GEORGIAN BAY,14,452213,-813505,33,55.00,2024-09-09 06:59:00,2042,17.00,.00,0.01000000,,0,23.200000,CA-F,CALCIUM,MG/L,45.37028,-81.58472
202405001,2025-03-04 13:55:00,CCGS LIMNOS,GEORGIAN BAY,14,452213,-813505,33,55.00,2024-09-09 06:59:00,2042,26.00,.00,0.01000000,,0,23.800000,CA-F,CALCIUM,MG/L,45.37028,-81.58472
202405001,2025-03-04 13:55:00,CCGS LIMNOS,GEORGIAN BAY,14,452213,-813505,33,55.00,2024-09-09 06:59:00,2042,35.00,.00,0.01000000,,0,23.800000,CA-F,CALCIUM,MG/L,45.37028,-81.58472
202405001,2025-03-04 13:55:00,CCGS LIMNOS,GEORGIAN BAY,14,452213,-813505,33,55.00,2024-09-09 06:59:00,2042,45.00,.00,0.01000000,,0,23.700000,CA-F,CALCIUM,MG/L,45.37028,-81.58472
202405001,2025-03-04 13:55:00,CCGS LIMNOS,GEORGIAN BAY,14,452213,-813505,33,55.00,2024-09-09 06:59:00,2042,53.00,.00,0.01000000,,0,23.800000,CA-F,CALCIUM,MG/L,45.37028,-81.58472
202405001,2025-03-04 13:55:00,CCGS LIMNOS,GEORGIAN BAY,15,452154,-811124,21,87.50,2024-09-09 09:38:00,2042,1.00,.00,0.01000000,,0,23.500000,CA-F,CALCIUM,MG/L,45.36500,-81.19000
202405001,2025-03-04 13:55:00,CCGS LIMNOS,GEORGIAN BAY,15,452154,-811124,21,87.50,2024-09-09 09:38:00,2042,1.00,.00,0.01000000,,1,23.500000,CA-F,CALCIUM,MG/L,45.36500,-81.19000
202405001,2025-03-04 13:55:00,CCGS LIMNOS,GEORGIAN BAY,16,451441,-805229,17,79.00,2024-09-09 11:48:00,2042,1.00,.00,0.01000000,,0,23.200000,CA-F,CALCIUM,MG/L,45.24472,-80.87472
202405001,2025-03-04 13:55:00,CCGS LIMNOS,GEORGIAN BAY,16,451441,-805229,17,79.00,2024-09-09 11:48:00,2042,21.50,.00,0.01000000,,0,23.400000,CA-F,CALCIUM,MG/L,45.24472,-80.87472
202405001,2025-03-04 13:55:00,CCGS LIMNOS,GEORGIAN BAY,16,451441,-805229,17,79.00,2024-09-09 11:48:00,2042,32.00,.00,0.01000000,,0,23.600000,CA-F,CALCIUM,MG/L,45.24472,-80.87472
202405001,2025-03-04 13:55:00,CCGS LIMNOS,GEORGIAN BAY,16,451441,-805229,17,79.00,2024-09-09 11:48:00,2042,42.00,.00,0.01000000,,0,23.700000,CA-F,CALCIUM,MG/L,45.24472,-80.87472
202405001,2025-03-04 13:55:00,CCGS LIMNOS,GEORGIAN BAY,16,451441,-805229,17,79.00,2024-09-09 11:48:00,2042,69.00,.00,0.01000000,,0,23.800000,CA-F,CALCIUM,MG/L,45.24472,-80.87472
202405001,2025-03-04 13:55:00,CCGS LIMNOS,GEORGIAN BAY,16,451441,-805229,17,79.00,2024-09-09 11:48:00,2042,77.00,.00,0.01000000,,0,23.800000,CA-F,CALCIUM,MG/L,45.24472,-80.87472
202405001,2025-03-04 13:55:00,CCGS LIMNOS,GEORGIAN BAY,17,445515,-803620,11,62.00,2024-09-09 15:13:00,2042,1.00,.00,0.01000000,,0,23.400000,CA-F,CALCIUM,MG/L,44.92083,-80.60556
202405001,2025-03-04 13:55:00,CCGS LIMNOS,GEORGIAN BAY,18,444330,-803658,3,30.50,2024-09-09 16:59:00,2042,1.00,.00,0.01000000,,0,23.500000,CA-F,CALCIUM,MG/L,44.72500,-80.61611
202405001,2025-03-04 13:55:00,CCGS LIMNOS,GEORGIAN BAY,19,444412,-802604,6,86.50,2024-09-09 18:09:00,2042,1.00,.00,0.01000000,,0,23.800000,CA-F,CALCIUM,MG/L,44.73667,-80.43444
202405001,2025-03-04 13:55:00,CCGS LIMNOS,GEORGIAN BAY,20,443844,-800959,4,58.00,2024-09-09 20:02:00,2042,1.00,.00,0.01000000,,0,23.700000,CA-F,CALCIUM,MG/L,44.64556,-80.16639
202405001,2025-03-04 13:55:00,CCGS LIMNOS,GEORGIAN BAY,20,443844,-800959,4,58.00,2024-09-09 20:02:00,2042,34.00,.00,0.01000000,,0,23.900000,CA-F,CALCIUM,MG/L,44.64556,-80.16639
202405001,2025-03-04 13:55:00,CCGS LIMNOS,GEORGIAN BAY,20,443844,-800959,4,58.00,2024-09-09 20:02:00,2042,41.00,.00,0.01000000,,0,24.000000,CA-F,CALCIUM,MG/L,44.64556,-80.16639
202405001,2025-03-04 13:55:00,CCGS LIMNOS,GEORGIAN BAY,20,443844,-800959,4,58.00,2024-09-09 20:02:00,2042,48.00,.00,0.01000000,,0,24.100000,CA-F,CALCIUM,MG/L,44.64556,-80.16639
202405001,2025-03-04 13:55:00,CCGS LIMNOS,GEORGIAN BAY,20,443844,-800959,4,58.00,2024-09-09 20:02:00,2042,56.00,.00,0.01000000,,0,24.000000,CA-F,CALCIUM,MG/L,44.64556,-80.16639
202405001,2025-03-04 13:55:00,CCGS LIMNOS,GEORGIAN BAY,20,443844,-800959,4,58.00,2024-09-09 20:02:00,2042,998.00,.00,0.01000000,,0,.010000,CA-F,CALCIUM,MG/L,44.64556,-80.16639
202405001,2025-03-04 13:55:00,CCGS LIMNOS,GEORGIAN BAY,20,443844,-800959,4,58.00,2024-09-09 20:02:00,2042,999.00,.00,0.01000000,<,0,.010000,CA-F,CALCIUM,MG/L,44.64556,-80.16639
202405001,2025-03-04 13:55:00,CCGS LIMNOS,GEORGIAN BAY,21,444747,-801435,5,58.50,2024-09-09 21:44:00,2042,1.00,.00,0.01000000,,0,23.700000,CA-F,CALCIUM,MG/L,44.79639,-80.24306
202405001,2025-03-04 13:55:00,CCGS LIMNOS,GEORGIAN BAY,22,445709,-800855,8,50.50,2024-09-09 23:31:00,2042,1.00,.00,0.01000000,,0,23.600000,CA-F,CALCIUM,MG/L,44.95250,-80.14861
202405001,2025-03-04 13:55:00,CCGS LIMNOS,GEORGIAN BAY,23,445217,-795804,9,28.50,2024-09-10 01:00:00,2042,1.00,.00,0.01000000,,0,23.300000,CA-F,CALCIUM,MG/L,44.87139,-79.96778
202405001,2025-03-04 13:55:00,CCGS LIMNOS,GEORGIAN BAY,23,445217,-795804,9,28.50,2024-09-10 01:00:00,2042,10.00,.00,0.01000000,,0,23.200000,CA-F,CALCIUM,MG/L,44.87139,-79.96778
202405001,2025-03-04 13:55:00,CCGS LIMNOS,GEORGIAN BAY,23,445217,-795804,9,28.50,2024-09-10 01:00:00,2042,25.00,.00,0.01000000,,0,23.200000,CA-F,CALCIUM,MG/L,44.87139,-79.96778
202405001,2025-03-04 13:55:00,CCGS LIMNOS,GEORGIAN BAY,23,445217,-795804,9,28.50,2024-09-10 01:00:00,2042,26.50,.00,0.01000000,,0,23.300000,CA-F,CALCIUM,MG/L,44.87139,-79.96778
202405001,2025-03-04 13:55:00,CCGS LIMNOS,GEORGIAN BAY,24,451000,-801747,15,46.00,2024-09-10 04:28:00,2042,1.00,.00,0.01000000,,0,23.200000,CA-F,CALCIUM,MG/L,45.16667,-80.29639
202405001,2025-03-04 13:55:00,CCGS LIMNOS,GEORGIAN BAY,25,452113,-802911,16,19.50,2024-09-10 06:28:00,2042,1.00,.00,0.01000000,,0,23.100000,CA-F,CALCIUM,MG/L,45.35361,-80.48639
202405001,2025-03-04 13:55:00,CCGS LIMNOS,GEORGIAN BAY,25,452113,-802911,16,19.50,2024-09-10 06:28:00,2042,1.00,.00,0.01000000,,1,23.000000,CA-F,CALCIUM,MG/L,45.35361,-80.48639
202405001,2025-03-04 13:55:00,CCGS LIMNOS,GEORGIAN BAY,26,451929,-800700,122,96.50,2024-09-10 08:54:00,2042,1.00,.00,0.01000000,,0,16.000000,CA-F,CALCIUM,MG/L,45.32472,-80.11667
202405001,2025-03-04 13:55:00,CCGS LIMNOS,GEORGIAN BAY,1,454230,-813712,36,53.00,2024-09-07 09:24:00,2044,1.00,.00,0.03000000,,0,.890000,K-F,POTASSIUM,MG/L,45.70833,-81.62000
202405001,2025-03-04 13:55:00,CCGS LIMNOS,GEORGIAN BAY,2,455445,-813541,42,28.50,2024-09-07 11:37:00,2044,1.00,.00,0.03000000,,0,.900000,K-F,POTASSIUM,MG/L,45.91250,-81.59472
202405001,2025-03-04 13:55:00,CCGS LIMNOS,GEORGIAN BAY,2,455445,-813541,42,28.50,2024-09-07 11:37:00,2044,6.00,.00,0.03000000,,0,.890000,K-F,POTASSIUM,MG/L,45.91250,-81.59472
202405001,2025-03-04 13:55:00,CCGS LIMNOS,GEORGIAN BAY,2,455445,-813541,42,28.50,2024-09-07 11:37:00,2044,12.00,.00,0.03000000,,0,.920000,K-F,POTASSIUM,MG/L,45.91250,-81.59472
202405001,2025-03-04 13:55:00,CCGS LIMNOS,GEORGIAN BAY,2,455445,-813541,42,28.50,2024-09-07 11:37:00,2044,18.00,.00,0.03000000,,0,.910000,K-F,POTASSIUM,MG/L,45.91250,-81.59472
202405001,2025-03-04 13:55:00,CCGS LIMNOS,GEORGIAN BAY,2,455445,-813541,42,28.50,2024-09-07 11:37:00,2044,26.50,.00,0.03000000,,0,.900000,K-F,POTASSIUM,MG/L,45.91250,-81.59472
202405001,2025-03-04 13:55:00,CCGS LIMNOS,GEORGIAN BAY,3,454544,-814740,46,18.50,2024-09-07 13:56:00,2044,1.00,.00,0.03000000,,0,.890000,K-F,POTASSIUM,MG/L,45.76222,-81.79444
202405001,2025-03-04 13:55:00,CCGS LIMNOS,GEORGIAN BAY,4,455223,-811529,39,26.00,2024-09-07 17:48:00,2044,1.00,.00,0.03000000,,0,.900000,K-F,POTASSIUM,MG/L,45.87306,-81.25806
202405001,2025-03-04 13:55:00,CCGS LIMNOS,GEORGIAN BAY,5,455159,-805957,27,18.50,2024-09-07 19:21:00,2044,1.00,.00,0.03000000,,0,.900000,K-F,POTASSIUM,MG/L,45.86639,-80.99917
202405001,2025-03-04 13:55:00,CCGS LIMNOS,GEORGIAN BAY,5,455159,-805957,27,18.50,2024-09-07 19:21:00,2044,1.00,.00,0.03000000,,1,.910000,K-F,POTASSIUM,MG/L,45.86639,-80.99917
202405001,2025-03-04 13:55:00,CCGS LIMNOS,GEORGIAN BAY,5,455159,-805957,27,18.50,2024-09-07 19:21:00,2044,5.50,.00,0.03000000,,0,.880000,K-F,POTASSIUM,MG/L,45.86639,-80.99917
202405001,2025-03-04 13:55:00,CCGS LIMNOS,GEORGIAN BAY,5,455159,-805957,27,18.50,2024-09-07 19:21:00,2044,9.00,.00,0.03000000,,0,.880000,K-F,POTASSIUM,MG/L,45.86639,-80.99917
202405001,2025-03-04 13:55:00,CCGS LIMNOS,GEORGIAN BAY,5,455159,-805957,27,18.50,2024-09-07 19:21:00,2044,13.50,.00,0.03000000,,0,.920000,K-F,POTASSIUM,MG/L,45.86639,-80.99917
202405001,2025-03-04 13:55:00,CCGS LIMNOS,GEORGIAN BAY,5,455159,-805957,27,18.50,2024-09-07 19:21:00,2044,16.50,.00,0.03000000,,0,.910000,K-F,POTASSIUM,MG/L,45.86639,-80.99917
202405001,2025-03-04 13:55:00,CCGS LIMNOS,GEORGIAN BAY,6,454959,-805358,26,22.50,2024-09-07 20:23:00,2044,1.00,.00,0.03000000,,0,.890000,K-F,POTASSIUM,MG/L,45.83306,-80.89944
202405001,2025-03-04 13:55:00,CCGS LIMNOS,GEORGIAN BAY,7,454043,-805018,24,40.00,2024-09-07 21:56:00,2044,1.00,.00,0.03000000,,0,.940000,K-F,POTASSIUM,MG/L,45.67861,-80.83833
202405001,2025-03-04 13:55:00,CCGS LIMNOS,GEORGIAN BAY,8,453459,-810459,29,43.00,2024-09-07 23:44:00,2044,1.00,.00,0.03000000,,0,.890000,K-F,POTASSIUM,MG/L,45.58306,-81.08306
202405001,2025-03-04 13:55:00,CCGS LIMNOS,GEORGIAN BAY,8,453459,-810459,29,43.00,2024-09-07 23:44:00,2044,15.50,.00,0.03000000,,0,.910000,K-F,POTASSIUM,MG/L,45.58306,-81.08306
202405001,2025-03-04 13:55:00,CCGS LIMNOS,GEORGIAN BAY,8,453459,-810459,29,43.00,2024-09-07 23:44:00,2044,20.50,.00,0.03000000,,0,.940000,K-F,POTASSIUM,MG/L,45.58306,-81.08306
202405001,2025-03-04 13:55:00,CCGS LIMNOS,GEORGIAN BAY,8,453459,-810459,29,43.00,2024-09-07 23:44:00,2044,26.00,.00,0.03000000,,0,.940000,K-F,POTASSIUM,MG/L,45.58306,-81.08306
202405001,2025-03-04 13:55:00,CCGS LIMNOS,GEORGIAN BAY,8,453459,-810459,29,43.00,2024-09-07 23:44:00,2044,33.00,.00,0.03000000,,0,.910000,K-F,POTASSIUM,MG/L,45.58306,-81.08306
202405001,2025-03-04 13:55:00,CCGS LIMNOS,GEORGIAN BAY,8,453459,-810459,29,43.00,2024-09-07 23:44:00,2044,40.00,.00,0.03000000,,0,.920000,K-F,POTASSIUM,MG/L,45.58306,-81.08306
202405001,2025-03-04 13:55:00,CCGS LIMNOS,GEORGIAN BAY,9,450359,-811513,19,54.00,2024-09-08 04:07:00,2044,1.00,.00,0.03000000,,0,.930000,K-F,POTASSIUM,MG/L,45.06639,-81.25361
202405001,2025-03-04 13:55:00,CCGS LIMNOS,GEORGIAN BAY,10,444302,-805123,1,90.00,2024-09-08 21:11:00,2044,1.00,.00,0.03000000,,0,.930000,K-F,POTASSIUM,MG/L,44.71722,-80.85639
202405001,2025-03-04 13:55:00,CCGS LIMNOS,GEORGIAN BAY,10,444302,-805123,1,90.00,2024-09-08 21:11:00,2044,36.00,.00,0.03000000,,0,.940000,K-F,POTASSIUM,MG/L,44.71722,-80.85639
202405001,2025-03-04 13:55:00,CCGS LIMNOS,GEORGIAN BAY,10,444302,-805123,1,90.00,2024-09-08 21:11:00,2044,55.50,.00,0.03000000,,0,.920000,K-F,POTASSIUM,MG/L,44.71722,-80.85639
202405001,2025-03-04 13:55:00,CCGS LIMNOS,GEORGIAN BAY,10,444302,-805123,1,90.00,2024-09-08 21:11:00,2044,75.00,.00,0.03000000,,0,.910000,K-F,POTASSIUM,MG/L,44.71722,-80.85639
202405001,2025-03-04 13:55:00,CCGS LIMNOS,GEORGIAN BAY,10,444302,-805123,1,90.00,2024-09-08 21:11:00,2044,80.00,.00,0.03000000,,0,.910000,K-F,POTASSIUM,MG/L,44.71722,-80.85639
202405001,2025-03-04 13:55:00,CCGS LIMNOS,GEORGIAN BAY,10,444302,-805123,1,90.00,2024-09-08 21:11:00,2044,88.00,.00,0.03000000,,0,.970000,K-F,POTASSIUM,MG/L,44.71722,-80.85639
202405001,2025-03-04 13:55:00,CCGS LIMNOS,GEORGIAN BAY,10,444302,-805123,1,90.00,2024-09-08 21:11:00,2044,998.00,.00,0.03000000,,0,.030000,K-F,POTASSIUM,MG/L,44.71722,-80.85639
202405001,2025-03-04 13:55:00,CCGS LIMNOS,GEORGIAN BAY,10,444302,-805123,1,90.00,2024-09-08 21:11:00,2044,999.00,.00,0.03000000,<,0,.030000,K-F,POTASSIUM,MG/L,44.71722,-80.85639
202405001,2025-03-04 13:55:00,CCGS LIMNOS,GEORGIAN BAY,11,445512,-805229,12,89.00,2024-09-08 23:08:00,2044,1.00,.00,0.03000000,,0,.950000,K-F,POTASSIUM,MG/L,44.92000,-80.87472
202405001,2025-03-04 13:55:00,CCGS LIMNOS,GEORGIAN BAY,12,451418,-812623,31,63.50,2024-09-09 03:57:00,2044,1.00,.00,0.03000000,,0,.950000,K-F,POTASSIUM,MG/L,45.23833,-81.43972
202405001,2025-03-04 13:55:00,CCGS LIMNOS,GEORGIAN BAY,13,451618,-813817,1614,30.50,2024-09-09 05:22:00,2044,1.00,.00,0.03000000,,0,.950000,K-F,POTASSIUM,MG/L,45.27167,-81.63806
202405001,2025-03-04 13:55:00,CCGS LIMNOS,GEORGIAN BAY,13,451618,-813817,1614,30.50,2024-09-09 05:22:00,2044,7.00,.00,0.03000000,,0,.970000,K-F,POTASSIUM,MG/L,45.27167,-81.63806
202405001,2025-03-04 13:55:00,CCGS LIMNOS,GEORGIAN BAY,13,451618,-813817,1614,30.50,2024-09-09 05:22:00,2044,16.50,.00,0.03000000,,0,.970000,K-F,POTASSIUM,MG/L,45.27167,-81.63806
202405001,2025-03-04 13:55:00,CCGS LIMNOS,GEORGIAN BAY,13,451618,-813817,1614,30.50,2024-09-09 05:22:00,2044,20.50,.00,0.03000000,,0,.970000,K-F,POTASSIUM,MG/L,45.27167,-81.63806
202405001,2025-03-04 13:55:00,CCGS LIMNOS,GEORGIAN BAY,13,451618,-813817,1614,30.50,2024-09-09 05:22:00,2044,26.00,.00,0.03000000,,0,.960000,K-F,POTASSIUM,MG/L,45.27167,-81.63806
202405001,2025-03-04 13:55:00,CCGS LIMNOS,GEORGIAN BAY,13,451618,-813817,1614,30.50,2024-09-09 05:22:00,2044,28.50,.00,0.03000000,,0,.960000,K-F,POTASSIUM,MG/L,45.27167,-81.63806
202405001,2025-03-04 13:55:00,CCGS LIMNOS,GEORGIAN BAY,14,452213,-813505,33,55.00,2024-09-09 06:59:00,2044,1.00,.00,0.03000000,,0,.940000,K-F,POTASSIUM,MG/L,45.37028,-81.58472
202405001,2025-03-04 13:55:00,CCGS LIMNOS,GEORGIAN BAY,14,452213,-813505,33,55.00,2024-09-09 06:59:00,2044,17.00,.00,0.03000000,,0,.960000,K-F,POTASSIUM,MG/L,45.37028,-81.58472
202405001,2025-03-04 13:55:00,CCGS LIMNOS,GEORGIAN BAY,14,452213,-813505,33,55.00,2024-09-09 06:59:00,2044,26.00,.00,0.03000000,,0,.940000,K-F,POTASSIUM,MG/L,45.37028,-81.58472
202405001,2025-03-04 13:55:00,CCGS LIMNOS,GEORGIAN BAY,14,452213,-813505,33,55.00,2024-09-09 06:59:00,2044,35.00,.00,0.03000000,,0,.950000,K-F,POTASSIUM,MG/L,45.37028,-81.58472
202405001,2025-03-04 13:55:00,CCGS LIMNOS,GEORGIAN BAY,14,452213,-813505,33,55.00,2024-09-09 06:59:00,2044,45.00,.00,0.03000000,,0,.950000,K-F,POTASSIUM,MG/L,45.37028,-81.58472
202405001,2025-03-04 13:55:00,CCGS LIMNOS,GEORGIAN BAY,14,452213,-813505,33,55.00,2024-09-09 06:59:00,2044,53.00,.00,0.03000000,,0,.950000,K-F,POTASSIUM,MG/L,45.37028,-81.58472
202405001,2025-03-04 13:55:00,CCGS LIMNOS,GEORGIAN BAY,15,452154,-811124,21,87.50,2024-09-09 09:38:00,2044,1.00,.00,0.03000000,,0,.940000,K-F,POTASSIUM,MG/L,45.36500,-81.19000
202405001,2025-03-04 13:55:00,CCGS LIMNOS,GEORGIAN BAY,15,452154,-811124,21,87.50,2024-09-09 09:38:00,2044,1.00,.00,0.03000000,,1,.950000,K-F,POTASSIUM,MG/L,45.36500,-81.19000
202405001,2025-03-04 13:55:00,CCGS LIMNOS,GEORGIAN BAY,16,451441,-805229,17,79.00,2024-09-09 11:48:00,2044,1.00,.00,0.03000000,,0,.950000,K-F,POTASSIUM,MG/L,45.24472,-80.87472
202405001,2025-03-04 13:55:00,CCGS LIMNOS,GEORGIAN BAY,16,451441,-805229,17,79.00,2024-09-09 11:48:00,2044,21.50,.00,0.03000000,,0,.970000,K-F,POTASSIUM,MG/L,45.24472,-80.87472
202405001,2025-03-04 13:55:00,CCGS LIMNOS,GEORGIAN BAY,16,451441,-805229,17,79.00,2024-09-09 11:48:00,2044,32.00,.00,0.03000000,,0,.960000,K-F,POTASSIUM,MG/L,45.24472,-80.87472
202405001,2025-03-04 13:55:00,CCGS LIMNOS,GEORGIAN BAY,16,451441,-805229,17,79.00,2024-09-09 11:48:00,2044,42.00,.00,0.03000000,,0,.970000,K-F,POTASSIUM,MG/L,45.24472,-80.87472
202405001,2025-03-04 13:55:00,CCGS LIMNOS,GEORGIAN BAY,16,451441,-805229,17,79.00,2024-09-09 11:48:00,2044,69.00,.00,0.03000000,,0,.930000,K-F,POTASSIUM,MG/L,45.24472,-80.87472
202405001,2025-03-04 13:55:00,CCGS LIMNOS,GEORGIAN BAY,16,451441,-805229,17,79.00,2024-09-09 11:48:00,2044,77.00,.00,0.03000000,,0,.930000,K-F,POTASSIUM,MG/L,45.24472,-80.87472
202405001,2025-03-04 13:55:00,CCGS LIMNOS,GEORGIAN BAY,17,445515,-803620,11,62.00,2024-09-09 15:13:00,2044,1.00,.00,0.03000000,,0,.940000,K-F,POTASSIUM,MG/L,44.92083,-80.60556
202405001,2025-03-04 13:55:00,CCGS LIMNOS,GEORGIAN BAY,18,444330,-803658,3,30.50,2024-09-09 16:59:00,2044,1.00,.00,0.03000000,,0,.940000,K-F,POTASSIUM,MG/L,44.72500,-80.61611
202405001,2025-03-04 13:55:00,CCGS LIMNOS,GEORGIAN BAY,19,444412,-802604,6,86.50,2024-09-09 18:09:00,2044,1.00,.00,0.03000000,,0,.950000,K-F,POTASSIUM,MG/L,44.73667,-80.43444
202405001,2025-03-04 13:55:00,CCGS LIMNOS,GEORGIAN BAY,20,443844,-800959,4,58.00,2024-09-09 20:02:00,2044,1.00,.00,0.03000000,,0,.960000,K-F,POTASSIUM,MG/L,44.64556,-80.16639
202405001,2025-03-04 13:55:00,CCGS LIMNOS,GEORGIAN BAY,20,443844,-800959,4,58.00,2024-09-09 20:02:00,2044,34.00,.00,0.03000000,,0,.920000,K-F,POTASSIUM,MG/L,44.64556,-80.16639
202405001,2025-03-04 13:55:00,CCGS LIMNOS,GEORGIAN BAY,20,443844,-800959,4,58.00,2024-09-09 20:02:00,2044,41.00,.00,0.03000000,,0,.930000,K-F,POTASSIUM,MG/L,44.64556,-80.16639
202405001,2025-03-04 13:55:00,CCGS LIMNOS,GEORGIAN BAY,20,443844,-800959,4,58.00,2024-09-09 20:02:00,2044,48.00,.00,0.03000000,,0,.940000,K-F,POTASSIUM,MG/L,44.64556,-80.16639
202405001,2025-03-04 13:55:00,CCGS LIMNOS,GEORGIAN BAY,20,443844,-800959,4,58.00,2024-09-09 20:02:00,2044,56.00,.00,0.03000000,,0,.960000,K-F,POTASSIUM,MG/L,44.64556,-80.16639
202405001,2025-03-04 13:55:00,CCGS LIMNOS,GEORGIAN BAY,20,443844,-800959,4,58.00,2024-09-09 20:02:00,2044,998.00,.00,0.03000000,<,0,.030000,K-F,POTASSIUM,MG/L,44.64556,-80.16639
202405001,2025-03-04 13:55:00,CCGS LIMNOS,GEORGIAN BAY,20,443844,-800959,4,58.00,2024-09-09 20:02:00,2044,999.00,.00,0.03000000,<,0,.030000,K-F,POTASSIUM,MG/L,44.64556,-80.16639
202405001,2025-03-04 13:55:00,CCGS LIMNOS,GEORGIAN BAY,21,444747,-801435,5,58.50,2024-09-09 21:44:00,2044,1.00,.00,0.03000000,,0,.930000,K-F,POTASSIUM,MG/L,44.79639,-80.24306
202405001,2025-03-04 13:55:00,CCGS LIMNOS,GEORGIAN BAY,22,445709,-800855,8,50.50,2024-09-09 23:31:00,2044,1.00,.00,0.03000000,,0,.960000,K-F,POTASSIUM,MG/L,44.95250,-80.14861
202405001,2025-03-04 13:55:00,CCGS LIMNOS,GEORGIAN BAY,23,445217,-795804,9,28.50,2024-09-10 01:00:00,2044,1.00,.00,0.03000000,,0,.950000,K-F,POTASSIUM,MG/L,44.87139,-79.96778
202405001,2025-03-04 13:55:00,CCGS LIMNOS,GEORGIAN BAY,23,445217,-795804,9,28.50,2024-09-10 01:00:00,2044,10.00,.00,0.03000000,,0,.950000,K-F,POTASSIUM,MG/L,44.87139,-79.96778
202405001,2025-03-04 13:55:00,CCGS LIMNOS,GEORGIAN BAY,23,445217,-795804,9,28.50,2024-09-10 01:00:00,2044,25.00,.00,0.03000000,,0,.970000,K-F,POTASSIUM,MG/L,44.87139,-79.96778
202405001,2025-03-04 13:55:00,CCGS LIMNOS,GEORGIAN BAY,23,445217,-795804,9,28.50,2024-09-10 01:00:00,2044,26.50,.00,0.03000000,,0,.940000,K-F,POTASSIUM,MG/L,44.87139,-79.96778
202405001,2025-03-04 13:55:00,CCGS LIMNOS,GEORGIAN BAY,24,451000,-801747,15,46.00,2024-09-10 04:28:00,2044,1.00,.00,0.03000000,,0,.960000,K-F,POTASSIUM,MG/L,45.16667,-80.29639
202405001,2025-03-04 13:55:00,CCGS LIMNOS,GEORGIAN BAY,25,452113,-802911,16,19.50,2024-09-10 06:28:00,2044,1.00,.00,0.03000000,,0,.950000,K-F,POTASSIUM,MG/L,45.35361,-80.48639
202405001,2025-03-04 13:55:00,CCGS LIMNOS,GEORGIAN BAY,25,452113,-802911,16,19.50,2024-09-10 06:28:00,2044,1.00,.00,0.03000000,,1,.930000,K-F,POTASSIUM,MG/L,45.35361,-80.48639
202405001,2025-03-04 13:55:00,CCGS LIMNOS,GEORGIAN BAY,26,451929,-800700,122,96.50,2024-09-10 08:54:00,2044,1.00,.00,0.03000000,,0,.750000,K-F,POTASSIUM,MG/L,45.32472,-80.11667
202405001,2025-03-04 13:55:00,CCGS LIMNOS,GEORGIAN BAY,1,454230,-813712,36,53.00,2024-09-07 09:24:00,2046,1.00,.00,0.01000000,,0,6.610000,MG-F,MAGNESIUM,MG/L,45.70833,-81.62000
202405001,2025-03-04 13:55:00,CCGS LIMNOS,GEORGIAN BAY,2,455445,-813541,42,28.50,2024-09-07 11:37:00,2046,1.00,.00,0.01000000,,0,6.540000,MG-F,MAGNESIUM,MG/L,45.91250,-81.59472
202405001,2025-03-04 13:55:00,CCGS LIMNOS,GEORGIAN BAY,2,455445,-813541,42,28.50,2024-09-07 11:37:00,2046,6.00,.00,0.01000000,,0,6.570000,MG-F,MAGNESIUM,MG/L,45.91250,-81.59472
202405001,2025-03-04 13:55:00,CCGS LIMNOS,GEORGIAN BAY,2,455445,-813541,42,28.50,2024-09-07 11:37:00,2046,12.00,.00,0.01000000,,0,6.660000,MG-F,MAGNESIUM,MG/L,45.91250,-81.59472
202405001,2025-03-04 13:55:00,CCGS LIMNOS,GEORGIAN BAY,2,455445,-813541,42,28.50,2024-09-07 11:37:00,2046,18.00,.00,0.01000000,,0,6.660000,MG-F,MAGNESIUM,MG/L,45.91250,-81.59472
202405001,2025-03-04 13:55:00,CCGS LIMNOS,GEORGIAN BAY,2,455445,-813541,42,28.50,2024-09-07 11:37:00,2046,26.50,.00,0.01000000,,0,6.630000,MG-F,MAGNESIUM,MG/L,45.91250,-81.59472
202405001,2025-03-04 13:55:00,CCGS LIMNOS,GEORGIAN BAY,3,454544,-814740,46,18.50,2024-09-07 13:56:00,2046,1.00,.00,0.01000000,,0,6.490000,MG-F,MAGNESIUM,MG/L,45.76222,-81.79444
202405001,2025-03-04 13:55:00,CCGS LIMNOS,GEORGIAN BAY,4,455223,-811529,39,26.00,2024-09-07 17:48:00,2046,1.00,.00,0.01000000,,0,6.730000,MG-F,MAGNESIUM,MG/L,45.87306,-81.25806
202405001,2025-03-04 13:55:00,CCGS LIMNOS,GEORGIAN BAY,5,455159,-805957,27,18.50,2024-09-07 19:21:00,2046,1.00,.00,0.01000000,,0,6.410000,MG-F,MAGNESIUM,MG/L,45.86639,-80.99917
202405001,2025-03-04 13:55:00,CCGS LIMNOS,GEORGIAN BAY,5,455159,-805957,27,18.50,2024-09-07 19:21:00,2046,1.00,.00,0.01000000,,1,6.350000,MG-F,MAGNESIUM,MG/L,45.86639,-80.99917
202405001,2025-03-04 13:55:00,CCGS LIMNOS,GEORGIAN BAY,5,455159,-805957,27,18.50,2024-09-07 19:21:00,2046,5.50,.00,0.01000000,,0,6.400000,MG-F,MAGNESIUM,MG/L,45.86639,-80.99917
202405001,2025-03-04 13:55:00,CCGS LIMNOS,GEORGIAN BAY,5,455159,-805957,27,18.50,2024-09-07 19:21:00,2046,9.00,.00,0.01000000,,0,6.430000,MG-F,MAGNESIUM,MG/L,45.86639,-80.99917
202405001,2025-03-04 13:55:00,CCGS LIMNOS,GEORGIAN BAY,5,455159,-805957,27,18.50,2024-09-07 19:21:00,2046,13.50,.00,0.01000000,,0,6.560000,MG-F,MAGNESIUM,MG/L,45.86639,-80.99917
202405001,2025-03-04 13:55:00,CCGS LIMNOS,GEORGIAN BAY,5,455159,-805957,27,18.50,2024-09-07 19:21:00,2046,16.50,.00,0.01000000,,0,6.610000,MG-F,MAGNESIUM,MG/L,45.86639,-80.99917
202405001,2025-03-04 13:55:00,CCGS LIMNOS,GEORGIAN BAY,6,454959,-805358,26,22.50,2024-09-07 20:23:00,2046,1.00,.00,0.01000000,,0,6.490000,MG-F,MAGNESIUM,MG/L,45.83306,-80.89944
202405001,2025-03-04 13:55:00,CCGS LIMNOS,GEORGIAN BAY,7,454043,-805018,24,40.00,2024-09-07 21:56:00,2046,1.00,.00,0.01000000,,0,6.640000,MG-F,MAGNESIUM,MG/L,45.67861,-80.83833
202405001,2025-03-04 13:55:00,CCGS LIMNOS,GEORGIAN BAY,8,453459,-810459,29,43.00,2024-09-07 23:44:00,2046,1.00,.00,0.01000000,,0,6.500000,MG-F,MAGNESIUM,MG/L,45.58306,-81.08306
202405001,2025-03-04 13:55:00,CCGS LIMNOS,GEORGIAN BAY,8,453459,-810459,29,43.00,2024-09-07 23:44:00,2046,15.50,.00,0.01000000,,0,6.530000,MG-F,MAGNESIUM,MG/L,45.58306,-81.08306
202405001,2025-03-04 13:55:00,CCGS LIMNOS,GEORGIAN BAY,8,453459,-810459,29,43.00,2024-09-07 23:44:00,2046,20.50,.00,0.01000000,,0,6.690000,MG-F,MAGNESIUM,MG/L,45.58306,-81.08306
202405001,2025-03-04 13:55:00,CCGS LIMNOS,GEORGIAN BAY,8,453459,-810459,29,43.00,2024-09-07 23:44:00,2046,26.00,.00,0.01000000,,0,6.760000,MG-F,MAGNESIUM,MG/L,45.58306,-81.08306
202405001,2025-03-04 13:55:00,CCGS LIMNOS,GEORGIAN BAY,8,453459,-810459,29,43.00,2024-09-07 23:44:00,2046,33.00,.00,0.01000000,,0,6.780000,MG-F,MAGNESIUM,MG/L,45.58306,-81.08306
202405001,2025-03-04 13:55:00,CCGS LIMNOS,GEORGIAN BAY,8,453459,-810459,29,43.00,2024-09-07 23:44:00,2046,40.00,.00,0.01000000,,0,6.750000,MG-F,MAGNESIUM,MG/L,45.58306,-81.08306
202405001,2025-03-04 13:55:00,CCGS LIMNOS,GEORGIAN BAY,9,450359,-811513,19,54.00,2024-09-08 04:07:00,2046,1.00,.00,0.01000000,,0,6.820000,MG-F,MAGNESIUM,MG/L,45.06639,-81.25361
202405001,2025-03-04 13:55:00,CCGS LIMNOS,GEORGIAN BAY,10,444302,-805123,1,90.00,2024-09-08 21:11:00,2046,1.00,.00,0.01000000,,0,6.800000,MG-F,MAGNESIUM,MG/L,44.71722,-80.85639
202405001,2025-03-04 13:55:00,CCGS LIMNOS,GEORGIAN BAY,10,444302,-805123,1,90.00,2024-09-08 21:11:00,2046,36.00,.00,0.01000000,,0,6.800000,MG-F,MAGNESIUM,MG/L,44.71722,-80.85639
202405001,2025-03-04 13:55:00,CCGS LIMNOS,GEORGIAN BAY,10,444302,-805123,1,90.00,2024-09-08 21:11:00,2046,55.50,.00,0.01000000,,0,6.870000,MG-F,MAGNESIUM,MG/L,44.71722,-80.85639
202405001,2025-03-04 13:55:00,CCGS LIMNOS,GEORGIAN BAY,10,444302,-805123,1,90.00,2024-09-08 21:11:00,2046,75.00,.00,0.01000000,,0,6.860000,MG-F,MAGNESIUM,MG/L,44.71722,-80.85639
202405001,2025-03-04 13:55:00,CCGS LIMNOS,GEORGIAN BAY,10,444302,-805123,1,90.00,2024-09-08 21:11:00,2046,80.00,.00,0.01000000,,0,6.870000,MG-F,MAGNESIUM,MG/L,44.71722,-80.85639
202405001,2025-03-04 13:55:00,CCGS LIMNOS,GEORGIAN BAY,10,444302,-805123,1,90.00,2024-09-08 21:11:00,2046,88.00,.00,0.01000000,,0,6.750000,MG-F,MAGNESIUM,MG/L,44.71722,-80.85639
202405001,2025-03-04 13:55:00,CCGS LIMNOS,GEORGIAN BAY,10,444302,-805123,1,90.00,2024-09-08 21:11:00,2046,998.00,.00,0.01000000,<,0,.010000,MG-F,MAGNESIUM,MG/L,44.71722,-80.85639
202405001,2025-03-04 13:55:00,CCGS LIMNOS,GEORGIAN BAY,10,444302,-805123,1,90.00,2024-09-08 21:11:00,2046,999.00,.00,0.01000000,<,0,.010000,MG-F,MAGNESIUM,MG/L,44.71722,-80.85639
202405001,2025-03-04 13:55:00,CCGS LIMNOS,GEORGIAN BAY,11,445512,-805229,12,89.00,2024-09-08 23:08:00,2046,1.00,.00,0.01000000,,0,6.620000,MG-F,MAGNESIUM,MG/L,44.92000,-80.87472
202405001,2025-03-04 13:55:00,CCGS LIMNOS,GEORGIAN BAY,12,451418,-812623,31,63.50,2024-09-09 03:57:00,2046,1.00,.00,0.01000000,,0,6.690000,MG-F,MAGNESIUM,MG/L,45.23833,-81.43972
202405001,2025-03-04 13:55:00,CCGS LIMNOS,GEORGIAN BAY,13,451618,-813817,1614,30.50,2024-09-09 05:22:00,2046,1.00,.00,0.01000000,,0,6.920000,MG-F,MAGNESIUM,MG/L,45.27167,-81.63806
202405001,2025-03-04 13:55:00,CCGS LIMNOS,GEORGIAN BAY,13,451618,-813817,1614,30.50,2024-09-09 05:22:00,2046,7.00,.00,0.01000000,,0,6.980000,MG-F,MAGNESIUM,MG/L,45.27167,-81.63806
202405001,2025-03-04 13:55:00,CCGS LIMNOS,GEORGIAN BAY,13,451618,-813817,1614,30.50,2024-09-09 05:22:00,2046,16.50,.00,0.01000000,,0,6.820000,MG-F,MAGNESIUM,MG/L,45.27167,-81.63806
202405001,2025-03-04 13:55:00,CCGS LIMNOS,GEORGIAN BAY,13,451618,-813817,1614,30.50,2024-09-09 05:22:00,2046,20.50,.00,0.01000000,,0,6.720000,MG-F,MAGNESIUM,MG/L,45.27167,-81.63806
202405001,2025-03-04 13:55:00,CCGS LIMNOS,GEORGIAN BAY,13,451618,-813817,1614,30.50,2024-09-09 05:22:00,2046,26.00,.00,0.01000000,,0,6.670000,MG-F,MAGNESIUM,MG/L,45.27167,-81.63806
202405001,2025-03-04 13:55:00,CCGS LIMNOS,GEORGIAN BAY,13,451618,-813817,1614,30.50,2024-09-09 05:22:00,2046,28.50,.00,0.01000000,,0,6.720000,MG-F,MAGNESIUM,MG/L,45.27167,-81.63806
202405001,2025-03-04 13:55:00,CCGS LIMNOS,GEORGIAN BAY,14,452213,-813505,33,55.00,2024-09-09 06:59:00,2046,1.00,.00,0.01000000,,0,6.550000,MG-F,MAGNESIUM,MG/L,45.37028,-81.58472
202405001,2025-03-04 13:55:00,CCGS LIMNOS,GEORGIAN BAY,14,452213,-813505,33,55.00,2024-09-09 06:59:00,2046,17.00,.00,0.01000000,,0,6.540000,MG-F,MAGNESIUM,MG/L,45.37028,-81.58472
202405001,2025-03-04 13:55:00,CCGS LIMNOS,GEORGIAN BAY,14,452213,-813505,33,55.00,2024-09-09 06:59:00,2046,26.00,.00,0.01000000,,0,6.710000,MG-F,MAGNESIUM,MG/L,45.37028,-81.58472
202405001,2025-03-04 13:55:00,CCGS LIMNOS,GEORGIAN BAY,14,452213,-813505,33,55.00,2024-09-09 06:59:00,2046,35.00,.00,0.01000000,,0,6.700000,MG-F,MAGNESIUM,MG/L,45.37028,-81.58472
202405001,2025-03-04 13:55:00,CCGS LIMNOS,GEORGIAN BAY,14,452213,-813505,33,55.00,2024-09-09 06:59:00,2046,45.00,.00,0.01000000,,0,6.700000,MG-F,MAGNESIUM,MG/L,45.37028,-81.58472
202405001,2025-03-04 13:55:00,CCGS LIMNOS,GEORGIAN BAY,14,452213,-813505,33,55.00,2024-09-09 06:59:00,2046,53.00,.00,0.01000000,,0,6.700000,MG-F,MAGNESIUM,MG/L,45.37028,-81.58472
202405001,2025-03-04 13:55:00,CCGS LIMNOS,GEORGIAN BAY,15,452154,-811124,21,87.50,2024-09-09 09:38:00,2046,1.00,.00,0.01000000,,0,6.620000,MG-F,MAGNESIUM,MG/L,45.36500,-81.19000
202405001,2025-03-04 13:55:00,CCGS LIMNOS,GEORGIAN BAY,15,452154,-811124,21,87.50,2024-09-09 09:38:00,2046,1.00,.00,0.01000000,,1,6.640000,MG-F,MAGNESIUM,MG/L,45.36500,-81.19000
202405001,2025-03-04 13:55:00,CCGS LIMNOS,GEORGIAN BAY,16,451441,-805229,17,79.00,2024-09-09 11:48:00,2046,1.00,.00,0.01000000,,0,6.550000,MG-F,MAGNESIUM,MG/L,45.24472,-80.87472
202405001,2025-03-04 13:55:00,CCGS LIMNOS,GEORGIAN BAY,16,451441,-805229,17,79.00,2024-09-09 11:48:00,2046,21.50,.00,0.01000000,,0,6.560000,MG-F,MAGNESIUM,MG/L,45.24472,-80.87472
202405001,2025-03-04 13:55:00,CCGS LIMNOS,GEORGIAN BAY,16,451441,-805229,17,79.00,2024-09-09 11:48:00,2046,32.00,.00,0.01000000,,0,6.610000,MG-F,MAGNESIUM,MG/L,45.24472,-80.87472
202405001,2025-03-04 13:55:00,CCGS LIMNOS,GEORGIAN BAY,16,451441,-805229,17,79.00,2024-09-09 11:48:00,2046,42.00,.00,0.01000000,,0,6.810000,MG-F,MAGNESIUM,MG/L,45.24472,-80.87472
202405001,2025-03-04 13:55:00,CCGS LIMNOS,GEORGIAN BAY,16,451441,-805229,17,79.00,2024-09-09 11:48:00,2046,69.00,.00,0.01000000,,0,6.820000,MG-F,MAGNESIUM,MG/L,45.24472,-80.87472
202405001,2025-03-04 13:55:00,CCGS LIMNOS,GEORGIAN BAY,16,451441,-805229,17,79.00,2024-09-09 11:48:00,2046,77.00,.00,0.01000000,,0,6.820000,MG-F,MAGNESIUM,MG/L,45.24472,-80.87472
202405001,2025-03-04 13:55:00,CCGS LIMNOS,GEORGIAN BAY,17,445515,-803620,11,62.00,2024-09-09 15:13:00,2046,1.00,.00,0.01000000,,0,6.680000,MG-F,MAGNESIUM,MG/L,44.92083,-80.60556
202405001,2025-03-04 13:55:00,CCGS LIMNOS,GEORGIAN BAY,18,444330,-803658,3,30.50,2024-09-09 16:59:00,2046,1.00,.00,0.01000000,,0,6.760000,MG-F,MAGNESIUM,MG/L,44.72500,-80.61611
202405001,2025-03-04 13:55:00,CCGS LIMNOS,GEORGIAN BAY,19,444412,-802604,6,86.50,2024-09-09 18:09:00,2046,1.00,.00,0.01000000,,0,6.750000,MG-F,MAGNESIUM,MG/L,44.73667,-80.43444
202405001,2025-03-04 13:55:00,CCGS LIMNOS,GEORGIAN BAY,20,443844,-800959,4,58.00,2024-09-09 20:02:00,2046,1.00,.00,0.01000000,,0,6.760000,MG-F,MAGNESIUM,MG/L,44.64556,-80.16639
202405001,2025-03-04 13:55:00,CCGS LIMNOS,GEORGIAN BAY,20,443844,-800959,4,58.00,2024-09-09 20:02:00,2046,34.00,.00,0.01000000,,0,6.820000,MG-F,MAGNESIUM,MG/L,44.64556,-80.16639
202405001,2025-03-04 13:55:00,CCGS LIMNOS,GEORGIAN BAY,20,443844,-800959,4,58.00,2024-09-09 20:02:00,2046,41.00,.00,0.01000000,,0,6.840000,MG-F,MAGNESIUM,MG/L,44.64556,-80.16639
202405001,2025-03-04 13:55:00,CCGS LIMNOS,GEORGIAN BAY,20,443844,-800959,4,58.00,2024-09-09 20:02:00,2046,48.00,.00,0.01000000,,0,6.880000,MG-F,MAGNESIUM,MG/L,44.64556,-80.16639
202405001,2025-03-04 13:55:00,CCGS LIMNOS,GEORGIAN BAY,20,443844,-800959,4,58.00,2024-09-09 20:02:00,2046,56.00,.00,0.01000000,,0,6.870000,MG-F,MAGNESIUM,MG/L,44.64556,-80.16639
202405001,2025-03-04 13:55:00,CCGS LIMNOS,GEORGIAN BAY,20,443844,-800959,4,58.00,2024-09-09 20:02:00,2046,998.00,.00,0.01000000,<,0,.010000,MG-F,MAGNESIUM,MG/L,44.64556,-80.16639
202405001,2025-03-04 13:55:00,CCGS LIMNOS,GEORGIAN BAY,20,443844,-800959,4,58.00,2024-09-09 20:02:00,2046,999.00,.00,0.01000000,<,0,.010000,MG-F,MAGNESIUM,MG/L,44.64556,-80.16639
202405001,2025-03-04 13:55:00,CCGS LIMNOS,GEORGIAN BAY,21,444747,-801435,5,58.50,2024-09-09 21:44:00,2046,1.00,.00,0.01000000,,0,6.750000,MG-F,MAGNESIUM,MG/L,44.79639,-80.24306
202405001,2025-03-04 13:55:00,CCGS LIMNOS,GEORGIAN BAY,22,445709,-800855,8,50.50,2024-09-09 23:31:00,2046,1.00,.00,0.01000000,,0,6.710000,MG-F,MAGNESIUM,MG/L,44.95250,-80.14861
202405001,2025-03-04 13:55:00,CCGS LIMNOS,GEORGIAN BAY,23,445217,-795804,9,28.50,2024-09-10 01:00:00,2046,1.00,.00,0.01000000,,0,6.430000,MG-F,MAGNESIUM,MG/L,44.87139,-79.96778
202405001,2025-03-04 13:55:00,CCGS LIMNOS,GEORGIAN BAY,23,445217,-795804,9,28.50,2024-09-10 01:00:00,2046,10.00,.00,0.01000000,,0,6.390000,MG-F,MAGNESIUM,MG/L,44.87139,-79.96778
202405001,2025-03-04 13:55:00,CCGS LIMNOS,GEORGIAN BAY,23,445217,-795804,9,28.50,2024-09-10 01:00:00,2046,25.00,.00,0.01000000,,0,6.420000,MG-F,MAGNESIUM,MG/L,44.87139,-79.96778
202405001,2025-03-04 13:55:00,CCGS LIMNOS,GEORGIAN BAY,23,445217,-795804,9,28.50,2024-09-10 01:00:00,2046,26.50,.00,0.01000000,,0,6.410000,MG-F,MAGNESIUM,MG/L,44.87139,-79.96778
202405001,2025-03-04 13:55:00,CCGS LIMNOS,GEORGIAN BAY,24,451000,-801747,15,46.00,2024-09-10 04:28:00,2046,1.00,.00,0.01000000,,0,6.600000,MG-F,MAGNESIUM,MG/L,45.16667,-80.29639
202405001,2025-03-04 13:55:00,CCGS LIMNOS,GEORGIAN BAY,25,452113,-802911,16,19.50,2024-09-10 06:28:00,2046,1.00,.00,0.01000000,,0,6.580000,MG-F,MAGNESIUM,MG/L,45.35361,-80.48639
202405001,2025-03-04 13:55:00,CCGS LIMNOS,GEORGIAN BAY,25,452113,-802911,16,19.50,2024-09-10 06:28:00,2046,1.00,.00,0.01000000,,1,6.570000,MG-F,MAGNESIUM,MG/L,45.35361,-80.48639
202405001,2025-03-04 13:55:00,CCGS LIMNOS,GEORGIAN BAY,26,451929,-800700,122,96.50,2024-09-10 08:54:00,2046,1.00,.00,0.01000000,,0,4.390000,MG-F,MAGNESIUM,MG/L,45.32472,-80.11667
202405001,2025-03-04 13:55:00,CCGS LIMNOS,GEORGIAN BAY,1,454230,-813712,36,53.00,2024-09-07 09:24:00,2048,1.00,.00,0.01000000,,0,4.700000,NA-F,SODIUM,MG/L,45.70833,-81.62000
202405001,2025-03-04 13:55:00,CCGS LIMNOS,GEORGIAN BAY,2,455445,-813541,42,28.50,2024-09-07 11:37:00,2048,1.00,.00,0.01000000,,0,4.670000,NA-F,SODIUM,MG/L,45.91250,-81.59472
202405001,2025-03-04 13:55:00,CCGS LIMNOS,GEORGIAN BAY,2,455445,-813541,42,28.50,2024-09-07 11:37:00,2048,6.00,.00,0.01000000,,0,4.660000,NA-F,SODIUM,MG/L,45.91250,-81.59472
202405001,2025-03-04 13:55:00,CCGS LIMNOS,GEORGIAN BAY,2,455445,-813541,42,28.50,2024-09-07 11:37:00,2048,12.00,.00,0.01000000,,0,4.730000,NA-F,SODIUM,MG/L,45.91250,-81.59472
202405001,2025-03-04 13:55:00,CCGS LIMNOS,GEORGIAN BAY,2,455445,-813541,42,28.50,2024-09-07 11:37:00,2048,18.00,.00,0.01000000,,0,4.740000,NA-F,SODIUM,MG/L,45.91250,-81.59472
202405001,2025-03-04 13:55:00,CCGS LIMNOS,GEORGIAN BAY,2,455445,-813541,42,28.50,2024-09-07 11:37:00,2048,26.50,.00,0.01000000,,0,4.700000,NA-F,SODIUM,MG/L,45.91250,-81.59472
202405001,2025-03-04 13:55:00,CCGS LIMNOS,GEORGIAN BAY,3,454544,-814740,46,18.50,2024-09-07 13:56:00,2048,1.00,.00,0.01000000,,0,4.590000,NA-F,SODIUM,MG/L,45.76222,-81.79444
202405001,2025-03-04 13:55:00,CCGS LIMNOS,GEORGIAN BAY,4,455223,-811529,39,26.00,2024-09-07 17:48:00,2048,1.00,.00,0.01000000,,0,4.740000,NA-F,SODIUM,MG/L,45.87306,-81.25806
202405001,2025-03-04 13:55:00,CCGS LIMNOS,GEORGIAN BAY,5,455159,-805957,27,18.50,2024-09-07 19:21:00,2048,1.00,.00,0.01000000,,0,4.760000,NA-F,SODIUM,MG/L,45.86639,-80.99917
202405001,2025-03-04 13:55:00,CCGS LIMNOS,GEORGIAN BAY,5,455159,-805957,27,18.50,2024-09-07 19:21:00,2048,1.00,.00,0.01000000,,1,4.720000,NA-F,SODIUM,MG/L,45.86639,-80.99917
202405001,2025-03-04 13:55:00,CCGS LIMNOS,GEORGIAN BAY,5,455159,-805957,27,18.50,2024-09-07 19:21:00,2048,5.50,.00,0.01000000,,0,4.740000,NA-F,SODIUM,MG/L,45.86639,-80.99917
202405001,2025-03-04 13:55:00,CCGS LIMNOS,GEORGIAN BAY,5,455159,-805957,27,18.50,2024-09-07 19:21:00,2048,9.00,.00,0.01000000,,0,4.730000,NA-F,SODIUM,MG/L,45.86639,-80.99917
202405001,2025-03-04 13:55:00,CCGS LIMNOS,GEORGIAN BAY,5,455159,-805957,27,18.50,2024-09-07 19:21:00,2048,13.50,.00,0.01000000,,0,4.790000,NA-F,SODIUM,MG/L,45.86639,-80.99917
202405001,2025-03-04 13:55:00,CCGS LIMNOS,GEORGIAN BAY,5,455159,-805957,27,18.50,2024-09-07 19:21:00,2048,16.50,.00,0.01000000,,0,4.790000,NA-F,SODIUM,MG/L,45.86639,-80.99917
202405001,2025-03-04 13:55:00,CCGS LIMNOS,GEORGIAN BAY,6,454959,-805358,26,22.50,2024-09-07 20:23:00,2048,1.00,.00,0.01000000,,0,4.760000,NA-F,SODIUM,MG/L,45.83306,-80.89944
202405001,2025-03-04 13:55:00,CCGS LIMNOS,GEORGIAN BAY,7,454043,-805018,24,40.00,2024-09-07 21:56:00,2048,1.00,.00,0.01000000,,0,4.920000,NA-F,SODIUM,MG/L,45.67861,-80.83833
202405001,2025-03-04 13:55:00,CCGS LIMNOS,GEORGIAN BAY,8,453459,-810459,29,43.00,2024-09-07 23:44:00,2048,1.00,.00,0.01000000,,0,4.680000,NA-F,SODIUM,MG/L,45.58306,-81.08306
202405001,2025-03-04 13:55:00,CCGS LIMNOS,GEORGIAN BAY,8,453459,-810459,29,43.00,2024-09-07 23:44:00,2048,15.50,.00,0.01000000,,0,4.700000,NA-F,SODIUM,MG/L,45.58306,-81.08306
202405001,2025-03-04 13:55:00,CCGS LIMNOS,GEORGIAN BAY,8,453459,-810459,29,43.00,2024-09-07 23:44:00,2048,20.50,.00,0.01000000,,0,4.810000,NA-F,SODIUM,MG/L,45.58306,-81.08306
202405001,2025-03-04 13:55:00,CCGS LIMNOS,GEORGIAN BAY,8,453459,-810459,29,43.00,2024-09-07 23:44:00,2048,26.00,.00,0.01000000,,0,4.820000,NA-F,SODIUM,MG/L,45.58306,-81.08306
202405001,2025-03-04 13:55:00,CCGS LIMNOS,GEORGIAN BAY,8,453459,-810459,29,43.00,2024-09-07 23:44:00,2048,33.00,.00,0.01000000,,0,4.850000,NA-F,SODIUM,MG/L,45.58306,-81.08306
202405001,2025-03-04 13:55:00,CCGS LIMNOS,GEORGIAN BAY,8,453459,-810459,29,43.00,2024-09-07 23:44:00,2048,40.00,.00,0.01000000,,0,4.820000,NA-F,SODIUM,MG/L,45.58306,-81.08306
202405001,2025-03-04 13:55:00,CCGS LIMNOS,GEORGIAN BAY,9,450359,-811513,19,54.00,2024-09-08 04:07:00,2048,1.00,.00,0.01000000,,0,4.810000,NA-F,SODIUM,MG/L,45.06639,-81.25361
202405001,2025-03-04 13:55:00,CCGS LIMNOS,GEORGIAN BAY,10,444302,-805123,1,90.00,2024-09-08 21:11:00,2048,1.00,.00,0.01000000,,0,4.930000,NA-F,SODIUM,MG/L,44.71722,-80.85639
202405001,2025-03-04 13:55:00,CCGS LIMNOS,GEORGIAN BAY,10,444302,-805123,1,90.00,2024-09-08 21:11:00,2048,36.00,.00,0.01000000,,0,4.840000,NA-F,SODIUM,MG/L,44.71722,-80.85639
202405001,2025-03-04 13:55:00,CCGS LIMNOS,GEORGIAN BAY,10,444302,-805123,1,90.00,2024-09-08 21:11:00,2048,55.50,.00,0.01000000,,0,4.790000,NA-F,SODIUM,MG/L,44.71722,-80.85639
202405001,2025-03-04 13:55:00,CCGS LIMNOS,GEORGIAN BAY,10,444302,-805123,1,90.00,2024-09-08 21:11:00,2048,75.00,.00,0.01000000,,0,4.780000,NA-F,SODIUM,MG/L,44.71722,-80.85639
202405001,2025-03-04 13:55:00,CCGS LIMNOS,GEORGIAN BAY,10,444302,-805123,1,90.00,2024-09-08 21:11:00,2048,80.00,.00,0.01000000,,0,4.820000,NA-F,SODIUM,MG/L,44.71722,-80.85639
202405001,2025-03-04 13:55:00,CCGS LIMNOS,GEORGIAN BAY,10,444302,-805123,1,90.00,2024-09-08 21:11:00,2048,88.00,.00,0.01000000,,0,4.960000,NA-F,SODIUM,MG/L,44.71722,-80.85639
202405001,2025-03-04 13:55:00,CCGS LIMNOS,GEORGIAN BAY,10,444302,-805123,1,90.00,2024-09-08 21:11:00,2048,998.00,.00,0.01000000,<,0,.010000,NA-F,SODIUM,MG/L,44.71722,-80.85639
202405001,2025-03-04 13:55:00,CCGS LIMNOS,GEORGIAN BAY,10,444302,-805123,1,90.00,2024-09-08 21:11:00,2048,999.00,.00,0.01000000,<,0,.010000,NA-F,SODIUM,MG/L,44.71722,-80.85639
202405001,2025-03-04 13:55:00,CCGS LIMNOS,GEORGIAN BAY,11,445512,-805229,12,89.00,2024-09-08 23:08:00,2048,1.00,.00,0.01000000,,0,5.010000,NA-F,SODIUM,MG/L,44.92000,-80.87472
202405001,2025-03-04 13:55:00,CCGS LIMNOS,GEORGIAN BAY,12,451418,-812623,31,63.50,2024-09-09 03:57:00,2048,1.00,.00,0.01000000,,0,4.890000,NA-F,SODIUM,MG/L,45.23833,-81.43972
202405001,2025-03-04 13:55:00,CCGS LIMNOS,GEORGIAN BAY,13,451618,-813817,1614,30.50,2024-09-09 05:22:00,2048,1.00,.00,0.01000000,,0,4.880000,NA-F,SODIUM,MG/L,45.27167,-81.63806
202405001,2025-03-04 13:55:00,CCGS LIMNOS,GEORGIAN BAY,13,451618,-813817,1614,30.50,2024-09-09 05:22:00,2048,7.00,.00,0.01000000,,0,4.850000,NA-F,SODIUM,MG/L,45.27167,-81.63806
202405001,2025-03-04 13:55:00,CCGS LIMNOS,GEORGIAN BAY,13,451618,-813817,1614,30.50,2024-09-09 05:22:00,2048,16.50,.00,0.01000000,,0,4.890000,NA-F,SODIUM,MG/L,45.27167,-81.63806
202405001,2025-03-04 13:55:00,CCGS LIMNOS,GEORGIAN BAY,13,451618,-813817,1614,30.50,2024-09-09 05:22:00,2048,20.50,.00,0.01000000,,0,4.910000,NA-F,SODIUM,MG/L,45.27167,-81.63806
202405001,2025-03-04 13:55:00,CCGS LIMNOS,GEORGIAN BAY,13,451618,-813817,1614,30.50,2024-09-09 05:22:00,2048,26.00,.00,0.01000000,,0,4.890000,NA-F,SODIUM,MG/L,45.27167,-81.63806
202405001,2025-03-04 13:55:00,CCGS LIMNOS,GEORGIAN BAY,13,451618,-813817,1614,30.50,2024-09-09 05:22:00,2048,28.50,.00,0.01000000,,0,4.930000,NA-F,SODIUM,MG/L,45.27167,-81.63806
202405001,2025-03-04 13:55:00,CCGS LIMNOS,GEORGIAN BAY,14,452213,-813505,33,55.00,2024-09-09 06:59:00,2048,1.00,.00,0.01000000,,0,4.840000,NA-F,SODIUM,MG/L,45.37028,-81.58472
202405001,2025-03-04 13:55:00,CCGS LIMNOS,GEORGIAN BAY,14,452213,-813505,33,55.00,2024-09-09 06:59:00,2048,17.00,.00,0.01000000,,0,4.840000,NA-F,SODIUM,MG/L,45.37028,-81.58472
202405001,2025-03-04 13:55:00,CCGS LIMNOS,GEORGIAN BAY,14,452213,-813505,33,55.00,2024-09-09 06:59:00,2048,26.00,.00,0.01000000,,0,4.900000,NA-F,SODIUM,MG/L,45.37028,-81.58472
202405001,2025-03-04 13:55:00,CCGS LIMNOS,GEORGIAN BAY,14,452213,-813505,33,55.00,2024-09-09 06:59:00,2048,35.00,.00,0.01000000,,0,4.900000,NA-F,SODIUM,MG/L,45.37028,-81.58472
202405001,2025-03-04 13:55:00,CCGS LIMNOS,GEORGIAN BAY,14,452213,-813505,33,55.00,2024-09-09 06:59:00,2048,45.00,.00,0.01000000,,0,4.910000,NA-F,SODIUM,MG/L,45.37028,-81.58472
202405001,2025-03-04 13:55:00,CCGS LIMNOS,GEORGIAN BAY,14,452213,-813505,33,55.00,2024-09-09 06:59:00,2048,53.00,.00,0.01000000,,0,4.910000,NA-F,SODIUM,MG/L,45.37028,-81.58472
202405001,2025-03-04 13:55:00,CCGS LIMNOS,GEORGIAN BAY,15,452154,-811124,21,87.50,2024-09-09 09:38:00,2048,1.00,.00,0.01000000,,0,4.880000,NA-F,SODIUM,MG/L,45.36500,-81.19000
202405001,2025-03-04 13:55:00,CCGS LIMNOS,GEORGIAN BAY,15,452154,-811124,21,87.50,2024-09-09 09:38:00,2048,1.00,.00,0.01000000,,1,4.880000,NA-F,SODIUM,MG/L,45.36500,-81.19000
202405001,2025-03-04 13:55:00,CCGS LIMNOS,GEORGIAN BAY,16,451441,-805229,17,79.00,2024-09-09 11:48:00,2048,1.00,.00,0.01000000,,0,4.980000,NA-F,SODIUM,MG/L,45.24472,-80.87472
202405001,2025-03-04 13:55:00,CCGS LIMNOS,GEORGIAN BAY,16,451441,-805229,17,79.00,2024-09-09 11:48:00,2048,21.50,.00,0.01000000,,0,5.040000,NA-F,SODIUM,MG/L,45.24472,-80.87472
202405001,2025-03-04 13:55:00,CCGS LIMNOS,GEORGIAN BAY,16,451441,-805229,17,79.00,2024-09-09 11:48:00,2048,32.00,.00,0.01000000,,0,5.040000,NA-F,SODIUM,MG/L,45.24472,-80.87472
202405001,2025-03-04 13:55:00,CCGS LIMNOS,GEORGIAN BAY,16,451441,-805229,17,79.00,2024-09-09 11:48:00,2048,42.00,.00,0.01000000,,0,4.950000,NA-F,SODIUM,MG/L,45.24472,-80.87472
202405001,2025-03-04 13:55:00,CCGS LIMNOS,GEORGIAN BAY,16,451441,-805229,17,79.00,2024-09-09 11:48:00,2048,69.00,.00,0.01000000,,0,4.930000,NA-F,SODIUM,MG/L,45.24472,-80.87472
202405001,2025-03-04 13:55:00,CCGS LIMNOS,GEORGIAN BAY,16,451441,-805229,17,79.00,2024-09-09 11:48:00,2048,77.00,.00,0.01000000,,0,4.930000,NA-F,SODIUM,MG/L,45.24472,-80.87472
202405001,2025-03-04 13:55:00,CCGS LIMNOS,GEORGIAN BAY,17,445515,-803620,11,62.00,2024-09-09 15:13:00,2048,1.00,.00,0.01000000,,0,5.040000,NA-F,SODIUM,MG/L,44.92083,-80.60556
202405001,2025-03-04 13:55:00,CCGS LIMNOS,GEORGIAN BAY,18,444330,-803658,3,30.50,2024-09-09 16:59:00,2048,1.00,.00,0.01000000,,0,4.940000,NA-F,SODIUM,MG/L,44.72500,-80.61611
202405001,2025-03-04 13:55:00,CCGS LIMNOS,GEORGIAN BAY,19,444412,-802604,6,86.50,2024-09-09 18:09:00,2048,1.00,.00,0.01000000,,0,5.070000,NA-F,SODIUM,MG/L,44.73667,-80.43444
202405001,2025-03-04 13:55:00,CCGS LIMNOS,GEORGIAN BAY,20,443844,-800959,4,58.00,2024-09-09 20:02:00,2048,1.00,.00,0.01000000,,0,5.110000,NA-F,SODIUM,MG/L,44.64556,-80.16639
202405001,2025-03-04 13:55:00,CCGS LIMNOS,GEORGIAN BAY,20,443844,-800959,4,58.00,2024-09-09 20:02:00,2048,34.00,.00,0.01000000,,0,5.000000,NA-F,SODIUM,MG/L,44.64556,-80.16639
202405001,2025-03-04 13:55:00,CCGS LIMNOS,GEORGIAN BAY,20,443844,-800959,4,58.00,2024-09-09 20:02:00,2048,41.00,.00,0.01000000,,0,4.970000,NA-F,SODIUM,MG/L,44.64556,-80.16639
202405001,2025-03-04 13:55:00,CCGS LIMNOS,GEORGIAN BAY,20,443844,-800959,4,58.00,2024-09-09 20:02:00,2048,48.00,.00,0.01000000,,0,4.990000,NA-F,SODIUM,MG/L,44.64556,-80.16639
202405001,2025-03-04 13:55:00,CCGS LIMNOS,GEORGIAN BAY,20,443844,-800959,4,58.00,2024-09-09 20:02:00,2048,56.00,.00,0.01000000,,0,5.020000,NA-F,SODIUM,MG/L,44.64556,-80.16639
202405001,2025-03-04 13:55:00,CCGS LIMNOS,GEORGIAN BAY,20,443844,-800959,4,58.00,2024-09-09 20:02:00,2048,998.00,.00,0.01000000,<,0,.010000,NA-F,SODIUM,MG/L,44.64556,-80.16639
202405001,2025-03-04 13:55:00,CCGS LIMNOS,GEORGIAN BAY,20,443844,-800959,4,58.00,2024-09-09 20:02:00,2048,999.00,.00,0.01000000,<,0,.010000,NA-F,SODIUM,MG/L,44.64556,-80.16639
202405001,2025-03-04 13:55:00,CCGS LIMNOS,GEORGIAN BAY,21,444747,-801435,5,58.50,2024-09-09 21:44:00,2048,1.00,.00,0.01000000,,0,5.130000,NA-F,SODIUM,MG/L,44.79639,-80.24306
202405001,2025-03-04 13:55:00,CCGS LIMNOS,GEORGIAN BAY,22,445709,-800855,8,50.50,2024-09-09 23:31:00,2048,1.00,.00,0.01000000,,0,5.130000,NA-F,SODIUM,MG/L,44.95250,-80.14861
202405001,2025-03-04 13:55:00,CCGS LIMNOS,GEORGIAN BAY,23,445217,-795804,9,28.50,2024-09-10 01:00:00,2048,1.00,.00,0.01000000,,0,6.260000,NA-F,SODIUM,MG/L,44.87139,-79.96778
202405001,2025-03-04 13:55:00,CCGS LIMNOS,GEORGIAN BAY,23,445217,-795804,9,28.50,2024-09-10 01:00:00,2048,10.00,.00,0.01000000,,0,6.260000,NA-F,SODIUM,MG/L,44.87139,-79.96778
202405001,2025-03-04 13:55:00,CCGS LIMNOS,GEORGIAN BAY,23,445217,-795804,9,28.50,2024-09-10 01:00:00,2048,25.00,.00,0.01000000,,0,6.260000,NA-F,SODIUM,MG/L,44.87139,-79.96778
202405001,2025-03-04 13:55:00,CCGS LIMNOS,GEORGIAN BAY,23,445217,-795804,9,28.50,2024-09-10 01:00:00,2048,26.50,.00,0.01000000,,0,6.280000,NA-F,SODIUM,MG/L,44.87139,-79.96778
202405001,2025-03-04 13:55:00,CCGS LIMNOS,GEORGIAN BAY,24,451000,-801747,15,46.00,2024-09-10 04:28:00,2048,1.00,.00,0.01000000,,0,5.110000,NA-F,SODIUM,MG/L,45.16667,-80.29639
202405001,2025-03-04 13:55:00,CCGS LIMNOS,GEORGIAN BAY,25,452113,-802911,16,19.50,2024-09-10 06:28:00,2048,1.00,.00,0.01000000,,0,5.060000,NA-F,SODIUM,MG/L,45.35361,-80.48639
202405001,2025-03-04 13:55:00,CCGS LIMNOS,GEORGIAN BAY,25,452113,-802911,16,19.50,2024-09-10 06:28:00,2048,1.00,.00,0.01000000,,1,5.050000,NA-F,SODIUM,MG/L,45.35361,-80.48639
202405001,2025-03-04 13:55:00,CCGS LIMNOS,GEORGIAN BAY,26,451929,-800700,122,96.50,2024-09-10 08:54:00,2048,1.00,.00,0.01000000,,0,5.730000,NA-F,SODIUM,MG/L,45.32472,-80.11667
202405001,2025-03-04 13:55:00,CCGS LIMNOS,GEORGIAN BAY,1,454230,-813712,36,53.00,2024-09-07 09:24:00,2050,1.00,.00,0.01000000,,0,1.390000,SIO2-F,SILICA,MG/L,45.70833,-81.62000
202405001,2025-03-04 13:55:00,CCGS LIMNOS,GEORGIAN BAY,2,455445,-813541,42,28.50,2024-09-07 11:37:00,2050,1.00,.00,0.01000000,,0,1.390000,SIO2-F,SILICA,MG/L,45.91250,-81.59472
202405001,2025-03-04 13:55:00,CCGS LIMNOS,GEORGIAN BAY,2,455445,-813541,42,28.50,2024-09-07 11:37:00,2050,6.00,.00,0.01000000,,0,1.610000,SIO2-F,SILICA,MG/L,45.91250,-81.59472
202405001,2025-03-04 13:55:00,CCGS LIMNOS,GEORGIAN BAY,2,455445,-813541,42,28.50,2024-09-07 11:37:00,2050,12.00,.00,0.01000000,,0,1.770000,SIO2-F,SILICA,MG/L,45.91250,-81.59472
202405001,2025-03-04 13:55:00,CCGS LIMNOS,GEORGIAN BAY,2,455445,-813541,42,28.50,2024-09-07 11:37:00,2050,18.00,.00,0.01000000,,0,1.890000,SIO2-F,SILICA,MG/L,45.91250,-81.59472
202405001,2025-03-04 13:55:00,CCGS LIMNOS,GEORGIAN BAY,2,455445,-813541,42,28.50,2024-09-07 11:37:00,2050,26.50,.00,0.01000000,,0,1.880000,SIO2-F,SILICA,MG/L,45.91250,-81.59472
202405001,2025-03-04 13:55:00,CCGS LIMNOS,GEORGIAN BAY,3,454544,-814740,46,18.50,2024-09-07 13:56:00,2050,1.00,.00,0.01000000,,0,1.370000,SIO2-F,SILICA,MG/L,45.76222,-81.79444
202405001,2025-03-04 13:55:00,CCGS LIMNOS,GEORGIAN BAY,4,455223,-811529,39,26.00,2024-09-07 17:48:00,2050,1.00,.00,0.01000000,,0,1.430000,SIO2-F,SILICA,MG/L,45.87306,-81.25806
202405001,2025-03-04 13:55:00,CCGS LIMNOS,GEORGIAN BAY,5,455159,-805957,27,18.50,2024-09-07 19:21:00,2050,1.00,.00,0.01000000,,0,1.420000,SIO2-F,SILICA,MG/L,45.86639,-80.99917
202405001,2025-03-04 13:55:00,CCGS LIMNOS,GEORGIAN BAY,5,455159,-805957,27,18.50,2024-09-07 19:21:00,2050,1.00,.00,0.01000000,,1,1.410000,SIO2-F,SILICA,MG/L,45.86639,-80.99917
202405001,2025-03-04 13:55:00,CCGS LIMNOS,GEORGIAN BAY,5,455159,-805957,27,18.50,2024-09-07 19:21:00,2050,5.50,.00,0.01000000,,0,1.440000,SIO2-F,SILICA,MG/L,45.86639,-80.99917
202405001,2025-03-04 13:55:00,CCGS LIMNOS,GEORGIAN BAY,5,455159,-805957,27,18.50,2024-09-07 19:21:00,2050,9.00,.00,0.01000000,,0,1.540000,SIO2-F,SILICA,MG/L,45.86639,-80.99917
202405001,2025-03-04 13:55:00,CCGS LIMNOS,GEORGIAN BAY,5,455159,-805957,27,18.50,2024-09-07 19:21:00,2050,13.50,.00,0.01000000,,0,1.750000,SIO2-F,SILICA,MG/L,45.86639,-80.99917
202405001,2025-03-04 13:55:00,CCGS LIMNOS,GEORGIAN BAY,5,455159,-805957,27,18.50,2024-09-07 19:21:00,2050,16.50,.00,0.01000000,,0,1.750000,SIO2-F,SILICA,MG/L,45.86639,-80.99917
202405001,2025-03-04 13:55:00,CCGS LIMNOS,GEORGIAN BAY,6,454959,-805358,26,22.50,2024-09-07 20:23:00,2050,1.00,.00,0.01000000,,0,1.420000,SIO2-F,SILICA,MG/L,45.83306,-80.89944
202405001,2025-03-04 13:55:00,CCGS LIMNOS,GEORGIAN BAY,7,454043,-805018,24,40.00,2024-09-07 21:56:00,2050,1.00,.00,0.01000000,,0,1.410000,SIO2-F,SILICA,MG/L,45.67861,-80.83833
202405001,2025-03-04 13:55:00,CCGS LIMNOS,GEORGIAN BAY,8,453459,-810459,29,43.00,2024-09-07 23:44:00,2050,1.00,.00,0.01000000,,0,1.340000,SIO2-F,SILICA,MG/L,45.58306,-81.08306
202405001,2025-03-04 13:55:00,CCGS LIMNOS,GEORGIAN BAY,8,453459,-810459,29,43.00,2024-09-07 23:44:00,2050,15.50,.00,0.01000000,,0,1.420000,SIO2-F,SILICA,MG/L,45.58306,-81.08306
202405001,2025-03-04 13:55:00,CCGS LIMNOS,GEORGIAN BAY,8,453459,-810459,29,43.00,2024-09-07 23:44:00,2050,20.50,.00,0.01000000,,0,1.760000,SIO2-F,SILICA,MG/L,45.58306,-81.08306
202405001,2025-03-04 13:55:00,CCGS LIMNOS,GEORGIAN BAY,8,453459,-810459,29,43.00,2024-09-07 23:44:00,2050,26.00,.00,0.01000000,,0,1.860000,SIO2-F,SILICA,MG/L,45.58306,-81.08306
202405001,2025-03-04 13:55:00,CCGS LIMNOS,GEORGIAN BAY,8,453459,-810459,29,43.00,2024-09-07 23:44:00,2050,33.00,.00,0.01000000,,0,1.910000,SIO2-F,SILICA,MG/L,45.58306,-81.08306
202405001,2025-03-04 13:55:00,CCGS LIMNOS,GEORGIAN BAY,8,453459,-810459,29,43.00,2024-09-07 23:44:00,2050,40.00,.00,0.01000000,,0,1.930000,SIO2-F,SILICA,MG/L,45.58306,-81.08306
202405001,2025-03-04 13:55:00,CCGS LIMNOS,GEORGIAN BAY,9,450359,-811513,19,54.00,2024-09-08 04:07:00,2050,1.00,.00,0.01000000,,0,1.470000,SIO2-F,SILICA,MG/L,45.06639,-81.25361
202405001,2025-03-04 13:55:00,CCGS LIMNOS,GEORGIAN BAY,10,444302,-805123,1,90.00,2024-09-08 21:11:00,2050,1.00,.00,0.01000000,,0,1.470000,SIO2-F,SILICA,MG/L,44.71722,-80.85639
202405001,2025-03-04 13:55:00,CCGS LIMNOS,GEORGIAN BAY,10,444302,-805123,1,90.00,2024-09-08 21:11:00,2050,36.00,.00,0.01000000,,0,1.610000,SIO2-F,SILICA,MG/L,44.71722,-80.85639
202405001,2025-03-04 13:55:00,CCGS LIMNOS,GEORGIAN BAY,10,444302,-805123,1,90.00,2024-09-08 21:11:00,2050,55.50,.00,0.01000000,,0,1.870000,SIO2-F,SILICA,MG/L,44.71722,-80.85639
202405001,2025-03-04 13:55:00,CCGS LIMNOS,GEORGIAN BAY,10,444302,-805123,1,90.00,2024-09-08 21:11:00,2050,75.00,.00,0.01000000,,0,2.010000,SIO2-F,SILICA,MG/L,44.71722,-80.85639
202405001,2025-03-04 13:55:00,CCGS LIMNOS,GEORGIAN BAY,10,444302,-805123,1,90.00,2024-09-08 21:11:00,2050,80.00,.00,0.01000000,,0,2.020000,SIO2-F,SILICA,MG/L,44.71722,-80.85639
202405001,2025-03-04 13:55:00,CCGS LIMNOS,GEORGIAN BAY,10,444302,-805123,1,90.00,2024-09-08 21:11:00,2050,88.00,.00,0.01000000,,0,2.090000,SIO2-F,SILICA,MG/L,44.71722,-80.85639
202405001,2025-03-04 13:55:00,CCGS LIMNOS,GEORGIAN BAY,10,444302,-805123,1,90.00,2024-09-08 21:11:00,2050,998.00,.00,0.01000000,<,0,.010000,SIO2-F,SILICA,MG/L,44.71722,-80.85639
202405001,2025-03-04 13:55:00,CCGS LIMNOS,GEORGIAN BAY,10,444302,-805123,1,90.00,2024-09-08 21:11:00,2050,999.00,.00,0.01000000,<,0,.010000,SIO2-F,SILICA,MG/L,44.71722,-80.85639
202405001,2025-03-04 13:55:00,CCGS LIMNOS,GEORGIAN BAY,11,445512,-805229,12,89.00,2024-09-08 23:08:00,2050,1.00,.00,0.01000000,,0,1.490000,SIO2-F,SILICA,MG/L,44.92000,-80.87472
202405001,2025-03-04 13:55:00,CCGS LIMNOS,GEORGIAN BAY,12,451418,-812623,31,63.50,2024-09-09 03:57:00,2050,1.00,.00,0.01000000,,0,1.490000,SIO2-F,SILICA,MG/L,45.23833,-81.43972
202405001,2025-03-04 13:55:00,CCGS LIMNOS,GEORGIAN BAY,13,451618,-813817,1614,30.50,2024-09-09 05:22:00,2050,1.00,.00,0.01000000,,0,1.590000,SIO2-F,SILICA,MG/L,45.27167,-81.63806
202405001,2025-03-04 13:55:00,CCGS LIMNOS,GEORGIAN BAY,13,451618,-813817,1614,30.50,2024-09-09 05:22:00,2050,7.00,.00,0.01000000,,0,1.660000,SIO2-F,SILICA,MG/L,45.27167,-81.63806
202405001,2025-03-04 13:55:00,CCGS LIMNOS,GEORGIAN BAY,13,451618,-813817,1614,30.50,2024-09-09 05:22:00,2050,16.50,.00,0.01000000,,0,1.800000,SIO2-F,SILICA,MG/L,45.27167,-81.63806
202405001,2025-03-04 13:55:00,CCGS LIMNOS,GEORGIAN BAY,13,451618,-813817,1614,30.50,2024-09-09 05:22:00,2050,20.50,.00,0.01000000,,0,1.920000,SIO2-F,SILICA,MG/L,45.27167,-81.63806
202405001,2025-03-04 13:55:00,CCGS LIMNOS,GEORGIAN BAY,13,451618,-813817,1614,30.50,2024-09-09 05:22:00,2050,26.00,.00,0.01000000,,0,1.930000,SIO2-F,SILICA,MG/L,45.27167,-81.63806
202405001,2025-03-04 13:55:00,CCGS LIMNOS,GEORGIAN BAY,13,451618,-813817,1614,30.50,2024-09-09 05:22:00,2050,28.50,.00,0.01000000,,0,1.960000,SIO2-F,SILICA,MG/L,45.27167,-81.63806
202405001,2025-03-04 13:55:00,CCGS LIMNOS,GEORGIAN BAY,14,452213,-813505,33,55.00,2024-09-09 06:59:00,2050,1.00,.00,0.01000000,,0,1.430000,SIO2-F,SILICA,MG/L,45.37028,-81.58472
202405001,2025-03-04 13:55:00,CCGS LIMNOS,GEORGIAN BAY,14,452213,-813505,33,55.00,2024-09-09 06:59:00,2050,17.00,.00,0.01000000,,0,1.470000,SIO2-F,SILICA,MG/L,45.37028,-81.58472
202405001,2025-03-04 13:55:00,CCGS LIMNOS,GEORGIAN BAY,14,452213,-813505,33,55.00,2024-09-09 06:59:00,2050,26.00,.00,0.01000000,,0,1.920000,SIO2-F,SILICA,MG/L,45.37028,-81.58472
202405001,2025-03-04 13:55:00,CCGS LIMNOS,GEORGIAN BAY,14,452213,-813505,33,55.00,2024-09-09 06:59:00,2050,35.00,.00,0.01000000,,0,1.930000,SIO2-F,SILICA,MG/L,45.37028,-81.58472
202405001,2025-03-04 13:55:00,CCGS LIMNOS,GEORGIAN BAY,14,452213,-813505,33,55.00,2024-09-09 06:59:00,2050,45.00,.00,0.01000000,,0,1.930000,SIO2-F,SILICA,MG/L,45.37028,-81.58472
202405001,2025-03-04 13:55:00,CCGS LIMNOS,GEORGIAN BAY,14,452213,-813505,33,55.00,2024-09-09 06:59:00,2050,53.00,.00,0.01000000,,0,1.950000,SIO2-F,SILICA,MG/L,45.37028,-81.58472
202405001,2025-03-04 13:55:00,CCGS LIMNOS,GEORGIAN BAY,15,452154,-811124,21,87.50,2024-09-09 09:38:00,2050,1.00,.00,0.01000000,,0,1.470000,SIO2-F,SILICA,MG/L,45.36500,-81.19000
202405001,2025-03-04 13:55:00,CCGS LIMNOS,GEORGIAN BAY,15,452154,-811124,21,87.50,2024-09-09 09:38:00,2050,1.00,.00,0.01000000,,1,1.470000,SIO2-F,SILICA,MG/L,45.36500,-81.19000
202405001,2025-03-04 13:55:00,CCGS LIMNOS,GEORGIAN BAY,16,451441,-805229,17,79.00,2024-09-09 11:48:00,2050,1.00,.00,0.01000000,,0,1.420000,SIO2-F,SILICA,MG/L,45.24472,-80.87472
202405001,2025-03-04 13:55:00,CCGS LIMNOS,GEORGIAN BAY,16,451441,-805229,17,79.00,2024-09-09 11:48:00,2050,21.50,.00,0.01000000,,0,1.570000,SIO2-F,SILICA,MG/L,45.24472,-80.87472
202405001,2025-03-04 13:55:00,CCGS LIMNOS,GEORGIAN BAY,16,451441,-805229,17,79.00,2024-09-09 11:48:00,2050,32.00,.00,0.01000000,,0,1.940000,SIO2-F,SILICA,MG/L,45.24472,-80.87472
202405001,2025-03-04 13:55:00,CCGS LIMNOS,GEORGIAN BAY,16,451441,-805229,17,79.00,2024-09-09 11:48:00,2050,42.00,.00,0.01000000,,0,1.950000,SIO2-F,SILICA,MG/L,45.24472,-80.87472
202405001,2025-03-04 13:55:00,CCGS LIMNOS,GEORGIAN BAY,16,451441,-805229,17,79.00,2024-09-09 11:48:00,2050,69.00,.00,0.01000000,,0,1.970000,SIO2-F,SILICA,MG/L,45.24472,-80.87472
202405001,2025-03-04 13:55:00,CCGS LIMNOS,GEORGIAN BAY,16,451441,-805229,17,79.00,2024-09-09 11:48:00,2050,77.00,.00,0.01000000,,0,1.970000,SIO2-F,SILICA,MG/L,45.24472,-80.87472
202405001,2025-03-04 13:55:00,CCGS LIMNOS,GEORGIAN BAY,17,445515,-803620,11,62.00,2024-09-09 15:13:00,2050,1.00,.00,0.01000000,,0,1.450000,SIO2-F,SILICA,MG/L,44.92083,-80.60556
202405001,2025-03-04 13:55:00,CCGS LIMNOS,GEORGIAN BAY,18,444330,-803658,3,30.50,2024-09-09 16:59:00,2050,1.00,.00,0.01000000,,0,1.480000,SIO2-F,SILICA,MG/L,44.72500,-80.61611
202405001,2025-03-04 13:55:00,CCGS LIMNOS,GEORGIAN BAY,19,444412,-802604,6,86.50,2024-09-09 18:09:00,2050,1.00,.00,0.01000000,,0,1.510000,SIO2-F,SILICA,MG/L,44.73667,-80.43444
202405001,2025-03-04 13:55:00,CCGS LIMNOS,GEORGIAN BAY,20,443844,-800959,4,58.00,2024-09-09 20:02:00,2050,1.00,.00,0.01000000,,0,1.510000,SIO2-F,SILICA,MG/L,44.64556,-80.16639
202405001,2025-03-04 13:55:00,CCGS LIMNOS,GEORGIAN BAY,20,443844,-800959,4,58.00,2024-09-09 20:02:00,2050,34.00,.00,0.01000000,,0,1.740000,SIO2-F,SILICA,MG/L,44.64556,-80.16639
202405001,2025-03-04 13:55:00,CCGS LIMNOS,GEORGIAN BAY,20,443844,-800959,4,58.00,2024-09-09 20:02:00,2050,41.00,.00,0.01000000,,0,1.920000,SIO2-F,SILICA,MG/L,44.64556,-80.16639
202405001,2025-03-04 13:55:00,CCGS LIMNOS,GEORGIAN BAY,20,443844,-800959,4,58.00,2024-09-09 20:02:00,2050,48.00,.00,0.01000000,,0,2.160000,SIO2-F,SILICA,MG/L,44.64556,-80.16639
202405001,2025-03-04 13:55:00,CCGS LIMNOS,GEORGIAN BAY,20,443844,-800959,4,58.00,2024-09-09 20:02:00,2050,56.00,.00,0.01000000,,0,2.150000,SIO2-F,SILICA,MG/L,44.64556,-80.16639
202405001,2025-03-04 13:55:00,CCGS LIMNOS,GEORGIAN BAY,20,443844,-800959,4,58.00,2024-09-09 20:02:00,2050,998.00,.00,0.01000000,,0,.010000,SIO2-F,SILICA,MG/L,44.64556,-80.16639
202405001,2025-03-04 13:55:00,CCGS LIMNOS,GEORGIAN BAY,20,443844,-800959,4,58.00,2024-09-09 20:02:00,2050,999.00,.00,0.01000000,<,0,.010000,SIO2-F,SILICA,MG/L,44.64556,-80.16639
202405001,2025-03-04 13:55:00,CCGS LIMNOS,GEORGIAN BAY,21,444747,-801435,5,58.50,2024-09-09 21:44:00,2050,1.00,.00,0.01000000,,0,1.510000,SIO2-F,SILICA,MG/L,44.79639,-80.24306
202405001,2025-03-04 13:55:00,CCGS LIMNOS,GEORGIAN BAY,22,445709,-800855,8,50.50,2024-09-09 23:31:00,2050,1.00,.00,0.01000000,,0,1.500000,SIO2-F,SILICA,MG/L,44.95250,-80.14861
202405001,2025-03-04 13:55:00,CCGS LIMNOS,GEORGIAN BAY,23,445217,-795804,9,28.50,2024-09-10 01:00:00,2050,1.00,.00,0.01000000,,0,1.810000,SIO2-F,SILICA,MG/L,44.87139,-79.96778
202405001,2025-03-04 13:55:00,CCGS LIMNOS,GEORGIAN BAY,23,445217,-795804,9,28.50,2024-09-10 01:00:00,2050,10.00,.00,0.01000000,,0,1.800000,SIO2-F,SILICA,MG/L,44.87139,-79.96778
202405001,2025-03-04 13:55:00,CCGS LIMNOS,GEORGIAN BAY,23,445217,-795804,9,28.50,2024-09-10 01:00:00,2050,25.00,.00,0.01000000,,0,1.850000,SIO2-F,SILICA,MG/L,44.87139,-79.96778
202405001,2025-03-04 13:55:00,CCGS LIMNOS,GEORGIAN BAY,23,445217,-795804,9,28.50,2024-09-10 01:00:00,2050,26.50,.00,0.01000000,,0,1.870000,SIO2-F,SILICA,MG/L,44.87139,-79.96778
202405001,2025-03-04 13:55:00,CCGS LIMNOS,GEORGIAN BAY,24,451000,-801747,15,46.00,2024-09-10 04:28:00,2050,1.00,.00,0.01000000,,0,1.620000,SIO2-F,SILICA,MG/L,45.16667,-80.29639
202405001,2025-03-04 13:55:00,CCGS LIMNOS,GEORGIAN BAY,25,452113,-802911,16,19.50,2024-09-10 06:28:00,2050,1.00,.00,0.01000000,,0,1.520000,SIO2-F,SILICA,MG/L,45.35361,-80.48639
202405001,2025-03-04 13:55:00,CCGS LIMNOS,GEORGIAN BAY,25,452113,-802911,16,19.50,2024-09-10 06:28:00,2050,1.00,.00,0.01000000,,1,1.510000,SIO2-F,SILICA,MG/L,45.35361,-80.48639
202405001,2025-03-04 13:55:00,CCGS LIMNOS,GEORGIAN BAY,26,451929,-800700,122,96.50,2024-09-10 08:54:00,2050,1.00,.00,0.01000000,,0,.790000,SIO2-F,SILICA,MG/L,45.32472,-80.11667
202405001,2025-03-04 13:55:00,CCGS LIMNOS,GEORGIAN BAY,1,454230,-813712,36,53.00,2024-09-07 09:24:00,3723,1.00,.00,0.10000000,,0,71.300000,ALKCACO3,"Alkalinity, Total CaCO3 dissolved",mg/L,45.70833,-81.62000
202405001,2025-03-04 13:55:00,CCGS LIMNOS,GEORGIAN BAY,2,455445,-813541,42,28.50,2024-09-07 11:37:00,3723,1.00,.00,0.10000000,,0,71.000000,ALKCACO3,"Alkalinity, Total CaCO3 dissolved",mg/L,45.91250,-81.59472
202405001,2025-03-04 13:55:00,CCGS LIMNOS,GEORGIAN BAY,2,455445,-813541,42,28.50,2024-09-07 11:37:00,3723,6.00,.00,0.10000000,,0,71.500000,ALKCACO3,"Alkalinity, Total CaCO3 dissolved",mg/L,45.91250,-81.59472
202405001,2025-03-04 13:55:00,CCGS LIMNOS,GEORGIAN BAY,2,455445,-813541,42,28.50,2024-09-07 11:37:00,3723,12.00,.00,0.10000000,,0,71.800000,ALKCACO3,"Alkalinity, Total CaCO3 dissolved",mg/L,45.91250,-81.59472
202405001,2025-03-04 13:55:00,CCGS LIMNOS,GEORGIAN BAY,2,455445,-813541,42,28.50,2024-09-07 11:37:00,3723,18.00,.00,0.10000000,,0,72.400000,ALKCACO3,"Alkalinity, Total CaCO3 dissolved",mg/L,45.91250,-81.59472
202405001,2025-03-04 13:55:00,CCGS LIMNOS,GEORGIAN BAY,2,455445,-813541,42,28.50,2024-09-07 11:37:00,3723,26.50,.00,0.10000000,,0,72.200000,ALKCACO3,"Alkalinity, Total CaCO3 dissolved",mg/L,45.91250,-81.59472
202405001,2025-03-04 13:55:00,CCGS LIMNOS,GEORGIAN BAY,3,454544,-814740,46,18.50,2024-09-07 13:56:00,3723,1.00,.00,0.10000000,,0,70.800000,ALKCACO3,"Alkalinity, Total CaCO3 dissolved",mg/L,45.76222,-81.79444
202405001,2025-03-04 13:55:00,CCGS LIMNOS,GEORGIAN BAY,4,455223,-811529,39,26.00,2024-09-07 17:48:00,3723,1.00,.00,0.10000000,,0,72.400000,ALKCACO3,"Alkalinity, Total CaCO3 dissolved",mg/L,45.87306,-81.25806
202405001,2025-03-04 13:55:00,CCGS LIMNOS,GEORGIAN BAY,5,455159,-805957,27,18.50,2024-09-07 19:21:00,3723,1.00,.00,0.10000000,,0,69.500000,ALKCACO3,"Alkalinity, Total CaCO3 dissolved",mg/L,45.86639,-80.99917
202405001,2025-03-04 13:55:00,CCGS LIMNOS,GEORGIAN BAY,5,455159,-805957,27,18.50,2024-09-07 19:21:00,3723,1.00,.00,0.10000000,,1,69.300000,ALKCACO3,"Alkalinity, Total CaCO3 dissolved",mg/L,45.86639,-80.99917
202405001,2025-03-04 13:55:00,CCGS LIMNOS,GEORGIAN BAY,5,455159,-805957,27,18.50,2024-09-07 19:21:00,3723,5.50,.00,0.10000000,,0,69.300000,ALKCACO3,"Alkalinity, Total CaCO3 dissolved",mg/L,45.86639,-80.99917
202405001,2025-03-04 13:55:00,CCGS LIMNOS,GEORGIAN BAY,5,455159,-805957,27,18.50,2024-09-07 19:21:00,3723,9.00,.00,0.10000000,,0,70.000000,ALKCACO3,"Alkalinity, Total CaCO3 dissolved",mg/L,45.86639,-80.99917
202405001,2025-03-04 13:55:00,CCGS LIMNOS,GEORGIAN BAY,5,455159,-805957,27,18.50,2024-09-07 19:21:00,3723,13.50,.00,0.10000000,,0,71.300000,ALKCACO3,"Alkalinity, Total CaCO3 dissolved",mg/L,45.86639,-80.99917
202405001,2025-03-04 13:55:00,CCGS LIMNOS,GEORGIAN BAY,5,455159,-805957,27,18.50,2024-09-07 19:21:00,3723,16.50,.00,0.10000000,,0,71.500000,ALKCACO3,"Alkalinity, Total CaCO3 dissolved",mg/L,45.86639,-80.99917
202405001,2025-03-04 13:55:00,CCGS LIMNOS,GEORGIAN BAY,6,454959,-805358,26,22.50,2024-09-07 20:23:00,3723,1.00,.00,0.10000000,,0,70.200000,ALKCACO3,"Alkalinity, Total CaCO3 dissolved",mg/L,45.83306,-80.89944
202405001,2025-03-04 13:55:00,CCGS LIMNOS,GEORGIAN BAY,7,454043,-805018,24,40.00,2024-09-07 21:56:00,3723,1.00,.00,0.10000000,,0,71.200000,ALKCACO3,"Alkalinity, Total CaCO3 dissolved",mg/L,45.67861,-80.83833
202405001,2025-03-04 13:55:00,CCGS LIMNOS,GEORGIAN BAY,8,453459,-810459,29,43.00,2024-09-07 23:44:00,3723,1.00,.00,0.10000000,,0,70.600000,ALKCACO3,"Alkalinity, Total CaCO3 dissolved",mg/L,45.58306,-81.08306
202405001,2025-03-04 13:55:00,CCGS LIMNOS,GEORGIAN BAY,8,453459,-810459,29,43.00,2024-09-07 23:44:00,3723,15.50,.00,0.10000000,,0,72.200000,ALKCACO3,"Alkalinity, Total CaCO3 dissolved",mg/L,45.58306,-81.08306
202405001,2025-03-04 13:55:00,CCGS LIMNOS,GEORGIAN BAY,8,453459,-810459,29,43.00,2024-09-07 23:44:00,3723,20.50,.00,0.10000000,,0,72.500000,ALKCACO3,"Alkalinity, Total CaCO3 dissolved",mg/L,45.58306,-81.08306
202405001,2025-03-04 13:55:00,CCGS LIMNOS,GEORGIAN BAY,8,453459,-810459,29,43.00,2024-09-07 23:44:00,3723,26.00,.00,0.10000000,,0,72.800000,ALKCACO3,"Alkalinity, Total CaCO3 dissolved",mg/L,45.58306,-81.08306
202405001,2025-03-04 13:55:00,CCGS LIMNOS,GEORGIAN BAY,8,453459,-810459,29,43.00,2024-09-07 23:44:00,3723,33.00,.00,0.10000000,,0,73.400000,ALKCACO3,"Alkalinity, Total CaCO3 dissolved",mg/L,45.58306,-81.08306
202405001,2025-03-04 13:55:00,CCGS LIMNOS,GEORGIAN BAY,8,453459,-810459,29,43.00,2024-09-07 23:44:00,3723,40.00,.00,0.10000000,,0,73.700000,ALKCACO3,"Alkalinity, Total CaCO3 dissolved",mg/L,45.58306,-81.08306
202405001,2025-03-04 13:55:00,CCGS LIMNOS,GEORGIAN BAY,9,450359,-811513,19,54.00,2024-09-08 04:07:00,3723,1.00,.00,0.10000000,,0,73.800000,ALKCACO3,"Alkalinity, Total CaCO3 dissolved",mg/L,45.06639,-81.25361
202405001,2025-03-04 13:55:00,CCGS LIMNOS,GEORGIAN BAY,10,444302,-805123,1,90.00,2024-09-08 21:11:00,3723,1.00,.00,0.10000000,,0,74.600000,ALKCACO3,"Alkalinity, Total CaCO3 dissolved",mg/L,44.71722,-80.85639
202405001,2025-03-04 13:55:00,CCGS LIMNOS,GEORGIAN BAY,10,444302,-805123,1,90.00,2024-09-08 21:11:00,3723,36.00,.00,0.10000000,,0,74.100000,ALKCACO3,"Alkalinity, Total CaCO3 dissolved",mg/L,44.71722,-80.85639
202405001,2025-03-04 13:55:00,CCGS LIMNOS,GEORGIAN BAY,10,444302,-805123,1,90.00,2024-09-08 21:11:00,3723,55.50,.00,0.10000000,,0,74.500000,ALKCACO3,"Alkalinity, Total CaCO3 dissolved",mg/L,44.71722,-80.85639
202405001,2025-03-04 13:55:00,CCGS LIMNOS,GEORGIAN BAY,10,444302,-805123,1,90.00,2024-09-08 21:11:00,3723,75.00,.00,0.10000000,,0,74.500000,ALKCACO3,"Alkalinity, Total CaCO3 dissolved",mg/L,44.71722,-80.85639
202405001,2025-03-04 13:55:00,CCGS LIMNOS,GEORGIAN BAY,10,444302,-805123,1,90.00,2024-09-08 21:11:00,3723,80.00,.00,0.10000000,,0,74.500000,ALKCACO3,"Alkalinity, Total CaCO3 dissolved",mg/L,44.71722,-80.85639
202405001,2025-03-04 13:55:00,CCGS LIMNOS,GEORGIAN BAY,10,444302,-805123,1,90.00,2024-09-08 21:11:00,3723,88.00,.00,0.10000000,,0,74.500000,ALKCACO3,"Alkalinity, Total CaCO3 dissolved",mg/L,44.71722,-80.85639
202405001,2025-03-04 13:55:00,CCGS LIMNOS,GEORGIAN BAY,10,444302,-805123,1,90.00,2024-09-08 21:11:00,3723,998.00,.00,0.10000000,<,0,.100000,ALKCACO3,"Alkalinity, Total CaCO3 dissolved",mg/L,44.71722,-80.85639
202405001,2025-03-04 13:55:00,CCGS LIMNOS,GEORGIAN BAY,10,444302,-805123,1,90.00,2024-09-08 21:11:00,3723,999.00,.00,0.10000000,<,0,.100000,ALKCACO3,"Alkalinity, Total CaCO3 dissolved",mg/L,44.71722,-80.85639
202405001,2025-03-04 13:55:00,CCGS LIMNOS,GEORGIAN BAY,11,445512,-805229,12,89.00,2024-09-08 23:08:00,3723,1.00,.00,0.10000000,,0,73.600000,ALKCACO3,"Alkalinity, Total CaCO3 dissolved",mg/L,44.92000,-80.87472
202405001,2025-03-04 13:55:00,CCGS LIMNOS,GEORGIAN BAY,12,451418,-812623,31,63.50,2024-09-09 03:57:00,3723,1.00,.00,0.10000000,,0,73.800000,ALKCACO3,"Alkalinity, Total CaCO3 dissolved",mg/L,45.23833,-81.43972
202405001,2025-03-04 13:55:00,CCGS LIMNOS,GEORGIAN BAY,13,451618,-813817,1614,30.50,2024-09-09 05:22:00,3723,1.00,.00,0.10000000,,0,75.500000,ALKCACO3,"Alkalinity, Total CaCO3 dissolved",mg/L,45.27167,-81.63806
202405001,2025-03-04 13:55:00,CCGS LIMNOS,GEORGIAN BAY,13,451618,-813817,1614,30.50,2024-09-09 05:22:00,3723,7.00,.00,0.10000000,,0,76.400000,ALKCACO3,"Alkalinity, Total CaCO3 dissolved",mg/L,45.27167,-81.63806
202405001,2025-03-04 13:55:00,CCGS LIMNOS,GEORGIAN BAY,13,451618,-813817,1614,30.50,2024-09-09 05:22:00,3723,16.50,.00,0.10000000,,0,75.300000,ALKCACO3,"Alkalinity, Total CaCO3 dissolved",mg/L,45.27167,-81.63806
202405001,2025-03-04 13:55:00,CCGS LIMNOS,GEORGIAN BAY,13,451618,-813817,1614,30.50,2024-09-09 05:22:00,3723,20.50,.00,0.10000000,,0,74.500000,ALKCACO3,"Alkalinity, Total CaCO3 dissolved",mg/L,45.27167,-81.63806
202405001,2025-03-04 13:55:00,CCGS LIMNOS,GEORGIAN BAY,13,451618,-813817,1614,30.50,2024-09-09 05:22:00,3723,26.00,.00,0.10000000,,0,74.400000,ALKCACO3,"Alkalinity, Total CaCO3 dissolved",mg/L,45.27167,-81.63806
202405001,2025-03-04 13:55:00,CCGS LIMNOS,GEORGIAN BAY,13,451618,-813817,1614,30.50,2024-09-09 05:22:00,3723,28.50,.00,0.10000000,,0,74.200000,ALKCACO3,"Alkalinity, Total CaCO3 dissolved",mg/L,45.27167,-81.63806
202405001,2025-03-04 13:55:00,CCGS LIMNOS,GEORGIAN BAY,14,452213,-813505,33,55.00,2024-09-09 06:59:00,3723,1.00,.00,0.10000000,,0,71.800000,ALKCACO3,"Alkalinity, Total CaCO3 dissolved",mg/L,45.37028,-81.58472
202405001,2025-03-04 13:55:00,CCGS LIMNOS,GEORGIAN BAY,14,452213,-813505,33,55.00,2024-09-09 06:59:00,3723,17.00,.00,0.10000000,,0,71.700000,ALKCACO3,"Alkalinity, Total CaCO3 dissolved",mg/L,45.37028,-81.58472
202405001,2025-03-04 13:55:00,CCGS LIMNOS,GEORGIAN BAY,14,452213,-813505,33,55.00,2024-09-09 06:59:00,3723,26.00,.00,0.10000000,,0,74.100000,ALKCACO3,"Alkalinity, Total CaCO3 dissolved",mg/L,45.37028,-81.58472
202405001,2025-03-04 13:55:00,CCGS LIMNOS,GEORGIAN BAY,14,452213,-813505,33,55.00,2024-09-09 06:59:00,3723,35.00,.00,0.10000000,,0,73.900000,ALKCACO3,"Alkalinity, Total CaCO3 dissolved",mg/L,45.37028,-81.58472
202405001,2025-03-04 13:55:00,CCGS LIMNOS,GEORGIAN BAY,14,452213,-813505,33,55.00,2024-09-09 06:59:00,3723,45.00,.00,0.10000000,,0,73.800000,ALKCACO3,"Alkalinity, Total CaCO3 dissolved",mg/L,45.37028,-81.58472
202405001,2025-03-04 13:55:00,CCGS LIMNOS,GEORGIAN BAY,14,452213,-813505,33,55.00,2024-09-09 06:59:00,3723,53.00,.00,0.10000000,,0,74.300000,ALKCACO3,"Alkalinity, Total CaCO3 dissolved",mg/L,45.37028,-81.58472
202405001,2025-03-04 13:55:00,CCGS LIMNOS,GEORGIAN BAY,15,452154,-811124,21,87.50,2024-09-09 09:38:00,3723,1.00,.00,0.10000000,,0,72.800000,ALKCACO3,"Alkalinity, Total CaCO3 dissolved",mg/L,45.36500,-81.19000
202405001,2025-03-04 13:55:00,CCGS LIMNOS,GEORGIAN BAY,15,452154,-811124,21,87.50,2024-09-09 09:38:00,3723,1.00,.00,0.10000000,,1,72.900000,ALKCACO3,"Alkalinity, Total CaCO3 dissolved",mg/L,45.36500,-81.19000
202405001,2025-03-04 13:55:00,CCGS LIMNOS,GEORGIAN BAY,16,451441,-805229,17,79.00,2024-09-09 11:48:00,3723,1.00,.00,0.10000000,,0,73.100000,ALKCACO3,"Alkalinity, Total CaCO3 dissolved",mg/L,45.24472,-80.87472
202405001,2025-03-04 13:55:00,CCGS LIMNOS,GEORGIAN BAY,16,451441,-805229,17,79.00,2024-09-09 11:48:00,3723,21.50,.00,0.10000000,,0,72.900000,ALKCACO3,"Alkalinity, Total CaCO3 dissolved",mg/L,45.24472,-80.87472
202405001,2025-03-04 13:55:00,CCGS LIMNOS,GEORGIAN BAY,16,451441,-805229,17,79.00,2024-09-09 11:48:00,3723,32.00,.00,0.10000000,,0,73.500000,ALKCACO3,"Alkalinity, Total CaCO3 dissolved",mg/L,45.24472,-80.87472
202405001,2025-03-04 13:55:00,CCGS LIMNOS,GEORGIAN BAY,16,451441,-805229,17,79.00,2024-09-09 11:48:00,3723,42.00,.00,0.10000000,,0,74.100000,ALKCACO3,"Alkalinity, Total CaCO3 dissolved",mg/L,45.24472,-80.87472
202405001,2025-03-04 13:55:00,CCGS LIMNOS,GEORGIAN BAY,16,451441,-805229,17,79.00,2024-09-09 11:48:00,3723,69.00,.00,0.10000000,,0,74.400000,ALKCACO3,"Alkalinity, Total CaCO3 dissolved",mg/L,45.24472,-80.87472
202405001,2025-03-04 13:55:00,CCGS LIMNOS,GEORGIAN BAY,16,451441,-805229,17,79.00,2024-09-09 11:48:00,3723,77.00,.00,0.10000000,,0,74.300000,ALKCACO3,"Alkalinity, Total CaCO3 dissolved",mg/L,45.24472,-80.87472
202405001,2025-03-04 13:55:00,CCGS LIMNOS,GEORGIAN BAY,17,445515,-803620,11,62.00,2024-09-09 15:13:00,3723,1.00,.00,0.10000000,,0,73.000000,ALKCACO3,"Alkalinity, Total CaCO3 dissolved",mg/L,44.92083,-80.60556
202405001,2025-03-04 13:55:00,CCGS LIMNOS,GEORGIAN BAY,18,444330,-803658,3,30.50,2024-09-09 16:59:00,3723,1.00,.00,0.10000000,,0,73.500000,ALKCACO3,"Alkalinity, Total CaCO3 dissolved",mg/L,44.72500,-80.61611
202405001,2025-03-04 13:55:00,CCGS LIMNOS,GEORGIAN BAY,19,444412,-802604,6,86.50,2024-09-09 18:09:00,3723,1.00,.00,0.10000000,,0,74.400000,ALKCACO3,"Alkalinity, Total CaCO3 dissolved",mg/L,44.73667,-80.43444
202405001,2025-03-04 13:55:00,CCGS LIMNOS,GEORGIAN BAY,20,443844,-800959,4,58.00,2024-09-09 20:02:00,3723,1.00,.00,0.10000000,,0,74.100000,ALKCACO3,"Alkalinity, Total CaCO3 dissolved",mg/L,44.64556,-80.16639
202405001,2025-03-04 13:55:00,CCGS LIMNOS,GEORGIAN BAY,20,443844,-800959,4,58.00,2024-09-09 20:02:00,3723,34.00,.00,0.10000000,,0,75.100000,ALKCACO3,"Alkalinity, Total CaCO3 dissolved",mg/L,44.64556,-80.16639
202405001,2025-03-04 13:55:00,CCGS LIMNOS,GEORGIAN BAY,20,443844,-800959,4,58.00,2024-09-09 20:02:00,3723,41.00,.00,0.10000000,,0,75.200000,ALKCACO3,"Alkalinity, Total CaCO3 dissolved",mg/L,44.64556,-80.16639
202405001,2025-03-04 13:55:00,CCGS LIMNOS,GEORGIAN BAY,20,443844,-800959,4,58.00,2024-09-09 20:02:00,3723,48.00,.00,0.10000000,,0,75.600000,ALKCACO3,"Alkalinity, Total CaCO3 dissolved",mg/L,44.64556,-80.16639
202405001,2025-03-04 13:55:00,CCGS LIMNOS,GEORGIAN BAY,20,443844,-800959,4,58.00,2024-09-09 20:02:00,3723,56.00,.00,0.10000000,,0,75.400000,ALKCACO3,"Alkalinity, Total CaCO3 dissolved",mg/L,44.64556,-80.16639
202405001,2025-03-04 13:55:00,CCGS LIMNOS,GEORGIAN BAY,20,443844,-800959,4,58.00,2024-09-09 20:02:00,3723,998.00,.00,0.10000000,<,0,.100000,ALKCACO3,"Alkalinity, Total CaCO3 dissolved",mg/L,44.64556,-80.16639
202405001,2025-03-04 13:55:00,CCGS LIMNOS,GEORGIAN BAY,20,443844,-800959,4,58.00,2024-09-09 20:02:00,3723,999.00,.00,0.10000000,<,0,.100000,ALKCACO3,"Alkalinity, Total CaCO3 dissolved",mg/L,44.64556,-80.16639
202405001,2025-03-04 13:55:00,CCGS LIMNOS,GEORGIAN BAY,21,444747,-801435,5,58.50,2024-09-09 21:44:00,3723,1.00,.00,0.10000000,,0,74.500000,ALKCACO3,"Alkalinity, Total CaCO3 dissolved",mg/L,44.79639,-80.24306
202405001,2025-03-04 13:55:00,CCGS LIMNOS,GEORGIAN BAY,22,445709,-800855,8,50.50,2024-09-09 23:31:00,3723,1.00,.00,0.10000000,,0,74.100000,ALKCACO3,"Alkalinity, Total CaCO3 dissolved",mg/L,44.95250,-80.14861
202405001,2025-03-04 13:55:00,CCGS LIMNOS,GEORGIAN BAY,23,445217,-795804,9,28.50,2024-09-10 01:00:00,3723,1.00,.00,0.10000000,,0,72.500000,ALKCACO3,"Alkalinity, Total CaCO3 dissolved",mg/L,44.87139,-79.96778
202405001,2025-03-04 13:55:00,CCGS LIMNOS,GEORGIAN BAY,23,445217,-795804,9,28.50,2024-09-10 01:00:00,3723,10.00,.00,0.10000000,,0,72.700000,ALKCACO3,"Alkalinity, Total CaCO3 dissolved",mg/L,44.87139,-79.96778
202405001,2025-03-04 13:55:00,CCGS LIMNOS,GEORGIAN BAY,23,445217,-795804,9,28.50,2024-09-10 01:00:00,3723,25.00,.00,0.10000000,,0,72.700000,ALKCACO3,"Alkalinity, Total CaCO3 dissolved",mg/L,44.87139,-79.96778
202405001,2025-03-04 13:55:00,CCGS LIMNOS,GEORGIAN BAY,23,445217,-795804,9,28.50,2024-09-10 01:00:00,3723,26.50,.00,0.10000000,,0,72.700000,ALKCACO3,"Alkalinity, Total CaCO3 dissolved",mg/L,44.87139,-79.96778
202405001,2025-03-04 13:55:00,CCGS LIMNOS,GEORGIAN BAY,24,451000,-801747,15,46.00,2024-09-10 04:28:00,3723,1.00,.00,0.10000000,,0,72.500000,ALKCACO3,"Alkalinity, Total CaCO3 dissolved",mg/L,45.16667,-80.29639
202405001,2025-03-04 13:55:00,CCGS LIMNOS,GEORGIAN BAY,25,452113,-802911,16,19.50,2024-09-10 06:28:00,3723,1.00,.00,0.10000000,,0,72.200000,ALKCACO3,"Alkalinity, Total CaCO3 dissolved",mg/L,45.35361,-80.48639
202405001,2025-03-04 13:55:00,CCGS LIMNOS,GEORGIAN BAY,25,452113,-802911,16,19.50,2024-09-10 06:28:00,3723,1.00,.00,0.10000000,,1,72.000000,ALKCACO3,"Alkalinity, Total CaCO3 dissolved",mg/L,45.35361,-80.48639
202405001,2025-03-04 13:55:00,CCGS LIMNOS,GEORGIAN BAY,26,451929,-800700,122,96.50,2024-09-10 08:54:00,3723,1.00,.00,0.10000000,,0,49.600000,ALKCACO3,"Alkalinity, Total CaCO3 dissolved",mg/L,45.32472,-80.11667
202405001,2025-03-04 13:55:00,CCGS LIMNOS,GEORGIAN BAY,1,454230,-813712,36,53.00,2024-09-07 09:24:00,3724,1.00,.00,-999.00000000,,0,-88.880000,ALKCACO3,"Alkalinity, Gran CaCO3 dissolved",mg/L,45.70833,-81.62000
202405001,2025-03-04 13:55:00,CCGS LIMNOS,GEORGIAN BAY,2,455445,-813541,42,28.50,2024-09-07 11:37:00,3724,1.00,.00,-999.00000000,,0,-88.880000,ALKCACO3,"Alkalinity, Gran CaCO3 dissolved",mg/L,45.91250,-81.59472
202405001,2025-03-04 13:55:00,CCGS LIMNOS,GEORGIAN BAY,2,455445,-813541,42,28.50,2024-09-07 11:37:00,3724,6.00,.00,-999.00000000,,0,-88.880000,ALKCACO3,"Alkalinity, Gran CaCO3 dissolved",mg/L,45.91250,-81.59472
202405001,2025-03-04 13:55:00,CCGS LIMNOS,GEORGIAN BAY,2,455445,-813541,42,28.50,2024-09-07 11:37:00,3724,12.00,.00,-999.00000000,,0,-88.880000,ALKCACO3,"Alkalinity, Gran CaCO3 dissolved",mg/L,45.91250,-81.59472
202405001,2025-03-04 13:55:00,CCGS LIMNOS,GEORGIAN BAY,2,455445,-813541,42,28.50,2024-09-07 11:37:00,3724,18.00,.00,-999.00000000,,0,-88.880000,ALKCACO3,"Alkalinity, Gran CaCO3 dissolved",mg/L,45.91250,-81.59472
202405001,2025-03-04 13:55:00,CCGS LIMNOS,GEORGIAN BAY,2,455445,-813541,42,28.50,2024-09-07 11:37:00,3724,26.50,.00,-999.00000000,,0,-88.880000,ALKCACO3,"Alkalinity, Gran CaCO3 dissolved",mg/L,45.91250,-81.59472
202405001,2025-03-04 13:55:00,CCGS LIMNOS,GEORGIAN BAY,3,454544,-814740,46,18.50,2024-09-07 13:56:00,3724,1.00,.00,-999.00000000,,0,-88.880000,ALKCACO3,"Alkalinity, Gran CaCO3 dissolved",mg/L,45.76222,-81.79444
202405001,2025-03-04 13:55:00,CCGS LIMNOS,GEORGIAN BAY,4,455223,-811529,39,26.00,2024-09-07 17:48:00,3724,1.00,.00,-999.00000000,,0,-88.880000,ALKCACO3,"Alkalinity, Gran CaCO3 dissolved",mg/L,45.87306,-81.25806
202405001,2025-03-04 13:55:00,CCGS LIMNOS,GEORGIAN BAY,5,455159,-805957,27,18.50,2024-09-07 19:21:00,3724,1.00,.00,-999.00000000,,0,-88.880000,ALKCACO3,"Alkalinity, Gran CaCO3 dissolved",mg/L,45.86639,-80.99917
202405001,2025-03-04 13:55:00,CCGS LIMNOS,GEORGIAN BAY,5,455159,-805957,27,18.50,2024-09-07 19:21:00,3724,1.00,.00,-999.00000000,,1,-88.880000,ALKCACO3,"Alkalinity, Gran CaCO3 dissolved",mg/L,45.86639,-80.99917
202405001,2025-03-04 13:55:00,CCGS LIMNOS,GEORGIAN BAY,5,455159,-805957,27,18.50,2024-09-07 19:21:00,3724,5.50,.00,-999.00000000,,0,-88.880000,ALKCACO3,"Alkalinity, Gran CaCO3 dissolved",mg/L,45.86639,-80.99917
202405001,2025-03-04 13:55:00,CCGS LIMNOS,GEORGIAN BAY,5,455159,-805957,27,18.50,2024-09-07 19:21:00,3724,9.00,.00,-999.00000000,,0,-88.880000,ALKCACO3,"Alkalinity, Gran CaCO3 dissolved",mg/L,45.86639,-80.99917
202405001,2025-03-04 13:55:00,CCGS LIMNOS,GEORGIAN BAY,5,455159,-805957,27,18.50,2024-09-07 19:21:00,3724,13.50,.00,-999.00000000,,0,-88.880000,ALKCACO3,"Alkalinity, Gran CaCO3 dissolved",mg/L,45.86639,-80.99917
202405001,2025-03-04 13:55:00,CCGS LIMNOS,GEORGIAN BAY,5,455159,-805957,27,18.50,2024-09-07 19:21:00,3724,16.50,.00,-999.00000000,,0,-88.880000,ALKCACO3,"Alkalinity, Gran CaCO3 dissolved",mg/L,45.86639,-80.99917
202405001,2025-03-04 13:55:00,CCGS LIMNOS,GEORGIAN BAY,6,454959,-805358,26,22.50,2024-09-07 20:23:00,3724,1.00,.00,-999.00000000,,0,-88.880000,ALKCACO3,"Alkalinity, Gran CaCO3 dissolved",mg/L,45.83306,-80.89944
202405001,2025-03-04 13:55:00,CCGS LIMNOS,GEORGIAN BAY,7,454043,-805018,24,40.00,2024-09-07 21:56:00,3724,1.00,.00,-999.00000000,,0,-88.880000,ALKCACO3,"Alkalinity, Gran CaCO3 dissolved",mg/L,45.67861,-80.83833
202405001,2025-03-04 13:55:00,CCGS LIMNOS,GEORGIAN BAY,8,453459,-810459,29,43.00,2024-09-07 23:44:00,3724,1.00,.00,-999.00000000,,0,-88.880000,ALKCACO3,"Alkalinity, Gran CaCO3 dissolved",mg/L,45.58306,-81.08306
202405001,2025-03-04 13:55:00,CCGS LIMNOS,GEORGIAN BAY,8,453459,-810459,29,43.00,2024-09-07 23:44:00,3724,15.50,.00,-999.00000000,,0,-88.880000,ALKCACO3,"Alkalinity, Gran CaCO3 dissolved",mg/L,45.58306,-81.08306
202405001,2025-03-04 13:55:00,CCGS LIMNOS,GEORGIAN BAY,8,453459,-810459,29,43.00,2024-09-07 23:44:00,3724,20.50,.00,-999.00000000,,0,-88.880000,ALKCACO3,"Alkalinity, Gran CaCO3 dissolved",mg/L,45.58306,-81.08306
202405001,2025-03-04 13:55:00,CCGS LIMNOS,GEORGIAN BAY,8,453459,-810459,29,43.00,2024-09-07 23:44:00,3724,26.00,.00,-999.00000000,,0,-88.880000,ALKCACO3,"Alkalinity, Gran CaCO3 dissolved",mg/L,45.58306,-81.08306
202405001,2025-03-04 13:55:00,CCGS LIMNOS,GEORGIAN BAY,8,453459,-810459,29,43.00,2024-09-07 23:44:00,3724,33.00,.00,-999.00000000,,0,-88.880000,ALKCACO3,"Alkalinity, Gran CaCO3 dissolved",mg/L,45.58306,-81.08306
202405001,2025-03-04 13:55:00,CCGS LIMNOS,GEORGIAN BAY,8,453459,-810459,29,43.00,2024-09-07 23:44:00,3724,40.00,.00,-999.00000000,,0,-88.880000,ALKCACO3,"Alkalinity, Gran CaCO3 dissolved",mg/L,45.58306,-81.08306
202405001,2025-03-04 13:55:00,CCGS LIMNOS,GEORGIAN BAY,9,450359,-811513,19,54.00,2024-09-08 04:07:00,3724,1.00,.00,-999.00000000,,0,-88.880000,ALKCACO3,"Alkalinity, Gran CaCO3 dissolved",mg/L,45.06639,-81.25361
202405001,2025-03-04 13:55:00,CCGS LIMNOS,GEORGIAN BAY,10,444302,-805123,1,90.00,2024-09-08 21:11:00,3724,1.00,.00,-999.00000000,,0,-88.880000,ALKCACO3,"Alkalinity, Gran CaCO3 dissolved",mg/L,44.71722,-80.85639
202405001,2025-03-04 13:55:00,CCGS LIMNOS,GEORGIAN BAY,10,444302,-805123,1,90.00,2024-09-08 21:11:00,3724,36.00,.00,-999.00000000,,0,-88.880000,ALKCACO3,"Alkalinity, Gran CaCO3 dissolved",mg/L,44.71722,-80.85639
202405001,2025-03-04 13:55:00,CCGS LIMNOS,GEORGIAN BAY,10,444302,-805123,1,90.00,2024-09-08 21:11:00,3724,55.50,.00,-999.00000000,,0,-88.880000,ALKCACO3,"Alkalinity, Gran CaCO3 dissolved",mg/L,44.71722,-80.85639
202405001,2025-03-04 13:55:00,CCGS LIMNOS,GEORGIAN BAY,10,444302,-805123,1,90.00,2024-09-08 21:11:00,3724,75.00,.00,-999.00000000,,0,-88.880000,ALKCACO3,"Alkalinity, Gran CaCO3 dissolved",mg/L,44.71722,-80.85639
202405001,2025-03-04 13:55:00,CCGS LIMNOS,GEORGIAN BAY,10,444302,-805123,1,90.00,2024-09-08 21:11:00,3724,80.00,.00,-999.00000000,,0,-88.880000,ALKCACO3,"Alkalinity, Gran CaCO3 dissolved",mg/L,44.71722,-80.85639
202405001,2025-03-04 13:55:00,CCGS LIMNOS,GEORGIAN BAY,10,444302,-805123,1,90.00,2024-09-08 21:11:00,3724,88.00,.00,-999.00000000,,0,-88.880000,ALKCACO3,"Alkalinity, Gran CaCO3 dissolved",mg/L,44.71722,-80.85639
202405001,2025-03-04 13:55:00,CCGS LIMNOS,GEORGIAN BAY,10,444302,-805123,1,90.00,2024-09-08 21:11:00,3724,998.00,.00,-999.00000000,,0,.090000,ALKCACO3,"Alkalinity, Gran CaCO3 dissolved",mg/L,44.71722,-80.85639
202405001,2025-03-04 13:55:00,CCGS LIMNOS,GEORGIAN BAY,10,444302,-805123,1,90.00,2024-09-08 21:11:00,3724,999.00,.00,-999.00000000,,0,.060000,ALKCACO3,"Alkalinity, Gran CaCO3 dissolved",mg/L,44.71722,-80.85639
202405001,2025-03-04 13:55:00,CCGS LIMNOS,GEORGIAN BAY,11,445512,-805229,12,89.00,2024-09-08 23:08:00,3724,1.00,.00,-999.00000000,,0,-88.880000,ALKCACO3,"Alkalinity, Gran CaCO3 dissolved",mg/L,44.92000,-80.87472
202405001,2025-03-04 13:55:00,CCGS LIMNOS,GEORGIAN BAY,12,451418,-812623,31,63.50,2024-09-09 03:57:00,3724,1.00,.00,-999.00000000,,0,-88.880000,ALKCACO3,"Alkalinity, Gran CaCO3 dissolved",mg/L,45.23833,-81.43972
202405001,2025-03-04 13:55:00,CCGS LIMNOS,GEORGIAN BAY,13,451618,-813817,1614,30.50,2024-09-09 05:22:00,3724,1.00,.00,-999.00000000,,0,-88.880000,ALKCACO3,"Alkalinity, Gran CaCO3 dissolved",mg/L,45.27167,-81.63806
202405001,2025-03-04 13:55:00,CCGS LIMNOS,GEORGIAN BAY,13,451618,-813817,1614,30.50,2024-09-09 05:22:00,3724,7.00,.00,-999.00000000,,0,-88.880000,ALKCACO3,"Alkalinity, Gran CaCO3 dissolved",mg/L,45.27167,-81.63806
202405001,2025-03-04 13:55:00,CCGS LIMNOS,GEORGIAN BAY,13,451618,-813817,1614,30.50,2024-09-09 05:22:00,3724,16.50,.00,-999.00000000,,0,-88.880000,ALKCACO3,"Alkalinity, Gran CaCO3 dissolved",mg/L,45.27167,-81.63806
202405001,2025-03-04 13:55:00,CCGS LIMNOS,GEORGIAN BAY,13,451618,-813817,1614,30.50,2024-09-09 05:22:00,3724,20.50,.00,-999.00000000,,0,-88.880000,ALKCACO3,"Alkalinity, Gran CaCO3 dissolved",mg/L,45.27167,-81.63806
202405001,2025-03-04 13:55:00,CCGS LIMNOS,GEORGIAN BAY,13,451618,-813817,1614,30.50,2024-09-09 05:22:00,3724,26.00,.00,-999.00000000,,0,-88.880000,ALKCACO3,"Alkalinity, Gran CaCO3 dissolved",mg/L,45.27167,-81.63806
202405001,2025-03-04 13:55:00,CCGS LIMNOS,GEORGIAN BAY,13,451618,-813817,1614,30.50,2024-09-09 05:22:00,3724,28.50,.00,-999.00000000,,0,-88.880000,ALKCACO3,"Alkalinity, Gran CaCO3 dissolved",mg/L,45.27167,-81.63806
202405001,2025-03-04 13:55:00,CCGS LIMNOS,GEORGIAN BAY,14,452213,-813505,33,55.00,2024-09-09 06:59:00,3724,1.00,.00,-999.00000000,,0,-88.880000,ALKCACO3,"Alkalinity, Gran CaCO3 dissolved",mg/L,45.37028,-81.58472
202405001,2025-03-04 13:55:00,CCGS LIMNOS,GEORGIAN BAY,14,452213,-813505,33,55.00,2024-09-09 06:59:00,3724,17.00,.00,-999.00000000,,0,-88.880000,ALKCACO3,"Alkalinity, Gran CaCO3 dissolved",mg/L,45.37028,-81.58472
202405001,2025-03-04 13:55:00,CCGS LIMNOS,GEORGIAN BAY,14,452213,-813505,33,55.00,2024-09-09 06:59:00,3724,26.00,.00,-999.00000000,,0,-88.880000,ALKCACO3,"Alkalinity, Gran CaCO3 dissolved",mg/L,45.37028,-81.58472
202405001,2025-03-04 13:55:00,CCGS LIMNOS,GEORGIAN BAY,14,452213,-813505,33,55.00,2024-09-09 06:59:00,3724,35.00,.00,-999.00000000,,0,-88.880000,ALKCACO3,"Alkalinity, Gran CaCO3 dissolved",mg/L,45.37028,-81.58472
202405001,2025-03-04 13:55:00,CCGS LIMNOS,GEORGIAN BAY,14,452213,-813505,33,55.00,2024-09-09 06:59:00,3724,45.00,.00,-999.00000000,,0,-88.880000,ALKCACO3,"Alkalinity, Gran CaCO3 dissolved",mg/L,45.37028,-81.58472
202405001,2025-03-04 13:55:00,CCGS LIMNOS,GEORGIAN BAY,14,452213,-813505,33,55.00,2024-09-09 06:59:00,3724,53.00,.00,-999.00000000,,0,-88.880000,ALKCACO3,"Alkalinity, Gran CaCO3 dissolved",mg/L,45.37028,-81.58472
202405001,2025-03-04 13:55:00,CCGS LIMNOS,GEORGIAN BAY,15,452154,-811124,21,87.50,2024-09-09 09:38:00,3724,1.00,.00,-999.00000000,,0,-88.880000,ALKCACO3,"Alkalinity, Gran CaCO3 dissolved",mg/L,45.36500,-81.19000
202405001,2025-03-04 13:55:00,CCGS LIMNOS,GEORGIAN BAY,15,452154,-811124,21,87.50,2024-09-09 09:38:00,3724,1.00,.00,-999.00000000,,1,-88.880000,ALKCACO3,"Alkalinity, Gran CaCO3 dissolved",mg/L,45.36500,-81.19000
202405001,2025-03-04 13:55:00,CCGS LIMNOS,GEORGIAN BAY,16,451441,-805229,17,79.00,2024-09-09 11:48:00,3724,1.00,.00,-999.00000000,,0,-88.880000,ALKCACO3,"Alkalinity, Gran CaCO3 dissolved",mg/L,45.24472,-80.87472
202405001,2025-03-04 13:55:00,CCGS LIMNOS,GEORGIAN BAY,16,451441,-805229,17,79.00,2024-09-09 11:48:00,3724,21.50,.00,-999.00000000,,0,-88.880000,ALKCACO3,"Alkalinity, Gran CaCO3 dissolved",mg/L,45.24472,-80.87472
202405001,2025-03-04 13:55:00,CCGS LIMNOS,GEORGIAN BAY,16,451441,-805229,17,79.00,2024-09-09 11:48:00,3724,32.00,.00,-999.00000000,,0,-88.880000,ALKCACO3,"Alkalinity, Gran CaCO3 dissolved",mg/L,45.24472,-80.87472
202405001,2025-03-04 13:55:00,CCGS LIMNOS,GEORGIAN BAY,16,451441,-805229,17,79.00,2024-09-09 11:48:00,3724,42.00,.00,-999.00000000,,0,-88.880000,ALKCACO3,"Alkalinity, Gran CaCO3 dissolved",mg/L,45.24472,-80.87472
202405001,2025-03-04 13:55:00,CCGS LIMNOS,GEORGIAN BAY,16,451441,-805229,17,79.00,2024-09-09 11:48:00,3724,69.00,.00,-999.00000000,,0,-88.880000,ALKCACO3,"Alkalinity, Gran CaCO3 dissolved",mg/L,45.24472,-80.87472
202405001,2025-03-04 13:55:00,CCGS LIMNOS,GEORGIAN BAY,16,451441,-805229,17,79.00,2024-09-09 11:48:00,3724,77.00,.00,-999.00000000,,0,-88.880000,ALKCACO3,"Alkalinity, Gran CaCO3 dissolved",mg/L,45.24472,-80.87472
202405001,2025-03-04 13:55:00,CCGS LIMNOS,GEORGIAN BAY,17,445515,-803620,11,62.00,2024-09-09 15:13:00,3724,1.00,.00,-999.00000000,,0,-88.880000,ALKCACO3,"Alkalinity, Gran CaCO3 dissolved",mg/L,44.92083,-80.60556
202405001,2025-03-04 13:55:00,CCGS LIMNOS,GEORGIAN BAY,18,444330,-803658,3,30.50,2024-09-09 16:59:00,3724,1.00,.00,-999.00000000,,0,-88.880000,ALKCACO3,"Alkalinity, Gran CaCO3 dissolved",mg/L,44.72500,-80.61611
202405001,2025-03-04 13:55:00,CCGS LIMNOS,GEORGIAN BAY,19,444412,-802604,6,86.50,2024-09-09 18:09:00,3724,1.00,.00,-999.00000000,,0,-88.880000,ALKCACO3,"Alkalinity, Gran CaCO3 dissolved",mg/L,44.73667,-80.43444
202405001,2025-03-04 13:55:00,CCGS LIMNOS,GEORGIAN BAY,20,443844,-800959,4,58.00,2024-09-09 20:02:00,3724,1.00,.00,-999.00000000,,0,-88.880000,ALKCACO3,"Alkalinity, Gran CaCO3 dissolved",mg/L,44.64556,-80.16639
202405001,2025-03-04 13:55:00,CCGS LIMNOS,GEORGIAN BAY,20,443844,-800959,4,58.00,2024-09-09 20:02:00,3724,34.00,.00,-999.00000000,,0,-88.880000,ALKCACO3,"Alkalinity, Gran CaCO3 dissolved",mg/L,44.64556,-80.16639
202405001,2025-03-04 13:55:00,CCGS LIMNOS,GEORGIAN BAY,20,443844,-800959,4,58.00,2024-09-09 20:02:00,3724,41.00,.00,-999.00000000,,0,-88.880000,ALKCACO3,"Alkalinity, Gran CaCO3 dissolved",mg/L,44.64556,-80.16639
202405001,2025-03-04 13:55:00,CCGS LIMNOS,GEORGIAN BAY,20,443844,-800959,4,58.00,2024-09-09 20:02:00,3724,48.00,.00,-999.00000000,,0,-88.880000,ALKCACO3,"Alkalinity, Gran CaCO3 dissolved",mg/L,44.64556,-80.16639
202405001,2025-03-04 13:55:00,CCGS LIMNOS,GEORGIAN BAY,20,443844,-800959,4,58.00,2024-09-09 20:02:00,3724,56.00,.00,-999.00000000,,0,-88.880000,ALKCACO3,"Alkalinity, Gran CaCO3 dissolved",mg/L,44.64556,-80.16639
202405001,2025-03-04 13:55:00,CCGS LIMNOS,GEORGIAN BAY,20,443844,-800959,4,58.00,2024-09-09 20:02:00,3724,998.00,.00,-999.00000000,,0,.100000,ALKCACO3,"Alkalinity, Gran CaCO3 dissolved",mg/L,44.64556,-80.16639
202405001,2025-03-04 13:55:00,CCGS LIMNOS,GEORGIAN BAY,20,443844,-800959,4,58.00,2024-09-09 20:02:00,3724,999.00,.00,-999.00000000,,0,.050000,ALKCACO3,"Alkalinity, Gran CaCO3 dissolved",mg/L,44.64556,-80.16639
202405001,2025-03-04 13:55:00,CCGS LIMNOS,GEORGIAN BAY,21,444747,-801435,5,58.50,2024-09-09 21:44:00,3724,1.00,.00,-999.00000000,,0,-88.880000,ALKCACO3,"Alkalinity, Gran CaCO3 dissolved",mg/L,44.79639,-80.24306
202405001,2025-03-04 13:55:00,CCGS LIMNOS,GEORGIAN BAY,22,445709,-800855,8,50.50,2024-09-09 23:31:00,3724,1.00,.00,-999.00000000,,0,-88.880000,ALKCACO3,"Alkalinity, Gran CaCO3 dissolved",mg/L,44.95250,-80.14861
202405001,2025-03-04 13:55:00,CCGS LIMNOS,GEORGIAN BAY,23,445217,-795804,9,28.50,2024-09-10 01:00:00,3724,1.00,.00,-999.00000000,,0,-88.880000,ALKCACO3,"Alkalinity, Gran CaCO3 dissolved",mg/L,44.87139,-79.96778
202405001,2025-03-04 13:55:00,CCGS LIMNOS,GEORGIAN BAY,23,445217,-795804,9,28.50,2024-09-10 01:00:00,3724,10.00,.00,-999.00000000,,0,-88.880000,ALKCACO3,"Alkalinity, Gran CaCO3 dissolved",mg/L,44.87139,-79.96778
202405001,2025-03-04 13:55:00,CCGS LIMNOS,GEORGIAN BAY,23,445217,-795804,9,28.50,2024-09-10 01:00:00,3724,25.00,.00,-999.00000000,,0,-88.880000,ALKCACO3,"Alkalinity, Gran CaCO3 dissolved",mg/L,44.87139,-79.96778
202405001,2025-03-04 13:55:00,CCGS LIMNOS,GEORGIAN BAY,23,445217,-795804,9,28.50,2024-09-10 01:00:00,3724,26.50,.00,-999.00000000,,0,-88.880000,ALKCACO3,"Alkalinity, Gran CaCO3 dissolved",mg/L,44.87139,-79.96778
202405001,2025-03-04 13:55:00,CCGS LIMNOS,GEORGIAN BAY,24,451000,-801747,15,46.00,2024-09-10 04:28:00,3724,1.00,.00,-999.00000000,,0,-88.880000,ALKCACO3,"Alkalinity, Gran CaCO3 dissolved",mg/L,45.16667,-80.29639
202405001,2025-03-04 13:55:00,CCGS LIMNOS,GEORGIAN BAY,25,452113,-802911,16,19.50,2024-09-10 06:28:00,3724,1.00,.00,-999.00000000,,0,-88.880000,ALKCACO3,"Alkalinity, Gran CaCO3 dissolved",mg/L,45.35361,-80.48639
202405001,2025-03-04 13:55:00,CCGS LIMNOS,GEORGIAN BAY,25,452113,-802911,16,19.50,2024-09-10 06:28:00,3724,1.00,.00,-999.00000000,,1,-88.880000,ALKCACO3,"Alkalinity, Gran CaCO3 dissolved",mg/L,45.35361,-80.48639
202405001,2025-03-04 13:55:00,CCGS LIMNOS,GEORGIAN BAY,26,451929,-800700,122,96.50,2024-09-10 08:54:00,3724,1.00,.00,-999.00000000,,0,-88.880000,ALKCACO3,"Alkalinity, Gran CaCO3 dissolved",mg/L,45.32472,-80.11667
202405001,2025-03-04 13:55:00,CCGS LIMNOS,GEORGIAN BAY,1,454230,-813712,36,53.00,2024-09-07 09:24:00,3725,1.00,.00,0.10000000,<,0,.100000,ALKALINITY,"Alkalinity, phenolphthalein CaCO3 dissolved",mg/L,45.70833,-81.62000
202405001,2025-03-04 13:55:00,CCGS LIMNOS,GEORGIAN BAY,2,455445,-813541,42,28.50,2024-09-07 11:37:00,3725,1.00,.00,0.10000000,<,0,.100000,ALKALINITY,"Alkalinity, phenolphthalein CaCO3 dissolved",mg/L,45.91250,-81.59472
202405001,2025-03-04 13:55:00,CCGS LIMNOS,GEORGIAN BAY,2,455445,-813541,42,28.50,2024-09-07 11:37:00,3725,6.00,.00,0.10000000,<,0,.100000,ALKALINITY,"Alkalinity, phenolphthalein CaCO3 dissolved",mg/L,45.91250,-81.59472
202405001,2025-03-04 13:55:00,CCGS LIMNOS,GEORGIAN BAY,2,455445,-813541,42,28.50,2024-09-07 11:37:00,3725,12.00,.00,0.10000000,<,0,.100000,ALKALINITY,"Alkalinity, phenolphthalein CaCO3 dissolved",mg/L,45.91250,-81.59472
202405001,2025-03-04 13:55:00,CCGS LIMNOS,GEORGIAN BAY,2,455445,-813541,42,28.50,2024-09-07 11:37:00,3725,18.00,.00,0.10000000,<,0,.100000,ALKALINITY,"Alkalinity, phenolphthalein CaCO3 dissolved",mg/L,45.91250,-81.59472
202405001,2025-03-04 13:55:00,CCGS LIMNOS,GEORGIAN BAY,2,455445,-813541,42,28.50,2024-09-07 11:37:00,3725,26.50,.00,0.10000000,<,0,.100000,ALKALINITY,"Alkalinity, phenolphthalein CaCO3 dissolved",mg/L,45.91250,-81.59472
202405001,2025-03-04 13:55:00,CCGS LIMNOS,GEORGIAN BAY,3,454544,-814740,46,18.50,2024-09-07 13:56:00,3725,1.00,.00,0.10000000,<,0,.100000,ALKALINITY,"Alkalinity, phenolphthalein CaCO3 dissolved",mg/L,45.76222,-81.79444
202405001,2025-03-04 13:55:00,CCGS LIMNOS,GEORGIAN BAY,4,455223,-811529,39,26.00,2024-09-07 17:48:00,3725,1.00,.00,0.10000000,<,0,.100000,ALKALINITY,"Alkalinity, phenolphthalein CaCO3 dissolved",mg/L,45.87306,-81.25806
202405001,2025-03-04 13:55:00,CCGS LIMNOS,GEORGIAN BAY,5,455159,-805957,27,18.50,2024-09-07 19:21:00,3725,1.00,.00,0.10000000,<,0,.100000,ALKALINITY,"Alkalinity, phenolphthalein CaCO3 dissolved",mg/L,45.86639,-80.99917
202405001,2025-03-04 13:55:00,CCGS LIMNOS,GEORGIAN BAY,5,455159,-805957,27,18.50,2024-09-07 19:21:00,3725,1.00,.00,0.10000000,<,1,.100000,ALKALINITY,"Alkalinity, phenolphthalein CaCO3 dissolved",mg/L,45.86639,-80.99917
202405001,2025-03-04 13:55:00,CCGS LIMNOS,GEORGIAN BAY,5,455159,-805957,27,18.50,2024-09-07 19:21:00,3725,5.50,.00,0.10000000,<,0,.100000,ALKALINITY,"Alkalinity, phenolphthalein CaCO3 dissolved",mg/L,45.86639,-80.99917
202405001,2025-03-04 13:55:00,CCGS LIMNOS,GEORGIAN BAY,5,455159,-805957,27,18.50,2024-09-07 19:21:00,3725,9.00,.00,0.10000000,<,0,.100000,ALKALINITY,"Alkalinity, phenolphthalein CaCO3 dissolved",mg/L,45.86639,-80.99917
202405001,2025-03-04 13:55:00,CCGS LIMNOS,GEORGIAN BAY,5,455159,-805957,27,18.50,2024-09-07 19:21:00,3725,13.50,.00,0.10000000,<,0,.100000,ALKALINITY,"Alkalinity, phenolphthalein CaCO3 dissolved",mg/L,45.86639,-80.99917
202405001,2025-03-04 13:55:00,CCGS LIMNOS,GEORGIAN BAY,5,455159,-805957,27,18.50,2024-09-07 19:21:00,3725,16.50,.00,0.10000000,<,0,.100000,ALKALINITY,"Alkalinity, phenolphthalein CaCO3 dissolved",mg/L,45.86639,-80.99917
202405001,2025-03-04 13:55:00,CCGS LIMNOS,GEORGIAN BAY,6,454959,-805358,26,22.50,2024-09-07 20:23:00,3725,1.00,.00,0.10000000,<,0,.100000,ALKALINITY,"Alkalinity, phenolphthalein CaCO3 dissolved",mg/L,45.83306,-80.89944
202405001,2025-03-04 13:55:00,CCGS LIMNOS,GEORGIAN BAY,7,454043,-805018,24,40.00,2024-09-07 21:56:00,3725,1.00,.00,0.10000000,<,0,.100000,ALKALINITY,"Alkalinity, phenolphthalein CaCO3 dissolved",mg/L,45.67861,-80.83833
202405001,2025-03-04 13:55:00,CCGS LIMNOS,GEORGIAN BAY,8,453459,-810459,29,43.00,2024-09-07 23:44:00,3725,1.00,.00,0.10000000,<,0,.100000,ALKALINITY,"Alkalinity, phenolphthalein CaCO3 dissolved",mg/L,45.58306,-81.08306
202405001,2025-03-04 13:55:00,CCGS LIMNOS,GEORGIAN BAY,8,453459,-810459,29,43.00,2024-09-07 23:44:00,3725,15.50,.00,0.10000000,<,0,.100000,ALKALINITY,"Alkalinity, phenolphthalein CaCO3 dissolved",mg/L,45.58306,-81.08306
202405001,2025-03-04 13:55:00,CCGS LIMNOS,GEORGIAN BAY,8,453459,-810459,29,43.00,2024-09-07 23:44:00,3725,20.50,.00,0.10000000,<,0,.100000,ALKALINITY,"Alkalinity, phenolphthalein CaCO3 dissolved",mg/L,45.58306,-81.08306
202405001,2025-03-04 13:55:00,CCGS LIMNOS,GEORGIAN BAY,8,453459,-810459,29,43.00,2024-09-07 23:44:00,3725,26.00,.00,0.10000000,<,0,.100000,ALKALINITY,"Alkalinity, phenolphthalein CaCO3 dissolved",mg/L,45.58306,-81.08306
202405001,2025-03-04 13:55:00,CCGS LIMNOS,GEORGIAN BAY,8,453459,-810459,29,43.00,2024-09-07 23:44:00,3725,33.00,.00,0.10000000,<,0,.100000,ALKALINITY,"Alkalinity, phenolphthalein CaCO3 dissolved",mg/L,45.58306,-81.08306
202405001,2025-03-04 13:55:00,CCGS LIMNOS,GEORGIAN BAY,8,453459,-810459,29,43.00,2024-09-07 23:44:00,3725,40.00,.00,0.10000000,<,0,.100000,ALKALINITY,"Alkalinity, phenolphthalein CaCO3 dissolved",mg/L,45.58306,-81.08306
202405001,2025-03-04 13:55:00,CCGS LIMNOS,GEORGIAN BAY,9,450359,-811513,19,54.00,2024-09-08 04:07:00,3725,1.00,.00,0.10000000,<,0,.100000,ALKALINITY,"Alkalinity, phenolphthalein CaCO3 dissolved",mg/L,45.06639,-81.25361
202405001,2025-03-04 13:55:00,CCGS LIMNOS,GEORGIAN BAY,10,444302,-805123,1,90.00,2024-09-08 21:11:00,3725,1.00,.00,0.10000000,<,0,.100000,ALKALINITY,"Alkalinity, phenolphthalein CaCO3 dissolved",mg/L,44.71722,-80.85639
202405001,2025-03-04 13:55:00,CCGS LIMNOS,GEORGIAN BAY,10,444302,-805123,1,90.00,2024-09-08 21:11:00,3725,36.00,.00,0.10000000,<,0,.100000,ALKALINITY,"Alkalinity, phenolphthalein CaCO3 dissolved",mg/L,44.71722,-80.85639
202405001,2025-03-04 13:55:00,CCGS LIMNOS,GEORGIAN BAY,10,444302,-805123,1,90.00,2024-09-08 21:11:00,3725,55.50,.00,0.10000000,<,0,.100000,ALKALINITY,"Alkalinity, phenolphthalein CaCO3 dissolved",mg/L,44.71722,-80.85639
202405001,2025-03-04 13:55:00,CCGS LIMNOS,GEORGIAN BAY,10,444302,-805123,1,90.00,2024-09-08 21:11:00,3725,75.00,.00,0.10000000,<,0,.100000,ALKALINITY,"Alkalinity, phenolphthalein CaCO3 dissolved",mg/L,44.71722,-80.85639
202405001,2025-03-04 13:55:00,CCGS LIMNOS,GEORGIAN BAY,10,444302,-805123,1,90.00,2024-09-08 21:11:00,3725,80.00,.00,0.10000000,<,0,.100000,ALKALINITY,"Alkalinity, phenolphthalein CaCO3 dissolved",mg/L,44.71722,-80.85639
202405001,2025-03-04 13:55:00,CCGS LIMNOS,GEORGIAN BAY,10,444302,-805123,1,90.00,2024-09-08 21:11:00,3725,88.00,.00,0.10000000,<,0,.100000,ALKALINITY,"Alkalinity, phenolphthalein CaCO3 dissolved",mg/L,44.71722,-80.85639
202405001,2025-03-04 13:55:00,CCGS LIMNOS,GEORGIAN BAY,10,444302,-805123,1,90.00,2024-09-08 21:11:00,3725,998.00,.00,0.10000000,<,0,.100000,ALKALINITY,"Alkalinity, phenolphthalein CaCO3 dissolved",mg/L,44.71722,-80.85639
202405001,2025-03-04 13:55:00,CCGS LIMNOS,GEORGIAN BAY,10,444302,-805123,1,90.00,2024-09-08 21:11:00,3725,999.00,.00,0.10000000,<,0,.100000,ALKALINITY,"Alkalinity, phenolphthalein CaCO3 dissolved",mg/L,44.71722,-80.85639
202405001,2025-03-04 13:55:00,CCGS LIMNOS,GEORGIAN BAY,11,445512,-805229,12,89.00,2024-09-08 23:08:00,3725,1.00,.00,0.10000000,<,0,.100000,ALKALINITY,"Alkalinity, phenolphthalein CaCO3 dissolved",mg/L,44.92000,-80.87472
202405001,2025-03-04 13:55:00,CCGS LIMNOS,GEORGIAN BAY,12,451418,-812623,31,63.50,2024-09-09 03:57:00,3725,1.00,.00,0.10000000,<,0,.100000,ALKALINITY,"Alkalinity, phenolphthalein CaCO3 dissolved",mg/L,45.23833,-81.43972
202405001,2025-03-04 13:55:00,CCGS LIMNOS,GEORGIAN BAY,13,451618,-813817,1614,30.50,2024-09-09 05:22:00,3725,1.00,.00,0.10000000,<,0,.100000,ALKALINITY,"Alkalinity, phenolphthalein CaCO3 dissolved",mg/L,45.27167,-81.63806
202405001,2025-03-04 13:55:00,CCGS LIMNOS,GEORGIAN BAY,13,451618,-813817,1614,30.50,2024-09-09 05:22:00,3725,7.00,.00,0.10000000,<,0,.100000,ALKALINITY,"Alkalinity, phenolphthalein CaCO3 dissolved",mg/L,45.27167,-81.63806
202405001,2025-03-04 13:55:00,CCGS LIMNOS,GEORGIAN BAY,13,451618,-813817,1614,30.50,2024-09-09 05:22:00,3725,16.50,.00,0.10000000,<,0,.100000,ALKALINITY,"Alkalinity, phenolphthalein CaCO3 dissolved",mg/L,45.27167,-81.63806
202405001,2025-03-04 13:55:00,CCGS LIMNOS,GEORGIAN BAY,13,451618,-813817,1614,30.50,2024-09-09 05:22:00,3725,20.50,.00,0.10000000,<,0,.100000,ALKALINITY,"Alkalinity, phenolphthalein CaCO3 dissolved",mg/L,45.27167,-81.63806
202405001,2025-03-04 13:55:00,CCGS LIMNOS,GEORGIAN BAY,13,451618,-813817,1614,30.50,2024-09-09 05:22:00,3725,26.00,.00,0.10000000,<,0,.100000,ALKALINITY,"Alkalinity, phenolphthalein CaCO3 dissolved",mg/L,45.27167,-81.63806
202405001,2025-03-04 13:55:00,CCGS LIMNOS,GEORGIAN BAY,13,451618,-813817,1614,30.50,2024-09-09 05:22:00,3725,28.50,.00,0.10000000,<,0,.100000,ALKALINITY,"Alkalinity, phenolphthalein CaCO3 dissolved",mg/L,45.27167,-81.63806
202405001,2025-03-04 13:55:00,CCGS LIMNOS,GEORGIAN BAY,14,452213,-813505,33,55.00,2024-09-09 06:59:00,3725,1.00,.00,0.10000000,<,0,.100000,ALKALINITY,"Alkalinity, phenolphthalein CaCO3 dissolved",mg/L,45.37028,-81.58472
202405001,2025-03-04 13:55:00,CCGS LIMNOS,GEORGIAN BAY,14,452213,-813505,33,55.00,2024-09-09 06:59:00,3725,17.00,.00,0.10000000,<,0,.100000,ALKALINITY,"Alkalinity, phenolphthalein CaCO3 dissolved",mg/L,45.37028,-81.58472
202405001,2025-03-04 13:55:00,CCGS LIMNOS,GEORGIAN BAY,14,452213,-813505,33,55.00,2024-09-09 06:59:00,3725,26.00,.00,0.10000000,<,0,.100000,ALKALINITY,"Alkalinity, phenolphthalein CaCO3 dissolved",mg/L,45.37028,-81.58472
202405001,2025-03-04 13:55:00,CCGS LIMNOS,GEORGIAN BAY,14,452213,-813505,33,55.00,2024-09-09 06:59:00,3725,35.00,.00,0.10000000,<,0,.100000,ALKALINITY,"Alkalinity, phenolphthalein CaCO3 dissolved",mg/L,45.37028,-81.58472
202405001,2025-03-04 13:55:00,CCGS LIMNOS,GEORGIAN BAY,14,452213,-813505,33,55.00,2024-09-09 06:59:00,3725,45.00,.00,0.10000000,<,0,.100000,ALKALINITY,"Alkalinity, phenolphthalein CaCO3 dissolved",mg/L,45.37028,-81.58472
202405001,2025-03-04 13:55:00,CCGS LIMNOS,GEORGIAN BAY,14,452213,-813505,33,55.00,2024-09-09 06:59:00,3725,53.00,.00,0.10000000,<,0,.100000,ALKALINITY,"Alkalinity, phenolphthalein CaCO3 dissolved",mg/L,45.37028,-81.58472
202405001,2025-03-04 13:55:00,CCGS LIMNOS,GEORGIAN BAY,15,452154,-811124,21,87.50,2024-09-09 09:38:00,3725,1.00,.00,0.10000000,<,0,.100000,ALKALINITY,"Alkalinity, phenolphthalein CaCO3 dissolved",mg/L,45.36500,-81.19000
202405001,2025-03-04 13:55:00,CCGS LIMNOS,GEORGIAN BAY,15,452154,-811124,21,87.50,2024-09-09 09:38:00,3725,1.00,.00,0.10000000,<,1,.100000,ALKALINITY,"Alkalinity, phenolphthalein CaCO3 dissolved",mg/L,45.36500,-81.19000
202405001,2025-03-04 13:55:00,CCGS LIMNOS,GEORGIAN BAY,16,451441,-805229,17,79.00,2024-09-09 11:48:00,3725,1.00,.00,0.10000000,<,0,.100000,ALKALINITY,"Alkalinity, phenolphthalein CaCO3 dissolved",mg/L,45.24472,-80.87472
202405001,2025-03-04 13:55:00,CCGS LIMNOS,GEORGIAN BAY,16,451441,-805229,17,79.00,2024-09-09 11:48:00,3725,21.50,.00,0.10000000,<,0,.100000,ALKALINITY,"Alkalinity, phenolphthalein CaCO3 dissolved",mg/L,45.24472,-80.87472
202405001,2025-03-04 13:55:00,CCGS LIMNOS,GEORGIAN BAY,16,451441,-805229,17,79.00,2024-09-09 11:48:00,3725,32.00,.00,0.10000000,<,0,.100000,ALKALINITY,"Alkalinity, phenolphthalein CaCO3 dissolved",mg/L,45.24472,-80.87472
202405001,2025-03-04 13:55:00,CCGS LIMNOS,GEORGIAN BAY,16,451441,-805229,17,79.00,2024-09-09 11:48:00,3725,42.00,.00,0.10000000,<,0,.100000,ALKALINITY,"Alkalinity, phenolphthalein CaCO3 dissolved",mg/L,45.24472,-80.87472
202405001,2025-03-04 13:55:00,CCGS LIMNOS,GEORGIAN BAY,16,451441,-805229,17,79.00,2024-09-09 11:48:00,3725,69.00,.00,0.10000000,<,0,.100000,ALKALINITY,"Alkalinity, phenolphthalein CaCO3 dissolved",mg/L,45.24472,-80.87472
202405001,2025-03-04 13:55:00,CCGS LIMNOS,GEORGIAN BAY,16,451441,-805229,17,79.00,2024-09-09 11:48:00,3725,77.00,.00,0.10000000,<,0,.100000,ALKALINITY,"Alkalinity, phenolphthalein CaCO3 dissolved",mg/L,45.24472,-80.87472
202405001,2025-03-04 13:55:00,CCGS LIMNOS,GEORGIAN BAY,17,445515,-803620,11,62.00,2024-09-09 15:13:00,3725,1.00,.00,0.10000000,<,0,.100000,ALKALINITY,"Alkalinity, phenolphthalein CaCO3 dissolved",mg/L,44.92083,-80.60556
202405001,2025-03-04 13:55:00,CCGS LIMNOS,GEORGIAN BAY,18,444330,-803658,3,30.50,2024-09-09 16:59:00,3725,1.00,.00,0.10000000,<,0,.100000,ALKALINITY,"Alkalinity, phenolphthalein CaCO3 dissolved",mg/L,44.72500,-80.61611
202405001,2025-03-04 13:55:00,CCGS LIMNOS,GEORGIAN BAY,19,444412,-802604,6,86.50,2024-09-09 18:09:00,3725,1.00,.00,0.10000000,<,0,.100000,ALKALINITY,"Alkalinity, phenolphthalein CaCO3 dissolved",mg/L,44.73667,-80.43444
202405001,2025-03-04 13:55:00,CCGS LIMNOS,GEORGIAN BAY,20,443844,-800959,4,58.00,2024-09-09 20:02:00,3725,1.00,.00,0.10000000,<,0,.100000,ALKALINITY,"Alkalinity, phenolphthalein CaCO3 dissolved",mg/L,44.64556,-80.16639
202405001,2025-03-04 13:55:00,CCGS LIMNOS,GEORGIAN BAY,20,443844,-800959,4,58.00,2024-09-09 20:02:00,3725,34.00,.00,0.10000000,<,0,.100000,ALKALINITY,"Alkalinity, phenolphthalein CaCO3 dissolved",mg/L,44.64556,-80.16639
202405001,2025-03-04 13:55:00,CCGS LIMNOS,GEORGIAN BAY,20,443844,-800959,4,58.00,2024-09-09 20:02:00,3725,41.00,.00,0.10000000,<,0,.100000,ALKALINITY,"Alkalinity, phenolphthalein CaCO3 dissolved",mg/L,44.64556,-80.16639
202405001,2025-03-04 13:55:00,CCGS LIMNOS,GEORGIAN BAY,20,443844,-800959,4,58.00,2024-09-09 20:02:00,3725,48.00,.00,0.10000000,<,0,.100000,ALKALINITY,"Alkalinity, phenolphthalein CaCO3 dissolved",mg/L,44.64556,-80.16639
202405001,2025-03-04 13:55:00,CCGS LIMNOS,GEORGIAN BAY,20,443844,-800959,4,58.00,2024-09-09 20:02:00,3725,56.00,.00,0.10000000,<,0,.100000,ALKALINITY,"Alkalinity, phenolphthalein CaCO3 dissolved",mg/L,44.64556,-80.16639
202405001,2025-03-04 13:55:00,CCGS LIMNOS,GEORGIAN BAY,20,443844,-800959,4,58.00,2024-09-09 20:02:00,3725,998.00,.00,0.10000000,<,0,.100000,ALKALINITY,"Alkalinity, phenolphthalein CaCO3 dissolved",mg/L,44.64556,-80.16639
202405001,2025-03-04 13:55:00,CCGS LIMNOS,GEORGIAN BAY,20,443844,-800959,4,58.00,2024-09-09 20:02:00,3725,999.00,.00,0.10000000,<,0,.100000,ALKALINITY,"Alkalinity, phenolphthalein CaCO3 dissolved",mg/L,44.64556,-80.16639
202405001,2025-03-04 13:55:00,CCGS LIMNOS,GEORGIAN BAY,21,444747,-801435,5,58.50,2024-09-09 21:44:00,3725,1.00,.00,0.10000000,<,0,.100000,ALKALINITY,"Alkalinity, phenolphthalein CaCO3 dissolved",mg/L,44.79639,-80.24306
202405001,2025-03-04 13:55:00,CCGS LIMNOS,GEORGIAN BAY,22,445709,-800855,8,50.50,2024-09-09 23:31:00,3725,1.00,.00,0.10000000,<,0,.100000,ALKALINITY,"Alkalinity, phenolphthalein CaCO3 dissolved",mg/L,44.95250,-80.14861
202405001,2025-03-04 13:55:00,CCGS LIMNOS,GEORGIAN BAY,23,445217,-795804,9,28.50,2024-09-10 01:00:00,3725,1.00,.00,0.10000000,<,0,.100000,ALKALINITY,"Alkalinity, phenolphthalein CaCO3 dissolved",mg/L,44.87139,-79.96778
202405001,2025-03-04 13:55:00,CCGS LIMNOS,GEORGIAN BAY,23,445217,-795804,9,28.50,2024-09-10 01:00:00,3725,10.00,.00,0.10000000,<,0,.100000,ALKALINITY,"Alkalinity, phenolphthalein CaCO3 dissolved",mg/L,44.87139,-79.96778
202405001,2025-03-04 13:55:00,CCGS LIMNOS,GEORGIAN BAY,23,445217,-795804,9,28.50,2024-09-10 01:00:00,3725,25.00,.00,0.10000000,<,0,.100000,ALKALINITY,"Alkalinity, phenolphthalein CaCO3 dissolved",mg/L,44.87139,-79.96778
202405001,2025-03-04 13:55:00,CCGS LIMNOS,GEORGIAN BAY,23,445217,-795804,9,28.50,2024-09-10 01:00:00,3725,26.50,.00,0.10000000,<,0,.100000,ALKALINITY,"Alkalinity, phenolphthalein CaCO3 dissolved",mg/L,44.87139,-79.96778
202405001,2025-03-04 13:55:00,CCGS LIMNOS,GEORGIAN BAY,24,451000,-801747,15,46.00,2024-09-10 04:28:00,3725,1.00,.00,0.10000000,<,0,.100000,ALKALINITY,"Alkalinity, phenolphthalein CaCO3 dissolved",mg/L,45.16667,-80.29639
202405001,2025-03-04 13:55:00,CCGS LIMNOS,GEORGIAN BAY,25,452113,-802911,16,19.50,2024-09-10 06:28:00,3725,1.00,.00,0.10000000,<,0,.100000,ALKALINITY,"Alkalinity, phenolphthalein CaCO3 dissolved",mg/L,45.35361,-80.48639
202405001,2025-03-04 13:55:00,CCGS LIMNOS,GEORGIAN BAY,25,452113,-802911,16,19.50,2024-09-10 06:28:00,3725,1.00,.00,0.10000000,<,1,.100000,ALKALINITY,"Alkalinity, phenolphthalein CaCO3 dissolved",mg/L,45.35361,-80.48639
202405001,2025-03-04 13:55:00,CCGS LIMNOS,GEORGIAN BAY,26,451929,-800700,122,96.50,2024-09-10 08:54:00,3725,1.00,.00,0.10000000,<,0,.100000,ALKALINITY,"Alkalinity, phenolphthalein CaCO3 dissolved",mg/L,45.32472,-80.11667
